"Fecha","Cierre","Apertura","Máximo","Mínimo","% var."
"20.03.2026","4.013","3.917","4.033","3.900","2.37%"
"19.03.2026","3.920","3.883","3.993","3.860","1.55%"
"18.03.2026","3.860","3.793","3.885","3.758","1.95%"
"17.03.2026","3.786","3.803","3.828","3.768","-0.42%"
"16.03.2026","3.802","3.844","3.853","3.796","-1.86%"
"13.03.2026","3.874","3.861","3.886","3.821","-0.26%"
"12.03.2026","3.884","3.827","3.889","3.783","2.70%"
"11.03.2026","3.782","3.738","3.806","3.717","1.80%"
"10.03.2026","3.715","3.703","3.743","3.671","-0.56%"
"09.03.2026","3.736","3.783","3.808","3.684","0.51%"
"06.03.2026","3.717","3.728","3.780","3.680","-0.67%"
"05.03.2026","3.742","3.681","3.744","3.676","1.99%"
"04.03.2026","3.669","3.647","3.687","3.624","1.05%"
"03.03.2026","3.631","3.605","3.716","3.602","0.25%"
"02.03.2026","3.622","3.488","3.643","3.483","3.07%"
"27.02.2026","3.514","3.560","3.569","3.503","-1.93%"
"26.02.2026","3.583","3.610","3.621","3.571","-0.99%"
"25.02.2026","3.619","3.596","3.627","3.593","0.64%"
"24.02.2026","3.596","3.588","3.612","3.582","0.42%"
"23.02.2026","3.581","3.635","3.647","3.570","-1.84%"
"20.02.2026","3.648","3.642","3.678","3.626","0.03%"
"19.02.2026","3.647","3.651","3.677","3.633","0.00%"
"18.02.2026","3.647","3.623","3.659","3.614","0.72%"
"17.02.2026","3.621","3.602","3.630","3.571","0.48%"
"16.02.2026","3.604","3.604","3.604","3.604","-0.14%"
"13.02.2026","3.609","3.661","3.694","3.600","-1.61%"
"12.02.2026","3.668","3.746","3.748","3.656","-1.95%"
"11.02.2026","3.741","3.693","3.783","3.685","1.14%"
"10.02.2026","3.699","3.745","3.746","3.687","-1.18%"
"09.02.2026","3.743","3.772","3.795","3.739","-0.32%"
"06.02.2026","3.755","3.701","3.772","3.691","0.08%"
"05.02.2026","3.752","3.832","3.837","3.720","-2.11%"
"04.02.2026","3.833","3.832","3.854","3.814","-0.10%"
"03.02.2026","3.837","3.832","3.861","3.826","0.05%"
"02.02.2026","3.835","3.792","3.842","3.760","1.00%"
"30.01.2026","3.797","3.823","3.845","3.790","-0.21%"
"29.01.2026","3.805","3.821","3.851","3.797","-0.96%"
"28.01.2026","3.842","3.828","3.880","3.816","0.73%"
"27.01.2026","3.814","3.825","3.841","3.802","-0.10%"
"26.01.2026","3.818","3.823","3.835","3.803","-0.50%"
"23.01.2026","3.837","3.847","3.863","3.828","-0.31%"
"22.01.2026","3.849","3.822","3.870","3.819","0.47%"
"21.01.2026","3.831","3.851","3.856","3.824","-0.70%"
"20.01.2026","3.858","3.836","3.875","3.828","0.61%"
"19.01.2026","3.835","3.835","3.835","3.835","0.17%"
"16.01.2026","3.828","3.766","3.829","3.759","1.75%"
"15.01.2026","3.762","3.719","3.773","3.715","1.27%"
"14.01.2026","3.715","3.753","3.755","3.707","-0.75%"
"13.01.2026","3.743","3.755","3.794","3.722","-0.64%"
"12.01.2026","3.767","3.757","3.785","3.748","0.27%"
"09.01.2026","3.757","3.731","3.785","3.724","0.56%"
"08.01.2026","3.736","3.710","3.741","3.680","1.14%"
"07.01.2026","3.694","3.715","3.715","3.673","-0.70%"
"06.01.2026","3.720","3.710","3.739","3.699","0.27%"
"05.01.2026","3.710","3.743","3.744","3.694","-0.78%"
"02.01.2026","3.739","3.746","3.748","3.708","0.46%"
"01.01.2026","3.722","3.722","3.722","3.722","0.29%"
"31.12.2025","3.711","3.684","3.730","3.659","0.79%"
"30.12.2025","3.682","3.666","3.697","3.663","0.19%"
"29.12.2025","3.675","3.699","3.706","3.666","-0.57%"
"26.12.2025","3.696","3.717","3.729","3.682","-0.51%"
"25.12.2025","3.715","3.720","3.720","3.715","0.00%"
"24.12.2025","3.715","3.615","3.748","3.608","-0.72%"
"23.12.2025","3.742","3.714","3.766","3.695","0.65%"
"22.12.2025","3.718","3.698","3.723","3.697","0.62%"
"19.12.2025","3.695","3.668","3.700","3.667","0.96%"
"18.12.2025","3.660","3.690","3.693","3.639","-0.95%"
"17.12.2025","3.695","3.702","3.728","3.693","0.05%"
"16.12.2025","3.693","3.724","3.740","3.681","-1.07%"
"15.12.2025","3.733","3.736","3.742","3.700","-0.45%"
"12.12.2025","3.750","3.720","3.759","3.719","0.94%"
"11.12.2025","3.715","3.717","3.736","3.678","-1.07%"
"10.12.2025","3.755","3.787","3.808","3.717","-0.66%"
"09.12.2025","3.780","3.751","3.790","3.729","0.75%"
"08.12.2025","3.752","3.715","3.778","3.704","1.00%"
"05.12.2025","3.715","3.673","3.720","3.662","0.87%"
"04.12.2025","3.683","3.640","3.687","3.638","1.63%"
"03.12.2025","3.624","3.657","3.657","3.612","-0.96%"
"02.12.2025","3.659","3.666","3.688","3.650","-0.38%"
"01.12.2025","3.673","3.612","3.674","3.598","2.08%"
"28.11.2025","3.598","3.584","3.612","3.557","0.43%"
"27.11.2025","3.583","3.577","3.583","3.577","0.24%"
"26.11.2025","3.574","3.570","3.610","3.562","0.25%"
"25.11.2025","3.565","3.600","3.618","3.553","-1.11%"
"24.11.2025","3.605","3.623","3.633","3.593","-0.36%"
"21.11.2025","3.618","3.654","3.667","3.592","-1.50%"
"20.11.2025","3.673","3.717","3.754","3.645","-0.94%"
"19.11.2025","3.708","3.689","3.714","3.666","0.38%"
"18.11.2025","3.694","3.734","3.734","3.658","-0.73%"
"17.11.2025","3.721","3.729","3.736","3.701","-0.35%"
"14.11.2025","3.734","3.713","3.740","3.645","0.84%"
"13.11.2025","3.703","3.672","3.715","3.666","0.95%"
"12.11.2025","3.668","3.661","3.689","3.658","0.23%"
"11.11.2025","3.659","3.661","3.661","3.659","-1.36%"
"10.11.2025","3.710","3.713","3.734","3.693","0.82%"
"07.11.2025","3.680","3.685","3.706","3.651","-0.24%"
"06.11.2025","3.689","3.760","3.760","3.673","-2.02%"
"05.11.2025","3.765","3.698","3.769","3.661","1.73%"
"04.11.2025","3.701","3.722","3.727","3.687","-0.38%"
"03.11.2025","3.715","3.708","3.729","3.689","-0.05%"
"31.10.2025","3.717","3.718","3.736","3.689","-0.08%"
"30.10.2025","3.720","3.711","3.749","3.694","0.57%"
"29.10.2025","3.699","3.613","3.720","3.607","2.38%"
"28.10.2025","3.613","3.611","3.637","3.598","-0.08%"
"27.10.2025","3.616","3.626","3.645","3.602","0.39%"
"24.10.2025","3.602","3.611","3.665","3.558","0.14%"
"23.10.2025","3.597","3.550","3.614","3.548","1.24%"
"22.10.2025","3.553","3.567","3.576","3.539","-0.20%"
"21.10.2025","3.560","3.578","3.586","3.543","-0.53%"
"20.10.2025","3.579","3.593","3.611","3.571","-0.36%"
"17.10.2025","3.592","3.529","3.600","3.500","1.18%"
"16.10.2025","3.550","3.618","3.639","3.542","-2.20%"
"15.10.2025","3.630","3.609","3.633","3.586","0.78%"
"14.10.2025","3.602","3.635","3.651","3.587","-0.86%"
"13.10.2025","3.633","3.633","3.633","3.633","-0.37%"
"10.10.2025","3.647","3.732","3.734","3.625","-2.51%"
"09.10.2025","3.741","3.711","3.745","3.703","0.51%"
"08.10.2025","3.722","3.708","3.731","3.687","0.43%"
"07.10.2025","3.706","3.739","3.757","3.694","-1.04%"
"06.10.2025","3.745","3.729","3.750","3.717","1.00%"
"03.10.2025","3.708","3.675","3.717","3.666","0.90%"
"02.10.2025","3.675","3.672","3.708","3.665","-0.14%"
"01.10.2025","3.680","3.748","3.751","3.663","-1.45%"
"30.09.2025","3.734","3.736","3.750","3.699","-0.19%"
"29.09.2025","3.741","3.755","3.765","3.732","-0.77%"
"26.09.2025","3.770","3.758","3.782","3.744","0.03%"
"25.09.2025","3.769","3.717","3.784","3.708","1.59%"
"24.09.2025","3.710","3.667","3.721","3.661","0.90%"
"23.09.2025","3.677","3.696","3.703","3.667","-0.51%"
"22.09.2025","3.696","3.687","3.707","3.667","0.14%"
"19.09.2025","3.691","3.666","3.701","3.661","0.76%"
"18.09.2025","3.663","3.645","3.694","3.611","0.44%"
"17.09.2025","3.647","3.585","3.658","3.552","1.79%"
"16.09.2025","3.583","3.606","3.640","3.581","-0.47%"
"15.09.2025","3.600","3.645","3.649","3.597","-0.69%"
"12.09.2025","3.625","3.599","3.646","3.595","1.31%"
"11.09.2025","3.578","3.601","3.626","3.528","-0.11%"
"10.09.2025","3.582","3.616","3.626","3.571","-0.53%"
"09.09.2025","3.601","3.568","3.618","3.554","0.87%"
"08.09.2025","3.570","3.602","3.608","3.559","-0.36%"
"05.09.2025","3.583","3.639","3.647","3.533","-1.92%"
"04.09.2025","3.653","3.689","3.696","3.642","-0.87%"
"03.09.2025","3.685","3.734","3.758","3.675","-1.55%"
"02.09.2025","3.743","3.717","3.769","3.708","0.66%"
"01.09.2025","3.718","3.718","3.718","3.717","0.52%"
"29.08.2025","3.699","3.696","3.722","3.680","0.08%"
"28.08.2025","3.696","3.830","3.835","3.687","-0.24%"
"27.08.2025","3.705","3.748","3.759","3.696","-0.88%"
"26.08.2025","3.738","3.787","3.803","3.738","-1.29%"
"25.08.2025","3.787","3.771","3.803","3.770","0.80%"
"22.08.2025","3.757","3.855","3.866","3.747","-2.64%"
"21.08.2025","3.859","3.817","3.869","3.810","1.29%"
"20.08.2025","3.810","3.831","3.840","3.787","-0.31%"
"19.08.2025","3.822","3.850","3.861","3.817","-0.86%"
"18.08.2025","3.855","3.838","3.868","3.812","0.26%"
"15.08.2025","3.845","3.814","3.850","3.800","0.63%"
"14.08.2025","3.821","3.765","3.826","3.728","1.30%"
"13.08.2025","3.772","3.826","3.836","3.753","-1.31%"
"12.08.2025","3.822","3.840","3.849","3.786","0.00%"
"11.08.2025","3.822","3.822","3.840","3.807","-0.16%"
"08.08.2025","3.828","3.786","3.835","3.784","1.00%"
"07.08.2025","3.790","3.771","3.797","3.760","0.74%"
"06.08.2025","3.762","3.780","3.814","3.759","0.00%"
"05.08.2025","3.762","3.733","3.781","3.729","0.53%"
"04.08.2025","3.742","3.740","3.799","3.735","-0.77%"
"01.08.2025","3.771","3.972","3.993","3.749","-4.77%"
"31.07.2025","3.960","3.965","3.979","3.924","-0.13%"
"30.07.2025","3.965","3.905","3.972","3.894","1.51%"
"29.07.2025","3.906","3.969","3.983","3.899","-1.79%"
"28.07.2025","3.977","3.973","3.982","3.938","0.63%"
"25.07.2025","3.952","3.955","3.986","3.945","-0.48%"
"24.07.2025","3.971","3.931","3.996","3.931","0.89%"
"23.07.2025","3.936","3.896","3.941","3.890","1.55%"
"22.07.2025","3.876","3.920","3.932","3.871","-0.82%"
"21.07.2025","3.908","3.955","3.955","3.896","-1.34%"
"18.07.2025","3.961","3.978","3.990","3.943","-1.12%"
"17.07.2025","4.006","4.001","4.038","3.968","0.53%"
"16.07.2025","3.985","4.050","4.054","3.978","-1.65%"
"15.07.2025","4.052","3.985","4.052","3.959","1.73%"
"14.07.2025","3.983","3.969","4.001","3.959","-0.23%"
"11.07.2025","3.992","3.939","3.994","3.924","1.55%"
"10.07.2025","3.931","3.910","3.957","3.899","0.28%"
"09.07.2025","3.920","3.971","3.994","3.908","-1.68%"
"08.07.2025","3.987","3.959","3.999","3.952","0.74%"
"07.07.2025","3.958","3.908","3.967","3.903","0.49%"
"03.07.2025","3.938","3.856","3.980","3.835","1.85%"
"02.07.2025","3.867","3.835","3.882","3.828","0.90%"
"01.07.2025","3.832","3.800","3.861","3.759","0.86%"
"30.06.2025","3.800","3.830","3.839","3.785","-0.68%"
"27.06.2025","3.826","3.802","3.849","3.799","0.80%"
"26.06.2025","3.795","3.844","3.851","3.792","-1.36%"
"25.06.2025","3.848","3.861","3.896","3.836","-0.32%"
"24.06.2025","3.860","3.915","3.922","3.849","-1.25%"
"23.06.2025","3.909","3.963","3.987","3.857","-1.26%"
"20.06.2025","3.959","3.970","4.029","3.943","-0.31%"
"19.06.2025","3.971","3.971","3.971","3.971","-0.33%"
"18.06.2025","3.985","3.994","4.007","3.928","0.00%"
"17.06.2025","3.985","4.015","4.035","3.966","-1.22%"
"16.06.2025","4.034","4.019","4.061","4.000","0.72%"
"13.06.2025","4.005","3.923","4.047","3.909","0.86%"
"12.06.2025","3.971","4.012","4.016","3.935","-1.18%"
"11.06.2025","4.018","4.086","4.135","4.007","-1.72%"
"10.06.2025","4.088","4.087","4.100","4.050","0.19%"
"09.06.2025","4.080","4.112","4.124","4.075","-0.92%"
"06.06.2025","4.118","3.989","4.128","3.972","3.25%"
"05.06.2025","3.989","3.928","4.003","3.892","1.64%"
"04.06.2025","3.924","4.012","4.042","3.918","-2.51%"
"03.06.2025","4.025","4.005","4.040","3.972","0.57%"
"02.06.2025","4.003","3.972","4.024","3.962","1.10%"
"30.05.2025","3.959","4.003","4.014","3.953","-1.00%"
"29.05.2025","3.999","4.107","4.124","3.991","-1.52%"
"28.05.2025","4.061","4.035","4.085","4.026","0.71%"
"27.05.2025","4.032","4.079","4.081","4.017","-1.19%"
"26.05.2025","4.081","4.083","4.083","4.079","0.11%"
"23.05.2025","4.077","4.097","4.104","4.000","-0.32%"
"22.05.2025","4.090","4.162","4.168","4.088","-1.64%"
"21.05.2025","4.158","4.063","4.169","4.058","2.18%"
"20.05.2025","4.069","4.063","4.109","4.036","0.22%"
"19.05.2025","4.060","4.084","4.153","4.056","-0.22%"
"16.05.2025","4.069","4.064","4.109","4.012","0.53%"
"15.05.2025","4.048","4.172","4.176","4.048","-2.97%"
"14.05.2025","4.171","4.107","4.176","4.073","1.79%"
"13.05.2025","4.098","4.105","4.128","4.050","-0.28%"
"12.05.2025","4.109","4.034","4.119","4.024","2.73%"
"09.05.2025","4.000","3.987","4.006","3.939","0.31%"
"08.05.2025","3.987","3.875","4.006","3.864","3.21%"
"07.05.2025","3.864","3.922","3.934","3.851","-0.72%"
"06.05.2025","3.891","3.958","3.966","3.889","-1.33%"
"05.05.2025","3.944","3.910","3.964","3.885","0.71%"
"02.05.2025","3.916","3.792","3.944","3.786","3.10%"
"01.05.2025","3.798","3.745","3.828","3.682","1.75%"
"30.04.2025","3.732","3.759","3.811","3.709","-0.94%"
"29.04.2025","3.768","3.821","3.851","3.764","-1.04%"
"28.04.2025","3.807","3.872","3.910","3.806","-1.76%"
"25.04.2025","3.876","3.944","3.951","3.861","-1.41%"
"24.04.2025","3.931","4.004","4.005","3.925","-2.13%"
"23.04.2025","4.017","4.000","4.026","3.894","0.64%"
"22.04.2025","3.992","3.968","4.012","3.950","0.31%"
"21.04.2025","3.979","3.924","3.980","3.889","0.98%"
"17.04.2025","3.941","3.916","3.961","3.894","0.84%"
"16.04.2025","3.908","3.973","3.979","3.889","-2.00%"
"15.04.2025","3.987","4.015","4.045","3.944","-0.74%"
"14.04.2025","4.017","4.131","4.147","3.993","-3.61%"
"11.04.2025","4.168","4.072","4.223","4.017","2.40%"
"10.04.2025","4.070","4.019","4.077","3.939","0.59%"
"09.04.2025","4.046","3.911","4.161","3.894","3.30%"
"08.04.2025","3.917","3.861","3.968","3.809","0.83%"
"07.04.2025","3.885","3.556","3.928","3.536","4.87%"
"04.04.2025","3.704","3.740","3.745","3.526","-0.84%"
"03.04.2025","3.736","3.785","3.842","3.704","-3.54%"
"02.04.2025","3.873","3.953","4.007","3.863","-1.04%"
"01.04.2025","3.914","3.955","3.960","3.882","-1.01%"
"31.03.2025","3.954","3.938","3.998","3.905","-0.65%"
"28.03.2025","3.980","4.092","4.092","3.972","-2.73%"
"27.03.2025","4.092","4.085","4.140","4.080","-0.15%"
"26.03.2025","4.097","4.082","4.111","4.067","0.70%"
"25.03.2025","4.069","4.095","4.123","4.052","-0.69%"
"24.03.2025","4.097","4.035","4.100","4.029","2.29%"
"21.03.2025","4.006","4.012","4.028","3.961","-0.22%"
"20.03.2025","4.015","4.015","4.033","3.952","-0.22%"
"19.03.2025","4.023","4.082","4.125","4.017","-1.21%"
"18.03.2025","4.073","4.091","4.119","4.052","-0.43%"
"17.03.2025","4.090","4.066","4.121","4.047","-0.04%"
"14.03.2025","4.092","4.033","4.096","4.030","1.64%"
"13.03.2025","4.026","4.075","4.110","4.009","-1.14%"
"12.03.2025","4.073","4.035","4.098","4.000","0.85%"
"11.03.2025","4.038","3.954","4.047","3.904","1.63%"
"10.03.2025","3.974","4.036","4.073","3.960","-2.68%"
"07.03.2025","4.083","4.057","4.112","3.974","0.63%"
"06.03.2025","4.058","4.089","4.126","4.033","-0.43%"
"05.03.2025","4.075","4.033","4.089","3.963","0.85%"
"04.03.2025","4.041","3.951","4.050","3.880","1.89%"
"03.03.2025","3.966","4.057","4.071","3.951","-1.11%"
"28.02.2025","4.010","4.071","4.091","4.002","-1.65%"
"27.02.2025","4.078","4.101","4.138","4.077","-0.13%"
"26.02.2025","4.083","4.159","4.169","4.071","-1.14%"
"25.02.2025","4.130","4.234","4.235","4.115","-2.46%"
"24.02.2025","4.234","4.285","4.297","4.226","-0.83%"
"21.02.2025","4.270","4.351","4.351","4.249","-1.76%"
"20.02.2025","4.346","4.363","4.367","4.329","-0.41%"
"19.02.2025","4.364","4.404","4.413","4.363","-0.85%"
"18.02.2025","4.401","4.334","4.409","4.334","1.68%"
"14.02.2025","4.328","4.397","4.402","4.301","-1.41%"
"13.02.2025","4.390","4.469","4.486","4.377","-1.75%"
"12.02.2025","4.469","4.375","4.496","4.363","2.24%"
"11.02.2025","4.371","4.350","4.382","4.345","0.69%"
"10.02.2025","4.341","4.340","4.357","4.304","-0.12%"
"07.02.2025","4.346","4.271","4.363","4.271","1.67%"
"06.02.2025","4.274","4.253","4.292","4.241","0.60%"
"05.02.2025","4.249","4.331","4.334","4.220","-1.59%"
"04.02.2025","4.318","4.371","4.398","4.313","-0.97%"
"03.02.2025","4.360","4.380","4.384","4.276","0.65%"
"31.01.2025","4.332","4.325","4.370","4.303","0.20%"
"30.01.2025","4.323","4.343","4.348","4.292","-0.32%"
"29.01.2025","4.337","4.327","4.399","4.311","0.16%"
"28.01.2025","4.330","4.354","4.378","4.327","-0.08%"
"27.01.2025","4.333","4.410","4.412","4.296","-1.95%"
"24.01.2025","4.420","4.444","4.460","4.401","-0.70%"
"23.01.2025","4.451","4.435","4.474","4.419","0.30%"
"22.01.2025","4.438","4.401","4.440","4.381","1.05%"
"21.01.2025","4.391","4.355","4.412","4.334","-0.84%"
"17.01.2025","4.429","4.410","4.435","4.367","0.77%"
"16.01.2025","4.395","4.451","4.501","4.382","-1.24%"
"15.01.2025","4.450","4.599","4.599","4.437","-3.22%"
"14.01.2025","4.598","4.583","4.613","4.561","-0.23%"
"13.01.2025","4.609","4.615","4.620","4.579","0.67%"
"10.01.2025","4.578","4.442","4.595","4.440","2.78%"
"09.01.2025","4.454","4.460","4.461","4.424","-0.16%"
"08.01.2025","4.461","4.470","4.502","4.438","-0.04%"
"07.01.2025","4.463","4.435","4.486","4.406","0.96%"
"06.01.2025","4.421","4.431","4.447","4.382","0.12%"
"03.01.2025","4.415","4.357","4.417","4.348","1.01%"
"02.01.2025","4.371","4.382","4.408","4.329","-0.16%"
"31.12.2024","4.378","4.354","4.400","4.340","0.42%"
"30.12.2024","4.360","4.463","4.465","4.361","-2.31%"
"27.12.2024","4.463","4.433","4.466","4.417","0.64%"
"26.12.2024","4.435","4.452","4.491","4.430","-0.05%"
"24.12.2024","4.437","4.431","4.478","4.425","0.05%"
"23.12.2024","4.435","4.377","4.445","4.375","1.17%"
"20.12.2024","4.384","4.416","4.418","4.334","-0.86%"
"19.12.2024","4.422","4.401","4.443","4.384","0.39%"
"18.12.2024","4.405","4.255","4.412","4.232","3.45%"
"17.12.2024","4.258","4.259","4.301","4.238","0.00%"
"16.12.2024","4.258","4.238","4.262","4.216","0.25%"
"13.12.2024","4.247","4.183","4.257","4.170","1.33%"
"12.12.2024","4.192","4.128","4.193","4.116","1.30%"
"11.12.2024","4.138","4.097","4.163","4.056","0.98%"
"10.12.2024","4.098","4.070","4.118","4.056","0.56%"
"09.12.2024","4.075","4.029","4.076","4.022","1.08%"
"06.12.2024","4.031","4.079","4.116","4.008","-1.05%"
"05.12.2024","4.074","4.081","4.118","4.069","0.11%"
"04.12.2024","4.070","4.116","4.160","4.057","-1.02%"
"03.12.2024","4.112","4.088","4.120","4.055","0.51%"
"02.12.2024","4.091","4.088","4.142","4.071","0.95%"
"29.11.2024","4.053","4.128","4.130","4.047","-1.94%"
"27.11.2024","4.133","4.181","4.181","4.101","-1.18%"
"26.11.2024","4.182","4.194","4.224","4.167","0.17%"
"25.11.2024","4.175","4.245","4.275","4.169","-3.01%"
"22.11.2024","4.305","4.300","4.311","4.261","0.13%"
"21.11.2024","4.299","4.279","4.316","4.243","0.37%"
"20.11.2024","4.283","4.268","4.300","4.250","0.54%"
"19.11.2024","4.260","4.275","4.280","4.201","-0.37%"
"18.11.2024","4.276","4.305","4.346","4.271","-0.82%"
"15.11.2024","4.311","4.333","4.385","4.266","-0.53%"
"14.11.2024","4.334","4.312","4.351","4.253","0.74%"
"13.11.2024","4.302","4.319","4.358","4.230","-0.29%"
"12.11.2024","4.314","4.229","4.330","4.214","2.93%"
"08.11.2024","4.192","4.181","4.204","4.137","0.55%"
"07.11.2024","4.169","4.274","4.288","4.156","-2.35%"
"06.11.2024","4.269","4.144","4.329","4.144","2.71%"
"05.11.2024","4.156","4.151","4.237","4.146","0.21%"
"04.11.2024","4.148","4.149","4.183","4.116","-1.85%"
"01.11.2024","4.226","4.165","4.230","4.067","1.73%"
"31.10.2024","4.154","4.156","4.209","4.134","-0.06%"
"30.10.2024","4.156","4.080","4.167","4.045","1.28%"
"29.10.2024","4.104","4.104","4.174","4.081","-0.10%"
"28.10.2024","4.108","4.090","4.132","4.056","1.38%"
"25.10.2024","4.052","4.028","4.072","3.995","0.77%"
"24.10.2024","4.021","4.060","4.062","3.993","-0.89%"
"23.10.2024","4.057","4.010","4.064","4.008","1.26%"
"22.10.2024","4.006","3.983","4.015","3.964","0.54%"
"21.10.2024","3.985","3.894","3.990","3.878","2.70%"
"18.10.2024","3.880","3.899","3.919","3.869","-0.62%"
"17.10.2024","3.904","3.849","3.917","3.846","1.52%"
"16.10.2024","3.846","3.858","3.863","3.823","-0.22%"
"15.10.2024","3.854","3.911","3.918","3.851","-1.49%"
"14.10.2024","3.912","3.911","3.914","3.911","0.36%"
"11.10.2024","3.898","3.889","3.927","3.872","0.24%"
"10.10.2024","3.889","3.917","4.004","3.875","-0.71%"
"09.10.2024","3.917","3.851","3.920","3.834","1.79%"
"08.10.2024","3.848","3.855","3.887","3.823","-0.50%"
"07.10.2024","3.867","3.825","3.885","3.813","1.66%"
"04.10.2024","3.804","3.624","3.818","3.612","4.86%"
"03.10.2024","3.628","3.562","3.636","3.555","2.14%"
"02.10.2024","3.552","3.510","3.581","3.500","1.23%"
"01.10.2024","3.509","3.555","3.567","3.471","-1.54%"
"30.09.2024","3.564","3.510","3.586","3.505","1.72%"
"27.09.2024","3.503","3.564","3.581","3.500","-1.74%"
"26.09.2024","3.565","3.529","3.579","3.498","1.04%"
"25.09.2024","3.529","3.470","3.530","3.470","1.64%"
"24.09.2024","3.472","3.500","3.557","3.468","-0.99%"
"23.09.2024","3.506","3.515","3.553","3.486","0.20%"
"20.09.2024","3.500","3.481","3.538","3.467","0.39%"
"19.09.2024","3.486","3.495","3.541","3.462","-0.20%"
"18.09.2024","3.493","3.438","3.583","3.410","1.45%"
"17.09.2024","3.443","3.409","3.455","3.393","1.16%"
"16.09.2024","3.404","3.429","3.438","3.392","-0.91%"
"13.09.2024","3.435","3.432","3.452","3.404","-1.05%"
"12.09.2024","3.471","3.449","3.500","3.423","0.54%"
"11.09.2024","3.452","3.418","3.490","3.379","0.85%"
"10.09.2024","3.423","3.492","3.518","3.420","-1.87%"
"09.09.2024","3.489","3.509","3.547","3.478","-0.20%"
"06.09.2024","3.496","3.540","3.597","3.432","-1.12%"
"05.09.2024","3.535","3.547","3.582","3.513","-0.58%"
"04.09.2024","3.556","3.644","3.647","3.551","-2.27%"
"03.09.2024","3.639","3.725","3.730","3.630","-2.28%"
"02.09.2024","3.724","3.722","3.724","3.722","0.42%"
"30.08.2024","3.708","3.673","3.727","3.665","1.09%"
"29.08.2024","3.668","3.639","3.692","3.620","0.12%"
"28.08.2024","3.664","3.648","3.671","3.636","0.23%"
"27.08.2024","3.655","3.661","3.704","3.648","-0.38%"
"26.08.2024","3.669","3.633","3.671","3.615","0.76%"
"23.08.2024","3.642","3.711","3.727","3.638","-2.25%"
"22.08.2024","3.725","3.661","3.743","3.644","1.94%"
"21.08.2024","3.655","3.681","3.712","3.615","-1.03%"
"20.08.2024","3.693","3.757","3.771","3.689","-1.84%"
"19.08.2024","3.762","3.790","3.790","3.734","0.13%"
"16.08.2024","3.757","3.804","3.804","3.729","-1.06%"
"15.08.2024","3.797","3.682","3.816","3.671","3.14%"
"14.08.2024","3.682","3.677","3.721","3.647","0.13%"
"13.08.2024","3.677","3.742","3.765","3.673","-1.94%"
"12.08.2024","3.749","3.796","3.825","3.739","-1.23%"
"09.08.2024","3.796","3.822","3.824","3.763","-0.78%"
"08.08.2024","3.826","3.741","3.861","3.708","1.32%"
"07.08.2024","3.776","3.723","3.812","3.711","0.87%"
"06.08.2024","3.743","3.692","3.757","3.651","3.26%"
"05.08.2024","3.625","3.615","3.680","3.455","0.28%"
"02.08.2024","3.615","3.833","3.839","3.584","-5.96%"
"01.08.2024","3.844","3.939","3.955","3.833","-1.86%"
"31.07.2024","3.917","4.042","4.049","3.913","-2.93%"
"30.07.2024","4.035","4.080","4.085","4.023","-0.94%"
"29.07.2024","4.073","4.075","4.084","4.040","-0.09%"
"26.07.2024","4.077","4.131","4.155","4.071","-1.40%"
"25.07.2024","4.134","4.150","4.154","4.071","-0.97%"
"24.07.2024","4.175","4.163","4.177","4.099","0.21%"
"23.07.2024","4.166","4.172","4.177","4.138","-0.21%"
"22.07.2024","4.175","4.152","4.198","4.140","0.12%"
"19.07.2024","4.170","4.107","4.172","4.103","1.28%"
"18.07.2024","4.117","4.081","4.123","4.074","0.90%"
"17.07.2024","4.081","4.081","4.123","4.069","0.13%"
"16.07.2024","4.076","4.123","4.135","4.074","-1.44%"
"15.07.2024","4.135","4.139","4.148","4.098","0.68%"
"12.07.2024","4.107","4.144","4.174","4.098","-0.89%"
"11.07.2024","4.144","4.237","4.262","4.102","-2.20%"
"10.07.2024","4.237","4.241","4.259","4.216","-0.17%"
"09.07.2024","4.245","4.241","4.278","4.230","0.08%"
"08.07.2024","4.241","4.236","4.264","4.222","0.33%"
"05.07.2024","4.227","4.334","4.391","4.215","-2.52%"
"04.07.2024","4.336","4.340","4.340","4.334","0.33%"
"03.07.2024","4.322","4.389","4.412","4.295","-1.72%"
"02.07.2024","4.398","4.423","4.426","4.371","-0.76%"
"01.07.2024","4.431","4.385","4.454","4.357","1.42%"
"28.06.2024","4.369","4.299","4.384","4.257","1.64%"
"27.06.2024","4.299","4.347","4.361","4.287","-1.09%"
"26.06.2024","4.346","4.272","4.348","4.270","1.65%"
"25.06.2024","4.276","4.260","4.286","4.237","0.49%"
"24.06.2024","4.255","4.273","4.292","4.249","-0.42%"
"21.06.2024","4.273","4.282","4.288","4.227","-0.05%"
"20.06.2024","4.275","4.259","4.306","4.247","0.28%"
"19.06.2024","4.262","4.261","4.262","4.261","0.46%"
"18.06.2024","4.243","4.294","4.326","4.222","-1.48%"
"17.06.2024","4.307","4.261","4.308","4.243","1.57%"
"14.06.2024","4.240","4.253","4.279","4.196","-0.13%"
"13.06.2024","4.246","4.306","4.330","4.216","-1.71%"
"12.06.2024","4.320","4.425","4.436","4.241","-2.19%"
"11.06.2024","4.417","4.478","4.478","4.410","-1.54%"
"10.06.2024","4.485","4.475","4.493","4.463","0.55%"
"07.06.2024","4.461","4.305","4.464","4.301","3.80%"
"06.06.2024","4.298","4.303","4.334","4.287","0.08%"
"05.06.2024","4.294","4.348","4.380","4.294","-1.21%"
"04.06.2024","4.347","4.414","4.431","4.327","-1.43%"
"03.06.2024","4.410","4.502","4.512","4.408","-2.19%"
"31.05.2024","4.509","4.567","4.595","4.495","-1.32%"
"30.05.2024","4.569","4.640","4.645","4.562","-1.41%"
"29.05.2024","4.634","4.576","4.656","4.576","0.92%"
"28.05.2024","4.592","4.517","4.597","4.494","1.58%"
"27.05.2024","4.521","4.517","4.521","4.517","-0.16%"
"24.05.2024","4.528","4.526","4.560","4.512","-0.08%"
"23.05.2024","4.531","4.464","4.555","4.448","1.43%"
"22.05.2024","4.468","4.436","4.487","4.432","0.80%"
"21.05.2024","4.432","4.468","4.471","4.420","-0.83%"
"20.05.2024","4.470","4.440","4.477","4.429","0.51%"
"17.05.2024","4.447","4.389","4.447","4.382","1.03%"
"16.05.2024","4.401","4.341","4.406","4.315","1.29%"
"15.05.2024","4.345","4.465","4.465","4.340","-2.57%"
"14.05.2024","4.460","4.504","4.552","4.456","-1.10%"
"13.05.2024","4.509","4.509","4.511","4.472","-0.16%"
"10.05.2024","4.516","4.476","4.520","4.456","0.98%"
"09.05.2024","4.472","4.504","4.529","4.457","-0.67%"
"08.05.2024","4.503","4.469","4.506","4.464","0.67%"
"07.05.2024","4.473","4.492","4.496","4.434","-0.32%"
"06.05.2024","4.487","4.468","4.499","4.455","0.12%"
"03.05.2024","4.482","4.570","4.588","4.410","-2.09%"
"02.05.2024","4.577","4.652","4.659","4.563","-1.79%"
"01.05.2024","4.660","4.717","4.724","4.598","-1.17%"
"30.04.2024","4.715","4.643","4.724","4.632","1.57%"
"29.04.2024","4.643","4.685","4.685","4.634","-0.95%"
"26.04.2024","4.687","4.724","4.730","4.662","-0.68%"
"25.04.2024","4.719","4.648","4.753","4.618","1.22%"
"24.04.2024","4.662","4.629","4.685","4.627","0.63%"
"23.04.2024","4.633","4.654","4.693","4.598","-0.43%"
"22.04.2024","4.652","4.681","4.708","4.643","-0.42%"
"19.04.2024","4.672","4.668","4.679","4.534","-0.18%"
"18.04.2024","4.680","4.617","4.695","4.588","1.34%"
"17.04.2024","4.619","4.705","4.714","4.602","-1.69%"
"16.04.2024","4.698","4.633","4.725","4.611","1.53%"
"15.04.2024","4.627","4.564","4.698","4.549","1.63%"
"12.04.2024","4.553","4.624","4.624","4.515","-1.58%"
"11.04.2024","4.626","4.601","4.671","4.562","0.39%"
"10.04.2024","4.608","4.377","4.622","4.351","5.32%"
"09.04.2024","4.375","4.432","4.441","4.365","-1.24%"
"08.04.2024","4.430","4.404","4.455","4.400","0.89%"
"05.04.2024","4.391","4.295","4.398","4.290","2.27%"
"04.04.2024","4.294","4.324","4.363","4.283","-0.85%"
"03.04.2024","4.331","4.346","4.414","4.327","-0.28%"
"02.04.2024","4.343","4.313","4.394","4.309","0.37%"
"01.04.2024","4.327","4.198","4.346","4.190","2.55%"
"28.03.2024","4.220","4.209","4.244","4.195","0.88%"
"27.03.2024","4.183","4.225","4.235","4.176","-0.95%"
"26.03.2024","4.223","4.226","4.262","4.207","-0.25%"
"25.03.2024","4.233","4.186","4.244","4.179","1.06%"
"22.03.2024","4.189","4.249","4.249","4.186","-1.58%"
"21.03.2024","4.256","4.235","4.271","4.186","0.21%"
"20.03.2024","4.248","4.299","4.306","4.227","-1.20%"
"19.03.2024","4.299","4.347","4.354","4.295","-1.14%"
"18.03.2024","4.349","4.331","4.368","4.313","0.45%"
"15.03.2024","4.329","4.294","4.340","4.276","0.87%"
"14.03.2024","4.292","4.197","4.299","4.190","2.35%"
"13.03.2024","4.193","4.144","4.200","4.132","1.10%"
"12.03.2024","4.148","4.083","4.174","4.066","1.46%"
"11.03.2024","4.088","4.059","4.101","4.032","0.94%"
"08.03.2024","4.050","4.080","4.127","3.994","-0.61%"
"07.03.2024","4.075","4.115","4.138","4.063","-1.10%"
"06.03.2024","4.120","4.145","4.162","4.075","-0.67%"
"05.03.2024","4.148","4.209","4.215","4.110","-1.45%"
"04.03.2024","4.209","4.173","4.220","4.171","1.13%"
"01.03.2024","4.162","4.250","4.290","4.152","-2.10%"
"29.02.2024","4.252","4.266","4.325","4.226","-0.29%"
"28.02.2024","4.264","4.317","4.317","4.262","-1.10%"
"27.02.2024","4.311","4.301","4.331","4.271","0.37%"
"26.02.2024","4.296","4.264","4.339","4.250","0.41%"
"23.02.2024","4.278","4.357","4.366","4.269","-1.27%"
"22.02.2024","4.333","4.304","4.355","4.281","0.67%"
"21.02.2024","4.304","4.256","4.312","4.221","1.18%"
"20.02.2024","4.254","4.300","4.308","4.219","-1.04%"
"19.02.2024","4.299","4.302","4.304","4.299","0.54%"
"16.02.2024","4.276","4.222","4.342","4.218","1.36%"
"15.02.2024","4.218","4.238","4.240","4.163","-0.62%"
"14.02.2024","4.245","4.328","4.332","4.223","-1.97%"
"13.02.2024","4.330","4.137","4.334","4.114","4.63%"
"12.02.2024","4.139","4.153","4.154","4.105","-0.08%"
"09.02.2024","4.142","4.114","4.163","4.084","0.56%"
"08.02.2024","4.119","4.064","4.128","4.050","1.34%"
"07.02.2024","4.064","4.047","4.073","4.002","0.69%"
"06.02.2024","4.036","4.103","4.129","4.026","-2.08%"
"05.02.2024","4.122","4.021","4.135","4.016","3.42%"
"02.02.2024","3.986","3.809","4.021","3.804","4.40%"
"01.02.2024","3.818","3.859","3.885","3.749","-0.54%"
"31.01.2024","3.839","3.976","3.977","3.834","-3.40%"
"30.01.2024","3.974","3.988","4.033","3.948","-0.31%"
"29.01.2024","3.986","4.035","4.042","3.967","-1.29%"
"26.01.2024","4.038","3.988","4.066","3.977","0.91%"
"25.01.2024","4.002","4.084","4.103","4.000","-2.21%"
"24.01.2024","4.092","4.040","4.096","3.989","1.23%"
"23.01.2024","4.042","4.024","4.065","4.010","0.31%"
"22.01.2024","4.030","4.067","4.069","4.003","-0.61%"
"19.01.2024","4.054","4.057","4.111","4.036","0.23%"
"18.01.2024","4.045","4.024","4.057","3.985","0.35%"
"17.01.2024","4.031","3.939","4.047","3.912","2.47%"
"16.01.2024","3.934","3.875","3.967","3.867","1.50%"
"15.01.2024","3.875","3.875","3.875","3.875","1.14%"
"12.01.2024","3.832","3.875","3.925","3.800","-1.44%"
"11.01.2024","3.888","3.972","4.012","3.881","-2.16%"
"10.01.2024","3.974","3.959","3.991","3.933","0.05%"
"09.01.2024","3.972","3.979","4.007","3.954","-0.35%"
"08.01.2024","3.986","4.009","4.033","3.917","-0.74%"
"05.01.2024","4.015","3.976","4.098","3.919","0.89%"
"04.01.2024","3.980","3.898","3.987","3.877","1.93%"
"03.01.2024","3.905","3.931","3.989","3.882","-0.44%"
"02.01.2024","3.922","3.889","3.980","3.849","2.13%"
"01.01.2024","3.840","3.840","3.840","3.840","0.00%"
"29.12.2023","3.840","3.838","3.887","3.823","0.00%"
"28.12.2023","3.840","3.797","3.859","3.797","1.36%"
"27.12.2023","3.789","3.896","3.898","3.785","-2.63%"
"26.12.2023","3.891","3.881","3.903","3.868","0.26%"
"25.12.2023","3.881","3.882","3.882","3.881","0.04%"
"22.12.2023","3.879","3.872","3.903","3.841","-0.03%"
"21.12.2023","3.880","3.860","3.896","3.813","0.76%"
"20.12.2023","3.851","3.929","3.934","3.844","-2.20%"
"19.12.2023","3.938","3.926","3.955","3.898","0.13%"
"18.12.2023","3.933","3.921","3.954","3.884","0.48%"
"15.12.2023","3.914","3.913","3.975","3.871","0.34%"
"14.12.2023","3.901","3.969","3.974","3.849","-1.88%"
"13.12.2023","3.976","4.220","4.232","3.962","-5.94%"
"12.12.2023","4.227","4.250","4.264","4.164","-0.46%"
"11.12.2023","4.246","4.252","4.302","4.243","0.08%"
"08.12.2023","4.243","4.133","4.287","4.133","2.70%"
"07.12.2023","4.131","4.105","4.178","4.093","0.50%"
"06.12.2023","4.110","4.144","4.184","4.103","-0.63%"
"05.12.2023","4.137","4.208","4.220","4.123","-1.78%"
"04.12.2023","4.212","4.158","4.250","4.158","1.72%"
"01.12.2023","4.141","4.256","4.298","4.125","-3.11%"
"30.11.2023","4.273","4.219","4.315","4.202","1.40%"
"29.11.2023","4.214","4.272","4.282","4.186","-1.59%"
"28.11.2023","4.282","4.396","4.421","4.277","-2.96%"
"27.11.2023","4.412","4.510","4.533","4.405","-1.77%"
"24.11.2023","4.492","4.475","4.512","4.466","0.34%"
"23.11.2023","4.477","4.472","4.477","4.472","0.99%"
"22.11.2023","4.433","4.402","4.473","4.370","0.55%"
"21.11.2023","4.409","4.435","4.454","4.391","-0.83%"
"20.11.2023","4.446","4.460","4.492","4.430","0.00%"
"17.11.2023","4.446","4.417","4.476","4.364","0.46%"
"16.11.2023","4.426","4.512","4.512","4.413","-2.18%"
"15.11.2023","4.524","4.437","4.549","4.414","1.90%"
"14.11.2023","4.440","4.670","4.680","4.412","-4.73%"
"13.11.2023","4.661","4.684","4.725","4.650","-0.42%"
"10.11.2023","4.680","4.651","4.689","4.580","0.71%"
"09.11.2023","4.647","4.506","4.660","4.494","3.04%"
"08.11.2023","4.510","4.543","4.580","4.503","-0.54%"
"07.11.2023","4.535","4.586","4.605","4.510","-1.27%"
"06.11.2023","4.593","4.519","4.612","4.509","1.90%"
"03.11.2023","4.507","4.637","4.655","4.435","-2.89%"
"02.11.2023","4.641","4.634","4.669","4.564","-0.27%"
"01.11.2023","4.654","4.848","4.855","4.652","-3.98%"
"31.10.2023","4.846","4.816","4.855","4.747","0.59%"
"30.10.2023","4.818","4.804","4.839","4.774","0.93%"
"27.10.2023","4.774","4.802","4.827","4.754","-0.55%"
"26.10.2023","4.800","4.898","4.930","4.788","-2.51%"
"25.10.2023","4.924","4.813","4.929","4.797","2.26%"
"24.10.2023","4.815","4.808","4.862","4.763","0.42%"
"23.10.2023","4.795","4.896","4.945","4.791","-1.23%"
"20.10.2023","4.854","4.954","4.957","4.833","-2.01%"
"19.10.2023","4.954","4.954","4.997","4.905","0.44%"
"18.10.2023","4.932","4.870","4.939","4.829","1.27%"
"17.10.2023","4.870","4.723","4.894","4.710","3.36%"
"16.10.2023","4.712","4.667","4.725","4.658","1.46%"
"13.10.2023","4.644","4.694","4.694","4.596","-1.07%"
"12.10.2023","4.694","4.580","4.715","4.547","2.61%"
"11.10.2023","4.575","4.612","4.637","4.541","-0.85%"
"10.10.2023","4.614","4.573","4.669","4.568","0.89%"
"09.10.2023","4.573","4.580","4.580","4.573","-3.75%"
"06.10.2023","4.751","4.694","4.846","4.682","1.33%"
"05.10.2023","4.689","4.721","4.746","4.669","-0.79%"
"04.10.2023","4.726","4.803","4.875","4.710","-1.53%"
"03.10.2023","4.799","4.712","4.810","4.696","1.82%"
"02.10.2023","4.714","4.655","4.728","4.643","2.11%"
"29.09.2023","4.616","4.632","4.652","4.554","-0.27%"
"28.09.2023","4.628","4.683","4.747","4.621","-1.20%"
"27.09.2023","4.685","4.598","4.717","4.573","1.41%"
"26.09.2023","4.620","4.625","4.643","4.573","0.16%"
"25.09.2023","4.612","4.560","4.625","4.560","1.03%"
"22.09.2023","4.566","4.616","4.628","4.541","-1.16%"
"21.09.2023","4.619","4.587","4.652","4.582","1.02%"
"20.09.2023","4.573","4.513","4.587","4.456","1.31%"
"19.09.2023","4.513","4.451","4.526","4.442","1.44%"
"18.09.2023","4.449","4.451","4.456","4.442","-0.36%"
"15.09.2023","4.465","4.415","4.472","4.398","1.05%"
"14.09.2023","4.419","4.376","4.431","4.352","0.77%"
"13.09.2023","4.385","4.433","4.501","4.367","-0.92%"
"12.09.2023","4.426","4.419","4.433","4.403","0.24%"
"11.09.2023","4.415","4.424","4.437","4.399","0.36%"
"08.09.2023","4.399","4.378","4.406","4.331","0.56%"
"07.09.2023","4.375","4.435","4.451","4.368","-1.47%"
"06.09.2023","4.440","4.366","4.449","4.350","1.45%"
"05.09.2023","4.377","4.329","4.387","4.320","1.18%"
"04.09.2023","4.326","4.327","4.327","4.326","0.69%"
"01.09.2023","4.296","4.258","4.320","4.165","1.10%"
"31.08.2023","4.249","4.265","4.287","4.235","-0.41%"
"30.08.2023","4.266","4.293","4.319","4.228","-0.20%"
"29.08.2023","4.275","4.373","4.423","4.263","-2.97%"
"28.08.2023","4.406","4.458","4.462","4.395","-0.69%"
"25.08.2023","4.437","4.409","4.489","4.395","0.50%"
"24.08.2023","4.415","4.372","4.418","4.352","0.98%"
"23.08.2023","4.372","4.483","4.483","4.345","-2.71%"
"22.08.2023","4.493","4.481","4.499","4.430","0.57%"
"21.08.2023","4.468","4.393","4.473","4.382","1.92%"
"18.08.2023","4.384","4.401","4.416","4.348","-0.68%"
"17.08.2023","4.414","4.401","4.467","4.392","0.17%"
"16.08.2023","4.406","4.372","4.428","4.312","0.65%"
"15.08.2023","4.378","4.371","4.451","4.307","0.13%"
"14.08.2023","4.372","4.323","4.381","4.289","1.61%"
"11.08.2023","4.303","4.243","4.317","4.193","1.63%"
"10.08.2023","4.234","4.139","4.237","4.063","2.30%"
"09.08.2023","4.139","4.098","4.144","4.084","0.60%"
"08.08.2023","4.114","4.162","4.169","4.076","-1.35%"
"07.08.2023","4.170","4.155","4.228","4.144","0.76%"
"04.08.2023","4.139","4.288","4.402","4.134","-3.56%"
"03.08.2023","4.292","4.242","4.317","4.239","1.12%"
"02.08.2023","4.244","4.195","4.290","4.181","0.42%"
"01.08.2023","4.227","4.179","4.253","4.160","1.01%"
"31.07.2023","4.184","4.186","4.232","4.148","0.04%"
"28.07.2023","4.183","4.251","4.279","4.153","-1.24%"
"27.07.2023","4.235","4.123","4.260","4.071","2.89%"
"26.07.2023","4.116","4.160","4.197","4.081","-1.23%"
"25.07.2023","4.168","4.153","4.207","4.128","0.26%"
"24.07.2023","4.157","4.105","4.157","4.049","1.51%"
"21.07.2023","4.095","4.095","4.116","4.067","-0.26%"
"20.07.2023","4.105","3.991","4.128","3.978","3.10%"
"19.07.2023","3.982","4.012","4.017","3.929","-0.57%"
"18.07.2023","4.005","4.014","4.019","3.919","-0.31%"
"17.07.2023","4.017","4.030","4.093","3.979","-0.69%"
"14.07.2023","4.045","3.965","4.051","3.940","2.49%"
"13.07.2023","3.947","4.070","4.070","3.931","-3.14%"
"12.07.2023","4.075","4.223","4.225","4.056","-3.87%"
"11.07.2023","4.239","4.241","4.259","4.195","0.00%"
"10.07.2023","4.239","4.351","4.370","4.232","-2.73%"
"07.07.2023","4.358","4.352","4.438","4.289","0.17%"
"06.07.2023","4.350","4.249","4.497","4.244","2.38%"
"05.07.2023","4.249","4.161","4.258","4.147","2.12%"
"04.07.2023","4.161","4.165","4.165","4.161","-0.71%"
"03.07.2023","4.191","4.170","4.200","4.091","0.81%"
"30.06.2023","4.157","4.127","4.198","4.101","0.64%"
"29.06.2023","4.131","3.972","4.155","3.972","4.04%"
"28.06.2023","3.970","4.026","4.040","3.965","-1.66%"
"27.06.2023","4.038","3.964","4.043","3.943","1.71%"
"26.06.2023","3.970","3.977","3.986","3.925","-0.62%"
"23.06.2023","3.994","4.033","4.051","3.929","-1.22%"
"22.06.2023","4.044","3.958","4.053","3.934","2.07%"
"21.06.2023","3.962","3.956","4.017","3.934","0.45%"
"20.06.2023","3.944","4.034","4.036","3.919","-2.15%"
"19.06.2023","4.031","4.032","4.032","4.031","1.11%"
"16.06.2023","3.986","3.910","4.038","3.910","1.87%"
"15.06.2023","3.913","3.996","4.071","3.903","-2.03%"
"14.06.2023","3.994","4.001","4.094","3.938","-0.17%"
"13.06.2023","4.001","3.894","4.028","3.816","2.53%"
"12.06.2023","3.902","3.925","3.954","3.874","-0.31%"
"09.06.2023","3.915","3.862","3.939","3.860","1.46%"
"08.06.2023","3.858","3.926","3.967","3.846","-1.96%"
"07.06.2023","3.935","3.816","3.960","3.811","2.75%"
"06.06.2023","3.830","3.816","3.882","3.784","0.14%"
"05.06.2023","3.825","3.863","3.919","3.792","-0.68%"
"02.06.2023","3.851","3.704","3.856","3.698","4.10%"
"01.06.2023","3.699","3.748","3.810","3.665","-1.57%"
"31.05.2023","3.758","3.819","3.819","3.718","-1.46%"
"30.05.2023","3.814","3.920","3.924","3.798","-2.63%"
"29.05.2023","3.917","3.925","3.925","3.917","-0.53%"
"26.05.2023","3.938","3.915","3.990","3.868","0.49%"
"25.05.2023","3.918","3.777","3.918","3.770","2.66%"
"24.05.2023","3.817","3.750","3.824","3.725","1.98%"
"23.05.2023","3.743","3.765","3.829","3.739","-0.61%"
"22.05.2023","3.765","3.718","3.786","3.683","0.71%"
"19.05.2023","3.739","3.688","3.786","3.655","1.39%"
"18.05.2023","3.688","3.581","3.707","3.564","2.78%"
"17.05.2023","3.588","3.531","3.602","3.503","1.67%"
"16.05.2023","3.529","3.474","3.555","3.415","1.70%"
"15.05.2023","3.470","3.446","3.489","3.436","0.70%"
"12.05.2023","3.446","3.347","3.453","3.334","2.71%"
"11.05.2023","3.355","3.385","3.402","3.282","-0.71%"
"10.05.2023","3.379","3.495","3.552","3.359","-3.39%"
"09.05.2023","3.498","3.491","3.524","3.455","0.30%"
"08.05.2023","3.488","3.424","3.502","3.405","2.27%"
"05.05.2023","3.410","3.333","3.441","3.321","2.56%"
"04.05.2023","3.325","3.412","3.412","3.204","-0.61%"
"03.05.2023","3.346","3.467","3.491","3.301","-3.55%"
"02.05.2023","3.469","3.628","3.636","3.442","-4.51%"
"01.05.2023","3.633","3.521","3.657","3.515","3.84%"
"28.04.2023","3.498","3.589","3.629","3.484","-2.77%"
"27.04.2023","3.598","3.478","3.615","3.464","2.98%"
"26.04.2023","3.494","3.478","3.524","3.423","1.35%"
"25.04.2023","3.447","3.552","3.571","3.416","-3.59%"
"24.04.2023","3.576","3.663","3.663","3.571","-2.33%"
"21.04.2023","3.661","3.630","3.673","3.581","0.87%"
"20.04.2023","3.630","3.701","3.714","3.616","-1.98%"
"19.04.2023","3.703","3.694","3.756","3.679","0.62%"
"18.04.2023","3.680","3.694","3.708","3.645","-0.70%"
"17.04.2023","3.707","3.625","3.708","3.597","2.85%"
"14.04.2023","3.604","3.500","3.630","3.467","2.96%"
"13.04.2023","3.500","3.454","3.517","3.413","0.99%"
"12.04.2023","3.466","3.531","3.599","3.401","-1.95%"
"11.04.2023","3.535","3.518","3.575","3.476","0.44%"
"10.04.2023","3.519","3.464","3.540","3.454","0.09%"
"07.04.2023","3.516","3.374","3.517","3.369","4.22%"
"06.04.2023","3.374","3.364","3.379","3.277","0.09%"
"05.04.2023","3.371","3.400","3.443","3.266","-0.51%"
"04.04.2023","3.388","3.504","3.577","3.381","-3.42%"
"03.04.2023","3.508","3.637","3.661","3.501","-2.11%"
"31.03.2023","3.584","3.675","3.715","3.575","-2.62%"
"30.03.2023","3.680","3.680","3.729","3.641","-0.05%"
"29.03.2023","3.682","3.668","3.722","3.613","0.22%"
"28.03.2023","3.674","3.593","3.686","3.555","2.06%"
"27.03.2023","3.600","3.440","3.612","3.401","5.64%"
"24.03.2023","3.408","3.434","3.446","3.239","-0.68%"
"23.03.2023","3.431","3.532","3.576","3.379","-2.91%"
"22.03.2023","3.534","3.743","3.800","3.498","-5.72%"
"21.03.2023","3.748","3.598","3.757","3.532","4.58%"
"20.03.2023","3.584","3.564","3.631","3.301","2.20%"
"17.03.2023","3.507","3.730","3.776","3.447","-6.06%"
"16.03.2023","3.733","3.549","3.750","3.458","4.78%"
"15.03.2023","3.563","3.858","3.911","3.442","-7.40%"
"14.03.2023","3.848","3.696","3.911","3.563","4.51%"
"13.03.2023","3.682","3.991","4.007","3.548","-7.26%"
"10.03.2023","3.970","4.168","4.170","3.928","-5.24%"
"09.03.2023","4.189","4.336","4.358","4.184","-3.59%"
"08.03.2023","4.345","4.331","4.375","4.249","0.70%"
"07.03.2023","4.315","4.260","4.329","4.218","1.42%"
"06.03.2023","4.255","4.260","4.276","4.191","0.13%"
"03.03.2023","4.249","4.321","4.325","4.240","-1.51%"
"02.03.2023","4.314","4.258","4.352","4.252","1.33%"
"01.03.2023","4.258","4.201","4.279","4.180","1.73%"
"28.02.2023","4.185","4.175","4.229","4.155","0.34%"
"27.02.2023","4.171","4.203","4.247","4.154","-0.96%"
"24.02.2023","4.212","4.112","4.243","4.084","2.30%"
"23.02.2023","4.117","4.133","4.191","4.087","-1.13%"
"22.02.2023","4.164","4.182","4.191","4.114","-0.25%"
"21.02.2023","4.174","4.074","4.187","4.060","2.52%"
"20.02.2023","4.072","4.070","4.072","4.070","1.11%"
"17.02.2023","4.027","4.075","4.147","4.024","-1.16%"
"16.02.2023","4.075","4.046","4.090","3.986","0.98%"
"15.02.2023","4.035","4.003","4.069","3.967","0.76%"
"14.02.2023","4.004","3.918","4.038","3.808","2.36%"
"13.02.2023","3.912","3.923","3.955","3.910","-0.45%"
"10.02.2023","3.930","3.869","3.937","3.850","1.80%"
"09.02.2023","3.860","3.799","3.887","3.767","1.86%"
"08.02.2023","3.790","3.832","3.846","3.781","-1.28%"
"07.02.2023","3.839","3.832","3.851","3.743","0.23%"
"06.02.2023","3.830","3.702","3.849","3.687","4.88%"
"03.02.2023","3.652","3.481","3.678","3.460","4.65%"
"02.02.2023","3.490","3.514","3.521","3.411","-0.35%"
"01.02.2023","3.502","3.626","3.647","3.478","-3.24%"
"31.01.2023","3.619","3.669","3.678","3.596","-1.27%"
"30.01.2023","3.665","3.622","3.690","3.602","1.48%"
"27.01.2023","3.612","3.596","3.655","3.591","0.29%"
"26.01.2023","3.602","3.527","3.612","3.522","1.29%"
"25.01.2023","3.556","3.575","3.597","3.521","-0.54%"
"24.01.2023","3.575","3.617","3.660","3.568","-1.29%"
"23.01.2023","3.622","3.567","3.634","3.539","1.60%"
"20.01.2023","3.565","3.490","3.594","3.485","2.25%"
"19.01.2023","3.486","3.442","3.507","3.386","1.39%"
"18.01.2023","3.438","3.611","3.633","3.428","-4.99%"
"17.01.2023","3.619","3.619","3.671","3.576","0.00%"
"16.01.2023","3.619","3.616","3.619","3.616","0.62%"
"13.01.2023","3.597","3.537","3.618","3.502","1.68%"
"12.01.2023","3.537","3.668","3.741","3.515","-3.39%"
"11.01.2023","3.661","3.717","3.724","3.648","-1.67%"
"10.01.2023","3.724","3.672","3.760","3.653","1.55%"
"09.01.2023","3.667","3.717","3.743","3.634","-1.03%"
"06.01.2023","3.705","3.922","3.960","3.694","-5.49%"
"05.01.2023","3.920","3.856","3.978","3.852","1.94%"
"04.01.2023","3.845","3.906","3.911","3.819","-1.56%"
"03.01.2023","3.906","3.964","3.974","3.873","-2.31%"
"02.01.2023","3.999","3.999","3.999","3.999","-0.04%"
"30.12.2022","4.000","3.946","4.035","3.943","1.42%"
"29.12.2022","3.944","3.971","3.983","3.934","-0.72%"
"28.12.2022","3.973","3.945","3.987","3.911","0.72%"
"27.12.2022","3.945","3.859","3.968","3.848","2.28%"
"26.12.2022","3.857","3.862","3.862","3.857","-0.14%"
"23.12.2022","3.862","3.803","3.875","3.796","1.47%"
"22.12.2022","3.806","3.773","3.810","3.731","0.74%"
"21.12.2022","3.778","3.798","3.813","3.711","-0.41%"
"20.12.2022","3.794","3.719","3.820","3.704","2.01%"
"19.12.2022","3.719","3.654","3.728","3.626","2.67%"
"16.12.2022","3.622","3.632","3.720","3.598","0.04%"
"15.12.2022","3.621","3.633","3.673","3.597","0.14%"
"14.12.2022","3.616","3.647","3.716","3.597","-0.81%"
"13.12.2022","3.646","3.784","3.793","3.556","-3.84%"
"12.12.2022","3.791","3.783","3.817","3.717","0.50%"
"09.12.2022","3.772","3.710","3.779","3.660","1.62%"
"08.12.2022","3.712","3.638","3.726","3.636","2.32%"
"07.12.2022","3.628","3.759","3.769","3.607","-3.27%"
"06.12.2022","3.750","3.788","3.809","3.724","-1.01%"
"05.12.2022","3.788","3.688","3.809","3.686","3.53%"
"02.12.2022","3.659","3.671","3.821","3.635","-0.20%"
"01.12.2022","3.666","3.749","3.792","3.659","-2.29%"
"30.11.2022","3.752","3.924","3.999","3.738","-4.41%"
"29.11.2022","3.925","3.885","3.941","3.835","1.35%"
"28.11.2022","3.873","3.870","3.903","3.814","0.09%"
"25.11.2022","3.870","3.840","3.951","3.830","0.72%"
"24.11.2022","3.842","3.839","3.842","3.839","-0.89%"
"23.11.2022","3.877","3.946","4.002","3.875","-1.81%"
"22.11.2022","3.948","3.988","3.988","3.929","-1.89%"
"21.11.2022","4.024","3.998","4.030","3.944","0.39%"
"18.11.2022","4.009","3.954","4.012","3.914","1.81%"
"17.11.2022","3.937","3.854","3.963","3.833","2.16%"
"16.11.2022","3.854","3.896","3.967","3.826","-1.21%"
"15.11.2022","3.901","4.002","4.011","3.864","-2.36%"
"14.11.2022","3.995","4.014","4.037","3.976","1.50%"
"10.11.2022","3.936","4.234","4.284","3.931","-7.27%"
"09.11.2022","4.244","4.303","4.342","4.227","-1.23%"
"08.11.2022","4.297","4.398","4.421","4.296","-2.22%"
"07.11.2022","4.395","4.340","4.402","4.320","1.48%"
"04.11.2022","4.331","4.382","4.455","4.294","-0.81%"
"03.11.2022","4.366","4.317","4.439","4.292","1.44%"
"02.11.2022","4.304","4.264","4.323","4.146","0.74%"
"01.11.2022","4.272","4.237","4.276","4.102","1.00%"
"31.10.2022","4.230","4.200","4.285","4.200","1.17%"
"28.10.2022","4.181","4.066","4.214","4.047","2.83%"
"27.10.2022","4.066","4.191","4.263","4.043","-2.92%"
"26.10.2022","4.188","4.252","4.279","4.165","-1.67%"
"25.10.2022","4.259","4.343","4.350","4.195","-2.45%"
"24.10.2022","4.366","4.327","4.402","4.241","0.41%"
"21.10.2022","4.348","4.437","4.506","4.305","-2.24%"
"20.10.2022","4.448","4.364","4.461","4.325","2.05%"
"19.10.2022","4.359","4.223","4.364","4.220","3.24%"
"18.10.2022","4.222","4.220","4.269","4.172","-0.25%"
"17.10.2022","4.232","4.250","4.259","4.139","-0.87%"
"14.10.2022","4.269","4.229","4.293","4.107","1.47%"
"13.10.2022","4.207","4.125","4.344","4.058","2.09%"
"12.10.2022","4.121","4.176","4.193","4.090","-1.22%"
"11.10.2022","4.172","4.174","4.234","4.093","-0.04%"
"10.10.2022","4.174","4.170","4.174","4.170","0.59%"
"07.10.2022","4.149","4.071","4.174","4.064","1.89%"
"06.10.2022","4.072","3.959","4.076","3.938","2.72%"
"05.10.2022","3.964","3.842","4.004","3.825","2.87%"
"04.10.2022","3.854","3.845","3.883","3.768","-0.71%"
"03.10.2022","3.882","4.066","4.074","3.787","-5.01%"
"30.09.2022","4.087","4.021","4.097","3.925","1.73%"
"29.09.2022","4.017","3.977","4.099","3.957","1.67%"
"28.09.2022","3.951","4.184","4.251","3.910","-5.82%"
"27.09.2022","4.195","4.182","4.239","4.045","-0.07%"
"26.09.2022","4.199","4.035","4.200","4.013","5.57%"
"23.09.2022","3.977","3.938","4.084","3.905","1.22%"
"22.09.2022","3.929","3.789","3.942","3.775","4.28%"
"21.09.2022","3.768","3.739","3.861","3.695","0.43%"
"20.09.2022","3.752","3.688","3.777","3.670","1.69%"
"19.09.2022","3.689","3.626","3.714","3.626","1.46%"
"16.09.2022","3.636","3.665","3.705","3.613","-0.70%"
"15.09.2022","3.662","3.607","3.690","3.596","1.72%"
"14.09.2022","3.600","3.596","3.658","3.563","0.64%"
"13.09.2022","3.577","3.435","3.621","3.383","3.60%"
"12.09.2022","3.453","3.437","3.474","3.383","0.46%"
"09.09.2022","3.437","3.426","3.453","3.349","0.27%"
"08.09.2022","3.428","3.365","3.431","3.289","2.01%"
"07.09.2022","3.360","3.454","3.471","3.353","-2.70%"
"06.09.2022","3.454","3.334","3.462","3.320","3.53%"
"05.09.2022","3.336","3.338","3.338","3.332","1.15%"
"02.09.2022","3.298","3.408","3.413","3.269","-3.13%"
"01.09.2022","3.404","3.354","3.442","3.323","1.55%"
"31.08.2022","3.353","3.267","3.358","3.251","2.47%"
"30.08.2022","3.272","3.248","3.313","3.203","0.32%"
"29.08.2022","3.261","3.246","3.301","3.241","2.20%"
"26.08.2022","3.191","3.162","3.229","3.137","1.03%"
"25.08.2022","3.159","3.207","3.224","3.151","-2.40%"
"24.08.2022","3.237","3.175","3.258","3.134","1.82%"
"23.08.2022","3.179","3.163","3.207","3.097","0.45%"
"22.08.2022","3.165","3.114","3.184","3.071","2.19%"
"19.08.2022","3.097","3.020","3.128","3.020","2.12%"
"18.08.2022","3.032","3.048","3.082","2.977","-0.67%"
"17.08.2022","3.053","2.970","3.084","2.956","3.09%"
"16.08.2022","2.961","2.893","2.984","2.884","1.89%"
"15.08.2022","2.907","2.968","2.992","2.878","-1.96%"
"12.08.2022","2.965","2.988","3.007","2.932","-0.91%"
"11.08.2022","2.992","2.928","3.004","2.852","2.23%"
"10.08.2022","2.927","2.968","3.045","2.794","-1.15%"
"09.08.2022","2.961","2.904","2.987","2.896","1.88%"
"08.08.2022","2.906","2.967","2.990","2.892","-1.73%"
"05.08.2022","2.957","2.779","2.990","2.775","5.72%"
"04.08.2022","2.797","2.843","2.872","2.753","-1.14%"
"03.08.2022","2.829","2.856","2.974","2.802","-1.01%"
"02.08.2022","2.858","2.629","2.873","2.579","7.69%"
"01.08.2022","2.654","2.703","2.721","2.637","-1.00%"
"29.07.2022","2.681","2.703","2.767","2.658","-0.62%"
"28.07.2022","2.698","2.819","2.884","2.653","-4.87%"
"27.07.2022","2.836","2.894","2.916","2.792","-2.21%"
"26.07.2022","2.900","2.887","2.907","2.797","0.41%"
"25.07.2022","2.888","2.887","2.919","2.860","1.42%"
"22.07.2022","2.848","2.989","3.018","2.809","-4.73%"
"21.07.2022","2.989","3.162","3.212","2.974","-5.61%"
"20.07.2022","3.167","3.160","3.181","3.070","0.22%"
"19.07.2022","3.160","3.099","3.162","3.066","1.82%"
"18.07.2022","3.104","3.044","3.131","3.029","1.84%"
"15.07.2022","3.048","3.062","3.090","2.995","-0.51%"
"14.07.2022","3.063","3.043","3.155","3.013","1.18%"
"13.07.2022","3.028","3.011","3.154","2.967","0.27%"
"12.07.2022","3.020","3.047","3.052","2.953","-1.11%"
"11.07.2022","3.053","3.142","3.149","3.011","-2.18%"
"08.07.2022","3.122","3.037","3.159","3.000","2.73%"
"07.07.2022","3.039","2.980","3.068","2.938","1.98%"
"06.07.2022","2.980","2.835","2.983","2.735","5.53%"
"05.07.2022","2.824","2.914","2.973","2.772","-3.17%"
"04.07.2022","2.916","2.914","2.916","2.914","1.10%"
"01.07.2022","2.884","3.053","3.056","2.780","-5.22%"
"30.06.2022","3.043","3.133","3.160","3.003","-3.08%"
"29.06.2022","3.139","3.236","3.248","3.139","-2.94%"
"28.06.2022","3.235","3.259","3.313","3.224","-0.77%"
"27.06.2022","3.260","3.186","3.291","3.170","2.27%"
"24.06.2022","3.188","3.136","3.198","3.081","1.47%"
"23.06.2022","3.141","3.223","3.251","3.037","-2.86%"
"22.06.2022","3.234","3.370","3.372","3.202","-3.91%"
"21.06.2022","3.365","3.388","3.420","3.351","-0.72%"
"20.06.2022","3.389","3.386","3.391","3.386","1.37%"
"17.06.2022","3.344","3.321","3.425","3.280","1.75%"
"16.06.2022","3.286","3.384","3.588","3.272","-2.59%"
"15.06.2022","3.373","3.564","3.578","3.368","-6.33%"
"14.06.2022","3.601","3.507","3.623","3.357","3.43%"
"13.06.2022","3.482","3.306","3.581","3.285","6.69%"
"10.06.2022","3.264","3.079","3.266","3.053","6.30%"
"09.06.2022","3.070","3.042","3.089","3.017","1.14%"
"08.06.2022","3.036","2.997","3.049","2.992","1.50%"
"07.06.2022","2.991","3.042","3.068","2.963","-1.52%"
"06.06.2022","3.037","2.934","3.044","2.930","3.39%"
"03.06.2022","2.937","2.916","2.978","2.904","0.89%"
"02.06.2022","2.911","2.918","2.945","2.897","-0.17%"
"01.06.2022","2.916","2.839","2.952","2.819","3.38%"
"31.05.2022","2.821","2.807","2.850","2.777","0.49%"
"30.05.2022","2.807","2.814","2.814","2.807","3.04%"
"27.05.2022","2.724","2.714","2.739","2.692","0.68%"
"26.05.2022","2.706","2.712","2.751","2.667","-0.74%"
"25.05.2022","2.726","2.745","2.769","2.695","-0.62%"
"24.05.2022","2.743","2.862","2.881","2.721","-4.64%"
"23.05.2022","2.876","2.825","2.887","2.809","2.51%"
"20.05.2022","2.806","2.845","2.880","2.784","-1.08%"
"19.05.2022","2.837","2.873","2.924","2.777","-1.78%"
"18.05.2022","2.888","2.960","2.998","2.873","-2.66%"
"17.05.2022","2.967","2.828","2.972","2.816","5.03%"
"16.05.2022","2.825","2.889","2.907","2.801","-1.72%"
"13.05.2022","2.874","2.842","2.907","2.823","1.26%"
"12.05.2022","2.838","2.898","2.899","2.779","-2.06%"
"11.05.2022","2.898","2.911","3.019","2.840","-0.35%"
"10.05.2022","2.908","2.945","2.980","2.859","-1.16%"
"09.05.2022","2.942","3.084","3.109","2.925","-4.45%"
"06.05.2022","3.079","3.024","3.084","2.986","2.41%"
"05.05.2022","3.007","2.940","3.058","2.913","2.75%"
"04.05.2022","2.926","3.048","3.068","2.887","-3.33%"
"03.05.2022","3.027","3.010","3.044","2.945","0.80%"
"02.05.2022","3.003","2.967","3.027","2.926","1.38%"
"29.04.2022","2.962","2.885","2.967","2.845","4.00%"
"28.04.2022","2.848","2.824","2.907","2.784","0.82%"
"27.04.2022","2.825","2.757","2.844","2.721","3.15%"
"26.04.2022","2.739","2.854","2.918","2.735","-4.21%"
"25.04.2022","2.859","2.926","2.937","2.771","-2.76%"
"22.04.2022","2.940","3.000","3.049","2.924","-0.80%"
"21.04.2022","2.964","2.862","3.016","2.860","3.57%"
"20.04.2022","2.862","2.937","2.958","2.844","-1.95%"
"19.04.2022","2.918","2.784","2.930","2.767","4.64%"
"18.04.2022","2.789","2.806","2.844","2.758","0.13%"
"14.04.2022","2.786","2.661","2.794","2.581","4.70%"
"13.04.2022","2.661","2.684","2.746","2.572","-1.32%"
"12.04.2022","2.696","2.810","2.846","2.635","-3.18%"
"11.04.2022","2.785","2.776","2.839","2.764","1.06%"
"08.04.2022","2.756","2.701","2.791","2.679","1.45%"
"07.04.2022","2.716","2.677","2.716","2.623","1.01%"
"06.04.2022","2.689","2.717","2.794","2.657","-0.56%"
"05.04.2022","2.704","2.537","2.714","2.527","6.24%"
"04.04.2022","2.545","2.594","2.601","2.523","-0.78%"
"01.04.2022","2.565","2.473","2.594","2.472","4.08%"
"31.03.2022","2.465","2.432","2.470","2.385","0.95%"
"30.03.2022","2.442","2.500","2.525","2.425","-2.40%"
"29.03.2022","2.502","2.533","2.653","2.477","-2.40%"
"28.03.2022","2.563","2.551","2.673","2.510","0.08%"
"25.03.2022","2.561","2.402","2.582","2.377","6.78%"
"24.03.2022","2.398","2.332","2.421","2.323","3.63%"
"23.03.2022","2.315","2.403","2.432","2.313","-3.55%"
"22.03.2022","2.400","2.319","2.407","2.319","3.24%"
"21.03.2022","2.324","2.143","2.340","2.143","8.30%"
"18.03.2022","2.146","2.136","2.173","2.107","0.17%"
"17.03.2022","2.142","2.178","2.183","2.109","-2.07%"
"16.03.2022","2.188","2.109","2.240","2.090","3.84%"
"15.03.2022","2.107","2.093","2.135","2.023","0.49%"
"14.03.2022","2.097","1.996","2.103","1.991","7.54%"
"11.03.2022","1.950","1.923","1.970","1.888","1.30%"
"10.03.2022","1.925","1.878","1.953","1.840","2.38%"
"09.03.2022","1.880","1.796","1.885","1.763","5.84%"
"08.03.2022","1.776","1.702","1.819","1.693","4.33%"
"07.03.2022","1.702","1.569","1.717","1.558","3.36%"
"04.03.2022","1.647","1.753","1.753","1.584","-4.83%"
"03.03.2022","1.731","1.724","1.785","1.708","-1.49%"
"02.03.2022","1.757","1.600","1.783","1.536","11.92%"
"01.03.2022","1.570","1.737","1.763","1.523","-8.36%"
"28.02.2022","1.713","1.790","1.814","1.705","-8.41%"
"25.02.2022","1.870","1.862","1.921","1.836","0.27%"
"24.02.2022","1.865","1.870","1.880","1.750","-2.35%"
"23.02.2022","1.910","1.868","1.915","1.868","2.26%"
"22.02.2022","1.868","1.769","1.873","1.755","5.70%"
"21.02.2022","1.767","1.765","1.767","1.765","-2.85%"
"18.02.2022","1.819","1.827","1.879","1.805","-1.51%"
"17.02.2022","1.847","1.900","1.910","1.840","-3.92%"
"16.02.2022","1.922","1.932","1.952","1.887","-0.77%"
"15.02.2022","1.937","1.911","1.959","1.890","1.51%"
"14.02.2022","1.908","1.864","1.950","1.818","4.12%"
"11.02.2022","1.832","1.946","1.972","1.817","-6.78%"
"10.02.2022","1.966","1.819","1.984","1.790","7.90%"
"09.02.2022","1.822","1.808","1.827","1.772","0.28%"
"08.02.2022","1.817","1.768","1.822","1.768","2.83%"
"07.02.2022","1.767","1.775","1.788","1.755","-0.37%"
"04.02.2022","1.773","1.675","1.790","1.658","5.94%"
"03.02.2022","1.674","1.590","1.680","1.587","4.41%"
"02.02.2022","1.603","1.626","1.634","1.580","-1.21%"
"01.02.2022","1.623","1.619","1.652","1.570","0.51%"
"31.01.2022","1.614","1.636","1.654","1.606","-0.39%"
"28.01.2022","1.621","1.670","1.701","1.572","-2.46%"
"27.01.2022","1.662","1.679","1.701","1.632","-1.65%"
"26.01.2022","1.689","1.573","1.698","1.559","8.01%"
"25.01.2022","1.564","1.547","1.577","1.519","0.87%"
"24.01.2022","1.551","1.575","1.594","1.494","-1.37%"
"21.01.2022","1.572","1.573","1.589","1.527","-1.22%"
"20.01.2022","1.592","1.648","1.658","1.583","-2.94%"
"19.01.2022","1.640","1.655","1.693","1.603","-1.29%"
"18.01.2022","1.661","1.593","1.664","1.589","4.30%"
"17.01.2022","1.593","1.598","1.598","1.593","2.13%"
"14.01.2022","1.559","1.491","1.561","1.472","6.00%"
"13.01.2022","1.471","1.519","1.534","1.465","-3.25%"
"12.01.2022","1.521","1.504","1.524","1.476","0.89%"
"11.01.2022","1.507","1.528","1.558","1.497","-0.53%"
"10.01.2022","1.515","1.505","1.553","1.505","0.78%"
"07.01.2022","1.504","1.469","1.525","1.456","2.04%"
"06.01.2022","1.474","1.424","1.482","1.414","3.34%"
"05.01.2022","1.426","1.364","1.439","1.352","4.81%"
"04.01.2022","1.360","1.349","1.398","1.349","0.00%"
"03.01.2022","1.360","1.321","1.370","1.291","7.72%"
"31.12.2021","1.263","1.268","1.278","1.250","-0.13%"
"30.12.2021","1.265","1.297","1.300","1.261","-2.74%"
"29.12.2021","1.300","1.257","1.310","1.245","4.29%"
"28.12.2021","1.247","1.248","1.258","1.237","-0.26%"
"27.12.2021","1.250","1.242","1.263","1.238","0.52%"
"23.12.2021","1.243","1.220","1.248","1.214","2.29%"
"22.12.2021","1.216","1.204","1.243","1.204","-0.40%"
"21.12.2021","1.220","1.165","1.238","1.155","4.17%"
"20.12.2021","1.172","1.146","1.173","1.115","-0.56%"
"17.12.2021","1.178","1.180","1.196","1.142","0.26%"
"16.12.2021","1.175","1.253","1.271","1.167","-5.62%"
"15.12.2021","1.245","1.237","1.301","1.217","0.92%"
"14.12.2021","1.234","1.216","1.250","1.204","2.57%"
"13.12.2021","1.203","1.263","1.271","1.195","-3.52%"
"10.12.2021","1.247","1.271","1.304","1.217","-1.67%"
"09.12.2021","1.268","1.273","1.289","1.229","-1.01%"
"08.12.2021","1.281","1.253","1.292","1.213","1.68%"
"07.12.2021","1.260","1.201","1.263","1.198","4.57%"
"06.12.2021","1.205","1.166","1.216","1.158","5.67%"
"03.12.2021","1.140","1.192","1.235","1.119","-5.12%"
"02.12.2021","1.202","1.151","1.226","1.147","6.12%"
"01.12.2021","1.132","1.198","1.242","1.129","-3.04%"
"30.11.2021","1.168","1.164","1.218","1.070","0.83%"
"29.11.2021","1.158","1.219","1.245","1.150","-0.96%"
"26.11.2021","1.169","1.302","1.305","1.161","-10.07%"
"25.11.2021","1.300","1.308","1.310","1.300","-3.37%"
"24.11.2021","1.346","1.337","1.380","1.299","0.12%"
"23.11.2021","1.344","1.323","1.365","1.305","1.56%"
"22.11.2021","1.323","1.238","1.327","1.223","8.21%"
"19.11.2021","1.223","1.224","1.241","1.145","0.28%"
"18.11.2021","1.220","1.238","1.252","1.212","-0.80%"
"17.11.2021","1.229","1.275","1.282","1.228","-3.22%"
"16.11.2021","1.270","1.257","1.283","1.229","1.19%"
"15.11.2021","1.255","1.229","1.264","1.202","2.26%"
"12.11.2021","1.228","1.257","1.263","1.205","-2.20%"
"11.11.2021","1.255","1.263","1.263","1.255","2.40%"
"10.11.2021","1.226","1.088","1.232","1.086","13.36%"
"09.11.2021","1.081","1.115","1.117","1.060","-3.61%"
"08.11.2021","1.122","1.059","1.127","1.057","6.28%"
"05.11.2021","1.056","1.125","1.146","1.041","-5.23%"
"04.11.2021","1.114","1.185","1.194","1.089","-6.39%"
"03.11.2021","1.190","1.159","1.224","1.131","4.11%"
"02.11.2021","1.143","1.191","1.198","1.123","-3.28%"
"01.11.2021","1.181","1.214","1.227","1.177","-0.28%"
"29.10.2021","1.185","1.169","1.251","1.165","0.14%"
"28.10.2021","1.183","1.157","1.217","1.141","2.88%"
"27.10.2021","1.150","1.181","1.218","1.130","-2.36%"
"26.10.2021","1.178","1.176","1.204","1.166","0.57%"
"25.10.2021","1.171","1.207","1.217","1.164","-2.46%"
"22.10.2021","1.201","1.227","1.252","1.192","-2.76%"
"21.10.2021","1.235","1.170","1.243","1.157","5.80%"
"20.10.2021","1.167","1.178","1.193","1.131","0.15%"
"19.10.2021","1.165","1.160","1.170","1.129","0.00%"
"18.10.2021","1.165","1.145","1.193","1.137","3.66%"
"15.10.2021","1.124","1.055","1.127","1.053","6.70%"
"14.10.2021","1.053","1.079","1.086","1.042","-1.96%"
"13.10.2021","1.074","1.068","1.128","1.048","0.32%"
"12.10.2021","1.071","1.092","1.095","1.058","-1.93%"
"11.10.2021","1.092","1.092","1.092","1.092","3.39%"
"08.10.2021","1.056","1.033","1.063","0.996","3.04%"
"07.10.2021","1.025","0.991","1.027","0.981","3.78%"
"06.10.2021","0.988","0.983","1.012","0.973","1.17%"
"05.10.2021","0.976","0.951","0.989","0.944","3.25%"
"04.10.2021","0.946","0.922","0.965","0.920","1.73%"
"01.10.2021","0.930","0.978","0.983","0.928","-4.29%"
"30.09.2021","0.971","0.987","1.026","0.965","-2.42%"
"29.09.2021","0.995","1.028","1.034","0.984","-2.83%"
"28.09.2021","1.024","0.999","1.042","0.991","3.69%"
"27.09.2021","0.988","0.957","0.994","0.939","4.15%"
"24.09.2021","0.948","0.942","0.963","0.919","0.00%"
"23.09.2021","0.948","0.855","0.950","0.855","11.08%"
"22.09.2021","0.854","0.826","0.875","0.820","2.34%"
"21.09.2021","0.834","0.828","0.852","0.810","0.98%"
"20.09.2021","0.826","0.862","0.873","0.811","-4.13%"
"17.09.2021","0.862","0.844","0.883","0.836","2.52%"
"16.09.2021","0.840","0.803","0.848","0.797","5.06%"
"15.09.2021","0.800","0.789","0.811","0.776","1.85%"
"14.09.2021","0.785","0.808","0.831","0.768","-2.59%"
"13.09.2021","0.806","0.816","0.827","0.795","-1.19%"
"10.09.2021","0.816","0.792","0.827","0.787","3.49%"
"09.09.2021","0.789","0.809","0.821","0.774","-2.20%"
"08.09.2021","0.806","0.819","0.826","0.800","-2.14%"
"07.09.2021","0.824","0.792","0.830","0.790","4.27%"
"06.09.2021","0.790","0.790","0.790","0.790","0.61%"
"03.09.2021","0.785","0.769","0.811","0.744","2.09%"
"02.09.2021","0.769","0.780","0.780","0.761","-0.83%"
"01.09.2021","0.776","0.785","0.799","0.760","0.00%"
"31.08.2021","0.775","0.769","0.784","0.756","1.04%"
"30.08.2021","0.767","0.795","0.801","0.766","-4.19%"
"27.08.2021","0.801","0.846","0.864","0.795","-5.84%"
"26.08.2021","0.851","0.833","0.860","0.827","3.21%"
"25.08.2021","0.824","0.798","0.832","0.785","3.27%"
"24.08.2021","0.798","0.774","0.800","0.771","3.60%"
"23.08.2021","0.771","0.788","0.803","0.767","-1.65%"
"20.08.2021","0.783","0.768","0.791","0.754","1.71%"
"19.08.2021","0.770","0.775","0.780","0.739","0.22%"
"18.08.2021","0.768","0.765","0.806","0.760","-0.19%"
"17.08.2021","0.770","0.759","0.775","0.723","1.08%"
"16.08.2021","0.762","0.778","0.778","0.726","-1.87%"
"13.08.2021","0.776","0.826","0.831","0.775","-6.22%"
"12.08.2021","0.828","0.803","0.831","0.792","2.62%"
"11.08.2021","0.807","0.831","0.850","0.784","-2.71%"
"10.08.2021","0.829","0.795","0.831","0.785","3.86%"
"09.08.2021","0.798","0.768","0.803","0.745","3.14%"
"06.08.2021","0.774","0.729","0.777","0.727","6.67%"
"05.08.2021","0.726","0.678","0.732","0.671","7.59%"
"04.08.2021","0.674","0.652","0.697","0.606","4.20%"
"03.08.2021","0.647","0.657","0.671","0.633","-1.22%"
"02.08.2021","0.655","0.698","0.700","0.636","-5.51%"
"30.07.2021","0.693","0.729","0.730","0.690","-5.25%"
"29.07.2021","0.732","0.717","0.749","0.711","2.46%"
"28.07.2021","0.714","0.714","0.762","0.701","1.75%"
"27.07.2021","0.702","0.720","0.723","0.684","-3.33%"
"26.07.2021","0.726","0.715","0.728","0.676","1.79%"
"23.07.2021","0.713","0.722","0.741","0.709","-0.93%"
"22.07.2021","0.720","0.735","0.756","0.694","-2.40%"
"21.07.2021","0.738","0.688","0.741","0.659","7.71%"
"20.07.2021","0.685","0.715","0.717","0.631","-3.18%"
"19.07.2021","0.707","0.759","0.770","0.669","-9.47%"
"16.07.2021","0.781","0.780","0.818","0.773","0.19%"
"15.07.2021","0.780","0.794","0.809","0.766","-1.83%"
"14.07.2021","0.794","0.846","0.851","0.793","-6.09%"
"13.07.2021","0.846","0.793","0.854","0.782","6.47%"
"12.07.2021","0.795","0.785","0.811","0.766","1.02%"
"09.07.2021","0.787","0.752","0.790","0.750","6.01%"
"08.07.2021","0.742","0.780","0.790","0.726","-5.50%"
"07.07.2021","0.785","0.803","0.819","0.777","-1.42%"
"06.07.2021","0.797","0.862","0.872","0.789","-7.45%"
"05.07.2021","0.861","0.859","0.861","0.859","0.19%"
"02.07.2021","0.859","0.902","0.925","0.857","-3.76%"
"01.07.2021","0.893","0.893","0.912","0.883","0.18%"
"30.06.2021","0.891","0.891","0.897","0.869","0.00%"
"29.06.2021","0.891","0.899","0.920","0.889","-0.89%"
"28.06.2021","0.899","0.925","0.926","0.891","-2.78%"
"25.06.2021","0.925","0.913","0.939","0.897","1.06%"
"24.06.2021","0.915","0.899","0.917","0.888","4.01%"
"23.06.2021","0.880","0.854","0.886","0.845","2.66%"
"22.06.2021","0.857","0.888","0.904","0.852","-3.47%"
"21.06.2021","0.888","0.883","0.925","0.840","1.31%"
"18.06.2021","0.876","0.892","0.962","0.847","-0.53%"
"17.06.2021","0.881","0.910","0.912","0.866","-1.79%"
"16.06.2021","0.897","0.784","0.913","0.772","15.15%"
"15.06.2021","0.779","0.784","0.792","0.771","-1.02%"
"14.06.2021","0.787","0.750","0.789","0.745","5.84%"
"11.06.2021","0.744","0.720","0.752","0.707","3.81%"
"10.06.2021","0.716","0.750","0.797","0.713","-4.49%"
"09.06.2021","0.750","0.774","0.776","0.724","-3.31%"
"08.06.2021","0.776","0.795","0.797","0.755","-2.22%"
"07.06.2021","0.793","0.790","0.804","0.787","1.65%"
"04.06.2021","0.780","0.843","0.851","0.779","-7.06%"
"03.06.2021","0.840","0.793","0.845","0.792","5.65%"
"02.06.2021","0.795","0.811","0.814","0.788","-1.00%"
"01.06.2021","0.803","0.806","0.827","0.801","-0.58%"
"31.05.2021","0.808","0.811","0.811","0.808","2.44%"
"28.05.2021","0.788","0.819","0.828","0.787","-3.15%"
"27.05.2021","0.814","0.801","0.832","0.795","4.03%"
"26.05.2021","0.782","0.776","0.790","0.769","1.05%"
"25.05.2021","0.774","0.805","0.808","0.768","-3.62%"
"24.05.2021","0.803","0.821","0.825","0.802","-2.17%"
"21.05.2021","0.821","0.820","0.833","0.807","0.81%"
"20.05.2021","0.815","0.858","0.863","0.813","-5.27%"
"19.05.2021","0.860","0.819","0.873","0.802","4.94%"
"18.05.2021","0.819","0.836","0.839","0.816","-1.93%"
"17.05.2021","0.836","0.819","0.837","0.790","2.18%"
"14.05.2021","0.818","0.832","0.834","0.803","-1.35%"
"13.05.2021","0.829","0.868","0.871","0.824","-4.11%"
"12.05.2021","0.864","0.806","0.869","0.793","7.86%"
"11.05.2021","0.801","0.782","0.808","0.772","2.05%"
"10.05.2021","0.785","0.774","0.789","0.755","1.45%"
"07.05.2021","0.774","0.801","0.811","0.716","-3.59%"
"06.05.2021","0.803","0.803","0.806","0.784","1.02%"
"05.05.2021","0.795","0.821","0.845","0.792","-2.94%"
"04.05.2021","0.819","0.830","0.846","0.792","-0.78%"
"03.05.2021","0.825","0.856","0.872","0.816","-2.83%"
"30.04.2021","0.849","0.870","0.883","0.846","-2.02%"
"29.04.2021","0.867","0.854","0.909","0.852","1.69%"
"28.04.2021","0.852","0.880","0.909","0.852","-3.27%"
"27.04.2021","0.881","0.851","0.885","0.848","6.03%"
"26.04.2021","0.831","0.820","0.844","0.815","1.80%"
"23.04.2021","0.816","0.800","0.828","0.784","2.87%"
"22.04.2021","0.794","0.795","0.829","0.779","-0.81%"
"21.04.2021","0.800","0.798","0.813","0.782","0.21%"
"20.04.2021","0.798","0.827","0.852","0.790","-4.27%"
"19.04.2021","0.834","0.824","0.858","0.805","-0.38%"
"16.04.2021","0.837","0.811","0.840","0.808","2.59%"
"15.04.2021","0.816","0.864","0.868","0.792","-5.06%"
"14.04.2021","0.860","0.837","0.874","0.834","2.50%"
"13.04.2021","0.839","0.889","0.913","0.835","-5.29%"
"12.04.2021","0.885","0.881","0.898","0.853","2.25%"
"09.04.2021","0.866","0.842","0.903","0.837","3.28%"
"08.04.2021","0.838","0.867","0.869","0.834","-4.05%"
"07.04.2021","0.874","0.875","0.883","0.843","0.39%"
"06.04.2021","0.870","0.925","0.937","0.866","-6.42%"
"05.04.2021","0.930","0.961","0.988","0.924","2.66%"
"02.04.2021","0.906","0.903","0.980","0.903","0.00%"
"01.04.2021","0.906","0.934","0.947","0.890","-3.40%"
"31.03.2021","0.938","0.905","0.944","0.902","4.32%"
"30.03.2021","0.899","0.889","0.951","0.885","0.72%"
"29.03.2021","0.892","0.859","0.899","0.835","3.35%"
"26.03.2021","0.864","0.828","0.867","0.817","3.46%"
"25.03.2021","0.835","0.833","0.848","0.808","2.53%"
"24.03.2021","0.814","0.814","0.835","0.793","-0.18%"
"23.03.2021","0.816","0.858","0.868","0.811","-5.47%"
"22.03.2021","0.863","0.869","0.871","0.830","-2.74%"
"19.03.2021","0.887","0.860","0.900","0.833","3.10%"
"18.03.2021","0.860","0.808","0.900","0.785","7.35%"
"17.03.2021","0.802","0.831","0.863","0.766","-3.32%"
"16.03.2021","0.829","0.826","0.837","0.808","0.00%"
"15.03.2021","0.829","0.847","0.855","0.822","-1.53%"
"12.03.2021","0.842","0.786","0.858","0.778","7.09%"
"11.03.2021","0.786","0.791","0.802","0.738","-0.39%"
"10.03.2021","0.789","0.799","0.833","0.781","-2.38%"
"09.03.2021","0.808","0.849","0.854","0.807","-6.01%"
"08.03.2021","0.860","0.821","0.863","0.808","7.07%"
"05.03.2021","0.803","0.788","0.847","0.766","2.75%"
"04.03.2021","0.782","0.737","0.793","0.708","6.85%"
"03.03.2021","0.732","0.666","0.748","0.664","10.41%"
"02.03.2021","0.663","0.696","0.714","0.659","-5.03%"
"01.03.2021","0.698","0.702","0.736","0.686","-4.39%"
"26.02.2021","0.730","0.815","0.837","0.704","-10.99%"
"25.02.2021","0.820","0.614","0.865","0.611","36.16%"
"24.02.2021","0.602","0.565","0.626","0.557","5.71%"
"23.02.2021","0.570","0.600","0.607","0.568","-5.10%"
"22.02.2021","0.600","0.595","0.618","0.574","3.95%"
"19.02.2021","0.577","0.554","0.590","0.547","4.13%"
"18.02.2021","0.554","0.550","0.572","0.538","0.00%"
"17.02.2021","0.554","0.583","0.596","0.543","-3.08%"
"16.02.2021","0.572","0.522","0.577","0.501","9.56%"
"15.02.2021","0.522","0.524","0.524","0.522","5.86%"
"12.02.2021","0.493","0.464","0.495","0.455","6.25%"
"11.02.2021","0.464","0.456","0.467","0.445","2.84%"
"10.02.2021","0.451","0.479","0.485","0.450","-5.03%"
"09.02.2021","0.475","0.477","0.482","0.466","-1.31%"
"08.02.2021","0.482","0.469","0.483","0.464","3.44%"
"05.02.2021","0.466","0.458","0.483","0.447","1.77%"
"04.02.2021","0.458","0.464","0.475","0.456","-1.36%"
"03.02.2021","0.464","0.446","0.465","0.445","5.79%"
"02.02.2021","0.438","0.426","0.446","0.421","3.37%"
"01.02.2021","0.424","0.421","0.434","0.413","-0.35%"
"29.01.2021","0.426","0.427","0.456","0.421","-1.46%"
"28.01.2021","0.432","0.414","0.442","0.407","5.39%"
"27.01.2021","0.410","0.424","0.430","0.400","0.27%"
"26.01.2021","0.409","0.412","0.420","0.404","0.81%"
"25.01.2021","0.405","0.439","0.441","0.404","-6.31%"
"22.01.2021","0.433","0.450","0.452","0.431","-3.20%"
"21.01.2021","0.447","0.445","0.468","0.441","1.45%"
"20.01.2021","0.441","0.455","0.461","0.439","-1.43%"
"19.01.2021","0.447","0.461","0.477","0.445","-2.76%"
"18.01.2021","0.460","0.458","0.460","0.458","1.77%"
"15.01.2021","0.452","0.477","0.479","0.450","-6.58%"
"14.01.2021","0.484","0.471","0.493","0.456","1.68%"
"13.01.2021","0.475","0.491","0.507","0.468","-4.48%"
"12.01.2021","0.498","0.504","0.533","0.496","-1.58%"
"11.01.2021","0.506","0.477","0.507","0.469","3.97%"
"08.01.2021","0.486","0.461","0.490","0.456","6.32%"
"07.01.2021","0.458","0.427","0.462","0.423","7.07%"
"06.01.2021","0.427","0.370","0.442","0.370","13.49%"
"05.01.2021","0.377","0.356","0.381","0.353","6.75%"
"04.01.2021","0.353","0.367","0.380","0.350","-2.22%"
"31.12.2020","0.361","0.370","0.373","0.358","-2.57%"
"30.12.2020","0.370","0.378","0.389","0.369","-2.88%"
"29.12.2020","0.381","0.378","0.386","0.373","6.69%"
"28.12.2020","0.357","0.373","0.385","0.357","-1.76%"
"24.12.2020","0.364","0.375","0.377","0.362","-2.15%"
"23.12.2020","0.372","0.364","0.388","0.356","1.75%"
"22.12.2020","0.365","0.380","0.383","0.362","-4.20%"
"21.12.2020","0.381","0.373","0.386","0.342","0.00%"
"18.12.2020","0.381","0.378","0.385","0.367","0.85%"
"17.12.2020","0.378","0.367","0.388","0.353","2.60%"
"16.12.2020","0.369","0.367","0.393","0.361","0.44%"
"15.12.2020","0.367","0.362","0.377","0.356","1.30%"
"14.12.2020","0.362","0.372","0.389","0.356","-0.44%"
"11.12.2020","0.364","0.386","0.388","0.350","-5.36%"
"10.12.2020","0.384","0.397","0.405","0.380","-5.48%"
"09.12.2020","0.407","0.400","0.416","0.397","3.25%"
"08.12.2020","0.394","0.388","0.397","0.373","0.79%"
"07.12.2020","0.391","0.421","0.423","0.388","-7.50%"
"04.12.2020","0.423","0.396","0.434","0.391","6.83%"
"03.12.2020","0.396","0.415","0.423","0.392","-4.95%"
"02.12.2020","0.416","0.416","0.435","0.407","-0.74%"
"01.12.2020","0.419","0.364","0.430","0.358","15.22%"
"30.11.2020","0.364","0.370","0.380","0.358","-1.30%"
"27.11.2020","0.369","0.381","0.383","0.367","-2.90%"
"26.11.2020","0.380","0.377","0.380","0.377","-3.24%"
"25.11.2020","0.392","0.400","0.407","0.377","-1.97%"
"24.11.2020","0.400","0.399","0.402","0.389","3.28%"
"23.11.2020","0.388","0.362","0.392","0.362","3.89%"
"20.11.2020","0.373","0.370","0.386","0.368","-2.05%"
"19.11.2020","0.381","0.387","0.394","0.375","-3.62%"
"18.11.2020","0.395","0.382","0.405","0.371","3.78%"
"17.11.2020","0.381","0.405","0.414","0.379","-6.64%"
"16.11.2020","0.408","0.408","0.422","0.387","-0.37%"
"13.11.2020","0.409","0.395","0.409","0.382","4.12%"
"12.11.2020","0.393","0.443","0.446","0.392","-13.35%"
"11.11.2020","0.454","0.454","0.454","0.454","0.00%"
"10.11.2020","0.454","0.428","0.462","0.419","6.03%"
"09.11.2020","0.428","0.364","0.465","0.345","18.56%"
"06.11.2020","0.361","0.326","0.375","0.326","9.69%"
"05.11.2020","0.329","0.323","0.345","0.307","-0.93%"
"04.11.2020","0.332","0.419","0.424","0.318","-15.69%"
"03.11.2020","0.394","0.381","0.405","0.381","3.77%"
"02.11.2020","0.380","0.373","0.383","0.362","-1.22%"
"30.10.2020","0.384","0.370","0.389","0.356","2.53%"
"29.10.2020","0.375","0.343","0.376","0.334","13.02%"
"28.10.2020","0.332","0.325","0.335","0.314","0.00%"
"27.10.2020","0.332","0.349","0.354","0.328","-5.47%"
"26.10.2020","0.351","0.365","0.368","0.343","-6.00%"
"23.10.2020","0.373","0.373","0.384","0.359","-1.63%"
"22.10.2020","0.380","0.352","0.384","0.346","6.78%"
"21.10.2020","0.355","0.346","0.367","0.346","5.74%"
"20.10.2020","0.336","0.338","0.347","0.330","0.00%"
"19.10.2020","0.336","0.331","0.343","0.325","3.45%"
"16.10.2020","0.325","0.312","0.325","0.304","2.56%"
"15.10.2020","0.317","0.301","0.317","0.287","3.66%"
"14.10.2020","0.306","0.306","0.309","0.294","0.00%"
"13.10.2020","0.306","0.328","0.331","0.301","-7.67%"
"12.10.2020","0.331","0.331","0.331","0.331","-2.79%"
"09.10.2020","0.340","0.331","0.345","0.323","1.95%"
"08.10.2020","0.334","0.339","0.342","0.323","-1.39%"
"07.10.2020","0.339","0.316","0.351","0.313","9.22%"
"06.10.2020","0.310","0.331","0.337","0.305","-6.68%"
"05.10.2020","0.332","0.288","0.337","0.280","15.42%"
"02.10.2020","0.288","0.277","0.291","0.255","4.61%"
"01.10.2020","0.275","0.280","0.301","0.266","-1.15%"
"30.09.2020","0.278","0.256","0.283","0.247","10.00%"
"29.09.2020","0.253","0.263","0.266","0.250","-3.62%"
"28.09.2020","0.263","0.267","0.277","0.259","-1.76%"
"25.09.2020","0.267","0.275","0.282","0.259","-3.43%"
"24.09.2020","0.277","0.275","0.278","0.269","0.47%"
"23.09.2020","0.275","0.268","0.280","0.256","3.61%"
"22.09.2020","0.266","0.268","0.274","0.258","-1.19%"
"21.09.2020","0.269","0.282","0.283","0.255","-5.08%"
"18.09.2020","0.283","0.277","0.285","0.263","1.76%"
"17.09.2020","0.279","0.275","0.282","0.248","-1.69%"
"16.09.2020","0.283","0.266","0.285","0.258","4.11%"
"15.09.2020","0.272","0.263","0.274","0.261","2.99%"
"14.09.2020","0.264","0.256","0.266","0.248","4.38%"
"11.09.2020","0.253","0.269","0.277","0.250","-5.87%"
"10.09.2020","0.269","0.280","0.290","0.263","-3.41%"
"09.09.2020","0.278","0.264","0.286","0.258","3.53%"
"08.09.2020","0.269","0.294","0.294","0.261","-8.10%"
"07.09.2020","0.293","0.293","0.293","0.293","-2.63%"
"04.09.2020","0.301","0.244","0.305","0.242","21.01%"
"03.09.2020","0.248","0.250","0.266","0.226","-1.27%"
"02.09.2020","0.252","0.258","0.269","0.248","-1.22%"
"01.09.2020","0.255","0.271","0.283","0.253","-5.28%"
"31.08.2020","0.269","0.269","0.286","0.259","-1.14%"
"28.08.2020","0.272","0.316","0.329","0.267","-13.10%"
"27.08.2020","0.313","0.288","0.316","0.261","8.53%"
"26.08.2020","0.288","0.296","0.317","0.287","-2.67%"
"25.08.2020","0.296","0.283","0.319","0.283","5.11%"
"24.08.2020","0.282","0.268","0.285","0.263","5.38%"
"21.08.2020","0.268","0.272","0.279","0.252","-1.76%"
"20.08.2020","0.272","0.280","0.282","0.256","-6.04%"
"19.08.2020","0.290","0.272","0.290","0.264","4.02%"
"18.08.2020","0.279","0.285","0.291","0.269","-4.36%"
"17.08.2020","0.291","0.298","0.298","0.274","-1.62%"
"14.08.2020","0.296","0.320","0.323","0.291","-7.44%"
"13.08.2020","0.320","0.299","0.323","0.277","6.92%"
"12.08.2020","0.299","0.271","0.310","0.267","8.05%"
"11.08.2020","0.277","0.231","0.293","0.231","16.69%"
"10.08.2020","0.237","0.231","0.239","0.211","3.44%"
"07.08.2020","0.229","0.212","0.234","0.203","6.55%"
"06.08.2020","0.215","0.222","0.226","0.192","-3.54%"
"05.08.2020","0.223","0.195","0.225","0.190","16.43%"
"04.08.2020","0.192","0.220","0.225","0.189","-12.90%"
"03.08.2020","0.220","0.212","0.229","0.211","5.26%"
"31.07.2020","0.209","0.226","0.239","0.206","-8.93%"
"30.07.2020","0.230","0.252","0.255","0.225","-9.85%"
"29.07.2020","0.255","0.266","0.275","0.245","-4.14%"
"28.07.2020","0.266","0.289","0.296","0.263","-7.36%"
"27.07.2020","0.287","0.274","0.288","0.260","4.67%"
"24.07.2020","0.274","0.268","0.277","0.256","1.82%"
"23.07.2020","0.269","0.271","0.275","0.261","-2.32%"
"22.07.2020","0.275","0.269","0.277","0.258","2.38%"
"21.07.2020","0.269","0.280","0.290","0.264","-4.00%"
"20.07.2020","0.280","0.283","0.288","0.268","0.61%"
"17.07.2020","0.279","0.279","0.288","0.266","0.58%"
"16.07.2020","0.277","0.287","0.291","0.269","-3.85%"
"15.07.2020","0.288","0.296","0.309","0.277","-1.10%"
"14.07.2020","0.291","0.288","0.296","0.271","1.68%"
"13.07.2020","0.287","0.293","0.312","0.283","-5.73%"
"10.07.2020","0.304","0.286","0.307","0.258","7.27%"
"09.07.2020","0.283","0.301","0.301","0.269","-6.25%"
"08.07.2020","0.302","0.289","0.307","0.288","5.52%"
"07.07.2020","0.286","0.302","0.310","0.282","-4.72%"
"06.07.2020","0.301","0.297","0.320","0.296","2.18%"
"02.07.2020","0.294","0.313","0.331","0.291","-5.55%"
"01.07.2020","0.312","0.289","0.319","0.288","8.23%"
"30.06.2020","0.288","0.277","0.296","0.266","4.58%"
"29.06.2020","0.275","0.296","0.307","0.274","-8.39%"
"26.06.2020","0.300","0.327","0.332","0.292","-9.08%"
"25.06.2020","0.330","0.327","0.335","0.313","3.67%"
"24.06.2020","0.319","0.330","0.346","0.314","-3.39%"
"23.06.2020","0.330","0.339","0.349","0.320","-2.80%"
"22.06.2020","0.339","0.325","0.341","0.314","4.43%"
"19.06.2020","0.325","0.336","0.357","0.315","-2.34%"
"18.06.2020","0.333","0.338","0.342","0.320","-2.80%"
"17.06.2020","0.342","0.350","0.354","0.328","1.90%"
"16.06.2020","0.336","0.361","0.366","0.330","-1.84%"
"15.06.2020","0.342","0.306","0.347","0.294","2.89%"
"12.06.2020","0.333","0.328","0.344","0.314","4.03%"
"11.06.2020","0.320","0.312","0.326","0.298","-1.45%"
"10.06.2020","0.324","0.403","0.409","0.315","-18.41%"
"09.06.2020","0.398","0.445","0.447","0.394","-11.68%"
"08.06.2020","0.450","0.468","0.481","0.431","-2.74%"
"05.06.2020","0.463","0.402","0.506","0.389","13.37%"
"04.06.2020","0.408","0.370","0.413","0.356","12.23%"
"03.06.2020","0.364","0.326","0.384","0.319","13.33%"
"02.06.2020","0.321","0.297","0.326","0.297","3.58%"
"01.06.2020","0.310","0.294","0.323","0.288","2.11%"
"29.05.2020","0.304","0.327","0.332","0.299","-10.68%"
"28.05.2020","0.340","0.348","0.354","0.326","-3.60%"
"27.05.2020","0.353","0.343","0.378","0.319","1.85%"
"26.05.2020","0.346","0.335","0.369","0.332","2.85%"
"25.05.2020","0.337","0.337","0.337","0.337","0.96%"
"22.05.2020","0.333","0.337","0.342","0.310","-3.28%"
"21.05.2020","0.345","0.337","0.346","0.322","0.00%"
"20.05.2020","0.345","0.334","0.357","0.321","2.86%"
"19.05.2020","0.335","0.370","0.378","0.332","-9.87%"
"18.05.2020","0.372","0.305","0.380","0.294","19.43%"
"15.05.2020","0.311","0.308","0.316","0.281","3.66%"
"14.05.2020","0.300","0.312","0.316","0.291","-5.98%"
"13.05.2020","0.319","0.319","0.331","0.302","-1.96%"
"12.05.2020","0.326","0.350","0.373","0.321","-6.81%"
"11.05.2020","0.350","0.342","0.361","0.313","4.73%"
"08.05.2020","0.334","0.305","0.337","0.272","9.30%"
"07.05.2020","0.305","0.362","0.383","0.293","-18.21%"
"06.05.2020","0.373","0.386","0.405","0.367","-0.43%"
"05.05.2020","0.375","0.375","0.392","0.356","3.94%"
"04.05.2020","0.361","0.350","0.372","0.337","2.24%"
"01.05.2020","0.353","0.358","0.372","0.329","-3.45%"
"30.04.2020","0.366","0.362","0.372","0.324","-0.44%"
"29.04.2020","0.367","0.375","0.377","0.339","-2.52%"
"28.04.2020","0.377","0.411","0.413","0.362","-7.08%"
"27.04.2020","0.405","0.377","0.408","0.372","8.08%"
"24.04.2020","0.375","0.374","0.381","0.356","1.21%"
"23.04.2020","0.370","0.363","0.386","0.356","1.76%"
"22.04.2020","0.364","0.347","0.383","0.323","10.07%"
"21.04.2020","0.331","0.352","0.356","0.301","-5.49%"
"20.04.2020","0.350","0.360","0.368","0.339","-2.23%"
"17.04.2020","0.358","0.392","0.406","0.320","1.73%"
"16.04.2020","0.352","0.339","0.360","0.315","3.71%"
"15.04.2020","0.339","0.415","0.419","0.325","-19.58%"
"14.04.2020","0.422","0.444","0.460","0.398","-7.34%"
"13.04.2020","0.455","0.411","0.455","0.405","10.81%"
"09.04.2020","0.411","0.481","0.481","0.398","-12.83%"
"08.04.2020","0.471","0.457","0.494","0.438","0.68%"
"07.04.2020","0.468","0.457","0.519","0.444","4.60%"
"06.04.2020","0.448","0.392","0.454","0.392","15.99%"
"03.04.2020","0.386","0.381","0.397","0.348","0.36%"
"02.04.2020","0.384","0.342","0.399","0.337","3.36%"
"01.04.2020","0.372","0.366","0.385","0.323","-0.43%"
"31.03.2020","0.374","0.402","0.410","0.336","-10.24%"
"30.03.2020","0.416","0.385","0.418","0.334","3.92%"
"27.03.2020","0.400","0.517","0.530","0.382","-23.99%"
"26.03.2020","0.527","0.519","0.570","0.448","0.90%"
"25.03.2020","0.522","0.515","0.552","0.483","-1.55%"
"24.03.2020","0.530","0.411","0.534","0.406","30.54%"
"23.03.2020","0.406","0.419","0.475","0.348","-15.46%"
"20.03.2020","0.481","0.671","0.677","0.460","-32.26%"
"19.03.2020","0.710","0.734","0.841","0.556","-10.68%"
"18.03.2020","0.794","0.699","0.823","0.630","7.77%"
"17.03.2020","0.737","0.502","0.756","0.489","45.59%"
"16.03.2020","0.506","0.461","0.571","0.392","-30.76%"
"13.03.2020","0.731","0.608","0.766","0.563","19.27%"
"12.03.2020","0.613","0.706","0.708","0.481","-12.65%"
"11.03.2020","0.702","0.623","0.715","0.530","4.70%"
"10.03.2020","0.670","0.549","0.677","0.489","33.87%"
"09.03.2020","0.501","0.403","0.526","0.312","-18.25%"
"06.03.2020","0.613","0.679","0.684","0.490","-10.27%"
"05.03.2020","0.683","0.786","0.786","0.653","-13.11%"
"04.03.2020","0.786","0.734","0.792","0.689","5.72%"
"03.03.2020","0.743","0.943","0.947","0.661","-20.17%"
"02.03.2020","0.931","0.875","0.950","0.789","-2.19%"
"28.02.2020","0.952","1.088","1.094","0.894","-11.88%"
"27.02.2020","1.080","1.141","1.144","1.041","-6.69%"
"26.02.2020","1.157","1.188","1.203","1.122","-2.35%"
"25.02.2020","1.185","1.228","1.257","1.130","-1.77%"
"24.02.2020","1.206","1.278","1.281","1.192","-8.77%"
"21.02.2020","1.322","1.362","1.370","1.283","-3.01%"
"20.02.2020","1.363","1.419","1.426","1.352","-3.26%"
"19.02.2020","1.409","1.408","1.426","1.388","0.94%"
"18.02.2020","1.396","1.409","1.413","1.373","-0.93%"
"17.02.2020","1.409","1.411","1.411","1.409","-0.58%"
"14.02.2020","1.418","1.432","1.442","1.401","-1.70%"
"13.02.2020","1.442","1.427","1.447","1.388","-0.78%"
"12.02.2020","1.454","1.429","1.455","1.418","2.19%"
"11.02.2020","1.422","1.401","1.422","1.395","3.08%"
"10.02.2020","1.380","1.382","1.422","1.362","-1.74%"
"07.02.2020","1.404","1.463","1.466","1.396","-4.02%"
"06.02.2020","1.463","1.460","1.497","1.448","0.00%"
"05.02.2020","1.463","1.421","1.486","1.395","2.88%"
"04.02.2020","1.422","1.341","1.439","1.338","5.43%"
"03.02.2020","1.349","1.323","1.391","1.318","2.59%"
"31.01.2020","1.315","1.403","1.419","1.310","-6.68%"
"30.01.2020","1.409","1.411","1.412","1.352","0.35%"
"29.01.2020","1.404","1.471","1.487","1.401","-5.38%"
"28.01.2020","1.484","1.445","1.484","1.401","2.72%"
"27.01.2020","1.445","1.451","1.471","1.420","-4.25%"
"24.01.2020","1.509","1.557","1.573","1.489","-2.25%"
"23.01.2020","1.544","1.572","1.572","1.524","-1.99%"
"22.01.2020","1.575","1.587","1.596","1.567","0.00%"
"21.01.2020","1.575","1.620","1.621","1.568","-2.75%"
"20.01.2020","1.620","1.618","1.620","1.618","-0.20%"
"17.01.2020","1.623","1.623","1.649","1.611","-0.12%"
"16.01.2020","1.625","1.607","1.635","1.592","1.43%"
"15.01.2020","1.602","1.617","1.628","1.594","-1.02%"
"14.01.2020","1.618","1.653","1.666","1.617","-1.99%"
"13.01.2020","1.651","1.664","1.664","1.638","1.10%"
"10.01.2020","1.633","1.651","1.676","1.623","-1.10%"
"09.01.2020","1.651","1.661","1.691","1.646","-0.79%"
"08.01.2020","1.664","1.554","1.668","1.503","3.77%"
"07.01.2020","1.604","1.611","1.622","1.594","-0.21%"
"06.01.2020","1.607","1.568","1.620","1.560","0.81%"
"03.01.2020","1.594","1.643","1.643","1.581","-4.32%"
"02.01.2020","1.666","1.697","1.715","1.634","-1.55%"
"01.01.2020","1.693","1.693","1.693","1.693","0.00%"
"31.12.2019","1.693","1.684","1.704","1.673","0.97%"
"30.12.2019","1.676","1.678","1.730","1.671","-0.10%"
"27.12.2019","1.678","1.722","1.724","1.678","-2.38%"
"26.12.2019","1.719","1.743","1.747","1.717","-0.95%"
"25.12.2019","1.735","1.737","1.737","1.735","1.34%"
"24.12.2019","1.712","1.747","1.771","1.706","-1.90%"
"23.12.2019","1.745","1.735","1.757","1.717","0.68%"
"20.12.2019","1.734","1.733","1.755","1.723","-0.07%"
"19.12.2019","1.735","1.738","1.763","1.707","-0.09%"
"18.12.2019","1.737","1.707","1.752","1.692","2.06%"
"17.12.2019","1.702","1.700","1.716","1.683","-0.09%"
"16.12.2019","1.703","1.663","1.723","1.661","2.81%"
"13.12.2019","1.656","1.777","1.777","1.648","-4.29%"
"12.12.2019","1.731","1.641","1.759","1.613","5.66%"
"11.12.2019","1.638","1.686","1.689","1.632","-2.84%"
"10.12.2019","1.686","1.658","1.691","1.636","1.70%"
"09.12.2019","1.658","1.668","1.669","1.643","-0.59%"
"06.12.2019","1.668","1.629","1.699","1.613","2.23%"
"05.12.2019","1.631","1.600","1.648","1.585","1.75%"
"04.12.2019","1.603","1.549","1.613","1.529","3.82%"
"03.12.2019","1.544","1.644","1.670","1.518","-6.08%"
"02.12.2019","1.644","1.642","1.688","1.641","1.22%"
"29.11.2019","1.624","1.636","1.649","1.616","-0.70%"
"28.11.2019","1.636","1.634","1.636","1.632","0.50%"
"27.11.2019","1.628","1.592","1.634","1.587","1.98%"
"26.11.2019","1.596","1.616","1.636","1.586","-0.72%"
"25.11.2019","1.607","1.634","1.652","1.607","-1.02%"
"22.11.2019","1.624","1.612","1.636","1.592","0.32%"
"21.11.2019","1.619","1.576","1.625","1.551","1.56%"
"20.11.2019","1.594","1.604","1.615","1.572","-1.93%"
"19.11.2019","1.625","1.634","1.654","1.614","-0.70%"
"18.11.2019","1.637","1.643","1.672","1.614","-1.00%"
"15.11.2019","1.653","1.640","1.662","1.632","1.54%"
"14.11.2019","1.628","1.693","1.701","1.612","-4.09%"
"13.11.2019","1.698","1.736","1.737","1.675","-2.10%"
"12.11.2019","1.734","1.739","1.769","1.716","-0.28%"
"11.11.2019","1.739","1.736","1.739","1.736","-0.66%"
"08.11.2019","1.751","1.734","1.767","1.698","0.51%"
"07.11.2019","1.742","1.626","1.783","1.618","6.79%"
"06.11.2019","1.631","1.659","1.666","1.618","-1.78%"
"05.11.2019","1.661","1.616","1.682","1.600","3.91%"
"04.11.2019","1.598","1.565","1.610","1.565","3.50%"
"01.11.2019","1.544","1.520","1.575","1.498","1.73%"
"31.10.2019","1.518","1.611","1.634","1.510","-5.59%"
"30.10.2019","1.608","1.660","1.678","1.606","-3.07%"
"29.10.2019","1.659","1.670","1.685","1.645","-0.39%"
"28.10.2019","1.665","1.629","1.683","1.626","2.42%"
"25.10.2019","1.626","1.577","1.645","1.570","2.37%"
"24.10.2019","1.588","1.578","1.603","1.557","-0.38%"
"23.10.2019","1.594","1.586","1.596","1.553","0.21%"
"22.10.2019","1.591","1.617","1.626","1.579","-1.33%"
"21.10.2019","1.612","1.549","1.614","1.549","2.96%"
"18.10.2019","1.566","1.571","1.592","1.541","-0.51%"
"17.10.2019","1.574","1.551","1.624","1.541","0.42%"
"16.10.2019","1.567","1.590","1.592","1.538","-1.96%"
"15.10.2019","1.599","1.544","1.605","1.498","3.42%"
"14.10.2019","1.546","1.544","1.546","1.544","-0.64%"
"11.10.2019","1.556","1.484","1.594","1.464","4.52%"
"10.10.2019","1.488","1.370","1.490","1.357","5.67%"
"09.10.2019","1.409","1.345","1.410","1.345","3.83%"
"08.10.2019","1.357","1.388","1.422","1.331","-2.91%"
"07.10.2019","1.397","1.329","1.401","1.319","3.60%"
"04.10.2019","1.349","1.349","1.383","1.324","0.00%"
"03.10.2019","1.349","1.425","1.433","1.320","-5.99%"
"02.10.2019","1.435","1.492","1.518","1.415","-3.61%"
"01.10.2019","1.489","1.549","1.624","1.469","-3.69%"
"30.09.2019","1.546","1.560","1.590","1.544","-1.25%"
"27.09.2019","1.565","1.580","1.613","1.549","-1.24%"
"26.09.2019","1.585","1.605","1.608","1.559","-1.51%"
"25.09.2019","1.609","1.532","1.614","1.512","5.25%"
"24.09.2019","1.529","1.594","1.601","1.504","-4.47%"
"23.09.2019","1.600","1.634","1.640","1.540","0.00%"
"20.09.2019","1.600","1.660","1.669","1.597","-3.78%"
"19.09.2019","1.663","1.671","1.698","1.633","-0.88%"
"18.09.2019","1.678","1.658","1.686","1.598","0.82%"
"17.09.2019","1.664","1.701","1.706","1.653","-1.96%"
"16.09.2019","1.697","1.756","1.756","1.684","-3.41%"
"13.09.2019","1.757","1.638","1.762","1.627","7.17%"
"12.09.2019","1.640","1.621","1.656","1.537","2.62%"
"11.09.2019","1.598","1.590","1.603","1.568","-0.30%"
"10.09.2019","1.603","1.504","1.603","1.482","6.84%"
"09.09.2019","1.500","1.431","1.504","1.423","4.83%"
"06.09.2019","1.431","1.431","1.489","1.405","-0.21%"
"05.09.2019","1.434","1.326","1.460","1.326","8.54%"
"04.09.2019","1.321","1.323","1.360","1.308","-0.97%"
"03.09.2019","1.334","1.390","1.414","1.310","-3.99%"
"02.09.2019","1.390","1.395","1.395","1.390","-0.11%"
"30.08.2019","1.391","1.395","1.434","1.383","-0.35%"
"29.08.2019","1.396","1.359","1.426","1.342","1.60%"
"28.08.2019","1.374","1.386","1.399","1.355","-0.49%"
"27.08.2019","1.381","1.412","1.420","1.375","-2.66%"
"26.08.2019","1.419","1.350","1.435","1.328","0.33%"
"23.08.2019","1.414","1.498","1.543","1.386","-5.59%"
"22.08.2019","1.498","1.474","1.513","1.442","1.66%"
"21.08.2019","1.474","1.436","1.477","1.434","3.19%"
"20.08.2019","1.428","1.461","1.467","1.407","-3.53%"
"19.08.2019","1.480","1.428","1.482","1.427","4.00%"
"16.08.2019","1.423","1.422","1.474","1.403","1.93%"
"15.08.2019","1.396","1.501","1.510","1.383","-6.54%"
"14.08.2019","1.494","1.572","1.574","1.468","-5.77%"
"13.08.2019","1.586","1.499","1.592","1.465","6.69%"
"12.08.2019","1.486","1.602","1.602","1.475","-5.89%"
"09.08.2019","1.579","1.519","1.584","1.509","2.30%"
"08.08.2019","1.544","1.526","1.596","1.521","0.10%"
"07.08.2019","1.542","1.508","1.554","1.416","1.06%"
"06.08.2019","1.526","1.482","1.580","1.477","-0.12%"
"05.08.2019","1.528","1.668","1.671","1.518","-8.05%"
"02.08.2019","1.661","1.684","1.714","1.634","-1.84%"
"01.08.2019","1.693","1.840","1.872","1.658","-7.11%"
"31.07.2019","1.822","1.842","1.908","1.804","-1.07%"
"30.07.2019","1.842","1.842","1.855","1.822","-0.09%"
"29.07.2019","1.844","1.845","1.849","1.827","-0.53%"
"26.07.2019","1.854","1.859","1.887","1.840","-0.45%"
"25.07.2019","1.862","1.807","1.872","1.783","2.59%"
"24.07.2019","1.815","1.831","1.835","1.791","-0.73%"
"23.07.2019","1.828","1.808","1.836","1.798","1.30%"
"22.07.2019","1.805","1.820","1.831","1.786","-0.64%"
"19.07.2019","1.816","1.795","1.826","1.788","2.82%"
"18.07.2019","1.766","1.818","1.844","1.765","-2.47%"
"17.07.2019","1.811","1.874","1.878","1.810","-3.20%"
"16.07.2019","1.871","1.844","1.903","1.839","1.35%"
"15.07.2019","1.846","1.921","1.921","1.843","-1.33%"
"12.07.2019","1.871","1.889","1.901","1.856","-1.47%"
"11.07.2019","1.899","1.819","1.907","1.803","3.90%"
"10.07.2019","1.828","1.876","1.919","1.814","-3.24%"
"09.07.2019","1.889","1.847","1.889","1.841","1.88%"
"08.07.2019","1.854","1.841","1.861","1.806","0.90%"
"05.07.2019","1.837","1.729","1.862","1.722","6.19%"
"04.07.2019","1.730","1.729","1.732","1.729","-0.37%"
"03.07.2019","1.737","1.740","1.747","1.709","-0.38%"
"02.07.2019","1.743","1.780","1.788","1.740","-2.93%"
"01.07.2019","1.796","1.816","1.816","1.762","1.58%"
"28.06.2019","1.768","1.775","1.789","1.753","-0.10%"
"27.06.2019","1.770","1.799","1.835","1.762","-1.60%"
"26.06.2019","1.798","1.742","1.804","1.741","4.00%"
"25.06.2019","1.729","1.744","1.762","1.709","-1.04%"
"24.06.2019","1.747","1.794","1.804","1.744","-2.77%"
"21.06.2019","1.797","1.770","1.820","1.753","1.19%"
"20.06.2019","1.776","1.760","1.801","1.709","0.65%"
"19.06.2019","1.765","1.839","1.875","1.760","-3.61%"
"18.06.2019","1.831","1.852","1.860","1.776","-1.17%"
"17.06.2019","1.852","1.847","1.872","1.836","0.89%"
"14.06.2019","1.836","1.825","1.866","1.796","0.08%"
"13.06.2019","1.834","1.877","1.882","1.818","-2.11%"
"12.06.2019","1.874","1.912","1.916","1.863","-2.16%"
"11.06.2019","1.916","1.906","1.945","1.902","-0.09%"
"10.06.2019","1.917","1.899","1.919","1.874","3.56%"
"07.06.2019","1.851","1.891","1.894","1.791","-1.67%"
"06.06.2019","1.883","1.868","1.901","1.835","0.61%"
"05.06.2019","1.871","1.899","1.899","1.804","-0.79%"
"04.06.2019","1.886","1.847","1.921","1.844","2.49%"
"03.06.2019","1.840","1.908","1.916","1.821","-3.95%"
"31.05.2019","1.916","1.990","1.993","1.908","-5.38%"
"30.05.2019","2.025","2.068","2.098","2.015","-2.23%"
"29.05.2019","2.071","2.061","2.076","2.007","0.03%"
"28.05.2019","2.070","2.115","2.126","2.064","-2.22%"
"27.05.2019","2.117","2.119","2.119","2.117","-0.24%"
"24.05.2019","2.122","2.116","2.134","2.104","0.22%"
"23.05.2019","2.118","2.184","2.184","2.082","-2.84%"
"22.05.2019","2.179","2.228","2.231","2.179","-2.18%"
"21.05.2019","2.228","2.203","2.238","2.196","0.98%"
"20.05.2019","2.206","2.186","2.208","2.168","1.38%"
"17.05.2019","2.176","2.176","2.195","2.138","0.23%"
"16.05.2019","2.171","2.148","2.200","2.130","0.92%"
"15.05.2019","2.151","2.188","2.201","2.128","-1.83%"
"14.05.2019","2.191","2.178","2.210","2.173","0.30%"
"13.05.2019","2.185","2.225","2.237","2.170","-3.68%"
"10.05.2019","2.268","2.257","2.272","2.218","0.67%"
"09.05.2019","2.253","2.280","2.282","2.215","-1.53%"
"08.05.2019","2.288","2.262","2.295","2.230","1.56%"
"07.05.2019","2.253","2.270","2.297","2.248","-1.74%"
"06.05.2019","2.293","2.273","2.297","2.265","-1.44%"
"03.05.2019","2.327","2.349","2.395","2.312","-0.85%"
"02.05.2019","2.347","2.303","2.353","2.303","1.88%"
"01.05.2019","2.303","2.283","2.317","2.217","1.10%"
"30.04.2019","2.278","2.307","2.335","2.277","-1.44%"
"29.04.2019","2.312","2.330","2.330","2.288","0.95%"
"26.04.2019","2.290","2.323","2.345","2.280","-1.72%"
"25.04.2019","2.330","2.317","2.337","2.306","0.78%"
"24.04.2019","2.312","2.361","2.363","2.305","-2.08%"
"23.04.2019","2.361","2.385","2.391","2.352","-0.99%"
"22.04.2019","2.385","2.368","2.391","2.364","0.65%"
"18.04.2019","2.369","2.399","2.399","2.356","-1.46%"
"17.04.2019","2.404","2.402","2.430","2.391","-0.07%"
"16.04.2019","2.406","2.372","2.411","2.363","1.43%"
"15.04.2019","2.372","2.373","2.394","2.365","-0.21%"
"12.04.2019","2.377","2.312","2.382","2.306","2.71%"
"11.04.2019","2.314","2.282","2.319","2.277","1.93%"
"10.04.2019","2.270","2.307","2.316","2.265","-1.60%"
"09.04.2019","2.307","2.324","2.334","2.290","-0.79%"
"08.04.2019","2.326","2.314","2.331","2.295","0.73%"
"05.04.2019","2.309","2.320","2.352","2.302","-0.42%"
"04.04.2019","2.319","2.322","2.330","2.293","-0.50%"
"03.04.2019","2.330","2.285","2.333","2.280","2.06%"
"02.04.2019","2.283","2.310","2.312","2.280","-1.80%"
"01.04.2019","2.325","2.261","2.327","2.246","3.96%"
"29.03.2019","2.236","2.214","2.260","2.206","1.21%"
"28.03.2019","2.210","2.165","2.223","2.138","1.83%"
"27.03.2019","2.170","2.205","2.213","2.118","-1.75%"
"26.03.2019","2.208","2.197","2.242","2.180","0.99%"
"25.03.2019","2.187","2.254","2.270","2.158","-2.40%"
"22.03.2019","2.240","2.341","2.341","2.224","-4.31%"
"21.03.2019","2.341","2.323","2.350","2.299","0.65%"
"20.03.2019","2.326","2.429","2.429","2.319","-4.23%"
"19.03.2019","2.429","2.410","2.437","2.400","0.56%"
"18.03.2019","2.415","2.402","2.417","2.388","0.77%"
"15.03.2019","2.397","2.427","2.437","2.382","-1.38%"
"14.03.2019","2.430","2.430","2.444","2.412","-0.07%"
"13.03.2019","2.432","2.415","2.435","2.408","1.12%"
"12.03.2019","2.405","2.464","2.476","2.400","-1.58%"
"11.03.2019","2.444","2.429","2.451","2.422","0.49%"
"08.03.2019","2.432","2.447","2.450","2.400","-0.41%"
"07.03.2019","2.442","2.494","2.497","2.434","-2.28%"
"06.03.2019","2.499","2.529","2.531","2.484","-1.19%"
"05.03.2019","2.529","2.533","2.563","2.524","0.00%"
"04.03.2019","2.529","2.570","2.570","2.524","-1.25%"
"01.03.2019","2.561","2.514","2.566","2.509","1.81%"
"28.02.2019","2.516","2.470","2.529","2.455","1.35%"
"27.02.2019","2.482","2.445","2.494","2.437","1.44%"
"26.02.2019","2.447","2.465","2.472","2.442","-1.39%"
"25.02.2019","2.481","2.485","2.500","2.474","0.41%"
"22.02.2019","2.471","2.510","2.513","2.452","-1.69%"
"21.02.2019","2.513","2.468","2.518","2.466","1.71%"
"20.02.2019","2.471","2.463","2.476","2.453","0.48%"
"19.02.2019","2.459","2.501","2.503","2.458","-1.62%"
"18.02.2019","2.500","2.500","2.500","2.500","0.27%"
"15.02.2019","2.493","2.480","2.507","2.466","0.82%"
"14.02.2019","2.473","2.520","2.535","2.456","-2.20%"
"13.02.2019","2.529","2.503","2.537","2.495","1.42%"
"12.02.2019","2.493","2.466","2.503","2.466","0.95%"
"11.02.2019","2.470","2.446","2.485","2.444","1.03%"
"08.02.2019","2.444","2.465","2.468","2.429","-0.82%"
"07.02.2019","2.465","2.505","2.505","2.456","-1.74%"
"06.02.2019","2.508","2.513","2.515","2.483","-0.33%"
"05.02.2019","2.517","2.532","2.550","2.503","-0.80%"
"04.02.2019","2.537","2.515","2.545","2.505","1.34%"
"01.02.2019","2.503","2.451","2.518","2.433","2.60%"
"31.01.2019","2.440","2.492","2.493","2.425","-1.81%"
"30.01.2019","2.485","2.552","2.567","2.483","-2.37%"
"29.01.2019","2.545","2.579","2.582","2.540","-1.43%"
"28.01.2019","2.582","2.596","2.609","2.567","-0.59%"
"25.01.2019","2.598","2.557","2.601","2.552","1.86%"
"24.01.2019","2.550","2.576","2.588","2.533","-1.32%"
"23.01.2019","2.584","2.574","2.611","2.569","0.20%"
"22.01.2019","2.579","2.606","2.611","2.560","-1.10%"
"21.01.2019","2.608","2.606","2.608","2.606","-0.65%"
"18.01.2019","2.625","2.571","2.635","2.566","1.90%"
"17.01.2019","2.576","2.537","2.588","2.513","1.33%"
"16.01.2019","2.542","2.535","2.562","2.525","0.33%"
"15.01.2019","2.534","2.525","2.540","2.492","0.26%"
"14.01.2019","2.527","2.517","2.532","2.482","0.00%"
"11.01.2019","2.527","2.554","2.564","2.507","-1.64%"
"10.01.2019","2.569","2.547","2.571","2.506","0.79%"
"09.01.2019","2.549","2.583","2.596","2.541","-1.24%"
"08.01.2019","2.581","2.534","2.586","2.522","1.72%"
"07.01.2019","2.537","2.501","2.541","2.462","1.47%"
"04.01.2019","2.501","2.371","2.509","2.355","6.21%"
"03.01.2019","2.355","2.454","2.498","2.351","-4.58%"
"02.01.2019","2.468","2.524","2.530","2.459","-1.67%"
"01.01.2019","2.510","2.510","2.510","2.510","0.00%"
"31.12.2018","2.510","2.585","2.585","2.498","-1.77%"
"28.12.2018","2.555","2.617","2.628","2.551","-2.49%"
"27.12.2018","2.620","2.664","2.669","2.583","-1.13%"
"26.12.2018","2.650","2.578","2.657","2.556","2.81%"
"25.12.2018","2.578","2.578","2.578","2.578","0.20%"
"24.12.2018","2.572","2.638","2.642","2.569","-2.44%"
"21.12.2018","2.637","2.664","2.681","2.628","-1.28%"
"20.12.2018","2.671","2.631","2.673","2.615","1.66%"
"19.12.2018","2.627","2.648","2.715","2.597","-1.02%"
"18.12.2018","2.654","2.695","2.695","2.648","-1.38%"
"17.12.2018","2.692","2.736","2.741","2.683","-1.55%"
"14.12.2018","2.734","2.756","2.758","2.705","-0.81%"
"13.12.2018","2.756","2.770","2.773","2.748","-0.49%"
"12.12.2018","2.770","2.746","2.776","2.741","0.98%"
"11.12.2018","2.743","2.706","2.756","2.701","0.93%"
"10.12.2018","2.718","2.674","2.719","2.672","0.62%"
"07.12.2018","2.701","2.760","2.767","2.691","-1.90%"
"06.12.2018","2.753","2.799","2.804","2.679","-1.57%"
"05.12.2018","2.797","2.790","2.797","2.790","0.24%"
"04.12.2018","2.790","2.824","2.834","2.769","-0.90%"
"03.12.2018","2.816","2.870","2.887","2.816","-0.24%"
"30.11.2018","2.823","2.845","2.851","2.814","-0.89%"
"29.11.2018","2.848","2.856","2.860","2.809","-0.70%"
"28.11.2018","2.868","2.888","2.900","2.851","-0.76%"
"27.11.2018","2.890","2.887","2.902","2.873","0.06%"
"26.11.2018","2.888","2.875","2.907","2.873","0.54%"
"23.11.2018","2.873","2.890","2.902","2.861","-0.71%"
"22.11.2018","2.894","2.894","2.894","2.894","0.00%"
"21.11.2018","2.894","2.888","2.918","2.885","0.29%"
"20.11.2018","2.885","2.871","2.888","2.853","0.47%"
"19.11.2018","2.871","2.875","2.907","2.856","-0.35%"
"16.11.2018","2.882","2.934","2.952","2.878","-1.86%"
"15.11.2018","2.936","2.953","2.969","2.904","-0.69%"
"14.11.2018","2.957","2.991","3.003","2.919","-0.91%"
"13.11.2018","2.984","2.999","3.025","2.979","-0.57%"
"12.11.2018","3.001","3.004","3.004","3.001","-1.30%"
"09.11.2018","3.040","3.090","3.092","3.035","-1.71%"
"08.11.2018","3.093","3.079","3.098","3.061","0.34%"
"07.11.2018","3.083","3.045","3.088","3.020","0.73%"
"06.11.2018","3.061","3.036","3.061","3.018","1.08%"
"05.11.2018","3.028","3.030","3.033","3.013","-0.45%"
"02.11.2018","3.042","2.967","3.045","2.963","2.71%"
"01.11.2018","2.961","2.982","2.997","2.958","-0.57%"
"31.10.2018","2.978","2.956","2.999","2.956","0.92%"
"30.10.2018","2.951","2.917","2.958","2.917","0.99%"
"29.10.2018","2.922","2.914","2.949","2.892","0.46%"
"26.10.2018","2.909","2.951","2.958","2.885","-2.00%"
"25.10.2018","2.968","2.938","2.990","2.936","0.67%"
"24.10.2018","2.948","3.014","3.014","2.928","-2.17%"
"23.10.2018","3.014","3.046","3.046","2.964","-1.18%"
"22.10.2018","3.050","3.048","3.062","3.034","0.06%"
"19.10.2018","3.048","3.025","3.060","3.020","0.75%"
"18.10.2018","3.025","3.060","3.074","3.007","-1.18%"
"17.10.2018","3.062","3.025","3.063","3.007","1.25%"
"16.10.2018","3.024","3.017","3.034","3.011","0.46%"
"15.10.2018","3.010","3.015","3.018","2.994","-0.39%"
"12.10.2018","3.022","3.008","3.037","2.984","0.69%"
"11.10.2018","3.001","2.999","3.035","2.980","-0.34%"
"10.10.2018","3.011","3.057","3.087","3.003","-1.40%"
"09.10.2018","3.054","3.059","3.086","3.049","-0.22%"
"08.10.2018","3.061","3.066","3.066","3.059","-0.39%"
"05.10.2018","3.073","3.048","3.092","3.039","0.91%"
"04.10.2018","3.045","3.057","3.086","3.036","0.12%"
"03.10.2018","3.042","2.948","3.047","2.936","3.12%"
"02.10.2018","2.950","2.967","2.967","2.931","-0.52%"
"01.10.2018","2.965","2.960","2.982","2.951","0.35%"
"28.09.2018","2.955","2.953","2.958","2.927","-0.11%"
"27.09.2018","2.958","2.946","2.970","2.927","0.46%"
"26.09.2018","2.944","2.987","2.990","2.944","-1.30%"
"25.09.2018","2.983","2.969","2.990","2.969","0.47%"
"24.09.2018","2.969","2.954","2.976","2.950","0.59%"
"21.09.2018","2.952","2.958","2.974","2.948","-0.11%"
"20.09.2018","2.955","2.946","2.977","2.941","0.18%"
"19.09.2018","2.950","2.943","2.969","2.931","0.12%"
"18.09.2018","2.946","2.881","2.948","2.878","1.84%"
"17.09.2018","2.893","2.890","2.920","2.888","-0.41%"
"14.09.2018","2.905","2.874","2.907","2.867","1.02%"
"13.09.2018","2.876","2.864","2.886","2.843","0.48%"
"12.09.2018","2.862","2.869","2.869","2.850","-0.30%"
"11.09.2018","2.871","2.826","2.872","2.825","1.63%"
"10.09.2018","2.825","2.823","2.830","2.811","0.18%"
"07.09.2018","2.819","2.745","2.828","2.741","2.65%"
"06.09.2018","2.747","2.767","2.775","2.740","-0.85%"
"05.09.2018","2.770","2.774","2.784","2.757","-0.12%"
"04.09.2018","2.774","2.738","2.777","2.733","1.23%"
"03.09.2018","2.740","2.741","2.741","2.740","0.06%"
"31.08.2018","2.738","2.755","2.755","2.726","-0.49%"
"30.08.2018","2.752","2.779","2.784","2.748","-1.15%"
"29.08.2018","2.784","2.769","2.789","2.757","0.24%"
"28.08.2018","2.777","2.746","2.779","2.741","1.31%"
"27.08.2018","2.741","2.724","2.748","2.716","0.94%"
"24.08.2018","2.716","2.721","2.745","2.714","-0.32%"
"23.08.2018","2.724","2.706","2.724","2.699","0.75%"
"22.08.2018","2.704","2.704","2.719","2.692","-0.81%"
"21.08.2018","2.726","2.702","2.733","2.699","1.01%"
"20.08.2018","2.699","2.748","2.750","2.695","-1.61%"
"17.08.2018","2.743","2.745","2.757","2.723","-0.06%"
"16.08.2018","2.745","2.736","2.767","2.730","0.37%"
"15.08.2018","2.735","2.772","2.772","2.707","-1.41%"
"14.08.2018","2.774","2.750","2.777","2.750","0.99%"
"13.08.2018","2.747","2.740","2.758","2.714","0.00%"
"10.08.2018","2.747","2.809","2.811","2.724","-2.23%"
"09.08.2018","2.809","2.831","2.838","2.804","-0.90%"
"08.08.2018","2.835","2.843","2.848","2.826","-0.36%"
"07.08.2018","2.845","2.807","2.846","2.806","1.27%"
"06.08.2018","2.809","2.821","2.829","2.794","-0.18%"
"03.08.2018","2.814","2.863","2.867","2.814","-1.42%"
"02.08.2018","2.855","2.877","2.877","2.848","-0.71%"
"01.08.2018","2.875","2.841","2.887","2.839","0.96%"
"31.07.2018","2.848","2.845","2.853","2.819","-0.12%"
"30.07.2018","2.851","2.848","2.866","2.841","0.18%"
"27.07.2018","2.846","2.856","2.868","2.839","-0.65%"
"26.07.2018","2.865","2.855","2.866","2.829","0.56%"
"25.07.2018","2.849","2.818","2.852","2.809","0.98%"
"24.07.2018","2.821","2.821","2.837","2.809","-0.06%"
"23.07.2018","2.823","2.764","2.830","2.751","2.11%"
"20.07.2018","2.764","2.746","2.771","2.732","1.13%"
"19.07.2018","2.734","2.780","2.795","2.725","-1.41%"
"18.07.2018","2.773","2.764","2.776","2.747","0.37%"
"17.07.2018","2.763","2.757","2.766","2.745","0.44%"
"16.07.2018","2.750","2.723","2.773","2.723","0.88%"
"13.07.2018","2.727","2.757","2.761","2.725","-0.80%"
"12.07.2018","2.749","2.752","2.774","2.743","0.37%"
"11.07.2018","2.738","2.737","2.766","2.723","-0.92%"
"10.07.2018","2.764","2.753","2.774","2.747","0.43%"
"09.07.2018","2.752","2.723","2.755","2.723","1.25%"
"06.07.2018","2.718","2.726","2.745","2.701","-0.49%"
"05.07.2018","2.731","2.735","2.755","2.718","-0.06%"
"04.07.2018","2.733","2.733","2.733","2.733","0.37%"
"03.07.2018","2.723","2.758","2.773","2.723","-1.23%"
"02.07.2018","2.757","2.736","2.760","2.704","0.62%"
"29.06.2018","2.740","2.721","2.746","2.714","0.81%"
"28.06.2018","2.718","2.707","2.731","2.694","0.70%"
"27.06.2018","2.699","2.751","2.755","2.695","-1.74%"
"26.06.2018","2.746","2.753","2.770","2.734","-0.25%"
"25.06.2018","2.753","2.767","2.769","2.736","-0.49%"
"22.06.2018","2.767","2.770","2.794","2.762","-0.06%"
"21.06.2018","2.769","2.808","2.820","2.758","-1.40%"
"20.06.2018","2.808","2.769","2.809","2.755","1.29%"
"19.06.2018","2.772","2.772","2.779","2.723","-0.73%"
"18.06.2018","2.792","2.799","2.803","2.779","-0.24%"
"15.06.2018","2.799","2.811","2.811","2.769","-0.30%"
"14.06.2018","2.808","2.835","2.843","2.797","-1.02%"
"13.06.2018","2.836","2.811","2.871","2.803","0.85%"
"12.06.2018","2.813","2.799","2.826","2.789","0.61%"
"11.06.2018","2.796","2.794","2.811","2.790","0.36%"
"08.06.2018","2.786","2.784","2.792","2.730","0.55%"
"07.06.2018","2.770","2.814","2.829","2.725","-1.44%"
"06.06.2018","2.811","2.767","2.818","2.767","1.53%"
"05.06.2018","2.769","2.790","2.794","2.741","-0.97%"
"04.06.2018","2.796","2.755","2.796","2.753","1.78%"
"01.06.2018","2.747","2.696","2.770","2.696","1.74%"
"31.05.2018","2.700","2.669","2.716","2.661","0.62%"
"30.05.2018","2.683","2.559","2.705","2.559","3.15%"
"29.05.2018","2.601","2.733","2.738","2.571","-4.78%"
"28.05.2018","2.731","2.763","2.763","2.730","-1.16%"
"25.05.2018","2.763","2.811","2.831","2.757","-1.80%"
"24.05.2018","2.814","2.828","2.841","2.787","-0.38%"
"23.05.2018","2.825","2.895","2.902","2.820","-2.54%"
"22.05.2018","2.898","2.895","2.917","2.888","0.12%"
"21.05.2018","2.895","2.912","2.917","2.890","0.24%"
"18.05.2018","2.888","2.941","2.948","2.886","-1.74%"
"17.05.2018","2.939","2.938","2.957","2.920","-0.17%"
"16.05.2018","2.944","2.915","2.944","2.901","0.94%"
"15.05.2018","2.917","2.864","2.936","2.859","1.91%"
"14.05.2018","2.862","2.845","2.864","2.828","0.84%"
"11.05.2018","2.838","2.835","2.843","2.821","0.30%"
"10.05.2018","2.830","2.840","2.840","2.792","-0.42%"
"09.05.2018","2.842","2.816","2.843","2.814","1.09%"
"08.05.2018","2.811","2.790","2.823","2.784","0.79%"
"07.05.2018","2.789","2.789","2.799","2.777","0.06%"
"04.05.2018","2.787","2.785","2.796","2.745","0.18%"
"03.05.2018","2.782","2.797","2.802","2.762","-0.78%"
"02.05.2018","2.804","2.814","2.834","2.797","-0.36%"
"01.05.2018","2.814","2.802","2.821","2.797","0.48%"
"30.04.2018","2.801","2.848","2.848","2.787","-0.12%"
"27.04.2018","2.804","2.817","2.826","2.796","-0.36%"
"26.04.2018","2.814","2.838","2.845","2.806","-0.97%"
"25.04.2018","2.842","2.823","2.854","2.817","0.49%"
"24.04.2018","2.828","2.824","2.843","2.807","0.19%"
"23.04.2018","2.822","2.807","2.831","2.803","0.75%"
"20.04.2018","2.802","2.760","2.802","2.748","1.63%"
"19.04.2018","2.757","2.729","2.772","2.722","0.88%"
"18.04.2018","2.733","2.686","2.736","2.685","1.59%"
"17.04.2018","2.690","2.685","2.702","2.676","0.32%"
"16.04.2018","2.681","2.686","2.708","2.676","0.39%"
"13.04.2018","2.671","2.659","2.691","2.650","-0.31%"
"12.04.2018","2.679","2.615","2.679","2.606","2.53%"
"11.04.2018","2.613","2.621","2.626","2.582","-0.45%"
"10.04.2018","2.625","2.599","2.633","2.596","1.04%"
"09.04.2018","2.598","2.598","2.623","2.588","0.39%"
"06.04.2018","2.588","2.623","2.640","2.581","-1.98%"
"05.04.2018","2.640","2.623","2.645","2.623","0.52%"
"04.04.2018","2.626","2.592","2.626","2.567","1.04%"
"03.04.2018","2.599","2.555","2.609","2.552","1.91%"
"02.04.2018","2.550","2.580","2.596","2.535","-0.46%"
"29.03.2018","2.562","2.597","2.602","2.560","-1.29%"
"28.03.2018","2.596","2.582","2.607","2.540","0.98%"
"27.03.2018","2.570","2.645","2.650","2.564","-2.64%"
"26.03.2018","2.640","2.608","2.647","2.601","1.44%"
"23.03.2018","2.603","2.601","2.642","2.586","-0.71%"
"22.03.2018","2.621","2.676","2.681","2.599","-1.97%"
"21.03.2018","2.674","2.698","2.735","2.669","-0.94%"
"20.03.2018","2.700","2.652","2.701","2.649","1.67%"
"19.03.2018","2.655","2.654","2.676","2.625","0.45%"
"16.03.2018","2.644","2.632","2.650","2.611","0.77%"
"15.03.2018","2.623","2.613","2.632","2.589","0.39%"
"14.03.2018","2.613","2.622","2.645","2.591","-0.32%"
"13.03.2018","2.622","2.642","2.648","2.601","-0.51%"
"12.03.2018","2.635","2.661","2.669","2.632","-0.64%"
"09.03.2018","2.652","2.644","2.677","2.633","0.90%"
"08.03.2018","2.628","2.648","2.655","2.618","-0.76%"
"07.03.2018","2.648","2.611","2.654","2.607","-0.19%"
"06.03.2018","2.654","2.640","2.669","2.625","0.32%"
"05.03.2018","2.645","2.610","2.657","2.569","0.51%"
"02.03.2018","2.632","2.588","2.637","2.563","1.82%"
"01.03.2018","2.585","2.645","2.657","2.563","-2.28%"
"28.02.2018","2.645","2.667","2.687","2.642","-0.76%"
"27.02.2018","2.665","2.610","2.682","2.603","2.06%"
"26.02.2018","2.612","2.625","2.625","2.585","-0.32%"
"23.02.2018","2.620","2.660","2.672","2.605","-1.45%"
"22.02.2018","2.659","2.689","2.691","2.647","-1.01%"
"21.02.2018","2.686","2.651","2.693","2.635","1.49%"
"20.02.2018","2.646","2.653","2.689","2.639","-0.25%"
"19.02.2018","2.653","2.627","2.653","2.627","0.97%"
"16.02.2018","2.627","2.652","2.660","2.609","-0.76%"
"15.02.2018","2.647","2.644","2.687","2.622","0.20%"
"14.02.2018","2.642","2.549","2.649","2.522","3.74%"
"13.02.2018","2.547","2.557","2.562","2.527","-0.39%"
"12.02.2018","2.557","2.581","2.589","2.540","0.53%"
"09.02.2018","2.543","2.548","2.579","2.461","-0.06%"
"08.02.2018","2.545","2.533","2.612","2.530","-0.46%"
"07.02.2018","2.556","2.545","2.582","2.494","0.53%"
"06.02.2018","2.543","2.452","2.545","2.343","4.06%"
"05.02.2018","2.444","2.590","2.610","2.428","-5.59%"
"02.02.2018","2.588","2.575","2.621","2.560","0.87%"
"01.02.2018","2.566","2.532","2.575","2.522","1.74%"
"31.01.2018","2.522","2.507","2.553","2.482","0.54%"
"30.01.2018","2.509","2.500","2.527","2.475","0.54%"
"29.01.2018","2.495","2.470","2.532","2.467","1.02%"
"26.01.2018","2.470","2.425","2.482","2.422","1.86%"
"25.01.2018","2.425","2.437","2.470","2.413","-0.52%"
"24.01.2018","2.438","2.410","2.444","2.409","0.92%"
"23.01.2018","2.415","2.454","2.458","2.412","-1.52%"
"22.01.2018","2.453","2.458","2.464","2.432","0.00%"
"19.01.2018","2.453","2.416","2.454","2.408","1.42%"
"18.01.2018","2.418","2.408","2.423","2.401","0.65%"
"17.01.2018","2.403","2.348","2.406","2.347","2.09%"
"16.01.2018","2.353","2.353","2.367","2.326","0.08%"
"15.01.2018","2.352","2.346","2.352","2.346","0.22%"
"12.01.2018","2.346","2.333","2.382","2.328","0.96%"
"11.01.2018","2.324","2.329","2.343","2.312","-0.28%"
"10.01.2018","2.331","2.329","2.359","2.321","0.08%"
"09.01.2018","2.329","2.290","2.334","2.282","1.84%"
"08.01.2018","2.287","2.295","2.297","2.273","0.08%"
"05.01.2018","2.285","2.272","2.290","2.243","0.75%"
"04.01.2018","2.268","2.257","2.292","2.255","1.12%"
"03.01.2018","2.243","2.248","2.257","2.228","-0.22%"
"02.01.2018","2.248","2.231","2.265","2.215","1.89%"
"01.01.2018","2.206","2.206","2.206","2.206","0.00%"