"Fecha","Cierre","Apertura","Máximo","Mínimo","Vol.","% var."
"06.03.2026","12.61","11.85","12.72","11.84","2.87M","7.41%"
"05.03.2026","11.74","11.52","11.80","11.30","4.50M","5.10%"
"04.03.2026","11.17","11.48","11.59","11.06","5.12M","-2.73%"
"03.03.2026","11.48","11.29","11.73","11.24","5.99M","5.18%"
"02.03.2026","10.92","11.22","11.24","10.87","8.39M","5.47%"
"27.02.2026","10.35","10.23","10.52","10.21","2.66M","0.32%"
"26.02.2026","10.32","10.21","10.36","9.94","2.73M","1.20%"
"25.02.2026","10.20","10.26","10.32","10.15","1.24M","-0.81%"
"24.02.2026","10.28","10.34","10.43","10.23","1.18M","-0.66%"
"23.02.2026","10.35","10.21","10.43","10.18","604.64K","0.85%"
"20.02.2026","10.26","10.30","10.33","10.23","1.17M","-0.48%"
"19.02.2026","10.31","10.18","10.31","10.16","1.23M","2.96%"
"18.02.2026","10.02","9.72","10.02","9.71","627.01K","3.54%"
"17.02.2026","9.67","9.80","9.90","9.61","669.08K","-1.94%"
"16.02.2026","9.86","9.74","9.86","9.70","520.96K","1.16%"
"13.02.2026","9.75","9.72","9.80","9.65","631.67K","-0.55%"
"12.02.2026","9.81","10.04","10.07","9.80","307.08K","-2.81%"
"11.02.2026","10.09","10.00","10.17","10.00","602.24K","1.58%"
"10.02.2026","9.93","9.95","10.01","9.90","399.15K","-0.36%"
"09.02.2026","9.97","9.73","9.97","9.72","354.53K","0.67%"
"06.02.2026","9.90","9.88","9.95","9.63","3.20M","1.54%"
"05.02.2026","9.75","9.87","9.95","9.68","1.00M","0.00%"
"04.02.2026","9.75","9.75","9.81","9.69","776.78K","0.78%"
"03.02.2026","9.68","9.52","9.70","9.42","478.54K","1.63%"
"02.02.2026","9.52","9.52","9.63","9.46","1.60M","-5.90%"
"30.01.2026","10.12","9.86","10.13","9.86","1.34M","0.58%"
"29.01.2026","10.06","9.86","10.19","9.86","6.04M","3.66%"
"28.01.2026","9.71","9.64","9.76","9.59","661.40K","1.62%"
"27.01.2026","9.55","9.35","9.57","9.32","481.75K","1.68%"
"26.01.2026","9.39","9.43","9.49","9.36","447.03K","-0.29%"
"23.01.2026","9.42","9.25","9.45","9.24","424.88K","2.23%"
"22.01.2026","9.22","9.34","9.35","9.20","405.58K","-1.54%"
"21.01.2026","9.36","9.21","9.38","9.16","240.20K","0.54%"
"20.01.2026","9.31","9.12","9.32","9.10","259.32K","1.28%"
"19.01.2026","9.19","9.14","9.20","9.07","287.53K","-0.51%"
"16.01.2026","9.24","9.16","9.27","9.14","1.08M","1.06%"
"15.01.2026","9.14","9.27","9.29","8.84","981.76K","-3.36%"
"14.01.2026","9.46","9.33","9.52","9.29","678.53K","0.62%"
"13.01.2026","9.40","9.21","9.42","9.20","779.04K","3.21%"
"12.01.2026","9.11","9.10","9.15","9.03","245.54K","-0.72%"
"09.01.2026","9.18","9.00","9.18","8.92","529.31K","4.21%"
"08.01.2026","8.80","8.68","8.83","8.66","204.88K","1.13%"
"07.01.2026","8.71","8.70","8.82","8.70","268.66K","-2.64%"
"06.01.2026","8.94","8.93","9.05","8.90","252.75K","-0.07%"
"05.01.2026","8.95","8.75","8.99","8.69","258.37K","2.27%"
"02.01.2026","8.75","8.93","8.93","8.73","163.26K","-2.50%"
"31.12.2025","8.97","8.91","8.99","8.90","15.46K","0.19%"
"30.12.2025","8.96","8.94","9.01","8.94","92.74K","0.11%"
"29.12.2025","8.95","8.86","8.97","8.84","242.92K","-0.90%"
"24.12.2025","9.03","9.02","9.04","9.00","259.45K","0.84%"
"23.12.2025","8.95","8.93","8.98","8.90","22.71K","0.46%"
"22.12.2025","8.91","8.81","8.96","8.79","263.37K","2.35%"
"19.12.2025","8.71","8.62","8.73","8.60","244.28K","0.00%"
"18.12.2025","8.71","8.70","8.71","8.62","204.94K","0.58%"
"17.12.2025","8.66","8.63","8.73","8.60","523.30K","1.24%"
"16.12.2025","8.55","8.69","8.70","8.51","486.33K","-1.94%"
"15.12.2025","8.72","8.86","8.86","8.72","150.49K","-1.16%"
"12.12.2025","8.83","8.90","8.94","8.80","183.85K","0.16%"
"11.12.2025","8.81","8.93","8.94","8.79","210.34K","-0.93%"
"10.12.2025","8.90","8.97","9.01","8.88","20.58K","-0.75%"
"09.12.2025","8.96","9.02","9.07","8.95","64.35K","-1.21%"
"08.12.2025","9.07","9.22","9.24","9.06","112.36K","-1.36%"
"05.12.2025","9.20","9.12","9.24","9.10","131.20K","0.25%"
"04.12.2025","9.18","9.09","9.18","9.03","54.47K","0.94%"
"03.12.2025","9.09","9.02","9.12","9.02","78.42K","0.48%"
"02.12.2025","9.05","9.10","9.11","8.94","65.93K","-0.47%"
"01.12.2025","9.09","9.13","9.16","9.03","237.02K","-0.19%"
"28.11.2025","9.11","9.05","9.30","8.80","54.87K","0.84%"
"27.11.2025","9.03","8.99","9.03","8.99","86.00K","1.36%"
"26.11.2025","8.91","8.89","8.93","8.87","116.43K","0.92%"
"25.11.2025","8.83","8.98","9.00","8.77","83.30K","-1.36%"
"24.11.2025","8.95","8.87","8.95","8.82","116.21K","1.06%"
"21.11.2025","8.86","8.86","8.97","8.80","159.92K","-1.94%"
"20.11.2025","9.03","9.13","9.16","9.03","35.09K","-0.39%"
"19.11.2025","9.07","9.24","9.25","9.00","144.43K","-1.26%"
"18.11.2025","9.18","9.11","9.20","9.11","6.04K","-0.22%"
"17.11.2025","9.20","9.14","9.25","9.13","186.27K","-0.17%"
"14.11.2025","9.22","9.13","9.24","9.10","81.16K","1.72%"
"13.11.2025","9.06","9.00","9.09","8.96","130.33K","0.45%"
"12.11.2025","9.02","9.33","9.34","9.02","161.53K","-3.91%"
"11.11.2025","9.39","9.18","9.39","9.17","174.30K","2.88%"
"10.11.2025","9.13","9.23","9.26","9.13","4.62K","-0.22%"
"07.11.2025","9.15","9.20","9.25","9.13","78.16K","0.41%"
"06.11.2025","9.11","9.16","9.26","9.04","68.50K","-1.19%"
"05.11.2025","9.22","9.25","9.32","9.19","290.08K","-0.52%"
"04.11.2025","9.27","9.25","9.27","9.17","42.17K","-0.91%"
"03.11.2025","9.35","9.33","9.36","9.25","76.52K","1.37%"
"31.10.2025","9.23","9.21","9.34","9.15","383.01K","-0.09%"
"30.10.2025","9.23","9.15","9.25","9.10","91.57K","-0.30%"
"29.10.2025","9.26","9.19","9.28","9.14","15.94K","1.38%"
"28.10.2025","9.14","9.20","9.24","9.11","662.14K","-2.34%"
"27.10.2025","9.35","9.34","9.39","9.21","218.09K","-0.81%"
"24.10.2025","9.43","9.30","9.43","9.28","750.26K","1.10%"
"23.10.2025","9.33","9.20","9.39","9.19","1.48M","3.64%"
"22.10.2025","9.00","8.95","9.01","8.90","220.12K","2.27%"
"21.10.2025","8.80","8.75","8.90","8.68","140.28K","0.62%"
"20.10.2025","8.74","8.73","8.79","8.64","111.94K","-0.21%"
"17.10.2025","8.76","8.68","8.81","8.64","129.12K","-1.00%"
"16.10.2025","8.85","8.94","8.97","8.85","67.52K","-0.42%"
"15.10.2025","8.89","8.94","9.01","8.88","138.34K","0.58%"
"14.10.2025","8.84","8.98","8.98","8.79","420.65K","-2.57%"
"13.10.2025","9.07","9.08","9.13","9.00","417.20K","0.89%"
"10.10.2025","8.99","9.27","9.32","8.99","159.68K","-4.41%"
"09.10.2025","9.41","9.48","9.50","9.40","251.43K","-0.87%"
"08.10.2025","9.49","9.45","9.50","9.42","89.57K","1.29%"
"07.10.2025","9.37","9.40","9.40","9.23","473.63K","0.00%"
"06.10.2025","9.37","9.37","9.41","9.28","494.93K","1.23%"
"03.10.2025","9.26","9.28","9.31","9.21","568.47K","0.05%"
"02.10.2025","9.25","9.39","9.42","9.25","152.55K","-1.51%"
"01.10.2025","9.40","9.49","9.53","9.32","586.41K","-0.70%"
"30.09.2025","9.46","9.56","9.57","9.41","301.45K","-1.35%"
"29.09.2025","9.59","9.86","9.86","9.59","135.69K","-4.12%"
"26.09.2025","10.00","9.82","10.00","9.77","132.22K","2.22%"
"25.09.2025","9.78","9.78","9.78","9.69","118.57K","0.44%"
"24.09.2025","9.74","9.61","9.76","9.57","17.72K","0.94%"
"23.09.2025","9.65","9.39","9.64","9.38","122.82K","2.26%"
"22.09.2025","9.44","9.50","9.52","9.35","116.93K","-0.07%"
"19.09.2025","9.44","9.57","9.59","9.44","148.82K","-1.59%"
"18.09.2025","9.60","9.62","9.72","9.58","47.65K","-0.71%"
"17.09.2025","9.67","9.72","9.73","9.65","10.89K","-0.61%"
"16.09.2025","9.73","9.58","9.73","9.53","13.82K","1.53%"
"15.09.2025","9.58","9.54","9.62","9.52","74.35K","0.00%"
"12.09.2025","9.58","9.36","9.67","9.36","244.54K","1.35%"
"11.09.2025","9.45","9.63","9.63","9.43","117.08K","-1.54%"
"10.09.2025","9.60","9.56","9.63","9.52","72.31K","0.87%"
"09.09.2025","9.52","9.47","9.59","9.47","80.76K","0.79%"
"08.09.2025","9.44","9.51","9.55","9.39","100.13K","1.69%"
"05.09.2025","9.29","9.52","9.56","9.29","364.73K","-3.10%"
"04.09.2025","9.59","9.55","9.59","9.47","85.95K","-0.43%"
"03.09.2025","9.63","9.83","9.86","9.62","86.02K","-2.05%"
"02.09.2025","9.83","9.78","9.90","9.71","181.90K","1.13%"
"01.09.2025","9.72","9.62","9.74","9.62","102.56K","1.07%"
"29.08.2025","9.61","9.65","9.69","9.61","110.84K","0.53%"
"28.08.2025","9.56","9.56","9.63","9.54","63.20K","0.00%"
"27.08.2025","9.56","9.51","9.62","9.48","27.92K","0.21%"
"26.08.2025","9.54","9.70","9.70","9.54","228.16K","-0.47%"
"22.08.2025","9.59","9.60","9.61","9.54","128.10K","0.88%"
"21.08.2025","9.50","9.52","9.56","9.46","69.07K","0.60%"
"20.08.2025","9.45","9.37","9.45","9.37","77.77K","1.04%"
"19.08.2025","9.35","9.36","9.36","9.30","144.21K","-0.07%"
"18.08.2025","9.36","9.35","9.39","9.26","33.25K","-0.35%"
"15.08.2025","9.39","9.41","9.42","9.33","279.66K","-0.65%"
"14.08.2025","9.45","9.35","9.45","9.33","29.45K","1.93%"
"13.08.2025","9.27","9.39","9.39","9.26","153.18K","-1.63%"
"12.08.2025","9.43","9.50","9.52","9.39","57.25K","-0.52%"
"11.08.2025","9.47","9.37","9.52","9.37","89.68K","0.06%"
"08.08.2025","9.47","9.40","9.55","9.32","87.74K","-0.37%"
"07.08.2025","9.50","9.57","9.62","9.49","175.99K","-2.10%"
"06.08.2025","9.71","9.68","9.81","9.66","452.18K","0.42%"
"05.08.2025","9.67","9.74","9.78","9.63","80.42K","-1.73%"
"04.08.2025","9.84","9.90","9.93","9.66","296.76K","-0.35%"
"01.08.2025","9.87","10.18","10.21","9.86","84.33K","-2.52%"
"31.07.2025","10.13","10.27","10.30","10.09","443.87K","-1.22%"
"30.07.2025","10.25","10.22","10.28","10.10","429.02K","2.65%"
"29.07.2025","9.99","9.87","10.01","9.87","43.73K","1.65%"
"28.07.2025","9.83","9.71","9.90","9.67","172.20K","1.39%"
"25.07.2025","9.69","9.83","9.83","9.69","54.82K","-1.05%"
"24.07.2025","9.79","9.75","9.80","9.71","69.84K","1.88%"
"23.07.2025","9.61","9.66","9.68","9.60","220.82K","-0.24%"
"22.07.2025","9.64","9.70","9.71","9.61","349.21K","-0.65%"
"21.07.2025","9.70","9.73","9.76","9.67","81.96K","-0.54%"
"18.07.2025","9.75","9.81","9.90","9.73","308.43K","0.91%"
"17.07.2025","9.66","9.61","9.69","9.58","89.31K","1.20%"
"16.07.2025","9.55","9.65","9.65","9.52","158.85K","-1.44%"
"15.07.2025","9.69","9.62","9.72","9.61","166.38K","0.00%"
"14.07.2025","9.69","9.83","9.96","9.68","371.31K","-1.40%"
"11.07.2025","9.83","9.63","9.84","9.58","87.38K","2.25%"
"10.07.2025","9.61","9.80","9.82","9.60","463.81K","-2.10%"
"09.07.2025","9.82","9.79","9.87","9.72","217.70K","0.37%"
"08.07.2025","9.78","9.68","9.78","9.66","347.60K","1.12%"
"07.07.2025","9.67","9.51","9.69","9.49","297.86K","1.55%"
"04.07.2025","9.52","9.57","9.61","9.49","306.37K","-0.64%"
"03.07.2025","9.58","9.56","9.64","9.53","138.87K","1.25%"
"02.07.2025","9.47","9.39","9.53","9.37","558.41K","1.04%"
"01.07.2025","9.37","9.36","9.44","9.34","54.41K","0.59%"
"30.06.2025","9.31","9.33","9.43","9.30","204.73K","-0.18%"
"27.06.2025","9.33","9.40","9.44","9.33","76.48K","-1.39%"
"26.06.2025","9.46","9.35","9.49","9.29","292.16K","0.88%"
"25.06.2025","9.38","9.43","9.44","9.27","591.26K","-0.27%"
"24.06.2025","9.40","9.51","9.64","9.35","836.61K","-10.07%"
"23.06.2025","10.46","10.63","10.64","10.37","1.62M","0.00%"
"20.06.2025","10.46","10.48","10.55","10.33","604.67K","-2.28%"
"19.06.2025","10.70","10.56","10.73","10.47","599.49K","4.04%"
"18.06.2025","10.29","10.40","10.55","10.18","1.37M","-0.14%"
"17.06.2025","10.30","10.03","10.35","10.02","845.02K","4.59%"
"16.06.2025","9.85","10.25","10.25","9.74","485.03K","-1.91%"
"13.06.2025","10.04","10.07","10.32","9.94","1.31M","4.26%"
"12.06.2025","9.63","9.58","9.63","9.46","410.54K","2.09%"
"11.06.2025","9.43","9.23","9.44","9.22","229.63K","0.46%"
"10.06.2025","9.39","9.30","9.39","9.27","395.41K","1.27%"
"09.06.2025","9.27","9.19","9.27","9.17","96.99K","1.04%"
"06.06.2025","9.18","9.02","9.22","8.99","66.63K","1.01%"
"05.06.2025","9.09","8.98","9.12","8.98","124.97K","1.75%"
"04.06.2025","8.93","9.03","9.12","8.91","121.41K","-1.73%"
"03.06.2025","9.09","8.95","9.10","8.91","324.46K","1.78%"
"02.06.2025","8.93","8.89","9.06","8.86","247.91K","3.80%"
"30.05.2025","8.60","8.70","8.84","8.60","108.87K","-1.66%"
"29.05.2025","8.75","9.04","9.05","8.71","225.37K","-1.81%"
"28.05.2025","8.91","8.80","8.93","8.78","182.68K","2.30%"
"27.05.2025","8.71","8.85","8.89","8.70","54.87K","-1.83%"
"23.05.2025","8.87","8.74","8.88","8.65","223.22K","1.13%"
"22.05.2025","8.77","8.73","8.79","8.69","50.74K","-1.38%"
"21.05.2025","8.89","9.03","9.06","8.89","92.92K","0.12%"
"20.05.2025","8.88","8.93","8.98","8.85","22.11K","-0.25%"
"19.05.2025","8.90","8.85","8.92","8.79","52.53K","0.24%"
"16.05.2025","8.88","8.78","8.89","8.77","494.02K","1.00%"
"15.05.2025","8.80","8.77","8.86","8.70","119.88K","-2.47%"
"14.05.2025","9.02","9.08","9.11","9.00","532.60K","-0.53%"
"13.05.2025","9.07","8.88","9.07","8.86","153.97K","1.77%"
"12.05.2025","8.91","8.91","9.08","8.90","79.41K","2.61%"
"09.05.2025","8.68","8.64","8.78","8.63","579.49K","1.15%"
"08.05.2025","8.59","8.38","8.59","8.37","208.87K","2.38%"
"07.05.2025","8.39","8.58","8.62","8.38","575.59K","-1.83%"
"06.05.2025","8.54","8.37","8.55","8.36","301.35K","2.47%"
"02.05.2025","8.34","8.50","8.51","8.29","110.92K","-0.32%"
"01.05.2025","8.36","8.27","8.40","8.08","471.37K","-2.48%"
"30.04.2025","8.58","8.54","8.58","8.45","168.11K","-1.26%"
"29.04.2025","8.69","8.76","8.79","8.63","158.80K","-1.17%"
"28.04.2025","8.79","9.00","9.00","8.80","740.60K","-1.71%"
"25.04.2025","8.94","9.01","9.01","8.83","82.61K","0.72%"
"24.04.2025","8.88","8.94","9.01","8.85","268.98K","0.89%"
"23.04.2025","8.80","9.18","9.21","8.80","366.07K","-2.89%"
"22.04.2025","9.06","8.97","9.07","8.95","93.31K","0.19%"
"17.04.2025","9.04","8.88","9.04","8.86","128.50K","2.48%"
"16.04.2025","8.82","8.58","8.83","8.58","237.32K","1.82%"
"15.04.2025","8.67","8.78","8.80","8.66","107.36K","-0.51%"
"14.04.2025","8.71","8.66","8.85","8.66","363.27K","2.19%"
"11.04.2025","8.52","8.64","8.64","8.45","65.36K","0.28%"
"10.04.2025","8.50","8.74","8.75","8.39","310.16K","4.55%"
"09.04.2025","8.13","8.23","8.24","7.84","168.16K","-5.54%"
"08.04.2025","8.61","8.74","8.77","8.60","124.39K","-0.75%"
"07.04.2025","8.67","8.53","9.08","8.43","468.30K","-1.53%"
"04.04.2025","8.81","9.35","9.35","8.67","761.98K","-6.53%"
"03.04.2025","9.42","9.86","9.86","9.38","313.52K","-6.82%"
"02.04.2025","10.11","10.08","10.11","10.02","38.92K","-0.13%"
"01.04.2025","10.13","10.15","10.18","10.08","71.86K","0.50%"
"31.03.2025","10.08","9.83","10.08","9.80","156.30K","2.86%"
"28.03.2025","9.80","9.89","9.94","9.80","253.87K","-1.09%"
"27.03.2025","9.90","9.86","9.91","9.84","32.24K","-0.11%"
"26.03.2025","9.91","9.82","9.95","9.82","165.31K","1.49%"
"25.03.2025","9.77","9.85","9.90","9.74","173.74K","-0.47%"
"24.03.2025","9.81","9.73","9.83","9.68","88.02K","1.31%"
"21.03.2025","9.69","9.69","9.71","9.62","70.71K","0.27%"
"20.03.2025","9.66","9.59","9.69","9.50","81.86K","1.36%"
"19.03.2025","9.53","9.47","9.57","9.43","31.24K","0.18%"
"18.03.2025","9.52","9.66","9.72","9.52","171.53K","-0.55%"
"17.03.2025","9.57","9.58","9.69","9.51","32.72K","1.06%"
"14.03.2025","9.47","9.51","9.51","9.42","52.43K","0.22%"
"13.03.2025","9.45","9.57","9.59","9.43","104.69K","-1.23%"
"12.03.2025","9.56","9.40","9.57","9.39","114.44K","1.79%"
"11.03.2025","9.40","9.35","9.45","9.34","30.26K","0.34%"
"10.03.2025","9.36","9.49","9.54","9.37","47.41K","-1.52%"
"07.03.2025","9.51","9.42","9.61","9.42","65.28K","2.47%"
"06.03.2025","9.28","9.43","9.43","9.29","47.48K","0.79%"
"05.03.2025","9.21","9.56","9.56","9.21","109.47K","-3.00%"
"04.03.2025","9.49","9.57","9.57","9.44","154.68K","-3.17%"
"03.03.2025","9.80","9.85","9.89","9.79","54.35K","-0.05%"
"28.02.2025","9.81","9.84","9.84","9.77","188.64K","-0.57%"
"27.02.2025","9.86","9.73","9.89","9.73","122.01K","1.36%"
"26.02.2025","9.73","9.79","9.80","9.69","172.44K","0.06%"
"25.02.2025","9.73","10.01","10.03","9.73","179.80K","-2.70%"
"24.02.2025","9.99","9.96","10.01","9.93","145.90K","-0.52%"
"21.02.2025","10.05","10.22","10.22","10.03","162.60K","-2.37%"
"20.02.2025","10.29","10.22","10.30","10.17","156.10K","0.53%"
"19.02.2025","10.24","10.21","10.28","10.21","76.87K","1.02%"
"18.02.2025","10.13","10.11","10.17","10.06","101.93K","0.76%"
"17.02.2025","10.06","10.02","10.08","10.00","228.02K","0.46%"
"14.02.2025","10.01","10.10","10.14","10.02","16.97K","-0.49%"
"13.02.2025","10.06","9.99","10.03","9.93","110.07K","-1.03%"
"12.02.2025","10.16","10.25","10.25","10.18","1.74K","-1.07%"
"11.02.2025","10.27","10.23","10.33","10.22","399.38K","1.37%"
"10.02.2025","10.14","10.03","10.14","10.03","38.06K","1.76%"
"07.02.2025","9.96","10.00","10.02","9.98","56.43K","-0.30%"
"06.02.2025","9.99","9.99","10.06","9.93","81.22K","0.14%"
"05.02.2025","9.98","10.14","10.14","9.97","65.09K","-1.86%"
"04.02.2025","10.16","10.04","10.23","9.89","247.61K","0.37%"
"03.02.2025","10.13","10.25","10.33","10.10","135.69K","-0.17%"
"31.01.2025","10.14","10.15","10.17","10.05","121.34K","-0.45%"
"30.01.2025","10.19","10.07","10.19","10.04","84.65K","0.08%"
"29.01.2025","10.18","10.23","10.23","10.12","97.34K","0.13%"
"28.01.2025","10.17","10.26","10.29","10.17","31.79K","0.00%"
"27.01.2025","10.17","10.30","10.41","10.17","158.56K","-1.90%"
"24.01.2025","10.37","10.39","10.44","10.34","75.03K","-0.23%"
"23.01.2025","10.39","10.45","10.55","10.37","445.65K","-0.92%"
"22.01.2025","10.49","10.47","10.56","10.45","129.63K","-0.33%"
"21.01.2025","10.52","10.53","10.55","10.41","171.71K","0.00%"
"20.01.2025","10.52","10.60","10.66","10.47","430.85K","-0.99%"
"17.01.2025","10.63","10.72","10.73","10.58","190.93K","0.55%"
"16.01.2025","10.57","10.76","10.77","10.57","1.25M","-1.44%"
"15.01.2025","10.73","10.56","10.73","10.50","103.32K","2.13%"
"14.01.2025","10.50","10.52","10.59","10.46","913.52K","-1.05%"
"13.01.2025","10.61","10.58","10.66","10.51","128.29K","2.22%"
"10.01.2025","10.38","10.25","10.62","10.25","318.03K","1.71%"
"09.01.2025","10.21","10.08","10.20","10.07","110.19K","1.07%"
"08.01.2025","10.10","10.28","10.33","10.08","468.29K","-1.04%"
"07.01.2025","10.21","10.10","10.24","10.09","59.81K","0.20%"
"06.01.2025","10.19","10.13","10.29","10.12","72.28K","0.42%"
"03.01.2025","10.14","10.08","10.15","10.03","180.76K","0.00%"
"02.01.2025","10.14","9.80","10.15","9.80","75.38K","2.64%"
"31.12.2024","9.88","9.88","9.90","9.85","166.66K","0.83%"
"30.12.2024","9.80","9.76","9.86","9.72","86.03K","0.61%"
"27.12.2024","9.74","9.65","9.76","9.53","101.99K","1.02%"
"24.12.2024","9.64","9.64","9.66","9.61","2.23K","1.43%"
"23.12.2024","9.51","9.64","9.66","9.50","26.78K","-0.78%"
"20.12.2024","9.58","9.54","9.59","9.48","342.75K","0.00%"
"19.12.2024","9.58","9.61","9.74","9.58","120.49K","-1.82%"
"18.12.2024","9.76","9.69","9.78","9.68","596.39K","2.04%"
"17.12.2024","9.56","9.72","9.73","9.55","88.41K","-1.37%"
"16.12.2024","9.70","9.75","9.77","9.70","79.97K","-0.52%"
"13.12.2024","9.75","9.68","9.76","9.65","70.34K","2.21%"
"12.12.2024","9.54","9.71","9.72","9.54","241.40K","-0.65%"
"11.12.2024","9.60","9.50","9.60","9.50","67.67K","0.92%"
"10.12.2024","9.51","9.41","9.53","9.38","62.40K","0.47%"
"09.12.2024","9.47","9.39","9.50","9.38","167.23K","1.52%"
"06.12.2024","9.32","9.40","9.41","9.27","190.23K","-1.09%"
"05.12.2024","9.43","9.46","9.53","9.39","184.03K","-1.67%"
"04.12.2024","9.59","9.65","9.70","9.57","72.41K","-0.69%"
"03.12.2024","9.65","9.45","9.65","9.44","82.11K","2.34%"
"02.12.2024","9.43","9.45","9.53","9.38","70.17K","-1.22%"
"29.11.2024","9.55","9.44","9.59","9.42","92.17K","0.90%"
"28.11.2024","9.47","9.43","9.55","9.41","131.09K","-0.10%"
"27.11.2024","9.48","9.51","9.55","9.48","5.60M","-0.89%"
"26.11.2024","9.56","9.50","9.62","9.50","92.16K","0.35%"
"25.11.2024","9.53","9.70","9.77","9.49","53.90K","-2.25%"
"22.11.2024","9.75","9.72","9.76","9.56","888.70K","1.34%"
"21.11.2024","9.62","9.59","9.71","9.59","123.27K","0.56%"
"20.11.2024","9.56","9.60","9.69","9.56","32.37K","0.28%"
"19.11.2024","9.54","9.54","9.63","9.49","128.92K","0.06%"
"18.11.2024","9.53","9.28","9.54","9.22","41.03K","1.51%"
"15.11.2024","9.39","9.29","9.45","9.29","806.78K","-0.55%"
"14.11.2024","9.44","9.39","9.54","9.38","59.84K","0.54%"
"13.11.2024","9.39","9.41","9.48","9.22","148.73K","-0.58%"
"12.11.2024","9.44","9.39","9.51","9.35","155.64K","0.45%"
"11.11.2024","9.40","9.66","9.69","9.37","413.08K","-2.40%"
"08.11.2024","9.63","9.82","9.85","9.62","87.49K","-1.75%"
"07.11.2024","9.81","9.80","9.85","9.71","23.83K","-0.76%"
"06.11.2024","9.88","9.74","9.90","9.56","110.26K","-0.40%"
"05.11.2024","9.92","9.80","9.92","9.78","352.34K","1.82%"
"04.11.2024","9.74","9.68","9.81","9.68","135.08K","1.90%"
"01.11.2024","9.56","9.69","9.75","9.54","441.76K","1.00%"
"31.10.2024","9.47","9.40","9.53","9.34","3.45M","1.00%"
"30.10.2024","9.37","9.28","9.44","9.24","226.71K","1.89%"
"29.10.2024","9.20","9.26","9.36","9.13","191.87K","-0.71%"
"28.10.2024","9.26","9.40","9.42","9.19","281.57K","-5.55%"
"25.10.2024","9.81","9.65","9.84","9.58","696.74K","2.01%"
"24.10.2024","9.61","9.79","9.87","9.58","103.31K","-0.78%"
"23.10.2024","9.69","9.75","9.76","9.60","871.05K","-1.10%"
"22.10.2024","9.80","9.54","9.80","9.48","158.09K","2.77%"
"21.10.2024","9.53","9.46","9.61","9.46","110.71K","2.07%"
"18.10.2024","9.34","9.63","9.63","9.33","216.01K","-2.05%"
"17.10.2024","9.54","9.52","9.60","9.52","246.86K","0.50%"
"16.10.2024","9.49","9.60","9.65","9.47","216.89K","-0.46%"
"15.10.2024","9.53","9.66","9.81","9.48","320.54K","-4.38%"
"14.10.2024","9.97","10.06","10.09","9.93","182.03K","-1.99%"
"11.10.2024","10.17","10.10","10.23","10.09","120.48K","1.23%"
"10.10.2024","10.05","9.94","10.12","9.92","250.51K","1.67%"
"09.10.2024","9.89","10.01","10.03","9.70","257.50K","-0.47%"
"08.10.2024","9.93","10.25","10.32","9.89","993.80K","-3.76%"
"07.10.2024","10.32","10.02","10.32","10.01","351.54K","2.94%"
"04.10.2024","10.02","9.95","10.13","9.95","372.04K","1.61%"
"03.10.2024","9.87","9.64","9.99","9.56","450.23K","3.68%"
"02.10.2024","9.52","9.61","9.79","9.51","613.92K","-1.25%"
"01.10.2024","9.64","9.23","9.64","9.01","201.81K","3.29%"
"30.09.2024","9.33","9.36","9.36","9.18","154.59K","2.00%"
"27.09.2024","9.15","9.18","9.22","9.09","165.79K","-0.75%"
"26.09.2024","9.22","9.23","9.30","9.08","326.96K","-3.71%"
"25.09.2024","9.57","9.60","9.65","9.44","759.64K","0.00%"
"24.09.2024","9.57","9.60","9.72","9.57","46.81K","0.83%"
"23.09.2024","9.49","9.56","9.61","9.52","14.32K","-0.21%"
"20.09.2024","9.51","9.53","9.54","9.44","189.91K","-0.73%"
"19.09.2024","9.58","9.47","9.58","9.45","44.17K","2.04%"
"18.09.2024","9.39","9.34","9.43","9.23","356.30K","0.07%"
"17.09.2024","9.38","9.35","9.40","9.24","66.15K","1.32%"
"16.09.2024","9.26","9.17","9.35","9.16","","0.15%"
"13.09.2024","9.24","9.23","9.32","9.20","180.37K","0.00%"
"12.09.2024","9.24","9.10","9.28","9.06","270.42K","3.37%"
"11.09.2024","8.94","8.94","9.02","8.79","4.27M","1.50%"
"10.09.2024","8.81","9.10","9.16","8.80","241.59K","-2.75%"
"09.09.2024","9.06","9.15","9.19","9.00","176.94K","-0.28%"
"06.09.2024","9.08","9.31","9.36","9.08","417.07K","-2.55%"
"05.09.2024","9.32","9.27","9.42","9.27","340.40K","0.09%"
"04.09.2024","9.31","9.29","9.50","9.25","342.09K","-1.24%"
"03.09.2024","9.43","9.82","9.82","9.40","564.00K","-3.34%"
"02.09.2024","9.76","9.71","9.80","9.70","65.13K","-0.35%"
"30.08.2024","9.79","10.06","10.09","9.78","127.67K","-2.51%"
"29.08.2024","10.04","9.86","10.10","9.80","64.33K","1.48%"
"28.08.2024","9.90","10.00","10.00","9.81","49.19K","-1.56%"
"27.08.2024","10.05","10.20","10.21","10.05","416.66K","1.25%"
"23.08.2024","9.93","9.74","9.93","9.73","137.57K","1.64%"
"22.08.2024","9.77","9.60","9.77","9.58","167.67K","0.07%"
"21.08.2024","9.76","9.84","9.86","9.73","76.42K","0.00%"
"20.08.2024","9.76","9.78","9.89","9.70","103.68K","-2.55%"
"19.08.2024","10.01","9.98","10.07","9.93","66.47K","-0.57%"
"16.08.2024","10.07","10.19","10.20","9.97","62.91K","-1.85%"
"15.08.2024","10.26","10.10","10.25","10.10","71.04K","1.12%"
"14.08.2024","10.15","10.23","10.27","10.10","82.03K","-0.47%"
"13.08.2024","10.19","10.31","10.35","10.19","191.12K","-0.22%"
"12.08.2024","10.22","10.08","10.22","10.08","69.18K","2.17%"
"09.08.2024","10.00","9.98","10.03","9.93","50.41K","0.86%"
"08.08.2024","9.91","9.83","9.91","9.77","35.11K","-0.10%"
"07.08.2024","9.93","9.61","10.01","9.60","197.20K","2.61%"
"06.08.2024","9.67","9.69","9.70","9.52","295.98K","0.44%"
"05.08.2024","9.63","9.54","9.65","9.43","1.16M","-0.23%"
"02.08.2024","9.65","10.08","10.12","9.65","127.82K","-4.95%"
"01.08.2024","10.15","10.27","10.31","10.12","69.66K","0.37%"
"31.07.2024","10.12","10.01","10.15","9.98","528.11K","2.98%"
"30.07.2024","9.82","9.88","9.94","9.82","263.79K","-0.91%"
"29.07.2024","9.91","10.10","10.12","9.90","33.38K","-0.51%"
"26.07.2024","9.97","10.23","10.23","9.96","62.52K","-1.71%"
"25.07.2024","10.14","10.08","10.08","9.96","215.85K","-0.20%"
"24.07.2024","10.16","10.09","10.15","10.07","25.64K","1.04%"
"23.07.2024","10.06","10.24","10.27","10.03","21.70K","-1.52%"
"22.07.2024","10.21","10.28","10.31","10.14","660.44K","-2.11%"
"19.07.2024","10.43","10.48","10.56","10.42","98.18K","-1.37%"
"18.07.2024","10.57","10.65","10.67","10.53","292.65K","0.24%"
"17.07.2024","10.55","10.41","10.57","10.40","100.77K","0.96%"
"16.07.2024","10.45","10.48","10.49","10.37","175.58K","-1.04%"
"15.07.2024","10.56","10.55","10.59","10.53","60.35K","-0.89%"
"12.07.2024","10.65","10.65","10.69","10.65","15.94K","0.35%"
"11.07.2024","10.62","10.65","10.65","10.60","12.05K","-0.12%"
"10.07.2024","10.63","10.48","10.62","10.47","12.14K","0.81%"
"09.07.2024","10.55","10.66","10.69","10.55","13.36K","-1.22%"
"08.07.2024","10.68","10.70","10.73","10.65","172.44K","-2.06%"
"05.07.2024","10.90","10.82","10.90","10.82","75.90K","0.37%"
"04.07.2024","10.86","10.79","10.87","10.77","182.42K","1.16%"
"03.07.2024","10.73","10.77","10.80","10.69","306.92K","-0.46%"
"02.07.2024","10.78","10.77","10.85","10.74","316.18K","0.75%"
"01.07.2024","10.70","10.63","10.70","10.56","179.09K","1.90%"
"28.06.2024","10.51","10.64","10.69","10.48","283.39K","-0.76%"
"27.06.2024","10.59","10.46","10.60","10.46","137.44K","1.68%"
"26.06.2024","10.41","10.54","10.57","10.40","118.32K","-1.19%"
"25.06.2024","10.53","10.57","10.58","10.50","278.50K","-0.05%"
"24.06.2024","10.54","10.44","10.55","10.40","192.60K","0.24%"
"21.06.2024","10.52","10.49","10.55","10.47","355.58K","0.33%"
"20.06.2024","10.48","10.44","10.55","10.43","159.74K","0.10%"
"19.06.2024","10.47","10.43","10.50","10.43","305.60K","0.48%"
"18.06.2024","10.42","10.30","10.43","10.29","460.05K","1.66%"
"17.06.2024","10.25","10.10","10.26","10.10","256.41K","0.89%"
"14.06.2024","10.16","10.15","10.26","10.13","83.91K","-0.05%"
"13.06.2024","10.16","10.13","10.22","10.10","464.35K","0.54%"
"12.06.2024","10.11","10.14","10.27","10.10","296.22K","0.10%"
"11.06.2024","10.10","10.07","10.13","9.99","155.94K","1.19%"
"10.06.2024","9.98","9.81","9.95","9.77","135.62K","2.11%"
"07.06.2024","9.77","9.80","9.87","9.77","501.94K","0.00%"
"06.06.2024","9.77","9.67","9.77","9.62","1.72M","2.52%"
"05.06.2024","9.53","9.51","9.59","9.48","90.47K","0.08%"
"04.06.2024","9.52","9.55","9.62","9.45","3.64M","-1.31%"
"03.06.2024","9.65","9.98","10.02","9.65","125.74K","-3.73%"
"31.05.2024","10.02","10.06","10.14","10.01","157.68K","-1.28%"
"30.05.2024","10.15","10.24","10.24","10.15","34.95K","-0.88%"
"29.05.2024","10.24","10.33","10.40","10.24","216.86K","-0.15%"
"28.05.2024","10.26","10.15","10.28","10.05","443.12K","2.55%"
"24.05.2024","10.01","9.91","10.01","9.84","463.40K","0.30%"
"23.05.2024","9.98","9.98","10.15","9.97","301.42K","-0.84%"
"22.05.2024","10.06","10.06","10.12","10.02","247.13K","-1.03%"
"21.05.2024","10.16","10.18","10.23","10.06","213.17K","-0.68%"
"20.05.2024","10.23","10.30","10.31","10.22","122.62K","0.20%"
"17.05.2024","10.22","10.21","10.22","10.16","126.60K","0.99%"
"16.05.2024","10.11","10.11","10.19","10.02","564.79K","0.87%"
"15.05.2024","10.03","10.07","10.07","9.86","175.08K","0.40%"
"14.05.2024","9.99","10.11","10.11","9.97","108.94K","-0.97%"
"13.05.2024","10.09","10.02","10.13","10.02","177.54K","-0.25%"
"10.05.2024","10.11","10.22","10.23","10.11","268.69K","-0.12%"
"09.05.2024","10.12","10.15","10.20","10.11","42.39K","0.22%"
"08.05.2024","10.10","9.97","10.10","9.89","136.29K","0.50%"
"07.05.2024","10.05","10.08","10.10","9.97","1.10M","-0.15%"
"03.05.2024","10.06","10.13","10.15","10.04","67.91K","-0.10%"
"02.05.2024","10.07","10.13","10.18","10.02","991.36K","-1.39%"
"01.05.2024","10.22","10.34","10.35","10.18","33.39K","-2.30%"
"30.04.2024","10.46","10.53","10.55","10.34","98.45K","-0.88%"
"29.04.2024","10.55","10.59","10.66","10.52","137.63K","-1.12%"
"26.04.2024","10.67","10.65","10.70","10.59","185.91K","2.15%"
"25.04.2024","10.44","10.55","10.57","10.44","22.45K","-0.57%"
"24.04.2024","10.51","10.59","10.60","10.48","152.08K","0.24%"
"23.04.2024","10.48","10.44","10.48","10.30","344.20K","0.77%"
"22.04.2024","10.40","10.31","10.40","10.27","67.62K","-0.48%"
"19.04.2024","10.45","10.58","10.59","10.34","112.35K","-0.07%"
"18.04.2024","10.46","10.48","10.52","10.36","95.91K","-1.72%"
"17.04.2024","10.64","10.76","10.78","10.64","170.29K","-1.57%"
"16.04.2024","10.81","10.80","10.82","10.73","494.26K","1.03%"
"15.04.2024","10.70","10.74","10.76","10.65","179.30K","-1.74%"
"12.04.2024","10.89","10.81","11.01","10.81","245.77K","1.26%"
"11.04.2024","10.76","10.81","10.86","10.70","30.71K","0.47%"
"10.04.2024","10.70","10.74","10.78","10.65","105.93K","-0.37%"
"09.04.2024","10.74","10.83","10.88","10.73","39.37K","0.00%"
"08.04.2024","10.74","10.72","10.89","10.70","118.16K","-1.51%"
"05.04.2024","10.91","10.89","10.93","10.84","407.17K","2.25%"
"04.04.2024","10.67","10.70","10.72","10.67","194.86K","-0.61%"
"03.04.2024","10.73","10.65","10.76","10.61","301.48K","0.99%"
"02.04.2024","10.63","10.53","10.65","10.43","735.06K","2.46%"
"28.03.2024","10.38","10.27","10.39","10.26","61.36K","1.62%"
"27.03.2024","10.21","10.18","10.26","10.15","85.80K","-0.83%"
"26.03.2024","10.30","10.29","10.32","10.26","156.95K","-0.10%"
"25.03.2024","10.31","10.19","10.32","10.17","138.08K","1.33%"
"22.03.2024","10.17","10.16","10.23","10.16","193.18K","-0.05%"
"21.03.2024","10.18","10.27","10.30","10.15","113.77K","-0.27%"
"20.03.2024","10.20","10.32","10.32","10.17","121.25K","-1.52%"
"19.03.2024","10.36","10.28","10.40","10.28","621.84K","1.02%"
"18.03.2024","10.26","10.20","10.28","10.18","56.56K","0.98%"
"15.03.2024","10.15","10.10","10.16","10.06","112.19K","0.45%"
"14.03.2024","10.11","9.99","10.12","9.98","716.07K","1.76%"
"13.03.2024","9.94","9.76","9.96","9.76","197.51K","1.30%"
"12.03.2024","9.81","9.84","9.85","9.71","126.13K","0.18%"
"11.03.2024","9.79","9.74","9.80","9.63","83.17K","0.49%"
"08.03.2024","9.74","9.89","9.95","9.74","151.50K","-0.76%"
"07.03.2024","9.82","9.83","9.83","9.75","182.83K","-1.16%"
"06.03.2024","9.93","9.73","9.97","9.73","166.28K","1.22%"
"05.03.2024","9.81","9.76","9.84","9.69","182.14K","-0.56%"
"04.03.2024","9.87","9.90","9.94","9.84","420.13K","-1.00%"
"01.03.2024","9.97","9.73","9.97","9.69","546.45K","2.07%"
"29.02.2024","9.77","9.69","9.77","9.69","116.84K","0.50%"
"28.02.2024","9.72","9.76","9.86","9.69","248.69K","-0.30%"
"27.02.2024","9.74","9.69","9.77","9.63","1.07M","1.19%"
"26.02.2024","9.63","9.50","9.64","9.50","82.00K","0.16%"
"23.02.2024","9.61","9.73","9.73","9.55","116.25K","-1.31%"
"22.02.2024","9.74","9.73","9.76","9.62","104.02K","0.65%"
"21.02.2024","9.68","9.62","9.69","9.55","137.15K","0.57%"
"20.02.2024","9.63","9.77","9.79","9.60","1.51M","-1.40%"
"19.02.2024","9.76","9.71","9.78","9.68","17.53K","0.66%"
"16.02.2024","9.70","9.69","9.71","9.59","103.97K","0.00%"
"15.02.2024","9.70","9.51","9.73","9.49","45.82K","0.52%"
"14.02.2024","9.65","9.70","9.80","9.64","160.57K","-0.72%"
"13.02.2024","9.72","9.65","9.72","9.62","134.59K","1.43%"
"12.02.2024","9.58","9.58","9.64","9.50","262.13K","0.71%"
"09.02.2024","9.52","9.56","9.66","9.51","204.38K","0.18%"
"08.02.2024","9.50","9.32","9.50","9.25","869.22K","2.54%"
"07.02.2024","9.26","9.21","9.30","9.21","291.76K","0.56%"
"06.02.2024","9.21","9.19","9.25","9.11","917.84K","1.61%"
"05.02.2024","9.06","9.10","9.12","8.97","234.06K","-0.19%"
"02.02.2024","9.08","9.29","9.31","9.02","305.19K","-4.99%"
"01.02.2024","9.56","9.49","9.59","9.48","90.46K","0.16%"
"31.01.2024","9.55","9.67","9.70","9.55","345.48K","-1.57%"
"30.01.2024","9.70","9.60","9.70","9.50","251.27K","0.62%"
"29.01.2024","9.64","9.76","9.80","9.60","340.44K","0.76%"
"26.01.2024","9.56","9.60","9.68","9.56","387.63K","0.24%"
"25.01.2024","9.54","9.46","9.55","9.44","196.49K","1.17%"
"24.01.2024","9.43","9.34","9.43","9.31","571.26K","0.94%"
"23.01.2024","9.35","9.37","9.40","9.20","751.61K","0.48%"
"22.01.2024","9.30","9.11","9.32","9.10","527.13K","1.00%"
"19.01.2024","9.21","9.23","9.31","9.19","539.21K","0.38%"
"18.01.2024","9.17","9.13","9.19","9.05","811.45K","1.44%"
"17.01.2024","9.04","8.99","9.04","8.86","175.66K","-0.71%"
"16.01.2024","9.11","9.08","9.22","9.03","179.74K","0.32%"
"15.01.2024","9.08","9.13","9.14","8.99","278.50K","-0.70%"
"12.01.2024","9.14","9.23","9.41","9.14","628.25K","-0.73%"
"11.01.2024","9.21","9.00","9.23","8.96","195.16K","1.94%"
"10.01.2024","9.03","9.07","9.19","8.99","115.26K","-0.55%"
"09.01.2024","9.09","8.91","9.13","8.91","131.90K","2.71%"
"08.01.2024","8.85","9.15","9.18","8.81","280.95K","-4.53%"
"05.01.2024","9.27","9.12","9.28","9.10","110.77K","3.69%"
"04.01.2024","8.94","9.20","9.27","8.93","214.68K","-1.89%"
"03.01.2024","9.11","8.82","9.13","8.73","90.05K","2.42%"
"02.01.2024","8.89","9.14","9.23","8.89","144.73K","-1.58%"
"29.12.2023","9.03","9.05","9.11","8.85","911.57K","-1.77%"
"28.12.2023","9.20","9.31","9.32","9.15","71.37K","-1.76%"
"27.12.2023","9.36","9.38","9.48","9.33","125.57K","0.54%"
"22.12.2023","9.31","9.36","9.38","9.29","41.47K","0.58%"
"21.12.2023","9.26","9.31","9.35","9.13","25.91K","-1.72%"
"20.12.2023","9.42","9.33","9.45","9.33","220.70K","0.98%"
"19.12.2023","9.33","9.14","9.33","9.09","328.45K","0.77%"
"18.12.2023","9.26","9.07","9.36","8.97","201.85K","2.56%"
"15.12.2023","9.03","9.06","9.12","8.90","101.66K","-0.39%"
"14.12.2023","9.06","8.81","9.09","8.81","282.04K","3.36%"
"13.12.2023","8.77","8.59","8.79","8.56","366.30K","0.92%"
"12.12.2023","8.69","9.02","9.03","8.67","465.09K","-2.58%"
"11.12.2023","8.92","9.01","9.02","8.86","137.95K","-0.34%"
"08.12.2023","8.95","8.89","9.00","8.85","98.76K","2.46%"
"07.12.2023","8.73","8.80","8.87","8.73","519.86K","-0.43%"
"06.12.2023","8.77","9.10","9.10","8.75","213.62K","-4.79%"
"05.12.2023","9.21","9.23","9.31","9.09","105.53K","-0.43%"
"04.12.2023","9.25","9.20","9.36","9.05","375.62K","-2.98%"
"01.12.2023","9.53","9.48","9.55","9.43","75.64K","1.14%"
"30.11.2023","9.43","9.78","9.93","9.43","860.34K","-2.28%"
"29.11.2023","9.65","9.57","9.73","9.50","276.90K","0.34%"
"28.11.2023","9.61","9.40","9.62","9.36","239.16K","2.07%"
"27.11.2023","9.42","9.39","9.52","9.29","191.37K","-1.98%"
"24.11.2023","9.61","9.57","9.64","9.43","55.28K","1.29%"
"23.11.2023","9.49","9.57","9.58","9.44","164.64K","1.50%"
"22.11.2023","9.35","9.73","9.73","9.24","524.95K","-2.98%"
"21.11.2023","9.64","9.65","9.70","9.61","199.98K","-1.13%"
"20.11.2023","9.74","9.55","9.75","9.52","172.75K","3.67%"
"17.11.2023","9.40","9.16","9.40","9.14","228.86K","2.15%"
"16.11.2023","9.20","9.51","9.57","9.18","334.83K","-4.02%"
"15.11.2023","9.59","9.72","9.72","9.58","206.27K","-2.32%"
"14.11.2023","9.81","9.70","9.86","9.64","80.92K","1.42%"
"13.11.2023","9.68","9.48","9.67","9.48","142.21K","2.18%"
"10.11.2023","9.47","9.43","9.55","9.42","150.84K","0.00%"
"09.11.2023","9.47","9.40","9.55","9.37","548.38K","0.30%"
"08.11.2023","9.44","9.57","9.59","9.37","248.31K","-2.38%"
"07.11.2023","9.67","9.86","9.86","9.67","330.21K","-4.10%"
"06.11.2023","10.09","10.02","10.10","10.02","83.25K","0.70%"
"03.11.2023","10.02","10.21","10.26","10.00","374.87K","-0.89%"
"02.11.2023","10.10","10.02","10.11","9.90","384.26K","0.60%"
"01.11.2023","10.05","10.00","10.18","9.98","205.79K","-0.50%"
"31.10.2023","10.10","10.10","10.18","10.03","358.83K","0.00%"
"30.10.2023","10.09","10.27","10.29","10.08","87.85K","-1.54%"
"27.10.2023","10.25","10.33","10.40","10.15","261.85K","0.29%"
"26.10.2023","10.22","10.32","10.40","10.10","200.60K","0.25%"
"25.10.2023","10.19","10.14","10.25","10.06","318.10K","0.49%"
"24.10.2023","10.15","10.41","10.44","10.14","132.39K","-3.63%"
"23.10.2023","10.53","10.53","10.62","10.50","81.69K","-1.80%"
"20.10.2023","10.72","10.71","10.78","10.69","292.35K","2.39%"
"19.10.2023","10.47","10.51","10.51","10.35","298.42K","-0.48%"
"18.10.2023","10.52","10.48","10.66","10.44","510.02K","2.73%"
"17.10.2023","10.24","10.30","10.36","10.24","194.41K","-0.99%"
"16.10.2023","10.34","10.35","10.45","10.26","125.44K","0.66%"
"13.10.2023","10.27","10.02","10.33","10.02","326.48K","2.85%"
"12.10.2023","9.99","9.92","10.09","9.92","241.19K","0.99%"
"11.10.2023","9.89","10.15","10.16","9.85","329.79K","-1.76%"
"10.10.2023","10.07","10.06","10.16","10.02","114.68K","-0.54%"
"09.10.2023","10.13","10.07","10.15","9.98","338.98K","4.03%"
"06.10.2023","9.73","9.69","9.78","9.65","186.52K","0.28%"
"05.10.2023","9.70","9.96","9.96","9.70","339.55K","-3.86%"
"04.10.2023","10.10","10.41","10.42","10.09","215.32K","-3.93%"
"03.10.2023","10.51","10.42","10.50","10.36","46.29K","0.60%"
"02.10.2023","10.44","10.68","10.74","10.44","258.01K","-2.06%"
"29.09.2023","10.66","10.74","10.86","10.61","94.42K","-1.41%"
"28.09.2023","10.82","10.95","10.96","10.77","147.07K","-0.71%"
"27.09.2023","10.90","10.68","10.91","10.68","50.11K","2.66%"
"26.09.2023","10.61","10.46","10.65","10.42","62.98K","0.71%"
"25.09.2023","10.54","10.63","10.65","10.52","196.62K","-0.68%"
"22.09.2023","10.61","10.66","10.73","10.61","131.84K","-0.77%"
"21.09.2023","10.69","10.49","10.73","10.48","89.35K","-0.07%"
"20.09.2023","10.70","10.61","10.75","10.55","262.35K","-0.93%"
"19.09.2023","10.80","10.75","10.84","10.73","143.81K","0.47%"
"18.09.2023","10.75","10.78","10.80","10.72","112.43K","0.47%"
"15.09.2023","10.70","10.77","10.77","10.60","137.04K","0.09%"
"14.09.2023","10.69","10.56","10.69","10.56","42.90K","1.52%"
"13.09.2023","10.53","10.54","10.60","10.28","106.13K","-0.19%"
"12.09.2023","10.55","10.39","10.56","10.39","144.64K","2.28%"
"11.09.2023","10.31","10.34","10.44","10.31","75.05K","-0.34%"
"08.09.2023","10.35","10.25","10.39","10.23","40.72K","0.19%"
"07.09.2023","10.33","10.33","10.35","10.27","116.14K","0.44%"
"06.09.2023","10.28","10.24","10.31","10.19","198.99K","-0.72%"
"05.09.2023","10.36","10.14","10.36","10.06","221.87K","2.17%"
"04.09.2023","10.14","10.10","10.15","10.08","156.69K","1.12%"
"01.09.2023","10.03","9.93","10.09","9.93","378.42K","2.50%"
"31.08.2023","9.78","9.69","9.86","9.69","164.88K","1.35%"
"30.08.2023","9.65","9.69","9.73","9.65","52.99K","0.86%"
"29.08.2023","9.57","9.50","9.60","9.45","455.22K","0.92%"
"25.08.2023","9.48","9.45","9.55","9.45","106.46K","0.97%"
"24.08.2023","9.39","9.36","9.44","9.28","186.36K","-0.41%"
"23.08.2023","9.43","9.44","9.46","9.27","46.16K","-0.97%"
"22.08.2023","9.52","9.54","9.56","9.52","44.99K","-1.09%"
"21.08.2023","9.63","9.65","9.70","9.59","358.04K","0.97%"
"18.08.2023","9.53","9.51","9.53","9.41","96.74K","-0.16%"
"17.08.2023","9.55","9.46","9.56","9.43","15.04K","-0.38%"
"16.08.2023","9.59","9.52","9.62","9.51","107.60K","0.48%"
"15.08.2023","9.54","9.73","9.74","9.50","119.66K","-2.03%"
"14.08.2023","9.74","9.68","9.77","9.65","34.53K","-0.81%"
"11.08.2023","9.82","9.74","9.83","9.73","81.63K","-0.29%"
"10.08.2023","9.85","9.91","9.94","9.82","64.19K","0.00%"
"09.08.2023","9.84","9.74","9.91","9.74","43.94K","2.17%"
"08.08.2023","9.63","9.60","9.63","9.46","49.39K","-0.16%"
"07.08.2023","9.65","9.74","9.74","9.64","106.35K","-0.62%"
"04.08.2023","9.71","9.62","9.71","9.62","67.00K","1.36%"
"03.08.2023","9.58","9.36","9.59","9.31","88.10K","2.35%"
"02.08.2023","9.36","9.66","9.67","9.36","306.32K","-2.30%"
"01.08.2023","9.58","9.60","9.62","9.51","137.83K","-0.43%"
"31.07.2023","9.62","9.48","9.62","9.48","60.89K","1.97%"
"28.07.2023","9.43","9.41","9.45","9.32","76.15K","0.08%"
"27.07.2023","9.43","9.35","9.43","9.33","78.50K","0.99%"
"26.07.2023","9.33","9.33","9.38","9.27","218.37K","0.09%"
"25.07.2023","9.32","9.35","9.35","9.24","39.99K","0.26%"
"24.07.2023","9.30","9.07","9.30","9.03","530.72K","3.00%"
"21.07.2023","9.03","9.02","9.05","9.00","168.37K","1.68%"
"20.07.2023","8.88","8.93","9.01","8.88","140.72K","-1.17%"
"19.07.2023","8.98","8.93","9.06","8.91","78.75K","0.93%"
"18.07.2023","8.90","8.76","8.91","8.74","55.41K","0.99%"
"17.07.2023","8.81","8.80","8.97","8.76","63.69K","-1.15%"
"14.07.2023","8.92","9.02","9.06","8.81","406.80K","-0.64%"
"13.07.2023","8.98","8.93","9.03","8.89","380.79K","1.07%"
"12.07.2023","8.88","8.80","8.93","8.80","283.96K","1.12%"
"11.07.2023","8.78","8.64","8.78","8.62","62.19K","1.05%"
"10.07.2023","8.69","8.64","8.72","8.60","59.16K","1.24%"
"07.07.2023","8.58","8.50","8.60","8.44","75.99K","3.12%"
"06.07.2023","8.32","8.49","8.53","8.31","58.66K","-1.96%"
"05.07.2023","8.49","8.41","8.52","8.35","53.75K","0.94%"
"04.07.2023","8.41","8.31","8.42","8.31","12.28K","0.25%"
"03.07.2023","8.39","8.34","8.48","8.29","66.94K","0.19%"
"30.06.2023","8.37","8.26","8.40","8.26","23.62K","2.09%"
"29.06.2023","8.20","8.22","8.34","8.19","136.28K","-0.18%"
"28.06.2023","8.22","8.06","8.23","7.97","99.69K","0.83%"
"27.06.2023","8.15","8.27","8.28","8.07","41.14K","-0.70%"
"26.06.2023","8.21","8.27","8.29","8.18","21.71K","0.47%"
"23.06.2023","8.17","8.16","8.18","7.99","405.97K","-0.68%"
"22.06.2023","8.23","8.52","8.55","8.20","90.28K","-3.59%"
"21.06.2023","8.53","8.39","8.53","8.35","205.65K","2.91%"
"20.06.2023","8.29","8.44","8.50","8.24","378.62K","-1.38%"
"19.06.2023","8.41","8.44","8.50","8.41","66.35K","0.40%"
"16.06.2023","8.37","8.36","8.42","8.32","164.20K","1.21%"
"15.06.2023","8.27","8.12","8.27","8.07","95.01K","1.44%"
"14.06.2023","8.15","8.23","8.32","8.16","211.71K","-0.15%"
"13.06.2023","8.17","7.97","8.23","7.97","633.07K","2.00%"
"12.06.2023","8.01","8.20","8.20","7.89","155.73K","-4.72%"
"09.06.2023","8.40","8.36","8.44","8.35","40.60K","-0.28%"
"08.06.2023","8.43","8.54","8.59","8.44","26.54K","-1.40%"
"07.06.2023","8.55","8.36","8.56","8.35","231.84K","1.32%"
"06.06.2023","8.44","8.38","8.48","8.24","143.48K","-1.33%"
"05.06.2023","8.55","8.54","8.65","8.46","424.09K","1.85%"
"02.06.2023","8.40","8.30","8.46","8.27","363.88K","1.67%"
"01.06.2023","8.26","8.07","8.26","7.96","222.48K","2.34%"
"31.05.2023","8.07","8.15","8.17","7.90","181.99K","-1.99%"
"30.05.2023","8.23","8.49","8.49","8.18","152.98K","-3.45%"
"26.05.2023","8.53","8.44","8.55","8.41","81.64K","0.98%"
"25.05.2023","8.44","8.66","8.66","8.45","170.25K","-2.61%"
"24.05.2023","8.67","8.59","8.72","8.59","299.09K","1.34%"
"23.05.2023","8.56","8.42","8.61","8.39","216.76K","1.77%"
"22.05.2023","8.41","8.27","8.40","8.27","229.97K","0.64%"
"19.05.2023","8.35","8.48","8.59","8.35","41.67K","-0.68%"
"18.05.2023","8.41","8.48","8.51","8.41","38.46K","0.00%"
"17.05.2023","8.41","8.19","8.43","8.18","65.09K","1.92%"
"16.05.2023","8.26","8.27","8.35","8.22","191.27K","-0.17%"
"15.05.2023","8.27","8.13","8.31","8.13","1.63M","0.67%"
"12.05.2023","8.21","8.20","8.34","8.18","112.41K","-1.50%"
"11.05.2023","8.34","8.48","8.55","8.25","906.77K","-1.55%"
"10.05.2023","8.47","8.51","8.57","8.39","462.44K","2.09%"
"09.05.2023","8.30","8.42","8.47","8.30","153.55K","0.47%"
"05.05.2023","8.26","8.06","8.33","8.06","485.82K","3.59%"
"04.05.2023","7.97","8.06","8.07","7.86","870.07K","0.49%"
"03.05.2023","7.93","8.30","8.31","7.92","1.40M","-5.11%"
"02.05.2023","8.36","8.75","8.81","8.36","756.39K","-5.30%"
"28.04.2023","8.83","8.69","8.85","8.57","169.92K","1.86%"
"27.04.2023","8.67","8.65","8.71","8.60","277.34K","-2.65%"
"26.04.2023","8.90","8.99","9.00","8.77","405.49K","-0.11%"
"25.04.2023","8.91","9.12","9.15","8.88","122.50K","-2.03%"
"24.04.2023","9.10","8.90","9.11","8.90","32.57K","0.85%"
"21.04.2023","9.02","8.89","9.04","8.88","121.10K","0.84%"
"20.04.2023","8.95","9.07","9.07","8.93","53.36K","-3.00%"
"19.04.2023","9.22","9.27","9.27","9.10","197.84K","-1.64%"
"18.04.2023","9.38","9.38","9.38","9.26","35.99K","0.36%"
"17.04.2023","9.34","9.50","9.51","9.34","81.30K","-1.81%"
"14.04.2023","9.52","9.49","9.54","9.44","39.13K","0.00%"
"13.04.2023","9.51","9.54","9.60","9.51","223.52K","-0.22%"
"12.04.2023","9.53","9.40","9.54","9.37","95.52K","2.20%"
"11.04.2023","9.33","9.28","9.35","9.04","76.15K","0.50%"
"06.04.2023","9.28","9.25","9.34","9.22","52.01K","0.26%"
"05.04.2023","9.26","9.34","9.36","9.21","275.69K","0.12%"
"04.04.2023","9.25","9.33","9.41","9.20","122.99K","-0.19%"
"03.04.2023","9.27","9.17","9.34","9.17","1.07M","6.68%"
"31.03.2023","8.69","8.61","8.73","8.55","123.31K","1.12%"
"30.03.2023","8.59","8.47","8.59","8.45","57.36K","0.57%"
"29.03.2023","8.54","8.52","8.60","8.51","396.15K","0.77%"
"28.03.2023","8.48","8.44","8.50","8.38","101.12K","3.34%"
"27.03.2023","8.20","8.12","8.21","8.07","139.23K","3.03%"
"24.03.2023","7.96","8.10","8.10","7.77","312.80K","-3.10%"
"23.03.2023","8.22","8.17","8.30","8.13","425.29K","0.67%"
"22.03.2023","8.16","8.02","8.14","8.01","63.66K","2.42%"
"21.03.2023","7.97","7.79","8.05","7.78","609.68K","3.47%"
"20.03.2023","7.70","7.56","7.76","7.49","324.81K","-1.53%"
"17.03.2023","7.82","8.02","8.09","7.61","749.83K","-1.14%"
"16.03.2023","7.91","7.87","7.94","7.65","544.02K","2.36%"
"15.03.2023","7.73","8.38","8.40","7.68","1.06M","-8.93%"
"14.03.2023","8.48","8.55","8.61","8.43","252.84K","-2.71%"
"13.03.2023","8.72","8.92","8.92","8.40","606.29K","-1.52%"
"10.03.2023","8.86","8.71","8.84","8.66","177.14K","-0.80%"
"09.03.2023","8.93","8.86","9.01","8.83","137.18K","0.52%"
"08.03.2023","8.88","8.92","8.98","8.82","142.17K","-1.92%"
"07.03.2023","9.06","9.33","9.33","9.05","945.88K","-2.12%"
"06.03.2023","9.25","9.18","9.26","9.05","559.19K","1.40%"
"03.03.2023","9.12","9.00","9.13","8.81","368.05K","0.70%"
"02.03.2023","9.06","8.93","9.08","8.93","49.14K","2.00%"
"01.03.2023","8.88","8.94","8.97","8.81","286.00K","-0.60%"
"28.02.2023","8.94","8.80","8.98","8.80","169.13K","2.60%"
"27.02.2023","8.71","8.80","8.84","8.70","9.36K","-1.05%"
"24.02.2023","8.80","8.82","8.84","8.60","323.97K","1.43%"
"23.02.2023","8.68","8.61","8.78","8.58","359.67K","0.45%"
"22.02.2023","8.64","8.72","8.81","8.61","399.11K","-2.22%"
"21.02.2023","8.84","8.89","8.97","8.80","231.88K","-0.58%"
"20.02.2023","8.89","8.80","8.96","8.80","221.94K","0.97%"
"17.02.2023","8.80","8.97","8.97","8.72","361.81K","-3.23%"
"16.02.2023","9.10","9.17","9.19","9.07","105.32K","1.29%"
"15.02.2023","8.98","9.02","9.10","8.98","60.48K","-1.44%"
"14.02.2023","9.11","9.18","9.19","9.00","60.73K","-0.69%"
"13.02.2023","9.18","9.14","9.22","9.07","199.59K","-0.35%"
"10.02.2023","9.21","8.98","9.25","8.98","509.62K","2.70%"
"09.02.2023","8.97","9.06","9.10","8.86","103.02K","0.00%"
"08.02.2023","8.96","9.01","9.06","8.94","238.89K","1.43%"
"07.02.2023","8.84","8.73","8.84","8.67","296.48K","3.83%"
"06.02.2023","8.51","8.58","8.62","8.40","312.32K","-2.65%"
"03.02.2023","8.74","8.74","9.01","8.73","196.53K","-0.61%"
"02.02.2023","8.80","8.88","8.89","8.70","1.27M","-2.95%"
"01.02.2023","9.06","9.16","9.22","9.04","95.03K","-0.51%"
"31.01.2023","9.11","8.97","9.15","8.85","694.68K","-0.26%"
"30.01.2023","9.13","9.15","9.23","9.02","2.59M","-1.46%"
"27.01.2023","9.27","9.40","9.52","9.24","741.38K","-1.58%"
"26.01.2023","9.42","9.31","9.47","9.27","247.93K","0.94%"
"25.01.2023","9.33","9.23","9.32","9.19","156.24K","0.26%"
"24.01.2023","9.31","9.43","9.46","9.28","136.05K","-2.27%"
"23.01.2023","9.52","9.39","9.52","9.39","282.81K","1.68%"
"20.01.2023","9.36","9.37","9.38","9.23","82.23K","1.44%"
"19.01.2023","9.23","9.13","9.31","9.07","370.73K","-2.11%"
"18.01.2023","9.43","9.36","9.51","9.33","967.52K","1.70%"
"17.01.2023","9.27","9.16","9.37","9.15","495.13K","1.76%"
"16.01.2023","9.11","9.18","9.20","9.11","86.93K","-0.83%"
"13.01.2023","9.19","9.08","9.20","9.06","135.38K","0.98%"
"12.01.2023","9.10","8.97","9.15","8.92","288.12K","1.62%"
"11.01.2023","8.95","8.64","8.95","8.62","130.98K","3.26%"
"10.01.2023","8.67","8.59","8.76","8.56","278.99K","-0.07%"
"09.01.2023","8.68","8.70","8.86","8.70","131.00K","0.20%"
"06.01.2023","8.66","8.53","8.71","8.48","439.32K","0.93%"
"05.01.2023","8.58","8.49","8.65","8.40","398.03K","0.78%"
"04.01.2023","8.52","8.84","8.84","8.47","193.56K","-5.24%"
"03.01.2023","8.99","9.35","9.37","9.03","88.37K","-0.11%"
"30.12.2022","9.00","9.05","9.10","9.01","4.10K","0.39%"
"29.12.2022","8.96","8.98","9.03","8.86","109.51K","0.00%"
"28.12.2022","8.96","9.11","9.16","8.91","210.49K","-0.46%"
"23.12.2022","9.00","8.97","9.07","8.93","251.49K","0.47%"
"22.12.2022","8.96","8.99","9.12","8.93","30.98K","0.53%"
"21.12.2022","8.91","8.70","8.98","8.70","59.21K","3.36%"
"20.12.2022","8.62","8.65","8.76","8.62","44.45K","-0.48%"
"19.12.2022","8.66","8.56","8.72","8.54","30.29K","1.69%"
"16.12.2022","8.52","8.68","8.68","8.46","50.39K","-1.94%"
"15.12.2022","8.69","8.81","8.91","8.69","142.00K","-1.77%"
"14.12.2022","8.84","8.68","8.92","8.66","181.58K","1.40%"
"13.12.2022","8.72","8.57","8.72","8.48","573.86K","2.85%"
"12.12.2022","8.48","8.26","8.51","8.14","216.00K","1.42%"
"09.12.2022","8.36","8.28","8.40","8.25","188.86K","0.95%"
"08.12.2022","8.28","8.41","8.60","8.23","480.72K","-2.26%"
"07.12.2022","8.47","8.57","8.70","8.39","234.19K","-2.05%"
"06.12.2022","8.65","8.95","8.95","8.65","790.58K","-5.24%"
"05.12.2022","9.13","9.26","9.50","9.14","36.83K","-2.08%"
"02.12.2022","9.32","9.33","9.39","9.27","99.70K","-1.58%"
"01.12.2022","9.47","9.23","9.55","9.23","43.85K","2.10%"
"30.11.2022","9.28","9.07","9.31","9.07","75.92K","4.37%"
"29.11.2022","8.89","9.03","9.14","8.96","187.22K","1.76%"
"28.11.2022","8.73","8.58","8.76","8.49","269.80K","-2.76%"
"25.11.2022","8.98","9.05","9.17","8.95","375.63K","-0.06%"
"24.11.2022","8.99","8.94","8.98","8.90","74.04K","0.66%"
"23.11.2022","8.93","9.30","9.35","8.85","341.54K","-4.20%"
"22.11.2022","9.32","9.23","9.33","9.18","220.61K","6.94%"
"21.11.2022","8.72","9.08","9.13","8.65","276.45K","-3.91%"
"18.11.2022","9.07","9.31","9.36","8.92","644.60K","-2.54%"
"17.11.2022","9.31","9.52","9.56","9.29","261.36K","-2.07%"
"16.11.2022","9.50","9.72","9.77","9.48","229.93K","-1.60%"
"15.11.2022","9.66","9.56","9.65","9.45","154.54K","-0.87%"
"14.11.2022","9.74","9.90","9.95","9.72","112.46K","-1.53%"
"11.11.2022","9.89","9.84","9.96","9.82","77.38K","2.62%"
"10.11.2022","9.64","9.49","9.67","9.41","166.46K","-0.09%"
"09.11.2022","9.65","9.84","9.84","9.61","259.42K","-4.12%"
"08.11.2022","10.06","10.11","10.14","10.02","108.94K","-2.52%"
"07.11.2022","10.32","10.09","10.35","10.08","273.21K","2.05%"
"04.11.2022","10.12","9.97","10.22","9.96","341.04K","3.15%"
"03.11.2022","9.81","9.82","9.83","9.72","58.24K","-1.15%"
"02.11.2022","9.92","9.84","9.94","9.69","117.16K","1.95%"
"01.11.2022","9.73","9.71","9.82","9.64","82.01K","2.17%"
"31.10.2022","9.53","9.61","9.63","9.49","51.34K","-1.14%"
"28.10.2022","9.64","9.66","9.74","9.61","95.65K","-1.67%"
"27.10.2022","9.80","9.64","9.85","9.64","162.65K","1.42%"
"26.10.2022","9.66","9.45","9.68","9.45","60.00K","2.75%"
"25.10.2022","9.40","9.34","9.48","9.19","244.08K","0.75%"
"24.10.2022","9.33","9.28","9.35","9.12","66.17K","0.38%"
"21.10.2022","9.30","9.28","9.42","9.17","227.43K","-1.34%"
"20.10.2022","9.43","9.44","9.53","9.40","69.48K","3.20%"
"19.10.2022","9.13","9.15","9.23","9.08","100.32K","1.00%"
"18.10.2022","9.04","9.39","9.40","9.02","105.75K","-3.29%"
"17.10.2022","9.35","9.39","9.50","9.30","69.08K","-0.65%"
"14.10.2022","9.41","9.68","9.68","9.35","36.30K","-1.84%"
"13.10.2022","9.59","9.41","9.59","9.29","114.67K","1.52%"
"12.10.2022","9.44","9.67","9.69","9.40","97.57K","-2.09%"
"11.10.2022","9.65","9.78","9.78","9.59","349.55K","-2.99%"
"10.10.2022","9.94","9.98","10.11","9.93","259.45K","-0.35%"
"07.10.2022","9.98","9.58","9.97","9.58","240.47K","3.73%"
"06.10.2022","9.62","9.50","9.64","9.49","141.02K","0.77%"
"05.10.2022","9.55","9.36","9.56","9.32","232.05K","1.99%"
"04.10.2022","9.36","9.10","9.40","9.09","106.60K","4.13%"
"03.10.2022","8.99","8.90","9.14","8.90","152.49K","2.25%"
"30.09.2022","8.79","8.86","8.97","8.63","103.48K","-1.18%"
"29.09.2022","8.90","8.83","9.00","8.78","166.10K","1.37%"
"28.09.2022","8.77","8.43","8.82","8.43","120.43K","2.33%"
"27.09.2022","8.57","8.52","8.66","8.48","234.85K","0.00%"
"26.09.2022","8.57","8.49","8.76","8.48","152.92K","-1.05%"
"23.09.2022","8.66","9.07","9.09","8.59","342.61K","-5.53%"
"22.09.2022","9.17","9.08","9.40","9.06","236.62K","1.01%"
"21.09.2022","9.08","9.39","9.45","9.05","74.57K","-0.48%"
"20.09.2022","9.12","9.29","9.40","9.10","222.58K","-2.49%"
"16.09.2022","9.35","9.31","9.39","9.20","93.09K","1.03%"
"15.09.2022","9.26","9.60","9.63","9.20","61.26K","-4.02%"
"14.09.2022","9.65","9.45","9.75","9.40","93.08K","1.87%"
"13.09.2022","9.47","9.59","9.73","9.43","145.44K","-1.66%"
"12.09.2022","9.63","9.40","9.69","9.40","219.18K","3.15%"
"09.09.2022","9.34","9.11","9.37","9.11","159.16K","2.86%"
"08.09.2022","9.08","9.03","9.13","8.87","283.83K","-0.34%"
"07.09.2022","9.11","9.40","9.57","9.08","525.98K","-4.68%"
"06.09.2022","9.56","9.71","9.76","9.42","426.08K","-1.79%"
"05.09.2022","9.73","9.69","9.85","9.68","90.18K","1.17%"
"02.09.2022","9.62","9.63","9.71","9.57","116.07K","1.54%"
"01.09.2022","9.47","9.67","9.69","9.45","287.19K","-3.56%"
"31.08.2022","9.82","10.06","10.06","9.65","87.60K","-1.46%"
"30.08.2022","9.97","10.44","10.52","9.97","68.63K","-0.42%"
"26.08.2022","10.01","10.23","10.24","9.95","80.25K","-2.77%"
"25.08.2022","10.29","10.39","10.40","10.23","56.97K","1.33%"
"24.08.2022","10.16","10.23","10.35","10.19","133.89K","0.07%"
"23.08.2022","10.15","9.91","10.23","9.91","241.60K","4.88%"
"22.08.2022","9.68","9.73","9.92","9.46","318.08K","-2.20%"
"19.08.2022","9.90","9.74","9.90","9.61","366.66K","0.89%"
"18.08.2022","9.81","9.55","9.81","9.53","233.24K","3.16%"
"17.08.2022","9.51","9.51","9.65","9.37","319.60K","0.85%"
"16.08.2022","9.43","9.61","9.78","9.43","240.22K","-1.26%"
"15.08.2022","9.55","9.86","9.87","9.43","329.20K","-4.07%"
"12.08.2022","9.95","10.11","10.17","9.87","57.45K","-0.72%"
"11.08.2022","10.02","9.88","10.09","9.84","133.35K","3.52%"
"10.08.2022","9.68","9.62","9.75","9.48","139.94K","-1.00%"
"09.08.2022","9.78","9.65","9.93","9.58","81.35K","0.86%"
"08.08.2022","9.70","9.61","9.64","9.39","125.58K","0.52%"
"05.08.2022","9.65","9.53","9.68","9.33","146.08K","1.93%"
"04.08.2022","9.47","9.73","9.83","9.47","757.19K","-4.61%"
"03.08.2022","9.92","9.98","10.28","9.85","293.87K","-1.17%"
"02.08.2022","10.04","9.94","10.08","9.86","261.54K","1.47%"
"01.08.2022","9.90","10.31","10.34","9.82","100.57K","-6.63%"
"29.07.2022","10.60","10.29","10.69","10.29","103.57K","2.64%"
"28.07.2022","10.32","10.41","10.52","10.15","169.52K","1.03%"
"27.07.2022","10.22","10.03","10.24","9.97","47.99K","1.26%"
"26.07.2022","10.09","10.29","10.33","10.08","93.12K","0.27%"
"25.07.2022","10.06","9.84","10.11","9.74","137.34K","-0.67%"
"22.07.2022","10.13","10.15","10.15","9.83","109.92K","0.35%"
"21.07.2022","10.10","10.23","10.23","9.81","264.62K","-1.85%"
"20.07.2022","10.29","10.23","10.32","10.17","62.89K","0.76%"
"19.07.2022","10.21","10.23","10.31","9.98","86.22K","-0.05%"
"18.07.2022","10.22","9.99","10.27","9.97","72.34K","3.68%"
"15.07.2022","9.85","9.59","9.88","9.54","220.80K","4.20%"
"14.07.2022","9.45","9.71","9.72","9.24","312.40K","-2.78%"
"13.07.2022","9.73","9.80","9.88","9.59","221.93K","-0.28%"
"12.07.2022","9.75","10.23","10.24","9.68","259.41K","-6.27%"
"11.07.2022","10.40","10.31","10.40","10.14","235.19K","-0.29%"
"08.07.2022","10.44","10.23","10.50","10.18","224.79K","0.92%"
"07.07.2022","10.34","9.73","10.34","9.72","403.34K","6.63%"
"06.07.2022","9.70","10.10","10.15","9.53","2.10M","-2.71%"
"05.07.2022","9.97","11.02","11.07","9.97","420.42K","-10.18%"
"04.07.2022","11.10","10.92","11.11","10.82","122.51K","2.26%"
"01.07.2022","10.85","10.61","10.97","10.61","120.24K","0.53%"
"30.06.2022","10.80","11.01","11.10","10.69","141.70K","-4.57%"
"29.06.2022","11.31","11.23","11.51","11.23","107.37K","1.00%"
"28.06.2022","11.20","11.19","11.24","11.10","124.06K","2.07%"
"27.06.2022","10.97","10.81","10.99","10.74","87.44K","0.55%"
"24.06.2022","10.91","10.51","10.91","10.47","100.46K","1.87%"
"23.06.2022","10.71","10.69","10.89","10.56","197.78K","-0.53%"
"22.06.2022","10.77","10.61","10.72","10.44","530.98K","-3.45%"
"21.06.2022","11.15","11.18","11.35","11.15","231.53K","0.52%"
"20.06.2022","11.10","11.05","11.12","10.98","116.31K","-0.16%"
"17.06.2022","11.11","11.72","11.82","11.07","328.12K","-3.52%"
"16.06.2022","11.52","11.64","11.64","11.32","463.45K","-1.66%"
"15.06.2022","11.72","11.77","11.82","11.62","259.56K","-3.68%"
"14.06.2022","12.16","12.07","12.22","12.06","258.75K","2.81%"
"13.06.2022","11.83","11.78","11.91","11.69","126.79K","-0.50%"
"10.06.2022","11.89","12.10","12.22","11.80","555.88K","-2.38%"
"09.06.2022","12.18","12.16","12.22","12.10","241.22K","0.50%"
"08.06.2022","12.12","12.00","12.12","11.96","193.25K","1.89%"
"07.06.2022","11.90","11.89","12.00","11.76","261.04K","1.15%"
"06.06.2022","11.76","11.87","11.91","11.72","215.72K","1.95%"
"01.06.2022","11.53","11.49","11.64","11.45","223.42K","-0.56%"
"31.05.2022","11.60","11.76","11.82","11.55","641.61K","0.91%"
"30.05.2022","11.49","11.43","11.49","11.41","132.21K","1.82%"
"27.05.2022","11.29","11.25","11.35","11.17","206.12K","0.04%"
"26.05.2022","11.28","10.96","11.30","10.96","315.87K","3.44%"
"25.05.2022","10.91","10.98","11.04","10.90","214.99K","0.37%"
"24.05.2022","10.87","10.76","11.00","10.76","138.13K","-0.28%"
"23.05.2022","10.90","10.91","10.98","10.79","123.47K","0.93%"
"20.05.2022","10.80","10.73","10.89","10.73","85.44K","1.55%"
"19.05.2022","10.64","10.63","10.65","10.24","201.33K","0.33%"
"18.05.2022","10.60","10.85","11.04","10.57","485.39K","-4.33%"
"17.05.2022","11.08","11.03","11.15","11.01","403.38K","1.70%"
"16.05.2022","10.90","10.69","10.90","10.66","109.80K","1.02%"
"13.05.2022","10.78","10.53","10.80","10.52","291.87K","2.57%"
"12.05.2022","10.52","10.29","10.56","10.18","251.87K","0.81%"
"11.05.2022","10.43","10.15","10.44","9.94","755.01K","3.78%"
"10.05.2022","10.05","10.20","10.32","10.00","479.82K","-2.19%"
"09.05.2022","10.27","10.79","10.83","10.27","473.17K","-6.12%"
"06.05.2022","10.94","10.78","10.97","10.73","262.09K","1.72%"
"05.05.2022","10.76","10.73","11.02","10.65","763.20K","2.38%"
"04.05.2022","10.51","10.35","10.60","10.35","511.22K","2.76%"
"03.05.2022","10.23","10.34","10.38","10.17","1.04M","-2.50%"
"29.04.2022","10.49","10.44","10.60","10.39","1.07M","1.80%"
"28.04.2022","10.31","10.09","10.31","10.08","233.50K","2.64%"
"27.04.2022","10.04","10.21","10.21","9.98","224.42K","-0.54%"
"26.04.2022","10.10","9.93","10.10","9.75","798.26K","5.35%"
"25.04.2022","9.58","9.83","9.85","9.58","463.42K","-6.05%"
"22.04.2022","10.20","10.31","10.35","10.17","232.79K","-1.92%"
"21.04.2022","10.40","10.36","10.54","10.31","301.68K","1.36%"
"20.04.2022","10.26","10.32","10.35","10.20","186.71K","0.54%"
"19.04.2022","10.20","10.15","10.69","10.15","476.13K","-1.11%"
"14.04.2022","10.32","10.30","10.35","10.24","96.72K","0.76%"
"13.04.2022","10.24","10.08","10.29","10.03","294.50K","1.41%"
"12.04.2022","10.10","9.80","10.10","9.69","485.26K","6.12%"
"11.04.2022","9.52","9.68","9.72","9.39","680.95K","-2.03%"
"08.04.2022","9.72","9.69","9.77","9.61","208.73K","2.24%"
"07.04.2022","9.50","9.76","9.84","9.49","154.92K","-3.85%"
"06.04.2022","9.88","10.13","10.28","9.88","193.44K","-2.83%"
"05.04.2022","10.17","10.35","10.38","10.09","208.40K","0.15%"
"04.04.2022","10.15","9.93","10.24","9.81","103.03K","2.34%"
"01.04.2022","9.92","9.72","9.94","9.63","262.78K","-1.76%"
"31.03.2022","10.10","10.07","10.23","9.83","516.25K","-3.40%"
"30.03.2022","10.45","10.35","10.53","10.23","306.43K","4.71%"
"29.03.2022","9.98","10.15","10.40","9.59","498.08K","-3.29%"
"28.03.2022","10.32","10.52","10.58","10.13","133.56K","-5.36%"
"25.03.2022","10.91","10.62","10.93","10.44","459.05K","0.90%"
"24.03.2022","10.81","11.01","11.08","10.70","297.56K","-1.35%"
"23.03.2022","10.96","10.61","11.05","10.60","190.71K","4.86%"
"22.03.2022","10.45","10.71","10.72","10.35","317.39K","-0.62%"
"21.03.2022","10.52","10.35","10.53","10.28","456.99K","5.88%"
"18.03.2022","9.93","9.99","10.00","9.80","281.99K","1.08%"
"17.03.2022","9.83","9.38","9.97","9.38","486.11K","6.36%"
"16.03.2022","9.24","9.46","9.54","9.03","505.31K","-0.73%"
"15.03.2022","9.31","9.31","9.34","9.01","1.33M","-3.72%"
"14.03.2022","9.67","9.89","9.98","9.55","446.87K","-4.52%"
"11.03.2022","10.13","10.08","10.23","9.77","549.96K","1.00%"
"10.03.2022","10.02","10.15","10.47","9.80","780.27K","-3.61%"
"09.03.2022","10.40","11.41","11.52","10.40","870.74K","-10.61%"
"08.03.2022","11.64","11.21","11.77","11.04","1.64M","6.50%"
"07.03.2022","10.93","11.34","11.34","10.62","1.84M","7.06%"
"04.03.2022","10.20","9.97","10.41","9.89","1.00M","1.85%"
"03.03.2022","10.02","10.30","10.49","9.79","1.43M","2.19%"
"02.03.2022","9.81","10.05","10.22","9.64","1.46M","2.14%"
"01.03.2022","9.60","9.08","9.74","9.08","1.27M","7.56%"
"28.02.2022","8.93","8.94","9.06","8.90","513.99K","4.05%"
"25.02.2022","8.58","8.91","8.96","8.58","462.62K","-5.82%"
"24.02.2022","9.11","8.90","9.45","8.90","1.45M","3.66%"
"23.02.2022","8.79","8.74","8.90","8.64","293.19K","0.33%"
"22.02.2022","8.76","8.86","8.97","8.66","861.81K","1.18%"
"21.02.2022","8.65","8.49","8.69","8.49","200.98K","1.61%"
"18.02.2022","8.52","8.43","8.58","8.28","418.78K","0.29%"
"17.02.2022","8.49","8.57","8.60","8.40","473.24K","-2.47%"
"16.02.2022","8.71","8.56","8.71","8.56","258.79K","2.53%"
"15.02.2022","8.49","8.72","8.73","8.42","514.96K","-2.41%"
"14.02.2022","8.70","8.71","8.74","8.58","582.12K","1.46%"
"11.02.2022","8.58","8.41","8.60","8.41","468.79K","0.00%"
"10.02.2022","8.58","8.47","8.60","8.43","355.29K","1.33%"
"09.02.2022","8.47","8.33","8.51","8.33","482.39K","1.65%"
"08.02.2022","8.33","8.51","8.53","8.33","716.91K","-2.66%"
"07.02.2022","8.56","8.60","8.62","8.50","298.14K","-0.70%"
"04.02.2022","8.61","8.46","8.65","8.46","1.13M","3.76%"
"03.02.2022","8.30","8.24","8.31","8.15","258.89K","1.44%"
"02.02.2022","8.19","8.25","8.37","8.19","1.62M","-0.94%"
"01.02.2022","8.26","8.25","8.30","8.13","489.51K","0.82%"
"31.01.2022","8.19","8.23","8.25","8.12","2.20M","-0.82%"
"28.01.2022","8.26","8.23","8.33","8.16","178.74K","0.36%"
"27.01.2022","8.23","8.19","8.32","8.15","497.69K","-0.12%"
"26.01.2022","8.24","8.09","8.27","8.09","578.96K","2.71%"
"25.01.2022","8.02","7.95","8.02","7.89","478.59K","2.16%"
"24.01.2022","7.86","8.11","8.12","7.79","1.90M","-2.60%"
"21.01.2022","8.06","8.00","8.10","7.93","1.19M","-1.41%"
"20.01.2022","8.18","8.07","8.19","8.05","1.01M","0.34%"
"19.01.2022","8.15","8.08","8.18","8.00","1.15M","2.26%"
"18.01.2022","7.97","8.06","8.07","7.92","391.38K","0.76%"
"17.01.2022","7.91","7.93","7.93","7.87","901.84K","0.73%"
"14.01.2022","7.86","7.77","7.86","7.76","242.43K","0.90%"
"13.01.2022","7.78","7.77","7.82","7.74","234.71K","0.13%"
"12.01.2022","7.78","7.68","7.78","7.68","275.71K","1.37%"
"11.01.2022","7.67","7.47","7.67","7.47","422.59K","2.99%"
"10.01.2022","7.45","7.50","7.52","7.40","802.25K","-0.73%"
"07.01.2022","7.50","7.57","7.60","7.47","1.14M","-0.56%"
"06.01.2022","7.55","7.36","7.57","7.36","423.46K","1.39%"
"05.01.2022","7.44","7.33","7.45","7.30","1.08M","1.69%"
"04.01.2022","7.32","7.25","7.37","7.24","293.27K","2.06%"
"31.12.2021","7.17","7.28","7.28","7.17","59.36K","-1.71%"
"30.12.2021","7.30","7.25","7.35","7.22","1.38M","1.37%"
"29.12.2021","7.20","7.24","7.35","7.17","405.81K","4.09%"
"24.12.2021","6.91","6.99","6.99","6.79","8.53K","-1.02%"
"23.12.2021","6.99","6.89","6.99","6.88","89.72K","2.08%"
"22.12.2021","6.84","6.78","6.84","6.75","221.87K","1.73%"
"21.12.2021","6.73","6.58","6.74","6.53","380.66K","5.84%"
"20.12.2021","6.36","6.51","6.54","6.31","581.52K","-5.82%"
"17.12.2021","6.75","6.82","6.82","6.65","227.87K","-2.00%"
"16.12.2021","6.89","6.81","6.89","6.76","246.76K","3.69%"
"15.12.2021","6.64","6.66","6.69","6.61","343.70K","-1.15%"
"14.12.2021","6.72","6.79","6.82","6.55","116.46K","-1.12%"
"13.12.2021","6.79","6.90","6.90","6.75","99.34K","0.13%"
"10.12.2021","6.78","6.75","6.87","6.74","123.86K","-0.66%"
"09.12.2021","6.83","6.91","6.91","6.80","333.32K","-0.87%"
"08.12.2021","6.89","6.81","6.92","6.76","279.77K","0.00%"
"07.12.2021","6.89","6.72","6.91","6.72","291.17K","6.14%"
"06.12.2021","6.49","6.47","6.53","6.43","188.73K","0.58%"
"03.12.2021","6.45","6.45","6.55","6.45","264.25K","2.42%"
"02.12.2021","6.30","6.34","6.39","5.98","899.44K","-2.44%"
"01.12.2021","6.46","6.49","6.59","6.42","1.04M","1.73%"
"30.11.2021","6.35","6.47","6.53","6.32","718.86K","-5.22%"
"29.11.2021","6.70","6.78","6.89","6.64","965.87K","2.72%"
"26.11.2021","6.52","7.05","7.05","6.52","771.66K","-11.50%"
"25.11.2021","7.37","7.39","7.40","7.34","148.60K","-0.89%"
"24.11.2021","7.44","7.42","7.46","7.36","466.57K","0.69%"
"23.11.2021","7.39","7.17","7.41","7.12","580.24K","1.93%"
"22.11.2021","7.24","7.13","7.24","7.09","276.49K","2.22%"
"19.11.2021","7.09","7.40","7.42","7.07","906.02K","-3.14%"
"18.11.2021","7.32","7.16","7.33","7.14","1.14M","0.00%"
"17.11.2021","7.32","7.39","7.40","7.30","189.65K","-1.38%"
"16.11.2021","7.42","7.46","7.48","7.35","385.63K","0.95%"
"15.11.2021","7.35","7.36","7.37","7.30","230.94K","-0.79%"
"12.11.2021","7.41","7.40","7.43","7.31","265.63K","-0.17%"
"11.11.2021","7.42","7.45","7.51","7.35","372.10K","-1.51%"
"10.11.2021","7.53","7.67","7.68","7.53","332.74K","-0.46%"
"09.11.2021","7.57","7.52","7.58","7.51","116.81K","0.43%"
"08.11.2021","7.54","7.53","7.57","7.47","240.84K","1.24%"
"05.11.2021","7.45","7.26","7.47","7.26","107.87K","1.00%"
"04.11.2021","7.37","7.40","7.61","7.33","733.74K","-0.39%"
"03.11.2021","7.40","7.51","7.53","7.36","405.26K","-2.46%"
"02.11.2021","7.59","7.64","7.64","7.56","367.71K","-0.31%"
"01.11.2021","7.61","7.53","7.65","7.53","308.96K","0.89%"
"29.10.2021","7.54","7.57","7.60","7.45","155.74K","0.77%"
"28.10.2021","7.49","7.49","7.54","7.40","171.44K","-1.74%"
"27.10.2021","7.62","7.65","7.68","7.57","105.05K","-1.52%"
"26.10.2021","7.74","7.66","7.72","7.63","270.23K","0.16%"
"25.10.2021","7.72","7.69","7.76","7.68","210.57K","1.58%"
"22.10.2021","7.60","7.51","7.66","7.51","529.67K","1.88%"
"21.10.2021","7.46","7.63","7.64","7.46","277.19K","-2.03%"
"20.10.2021","7.62","7.53","7.64","7.48","240.47K","0.00%"
"19.10.2021","7.61","7.57","7.63","7.49","599.63K","0.73%"
"18.10.2021","7.56","7.62","7.65","7.54","390.62K","0.07%"
"15.10.2021","7.55","7.55","7.58","7.54","130.63K","1.82%"
"14.10.2021","7.42","7.47","7.51","7.42","171.69K","0.10%"
"13.10.2021","7.41","7.40","7.41","7.31","151.96K","0.08%"
"12.10.2021","7.40","7.41","7.47","7.34","180.54K","-0.72%"
"11.10.2021","7.46","7.43","7.51","7.42","402.71K","1.39%"
"08.10.2021","7.36","7.34","7.40","7.29","271.02K","1.33%"
"07.10.2021","7.26","7.11","7.24","6.93","304.30K","0.99%"
"06.10.2021","7.19","7.36","7.36","7.16","402.20K","-2.18%"
"05.10.2021","7.35","7.20","7.36","7.20","595.05K","1.70%"
"04.10.2021","7.22","6.99","7.26","6.99","663.48K","3.73%"
"01.10.2021","6.97","6.94","6.99","6.88","152.32K","0.18%"
"30.09.2021","6.95","6.92","6.95","6.80","227.65K","-0.18%"
"29.09.2021","6.97","6.84","7.01","6.83","586.14K","0.25%"
"28.09.2021","6.95","7.06","7.07","6.89","693.17K","-0.57%"
"27.09.2021","6.99","6.93","7.00","6.91","835.54K","2.38%"
"24.09.2021","6.82","6.80","6.83","6.77","168.03K","0.70%"
"23.09.2021","6.78","6.69","6.79","6.64","713.65K","1.99%"
"22.09.2021","6.64","6.62","6.66","6.61","176.26K","2.59%"
"21.09.2021","6.48","6.56","6.60","6.45","338.87K","-1.18%"
"20.09.2021","6.55","6.57","6.57","6.47","462.19K","-0.76%"
"17.09.2021","6.61","6.66","6.66","6.57","179.17K","-0.45%"
"16.09.2021","6.64","6.67","6.69","6.61","638.08K","-1.01%"
"15.09.2021","6.70","6.55","6.74","6.55","648.13K","2.88%"
"14.09.2021","6.51","6.55","6.56","6.50","472.16K","0.19%"
"13.09.2021","6.50","6.49","6.55","6.48","244.59K","1.05%"
"10.09.2021","6.43","6.35","6.45","6.35","244.02K","0.39%"
"09.09.2021","6.41","6.39","6.45","6.28","915.31K","0.00%"
"08.09.2021","6.41","6.36","6.44","6.34","369.52K","1.16%"
"07.09.2021","6.33","6.40","6.40","6.27","340.29K","-0.57%"
"06.09.2021","6.37","6.34","6.42","6.32","363.33K","-1.05%"
"03.09.2021","6.44","6.47","6.51","6.44","312.27K","-1.23%"
"02.09.2021","6.52","6.32","6.52","6.32","490.17K","3.78%"
"01.09.2021","6.28","6.39","6.41","6.23","500.73K","-1.41%"
"31.08.2021","6.37","6.38","6.40","6.32","645.69K","0.39%"
"27.08.2021","6.34","6.31","6.36","6.29","288.55K","1.72%"
"26.08.2021","6.24","6.26","6.27","6.22","173.07K","-0.38%"
"25.08.2021","6.26","6.23","6.29","6.20","357.39K","0.62%"
"24.08.2021","6.22","6.10","6.24","6.10","169.18K","2.72%"
"23.08.2021","6.06","5.85","6.05","5.85","234.50K","4.13%"
"20.08.2021","5.82","5.88","5.89","5.73","90.64K","0.69%"
"19.08.2021","5.78","5.89","5.89","5.76","719.11K","-5.79%"
"18.08.2021","6.13","6.14","6.17","6.08","198.41K","-1.13%"
"17.08.2021","6.20","6.14","6.21","6.13","316.23K","0.00%"
"16.08.2021","6.20","6.20","6.26","6.05","543.04K","-1.86%"
"13.08.2021","6.32","6.30","6.36","6.30","93.15K","-0.34%"
"12.08.2021","6.34","6.35","6.39","6.30","180.27K","1.83%"
"11.08.2021","6.22","6.31","6.31","6.15","135.53K","-1.11%"
"10.08.2021","6.30","6.20","6.32","6.18","334.35K","3.20%"
"09.08.2021","6.10","6.14","6.14","6.01","630.84K","-2.79%"
"06.08.2021","6.28","6.38","6.44","6.26","1.09M","-1.10%"
"05.08.2021","6.34","6.21","6.35","6.21","1.47M","1.04%"
"04.08.2021","6.28","6.44","6.47","6.25","1.88M","-2.26%"
"03.08.2021","6.43","6.47","6.55","6.32","1.47M","-1.15%"
"02.08.2021","6.50","6.66","6.67","6.47","1.58M","-2.95%"
"30.07.2021","6.70","6.66","6.72","6.66","4.59M","0.56%"
"29.07.2021","6.66","6.63","6.66","6.61","1.14M","1.41%"
"28.07.2021","6.57","6.55","6.61","6.54","1.08M","0.65%"
"27.07.2021","6.53","6.55","6.59","6.51","918.36K","-0.11%"
"26.07.2021","6.53","6.46","6.57","6.41","1.04M","0.23%"
"23.07.2021","6.52","6.50","6.53","6.49","1.44M","1.42%"
"22.07.2021","6.43","6.39","6.45","6.36","897.22K","1.24%"
"21.07.2021","6.35","6.09","6.36","6.09","1.36M","4.10%"
"20.07.2021","6.10","6.11","6.14","5.96","2.14M","0.00%"
"19.07.2021","6.09","6.43","6.43","6.08","4.19M","-6.59%"
"16.07.2021","6.52","6.46","6.54","6.39","1.29M","-0.53%"
"15.07.2021","6.56","6.51","6.57","6.44","656.67K","-2.38%"
"14.07.2021","6.72","6.75","6.78","6.68","960.53K","0.26%"
"13.07.2021","6.70","6.66","6.70","6.63","761.74K","1.06%"
"12.07.2021","6.63","6.63","6.63","6.55","1.06M","-0.64%"
"09.07.2021","6.67","6.53","6.67","6.53","978.85K","2.89%"
"08.07.2021","6.49","6.42","6.49","6.35","1.06M","1.25%"
"07.07.2021","6.41","6.59","6.68","6.30","1.46M","-2.25%"
"06.07.2021","6.55","6.82","6.86","6.55","534.51K","-3.00%"
"05.07.2021","6.76","6.73","6.76","6.70","243.10K","0.71%"
"02.07.2021","6.71","6.69","6.72","6.65","1.03M","0.19%"
"01.07.2021","6.70","6.60","6.78","6.60","1.46M","2.14%"
"30.06.2021","6.55","6.57","6.64","6.54","762.14K","-0.34%"
"29.06.2021","6.58","6.51","6.61","6.47","887.11K","0.25%"
"28.06.2021","6.56","6.63","6.64","6.55","852.68K","-0.85%"
"25.06.2021","6.62","6.59","6.62","6.54","1.42M","0.68%"
"24.06.2021","6.57","6.57","6.58","6.50","914.39K","0.00%"
"23.06.2021","6.57","6.57","6.63","6.55","2.20M","0.96%"
"22.06.2021","6.51","6.52","6.55","6.47","2.17M","0.66%"
"21.06.2021","6.47","6.39","6.47","6.34","1.28M","1.05%"
"18.06.2021","6.40","6.31","6.41","6.28","1.28M","0.83%"
"17.06.2021","6.35","6.42","6.47","6.32","1.25M","-2.68%"
"16.06.2021","6.53","6.48","6.52","6.45","1.54M","1.56%"
"15.06.2021","6.43","6.38","6.45","6.36","1.65M","0.59%"
"14.06.2021","6.39","6.37","6.41","6.37","1.02M","0.95%"
"11.06.2021","6.33","6.31","6.36","6.30","1.20M","0.00%"
"10.06.2021","6.32","6.26","6.35","6.25","1.21M","0.56%"
"09.06.2021","6.29","6.34","6.35","6.29","1.50M","0.28%"
"08.06.2021","6.27","6.20","6.27","6.17","1.30M","0.88%"
"07.06.2021","6.22","6.22","6.27","6.20","1.38M","0.00%"
"04.06.2021","6.22","6.21","6.27","6.20","1.32M","1.30%"
"03.06.2021","6.14","6.22","6.22","6.14","1.10M","-0.28%"
"02.06.2021","6.16","6.11","6.16","6.11","1.13M","1.11%"
"01.06.2021","6.09","6.09","6.20","6.09","2.47M","1.04%"
"28.05.2021","6.03","6.01","6.07","6.01","1.79M","0.67%"
"27.05.2021","5.99","5.91","5.99","5.89","488.12K","0.48%"
"26.05.2021","5.96","5.97","5.97","5.88","907.71K","0.49%"
"25.05.2021","5.93","5.93","5.97","5.89","1.08M","0.68%"
"24.05.2021","5.89","5.78","5.89","5.78","1.09M","2.48%"
"21.05.2021","5.74","5.58","5.75","5.56","901.59K","1.10%"
"20.05.2021","5.68","5.72","5.76","5.60","1.42M","0.18%"
"19.05.2021","5.67","5.84","5.84","5.60","2.66M","-4.82%"
"18.05.2021","5.96","5.99","6.04","5.91","788.30K","0.25%"
"17.05.2021","5.95","5.88","5.96","5.86","423.48K","1.36%"
"14.05.2021","5.86","5.74","5.89","5.74","979.31K","1.12%"
"13.05.2021","5.80","5.89","5.89","5.78","808.33K","-3.21%"
"12.05.2021","5.99","5.93","6.01","5.92","900.05K","1.91%"
"11.05.2021","5.88","5.82","5.89","5.77","785.61K","0.86%"
"10.05.2021","5.83","5.91","5.92","5.80","1.17M","-0.43%"
"07.05.2021","5.86","5.87","5.88","5.77","924.03K","-0.30%"
"06.05.2021","5.87","5.91","5.95","5.82","1.06M","-1.74%"
"05.05.2021","5.98","5.95","6.00","5.94","1.82M","1.34%"
"04.05.2021","5.90","5.70","5.92","5.70","1.18M","3.51%"
"30.04.2021","5.70","5.81","5.82","5.69","702.87K","-1.98%"
"29.04.2021","5.81","5.76","5.88","5.76","1.90M","0.69%"
"28.04.2021","5.77","5.68","5.78","5.65","907.64K","2.90%"
"27.04.2021","5.61","5.61","5.65","5.60","461.92K","0.81%"
"26.04.2021","5.57","5.53","5.58","5.47","753.18K","-0.13%"
"23.04.2021","5.57","5.57","5.61","5.51","512.99K","0.63%"
"22.04.2021","5.54","5.51","5.57","5.47","733.24K","-0.76%"
"21.04.2021","5.58","5.61","5.63","5.49","1.14M","0.00%"
"20.04.2021","5.58","5.76","5.78","5.55","1.42M","-2.06%"
"19.04.2021","5.70","5.68","5.73","5.67","382.37K","0.00%"
"16.04.2021","5.70","5.73","5.74","5.67","613.28K","0.44%"
"15.04.2021","5.68","5.70","5.71","5.64","294.00K","0.00%"
"14.04.2021","5.67","5.51","5.67","5.50","508.43K","4.08%"
"13.04.2021","5.45","5.42","5.46","5.39","292.17K","0.69%"
"12.04.2021","5.41","5.33","5.47","5.31","345.51K","0.93%"
"09.04.2021","5.36","5.36","5.38","5.33","258.57K","0.19%"
"08.04.2021","5.35","5.34","5.37","5.31","493.93K","1.28%"
"07.04.2021","5.28","5.38","5.41","5.28","706.40K","-2.58%"
"06.04.2021","5.43","5.35","5.49","5.34","206.16K","0.79%"
"01.04.2021","5.38","5.41","5.48","5.31","7.67M","-1.78%"
"31.03.2021","5.48","5.49","5.50","5.40","3.01M","0.37%"
"30.03.2021","5.46","5.52","5.54","5.40","144.03K","-0.23%"
"29.03.2021","5.47","5.37","5.55","5.37","4.61M","-0.41%"
"26.03.2021","5.49","5.37","5.51","5.36","3.29M","4.62%"
"25.03.2021","5.25","5.43","5.44","5.18","6.03M","-4.15%"
"24.03.2021","5.48","5.28","5.49","5.27","5.41M","3.20%"
"23.03.2021","5.31","5.47","5.47","5.27","4.52M","-3.52%"
"22.03.2021","5.50","5.45","5.56","5.44","1.73M","0.66%"
"19.03.2021","5.47","5.38","5.51","5.31","6.30M","-1.17%"
"18.03.2021","5.53","5.73","5.80","5.53","4.10M","-3.82%"
"17.03.2021","5.75","5.84","5.84","5.72","1.74M","-0.48%"
"16.03.2021","5.78","5.81","5.81","5.72","1.71M","-0.75%"
"15.03.2021","5.82","5.91","5.92","5.75","2.64M","-1.10%"
"12.03.2021","5.89","5.86","5.90","5.84","1.49M","0.53%"
"11.03.2021","5.86","5.77","5.86","5.77","2.90M","3.13%"
"10.03.2021","5.68","5.65","5.78","5.64","2.96M","-0.87%"
"09.03.2021","5.73","5.75","5.86","5.71","1.12M","-1.38%"
"08.03.2021","5.81","5.94","5.95","5.76","3.31M","-0.34%"
"05.03.2021","5.83","5.75","5.87","5.72","3.07M","2.64%"
"04.03.2021","5.68","5.48","5.71","5.38","3.38M","4.36%"
"03.03.2021","5.44","5.32","5.47","5.31","4.01M","1.11%"
"02.03.2021","5.38","5.31","5.42","5.29","1.86M","-1.51%"
"01.03.2021","5.47","5.55","5.58","5.42","505.73K","-1.00%"
"26.02.2021","5.52","5.55","5.59","5.47","4.35M","-1.95%"
"25.02.2021","5.63","5.64","5.66","5.57","1.92M","0.76%"
"24.02.2021","5.59","5.44","5.61","5.44","1.76M","2.38%"
"23.02.2021","5.46","5.52","5.55","5.38","1.83M","1.02%"
"22.02.2021","5.40","5.30","5.43","5.28","1.71M","2.32%"
"19.02.2021","5.28","5.27","5.42","5.23","1.40M","-2.04%"
"18.02.2021","5.39","5.44","5.45","5.34","1.32M","0.89%"
"17.02.2021","5.34","5.35","5.42","5.29","1.27M","0.66%"
"16.02.2021","5.31","5.33","5.33","5.27","1.73M","-0.23%"
"15.02.2021","5.32","5.33","5.36","5.31","3.14M","1.62%"
"12.02.2021","5.24","5.13","5.24","5.09","2.24M","0.92%"
"11.02.2021","5.19","5.16","5.19","5.15","929.23K","-0.14%"
"10.02.2021","5.20","5.16","5.20","5.15","1.99M","1.02%"
"09.02.2021","5.14","5.17","5.18","5.09","1.31M","0.64%"
"08.02.2021","5.11","5.08","5.12","5.07","2.00M","1.39%"
"05.02.2021","5.04","5.00","5.06","5.00","2.05M","1.90%"
"04.02.2021","4.95","4.96","4.97","4.90","492.47K","-0.16%"
"03.02.2021","4.95","4.89","4.97","4.86","1.55M","2.14%"
"02.02.2021","4.85","4.78","4.88","4.78","2.09M","3.43%"
"01.02.2021","4.69","4.66","4.70","4.64","307.23K","0.86%"
"29.01.2021","4.65","4.62","4.71","4.61","448.14K","-0.17%"
"28.01.2021","4.66","4.66","4.74","4.63","1.33M","-1.07%"
"27.01.2021","4.71","4.69","4.72","4.61","1.18M","0.87%"
"26.01.2021","4.67","4.64","4.72","4.64","1.23M","0.90%"
"25.01.2021","4.63","4.67","4.69","4.61","967.31K","-0.40%"
"22.01.2021","4.64","4.65","4.68","4.57","1.46M","-1.25%"
"21.01.2021","4.70","4.71","4.73","4.68","829.40K","-0.72%"
"20.01.2021","4.74","4.73","4.76","4.73","866.71K","0.51%"
"19.01.2021","4.71","4.66","4.71","4.65","370.39K","1.42%"
"18.01.2021","4.65","4.63","4.66","4.62","409.52K","0.00%"
"15.01.2021","4.65","4.70","4.72","4.61","1.89M","-1.04%"
"14.01.2021","4.70","4.73","4.74","4.66","1.16M","-0.51%"
"13.01.2021","4.72","4.76","4.77","4.68","753.17K","0.00%"
"12.01.2021","4.72","4.68","4.73","4.67","1.49M","2.10%"
"11.01.2021","4.63","4.60","4.63","4.58","424.31K","0.70%"
"08.01.2021","4.59","4.55","4.61","4.54","1.09M","1.27%"
"07.01.2021","4.54","4.53","4.55","4.49","748.82K","0.32%"
"06.01.2021","4.52","4.45","4.52","4.42","1.35M","1.99%"
"05.01.2021","4.43","4.25","4.46","4.25","1.17M","4.26%"
"04.01.2021","4.25","4.40","4.47","4.23","1.64M","-0.68%"
"31.12.2020","4.28","4.31","4.32","4.27","213.36K","-0.23%"
"30.12.2020","4.29","4.32","4.34","4.27","360.55K","-0.16%"
"29.12.2020","4.30","4.30","4.32","4.28","1.56M","1.01%"
"24.12.2020","4.26","4.30","4.33","4.25","129.04K","-0.73%"
"23.12.2020","4.29","4.16","4.30","4.16","899.45K","1.13%"
"22.12.2020","4.24","4.20","4.25","4.20","1.22M","0.46%"
"21.12.2020","4.22","4.26","4.27","4.14","2.74M","-3.94%"
"18.12.2020","4.39","4.32","4.41","4.32","1.34M","1.60%"
"17.12.2020","4.32","4.34","4.36","4.30","1.72M","1.62%"
"16.12.2020","4.25","4.26","4.29","4.24","816.14K","0.00%"
"15.12.2020","4.25","4.18","4.27","4.18","824.29K","2.56%"
"14.12.2020","4.15","4.23","4.25","4.11","2.81M","-0.98%"
"11.12.2020","4.19","4.22","4.22","4.16","741.83K","-1.74%"
"10.12.2020","4.26","4.10","4.28","4.10","2.59M","4.47%"
"09.12.2020","4.08","4.11","4.15","4.05","735.79K","-0.77%"
"08.12.2020","4.11","4.09","4.12","4.07","600.58K","-0.62%"
"07.12.2020","4.14","4.13","4.14","4.08","586.80K","0.00%"
"04.12.2020","4.13","4.16","4.18","4.11","1.23M","1.09%"
"03.12.2020","4.09","4.08","4.10","4.02","1.09M","0.00%"
"02.12.2020","4.09","3.99","4.09","3.97","1.97M","1.74%"
"01.12.2020","4.02","4.04","4.10","3.98","632.09K","0.00%"
"30.11.2020","4.02","4.03","4.11","4.02","1.26M","-1.69%"
"27.11.2020","4.09","4.02","4.10","4.01","1.01M","1.24%"
"26.11.2020","4.04","4.08","4.08","4.03","2.42M","-1.08%"
"25.11.2020","4.09","4.08","4.10","4.05","3.12M","1.16%"
"24.11.2020","4.04","3.91","4.06","3.90","5.00M","4.37%"
"23.11.2020","3.87","3.88","3.90","3.84","1.83M","2.41%"
"20.11.2020","3.78","3.77","3.82","3.76","271.55K","0.53%"
"19.11.2020","3.76","3.79","3.80","3.74","836.26K","-1.36%"
"18.11.2020","3.81","3.77","3.85","3.77","1.96M","2.42%"
"17.11.2020","3.72","3.76","3.78","3.69","949.08K","-1.38%"
"16.11.2020","3.77","3.73","3.82","3.71","3.13M","2.53%"
"13.11.2020","3.68","3.70","3.72","3.67","1.25M","-3.11%"
"12.11.2020","3.80","3.79","3.84","3.75","1.92M","-1.13%"
"11.11.2020","3.84","3.85","3.91","3.84","2.61M","2.69%"
"10.11.2020","3.74","3.67","3.76","3.67","2.70M","1.22%"
"09.11.2020","3.69","3.52","3.77","3.48","2.46M","7.37%"
"06.11.2020","3.44","3.52","3.52","3.43","1.16M","-3.06%"
"05.11.2020","3.55","3.54","3.61","3.53","610.96K","0.41%"
"04.11.2020","3.54","3.45","3.56","3.44","2.73M","2.78%"
"03.11.2020","3.44","3.38","3.51","3.38","1.34M","3.76%"
"02.11.2020","3.32","3.18","3.33","3.16","5.94M","1.55%"
"30.10.2020","3.27","3.29","3.35","3.24","1.96M","-0.94%"
"29.10.2020","3.30","3.42","3.43","3.22","3.60M","-4.13%"
"28.10.2020","3.44","3.52","3.52","3.40","3.28M","-4.90%"
"27.10.2020","3.62","3.55","3.62","3.53","594.42K","2.21%"
"26.10.2020","3.54","3.53","3.58","3.51","728.23K","-4.47%"
"23.10.2020","3.70","3.69","3.73","3.69","812.64K","-1.08%"
"22.10.2020","3.74","3.66","3.74","3.66","886.43K","1.95%"
"21.10.2020","3.67","3.77","3.77","3.67","763.02K","-1.59%"
"20.10.2020","3.73","3.74","3.77","3.71","520.49K","-1.20%"
"19.10.2020","3.78","3.75","3.78","3.73","524.84K","0.65%"
"16.10.2020","3.75","3.73","3.76","3.69","2.49M","1.00%"
"15.10.2020","3.71","3.77","3.77","3.63","1.83M","-1.67%"
"14.10.2020","3.78","3.69","3.78","3.68","1.37M","1.50%"
"13.10.2020","3.72","3.66","3.73","3.65","1.00M","2.27%"
"12.10.2020","3.64","3.71","3.71","3.61","735.09K","-3.82%"
"09.10.2020","3.78","3.79","3.81","3.75","3.10M","0.67%"
"08.10.2020","3.76","3.71","3.79","3.71","1.38M","3.17%"
"07.10.2020","3.64","3.71","3.72","3.63","1.31M","-2.44%"
"06.10.2020","3.73","3.64","3.76","3.63","1.55M","2.43%"
"05.10.2020","3.65","3.49","3.65","3.48","680.32K","4.47%"
"02.10.2020","3.49","3.48","3.50","3.39","1.54M","0.00%"
"01.10.2020","3.49","3.70","3.71","3.49","1.18M","-4.33%"
"30.09.2020","3.65","3.59","3.68","3.58","7.62M","1.56%"
"29.09.2020","3.60","3.71","3.73","3.60","2.01M","-3.33%"
"28.09.2020","3.72","3.67","3.75","3.67","1.29M","0.64%"
"25.09.2020","3.70","3.72","3.74","3.67","346.29K","0.64%"
"24.09.2020","3.67","3.66","3.71","3.64","3.50M","-0.41%"
"23.09.2020","3.69","3.64","3.73","3.63","454.54K","0.65%"
"22.09.2020","3.66","3.65","3.71","3.65","1.28M","1.83%"
"21.09.2020","3.60","3.77","3.77","3.57","3.29M","-5.93%"
"18.09.2020","3.83","3.84","3.85","3.75","998.59K","0.34%"
"17.09.2020","3.81","3.68","3.82","3.67","2.16M","2.86%"
"16.09.2020","3.71","3.64","3.72","3.63","1.68M","4.87%"
"15.09.2020","3.54","3.49","3.56","3.49","560.33K","1.67%"
"14.09.2020","3.48","3.51","3.52","3.46","570.34K","-1.22%"
"11.09.2020","3.52","3.49","3.54","3.47","556.14K","-0.54%"
"10.09.2020","3.54","3.56","3.57","3.50","563.82K","-0.83%"
"09.09.2020","3.57","3.44","3.58","3.44","2.00M","3.71%"
"08.09.2020","3.44","3.66","3.67","3.42","3.71M","-6.39%"
"07.09.2020","3.68","3.68","3.71","3.66","5.39M","-2.29%"
"04.09.2020","3.76","3.84","3.92","3.74","2.78M","-0.90%"
"03.09.2020","3.80","3.88","3.88","3.78","3.50M","-2.97%"
"02.09.2020","3.91","4.03","4.03","3.90","780.91K","-2.81%"
"01.09.2020","4.03","4.02","4.05","4.00","831.49K","0.29%"
"28.08.2020","4.01","4.01","4.04","3.99","900.90K","0.29%"
"27.08.2020","4.00","4.05","4.05","3.96","1.24M","-1.26%"
"26.08.2020","4.05","4.04","4.08","4.03","1.37M","0.60%"
"25.08.2020","4.03","3.98","4.06","3.97","1.30M","1.00%"
"24.08.2020","3.99","3.96","4.00","3.96","792.55K","2.70%"
"21.08.2020","3.88","4.00","4.00","3.88","791.13K","-2.36%"
"20.08.2020","3.98","3.99","4.00","3.90","1.91M","-0.86%"
"19.08.2020","4.01","4.01","4.01","3.98","279.51K","0.00%"
"18.08.2020","4.01","4.01","4.04","3.97","808.79K","0.55%"
"17.08.2020","3.99","3.98","4.01","3.94","865.48K","0.86%"
"14.08.2020","3.96","3.98","3.98","3.93","585.12K","-0.60%"
"13.08.2020","3.98","3.99","4.02","3.97","969.14K","-0.15%"
"12.08.2020","3.99","3.95","4.01","3.94","1.48M","0.63%"
"11.08.2020","3.96","3.95","4.02","3.95","2.07M","0.53%"
"10.08.2020","3.94","3.91","3.97","3.91","570.00K","1.15%"
"07.08.2020","3.90","3.93","3.95","3.88","1.53M","-1.39%"
"06.08.2020","3.95","3.98","4.00","3.92","2.44M","-2.54%"
"05.08.2020","4.05","3.90","4.07","3.90","3.65M","3.73%"
"04.08.2020","3.91","3.83","3.91","3.79","1.43M","1.06%"
"03.08.2020","3.87","3.71","3.87","3.65","816.46K","2.82%"
"31.07.2020","3.76","3.80","3.82","3.74","1.60M","-0.21%"
"30.07.2020","3.77","3.86","3.86","3.65","3.98M","-3.36%"
"29.07.2020","3.90","3.88","3.91","3.87","663.70K","0.89%"
"28.07.2020","3.87","3.91","3.93","3.85","2.74M","1.16%"
"27.07.2020","3.82","3.87","3.93","3.82","2.35M","-0.52%"
"24.07.2020","3.84","3.85","3.92","3.84","2.08M","-2.36%"
"23.07.2020","3.93","3.96","3.99","3.90","1.64M","1.08%"
"22.07.2020","3.89","3.93","3.94","3.88","1.32M","-2.11%"
"21.07.2020","3.98","3.87","4.00","3.87","5.54M","3.76%"
"20.07.2020","3.83","3.80","3.83","3.77","1.02M","0.26%"
"17.07.2020","3.82","3.85","3.86","3.79","1.97M","-1.44%"
"16.07.2020","3.88","3.86","3.89","3.84","2.50M","0.62%"
"15.07.2020","3.86","3.84","3.88","3.80","3.38M","0.44%"
"14.07.2020","3.84","3.75","3.84","3.71","2.86M","0.00%"
"13.07.2020","3.84","3.80","3.85","3.76","2.18M","1.11%"
"10.07.2020","3.80","3.69","3.81","3.65","2.52M","1.09%"
"09.07.2020","3.76","3.86","3.87","3.72","2.82M","-2.02%"
"08.07.2020","3.83","3.81","3.85","3.81","1.11M","-0.17%"
"07.07.2020","3.84","3.79","3.86","3.77","1.18M","-0.75%"
"06.07.2020","3.87","3.80","3.88","3.80","2.87M","1.76%"
"03.07.2020","3.80","3.81","3.81","3.77","948.00K","0.18%"
"02.07.2020","3.80","3.79","3.83","3.75","2.91M","0.50%"
"01.07.2020","3.78","3.75","3.83","3.69","4.02M","1.19%"
"30.06.2020","3.73","3.71","3.75","3.68","2.22M","1.43%"
"29.06.2020","3.68","3.58","3.70","3.57","2.23M","2.04%"
"26.06.2020","3.61","3.68","3.71","3.58","2.20M","0.00%"
"25.06.2020","3.61","3.57","3.66","3.52","2.48M","-0.25%"
"24.06.2020","3.62","3.82","3.83","3.61","3.62M","-7.26%"
"23.06.2020","3.90","3.83","3.93","3.83","10.94M","2.63%"
"22.06.2020","3.80","3.76","3.81","3.72","1.81M","0.18%"
"19.06.2020","3.79","3.74","3.83","3.74","18.34M","2.87%"
"18.06.2020","3.69","3.60","3.69","3.59","18.49M","1.99%"
"17.06.2020","3.62","3.61","3.69","3.58","2.96M","0.89%"
"16.06.2020","3.58","3.55","3.73","3.53","4.66M","3.51%"
"15.06.2020","3.46","3.32","3.46","3.31","3.86M","0.00%"
"12.06.2020","3.46","3.35","3.53","3.34","13.93M","-0.46%"
"11.06.2020","3.48","3.64","3.67","3.46","6.26M","-5.29%"
"10.06.2020","3.67","3.64","3.69","3.60","3.65M","1.17%"
"09.06.2020","3.63","3.68","3.69","3.55","6.36M","-1.09%"
"08.06.2020","3.67","3.80","3.82","3.59","7.12M","-2.08%"
"05.06.2020","3.75","3.60","3.78","3.60","9.49M","7.02%"
"04.06.2020","3.50","3.51","3.55","3.49","3.81M","-0.88%"
"03.06.2020","3.53","3.59","3.61","3.45","8.05M","1.82%"
"02.06.2020","3.47","3.42","3.50","3.42","4.94M","3.86%"
"01.06.2020","3.34","3.40","3.42","3.31","4.06M","3.34%"
"29.05.2020","3.23","3.20","3.25","3.14","1.43M","1.95%"
"28.05.2020","3.17","3.11","3.19","3.03","2.26M","-0.25%"
"27.05.2020","3.18","3.26","3.31","3.14","2.32M","-2.54%"
"26.05.2020","3.26","3.32","3.36","3.26","4.77M","2.64%"
"22.05.2020","3.18","3.13","3.20","3.06","4.55M","-2.42%"
"21.05.2020","3.26","3.30","3.34","3.24","4.34M","1.31%"
"20.05.2020","3.22","3.12","3.26","3.09","11.44M","4.04%"
"19.05.2020","3.09","3.11","3.16","3.07","6.20M","-2.52%"
"18.05.2020","3.17","2.95","3.20","2.95","12.02M","11.34%"
"15.05.2020","2.85","2.82","2.86","2.77","4.53M","5.83%"
"14.05.2020","2.69","2.65","2.72","2.63","2.25M","1.49%"
"13.05.2020","2.65","2.67","2.72","2.61","4.22M","0.00%"
"12.05.2020","2.65","2.65","2.74","2.63","1.91M","0.30%"
"11.05.2020","2.65","2.70","2.77","2.63","4.97M","-6.53%"
"07.05.2020","2.83","2.63","2.90","2.62","26.45M","9.86%"
"06.05.2020","2.58","2.75","2.86","2.58","15.49M","-4.80%"
"05.05.2020","2.71","2.58","2.73","2.53","15.35M","16.58%"
"04.05.2020","2.32","2.27","2.39","2.20","7.97M","0.74%"
"01.05.2020","2.31","2.29","2.40","2.19","4.65M","2.22%"
"30.04.2020","2.26","2.16","2.27","2.14","62.39M","9.20%"
"29.04.2020","2.07","1.92","2.11","1.90","38.60M","9.67%"
"28.04.2020","1.88","1.88","2.05","1.82","35.92M","0.00%"
"27.04.2020","1.88","2.04","2.06","1.87","38.32M","-16.93%"
"24.04.2020","2.27","2.32","2.36","2.20","12.80M","-5.89%"
"23.04.2020","2.41","2.31","2.45","2.25","15.78M","9.05%"
"22.04.2020","2.21","1.99","2.45","1.95","51.24M","-6.44%"
"21.04.2020","2.36","2.75","2.75","2.10","44.66M","-18.97%"
"20.04.2020","2.91","3.00","3.03","2.81","35.87M","-6.06%"
"17.04.2020","3.10","3.18","3.21","3.07","25.71M","1.50%"
"16.04.2020","3.06","3.19","3.23","3.06","12.24M","-3.20%"
"15.04.2020","3.16","3.42","3.42","3.14","24.80M","-6.04%"
"14.04.2020","3.36","3.78","3.78","3.36","13.41M","-9.41%"
"09.04.2020","3.71","3.79","4.04","3.61","12.21M","3.78%"
"08.04.2020","3.58","3.60","3.68","3.42","9.79M","-7.17%"
"07.04.2020","3.85","3.95","4.00","3.83","11.30M","-1.03%"
"06.04.2020","3.89","4.09","4.15","3.84","19.34M","-0.71%"
"03.04.2020","3.92","3.64","4.19","3.60","20.13M","9.99%"
"02.04.2020","3.56","3.29","3.98","3.19","11.70M","17.98%"
"01.04.2020","3.02","3.04","3.08","2.93","9.15M","-0.66%"
"31.03.2020","3.04","3.12","3.20","2.99","7.66M","0.90%"
"30.03.2020","3.01","3.05","3.10","2.69","10.09M","-4.35%"
"27.03.2020","3.15","3.37","3.58","3.10","5.98M","-8.51%"
"26.03.2020","3.44","3.47","3.55","3.39","3.69M","-3.04%"
"25.03.2020","3.55","3.64","3.65","3.38","4.92M","1.46%"
"24.03.2020","3.50","3.63","3.69","3.41","5.80M","8.29%"
"23.03.2020","3.23","3.35","3.46","3.20","6.80M","-15.28%"
"20.03.2020","3.82","4.11","4.20","3.44","5.92M","6.18%"
"19.03.2020","3.59","3.40","3.74","3.26","4.94M","5.68%"
"18.03.2020","3.40","4.00","4.00","3.32","6.41M","-20.19%"
"17.03.2020","4.26","4.48","4.49","4.22","4.60M","-2.96%"
"16.03.2020","4.39","4.56","4.57","4.20","1.78M","-6.79%"
"13.03.2020","4.71","4.91","5.03","4.64","10.81M","2.17%"
"12.03.2020","4.61","4.69","4.77","4.49","8.63M","-7.62%"
"11.03.2020","4.99","5.08","5.09","4.90","4.02M","-0.20%"
"10.03.2020","5.00","4.87","5.14","4.74","5.49M","-0.20%"
"09.03.2020","5.01","4.84","5.17","4.62","12.10M","-19.84%"
"06.03.2020","6.25","6.67","6.68","6.18","3.15M","-9.29%"
"05.03.2020","6.89","6.95","6.99","6.84","961.87K","-1.29%"
"04.03.2020","6.98","6.99","7.12","6.95","937.72K","-0.29%"
"03.03.2020","7.00","7.01","7.17","6.90","970.34K","1.45%"
"02.03.2020","6.90","6.84","6.90","6.63","945.45K","4.86%"
"28.02.2020","6.58","6.76","6.79","6.49","895.42K","-4.64%"
"27.02.2020","6.90","7.08","7.12","6.78","1.71M","-6.38%"
"26.02.2020","7.37","7.34","7.42","7.23","2.16M","-1.21%"
"25.02.2020","7.46","7.63","7.64","7.43","1.26M","-0.53%"
"24.02.2020","7.50","7.64","7.64","7.48","641.89K","-4.21%"
"21.02.2020","7.83","7.87","7.88","7.75","616.29K","-2.00%"
"20.02.2020","7.99","7.92","8.04","7.90","106.00K","1.01%"
"19.02.2020","7.91","7.79","7.91","7.77","1.08M","3.26%"
"18.02.2020","7.66","7.63","7.70","7.56","813.78K","-1.03%"
"17.02.2020","7.74","7.73","7.75","7.71","752.54K","0.26%"
"14.02.2020","7.72","7.64","7.75","7.62","998.85K","1.18%"
"13.02.2020","7.63","7.56","7.67","7.53","793.76K","0.39%"
"12.02.2020","7.60","7.53","7.67","7.51","1.13M","2.43%"
"11.02.2020","7.42","7.41","7.51","7.41","711.86K","0.41%"
"10.02.2020","7.39","7.44","7.47","7.38","668.73K","-1.99%"
"07.02.2020","7.54","7.56","7.61","7.45","587.74K","-0.13%"
"06.02.2020","7.55","7.68","7.71","7.47","857.52K","-1.18%"
"05.02.2020","7.64","7.38","7.68","7.38","2.37M","2.00%"
"04.02.2020","7.49","7.49","7.63","7.45","1.52M","0.27%"
"03.02.2020","7.47","7.65","7.69","7.47","1.47M","-2.35%"
"31.01.2020","7.65","7.83","7.85","7.60","505.78K","-1.42%"
"30.01.2020","7.76","7.78","7.82","7.70","424.54K","-1.65%"
"29.01.2020","7.89","8.01","8.03","7.85","345.08K","-0.88%"
"28.01.2020","7.96","7.85","7.99","7.84","297.31K","1.79%"
"27.01.2020","7.82","7.85","7.92","7.74","600.37K","-2.49%"
"24.01.2020","8.02","8.28","8.28","8.00","355.11K","-2.67%"
"23.01.2020","8.24","8.28","8.31","8.13","598.38K","-2.72%"
"22.01.2020","8.47","8.60","8.61","8.44","170.83K","-2.08%"
"21.01.2020","8.65","8.61","8.69","8.59","249.05K","-0.69%"
"20.01.2020","8.71","8.77","8.77","8.70","151.37K","0.23%"
"17.01.2020","8.69","8.71","8.74","8.67","252.64K","-0.34%"
"16.01.2020","8.72","8.61","8.72","8.56","262.19K","1.87%"
"15.01.2020","8.56","8.63","8.65","8.52","279.09K","-1.15%"
"14.01.2020","8.66","8.61","8.70","8.57","398.96K","0.23%"
"13.01.2020","8.64","8.77","8.78","8.60","327.63K","-1.99%"
"10.01.2020","8.81","8.80","8.84","8.73","283.43K","0.00%"
"09.01.2020","8.81","8.84","8.89","8.69","741.86K","-1.95%"
"08.01.2020","8.99","9.34","9.35","8.99","839.86K","-2.68%"
"07.01.2020","9.24","9.29","9.32","9.19","637.54K","-1.03%"
"06.01.2020","9.33","9.47","9.50","9.31","743.43K","0.89%"
"03.01.2020","9.25","9.31","9.45","9.22","742.83K","3.09%"
"02.01.2020","8.98","9.05","9.06","8.98","145.71K","-0.30%"
"31.12.2019","9.00","9.07","9.12","8.98","228.00K","-0.31%"
"30.12.2019","9.03","9.12","9.19","9.03","84.82K","-1.13%"
"27.12.2019","9.13","9.09","9.17","9.06","274.55K","1.70%"
"24.12.2019","8.98","8.95","8.99","8.95","76.10K","0.39%"
"23.12.2019","8.94","8.89","8.95","8.89","79.48K","0.34%"
"20.12.2019","8.91","9.02","9.02","8.88","313.01K","-1.38%"
"19.12.2019","9.04","8.97","9.05","8.96","177.62K","0.78%"
"18.12.2019","8.97","8.91","9.00","8.89","368.39K","0.36%"
"17.12.2019","8.94","8.88","8.98","8.85","196.18K","0.71%"
"16.12.2019","8.88","8.83","8.89","8.82","225.69K","0.82%"
"13.12.2019","8.80","8.76","8.90","8.74","412.85K","1.01%"
"12.12.2019","8.72","8.66","8.78","8.66","528.55K","1.36%"
"11.12.2019","8.60","8.67","8.71","8.56","459.56K","-1.46%"
"10.12.2019","8.73","8.68","8.73","8.63","289.93K","0.35%"
"09.12.2019","8.69","8.68","8.70","8.60","88.49K","-0.23%"
"06.12.2019","8.72","8.59","8.80","8.51","686.24K","0.75%"
"05.12.2019","8.65","8.59","8.70","8.56","639.17K","0.99%"
"04.12.2019","8.56","8.30","8.60","8.30","642.24K","3.92%"
"03.12.2019","8.24","8.29","8.30","8.15","209.14K","-0.19%"
"02.12.2019","8.26","8.23","8.34","8.19","616.65K","0.71%"
"29.11.2019","8.20","8.55","8.55","8.20","209.77K","-3.64%"
"28.11.2019","8.51","8.49","8.54","8.49","445.49K","0.33%"
"27.11.2019","8.48","8.59","8.62","8.48","246.95K","-0.71%"
"26.11.2019","8.54","8.52","8.61","8.52","136.65K","0.60%"
"25.11.2019","8.49","8.54","8.55","8.43","180.21K","0.00%"
"22.11.2019","8.49","8.58","8.64","8.47","573.12K","-0.48%"
"21.11.2019","8.53","8.38","8.55","8.37","321.52K","1.58%"
"20.11.2019","8.40","8.14","8.40","8.08","993.23K","2.23%"
"19.11.2019","8.22","8.36","8.41","8.19","150.30K","-1.75%"
"18.11.2019","8.36","8.53","8.53","8.36","184.00K","-1.84%"
"15.11.2019","8.52","8.38","8.52","8.32","157.30K","1.25%"
"14.11.2019","8.41","8.48","8.51","8.40","199.85K","0.00%"
"13.11.2019","8.42","8.32","8.44","8.28","863.37K","0.21%"
"12.11.2019","8.40","8.41","8.47","8.39","299.28K","0.00%"
"11.11.2019","8.40","8.35","8.44","8.29","401.89K","0.51%"
"08.11.2019","8.36","8.33","8.36","8.21","513.05K","-1.10%"
"07.11.2019","8.45","8.36","8.46","8.36","296.84K","0.90%"
"06.11.2019","8.38","8.37","8.50","8.34","513.33K","-0.42%"
"05.11.2019","8.41","8.33","8.46","8.33","249.86K","-0.36%"
"04.11.2019","8.44","8.27","8.44","8.26","230.53K","3.81%"
"01.11.2019","8.13","8.07","8.15","8.06","86.05K","2.01%"
"31.10.2019","7.97","8.15","8.17","7.93","503.32K","-0.96%"
"30.10.2019","8.05","8.17","8.21","8.04","261.59K","-2.19%"
"29.10.2019","8.23","8.16","8.23","8.06","297.73K","0.00%"
"28.10.2019","8.22","8.30","8.38","8.21","453.87K","-0.89%"
"25.10.2019","8.30","8.26","8.32","8.20","453.98K","0.17%"
"24.10.2019","8.28","8.19","8.29","8.19","178.21K","2.10%"
"23.10.2019","8.11","7.97","8.14","7.90","150.30K","0.97%"
"22.10.2019","8.03","7.85","8.05","7.85","202.79K","2.27%"
"21.10.2019","7.86","7.91","7.95","7.78","821.68K","-0.96%"
"18.10.2019","7.93","7.94","8.02","7.93","406.82K","1.73%"
"17.10.2019","7.80","7.80","7.88","7.78","317.31K","-0.93%"
"16.10.2019","7.87","7.82","7.89","7.75","321.91K","0.08%"
"15.10.2019","7.86","7.84","7.91","7.74","290.69K","0.00%"
"14.10.2019","7.86","7.96","7.99","7.79","746.58K","-2.00%"
"11.10.2019","8.02","8.01","8.05","7.90","745.92K","2.99%"
"10.10.2019","7.79","7.70","7.84","7.68","436.62K","-0.95%"
"09.10.2019","7.86","7.72","7.87","7.70","597.75K","2.50%"
"08.10.2019","7.67","7.80","7.80","7.62","554.45K","-2.91%"
"07.10.2019","7.90","7.76","7.93","7.76","330.92K","1.52%"
"04.10.2019","7.78","7.71","7.82","7.71","774.11K","2.17%"
"03.10.2019","7.62","7.73","7.74","7.51","1.15M","-0.69%"
"02.10.2019","7.67","7.97","7.97","7.67","708.46K","-3.06%"
"01.10.2019","7.91","7.96","8.04","7.91","611.75K","-2.19%"
"30.09.2019","8.09","8.17","8.18","8.07","366.17K","-2.20%"
"27.09.2019","8.27","8.23","8.31","8.04","1.01M","0.90%"
"26.09.2019","8.20","8.27","8.33","8.14","521.78K","-0.82%"
"25.09.2019","8.27","8.35","8.35","8.18","335.09K","-2.45%"
"24.09.2019","8.47","8.54","8.54","8.43","666.34K","-0.73%"
"23.09.2019","8.53","8.61","8.61","8.42","684.98K","-1.10%"
"20.09.2019","8.63","8.61","8.69","8.57","525.40K","0.72%"
"19.09.2019","8.57","8.53","8.71","8.52","697.51K","0.36%"
"18.09.2019","8.54","8.65","8.69","8.52","898.77K","-2.18%"
"17.09.2019","8.73","9.07","9.14","8.58","964.59K","-2.22%"
"16.09.2019","8.93","8.65","8.98","8.61","1.22M","11.19%"
"13.09.2019","8.03","8.06","8.15","8.00","816.19K","0.15%"
"12.09.2019","8.02","8.21","8.22","7.93","284.37K","-4.21%"
"11.09.2019","8.37","8.46","8.52","8.34","468.69K","-2.22%"
"10.09.2019","8.56","8.51","8.59","8.47","316.61K","0.67%"
"09.09.2019","8.50","8.35","8.50","8.30","611.03K","4.19%"
"06.09.2019","8.16","8.24","8.27","8.03","477.38K","-2.90%"
"05.09.2019","8.40","8.18","8.43","8.17","347.45K","2.61%"
"04.09.2019","8.19","7.94","8.19","7.93","155.61K","5.04%"
"03.09.2019","7.80","7.97","7.97","7.75","145.54K","-2.11%"
"02.09.2019","7.96","8.05","8.08","7.94","313.16K","-0.80%"
"30.08.2019","8.03","8.21","8.24","7.97","225.60K","-2.70%"
"29.08.2019","8.25","8.13","8.25","8.12","164.49K","0.67%"
"28.08.2019","8.19","8.12","8.25","8.10","281.99K","4.18%"
"27.08.2019","7.87","7.89","7.96","7.86","78.29K","0.00%"
"23.08.2019","7.86","8.09","8.10","7.83","535.43K","-2.76%"
"22.08.2019","8.09","8.15","8.23","8.05","87.99K","-1.49%"
"21.08.2019","8.21","8.20","8.29","8.19","338.84K","1.16%"
"20.08.2019","8.11","8.16","8.19","8.05","98.00K","0.16%"
"19.08.2019","8.10","8.05","8.13","8.01","137.93K","1.63%"
"16.08.2019","7.97","8.00","8.08","7.90","199.86K","0.29%"
"15.08.2019","7.95","8.06","8.06","7.85","132.25K","0.14%"
"14.08.2019","7.94","8.22","8.23","7.93","125.61K","-4.32%"
"13.08.2019","8.29","7.98","8.31","7.93","269.69K","4.85%"
"12.08.2019","7.91","7.90","8.02","7.80","323.53K","0.00%"
"09.08.2019","7.91","7.68","7.94","7.68","298.42K","2.83%"
"08.08.2019","7.69","7.68","7.70","7.57","499.82K","4.07%"
"07.08.2019","7.39","7.80","7.82","7.39","460.42K","-7.03%"
"06.08.2019","7.95","8.06","8.06","7.91","87.80K","-1.43%"
"05.08.2019","8.06","8.00","8.08","7.91","1.30M","0.00%"
"02.08.2019","8.06","7.99","8.16","7.99","488.93K","-2.48%"
"01.08.2019","8.27","8.43","8.44","8.26","401.23K","-2.90%"
"31.07.2019","8.51","8.51","8.56","8.47","317.56K","2.09%"
"30.07.2019","8.34","8.34","8.38","8.31","124.10K","1.77%"
"29.07.2019","8.19","8.16","8.27","8.13","87.53K","0.26%"
"26.07.2019","8.17","8.21","8.23","8.13","80.48K","-0.64%"
"25.07.2019","8.23","8.20","8.29","8.19","111.54K","-0.84%"
"24.07.2019","8.30","8.31","8.39","8.27","313.92K","1.47%"
"23.07.2019","8.18","8.23","8.23","8.13","479.53K","-0.22%"
"22.07.2019","8.19","8.20","8.29","8.14","476.10K","1.62%"
"19.07.2019","8.06","8.16","8.20","8.06","324.36K","0.15%"
"18.07.2019","8.05","8.29","8.36","8.03","211.85K","-3.42%"
"17.07.2019","8.34","8.43","8.63","8.34","321.46K","-4.12%"
"16.07.2019","8.69","8.68","8.75","8.67","352.20K","-0.96%"
"15.07.2019","8.78","8.78","8.88","8.77","244.65K","-0.34%"
"12.07.2019","8.81","8.85","8.85","8.74","252.41K","-0.54%"
"11.07.2019","8.85","8.86","8.88","8.80","330.76K","1.70%"
"10.07.2019","8.71","8.57","8.71","8.57","163.22K","3.51%"
"09.07.2019","8.41","8.40","8.47","8.37","161.26K","-0.53%"
"08.07.2019","8.46","8.41","8.51","8.36","207.87K","1.46%"
"05.07.2019","8.34","8.26","8.41","8.22","325.21K","0.30%"
"04.07.2019","8.31","8.26","8.35","8.26","316.88K","0.83%"
"03.07.2019","8.24","8.23","8.33","8.18","471.76K","-0.58%"
"02.07.2019","8.29","8.65","8.65","8.28","289.91K","-3.36%"
"01.07.2019","8.58","8.74","8.78","8.57","267.35K","-0.82%"
"28.06.2019","8.65","8.61","8.71","8.60","473.78K","0.07%"
"27.06.2019","8.64","8.60","8.68","8.55","142.52K","-0.10%"
"26.06.2019","8.65","8.60","8.72","8.55","293.77K","2.10%"
"25.06.2019","8.47","8.41","8.50","8.37","675.72K","2.26%"
"24.06.2019","8.29","8.47","8.48","8.29","290.21K","-1.23%"
"21.06.2019","8.39","8.29","8.44","8.29","316.42K","1.12%"
"20.06.2019","8.30","8.10","8.32","8.06","402.45K","5.72%"
"19.06.2019","7.85","7.90","7.95","7.82","334.98K","-0.57%"
"18.06.2019","7.89","7.58","7.94","7.55","668.23K","2.91%"
"17.06.2019","7.67","7.70","7.72","7.61","188.50K","-0.78%"
"14.06.2019","7.73","7.70","7.76","7.59","1.05M","0.16%"
"13.06.2019","7.72","7.69","7.83","7.66","311.43K","1.51%"
"12.06.2019","7.60","7.68","7.69","7.57","415.03K","-3.32%"
"11.06.2019","7.86","7.88","7.91","7.81","221.50K","-0.33%"
"10.06.2019","7.89","7.96","7.99","7.87","422.07K","0.54%"
"07.06.2019","7.85","7.81","7.89","7.72","791.78K","3.81%"
"06.06.2019","7.56","7.58","7.65","7.51","2.33M","0.47%"
"05.06.2019","7.53","7.76","7.82","7.51","535.16K","-3.92%"
"04.06.2019","7.83","7.78","7.86","7.69","710.71K","0.35%"
"03.06.2019","7.80","7.78","8.00","7.75","727.38K","-3.70%"
"31.05.2019","8.10","8.21","8.22","8.02","474.18K","-4.07%"
"30.05.2019","8.45","8.69","8.74","8.45","460.56K","0.56%"
"29.05.2019","8.40","8.55","8.57","8.39","204.18K","-2.36%"
"28.05.2019","8.60","8.64","8.72","8.60","370.40K","1.29%"
"24.05.2019","8.49","8.57","8.64","8.42","365.45K","-0.40%"
"23.05.2019","8.53","8.94","8.94","8.48","880.21K","-5.64%"
"22.05.2019","9.04","9.15","9.18","9.04","179.03K","-2.23%"
"21.05.2019","9.24","9.32","9.34","9.23","127.07K","-0.26%"
"20.05.2019","9.27","9.32","9.34","9.19","232.32K","-0.13%"
"17.05.2019","9.28","9.27","9.32","9.24","119.29K","-0.17%"
"16.05.2019","9.30","9.17","9.31","9.14","177.80K","1.72%"
"15.05.2019","9.14","9.00","9.14","8.95","180.46K","0.64%"
"14.05.2019","9.08","8.98","9.08","8.92","116.09K","0.00%"
"13.05.2019","9.08","9.06","9.28","9.06","170.98K","0.10%"
"10.05.2019","9.07","9.12","9.12","9.01","175.57K","0.89%"
"09.05.2019","8.99","9.01","9.11","8.94","487.83K","-1.46%"
"08.05.2019","9.12","9.04","9.14","8.96","206.21K","1.46%"
"07.05.2019","8.99","9.15","9.15","8.91","119.10K","-1.67%"
"03.05.2019","9.15","9.05","9.15","9.01","193.04K","1.67%"
"02.05.2019","8.99","9.24","9.28","8.95","436.22K","-2.86%"
"01.05.2019","9.26","9.27","9.35","9.23","17.07K","-1.10%"
"30.04.2019","9.36","9.32","9.44","9.32","41.83K","1.45%"
"29.04.2019","9.23","9.20","9.27","9.17","58.25K","0.17%"
"26.04.2019","9.21","9.50","9.51","9.13","577.13K","-4.36%"
"25.04.2019","9.63","9.65","9.69","9.61","182.87K","0.00%"
"24.04.2019","9.63","9.63","9.70","9.62","174.79K","-0.57%"
"23.04.2019","9.69","9.64","9.72","9.59","227.51K","3.69%"
"18.04.2019","9.34","9.31","9.39","9.31","48.91K","-0.54%"
"17.04.2019","9.39","9.44","9.47","9.36","151.22K","0.74%"
"16.04.2019","9.32","9.29","9.34","9.25","42.71K","0.67%"
"15.04.2019","9.26","9.34","9.35","9.26","38.97K","-1.61%"
"12.04.2019","9.41","9.36","9.46","9.35","158.23K","0.90%"
"11.04.2019","9.33","9.41","9.43","9.32","132.09K","-0.71%"
"10.04.2019","9.40","9.38","9.43","9.38","260.62K","0.49%"
"09.04.2019","9.35","9.41","9.46","9.32","547.75K","-0.12%"
"08.04.2019","9.36","9.26","9.37","9.24","310.80K","2.32%"
"05.04.2019","9.15","9.06","9.17","9.05","199.66K","0.23%"
"04.04.2019","9.13","9.11","9.17","9.07","142.37K","0.41%"
"03.04.2019","9.09","9.18","9.20","9.08","394.87K","-0.16%"
"02.04.2019","9.10","9.02","9.12","9.01","1.80M","1.94%"
"01.04.2019","8.93","8.84","8.94","8.84","700.14K","1.65%"
"29.03.2019","8.79","8.72","8.85","8.72","353.95K","2.09%"
"28.03.2019","8.61","8.63","8.65","8.52","697.18K","-1.07%"
"27.03.2019","8.70","8.74","8.80","8.64","2.64M","-0.57%"
"26.03.2019","8.75","8.68","8.82","8.67","873.68K","1.47%"
"25.03.2019","8.62","8.58","8.64","8.51","642.71K","0.77%"
"22.03.2019","8.56","8.77","8.77","8.52","667.66K","-2.32%"
"21.03.2019","8.76","8.78","8.82","8.72","993.25K","0.09%"
"20.03.2019","8.75","8.67","8.79","8.57","780.99K","1.12%"
"19.03.2019","8.65","8.69","8.74","8.64","1.61M","-0.08%"
"18.03.2019","8.66","8.58","8.70","8.53","1.24M","1.07%"
"15.03.2019","8.57","8.63","8.65","8.48","313.27K","-0.29%"
"14.03.2019","8.60","8.59","8.63","8.52","259.77K","1.24%"
"13.03.2019","8.49","8.41","8.55","8.40","112.32K","1.43%"
"12.03.2019","8.37","8.40","8.45","8.36","42.36K","1.05%"
"11.03.2019","8.28","8.30","8.37","8.28","575.68K","1.88%"
"08.03.2019","8.13","8.23","8.23","8.03","223.31K","-2.26%"
"07.03.2019","8.32","8.27","8.36","8.27","297.00K","1.04%"
"06.03.2019","8.23","8.24","8.29","8.16","239.32K","-1.03%"
"05.03.2019","8.32","8.27","8.39","8.25","159.52K","0.00%"
"04.03.2019","8.31","8.22","8.35","8.20","69.15K","0.67%"
"01.03.2019","8.26","8.48","8.49","8.25","70.02K","-1.76%"
"28.02.2019","8.41","8.35","8.44","8.32","111.74K","-0.28%"
"27.02.2019","8.43","8.23","8.43","8.20","94.65K","2.64%"
"26.02.2019","8.22","8.13","8.23","8.12","222.36K","0.77%"
"25.02.2019","8.15","8.42","8.45","8.13","190.56K","-3.49%"
"22.02.2019","8.45","8.41","8.51","8.40","3.70M","0.58%"
"21.02.2019","8.40","8.43","8.47","8.36","247.86K","-0.28%"
"20.02.2019","8.42","8.32","8.45","8.23","139.72K","1.97%"
"19.02.2019","8.26","8.31","8.33","8.16","413.11K","-0.61%"
"18.02.2019","8.31","8.31","8.35","8.28","156.94K","0.95%"
"15.02.2019","8.23","8.10","8.23","8.06","172.40K","2.94%"
"14.02.2019","8.00","8.10","8.11","7.91","106.02K","-0.55%"
"13.02.2019","8.04","7.94","8.10","7.92","131.13K","1.72%"
"12.02.2019","7.91","7.83","8.00","7.82","558.62K","3.12%"
"11.02.2019","7.67","7.74","7.80","7.61","243.79K","-1.76%"
"08.02.2019","7.80","7.76","7.85","7.76","179.79K","0.85%"
"07.02.2019","7.74","7.96","7.97","7.74","83.49K","-3.65%"
"06.02.2019","8.03","7.93","8.03","7.86","137.36K","0.19%"
"05.02.2019","8.02","8.10","8.17","7.98","144.73K","-0.30%"
"04.02.2019","8.04","8.23","8.26","7.91","379.39K","-0.86%"
"01.02.2019","8.11","7.99","8.12","7.95","137.36K","-0.99%"
"31.01.2019","8.19","8.08","8.20","8.00","368.93K","1.37%"
"30.01.2019","8.08","7.89","8.12","7.89","243.13K","2.12%"
"29.01.2019","7.91","7.72","7.99","7.72","136.72K","3.71%"
"28.01.2019","7.63","7.85","7.85","7.63","105.03K","-3.74%"
"25.01.2019","7.92","7.96","7.96","7.88","122.98K","1.14%"
"24.01.2019","7.84","7.77","7.88","7.74","316.35K","0.53%"
"23.01.2019","7.79","7.90","7.93","7.79","80.73K","0.37%"
"22.01.2019","7.76","7.95","7.96","7.72","225.66K","-2.72%"
"21.01.2019","7.98","7.99","8.06","7.98","208.90K","0.11%"
"18.01.2019","7.97","7.82","8.02","7.80","855.91K","3.48%"
"17.01.2019","7.70","7.74","7.76","7.61","649.78K","-0.70%"
"16.01.2019","7.76","7.78","7.82","7.66","501.58K","0.87%"
"15.01.2019","7.69","7.61","7.77","7.58","475.61K","0.25%"
"14.01.2019","7.67","7.59","7.70","7.55","572.29K","-0.76%"
"11.01.2019","7.73","7.86","7.95","7.61","921.38K","-0.62%"
"10.01.2019","7.78","7.71","7.85","7.68","740.39K","0.62%"
"09.01.2019","7.73","7.51","7.73","7.48","484.34K","5.30%"
"08.01.2019","7.34","7.24","7.40","7.24","347.54K","-0.22%"
"07.01.2019","7.36","7.28","7.42","7.22","262.67K","2.75%"
"04.01.2019","7.16","7.13","7.32","7.11","916.36K","4.05%"
"03.01.2019","6.88","6.80","7.07","6.78","727.09K","-1.60%"
"02.01.2019","6.99","6.70","7.12","6.63","398.37K","1.35%"
"31.12.2018","6.90","6.88","6.93","6.82","148.38K","2.66%"
"28.12.2018","6.72","6.82","6.95","6.62","1.00M","0.15%"
"27.12.2018","6.71","6.86","6.86","6.65","399.09K","0.00%"
"24.12.2018","6.71","6.83","6.83","6.66","56.79K","-2.33%"
"21.12.2018","6.87","6.91","6.92","6.72","2.32M","0.45%"
"20.12.2018","6.84","7.02","7.02","6.82","1.14M","-4.13%"
"19.12.2018","7.14","6.97","7.19","6.93","889.35K","0.78%"
"18.12.2018","7.08","7.32","7.39","7.05","1.15M","-5.70%"
"17.12.2018","7.51","7.66","7.75","7.51","554.46K","-1.98%"
"14.12.2018","7.66","7.80","7.86","7.64","696.88K","-0.78%"
"13.12.2018","7.72","7.65","7.71","7.55","130.86K","-1.37%"
"12.12.2018","7.83","7.76","7.88","7.72","682.92K","0.47%"
"11.12.2018","7.79","7.60","7.82","7.57","298.71K","1.37%"
"10.12.2018","7.68","7.84","7.85","7.67","552.50K","-3.90%"
"07.12.2018","8.00","7.60","8.08","7.57","1.24M","6.77%"
"06.12.2018","7.49","7.89","7.89","7.49","1.02M","-5.79%"
"05.12.2018","7.95","7.81","8.10","7.81","448.93K","0.91%"
"04.12.2018","7.88","7.97","8.13","7.86","980.29K","0.84%"
"03.12.2018","7.81","8.00","8.00","7.81","463.72K","3.17%"
"30.11.2018","7.57","7.67","7.67","7.42","455.53K","-1.56%"
"29.11.2018","7.69","7.54","7.69","7.38","3.62M","0.00%"
"28.11.2018","7.70","7.80","7.80","7.57","1.08M","-0.23%"
"27.11.2018","7.71","7.64","7.82","7.56","1.39M","-0.09%"
"26.11.2018","7.72","7.61","7.78","7.57","732.43K","1.11%"
"23.11.2018","7.64","7.96","7.96","7.55","2.09M","-4.88%"
"22.11.2018","8.03","8.13","8.16","8.00","585.04K","-1.64%"
"21.11.2018","8.16","8.09","8.17","8.07","685.11K","1.13%"
"20.11.2018","8.07","8.49","8.55","8.00","1.10M","-4.18%"
"19.11.2018","8.42","8.57","8.57","8.27","517.36K","-1.19%"
"16.11.2018","8.52","8.57","8.67","8.51","655.22K","-0.23%"
"15.11.2018","8.54","8.31","8.55","8.31","836.38K","0.65%"
"14.11.2018","8.49","8.30","8.57","8.27","1.40M","-0.55%"
"13.11.2018","8.53","8.85","8.86","8.50","1.44M","-6.13%"
"12.11.2018","9.09","9.14","9.15","9.03","1.51M","1.33%"
"09.11.2018","8.97","9.01","9.03","8.87","659.80K","-1.99%"
"08.11.2018","9.15","9.25","9.31","9.11","1.62M","-0.33%"
"07.11.2018","9.19","9.25","9.43","9.15","2.24M","-0.33%"
"06.11.2018","9.22","9.39","9.44","9.20","2.20M","-2.80%"
"05.11.2018","9.48","9.41","9.56","9.35","959.79K","0.41%"
"02.11.2018","9.44","9.47","9.51","9.40","647.76K","-0.41%"
"01.11.2018","9.48","9.70","9.76","9.44","896.30K","-4.25%"
"31.10.2018","9.90","9.96","9.99","9.82","276.99K","-0.23%"
"30.10.2018","9.92","10.03","10.03","9.76","254.66K","-1.03%"
"29.10.2018","10.03","10.05","10.10","9.97","333.20K","-0.28%"
"26.10.2018","10.06","9.94","10.06","9.89","238.03K","-0.05%"
"25.10.2018","10.06","9.91","10.08","9.90","198.76K","0.35%"
"24.10.2018","10.02","9.90","10.04","9.88","476.10K","-0.15%"
"23.10.2018","10.04","10.33","10.33","10.03","196.31K","-2.90%"
"22.10.2018","10.34","10.40","10.40","10.23","293.92K","-0.19%"
"19.10.2018","10.36","10.27","10.40","10.27","66.37K","0.34%"
"18.10.2018","10.32","10.38","10.39","10.22","840.14K","-0.77%"
"17.10.2018","10.40","10.73","10.73","10.33","362.49K","-2.07%"
"16.10.2018","10.63","10.62","10.66","10.55","146.13K","0.28%"
"15.10.2018","10.60","10.68","10.68","10.52","189.08K","-0.14%"
"12.10.2018","10.61","10.69","10.69","10.55","405.22K","0.14%"
"11.10.2018","10.60","10.73","10.77","10.55","554.87K","-2.71%"
"10.10.2018","10.89","11.11","11.11","10.85","166.63K","-2.02%"
"09.10.2018","11.11","11.09","11.14","11.00","161.12K","1.28%"
"08.10.2018","10.98","10.96","11.03","10.85","208.01K","-1.04%"
"05.10.2018","11.09","11.10","11.11","10.96","257.03K","-1.07%"
"04.10.2018","11.21","11.31","11.34","11.19","390.88K","0.58%"
"03.10.2018","11.15","11.17","11.23","11.02","509.65K","-0.18%"
"02.10.2018","11.16","11.23","11.23","11.12","1.04M","1.22%"
"01.10.2018","11.03","10.90","11.04","10.83","187.46K","1.57%"
"28.09.2018","10.86","10.72","10.88","10.69","91.55K","1.64%"
"27.09.2018","10.69","10.74","10.76","10.66","64.58K","0.28%"
"26.09.2018","10.65","10.71","10.73","10.63","132.06K","-0.75%"
"25.09.2018","10.73","10.73","10.76","10.69","72.39K","0.28%"
"24.09.2018","10.70","10.68","10.72","10.64","294.46K","2.74%"
"21.09.2018","10.42","10.44","10.62","10.40","294.19K","-0.48%"
"20.09.2018","10.47","10.55","10.56","10.43","532.83K","0.22%"
"19.09.2018","10.45","10.34","10.48","10.30","229.06K","1.28%"
"18.09.2018","10.31","10.14","10.40","10.14","205.64K","0.96%"
"17.09.2018","10.22","10.22","10.31","10.19","286.53K","0.00%"
"14.09.2018","10.22","10.22","10.22","10.10","226.64K","0.79%"
"13.09.2018","10.14","10.33","10.34","10.12","228.53K","-3.06%"
"12.09.2018","10.45","10.31","10.51","10.29","269.61K","2.65%"
"11.09.2018","10.19","10.02","10.19","9.99","68.01K","1.39%"
"10.09.2018","10.05","10.09","10.11","10.02","81.11K","0.40%"
"07.09.2018","10.01","10.03","10.04","9.90","112.57K","0.16%"
"06.09.2018","9.99","10.14","10.19","9.98","162.27K","-1.68%"
"05.09.2018","10.16","10.22","10.24","10.14","95.88K","-1.74%"
"04.09.2018","10.34","10.35","10.50","10.28","189.49K","0.15%"
"03.09.2018","10.32","10.27","10.35","10.27","21.82K","0.05%"
"31.08.2018","10.32","10.35","10.35","10.27","75.08K","0.39%"
"30.08.2018","10.28","10.29","10.32","10.26","72.61K","0.69%"
"29.08.2018","10.21","10.09","10.25","10.09","68.77K","0.49%"
"28.08.2018","10.16","10.15","10.20","10.11","90.91K","-0.22%"
"24.08.2018","10.18","10.07","10.21","10.07","101.53K","2.05%"
"23.08.2018","9.98","9.98","10.03","9.94","194.25K","0.38%"
"22.08.2018","9.94","9.76","9.94","9.76","189.65K","2.21%"
"21.08.2018","9.72","9.65","9.78","9.64","172.66K","1.22%"
"20.08.2018","9.61","9.60","9.67","9.58","46.88K","-0.30%"
"17.08.2018","9.64","9.57","9.70","9.57","120.67K","0.61%"
"16.08.2018","9.58","9.53","9.58","9.51","485.76K","1.22%"
"15.08.2018","9.46","9.70","9.71","9.45","257.04K","-3.41%"
"14.08.2018","9.80","9.84","9.97","9.80","434.05K","0.07%"
"13.08.2018","9.79","9.83","9.87","9.78","137.63K","-0.76%"
"10.08.2018","9.86","9.71","9.88","9.66","375.40K","0.97%"
"09.08.2018","9.77","9.73","9.82","9.73","134.03K","0.44%"
"08.08.2018","9.73","10.09","10.10","9.73","139.09K","-3.48%"
"07.08.2018","10.08","10.10","10.15","10.07","44.02K","-0.76%"
"06.08.2018","10.15","10.03","10.18","10.02","157.50K","1.45%"
"03.08.2018","10.01","10.02","10.09","10.00","158.39K","-0.25%"
"02.08.2018","10.03","9.86","10.03","9.76","209.72K","1.90%"
"01.08.2018","9.85","9.94","9.97","9.78","386.91K","-1.91%"
"31.07.2018","10.04","10.16","10.18","10.00","155.09K","-1.62%"
"30.07.2018","10.20","10.06","10.26","10.06","153.42K","0.99%"
"27.07.2018","10.10","10.12","10.16","10.07","164.18K","-0.49%"
"26.07.2018","10.15","10.12","10.19","10.05","343.73K","0.84%"
"25.07.2018","10.07","10.03","10.10","9.94","298.65K","0.35%"
"24.07.2018","10.03","9.88","10.02","9.85","86.42K","0.37%"
"23.07.2018","10.00","9.91","10.09","9.91","55.37K","0.66%"
"20.07.2018","9.93","9.98","10.03","9.87","186.42K","-0.23%"
"19.07.2018","9.95","9.86","10.01","9.73","248.99K","2.04%"
"18.07.2018","9.76","9.72","9.78","9.69","128.16K","0.25%"
"17.07.2018","9.73","9.79","9.81","9.67","992.11K","-1.24%"
"16.07.2018","9.85","10.08","10.13","9.83","501.25K","-3.34%"
"13.07.2018","10.19","10.09","10.20","10.02","143.84K","2.00%"
"12.07.2018","9.99","10.10","10.16","9.94","987.03K","-3.48%"
"11.07.2018","10.35","10.51","10.51","10.35","287.76K","-1.94%"
"10.07.2018","10.56","10.56","10.60","10.52","184.83K","1.15%"
"09.07.2018","10.44","10.45","10.46","10.37","207.76K","0.85%"
"06.07.2018","10.35","10.30","10.38","10.22","296.00K","-0.60%"
"05.07.2018","10.41","10.41","10.53","10.32","227.14K","-0.38%"
"04.07.2018","10.45","10.44","10.45","10.36","375.36K","1.57%"
"03.07.2018","10.29","10.55","10.61","10.29","317.83K","-1.31%"
"02.07.2018","10.43","10.47","10.53","10.41","323.50K","-1.46%"
"29.06.2018","10.59","10.43","10.60","10.43","325.59K","1.05%"
"28.06.2018","10.48","10.30","10.52","10.30","452.25K","1.14%"
"27.06.2018","10.36","10.13","10.36","10.09","557.35K","4.55%"
"26.06.2018","9.91","9.81","9.91","9.73","284.65K","1.25%"
"25.06.2018","9.78","9.74","9.87","9.74","804.49K","0.19%"
"22.06.2018","9.77","9.54","9.78","9.51","948.57K","3.30%"
"21.06.2018","9.45","9.44","9.49","9.31","475.24K","-0.76%"
"20.06.2018","9.52","9.45","9.55","9.39","634.52K","1.64%"
"19.06.2018","9.37","9.41","9.44","9.32","235.95K","-0.58%"
"18.06.2018","9.43","9.23","9.44","9.23","339.22K","0.81%"
"15.06.2018","9.35","9.65","9.65","9.35","282.20K","-2.48%"
"14.06.2018","9.59","9.63","9.70","9.59","481.82K","-0.39%"
"13.06.2018","9.63","9.54","9.66","9.53","337.16K","0.10%"
"12.06.2018","9.62","9.61","9.65","9.54","225.55K","0.58%"
"11.06.2018","9.56","9.48","9.57","9.41","400.55K","0.62%"
"08.06.2018","9.50","9.48","9.58","9.45","201.88K","-0.26%"
"07.06.2018","9.53","9.41","9.55","9.39","441.62K","1.68%"
"06.06.2018","9.37","9.51","9.52","9.31","312.59K","-0.48%"
"05.06.2018","9.41","9.44","9.44","9.31","479.93K","0.60%"
"04.06.2018","9.36","9.52","9.55","9.37","712.25K","-2.52%"
"01.06.2018","9.60","9.71","9.74","9.58","505.45K","-1.53%"
"31.05.2018","9.75","9.84","9.86","9.67","1.61M","-1.29%"
"30.05.2018","9.88","9.66","9.88","9.65","787.83K","2.49%"
"29.05.2018","9.64","9.63","9.73","9.60","790.77K","-2.18%"
"25.05.2018","9.85","10.20","10.20","9.84","1.85M","-4.16%"
"24.05.2018","10.28","10.38","10.38","10.22","359.97K","-0.68%"
"23.05.2018","10.35","10.41","10.43","10.31","739.31K","-1.71%"
"22.05.2018","10.53","10.50","10.55","10.47","346.59K","1.08%"
"21.05.2018","10.42","10.39","10.43","10.32","358.54K","0.80%"
"18.05.2018","10.34","10.39","10.40","10.31","350.63K","-1.05%"
"17.05.2018","10.44","10.39","10.47","10.38","566.29K","1.36%"
"16.05.2018","10.31","10.29","10.33","10.24","452.30K","0.44%"
"15.05.2018","10.26","10.27","10.40","10.20","673.83K","-0.05%"
"14.05.2018","10.27","10.18","10.30","10.17","421.65K","-0.29%"
"11.05.2018","10.30","10.30","10.35","10.27","407.45K","0.10%"
"10.05.2018","10.28","10.37","10.37","10.20","475.70K","0.24%"
"09.05.2018","10.26","10.20","10.30","10.19","8.90M","3.96%"
"08.05.2018","9.87","10.14","10.16","9.81","753.05K","-1.04%"
"04.05.2018","9.97","9.86","9.97","9.84","649.63K","2.00%"
"03.05.2018","9.78","9.79","9.85","9.71","633.21K","0.87%"
"02.05.2018","9.69","9.79","9.79","9.67","477.10K","-0.74%"
"01.05.2018","9.77","9.90","9.90","9.72","902.40K","-0.71%"
"30.04.2018","9.84","9.74","9.88","9.71","869.26K","0.29%"
"27.04.2018","9.81","9.82","9.86","9.77","618.65K","0.00%"
"26.04.2018","9.81","9.85","9.92","9.81","429.80K","0.20%"
"25.04.2018","9.79","9.76","9.81","9.69","1.52M","-1.53%"
"24.04.2018","9.94","9.98","10.00","9.89","422.06K","1.37%"
"23.04.2018","9.81","9.84","9.85","9.70","1.26M","-0.05%"
"20.04.2018","9.81","9.83","9.86","9.74","333.85K","-1.63%"
"19.04.2018","9.97","9.90","10.00","9.89","352.55K","1.65%"
"18.04.2018","9.81","9.65","9.84","9.65","389.05K","2.92%"
"17.04.2018","9.53","9.61","9.61","9.46","378.97K","-0.19%"
"16.04.2018","9.55","9.57","9.63","9.53","276.56K","-1.54%"
"13.04.2018","9.70","9.60","9.70","9.58","414.32K","1.57%"
"12.04.2018","9.55","9.65","9.65","9.49","297.52K","-0.86%"
"11.04.2018","9.63","9.39","9.68","9.38","1.05M","2.73%"
"10.04.2018","9.38","9.25","9.37","9.25","234.54K","2.90%"
"09.04.2018","9.11","8.96","9.15","8.96","197.53K","1.59%"
"06.04.2018","8.97","9.09","9.16","8.96","391.64K","-1.81%"
"05.04.2018","9.14","9.15","9.22","9.10","443.63K","0.58%"
"04.04.2018","9.08","9.11","9.12","8.94","556.11K","-0.65%"
"03.04.2018","9.14","9.10","9.18","9.07","312.04K","-2.03%"
"29.03.2018","9.33","9.30","9.35","9.24","451.82K","0.46%"
"28.03.2018","9.29","9.32","9.37","9.26","794.84K","-1.18%"
"27.03.2018","9.40","9.44","9.56","9.39","846.93K","-0.29%"
"26.03.2018","9.43","9.45","9.48","9.37","1.23M","0.00%"
"23.03.2018","9.43","9.34","9.45","9.27","709.03K","1.51%"
"22.03.2018","9.28","9.37","9.39","9.26","947.68K","-1.01%"
"21.03.2018","9.38","9.16","9.39","9.16","1.37M","2.73%"
"20.03.2018","9.13","9.02","9.20","9.01","481.83K","2.10%"
"19.03.2018","8.94","8.94","8.98","8.86","693.56K","-0.22%"
"16.03.2018","8.96","8.82","8.98","8.80","377.08K","1.62%"
"15.03.2018","8.82","8.79","8.84","8.78","305.85K","0.80%"
"14.03.2018","8.75","8.74","8.82","8.67","376.83K","0.45%"
"13.03.2018","8.71","8.80","8.91","8.69","562.41K","-1.01%"
"12.03.2018","8.80","8.89","8.89","8.73","112.04K","-1.02%"
"09.03.2018","8.89","8.66","8.86","8.66","235.14K","2.34%"
"08.03.2018","8.69","8.78","8.81","8.67","208.94K","-2.45%"
"07.03.2018","8.91","8.90","8.98","8.87","263.56K","-0.32%"
"06.03.2018","8.94","8.98","9.06","8.94","554.88K","-0.23%"
"05.03.2018","8.96","8.85","8.95","8.77","521.22K","2.65%"
"02.03.2018","8.73","8.73","8.75","8.64","409.99K","-0.11%"
"01.03.2018","8.73","8.86","8.86","8.65","754.41K","-1.70%"
"28.02.2018","8.89","9.01","9.10","8.87","427.13K","-2.27%"
"27.02.2018","9.09","9.15","9.17","9.06","201.95K","-1.04%"
"26.02.2018","9.19","9.13","9.17","9.06","305.20K","1.09%"
"23.02.2018","9.09","9.00","9.10","8.97","182.48K","0.90%"
"22.02.2018","9.01","8.77","9.01","8.77","323.83K","1.92%"
"21.02.2018","8.84","8.77","8.84","8.76","222.13K","-0.19%"
"20.02.2018","8.85","8.89","8.90","8.80","425.41K","-0.82%"
"19.02.2018","8.93","8.88","8.93","8.86","248.22K","1.58%"
"16.02.2018","8.79","8.79","8.83","8.69","454.81K","1.96%"
"15.02.2018","8.62","8.76","8.76","8.55","497.90K","1.44%"
"14.02.2018","8.50","8.42","8.55","8.34","1.23M","1.35%"
"13.02.2018","8.39","8.50","8.50","8.35","486.70K","-1.73%"
"12.02.2018","8.53","8.52","8.65","8.51","816.91K","0.18%"
"09.02.2018","8.52","8.63","8.66","8.52","425.13K","-1.81%"
"08.02.2018","8.68","8.78","8.85","8.66","655.92K","-2.04%"
"07.02.2018","8.86","9.10","9.11","8.82","867.43K","-2.49%"
"06.02.2018","9.08","9.06","9.15","9.00","1.35M","-2.24%"
"05.02.2018","9.29","9.25","9.31","9.20","1.10M","0.65%"
"02.02.2018","9.23","9.41","9.41","9.19","1.16M","-0.72%"
"01.02.2018","9.30","9.24","9.37","9.24","727.34K","1.41%"
"31.01.2018","9.17","9.14","9.18","9.11","369.07K","0.07%"
"30.01.2018","9.16","9.26","9.28","9.14","883.66K","-1.45%"
"29.01.2018","9.30","9.43","9.46","9.28","569.98K","-1.45%"
"26.01.2018","9.43","9.34","9.44","9.33","328.34K","0.31%"
"25.01.2018","9.40","9.43","9.50","9.37","764.56K","1.52%"
"24.01.2018","9.26","9.19","9.32","9.18","251.20K","0.83%"
"23.01.2018","9.19","9.11","9.21","9.09","369.49K","0.69%"
"22.01.2018","9.13","9.05","9.13","9.00","290.95K","1.48%"
"19.01.2018","8.99","9.01","9.07","8.99","278.01K","-1.40%"
"18.01.2018","9.12","9.11","9.13","9.05","341.41K","0.35%"
"17.01.2018","9.09","9.09","9.09","9.02","407.49K","-0.08%"
"16.01.2018","9.10","9.15","9.16","9.08","106.55K","-0.98%"
"15.01.2018","9.19","9.17","9.22","9.14","627.92K","1.38%"
"12.01.2018","9.06","9.02","9.08","8.98","247.56K","-1.25%"
"11.01.2018","9.18","9.02","9.19","9.02","347.02K","1.65%"
"10.01.2018","9.03","9.02","9.05","8.99","91.40K","1.56%"
"09.01.2018","8.89","8.85","8.89","8.81","277.48K","1.43%"
"08.01.2018","8.76","8.76","8.82","8.75","104.53K","0.40%"
"05.01.2018","8.73","8.79","8.80","8.70","383.14K","-1.03%"
"04.01.2018","8.82","8.83","8.83","8.78","589.04K","0.94%"
"03.01.2018","8.74","8.60","8.76","8.60","117.20K","1.76%"
"02.01.2018","8.59","8.63","8.63","8.58","31.52K","0.18%"