Date,Close,Open,High,Low,Vol.,Change %
03/20/2026,55.64,56.95,57.01,55.44,78.53M,-3.44%
03/19/2026,57.62,56.44,57.87,56.26,50.96M,0.10%
03/18/2026,57.56,58.38,58.63,57.54,37.21M,-2.03%
03/17/2026,58.75,58.88,59.06,58.53,24.93M,0.63%
03/16/2026,58.38,58.05,58.64,57.99,36.20M,2.78%
03/13/2026,56.8,57.62,58.01,56.66,47.90M,-0.26%
03/12/26,56.95,57.99,58.03,56.86,53.04M,-3.20%
03/11/26,58.83,58.7,59.16,58.38,35.66M,0.26%
03/10/26,58.68,58.65,59.88,58.34,56.42M,0.39%
03/09/26,58.45,56.66,58.65,56.24,65.07M,1.97%
03/06/26,57.32,56.83,57.7,56.56,55.73M,-0.54%
03/05/26,57.63,58.02,58.58,56.89,81.40M,-2.40%
03/04/26,59.05,58.54,59.58,58.24,74.07M,1.08%
03/03/26,58.42,57.97,58.9,56.74,99.94M,-5.01%
03/02/26,61.5,60.79,61.85,60.79,46.88M,-1.73%
02/27/2026,62.58,62.2,65.96,62.12,34.83M,-0.21%
02/26/2026,62.71,63.28,63.31,62.08,52.08M,-0.95%
02/25/2026,63.31,63.42,63.43,63.04,42.20M,1.10%
02/24/2026,62.62,62.24,62.84,62.1,44.41M,1.57%
02/23/2026,61.65,62.01,62.25,61.51,36.57M,-1.11%
02/20/2026,62.34,61.01,62.36,60.97,56.42M,2.13%
02/19/2026,61.04,60.83,61.07,60.58,38.04M,-0.25%
02/18/2026,61.19,61.03,61.55,60.91,29.97M,0.53%
02/17/2026,60.87,60.72,61.08,60.19,38.13M,-0.41%
02/13/2026,61.12,60.72,61.21,60.13,40.09M,0.43%
02/12/26,60.86,61.83,61.9,60.68,48.07M,-1.14%
02/11/26,61.56,61.17,61.63,60.78,38.16M,1.58%
02/10/26,60.6,60.72,60.82,60.42,32.25M,0.15%
02/09/26,60.51,59.97,60.65,59.9,35.32M,0.73%
02/06/26,60.07,59.24,60.09,59.22,37.53M,2.63%
02/05/26,58.53,58.55,59.03,58.22,50.88M,-0.46%
02/04/26,58.8,59.89,59.91,58.55,50.85M,-1.34%
02/03/26,59.6,59.93,59.99,59.03,41.13M,0.54%
02/02/26,59.28,58.58,59.47,58.56,44.51M,0.30%
01/30/2026,59.1,59.81,60.07,58.83,73.86M,-2.22%
01/29/2026,60.44,60.86,60.95,59.54,70.85M,-0.51%
01/28/2026,60.75,60.87,60.87,60.37,52.07M,0.68%
01/27/2026,60.34,59.97,60.37,59.88,62.22M,1.98%
01/26/2026,59.17,59.04,59.39,58.99,37.94M,0.17%
01/23/2026,59.07,58.56,59.15,58.43,31.58M,0.63%
01/22/2026,58.7,58.7,58.93,58.49,33.73M,0.76%
01/21/2026,58.26,57.99,58.48,57.92,44.19M,1.66%
01/20/2026,57.31,57.35,57.75,57.24,37.03M,-0.97%
01/16/2026,57.87,57.97,58.01,57.57,30.62M,-0.38%
01/15/2026,58.09,58.15,58.38,57.93,60.44M,0.59%
01/14/2026,57.75,57.58,57.77,57.44,45.16M,0.42%
01/13/2026,57.51,57.77,57.81,57.38,34.41M,-0.74%
01/12/26,57.94,57.24,57.97,57.21,47.30M,1.40%
01/09/26,57.14,56.88,57.16,56.71,31.54M,0.47%
01/08/26,56.87,56.75,56.89,56.62,27.72M,0.04%
01/07/26,56.85,57.03,57.05,56.8,26.93M,-0.75%
01/06/26,57.28,57.17,57.43,57.16,29.80M,0.74%
01/05/26,56.86,56.59,56.86,56.36,37.08M,1.10%
01/02/26,56.24,55.89,56.25,55.81,38.26M,2.80%
12/31/2025,54.71,54.9,54.92,54.67,20.00M,-0.31%
12/30/2025,54.88,54.87,54.99,54.81,24.64M,0.40%
12/29/2025,54.66,54.52,54.68,54.43,18.82M,-0.26%
12/26/2025,54.8,54.57,54.82,54.53,11.35M,0.70%
12/25/2025,54.42,54.41,54.42,54.42,9.57M,0.00%
12/24/2025,54.42,54.41,54.46,54.34,9.57M,0.20%
12/23/2025,54.31,53.99,54.33,53.9,25.32M,0.56%
12/22/2025,54.01,53.97,54.05,53.88,21.65M,0.54%
12/19/2025,53.72,53.54,53.89,53.5,28.83M,0.98%
12/18/2025,53.2,53.27,53.5,53.13,29.99M,1.14%
12/17/2025,52.6,53.26,53.31,52.58,35.74M,-0.72%
12/16/2025,52.98,52.96,53.13,52.77,38.18M,-2.03%
12/15/2025,54.08,54.55,54.58,54.07,29.14M,-0.29%
12/12/25,54.24,54.91,54.94,54.1,30.59M,-1.17%
12/11/25,54.88,54.7,54.95,54.48,22.01M,-0.47%
12/10/25,55.14,54.65,55.24,54.58,35.02M,1.12%
12/09/25,54.53,54.3,54.58,54.25,17.79M,-0.16%
12/08/25,54.62,54.87,54.87,54.48,29.06M,-0.22%
12/05/25,54.74,54.93,55.12,54.67,20.11M,0.75%
12/04/25,54.33,54.41,54.41,54.18,14.44M,-0.02%
12/03/25,54.34,54.14,54.35,54.05,16.75M,0.07%
12/02/25,54.3,54.36,54.38,54.07,22.52M,0.04%
12/01/25,54.28,54.15,54.45,54.15,17.85M,-0.07%
11/28/2025,54.32,54.16,54.37,54.12,15.06M,0.15%
11/26/2025,54.24,54.1,54.33,53.96,22.16M,0.72%
11/25/2025,53.85,53.63,53.87,53.21,25.25M,0.35%
11/24/2025,53.66,53.12,53.7,53.12,33.65M,1.05%
11/21/2025,53.1,52.71,53.33,52.38,40.33M,-0.02%
11/20/2025,53.11,54.43,54.49,53.08,32.03M,-1.37%
11/19/2025,53.85,53.84,54.17,53.61,20.90M,-0.35%
11/18/2025,54.04,53.88,54.24,53.67,29.36M,-0.50%
11/17/2025,54.31,54.52,54.89,54.14,24.77M,-1.18%
11/14/2025,54.96,54.53,55.3,54.4,27.66M,0.05%
11/13/2025,54.93,55.7,55.73,54.81,29.88M,-1.17%
11/12/25,55.58,55.65,55.66,55.42,24.14M,0.02%
11/11/25,55.57,55.51,55.7,55.37,22.79M,0.11%
11/10/25,55.51,55.28,55.55,55.1,27.71M,1.76%
11/07/25,54.55,54.21,54.55,53.8,32.43M,-0.29%
11/06/25,54.71,55.07,55.22,54.52,24.88M,-0.74%
11/05/25,55.12,54.64,55.25,54.61,22.36M,0.90%
11/04/25,54.63,54.73,55.06,54.61,25.66M,-1.83%
11/03/25,55.65,55.69,55.73,55.37,18.74M,0.63%
10/31/2025,55.3,55.34,55.38,55.03,29.32M,-0.23%
10/30/2025,55.43,55.45,55.66,55.31,22.53M,-1.04%
10/29/2025,56.01,56.22,56.31,55.74,32.92M,0.57%
10/28/2025,55.69,55.38,55.76,55.33,25.91M,-0.04%
10/27/2025,55.71,55.72,55.74,55.5,24.02M,1.11%
10/24/2025,55.1,55.18,55.21,55.01,19.51M,0.66%
10/23/2025,54.74,54.48,54.86,54.46,19.66M,0.88%
10/22/2025,54.26,54.43,54.69,54.01,23.60M,-0.09%
10/21/2025,54.31,54.59,54.59,54.31,27.09M,-1.11%
10/20/2025,54.92,54.56,55.03,54.56,29.45M,1.37%
10/17/2025,54.18,53.83,54.28,53.79,24.37M,-0.02%
10/16/2025,54.19,54.34,54.58,54.05,29.78M,0.65%
10/15/2025,53.84,53.85,54.04,53.51,31.15M,1.64%
10/14/2025,52.97,52.61,53.37,52.53,36.06M,-0.90%
10/13/2025,53.45,53.44,53.65,53.2,34.72M,2.91%
10/10/25,51.94,53.96,54.04,51.82,67.91M,-3.69%
10/09/25,53.93,54.52,54.53,53.8,24.69M,-1.03%
10/08/25,54.49,54.13,54.49,54.12,15.39M,0.80%
10/07/25,54.06,54.68,54.69,54.02,18.61M,-0.77%
10/06/25,54.48,54.35,54.55,54.29,17.89M,0.46%
10/03/25,54.23,54.33,54.39,54.06,21.84M,0.30%
10/02/25,54.07,54.35,54.35,53.9,27.87M,0.46%
10/01/25,53.82,53.59,53.85,53.59,29.97M,0.79%
09/30/2025,53.4,53.34,53.44,53.19,25.17M,0.39%
09/29/2025,53.19,53.24,53.39,53.12,26.75M,0.91%
09/26/2025,52.71,52.44,52.71,52.35,22.61M,-0.19%
09/25/2025,52.81,52.78,52.98,52.63,27.61M,-0.58%
09/24/2025,53.12,53.26,53.35,53.05,24.95M,-0.34%
09/23/2025,53.3,53.32,53.53,53.24,21.30M,0.06%
09/22/2025,53.27,53.05,53.28,52.98,18.36M,0.49%
09/19/2025,53.01,53.07,53.12,52.91,37.39M,-0.23%
09/18/2025,53.13,52.91,53.16,52.78,30.54M,-0.24%
09/17/2025,53.26,53.25,53.67,52.99,53.35M,0.43%
09/16/2025,53.03,52.88,53.07,52.76,28.61M,0.74%
09/15/2025,52.64,52.58,52.67,52.49,22.08M,0.73%
09/12/25,52.26,52.33,52.35,52.19,17.77M,-0.06%
09/11/25,52.29,51.89,52.32,51.87,38.95M,1.46%
09/10/25,51.54,51.6,51.75,51.5,27.15M,0.68%
09/09/25,51.19,51.11,51.28,51.1,23.82M,0.55%
09/08/25,50.91,50.71,50.92,50.63,23.35M,0.91%
09/05/25,50.45,50.53,50.62,50.17,24.81M,1.20%
09/04/25,49.85,49.69,49.85,49.53,14.79M,-0.32%
09/03/25,50.01,49.97,50.07,49.88,29.04M,0.38%
09/02/25,49.82,49.41,49.83,49.35,24.34M,-0.08%
08/29/2025,49.86,49.81,49.9,49.65,24.87M,-0.48%
08/28/2025,50.1,49.86,50.12,49.83,21.35M,0.38%
08/27/2025,49.91,49.63,49.93,49.58,31.45M,-0.60%
08/26/2025,50.21,50.29,50.36,50.16,25.68M,-0.26%
08/25/2025,50.34,50.54,50.67,50.33,23.70M,-0.57%
08/22/2025,50.63,49.93,50.63,49.89,31.26M,1.99%
08/21/2025,49.64,49.58,49.74,49.54,14.43M,-0.22%
08/20/2025,49.75,49.73,49.8,49.45,20.30M,-0.14%
08/19/2025,49.82,50.1,50.1,49.76,17.23M,-0.82%
08/18/2025,50.23,50.16,50.24,50.1,19.21M,0.58%
08/15/2025,49.94,50.03,50.08,49.88,24.04M,0.12%
08/14/2025,49.88,49.87,50.01,49.74,28.02M,-1.23%
08/13/2025,50.5,50.45,50.59,50.41,28.59M,1.20%
08/12/25,49.9,49.51,49.93,49.47,22.91M,1.22%
08/11/25,49.3,49.4,49.46,49.23,15.18M,-0.28%
08/08/25,49.44,49.33,49.46,49.28,16.93M,-0.08%
08/07/25,49.48,49.6,49.67,49.35,23.38M,0.84%
08/06/25,49.07,48.9,49.1,48.8,17.09M,0.47%
08/05/25,48.84,48.96,49.02,48.72,18.71M,0.29%
08/04/25,48.7,48.74,48.79,48.56,32.92M,1.04%
08/01/25,48.2,48.38,48.38,47.98,27.23M,-0.74%
07/31/2025,48.56,48.73,48.81,48.48,30.59M,-0.57%
07/30/2025,48.84,49.04,49.13,48.74,37.86M,-0.73%
07/29/2025,49.2,49.29,49.35,49.13,24.74M,0.04%
07/28/2025,49.18,49.29,49.33,49.09,27.70M,-0.67%
07/25/2025,49.51,49.38,49.54,49.31,15.61M,-0.30%
07/24/2025,49.66,49.78,49.85,49.63,18.95M,-0.54%
07/23/2025,49.93,49.74,49.96,49.69,23.74M,1.01%
07/22/2025,49.43,49.26,49.44,49.05,22.32M,0.06%
07/21/2025,49.4,49.33,49.6,49.25,16.86M,0.65%
07/18/2025,49.08,49.33,49.42,49.05,23.41M,-0.22%
07/17/2025,49.19,48.85,49.22,48.79,22.32M,0.57%
07/16/2025,48.91,48.66,48.92,48.47,32.62M,0.47%
07/15/2025,48.68,48.84,48.88,48.61,24.89M,0.72%
07/14/2025,48.33,48.27,48.37,48.2,16.88M,0.15%
07/11/25,48.26,48.34,48.39,48.22,27.34M,-0.33%
07/10/25,48.42,48.38,48.43,48.19,21.89M,0.27%
07/09/25,48.29,48.38,48.38,48.15,14.85M,-0.17%
07/08/25,48.37,48.37,48.42,48.24,16.32M,0.62%
07/07/25,48.07,48.28,48.39,47.96,24.46M,-1.42%
07/03/25,48.76,48.58,48.8,48.58,20.08M,0.45%
07/02/25,48.54,48.17,48.54,48.13,23.95M,0.43%
07/01/25,48.33,48.35,48.42,48.19,25.39M,0.19%
06/30/2025,48.24,48,48.27,47.9,32.97M,0.31%
06/27/2025,48.09,48.04,48.25,47.96,37.59M,-0.39%
06/26/2025,48.28,48.17,48.35,48.05,21.96M,0.67%
06/25/2025,47.96,47.9,47.99,47.82,23.74M,0.08%
06/24/2025,47.92,47.44,47.94,47.41,36.11M,2.59%
06/23/2025,46.71,46.25,46.72,46.15,22.23M,0.82%
06/20/2025,46.33,46.78,46.78,46.28,32.78M,-0.58%
06/18/2025,46.6,46.62,46.78,46.48,26.29M,-0.02%
06/17/2025,46.61,46.91,47.01,46.54,35.18M,-1.31%
06/16/2025,47.23,47.18,47.49,47.17,27.00M,0.25%
06/13/2025,47.11,47,47.29,46.98,35.20M,-1.59%
06/12/25,47.87,47.73,47.9,47.69,19.73M,0.17%
06/11/25,47.79,47.84,47.97,47.73,28.23M,0.42%
06/10/25,47.59,47.55,47.63,47.34,26.58M,0.57%
06/09/25,47.32,47.17,47.39,47.11,22.72M,0.85%
06/06/25,46.92,46.81,46.95,46.72,16.63M,0.32%
06/05/25,46.77,46.92,46.97,46.65,26.29M,0.52%
06/04/25,46.53,46.4,46.59,46.35,26.50M,1.24%
06/03/25,45.96,45.84,46.01,45.74,20.94M,0.24%
06/02/25,45.85,45.69,45.87,45.52,20.58M,0.72%
05/30/2025,45.52,45.65,45.66,45.23,42.29M,-1.22%
05/29/2025,46.08,46.32,46.34,45.93,24.29M,0.37%
05/28/2025,45.91,45.99,46.01,45.87,26.97M,-0.46%
05/27/2025,46.12,46.06,46.18,45.97,26.28M,-0.24%
05/23/2025,46.23,45.91,46.31,45.87,22.02M,0.41%
05/22/2025,46.04,45.97,46.15,45.9,16.77M,-0.32%
05/21/2025,46.19,46.49,46.6,46.12,25.57M,-0.26%
05/20/2025,46.31,46.17,46.32,46.13,20.23M,-0.11%
05/19/2025,46.36,45.94,46.37,45.94,16.82M,0.22%
05/16/2025,46.26,46.21,46.3,46.06,23.30M,-0.06%
05/15/2025,46.29,46.23,46.29,46.03,21.68M,-0.04%
05/14/2025,46.31,46.41,46.46,46.25,22.56M,0.76%
05/13/2025,45.96,45.56,46.13,45.53,23.97M,0.17%
05/12/25,45.88,46.02,46.02,45.71,26.84M,2.16%
05/09/25,44.91,45.1,45.15,44.83,16.09M,0.67%
05/08/25,44.61,44.79,44.87,44.56,17.57M,-0.07%
05/07/25,44.64,44.82,44.83,44.52,23.39M,-1.15%
05/06/25,45.16,45,45.33,44.97,17.42M,-0.40%
05/05/25,45.34,45.46,45.53,45.34,22.66M,0.76%
05/02/25,45,45.15,45.17,44.83,33.95M,2.86%
05/01/25,43.75,43.93,43.96,43.71,14.74M,-0.02%
04/30/2025,43.76,43.59,43.83,43.4,20.93M,0.25%
04/29/2025,43.65,43.59,43.76,43.56,12.81M,0.28%
04/28/2025,43.53,43.51,43.58,43.32,11.00M,0.18%
04/25/2025,43.45,43.22,43.45,43.13,18.36M,-0.18%
04/24/2025,43.53,43.15,43.58,43.1,28.84M,1.16%
04/23/2025,43.03,43.29,43.52,42.98,24.79M,1.15%
04/22/2025,42.54,42.38,42.83,42.34,25.72M,1.50%
04/21/2025,41.91,42.17,42.22,41.61,16.44M,-0.02%
04/17/2025,41.92,42.06,42.23,41.88,23.26M,0.77%
04/16/2025,41.6,41.79,42.03,41.43,19.98M,-1.16%
04/15/2025,42.09,42.2,42.35,42.08,18.08M,-0.09%
04/14/2025,42.13,42.03,42.38,41.86,22.55M,0.91%
04/11/25,41.75,41.12,41.81,40.97,43.96M,3.14%
04/10/25,40.48,40.83,40.88,39.83,44.48M,-1.72%
04/09/25,41.19,38.74,41.33,38.46,71.10M,6.93%
04/08/25,38.52,40.22,40.25,38.19,57.88M,-1.41%
04/07/25,39.07,38.84,40.54,38.57,87.72M,-3.72%
04/04/25,40.58,41.35,41.48,40.14,75.85M,-5.56%
04/03/25,42.97,42.98,43.29,42.96,27.00M,-2.12%
04/02/25,43.9,43.72,44.04,43.71,18.07M,0.14%
04/01/25,43.84,43.65,43.96,43.51,21.53M,0.32%
03/31/2025,43.7,43.31,43.74,43.15,25.64M,-0.16%
03/28/2025,43.77,44.17,44.22,43.7,27.87M,-1.86%
03/27/2025,44.6,44.42,44.76,44.42,15.75M,0.50%
03/26/2025,44.38,44.62,44.68,44.32,22.05M,-0.60%
03/25/2025,44.65,44.74,44.85,44.61,29.54M,-0.29%
03/24/2025,44.78,44.75,44.9,44.66,20.48M,0.45%
03/21/2025,44.58,44.44,44.65,44.4,19.40M,-0.49%
03/20/2025,44.8,44.6,44.87,44.53,25.18M,-0.93%
03/19/2025,45.22,45.29,45.38,45,31.66M,0.24%
03/18/2025,45.11,45.25,45.28,44.94,19.97M,-0.51%
03/17/2025,45.34,44.74,45.4,44.74,37.71M,1.70%
03/14/2025,44.58,44.31,44.59,44.26,21.86M,1.83%
03/13/2025,43.78,43.52,43.91,43.49,17.87M,-0.41%
03/12/25,43.96,43.91,44.02,43.63,17.73M,0.55%
03/11/25,43.72,43.73,43.95,43.42,21.18M,0.83%
03/10/25,43.36,43.75,43.88,43.09,29.50M,-2.39%
03/07/25,44.42,44.34,44.54,44.01,23.47M,0.50%
03/06/25,44.2,44.45,44.63,44.15,33.54M,-0.63%
03/05/25,44.48,43.96,44.54,43.83,47.76M,2.99%
03/04/25,43.19,42.98,43.56,42.71,30.08M,0.84%
03/03/25,42.83,43.46,43.6,42.68,45.59M,-0.88%
02/28/2025,43.21,43.05,43.26,42.86,52.40M,-1.37%
02/27/2025,43.81,44.3,44.4,43.78,30.52M,-1.95%
02/26/2025,44.68,44.75,44.99,44.57,25.17M,0.99%
02/25/2025,44.24,44.35,44.37,44.06,19.96M,0.07%
02/24/2025,44.21,44.65,44.66,44.19,38.31M,-1.54%
02/21/2025,44.9,45.26,45.42,44.74,33.97M,-0.29%
02/20/2025,45.03,44.95,45.22,44.79,29.21M,0.92%
02/19/2025,44.62,44.65,44.69,44.52,20.28M,-0.16%
02/18/2025,44.69,44.76,44.79,44.59,23.04M,0.63%
02/14/2025,44.41,44.36,44.41,44.19,24.33M,0.77%
02/13/2025,44.07,43.49,44.07,43.48,22.84M,0.64%
02/12/25,43.79,43.49,43.94,43.38,19.99M,0.55%
02/11/25,43.55,43.42,43.65,43.35,19.60M,-0.39%
02/10/25,43.72,43.62,43.72,43.51,19.60M,1.20%
02/07/25,43.2,43.62,43.72,43.16,32.80M,-0.09%
02/06/25,43.24,43.2,43.26,43.11,19.37M,0.42%
02/05/25,43.06,43.01,43.17,42.95,21.83M,-0.25%
02/04/25,43.17,42.94,43.31,42.88,26.99M,1.79%
02/03/25,42.41,42.02,42.67,41.97,37.51M,-0.73%
01/31/2025,42.72,43.22,43.32,42.65,29.99M,-1.13%
01/30/2025,43.21,42.82,43.34,42.79,30.45M,1.69%
01/29/2025,42.49,42.73,42.82,42.44,24.92M,0.02%
01/28/2025,42.48,42.24,42.5,41.99,22.44M,0.74%
01/27/2025,42.17,42.2,42.31,42.08,25.96M,-1.82%
01/24/2025,42.95,42.91,43.05,42.75,20.96M,0.66%
01/23/2025,42.67,42.48,42.71,42.4,15.21M,0.23%
01/22/2025,42.57,42.6,42.68,42.45,16.89M,0.07%
01/21/2025,42.54,42.46,42.6,42.29,16.73M,1.07%
01/17/2025,42.09,41.96,42.38,41.9,30.69M,0.79%
01/16/2025,41.76,41.94,41.95,41.75,17.71M,-0.12%
01/15/2025,41.81,41.71,41.83,41.62,22.56M,1.31%
01/14/2025,41.27,41.34,41.39,41.14,23.44M,1.13%
01/13/2025,40.81,40.63,40.83,40.61,28.15M,-0.68%
01/10/25,41.09,41.27,41.27,41.01,42.20M,-1.70%
01/08/25,41.8,41.74,41.85,41.61,20.26M,-0.48%
01/07/25,42,42.46,42.47,41.96,30.91M,-0.71%
01/06/25,42.3,42.6,42.73,42.28,26.20M,0.36%
01/03/25,42.15,42.08,42.19,41.96,17.71M,0.93%
01/02/25,41.76,41.87,41.99,41.67,25.29M,-0.14%
12/31/2024,41.82,41.94,42.04,41.78,40.52M,-0.33%
12/30/2024,41.96,42.04,42.09,41.84,25.06M,-0.80%
12/27/2024,42.3,42.23,42.33,42.11,22.67M,-0.45%
12/26/2024,42.49,42.36,42.58,42.34,16.15M,-0.35%
12/24/2024,42.64,42.51,42.67,42.46,7.07M,0.31%
12/23/2024,42.51,42.28,42.55,42.21,17.96M,0.57%
12/20/2024,42.27,41.96,42.49,41.92,25.51M,0.40%
12/19/2024,42.1,42.37,42.41,42.1,31.15M,0.33%
12/18/2024,41.96,42.9,43.01,41.88,33.25M,-2.33%
12/17/2024,42.96,42.72,43.01,42.69,30.22M,-1.90%
12/16/2024,43.79,43.83,43.96,43.78,32.26M,-0.55%
12/13/2024,44.03,44.1,44.11,43.88,19.38M,0.09%
12/12/24,43.99,44.06,44.22,43.93,17.66M,-0.50%
12/11/24,44.21,44.13,44.24,43.99,20.41M,0.41%
12/10/24,44.03,44.28,44.32,44,26.98M,-1.61%
12/09/24,44.75,44.79,45.1,44.73,34.84M,2.05%
12/06/24,43.85,44.03,44.06,43.79,13.14M,-0.16%
12/05/24,43.92,43.85,43.97,43.83,23.74M,0.66%
12/04/24,43.63,43.66,43.7,43.49,21.34M,0.25%
12/03/24,43.52,43.26,43.55,43.1,49.46M,0.21%
12/02/24,43.43,43.36,43.49,43.21,16.51M,0.39%
11/29/2024,43.26,42.81,43.3,42.79,17.37M,0.16%
11/27/2024,43.19,43.39,43.44,43.03,17.92M,0.14%
11/26/2024,43.13,43.31,43.32,43.08,19.12M,-0.42%
11/25/2024,43.31,43.46,43.48,43.19,18.86M,0.07%
11/22/2024,43.28,43.11,43.29,43.1,14.10M,0.02%
11/21/2024,43.27,43.22,43.31,43.07,16.09M,-0.21%
11/20/2024,43.36,43.35,43.38,43.13,18.36M,-0.12%
11/19/2024,43.41,43.3,43.51,43.27,16.62M,-0.07%
11/18/2024,43.44,43.16,43.46,43.16,27.79M,1.14%
11/15/2024,42.95,43.09,43.12,42.85,29.13M,0.00%
11/14/2024,42.95,43.13,43.23,42.94,34.44M,-0.56%
11/13/2024,43.19,43.51,43.53,43.12,26.59M,-0.64%
11/12/24,43.47,43.69,43.73,43.33,33.95M,-1.90%
11/11/24,44.31,44.48,44.5,44.17,21.34M,-0.76%
11/08/24,44.65,45.01,45.09,44.46,44.83M,-2.47%
11/07/24,45.78,45.55,45.91,45.53,39.25M,2.21%
11/06/24,44.79,44.53,44.94,44.35,37.14M,-1.23%
11/05/24,45.35,45.23,45.41,45.19,21.40M,1.36%
11/04/24,44.74,44.94,45.08,44.72,24.67M,0.56%
11/01/24,44.49,44.78,44.91,44.48,17.53M,0.09%
10/31/2024,44.45,44.6,44.6,44.19,43.99M,-0.65%
10/30/2024,44.74,44.72,44.93,44.65,24.15M,-0.97%
10/29/2024,45.18,45.3,45.33,45.14,15.44M,-0.31%
10/28/2024,45.32,45.22,45.42,45.16,15.17M,0.44%
10/25/2024,45.12,45.31,45.46,45.05,21.43M,-0.09%
10/24/2024,45.16,45.18,45.24,44.94,16.26M,-0.15%
10/23/2024,45.23,45.34,45.47,45.06,19.82M,-0.59%
10/22/2024,45.5,45.38,45.6,45.36,19.24M,-0.22%
10/21/2024,45.6,45.54,45.71,45.34,19.61M,-0.70%
10/18/2024,45.92,46.17,46.18,45.87,30.39M,0.99%
10/17/2024,45.47,45.4,45.56,45.24,36.89M,-0.15%
10/16/2024,45.54,45.51,45.69,45.45,25.11M,0.77%
10/15/2024,45.19,45.75,45.78,45.08,31.23M,-2.12%
10/14/2024,46.17,46.01,46.43,45.89,20.42M,-0.41%
10/11/24,46.36,45.75,46.38,45.69,28.39M,0.72%
10/10/24,46.03,46.02,46.13,45.63,18.05M,0.20%
10/09/24,45.94,45.58,46.06,45.53,35.40M,-0.54%
10/08/24,46.19,46.14,46.28,45.78,47.82M,-2.47%
10/07/24,47.36,47.3,47.44,47.02,42.20M,0.83%
10/04/24,46.97,46.88,46.99,46.67,29.48M,0.92%
10/03/24,46.54,46.25,46.72,46.2,31.20M,-1.19%
10/02/24,47.1,47.1,47.15,46.73,55.79M,1.97%
10/01/24,46.19,46.1,46.21,45.59,38.65M,0.72%
09/30/2024,45.86,46.35,46.38,45.74,61.40M,-1.61%
09/27/2024,46.61,46.67,46.94,46.53,51.54M,-0.19%
09/26/2024,46.7,46.72,46.88,46.3,80.88M,3.66%
09/25/2024,45.05,45.25,45.37,45.02,41.97M,-1.05%
09/24/2024,45.53,45.15,45.64,44.99,64.47M,3.41%
09/23/2024,44.03,43.92,44.17,43.88,24.89M,0.78%
09/20/2024,43.69,43.81,43.85,43.54,33.04M,-0.21%
09/19/2024,43.78,43.62,43.88,43.37,41.03M,2.12%
09/18/2024,42.87,43.1,43.44,42.81,26.01M,-0.35%
09/17/2024,43.02,43.19,43.22,42.91,20.62M,0.12%
09/16/2024,42.97,42.99,43.01,42.78,14.73M,0.33%
09/13/2024,42.83,42.77,42.9,42.75,16.88M,0.47%
09/12/24,42.63,42.37,42.64,42.26,20.00M,0.83%
09/11/24,42.28,41.9,42.3,41.56,26.25M,0.74%
09/10/24,41.97,42.05,42.05,41.69,19.70M,-0.38%
09/09/24,42.13,42.03,42.23,41.97,19.92M,0.84%
09/06/24,41.78,42.54,42.59,41.75,32.44M,-1.83%
09/05/24,42.56,42.52,42.73,42.43,22.51M,0.14%
09/04/24,42.5,42.4,42.75,42.4,24.90M,-0.02%
09/03/24,42.51,42.96,43.01,42.46,35.29M,-1.98%
08/30/2024,43.37,43.5,43.52,43.17,29.45M,0.21%
08/29/2024,43.28,43.34,43.51,43.26,15.50M,0.05%
08/28/2024,43.26,43.42,43.45,43.1,15.44M,-0.62%
08/27/2024,43.53,43.47,43.59,43.35,14.42M,0.14%
08/26/2024,43.47,43.61,43.66,43.41,18.43M,-0.84%
08/23/2024,43.84,43.55,43.92,43.44,27.85M,1.67%
08/22/2024,43.12,43.54,43.55,43.06,22.52M,-1.24%
08/21/2024,43.66,43.51,43.75,43.5,14.64M,0.39%
08/20/2024,43.49,43.7,43.71,43.38,19.23M,-0.78%
08/19/2024,43.83,43.63,43.91,43.57,26.72M,0.97%
08/16/2024,43.41,43.16,43.42,43.14,31.46M,1.17%
08/15/2024,42.91,42.65,43,42.57,26.91M,1.11%
08/14/2024,42.44,42.61,42.63,42.28,17.54M,-0.54%
08/13/2024,42.67,42.31,42.68,42.28,21.07M,1.11%
08/12/24,42.2,42.16,42.37,42.08,15.04M,0.33%
08/09/24,42.06,41.93,42.13,41.76,21.14M,0.55%
08/08/24,41.83,41.45,41.86,41.31,30.02M,2.27%
08/07/24,40.9,41.56,41.59,40.88,36.65M,0.62%
08/06/24,40.65,40.28,40.95,40.2,32.54M,0.57%
08/05/24,40.42,39.41,40.69,39.39,60.44M,-2.84%
08/02/24,41.6,41.53,41.67,41.37,34.96M,-1.42%
08/01/24,42.2,42.79,42.88,42.08,35.50M,-1.75%
07/31/2024,42.95,42.95,43.1,42.82,38.60M,2.19%
07/30/2024,42.03,42.25,42.26,41.89,19.19M,-0.45%
07/29/2024,42.22,42.32,42.33,42.07,14.30M,-0.33%
07/26/2024,42.36,42.28,42.46,42.19,21.39M,1.03%
07/25/2024,41.93,41.92,42.24,41.78,27.94M,-0.40%
07/24/2024,42.1,42.53,42.58,42.08,28.11M,-1.45%
07/23/2024,42.72,42.78,42.85,42.66,22.89M,-0.88%
07/22/2024,43.1,43.02,43.14,42.9,17.06M,0.84%
07/19/2024,42.74,43.01,43.07,42.74,34.59M,-0.97%
07/18/2024,43.16,43.65,43.67,43.08,42.40M,-0.94%
07/17/2024,43.57,43.75,43.82,43.54,42.63M,-1.63%
07/16/2024,44.29,44.06,44.3,44.02,19.23M,0.57%
07/15/2024,44.04,44.27,44.28,43.99,24.17M,-1.06%
07/12/24,44.51,44.47,44.64,44.46,24.80M,0.41%
07/11/24,44.33,44.54,44.58,44.21,35.66M,0.59%
07/10/24,44.07,43.98,44.08,43.89,15.33M,0.57%
07/09/24,43.82,43.73,43.88,43.67,19.37M,0.41%
07/08/24,43.64,43.74,43.81,43.61,18.69M,0.02%
07/05/24,43.63,43.62,43.65,43.31,21.34M,0.41%
07/03/24,43.45,43.1,43.47,43.1,27.23M,1.47%
07/02/24,42.82,42.54,42.84,42.52,21.59M,0.30%
07/01/24,42.69,42.86,42.92,42.62,18.81M,0.23%
06/28/2024,42.59,42.78,42.81,42.51,22.61M,0.19%
06/27/2024,42.51,42.7,42.71,42.47,24.04M,0.07%
06/26/2024,42.48,42.46,42.54,42.38,18.96M,-0.21%
06/25/2024,42.57,42.6,42.6,42.46,27.03M,-0.23%
06/24/2024,42.67,42.75,42.99,42.66,19.84M,0.00%
06/21/2024,42.67,42.73,42.82,42.65,20.43M,-0.35%
06/20/2024,42.82,43.08,43.08,42.66,43.44M,-0.16%
06/18/2024,42.89,42.6,42.97,42.6,35.68M,0.92%
06/17/2024,42.5,42.34,42.57,42.23,21.04M,0.64%
06/14/2024,42.23,42.09,42.26,42.02,18.81M,0.12%
06/13/2024,42.18,42.33,42.41,42.03,21.55M,-0.24%
06/12/24,42.28,42.41,42.53,42.19,34.68M,1.00%
06/11/24,41.86,41.8,41.86,41.61,35.76M,-1.02%
06/10/24,42.29,42.11,42.37,42.01,30.85M,0.59%
06/07/24,42.04,42.36,42.42,42.01,37.63M,-1.13%
06/06/24,42.52,42.51,42.56,42.37,26.45M,0.50%
06/05/24,42.31,42.06,42.34,41.98,28.09M,1.61%
06/04/24,41.64,41.56,41.72,41.41,38.40M,-1.40%
06/03/24,42.23,42.38,42.43,42.05,33.84M,1.05%
05/31/2024,41.79,41.8,41.82,41.46,49.61M,-0.97%
05/30/2024,42.2,42.04,42.31,42.01,20.74M,-0.28%
05/29/2024,42.32,42.36,42.4,42.24,30.80M,-1.49%
05/28/2024,42.96,43.16,43.24,42.88,21.18M,-0.14%
05/24/2024,43.02,42.97,43.13,42.94,20.99M,0.28%
05/23/2024,42.9,43.44,43.47,42.82,28.61M,-0.74%
05/22/2024,43.22,43.4,43.43,43.13,23.03M,-0.32%
05/21/2024,43.36,43.36,43.43,43.24,18.47M,-0.62%
05/20/2024,43.63,43.53,43.71,43.49,24.23M,-0.37%
05/17/2024,43.79,43.63,43.87,43.55,30.87M,0.44%
05/16/2024,43.6,43.54,43.7,43.45,27.40M,0.21%
05/15/2024,43.51,43.36,43.51,43.15,30.01M,1.07%
05/14/2024,43.05,42.86,43.07,42.84,24.30M,0.54%
05/13/2024,42.82,42.79,42.96,42.76,22.23M,0.75%
05/10/24,42.5,42.69,42.74,42.45,28.06M,0.21%
05/09/24,42.41,42.25,42.42,42.16,22.20M,0.31%
05/08/24,42.28,42,42.29,42,18.93M,0.02%
05/07/24,42.27,42.31,42.38,42.22,21.08M,-0.56%
05/06/24,42.51,42.47,42.54,42.4,19.71M,0.09%
05/03/24,42.47,42.34,42.49,42.17,31.82M,0.90%
05/02/24,42.09,41.58,42.19,41.45,48.86M,2.58%
05/01/24,41.03,41.06,41.47,40.97,34.49M,0.10%
04/30/2024,40.99,41.18,41.32,40.99,32.75M,-1.40%
04/29/2024,41.57,41.37,41.58,41.32,31.04M,0.97%
04/26/2024,41.17,41.08,41.18,41.02,24.41M,1.15%
04/25/2024,40.7,40.27,40.75,40.22,21.96M,0.22%
04/24/2024,40.61,40.72,40.75,40.48,18.12M,0.35%
04/23/2024,40.47,40.18,40.51,40.16,21.91M,0.82%
04/22/2024,40.14,39.79,40.21,39.76,25.74M,1.08%
04/19/2024,39.71,39.71,39.81,39.58,29.54M,-0.40%
04/18/2024,39.87,39.9,40.1,39.78,20.58M,0.40%
04/17/2024,39.71,39.95,39.97,39.59,26.02M,-0.08%
04/16/2024,39.74,39.73,39.92,39.62,43.71M,-1.32%
04/15/2024,40.27,40.77,40.77,40.2,31.29M,-0.64%
04/12/24,40.53,40.89,40.9,40.44,50.23M,-2.29%
04/11/24,41.48,41.53,41.55,41.22,23.65M,0.61%
04/10/24,41.23,41.29,41.34,41.06,37.28M,-1.36%
04/09/24,41.8,41.79,41.87,41.6,23.97M,0.67%
04/08/24,41.52,41.47,41.6,41.45,18.45M,0.65%
04/05/24,41.25,41.11,41.34,41.03,31.56M,0.22%
04/04/24,41.16,41.72,41.79,41.13,33.32M,-0.36%
04/03/24,41.31,41.09,41.41,41.05,33.27M,0.07%
04/02/24,41.28,41.29,41.43,41.24,22.35M,0.32%
04/01/24,41.15,41.26,41.46,41.06,20.86M,0.17%
03/28/2024,41.08,41.02,41.19,41.02,28.30M,0.37%
03/27/2024,40.93,40.84,40.93,40.74,21.82M,0.17%
03/26/2024,40.86,40.99,41.01,40.84,15.36M,-0.07%
03/25/2024,40.89,40.8,40.95,40.8,12.89M,0.07%
03/22/2024,40.86,40.9,40.96,40.79,30.36M,-0.70%
03/21/2024,41.15,41.38,41.39,41.13,27.66M,0.12%
03/20/2024,41.1,40.72,41.12,40.66,32.31M,1.13%
03/19/2024,40.64,40.58,40.72,40.42,23.85M,-0.49%
03/18/2024,40.84,41.01,41.05,40.79,23.11M,0.17%
03/15/2024,40.77,40.84,40.92,40.71,32.82M,-0.61%
03/14/2024,41.02,41.26,41.31,40.91,31.57M,-0.51%
03/13/2024,41.23,41.19,41.31,41.15,25.74M,-0.31%
03/12/24,41.36,41.25,41.38,41.07,37.39M,1.10%
03/11/24,40.91,40.9,41.05,40.87,22.76M,0.22%
03/08/24,40.82,40.99,41.12,40.76,30.34M,-0.10%
03/07/24,40.86,40.67,40.89,40.59,26.92M,0.62%
03/06/24,40.61,40.64,40.77,40.55,45.88M,1.45%
03/05/24,40.03,40.19,40.29,39.96,32.92M,-0.89%
03/04/24,40.39,40.54,40.54,40.33,38.14M,-0.22%
03/01/24,40.48,40.28,40.56,40.19,35.48M,1.23%
02/29/2024,39.99,40.18,40.19,39.93,43.97M,0.05%
02/28/2024,39.97,40.12,40.13,39.9,31.29M,-1.31%
02/27/2024,40.5,40.53,40.56,40.45,21.21M,0.20%
02/26/2024,40.42,40.38,40.49,40.35,23.80M,-0.44%
02/23/2024,40.6,40.59,40.66,40.46,37.97M,-0.05%
02/22/2024,40.62,40.57,40.66,40.43,32.55M,1.02%
02/21/2024,40.21,40.22,40.33,40.08,29.08M,0.17%
02/20/2024,40.14,40.24,40.32,40.04,32.49M,0.15%
02/16/2024,40.08,40.05,40.21,39.99,36.73M,0.48%
02/15/2024,39.89,39.73,39.91,39.71,27.27M,0.48%
02/14/2024,39.7,39.61,39.74,39.53,28.92M,1.43%
02/13/2024,39.14,39.38,39.53,38.95,42.25M,-1.88%
02/12/24,39.89,39.64,40.1,39.63,33.03M,0.78%
02/09/24,39.58,39.46,39.64,39.25,22.42M,0.43%
02/08/24,39.41,39.46,39.5,39.3,23.49M,-0.56%
02/07/24,39.63,39.5,39.68,39.47,22.27M,0.13%
02/06/24,39.58,39.31,39.6,39.23,41.29M,2.27%
02/05/24,38.7,38.55,38.8,38.49,26.93M,0.13%
02/02/24,38.65,38.59,38.69,38.45,29.80M,-0.28%
02/01/24,38.76,38.62,38.78,38.53,22.05M,0.96%
01/31/2024,38.39,38.46,38.72,38.26,37.69M,-0.54%
01/30/2024,38.6,38.49,38.61,38.41,22.93M,-0.80%
01/29/2024,38.91,39,39.01,38.7,24.13M,0.05%
01/26/2024,38.89,38.82,39,38.79,21.03M,0.08%
01/25/2024,38.86,38.97,39.02,38.74,23.16M,0.13%
01/24/2024,38.81,39.07,39.09,38.77,38.22M,1.12%
01/23/2024,38.38,38.21,38.43,38.19,34.71M,0.87%
01/22/2024,38.05,37.95,38.15,37.91,25.75M,-0.89%
01/19/2024,38.39,38.08,38.42,37.94,31.37M,1.05%
01/18/2024,37.99,37.97,38.03,37.83,31.88M,0.82%
01/17/2024,37.68,37.5,37.7,37.48,50.59M,-1.49%
01/16/2024,38.25,38.51,38.53,38.19,44.48M,-2.42%
01/12/24,39.2,39.34,39.5,39.17,21.61M,0.36%
01/11/24,39.06,39.11,39.17,38.78,24.68M,0.41%
01/10/24,38.9,38.94,38.97,38.81,20.15M,-0.23%
01/09/24,38.99,38.98,39.08,38.91,31.34M,-1.42%
01/08/24,39.55,39.17,39.56,39.13,16.21M,0.28%
01/05/24,39.44,39.45,39.71,39.38,21.88M,0.13%
01/04/24,39.39,39.39,39.6,39.38,20.39M,-0.33%
01/03/24,39.52,39.33,39.65,39.31,32.22M,-0.55%
01/02/24,39.74,39.83,39.95,39.65,20.84M,-1.17%
12/29/2023,40.21,40.2,40.42,40.17,48.76M,-0.05%
12/28/2023,40.23,40.28,40.44,40.22,36.66M,0.78%
12/27/2023,39.92,39.89,39.98,39.82,30.12M,0.58%
12/26/2023,39.69,39.7,39.77,39.58,16.17M,0.79%
12/22/2023,39.38,39.26,39.46,39.22,17.08M,-0.48%
12/21/2023,39.57,39.38,39.6,39.31,33.40M,1.88%
12/20/2023,38.84,39.29,39.35,38.79,44.77M,-3.62%
12/19/2023,40.3,40.13,40.36,40.1,33.69M,0.85%
12/18/2023,39.96,39.95,39.99,39.78,37.42M,-0.05%
12/15/2023,39.98,40.18,40.28,39.98,37.11M,-0.60%
12/14/2023,40.22,39.9,40.28,39.9,52.00M,1.46%
12/13/2023,39.64,39.02,39.66,38.83,42.61M,0.99%
12/12/23,39.25,39.12,39.26,38.94,20.28M,0.03%
12/11/23,39.24,39.01,39.25,38.96,20.43M,0.59%
12/08/23,39.01,38.93,39.14,38.85,25.20M,-0.43%
12/07/23,39.18,39.12,39.2,39,19.74M,0.49%
12/06/23,38.99,39.28,39.3,38.98,23.07M,-0.13%
12/05/23,39.04,38.93,39.09,38.84,25.46M,-0.61%
12/04/23,39.28,39.42,39.5,39.19,28.07M,-1.13%
12/01/23,39.73,39.29,39.73,39.21,27.14M,0.43%
11/30/2023,39.56,39.57,39.61,39.29,30.48M,0.20%
11/29/2023,39.48,39.51,39.72,39.44,26.05M,-0.58%
11/28/2023,39.71,39.56,39.78,39.49,35.01M,0.84%
11/27/2023,39.38,39.37,39.42,39.27,22.93M,-0.40%
11/24/2023,39.54,39.36,39.57,39.33,11.37M,0.05%
11/22/2023,39.52,39.55,39.64,39.38,20.01M,-0.20%
11/21/2023,39.6,39.75,39.83,39.52,20.93M,-0.63%
11/20/2023,39.85,39.54,39.92,39.52,35.80M,1.24%
11/17/2023,39.36,39.32,39.43,39.24,28.46M,0.13%
11/16/2023,39.31,39.24,39.49,39.14,22.87M,-0.96%
11/15/2023,39.69,39.69,39.91,39.6,43.28M,0.84%
11/14/2023,39.36,38.92,39.42,38.91,66.04M,2.66%
11/13/2023,38.34,38.22,38.49,38.14,23.44M,-0.03%
11/10/23,38.35,38.08,38.35,38.01,18.54M,0.71%
11/09/23,38.08,38.42,38.53,38.03,25.63M,-0.94%
11/08/23,38.44,38.47,38.62,38.36,18.96M,-0.67%
11/07/23,38.7,38.53,38.72,38.35,18.22M,-0.18%
11/06/23,38.77,38.96,38.99,38.72,32.35M,0.81%
11/03/23,38.46,38.19,38.54,38.17,41.74M,2.04%
11/02/23,37.69,37.59,37.72,37.47,33.66M,1.75%
11/01/23,37.04,36.69,37.06,36.65,27.88M,0.93%
10/31/2023,36.7,36.61,36.72,36.41,37.73M,-0.57%
10/30/2023,36.91,37.1,37.15,36.78,30.51M,1.04%
10/27/2023,36.53,36.89,36.95,36.47,34.22M,-0.08%
10/26/2023,36.56,36.47,36.65,36.4,28.42M,-0.49%
10/25/2023,36.74,36.85,37,36.7,25.27M,-1.32%
10/24/2023,37.23,36.89,37.3,36.89,33.96M,1.28%
10/23/2023,36.76,36.52,36.9,36.38,34.57M,-0.08%
10/20/2023,36.79,36.92,37.05,36.76,39.07M,-1.21%
10/19/2023,37.24,37.35,37.55,37.22,28.40M,-0.59%
10/18/2023,37.46,37.68,37.73,37.4,29.85M,-1.52%
10/17/2023,38.04,37.83,38.22,37.82,24.25M,-0.26%
10/16/2023,38.14,37.86,38.22,37.81,21.12M,0.74%
10/13/2023,37.86,38.03,38.16,37.77,26.19M,-0.37%
10/12/23,38,38.51,38.53,37.9,36.02M,-1.12%
10/11/23,38.43,38.47,38.57,38.27,24.58M,0.63%
10/10/23,38.19,37.9,38.25,37.87,35.19M,1.43%
10/09/23,37.65,37.32,37.66,37.26,21.80M,-0.48%
10/06/23,37.83,37.28,37.92,37.22,33.74M,1.45%
10/05/23,37.29,37.16,37.32,37.03,27.73M,0.38%
10/04/23,37.15,37.19,37.26,37.02,36.17M,-0.30%
10/03/23,37.26,37.4,37.55,37.2,52.95M,-1.32%
10/02/23,37.76,37.88,37.93,37.66,30.53M,-0.50%
09/29/2023,37.95,38.33,38.33,37.88,41.78M,0.08%
09/28/2023,37.92,37.65,37.96,37.58,31.43M,0.26%
09/27/2023,37.82,37.95,37.97,37.63,27.72M,0.16%
09/26/2023,37.76,37.92,38.03,37.73,39.43M,-1.41%
09/25/2023,38.3,38.15,38.34,38.15,29.05M,-0.44%
09/22/2023,38.47,38.64,38.71,38.44,40.01M,1.18%
09/21/2023,38.02,38.1,38.2,38.01,33.92M,-1.73%
09/20/2023,38.69,38.96,39.11,38.69,24.53M,-0.41%
09/19/2023,38.85,38.91,38.98,38.77,17.40M,-0.59%
09/18/2023,39.08,39.01,39.1,38.9,22.97M,-0.13%
09/15/2023,39.13,39.29,39.35,39.09,32.98M,-0.38%
09/14/2023,39.28,39.25,39.38,39.13,22.61M,0.67%
09/13/2023,39.02,39.03,39.15,38.95,20.71M,-0.13%
09/12/23,39.07,38.9,39.19,38.89,26.26M,-0.31%
09/11/23,39.19,39.14,39.21,38.99,20.75M,1.24%
09/08/23,38.71,38.74,38.83,38.65,15.13M,0.21%
09/07/23,38.63,38.7,38.73,38.55,23.91M,-1.18%
09/06/23,39.09,39.22,39.42,39.03,29.12M,-0.56%
09/05/23,39.31,39.42,39.46,39.27,23.57M,-0.81%
09/01/23,39.63,39.71,39.83,39.54,26.15M,1.17%
08/31/2023,39.17,39.37,39.39,39.11,35.42M,-1.24%
08/30/2023,39.66,39.57,39.77,39.55,16.16M,-0.33%
08/29/2023,39.79,39.4,39.82,39.29,30.24M,1.27%
08/28/2023,39.29,39.19,39.33,39.12,21.43M,0.98%
08/25/2023,38.91,38.88,38.99,38.58,20.15M,0.10%
08/24/2023,38.87,39.16,39.24,38.86,25.78M,-0.38%
08/23/2023,39.02,38.7,39.07,38.68,27.64M,1.59%
08/22/2023,38.41,38.64,38.68,38.35,26.69M,-0.21%
08/21/2023,38.49,38.34,38.52,38.27,24.33M,0.23%
08/18/2023,38.4,38.26,38.48,38.21,33.91M,-0.67%
08/17/2023,38.66,39.05,39.07,38.63,35.54M,0.23%
08/16/2023,38.57,38.7,38.89,38.56,37.60M,-0.90%
08/15/2023,38.92,39.18,39.18,38.87,31.84M,-1.14%
08/14/2023,39.37,39.18,39.45,39.04,25.51M,-0.48%
08/11/23,39.56,39.7,39.73,39.46,32.30M,-1.47%
08/10/23,40.15,40.38,40.69,40.08,26.32M,0.15%
08/09/23,40.09,40.25,40.28,39.93,27.94M,0.25%
08/08/23,39.99,39.87,40,39.67,22.60M,-1.21%
08/07/23,40.48,40.65,40.65,40.31,19.42M,-0.15%
08/04/23,40.54,40.7,40.92,40.49,29.25M,-0.12%
08/03/23,40.59,40.48,40.74,40.44,20.90M,0.40%
08/02/23,40.43,40.75,40.75,40.34,35.59M,-2.39%
08/01/23,41.42,41.61,41.65,41.37,34.64M,-1.26%
07/31/2023,41.95,41.79,42,41.72,28.03M,0.05%
07/28/2023,41.93,41.74,41.96,41.67,34.53M,2.42%
07/27/2023,40.94,41.48,41.51,40.9,37.55M,-1.23%
07/26/2023,41.45,41.03,41.57,41.01,34.96M,0.58%
07/25/2023,41.21,41.37,41.4,41.19,32.44M,0.83%
07/24/2023,40.87,40.46,41.02,40.42,47.12M,1.36%
07/21/2023,40.32,40.49,40.53,40.29,21.62M,-0.15%
07/20/2023,40.38,40.5,40.6,40.31,31.23M,-0.74%
07/19/2023,40.68,40.82,40.99,40.63,26.94M,-0.20%
07/18/2023,40.76,40.83,40.92,40.64,29.38M,-0.73%
07/17/2023,41.06,40.84,41.07,40.67,25.78M,0.12%
07/14/2023,41.01,41.14,41.15,40.98,26.72M,-0.56%
07/13/2023,41.24,40.93,41.32,40.91,44.06M,1.30%
07/12/23,40.71,40.43,40.74,40.41,61.02M,2.24%
07/11/23,39.82,39.66,39.84,39.49,19.62M,1.01%
07/10/23,39.42,39.15,39.44,39.14,22.27M,0.08%
07/07/23,39.39,39.08,39.6,39.07,21.52M,1.13%
07/06/23,38.95,39.17,39.23,38.81,36.35M,-2.04%
07/05/23,39.76,39.83,39.85,39.69,15.85M,-0.60%
07/03/23,40,40.01,40.21,39.95,15.42M,1.11%
06/30/2023,39.56,39.56,39.72,39.47,23.37M,0.79%
06/29/2023,39.25,39.16,39.28,39.15,23.28M,-0.53%
06/28/2023,39.46,39.39,39.51,39.29,21.63M,-0.60%
06/27/2023,39.7,39.62,39.72,39.52,21.80M,1.02%
06/26/2023,39.3,39.33,39.48,39.26,18.30M,0.33%
06/23/2023,39.17,39.23,39.23,39.06,26.32M,-1.46%
06/22/2023,39.75,39.64,39.8,39.58,22.80M,-0.35%
06/21/2023,39.89,39.86,39.96,39.74,20.77M,-0.47%
06/20/2023,40.08,40.29,40.35,39.96,50.48M,-1.96%
06/16/2023,40.88,41.09,41.09,40.77,40.00M,-0.34%
06/15/2023,41.02,40.84,41.04,40.76,36.33M,0.94%
06/14/2023,40.64,40.35,40.73,40.33,37.90M,0.74%
06/13/2023,40.34,40.37,40.47,40.22,35.05M,1.00%
06/12/23,39.94,39.88,39.99,39.82,25.27M,0.20%
06/09/23,39.86,39.83,40.05,39.82,22.20M,0.45%
06/08/23,39.68,39.43,39.72,39.42,26.89M,0.71%
06/07/23,39.4,39.56,39.76,39.34,44.31M,-1.20%
06/06/23,39.88,39.45,39.93,39.41,35.45M,0.89%
06/05/23,39.53,39.43,39.55,39.35,19.15M,-0.03%
06/02/23,39.54,39.5,39.64,39.49,53.72M,1.72%
06/01/23,38.87,38.25,38.89,38.23,32.88M,1.78%
05/31/2023,38.19,38.24,38.25,37.9,35.92M,-0.93%
05/30/2023,38.55,38.9,38.91,38.44,25.54M,-1.15%
05/26/2023,39,38.66,39.07,38.66,24.94M,1.77%
05/25/2023,38.32,38.51,38.51,38.25,28.49M,-0.21%
05/24/2023,38.4,38.65,38.67,38.38,31.56M,-0.75%
05/23/2023,38.69,38.95,39.05,38.67,43.84M,-1.55%
05/22/2023,39.3,39.26,39.47,39.26,30.25M,0.82%
05/19/2023,38.98,39.05,39.09,38.9,26.85M,0.08%
05/18/2023,38.95,39.01,39.03,38.78,30.38M,-0.54%
05/17/2023,39.16,38.98,39.21,38.9,24.36M,0.46%
05/16/2023,38.98,38.99,39.15,38.96,24.89M,-0.71%
05/15/2023,39.26,38.96,39.31,38.84,28.91M,1.84%
05/12/23,38.55,38.74,38.75,38.47,32.79M,-1.18%
05/11/23,39.01,38.81,39.02,38.7,34.62M,-0.36%
05/10/23,39.15,39.13,39.26,38.94,22.41M,-0.05%
05/09/23,39.17,39.01,39.2,38.97,17.29M,-0.61%
05/08/23,39.41,39.53,39.55,39.33,19.72M,0.05%
05/05/23,39.39,39.05,39.42,38.99,18.25M,1.34%
05/04/23,38.87,38.88,39,38.78,29.42M,0.80%
05/03/23,38.56,38.66,38.82,38.53,18.83M,-0.16%
05/02/23,38.62,38.85,38.85,38.48,24.04M,-0.97%
05/01/23,39,38.97,39.26,38.95,16.80M,-0.33%
04/28/2023,39.13,38.94,39.16,38.92,22.48M,0.51%
04/27/2023,38.93,38.63,38.98,38.59,23.50M,1.35%
04/26/2023,38.41,38.66,38.69,38.38,45.52M,0.58%
04/25/2023,38.19,38.4,38.43,38.13,31.10M,-1.88%
04/24/2023,38.92,38.92,38.98,38.79,19.96M,-0.23%
04/21/2023,39.01,39.04,39.06,38.79,26.63M,-0.94%
04/20/2023,39.38,39.39,39.62,39.26,29.76M,-0.15%
04/19/2023,39.44,39.38,39.49,39.3,25.85M,-1.00%
04/18/2023,39.84,39.96,40.01,39.74,23.99M,-0.13%
04/17/2023,39.89,39.88,39.95,39.73,26.17M,0.43%
04/14/2023,39.72,39.75,39.92,39.53,26.67M,-0.53%
04/13/2023,39.93,39.85,40,39.81,28.75M,1.37%
04/12/23,39.39,39.8,39.83,39.31,29.88M,-0.71%
04/11/23,39.67,39.77,39.84,39.65,23.18M,0.61%
04/10/23,39.43,39.27,39.44,39.2,20.27M,0.10%
04/06/23,39.39,39.14,39.47,39.03,22.28M,0.41%
04/05/23,39.23,39.46,39.49,39.08,35.79M,-0.78%
04/04/23,39.54,39.47,39.57,39.35,31.52M,0.00%
04/03/23,39.54,39.44,39.57,39.32,19.64M,0.20%
03/31/2023,39.46,39.51,39.62,39.32,36.17M,-0.13%
03/30/2023,39.51,39.46,39.61,39.35,32.98M,1.00%
03/29/2023,39.12,39,39.18,38.9,32.17M,0.28%
03/28/2023,39.01,38.8,39.01,38.76,43.71M,1.43%
03/27/2023,38.46,38.4,38.49,38.26,36.65M,-0.54%
03/24/2023,38.67,38.46,38.68,38.39,28.05M,-0.26%
03/23/2023,38.77,38.97,39.21,38.58,39.62M,1.39%
03/22/2023,38.24,38.37,38.81,38.22,40.38M,0.39%
03/21/2023,38.09,38.04,38.19,37.89,27.67M,0.90%
03/20/2023,37.75,37.53,37.83,37.44,28.30M,0.37%
03/17/2023,37.61,37.81,37.87,37.48,40.17M,-0.61%
03/16/2023,37.84,37.21,37.86,37.15,39.89M,1.53%
03/15/2023,37.27,37.09,37.28,36.9,53.22M,-1.71%
03/14/2023,37.92,37.84,38.01,37.72,36.33M,0.05%
03/13/2023,37.9,37.73,38.17,37.65,43.07M,0.16%
03/10/23,37.84,38.02,38.25,37.8,49.33M,-0.53%
03/09/23,38.04,38.51,38.58,37.96,40.12M,-2.21%
03/08/23,38.9,38.75,38.98,38.74,18.80M,0.41%
03/07/23,38.74,39.24,39.25,38.71,36.38M,-1.68%
03/06/23,39.4,39.51,39.68,39.39,26.01M,-0.35%
03/03/23,39.54,39.32,39.58,39.27,20.68M,0.89%
03/02/23,39.19,38.87,39.29,38.8,28.95M,0.36%
03/01/23,39.05,39.17,39.21,38.97,39.60M,2.14%
02/28/2023,38.23,38.36,38.52,38.19,39.67M,-0.70%
02/27/2023,38.5,38.53,38.6,38.42,24.34M,0.52%
02/24/2023,38.3,38.31,38.49,38.15,48.60M,-2.25%
02/23/2023,39.18,39.49,39.56,38.93,28.55M,0.49%
02/22/2023,38.99,39.07,39.2,38.87,37.04M,-0.48%
02/21/2023,39.18,39.4,39.62,39.17,33.98M,-1.26%
02/17/2023,39.68,39.67,39.78,39.52,35.13M,-1.10%
02/16/2023,40.12,39.92,40.31,39.81,29.72M,0.02%
02/15/2023,40.11,39.84,40.11,39.77,31.11M,-0.84%
02/14/2023,40.45,40.23,40.64,40.1,21.66M,-0.17%
02/13/2023,40.52,40.33,40.6,40.24,20.91M,0.82%
02/10/23,40.19,40.35,40.37,40.06,34.46M,-0.96%
02/09/23,40.58,40.96,41,40.44,27.08M,0.47%
02/08/23,40.39,40.54,40.6,40.22,38.26M,-0.12%
02/07/23,40.44,40.34,40.6,40.05,31.94M,0.40%
02/06/23,40.28,40.15,40.36,40,41.47M,-1.47%
02/03/23,40.88,41.11,41.4,40.78,42.34M,-1.78%
02/02/23,41.62,41.87,41.9,41.42,45.94M,-0.60%
02/01/23,41.87,41.55,42.03,41.26,51.81M,1.23%
01/31/2023,41.36,41.09,41.36,41.01,43.20M,-0.22%
01/30/2023,41.45,41.63,41.82,41.43,38.60M,-2.01%
01/27/2023,42.3,42.36,42.38,42.1,36.99M,-0.47%
01/26/2023,42.5,42.44,42.53,42.21,28.72M,0.95%
01/25/2023,42.1,41.84,42.1,41.61,30.33M,0.10%
01/24/2023,42.06,41.87,42.08,41.81,34.71M,0.07%
01/23/2023,42.03,41.79,42.23,41.76,38.25M,0.72%
01/20/2023,41.73,41.39,41.73,41.26,42.85M,1.53%
01/19/2023,41.1,40.96,41.25,40.94,33.83M,0.76%
01/18/2023,40.79,41.43,41.48,40.77,54.86M,-0.68%
01/17/2023,41.07,41.02,41.12,40.9,41.02M,-0.56%
01/13/2023,41.3,40.98,41.33,40.97,32.84M,0.66%
01/12/23,41.03,40.89,41.12,40.5,42.09M,0.49%
01/11/23,40.83,40.59,40.84,40.52,41.85M,0.42%
01/10/23,40.66,40.48,40.67,40.28,34.94M,0.72%
01/09/23,40.37,40.55,40.68,40.35,59.97M,0.75%
01/06/23,40.07,39.5,40.09,39.26,49.06M,2.09%
01/05/23,39.25,38.99,39.33,38.98,25.18M,-0.30%
01/04/23,39.37,38.9,39.41,38.68,57.04M,3.01%
01/03/23,38.22,38.34,38.63,38.11,35.56M,0.84%
12/30/2022,37.9,38.14,38.31,37.76,38.30M,-1.38%
12/29/2022,38.43,38.23,38.49,38.18,27.09M,1.67%
12/28/2022,37.8,38.26,38.3,37.78,31.81M,-1.46%
12/27/2022,38.36,38.13,38.56,38.08,42.34M,1.48%
12/23/2022,37.8,37.79,37.91,37.61,19.54M,-0.13%
12/22/2022,37.85,38.08,38.11,37.57,27.01M,-0.89%
12/21/2022,38.19,37.79,38.19,37.71,23.61M,0.90%
12/20/2022,37.85,37.72,38,37.69,25.69M,-0.03%
12/19/2022,37.86,38.11,38.11,37.79,23.00M,0.08%
12/16/2022,37.83,37.9,38.06,37.77,48.07M,0.29%
12/15/2022,37.72,38.32,38.45,37.69,48.08M,-2.31%
12/14/2022,38.61,38.6,38.8,38.31,62.30M,0.05%
12/13/2022,38.59,39.11,39.21,38.51,60.89M,-0.80%
12/12/22,38.9,38.88,38.9,38.56,41.52M,-0.31%
12/09/22,39.02,39.35,39.41,39.02,48.74M,-0.66%
12/08/22,39.28,39.19,39.4,39.06,41.14M,1.21%
12/07/22,38.81,38.75,38.96,38.68,46.26M,-0.59%
12/06/22,39.04,39.24,39.29,38.94,31.56M,-0.13%
12/05/22,39.09,39.53,39.55,38.99,62.27M,-1.14%
12/02/22,39.54,39.01,39.66,39.01,47.59M,0.38%
12/01/22,39.39,39.63,39.71,39.25,50.20M,-0.33%
11/30/2022,39.52,39.24,39.68,38.98,103.40M,2.89%
11/29/2022,38.41,38.4,38.58,38.31,50.91M,2.15%
11/28/2022,37.6,37.59,38,37.59,45.02M,-0.45%
11/25/2022,37.77,37.84,37.88,37.74,19.99M,-0.47%
11/23/2022,37.95,37.69,37.97,37.68,43.49M,0.82%
11/22/2022,37.64,37.46,37.65,37.39,33.68M,0.24%
11/21/2022,37.55,37.54,37.63,37.35,29.25M,-1.26%
11/18/2022,38.03,38.14,38.15,37.85,45.04M,-0.58%
11/17/2022,38.25,37.49,38.3,37.48,56.47M,0.18%
11/16/2022,38.18,38.47,38.51,38.12,49.38M,-1.60%
11/15/2022,38.8,39.12,39.16,38.54,77.07M,2.29%
11/14/2022,37.93,37.95,38.2,37.78,42.16M,-0.60%
11/11/22,38.16,37.87,38.21,37.78,52.27M,2.72%
11/10/22,37.15,36.82,37.18,36.67,53.99M,3.63%
11/09/22,35.85,36.21,36.38,35.8,34.15M,-1.73%
11/08/22,36.48,36.29,36.67,36.16,36.28M,0.72%
11/07/22,36.22,36.43,36.51,36.09,38.40M,0.06%
11/04/22,36.2,36.03,36.2,35.67,70.53M,4.23%
11/03/22,34.73,34.3,34.84,34.28,38.32M,0.58%
11/02/22,34.53,34.9,35.32,34.5,47.65M,-0.83%
11/01/22,34.82,35.1,35.15,34.69,50.93M,1.84%
10/31/2022,34.19,33.92,34.27,33.92,44.11M,-0.29%
10/28/2022,34.29,34.03,34.33,33.95,46.30M,-0.61%
10/27/2022,34.5,34.53,34.85,34.46,34.23M,-0.78%
10/26/2022,34.77,34.31,35.08,34.31,37.98M,1.64%
10/25/2022,34.21,33.98,34.28,33.95,31.87M,0.83%
10/24/2022,33.93,33.97,34.01,33.49,55.05M,-3.80%
10/21/2022,35.27,34.66,35.31,34.53,43.88M,1.53%
10/20/2022,34.74,34.77,35.28,34.7,44.24M,0.64%
10/19/2022,34.52,34.61,34.81,34.39,31.39M,-1.82%
10/18/2022,35.16,35.49,35.56,34.9,33.91M,0.03%
10/17/2022,35.15,34.91,35.27,34.91,51.12M,2.75%
10/14/2022,34.21,34.95,34.96,34.18,33.38M,-1.50%
10/13/2022,34.73,33.75,34.92,33.67,51.43M,0.29%
10/12/22,34.63,34.62,34.81,34.51,42.47M,0.12%
10/11/22,34.59,34.76,35.01,34.47,46.68M,-1.59%
10/10/22,35.15,35.42,35.44,35.02,31.11M,-1.40%
10/07/22,35.65,36.07,36.13,35.59,35.96M,-2.09%
10/06/22,36.41,36.51,36.72,36.38,29.75M,-0.60%
10/05/22,36.63,36.51,36.76,36.25,30.04M,0.05%
10/04/22,36.61,36.2,36.72,36.17,51.60M,3.27%
10/03/22,35.45,35.12,35.54,34.96,41.49M,1.63%
09/30/2022,34.88,34.92,35.25,34.85,50.08M,-0.37%
09/29/2022,35.01,35.18,35.2,34.72,43.11M,-2.23%
09/28/2022,35.81,35.27,35.9,35.19,49.95M,0.87%
09/27/2022,35.5,35.78,36.03,35.34,47.11M,-0.11%
09/26/2022,35.54,35.76,35.96,35.47,53.01M,-1.22%
09/23/2022,35.98,36.21,36.26,35.8,49.81M,-2.47%
09/22/2022,36.89,37.05,37.15,36.81,41.99M,-0.49%
09/21/2022,37.07,37.48,37.72,37.02,62.37M,-1.67%
09/20/2022,37.7,37.73,37.87,37.56,36.97M,-0.55%
09/19/2022,37.91,37.48,37.94,37.46,33.53M,0.32%
09/16/2022,37.79,37.78,37.91,37.61,67.12M,-0.92%
09/15/2022,38.14,38.27,38.52,38.07,47.62M,-1.06%
09/14/2022,38.55,38.6,38.67,38.39,37.15M,0.50%
09/13/2022,38.36,38.81,38.97,38.29,44.19M,-3.08%
09/12/22,39.58,39.37,39.64,39.27,41.79M,1.49%
09/09/22,39,38.78,39.09,38.77,26.12M,1.48%
09/08/22,38.43,38.24,38.47,38.12,55.42M,-0.54%
09/07/22,38.64,38.12,38.65,38.08,39.07M,0.89%
09/06/22,38.3,38.62,38.68,38.27,50.09M,-1.19%
09/02/22,38.76,39.05,39.22,38.67,35.92M,-0.92%
09/01/22,39.12,39.05,39.13,38.72,38.35M,-0.79%
08/31/2022,39.43,39.67,39.84,39.4,37.14M,0.36%
08/30/2022,39.29,39.89,39.9,39.14,34.51M,-1.18%
08/29/2022,39.76,39.83,40.07,39.75,22.69M,-0.62%
08/26/2022,40.01,40.92,40.96,39.97,41.08M,-1.48%
08/25/2022,40.61,40.18,40.62,40.1,44.65M,2.16%
08/24/2022,39.75,39.44,39.99,39.41,23.56M,-0.03%
08/23/2022,39.76,39.59,39.92,39.51,33.03M,0.53%
08/22/2022,39.55,39.58,39.69,39.51,26.93M,-0.88%
08/19/2022,39.9,40.08,40.12,39.78,36.04M,-1.36%
08/18/2022,40.45,40.53,40.56,40.26,30.61M,-0.57%
08/17/2022,40.68,40.65,40.88,40.56,34.21M,-0.42%
08/16/2022,40.85,40.76,40.96,40.72,20.91M,-0.02%
08/15/2022,40.86,40.69,40.94,40.65,29.73M,-0.46%
08/12/22,41.05,40.62,41.07,40.6,24.88M,1.06%
08/11/22,40.62,40.79,41.2,40.54,39.24M,0.40%
08/10/22,40.46,40.23,40.5,40.08,27.03M,1.25%
08/09/22,39.96,40.15,40.21,39.88,22.83M,-0.37%
08/08/22,40.11,40.13,40.35,40.02,39.09M,0.12%
08/05/22,40.06,39.77,40.12,39.74,28.49M,0.10%
08/04/22,40.02,40,40.14,39.86,31.87M,0.70%
08/03/22,39.74,39.49,39.82,39.33,34.94M,0.79%
08/02/22,39.43,39.27,39.85,39.18,41.01M,-0.48%
08/01/22,39.62,39.55,39.9,39.31,34.81M,-0.85%
07/29/2022,39.96,39.63,39.99,39.45,54.05M,-0.47%
07/28/2022,40.15,40.04,40.21,39.58,37.80M,0.43%
07/27/2022,39.98,39.57,40.08,39.41,37.68M,1.86%
07/26/2022,39.25,39.57,39.67,39.18,22.89M,-0.78%
07/25/2022,39.56,39.49,39.6,39.38,21.65M,0.36%
07/22/2022,39.42,39.73,39.81,39.24,25.61M,-1.00%
07/21/2022,39.82,39.5,39.84,39.43,36.81M,1.14%
07/20/2022,39.37,39.39,39.5,39.19,38.97M,-0.43%
07/19/2022,39.54,39.35,39.58,39.27,33.01M,1.65%
07/18/2022,38.9,39.24,39.44,38.84,38.98M,0.70%
07/15/2022,38.63,38.45,38.67,38.12,44.47M,0.52%
07/14/2022,38.43,38.37,38.5,38.05,43.25M,-0.90%
07/13/2022,38.78,38.3,38.99,38.3,39.42M,-0.23%
07/12/22,38.87,38.86,39.07,38.68,24.67M,-0.38%
07/11/22,39.02,39.18,39.23,38.86,52.68M,-2.67%
07/08/22,40.09,39.96,40.26,39.81,20.99M,0.00%
07/07/22,40.09,39.84,40.27,39.83,56.83M,2.01%
07/06/22,39.3,39.25,39.41,38.96,36.06M,-0.61%
07/05/22,39.54,39.03,39.54,38.87,49.45M,-0.78%
07/01/22,39.85,39.62,39.86,39.37,44.01M,-0.62%
06/30/2022,40.1,39.75,40.19,39.51,52.23M,-0.47%
06/29/2022,40.29,40.36,40.45,40.16,33.97M,-0.40%
06/28/2022,40.45,41.03,41.19,40.41,31.10M,-0.61%
06/27/2022,40.7,40.92,40.94,40.63,27.08M,0.12%
06/24/2022,40.65,40.17,40.68,40.1,41.18M,2.37%
06/23/2022,39.71,39.71,39.91,39.36,44.26M,0.30%
06/22/2022,39.59,39.48,39.85,39.41,41.34M,-1.79%
06/21/2022,40.31,40.24,40.48,40.18,35.94M,1.61%
06/17/2022,39.67,39.95,40.05,39.42,63.65M,0.38%
06/16/2022,39.52,39.55,39.72,39.26,68.04M,-3.07%
06/15/2022,40.77,40.38,41.05,40.16,67.58M,1.32%
06/14/2022,40.24,40.1,40.41,39.99,58.87M,1.39%
06/13/2022,39.69,40.06,40.3,39.52,67.65M,-3.50%
06/10/22,41.13,41.5,41.58,41.03,44.18M,-1.11%
06/09/22,41.59,42.22,42.31,41.56,53.12M,-3.19%
06/08/22,42.96,42.94,43.13,42.78,43.59M,0.54%
06/07/22,42.73,42.34,42.77,42.27,57.46M,0.31%
06/06/22,42.6,43.13,43.23,42.49,43.13M,0.54%
06/03/22,42.37,42.66,42.67,42.27,39.34M,-1.63%
06/02/22,43.07,42.51,43.09,42.4,44.32M,1.72%
06/01/22,42.34,42.91,42.96,42.16,40.50M,-0.70%
05/31/2022,42.64,43.13,43.14,42.64,72.07M,1.40%
05/27/2022,42.05,41.86,42.07,41.73,31.26M,1.15%
05/26/2022,41.57,40.86,41.67,40.86,51.36M,1.56%
05/25/2022,40.93,40.62,41.03,40.55,37.86M,0.49%
05/24/2022,40.73,40.81,40.84,40.35,46.40M,-1.74%
05/23/2022,41.45,41.39,41.57,41.18,36.62M,0.75%
05/20/2022,41.14,41.41,41.56,40.59,59.03M,0.41%
05/19/2022,40.97,40.49,41.15,40.49,55.16M,1.59%
05/18/2022,40.33,41.03,41.2,40.27,53.30M,-2.40%
05/17/2022,41.32,41.4,41.45,40.98,49.52M,2.45%
05/16/2022,40.33,40.19,40.5,40.1,32.42M,-0.40%
05/13/2022,40.49,39.84,40.5,39.81,49.20M,2.77%
05/12/22,39.4,39.25,39.75,38.95,73.48M,-0.66%
05/11/22,39.66,40.21,40.52,39.63,75.20M,-0.70%
05/10/22,39.94,40.35,40.4,39.59,69.87M,0.48%
05/09/22,39.75,40.19,40.41,39.72,83.25M,-2.88%
05/06/22,40.93,41.11,41.24,40.69,67.43M,-1.37%
05/05/22,41.5,42.2,42.27,41.12,63.27M,-3.69%
05/04/22,43.09,42.2,43.16,41.94,57.18M,1.08%
05/03/22,42.63,42.59,42.69,42.43,45.59M,0.73%
05/02/22,42.32,42.26,42.48,41.81,55.02M,-0.14%
04/29/2022,42.38,43.03,43.22,42.34,61.70M,0.36%
04/28/2022,42.23,41.97,42.29,41.54,43.77M,1.44%
04/27/2022,41.63,41.46,41.89,41.4,61.59M,1.17%
04/26/2022,41.15,41.8,41.85,41.15,70.77M,-2.19%
04/25/2022,42.07,41.68,42.12,41.59,67.64M,-0.73%
04/22/2022,42.38,42.84,43.12,42.37,68.37M,-0.89%
04/21/2022,42.76,43.61,43.69,42.67,44.86M,-1.93%
04/20/2022,43.6,43.91,43.92,43.52,36.37M,-0.59%
04/19/2022,43.86,43.62,43.89,43.43,40.07M,-0.50%
04/18/2022,44.08,44,44.28,43.86,29.11M,-0.34%
04/14/2022,44.23,44.57,44.59,44.2,38.92M,-1.29%
04/13/2022,44.81,44.47,44.88,44.44,33.53M,1.31%
04/12/22,44.23,44.73,44.77,44.19,41.82M,-0.32%
04/11/22,44.37,44.54,44.73,44.35,47.88M,-1.25%
04/08/22,44.93,45.02,45.17,44.88,41.26M,0.09%
04/07/22,44.89,44.99,45.1,44.66,38.95M,-0.80%
04/06/22,45.25,45.55,45.61,45.02,56.88M,-1.31%
04/05/22,45.85,46.52,46.52,45.77,45.06M,-1.84%
04/04/22,46.71,46.5,46.77,46.34,48.06M,1.76%
04/01/22,45.9,46.01,46.15,45.62,54.19M,1.66%
03/31/2022,45.15,45.63,45.66,45.12,74.45M,-1.51%
03/30/2022,45.84,45.89,46.23,45.74,57.72M,-0.28%
03/29/2022,45.97,45.98,46.1,45.73,54.09M,1.70%
03/28/2022,45.2,45.09,45.22,44.81,49.76M,0.33%
03/25/2022,45.05,45,45.07,44.74,39.29M,-0.79%
03/24/2022,45.41,45.2,45.45,45.05,52.02M,0.53%
03/23/2022,45.17,45.03,45.67,44.92,76.99M,-0.66%
03/22/2022,45.47,45.28,45.62,45.24,61.38M,1.81%
03/21/2022,44.66,44.7,44.85,44.32,58.56M,-1.54%
03/18/2022,45.36,44.35,45.45,44.24,77.76M,1.43%
03/17/2022,44.72,44.56,44.8,44.15,80.74M,-0.51%
03/16/2022,44.95,43.53,45.04,43.32,134.23M,8.05%
03/15/2022,41.6,40.96,41.67,40.8,85.99M,0.14%
03/14/2022,41.54,42.07,42.37,41.42,85.65M,-2.42%
03/11/22,42.57,43.73,43.78,42.56,72.85M,-2.09%
03/10/22,43.48,43.62,43.69,43.2,59.16M,-1.87%
03/09/22,44.31,43.77,44.42,43.61,59.84M,2.83%
03/08/22,43.09,43.17,43.63,42.73,90.83M,0.33%
03/07/22,42.95,43.86,44.02,42.91,77.56M,-3.74%
03/04/22,44.62,44.64,44.91,44.37,68.35M,-2.02%
03/03/22,45.54,46.01,46.1,45.45,57.51M,-1.41%
03/02/22,46.19,46.15,46.39,45.7,61.86M,0.17%
03/01/22,46.11,46.5,46.85,45.84,72.30M,-1.33%
02/28/2022,46.73,46.25,46.85,46.17,79.37M,-1.31%
02/25/2022,47.35,46.69,47.4,46.45,58.89M,1.85%
02/24/2022,46.49,45.04,46.52,45.01,95.68M,-2.06%
02/23/2022,47.47,48.24,48.27,47.38,38.87M,-1.17%
02/22/2022,48.03,48.02,48.37,47.72,60.70M,-1.42%
02/18/2022,48.72,49.03,49.06,48.62,41.31M,-1.00%
02/17/2022,49.21,49.56,49.66,49.11,41.25M,-1.16%
02/16/2022,49.79,49.37,49.99,49.33,47.24M,0.73%
02/15/2022,49.43,49.03,49.47,48.98,32.94M,2.17%
02/14/2022,48.38,48.51,48.62,48.12,59.44M,-0.70%
02/11/22,48.72,49.49,49.7,48.64,53.84M,-1.52%
02/10/22,49.47,49.39,50.11,49.38,55.44M,-0.66%
02/09/22,49.8,49.44,49.83,49.38,40.08M,1.57%
02/08/22,49.03,48.48,49.04,48.46,25.56M,0.97%
02/07/22,48.56,48.45,48.84,48.41,31.92M,-0.21%
02/04/22,48.66,48.32,48.89,48.22,36.64M,0.25%
02/03/22,48.54,48.45,48.77,48.37,38.25M,-1.06%
02/02/22,49.06,49.33,49.36,48.73,35.13M,-0.16%
02/01/22,49.14,49.02,49.14,48.6,50.16M,0.61%
01/31/2022,48.84,47.89,48.9,47.84,65.61M,3.28%
01/28/2022,47.29,47.16,47.32,46.66,48.80M,0.49%
01/27/2022,47.06,47.6,47.67,47.04,61.06M,-1.16%
01/26/2022,47.61,48.49,48.58,47.51,55.52M,-1.27%
01/25/2022,48.22,48.02,48.48,47.72,54.80M,-0.19%
01/24/2022,48.31,48.23,48.32,47.19,87.79M,-1.41%
01/21/2022,49,49.62,49.69,48.95,59.67M,-1.45%
01/20/2022,49.72,50.26,50.54,49.67,58.28M,0.59%
01/19/2022,49.43,49.59,49.7,49.39,44.00M,0.43%
01/18/2022,49.22,49.21,49.49,49.15,45.01M,-1.78%
01/14/2022,50.11,49.99,50.2,49.82,40.64M,-0.04%
01/13/2022,50.13,50.64,50.67,50.09,33.23M,-1.42%
01/12/22,50.85,50.64,50.89,50.46,56.50M,1.66%
01/11/22,50.02,49.31,50.04,49.16,57.54M,2.31%
01/10/22,48.89,48.94,49.08,48.56,43.58M,0.00%
01/07/22,48.89,48.69,48.98,48.5,32.64M,0.91%
01/06/22,48.45,48.36,48.68,48.16,34.29M,0.46%
01/05/22,48.23,48.8,49.15,48.22,46.43M,-1.63%
01/04/22,49.03,49.26,49.26,48.93,24.58M,-0.35%
01/03/22,49.2,49.08,49.26,48.78,27.57M,0.72%
12/31/2021,48.85,48.98,49.35,48.84,30.44M,-0.49%
12/30/2021,49.09,48.5,49.22,48.5,34.90M,1.09%
12/29/2021,48.56,48.69,48.71,48.34,27.94M,-0.45%
12/28/2021,48.78,48.96,49,48.76,24.53M,-0.33%
12/27/2021,48.94,48.73,49.01,48.73,27.01M,0.45%
12/23/2021,48.72,48.54,48.81,48.4,22.17M,0.52%
12/22/2021,48.47,48.1,48.49,48,27.63M,0.48%
12/21/2021,48.24,47.83,48.25,47.8,31.79M,1.69%
12/20/2021,47.44,47.49,47.49,47.15,40.09M,-1.50%
12/17/2021,48.16,48.04,48.34,47.94,55.50M,-0.50%
12/16/2021,48.4,48.72,48.91,48.3,60.40M,0.12%
12/15/2021,48.34,48.16,48.38,47.65,57.13M,-0.29%
12/14/2021,48.48,48.31,48.61,48.27,42.02M,-0.23%
12/13/2021,48.59,48.98,49.03,48.47,50.77M,-2.98%
12/10/21,50.08,50.03,50.15,49.9,42.01M,0.08%
12/09/21,50.04,50.12,50.31,49.98,36.48M,-0.48%
12/08/21,50.28,50.1,50.41,49.97,38.18M,0.40%
12/07/21,50.08,49.91,50.11,49.87,51.83M,1.58%
12/06/21,49.3,48.88,49.33,48.67,54.87M,0.78%
12/03/21,48.92,49.56,49.65,48.71,79.12M,-1.41%
12/02/21,49.62,49.61,49.97,49.35,73.97M,1.22%
12/01/21,49.02,49.61,49.98,48.98,52.67M,0.37%
11/30/2021,48.84,48.89,49.17,48.35,81.65M,-0.10%
11/29/2021,48.89,49.21,49.22,48.73,44.41M,0.39%
11/26/2021,48.7,49.07,49.11,48.51,58.02M,-3.35%
11/24/2021,50.39,50.14,50.4,50.02,32.81M,-0.14%
11/23/2021,50.46,50.52,50.71,50.24,38.64M,-0.10%
11/22/2021,50.51,50.85,50.99,50.49,37.12M,-0.81%
11/19/2021,50.92,51.06,51.23,50.89,36.98M,-0.16%
11/18/2021,51,51.12,51.13,50.75,36.72M,-1.22%
11/17/2021,51.63,51.96,51.98,51.48,22.60M,-0.52%
11/16/2021,51.9,51.91,52.01,51.71,32.90M,0.14%
11/15/2021,51.83,52.12,52.14,51.78,31.61M,-0.33%
11/12/21,52,51.85,52.06,51.78,31.96M,0.27%
11/11/21,51.86,51.65,52,51.64,55.64M,1.73%
11/10/21,50.98,51.3,51.53,50.86,36.03M,-0.41%
11/09/21,51.19,51.42,51.58,51.1,28.48M,-0.39%
11/08/21,51.39,51.28,51.45,51.22,23.74M,0.92%
11/05/21,50.92,51.16,51.18,50.74,23.97M,-0.12%
11/04/21,50.98,51.21,51.23,50.8,23.72M,-0.23%
11/03/21,51.1,50.8,51.17,50.62,49.35M,0.47%
11/02/21,50.86,50.95,50.98,50.78,34.10M,-0.90%
11/01/21,51.32,50.89,51.34,50.85,31.20M,0.79%
10/29/2021,50.92,50.99,51.07,50.65,51.49M,-1.45%
10/28/2021,51.67,51.39,51.67,51.25,27.36M,0.10%
10/27/2021,51.62,51.72,51.97,51.56,32.42M,-0.81%
10/26/2021,52.04,52.44,52.5,51.95,32.20M,-0.52%
10/25/2021,52.31,52.28,52.39,52.02,32.48M,0.52%
10/22/2021,52.04,52.21,52.42,51.84,51.23M,-0.21%
10/21/2021,52.15,52.09,52.22,51.98,35.40M,-0.65%
10/20/2021,52.49,52.62,52.62,52.37,27.54M,-0.02%
10/19/2021,52.5,52.21,52.56,52.12,40.64M,1.33%
10/18/2021,51.81,51.61,51.96,51.57,26.24M,-0.25%
10/15/2021,51.94,51.63,52.03,51.52,41.22M,1.21%
10/14/2021,51.32,51.43,51.48,51.13,23.98M,0.31%
10/13/2021,51.16,50.93,51.26,50.78,35.31M,1.39%
10/12/21,50.46,50.75,50.82,50.42,29.31M,-0.51%
10/11/21,50.72,51.07,51.23,50.7,26.81M,-0.20%
10/08/21,50.82,50.76,50.91,50.64,24.99M,0.38%
10/07/21,50.63,50.37,50.87,50.33,60.35M,1.95%
10/06/21,49.66,49.2,49.71,49.11,57.47M,-0.56%
10/05/21,49.94,49.73,50.12,49.67,28.76M,0.71%
10/04/21,49.59,49.91,49.95,49.28,43.60M,-1.47%
10/01/21,50.33,50.37,50.51,49.88,45.26M,-0.10%
09/30/2021,50.38,50.55,50.73,50.28,66.46M,0.80%
09/29/2021,49.98,50.32,50.45,49.96,43.14M,-0.93%
09/28/2021,50.45,50.86,50.92,50.28,44.16M,-1.29%
09/27/2021,51.11,50.83,51.23,50.67,31.18M,0.65%
09/24/2021,50.78,50.85,50.95,50.73,29.74M,-1.19%
09/23/2021,51.39,51.23,51.44,51.12,27.14M,0.78%
09/22/2021,50.99,50.83,51.34,50.82,46.19M,1.25%
09/21/2021,50.36,50.36,50.49,50.14,39.35M,0.74%
09/20/2021,49.99,50.15,50.42,49.57,52.80M,-2.69%
09/17/2021,51.37,51.61,51.67,51.27,45.48M,-0.43%
09/16/2021,51.59,51.43,51.62,51.25,43.72M,-1.13%
09/15/2021,52.18,52.01,52.18,51.8,38.74M,-0.02%
09/14/2021,52.19,52.49,52.52,52.09,35.99M,-0.84%
09/13/2021,52.63,52.56,52.77,52.36,35.32M,0.27%
09/10/21,52.49,52.95,53.01,52.48,40.33M,-0.11%
09/09/21,52.55,52.39,52.65,52.3,34.71M,-0.19%
09/08/21,52.65,53.11,53.12,52.53,53.40M,-1.46%
09/07/21,53.43,53.29,53.58,53.25,33.51M,0.58%
09/03/21,53.12,52.95,53.19,52.93,21.31M,0.53%
09/02/21,52.84,53.02,53.12,52.76,24.99M,-0.45%
09/01/21,53.08,52.73,53.28,52.73,35.98M,1.28%
08/31/2021,52.41,52.47,52.52,52.33,43.23M,1.37%
08/30/2021,51.7,51.66,51.77,51.43,18.52M,0.21%
08/27/2021,51.59,51.26,51.59,51.1,32.97M,1.24%
08/26/2021,50.96,51.13,51.19,50.91,29.03M,-0.95%
08/25/2021,51.45,51.33,51.5,51.2,25.27M,0.12%
08/24/2021,51.39,51,51.47,51,51.29M,2.27%
08/23/2021,50.25,49.97,50.32,49.85,45.45M,1.52%
08/20/2021,49.5,49.13,49.59,49.11,44.68M,-0.08%
08/19/2021,49.54,49.41,49.73,49.37,63.28M,-1.71%
08/18/2021,50.4,50.69,50.89,50.38,42.99M,0.16%
08/17/2021,50.32,50.33,50.62,50.12,78.46M,-1.83%
08/16/2021,51.26,51.29,51.31,51.04,46.23M,-0.91%
08/13/2021,51.73,51.64,51.73,51.39,28.40M,-0.25%
08/12/21,51.86,51.88,51.9,51.65,25.75M,-0.88%
08/11/21,52.32,52.49,52.5,52.09,22.37M,0.27%
08/10/21,52.18,52.33,52.36,52.1,15.22M,0.13%
08/09/21,52.11,52.16,52.3,52.05,24.06M,0.33%
08/08/21,51.94,51.94,51.94,51.94,,0.00%
08/07/21,51.94,51.94,51.94,51.94,,0.00%
08/06/21,51.94,52.17,52.19,51.79,36.05M,-0.84%
08/05/21,52.38,52.38,52.56,52.34,15.94M,-0.15%
08/04/21,52.46,52.58,52.79,52.34,32.59M,0.52%
08/03/21,52.19,51.9,52.22,51.69,30.59M,0.42%
08/02/21,51.97,52.05,52.25,51.91,40.23M,0.72%
07/30/2021,51.6,51.45,51.85,51.43,59.80M,-0.96%
07/29/2021,52.1,52.25,52.28,51.89,43.34M,0.50%
07/28/2021,51.84,51.08,51.94,50.96,56.45M,2.71%
07/27/2021,50.47,50.41,50.56,49.83,73.64M,-2.02%
07/26/2021,51.51,51.41,51.75,51.3,43.70M,-1.90%
07/23/2021,52.51,52.69,52.7,52.23,31.21M,-1.48%
07/22/2021,53.3,53.35,53.37,53.07,27.16M,0.19%
07/21/2021,53.2,52.58,53.21,52.53,24.10M,0.64%
07/20/2021,52.86,52.45,52.99,52.33,37.95M,0.32%
07/19/2021,52.69,52.75,52.79,52.41,33.74M,-1.68%
07/16/2021,53.59,54.08,54.12,53.48,23.39M,-0.78%
07/15/2021,54.01,54.09,54.28,53.88,33.31M,0.24%
07/14/2021,53.88,54.13,54.19,53.77,19.74M,0.43%
07/13/2021,53.65,53.69,53.99,53.64,29.03M,0.09%
07/12/21,53.6,53.38,53.63,53.28,22.12M,0.09%
07/09/21,53.55,53.23,53.57,53.09,28.86M,1.73%
07/08/21,52.64,52.59,52.84,52.46,45.15M,-2.08%
07/07/21,53.76,54.13,54.14,53.55,25.65M,-0.11%
07/06/21,53.82,54.12,54.21,53.62,38.13M,-1.75%
07/05/21,54.78,54.78,54.78,54.78,,0.00%
07/04/21,54.78,54.78,54.78,54.78,,0.00%
07/03/21,54.78,54.78,54.78,54.78,,0.00%
07/02/21,54.78,54.62,54.78,54.45,24.29M,-0.11%
07/01/21,54.84,55.18,55.24,54.56,27.48M,-0.56%
06/30/2021,55.15,55.12,55.31,55.05,33.22M,-0.65%
06/29/2021,55.51,55.16,55.53,55.04,18.31M,-0.07%
06/28/2021,55.55,55.48,55.62,55.4,22.64M,0.09%
06/25/2021,55.5,55.52,55.59,55.29,24.99M,0.84%
06/24/2021,55.04,54.86,55.09,54.81,20.10M,0.92%
06/23/2021,54.54,54.6,54.9,54.51,26.05M,0.61%
06/22/2021,54.21,54,54.26,53.85,35.86M,-0.46%
06/21/2021,54.46,54.17,54.46,53.92,26.98M,0.42%
06/18/2021,54.23,54.38,54.48,54.12,42.44M,-0.70%
06/17/2021,54.61,54.54,54.82,54.45,27.85M,0.55%
06/16/2021,54.31,54.95,55.09,54.09,44.14M,-1.36%
06/15/2021,55.06,55.3,55.31,54.94,34.12M,-0.69%
06/14/2021,55.44,55.33,55.56,55.27,26.42M,0.27%
06/11/21,55.29,55.34,55.38,55.11,28.38M,-0.34%
06/10/21,55.48,55.24,55.56,55.19,28.57M,0.36%
06/09/21,55.28,55.38,55.53,55.23,30.92M,-0.29%
06/08/21,55.44,55.52,55.55,55.26,38.11M,-0.48%
06/07/21,55.71,55.71,55.74,55.46,24.83M,-0.50%
06/04/21,55.99,55.88,56.03,55.8,29.04M,0.90%
06/03/21,55.49,55.51,55.66,55.34,40.79M,-1.07%
06/02/21,56.09,55.92,56.13,55.77,24.53M,0.16%
06/01/21,56,56.14,56.17,55.82,41.66M,2.06%
05/28/2021,54.87,54.66,55,54.64,43.73M,0.64%
05/27/2021,54.52,54.56,54.67,54.4,35.60M,0.02%
05/26/2021,54.51,54.32,54.57,54.3,26.98M,0.74%
05/25/2021,54.11,54.27,54.36,54.03,40.99M,0.99%
05/24/2021,53.58,53.39,53.71,53.28,22.41M,0.83%
05/21/2021,53.14,53.74,53.74,53.06,39.11M,-1.15%
05/20/2021,53.76,53.53,53.87,53.52,33.27M,0.58%
05/19/2021,53.45,52.95,53.65,52.91,46.28M,-0.30%
05/18/2021,53.61,53.59,53.88,53.52,32.41M,1.34%
05/17/2021,52.9,52.61,52.94,52.53,23.17M,-0.09%
05/14/2021,52.95,52.61,53.03,52.48,40.36M,1.81%
05/13/2021,52.01,52.24,52.51,51.74,42.94M,-0.13%
05/12/21,52.08,52.68,52.91,52.01,53.63M,-2.76%
05/11/21,53.56,52.7,53.58,52.66,37.37M,-0.28%
05/10/21,53.71,54.47,54.49,53.66,40.69M,-1.79%
05/07/21,54.69,54.46,54.93,54.39,41.59M,1.03%
05/06/21,54.13,53.9,54.16,53.73,29.45M,0.95%
05/05/21,53.62,53.63,53.8,53.45,26.06M,0.47%
05/04/21,53.37,53.58,53.66,52.98,38.63M,-1.13%
05/03/21,53.98,53.94,54.23,53.76,20.63M,0.00%
04/30/2021,53.98,54.27,54.37,53.85,46.30M,-1.77%
04/29/2021,54.95,55.26,55.27,54.49,36.62M,-0.24%
04/28/2021,55.08,54.93,55.34,54.76,37.38M,0.75%
04/27/2021,54.67,54.69,54.84,54.58,25.56M,-0.05%
04/26/2021,54.7,54.54,54.75,54.43,26.81M,0.13%
04/23/2021,54.63,54.38,54.69,54.34,27.06M,1.45%
04/22/2021,53.85,54.08,54.19,53.68,39.45M,-0.35%
04/21/2021,54.04,53.46,54.06,53.34,33.41M,0.61%
04/20/2021,53.71,54.09,54.2,53.56,27.73M,-0.81%
04/19/2021,54.15,54.24,54.34,53.96,34.32M,-0.37%
04/16/2021,54.35,54.35,54.43,54.09,32.03M,0.26%
04/15/2021,54.21,54.16,54.26,53.99,42.62M,0.91%
04/14/2021,53.72,53.93,54.04,53.67,27.45M,0.51%
04/13/2021,53.45,53.24,53.64,53.16,33.70M,0.41%
04/12/21,53.23,53.18,53.29,53.06,30.05M,-0.60%
04/09/21,53.55,53.49,53.57,53.37,35.81M,-0.85%
04/08/21,54.01,54.12,54.28,53.98,50.37M,0.82%
04/07/21,53.57,53.61,53.75,53.38,47.89M,-1.47%
04/06/21,54.37,54.08,54.59,53.96,31.51M,0.55%
04/05/21,54.07,54.19,54.25,53.95,30.89M,0.39%
04/01/21,53.86,54.12,54.22,53.81,44.59M,0.97%
03/31/2021,53.34,53.01,53.52,53.01,38.81M,0.51%
03/30/2021,53.07,52.88,53.18,52.73,44.41M,0.32%
03/29/2021,52.9,52.84,53.12,52.64,51.31M,-0.69%
03/26/2021,53.27,52.4,53.32,52.16,142.40M,2.60%
03/25/2021,51.92,51.56,52.07,51.52,73.68M,0.46%
03/24/2021,51.68,52.55,52.62,51.68,45.32M,-2.29%
03/23/2021,52.89,53.22,53.4,52.86,40.36M,-1.91%
03/22/2021,53.92,53.74,54.08,53.55,24.86M,-0.30%
03/19/2021,54.08,53.5,54.08,53.33,60.27M,1.24%
03/18/2021,53.42,53.93,54.09,53.39,49.21M,-1.84%
03/17/2021,54.42,53.65,54.66,53.52,57.03M,0.13%
03/16/2021,54.35,54.29,54.55,54.1,41.26M,0.42%
03/15/2021,54.12,53.73,54.13,53.59,32.45M,0.24%
03/12/21,53.99,53.84,53.99,53.58,41.56M,-1.78%
03/11/21,54.97,54.51,55.04,54.27,57.25M,3.15%
03/10/21,53.29,53.77,53.79,53.04,42.85M,-0.45%
03/09/21,53.53,53.15,53.83,53.08,42.45M,2.20%
03/08/21,52.38,52.88,53.03,52.25,54.12M,-2.69%
03/05/21,53.83,54.01,54.03,52.8,64.02M,1.09%
03/04/21,53.25,54.3,54.55,52.97,70.65M,-2.33%
03/03/21,54.52,55.04,55.18,54.32,43.01M,-0.20%
03/02/21,54.63,54.87,54.91,54.46,38.53M,-0.98%
03/01/21,55.17,54.82,55.33,54.7,53.42M,2.68%
02/26/2021,53.73,54.11,54.15,53.39,68.93M,-1.34%
02/25/2021,54.46,55.76,55.9,54.38,50.90M,-2.28%
02/24/2021,55.73,55.16,55.75,54.82,36.63M,-0.64%
02/23/2021,56.09,55.48,56.27,54.79,40.32M,0.45%
02/22/2021,55.84,56,56.37,55.78,46.93M,-2.94%
02/19/2021,57.53,57.5,57.81,57.34,39.81M,0.65%
02/18/2021,57.16,57.02,57.16,56.54,46.12M,-1.38%
02/17/2021,57.96,57.84,58,57.55,37.79M,0.03%
02/16/2021,57.94,58.13,58.29,57.78,34.95M,0.24%
02/12/21,57.8,57.5,57.97,57.41,28.40M,0.09%
02/11/21,57.75,57.65,57.99,57.54,48.87M,1.07%
02/10/21,57.14,57.45,57.53,56.8,30.53M,0.35%
02/09/21,56.94,56.35,56.99,56.34,27.20M,1.06%
02/08/21,56.34,56.03,56.44,56.03,21.61M,0.18%
02/05/21,56.24,56.01,56.26,55.8,24.24M,0.86%
02/04/21,55.76,55.68,55.8,55.34,40.16M,0.04%
02/03/21,55.74,55.83,55.95,55.57,32.36M,0.50%
02/02/21,55.46,55.55,55.59,55.29,33.17M,1.30%
02/01/21,54.75,54.42,54.85,54.16,51.43M,2.70%
01/29/2021,53.31,53.72,53.85,53.05,57.66M,-2.49%
01/28/2021,54.67,54.19,54.87,54.05,38.05M,0.70%
01/27/2021,54.29,54.66,54.88,54.25,45.28M,-2.78%
01/26/2021,55.84,55.79,55.93,55.53,32.28M,-0.73%
01/25/2021,56.25,56.45,56.54,55.71,50.79M,0.75%
01/22/2021,55.83,55.54,55.95,55.47,48.22M,-0.87%
01/21/2021,56.32,56.41,56.45,56.11,31.46M,0.18%
01/20/2021,56.22,56.2,56.26,55.95,38.83M,1.76%
01/19/2021,55.25,55.5,55.53,55.12,50.43M,1.66%
01/15/2021,54.35,54.56,54.67,54.21,58.52M,-1.41%
01/14/2021,55.13,55.22,55.48,55.06,38.84M,0.93%
01/13/2021,54.62,54.6,54.89,54.28,33.56M,0.22%
01/12/21,54.5,54.31,54.6,54.16,47.57M,0.98%
01/11/21,53.97,53.99,54.3,53.91,40.82M,-1.35%
01/08/21,54.71,54.25,54.74,53.94,76.02M,2.65%
01/07/21,53.3,53.08,53.3,52.82,41.03M,0.95%
01/06/21,52.8,52.85,53.44,52.66,56.42M,-0.85%
01/05/21,53.25,52.49,53.27,52.48,53.36M,2.40%
01/04/21,52,52.62,52.81,51.83,48.20M,0.64%
12/31/2020,51.67,51.99,52,51.36,35.68M,-0.06%
12/30/2020,51.7,51.64,51.88,51.59,35.76M,1.33%
12/29/2020,51.02,50.72,51.06,50.67,41.97M,1.49%
12/28/2020,50.27,50.37,50.44,50.16,26.91M,0.28%
12/24/2020,50.13,50.21,50.33,49.86,20.69M,-0.44%
12/23/2020,50.35,50.32,50.46,50.25,36.47M,1.02%
12/22/2020,49.84,50.11,50.16,49.77,35.23M,-0.80%
12/21/2020,50.24,49.86,50.45,49.84,48.56M,-1.47%
12/18/2020,50.99,50.95,51.02,50.78,47.66M,-0.12%
12/17/2020,51.05,51.05,51.11,50.89,36.32M,0.65%
12/16/2020,50.72,50.58,50.8,50.47,38.11M,0.48%
12/15/2020,50.48,50.16,50.51,50.02,39.35M,1.08%
12/14/2020,49.94,50.32,50.35,49.91,34.41M,-1.54%
12/11/20,50.72,50.76,50.91,50.63,38.03M,-0.70%
12/10/20,51.08,50.37,51.14,50.34,36.03M,1.29%
12/09/20,50.43,51.03,51.03,50.19,40.76M,-0.86%
12/08/20,50.87,50.79,50.87,50.62,28.63M,0.04%
12/07/20,50.85,50.78,50.99,50.65,43.12M,0.00%
12/04/20,50.85,50.72,50.88,50.63,42.23M,1.03%
12/03/20,50.33,50.23,50.58,50.19,61.41M,1.15%
12/02/20,49.76,49.61,49.86,49.42,42.83M,0.14%
12/01/20,49.69,49.59,49.88,49.34,50.38M,1.97%
11/30/2020,48.73,49.31,49.31,48.71,60.62M,-2.62%
11/27/2020,50.04,49.95,50.17,49.91,27.04M,0.95%
11/25/2020,49.57,49.4,49.6,49.26,47.36M,-0.56%
11/24/2020,49.85,49.6,49.88,49.34,39.28M,1.34%
11/23/2020,49.19,49.59,49.6,49.08,38.98M,0.26%
11/20/2020,49.06,48.9,49.2,48.85,35.26M,0.55%
11/19/2020,48.79,48.48,48.85,48.38,27.52M,0.16%
11/18/2020,48.71,49.09,49.1,48.7,32.34M,-0.35%
11/17/2020,48.88,48.63,49.01,48.56,34.66M,-0.10%
11/16/2020,48.93,48.85,49.09,48.76,63.57M,1.24%
11/13/2020,48.33,48.24,48.36,47.98,48.16M,1.41%
11/12/20,47.66,48.14,48.31,47.54,41.29M,-0.75%
11/11/20,48.02,47.63,48.09,47.56,46.27M,0.65%
11/10/20,47.71,48.07,48.19,47.5,68.74M,-1.14%
11/09/20,48.26,49.48,49.53,48.24,74.89M,0.69%
11/06/20,47.93,47.67,48.11,47.54,57.35M,0.46%
11/05/20,47.71,47.71,47.91,47.31,78.03M,1.71%
11/04/20,46.91,46.09,47.09,46,81.11M,3.14%
11/03/20,45.48,45.36,45.6,45.18,49.74M,0.44%
11/02/20,45.28,45.18,45.3,44.92,51.00M,1.27%
10/30/2020,44.71,44.85,44.92,44.41,66.16M,-1.13%
10/29/2020,45.22,44.94,45.37,44.78,44.76M,1.01%
10/28/2020,44.77,45.19,45.25,44.73,67.05M,-2.50%
10/27/2020,45.92,45.85,46.05,45.7,41.83M,0.44%
10/26/2020,45.72,45.77,46.04,45.35,53.57M,-1.30%
10/23/2020,46.32,46.09,46.32,45.87,36.93M,0.59%
10/22/2020,46.05,46.13,46.17,45.82,41.88M,-0.02%
10/21/2020,46.06,46,46.31,45.94,42.91M,0.28%
10/20/2020,45.93,45.71,46.17,45.69,51.63M,1.10%
10/19/2020,45.43,45.7,45.89,45.34,30.87M,-0.29%
10/16/2020,45.56,45.56,45.69,45.41,31.61M,0.35%
10/15/2020,45.4,45.07,45.44,45.02,41.13M,-0.72%
10/14/2020,45.73,46.02,46.14,45.71,42.30M,-0.67%
10/13/2020,46.04,46.07,46.1,45.8,35.58M,-0.41%
10/12/20,46.23,46.08,46.34,45.98,40.04M,0.87%
10/09/20,45.83,45.63,45.95,45.5,31.90M,0.68%
10/08/20,45.52,45.31,45.57,44.95,29.67M,0.82%
10/07/20,45.15,45.07,45.29,44.94,45.69M,1.10%
10/06/20,44.66,44.72,45,44.51,43.46M,0.18%
10/05/20,44.58,44.23,44.58,44.23,36.06M,1.34%
10/04/20,43.99,43.99,43.99,43.99,,0.00%
10/03/20,43.99,43.99,43.99,43.99,,0.00%
10/02/20,43.99,43.83,44.38,43.78,32.65M,-1.15%
10/01/20,44.5,44.42,44.53,44.16,51.52M,0.93%
09/30/2020,44.09,43.73,44.21,43.7,48.67M,1.61%
09/29/2020,43.39,43.29,43.53,43.24,25.33M,-0.07%
09/28/2020,43.42,43.51,43.6,43.21,45.53M,1.12%
09/27/2020,42.94,42.94,42.94,42.94,,0.00%
09/26/2020,42.94,42.94,42.94,42.94,,0.00%
09/25/2020,42.94,42.54,42.96,42.29,44.17M,0.09%
09/24/2020,42.9,42.5,43.2,42.43,46.49M,-0.46%
09/23/2020,43.1,43.65,43.73,43.06,40.84M,-1.55%
09/22/2020,43.78,43.95,43.97,43.42,44.88M,-0.75%
09/21/2020,44.11,43.77,44.14,43.39,42.90M,-0.92%
09/18/2020,44.52,44.91,44.95,44.45,34.27M,-0.78%
09/17/2020,44.87,44.51,44.94,44.48,38.23M,-0.40%
09/16/2020,45.05,45.25,45.41,45.03,38.18M,-0.13%
09/15/2020,45.11,45.19,45.23,45.02,30.54M,1.05%
09/14/2020,44.64,44.51,44.71,44.45,38.89M,1.62%
09/13/2020,43.93,43.93,43.93,43.93,,0.00%
09/11/20,43.93,44.11,44.25,43.71,49.40M,0.97%
09/10/20,43.51,44.27,44.34,43.51,54.28M,-1.61%
09/09/20,44.22,44.01,44.31,43.9,49.01M,1.49%
09/08/20,43.57,43.56,43.96,43.43,50.05M,-1.74%
09/04/20,44.34,44.42,44.66,43.58,62.28M,0.05%
09/03/20,44.32,44.94,44.95,44.04,82.43M,-1.90%
09/02/20,45.18,45.36,45.37,44.78,50.64M,-0.26%
09/01/20,45.3,44.96,45.33,44.91,34.21M,1.71%
08/31/2020,44.54,44.71,44.72,44.25,52.79M,-2.22%
08/30/2020,45.55,45.55,45.55,45.55,,0.00%
08/28/2020,45.55,45.24,45.56,45.12,24.15M,1.31%
08/27/2020,44.96,45.46,45.46,44.77,31.95M,-0.84%
08/26/2020,45.34,45.23,45.39,45.16,31.47M,0.27%
08/25/2020,45.22,44.92,45.26,44.82,27.61M,1.01%
08/24/2020,44.77,44.94,44.97,44.59,26.58M,1.11%
08/23/2020,44.28,44.28,44.28,44.28,,0.00%
08/22/2020,44.28,44.28,44.28,44.28,,0.00%
08/21/2020,44.28,43.98,44.3,43.79,34.66M,0.50%
08/20/2020,44.06,43.46,44.07,43.37,38.40M,-0.32%
08/19/2020,44.2,44.61,44.62,44.19,28.39M,-1.23%
08/18/2020,44.75,44.8,44.87,44.46,34.46M,-0.11%
08/17/2020,44.8,44.57,44.82,44.49,26.42M,1.27%
08/14/2020,44.24,44.21,44.31,44.15,24.59M,-0.18%
08/13/2020,44.32,44.4,44.47,44.13,26.51M,-0.29%
08/12/20,44.45,44.31,44.58,44.21,30.74M,1.35%
08/11/20,43.86,44.27,44.35,43.81,34.17M,-0.27%
08/10/20,43.98,43.94,44.07,43.64,26.96M,0.25%
08/09/20,43.87,43.87,43.87,43.87,,0.00%
08/08/20,43.87,43.87,43.87,43.87,,0.00%
08/07/20,43.87,43.99,44.15,43.64,35.76M,-2.05%
08/06/20,44.79,44.52,44.81,44.36,33.52M,0.31%
08/05/20,44.65,44.56,44.85,44.53,36.77M,1.09%
08/04/20,44.17,43.78,44.17,43.77,40.60M,1.33%
08/03/20,43.59,43.45,43.69,43.41,30.60M,0.69%
08/02/20,43.29,43.29,43.29,43.29,,0.00%
07/31/2020,43.29,43.63,43.64,42.96,62.46M,-0.69%
07/30/2020,43.59,43.63,43.76,43.19,47.90M,-1.27%
07/29/2020,44.15,43.85,44.27,43.85,37.83M,1.61%
07/28/2020,43.45,43.73,43.78,43.4,31.22M,-0.82%
07/27/2020,43.81,43.44,43.84,43.31,39.11M,1.55%
07/26/2020,43.14,43.14,43.14,43.14,,0.00%
07/25/2020,43.14,43.14,43.14,43.14,,0.00%
07/24/2020,43.14,42.72,43.14,42.63,30.18M,-0.09%
07/23/2020,43.18,43.5,43.66,42.97,39.24M,-0.80%
07/22/2020,43.53,43.71,43.71,43.28,31.23M,-0.43%
07/21/2020,43.72,44,44.02,43.7,44.42M,0.92%
07/20/2020,43.32,43.01,43.37,42.89,23.32M,1.29%
07/17/2020,42.77,42.84,42.86,42.55,40.91M,0.56%
07/16/2020,42.53,42.31,42.57,42.24,36.51M,-1.41%
07/15/2020,43.14,43.27,43.35,42.97,48.31M,0.30%
07/14/2020,43.01,42.45,43.12,42.35,56.53M,0.14%
07/13/2020,42.95,43.54,43.85,42.87,47.04M,-0.67%
07/12/20,43.24,43.24,43.24,43.24,,0.00%
07/11/20,43.24,43.24,43.24,43.24,,0.00%
07/10/20,43.24,43.23,43.3,42.95,45.29M,-0.64%
07/09/20,43.52,43.9,43.96,43.13,64.95M,0.00%
07/08/20,43.52,43,43.52,42.95,42.28M,2.59%
07/07/20,42.42,42.59,42.88,42.4,34.00M,-1.67%
07/06/20,43.14,42.78,43.15,42.78,69.16M,4.30%
07/05/20,41.36,41.36,41.36,41.36,,0.00%
07/04/20,41.36,41.36,41.36,41.36,,0.00%
07/02/20,41.36,41.31,41.6,41.18,42.24M,2.27%
07/01/20,40.44,40.2,40.59,40.18,51.77M,1.13%
06/30/2020,39.99,40.05,40.09,39.74,67.64M,-0.32%
06/29/2020,40.12,39.95,40.14,39.72,34.71M,0.45%
06/26/2020,39.94,40.31,40.33,39.77,53.90M,-1.21%
06/25/2020,40.43,40.12,40.44,39.98,48.20M,0.42%
06/24/2020,40.26,40.63,40.76,39.98,51.15M,-1.32%
06/23/2020,40.8,40.89,41.06,40.76,33.00M,0.97%
06/22/2020,40.41,40.19,40.5,40.1,39.02M,1.23%
06/19/2020,39.92,40.47,40.48,39.78,72.41M,-0.03%
06/18/2020,39.93,39.81,40.08,39.8,48.13M,0.05%
06/17/2020,39.91,39.87,40.11,39.79,61.47M,0.96%
06/16/2020,39.53,40.27,40.27,39.25,79.64M,0.64%
06/15/2020,39.28,38.62,39.51,38.5,76.87M,-1.48%
06/12/20,39.87,40.02,40.1,39.28,73.78M,2.13%
06/11/20,39.04,39.86,40.08,38.98,91.27M,-5.22%
06/10/20,41.19,41.01,41.31,40.67,81.17M,0.73%
06/09/20,40.89,40.58,40.98,40.43,44.39M,-0.68%
06/08/20,41.17,40.8,41.19,40.55,39.78M,0.61%
06/07/20,40.92,40.92,40.92,40.92,,0.00%
06/05/20,40.92,40.9,41.16,40.81,52.47M,2.63%
06/04/20,39.87,39.91,40.18,39.67,50.97M,-1.41%
06/03/20,40.44,40.05,40.52,39.99,60.77M,2.33%
06/02/20,39.52,39.07,39.57,38.98,54.01M,2.38%
06/01/20,38.6,38.08,38.63,38.01,49.36M,2.31%
05/29/2020,37.73,37.35,37.8,37.09,63.74M,1.73%
05/28/2020,37.09,37.47,37.65,37.07,53.40M,-0.70%
05/27/2020,37.35,37.4,37.43,36.91,47.18M,0.32%
05/26/2020,37.23,37.58,37.73,37.19,54.51M,2.20%
05/22/2020,36.43,36.62,36.62,36.31,47.35M,-2.07%
05/21/2020,37.2,37.4,37.53,37.02,42.85M,-1.14%
05/20/2020,37.63,37.73,37.91,37.42,43.14M,1.32%
05/19/2020,37.14,37.38,37.56,37.12,36.15M,-0.80%
05/18/2020,37.44,36.92,37.52,36.91,47.49M,3.91%
05/15/2020,36.03,35.96,36.2,35.84,40.40M,-1.37%
05/14/2020,36.53,35.69,36.59,35.55,58.63M,0.38%
05/13/2020,36.39,36.87,36.95,36.15,55.00M,-0.19%
05/12/20,36.46,36.9,37.16,36.45,49.64M,-0.38%
05/11/20,36.6,36.62,36.84,36.56,31.05M,-0.65%
05/10/20,36.84,36.84,36.84,36.84,,0.00%
05/09/20,36.84,36.84,36.84,36.84,,0.00%
05/08/20,36.84,36.54,36.95,36.51,60.61M,2.11%
05/07/20,36.08,36.13,36.24,35.91,36.89M,0.81%
05/06/20,35.79,36.12,36.16,35.77,36.58M,-0.31%
05/05/20,35.9,36.06,36.24,35.86,41.77M,0.56%
05/04/20,35.7,35.46,35.74,35.32,37.04M,1.08%
05/03/20,35.32,35.32,35.32,35.32,,0.00%
05/02/20,35.32,35.32,35.32,35.32,,0.00%
05/01/20,35.32,35.75,35.88,35.2,56.83M,-3.60%
04/30/2020,36.64,37.24,37.36,36.4,59.18M,-2.11%
04/29/2020,37.43,36.99,37.5,36.92,45.48M,2.91%
04/28/2020,36.37,36.82,36.85,36.35,34.46M,0.19%
04/27/2020,36.3,36.05,36.37,35.99,30.62M,2.02%
04/24/2020,35.58,35.69,35.74,35.25,30.55M,-0.14%
04/23/2020,35.63,36.04,36.29,35.61,40.73M,-0.36%
04/22/2020,35.76,35.78,35.87,35.69,37.46M,2.73%
04/21/2020,34.81,34.98,35.18,34.74,46.17M,-2.77%
04/20/2020,35.8,35.88,36.23,35.73,44.40M,-1.27%
04/17/2020,36.26,36.43,36.48,36,40.87M,2.23%
04/16/2020,35.47,35.78,35.82,35.35,37.22M,0.54%
04/15/2020,35.28,35.35,35.46,35.12,60.78M,-2.57%
04/14/2020,36.21,36.21,36.48,36.01,52.82M,2.29%
04/13/2020,35.4,35.34,35.45,35,38.19M,0.14%
04/09/20,35.35,35.86,36.09,35.26,67.24M,-0.37%
04/08/20,35.48,35.21,35.57,34.94,47.11M,1.03%
04/07/20,35.12,36.09,36.12,35.05,74.32M,0.52%
04/06/20,34.94,34.44,34.95,34.3,82.39M,5.46%
04/03/20,33.13,33.69,33.86,32.95,68.67M,-1.90%
04/02/20,33.77,33.29,33.94,33.2,55.78M,3.37%
04/01/20,32.67,33.1,33.33,32.62,65.58M,-4.28%
03/31/2020,34.13,33.98,34.55,33.92,64.14M,0.68%
03/30/2020,33.9,33.47,33.93,33.22,47.54M,1.65%
03/28/2020,33.35,33.35,33.35,33.35,,0.00%
03/27/2020,33.35,33.45,33.96,33.19,74.10M,-5.68%
03/26/2020,35.36,34.36,35.45,34.28,89.99M,3.79%
03/25/2020,34.07,33.51,34.53,33.19,79.59M,3.52%
03/24/2020,32.91,32.61,32.97,32.35,84.45M,7.51%
03/23/2020,30.61,31.06,31.16,30.09,97.83M,-2.39%
03/21/2020,31.36,31.36,31.36,31.36,,0.00%
03/20/2020,31.36,32.59,32.72,31.25,100.29M,0.74%
03/19/2020,31.13,30.8,31.55,30.25,68.92M,0.78%
03/18/2020,30.89,30.91,32.02,30.15,101.14M,-8.64%
03/17/2020,33.81,32.56,33.81,32.02,92.31M,6.89%
03/16/2020,31.63,32,33.48,31.59,101.55M,-12.48%
03/14/2020,36.14,36.14,36.14,36.14,,0.00%
03/13/2020,36.14,36.61,36.7,34.38,128.27M,7.21%
03/12/20,33.71,34.13,34.67,32.89,171.34M,-10.01%
03/11/20,37.46,38.2,38.33,37.22,137.91M,-4.66%
03/10/20,39.29,38.95,39.33,38.17,142.77M,5.08%
03/09/20,37.39,37.23,38.1,36.6,143.38M,-6.83%
03/06/20,40.13,40.27,40.38,39.8,104.01M,-2.05%
03/05/20,40.97,41.52,41.68,40.8,107.47M,-2.10%
03/04/20,41.85,41.74,41.93,41.51,80.06M,1.78%
03/03/20,41.12,41.41,42.08,40.83,141.80M,-0.68%
03/02/20,41.4,40.64,41.41,40.4,135.15M,2.17%
02/28/2020,40.52,39.55,40.62,39.28,201.19M,-0.37%
02/27/2020,40.67,41.21,41.52,40.66,151.06M,-2.40%
02/26/2020,41.67,41.83,42.24,41.64,109.41M,0.80%
02/25/2020,41.34,42.28,42.34,41.34,118.60M,-0.79%
02/24/2020,41.67,41.46,41.91,41.43,101.51M,-3.74%
02/21/2020,43.29,43.44,43.53,43.23,70.55M,-0.57%
02/20/2020,43.54,43.88,44.34,43.4,109.32M,-1.56%
02/19/2020,44.23,44.25,44.33,44.19,45.65M,0.73%
02/18/2020,43.91,43.89,44.05,43.81,40.18M,-0.66%
02/17/2020,44.2,44.2,44.2,44.2,,0.00%
02/14/2020,44.2,44.46,44.47,44.04,45.10M,0.05%
02/13/2020,44.18,44.29,44.45,44.16,64.76M,-1.32%
02/12/20,44.77,44.59,44.84,44.5,41.64M,1.36%
02/11/20,44.17,44.14,44.41,44.08,58.71M,1.31%
02/10/20,43.6,43.38,43.63,43.38,45.35M,0.55%
02/07/20,43.36,43.53,43.55,43.25,58.45M,-1.39%
02/06/20,43.97,44.33,44.34,43.96,80.12M,0.09%
02/05/20,43.93,44.46,44.47,43.9,74.35M,0.57%
02/04/20,43.68,43.68,43.93,43.65,73.94M,2.58%
02/03/20,42.58,42.27,42.68,42.26,71.31M,1.12%
01/31/2020,42.11,42.3,42.33,41.88,99.53M,-2.02%
01/30/2020,42.98,42.66,43.03,42.43,105.86M,-1.49%
01/29/2020,43.63,43.76,43.79,43.5,51.82M,0.48%
01/28/2020,43.42,43.22,43.5,43.03,82.40M,0.84%
01/27/2020,43.06,42.74,44.97,42.66,129.32M,-3.45%
01/24/2020,44.6,45.02,45.03,44.39,88.65M,-0.80%
01/23/2020,44.96,44.72,45.1,44.48,88.71M,-1.03%
01/22/2020,45.43,45.56,45.58,45.3,57.59M,0.82%
01/21/2020,45.06,45.27,45.35,45.03,106.66M,-2.53%
01/17/2020,46.23,46.12,46.26,46.01,72.38M,0.57%
01/16/2020,45.97,45.98,46.04,45.83,50.71M,0.63%
01/15/2020,45.68,45.87,45.92,45.6,60.62M,-0.78%
01/14/2020,46.04,46.03,46.07,45.82,75.76M,-0.56%
01/13/2020,46.3,45.91,46.32,45.81,79.60M,1.56%
01/10/20,45.59,45.64,45.77,45.53,67.57M,0.53%
01/09/20,45.35,45.48,45.48,45.26,53.20M,0.67%
01/08/20,45.05,44.73,45.3,44.69,86.91M,0.58%
01/07/20,44.79,44.79,44.9,44.69,65.78M,-0.07%
01/06/20,44.82,44.6,44.87,44.59,40.09M,-0.24%
01/03/20,44.93,45.03,45.26,44.91,79.00M,-1.86%
01/02/20,45.78,45.36,45.78,45.35,78.49M,2.03%
12/31/2019,44.87,44.8,44.92,44.67,47.30M,0.22%
12/30/2019,44.77,45.18,45.18,44.71,44.53M,-0.67%
12/27/2019,45.07,45.18,45.2,44.95,48.41M,0.40%
12/26/2019,44.89,44.74,44.91,44.72,24.95M,0.72%
12/24/2019,44.57,44.58,44.62,44.48,18.95M,-0.22%
12/23/2019,44.67,44.59,44.67,44.54,29.48M,0.13%
12/20/2019,44.61,44.57,44.67,44.5,69.30M,0.20%
12/19/2019,44.52,44.36,44.53,44.33,59.36M,0.04%
12/18/2019,44.5,44.46,44.51,44.36,67.07M,0.54%
12/17/2019,44.26,44.2,44.31,44.12,79.06M,0.91%
12/16/2019,43.86,43.89,44.01,43.82,81.83M,-0.66%
12/13/2019,44.15,44.28,44.6,44.03,160.53M,-0.05%
12/12/19,44.17,43.55,44.23,43.51,132.21M,1.73%
12/11/19,43.42,43.03,43.46,43.01,60.09M,1.47%
12/10/19,42.79,42.73,42.88,42.65,34.79M,0.35%
12/09/19,42.64,42.77,42.91,42.62,38.94M,-0.40%
12/06/19,42.81,42.81,42.87,42.72,56.77M,0.59%
12/05/19,42.56,42.46,42.62,42.39,43.35M,0.45%
12/04/19,42.37,42.37,42.44,42.31,47.03M,0.74%
12/03/19,42.06,41.91,42.07,41.72,50.65M,-0.50%
12/02/19,42.27,42.41,42.42,42.12,59.78M,-0.02%
11/29/2019,42.28,42.38,42.46,42.28,35.48M,-1.58%
11/27/2019,42.96,42.83,42.98,42.76,30.40M,0.12%
11/26/2019,42.91,42.8,42.93,42.63,49.57M,-0.30%
11/25/2019,43.04,42.88,43.08,42.84,57.05M,1.01%
11/22/2019,42.61,42.69,42.73,42.51,23.52M,0.00%
11/21/2019,42.61,42.53,42.63,42.42,43.84M,-0.21%
11/20/2019,42.7,42.74,42.9,42.52,51.99M,-0.44%
11/19/2019,42.89,43.12,43.12,42.83,40.85M,0.21%
11/18/2019,42.8,42.88,42.96,42.76,52.55M,-0.16%
11/15/2019,42.87,42.81,42.96,42.77,67.67M,0.80%
11/14/2019,42.53,42.46,42.59,42.31,48.74M,0.07%
11/13/2019,42.5,42.4,42.58,42.34,63.20M,-0.77%
11/12/19,42.83,43,43.02,42.75,57.45M,-0.65%
11/11/19,43.11,42.88,43.15,42.84,47.09M,-0.71%
11/08/19,43.42,43.47,43.56,43.33,68.67M,-0.91%
11/07/19,43.82,43.83,43.98,43.76,97.60M,0.74%
11/06/19,43.5,43.61,43.65,43.36,61.67M,-0.32%
11/05/19,43.64,43.65,43.68,43.44,62.35M,0.58%
11/04/19,43.39,43.51,43.56,43.32,62.19M,1.00%
11/01/19,42.96,42.77,42.99,42.75,72.77M,1.51%
10/31/2019,42.32,42.5,42.51,42.11,56.06M,-0.80%
10/30/2019,42.66,42.37,42.66,42.2,60.88M,0.45%
10/29/2019,42.47,42.47,42.6,42.43,33.95M,-0.52%
10/28/2019,42.69,42.64,42.8,42.62,56.28M,0.59%
10/25/2019,42.44,42.15,42.47,42.13,49.44M,0.69%
10/24/2019,42.15,42.32,42.33,42.12,61.73M,0.00%
10/23/2019,42.15,41.97,42.19,41.94,43.37M,0.02%
10/22/2019,42.14,42.14,42.28,42.08,59.63M,0.07%
10/21/2019,42.11,41.91,42.11,41.84,38.55M,0.91%
10/18/2019,41.73,41.86,41.96,41.62,78.86M,-0.52%
10/17/2019,41.95,42.12,42.14,41.89,56.58M,0.38%
10/16/2019,41.79,41.63,41.83,41.54,40.79M,0.29%
10/15/2019,41.67,41.42,41.76,41.4,51.17M,0.90%
10/14/2019,41.3,41.43,41.49,41.29,29.27M,-0.43%
10/11/19,41.48,41.44,41.79,41.38,96.07M,1.62%
10/10/19,40.82,40.56,40.99,40.55,52.32M,1.01%
10/09/19,40.41,40.43,40.57,40.36,41.48M,0.77%
10/08/19,40.1,40.31,40.36,40.07,58.68M,-0.72%
10/07/19,40.39,40.48,40.68,40.35,57.12M,-0.81%
10/04/19,40.72,40.43,40.8,40.38,54.33M,0.42%
10/03/19,40.55,40.17,40.55,40.06,62.38M,1.30%
10/02/19,40.03,40.04,40.1,39.83,41.85M,-0.77%
10/01/19,40.34,40.65,40.66,40.31,48.91M,-0.69%
09/30/2019,40.62,40.73,40.85,40.58,44.22M,0.54%
09/27/2019,40.4,40.92,41.02,40.25,79.89M,-1.27%
09/26/2019,40.92,41,41.05,40.8,38.03M,-0.02%
09/25/2019,40.93,40.69,41.02,40.55,43.47M,-0.07%
09/24/2019,40.96,41.38,41.39,40.92,57.47M,-1.06%
09/23/2019,41.4,41.16,41.42,41.16,43.55M,0.10%
09/20/2019,41.36,41.63,41.68,41.19,86.13M,0.10%
09/19/2019,41.32,41.49,41.62,41.25,52.53M,-0.41%
09/18/2019,41.49,41.59,41.64,41.16,71.02M,-0.41%
09/17/2019,41.66,41.28,41.69,41.25,98.99M,0.00%
09/16/2019,41.66,41.66,41.86,41.56,62.91M,-0.79%
09/13/2019,41.99,42,42.1,41.91,58.40M,0.57%
09/12/19,41.75,41.72,42,41.57,74.59M,0.72%
09/11/19,41.45,41.31,41.48,41.24,62.56M,0.70%
09/10/19,41.16,41.09,41.24,40.92,48.45M,0.07%
09/09/19,41.13,41.11,41.25,41,38.55M,0.32%
09/06/19,41,41.05,41.14,40.95,48.72M,0.44%
09/05/19,40.82,40.84,40.97,40.8,72.71M,1.11%
09/04/19,40.37,40.25,40.42,40.16,65.96M,1.69%
09/03/19,39.7,39.49,39.71,39.49,50.34M,-0.63%
08/30/2019,39.95,39.97,39.97,39.72,57.07M,0.78%
08/29/2019,39.64,39.45,39.67,39.31,43.36M,1.12%
08/28/2019,39.2,39.02,39.27,38.93,49.48M,0.28%
08/27/2019,39.09,39.29,39.43,39.06,62.91M,0.18%
08/26/2019,39.02,39.09,39.14,38.93,58.15M,0.52%
08/23/2019,38.82,39.31,39.69,38.76,80.56M,-1.47%
08/22/2019,39.4,39.62,39.68,39.29,41.60M,-1.30%
08/21/2019,39.92,39.96,39.96,39.73,41.68M,0.96%
08/20/2019,39.54,39.59,39.73,39.49,44.92M,0.20%
08/19/2019,39.46,39.8,39.81,39.43,43.33M,0.41%
08/16/2019,39.3,39.12,39.4,39.12,53.44M,1.37%
08/15/2019,38.77,38.87,38.93,38.58,78.40M,0.68%
08/14/2019,38.51,38.86,38.96,38.49,102.91M,-2.88%
08/13/2019,39.65,38.86,39.87,38.79,110.81M,1.28%
08/12/19,39.15,39.13,39.28,39.04,78.56M,-1.21%
08/09/19,39.63,39.79,39.85,39.46,64.70M,-1.02%
08/08/19,40.04,39.8,40.06,39.7,81.19M,1.24%
08/07/19,39.55,38.97,39.57,38.82,106.77M,0.46%
08/06/19,39.37,39.48,39.57,39.11,88.07M,1.42%
08/05/19,38.82,39.19,39.27,38.62,131.19M,-3.70%
08/02/19,40.31,40.55,40.63,40.19,92.80M,-0.96%
08/01/19,40.7,41.53,41.85,40.6,139.33M,-1.97%
07/31/2019,41.52,42.02,42.04,41.03,98.76M,-1.24%
07/30/2019,42.04,42.04,42.18,41.91,57.34M,-0.76%
07/29/2019,42.36,42.3,42.39,42.16,31.91M,-0.19%
07/26/2019,42.44,42.52,42.56,42.32,33.07M,0.21%
07/25/2019,42.35,42.64,42.85,42.27,55.33M,-0.89%
07/24/2019,42.73,42.61,42.76,42.61,40.36M,0.16%
07/23/2019,42.66,42.66,42.76,42.49,37.25M,0.12%
07/22/2019,42.61,42.71,42.77,42.58,29.83M,0.02%
07/19/2019,42.6,42.94,42.96,42.56,81.77M,-0.51%
07/18/2019,42.82,42.54,42.87,42.52,63.38M,0.61%
07/17/2019,42.56,42.67,42.75,42.51,32.87M,-0.30%
07/16/2019,42.69,42.8,42.92,42.65,37.09M,-0.14%
07/15/2019,42.75,42.77,42.84,42.71,28.03M,0.38%
07/12/19,42.59,42.6,42.63,42.42,30.51M,0.07%
07/11/19,42.56,42.79,42.79,42.44,44.49M,-0.19%
07/10/19,42.64,42.71,42.87,42.6,53.67M,0.85%
07/09/19,42.28,42.08,42.33,42.07,28.23M,-0.31%
07/08/19,42.41,42.37,42.47,42.3,37.68M,-0.61%
07/05/19,42.67,42.67,42.77,42.45,51.68M,-0.70%
07/03/19,42.97,42.85,42.97,42.79,31.22M,-0.19%
07/02/19,43.05,43.12,43.15,42.93,67.52M,-0.25%
07/01/19,43.16,43.44,43.48,43,73.40M,1.20%
06/28/2019,42.65,42.71,42.74,42.52,66.24M,-0.14%
06/27/2019,42.71,42.59,42.73,42.52,42.36M,0.71%
06/26/2019,42.41,42.34,42.56,42.31,45.13M,0.93%
06/25/2019,42.02,42.28,42.33,41.96,62.17M,-1.01%
06/24/2019,42.45,42.49,42.56,42.41,37.03M,-0.14%
06/21/2019,42.51,42.48,42.61,42.41,55.54M,-0.33%
06/20/2019,42.65,42.92,42.95,42.48,89.20M,1.45%
06/19/2019,42.04,41.77,42.25,41.67,105.75M,0.84%
06/18/2019,41.69,41.15,41.78,41.14,112.48M,2.43%
06/17/2019,40.7,40.58,40.78,40.57,48.72M,-0.37%
06/14/2019,40.85,41.04,41.06,40.83,71.47M,-1.11%
06/13/2019,41.31,41.44,41.51,41.18,59.72M,-0.17%
06/12/19,41.38,41.53,41.56,41.3,55.12M,-1.08%
06/11/19,41.83,41.9,41.96,41.71,69.04M,1.14%
06/10/19,41.36,41.31,41.56,41.22,57.25M,1.05%
06/07/19,40.93,40.83,41.27,40.81,63.58M,0.76%
06/06/19,40.62,40.59,40.7,40.45,47.72M,0.05%
06/05/19,40.6,40.97,40.99,40.49,64.07M,-0.78%
06/04/19,40.92,40.66,40.95,40.58,64.14M,0.22%
06/03/19,40.83,40.8,41.05,40.72,75.62M,0.89%
05/31/2019,40.47,40.14,40.56,40.11,85.22M,0.35%
05/30/2019,40.33,40.24,40.49,40.2,69.63M,0.55%
05/29/2019,40.11,39.69,40.13,39.64,82.06M,0.65%
05/28/2019,39.85,40.13,40.18,39.77,98.40M,0.35%
05/24/2019,39.71,39.98,40.03,39.67,66.38M,0.10%
05/23/2019,39.67,39.64,39.84,39.51,86.73M,-1.29%
05/22/2019,40.19,40.34,40.38,40.15,44.12M,-0.50%
05/21/2019,40.39,40.15,40.4,40.05,59.83M,1.28%
05/20/2019,39.88,39.93,40.06,39.73,53.81M,-0.42%
05/17/2019,40.05,40.11,40.39,40.01,83.97M,-1.79%
05/16/2019,40.78,40.92,41.17,40.76,60.10M,-0.49%
05/15/2019,40.98,40.65,41.06,40.6,79.04M,0.20%
05/14/2019,40.9,40.88,41.05,40.73,89.41M,1.39%
05/13/2019,40.34,40.44,40.62,40.14,154.67M,-3.33%
05/10/19,41.73,41.6,41.86,41.09,90.34M,0.60%
05/09/19,41.48,41.2,41.68,40.9,130.85M,-1.59%
05/08/19,42.15,42.32,42.5,42.13,73.55M,-0.14%
05/07/19,42.21,42.6,42.6,41.96,94.19M,-1.95%
05/06/19,43.05,42.58,43.13,42.53,80.98M,-2.05%
05/03/19,43.95,43.76,44.01,43.69,56.64M,1.17%
05/02/19,43.44,43.44,43.59,43.19,53.10M,0.23%
05/01/19,43.34,43.75,44.08,43.28,98.63M,-0.76%
04/30/2019,43.67,43.59,43.76,43.37,69.58M,-0.09%
04/29/2019,43.71,43.74,43.79,43.62,34.40M,0.21%
04/26/2019,43.62,43.52,43.7,43.38,55.44M,0.39%
04/25/2019,43.45,43.24,43.46,43.11,61.17M,-0.14%
04/24/2019,43.51,43.81,43.82,43.37,68.96M,-1.34%
04/23/2019,44.1,43.93,44.18,43.88,32.83M,0.23%
04/22/2019,44,43.88,44.05,43.8,35.93M,-0.65%
04/18/2019,44.29,44.16,44.38,44.03,56.64M,-0.07%
04/17/2019,44.32,44.5,44.57,44.21,56.94M,0.29%
04/16/2019,44.19,44.05,44.25,44.05,43.86M,0.73%
04/15/2019,43.87,44.05,44.07,43.7,37.96M,-0.50%
04/12/19,44.09,44.21,44.25,43.99,54.70M,0.71%
04/11/19,43.78,43.93,43.96,43.66,55.15M,-1.06%
04/10/19,44.25,44.23,44.37,44.14,51.14M,0.48%
04/09/19,44.04,44.16,44.19,44,49.53M,-0.20%
04/08/19,44.13,43.92,44.17,43.84,30.21M,0.00%
04/05/19,44.13,43.92,44.15,43.88,50.36M,0.75%
04/04/19,43.8,43.52,43.88,43.49,47.03M,0.62%
04/03/19,43.53,43.65,43.88,43.47,73.64M,0.69%
04/02/19,43.23,43.41,43.43,43.09,48.69M,-0.32%
04/01/19,43.37,43.24,43.41,43.14,70.46M,1.66%
03/29/2019,42.66,42.69,42.74,42.46,70.44M,1.02%
03/28/2019,42.23,42.09,42.27,41.94,41.05M,0.67%
03/27/2019,41.95,42.19,42.27,41.81,72.80M,-1.06%
03/26/2019,42.4,42.41,42.52,42.18,57.15M,0.31%
03/25/2019,42.27,42.09,42.4,42.05,53.29M,0.21%
03/22/2019,42.18,42.79,42.89,42.14,118.62M,-2.92%
03/21/2019,43.45,43.16,43.46,43.06,71.40M,0.14%
03/20/2019,43.39,43.18,43.75,42.88,90.68M,0.16%
03/19/2019,43.32,43.35,43.48,43.22,53.19M,0.05%
03/18/2019,43.3,43.13,43.32,43.07,42.15M,1.12%
03/15/2019,42.82,42.59,42.88,42.56,139.87M,1.45%
03/14/2019,42.21,42.26,42.28,42.04,58.46M,-0.52%
03/13/2019,42.43,42.4,42.49,42.29,61.45M,0.12%
03/12/19,42.38,42.38,42.49,42.3,42.73M,0.50%
03/11/19,42.17,41.76,42.22,41.76,63.00M,1.88%
03/08/19,41.39,41.19,41.43,41.14,97.74M,-0.72%
03/07/19,41.69,42.23,42.24,41.62,83.42M,-1.84%
03/06/19,42.47,42.73,42.79,42.4,61.24M,-0.56%
03/05/19,42.71,42.49,42.78,42.41,54.58M,0.99%
03/04/19,42.29,42.46,42.52,41.93,94.17M,0.12%
03/01/19,42.24,42.52,42.55,42.16,94.26M,0.12%
02/28/2019,42.19,42.46,42.48,42.19,87.43M,-1.29%
02/27/2019,42.74,42.83,42.9,42.59,69.47M,-0.86%
02/26/2019,43.11,42.96,43.26,42.93,58.33M,-0.35%
02/25/2019,43.26,43.25,43.47,43.16,66.53M,1.12%
02/22/2019,42.78,42.67,42.9,42.58,58.02M,1.11%
02/21/2019,42.31,42.37,42.41,42.12,48.09M,-0.21%
02/20/2019,42.4,42.39,42.67,42.28,73.69M,0.55%
02/19/2019,42.17,41.68,42.26,41.68,64.39M,0.79%
02/15/2019,41.84,41.88,41.88,41.7,72.36M,-0.14%
02/14/2019,41.9,41.57,42.05,41.49,91.30M,0.19%
02/13/2019,41.82,42.14,42.22,41.72,82.32M,-0.71%
02/12/19,42.12,42.12,42.29,42.06,66.07M,0.84%
02/11/19,41.77,41.99,42.01,41.75,42.21M,-0.33%
02/08/19,41.91,41.84,41.98,41.59,64.21M,-0.57%
02/07/19,42.15,42.24,42.45,41.78,101.06M,-0.99%
02/06/19,42.57,42.96,42.99,42.48,58.20M,-1.37%
02/05/19,43.16,42.77,43.2,42.7,81.72M,1.39%
02/04/19,42.57,42.37,42.69,42.28,45.77M,0.16%
02/01/19,42.5,42.52,42.58,42.37,65.77M,-0.79%
01/31/2019,42.84,42.53,42.88,42.52,119.93M,0.85%
01/30/2019,42.48,41.83,42.57,41.63,127.80M,2.16%
01/29/2019,41.58,41.72,41.74,41.48,56.52M,0.17%
01/28/2019,41.51,41.32,41.54,41.19,85.54M,-1.05%
01/25/2019,41.95,41.85,42.06,41.79,105.78M,1.33%
01/24/2019,41.4,41.03,41.43,41.03,76.08M,0.98%
01/23/2019,41,40.96,41.03,40.65,66.63M,1.01%
01/22/2019,40.59,40.81,40.9,40.41,101.29M,-1.72%
01/18/2019,41.3,41.27,41.47,41.17,98.17M,0.49%
01/17/2019,41.1,40.6,41.3,40.56,85.52M,0.44%
01/16/2019,40.92,40.71,41.06,40.7,82.54M,1.21%
01/15/2019,40.43,40.38,40.64,40.31,78.91M,0.70%
01/14/2019,40.15,39.97,40.33,39.9,76.22M,-0.84%
01/11/19,40.49,40.36,40.56,40.26,63.14M,-0.47%
01/10/19,40.68,40.18,40.71,40.18,85.21M,0.69%
01/09/19,40.4,40.1,40.62,40.09,125.12M,1.79%
01/08/19,39.69,39.56,39.76,39.33,70.52M,0.38%
01/07/19,39.54,39.48,39.71,39.26,76.60M,0.23%
01/04/19,39.45,38.78,39.62,38.69,103.06M,3.22%
01/03/19,38.22,38.5,38.53,38.07,62.77M,-1.82%
01/02/19,38.93,38.36,38.95,38.34,57.20M,0.26%
12/31/2018,38.83,39.26,39.3,38.7,72.97M,-0.44%
12/28/2018,39,38.96,39.22,38.77,72.87M,0.93%
12/27/2018,38.64,38.17,38.68,38.02,81.79M,-0.13%
12/26/2018,38.69,38.18,38.73,37.81,96.35M,2.00%
12/24/2018,37.93,38.21,38.49,37.93,50.71M,-0.94%
12/21/2018,38.29,38.67,38.88,38.09,143.67M,-0.70%
12/20/2018,38.56,38.65,38.9,38.23,183.91M,0.78%
12/19/2018,38.26,39.09,39.49,37.94,204.05M,-1.67%
12/18/2018,38.91,38.94,39.14,38.8,102.51M,-0.79%
12/17/2018,39.22,39.65,39.8,39.09,109.28M,-0.93%
12/14/2018,39.59,39.65,39.94,39.56,94.92M,-1.42%
12/13/2018,40.16,40.32,40.44,40.11,72.45M,-0.02%
12/12/18,40.17,40.26,40.54,40.14,89.71M,1.64%
12/11/18,39.52,39.78,39.79,39.24,104.01M,0.76%
12/10/18,39.22,39.37,39.44,38.74,104.47M,-1.06%
12/07/18,39.64,40.34,40.61,39.54,134.30M,-1.88%
12/06/18,40.4,39.69,40.44,39.44,165.16M,-0.91%
12/04/18,40.77,41.7,41.77,40.68,134.76M,-2.14%
12/03/18,41.66,41.88,41.9,41.45,125.02M,2.03%
11/30/2018,40.83,40.71,40.92,40.56,92.96M,-0.10%
11/29/2018,40.87,40.94,41.15,40.67,104.24M,-0.87%
11/28/2018,41.23,40.55,41.26,40.23,121.01M,2.38%
11/27/2018,40.27,39.85,40.27,39.79,81.07M,0.70%
11/26/2018,39.99,40.06,40.18,39.84,76.32M,1.24%
11/23/2018,39.5,39.5,39.71,39.47,32.05M,-1.18%
11/21/2018,39.97,39.97,40.24,39.89,68.10M,1.86%
11/20/2018,39.24,39.48,39.67,39.1,98.27M,-2.17%
11/19/2018,40.11,40.38,40.44,40,77.78M,-1.33%
11/16/2018,40.65,40.25,40.86,40.13,135.08M,0.17%
11/15/2018,40.58,39.9,40.8,39.82,146.48M,2.24%
11/14/2018,39.69,39.82,39.95,39.33,96.62M,0.61%
11/13/2018,39.45,39.38,39.83,39.2,106.31M,1.15%
11/12/18,39,39.43,39.5,38.91,68.57M,-1.42%
11/09/18,39.56,39.69,39.74,39.25,82.94M,-1.86%
11/08/18,40.31,40.84,40.98,40.18,90.61M,-2.59%
11/07/18,41.38,41.16,41.45,40.91,81.01M,1.87%
11/06/18,40.62,40.48,40.68,40.4,40.85M,-0.15%
11/05/18,40.68,40.57,40.77,40.46,58.32M,0.25%
11/02/18,40.58,41,41.15,40.17,111.32M,0.64%
11/01/18,40.32,39.54,40.35,39.32,120.48M,3.57%
10/31/2018,38.93,38.93,39.15,38.77,92.77M,1.09%
10/30/2018,38.51,38,38.52,37.92,99.88M,1.96%
10/29/2018,37.77,38.78,38.84,37.35,102.32M,-1.74%
10/26/2018,38.44,38.08,38.74,37.91,139.20M,-1.16%
10/25/2018,38.89,38.59,39.15,38.48,80.96M,1.94%
10/24/2018,38.15,39.22,39.27,38.13,87.63M,-3.22%
10/23/2018,39.42,38.92,39.65,38.7,89.86M,-1.10%
10/22/2018,39.86,40.1,40.18,39.68,67.72M,1.09%
10/19/2018,39.43,39.67,39.91,39.34,81.18M,0.95%
10/18/2018,39.06,39.69,39.72,38.93,107.01M,-2.64%
10/17/2018,40.12,40.31,40.34,39.92,69.72M,-1.23%
10/16/2018,40.62,40.12,40.65,40.05,65.95M,2.52%
10/15/2018,39.62,39.7,39.9,39.54,52.65M,-1.07%
10/12/18,40.05,40.02,40.12,39.51,116.89M,2.93%
10/11/18,38.91,39.08,39.5,38.54,168.92M,-0.99%
10/10/18,39.3,40.3,40.31,39.29,99.04M,-2.99%
10/09/18,40.51,40.33,40.71,40.19,60.98M,-0.34%
10/08/18,40.65,40.32,40.74,40.24,59.74M,0.12%
10/05/18,40.6,40.76,40.83,40.22,80.58M,-0.34%
10/04/18,40.74,41.36,41.37,40.57,132.36M,-2.51%
10/03/18,41.79,42.43,42.46,41.67,76.57M,-0.83%
10/02/18,42.14,42.12,42.34,42,57.72M,-1.24%
10/01/18,42.67,42.87,42.9,42.57,31.03M,0.02%
09/28/2018,42.66,42.63,42.89,42.52,64.73M,-0.68%
09/27/2018,42.95,42.87,43.09,42.83,45.55M,0.49%
09/26/2018,42.74,42.72,43.25,42.68,84.08M,0.21%
09/25/2018,42.65,42.55,42.75,42.5,49.47M,0.40%
09/24/2018,42.48,42.47,42.53,42.33,54.41M,-1.14%
09/21/2018,42.97,42.83,43.04,42.77,102.75M,0.47%
09/20/2018,42.77,42.67,42.8,42.43,93.43M,1.11%
09/19/2018,42.3,42.08,42.35,42.07,55.89M,1.37%
09/18/2018,41.73,41.53,41.8,41.52,52.00M,0.97%
09/17/2018,41.33,41.4,41.56,41.27,74.60M,-0.91%
09/14/2018,41.71,41.98,42.03,41.51,65.20M,-0.10%
09/13/2018,41.75,41.81,42.03,41.56,96.31M,1.36%
09/12/18,41.19,40.79,41.44,40.64,116.61M,0.51%
09/11/18,40.98,40.5,40.99,40.39,74.61M,0.22%
09/10/18,40.89,41.29,41.29,40.84,61.12M,-0.99%
09/07/18,41.3,41.38,41.69,41.14,61.59M,-0.51%
09/06/18,41.51,41.55,41.66,41.23,73.10M,0.10%
09/05/18,41.47,41.59,41.66,41.34,77.84M,-1.45%
09/04/18,42.08,42.24,42.24,41.97,76.72M,-1.93%
08/31/2018,42.91,42.63,43.05,42.58,88.66M,0.52%
08/30/2018,42.69,43.16,43.16,42.54,120.21M,-2.62%
08/29/2018,43.84,43.47,43.86,43.38,58.17M,0.62%
08/28/2018,43.57,43.85,43.92,43.48,50.09M,-0.37%
08/27/2018,43.73,43.51,43.9,43.5,96.57M,1.44%
08/24/2018,43.11,42.96,43.14,42.82,69.30M,1.87%
08/23/2018,42.32,42.87,43,42.27,68.88M,-1.63%
08/22/2018,43.02,42.72,43.09,42.72,45.60M,0.80%
08/21/2018,42.68,42.57,42.85,42.54,70.46M,1.26%
08/20/2018,42.15,42.06,42.19,41.92,50.76M,0.45%
08/17/2018,41.96,41.37,42.06,41.27,76.03M,1.06%
08/16/2018,41.52,41.67,41.86,41.5,78.12M,0.63%
08/15/2018,41.26,41.29,41.46,40.88,138.63M,-2.87%
08/14/2018,42.48,42.38,42.6,42.3,56.72M,0.59%
08/13/2018,42.23,42.53,42.63,42.11,75.18M,-1.63%
08/10/18,42.93,42.88,43.07,42.79,86.63M,-2.14%
08/09/18,43.87,44.05,44.15,43.84,35.01M,-0.27%
08/08/18,43.99,43.96,44.05,43.83,30.61M,-0.14%
08/07/18,44.05,44.11,44.28,44.03,38.72M,1.01%
08/06/18,43.61,43.63,43.76,43.5,33.15M,-0.75%
08/03/18,43.94,43.76,43.99,43.71,41.04M,0.76%
08/02/18,43.61,43.29,43.68,43.2,68.68M,-1.31%
08/01/18,44.19,44.2,44.42,44.07,61.76M,-0.90%
07/31/2018,44.59,44.35,44.66,44.24,88.22M,0.54%
07/30/2018,44.35,44.52,44.59,44.22,41.54M,-0.16%
07/27/2018,44.42,44.59,44.68,44.18,63.74M,0.36%
07/26/2018,44.26,44.38,44.51,44.23,68.71M,-1.12%
07/25/2018,44.76,44.33,44.79,44.21,77.83M,1.63%
07/24/2018,44.04,44.12,44.3,43.91,66.64M,1.45%
07/23/2018,43.41,43.5,43.51,43.27,57.68M,-0.66%
07/20/2018,43.7,43.51,43.78,43.48,75.11M,1.44%
07/19/2018,43.08,42.94,43.26,42.8,72.55M,-1.24%
07/18/2018,43.62,43.43,43.66,43.3,41.18M,-0.11%
07/17/2018,43.67,43.18,43.75,43.13,46.91M,0.74%
07/16/2018,43.35,43.38,43.44,43.19,31.72M,-0.55%
07/13/2018,43.59,43.51,43.68,43.36,40.52M,0.07%
07/12/18,43.56,43.5,43.65,43.34,53.83M,1.37%
07/11/18,42.97,43.11,43.32,42.8,58.68M,-1.96%
07/10/18,43.83,43.79,43.85,43.48,63.81M,-0.23%
07/09/18,43.93,43.75,43.93,43.53,80.55M,1.81%
07/06/18,43.15,42.69,43.32,42.66,69.93M,1.39%
07/05/18,42.56,42.79,42.83,42.39,67.39M,-0.26%
07/03/18,42.67,42.92,42.96,42.61,28.64M,0.07%
07/02/18,42.64,42.36,42.71,42.27,78.85M,-1.00%
06/29/2018,43.07,42.98,43.19,42.94,108.88M,1.51%
06/28/2018,42.43,42.04,42.45,41.9,105.35M,0.83%
06/27/2018,42.08,42.84,42.85,41.95,95.34M,-1.91%
06/26/2018,42.9,43.09,43.16,42.79,70.23M,-0.39%
06/25/2018,43.07,43.25,43.29,42.64,110.85M,-1.35%
06/22/2018,43.66,43.84,43.86,43.51,55.93M,1.04%
06/21/2018,43.21,43.56,43.58,43.15,86.21M,-1.41%
06/20/2018,43.83,44.03,44.09,43.77,69.82M,0.44%
06/19/2018,43.64,43.31,43.72,43.15,122.66M,-1.73%
06/18/2018,44.41,44.32,44.47,44.07,83.53M,-1.22%
06/15/2018,44.96,44.9,45.02,44.65,86.07M,-0.79%
06/14/2018,45.32,45.62,45.71,45.27,76.09M,-0.66%
06/13/2018,45.62,46.01,46.08,45.35,100.70M,-0.67%
06/12/18,45.93,46.03,46.09,45.75,57.19M,-0.26%
06/11/18,46.05,46.1,46.22,45.98,38.32M,0.00%
06/08/18,46.05,45.89,46.25,45.71,73.94M,-0.20%
06/07/18,46.14,46.69,46.74,45.85,89.75M,-1.54%
06/06/18,46.86,46.56,46.87,46.46,46.80M,1.52%
06/05/18,46.16,46.38,46.46,46.14,40.09M,-0.77%
06/04/18,46.52,46.44,46.63,46.42,36.30M,1.02%
06/01/18,46.05,45.78,46.07,45.72,66.76M,1.39%
05/31/2018,45.42,45.38,45.64,45.19,92.07M,-0.04%
05/30/2018,45.44,45.09,45.49,44.89,72.81M,0.80%
05/29/2018,45.08,45.47,45.6,44.85,112.09M,-2.32%
05/25/2018,46.15,45.95,46.22,45.91,39.37M,0.41%
05/24/2018,45.96,45.96,46.05,45.46,79.76M,-0.54%
05/23/2018,46.21,45.68,46.25,45.67,70.69M,-0.04%
05/22/2018,46.23,46.27,46.47,46.17,32.58M,0.35%
05/21/2018,46.07,46.17,46.26,45.88,59.33M,0.61%
05/18/2018,45.79,45.77,45.91,45.66,59.26M,-0.84%
05/17/2018,46.18,46.39,46.52,46.03,73.01M,-1.54%
05/16/2018,46.9,46.64,46.99,46.64,60.00M,1.52%
05/15/2018,46.2,46.3,46.42,46,78.38M,-2.08%
05/14/2018,47.18,47.37,47.49,47.11,34.35M,0.13%
05/11/18,47.12,47.39,47.44,46.99,68.84M,-0.17%
05/10/18,47.2,46.79,47.36,46.71,115.80M,2.10%
05/09/18,46.23,46.28,46.33,45.99,46.13M,0.20%
05/08/18,46.14,45.99,46.16,45.7,58.78M,0.57%
05/07/18,45.88,45.77,46.07,45.74,58.89M,-0.59%
05/04/18,46.15,45.5,46.31,45.45,60.10M,0.46%
05/03/18,45.94,46.01,46.07,45.33,83.45M,-0.22%
05/02/18,46.04,46.46,46.56,46,66.84M,-0.80%
05/01/18,46.41,46.36,46.48,45.82,75.84M,-0.49%
04/30/2018,46.64,47.15,47.21,46.63,49.18M,-0.72%
04/27/2018,46.98,46.96,47.05,46.69,33.54M,0.62%
04/26/2018,46.69,46.29,46.71,46.26,45.05M,1.46%
04/25/2018,46.02,46.03,46.13,45.73,69.11M,-0.78%
04/24/2018,46.38,46.98,47.08,46.15,72.20M,-0.47%
04/23/2018,46.6,46.89,47.02,46.49,74.34M,-0.81%
04/20/2018,46.98,47.3,47.33,46.77,81.00M,-1.24%
04/19/2018,47.57,47.97,48,47.42,67.58M,-0.59%
04/18/2018,47.85,47.62,48.02,47.55,80.29M,0.86%
04/17/2018,47.44,47.14,47.58,47.12,58.17M,0.21%
04/16/2018,47.34,47.22,47.38,47.07,43.01M,0.13%
04/13/2018,47.28,47.72,47.77,47.16,56.52M,-1.01%
04/12/18,47.76,47.68,47.9,47.6,52.97M,-0.04%
04/11/18,47.78,47.46,47.89,47.45,51.57M,0.04%
04/10/18,47.76,47.53,47.83,47.32,90.10M,1.94%
04/09/18,46.85,47.14,47.37,46.84,55.35M,0.11%
04/06/18,46.8,47.25,47.58,46.52,76.16M,-1.95%
04/05/18,47.73,47.8,47.97,47.54,48.25M,0.25%
04/04/18,47.61,46.31,47.64,46.26,68.35M,0.04%
04/03/18,47.59,47.55,47.65,47.18,52.87M,0.98%
04/02/18,47.13,47.66,47.88,46.68,72.41M,-1.79%
03/29/2018,47.99,47.34,48.16,47.28,84.35M,2.08%
03/28/2018,47.01,47.1,47.26,46.69,78.14M,-0.51%
03/27/2018,47.25,48.16,48.23,47.14,84.23M,-1.81%
03/26/2018,48.12,47.81,48.18,47.26,73.32M,3.24%
03/23/2018,46.61,47.65,47.74,46.58,82.91M,-2.02%
03/22/2018,47.57,48.08,48.32,47.49,87.62M,-3.33%
03/21/2018,49.21,48.87,49.4,48.72,78.58M,0.59%
03/20/2018,48.92,48.8,49.04,48.69,60.10M,1.10%
03/19/2018,48.39,48.6,48.71,48.1,65.39M,-1.06%
03/16/2018,48.91,48.85,49.05,48.83,66.16M,-0.22%
03/15/2018,49.02,49.36,49.43,48.85,65.78M,-0.37%
03/14/2018,49.2,49.49,49.56,48.93,51.07M,0.16%
03/13/2018,49.12,49.8,49.88,48.94,60.38M,-0.91%
03/12/18,49.57,49.51,49.67,49.31,52.94M,0.24%
03/09/18,49.45,48.82,49.47,48.78,58.82M,2.13%
03/08/18,48.42,48.5,48.55,48.19,46.73M,0.02%
03/07/18,48.41,48.05,48.44,47.83,46.55M,0.10%
03/06/18,48.36,48.72,48.74,48.23,57.20M,0.94%
03/05/18,47.91,47.32,48,47.26,55.91M,0.15%
03/02/18,47.84,47.07,47.94,46.82,72.76M,0.42%
03/01/18,47.64,48.08,48.46,47.22,112.69M,-0.19%
02/28/2018,47.73,48.54,48.59,47.73,102.17M,-1.45%
02/27/2018,48.43,49.23,49.29,48.43,94.67M,-2.91%
02/26/2018,49.88,49.55,49.88,49.27,51.74M,0.93%
02/23/2018,49.42,49.15,49.44,48.94,43.62M,1.77%
02/22/2018,48.56,48.68,49.05,48.52,62.44M,0.06%
02/21/2018,48.53,49,49.56,48.49,66.59M,-0.08%
02/20/2018,48.57,48.37,48.74,48.3,78.66M,-1.36%
02/16/2018,49.24,49.04,49.69,49.03,70.88M,-0.32%
02/15/2018,49.4,49.26,49.56,48.7,95.17M,2.05%
02/14/2018,48.41,47.13,48.52,47.11,96.49M,2.50%
02/13/2018,47.23,46.94,47.36,46.89,55.74M,0.77%
02/12/18,46.87,46.79,47.21,46.38,104.45M,1.58%
02/09/18,46.14,46.03,46.5,44.76,153.42M,1.59%
02/08/18,45.42,47.34,47.38,45.36,163.25M,-3.46%
02/07/18,47.05,47.71,48.23,47.02,156.30M,-3.15%
02/06/18,48.58,47.04,48.98,46.9,183.65M,3.25%
02/05/18,47.05,48.69,49.18,47.05,151.20M,-3.51%
02/02/18,48.76,49.52,49.55,48.72,116.83M,-2.56%
02/01/18,50.04,50.27,50.55,50,72.14M,-1.34%
01/31/2018,50.72,50.97,51.03,50.33,96.96M,0.86%
01/30/2018,50.29,50.44,50.5,50.08,87.60M,-1.35%
01/29/2018,50.98,51.14,51.2,50.91,58.88M,-1.53%
01/26/2018,51.77,51.42,51.77,51.3,80.57M,1.39%
01/25/2018,51.06,51.14,51.52,50.9,61.53M,-0.06%
01/24/2018,51.09,50.99,51.21,50.73,63.96M,0.85%
01/23/2018,50.66,50.43,50.68,50.35,61.28M,0.46%
01/22/2018,50.43,50.11,50.43,50,49.19M,0.58%
01/19/2018,50.14,49.98,50.14,49.82,60.50M,0.82%
01/18/2018,49.73,49.66,49.8,49.59,33.95M,0.12%
01/17/2018,49.67,49.4,49.79,49.33,65.86M,1.33%
01/16/2018,49.02,49.4,49.55,48.93,80.42M,-0.39%
01/12/18,49.21,48.85,49.24,48.72,69.36M,0.94%
01/11/18,48.75,48.38,48.75,48.37,38.72M,0.62%
01/10/18,48.45,48.39,48.55,48.24,72.18M,-0.64%
01/09/18,48.76,48.83,48.84,48.54,42.13M,-0.16%
01/08/18,48.84,48.77,48.92,48.73,37.00M,0.00%
01/05/18,48.84,48.53,48.85,48.48,50.03M,0.87%
01/04/18,48.42,48.3,48.49,48.28,52.15M,0.50%
01/03/18,48.18,48,48.24,47.99,56.23M,0.96%
01/02/18,47.72,47.49,47.78,47.44,68.97M,1.88%