"Fecha","Cierre","Apertura","Máximo","Mínimo","Vol.","% var."
"27.02.2026","196.390","197.410","198.910","193.810","12.41M","-1.23%"
"26.02.2026","198.830","197.310","200.000","197.310","6.67M","-0.02%"
"25.02.2026","198.870","200.290","200.540","196.430","6.78M","-0.47%"
"24.02.2026","199.800","198.610","200.500","197.680","10.43M","0.46%"
"23.02.2026","198.880","199.100","201.550","196.840","8.83M","-0.56%"
"20.02.2026","200.000","199.500","201.930","199.230","4.49M","-0.17%"
"19.02.2026","200.340","201.410","202.890","199.690","6.07M","-0.71%"
"18.02.2026","201.780","203.700","204.590","201.410","7.04M","-0.94%"
"17.02.2026","203.700","202.750","204.220","199.810","2.97M","0.77%"
"16.02.2026","202.140","203.840","205.120","201.780","500.79K","-1.33%"
"13.02.2026","204.870","202.390","205.490","199.610","4.14M","1.75%"
"12.02.2026","201.350","203.990","206.960","198.910","7.61M","-1.02%"
"11.02.2026","203.430","209.190","209.190","200.590","7.18M","-2.25%"
"10.02.2026","208.110","207.500","210.000","207.340","6.78M","0.47%"
"09.02.2026","207.130","209.100","209.640","206.130","6.28M","-0.78%"
"06.02.2026","208.760","200.210","209.660","200.210","7.15M","4.08%"
"05.02.2026","200.580","200.180","201.290","195.490","5.68M","0.41%"
"04.02.2026","199.760","205.950","209.650","198.100","7.48M","-3.04%"
"03.02.2026","206.020","198.790","207.490","195.090","10.76M","4.28%"
"30.01.2026","197.570","203.010","204.000","196.610","9.81M","-3.55%"
"29.01.2026","204.850","199.840","205.790","198.450","12.78M","2.51%"
"28.01.2026","199.840","190.700","199.990","189.430","9.50M","5.14%"
"27.01.2026","190.070","186.300","191.690","185.610","6.69M","1.31%"
"26.01.2026","187.620","186.890","188.080","185.000","5.10M","0.72%"
"23.01.2026","186.270","185.880","187.010","182.090","5.61M","0.23%"
"22.01.2026","185.840","185.880","188.890","183.610","6.85M","-0.52%"
"21.01.2026","186.820","182.980","189.530","182.920","7.88M","2.06%"
"20.01.2026","183.050","181.380","183.690","180.210","5.80M","0.41%"
"19.01.2026","182.300","183.800","183.800","180.810","1.28M","-0.82%"
"16.01.2026","183.800","179.760","185.090","179.760","8.45M","2.09%"
"15.01.2026","180.040","179.500","182.580","177.380","8.89M","0.78%"
"14.01.2026","178.640","170.190","179.000","169.010","8.45M","5.18%"
"13.01.2026","169.840","169.000","170.290","168.200","10.11M","0.55%"
"12.01.2026","168.910","169.500","169.810","168.010","6.14M","-0.08%"
"09.01.2026","169.050","169.580","169.860","166.610","8.23M","0.11%"
"08.01.2026","168.860","168.890","171.440","167.000","7.65M","-0.35%"
"07.01.2026","169.460","169.610","172.780","168.180","4.80M","-0.44%"
"06.01.2026","170.210","174.480","174.740","169.870","4.90M","-2.05%"
"05.01.2026","173.780","171.990","174.500","171.200","4.37M","1.53%"
"02.01.2026","171.160","167.770","172.250","167.770","7.15M","2.53%"
"31.12.2025","166.940","167.380","168.310","166.210","1.81M","-0.04%"
"30.12.2025","167.000","171.410","171.410","166.380","3.05M","-2.35%"
"29.12.2025","171.020","172.560","172.590","170.810","1.74M","-0.40%"
"26.12.2025","171.710","171.680","172.690","171.010","708.30K","-0.17%"
"24.12.2025","172.000","170.770","172.480","169.620","568.66K","0.94%"
"23.12.2025","170.400","169.610","171.350","168.500","3.60M","0.35%"
"22.12.2025","169.800","168.910","170.390","167.390","4.72M","0.53%"
"19.12.2025","168.910","169.590","171.000","168.010","22.12M","-0.40%"
"18.12.2025","169.590","164.910","170.150","164.000","5.45M","3.13%"
"17.12.2025","164.440","167.890","168.090","164.000","6.83M","-1.45%"
"16.12.2025","166.860","175.390","175.390","166.180","6.49M","-4.37%"
"15.12.2025","174.490","175.390","177.230","174.010","5.26M","-0.31%"
"11.12.2025","175.030","169.350","175.560","169.350","5.87M","3.42%"
"10.12.2025","169.250","169.500","172.190","169.020","4.23M","-0.85%"
"09.12.2025","170.700","169.960","172.870","168.750","10.66M","0.93%"
"08.12.2025","169.120","174.010","174.180","168.410","5.89M","-3.39%"
"05.12.2025","175.060","174.810","176.890","174.010","5.95M","0.14%"
"04.12.2025","174.810","174.410","176.630","173.140","6.86M","-0.69%"
"03.12.2025","176.020","177.300","178.760","174.990","8.35M","-0.71%"
"02.12.2025","177.270","176.440","178.180","174.840","8.94M","0.78%"
"01.12.2025","175.900","174.040","176.860","173.800","6.22M","0.52%"
"28.11.2025","174.990","176.000","177.390","173.010","3.05M","-0.66%"
"27.11.2025","176.150","177.240","177.940","174.650","1.19M","-0.31%"
"26.11.2025","176.700","176.230","178.810","175.840","6.19M","-0.11%"
"25.11.2025","176.890","171.800","177.270","171.800","7.89M","2.60%"
"24.11.2025","172.400","172.860","174.290","171.810","12.72M","-0.27%"
"21.11.2025","172.860","175.990","176.190","171.480","5.16M","-1.60%"
"20.11.2025","175.670","173.550","176.470","173.460","3.75M","1.27%"
"19.11.2025","173.470","172.650","173.990","172.000","3.31M","0.48%"
"18.11.2025","172.640","174.440","175.880","171.000","5.51M","-1.39%"
"14.11.2025","175.080","174.350","178.410","174.020","4.68M","-0.27%"
"13.11.2025","175.550","178.890","179.480","174.020","4.80M","-1.84%"
"12.11.2025","178.840","184.250","185.180","177.610","7.08M","-3.42%"
"11.11.2025","185.180","179.220","186.440","178.030","8.22M","3.30%"
"10.11.2025","179.260","178.300","179.800","177.300","6.35M","0.77%"
"07.11.2025","177.890","177.500","179.320","176.430","4.21M","0.45%"
"06.11.2025","177.100","177.190","178.810","175.250","5.04M","0.29%"
"05.11.2025","176.590","176.010","179.100","172.880","9.55M","-0.55%"
"04.11.2025","177.570","173.010","177.930","172.880","4.36M","1.91%"
"03.11.2025","174.250","174.850","174.850","172.600","2.49M","-0.34%"
"31.10.2025","174.850","173.180","175.370","172.300","7.41M","0.96%"
"30.10.2025","173.180","171.010","175.350","171.010","5.79M","-1.03%"
"29.10.2025","174.990","173.460","175.470","172.500","4.24M","1.01%"
"28.10.2025","173.240","170.620","173.890","170.620","8.02M","0.52%"
"27.10.2025","172.350","173.980","174.000","171.880","5.25M","0.53%"
"24.10.2025","171.440","174.950","174.950","170.450","6.88M","-0.22%"
"23.10.2025","171.820","171.430","173.370","170.660","6.10M","-0.56%"
"22.10.2025","172.790","172.990","173.960","171.360","10.00M","-0.22%"
"21.10.2025","173.170","170.390","175.000","170.390","5.94M","1.14%"
"20.10.2025","171.210","174.790","174.790","169.500","4.85M","-1.06%"
"17.10.2025","173.040","176.690","178.100","169.140","4.31M","-2.82%"
"16.10.2025","178.070","175.010","179.500","175.010","4.43M","1.03%"
"15.10.2025","176.260","173.890","177.420","172.200","28.77M","1.70%"
"14.10.2025","173.310","176.120","177.360","172.700","4.88M","-2.06%"
"13.10.2025","176.960","175.010","177.150","174.000","5.04M","1.28%"
"10.10.2025","174.730","177.550","177.800","174.140","4.00M","-1.32%"
"09.10.2025","177.070","177.100","177.990","174.910","7.50M","0.12%"
"08.10.2025","176.850","175.080","177.190","174.210","7.33M","1.04%"
"07.10.2025","175.030","174.010","178.500","174.010","5.19M","-0.26%"
"06.10.2025","175.480","179.210","180.500","174.120","7.27M","-2.58%"
"03.10.2025","180.120","181.690","182.200","179.210","3.84M","-0.39%"
"02.10.2025","180.820","182.580","183.460","180.000","3.93M","-0.80%"
"01.10.2025","182.270","184.110","185.070","179.300","5.40M","-1.20%"
"30.09.2025","184.480","181.390","186.000","177.810","7.45M","1.97%"
"29.09.2025","180.920","179.360","182.880","179.340","4.09M","0.56%"
"26.09.2025","179.910","175.990","182.430","174.230","5.41M","2.70%"
"25.09.2025","175.180","179.010","179.130","175.010","7.79M","-2.67%"
"24.09.2025","179.980","182.500","185.390","179.450","6.23M","-1.83%"
"23.09.2025","183.340","183.010","185.680","182.670","4.90M","-0.59%"
"22.09.2025","184.430","182.090","184.900","180.490","2.93M","1.67%"
"19.09.2025","181.400","183.990","183.990","180.000","18.25M","-1.41%"
"18.09.2025","183.990","186.020","186.120","182.360","7.37M","-1.38%"
"17.09.2025","186.570","185.000","187.290","183.190","11.44M","0.91%"
"15.09.2025","184.890","182.260","185.480","181.410","4.79M","1.59%"
"12.09.2025","182.000","179.120","182.450","179.010","3.42M","1.03%"
"11.09.2025","180.140","176.880","182.000","176.230","7.02M","2.39%"
"10.09.2025","175.930","174.400","178.990","174.400","5.54M","0.43%"
"09.09.2025","175.170","173.830","176.430","172.110","5.16M","0.96%"
"08.09.2025","173.510","176.190","176.290","173.010","4.12M","-1.21%"
"05.09.2025","175.630","173.490","177.690","172.280","4.71M","1.85%"
"04.09.2025","172.440","172.090","172.740","170.000","2.97M","-0.19%"
"03.09.2025","172.760","174.160","175.750","171.910","7.81M","-0.80%"
"02.09.2025","174.160","168.990","174.440","168.520","10.27M","3.21%"
"01.09.2025","168.740","170.050","170.670","167.100","979.99K","-1.15%"
"29.08.2025","170.700","170.690","171.280","167.550","6.98M","-0.52%"
"28.08.2025","171.590","168.990","172.990","167.720","8.82M","1.89%"
"27.08.2025","168.410","165.460","169.210","164.000","4.37M","1.35%"
"26.08.2025","166.170","165.850","166.980","163.330","9.93M","-0.03%"
"25.08.2025","166.220","169.250","169.250","165.540","3.26M","-1.79%"
"22.08.2025","169.250","165.150","170.330","165.150","2.48M","2.02%"
"21.08.2025","165.900","165.990","167.370","163.610","5.29M","0.47%"
"20.08.2025","165.130","166.280","167.170","163.210","4.72M","-0.99%"
"19.08.2025","166.780","165.900","167.580","165.200","5.00M","0.77%"
"18.08.2025","165.500","167.790","167.870","165.010","2.89M","-0.92%"
"15.08.2025","167.030","167.960","169.210","166.800","1.65M","-0.72%"
"14.08.2025","168.240","167.420","169.830","166.410","2.88M","-0.23%"
"13.08.2025","168.620","170.480","170.480","167.820","4.61M","-0.73%"
"12.08.2025","169.860","168.010","170.560","168.010","6.57M","0.27%"
"11.08.2025","169.400","169.090","170.610","168.250","3.57M","0.59%"
"08.08.2025","168.400","167.890","169.840","166.010","3.05M","0.75%"
"07.08.2025","167.140","167.010","168.510","165.410","8.00M","-0.55%"
"06.08.2025","168.070","167.010","170.900","167.010","3.55M","-0.20%"
"05.08.2025","168.410","164.710","169.030","164.710","3.45M","2.45%"
"04.08.2025","164.380","164.280","166.250","163.210","2.99M","-0.45%"
"01.08.2025","165.120","168.890","168.890","164.510","5.69M","-1.78%"
"31.07.2025","168.120","168.000","169.490","166.010","4.73M","0.38%"
"30.07.2025","167.490","165.560","169.300","163.610","6.07M","1.01%"
"29.07.2025","165.820","164.880","166.660","160.000","3.56M","0.84%"
"28.07.2025","164.440","166.660","168.360","162.810","5.61M","-2.05%"
"25.07.2025","167.880","168.650","169.990","166.610","3.36M","-1.07%"
"24.07.2025","169.700","165.320","170.430","164.970","6.90M","2.82%"
"23.07.2025","165.040","160.330","165.400","159.670","9.77M","3.44%"
"22.07.2025","159.550","159.860","160.530","155.500","7.40M","-0.19%"
"21.07.2025","159.860","161.720","162.490","159.520","6.07M","-0.87%"
"18.07.2025","161.270","163.490","164.190","161.010","4.57M","-1.06%"
"17.07.2025","162.990","164.760","167.200","162.750","6.48M","-1.08%"
"16.07.2025","164.770","163.220","165.220","162.510","5.47M","0.95%"
"15.07.2025","163.220","161.690","163.700","161.310","6.24M","1.42%"
"14.07.2025","160.930","163.000","163.320","160.610","6.41M","-1.14%"
"11.07.2025","162.790","165.820","166.350","161.680","7.42M","-1.83%"
"10.07.2025","165.820","171.170","172.030","165.540","7.39M","-3.80%"
"09.07.2025","172.370","174.170","175.210","171.620","3.25M","-1.23%"
"08.07.2025","174.510","172.010","174.830","170.410","3.68M","0.74%"
"07.07.2025","173.220","173.000","174.990","171.610","3.81M","0.41%"
"04.07.2025","172.510","173.890","174.490","171.970","814.97K","-0.40%"
"03.07.2025","173.200","173.920","177.500","171.060","4.02M","-1.06%"
"02.07.2025","175.050","173.090","175.820","172.740","6.34M","1.55%"
"01.07.2025","172.380","171.520","173.080","170.150","4.45M","0.50%"
"30.06.2025","171.520","173.020","176.490","170.210","5.78M","-1.89%"
"27.06.2025","174.820","174.380","176.790","173.500","5.71M","0.76%"
"26.06.2025","173.500","174.200","174.940","170.300","6.20M","-0.38%"
"25.06.2025","174.160","171.250","174.860","171.140","4.34M","1.63%"
"24.06.2025","171.360","166.900","172.400","166.900","3.61M","2.41%"
"23.06.2025","167.330","167.000","169.230","165.000","5.40M","-1.13%"
"20.06.2025","169.240","168.960","170.080","167.500","19.11M","0.15%"
"19.06.2025","168.980","170.580","173.000","168.210","1.10M","-0.61%"
"18.06.2025","170.020","170.480","171.790","169.120","4.47M","0.16%"
"17.06.2025","169.750","170.600","172.470","169.010","3.23M","-0.45%"
"16.06.2025","170.510","174.010","175.300","170.010","5.76M","-1.79%"
"13.06.2025","173.610","175.490","175.500","171.010","5.25M","-0.78%"
"12.06.2025","174.980","173.090","175.860","172.100","4.62M","1.31%"
"11.06.2025","172.710","175.390","178.390","172.180","5.10M","-1.22%"
"10.06.2025","174.840","172.880","175.010","172.810","4.33M","0.63%"
"09.06.2025","173.750","172.630","174.990","172.630","2.50M","0.18%"
"06.06.2025","173.440","170.830","174.000","168.810","5.33M","1.53%"
"05.06.2025","170.830","171.250","172.290","170.040","5.26M","-0.31%"
"04.06.2025","171.360","172.690","173.810","170.850","4.56M","-0.41%"
"03.06.2025","172.070","171.050","173.480","171.040","5.45M","-0.16%"
"02.06.2025","172.340","172.100","174.840","171.180","7.57M","0.51%"
"30.05.2025","171.460","175.410","175.700","170.770","21.15M","-2.46%"
"29.05.2025","175.790","177.060","178.090","175.260","9.70M","-0.55%"
"28.05.2025","176.770","176.200","177.710","175.010","7.88M","0.63%"
"27.05.2025","175.670","172.260","179.930","172.260","8.48M","1.98%"
"26.05.2025","172.260","172.020","172.890","169.010","750.88K","-0.67%"
"23.05.2025","173.430","170.000","173.790","165.080","5.72M","1.37%"
"22.05.2025","171.080","170.450","172.000","169.610","5.33M","0.16%"
"21.05.2025","170.810","172.560","173.210","169.000","7.33M","-1.28%"
"20.05.2025","173.030","177.000","178.090","172.510","9.13M","-2.29%"
"19.05.2025","177.080","173.980","180.820","173.980","6.33M","1.43%"
"16.05.2025","174.580","174.500","175.500","172.760","6.78M","0.11%"
"15.05.2025","174.380","171.000","174.980","168.810","7.59M","2.27%"
"14.05.2025","170.510","168.600","171.380","167.410","6.76M","0.63%"
"13.05.2025","169.450","164.590","170.490","163.740","9.79M","3.20%"
"12.05.2025","164.200","162.890","166.700","161.500","7.28M","1.48%"
"09.05.2025","161.810","161.820","166.500","161.000","9.18M","-0.20%"
"08.05.2025","162.130","169.790","173.010","161.500","9.12M","-4.09%"
"07.05.2025","169.040","169.050","173.960","167.810","9.27M","-0.18%"
"06.05.2025","169.340","162.390","170.010","160.860","7.59M","4.59%"
"05.05.2025","161.910","163.580","163.670","160.230","3.84M","-1.08%"
"02.05.2025","163.670","163.000","164.970","158.620","8.10M","-2.88%"
"30.04.2025","168.520","165.990","168.990","163.410","12.28M","1.93%"
"29.04.2025","165.330","167.500","169.180","164.140","9.74M","-1.12%"
"28.04.2025","167.200","164.290","170.000","163.130","9.18M","2.11%"
"25.04.2025","163.750","161.490","164.260","159.280","7.32M","1.78%"
"24.04.2025","160.880","159.790","162.790","159.320","7.66M","0.68%"
"23.04.2025","159.790","157.260","166.200","157.060","11.37M","1.61%"
"22.04.2025","157.260","150.990","158.500","150.080","7.15M","4.47%"
"21.04.2025","150.530","147.990","151.200","147.940","5.16M","2.26%"
"16.04.2025","147.210","148.250","148.880","146.360","7.39M","-0.57%"
"15.04.2025","148.050","144.980","150.480","144.980","5.45M","2.12%"
"14.04.2025","144.980","142.500","146.010","142.500","2.48M","2.37%"
"11.04.2025","141.620","144.390","148.000","141.300","6.78M","-2.46%"
"10.04.2025","145.190","149.010","149.990","144.010","7.67M","-3.48%"
"09.04.2025","150.420","138.160","151.620","135.950","12.20M","8.87%"
"08.04.2025","138.160","137.000","140.310","137.000","7.53M","1.59%"
"07.04.2025","136.000","143.910","143.910","134.610","6.56M","-5.51%"
"04.04.2025","143.930","153.010","153.030","141.070","7.05M","-6.79%"
"03.04.2025","154.410","144.280","156.080","144.000","12.78M","6.48%"
"02.04.2025","145.010","144.100","145.860","143.040","4.44M","0.41%"
"01.04.2025","144.420","142.490","145.310","141.110","5.37M","1.75%"
"31.03.2025","141.930","146.000","146.000","141.610","6.56M","-2.73%"
"28.03.2025","145.910","146.020","147.340","144.410","3.96M","-0.95%"
"27.03.2025","147.310","144.350","147.700","144.330","7.94M","2.08%"
"26.03.2025","144.310","147.360","148.990","143.860","6.14M","-2.33%"
"25.03.2025","147.760","149.370","150.790","146.870","4.70M","-1.08%"
"24.03.2025","149.370","151.200","151.300","149.000","5.00M","-1.09%"
"21.03.2025","151.010","150.800","151.350","148.210","16.66M","0.46%"
"20.03.2025","150.320","150.080","150.810","148.410","3.83M","0.58%"
"19.03.2025","149.450","149.070","150.440","147.410","7.15M","0.34%"
"18.03.2025","148.940","147.340","151.000","145.010","8.13M","1.58%"
"14.03.2025","146.630","145.320","149.750","145.320","8.82M","0.96%"
"13.03.2025","145.240","144.960","148.240","142.310","6.93M","-0.58%"
"12.03.2025","146.080","144.290","146.990","143.140","7.92M","1.79%"
"11.03.2025","143.510","142.990","145.110","141.890","5.44M","0.77%"
"10.03.2025","142.410","147.670","147.880","141.810","8.01M","-3.78%"
"07.03.2025","148.010","147.620","148.330","143.780","6.02M","0.77%"
"06.03.2025","146.880","147.770","150.760","145.560","6.88M","-0.60%"
"05.03.2025","147.770","149.580","149.580","145.860","7.08M","-1.41%"
"04.03.2025","149.880","146.750","151.020","141.250","6.92M","1.88%"
"03.03.2025","147.110","145.490","150.970","144.980","5.17M","1.57%"
"28.02.2025","144.840","146.240","148.000","144.230","24.58M","-1.65%"
"27.02.2025","147.270","151.790","151.790","144.560","7.85M","-2.51%"
"26.02.2025","151.060","147.010","153.400","147.010","9.28M","2.39%"
"25.02.2025","147.540","150.730","152.040","147.030","11.36M","-2.59%"
"24.02.2025","151.460","153.480","153.590","151.010","4.39M","-0.90%"
"21.02.2025","152.830","155.100","155.990","152.170","3.51M","-1.46%"
"20.02.2025","155.100","155.800","156.700","154.110","8.50M","-0.39%"
"19.02.2025","155.700","157.390","157.490","154.610","5.52M","-0.80%"
"18.02.2025","156.950","153.290","157.390","153.000","7.33M","2.89%"
"17.02.2025","152.540","150.000","154.970","150.000","1.22M","0.57%"
"14.02.2025","151.670","149.460","152.850","148.180","4.10M","1.34%"
"13.02.2025","149.670","149.390","150.400","148.080","7.55M","0.23%"
"12.02.2025","149.320","147.500","150.720","147.010","7.79M","-0.75%"
"11.02.2025","150.450","148.470","152.120","146.240","5.60M","1.79%"
"10.02.2025","147.800","147.150","148.700","145.030","4.68M","0.67%"
"07.02.2025","146.810","146.380","148.290","146.000","6.69M","0.23%"
"06.02.2025","146.480","145.640","147.050","143.170","6.14M","0.69%"
"05.02.2025","145.470","148.200","149.690","145.000","12.80M","-1.49%"
"04.02.2025","147.670","144.000","148.150","143.510","14.51M","3.12%"
"31.01.2025","143.200","145.970","146.350","142.810","9.48M","-2.39%"
"30.01.2025","146.710","146.290","148.990","146.270","5.04M","0.56%"
"29.01.2025","145.890","148.000","148.000","145.210","6.12M","-1.36%"
"28.01.2025","147.900","150.000","150.590","146.880","4.79M","-1.14%"
"27.01.2025","149.600","147.010","150.540","146.610","5.54M","0.75%"
"24.01.2025","148.480","147.980","149.000","146.010","4.57M","-0.17%"
"23.01.2025","148.730","145.570","150.000","145.020","7.68M","1.90%"
"22.01.2025","145.950","144.990","146.360","143.400","14.50M","1.21%"
"21.01.2025","144.210","146.070","146.680","143.810","6.52M","-1.27%"
"20.01.2025","146.070","144.390","146.880","143.350","4.06M","1.51%"
"17.01.2025","143.900","144.090","144.410","143.310","4.61M","0.22%"
"16.01.2025","143.590","146.780","147.060","142.020","8.25M","-2.03%"
"15.01.2025","146.570","144.300","147.250","143.280","9.15M","1.97%"
"14.01.2025","143.740","142.290","145.360","141.700","11.72M","1.36%"
"13.01.2025","141.810","139.600","142.650","138.810","5.01M","1.54%"
"10.01.2025","139.660","139.600","140.450","138.250","5.65M","-0.49%"
"09.01.2025","140.350","140.410","143.600","139.630","2.92M","0.16%"
"08.01.2025","140.130","141.590","141.590","139.140","6.61M","-0.73%"
"07.01.2025","141.160","142.950","143.890","140.730","5.36M","-1.25%"
"06.01.2025","142.940","138.290","144.470","137.930","9.06M","4.11%"
"03.01.2025","137.300","136.240","139.000","135.510","5.03M","0.27%"
"02.01.2025","136.930","134.790","138.320","134.770","3.53M","2.21%"
"31.12.2024","133.970","133.500","134.790","133.500","1.90M","0.39%"
"30.12.2024","133.450","134.800","135.990","133.080","3.06M","-0.92%"
"27.12.2024","134.690","136.750","138.480","133.900","2.65M","-1.58%"
"26.12.2024","136.850","136.350","137.090","136.010","683.06K","0.86%"
"24.12.2024","135.680","137.000","138.000","135.260","942.20K","-1.55%"
"23.12.2024","137.810","137.290","138.080","135.610","2.26M","0.38%"
"20.12.2024","137.290","132.000","138.500","131.780","25.32M","4.01%"
"19.12.2024","132.000","135.360","136.790","131.600","7.38M","-2.52%"
"18.12.2024","135.410","135.690","138.120","133.500","5.74M","0.21%"
"17.12.2024","135.130","139.400","139.480","134.650","5.98M","-4.25%"
"16.12.2024","141.130","143.360","143.360","140.520","7.70M","-1.51%"
"13.12.2024","143.300","138.010","144.750","138.010","8.05M","2.42%"
"11.12.2024","139.920","139.000","140.690","138.510","6.63M","0.63%"
"10.12.2024","139.050","142.100","143.690","138.800","6.94M","-2.44%"
"09.12.2024","142.530","142.890","146.520","142.180","6.69M","0.20%"
"06.12.2024","142.250","139.250","143.950","139.110","5.99M","1.35%"
"05.12.2024","140.350","142.050","142.490","139.690","6.97M","-1.51%"
"04.12.2024","142.500","141.790","143.900","141.500","6.75M","0.51%"
"03.12.2024","141.780","138.000","143.770","137.210","8.44M","3.30%"
"02.12.2024","137.250","135.380","137.650","134.900","6.28M","1.42%"
"29.11.2024","135.330","135.070","136.650","133.810","9.63M","-0.31%"
"28.11.2024","135.750","134.010","136.250","133.130","3.97M","1.64%"
"27.11.2024","133.560","134.880","134.920","132.760","10.17M","-0.37%"
"26.11.2024","134.050","139.090","139.090","133.500","9.66M","-3.30%"
"25.11.2024","138.630","140.150","141.550","138.250","12.81M","-1.28%"
"22.11.2024","140.430","142.010","142.420","138.250","14.09M","-1.90%"
"21.11.2024","143.150","141.850","145.950","140.510","5.62M","0.77%"
"20.11.2024","142.060","140.010","142.520","140.010","6.23M","0.46%"
"19.11.2024","141.410","140.880","143.490","138.610","6.90M","0.84%"
"15.11.2024","140.230","142.010","144.690","139.970","4.49M","-2.47%"
"14.11.2024","143.780","144.000","144.590","139.810","13.01M","-0.15%"
"13.11.2024","144.000","145.450","146.790","143.640","5.79M","-1.32%"
"12.11.2024","145.930","144.030","146.870","144.030","4.80M","0.41%"
"11.11.2024","145.330","146.000","146.970","144.960","5.58M","-0.68%"
"08.11.2024","146.330","148.020","149.080","144.210","4.16M","-2.07%"
"07.11.2024","149.430","148.990","150.290","147.010","8.19M","0.18%"
"06.11.2024","149.160","141.920","149.680","136.000","8.99M","4.64%"
"05.11.2024","142.550","142.010","143.990","140.210","6.70M","-0.47%"
"04.11.2024","143.220","142.480","144.190","141.040","6.27M","1.02%"
"01.11.2024","141.780","139.330","143.960","139.310","10.50M","1.76%"
"31.10.2024","139.330","137.010","140.280","137.010","9.93M","1.00%"
"30.10.2024","137.950","139.890","139.890","137.010","7.91M","-0.82%"
"29.10.2024","139.090","140.010","141.090","138.770","6.85M","-1.35%"
"28.10.2024","140.990","141.270","141.670","139.560","5.22M","0.26%"
"25.10.2024","140.620","142.010","142.690","140.410","3.59M","-1.04%"
"24.10.2024","142.100","143.460","144.490","141.220","4.46M","-1.62%"
"23.10.2024","144.440","141.610","144.710","140.010","7.13M","1.66%"
"22.10.2024","142.080","144.260","144.720","139.550","7.84M","-1.52%"
"21.10.2024","144.280","146.660","146.660","142.570","4.34M","-1.37%"
"18.10.2024","146.280","144.050","146.690","144.010","4.21M","1.02%"
"17.10.2024","144.810","144.800","145.390","143.900","7.83M","-0.01%"
"16.10.2024","144.830","148.210","149.490","144.000","15.08M","-2.80%"
"15.10.2024","149.000","145.700","149.590","145.220","9.43M","2.34%"
"14.10.2024","145.590","149.520","149.520","145.280","5.56M","-2.63%"
"11.10.2024","149.520","150.660","151.140","148.550","3.11M","-0.76%"
"10.10.2024","150.660","150.730","152.090","148.990","5.27M","0.08%"
"09.10.2024","150.540","150.490","155.590","150.010","5.06M","-0.11%"
"08.10.2024","150.710","153.190","156.830","150.350","5.96M","-1.26%"
"07.10.2024","152.630","155.010","157.470","151.500","13.06M","-2.34%"
"04.10.2024","156.280","150.050","156.800","149.950","8.86M","4.25%"
"03.10.2024","149.910","149.100","150.580","148.610","8.86M","0.04%"
"02.10.2024","149.850","139.500","150.290","137.210","8.06M","7.42%"
"30.09.2024","139.500","140.420","141.050","139.190","12.14M","-0.79%"
"27.09.2024","140.610","145.110","145.490","140.240","7.01M","-2.76%"
"26.09.2024","144.600","142.010","148.960","142.010","8.36M","0.76%"
"25.09.2024","143.510","142.020","144.970","140.700","7.42M","-0.49%"
"24.09.2024","144.220","138.490","144.950","138.480","6.63M","4.69%"
"23.09.2024","137.760","136.970","139.430","135.760","8.67M","0.85%"
"20.09.2024","136.600","139.830","140.690","135.360","22.30M","-2.12%"
"19.09.2024","139.560","140.390","142.480","139.300","5.12M","-0.89%"
"18.09.2024","140.810","140.750","141.250","139.820","3.65M","0.05%"
"17.09.2024","140.740","142.000","143.120","138.760","5.99M","-0.94%"
"13.09.2024","142.080","138.930","143.500","138.930","5.82M","2.27%"
"12.09.2024","138.930","134.080","139.550","133.960","10.14M","3.62%"
"11.09.2024","134.080","134.930","135.090","132.630","11.33M","0.00%"
"10.09.2024","134.080","135.100","137.180","133.800","9.43M","-0.70%"
"09.09.2024","135.020","136.670","138.980","134.210","5.09M","-1.22%"
"06.09.2024","136.690","139.050","140.090","136.440","5.31M","-1.70%"
"05.09.2024","139.050","139.000","141.880","138.500","8.12M","-0.37%"
"04.09.2024","139.570","137.030","140.400","137.030","7.29M","0.98%"
"03.09.2024","138.220","138.250","139.660","136.010","5.96M","0.10%"
"02.09.2024","138.080","136.450","139.590","136.310","1.82M","1.37%"
"30.08.2024","136.210","135.590","138.340","134.650","12.92M","-0.05%"
"29.08.2024","136.280","133.140","138.230","132.000","9.30M","2.83%"
"28.08.2024","132.530","132.860","134.590","132.110","10.13M","0.26%"
"27.08.2024","132.190","134.980","136.050","131.220","6.07M","-1.48%"
"26.08.2024","134.170","136.360","137.590","134.050","10.71M","-1.86%"
"23.08.2024","136.710","136.000","138.040","135.790","5.92M","0.57%"
"22.08.2024","135.930","141.010","141.580","135.710","7.81M","-4.06%"
"21.08.2024","141.680","144.000","144.180","141.250","9.40M","-1.32%"
"20.08.2024","143.580","142.280","143.970","141.890","7.17M","1.28%"
"19.08.2024","141.770","143.600","143.600","140.410","4.62M","-1.27%"
"16.08.2024","143.600","143.100","144.730","142.810","4.01M","0.01%"
"15.08.2024","143.590","141.830","144.750","141.500","4.85M","1.48%"
"14.08.2024","141.500","140.470","142.000","139.010","4.99M","1.09%"
"13.08.2024","139.980","138.300","140.270","137.810","9.42M","1.57%"
"12.08.2024","137.810","136.370","138.790","136.370","4.03M","0.58%"
"09.08.2024","137.010","135.780","138.250","135.080","5.26M","1.23%"
"08.08.2024","135.350","137.900","138.190","135.030","7.04M","-1.43%"
"07.08.2024","137.310","134.250","138.700","133.000","6.74M","2.42%"
"06.08.2024","134.060","134.090","134.790","130.040","6.81M","0.87%"
"05.08.2024","132.910","135.800","135.800","132.010","6.35M","-2.21%"
"02.08.2024","135.910","139.000","139.000","134.100","8.85M","-2.57%"
"01.08.2024","139.490","140.190","141.510","136.850","9.10M","-0.09%"
"31.07.2024","139.610","139.610","142.850","139.000","2.47M","-0.35%"
"30.07.2024","140.100","140.880","141.450","137.620","10.38M","0.17%"
"29.07.2024","139.860","142.650","142.670","139.280","6.03M","-1.74%"
"26.07.2024","142.330","143.300","143.300","140.010","7.64M","-0.68%"
"25.07.2024","143.300","144.540","145.390","141.620","6.54M","-1.07%"
"24.07.2024","144.850","148.610","149.000","144.220","9.90M","-2.92%"
"23.07.2024","149.210","149.410","151.390","148.040","5.88M","-0.85%"
"22.07.2024","150.490","150.050","150.940","148.610","3.94M","0.45%"
"19.07.2024","149.810","147.380","150.970","147.010","4.77M","1.66%"
"18.07.2024","147.360","147.440","149.290","146.500","5.74M","0.08%"
"17.07.2024","147.240","148.800","148.800","146.120","6.49M","-0.82%"
"16.07.2024","148.460","148.490","148.950","146.300","5.95M","0.40%"
"15.07.2024","147.870","149.990","151.000","147.050","5.29M","-1.10%"
"12.07.2024","149.520","148.610","150.990","146.410","5.94M","0.31%"
"11.07.2024","149.060","149.450","151.000","148.820","7.85M","-0.49%"
"10.07.2024","149.790","147.000","150.300","147.000","8.78M","1.88%"
"09.07.2024","147.020","147.020","148.590","146.010","6.90M","-0.22%"
"08.07.2024","147.350","147.210","148.320","146.210","10.11M","-0.59%"
"05.07.2024","148.220","147.840","149.120","146.000","6.69M","0.45%"
"04.07.2024","147.560","146.560","148.690","146.540","878.60K","0.17%"
"03.07.2024","147.310","146.000","149.900","145.810","4.80M","0.61%"
"02.07.2024","146.420","146.690","149.570","145.800","8.92M","-0.06%"
"01.07.2024","146.510","141.620","148.780","141.620","8.31M","2.77%"
"28.06.2024","142.560","143.190","147.230","141.810","8.46M","-0.15%"
"27.06.2024","142.780","142.980","143.550","141.020","10.73M","-4.35%"
"26.06.2024","149.280","152.490","152.500","148.810","10.53M","-1.89%"
"25.06.2024","152.160","149.410","152.920","148.010","10.51M","1.41%"
"24.06.2024","150.040","150.610","152.980","149.210","10.32M","-1.17%"
"21.06.2024","151.810","146.900","154.430","146.900","34.20M","3.33%"
"20.06.2024","146.920","145.690","147.660","144.010","8.42M","0.23%"
"19.06.2024","146.590","144.740","147.740","144.100","3.06M","1.37%"
"18.06.2024","144.610","139.900","145.620","138.710","11.10M","3.23%"
"17.06.2024","140.090","137.580","141.000","137.400","18.29M","1.94%"
"14.06.2024","137.430","133.080","138.160","131.500","20.39M","3.58%"
"13.06.2024","132.680","136.590","136.990","131.780","29.22M","-2.58%"
"12.06.2024","136.190","136.990","137.500","135.820","18.71M","-0.52%"
"11.06.2024","136.900","139.750","139.750","135.170","21.03M","-1.23%"
"10.06.2024","138.610","139.700","141.290","138.420","13.05M","-0.50%"
"07.06.2024","139.310","149.790","150.390","138.120","15.64M","-6.52%"
"06.06.2024","149.030","155.000","156.100","144.920","18.53M","-3.85%"
"05.06.2024","155.000","149.490","155.920","147.000","13.76M","3.94%"
"04.06.2024","149.120","143.990","149.540","143.600","17.96M","3.99%"
"03.06.2024","143.400","159.900","159.900","135.000","31.77M","-11.14%"
"31.05.2024","161.370","155.130","163.570","153.270","26.76M","3.69%"
"30.05.2024","155.620","161.000","161.000","155.250","19.86M","-3.20%"
"29.05.2024","160.760","162.890","163.220","159.010","14.03M","-1.51%"
"28.05.2024","163.220","166.220","166.590","161.110","6.03M","-2.22%"
"27.05.2024","166.920","164.990","167.000","164.880","1.64M","1.51%"
"24.05.2024","164.440","160.570","165.440","159.810","5.10M","2.64%"
"23.05.2024","160.210","165.830","167.030","160.000","10.69M","-3.39%"
"22.05.2024","165.830","167.760","168.090","164.410","7.81M","-0.98%"
"21.05.2024","167.470","169.660","169.710","167.140","10.29M","-1.29%"
"20.05.2024","169.660","174.210","174.770","169.200","5.81M","-2.87%"
"17.05.2024","174.670","175.600","177.390","174.000","2.94M","-0.33%"
"16.05.2024","175.250","174.990","177.360","174.210","4.31M","-0.03%"
"15.05.2024","175.310","174.480","177.560","174.110","5.65M","0.78%"
"14.05.2024","173.960","178.890","178.890","173.620","7.29M","-2.40%"
"13.05.2024","178.230","175.620","179.130","175.510","4.87M","1.42%"
"10.05.2024","175.730","175.890","177.010","174.950","4.62M","0.27%"
"09.05.2024","175.250","175.430","177.090","173.410","4.35M","0.08%"
"08.05.2024","175.110","173.370","175.700","170.100","4.97M","1.06%"
"07.05.2024","173.270","173.790","174.800","172.010","4.83M","0.12%"
"06.05.2024","173.070","173.990","174.590","172.470","3.75M","-0.15%"
"03.05.2024","173.330","172.610","174.590","172.510","3.54M","0.42%"
"02.05.2024","172.600","169.990","173.290","168.810","4.85M","1.80%"
"30.04.2024","169.550","169.210","173.290","168.810","9.93M","0.20%"
"29.04.2024","169.220","173.300","173.780","168.020","5.98M","-2.30%"
"26.04.2024","173.200","175.090","175.580","172.580","3.69M","-1.08%"
"25.04.2024","175.090","175.490","176.090","171.370","4.63M","0.21%"
"24.04.2024","174.730","178.450","179.290","174.350","4.45M","-1.84%"
"23.04.2024","178.000","181.590","181.890","176.400","4.74M","-1.70%"
"22.04.2024","181.080","174.190","182.000","174.010","4.89M","4.45%"
"19.04.2024","173.360","174.820","174.990","170.860","3.24M","-0.69%"
"18.04.2024","174.570","171.510","175.290","171.510","5.69M","1.81%"
"17.04.2024","171.460","170.990","176.200","170.130","3.98M","0.80%"
"16.04.2024","170.100","174.090","175.890","169.890","6.57M","-1.81%"
"15.04.2024","173.240","174.900","179.750","172.230","3.12M","-1.32%"
"12.04.2024","175.550","174.770","177.990","174.280","6.62M","0.42%"
"11.04.2024","174.810","173.750","177.220","172.820","3.50M","0.82%"
"10.04.2024","173.380","173.410","174.780","171.010","4.27M","-0.30%"
"09.04.2024","173.910","178.460","178.990","173.090","4.37M","-2.55%"
"08.04.2024","178.460","181.820","182.990","178.000","4.18M","-1.87%"
"05.04.2024","181.870","180.700","182.890","180.210","3.05M","0.01%"
"04.04.2024","181.860","177.620","184.280","177.260","6.63M","2.42%"
"03.04.2024","177.570","178.010","179.380","176.740","7.35M","-0.60%"
"02.04.2024","178.640","176.000","180.490","176.000","5.88M","1.27%"
"01.04.2024","176.400","176.990","178.190","173.930","7.26M","0.02%"
"27.03.2024","176.370","177.850","178.190","174.520","4.74M","-0.52%"
"26.03.2024","177.300","170.010","177.790","169.830","5.98M","4.29%"
"25.03.2024","170.010","172.010","172.990","169.740","3.30M","-1.49%"
"22.03.2024","172.590","175.040","175.960","172.100","2.75M","-1.70%"
"21.03.2024","175.580","174.410","177.570","174.000","3.32M","0.34%"
"20.03.2024","174.980","170.190","177.290","169.410","5.26M","2.85%"
"19.03.2024","170.130","169.020","170.990","166.010","5.25M","0.15%"
"15.03.2024","169.870","173.790","173.890","168.750","25.85M","-1.96%"
"14.03.2024","173.260","175.850","175.990","172.620","4.89M","-1.08%"
"13.03.2024","175.150","170.200","175.550","168.630","5.66M","2.90%"
"12.03.2024","170.220","174.490","174.490","169.020","4.94M","-2.05%"
"11.03.2024","173.790","172.280","175.020","171.610","1.88M","1.02%"
"08.03.2024","172.030","176.220","177.930","171.610","3.24M","-2.31%"
"07.03.2024","176.090","179.130","180.530","175.220","3.63M","-1.49%"
"06.03.2024","178.760","179.980","180.980","178.410","5.38M","-0.72%"
"05.03.2024","180.050","178.620","181.590","176.810","4.50M","0.55%"
"04.03.2024","179.060","176.610","180.860","176.610","3.85M","1.22%"
"01.03.2024","176.900","176.590","180.490","175.010","2.95M","0.39%"
"29.02.2024","176.220","176.840","178.590","175.100","7.40M","-0.36%"
"28.02.2024","176.860","178.680","179.680","175.470","3.76M","-1.02%"
"27.02.2024","178.680","178.670","181.120","177.010","4.43M","-0.05%"
"26.02.2024","178.770","182.620","182.730","177.060","5.35M","-2.36%"
"23.02.2024","183.090","183.610","185.290","182.210","3.71M","-0.03%"
"22.02.2024","183.140","184.590","185.990","182.830","3.88M","-0.45%"
"21.02.2024","183.960","186.610","186.660","183.510","4.93M","-1.61%"
"20.02.2024","186.970","186.710","189.790","185.670","4.33M","-0.33%"
"19.02.2024","187.590","187.400","188.600","185.810","1.45M","0.01%"
"16.02.2024","187.580","184.890","187.790","183.420","2.07M","1.83%"
"15.02.2024","184.210","183.970","187.480","183.380","3.62M","-0.05%"
"14.02.2024","184.300","182.120","184.990","182.120","4.27M","1.06%"
"13.02.2024","182.360","184.030","184.210","181.010","3.50M","-1.00%"
"12.02.2024","184.210","184.360","185.460","183.350","1.95M","0.05%"
"09.02.2024","184.120","184.330","185.100","182.850","3.95M","-0.11%"
"08.02.2024","184.330","189.870","189.870","183.000","6.64M","-2.91%"
"07.02.2024","189.850","185.000","190.120","184.230","6.48M","2.44%"
"06.02.2024","185.330","181.890","186.890","181.440","10.31M","2.31%"
"02.02.2024","181.140","177.690","181.990","177.030","7.65M","2.53%"
"01.02.2024","176.670","175.000","177.990","174.280","6.51M","0.92%"
"31.01.2024","175.060","175.810","176.500","171.640","6.89M","-0.83%"
"30.01.2024","176.520","171.190","177.310","171.000","6.43M","3.36%"
"29.01.2024","170.780","170.890","173.500","169.630","4.55M","0.13%"
"26.01.2024","170.560","169.990","171.990","169.230","2.16M","0.67%"
"25.01.2024","169.420","167.810","171.600","164.210","5.73M","0.66%"
"24.01.2024","168.310","167.510","170.310","167.410","4.55M","0.27%"
"23.01.2024","167.860","167.290","168.200","165.440","4.95M","0.57%"
"22.01.2024","166.910","166.510","168.440","165.750","3.41M","-0.08%"
"19.01.2024","167.050","163.170","167.550","163.170","10.33M","2.14%"
"18.01.2024","163.550","165.090","165.290","161.560","10.19M","-0.69%"
"17.01.2024","164.690","164.480","165.380","163.530","8.45M","0.31%"
"16.01.2024","164.180","164.560","165.640","163.490","4.93M","-0.44%"
"15.01.2024","164.900","165.790","165.790","164.460","294.61K","-0.37%"
"12.01.2024","165.510","165.790","167.290","164.910","5.52M","0.16%"
"11.01.2024","165.240","165.790","166.790","164.190","2.61M","-0.11%"
"10.01.2024","165.420","164.510","167.280","164.510","3.50M","0.28%"
"09.01.2024","164.960","166.640","166.640","163.670","3.77M","-1.19%"
"08.01.2024","166.950","169.890","170.600","164.620","2.92M","-2.14%"
"05.01.2024","170.600","164.510","170.890","164.360","4.02M","3.63%"
"04.01.2024","164.620","163.210","165.540","163.210","3.91M","0.86%"
"03.01.2024","163.210","168.490","168.490","162.310","2.46M","-2.90%"
"02.01.2024","168.080","171.190","171.190","166.820","2.02M","-1.57%"
"29.12.2023","170.760","171.600","172.090","169.110","1.26M","-0.50%"
"28.12.2023","171.620","168.750","171.990","166.760","1.78M","2.00%"
"27.12.2023","168.250","173.300","173.990","168.050","2.49M","-3.10%"
"26.12.2023","173.640","167.500","174.570","167.460","1.41M","3.80%"
"22.12.2023","167.290","171.890","173.590","167.030","2.08M","-2.43%"
"21.12.2023","171.460","170.990","172.960","170.810","2.46M","0.52%"
"20.12.2023","170.570","173.310","174.890","170.110","4.23M","-1.99%"
"19.12.2023","174.030","174.010","178.190","171.940","5.16M","-0.37%"
"18.12.2023","174.680","170.710","175.000","168.960","3.32M","2.06%"
"15.12.2023","171.150","171.370","174.480","168.540","13.21M","-0.60%"
"14.12.2023","172.190","169.750","176.100","168.370","9.07M","1.77%"
"13.12.2023","169.200","165.010","170.000","160.590","7.52M","1.75%"
"11.12.2023","166.290","166.990","167.390","164.400","2.93M","0.14%"
"08.12.2023","166.060","163.000","167.000","162.000","3.77M","1.39%"
"07.12.2023","163.790","159.410","164.110","159.110","6.37M","2.13%"
"06.12.2023","160.380","159.650","161.990","159.390","5.90M","0.31%"
"05.12.2023","159.880","159.030","160.290","156.810","9.70M","0.00%"
"04.12.2023","159.880","160.090","161.790","158.070","5.66M","0.17%"
"01.12.2023","159.610","161.890","162.390","158.410","4.66M","-1.18%"
"30.11.2023","161.510","157.310","162.350","157.310","13.75M","2.38%"
"29.11.2023","157.750","159.010","160.190","156.410","4.48M","-1.29%"
"28.11.2023","159.810","158.700","160.490","158.510","4.16M","0.25%"
"27.11.2023","159.410","162.170","162.990","158.310","5.89M","-1.78%"
"24.11.2023","162.300","163.010","164.890","161.510","3.77M","-0.99%"
"23.11.2023","163.920","161.900","164.000","161.900","461.23K","1.15%"
"22.11.2023","162.050","162.690","163.410","160.170","3.57M","-0.07%"
"21.11.2023","162.170","159.010","164.220","157.320","6.34M","0.73%"
"17.11.2023","161.000","161.200","162.180","160.380","4.27M","-0.51%"
"16.11.2023","161.820","161.920","163.010","160.000","4.59M","-0.28%"
"15.11.2023","162.280","159.000","162.780","158.610","4.30M","1.55%"
"14.11.2023","159.800","155.490","160.010","155.450","5.57M","2.98%"
"13.11.2023","155.180","157.470","157.470","154.710","3.68M","-1.45%"
"10.11.2023","157.470","153.000","158.440","152.720","4.88M","2.95%"
"09.11.2023","152.960","152.610","153.720","151.910","2.91M","-0.27%"
"08.11.2023","153.380","152.810","156.660","149.980","4.56M","0.19%"
"07.11.2023","153.090","153.540","153.920","151.190","4.49M","-0.32%"
"06.11.2023","153.580","158.450","158.450","152.410","5.17M","-2.52%"
"03.11.2023","157.550","152.190","163.920","152.010","10.07M","3.89%"
"01.11.2023","151.650","146.890","152.990","146.790","4.15M","3.64%"
"31.10.2023","146.320","150.600","150.600","146.010","5.34M","-2.68%"
"30.10.2023","150.350","146.410","150.790","146.410","5.70M","2.50%"
"27.10.2023","146.690","145.540","148.860","144.940","4.62M","0.60%"
"26.10.2023","145.810","147.510","147.510","141.630","5.27M","-1.84%"
"25.10.2023","148.540","145.650","148.990","144.910","3.78M","1.89%"
"24.10.2023","145.780","143.790","147.770","143.600","4.59M","1.65%"
"23.10.2023","143.410","143.000","144.290","141.810","2.60M","0.43%"
"20.10.2023","142.800","147.110","147.830","142.300","5.89M","-3.42%"
"19.10.2023","147.850","149.230","149.490","146.520","3.30M","-0.65%"
"18.10.2023","148.820","147.510","150.500","146.210","14.30M","0.30%"
"17.10.2023","148.370","149.310","149.690","146.100","4.84M","-0.94%"
"16.10.2023","149.780","150.010","151.290","149.410","4.70M","-0.60%"
"13.10.2023","150.680","148.210","151.290","147.610","7.71M","1.20%"
"12.10.2023","148.890","148.990","149.760","147.770","4.19M","-2.65%"
"11.10.2023","152.950","150.610","153.880","149.790","7.01M","1.23%"
"10.10.2023","151.090","147.500","151.630","147.150","7.02M","2.40%"
"09.10.2023","147.550","144.510","149.480","144.010","3.04M","2.10%"
"06.10.2023","144.510","141.100","144.890","138.310","4.33M","2.56%"
"05.10.2023","140.900","143.210","143.350","137.750","10.31M","-1.81%"
"04.10.2023","143.500","143.310","144.890","142.050","7.41M","-0.40%"
"03.10.2023","144.070","149.950","149.950","142.820","6.18M","-3.83%"
"02.10.2023","149.810","146.630","150.320","146.110","3.55M","2.53%"
"29.09.2023","146.110","148.000","148.000","145.710","4.25M","-1.25%"
"28.09.2023","147.960","147.550","150.090","147.410","3.41M","0.49%"
"27.09.2023","147.240","144.690","148.470","144.500","5.55M","2.07%"
"26.09.2023","144.250","143.200","144.990","143.200","5.06M","0.55%"
"25.09.2023","143.460","146.990","146.990","143.220","4.60M","-2.15%"
"22.09.2023","146.610","148.560","149.140","145.550","3.07M","-1.31%"
"21.09.2023","148.560","151.000","151.060","147.000","4.18M","-1.91%"
"20.09.2023","151.450","148.110","154.150","147.810","6.64M","1.90%"
"19.09.2023","148.630","146.920","149.080","144.970","4.50M","0.97%"
"18.09.2023","147.200","145.910","147.400","144.340","4.61M","-0.14%"
"15.09.2023","147.400","145.810","147.800","144.000","18.19M","0.92%"
"14.09.2023","146.050","143.580","146.470","142.760","5.45M","2.14%"
"13.09.2023","142.990","143.590","144.220","142.400","4.05M","-0.07%"
"12.09.2023","143.090","142.810","143.510","142.260","4.35M","-0.11%"
"11.09.2023","143.250","143.990","144.190","142.370","2.31M","-0.15%"
"08.09.2023","143.470","142.410","144.570","142.020","8.04M","0.46%"
"07.09.2023","142.820","145.390","145.390","142.310","4.15M","-1.39%"
"06.09.2023","144.840","144.610","145.600","142.580","4.18M","-0.21%"
"05.09.2023","145.150","145.660","147.090","144.370","4.33M","-0.02%"
"04.09.2023","145.180","145.600","145.990","144.410","541.95K","-0.24%"
"01.09.2023","145.530","145.290","146.090","143.210","3.25M","0.77%"
"31.08.2023","144.420","148.850","149.390","143.840","16.05M","-2.71%"
"30.08.2023","148.440","147.590","149.590","147.590","3.14M","0.20%"
"29.08.2023","148.150","145.800","148.690","145.340","3.57M","1.59%"
"28.08.2023","145.830","145.030","147.490","145.010","1.33M","0.56%"
"25.08.2023","145.020","143.610","146.590","143.220","2.58M","0.42%"
"24.08.2023","144.410","146.740","148.140","142.820","3.95M","-2.07%"
"23.08.2023","147.460","147.080","147.750","145.430","7.08M","0.46%"
"22.08.2023","146.780","146.690","148.030","145.800","2.16M","0.38%"
"21.08.2023","146.220","144.900","146.600","142.950","3.44M","0.72%"
"18.08.2023","145.170","146.010","146.650","144.120","4.06M","-0.59%"
"17.08.2023","146.030","149.290","149.290","145.400","8.02M","-1.76%"
"16.08.2023","148.650","149.420","151.450","147.990","4.92M","-0.78%"
"15.08.2023","149.820","149.410","151.280","149.210","3.40M","-0.03%"
"14.08.2023","149.860","148.440","150.040","146.890","3.89M","0.96%"
"11.08.2023","148.440","150.040","150.800","147.800","3.20M","-1.30%"
"10.08.2023","150.390","149.670","151.450","149.500","5.29M","0.58%"
"09.08.2023","149.520","146.790","149.790","145.710","4.82M","2.12%"
"08.08.2023","146.420","149.010","149.500","145.000","4.31M","-2.00%"
"07.08.2023","149.410","152.620","153.420","149.030","3.20M","-2.10%"
"04.08.2023","152.620","149.490","153.030","149.020","4.76M","2.60%"
"03.08.2023","148.750","150.910","150.920","147.300","5.54M","-1.58%"
"02.08.2023","151.140","155.490","155.490","151.000","6.90M","-2.62%"
"01.08.2023","155.210","158.300","158.590","154.810","6.59M","-2.21%"
"31.07.2023","158.710","156.800","159.020","155.960","7.19M","1.52%"
"28.07.2023","156.340","156.270","156.890","154.710","6.62M","0.04%"
"27.07.2023","156.270","154.000","156.600","153.380","6.24M","0.88%"
"26.07.2023","154.910","151.140","155.390","150.900","7.42M","2.22%"
"25.07.2023","151.550","148.510","152.000","147.910","5.19M","2.05%"
"24.07.2023","148.510","146.310","149.400","145.310","7.12M","1.74%"
"21.07.2023","145.970","148.690","149.010","143.990","3.44M","-1.47%"
"20.07.2023","148.150","150.390","150.480","147.890","3.75M","-1.28%"
"19.07.2023","150.070","147.560","150.890","147.560","5.54M","1.46%"
"18.07.2023","147.910","147.600","149.620","146.510","3.86M","0.53%"
"17.07.2023","147.130","147.510","148.130","146.410","3.44M","-0.26%"
"14.07.2023","147.510","146.990","148.010","146.450","4.53M","0.54%"
"13.07.2023","146.720","146.580","147.690","145.710","5.48M","0.38%"
"12.07.2023","146.170","147.190","147.680","144.760","6.30M","-0.31%"
"11.07.2023","146.630","145.800","147.090","144.300","5.00M","0.38%"
"10.07.2023","146.070","147.300","147.300","145.210","3.94M","-0.96%"
"07.07.2023","147.480","144.110","149.230","143.810","4.70M","2.06%"
"06.07.2023","144.510","146.640","146.640","143.130","5.83M","-1.12%"
"05.07.2023","146.150","141.590","146.650","140.830","4.91M","3.62%"
"04.07.2023","141.050","142.200","142.590","140.650","577.51K","-0.79%"
"03.07.2023","142.180","141.200","142.640","140.110","2.56M","0.69%"
"30.06.2023","141.210","141.700","142.670","139.780","6.12M","-0.58%"
"29.06.2023","142.040","139.800","142.760","139.010","3.67M","1.85%"
"28.06.2023","139.460","139.990","141.460","139.020","2.66M","-0.06%"
"27.06.2023","139.550","137.670","140.370","137.110","6.99M","1.42%"
"26.06.2023","137.600","137.980","138.470","136.730","3.91M","-0.27%"
"23.06.2023","137.970","137.880","138.440","136.550","6.28M","0.50%"
"22.06.2023","137.290","139.010","139.730","136.510","4.48M","-1.44%"
"21.06.2023","139.300","140.110","140.450","138.110","3.12M","-1.00%"
"20.06.2023","140.700","143.740","144.060","139.860","4.04M","-2.24%"
"19.06.2023","143.920","143.510","144.270","143.210","833.22K","-0.01%"
"16.06.2023","143.940","145.490","145.490","143.440","18.35M","-0.81%"
"15.06.2023","145.110","143.040","145.590","142.590","6.55M","1.25%"
"14.06.2023","143.320","142.910","143.880","141.650","6.62M","0.11%"
"13.06.2023","143.160","142.000","144.200","141.600","11.62M","0.85%"
"12.06.2023","141.950","140.020","143.290","140.020","4.24M","0.77%"
"09.06.2023","140.870","139.790","141.290","139.710","5.11M","0.77%"
"08.06.2023","139.790","137.290","140.510","135.010","8.23M","-2.60%"
"07.06.2023","143.520","147.090","147.290","143.130","6.44M","-1.77%"
"06.06.2023","146.110","142.680","146.430","142.470","6.08M","2.75%"
"05.06.2023","142.200","141.890","143.670","141.410","7.27M","0.65%"
"02.06.2023","141.280","141.490","143.180","140.700","4.76M","0.29%"
"01.06.2023","140.870","142.790","143.930","140.050","6.70M","-0.65%"
"31.05.2023","141.790","147.910","148.500","141.540","30.48M","-4.51%"
"30.05.2023","148.480","150.910","151.000","147.910","8.43M","-1.83%"
"29.05.2023","151.250","151.110","151.990","150.880","979.35K","-0.15%"
"26.05.2023","151.470","147.660","152.500","147.420","5.00M","2.75%"
"25.05.2023","147.420","144.420","148.370","144.420","7.43M","1.35%"
"24.05.2023","145.450","143.590","146.470","143.590","9.82M","2.35%"
"23.05.2023","142.110","143.500","144.990","141.050","8.31M","-0.97%"
"22.05.2023","143.500","146.960","148.590","142.230","6.74M","-1.26%"
"19.05.2023","145.330","150.290","150.790","144.210","8.53M","-2.95%"
"18.05.2023","149.750","148.990","150.990","148.510","7.58M","0.89%"
"17.05.2023","148.430","149.090","150.090","148.000","6.31M","-0.05%"
"16.05.2023","148.500","152.690","154.690","148.000","5.99M","-2.53%"
"15.05.2023","152.350","149.300","153.430","149.010","6.99M","2.04%"
"12.05.2023","149.300","152.720","152.800","148.510","7.18M","-2.02%"
"11.05.2023","152.380","157.770","158.390","151.890","5.27M","-3.04%"
"10.05.2023","157.150","157.530","157.980","155.110","5.18M","-0.26%"
"09.05.2023","157.560","154.610","157.890","154.610","2.21M","1.51%"
"08.05.2023","155.210","153.290","155.560","153.150","1.98M","1.50%"
"05.05.2023","152.910","154.000","155.550","152.220","5.05M","-0.36%"
"04.05.2023","153.460","156.290","157.500","153.030","4.22M","-1.48%"
"03.05.2023","155.770","155.870","158.440","155.140","4.01M","0.04%"
"02.05.2023","155.710","155.300","156.360","153.810","4.05M","0.15%"
"28.04.2023","155.480","153.270","155.990","153.110","7.74M","1.39%"
"27.04.2023","153.350","151.280","154.450","151.080","2.85M","1.47%"
"26.04.2023","151.130","156.410","157.490","150.600","5.36M","-3.60%"
"25.04.2023","156.780","157.510","159.380","156.470","4.45M","-0.78%"
"24.04.2023","158.010","152.090","158.700","151.720","5.19M","4.17%"
"21.04.2023","151.690","153.190","153.190","148.610","6.87M","-0.42%"
"20.04.2023","152.330","152.010","153.360","150.010","3.58M","-0.23%"
"19.04.2023","152.680","149.310","153.400","149.310","5.28M","1.96%"
"18.04.2023","149.740","150.540","150.940","148.610","2.69M","-0.36%"
"17.04.2023","150.280","147.410","151.290","147.410","4.61M","1.66%"
"14.04.2023","147.830","147.580","148.310","146.360","3.26M","0.17%"
"13.04.2023","147.580","146.190","148.290","145.500","5.02M","1.30%"
"12.04.2023","145.690","149.520","150.850","144.610","5.12M","-2.65%"
"11.04.2023","149.660","149.790","150.620","148.510","3.43M","0.26%"
"10.04.2023","149.270","149.450","150.880","148.280","3.20M","-0.23%"
"05.04.2023","149.610","152.440","153.210","148.270","2.69M","-1.86%"
"04.04.2023","152.440","151.210","153.500","149.310","4.11M","1.15%"
"03.04.2023","150.710","151.370","152.000","149.420","3.08M","-0.78%"
"31.03.2023","151.900","149.060","152.700","148.810","8.51M","1.83%"
"30.03.2023","149.170","149.110","149.990","148.210","7.68M","-0.09%"
"29.03.2023","149.310","142.770","149.910","142.070","8.73M","4.73%"
"28.03.2023","142.560","143.990","147.430","141.580","10.08M","-0.77%"
"27.03.2023","143.660","149.100","150.290","143.130","8.78M","-3.59%"
"24.03.2023","149.010","152.030","152.030","147.810","5.82M","-2.08%"
"23.03.2023","152.170","151.090","152.780","149.990","9.61M","1.39%"
"22.03.2023","150.090","150.740","152.190","149.210","4.74M","-0.37%"
"21.03.2023","150.640","146.000","151.990","144.460","10.07M","4.23%"
"17.03.2023","144.520","149.490","150.190","144.060","20.02M","-3.03%"
"16.03.2023","149.030","138.880","149.450","138.690","9.29M","7.77%"
"15.03.2023","138.280","144.550","145.790","137.350","13.78M","-4.77%"
"14.03.2023","145.200","149.280","150.500","144.720","8.40M","-2.62%"
"13.03.2023","149.110","151.910","152.090","144.330","11.35M","-2.17%"
"10.03.2023","152.420","162.610","163.150","151.200","8.01M","-6.54%"
"09.03.2023","163.080","160.700","163.750","160.000","4.94M","1.66%"
"08.03.2023","160.420","158.010","160.960","158.010","4.43M","1.61%"
"07.03.2023","157.880","161.790","161.850","157.490","5.41M","-1.86%"
"06.03.2023","160.870","159.800","161.340","159.740","3.87M","0.64%"
"03.03.2023","159.840","158.990","160.980","158.170","4.54M","0.86%"
"02.03.2023","158.470","161.510","161.640","157.020","6.71M","-2.14%"
"01.03.2023","161.940","154.440","162.280","154.440","4.62M","4.86%"
"28.02.2023","154.440","155.710","156.490","152.330","9.84M","-1.10%"
"27.02.2023","156.160","157.190","157.190","154.260","5.46M","-0.36%"
"24.02.2023","156.720","157.590","158.000","155.820","3.66M","-0.61%"
"23.02.2023","157.680","154.900","157.980","152.310","5.25M","1.93%"
"22.02.2023","154.700","158.750","159.630","154.210","5.03M","-2.64%"
"21.02.2023","158.890","162.610","163.280","158.320","6.59M","-2.56%"
"20.02.2023","163.060","163.090","165.980","162.700","1.36M","0.19%"
"17.02.2023","162.750","163.110","163.320","161.370","4.49M","-0.80%"
"16.02.2023","164.060","162.310","164.510","161.610","6.29M","0.65%"
"15.02.2023","163.000","155.920","163.450","155.910","9.27M","4.28%"
"14.02.2023","156.310","156.170","158.990","155.900","11.00M","0.14%"
"13.02.2023","156.090","154.570","158.490","154.570","3.72M","0.98%"
"10.02.2023","154.570","153.010","155.730","153.010","5.95M","0.73%"
"09.02.2023","153.450","153.000","154.990","152.610","3.81M","0.19%"
"08.02.2023","153.160","153.710","155.190","151.010","6.32M","-0.60%"
"07.02.2023","154.090","153.990","155.110","151.010","7.60M","0.22%"
"03.02.2023","153.750","153.320","155.180","152.950","4.75M","0.56%"
"02.02.2023","152.900","157.510","157.890","152.140","8.07M","-2.95%"
"01.02.2023","157.540","156.140","158.000","156.140","5.04M","0.86%"
"31.01.2023","156.190","155.500","157.290","154.540","8.77M","0.35%"
"30.01.2023","155.640","156.690","156.690","154.130","6.97M","-0.37%"
"27.01.2023","156.220","155.690","156.860","154.860","6.88M","0.55%"
"26.01.2023","155.370","157.690","157.690","153.720","3.64M","-1.18%"
"25.01.2023","157.230","159.010","159.150","155.000","4.03M","-1.31%"
"24.01.2023","159.320","156.820","159.790","155.710","6.38M","1.98%"
"23.01.2023","156.230","154.630","159.670","153.810","6.10M","0.98%"
"20.01.2023","154.710","154.390","157.440","152.140","5.01M","0.49%"
"19.01.2023","153.960","152.900","155.390","152.900","6.32M","0.67%"
"18.01.2023","152.930","156.280","156.280","152.420","3.94M","-1.87%"
"17.01.2023","155.850","155.390","156.500","151.230","4.01M","0.48%"
"16.01.2023","155.100","157.790","157.950","153.700","1.95M","-1.51%"
"13.01.2023","157.470","156.270","158.950","155.010","4.63M","0.76%"
"12.01.2023","156.280","154.370","157.500","153.340","4.01M","0.99%"
"11.01.2023","154.750","153.080","157.190","153.080","5.29M","0.87%"
"10.01.2023","153.420","154.010","154.900","151.310","5.39M","-0.80%"
"09.01.2023","154.650","151.090","154.820","149.870","3.12M","2.61%"
"06.01.2023","150.720","146.390","151.440","145.210","3.14M","3.28%"
"05.01.2023","145.940","145.710","147.480","144.220","4.45M","0.35%"
"04.01.2023","145.430","141.310","146.880","141.310","4.04M","2.20%"
"03.01.2023","142.300","142.510","144.580","142.000","1.41M","-0.39%"
"02.01.2023","142.860","139.910","143.490","139.910","438.98K","2.11%"
"30.12.2022","139.910","143.650","144.490","139.300","4.87M","-2.62%"
"29.12.2022","143.680","144.710","145.890","143.170","1.48M","-0.91%"
"28.12.2022","145.000","147.200","147.210","144.510","2.31M","-1.23%"
"27.12.2022","146.800","146.610","149.000","146.410","1.69M","-0.35%"
"26.12.2022","147.310","148.430","148.540","146.680","121.51K","-0.77%"
"23.12.2022","148.460","146.310","149.600","146.000","2.06M","1.34%"
"22.12.2022","146.490","146.810","148.480","144.710","2.70M","-0.41%"
"21.12.2022","147.100","147.970","149.090","146.700","2.98M","-0.27%"
"20.12.2022","147.500","148.750","148.990","146.160","6.45M","-0.81%"
"19.12.2022","148.710","146.390","148.990","145.000","2.80M","1.88%"
"16.12.2022","145.960","143.480","146.200","142.810","9.50M","1.98%"
"15.12.2022","143.130","143.680","144.280","141.810","10.84M","-0.15%"
"14.12.2022","143.350","144.180","145.470","141.700","8.43M","-0.47%"
"13.12.2022","144.030","144.290","145.390","141.490","12.86M","0.50%"
"09.12.2022","143.320","147.890","147.890","142.480","8.49M","-2.72%"
"08.12.2022","147.320","145.590","148.080","145.180","4.59M","1.30%"
"07.12.2022","145.430","147.570","149.190","144.620","4.88M","-1.45%"
"06.12.2022","147.570","146.660","149.000","145.000","4.13M","-1.84%"
"05.12.2022","150.330","149.510","151.490","149.030","4.99M","0.34%"
"02.12.2022","149.820","152.330","153.490","149.360","5.63M","-1.47%"
"01.12.2022","152.060","154.690","155.340","151.060","6.17M","-1.45%"
"30.11.2022","154.300","150.770","155.000","147.220","19.87M","3.11%"
"29.11.2022","149.640","152.810","154.240","148.800","7.11M","-2.34%"
"28.11.2022","153.220","155.910","159.360","152.730","4.43M","-2.12%"
"25.11.2022","156.540","153.210","157.190","149.880","3.07M","1.99%"
"24.11.2022","153.490","154.150","154.460","150.430","828.00K","-0.30%"
"23.11.2022","153.950","153.080","155.500","153.000","5.15M","1.01%"
"22.11.2022","152.410","152.900","157.290","152.070","11.02M","-0.28%"
"18.11.2022","152.840","149.390","154.000","149.120","4.91M","2.46%"
"17.11.2022","149.170","150.410","153.990","148.610","7.08M","-1.03%"
"16.11.2022","150.720","152.760","152.760","149.510","5.16M","-1.45%"
"15.11.2022","152.940","150.700","154.590","150.070","6.89M","1.66%"
"14.11.2022","150.440","151.210","153.090","148.190","6.73M","-0.73%"
"11.11.2022","151.540","154.010","155.290","149.140","6.88M","-1.74%"
"10.11.2022","154.220","153.690","156.720","153.630","7.89M","0.84%"
"09.11.2022","152.940","156.140","158.490","151.210","5.69M","-2.09%"
"08.11.2022","156.200","160.090","160.400","155.010","5.67M","-2.56%"
"07.11.2022","160.310","166.580","167.790","159.560","3.26M","-3.62%"
"04.11.2022","166.330","163.890","167.370","163.890","4.81M","1.81%"
"03.11.2022","163.380","163.890","166.410","158.960","8.83M","-0.06%"
"01.11.2022","163.480","161.110","164.550","161.110","5.99M","1.51%"
"31.10.2022","161.050","157.580","164.510","157.010","8.94M","2.20%"
"28.10.2022","157.580","156.460","159.010","155.130","5.06M","0.81%"
"27.10.2022","156.310","160.200","160.240","153.960","12.82M","-2.19%"
"26.10.2022","159.810","165.020","165.310","158.160","19.01M","-3.16%"
"25.10.2022","165.020","160.610","165.970","159.510","9.81M","2.41%"
"24.10.2022","161.140","155.510","161.970","155.510","9.68M","3.10%"
"21.10.2022","156.300","153.000","157.990","153.000","12.32M","2.73%"
"20.10.2022","152.140","150.990","152.510","149.710","10.29M","1.03%"
"19.10.2022","150.590","151.050","151.870","150.130","14.41M","-0.68%"
"18.10.2022","151.620","152.980","153.770","150.010","13.42M","-1.07%"
"17.10.2022","153.260","148.090","153.690","148.030","10.61M","3.84%"
"14.10.2022","147.590","147.010","149.690","146.240","6.84M","0.56%"
"13.10.2022","146.770","144.310","147.890","141.740","10.48M","1.20%"
"12.10.2022","145.030","143.410","147.790","141.990","6.65M","0.81%"
"11.10.2022","143.870","140.440","145.490","138.810","8.79M","2.16%"
"10.10.2022","140.830","140.110","141.910","137.770","2.37M","0.02%"
"07.10.2022","140.800","138.010","141.490","137.880","6.84M","1.64%"
"06.10.2022","138.530","133.290","138.890","132.700","4.21M","3.89%"
"05.10.2022","133.340","132.010","133.690","131.530","2.43M","0.69%"
"04.10.2022","132.420","131.500","133.290","129.610","6.57M","0.70%"
"03.10.2022","131.500","129.490","131.860","128.810","4.99M","1.69%"
"30.09.2022","129.320","129.190","131.340","128.620","7.49M","0.51%"
"29.09.2022","128.660","131.910","132.370","128.000","5.01M","-2.64%"
"28.09.2022","132.150","130.090","133.080","129.350","5.25M","2.10%"
"27.09.2022","129.430","130.800","130.990","128.900","7.12M","-0.80%"
"26.09.2022","130.480","131.650","131.650","129.290","5.01M","-0.65%"
"23.09.2022","131.330","133.610","134.200","128.550","6.08M","-2.18%"
"22.09.2022","134.260","135.710","135.950","132.190","5.02M","-1.49%"
"21.09.2022","136.290","136.000","137.900","135.210","4.91M","0.66%"
"20.09.2022","135.390","138.450","138.450","134.480","9.38M","-2.34%"
"19.09.2022","138.640","133.610","139.930","132.910","16.42M","3.51%"
"15.09.2022","133.940","129.570","134.420","129.500","22.18M","3.48%"
"14.09.2022","129.430","125.330","129.990","125.000","5.88M","3.51%"
"13.09.2022","125.040","127.000","127.980","124.700","4.31M","-2.04%"
"12.09.2022","127.640","125.290","128.490","125.220","3.28M","2.12%"
"09.09.2022","124.990","122.690","125.960","122.690","2.90M","2.22%"
"08.09.2022","122.280","123.300","123.810","121.810","5.30M","-0.91%"
"07.09.2022","123.400","121.700","124.560","120.610","4.45M","1.43%"
"06.09.2022","121.660","123.990","123.990","120.520","3.57M","-1.78%"
"05.09.2022","123.860","122.230","124.490","117.000","330.85K","1.29%"
"02.09.2022","122.280","121.750","124.730","119.750","4.10M","1.93%"
"01.09.2022","119.970","118.980","121.500","115.730","4.89M","0.83%"
"31.08.2022","118.980","121.680","122.890","118.630","14.57M","-2.00%"
"30.08.2022","121.410","121.110","122.370","119.050","4.02M","0.25%"
"29.08.2022","121.110","122.550","122.670","120.010","4.30M","-2.22%"
"26.08.2022","123.860","125.510","125.710","121.530","3.46M","-1.54%"
"25.08.2022","125.800","126.000","127.560","124.710","5.39M","-0.32%"
"24.08.2022","126.210","126.120","127.830","125.710","6.98M","-0.82%"
"23.08.2022","127.250","126.890","127.790","125.420","6.48M","0.58%"
"22.08.2022","126.520","126.710","128.200","124.570","9.24M","-0.46%"
"19.08.2022","127.110","124.810","128.000","124.610","4.80M","1.51%"
"18.08.2022","125.220","125.640","126.290","123.010","6.26M","-0.60%"
"17.08.2022","125.980","123.760","126.390","123.000","4.33M","1.71%"
"16.08.2022","123.860","124.430","124.890","123.180","6.61M","-0.31%"
"15.08.2022","124.250","123.000","124.690","121.720","3.93M","0.62%"
"12.08.2022","123.490","121.700","124.120","120.620","5.19M","1.76%"
"11.08.2022","121.360","120.930","121.800","116.840","5.76M","0.51%"
"10.08.2022","120.750","116.390","123.370","116.390","9.62M","4.06%"
"09.08.2022","116.040","114.510","117.390","113.940","6.09M","0.65%"
"08.08.2022","115.290","110.200","115.590","110.200","9.60M","4.62%"
"05.08.2022","110.200","110.530","111.790","109.010","9.10M","-0.66%"
"04.08.2022","110.930","112.690","114.990","110.500","6.14M","-0.96%"
"03.08.2022","112.010","111.740","112.490","110.510","4.88M","0.57%"
"02.08.2022","111.370","112.200","113.890","109.710","5.33M","-0.73%"
"01.08.2022","112.190","115.810","118.090","112.010","5.06M","-3.28%"
"29.07.2022","115.990","117.650","119.820","115.710","8.31M","-1.41%"
"28.07.2022","117.650","113.220","118.520","113.220","6.61M","4.11%"
"27.07.2022","113.010","114.790","114.790","112.000","9.42M","-1.13%"
"26.07.2022","114.300","116.630","117.040","113.920","7.34M","-1.61%"
"25.07.2022","116.170","113.880","117.390","113.600","8.24M","2.30%"
"22.07.2022","113.560","119.890","119.930","113.210","5.42M","-5.06%"
"21.07.2022","119.610","117.640","120.880","115.420","6.36M","1.73%"
"20.07.2022","117.580","113.710","118.050","113.710","7.63M","2.89%"
"19.07.2022","114.280","111.890","114.600","111.760","9.07M","2.40%"
"18.07.2022","111.600","113.790","114.590","111.000","5.41M","-1.29%"
"15.07.2022","113.060","113.990","114.590","112.590","5.45M","-0.42%"
"14.07.2022","113.540","114.010","114.340","112.910","6.47M","-1.24%"
"13.07.2022","114.960","114.510","117.210","114.510","7.57M","-0.08%"
"12.07.2022","115.050","111.640","115.680","110.610","8.89M","3.12%"
"11.07.2022","111.570","113.000","113.000","111.140","6.54M","-1.90%"
"08.07.2022","113.730","111.880","114.170","110.250","9.69M","1.38%"
"07.07.2022","112.180","112.890","113.990","111.760","8.66M","-0.63%"
"06.07.2022","112.890","111.860","113.500","111.150","4.53M","0.74%"
"05.07.2022","112.060","112.010","112.490","108.540","8.24M","-0.44%"
"04.07.2022","112.560","112.140","114.070","111.510","1.16M","-0.13%"
"01.07.2022","112.710","112.000","114.400","110.510","4.98M","0.48%"
"30.06.2022","112.170","113.210","113.490","110.480","12.58M","-1.53%"
"29.06.2022","113.910","116.650","116.950","113.410","9.42M","-2.39%"
"28.06.2022","116.700","117.770","117.990","115.420","6.97M","-0.49%"
"27.06.2022","117.280","115.160","117.680","113.510","3.51M","2.35%"
"24.06.2022","114.590","111.120","116.000","106.120","8.48M","2.60%"
"23.06.2022","111.690","112.760","112.910","110.300","6.93M","-1.23%"
"22.06.2022","113.080","118.410","118.580","112.820","5.81M","-4.79%"
"21.06.2022","118.770","115.300","119.800","115.300","4.85M","3.27%"
"20.06.2022","115.010","117.480","117.660","114.550","2.74M","-2.28%"
"17.06.2022","117.690","116.730","119.730","114.450","16.06M","0.90%"
"16.06.2022","116.640","117.500","118.390","115.020","9.62M","-1.10%"
"15.06.2022","117.940","119.280","119.390","117.510","7.89M","-0.71%"
"14.06.2022","118.780","118.990","120.700","117.100","8.84M","0.44%"
"13.06.2022","118.260","116.680","119.580","113.060","8.79M","0.50%"
"10.06.2022","117.670","119.820","120.060","117.060","4.99M","-2.63%"
"09.06.2022","120.850","122.190","123.980","118.740","5.70M","0.09%"
"08.06.2022","120.740","121.990","123.860","120.000","7.16M","-0.89%"
"07.06.2022","121.830","120.750","122.000","117.380","7.69M","0.32%"
"06.06.2022","121.440","123.490","124.480","121.010","8.32M","-1.36%"
"03.06.2022","123.120","124.170","125.290","122.500","4.62M","-1.12%"
"02.06.2022","124.520","125.800","126.390","123.690","4.82M","-1.04%"
"01.06.2022","125.830","127.540","127.650","124.610","5.51M","-1.38%"
"31.05.2022","127.590","129.590","129.590","126.010","17.95M","-1.12%"
"30.05.2022","129.040","131.100","131.990","128.810","2.68M","-1.51%"
"27.05.2022","131.020","128.700","133.330","128.700","7.07M","-2.41%"
"26.05.2022","134.250","131.000","134.510","133.210","4.14M","2.47%"
"25.05.2022","131.010","129.510","133.000","128.810","6.77M","0.81%"
"24.05.2022","129.960","127.310","130.230","126.810","7.38M","1.73%"
"23.05.2022","127.750","127.590","129.650","126.310","6.78M","0.66%"
"20.05.2022","126.910","129.090","129.710","126.760","6.33M","-1.21%"
"19.05.2022","128.470","126.010","129.340","125.000","6.61M","1.14%"
"18.05.2022","127.020","134.000","134.000","125.500","10.64M","-5.13%"
"17.05.2022","133.890","133.010","135.570","131.830","7.03M","0.37%"
"16.05.2022","133.390","128.910","135.400","127.240","7.45M","2.96%"
"13.05.2022","129.560","120.690","130.700","120.680","10.27M","7.94%"
"12.05.2022","120.030","126.210","127.120","119.830","14.69M","-5.05%"
"11.05.2022","126.420","130.050","130.990","125.690","9.07M","-3.13%"
"10.05.2022","130.500","132.910","135.250","130.010","8.69M","-1.99%"
"09.05.2022","133.150","135.410","136.180","130.510","8.34M","-1.94%"
"06.05.2022","135.780","137.710","138.960","135.310","7.78M","-1.65%"
"05.05.2022","138.060","140.010","142.190","136.540","10.60M","-2.45%"
"04.05.2022","141.530","137.490","143.970","136.660","7.72M","2.94%"
"03.05.2022","137.490","141.240","141.240","136.500","8.71M","-2.54%"
"02.05.2022","141.080","135.090","143.440","133.410","7.06M","4.73%"
"29.04.2022","134.710","139.880","140.590","133.730","8.95M","-3.78%"
"28.04.2022","140.000","139.790","140.590","137.500","6.10M","0.55%"
"27.04.2022","139.230","138.690","141.320","137.550","4.57M","0.56%"
"26.04.2022","138.450","141.180","141.410","137.910","5.95M","-1.96%"
"25.04.2022","141.220","147.110","147.110","139.450","9.36M","-4.78%"
"22.04.2022","148.310","137.890","148.630","137.650","12.30M","8.17%"
"21.04.2022","137.110","136.500","140.190","136.150","16.01M","0.53%"
"20.04.2022","136.390","137.250","137.290","136.030","10.48M","-0.29%"
"19.04.2022","136.780","137.260","139.090","136.260","9.39M","-0.12%"
"18.04.2022","136.940","136.560","137.690","136.540","4.23M","0.12%"
"13.04.2022","136.770","137.810","138.690","136.500","5.78M","-0.96%"
"12.04.2022","138.100","137.600","138.790","137.550","8.89M","0.79%"
"11.04.2022","137.020","139.000","139.190","136.210","14.07M","-1.64%"
"08.04.2022","139.310","143.180","143.180","139.000","8.94M","-2.80%"
"07.04.2022","143.320","147.460","147.630","142.880","8.94M","-2.88%"
"06.04.2022","147.570","145.250","148.810","143.710","12.10M","2.00%"
"05.04.2022","144.670","146.210","146.650","142.150","4.61M","-1.29%"
"04.04.2022","146.560","147.970","148.590","145.360","4.52M","-1.01%"
"01.04.2022","148.060","149.990","150.690","147.410","7.00M","-1.00%"
"31.03.2022","149.550","150.250","152.290","149.280","7.93M","-0.74%"
"30.03.2022","150.660","152.320","152.320","149.200","12.26M","-1.27%"
"29.03.2022","152.600","151.270","153.260","149.590","10.06M","0.89%"
"28.03.2022","151.260","150.290","151.770","149.510","10.53M","0.89%"
"25.03.2022","149.930","152.310","152.360","148.120","10.02M","-1.79%"
"24.03.2022","152.660","148.990","154.400","147.310","7.43M","2.58%"
"23.03.2022","148.820","148.970","152.990","147.140","10.48M","-0.35%"
"22.03.2022","149.340","156.300","159.980","148.790","12.60M","-7.20%"
"18.03.2022","160.930","150.000","162.280","148.410","30.52M","7.31%"
"17.03.2022","149.970","142.100","150.700","141.710","12.91M","5.53%"
"16.03.2022","142.110","139.810","142.900","139.810","13.47M","1.54%"
"15.03.2022","139.950","140.870","141.880","138.150","12.22M","-0.89%"
"14.03.2022","141.200","140.890","142.960","139.910","11.11M","0.74%"
"11.03.2022","140.160","137.190","141.000","136.930","8.08M","2.56%"
"10.03.2022","136.660","139.510","141.200","136.200","9.61M","-2.32%"
"09.03.2022","139.910","136.490","141.500","136.490","9.81M","2.84%"
"08.03.2022","136.040","132.090","136.860","130.000","11.64M","3.22%"
"07.03.2022","131.790","133.210","133.210","130.130","7.51M","-1.19%"
"04.03.2022","133.380","133.410","133.980","130.280","6.96M","-0.30%"
"03.03.2022","133.780","130.990","134.900","130.800","6.45M","2.64%"
"02.03.2022","130.340","138.100","138.180","129.940","9.41M","-5.21%"
"01.03.2022","137.510","137.930","140.170","135.880","8.88M","-0.74%"
"28.02.2022","138.540","132.010","139.000","131.610","16.78M","4.80%"
"25.02.2022","132.200","129.310","133.250","129.310","3.58M","2.01%"
"24.02.2022","129.590","124.900","130.890","120.600","9.21M","1.11%"
"23.02.2022","128.170","132.520","132.750","127.250","9.65M","-3.47%"
"22.02.2022","132.780","131.880","134.530","131.000","7.52M","1.04%"
"21.02.2022","131.410","130.000","133.000","130.000","1.13M","0.89%"
"18.02.2022","130.250","133.190","134.390","130.010","4.35M","-2.21%"
"17.02.2022","133.190","136.210","137.770","132.590","6.19M","-2.76%"
"16.02.2022","136.970","137.010","138.480","134.320","6.73M","-0.31%"
"15.02.2022","137.390","135.890","140.290","135.430","11.57M","1.35%"
"14.02.2022","135.560","138.410","138.800","134.110","6.43M","-2.61%"
"11.02.2022","139.200","137.910","142.990","137.150","7.37M","0.56%"
"10.02.2022","138.430","133.810","139.390","133.810","8.91M","3.11%"
"09.02.2022","134.260","135.860","136.790","133.360","10.40M","-0.83%"
"08.02.2022","135.390","129.660","136.090","128.810","12.52M","4.00%"
"04.02.2022","130.180","131.640","132.920","129.540","3.96M","-1.14%"
"03.02.2022","131.680","129.480","132.390","129.170","7.98M","1.79%"
"02.02.2022","129.370","131.460","132.790","128.830","7.00M","-1.40%"
"01.02.2022","131.210","131.500","131.670","128.500","6.80M","0.36%"
"31.01.2022","130.740","131.070","131.750","129.520","6.48M","-0.25%"
"28.01.2022","131.070","130.730","133.290","129.910","7.52M","0.46%"
"27.01.2022","130.470","131.850","131.900","128.010","12.36M","-0.64%"
"26.01.2022","131.310","130.490","132.750","130.240","5.91M","1.04%"
"25.01.2022","129.960","129.610","131.690","128.560","9.88M","-0.07%"
"24.01.2022","130.050","134.810","135.100","125.910","9.84M","-3.74%"
"21.01.2022","135.100","140.890","140.890","133.980","6.24M","-3.95%"
"20.01.2022","140.650","141.390","141.490","138.400","8.29M","-0.30%"
"19.01.2022","141.080","143.690","143.770","140.050","7.95M","-1.42%"
"18.01.2022","143.110","147.660","149.100","142.710","9.14M","-3.28%"
"17.01.2022","147.970","146.360","150.500","146.270","1.76M","1.35%"
"14.01.2022","146.000","149.620","149.670","144.810","3.94M","-2.64%"
"13.01.2022","149.960","148.680","150.500","147.410","8.28M","1.45%"
"12.01.2022","147.810","142.900","148.590","142.900","8.21M","3.37%"
"11.01.2022","142.990","145.880","146.790","142.310","8.21M","-2.16%"
"10.01.2022","146.140","148.340","148.340","144.270","6.51M","-1.24%"
"07.01.2022","147.980","141.690","148.260","141.300","9.46M","5.21%"
"06.01.2022","140.650","136.980","141.390","135.610","10.33M","3.09%"
"05.01.2022","136.430","135.990","136.990","134.570","5.70M","0.61%"
"04.01.2022","135.600","135.750","137.490","134.370","4.32M","0.36%"
"03.01.2022","135.110","133.490","138.400","133.490","3.69M","1.57%"
"31.12.2021","133.020","133.510","134.390","132.910","1.62M","-0.63%"
"30.12.2021","133.860","132.990","134.990","132.270","2.30M","0.79%"
"29.12.2021","132.810","133.780","134.590","132.010","1.47M","-0.40%"
"28.12.2021","133.340","131.610","134.390","131.610","2.27M","0.79%"
"27.12.2021","132.290","129.710","132.500","129.520","2.26M","1.74%"
"24.12.2021","130.030","129.990","130.760","129.510","87.35K","-0.08%"
"23.12.2021","130.140","129.850","131.500","129.110","3.79M","0.40%"
"22.12.2021","129.620","129.310","130.290","128.000","4.92M","0.49%"
"21.12.2021","128.990","128.770","129.550","127.180","2.96M","0.84%"
"20.12.2021","127.910","129.110","129.250","125.160","4.04M","-1.53%"
"17.12.2021","129.900","128.210","130.390","126.700","13.11M","1.06%"
"16.12.2021","128.540","124.990","128.890","124.720","6.95M","3.23%"
"15.12.2021","124.520","125.940","126.190","121.880","9.62M","-1.27%"
"14.12.2021","126.120","126.800","127.690","123.800","8.42M","-0.40%"
"13.12.2021","126.630","132.160","133.650","125.900","9.79M","-4.42%"
"10.12.2021","132.490","135.730","135.900","132.170","4.19M","-2.16%"
"09.12.2021","135.420","130.010","136.720","130.010","7.63M","3.79%"
"08.12.2021","130.470","131.290","132.190","130.130","9.82M","-0.34%"
"07.12.2021","130.920","130.610","132.090","129.240","12.97M","0.60%"
"06.12.2021","130.140","133.980","134.090","129.810","4.45M","-2.13%"
"03.12.2021","132.970","134.700","137.500","132.370","6.44M","-1.41%"
"02.12.2021","134.870","128.990","135.090","128.140","6.60M","4.80%"
"01.12.2021","128.690","129.210","131.430","127.270","5.98M","0.44%"
"30.11.2021","128.130","125.610","130.000","124.710","17.06M","1.72%"
"29.11.2021","125.960","125.980","126.520","122.950","10.02M","0.61%"
"26.11.2021","125.200","133.310","133.310","122.310","11.75M","-6.53%"
"25.11.2021","133.950","135.970","135.970","133.730","1.05M","-1.13%"
"24.11.2021","135.480","137.010","137.010","133.540","7.21M","-1.39%"
"23.11.2021","137.390","135.310","137.920","134.310","4.51M","1.82%"
"22.11.2021","134.930","137.400","137.400","134.310","3.44M","-1.89%"
"19.11.2021","137.530","136.300","138.000","136.160","6.12M","0.66%"
"18.11.2021","136.630","134.410","137.960","133.470","8.85M","1.39%"
"17.11.2021","134.760","131.450","135.060","130.010","5.11M","2.42%"
"16.11.2021","131.570","128.410","131.980","128.160","11.34M","2.10%"
"12.11.2021","128.860","131.000","131.540","128.410","5.02M","-1.77%"
"11.11.2021","131.180","129.740","131.500","128.180","5.05M","1.21%"
"10.11.2021","129.610","134.200","134.350","129.410","5.31M","-3.51%"
"09.11.2021","134.330","132.460","134.900","132.400","5.42M","1.41%"
"08.11.2021","132.460","133.990","133.990","131.570","5.16M","-0.74%"
"05.11.2021","133.450","131.990","134.500","131.870","4.89M","1.21%"
"04.11.2021","131.860","133.490","133.750","129.570","6.50M","-0.78%"
"03.11.2021","132.900","127.890","133.390","127.380","8.55M","4.65%"
"01.11.2021","127.000","130.990","131.040","126.810","5.35M","-2.57%"
"29.10.2021","130.350","130.820","131.910","130.030","5.36M","-0.30%"
"28.10.2021","130.740","133.570","133.580","130.450","5.87M","-1.78%"
"27.10.2021","133.110","139.610","140.060","132.810","5.32M","-5.00%"
"26.10.2021","140.110","138.490","140.380","136.720","7.83M","2.20%"
"25.10.2021","137.100","138.370","139.480","136.460","2.96M","-1.26%"
"22.10.2021","138.850","139.790","140.080","137.550","6.20M","-0.30%"
"21.10.2021","139.270","139.850","140.700","138.780","5.63M","-0.55%"
"20.10.2021","140.040","138.600","141.590","138.600","9.31M","0.81%"
"19.10.2021","138.920","138.890","139.560","138.450","5.39M","0.36%"
"18.10.2021","138.420","139.510","140.480","137.710","4.58M","-1.10%"
"15.10.2021","139.960","136.190","140.490","136.000","5.02M","2.93%"
"14.10.2021","135.970","138.390","138.950","133.180","5.68M","-1.56%"
"13.10.2021","138.130","137.490","138.290","136.270","6.14M","0.71%"
"12.10.2021","137.160","136.490","137.650","135.880","6.72M","0.76%"
"11.10.2021","136.120","135.200","136.500","134.740","6.54M","0.86%"
"08.10.2021","134.960","132.500","135.250","132.500","6.10M","1.61%"
"07.10.2021","132.820","135.500","135.820","131.840","8.09M","-1.96%"
"06.10.2021","135.470","135.160","135.500","132.350","9.48M","0.11%"
"05.10.2021","135.320","134.400","135.500","133.630","7.01M","0.91%"
"04.10.2021","134.100","133.000","134.830","131.310","5.64M","0.40%"
"01.10.2021","133.560","132.570","133.840","131.800","4.52M","0.75%"
"30.09.2021","132.570","132.540","133.000","131.030","6.45M","0.52%"
"29.09.2021","131.890","130.810","132.920","129.080","7.29M","1.00%"
"28.09.2021","130.580","132.520","132.520","129.110","5.72M","-1.54%"
"27.09.2021","132.620","128.890","133.370","128.320","7.75M","3.24%"
"24.09.2021","128.460","125.880","128.830","125.650","5.46M","1.91%"
"23.09.2021","126.050","126.690","126.800","125.660","5.02M","-0.24%"
"22.09.2021","126.350","123.490","127.000","123.490","3.67M","2.61%"
"21.09.2021","123.140","123.300","125.490","121.040","5.10M","0.17%"
"20.09.2021","122.930","125.780","125.780","122.790","3.89M","-2.50%"
"17.09.2021","126.080","131.000","131.340","126.000","11.89M","-3.57%"
"15.09.2021","130.750","128.250","131.280","128.120","7.52M","1.74%"
"14.09.2021","128.520","127.890","129.260","127.010","4.79M","0.74%"
"13.09.2021","127.580","127.990","129.190","127.100","4.54M","0.08%"
"10.09.2021","127.480","126.490","128.080","126.350","4.97M","1.09%"
"09.09.2021","126.110","125.900","126.900","125.010","3.62M","0.53%"
"08.09.2021","125.450","128.010","128.560","125.010","4.33M","-2.59%"
"07.09.2021","128.790","127.590","129.200","126.610","3.74M","1.11%"
"06.09.2021","127.380","126.360","127.980","125.930","612.06K","1.17%"
"03.09.2021","125.910","126.280","128.290","125.790","3.02M","-0.29%"
"02.09.2021","126.280","127.810","128.560","124.600","5.10M","-1.39%"
"01.09.2021","128.060","132.880","132.930","127.490","4.27M","-3.41%"
"31.08.2021","132.580","128.890","133.050","128.890","13.92M","3.15%"
"30.08.2021","128.530","127.970","130.000","127.500","5.27M","0.08%"
"27.08.2021","128.430","129.770","130.750","127.700","4.88M","-0.53%"
"26.08.2021","129.110","128.650","130.000","127.910","7.92M","0.61%"
"25.08.2021","128.330","125.990","129.490","125.860","4.76M","2.19%"
"24.08.2021","125.580","128.140","128.900","124.880","3.91M","-1.84%"
"23.08.2021","127.940","125.680","128.700","124.830","3.56M","2.33%"
"20.08.2021","125.030","126.990","126.990","124.660","3.29M","-1.23%"
"19.08.2021","126.590","130.610","130.840","125.310","5.22M","-3.36%"
"18.08.2021","130.990","133.090","133.810","130.530","6.02M","-1.44%"
"17.08.2021","132.910","130.830","133.310","130.010","6.99M","1.81%"
"16.08.2021","130.550","131.000","131.690","129.290","2.42M","-0.56%"
"13.08.2021","131.290","130.160","131.750","128.610","3.63M","0.93%"
"12.08.2021","130.080","129.750","130.420","129.310","2.94M","0.39%"
"11.08.2021","129.570","129.980","130.490","128.950","4.85M","-0.04%"
"10.08.2021","129.620","128.830","130.190","128.210","2.33M","0.46%"
"09.08.2021","129.030","129.050","129.990","128.610","2.48M","-0.15%"
"06.08.2021","129.220","128.890","130.690","128.360","4.05M","0.69%"
"05.08.2021","128.340","129.430","130.090","127.710","7.03M","-0.58%"
"04.08.2021","129.090","132.710","132.840","127.720","9.95M","-3.14%"
"03.08.2021","133.280","129.590","133.880","129.060","8.65M","3.17%"
"02.08.2021","129.180","129.590","130.190","127.690","5.73M","0.10%"
"30.07.2021","129.050","131.000","131.620","128.590","9.10M","-1.96%"
"29.07.2021","131.630","130.260","132.100","129.510","9.51M","1.27%"
"28.07.2021","129.980","130.190","130.190","129.510","7.72M","0.05%"
"27.07.2021","129.920","129.890","130.230","128.510","6.10M","0.36%"
"26.07.2021","129.460","127.040","130.850","127.040","4.28M","1.68%"
"23.07.2021","127.320","127.990","131.000","126.980","3.88M","-0.10%"
"22.07.2021","127.450","127.570","128.170","126.610","5.40M","0.01%"
"21.07.2021","127.440","124.490","128.000","124.000","2.55M","2.63%"
"20.07.2021","124.170","123.020","124.800","123.000","5.81M","0.80%"
"19.07.2021","123.180","126.310","126.320","122.100","4.58M","-2.85%"
"16.07.2021","126.800","126.990","127.090","126.010","3.48M","0.02%"
"15.07.2021","126.780","126.120","127.290","125.310","4.29M","0.77%"
"14.07.2021","125.810","125.550","126.070","123.810","3.33M","-0.20%"
"13.07.2021","126.060","127.850","128.170","125.510","4.44M","-1.13%"
"12.07.2021","127.500","127.520","128.290","126.760","2.73M","-0.02%"
"09.07.2021","127.520","125.140","128.170","125.110","4.29M","2.00%"
"08.07.2021","125.020","128.710","128.800","123.910","5.56M","-3.28%"
"07.07.2021","129.260","128.610","129.510","127.610","3.40M","0.48%"
"06.07.2021","128.640","129.710","129.790","127.600","2.60M","-1.07%"
"05.07.2021","130.030","130.750","130.790","129.800","434.61K","-0.27%"
"02.07.2021","130.380","131.600","131.600","129.780","2.88M","-1.06%"
"01.07.2021","131.780","128.300","132.280","128.300","4.25M","2.35%"
"30.06.2021","128.760","128.810","129.700","128.210","5.00M","-0.46%"
"29.06.2021","129.350","129.650","130.190","128.060","7.21M","0.09%"
"28.06.2021","129.230","131.000","131.000","126.410","4.27M","-1.13%"
"25.06.2021","130.710","129.500","131.500","129.260","6.02M","0.87%"
"24.06.2021","129.580","129.060","129.890","128.070","6.94M","0.15%"
"23.06.2021","129.380","128.770","130.810","128.010","7.72M","0.64%"
"22.06.2021","128.560","129.640","129.980","127.000","6.15M","-0.73%"
"21.06.2021","129.510","131.310","131.890","129.120","4.31M","-1.66%"
"18.06.2021","131.690","130.710","132.290","130.150","9.90M","0.34%"
"17.06.2021","131.240","132.890","133.770","130.330","5.15M","-0.97%"
"16.06.2021","132.520","132.370","133.030","130.180","6.33M","0.31%"
"15.06.2021","132.110","130.410","132.940","129.550","5.12M","1.10%"
"14.06.2021","130.670","130.980","131.780","129.510","3.66M","-0.02%"
"11.06.2021","130.700","131.510","132.500","130.200","3.76M","-0.71%"
"10.06.2021","131.630","132.990","136.450","131.410","4.82M","-0.87%"
"09.06.2021","132.790","132.580","138.530","131.810","5.95M","-0.02%"
"08.06.2021","132.810","138.410","138.630","132.310","6.68M","-4.45%"
"07.06.2021","138.990","131.600","144.000","131.600","7.34M","5.43%"
"04.06.2021","131.830","133.000","133.290","130.480","3.76M","-0.85%"
"03.06.2021","132.960","134.000","135.500","131.240","5.93M","-0.71%"
"02.06.2021","133.910","132.530","136.630","132.530","5.39M","1.36%"
"01.06.2021","132.110","136.790","137.890","131.590","6.91M","-3.91%"
"31.05.2021","137.480","136.540","138.590","136.440","2.05M","0.94%"
"28.05.2021","136.200","137.680","138.000","135.290","5.51M","-1.32%"
"27.05.2021","138.020","131.890","139.110","131.080","27.68M","5.06%"
"26.05.2021","131.370","131.330","133.250","130.800","5.07M","0.20%"
"25.05.2021","131.110","130.610","132.420","128.830","6.01M","0.51%"
"24.05.2021","130.450","137.290","137.290","129.660","5.42M","-4.99%"
"21.05.2021","137.300","136.000","138.520","131.200","6.49M","0.96%"
"20.05.2021","136.000","129.790","136.490","128.530","11.93M","5.19%"
"19.05.2021","129.290","128.610","129.930","125.220","5.85M","-0.12%"
"18.05.2021","129.440","125.590","131.090","125.450","7.14M","2.81%"
"17.05.2021","125.900","123.560","126.090","122.210","4.67M","2.14%"
"14.05.2021","123.260","118.080","123.390","118.080","6.09M","4.36%"
"13.05.2021","118.110","117.390","118.540","116.310","5.18M","1.31%"
"12.05.2021","116.580","117.990","119.230","116.010","4.96M","-0.92%"
"11.05.2021","117.660","119.410","119.880","117.010","3.09M","-2.03%"
"10.05.2021","120.100","119.860","120.460","118.830","3.63M","0.44%"
"07.05.2021","119.570","118.930","122.000","118.380","4.96M","0.34%"
"06.05.2021","119.160","118.200","119.790","118.070","6.25M","0.91%"
"05.05.2021","118.080","120.000","120.100","117.640","3.60M","-1.44%"
"04.05.2021","119.810","120.000","120.750","118.050","3.52M","-0.40%"
"03.05.2021","120.290","116.000","120.800","115.820","3.35M","4.37%"
"30.04.2021","115.250","118.000","119.060","114.730","6.21M","-4.95%"
"29.04.2021","121.250","119.450","123.500","118.920","5.39M","1.69%"
"28.04.2021","119.230","118.420","119.910","118.210","3.18M","0.35%"
"27.04.2021","118.810","121.390","122.090","118.410","5.00M","-1.54%"
"26.04.2021","120.670","122.100","123.000","120.510","3.33M","-1.06%"
"23.04.2021","121.960","121.010","123.000","120.120","4.59M","-0.02%"
"22.04.2021","121.990","118.460","122.300","118.460","5.20M","2.75%"
"21.04.2021","118.720","118.600","119.180","118.090","3.05M","0.10%"
"20.04.2021","118.600","119.710","120.030","118.140","3.82M","-0.97%"
"19.04.2021","119.760","121.430","122.190","119.150","6.17M","-1.57%"
"16.04.2021","121.670","121.650","122.290","120.810","4.02M","-0.04%"
"15.04.2021","121.720","120.500","121.900","120.500","6.79M","0.60%"
"14.04.2021","120.990","117.690","121.500","116.450","4.79M","3.22%"
"13.04.2021","117.210","116.660","117.690","116.010","3.32M","0.36%"
"12.04.2021","116.790","117.280","117.360","115.880","5.52M","-0.02%"
"09.04.2021","116.810","118.800","118.910","116.160","7.97M","-1.75%"
"08.04.2021","118.890","118.010","119.230","118.010","7.18M","0.32%"
"07.04.2021","118.510","119.310","120.000","115.290","6.64M","-1.31%"
"06.04.2021","120.080","122.420","122.650","119.510","4.12M","-2.15%"
"05.04.2021","122.720","116.500","123.560","116.480","10.44M","6.59%"
"31.03.2021","115.130","116.570","117.790","114.850","7.70M","-1.87%"
"30.03.2021","117.320","116.700","117.880","116.210","3.75M","0.19%"
"29.03.2021","117.100","114.540","117.230","114.410","7.09M","1.72%"
"26.03.2021","115.120","118.000","118.190","113.670","9.07M","-2.13%"
"25.03.2021","117.630","112.010","117.960","112.010","6.86M","4.64%"
"24.03.2021","112.410","112.680","114.390","111.610","7.21M","0.04%"
"23.03.2021","112.360","116.090","116.190","112.000","6.50M","-3.10%"
"22.03.2021","115.950","111.690","116.460","111.500","5.92M","4.15%"
"19.03.2021","111.330","116.010","116.160","109.990","24.69M","-4.37%"
"18.03.2021","116.420","116.990","117.000","116.010","4.11M","-0.02%"
"17.03.2021","116.440","119.250","120.380","115.900","6.29M","-2.89%"
"16.03.2021","119.900","118.000","121.790","117.410","11.11M","1.31%"
"12.03.2021","118.350","118.000","118.800","116.640","7.48M","0.47%"
"11.03.2021","117.800","119.100","119.170","117.610","7.33M","-1.38%"
"10.03.2021","119.450","113.960","119.750","113.330","9.44M","5.08%"
"09.03.2021","113.680","111.940","114.500","111.240","10.56M","1.30%"
"08.03.2021","112.220","105.890","112.590","105.790","13.02M","6.23%"
"05.03.2021","105.640","108.380","109.590","105.510","10.54M","-2.41%"
"04.03.2021","108.250","112.990","114.990","107.700","10.01M","-4.05%"
"03.03.2021","112.820","108.490","113.800","108.290","7.01M","4.66%"
"02.03.2021","107.800","104.700","109.990","104.490","4.63M","2.34%"
"01.03.2021","105.340","105.690","106.220","102.160","5.65M","0.27%"
"26.02.2021","105.060","104.000","106.090","103.650","10.21M","1.02%"
"25.02.2021","104.000","109.690","110.340","103.120","8.20M","-4.70%"
"24.02.2021","109.130","109.710","113.480","108.750","4.60M","-1.04%"
"23.02.2021","110.280","105.710","112.000","104.810","8.29M","3.70%"
"22.02.2021","106.350","106.020","107.240","104.010","10.48M","0.30%"
"19.02.2021","106.030","109.290","109.520","105.810","9.51M","-2.64%"
"18.02.2021","108.900","109.020","110.380","108.480","4.36M","-0.98%"
"17.02.2021","109.980","108.000","110.330","107.910","5.30M","2.07%"
"16.02.2021","107.750","108.600","108.970","107.510","4.54M","-0.22%"
"15.02.2021","107.990","109.830","110.180","107.760","1.04M","-1.68%"
"12.02.2021","109.830","109.620","111.480","109.010","3.82M","0.26%"
"11.02.2021","109.540","112.230","113.000","108.880","7.79M","-2.64%"
"10.02.2021","112.510","114.480","114.480","112.000","7.52M","-1.82%"
"09.02.2021","114.600","109.510","115.030","109.510","15.76M","4.13%"
"08.02.2021","110.050","109.470","110.990","108.810","9.55M","0.33%"
"05.02.2021","109.690","107.490","111.520","107.490","5.34M","1.98%"
"04.02.2021","107.560","107.090","108.390","106.380","5.36M","0.70%"
"03.02.2021","106.810","103.200","107.140","101.970","9.65M","3.40%"
"02.02.2021","103.300","102.100","107.530","102.100","10.20M","1.70%"
"29.01.2021","101.570","106.090","106.090","100.900","12.38M","-4.58%"
"28.01.2021","106.450","103.550","107.690","101.900","7.16M","2.57%"
"27.01.2021","103.780","105.600","105.610","101.270","18.54M","-1.48%"
"26.01.2021","105.340","105.710","106.280","103.030","11.51M","-0.41%"
"25.01.2021","105.770","107.440","107.440","104.990","7.72M","-1.81%"
"22.01.2021","107.720","109.320","109.320","104.790","14.51M","-1.22%"
"21.01.2021","109.050","110.760","110.760","107.550","7.31M","-1.44%"
"20.01.2021","110.640","115.290","115.290","110.110","10.56M","-3.83%"
"19.01.2021","115.050","117.700","118.590","113.700","5.81M","-2.06%"
"18.01.2021","117.470","116.530","117.890","116.010","2.14M","0.56%"
"15.01.2021","116.820","117.510","118.000","116.000","10.55M","-1.53%"
"14.01.2021","118.630","117.490","118.890","116.110","5.43M","1.38%"
"13.01.2021","117.020","115.990","117.390","114.820","4.78M","1.28%"
"12.01.2021","115.540","118.610","118.940","115.010","4.57M","-2.54%"
"11.01.2021","118.550","117.010","118.910","116.400","5.40M","0.78%"
"08.01.2021","117.630","117.590","118.980","116.440","7.74M","0.33%"
"07.01.2021","117.240","111.790","117.530","111.760","6.68M","5.43%"
"06.01.2021","111.200","109.000","112.890","108.000","5.44M","1.52%"
"05.01.2021","109.540","111.640","112.490","108.650","4.91M","-1.68%"
"04.01.2021","111.410","110.060","117.510","110.060","3.71M","1.35%"
"31.12.2020","109.930","110.810","111.380","109.630","1.41M","-0.96%"
"30.12.2020","110.990","114.290","114.990","110.490","4.41M","-2.49%"
"29.12.2020","113.820","108.090","114.240","108.090","4.79M","5.16%"
"28.12.2020","108.230","108.830","109.290","107.600","2.17M","-0.05%"
"24.12.2020","108.280","110.950","110.970","108.120","1.95M","-1.85%"
"23.12.2020","110.320","104.680","110.900","104.190","4.67M","5.73%"
"22.12.2020","104.340","107.770","107.770","103.100","6.86M","-3.02%"
"21.12.2020","107.590","108.310","109.710","107.440","3.60M","-0.73%"
"18.12.2020","108.380","114.700","115.000","106.370","19.51M","-5.71%"
"17.12.2020","114.940","109.640","115.000","109.250","9.40M","4.81%"
"16.12.2020","109.670","108.330","110.120","106.810","5.04M","1.34%"
"15.12.2020","108.220","111.090","111.510","108.050","4.23M","-2.31%"
"14.12.2020","110.780","111.300","113.000","108.170","6.70M","-0.09%"
"11.12.2020","110.880","112.680","112.680","109.130","7.17M","-1.65%"
"10.12.2020","112.740","107.990","113.190","107.720","7.01M","4.60%"
"09.12.2020","107.780","106.110","108.370","104.880","6.42M","1.29%"
"08.12.2020","106.410","105.110","108.680","105.110","8.62M","0.61%"
"07.12.2020","105.760","108.510","108.900","105.350","6.18M","-3.02%"
"04.12.2020","109.050","111.240","113.410","107.790","7.79M","-1.49%"
"03.12.2020","110.700","108.910","114.310","108.860","12.17M","1.04%"
"02.12.2020","109.560","106.880","109.790","106.570","13.26M","2.45%"
"01.12.2020","106.940","101.590","111.190","101.150","16.52M","5.68%"
"30.11.2020","101.190","105.340","105.390","100.630","27.45M","-3.67%"
"27.11.2020","105.050","108.890","109.090","104.500","3.11M","-3.07%"
"26.11.2020","108.380","109.290","109.390","108.010","3.14M","-0.35%"
"25.11.2020","108.760","114.510","114.960","108.520","7.88M","-5.52%"
"24.11.2020","115.110","114.490","117.190","113.160","12.36M","0.81%"
"23.11.2020","114.180","109.710","114.500","109.710","5.81M","3.92%"
"20.11.2020","109.870","108.480","110.000","108.480","4.50M","1.11%"
"19.11.2020","108.660","107.690","110.000","103.370","8.90M","0.83%"
"18.11.2020","107.770","105.900","110.090","104.810","9.97M","1.77%"
"17.11.2020","105.900","102.590","108.260","102.450","31.98M","4.43%"
"13.11.2020","101.410","102.590","103.390","101.140","10.97M","-0.41%"
"12.11.2020","101.830","107.740","108.240","101.500","18.93M","-6.16%"
"11.11.2020","108.510","106.410","110.600","106.300","23.19M","2.47%"
"10.11.2020","105.890","103.340","106.730","102.880","20.31M","2.84%"
"09.11.2020","102.970","98.070","103.690","98.070","14.29M","5.89%"
"06.11.2020","97.240","95.220","97.590","94.980","11.34M","1.90%"
"05.11.2020","95.430","93.130","95.500","93.090","12.43M","2.76%"
"04.11.2020","92.870","92.760","94.260","92.760","4.28M","0.12%"
"03.11.2020","92.760","94.990","95.000","89.810","12.07M","-1.84%"
"30.10.2020","94.500","89.340","94.980","89.340","14.01M","5.78%"
"29.10.2020","89.340","89.280","89.850","89.060","7.52M","-0.47%"
"28.10.2020","89.760","91.990","91.990","86.970","9.31M","-2.71%"
"27.10.2020","92.260","93.430","93.890","91.910","10.25M","-1.53%"
"26.10.2020","93.690","92.920","94.100","92.920","8.39M","0.44%"
"23.10.2020","93.280","92.990","94.290","92.010","4.75M","0.41%"
"22.10.2020","92.900","92.570","93.330","92.000","17.71M","0.61%"
"21.10.2020","92.340","90.000","93.100","89.010","8.99M","2.87%"
"20.10.2020","89.760","90.150","91.400","89.460","7.65M","-0.20%"
"19.10.2020","89.940","89.670","90.790","89.420","8.93M","0.55%"
"16.10.2020","89.450","88.310","90.630","88.130","20.43M","0.73%"
"15.10.2020","88.800","86.510","88.900","86.270","10.43M","2.15%"
"14.10.2020","86.930","86.350","87.170","85.630","5.57M","0.75%"
"13.10.2020","86.280","86.610","87.230","86.010","4.14M","-0.88%"
"12.10.2020","87.050","85.840","87.290","84.610","5.67M","1.40%"
"09.10.2020","85.850","83.810","86.200","83.510","2.28M","1.96%"
"08.10.2020","84.200","80.040","84.440","79.830","7.80M","5.24%"
"07.10.2020","80.010","78.300","80.190","78.210","5.47M","2.41%"
"06.10.2020","78.130","76.390","78.500","75.500","5.57M","2.82%"
"05.10.2020","75.990","76.990","77.600","75.510","3.60M","-0.55%"
"02.10.2020","76.410","75.110","77.360","75.050","1.18M","0.83%"
"01.10.2020","75.780","76.870","76.870","75.540","2.39M","-1.10%"
"30.09.2020","76.620","75.700","77.390","75.700","6.01M","1.12%"
"29.09.2020","75.770","77.370","77.370","75.000","6.21M","-1.58%"
"28.09.2020","76.990","74.890","77.430","74.300","3.77M","3.65%"
"25.09.2020","74.280","74.010","74.830","72.510","3.62M","-0.11%"
"24.09.2020","74.360","73.160","74.700","72.700","3.68M","1.39%"
"23.09.2020","73.340","74.990","75.090","73.000","5.23M","-1.58%"
"22.09.2020","74.520","74.290","75.260","74.280","4.16M","0.17%"
"21.09.2020","74.390","76.890","76.890","74.230","4.62M","-3.94%"
"18.09.2020","77.440","75.360","78.490","75.250","16.74M","3.43%"
"17.09.2020","74.870","77.900","78.490","74.130","7.88M","-3.67%"
"15.09.2020","77.720","77.700","78.090","77.010","4.06M","0.21%"
"14.09.2020","77.560","75.790","77.870","75.610","4.51M","3.10%"
"11.09.2020","75.230","75.240","76.020","74.640","12.54M","0.23%"
"10.09.2020","75.060","74.150","75.370","73.110","6.64M","1.23%"
"09.09.2020","74.150","74.590","74.880","73.630","3.41M","0.12%"
"08.09.2020","74.060","75.010","75.010","72.200","4.86M","-1.50%"
"07.09.2020","75.190","75.200","75.490","75.000","133.82K","0.63%"
"04.09.2020","74.720","73.730","75.550","72.670","3.99M","1.10%"
"03.09.2020","73.910","74.500","76.000","73.590","6.89M","-1.16%"
"02.09.2020","74.780","76.810","77.610","74.530","8.36M","-2.88%"
"01.09.2020","77.000","75.850","79.080","75.850","5.77M","1.76%"
"31.08.2020","75.670","78.050","78.710","75.100","15.53M","-3.37%"
"28.08.2020","78.310","78.340","78.790","77.610","4.59M","-0.08%"
"27.08.2020","78.370","78.280","78.640","77.650","4.68M","0.36%"
"26.08.2020","78.090","78.990","79.790","77.910","3.54M","-1.11%"
"25.08.2020","78.970","78.200","79.400","77.500","5.71M","0.93%"
"24.08.2020","78.240","80.990","80.990","78.150","3.75M","-2.92%"
"21.08.2020","80.590","83.470","83.470","80.000","3.86M","-3.66%"
"20.08.2020","83.650","84.010","84.580","83.410","4.53M","-0.37%"
"19.08.2020","83.960","84.140","85.000","83.330","5.89M","-0.43%"
"18.08.2020","84.320","83.440","84.440","81.610","4.34M","1.85%"
"17.08.2020","82.790","81.620","83.960","81.620","5.29M","0.78%"
"14.08.2020","82.150","81.690","82.790","81.470","3.54M","0.28%"
"13.08.2020","81.920","82.300","83.190","81.010","5.92M","-0.55%"
"12.08.2020","82.370","80.960","82.690","80.130","5.07M","2.30%"
"11.08.2020","80.520","78.890","80.960","78.810","4.25M","2.61%"
"10.08.2020","78.470","78.810","79.790","78.220","4.92M","-0.95%"
"07.08.2020","79.220","78.010","79.490","78.010","3.70M","1.42%"
"06.08.2020","78.110","78.590","78.590","77.210","4.55M","-0.20%"
"05.08.2020","78.270","77.530","78.920","77.310","7.29M","0.92%"
"04.08.2020","77.560","79.810","80.310","76.470","7.10M","-3.36%"
"03.08.2020","80.260","80.290","81.270","79.710","5.02M","0.45%"
"31.07.2020","79.900","82.290","82.740","79.500","11.94M","-2.86%"
"30.07.2020","82.250","83.310","84.690","82.010","8.59M","-2.36%"
"29.07.2020","84.240","82.900","84.550","82.010","10.50M","1.62%"
"28.07.2020","82.900","79.100","83.000","79.000","5.61M","4.58%"
"27.07.2020","79.270","79.800","80.090","78.860","4.73M","-0.64%"
"24.07.2020","79.780","78.400","79.880","77.760","3.50M","2.37%"
"23.07.2020","77.930","79.240","79.440","77.760","4.68M","-1.45%"
"22.07.2020","79.080","76.960","79.250","76.960","8.25M","3.33%"
"21.07.2020","76.530","75.570","78.900","75.530","6.51M","1.67%"
"20.07.2020","75.270","75.480","75.910","74.470","4.65M","-0.49%"
"17.07.2020","75.640","78.330","78.340","75.250","4.71M","-3.40%"
"16.07.2020","78.300","79.730","80.090","77.610","6.99M","-2.03%"
"15.07.2020","79.920","80.030","81.590","79.170","6.18M","0.18%"
"14.07.2020","79.780","79.600","80.090","79.600","6.86M","-0.40%"
"13.07.2020","80.100","80.090","80.250","79.260","6.25M","0.89%"
"10.07.2020","79.390","80.960","81.060","78.290","6.17M","-2.31%"
"09.07.2020","81.270","81.130","82.090","80.910","5.30M","-0.60%"
"08.07.2020","81.760","82.490","82.580","81.440","6.85M","-0.41%"
"07.07.2020","82.100","80.990","82.490","80.840","5.46M","0.76%"
"06.07.2020","81.480","81.490","81.780","80.040","6.32M","0.72%"
"03.07.2020","80.900","80.660","81.280","80.100","1.25M","0.30%"
"02.07.2020","80.660","80.400","82.150","80.310","6.65M","0.99%"
"01.07.2020","79.870","79.530","80.290","78.140","4.88M","0.19%"
"30.06.2020","79.720","78.200","81.890","78.000","12.61M","1.70%"
"29.06.2020","78.390","79.800","79.890","77.390","7.40M","-0.90%"
"26.06.2020","79.100","80.710","81.480","78.810","5.53M","-2.75%"
"25.06.2020","81.340","81.880","82.490","81.010","4.83M","-0.73%"
"24.06.2020","81.940","81.510","82.270","81.010","6.64M","-0.45%"
"23.06.2020","82.310","83.190","84.390","81.500","5.20M","-0.28%"
"22.06.2020","82.540","85.470","85.900","82.510","6.79M","-3.90%"
"19.06.2020","85.890","81.840","86.710","81.840","23.92M","5.52%"
"18.06.2020","81.400","83.000","83.350","81.200","9.40M","-2.48%"
"17.06.2020","83.470","80.000","83.870","79.840","9.11M","4.95%"
"16.06.2020","79.530","79.090","79.890","77.330","6.87M","2.09%"
"15.06.2020","77.900","77.510","78.430","76.010","5.65M","-0.52%"
"12.06.2020","78.310","75.630","78.760","75.610","7.63M","4.86%"
"11.06.2020","74.680","80.760","80.760","73.940","7.90M","-8.51%"
"10.06.2020","81.630","84.920","84.920","81.410","8.29M","-3.81%"
"09.06.2020","84.860","85.390","85.390","80.530","12.32M","-0.25%"
"08.06.2020","85.070","80.990","85.600","80.410","9.00M","5.76%"
"05.06.2020","80.440","79.000","80.890","79.000","14.84M","2.85%"
"04.06.2020","78.210","77.710","78.790","76.420","16.30M","0.94%"
"03.06.2020","77.480","72.300","77.930","72.300","10.53M","7.45%"
"02.06.2020","72.110","70.000","72.290","69.120","6.23M","3.40%"
"01.06.2020","69.740","67.400","69.890","66.900","3.39M","3.70%"
"29.05.2020","67.250","69.950","69.950","66.500","20.02M","-3.96%"
"28.05.2020","70.020","71.050","71.860","69.660","8.80M","-1.45%"
"27.05.2020","71.050","68.790","71.570","67.610","10.90M","3.95%"
"26.05.2020","68.350","67.190","69.480","67.050","5.39M","2.72%"
"25.05.2020","66.540","67.980","67.980","66.110","854.91K","-1.63%"
"22.05.2020","67.640","66.130","68.000","65.510","4.06M","2.33%"
"21.05.2020","66.100","66.340","66.900","65.010","8.84M","-0.38%"
"20.05.2020","66.350","67.490","67.560","66.010","7.76M","-1.06%"
"19.05.2020","67.060","68.610","69.050","66.000","16.84M","-2.85%"
"18.05.2020","69.030","68.500","69.500","68.500","9.81M","2.30%"
"15.05.2020","67.480","69.810","70.080","67.110","7.03M","-3.71%"
"14.05.2020","70.080","69.000","70.690","67.060","7.17M","0.89%"
"13.05.2020","69.460","72.310","72.590","69.140","7.24M","-4.65%"
"12.05.2020","72.850","76.050","76.990","72.600","10.51M","-4.47%"
"11.05.2020","76.260","75.510","77.030","73.710","7.51M","0.82%"
"08.05.2020","75.640","70.740","76.180","70.740","8.23M","7.52%"
"07.05.2020","70.350","69.420","70.570","68.450","6.65M","2.49%"
"06.05.2020","68.640","68.920","69.690","67.890","7.29M","0.12%"
"05.05.2020","68.560","67.720","70.020","67.720","9.31M","1.24%"
"04.05.2020","67.720","65.500","67.900","63.400","9.55M","2.75%"
"30.04.2020","65.910","65.810","66.120","64.710","10.85M","-0.15%"
"29.04.2020","66.010","63.620","66.290","63.600","14.49M","4.35%"
"28.04.2020","63.260","61.750","64.800","61.750","22.76M","2.48%"
"27.04.2020","61.730","61.690","62.940","60.340","11.20M","1.00%"
"24.04.2020","61.120","59.990","61.390","59.100","17.09M","3.47%"
"23.04.2020","59.070","60.890","61.490","58.850","6.76M","-2.62%"
"22.04.2020","60.660","60.090","61.260","60.000","9.84M","1.86%"
"21.04.2020","59.550","61.230","61.310","59.050","9.54M","-3.15%"
"20.04.2020","61.490","62.700","64.490","61.160","8.73M","-3.12%"
"17.04.2020","63.470","60.690","64.500","60.690","10.77M","5.92%"
"16.04.2020","59.920","59.000","61.970","58.010","15.61M","0.52%"
"15.04.2020","59.610","63.810","64.000","59.410","16.07M","-7.51%"
"14.04.2020","64.450","67.000","67.490","63.210","8.97M","-3.33%"
"13.04.2020","66.670","67.490","67.790","66.210","16.72M","-0.73%"
"08.04.2020","67.160","67.590","67.810","66.560","20.23M","0.63%"
"07.04.2020","66.740","67.400","70.390","66.100","8.56M","0.06%"
"06.04.2020","66.700","62.890","68.260","62.830","11.58M","8.40%"
"03.04.2020","61.530","62.620","64.500","60.290","8.60M","-1.58%"
"02.04.2020","62.520","60.740","63.960","60.740","16.33M","3.17%"
"01.04.2020","60.600","63.010","65.290","60.000","20.86M","-6.77%"
"31.03.2020","65.000","64.240","68.140","64.000","11.43M","1.31%"
"30.03.2020","64.160","63.900","64.470","63.130","7.76M","1.62%"
"27.03.2020","63.140","68.920","68.920","62.780","17.72M","-11.54%"
"26.03.2020","71.380","72.570","76.410","71.010","11.48M","-1.88%"
"25.03.2020","72.750","69.990","76.390","69.520","9.05M","4.83%"
"24.03.2020","69.400","67.000","70.430","66.990","13.67M","7.70%"
"23.03.2020","64.440","66.240","66.990","60.000","11.05M","-3.43%"
"20.03.2020","66.730","70.400","71.590","66.250","21.86M","-5.08%"
"19.03.2020","70.300","73.500","73.500","66.040","14.55M","-4.12%"
"18.03.2020","73.320","76.310","76.650","73.110","11.36M","-6.88%"
"17.03.2020","78.740","85.000","86.500","77.000","21.38M","-13.45%"
"13.03.2020","90.980","88.100","92.290","88.100","16.60M","6.52%"
"12.03.2020","85.410","88.500","89.970","77.660","17.45M","-5.13%"
"11.03.2020","90.030","94.310","94.320","89.200","13.57M","-5.04%"
"10.03.2020","94.810","93.790","95.290","92.410","9.76M","2.04%"
"09.03.2020","92.910","99.980","99.980","92.410","9.45M","-9.30%"
"06.03.2020","102.440","105.700","105.700","100.700","8.95M","-3.89%"
"05.03.2020","106.590","112.100","112.100","105.500","5.99M","-5.14%"
"04.03.2020","112.370","111.590","112.790","111.580","4.37M","1.23%"
"03.03.2020","111.010","112.090","114.290","110.030","7.96M","-0.68%"
"02.03.2020","111.770","106.900","112.430","106.900","8.75M","4.81%"
"28.02.2020","106.640","107.710","108.050","103.000","13.23M","-1.79%"
"27.02.2020","108.580","111.810","111.880","106.100","9.39M","-3.35%"
"26.02.2020","112.340","113.000","113.030","111.810","7.99M","-0.22%"
"25.02.2020","112.590","113.200","113.430","111.910","5.56M","-0.28%"
"24.02.2020","112.910","114.610","115.500","111.060","8.55M","-2.09%"
"21.02.2020","115.320","116.060","116.090","115.010","3.01M","-0.66%"
"20.02.2020","116.090","116.250","117.180","115.000","6.12M","-0.39%"
"19.02.2020","116.540","116.290","116.990","115.640","6.21M","0.50%"
"18.02.2020","115.960","116.410","116.540","115.610","3.35M","-0.80%"
"17.02.2020","116.890","115.290","117.050","115.190","404.20K","1.68%"
"14.02.2020","114.960","116.210","116.300","114.560","4.58M","-0.92%"
"13.02.2020","116.030","117.000","117.380","114.650","3.79M","-0.93%"
"12.02.2020","117.120","115.290","117.570","115.060","5.81M","1.78%"
"11.02.2020","115.070","114.290","118.320","114.290","5.36M","0.97%"
"10.02.2020","113.970","113.980","114.170","112.010","4.02M","0.03%"
"07.02.2020","113.940","115.900","116.080","113.020","7.27M","-1.69%"
"06.02.2020","115.900","116.590","116.890","115.710","10.15M","-0.15%"
"05.02.2020","116.070","117.090","117.490","115.910","5.19M","-0.27%"
"04.02.2020","116.390","117.010","118.610","115.210","9.61M","0.26%"
"31.01.2020","116.090","116.390","116.590","115.210","17.49M","0.04%"
"30.01.2020","116.040","116.000","116.590","114.910","11.60M","0.26%"
"29.01.2020","115.740","113.790","116.000","113.350","6.85M","1.93%"
"28.01.2020","113.550","113.500","113.790","113.000","5.70M","0.21%"
"27.01.2020","113.310","114.540","114.540","112.900","8.12M","-0.99%"
"24.01.2020","114.440","112.740","114.710","112.020","6.75M","0.87%"
"23.01.2020","113.450","113.520","113.690","112.030","11.68M","-0.67%"
"22.01.2020","114.220","113.490","114.600","113.450","6.13M","0.89%"
"21.01.2020","113.210","113.020","113.760","111.910","6.38M","-0.19%"
"20.01.2020","113.420","112.450","113.890","111.810","1.76M","0.61%"
"17.01.2020","112.730","111.490","113.200","111.340","5.34M","1.52%"
"16.01.2020","111.040","108.400","111.400","107.500","6.09M","2.94%"
"15.01.2020","107.870","108.210","111.190","107.210","10.36M","-1.02%"
"14.01.2020","108.980","109.910","110.490","107.930","5.27M","-0.92%"
"13.01.2020","109.990","110.060","110.540","108.770","3.93M","0.04%"
"10.01.2020","109.950","112.530","113.370","109.710","7.90M","-2.54%"
"09.01.2020","112.810","109.390","113.150","109.390","8.70M","3.70%"
"08.01.2020","108.780","106.870","109.500","106.760","5.92M","1.78%"
"07.01.2020","106.880","110.150","110.390","106.510","3.76M","-2.85%"
"06.01.2020","110.010","109.310","110.220","108.610","3.20M","0.05%"
"03.01.2020","109.960","109.010","111.080","108.610","2.69M","0.27%"
"02.01.2020","109.660","106.390","109.990","106.330","1.98M","3.80%"
"31.12.2019","105.650","105.930","106.970","105.300","2.32M","0.62%"
"30.12.2019","105.000","109.690","109.690","103.510","2.62M","-3.60%"
"27.12.2019","108.920","109.980","110.070","108.520","3.02M","-0.65%"
"26.12.2019","109.630","110.200","110.250","109.020","1.58M","-0.52%"
"24.12.2019","110.200","110.560","110.560","109.900","199.23K","-0.14%"
"23.12.2019","110.360","109.580","110.590","108.930","3.32M","1.50%"
"20.12.2019","108.730","111.490","112.610","108.500","13.73M","-2.13%"
"19.12.2019","111.100","116.790","116.790","110.810","9.32M","-4.65%"
"18.12.2019","116.520","116.000","117.380","115.570","18.65M","-0.07%"
"17.12.2019","116.600","114.230","116.880","113.310","12.18M","2.37%"
"16.12.2019","113.900","110.480","114.290","109.710","10.21M","3.35%"
"13.12.2019","110.210","106.590","110.690","106.550","9.90M","3.72%"
"11.12.2019","106.260","103.130","106.450","103.050","5.96M","2.81%"
"10.12.2019","103.360","100.980","103.530","100.230","6.85M","2.77%"
"09.12.2019","100.570","99.720","102.290","99.590","4.90M","0.69%"
"06.12.2019","99.880","101.150","101.770","99.600","4.61M","-1.18%"
"05.12.2019","101.070","100.950","101.590","100.620","4.54M","-0.03%"
"04.12.2019","101.100","100.980","101.520","100.500","4.64M","0.55%"
"03.12.2019","100.550","100.120","101.390","99.600","2.35M","0.20%"
"02.12.2019","100.350","103.280","103.300","100.090","4.79M","-2.52%"
"29.11.2019","102.940","103.990","104.150","102.610","2.04M","-0.76%"
"28.11.2019","103.730","103.440","103.950","102.710","568.53K","0.30%"
"27.11.2019","103.420","102.530","103.770","101.910","2.68M","1.48%"
"26.11.2019","101.910","106.460","106.460","101.460","14.22M","-4.50%"
"25.11.2019","106.710","107.290","108.210","106.560","3.83M","-0.43%"
"22.11.2019","107.170","106.680","107.380","106.110","3.19M","0.40%"
"21.11.2019","106.740","105.730","107.000","104.050","3.88M","0.84%"
"20.11.2019","105.850","105.740","106.260","104.910","4.21M","0.00%"
"19.11.2019","105.850","102.610","106.000","102.610","6.40M","2.68%"
"15.11.2019","103.090","99.300","103.410","99.300","9.62M","4.03%"
"14.11.2019","99.100","99.590","99.790","98.120","7.46M","-0.24%"
"13.11.2019","99.340","99.490","100.000","99.010","11.08M","-0.43%"
"12.11.2019","99.770","102.460","102.460","99.560","3.62M","-2.78%"
"11.11.2019","102.620","102.510","103.480","102.320","3.58M","-0.32%"
"08.11.2019","102.950","105.020","105.790","102.580","2.62M","-2.36%"
"07.11.2019","105.440","104.280","105.770","104.080","4.66M","1.39%"
"06.11.2019","103.990","104.090","104.440","103.110","3.37M","0.13%"
"05.11.2019","103.850","103.800","104.190","102.510","5.62M","-0.20%"
"04.11.2019","104.060","105.480","106.790","103.710","3.37M","-1.35%"
"01.11.2019","105.480","105.260","105.990","104.510","7.96M","0.46%"
"31.10.2019","105.000","102.990","105.320","102.410","7.18M","1.92%"
"30.10.2019","103.020","101.890","103.380","101.510","5.09M","1.55%"
"29.10.2019","101.450","103.030","104.850","101.100","4.91M","-1.59%"
"28.10.2019","103.090","102.050","103.490","102.010","6.21M","1.39%"
"25.10.2019","101.680","111.760","111.760","101.310","11.65M","-9.08%"
"24.10.2019","111.840","109.990","112.360","109.920","6.88M","1.85%"
"23.10.2019","109.810","108.030","109.980","107.480","4.86M","1.87%"
"22.10.2019","107.790","107.190","108.480","107.020","5.26M","0.75%"
"21.10.2019","106.990","107.590","108.990","106.830","2.76M","-0.06%"
"18.10.2019","107.050","108.010","109.820","106.560","5.97M","-1.25%"
"17.10.2019","108.400","108.600","108.870","107.310","4.95M","-0.03%"
"16.10.2019","108.430","110.480","111.060","107.940","5.57M","-1.86%"
"15.10.2019","110.480","110.680","111.190","110.010","4.57M","-0.15%"
"14.10.2019","110.650","108.540","110.990","108.540","3.27M","1.28%"
"11.10.2019","109.250","108.590","111.000","108.300","5.14M","1.22%"
"10.10.2019","107.930","105.730","108.450","105.730","5.00M","1.83%"
"09.10.2019","105.990","106.310","107.290","105.330","4.92M","0.17%"
"08.10.2019","105.810","110.500","110.620","105.510","9.37M","-3.84%"
"07.10.2019","110.030","109.620","110.890","109.570","4.88M","-0.35%"
"04.10.2019","110.420","108.170","110.580","108.110","5.16M","2.04%"
"03.10.2019","108.210","104.000","108.390","104.000","4.23M","3.93%"
"02.10.2019","104.120","105.710","106.280","103.950","4.87M","-1.95%"
"01.10.2019","106.190","105.870","106.750","105.810","3.23M","0.11%"
"30.09.2019","106.070","106.210","106.990","105.910","5.60M","-0.76%"
"27.09.2019","106.880","107.000","107.170","106.110","3.50M","0.07%"
"26.09.2019","106.800","105.300","106.890","104.710","6.55M","1.71%"
"25.09.2019","105.000","106.700","106.800","104.510","9.65M","-1.33%"
"24.09.2019","106.420","108.870","109.470","105.620","8.29M","-2.59%"
"23.09.2019","109.250","109.400","109.990","109.100","3.38M","-0.12%"
"20.09.2019","109.380","108.500","110.890","107.920","40.40M","1.02%"
"19.09.2019","108.280","108.880","109.390","108.010","2.70M","-0.07%"
"18.09.2019","108.360","110.800","110.960","107.610","7.58M","-2.34%"
"17.09.2019","110.960","107.260","111.170","106.910","7.52M","3.58%"
"13.09.2019","107.130","108.750","108.750","107.000","3.94M","-1.04%"
"12.09.2019","108.260","111.820","111.940","107.600","5.34M","-2.71%"
"11.09.2019","111.270","109.300","111.910","109.010","6.45M","1.74%"
"10.09.2019","109.370","109.050","109.590","108.110","4.46M","0.28%"
"09.09.2019","109.070","108.490","109.500","108.310","4.99M","0.69%"
"06.09.2019","108.320","108.490","109.940","107.960","6.30M","0.05%"
"05.09.2019","108.270","107.490","108.500","106.800","5.61M","1.18%"
"04.09.2019","107.010","105.600","107.470","105.030","8.94M","1.50%"
"03.09.2019","105.430","106.100","106.190","104.520","8.11M","-0.54%"
"02.09.2019","106.000","107.500","107.590","102.910","2.01M","-1.69%"
"30.08.2019","107.820","105.800","108.200","105.310","12.62M","2.02%"
"29.08.2019","105.680","103.400","107.500","103.370","9.79M","2.52%"
"28.08.2019","103.080","103.500","104.190","102.980","7.33M","-0.83%"
"27.08.2019","103.940","103.330","104.090","103.150","17.18M","0.69%"
"26.08.2019","103.230","102.500","103.690","102.500","7.80M","1.20%"
"23.08.2019","102.010","101.810","102.590","101.500","8.47M","-0.12%"
"22.08.2019","102.130","99.360","102.590","99.350","14.66M","2.14%"
"21.08.2019","99.990","99.540","100.490","98.510","6.35M","0.72%"
"20.08.2019","99.280","99.280","99.790","97.910","3.97M","0.25%"
"19.08.2019","99.030","97.640","99.490","97.620","7.73M","1.51%"
"16.08.2019","97.560","94.990","99.110","94.210","10.62M","3.21%"
"15.08.2019","94.530","94.010","95.490","92.210","5.82M","0.17%"
"14.08.2019","94.370","95.710","95.780","92.800","8.27M","-1.72%"
"13.08.2019","96.020","97.210","98.000","95.950","8.05M","-1.37%"
"12.08.2019","97.350","97.010","98.550","96.810","5.13M","-0.07%"
"09.08.2019","97.420","95.710","97.940","95.710","5.07M","1.35%"
"08.08.2019","96.120","95.800","97.880","95.800","4.59M","0.11%"
"07.08.2019","96.010","94.110","96.230","93.770","10.83M","1.18%"
"06.08.2019","94.890","91.010","95.160","91.010","10.29M","4.47%"
"05.08.2019","90.830","90.910","92.320","89.910","7.13M","-0.69%"
"02.08.2019","91.460","92.340","92.570","88.720","7.59M","-1.20%"
"01.08.2019","92.570","96.420","96.640","92.400","6.73M","-4.05%"
"31.07.2019","96.480","98.040","99.000","95.870","13.15M","-1.35%"
"30.07.2019","97.800","95.930","98.090","95.560","4.98M","2.09%"
"29.07.2019","95.800","95.530","96.780","95.530","7.80M","0.78%"
"26.07.2019","95.060","98.240","98.690","94.720","7.97M","-3.00%"
"25.07.2019","98.000","99.960","100.000","97.140","5.79M","-2.21%"
"24.07.2019","100.210","98.070","100.450","97.820","5.67M","2.52%"
"23.07.2019","97.750","100.070","100.070","97.300","10.49M","-2.56%"
"22.07.2019","100.320","101.990","101.990","99.700","5.20M","0.03%"
"19.07.2019","100.290","101.000","101.770","99.800","8.44M","-0.12%"
"18.07.2019","100.410","103.430","103.610","99.610","11.04M","-2.95%"
"17.07.2019","103.460","106.480","107.240","103.150","7.90M","-3.42%"
"16.07.2019","107.120","108.470","109.200","105.510","5.76M","-1.47%"
"15.07.2019","108.720","106.150","109.980","105.770","5.00M","2.46%"
"12.07.2019","106.110","105.390","106.390","104.710","3.53M","0.63%"
"11.07.2019","105.450","105.210","106.000","104.530","5.77M","0.62%"
"10.07.2019","104.800","109.470","109.470","104.480","7.50M","-3.17%"
"09.07.2019","108.230","112.200","113.280","108.010","8.99M","-4.02%"
"08.07.2019","112.760","111.310","113.440","111.110","3.41M","0.62%"
"05.07.2019","112.060","111.410","112.190","110.710","2.39M","0.34%"
"04.07.2019","111.680","112.430","112.470","111.470","539.27K","-0.67%"
"03.07.2019","112.430","111.580","112.680","110.510","3.00M","0.97%"
"02.07.2019","111.350","111.890","111.990","110.330","4.31M","0.07%"
"01.07.2019","111.270","111.110","111.990","110.350","3.46M","-0.08%"
"28.06.2019","111.360","111.510","112.390","111.010","7.83M","-0.66%"
"27.06.2019","112.100","112.360","112.500","111.350","5.31M","0.02%"
"26.06.2019","112.080","111.000","112.420","110.500","4.73M","0.89%"
"25.06.2019","111.090","110.010","111.590","110.000","4.55M","0.09%"
"24.06.2019","110.990","110.310","111.200","109.110","3.87M","0.86%"
"21.06.2019","110.040","107.710","110.680","107.710","14.81M","1.79%"
"20.06.2019","108.100","107.090","109.000","106.870","8.39M","1.30%"
"19.06.2019","106.710","107.380","107.720","106.410","4.26M","-0.38%"
"18.06.2019","107.120","107.650","109.140","106.760","4.34M","-0.49%"
"17.06.2019","107.650","105.610","109.190","105.510","4.99M","1.37%"
"14.06.2019","106.200","106.140","106.490","105.210","3.99M","-0.27%"
"13.06.2019","106.490","105.430","106.890","105.270","5.31M","1.35%"
"12.06.2019","105.070","107.340","107.340","104.800","6.25M","-1.68%"
"11.06.2019","106.860","107.660","107.720","106.020","4.31M","-0.35%"
"10.06.2019","107.240","103.490","107.510","103.490","10.83M","5.19%"
"07.06.2019","101.950","103.630","103.650","100.710","6.79M","-1.49%"
"06.06.2019","103.490","104.400","106.020","103.280","6.98M","-2.47%"
"05.06.2019","106.110","104.900","106.480","103.390","6.82M","-1.02%"
"04.06.2019","107.200","107.900","108.650","107.010","6.39M","0.24%"
"03.06.2019","106.940","106.900","108.320","106.140","9.67M","0.33%"
"31.05.2019","106.590","110.950","110.950","105.980","16.47M","-6.03%"
"30.05.2019","113.430","110.800","113.680","110.320","5.13M","2.36%"
"29.05.2019","110.820","107.010","111.490","107.010","7.07M","3.36%"
"28.05.2019","107.220","107.350","109.450","106.340","16.33M","-0.05%"
"27.05.2019","107.270","107.980","107.980","107.000","1.51M","-0.21%"
"24.05.2019","107.500","109.560","109.570","106.480","3.81M","-1.62%"
"23.05.2019","109.270","108.830","109.800","108.010","4.45M","0.16%"
"22.05.2019","109.100","109.420","109.790","107.300","5.48M","-0.30%"
"21.05.2019","109.430","111.570","111.890","109.010","5.74M","-1.33%"
"20.05.2019","110.900","111.530","112.540","110.610","3.79M","-0.78%"
"17.05.2019","111.770","110.990","112.290","110.810","5.35M","0.47%"
"16.05.2019","111.250","111.360","112.590","110.810","5.13M","-0.32%"
"15.05.2019","111.610","111.510","112.730","111.310","8.48M","-0.45%"
"14.05.2019","112.120","111.750","112.690","111.070","6.04M","0.08%"
"13.05.2019","112.030","112.810","112.810","110.200","4.38M","-1.28%"
"10.05.2019","113.480","110.750","114.190","109.500","5.36M","2.24%"
"09.05.2019","110.990","113.320","113.600","110.740","5.76M","-2.74%"
"08.05.2019","114.120","113.320","115.240","110.800","10.05M","0.48%"
"07.05.2019","113.580","115.610","116.790","113.500","3.30M","-2.17%"
"06.05.2019","116.100","114.210","117.690","114.000","2.86M","1.04%"
"03.05.2019","114.900","114.220","115.290","114.110","9.54M","0.60%"
"02.05.2019","114.220","119.650","119.660","113.330","9.42M","-4.68%"
"30.04.2019","119.830","123.010","123.430","115.080","10.12M","-3.12%"
"29.04.2019","123.690","121.710","124.190","121.360","3.46M","1.32%"
"26.04.2019","122.080","122.440","122.890","121.110","4.41M","-0.05%"
"25.04.2019","122.140","122.130","122.590","120.850","6.75M","0.25%"
"24.04.2019","121.830","123.330","123.790","119.410","7.11M","-1.02%"
"23.04.2019","123.080","123.000","123.490","122.210","5.46M","-0.06%"
"22.04.2019","123.160","122.220","123.480","122.110","4.36M","0.20%"
"17.04.2019","122.920","117.600","123.180","117.570","10.55M","4.50%"
"16.04.2019","117.630","117.930","118.960","116.210","6.21M","-0.50%"
"15.04.2019","118.220","120.320","120.320","117.570","3.87M","-1.92%"
"12.04.2019","120.530","118.310","121.000","118.310","7.36M","2.96%"
"11.04.2019","117.060","117.040","117.800","113.410","5.78M","0.02%"
"10.04.2019","117.040","118.770","118.770","116.870","13.46M","-1.32%"
"09.04.2019","118.600","117.610","119.000","117.310","8.77M","-0.19%"
"08.04.2019","118.830","115.990","119.500","115.510","11.38M","2.31%"
"05.04.2019","116.150","113.400","117.690","113.370","12.43M","3.01%"
"04.04.2019","112.760","108.130","114.920","108.130","12.88M","3.50%"
"03.04.2019","108.950","107.890","109.090","106.810","5.03M","1.35%"
"02.04.2019","107.500","105.510","107.760","105.510","4.99M","1.22%"
"01.04.2019","106.200","106.090","107.490","105.620","7.40M","0.63%"
"29.03.2019","105.540","106.770","107.190","105.010","5.49M","-0.49%"
"28.03.2019","106.060","105.400","106.510","104.380","4.51M","0.60%"
"27.03.2019","105.430","105.500","106.100","104.310","5.12M","0.24%"
"26.03.2019","105.180","104.860","106.140","104.210","6.74M","0.17%"
"25.03.2019","105.000","101.810","105.280","101.800","4.29M","3.71%"
"22.03.2019","101.240","104.710","105.890","100.020","5.82M","-4.00%"
"21.03.2019","105.460","104.610","105.690","103.810","5.77M","0.12%"
"20.03.2019","105.330","102.600","107.490","101.210","8.52M","2.65%"
"19.03.2019","102.610","101.250","103.390","100.820","10.10M","1.80%"
"15.03.2019","100.800","99.710","102.000","99.710","18.01M","1.10%"
"14.03.2019","99.700","98.740","100.500","97.630","4.13M","0.58%"
"13.03.2019","99.130","98.300","99.190","98.030","4.87M","1.24%"
"12.03.2019","97.920","99.350","99.890","97.860","7.10M","-1.16%"
"11.03.2019","99.070","98.390","99.490","97.930","5.16M","1.25%"
"08.03.2019","97.850","100.000","100.000","97.510","9.17M","-3.01%"
"07.03.2019","100.890","103.500","103.500","100.620","3.72M","-2.40%"
"06.03.2019","103.370","106.990","108.560","102.980","11.06M","-3.07%"
"05.03.2019","106.640","105.710","107.040","105.650","6.61M","0.53%"
"04.03.2019","106.080","105.750","106.460","104.010","4.64M","0.30%"
"01.03.2019","105.760","104.990","106.520","102.950","9.28M","0.87%"
"28.02.2019","104.850","103.370","105.230","101.560","10.82M","1.19%"
"27.02.2019","103.620","104.970","105.790","102.020","7.99M","-1.53%"
"26.02.2019","105.230","106.750","108.190","104.440","7.86M","-1.66%"
"25.02.2019","107.010","107.230","108.500","106.430","7.93M","0.00%"
"22.02.2019","107.010","105.550","107.400","104.830","4.78M","1.44%"
"21.02.2019","105.490","102.170","105.750","102.170","4.19M","3.02%"
"20.02.2019","102.400","102.210","104.430","101.990","5.89M","-0.56%"
"19.02.2019","102.980","103.810","104.000","101.910","7.98M","-0.77%"
"18.02.2019","103.780","101.450","104.490","100.840","3.35M","2.94%"
"15.02.2019","100.820","100.880","101.900","100.500","8.43M","0.48%"
"14.02.2019","100.340","101.870","101.990","99.680","7.59M","-1.02%"
"13.02.2019","101.370","105.690","105.990","101.000","5.62M","-3.80%"
"12.02.2019","105.370","105.080","106.190","104.390","7.58M","0.23%"
"11.02.2019","105.130","104.580","105.980","104.010","4.71M","0.53%"
"08.02.2019","104.580","105.390","105.660","103.510","4.46M","-0.52%"
"07.02.2019","105.130","106.610","107.890","104.570","5.72M","-1.68%"
"06.02.2019","106.930","107.910","107.980","106.310","10.25M","-0.67%"
"05.02.2019","107.650","105.000","107.790","105.000","16.83M","2.40%"
"01.02.2019","105.130","106.790","106.810","104.710","5.23M","-0.97%"
"31.01.2019","106.160","107.090","107.290","105.490","8.06M","-0.64%"
"30.01.2019","106.840","107.990","109.790","104.620","5.43M","-0.85%"
"29.01.2019","107.760","107.200","107.890","105.710","8.11M","0.60%"
"28.01.2019","107.120","107.930","108.390","106.410","7.56M","-1.00%"
"25.01.2019","108.200","108.850","108.950","107.710","12.19M","-0.85%"
"24.01.2019","109.130","108.980","110.000","107.910","11.71M","0.43%"
"23.01.2019","108.660","107.690","110.010","107.010","9.06M","1.40%"
"22.01.2019","107.160","108.250","108.490","106.790","7.31M","-0.79%"
"21.01.2019","108.010","109.360","109.570","107.160","4.90M","-0.99%"
"18.01.2019","109.090","107.330","109.500","107.330","11.45M","2.56%"
"17.01.2019","106.370","103.320","106.640","103.300","12.80M","2.61%"
"16.01.2019","103.660","101.510","103.870","101.510","10.43M","1.60%"
"15.01.2019","102.030","103.330","103.580","100.620","7.90M","-1.02%"
"14.01.2019","103.080","106.220","106.250","102.810","8.55M","-3.19%"
"11.01.2019","106.480","103.860","106.900","103.500","13.20M","2.77%"
"10.01.2019","103.610","100.090","104.210","99.020","9.00M","3.92%"
"09.01.2019","99.700","97.400","101.490","97.380","10.71M","2.64%"
"08.01.2019","97.140","95.260","97.840","95.240","10.22M","2.73%"
"07.01.2019","94.560","95.320","95.590","94.110","6.77M","-1.04%"
"04.01.2019","95.550","96.400","97.040","95.200","6.61M","-1.13%"
"03.01.2019","96.640","97.980","98.250","95.710","8.39M","-1.61%"
"02.01.2019","98.220","95.970","98.720","95.300","3.84M","2.55%"
"31.12.2018","95.780","93.300","95.990","93.030","2.82M","2.24%"
"28.12.2018","93.680","93.200","94.530","92.900","2.25M","0.12%"
"27.12.2018","93.570","93.970","95.490","92.500","2.93M","-0.87%"
"26.12.2018","94.390","92.830","95.090","92.830","2.19M","1.71%"
"24.12.2018","92.800","93.510","94.490","92.610","1.53M","-1.10%"
"21.12.2018","93.830","92.310","94.350","90.500","9.67M","1.10%"
"20.12.2018","92.810","95.790","95.790","92.370","5.36M","-2.70%"
"19.12.2018","95.390","92.780","97.720","91.810","9.41M","3.07%"
"18.12.2018","92.550","88.650","93.090","88.500","6.04M","4.48%"
"17.12.2018","88.580","91.650","93.280","88.300","5.00M","-3.70%"
"14.12.2018","91.980","91.790","93.890","91.010","5.68M","0.33%"
"13.12.2018","91.680","89.910","96.960","89.910","9.59M","1.20%"
"11.12.2018","90.590","93.760","94.560","89.850","8.48M","-2.75%"
"10.12.2018","93.150","96.690","96.690","92.720","7.00M","-2.81%"
"07.12.2018","95.840","98.130","99.190","95.600","7.41M","-2.57%"
"06.12.2018","98.370","96.710","98.600","96.290","13.03M","1.01%"
"05.12.2018","97.390","98.860","99.090","96.500","8.18M","-1.49%"
"04.12.2018","98.860","97.980","99.090","97.390","18.66M","1.56%"
"03.12.2018","97.340","94.520","98.000","94.510","23.46M","4.50%"
"30.11.2018","93.150","91.900","93.900","91.700","25.50M","1.33%"
"29.11.2018","91.930","90.700","92.200","90.420","24.53M","1.47%"
"28.11.2018","90.600","85.370","92.840","84.500","24.09M","6.70%"
"27.11.2018","84.910","84.010","87.890","84.010","18.67M","1.53%"
"26.11.2018","83.630","97.000","97.000","82.770","16.84M","-12.95%"
"23.11.2018","96.070","97.390","97.870","95.510","4.28M","-0.96%"
"22.11.2018","97.000","97.000","97.670","96.010","1.76M","0.32%"
"21.11.2018","96.690","98.480","99.420","95.960","7.06M","-0.79%"
"20.11.2018","97.460","97.510","101.090","97.210","11.85M","-0.79%"
"16.11.2018","98.240","96.000","99.290","95.950","9.41M","1.86%"
"15.11.2018","96.450","99.990","99.990","95.510","7.29M","-4.01%"
"14.11.2018","100.480","98.100","101.990","98.100","12.67M","3.01%"
"13.11.2018","97.540","98.740","98.740","96.400","10.33M","-1.22%"
"12.11.2018","98.740","104.090","104.090","95.500","14.31M","-6.33%"
"09.11.2018","105.410","109.010","112.280","94.090","34.49M","-1.43%"
"08.11.2018","106.940","121.020","121.880","106.010","22.56M","-11.90%"
"07.11.2018","121.390","122.280","122.990","121.020","9.31M","-0.33%"
"06.11.2018","121.790","123.490","124.970","120.980","9.10M","-1.58%"
"05.11.2018","123.740","118.710","124.090","118.710","19.86M","4.25%"
"01.11.2018","118.690","112.030","121.750","111.740","18.52M","6.20%"
"31.10.2018","111.760","110.890","112.790","110.550","22.51M","1.55%"
"30.10.2018","110.050","115.000","115.000","108.480","24.83M","-4.46%"
"29.10.2018","115.190","125.960","125.960","112.670","15.39M","-8.55%"
"26.10.2018","125.960","127.100","127.910","125.370","10.66M","-1.53%"
"25.10.2018","127.920","126.890","129.440","126.830","11.09M","1.25%"
"24.10.2018","126.340","129.500","129.660","125.810","5.88M","-1.89%"
"23.10.2018","128.770","131.210","131.500","128.520","9.37M","-2.34%"
"22.10.2018","131.860","133.490","133.490","131.210","4.30M","-0.98%"
"19.10.2018","133.160","131.980","133.790","131.180","7.64M","1.79%"
"18.10.2018","130.820","132.850","133.380","130.510","7.12M","-1.64%"
"17.10.2018","133.000","132.500","133.190","131.410","6.60M","0.32%"
"16.10.2018","132.580","132.790","133.190","131.820","6.94M","0.30%"
"15.10.2018","132.180","131.150","132.480","130.910","4.98M","0.46%"
"12.10.2018","131.570","132.680","132.990","130.510","6.82M","-0.39%"
"11.10.2018","132.080","133.180","133.180","128.900","13.65M","-0.83%"
"10.10.2018","133.180","132.090","134.010","130.710","8.02M","0.96%"
"09.10.2018","131.920","129.500","132.000","129.310","3.81M","1.62%"
"08.10.2018","129.820","131.350","131.350","129.580","4.08M","-1.52%"
"05.10.2018","131.820","132.340","133.090","131.110","4.73M","-0.21%"
"04.10.2018","132.100","133.570","133.570","131.720","6.24M","-0.86%"
"03.10.2018","133.240","132.350","133.590","130.930","14.87M","0.75%"
"02.10.2018","132.250","136.480","136.980","132.060","5.44M","-3.03%"
"01.10.2018","136.380","135.100","138.740","134.950","6.71M","0.80%"
"28.09.2018","135.300","134.130","135.510","134.120","7.77M","0.45%"
"27.09.2018","134.700","133.770","135.000","133.660","6.20M","0.63%"
"26.09.2018","133.860","133.990","134.850","133.140","6.21M","0.15%"
"25.09.2018","133.660","131.580","133.750","131.570","4.00M","1.46%"
"24.09.2018","131.740","129.390","132.000","129.340","8.18M","1.42%"
"21.09.2018","129.900","129.510","130.890","129.190","22.31M","-0.02%"
"20.09.2018","129.930","131.420","131.980","129.090","6.61M","-0.85%"
"19.09.2018","131.050","134.050","134.200","130.910","3.76M","-1.98%"
"18.09.2018","133.700","133.580","134.290","132.990","5.28M","0.51%"
"17.09.2018","133.020","133.500","134.190","132.880","3.90M","-0.49%"
"14.09.2018","133.670","133.300","134.100","133.160","7.50M","-0.25%"
"13.09.2018","134.000","132.160","134.390","131.620","11.40M","1.10%"
"12.09.2018","132.540","130.120","132.690","129.530","7.75M","1.28%"
"11.09.2018","130.860","127.920","131.500","127.920","11.55M","1.96%"
"10.09.2018","128.340","130.400","130.690","126.420","3.20M","-1.32%"
"07.09.2018","130.060","129.020","130.390","126.410","2.75M","0.12%"
"06.09.2018","129.910","130.390","130.390","128.310","3.80M","-0.25%"
"05.09.2018","130.240","125.810","130.710","125.810","5.92M","3.18%"
"04.09.2018","126.220","128.910","129.550","125.710","5.36M","-2.25%"
"03.09.2018","129.130","130.230","131.090","128.500","502.22K","-1.32%"
"31.08.2018","130.860","129.920","131.630","128.610","6.86M","0.67%"
"30.08.2018","129.990","130.590","131.490","127.780","8.53M","-0.70%"
"29.08.2018","130.910","132.880","133.790","129.330","6.92M","-1.74%"
"28.08.2018","133.230","135.000","135.290","132.510","3.33M","-1.07%"
"27.08.2018","134.670","132.580","135.590","132.520","3.20M","1.77%"
"24.08.2018","132.330","135.160","135.160","132.050","2.99M","-2.27%"
"23.08.2018","135.410","133.810","136.090","133.010","5.91M","0.88%"
"22.08.2018","134.230","131.360","134.710","129.010","7.48M","1.64%"
"21.08.2018","132.060","128.600","132.250","128.600","5.42M","2.77%"
"20.08.2018","128.500","126.090","129.150","125.230","2.85M","2.08%"
"17.08.2018","125.880","125.490","126.490","124.510","4.91M","0.60%"
"16.08.2018","125.130","128.180","128.990","123.230","7.64M","-2.39%"
"15.08.2018","128.200","129.910","130.380","126.010","3.13M","-1.07%"
"14.08.2018","129.590","127.800","130.250","127.620","6.21M","1.58%"
"13.08.2018","127.580","126.290","128.060","126.190","5.87M","1.36%"
"10.08.2018","125.870","131.330","131.330","125.000","5.52M","-4.40%"
"09.08.2018","131.670","134.020","134.050","129.960","7.38M","-1.99%"
"08.08.2018","134.350","133.000","135.000","132.110","5.97M","1.03%"
"07.08.2018","132.980","127.390","133.490","127.390","8.17M","4.67%"
"06.08.2018","127.050","125.990","127.290","124.910","2.98M","1.14%"
"03.08.2018","125.620","127.790","127.890","125.050","9.49M","-1.21%"
"02.08.2018","127.160","128.240","128.780","126.140","3.45M","-1.33%"
"01.08.2018","128.870","130.560","130.560","127.910","3.85M","-0.84%"
"31.07.2018","129.960","129.870","130.790","128.810","5.24M","0.07%"
"30.07.2018","129.870","129.830","130.740","129.210","4.89M","0.04%"
"27.07.2018","129.820","129.590","131.490","129.490","6.38M","0.43%"
"26.07.2018","129.260","127.080","129.780","126.120","6.64M","1.72%"
"25.07.2018","127.080","128.490","128.790","124.650","5.88M","-0.77%"
"24.07.2018","128.060","127.290","128.370","126.270","5.30M","0.85%"
"23.07.2018","126.980","126.980","127.110","125.010","3.16M","0.30%"
"20.07.2018","126.600","125.310","128.010","124.000","10.42M","1.29%"
"19.07.2018","124.990","124.260","125.290","123.210","3.74M","0.34%"
"18.07.2018","124.570","122.250","124.800","121.410","8.10M","1.90%"
"17.07.2018","122.250","122.370","123.000","120.610","6.21M","0.27%"
"16.07.2018","121.920","119.670","122.390","119.460","6.25M","1.63%"
"13.07.2018","119.960","121.230","121.990","118.910","13.62M","-1.29%"
"12.07.2018","121.530","120.090","123.000","120.020","12.12M","1.38%"
"11.07.2018","119.870","118.610","120.080","118.510","10.68M","0.93%"
"10.07.2018","118.770","122.600","123.280","118.360","7.12M","-2.99%"
"09.07.2018","122.430","124.890","124.900","120.080","7.20M","-1.78%"
"06.07.2018","124.650","123.050","126.990","122.310","14.09M","1.58%"
"05.07.2018","122.710","117.000","123.800","116.110","8.63M","5.29%"
"04.07.2018","116.550","114.780","117.070","114.710","1.42M","0.94%"
"03.07.2018","115.460","112.290","115.970","112.230","3.84M","3.14%"
"02.07.2018","111.940","116.710","116.710","111.220","8.55M","-4.38%"
"29.06.2018","117.070","113.740","117.360","112.810","8.03M","3.29%"
"28.06.2018","113.340","111.960","114.250","111.680","8.54M","0.98%"
"27.06.2018","112.240","112.500","113.090","111.600","8.17M","-0.73%"
"26.06.2018","113.060","112.490","113.390","111.110","6.00M","1.05%"
"25.06.2018","111.890","111.790","112.700","110.610","5.05M","0.50%"
"22.06.2018","111.330","111.200","111.940","110.690","5.32M","-0.13%"
"21.06.2018","111.470","111.660","112.480","111.040","8.19M","-0.76%"
"20.06.2018","112.320","109.690","112.820","109.110","8.92M","2.73%"
"19.06.2018","109.330","109.110","109.690","108.610","6.82M","-0.37%"
"18.06.2018","109.740","108.690","110.150","107.110","5.57M","0.93%"
"15.06.2018","108.730","110.930","110.930","107.450","24.15M","-1.74%"
"14.06.2018","110.660","109.110","111.500","109.110","5.51M","0.95%"
"13.06.2018","109.620","109.810","110.780","109.210","4.65M","-0.90%"
"12.06.2018","110.620","110.350","111.310","109.410","5.52M","0.34%"
"11.06.2018","110.250","107.180","110.960","107.180","7.10M","2.62%"
"08.06.2018","107.440","107.420","107.880","106.210","6.78M","0.02%"
"07.06.2018","107.420","104.280","107.640","103.210","10.04M","0.02%"
"06.06.2018","107.400","107.450","108.500","107.040","4.90M","0.04%"
"05.06.2018","107.360","106.880","108.080","106.800","4.81M","-0.01%"
"04.06.2018","107.370","106.550","107.990","106.500","6.16M","0.63%"
"01.06.2018","106.700","105.930","107.090","105.010","4.36M","0.47%"
"31.05.2018","106.200","107.110","108.170","105.200","13.68M","-1.15%"
"30.05.2018","107.440","106.700","108.000","106.340","5.41M","0.44%"
"29.05.2018","106.970","108.590","108.590","106.400","4.05M","-0.86%"
"28.05.2018","107.900","106.760","108.090","106.470","959.58K","0.77%"
"25.05.2018","107.080","108.310","108.330","106.710","3.25M","-0.70%"
"24.05.2018","107.840","109.840","109.840","107.600","3.98M","-1.41%"
"23.05.2018","109.380","106.910","109.700","106.410","4.90M","1.87%"
"22.05.2018","107.370","107.000","107.890","106.410","2.53M","0.32%"
"21.05.2018","107.030","107.400","108.820","106.500","3.50M","-0.34%"
"18.05.2018","107.400","109.980","110.010","107.210","6.27M","-2.45%"
"17.05.2018","110.100","111.740","112.120","109.310","4.87M","-1.77%"
"16.05.2018","112.080","113.470","113.770","111.010","3.45M","-1.16%"
"15.05.2018","113.390","112.950","113.990","112.110","7.06M","0.00%"
"14.05.2018","113.390","112.160","113.990","112.150","4.06M","0.98%"
"11.05.2018","112.290","113.370","113.820","110.300","3.65M","-0.50%"
"10.05.2018","112.850","112.010","114.500","112.000","4.22M","0.56%"
"09.05.2018","112.220","111.140","113.490","110.510","5.76M","0.73%"
"08.05.2018","111.410","110.940","111.570","109.910","7.52M","0.54%"
"07.05.2018","110.810","111.320","111.920","110.550","7.62M","-0.67%"
"04.05.2018","111.560","113.420","113.610","111.190","5.03M","-1.91%"
"03.05.2018","113.730","117.360","117.390","112.590","4.76M","-3.04%"
"02.05.2018","117.290","116.700","117.500","116.310","5.77M","0.23%"
"30.04.2018","117.020","116.730","117.380","116.220","6.42M","0.03%"
"27.04.2018","116.990","115.130","117.330","115.120","6.78M","1.37%"
"26.04.2018","115.410","115.120","115.740","114.360","4.72M","-0.12%"
"25.04.2018","115.550","114.870","116.000","114.370","3.64M","0.36%"
"24.04.2018","115.130","115.480","115.580","113.910","4.90M","0.38%"
"23.04.2018","114.690","115.030","115.790","114.210","5.19M","-0.54%"
"20.04.2018","115.310","116.750","117.130","114.760","3.92M","-1.48%"
"19.04.2018","117.040","118.720","119.490","116.040","5.45M","-1.95%"
"18.04.2018","119.370","119.490","120.100","118.690","7.61M","0.04%"
"17.04.2018","119.320","119.990","120.000","118.110","6.15M","-0.26%"
"16.04.2018","119.630","118.010","120.380","118.010","7.25M","0.46%"
"13.04.2018","119.080","119.440","119.790","118.700","6.33M","-0.18%"
"12.04.2018","119.300","117.770","120.150","117.710","6.80M","0.80%"
"11.04.2018","118.350","116.200","118.500","116.200","6.32M","1.14%"
"10.04.2018","117.020","114.850","117.490","114.850","8.35M","1.71%"
"09.04.2018","115.050","114.830","116.490","114.710","3.35M","-0.51%"
"06.04.2018","115.640","114.630","116.310","114.630","2.43M","0.35%"
"05.04.2018","115.240","115.190","116.000","114.220","5.47M","0.26%"
"04.04.2018","114.940","112.000","115.100","111.510","6.14M","2.40%"
"03.04.2018","112.250","110.210","112.590","110.110","4.65M","1.68%"
"02.04.2018","110.400","111.400","114.240","109.700","4.78M","-0.66%"
"28.03.2018","111.130","113.250","113.890","109.710","6.04M","-1.85%"
"27.03.2018","113.230","114.890","115.680","112.830","3.38M","-1.68%"
"26.03.2018","115.170","114.490","115.280","113.410","3.77M","1.36%"
"23.03.2018","113.630","115.590","115.870","113.190","7.10M","-1.11%"
"22.03.2018","114.910","114.990","115.260","114.110","3.50M","0.17%"
"21.03.2018","114.710","115.880","116.190","113.600","9.14M","-0.77%"
"20.03.2018","115.600","115.500","116.300","114.610","14.14M","0.12%"
"16.03.2018","115.460","114.700","115.800","114.250","18.47M","0.91%"
"15.03.2018","114.420","115.410","116.590","114.040","4.01M","-1.51%"
"14.03.2018","116.170","116.740","117.180","115.510","4.82M","-0.33%"
"13.03.2018","116.560","118.320","119.240","116.410","7.02M","-1.84%"
"12.03.2018","118.740","119.450","120.390","118.530","8.30M","-0.32%"
"09.03.2018","119.120","117.290","120.380","117.190","6.28M","1.65%"
"08.03.2018","117.190","114.420","117.420","114.250","6.96M","2.85%"
"07.03.2018","113.940","114.580","114.690","112.610","4.88M","-0.33%"
"06.03.2018","114.320","113.250","114.880","113.250","7.68M","1.13%"
"05.03.2018","113.040","113.220","113.480","111.610","6.03M","0.10%"
"02.03.2018","112.930","112.170","113.880","111.410","5.47M","0.49%"
"01.03.2018","112.380","113.440","113.880","111.100","6.25M","-0.69%"
"28.02.2018","113.160","113.500","114.300","112.410","9.55M","0.05%"
"27.02.2018","113.100","115.400","115.800","112.110","5.79M","-1.99%"
"26.02.2018","115.400","115.580","115.890","114.810","5.72M","-0.14%"
"23.02.2018","115.560","115.750","115.850","114.410","4.21M","0.38%"
"22.02.2018","115.120","114.210","115.410","114.110","8.31M","0.28%"
"21.02.2018","114.800","115.080","115.490","114.150","5.85M","0.38%"
"20.02.2018","114.360","117.060","117.060","114.010","6.39M","-2.06%"
"19.02.2018","116.770","116.000","117.290","116.000","784.64K","0.66%"
"16.02.2018","116.000","118.100","118.100","115.880","3.66M","-1.30%"
"15.02.2018","117.530","116.490","118.090","116.460","4.86M","1.05%"
"14.02.2018","116.310","115.050","116.460","114.910","3.43M","0.85%"
"13.02.2018","115.330","116.190","116.190","114.890","6.10M","-0.19%"
"12.02.2018","115.550","116.270","116.590","115.000","4.32M","-0.38%"
"09.02.2018","115.990","115.590","116.190","113.080","5.09M","1.06%"
"08.02.2018","114.770","115.500","116.580","114.010","6.35M","-1.22%"
"07.02.2018","116.190","115.160","117.030","115.000","8.79M","0.89%"
"06.02.2018","115.160","116.700","116.930","115.000","13.17M","-3.77%"
"02.02.2018","119.670","118.010","119.940","117.690","8.77M","1.18%"
"01.02.2018","118.280","119.290","119.880","118.130","5.19M","-1.09%"
"31.01.2018","119.580","119.310","120.000","117.730","10.56M","0.47%"
"30.01.2018","119.020","118.900","120.000","117.610","8.60M","-0.06%"
"29.01.2018","119.090","119.890","119.890","118.610","11.59M","-0.45%"
"26.01.2018","119.630","116.290","119.890","115.890","20.12M","3.55%"
"25.01.2018","115.530","116.840","118.000","115.000","12.62M","-1.12%"
"24.01.2018","116.840","113.420","117.010","113.420","8.07M","3.02%"
"23.01.2018","113.420","110.610","113.990","110.610","6.41M","1.97%"
"22.01.2018","111.230","110.670","111.380","109.860","5.73M","1.21%"
"19.01.2018","109.900","110.550","111.580","109.690","5.14M","-1.37%"
"18.01.2018","111.430","109.010","111.620","109.010","2.92M","1.34%"
"17.01.2018","109.960","108.310","110.290","107.810","4.99M","1.57%"
"16.01.2018","108.260","110.460","110.490","108.150","7.91M","-2.23%"
"15.01.2018","110.730","109.290","111.000","108.350","2.02M","1.48%"
"12.01.2018","109.110","106.590","109.750","106.010","10.84M","2.74%"
"11.01.2018","106.200","108.490","108.690","105.050","7.35M","-1.53%"
"10.01.2018","107.850","110.730","110.770","106.960","5.71M","-2.54%"
"09.01.2018","110.660","110.000","111.500","110.000","5.11M","1.13%"
"08.01.2018","109.420","109.210","112.210","108.900","3.97M","-0.56%"
"05.01.2018","110.040","109.790","111.720","108.720","5.51M","0.47%"
"04.01.2018","109.520","108.900","110.590","108.900","5.30M","0.08%"
"03.01.2018","109.430","107.110","109.770","107.000","4.33M","1.92%"
"02.01.2018","107.370","108.000","108.300","106.890","4.63M","-0.43%"