"Fecha","Cierre","Apertura","Máximo","Mínimo","Vol.","% var."
"03.03.2026","204.980","216.900","216.900","198.000","12.66M","-6.92%"
"02.03.2026","220.230","219.000","220.940","214.910","5.21M","0.55%"
"27.02.2026","219.030","216.620","221.300","213.740","11.13M","1.21%"
"26.02.2026","216.420","213.950","216.950","205.000","7.02M","1.15%"
"25.02.2026","213.960","209.000","215.500","206.540","7.89M","2.93%"
"24.02.2026","207.870","204.990","208.730","202.030","9.06M","1.41%"
"23.02.2026","204.970","203.920","208.780","201.570","5.45M","0.00%"
"20.02.2026","204.960","201.180","205.040","200.610","2.89M","1.55%"
"19.02.2026","201.830","199.000","203.000","195.500","4.57M","1.14%"
"18.02.2026","199.550","196.950","202.930","196.770","6.30M","1.99%"
"17.02.2026","195.650","202.680","203.470","192.250","4.81M","-3.95%"
"16.02.2026","203.700","205.480","205.480","202.010","442.64K","-0.52%"
"13.02.2026","204.760","203.790","205.230","198.520","4.68M","0.86%"
"12.02.2026","203.020","206.780","208.260","200.100","4.98M","-1.33%"
"11.02.2026","205.760","203.030","206.370","201.800","6.87M","2.00%"
"10.02.2026","201.720","209.000","209.280","201.290","6.36M","-3.70%"
"09.02.2026","209.460","208.000","213.360","207.700","6.16M","1.23%"
"06.02.2026","206.920","200.520","207.710","199.440","5.91M","2.62%"
"05.02.2026","201.640","200.710","203.020","197.100","6.79M","-1.54%"
"04.02.2026","204.800","209.500","209.900","198.670","8.83M","-1.94%"
"03.02.2026","208.850","196.110","209.900","196.110","11.91M","7.63%"
"30.01.2026","194.050","207.000","208.650","192.410","11.43M","-7.00%"
"29.01.2026","208.650","207.220","210.000","203.100","11.79M","3.73%"
"28.01.2026","201.150","202.670","204.800","196.470","11.06M","0.60%"
"27.01.2026","199.950","199.570","201.990","198.100","6.81M","0.28%"
"26.01.2026","199.400","195.000","203.770","194.030","7.82M","3.35%"
"23.01.2026","192.930","194.910","196.020","187.340","9.17M","-0.53%"
"22.01.2026","193.950","196.000","198.000","193.000","6.61M","-0.89%"
"21.01.2026","195.700","198.910","204.000","195.000","7.29M","-1.61%"
"20.01.2026","198.910","199.980","200.000","196.190","4.93M","-0.37%"
"19.01.2026","199.650","195.270","200.000","194.500","1.84M","2.90%"
"16.01.2026","194.020","193.950","194.820","190.850","8.45M","-0.47%"
"15.01.2026","194.930","196.990","199.480","192.490","9.85M","-1.13%"
"14.01.2026","197.150","190.100","198.100","190.100","7.31M","3.99%"
"13.01.2026","189.580","190.510","191.880","187.000","7.57M","0.03%"
"12.01.2026","189.530","183.130","190.020","183.130","5.52M","3.58%"
"09.01.2026","182.980","177.180","183.400","177.000","9.64M","3.81%"
"08.01.2026","176.260","176.990","177.340","173.550","6.12M","-0.44%"
"07.01.2026","177.040","178.970","178.970","172.010","6.03M","-1.68%"
"06.01.2026","180.060","175.500","181.500","175.500","9.72M","2.47%"
"05.01.2026","175.720","171.500","177.700","171.500","5.85M","3.21%"
"02.01.2026","170.260","172.290","176.420","166.540","2.36M","0.14%"
"31.12.2025","170.030","169.990","170.500","168.020","1.89M","0.11%"
"30.12.2025","169.850","171.740","173.240","169.000","3.10M","-0.15%"
"29.12.2025","170.110","172.800","172.800","168.120","3.12M","-1.84%"
"26.12.2025","173.290","175.320","176.990","173.000","987.93K","-0.60%"
"24.12.2025","174.330","174.990","175.000","171.260","521.16K","-0.13%"
"23.12.2025","174.560","170.870","175.320","169.620","3.09M","2.62%"
"22.12.2025","170.110","164.640","171.210","164.640","3.93M","3.33%"
"19.12.2025","164.630","169.000","174.410","163.890","41.07M","-3.17%"
"18.12.2025","170.020","165.990","171.370","162.220","5.52M","4.46%"
"17.12.2025","162.760","168.020","168.940","162.090","4.53M","-2.35%"
"16.12.2025","166.680","170.690","170.690","165.770","7.14M","-1.96%"
"15.12.2025","170.010","172.540","174.010","168.710","4.64M","-1.47%"
"11.12.2025","172.540","166.390","174.750","165.130","6.62M","4.21%"
"10.12.2025","165.570","167.110","167.700","163.900","4.01M","-0.76%"
"09.12.2025","166.840","166.140","169.800","166.000","10.19M","-0.29%"
"08.12.2025","167.320","169.000","169.500","166.360","8.77M","0.70%"
"05.12.2025","166.150","167.490","169.490","165.840","2.93M","-0.51%"
"04.12.2025","167.010","165.400","167.450","162.410","3.22M","1.32%"
"03.12.2025","164.840","163.000","165.700","160.300","4.12M","1.78%"
"02.12.2025","161.950","162.290","164.530","161.070","5.03M","-0.12%"
"01.12.2025","162.150","162.030","163.000","160.400","5.24M","1.66%"
"28.11.2025","159.500","157.100","162.000","156.000","2.89M","1.30%"
"27.11.2025","157.460","157.520","159.780","156.580","703.02K","-0.51%"
"26.11.2025","158.270","159.710","161.370","155.000","5.15M","-0.50%"
"25.11.2025","159.070","155.590","160.000","154.990","8.18M","2.04%"
"24.11.2025","155.890","150.000","156.440","149.730","15.17M","4.39%"
"21.11.2025","149.330","146.980","151.400","140.000","5.04M","1.59%"
"20.11.2025","146.990","152.070","154.160","146.470","3.88M","-2.84%"
"19.11.2025","151.280","149.600","152.630","149.600","6.79M","0.97%"
"18.11.2025","149.830","155.810","155.810","149.110","5.47M","-3.18%"
"14.11.2025","154.750","155.800","156.890","153.120","3.45M","-1.21%"
"13.11.2025","156.640","160.830","162.450","155.820","4.32M","-1.92%"
"12.11.2025","159.710","162.500","163.740","159.170","5.96M","-1.51%"
"11.11.2025","162.160","158.910","162.510","158.680","4.41M","2.19%"
"10.11.2025","158.680","161.310","163.450","157.500","4.23M","-0.66%"
"07.11.2025","159.740","158.830","160.990","158.820","1.96M","0.58%"
"06.11.2025","158.820","160.000","160.500","158.220","1.84M","0.23%"
"05.11.2025","158.460","153.020","159.790","152.770","4.63M","4.01%"
"04.11.2025","152.350","154.890","156.840","151.550","4.27M","-2.45%"
"03.11.2025","156.180","161.430","161.430","155.660","3.96M","-2.76%"
"31.10.2025","160.620","165.710","167.000","159.210","6.76M","-2.74%"
"30.10.2025","165.150","163.250","166.490","160.000","4.36M","-0.30%"
"29.10.2025","165.650","157.000","167.850","156.950","5.33M","6.19%"
"28.10.2025","156.000","153.000","158.090","153.000","4.92M","0.65%"
"27.10.2025","154.990","151.800","155.740","149.400","3.43M","3.95%"
"24.10.2025","149.100","151.070","151.840","148.580","2.88M","-1.25%"
"23.10.2025","150.990","149.130","151.930","149.130","2.69M","1.25%"
"22.10.2025","149.120","150.270","150.790","148.000","2.54M","-0.27%"
"21.10.2025","149.530","151.290","151.820","147.540","6.98M","-1.94%"
"20.10.2025","152.490","148.900","152.830","148.530","4.53M","2.41%"
"17.10.2025","148.900","150.110","151.200","148.000","4.33M","-1.31%"
"16.10.2025","150.880","149.910","151.440","147.540","6.27M","1.11%"
"15.10.2025","149.220","150.000","151.570","148.690","15.78M","-0.04%"
"14.10.2025","149.280","147.490","149.610","145.950","4.65M","0.69%"
"13.10.2025","148.260","148.490","149.740","144.930","6.60M","2.34%"
"10.10.2025","144.870","144.710","149.000","144.080","7.38M","0.62%"
"09.10.2025","143.980","141.500","149.880","139.720","13.63M","1.85%"
"08.10.2025","141.360","138.010","144.560","138.010","10.31M","2.28%"
"07.10.2025","138.210","137.470","140.250","136.750","21.85M","1.63%"
"06.10.2025","135.990","136.690","139.000","128.080","38.29M","-15.43%"
"03.10.2025","160.810","157.150","161.290","157.150","3.69M","1.86%"
"02.10.2025","157.870","157.150","158.020","151.940","4.92M","1.06%"
"01.10.2025","156.220","159.940","160.530","153.480","14.88M","-2.19%"
"30.09.2025","159.720","155.020","160.560","153.020","20.84M","2.05%"
"29.09.2025","156.510","147.520","157.210","147.520","8.68M","5.82%"
"26.09.2025","147.900","146.500","152.980","146.500","4.14M","0.46%"
"25.09.2025","147.230","142.000","147.710","142.000","6.53M","2.97%"
"24.09.2025","142.990","139.370","144.980","138.500","7.92M","4.24%"
"23.09.2025","137.170","138.000","138.000","135.040","4.19M","0.06%"
"22.09.2025","137.090","133.410","137.960","132.140","3.06M","2.80%"
"19.09.2025","133.360","132.380","135.450","131.830","28.49M","-0.01%"
"18.09.2025","133.370","134.300","134.750","131.620","8.18M","-1.27%"
"17.09.2025","135.090","135.040","136.950","134.120","12.70M","-1.66%"
"15.09.2025","137.370","137.490","138.000","134.550","3.57M","1.51%"
"12.09.2025","135.330","133.850","136.000","133.780","3.64M","1.52%"
"11.09.2025","133.310","132.490","135.990","131.270","3.53M","1.30%"
"10.09.2025","131.600","131.080","132.740","130.040","4.97M","0.47%"
"09.09.2025","130.990","128.860","132.020","128.610","11.06M","1.94%"
"08.09.2025","128.500","127.500","129.250","126.490","4.49M","1.17%"
"05.09.2025","127.020","126.430","128.750","126.080","4.24M","0.35%"
"04.09.2025","126.580","127.450","127.450","125.100","3.25M","-0.68%"
"03.09.2025","127.450","125.080","128.000","124.890","5.67M","1.93%"
"02.09.2025","125.040","124.490","125.400","121.550","3.79M","1.51%"
"01.09.2025","123.180","122.490","124.890","121.500","1.20M","0.68%"
"29.08.2025","122.350","123.610","123.910","121.710","5.82M","-0.53%"
"28.08.2025","123.000","124.410","125.500","122.480","4.75M","-1.14%"
"27.08.2025","124.420","124.000","125.790","121.790","3.20M","0.13%"
"26.08.2025","124.260","123.520","124.620","121.720","11.44M","-0.31%"
"25.08.2025","124.650","128.180","128.200","123.670","3.76M","-2.31%"
"22.08.2025","127.600","124.720","128.690","124.420","2.09M","2.02%"
"21.08.2025","125.070","124.320","126.250","124.000","5.24M","0.81%"
"20.08.2025","124.070","128.500","128.500","123.980","6.52M","-2.34%"
"19.08.2025","127.040","127.210","128.490","126.000","2.33M","-0.60%"
"18.08.2025","127.810","127.230","128.920","125.470","6.46M","0.31%"
"15.08.2025","127.410","127.810","129.860","126.780","3.30M","-0.22%"
"14.08.2025","127.690","126.720","128.020","125.780","3.81M","-0.06%"
"13.08.2025","127.770","128.460","129.980","127.250","7.27M","-1.04%"
"12.08.2025","129.110","124.900","130.500","123.900","11.76M","4.28%"
"11.08.2025","123.810","123.200","124.340","122.590","3.55M","0.43%"
"08.08.2025","123.280","121.260","124.990","121.010","5.02M","1.43%"
"07.08.2025","121.540","119.550","121.980","119.130","4.25M","1.27%"
"06.08.2025","120.010","121.730","122.330","118.880","3.94M","-0.80%"
"05.08.2025","120.980","120.400","122.420","120.310","5.16M","-0.57%"
"04.08.2025","121.670","117.070","122.430","117.070","5.84M","2.81%"
"01.08.2025","118.350","119.280","119.910","115.440","6.70M","0.22%"
"31.07.2025","118.090","116.700","118.900","116.520","9.97M","-0.96%"
"30.07.2025","119.230","122.880","124.840","118.120","17.64M","-3.51%"
"29.07.2025","123.570","121.230","124.990","119.090","9.13M","2.66%"
"28.07.2025","120.370","120.900","120.900","117.920","7.70M","1.62%"
"25.07.2025","118.450","120.490","120.490","117.530","3.77M","-0.40%"
"24.07.2025","118.930","121.890","121.890","118.150","9.66M","-0.04%"
"23.07.2025","118.980","119.300","120.090","116.760","6.60M","2.16%"
"22.07.2025","116.460","115.500","117.330","114.900","4.29M","1.80%"
"21.07.2025","114.400","114.560","115.500","113.310","5.51M","0.02%"
"18.07.2025","114.380","113.950","114.700","113.300","3.90M","0.63%"
"17.07.2025","113.660","113.150","114.400","112.240","5.06M","0.78%"
"16.07.2025","112.780","113.500","114.010","112.380","6.42M","-0.74%"
"15.07.2025","113.620","115.140","117.480","113.260","9.07M","-0.39%"
"14.07.2025","114.070","114.310","114.780","112.890","2.77M","-0.71%"
"11.07.2025","114.890","114.350","115.610","112.680","5.14M","-0.23%"
"10.07.2025","115.150","111.360","115.650","111.250","12.60M","3.41%"
"09.07.2025","111.350","113.950","114.000","110.710","8.56M","-2.24%"
"08.07.2025","113.900","113.190","116.390","111.530","16.61M","0.63%"
"07.07.2025","113.190","112.360","113.740","112.200","3.76M","0.74%"
"04.07.2025","112.360","113.710","113.710","111.550","514.66K","-1.02%"
"03.07.2025","113.520","114.270","115.330","112.660","3.23M","-1.16%"
"02.07.2025","114.850","114.530","116.000","113.000","16.76M","0.77%"
"01.07.2025","113.970","113.590","114.150","111.400","14.80M","0.27%"
"30.06.2025","113.660","112.600","114.500","112.010","13.00M","0.74%"
"27.06.2025","112.820","113.260","117.920","111.340","2.88M","-0.63%"
"26.06.2025","113.540","109.100","113.820","108.520","6.41M","4.63%"
"25.06.2025","108.520","106.450","109.480","106.450","4.45M","1.23%"
"24.06.2025","107.200","104.340","107.510","104.340","2.32M","2.47%"
"23.06.2025","104.620","105.310","105.920","103.840","4.07M","-0.33%"
"20.06.2025","104.970","105.780","106.400","104.120","33.56M","-0.18%"
"19.06.2025","105.160","108.990","108.990","104.870","1.53M","-3.39%"
"18.06.2025","108.850","107.160","109.000","106.450","1.91M","1.74%"
"17.06.2025","106.990","105.790","107.250","105.640","4.69M","0.67%"
"16.06.2025","106.280","106.000","107.040","105.800","4.98M","0.48%"
"13.06.2025","105.770","105.500","106.680","104.140","6.25M","-0.84%"
"12.06.2025","106.670","106.700","107.570","105.900","3.71M","0.03%"
"11.06.2025","106.640","106.850","108.470","106.230","3.19M","-0.08%"
"10.06.2025","106.730","108.200","109.220","106.410","5.04M","-2.28%"
"09.06.2025","109.220","108.240","109.900","108.030","2.71M","0.91%"
"06.06.2025","108.230","106.720","108.540","106.720","3.81M","-0.06%"
"05.06.2025","108.300","107.000","109.200","106.990","6.29M","2.04%"
"04.06.2025","106.140","105.020","106.990","105.020","5.65M","0.26%"
"03.06.2025","105.870","104.940","106.240","103.270","8.74M","0.56%"
"02.06.2025","105.280","108.990","110.000","104.900","9.08M","-1.00%"
"30.05.2025","106.340","108.510","108.760","105.900","20.01M","-3.08%"
"29.05.2025","109.720","106.990","110.270","106.990","5.51M","1.98%"
"28.05.2025","107.590","106.560","108.060","105.970","6.48M","1.05%"
"27.05.2025","106.470","105.000","108.900","104.500","6.54M","1.64%"
"26.05.2025","104.750","104.890","105.250","104.040","603.57K","-0.64%"
"23.05.2025","105.420","103.020","105.860","102.550","7.01M","1.11%"
"22.05.2025","104.260","105.350","105.390","103.620","2.22M","-1.03%"
"21.05.2025","105.350","103.410","106.000","103.410","3.84M","1.42%"
"20.05.2025","103.880","104.690","105.760","103.560","3.81M","-0.33%"
"19.05.2025","104.220","103.530","105.470","102.990","2.64M","-0.09%"
"16.05.2025","104.310","104.220","104.760","102.590","3.31M","-0.39%"
"15.05.2025","104.720","103.500","104.960","102.400","4.26M","0.77%"
"14.05.2025","103.920","103.550","104.090","102.380","3.47M","0.09%"
"13.05.2025","103.830","103.590","105.050","102.500","3.48M","-0.73%"
"12.05.2025","104.590","103.680","104.950","102.130","4.45M","3.37%"
"09.05.2025","101.180","103.390","104.040","100.690","4.34M","-1.51%"
"08.05.2025","102.730","103.890","104.200","101.550","4.70M","-0.39%"
"07.05.2025","103.130","104.530","105.230","102.120","4.75M","-2.36%"
"06.05.2025","105.620","101.810","105.950","101.390","3.18M","3.22%"
"05.05.2025","102.330","101.270","103.190","100.530","3.20M","1.05%"
"02.05.2025","101.270","101.910","103.200","100.490","5.34M","-0.62%"
"30.04.2025","101.900","101.290","102.150","99.400","6.92M","-0.55%"
"29.04.2025","102.460","105.920","107.500","102.160","4.71M","-3.71%"
"28.04.2025","106.410","104.490","106.930","101.290","5.27M","2.30%"
"25.04.2025","104.020","102.230","105.860","101.000","5.24M","1.40%"
"24.04.2025","102.580","101.850","103.990","101.650","6.70M","0.50%"
"23.04.2025","102.070","101.990","106.370","101.380","12.54M","1.16%"
"22.04.2025","100.900","100.500","102.500","100.440","4.74M","0.95%"
"21.04.2025","99.950","98.620","102.000","98.620","4.44M","1.10%"
"16.04.2025","98.860","99.070","101.000","98.660","4.50M","0.12%"
"15.04.2025","98.740","97.920","99.320","96.970","3.96M","1.33%"
"14.04.2025","97.440","97.500","100.500","95.760","4.98M","0.81%"
"11.04.2025","96.660","97.500","99.320","96.430","4.57M","-0.07%"
"10.04.2025","96.730","97.920","98.620","95.240","3.99M","-1.72%"
"09.04.2025","98.420","92.450","99.560","91.090","8.87M","6.38%"
"08.04.2025","92.520","95.850","97.260","91.250","9.04M","-2.24%"
"07.04.2025","94.640","93.730","95.900","91.080","7.20M","0.96%"
"04.04.2025","93.740","98.750","98.890","91.510","12.95M","-7.09%"
"03.04.2025","100.890","104.890","104.890","100.150","6.85M","-4.93%"
"02.04.2025","106.120","105.000","106.450","103.570","3.57M","1.08%"
"01.04.2025","104.990","103.000","105.410","100.900","3.50M","2.61%"
"31.03.2025","102.320","103.000","104.480","100.300","6.45M","-2.47%"
"28.03.2025","104.910","105.060","105.920","103.030","3.04M","-0.14%"
"27.03.2025","105.060","105.500","105.500","102.500","4.33M","-0.42%"
"26.03.2025","105.500","107.590","107.620","103.740","4.02M","-0.73%"
"25.03.2025","106.280","104.520","106.810","104.520","4.22M","2.24%"
"24.03.2025","103.950","105.340","107.380","103.170","4.70M","-1.27%"
"21.03.2025","105.290","107.700","107.940","104.750","18.32M","-1.60%"
"20.03.2025","107.000","108.450","109.370","106.000","2.98M","-1.81%"
"19.03.2025","108.970","105.540","109.420","105.000","6.79M","3.27%"
"18.03.2025","105.520","107.200","107.200","101.820","5.89M","0.87%"
"14.03.2025","104.610","104.740","105.730","103.680","6.93M","-0.58%"
"13.03.2025","105.220","103.220","106.500","102.830","4.30M","1.08%"
"12.03.2025","104.100","98.610","104.640","98.610","18.61M","5.66%"
"11.03.2025","98.520","99.550","100.980","97.340","10.85M","-0.86%"
"10.03.2025","99.370","101.670","101.670","97.530","7.31M","-1.80%"
"07.03.2025","101.190","101.380","102.000","98.650","6.29M","-0.08%"
"06.03.2025","101.270","102.620","103.000","100.110","9.25M","-0.87%"
"05.03.2025","102.160","99.480","102.420","99.420","7.99M","3.87%"
"04.03.2025","98.350","97.470","99.470","95.050","6.63M","1.03%"
"03.03.2025","97.350","96.770","99.900","96.770","3.17M","0.75%"
"28.02.2025","96.630","99.740","99.740","96.080","15.36M","-2.40%"
"27.02.2025","99.010","103.300","103.300","98.320","7.06M","-3.21%"
"26.02.2025","102.290","104.500","104.960","101.020","7.28M","-0.83%"
"25.02.2025","103.150","103.940","104.990","101.510","5.93M","-0.76%"
"24.02.2025","103.940","104.230","104.670","103.000","3.40M","0.16%"
"21.02.2025","103.770","105.030","105.850","102.070","6.60M","-1.19%"
"20.02.2025","105.020","104.780","105.750","104.000","5.44M","0.23%"
"19.02.2025","104.780","106.030","106.180","104.030","4.60M","-1.94%"
"18.02.2025","106.850","104.960","107.240","104.850","3.94M","1.33%"
"17.02.2025","105.450","105.790","107.160","104.950","855.75K","0.25%"
"14.02.2025","105.190","105.100","105.800","104.120","3.48M","0.17%"
"13.02.2025","105.010","104.890","106.050","104.020","6.83M","0.08%"
"12.02.2025","104.930","107.200","107.200","103.550","6.29M","-1.29%"
"11.02.2025","106.300","106.340","106.800","103.360","3.52M","-0.54%"
"10.02.2025","106.880","107.030","108.930","106.550","5.85M","0.88%"
"07.02.2025","105.950","104.990","107.020","104.990","3.34M","1.76%"
"06.02.2025","104.120","102.620","104.600","102.350","3.83M","2.02%"
"05.02.2025","102.060","103.490","106.400","101.320","5.90M","-1.31%"
"04.02.2025","103.410","104.110","104.500","101.800","8.73M","1.79%"
"31.01.2025","101.590","102.470","102.980","100.610","9.80M","-0.32%"
"30.01.2025","101.920","101.830","102.500","101.190","6.14M","0.54%"
"29.01.2025","101.370","101.820","102.370","100.660","3.68M","0.00%"
"28.01.2025","101.370","104.360","104.830","100.140","10.50M","-2.73%"
"27.01.2025","104.220","104.640","104.790","102.690","4.95M","-0.30%"
"24.01.2025","104.530","104.930","107.500","103.560","2.61M","-0.88%"
"23.01.2025","105.460","105.400","106.260","102.320","3.21M","0.33%"
"22.01.2025","105.110","104.530","107.360","103.500","4.86M","0.84%"
"21.01.2025","104.230","103.990","104.890","103.000","6.24M","0.35%"
"20.01.2025","103.870","103.820","104.450","102.780","2.19M","0.72%"
"17.01.2025","103.130","101.950","105.160","101.640","3.91M","0.30%"
"16.01.2025","102.820","103.000","103.260","101.380","3.08M","0.19%"
"15.01.2025","102.620","101.570","103.400","101.400","2.75M","1.03%"
"14.01.2025","101.570","101.560","102.870","100.850","4.54M","0.01%"
"13.01.2025","101.560","102.000","102.000","99.110","4.59M","-0.66%"
"10.01.2025","102.230","104.490","104.490","101.750","3.49M","-1.30%"
"09.01.2025","103.580","102.600","105.650","102.600","3.50M","1.29%"
"08.01.2025","102.260","100.460","102.450","99.050","7.45M","1.07%"
"07.01.2025","101.180","100.880","102.620","99.720","4.15M","1.29%"
"06.01.2025","99.890","99.190","103.480","98.160","5.68M","2.78%"
"03.01.2025","97.190","100.000","100.020","97.000","4.50M","-2.63%"
"02.01.2025","99.820","100.230","100.800","99.050","2.67M","0.90%"
"31.12.2024","98.930","97.240","99.750","97.050","2.20M","1.80%"
"30.12.2024","97.180","98.220","100.020","97.000","2.43M","-1.39%"
"27.12.2024","98.550","99.690","101.480","98.220","1.51M","-0.66%"
"26.12.2024","99.200","98.590","99.550","98.130","682.40K","0.11%"
"24.12.2024","99.090","100.180","100.180","98.290","526.60K","-0.60%"
"23.12.2024","99.690","98.800","100.230","97.860","2.30M","0.41%"
"20.12.2024","99.280","98.000","99.990","98.000","9.03M","1.89%"
"19.12.2024","97.440","99.220","101.080","97.080","3.65M","-1.78%"
"18.12.2024","99.210","101.230","102.100","98.330","4.28M","-1.99%"
"17.12.2024","101.220","101.690","103.700","100.980","8.44M","-2.60%"
"16.12.2024","103.920","105.890","106.380","103.300","6.44M","-2.21%"
"13.12.2024","106.270","104.330","107.400","104.110","7.57M","0.43%"
"11.12.2024","105.810","104.630","106.690","103.520","2.88M","0.69%"
"10.12.2024","105.080","108.430","108.480","104.650","5.14M","-3.13%"
"09.12.2024","108.470","103.200","108.830","102.540","3.60M","6.31%"
"06.12.2024","102.030","103.850","104.330","100.750","1.90M","-2.39%"
"05.12.2024","104.530","103.870","106.060","103.290","5.95M","-0.47%"
"04.12.2024","105.020","102.800","106.160","102.410","6.07M","1.62%"
"03.12.2024","103.350","102.580","105.250","102.080","4.72M","1.40%"
"02.12.2024","101.920","99.070","103.850","99.070","6.26M","3.70%"
"29.11.2024","98.280","99.100","99.910","97.970","6.10M","-2.16%"
"28.11.2024","100.450","99.380","101.720","99.380","672.37K","1.10%"
"27.11.2024","99.360","100.270","101.300","98.590","4.27M","-0.61%"
"26.11.2024","99.970","101.040","101.680","98.500","2.69M","-0.08%"
"25.11.2024","100.050","102.320","104.960","98.220","14.81M","-2.59%"
"22.11.2024","102.710","104.570","104.570","101.210","3.23M","-1.29%"
"21.11.2024","104.050","103.710","105.980","103.710","4.62M","-0.62%"
"20.11.2024","104.700","104.000","105.030","103.070","1.28M","0.99%"
"19.11.2024","103.670","102.150","105.790","101.520","3.63M","2.20%"
"15.11.2024","101.440","101.100","104.500","101.020","2.45M","-0.91%"
"14.11.2024","102.370","102.000","104.140","100.240","3.72M","0.23%"
"13.11.2024","102.130","103.500","104.790","101.830","3.66M","-1.61%"
"12.11.2024","103.800","105.000","106.260","103.000","4.33M","-1.58%"
"11.11.2024","105.470","105.870","106.600","105.130","2.68M","-0.88%"
"08.11.2024","106.410","107.390","107.980","104.610","2.27M","-2.96%"
"07.11.2024","109.660","107.950","112.000","107.660","4.40M","2.95%"
"06.11.2024","106.520","105.990","107.910","104.000","7.68M","-1.87%"
"05.11.2024","108.550","104.520","108.840","104.520","4.52M","2.51%"
"04.11.2024","105.890","104.510","107.480","104.510","3.57M","1.56%"
"01.11.2024","104.260","105.870","106.200","103.920","3.38M","-0.41%"
"31.10.2024","104.690","106.700","107.760","104.010","9.31M","-3.15%"
"30.10.2024","108.090","105.570","109.040","105.470","7.41M","2.06%"
"29.10.2024","105.910","108.210","108.960","104.260","5.68M","-2.29%"
"28.10.2024","108.390","109.830","110.900","107.340","4.29M","-1.37%"
"25.10.2024","109.900","108.240","111.380","108.180","4.84M","0.59%"
"24.10.2024","109.250","111.890","111.890","107.650","3.51M","-0.92%"
"23.10.2024","110.260","111.720","111.990","109.310","2.92M","-0.42%"
"22.10.2024","110.720","112.120","112.770","109.760","4.62M","-1.45%"
"21.10.2024","112.350","110.500","112.740","109.150","5.71M","1.88%"
"18.10.2024","110.280","110.110","111.380","108.030","2.90M","1.42%"
"17.10.2024","108.740","110.000","110.970","108.320","2.87M","-0.82%"
"16.10.2024","109.640","109.620","111.220","108.610","7.76M","-0.44%"
"15.10.2024","110.120","109.050","110.530","106.870","5.15M","-0.28%"
"14.10.2024","110.430","111.580","112.920","108.160","2.60M","-1.74%"
"11.10.2024","112.390","109.460","112.770","109.460","3.37M","3.26%"
"10.10.2024","108.840","108.480","110.050","107.380","2.74M","1.64%"
"09.10.2024","107.080","106.300","109.990","105.810","3.39M","0.35%"
"08.10.2024","106.710","109.300","109.550","105.300","3.02M","-2.66%"
"07.10.2024","109.630","109.630","112.090","108.650","2.95M","-0.03%"
"04.10.2024","109.660","108.300","111.310","108.300","3.18M","2.30%"
"03.10.2024","107.190","110.020","111.240","106.540","3.68M","-4.08%"
"02.10.2024","111.750","107.600","112.760","105.020","6.71M","1.80%"
"30.09.2024","109.770","111.820","111.940","107.920","4.58M","-1.21%"
"27.09.2024","111.120","112.670","114.800","109.670","4.59M","-1.44%"
"26.09.2024","112.740","109.990","115.970","109.960","14.18M","4.23%"
"25.09.2024","108.160","109.000","110.440","107.630","5.36M","-1.63%"
"24.09.2024","109.950","106.520","110.690","106.520","8.56M","4.93%"
"23.09.2024","104.780","102.750","105.000","102.750","3.50M","1.98%"
"20.09.2024","102.750","105.770","105.810","102.390","17.11M","-3.35%"
"19.09.2024","106.310","105.930","107.880","103.880","3.44M","1.71%"
"18.09.2024","104.520","105.500","105.850","102.430","1.78M","1.05%"
"17.09.2024","103.430","104.480","105.650","102.770","4.60M","0.01%"
"13.09.2024","103.420","101.000","104.580","101.000","3.26M","0.34%"
"12.09.2024","103.070","100.600","103.890","100.600","3.22M","2.34%"
"11.09.2024","100.710","101.000","101.640","99.500","2.95M","0.07%"
"10.09.2024","100.640","99.520","101.080","98.020","4.78M","0.94%"
"09.09.2024","99.700","100.220","101.320","99.210","3.53M","0.07%"
"06.09.2024","99.630","100.300","101.870","99.220","3.54M","-0.74%"
"05.09.2024","100.370","101.580","101.880","99.590","2.79M","-0.44%"
"04.09.2024","100.810","100.340","101.810","99.210","4.59M","0.79%"
"03.09.2024","100.020","102.600","102.890","99.200","6.07M","-3.01%"
"02.09.2024","103.120","102.520","108.630","101.060","2.28M","2.32%"
"30.08.2024","100.780","100.750","101.560","99.790","10.90M","-0.47%"
"29.08.2024","101.260","100.960","102.280","98.400","8.39M","2.39%"
"28.08.2024","98.900","101.490","101.600","98.750","10.51M","-2.84%"
"27.08.2024","101.790","104.280","105.000","101.500","7.11M","-3.40%"
"26.08.2024","105.370","106.000","108.600","105.000","5.60M","-0.61%"
"23.08.2024","106.020","105.980","107.030","104.810","3.38M","1.61%"
"22.08.2024","104.340","104.510","105.700","103.760","4.00M","-1.57%"
"21.08.2024","106.000","103.760","106.570","103.500","5.45M","2.22%"
"20.08.2024","103.700","106.000","106.530","103.420","6.38M","-2.85%"
"19.08.2024","106.740","108.450","108.450","106.440","5.98M","-0.92%"
"16.08.2024","107.730","108.510","109.000","107.120","2.64M","-0.72%"
"15.08.2024","108.510","105.790","108.990","105.750","3.36M","3.22%"
"14.08.2024","105.130","107.320","107.870","104.310","2.31M","-1.95%"
"13.08.2024","107.220","106.500","109.500","106.290","5.13M","0.97%"
"12.08.2024","106.190","105.510","106.800","102.570","1.48M","1.09%"
"09.08.2024","105.040","105.500","106.460","103.620","3.18M","-0.01%"
"08.08.2024","105.050","103.070","105.980","101.520","4.74M","1.95%"
"07.08.2024","103.040","100.610","104.500","100.610","7.60M","1.95%"
"06.08.2024","101.070","102.570","102.570","100.450","5.12M","-0.35%"
"05.08.2024","101.420","99.030","102.150","97.950","23.49M","-0.03%"
"02.08.2024","101.450","100.000","102.490","99.080","5.51M","0.56%"
"01.08.2024","100.890","104.980","106.380","100.550","4.37M","-3.91%"
"31.07.2024","105.000","103.990","106.680","103.450","1.70M","1.95%"
"30.07.2024","102.990","102.570","104.540","101.600","8.07M","0.11%"
"29.07.2024","102.880","103.250","105.050","102.440","12.51M","-0.40%"
"26.07.2024","103.290","103.740","105.960","102.100","2.94M","1.35%"
"25.07.2024","101.910","103.460","104.200","100.960","4.40M","-1.29%"
"24.07.2024","103.240","102.100","105.720","101.100","4.35M","1.00%"
"23.07.2024","102.220","103.900","104.750","100.220","6.34M","-1.44%"
"22.07.2024","103.710","103.070","104.290","102.920","5.14M","0.22%"
"19.07.2024","103.480","101.690","104.080","101.310","4.25M","1.87%"
"18.07.2024","101.580","105.880","106.100","101.220","4.66M","-3.73%"
"17.07.2024","105.520","106.000","107.990","104.230","4.95M","-0.79%"
"16.07.2024","106.360","108.770","110.110","106.000","6.41M","-2.66%"
"15.07.2024","109.270","112.050","112.880","108.230","5.27M","-2.38%"
"12.07.2024","111.930","112.060","112.940","110.530","12.81M","-0.12%"
"11.07.2024","112.060","113.420","113.420","110.160","9.68M","0.24%"
"10.07.2024","111.790","109.620","112.000","109.000","8.25M","1.98%"
"09.07.2024","109.620","108.800","109.880","107.160","7.51M","1.41%"
"08.07.2024","108.100","106.300","108.700","105.420","6.25M","1.10%"
"05.07.2024","106.920","106.390","107.960","105.150","2.76M","0.51%"
"04.07.2024","106.380","107.030","108.950","105.910","1.21M","-0.20%"
"03.07.2024","106.590","102.990","108.000","101.760","28.87M","5.36%"
"02.07.2024","101.170","101.150","103.690","99.860","5.70M","0.33%"
"01.07.2024","100.840","99.000","101.860","98.840","3.10M","2.47%"
"28.06.2024","98.410","97.070","99.290","96.350","5.23M","2.46%"
"27.06.2024","96.050","97.850","97.850","93.850","6.20M","-0.29%"
"26.06.2024","96.330","94.880","96.750","94.190","6.73M","1.96%"
"25.06.2024","94.480","97.200","97.640","93.150","7.26M","-1.73%"
"24.06.2024","96.140","96.300","98.210","95.910","7.21M","-0.79%"
"21.06.2024","96.910","99.980","99.990","95.280","70.64M","-3.03%"
"20.06.2024","99.940","95.200","100.300","94.570","9.75M","5.03%"
"19.06.2024","95.150","97.550","97.630","94.940","1.36M","-2.43%"
"18.06.2024","97.520","94.210","98.070","94.210","3.69M","3.69%"
"17.06.2024","94.050","93.180","94.250","92.060","2.63M","0.92%"
"14.06.2024","93.190","94.900","95.540","92.760","4.66M","-0.88%"
"13.06.2024","94.020","95.200","95.440","93.440","5.57M","-0.95%"
"12.06.2024","94.920","96.990","97.190","94.000","7.88M","-0.60%"
"11.06.2024","95.490","96.210","97.120","92.200","6.59M","-0.43%"
"10.06.2024","95.900","95.630","97.920","94.790","6.64M","0.79%"
"07.06.2024","95.150","99.450","101.040","94.430","7.56M","-3.88%"
"06.06.2024","98.990","98.540","103.970","97.240","7.42M","1.10%"
"05.06.2024","97.910","95.310","98.470","95.130","13.39M","2.98%"
"04.06.2024","95.080","96.790","97.740","92.630","8.68M","-2.30%"
"03.06.2024","97.320","104.880","107.230","95.450","7.92M","-7.21%"
"31.05.2024","104.880","105.410","109.000","104.250","18.37M","-0.59%"
"30.05.2024","105.500","104.990","106.360","103.250","5.12M","0.15%"
"29.05.2024","105.340","105.480","106.780","102.350","5.55M","-0.18%"
"28.05.2024","105.530","104.530","107.480","104.530","4.10M","0.18%"
"27.05.2024","105.340","104.810","105.830","103.000","1.39M","1.07%"
"24.05.2024","104.220","105.000","106.800","103.890","3.25M","-1.54%"
"23.05.2024","105.850","108.000","108.370","105.000","5.09M","-2.83%"
"22.05.2024","108.930","112.500","112.500","105.090","4.91M","-4.44%"
"21.05.2024","113.990","114.500","115.490","112.190","4.13M","-0.55%"
"20.05.2024","114.620","112.500","115.500","112.000","16.51M","2.04%"
"17.05.2024","112.330","106.350","112.850","105.550","10.15M","6.14%"
"16.05.2024","105.830","104.450","106.380","103.530","7.18M","1.77%"
"15.05.2024","103.990","104.620","104.840","103.000","10.11M","0.05%"
"14.05.2024","103.940","102.600","104.560","102.600","21.63M","1.26%"
"13.05.2024","102.650","104.000","104.800","102.210","2.93M","-1.16%"
"10.05.2024","103.850","104.880","106.980","102.990","3.31M","-0.08%"
"09.05.2024","103.930","103.070","105.000","101.580","4.09M","2.12%"
"08.05.2024","101.770","103.980","104.990","100.620","4.22M","-2.45%"
"07.05.2024","104.330","105.910","106.180","103.050","3.23M","-1.48%"
"06.05.2024","105.900","105.250","108.640","104.720","2.81M","0.74%"
"03.05.2024","105.120","105.210","105.830","103.710","6.14M","-0.08%"
"02.05.2024","105.200","105.850","107.360","104.370","5.83M","-0.61%"
"30.04.2024","105.850","108.650","108.650","104.770","6.46M","-3.01%"
"29.04.2024","109.140","106.950","111.820","106.540","5.28M","2.28%"
"26.04.2024","106.710","103.330","107.990","99.000","4.33M","3.62%"
"25.04.2024","102.980","100.810","103.940","99.900","6.64M","2.50%"
"24.04.2024","100.470","99.470","101.160","98.300","6.86M","1.38%"
"23.04.2024","99.100","100.040","100.480","97.760","4.51M","-1.58%"
"22.04.2024","100.690","102.000","103.180","99.730","6.26M","-1.78%"
"19.04.2024","102.510","102.650","104.380","102.290","3.89M","-1.14%"
"18.04.2024","103.690","104.160","104.750","102.760","7.98M","1.43%"
"17.04.2024","102.230","104.360","105.450","101.680","4.25M","-1.58%"
"16.04.2024","103.870","102.900","104.510","101.510","3.76M","0.27%"
"15.04.2024","103.590","104.460","104.830","103.330","6.67M","0.58%"
"12.04.2024","102.990","105.800","111.820","102.150","4.63M","-2.50%"
"11.04.2024","105.630","107.020","107.800","105.190","3.01M","-0.29%"
"10.04.2024","105.940","108.560","109.690","105.630","7.60M","-2.49%"
"09.04.2024","108.650","105.870","109.800","105.800","12.72M","3.00%"
"08.04.2024","105.490","103.650","105.910","103.090","2.99M","1.93%"
"05.04.2024","103.490","102.010","104.250","101.210","3.52M","1.24%"
"04.04.2024","102.220","101.070","105.000","101.070","5.32M","-0.08%"
"03.04.2024","102.300","98.300","103.340","97.600","6.99M","3.17%"
"02.04.2024","99.160","99.790","100.750","98.190","9.84M","-0.73%"
"01.04.2024","99.890","98.250","100.880","98.250","6.37M","1.79%"
"27.03.2024","98.130","97.510","98.850","97.500","6.53M","0.12%"
"26.03.2024","98.010","97.910","98.870","97.610","2.84M","-0.02%"
"25.03.2024","98.030","97.310","98.820","97.210","2.96M","0.19%"
"22.03.2024","97.840","96.600","98.310","96.170","3.30M","1.19%"
"21.03.2024","96.690","94.850","96.880","94.850","3.35M","1.48%"
"20.03.2024","95.280","91.670","95.550","90.000","3.67M","3.94%"
"19.03.2024","91.670","96.900","96.900","90.360","13.52M","-6.32%"
"15.03.2024","97.850","91.000","99.750","90.000","34.30M","8.30%"
"14.03.2024","90.350","89.420","91.820","89.420","6.47M","-0.20%"
"13.03.2024","90.530","84.950","90.940","84.950","11.50M","7.31%"
"12.03.2024","84.360","85.440","85.440","83.740","1.78M","-0.34%"
"11.03.2024","84.650","83.180","85.390","83.180","2.05M","0.45%"
"08.03.2024","84.270","83.890","84.890","83.800","2.91M","0.56%"
"07.03.2024","83.800","82.500","84.700","82.200","3.68M","2.02%"
"06.03.2024","82.140","83.830","84.140","81.710","5.58M","-1.97%"
"05.03.2024","83.790","84.200","84.400","83.050","2.72M","-0.49%"
"04.03.2024","84.200","83.010","84.440","82.620","1.88M","1.25%"
"01.03.2024","83.160","82.490","84.030","82.310","3.23M","0.51%"
"29.02.2024","82.740","83.500","83.900","82.300","10.67M","0.62%"
"28.02.2024","82.230","85.710","86.010","81.900","4.44M","-4.05%"
"27.02.2024","85.700","84.980","86.000","84.570","1.84M","0.87%"
"26.02.2024","84.960","85.500","85.510","82.800","2.53M","-0.48%"
"23.02.2024","85.370","86.000","86.750","85.000","2.67M","-1.03%"
"22.02.2024","86.260","86.110","87.190","85.200","3.33M","0.30%"
"21.02.2024","86.000","86.120","86.890","84.640","5.04M","-0.65%"
"20.02.2024","86.560","85.220","86.800","84.840","3.24M","-1.43%"
"19.02.2024","87.820","86.440","88.300","86.260","908.54K","1.14%"
"16.02.2024","86.830","85.920","87.680","85.920","1.85M","0.92%"
"15.02.2024","86.040","85.370","86.960","85.300","2.64M","0.34%"
"14.02.2024","85.750","85.800","86.110","84.600","2.17M","1.19%"
"13.02.2024","84.740","85.480","86.770","84.500","1.53M","-1.92%"
"12.02.2024","86.400","85.680","88.230","85.590","1.17M","0.96%"
"09.02.2024","85.580","88.210","88.690","85.280","3.71M","-1.96%"
"08.02.2024","87.290","90.480","90.480","87.080","4.70M","-3.12%"
"07.02.2024","90.100","89.170","90.570","89.150","5.39M","0.85%"
"06.02.2024","89.340","90.860","91.390","87.010","8.15M","-0.13%"
"02.02.2024","89.460","91.680","91.900","88.490","8.77M","-1.75%"
"01.02.2024","91.050","89.600","92.650","88.870","5.24M","2.52%"
"31.01.2024","88.810","88.040","90.130","87.500","7.41M","0.34%"
"30.01.2024","88.510","88.520","89.400","87.410","8.51M","-1.15%"
"29.01.2024","89.540","88.970","89.840","87.930","3.33M","1.59%"
"26.01.2024","88.140","87.510","88.990","87.370","4.16M","0.35%"
"25.01.2024","87.830","87.240","88.320","85.570","5.83M","0.60%"
"24.01.2024","87.310","85.490","87.970","85.040","5.15M","2.91%"
"23.01.2024","84.840","82.870","84.920","82.870","3.70M","2.90%"
"22.01.2024","82.450","83.480","84.720","82.000","1.71M","-3.26%"
"19.01.2024","85.230","83.500","85.690","79.990","4.54M","2.05%"
"18.01.2024","83.520","83.410","84.300","82.760","3.39M","0.14%"
"17.01.2024","83.400","83.810","83.830","81.910","4.61M","-0.66%"
"16.01.2024","83.950","86.400","86.400","83.700","3.76M","-3.16%"
"15.01.2024","86.690","86.280","86.910","86.110","223.71K","0.45%"
"12.01.2024","86.300","84.710","87.220","84.710","1.99M","1.76%"
"11.01.2024","84.810","85.960","86.520","84.550","3.88M","-1.92%"
"10.01.2024","86.470","87.190","88.200","85.540","3.58M","-1.42%"
"09.01.2024","87.720","92.140","92.140","87.500","4.68M","-4.34%"
"08.01.2024","91.700","90.240","91.980","89.140","1.35M","0.91%"
"05.01.2024","90.870","89.150","95.130","88.080","3.29M","2.74%"
"04.01.2024","88.450","89.200","90.140","87.220","5.79M","-1.51%"
"03.01.2024","89.810","92.920","93.490","89.280","10.87M","-3.70%"
"02.01.2024","93.260","93.700","93.940","91.690","2.23M","-0.98%"
"29.12.2023","94.180","93.620","95.170","92.660","1.28M","0.26%"
"28.12.2023","93.940","93.920","95.390","93.600","2.25M","0.11%"
"27.12.2023","93.840","89.930","94.640","89.480","2.80M","1.75%"
"26.12.2023","92.230","93.680","94.000","91.910","882.25K","-0.25%"
"22.12.2023","92.460","89.680","92.920","89.250","1.45M","2.93%"
"21.12.2023","89.830","87.510","90.110","87.370","2.06M","2.82%"
"20.12.2023","87.370","90.250","91.000","87.220","3.36M","-3.36%"
"19.12.2023","90.410","88.580","91.360","88.430","4.71M","1.92%"
"18.12.2023","88.710","86.150","89.470","86.150","4.85M","0.45%"
"15.12.2023","88.310","84.610","88.600","84.120","23.87M","3.82%"
"14.12.2023","85.060","82.530","85.320","81.120","6.64M","5.01%"
"13.12.2023","81.000","78.010","81.360","78.000","5.71M","1.49%"
"11.12.2023","79.810","79.130","80.050","78.000","4.78M","-0.55%"
"08.12.2023","80.250","79.730","81.180","79.090","4.04M","0.30%"
"07.12.2023","80.010","79.270","80.270","77.580","14.69M","1.32%"
"06.12.2023","78.970","79.030","80.570","78.700","3.57M","-0.08%"
"05.12.2023","79.030","80.580","80.580","77.890","3.07M","-1.92%"
"04.12.2023","80.580","79.190","80.700","78.520","13.23M","1.54%"
"01.12.2023","79.360","79.010","80.730","78.030","4.74M","-0.31%"
"30.11.2023","79.610","75.570","80.370","75.020","20.88M","5.35%"
"29.11.2023","75.570","72.880","75.750","72.880","3.50M","3.85%"
"28.11.2023","72.770","74.010","74.170","72.550","6.44M","-1.48%"
"27.11.2023","73.860","77.490","77.490","73.510","8.68M","-4.35%"
"24.11.2023","77.220","77.500","77.950","76.280","873.83K","-0.53%"
"23.11.2023","77.630","78.490","78.890","77.000","547.01K","-1.13%"
"22.11.2023","78.520","78.100","78.670","77.730","2.18M","0.13%"
"21.11.2023","78.420","76.770","79.440","76.770","3.69M","-0.01%"
"17.11.2023","78.430","77.680","79.630","77.680","3.70M","1.13%"
"16.11.2023","77.550","77.450","78.020","75.930","3.01M","-0.37%"
"15.11.2023","77.840","76.640","78.450","76.390","2.72M","2.07%"
"14.11.2023","76.260","73.710","77.100","73.430","9.60M","3.95%"
"13.11.2023","73.360","73.750","74.000","73.240","2.84M","0.03%"
"10.11.2023","73.340","75.310","75.770","72.900","3.61M","-2.86%"
"09.11.2023","75.500","75.000","76.480","74.300","3.43M","0.95%"
"08.11.2023","74.790","76.990","76.990","74.480","4.67M","-1.24%"
"07.11.2023","75.730","75.940","76.640","74.640","4.87M","-0.83%"
"06.11.2023","76.360","73.630","77.340","73.630","4.82M","1.61%"
"03.11.2023","75.150","76.890","77.420","74.400","5.44M","2.11%"
"01.11.2023","73.600","73.950","75.760","72.760","2.88M","0.10%"
"31.10.2023","73.530","75.480","75.520","73.000","36.41M","-2.66%"
"30.10.2023","75.540","76.000","76.440","74.990","5.30M","-0.54%"
"27.10.2023","75.950","77.110","78.640","75.530","6.04M","-1.87%"
"26.10.2023","77.400","76.970","78.490","76.250","8.44M","0.48%"
"25.10.2023","77.030","75.630","77.540","75.010","7.05M","2.39%"
"24.10.2023","75.230","75.400","75.960","74.570","3.07M","0.78%"
"23.10.2023","74.650","74.850","75.080","73.310","5.23M","-0.39%"
"20.10.2023","74.940","76.050","76.050","74.600","4.42M","-1.56%"
"19.10.2023","76.130","77.700","77.700","75.880","4.13M","-0.20%"
"18.10.2023","76.280","76.800","78.800","75.670","10.12M","-1.24%"
"17.10.2023","77.240","77.500","77.640","76.550","5.23M","-0.05%"
"16.10.2023","77.280","76.920","77.730","76.320","3.63M","0.47%"
"13.10.2023","76.920","76.850","77.610","76.100","3.93M","0.10%"
"12.10.2023","76.840","78.520","78.540","75.600","4.30M","-1.98%"
"11.10.2023","78.390","79.190","79.450","77.510","5.45M","0.06%"
"10.10.2023","78.340","77.890","79.030","77.620","6.64M","1.27%"
"09.10.2023","77.360","80.190","80.190","76.730","5.88M","-2.45%"
"06.10.2023","79.300","78.060","80.480","77.500","3.31M","1.91%"
"05.10.2023","77.810","79.990","81.410","76.740","5.90M","-2.93%"
"04.10.2023","80.160","80.250","81.470","79.430","4.75M","0.28%"
"03.10.2023","79.940","83.340","83.340","79.740","4.10M","-4.10%"
"02.10.2023","83.360","83.780","83.780","81.940","2.99M","1.05%"
"29.09.2023","82.490","82.500","83.680","81.970","5.71M","0.26%"
"28.09.2023","82.280","81.720","83.540","81.720","2.08M","0.64%"
"27.09.2023","81.760","80.540","82.480","79.850","5.35M","2.15%"
"26.09.2023","80.040","81.410","81.860","79.800","4.49M","-1.40%"
"25.09.2023","81.180","81.700","82.500","80.530","5.11M","-0.02%"
"22.09.2023","81.200","83.200","85.000","80.850","2.96M","-2.00%"
"21.09.2023","82.860","83.650","85.780","82.030","4.01M","-1.61%"
"20.09.2023","84.220","83.330","85.160","82.370","3.11M","1.43%"
"19.09.2023","83.030","80.630","84.080","80.630","4.66M","3.22%"
"18.09.2023","80.440","80.330","80.700","80.020","3.34M","0.16%"
"15.09.2023","80.310","81.210","81.610","80.020","17.26M","-1.01%"
"14.09.2023","81.130","81.950","82.490","80.580","3.69M","-0.26%"
"13.09.2023","81.340","81.100","82.250","80.050","2.46M","0.30%"
"12.09.2023","81.100","82.890","82.890","80.750","3.03M","-2.23%"
"11.09.2023","82.950","82.850","84.380","82.640","2.00M","0.58%"
"08.09.2023","82.470","82.680","82.700","81.080","5.12M","-0.51%"
"07.09.2023","82.890","83.960","83.960","82.290","3.51M","-0.78%"
"06.09.2023","83.540","81.960","84.100","81.440","3.74M","1.80%"
"05.09.2023","82.060","82.290","83.250","81.370","2.73M","-0.49%"
"04.09.2023","82.460","82.560","83.630","81.030","335.89K","-0.48%"
"01.09.2023","82.860","82.190","83.490","81.850","8.80M","2.03%"
"31.08.2023","81.210","82.820","83.030","80.720","16.05M","-2.17%"
"30.08.2023","83.010","84.750","85.800","82.850","7.20M","-2.10%"
"29.08.2023","84.790","81.900","84.980","81.750","4.50M","3.67%"
"28.08.2023","81.790","81.550","82.780","81.550","2.53M","0.29%"
"25.08.2023","81.550","81.760","82.340","80.320","5.28M","-0.05%"
"24.08.2023","81.590","83.920","84.340","80.870","4.34M","-3.32%"
"23.08.2023","84.390","83.570","84.980","83.530","3.66M","1.04%"
"22.08.2023","83.520","82.250","83.990","82.220","3.17M","1.66%"
"21.08.2023","82.160","81.530","82.390","80.840","2.97M","0.88%"
"18.08.2023","81.440","80.980","81.610","76.730","5.01M","0.56%"
"17.08.2023","80.990","81.350","81.840","80.330","4.10M","-0.06%"
"16.08.2023","81.040","80.350","81.270","79.520","5.24M","1.22%"
"15.08.2023","80.060","80.380","80.440","78.350","9.61M","-0.09%"
"14.08.2023","80.130","83.280","83.280","79.400","6.35M","-3.17%"
"11.08.2023","82.750","83.870","83.870","82.230","5.09M","-1.42%"
"10.08.2023","83.940","85.630","85.980","83.110","3.44M","-2.00%"
"09.08.2023","85.650","84.350","85.830","84.100","5.50M","1.66%"
"08.08.2023","84.250","85.170","85.170","83.110","3.16M","-1.30%"
"07.08.2023","85.360","85.110","85.650","84.750","2.15M","-0.05%"
"04.08.2023","85.400","86.300","86.300","84.880","1.38M","-1.00%"
"03.08.2023","86.260","82.680","86.570","82.290","5.05M","3.82%"
"02.08.2023","83.090","85.240","85.240","82.770","4.57M","-2.48%"
"01.08.2023","85.200","87.000","87.890","84.960","3.88M","-2.11%"
"31.07.2023","87.040","87.800","87.820","85.900","4.08M","0.38%"
"28.07.2023","86.710","87.950","87.950","86.420","4.67M","-1.40%"
"27.07.2023","87.940","89.430","89.430","86.340","3.68M","-0.29%"
"26.07.2023","88.200","89.900","90.320","86.380","4.45M","-1.86%"
"25.07.2023","89.870","86.460","90.250","85.910","3.98M","4.80%"
"24.07.2023","85.750","85.390","86.540","84.550","3.35M","0.18%"
"21.07.2023","85.600","84.490","85.820","84.490","1.29M","1.61%"
"20.07.2023","84.240","83.620","85.610","83.620","3.26M","0.04%"
"19.07.2023","84.210","84.520","85.890","83.970","3.14M","-1.60%"
"18.07.2023","85.580","85.000","85.990","84.090","2.22M","0.90%"
"17.07.2023","84.820","83.420","85.780","83.420","2.77M","-1.45%"
"14.07.2023","86.070","85.910","86.500","85.580","3.26M","-0.06%"
"13.07.2023","86.120","85.290","86.650","84.720","3.44M","1.32%"
"12.07.2023","85.000","85.150","85.500","84.440","5.32M","0.39%"
"11.07.2023","84.670","84.530","84.950","83.670","4.76M","0.58%"
"10.07.2023","84.180","83.230","84.590","82.590","4.60M","1.10%"
"07.07.2023","83.260","81.470","83.870","80.350","3.30M","2.45%"
"06.07.2023","81.270","83.250","83.480","80.330","4.50M","-2.25%"
"05.07.2023","83.140","85.000","85.000","82.490","2.91M","-1.52%"
"04.07.2023","84.420","85.250","85.630","83.880","541.33K","-1.24%"
"03.07.2023","85.480","82.420","85.930","82.420","3.60M","3.73%"
"30.06.2023","82.410","83.250","83.600","81.780","5.56M","0.51%"
"29.06.2023","81.990","82.660","83.640","81.730","2.61M","-1.63%"
"28.06.2023","83.350","83.960","84.300","82.720","5.34M","-0.93%"
"27.06.2023","84.130","84.000","84.630","83.040","2.91M","-0.14%"
"26.06.2023","84.250","83.490","84.450","83.290","2.55M","1.24%"
"23.06.2023","83.220","83.490","83.660","81.520","2.71M","-0.37%"
"22.06.2023","83.530","83.790","84.320","82.270","3.85M","-0.55%"
"21.06.2023","83.990","85.350","85.350","83.630","2.05M","-1.01%"
"20.06.2023","84.850","86.000","86.600","83.350","4.82M","-0.59%"
"19.06.2023","85.350","86.840","86.840","84.920","398.15K","-1.89%"
"16.06.2023","86.990","86.410","87.630","85.660","17.91M","0.28%"
"15.06.2023","86.750","86.330","87.400","85.990","3.73M","0.06%"
"14.06.2023","86.700","84.670","87.960","84.500","5.67M","2.55%"
"13.06.2023","84.540","83.490","84.760","82.530","3.64M","2.46%"
"12.06.2023","82.510","85.050","85.050","82.130","2.97M","-3.36%"
"09.06.2023","85.380","84.350","85.500","83.840","3.13M","1.51%"
"08.06.2023","84.110","83.450","84.400","82.450","2.41M","1.01%"
"07.06.2023","83.270","83.740","84.980","82.800","6.04M","-0.74%"
"06.06.2023","83.890","83.400","84.200","81.690","5.58M","1.46%"
"05.06.2023","82.680","82.150","83.230","80.920","2.43M","0.71%"
"02.06.2023","82.100","82.020","83.910","80.880","5.79M","-0.05%"
"01.06.2023","82.140","79.110","83.800","78.900","8.72M","4.62%"
"31.05.2023","78.510","79.690","80.450","76.280","14.03M","-1.81%"
"30.05.2023","79.960","82.000","82.020","78.660","5.19M","-2.50%"
"29.05.2023","82.010","82.800","82.800","82.000","645.19K","-0.46%"
"26.05.2023","82.390","84.070","85.800","78.050","4.50M","-1.98%"
"25.05.2023","84.050","83.320","84.730","83.270","6.75M","0.13%"
"24.05.2023","83.940","81.310","85.140","81.300","12.87M","8.03%"
"23.05.2023","77.700","77.640","79.380","76.420","5.83M","-0.09%"
"22.05.2023","77.770","80.480","80.870","76.270","6.71M","-3.01%"
"19.05.2023","80.180","83.660","83.920","79.900","3.80M","-4.29%"
"18.05.2023","83.770","84.300","84.430","83.490","3.12M","-0.48%"
"17.05.2023","84.170","84.450","84.980","83.930","3.30M","0.31%"
"16.05.2023","83.910","83.980","84.340","82.410","3.72M","-0.62%"
"15.05.2023","84.430","82.300","84.600","82.070","3.85M","2.48%"
"12.05.2023","82.390","80.320","82.740","80.150","6.21M","2.86%"
"11.05.2023","80.100","83.790","83.790","79.410","10.37M","-4.54%"
"10.05.2023","83.910","86.820","88.000","83.380","5.32M","-4.68%"
"09.05.2023","88.030","86.930","88.240","86.060","4.69M","1.06%"
"08.05.2023","87.110","87.020","87.630","86.700","2.90M","0.64%"
"05.05.2023","86.560","87.110","88.470","86.340","4.79M","-1.14%"
"04.05.2023","87.560","88.430","88.880","86.910","8.07M","-0.82%"
"03.05.2023","88.280","88.780","88.810","87.450","2.05M","-0.73%"
"02.05.2023","88.930","88.410","89.740","87.620","6.72M","0.59%"
"28.04.2023","88.410","89.170","92.000","87.600","8.67M","-0.86%"
"27.04.2023","89.180","88.330","89.400","88.060","3.23M","1.27%"
"26.04.2023","88.060","89.100","90.490","87.600","3.34M","-0.82%"
"25.04.2023","88.790","89.000","90.060","87.250","3.98M","-1.34%"
"24.04.2023","90.000","90.090","90.710","89.010","3.04M","-0.22%"
"21.04.2023","90.200","89.890","91.010","86.380","8.18M","1.12%"
"20.04.2023","89.200","92.650","93.580","88.640","9.35M","-4.11%"
"19.04.2023","93.020","92.600","93.930","91.220","4.36M","0.11%"
"18.04.2023","92.920","92.160","93.500","92.040","4.63M","1.04%"
"17.04.2023","91.960","92.000","92.820","91.000","8.00M","0.58%"
"14.04.2023","91.430","92.000","94.250","91.260","10.90M","-1.73%"
"13.04.2023","93.040","92.400","94.280","91.880","8.11M","1.05%"
"12.04.2023","92.070","90.000","93.360","90.000","6.29M","0.00%"
"11.04.2023","92.070","85.120","92.720","85.120","5.52M","5.56%"
"10.04.2023","87.220","85.020","87.400","83.450","2.20M","4.23%"
"05.04.2023","83.680","84.220","85.290","83.010","4.06M","-1.51%"
"04.04.2023","84.960","86.210","86.980","83.960","5.55M","-1.20%"
"03.04.2023","85.990","85.450","86.620","84.830","1.45M","0.77%"
"31.03.2023","85.330","86.940","87.800","85.020","6.69M","-1.85%"
"30.03.2023","86.940","85.350","87.930","85.350","3.85M","0.79%"
"29.03.2023","86.260","85.260","86.490","84.500","3.94M","1.69%"
"28.03.2023","84.830","83.970","86.810","83.590","3.17M","1.07%"
"27.03.2023","83.930","82.700","84.340","82.560","3.22M","1.02%"
"24.03.2023","83.080","81.050","83.330","81.050","3.53M","-0.53%"
"23.03.2023","83.520","82.000","84.000","82.000","2.34M","1.83%"
"22.03.2023","82.020","82.630","83.150","81.380","3.54M","-1.05%"
"21.03.2023","82.890","81.160","83.090","80.760","7.53M","4.17%"
"17.03.2023","79.570","79.810","82.900","78.960","19.63M","0.21%"
"16.03.2023","79.400","79.890","80.580","79.100","4.00M","-0.41%"
"15.03.2023","79.730","81.360","81.940","78.740","5.35M","-2.87%"
"14.03.2023","82.090","83.280","84.990","81.740","6.04M","-1.30%"
"13.03.2023","83.170","80.720","84.370","80.180","4.22M","2.62%"
"10.03.2023","81.050","81.010","81.520","80.230","3.11M","0.09%"
"09.03.2023","80.980","83.220","83.500","80.630","4.57M","-2.68%"
"08.03.2023","83.210","82.450","83.660","82.210","3.29M","1.57%"
"07.03.2023","81.920","84.000","85.070","81.620","3.18M","-3.86%"
"06.03.2023","85.210","88.980","89.280","84.540","2.98M","-3.85%"
"03.03.2023","88.620","84.750","89.330","84.750","5.50M","4.65%"
"02.03.2023","84.680","83.810","86.270","83.150","2.89M","-1.02%"
"01.03.2023","85.550","82.700","86.800","81.990","3.20M","4.21%"
"28.02.2023","82.090","82.000","83.300","81.000","9.48M","-0.55%"
"27.02.2023","82.540","80.200","82.750","79.510","3.40M","2.89%"
"24.02.2023","80.220","83.450","83.450","79.830","4.05M","-4.47%"
"23.02.2023","83.970","86.890","86.890","83.000","7.31M","-1.73%"
"22.02.2023","85.450","85.200","85.790","84.160","5.41M","-0.92%"
"21.02.2023","86.240","82.520","86.440","82.520","5.38M","4.76%"
"20.02.2023","82.320","83.610","84.450","82.080","598.14K","-1.44%"
"17.02.2023","83.520","82.900","83.750","81.550","4.94M","-0.12%"
"16.02.2023","83.620","82.500","83.980","81.350","6.04M","1.21%"
"15.02.2023","82.620","79.990","82.830","79.660","9.43M","2.51%"
"14.02.2023","80.600","83.390","83.390","79.890","5.05M","-1.21%"
"13.02.2023","81.590","81.500","82.490","81.020","3.58M","0.60%"
"10.02.2023","81.100","82.960","83.530","79.690","5.06M","-2.48%"
"09.02.2023","83.160","83.400","84.410","82.400","5.99M","-0.34%"
"08.02.2023","83.440","82.910","84.250","81.000","7.69M","-0.02%"
"07.02.2023","83.460","81.600","83.720","80.000","10.56M","2.15%"
"03.02.2023","81.700","81.640","84.000","78.450","10.98M","0.07%"
"02.02.2023","81.640","84.600","85.460","79.700","9.32M","-3.53%"
"01.02.2023","84.630","83.600","85.350","83.530","7.25M","1.06%"
"31.01.2023","83.740","82.700","84.480","81.700","11.64M","0.52%"
"30.01.2023","83.310","83.200","83.870","82.320","3.98M","-0.24%"
"27.01.2023","83.510","84.320","84.650","82.000","7.25M","-0.54%"
"26.01.2023","83.960","83.980","84.730","83.510","6.16M","0.50%"
"25.01.2023","83.540","83.570","84.580","81.900","7.57M","-0.18%"
"24.01.2023","83.690","81.880","83.950","81.300","4.74M","2.21%"
"23.01.2023","81.880","82.640","82.920","81.490","3.83M","-0.91%"
"20.01.2023","82.630","80.420","86.410","80.420","12.68M","2.84%"
"19.01.2023","80.350","79.790","81.060","79.730","8.64M","0.36%"
"18.01.2023","80.060","79.360","80.390","79.280","9.96M","1.72%"
"17.01.2023","78.710","78.200","79.380","77.200","7.62M","0.81%"
"16.01.2023","78.080","86.000","86.000","77.610","4.32M","-9.28%"
"13.01.2023","86.070","87.400","87.750","84.570","15.29M","-1.54%"
"12.01.2023","87.420","86.590","88.250","84.770","8.40M","1.36%"
"11.01.2023","86.250","83.130","87.700","82.870","8.97M","4.08%"
"10.01.2023","82.870","80.010","83.200","79.740","6.23M","2.36%"
"09.01.2023","80.960","78.960","81.460","78.270","8.68M","4.33%"
"06.01.2023","77.600","76.990","79.220","76.560","6.38M","1.21%"
"05.01.2023","76.670","74.500","76.860","73.580","8.70M","4.13%"
"04.01.2023","73.630","70.500","73.990","69.640","5.21M","4.38%"
"03.01.2023","70.540","70.110","71.220","69.400","2.43M","1.64%"
"02.01.2023","69.400","68.740","70.250","68.350","452.58K","1.45%"
"30.12.2022","68.410","71.150","71.700","68.020","3.93M","-3.66%"
"29.12.2022","71.010","72.350","73.730","70.690","1.68M","-1.93%"
"28.12.2022","72.410","73.570","73.600","72.190","2.36M","-1.25%"
"27.12.2022","73.330","73.230","73.620","72.980","2.25M","0.63%"
"26.12.2022","72.870","73.960","73.960","72.670","229.46K","-0.92%"
"23.12.2022","73.550","73.440","74.250","72.400","3.28M","0.82%"
"22.12.2022","72.950","74.900","74.900","72.030","1.56M","-1.88%"
"21.12.2022","74.350","74.210","75.740","73.600","3.39M","0.13%"
"20.12.2022","74.250","72.750","74.590","72.750","5.43M","2.53%"
"19.12.2022","72.420","73.800","73.880","71.480","2.48M","-0.26%"
"16.12.2022","72.610","72.500","72.950","72.000","12.08M","0.10%"
"15.12.2022","72.540","73.970","73.970","72.260","12.97M","-2.68%"
"14.12.2022","74.540","76.960","77.400","74.100","5.83M","-2.90%"
"13.12.2022","76.770","79.050","79.810","76.520","9.69M","-1.93%"
"09.12.2022","78.280","79.940","79.940","78.150","5.39M","-1.92%"
"08.12.2022","79.810","77.760","80.000","77.260","3.74M","3.37%"
"07.12.2022","77.210","79.850","80.240","76.070","5.42M","-3.09%"
"06.12.2022","79.670","78.000","80.860","78.000","5.51M","1.26%"
"05.12.2022","78.680","78.990","80.600","76.610","5.48M","-1.39%"
"02.12.2022","79.790","78.970","81.200","78.170","4.94M","-1.04%"
"01.12.2022","80.630","78.270","81.970","77.350","8.82M","2.48%"
"30.11.2022","78.680","73.110","79.060","72.610","25.85M","8.99%"
"29.11.2022","72.190","69.190","73.000","69.130","16.63M","4.49%"
"28.11.2022","69.090","71.130","71.390","68.690","6.80M","-2.84%"
"25.11.2022","71.110","73.400","73.400","69.500","5.36M","-2.50%"
"24.11.2022","72.930","75.020","75.230","72.190","2.10M","-2.37%"
"23.11.2022","74.700","76.840","77.380","74.130","7.38M","-3.86%"
"22.11.2022","77.700","76.190","78.650","75.620","7.94M","3.53%"
"18.11.2022","75.050","76.700","77.650","73.810","4.74M","-1.46%"
"17.11.2022","76.160","77.510","78.240","75.490","5.51M","-3.37%"
"16.11.2022","78.820","80.360","80.360","78.060","4.47M","-2.69%"
"15.11.2022","81.000","81.610","82.510","80.190","3.48M","-0.39%"
"14.11.2022","81.320","81.700","81.800","79.310","3.87M","-1.36%"
"11.11.2022","82.440","77.680","82.800","77.550","6.34M","7.82%"
"10.11.2022","76.460","76.980","78.000","71.150","7.53M","1.93%"
"09.11.2022","75.010","76.170","76.540","73.060","7.99M","-1.39%"
"08.11.2022","76.070","74.030","76.270","73.640","19.17M","3.13%"
"07.11.2022","73.760","77.200","78.880","73.020","7.40M","-4.74%"
"04.11.2022","77.430","73.350","78.500","72.340","6.95M","9.74%"
"03.11.2022","70.560","71.990","73.070","70.030","6.63M","-3.36%"
"01.11.2022","73.010","73.000","74.580","72.000","4.55M","1.64%"
"31.10.2022","71.830","70.710","73.590","69.270","10.79M","1.34%"
"28.10.2022","70.880","72.520","72.550","67.920","5.53M","-3.72%"
"27.10.2022","73.620","70.950","74.910","70.040","8.13M","2.75%"
"26.10.2022","71.650","64.530","72.490","64.530","11.63M","10.88%"
"25.10.2022","64.620","62.000","64.790","61.690","7.28M","4.07%"
"24.10.2022","62.090","64.510","65.300","61.830","4.73M","-3.75%"
"21.10.2022","64.510","63.480","65.000","62.220","9.36M","1.21%"
"20.10.2022","63.740","64.050","64.660","63.270","16.08M","-0.11%"
"19.10.2022","63.810","65.900","65.900","63.330","4.67M","-3.17%"
"18.10.2022","65.900","66.000","66.640","65.330","9.26M","0.66%"
"17.10.2022","65.470","65.850","66.490","64.560","5.66M","0.46%"
"14.10.2022","65.170","66.180","67.320","64.490","6.22M","-1.66%"
"13.10.2022","66.270","65.070","66.800","64.640","5.87M","0.59%"
"12.10.2022","65.880","67.020","67.190","64.610","5.99M","-2.04%"
"11.10.2022","67.250","66.280","69.050","65.250","7.46M","1.30%"
"10.10.2022","66.390","69.210","69.210","66.040","5.11M","-3.60%"
"07.10.2022","68.870","71.780","71.940","68.510","4.69M","-4.61%"
"06.10.2022","72.200","73.070","73.460","71.890","3.83M","-1.96%"
"05.10.2022","73.640","73.460","73.860","72.550","3.57M","-1.30%"
"04.10.2022","74.610","73.960","75.650","72.070","4.16M","1.90%"
"03.10.2022","73.220","69.030","73.500","68.650","3.54M","7.49%"
"30.09.2022","68.120","68.450","69.680","67.740","7.85M","-1.33%"
"29.09.2022","69.040","70.640","70.710","68.080","6.35M","-0.78%"
"28.09.2022","69.580","69.140","71.420","68.780","5.00M","0.64%"
"27.09.2022","69.140","69.200","70.980","68.510","5.65M","0.19%"
"26.09.2022","69.010","68.560","69.270","67.970","3.18M","0.54%"
"23.09.2022","68.640","69.990","70.140","68.100","5.38M","-4.51%"
"22.09.2022","71.880","75.220","75.520","71.680","5.11M","-3.31%"
"21.09.2022","74.340","77.100","77.180","74.030","6.26M","-3.23%"
"20.09.2022","76.820","78.150","78.880","74.020","6.24M","0.96%"
"19.09.2022","76.090","77.230","77.230","72.610","8.54M","-1.22%"
"15.09.2022","77.030","78.290","80.200","76.510","23.40M","-1.60%"
"14.09.2022","78.280","82.390","82.390","78.110","2.89M","-5.22%"
"13.09.2022","82.590","83.570","84.690","81.920","4.16M","-1.92%"
"12.09.2022","84.210","84.400","86.820","83.710","7.97M","0.25%"
"09.09.2022","84.000","81.180","84.450","80.520","4.61M","5.01%"
"08.09.2022","79.990","77.200","80.440","77.100","4.41M","4.30%"
"07.09.2022","76.690","76.630","77.790","75.100","6.41M","-1.03%"
"06.09.2022","77.490","76.210","77.580","75.830","3.23M","1.79%"
"05.09.2022","76.130","76.430","76.430","74.520","459.50K","-0.42%"
"02.09.2022","76.450","75.650","76.730","74.820","6.60M","2.62%"
"01.09.2022","74.500","75.460","75.460","71.490","5.12M","-2.33%"
"31.08.2022","76.280","75.400","77.060","74.800","19.71M","0.36%"
"30.08.2022","76.010","76.740","76.790","74.570","5.17M","-1.17%"
"29.08.2022","76.910","79.360","79.690","76.300","5.20M","-4.63%"
"26.08.2022","80.640","80.420","81.140","79.170","3.33M","0.51%"
"25.08.2022","80.230","78.250","80.690","77.530","3.30M","2.79%"
"24.08.2022","78.050","79.250","80.700","77.490","3.76M","-2.43%"
"23.08.2022","79.990","79.240","80.800","78.040","3.47M","1.14%"
"22.08.2022","79.090","78.650","79.760","77.200","4.33M","-0.25%"
"19.08.2022","79.290","78.750","79.960","78.600","2.92M","-0.28%"
"18.08.2022","79.510","79.500","80.000","77.700","3.58M","1.11%"
"17.08.2022","78.640","79.350","79.810","77.930","3.87M","-1.13%"
"16.08.2022","79.540","82.000","82.720","79.250","5.30M","-2.89%"
"15.08.2022","81.910","82.380","84.190","81.450","4.58M","-2.24%"
"12.08.2022","83.790","82.930","84.390","82.500","9.24M","0.29%"
"11.08.2022","83.550","80.120","83.830","78.870","8.37M","4.39%"
"10.08.2022","80.040","75.910","80.410","75.910","7.51M","5.82%"
"09.08.2022","75.640","77.140","77.880","75.270","4.99M","-2.71%"
"08.08.2022","77.750","76.270","77.970","76.200","4.25M","2.29%"
"05.08.2022","76.010","75.160","76.980","74.840","5.36M","0.45%"
"04.08.2022","75.670","76.060","77.180","75.220","8.57M","-0.55%"
"03.08.2022","76.090","76.260","77.100","74.870","9.25M","-0.48%"
"02.08.2022","76.460","76.420","76.650","75.250","14.22M","0.05%"
"01.08.2022","76.420","80.320","80.920","75.890","12.06M","-5.19%"
"29.07.2022","80.600","78.900","81.540","78.220","9.57M","2.49%"
"28.07.2022","78.640","75.640","78.920","75.410","4.10M","4.41%"
"27.07.2022","75.320","75.690","75.690","73.270","7.66M","-0.67%"
"26.07.2022","75.830","78.000","79.220","75.100","2.65M","-2.91%"
"25.07.2022","78.100","78.510","79.610","77.460","1.85M","-0.23%"
"22.07.2022","78.280","78.830","79.830","78.100","4.56M","-0.10%"
"21.07.2022","78.360","77.200","78.530","76.620","6.63M","1.50%"
"20.07.2022","77.200","76.520","77.970","75.750","4.87M","0.93%"
"19.07.2022","76.490","77.720","78.150","76.170","10.43M","-1.23%"
"18.07.2022","77.440","79.750","79.750","77.000","7.07M","-0.60%"
"15.07.2022","77.910","79.070","79.450","77.640","6.62M","-0.46%"
"14.07.2022","78.270","80.890","81.370","77.060","8.27M","-4.29%"
"13.07.2022","81.780","81.900","83.240","80.850","2.97M","-0.22%"
"12.07.2022","81.960","82.740","84.730","81.160","6.58M","-1.29%"
"11.07.2022","83.030","84.380","84.380","82.270","2.61M","-2.12%"
"08.07.2022","84.830","83.990","85.130","82.190","4.01M","0.18%"
"07.07.2022","84.680","82.560","85.440","82.020","9.44M","4.14%"
"06.07.2022","81.310","81.090","81.540","77.860","8.16M","0.49%"
"05.07.2022","80.910","83.320","83.320","78.540","7.70M","-3.90%"
"04.07.2022","84.190","82.540","85.480","82.130","1.15M","2.52%"
"01.07.2022","82.120","82.450","82.740","80.540","2.99M","-1.38%"
"30.06.2022","83.270","85.750","86.430","82.950","8.16M","-3.56%"
"29.06.2022","86.340","87.900","88.000","85.750","6.57M","-1.85%"
"28.06.2022","87.970","86.950","88.290","85.150","6.40M","2.34%"
"27.06.2022","85.960","85.280","86.410","84.500","4.74M","1.43%"
"24.06.2022","84.750","82.170","85.300","79.120","14.08M","3.96%"
"23.06.2022","81.520","86.100","86.100","80.820","9.35M","-5.71%"
"22.06.2022","86.460","89.050","89.850","86.100","4.44M","-5.02%"
"21.06.2022","91.030","91.020","91.980","89.610","3.06M","0.31%"
"20.06.2022","90.750","95.300","95.300","90.510","2.39M","-5.03%"
"17.06.2022","95.560","90.340","96.800","89.650","22.55M","5.83%"
"16.06.2022","90.300","89.950","91.080","88.390","9.56M","-0.18%"
"15.06.2022","90.460","91.000","93.000","88.710","6.43M","0.10%"
"14.06.2022","90.370","94.600","95.450","90.110","5.91M","-4.44%"
"13.06.2022","94.570","91.510","96.640","90.870","6.56M","1.68%"
"10.06.2022","93.010","93.630","94.330","90.570","3.41M","-0.85%"
"09.06.2022","93.810","97.400","98.820","93.260","6.06M","-3.91%"
"08.06.2022","97.630","101.830","102.300","97.000","6.61M","-4.22%"
"07.06.2022","101.930","99.400","102.160","96.940","3.48M","1.94%"
"06.06.2022","99.990","100.170","102.780","98.290","2.66M","0.19%"
"03.06.2022","99.800","100.640","100.640","98.500","3.38M","-1.10%"
"02.06.2022","100.910","99.300","103.000","98.620","4.84M","2.70%"
"01.06.2022","98.260","97.240","99.290","97.240","2.90M","1.08%"
"31.05.2022","97.210","102.000","104.870","96.350","21.30M","-4.77%"
"30.05.2022","102.080","101.440","105.070","100.150","2.16M","0.13%"
"27.05.2022","101.950","99.000","102.460","97.970","4.37M","3.72%"
"26.05.2022","98.290","99.610","99.180","97.680","1.41M","-1.72%"
"25.05.2022","100.010","97.670","101.400","97.670","3.81M","2.03%"
"24.05.2022","98.020","97.880","99.320","95.610","8.11M","-0.68%"
"23.05.2022","98.690","103.320","103.400","98.480","3.68M","-3.65%"
"20.05.2022","102.430","101.200","103.990","100.060","8.19M","1.24%"
"19.05.2022","101.180","93.090","101.970","92.990","5.42M","7.78%"
"18.05.2022","93.880","95.000","95.780","91.610","8.49M","-1.29%"
"17.05.2022","95.110","92.300","95.870","91.270","13.69M","4.79%"
"16.05.2022","90.760","90.090","92.130","89.600","4.29M","0.74%"
"13.05.2022","90.090","91.980","91.980","88.720","7.76M","-0.77%"
"12.05.2022","90.790","90.950","92.400","89.640","9.76M","-1.30%"
"11.05.2022","91.990","91.840","94.430","91.800","10.09M","0.65%"
"10.05.2022","91.400","94.560","94.560","91.130","9.89M","-2.90%"
"09.05.2022","94.130","96.150","96.400","92.790","7.73M","-3.25%"
"06.05.2022","97.290","98.000","98.600","96.800","6.79M","-0.72%"
"05.05.2022","98.000","98.780","99.880","97.490","10.36M","-1.77%"
"04.05.2022","99.770","98.790","100.370","96.600","8.86M","0.49%"
"03.05.2022","99.280","96.050","99.690","96.000","6.23M","3.15%"
"02.05.2022","96.250","95.040","97.560","93.800","3.24M","0.76%"
"29.04.2022","95.520","98.270","99.390","95.040","7.03M","-2.81%"
"28.04.2022","98.280","99.960","99.960","94.710","7.41M","-1.26%"
"27.04.2022","99.530","99.230","100.440","97.650","6.50M","1.87%"
"26.04.2022","97.700","97.740","98.120","94.650","9.76M","-0.17%"
"25.04.2022","97.870","97.550","98.890","95.680","5.92M","-1.05%"
"22.04.2022","98.910","102.150","102.150","97.760","4.85M","-3.37%"
"21.04.2022","102.360","104.360","107.490","100.710","4.73M","-2.37%"
"20.04.2022","104.850","109.020","109.340","103.400","6.51M","-4.75%"
"19.04.2022","110.080","107.300","110.980","106.510","5.53M","2.08%"
"18.04.2022","107.840","107.220","109.290","106.810","2.52M","0.30%"
"13.04.2022","107.520","108.210","108.430","104.550","4.31M","-0.16%"
"12.04.2022","107.690","114.910","114.910","103.900","13.13M","-5.24%"
"11.04.2022","113.650","111.400","114.650","110.010","3.44M","1.68%"
"08.04.2022","111.770","114.250","115.730","110.690","2.95M","-1.56%"
"07.04.2022","113.540","109.700","114.360","108.850","6.11M","3.50%"
"06.04.2022","109.700","113.630","114.000","109.210","3.97M","-3.15%"
"05.04.2022","113.270","118.580","119.540","111.370","3.52M","-4.69%"
"04.04.2022","118.840","117.640","119.390","117.540","2.69M","1.13%"
"01.04.2022","117.510","118.990","121.950","115.880","4.30M","-1.25%"
"31.03.2022","119.000","116.020","119.800","115.970","10.19M","3.13%"
"30.03.2022","115.390","117.470","117.970","113.340","6.54M","-1.29%"
"29.03.2022","116.900","115.000","118.260","115.000","7.98M","0.46%"
"28.03.2022","116.360","115.460","118.490","115.090","4.80M","0.97%"
"25.03.2022","115.240","118.070","119.270","114.200","5.79M","-3.26%"
"24.03.2022","119.120","117.160","122.100","117.120","9.15M","2.56%"
"23.03.2022","116.150","116.180","119.760","114.310","3.89M","-0.54%"
"22.03.2022","116.780","114.110","121.190","113.920","7.62M","1.83%"
"18.03.2022","114.680","109.800","117.050","106.950","19.35M","4.77%"
"17.03.2022","109.460","103.230","109.850","103.200","6.89M","5.92%"
"16.03.2022","103.340","103.320","107.310","102.550","9.13M","-1.20%"
"15.03.2022","104.590","106.490","107.000","103.520","13.87M","-3.52%"
"14.03.2022","108.410","114.830","114.830","105.870","10.92M","-4.64%"
"11.03.2022","113.680","115.010","116.850","113.410","5.87M","-1.64%"
"10.03.2022","115.570","114.110","117.470","112.690","6.51M","1.01%"
"09.03.2022","114.420","114.440","117.910","112.250","7.76M","-2.45%"
"08.03.2022","117.290","116.490","120.800","116.180","9.62M","0.08%"
"07.03.2022","117.200","116.400","119.870","114.120","7.38M","0.19%"
"04.03.2022","116.980","116.040","117.450","114.100","6.01M","1.11%"
"03.03.2022","115.700","110.000","116.010","109.960","10.94M","5.74%"
"02.03.2022","109.420","108.500","110.000","107.260","6.20M","0.99%"
"01.03.2022","108.350","105.760","110.750","105.550","6.65M","3.12%"
"28.02.2022","105.070","101.500","106.500","100.030","11.62M","3.09%"
"25.02.2022","101.920","101.800","104.590","99.630","4.90M","0.11%"
"24.02.2022","101.810","96.990","102.320","95.750","5.55M","4.09%"
"23.02.2022","97.810","99.010","99.010","93.080","7.34M","-0.95%"
"22.02.2022","98.750","96.530","99.500","96.530","4.86M","2.10%"
"21.02.2022","96.720","97.520","99.200","95.600","1.53M","-1.76%"
"18.02.2022","98.450","100.090","101.100","98.000","2.48M","-1.52%"
"17.02.2022","99.970","105.300","105.300","98.220","6.57M","-5.56%"
"16.02.2022","105.850","104.550","106.280","103.560","11.61M","1.19%"
"15.02.2022","104.610","102.180","105.900","101.110","11.05M","2.38%"
"14.02.2022","102.180","100.450","103.380","99.000","9.29M","0.88%"
"11.02.2022","101.290","97.200","102.350","96.500","12.36M","3.37%"
"10.02.2022","97.990","93.300","98.300","92.800","13.19M","4.79%"
"09.02.2022","93.510","91.100","93.740","91.060","4.31M","2.54%"
"08.02.2022","91.190","88.700","91.670","88.640","6.10M","2.61%"
"04.02.2022","88.870","87.700","89.750","87.250","3.22M","1.82%"
"03.02.2022","87.280","89.900","89.900","87.250","3.28M","-3.17%"
"02.02.2022","90.140","89.980","90.980","89.550","3.43M","0.35%"
"01.02.2022","89.830","89.000","90.500","88.970","2.21M","1.40%"
"31.01.2022","88.590","86.680","88.800","86.300","5.54M","2.36%"
"28.01.2022","86.550","85.840","88.200","85.510","5.55M","1.19%"
"27.01.2022","85.530","88.630","88.940","85.340","6.06M","-2.67%"
"26.01.2022","87.880","88.970","88.970","86.350","4.99M","-0.01%"
"25.01.2022","87.890","86.670","88.500","85.100","7.08M","1.22%"
"24.01.2022","86.830","89.590","89.590","85.150","6.61M","-3.79%"
"21.01.2022","90.250","92.890","93.930","89.920","4.74M","-3.64%"
"20.01.2022","93.660","95.410","95.990","92.700","8.52M","-1.76%"
"19.01.2022","95.340","94.000","95.500","93.910","4.46M","1.95%"
"18.01.2022","93.520","93.400","94.780","93.380","3.84M","-0.37%"
"17.01.2022","93.870","93.490","94.480","93.010","1.10M","0.84%"
"14.01.2022","93.090","93.250","93.670","92.060","3.02M","-0.96%"
"13.01.2022","93.990","93.300","94.990","92.960","5.91M","0.01%"
"12.01.2022","93.980","89.730","95.990","89.730","6.54M","4.46%"
"11.01.2022","89.970","89.600","90.640","88.560","6.23M","0.81%"
"10.01.2022","89.250","90.000","90.890","88.980","3.03M","-1.23%"
"07.01.2022","90.360","90.200","91.030","89.380","2.82M","-0.17%"
"06.01.2022","90.510","89.290","90.700","88.370","4.89M","1.08%"
"05.01.2022","89.540","88.230","89.900","87.610","3.71M","1.48%"
"04.01.2022","88.230","89.860","89.950","87.800","2.85M","-0.97%"
"03.01.2022","89.090","89.010","89.950","89.000","761.57K","-0.22%"
"31.12.2021","89.290","88.600","89.950","88.190","1.36M","0.30%"
"30.12.2021","89.020","87.960","89.320","87.890","1.75M","1.24%"
"29.12.2021","87.930","90.320","90.320","87.790","1.54M","-2.46%"
"28.12.2021","90.150","90.020","91.880","89.780","1.63M","-0.04%"
"27.12.2021","90.190","88.480","90.750","88.190","2.49M","1.68%"
"24.12.2021","88.700","88.690","88.850","87.600","111.93K","0.26%"
"23.12.2021","88.470","86.500","88.700","86.180","2.93M","1.22%"
"22.12.2021","87.400","87.290","87.640","85.910","7.63M","0.51%"
"21.12.2021","86.960","86.000","87.330","84.390","4.34M","2.16%"
"20.12.2021","85.120","87.510","87.610","83.730","5.41M","-3.88%"
"17.12.2021","88.560","88.560","89.560","87.510","14.64M","-0.85%"
"16.12.2021","89.320","88.250","90.750","87.430","6.58M","1.48%"
"15.12.2021","88.020","89.180","89.180","87.250","4.32M","-1.94%"
"14.12.2021","89.760","89.230","90.670","87.530","4.23M","0.26%"
"13.12.2021","89.530","91.710","91.710","88.120","7.49M","-2.68%"
"10.12.2021","92.000","91.130","92.320","90.750","2.33M","-0.93%"
"09.12.2021","92.860","91.250","93.380","89.940","5.91M","1.24%"
"08.12.2021","91.720","93.510","93.510","90.530","7.71M","-1.85%"
"07.12.2021","93.450","93.450","94.450","93.000","8.76M","1.11%"
"06.12.2021","92.420","91.360","93.340","90.100","4.76M","1.28%"
"03.12.2021","91.250","91.620","93.120","90.220","7.05M","-1.09%"
"02.12.2021","92.260","90.990","92.450","89.010","6.50M","2.25%"
"01.12.2021","90.230","89.840","92.070","89.490","10.95M","0.57%"
"30.11.2021","89.720","86.460","90.370","84.600","17.51M","2.21%"
"29.11.2021","87.780","84.780","88.220","82.530","9.53M","3.70%"
"26.11.2021","84.650","85.690","86.190","83.260","7.72M","-2.03%"
"25.11.2021","86.400","87.600","87.600","86.250","1.68M","-1.09%"
"24.11.2021","87.350","88.500","88.500","86.500","7.39M","-1.03%"
"23.11.2021","88.260","86.580","88.500","85.500","5.08M","3.04%"
"22.11.2021","85.660","88.390","88.390","85.190","5.76M","-2.75%"
"19.11.2021","88.080","86.180","88.540","85.500","3.37M","2.20%"
"18.11.2021","86.180","87.320","87.330","85.660","5.96M","-1.01%"
"17.11.2021","87.060","86.700","87.170","86.150","3.19M","0.44%"
"16.11.2021","86.680","87.000","87.000","86.050","9.87M","-0.46%"
"12.11.2021","87.080","87.600","88.000","86.550","9.08M","-1.10%"
"11.11.2021","88.050","87.870","88.740","86.880","7.57M","1.78%"
"10.11.2021","86.510","87.980","87.980","86.000","9.24M","-1.95%"
"09.11.2021","88.230","88.790","89.470","86.010","6.20M","-0.60%"
"08.11.2021","88.760","89.720","89.900","88.510","5.15M","0.46%"
"05.11.2021","88.350","88.860","90.800","87.750","8.46M","-0.65%"
"04.11.2021","88.930","89.200","89.880","87.250","7.42M","-0.28%"
"03.11.2021","89.180","90.100","90.500","86.670","6.73M","-0.75%"
"01.11.2021","89.850","90.980","91.790","89.720","2.80M","-0.52%"
"29.10.2021","90.320","89.110","90.460","88.510","4.41M","1.09%"
"28.10.2021","89.350","91.700","92.150","89.180","6.27M","-3.53%"
"27.10.2021","92.620","94.000","94.000","91.840","5.98M","-2.09%"
"26.10.2021","94.600","96.020","96.030","93.760","5.88M","-0.87%"
"25.10.2021","95.430","95.150","95.600","94.400","2.70M","1.07%"
"22.10.2021","94.420","94.160","96.500","94.010","4.04M","-0.55%"
"21.10.2021","94.940","94.000","95.360","92.610","7.11M","0.04%"
"20.10.2021","94.900","94.320","95.890","94.290","6.13M","-0.50%"
"19.10.2021","95.380","94.890","95.790","93.490","7.67M","0.91%"
"18.10.2021","94.520","93.590","95.510","91.490","9.60M","0.82%"
"15.10.2021","93.750","90.040","94.040","90.040","10.33M","4.78%"
"14.10.2021","89.470","87.490","89.760","86.900","6.62M","3.19%"
"13.10.2021","86.700","85.240","87.010","84.120","5.29M","1.71%"
"12.10.2021","85.240","87.870","87.870","85.100","3.39M","-2.52%"
"11.10.2021","87.440","85.380","88.300","85.370","5.28M","3.36%"
"08.10.2021","84.600","84.420","85.500","83.900","4.75M","0.62%"
"07.10.2021","84.080","81.480","84.390","81.480","6.47M","4.05%"
"06.10.2021","80.810","79.700","80.860","78.080","6.21M","0.25%"
"05.10.2021","80.610","80.670","81.370","79.600","4.25M","0.41%"
"04.10.2021","80.280","81.140","82.250","80.060","2.70M","-0.41%"
"01.10.2021","80.610","82.380","83.500","79.800","5.27M","-2.16%"
"30.09.2021","82.390","79.990","82.720","79.500","7.63M","3.00%"
"29.09.2021","79.990","80.590","81.000","79.070","7.09M","-0.39%"
"28.09.2021","80.300","82.250","82.250","80.010","6.65M","-2.37%"
"27.09.2021","82.250","82.150","83.680","81.360","5.27M","0.15%"
"24.09.2021","82.130","83.070","83.550","81.960","3.39M","-1.63%"
"23.09.2021","83.490","83.210","84.010","82.570","3.90M","0.57%"
"22.09.2021","83.020","83.950","84.550","82.790","7.05M","-0.01%"
"21.09.2021","83.030","83.000","83.680","81.610","7.09M","1.03%"
"20.09.2021","82.180","84.890","84.890","82.030","3.73M","-3.53%"
"17.09.2021","85.190","88.510","88.510","85.000","24.19M","-4.18%"
"15.09.2021","88.910","87.180","89.110","87.180","8.80M","2.03%"
"14.09.2021","87.140","86.650","87.800","86.300","3.55M","1.03%"
"13.09.2021","86.250","87.970","88.900","86.050","5.09M","-1.69%"
"10.09.2021","87.730","86.900","87.970","86.330","4.78M","2.14%"
"09.09.2021","85.890","87.450","87.450","85.200","5.62M","-1.34%"
"08.09.2021","87.060","88.360","88.630","85.750","6.51M","-1.20%"
"07.09.2021","88.120","90.990","91.260","87.050","6.88M","-2.99%"
"06.09.2021","90.840","91.300","91.350","89.850","440.17K","-0.36%"
"03.09.2021","91.170","90.660","91.340","89.610","5.06M","1.02%"
"02.09.2021","90.250","90.670","91.250","89.160","4.15M","-0.36%"
"01.09.2021","90.580","91.750","92.900","89.570","5.42M","-3.17%"
"31.08.2021","93.550","92.530","93.800","91.200","8.99M","0.87%"
"30.08.2021","92.740","90.490","92.980","90.100","5.01M","2.71%"
"27.08.2021","90.290","89.790","90.490","88.870","3.68M","1.35%"
"26.08.2021","89.090","88.760","89.880","88.500","5.92M","-1.45%"
"25.08.2021","90.400","88.880","90.490","88.160","3.44M","2.48%"
"24.08.2021","88.210","88.690","89.890","88.060","5.45M","-0.40%"
"23.08.2021","88.560","88.710","89.290","87.370","4.18M","0.97%"
"20.08.2021","87.710","87.290","89.000","85.500","5.71M","1.50%"
"19.08.2021","86.410","90.000","90.000","86.020","9.93M","-5.01%"
"18.08.2021","90.970","90.290","91.650","89.820","6.40M","0.43%"
"17.08.2021","90.580","91.550","92.000","90.170","6.75M","-1.68%"
"16.08.2021","92.130","91.850","92.790","91.500","3.76M","-1.19%"
"13.08.2021","93.240","92.510","93.500","92.240","2.52M","0.80%"
"12.08.2021","92.500","95.220","95.500","92.160","2.55M","-3.21%"
"11.08.2021","95.570","93.900","95.800","93.900","3.50M","1.89%"
"10.08.2021","93.800","93.820","95.250","93.660","3.22M","0.05%"
"09.08.2021","93.750","93.980","95.450","93.370","3.46M","-1.11%"
"06.08.2021","94.800","94.820","95.500","94.270","6.02M","-0.24%"
"05.08.2021","95.030","94.150","95.310","88.600","4.39M","0.80%"
"04.08.2021","94.280","92.830","94.470","92.320","7.06M","1.27%"
"03.08.2021","93.100","90.960","93.740","90.960","15.08M","2.02%"
"02.08.2021","91.260","92.220","93.090","91.000","6.33M","0.05%"
"30.07.2021","91.210","96.200","96.200","91.040","9.85M","-6.02%"
"29.07.2021","97.050","95.840","97.720","95.840","9.50M","0.72%"
"28.07.2021","96.360","98.510","98.970","95.810","6.10M","-2.04%"
"27.07.2021","98.370","97.000","98.820","96.070","8.87M","1.58%"
"26.07.2021","96.840","95.510","99.620","95.510","5.66M","2.08%"
"23.07.2021","94.870","93.900","94.980","93.780","3.91M","0.70%"
"22.07.2021","94.210","92.810","94.790","91.520","3.68M","1.59%"
"21.07.2021","92.740","90.100","93.380","90.100","2.94M","2.57%"
"20.07.2021","90.420","91.300","91.570","89.540","6.47M","-0.09%"
"19.07.2021","90.500","91.500","91.500","89.000","6.96M","-2.33%"
"16.07.2021","92.660","94.340","94.510","91.790","4.60M","-2.27%"
"15.07.2021","94.810","89.430","94.970","89.420","9.43M","7.14%"
"14.07.2021","88.490","91.350","91.480","88.050","5.92M","-2.32%"
"13.07.2021","90.590","91.860","92.280","89.690","4.35M","-1.15%"
"12.07.2021","91.640","91.540","92.580","90.750","2.21M","-0.10%"
"09.07.2021","91.730","92.280","93.840","91.290","3.55M","-0.52%"
"08.07.2021","92.210","93.070","93.260","91.350","6.13M","-1.62%"
"07.07.2021","93.730","94.900","95.000","93.250","8.69M","-0.13%"
"06.07.2021","93.850","95.590","95.590","93.550","6.81M","-1.29%"
"05.07.2021","95.080","94.510","95.990","94.510","474.10K","0.30%"
"02.07.2021","94.800","94.020","95.150","92.900","8.76M","0.90%"
"01.07.2021","93.950","93.100","94.360","92.900","4.09M","0.20%"
"30.06.2021","93.760","93.970","94.470","92.170","10.55M","-0.09%"
"29.06.2021","93.840","92.330","93.980","91.530","6.96M","1.66%"
"28.06.2021","92.310","92.570","92.820","91.600","3.16M","0.29%"
"25.06.2021","92.040","92.060","92.640","91.330","8.89M","0.19%"
"24.06.2021","91.870","91.860","92.380","90.900","6.59M","0.21%"
"23.06.2021","91.680","91.100","93.480","90.370","8.73M","0.84%"
"22.06.2021","90.920","88.490","91.500","87.500","7.69M","3.38%"
"21.06.2021","87.950","90.000","90.000","87.250","10.35M","-2.11%"
"18.06.2021","89.850","86.400","90.440","85.550","15.64M","3.70%"
"17.06.2021","86.640","87.740","89.220","85.000","8.42M","-1.92%"
"16.06.2021","88.340","90.760","90.880","88.210","7.00M","-3.36%"
"15.06.2021","91.410","91.940","92.000","90.520","5.76M","-1.64%"
"14.06.2021","92.930","93.360","94.350","92.600","3.80M","-0.45%"
"11.06.2021","93.350","92.600","94.480","92.110","9.22M","1.84%"
"10.06.2021","91.660","92.550","92.600","90.520","8.63M","-0.55%"
"09.06.2021","92.170","90.760","93.380","90.760","6.88M","1.35%"
"08.06.2021","90.940","92.700","92.700","90.610","9.67M","-2.09%"
"07.06.2021","92.880","99.610","100.890","90.500","14.88M","-6.83%"
"04.06.2021","99.690","97.250","100.080","96.170","6.65M","2.06%"
"03.06.2021","97.680","97.410","98.200","96.160","8.55M","-0.34%"
"02.06.2021","98.010","97.000","98.320","96.780","4.80M","1.19%"
"01.06.2021","96.860","97.600","99.800","96.060","5.37M","-0.29%"
"31.05.2021","97.140","95.500","98.800","94.500","2.07M","1.62%"
"28.05.2021","95.590","93.340","96.720","91.620","7.81M","2.95%"
"27.05.2021","92.850","92.890","93.900","91.640","16.77M","1.31%"
"26.05.2021","91.650","91.730","93.000","90.620","5.00M","0.71%"
"25.05.2021","91.000","93.140","93.620","90.440","8.28M","-3.24%"
"24.05.2021","94.050","95.990","95.990","93.120","3.65M","-1.81%"
"21.05.2021","95.780","95.420","96.110","94.010","3.77M","1.04%"
"20.05.2021","94.790","98.480","98.480","94.200","11.95M","-3.23%"
"19.05.2021","97.950","99.500","99.940","96.510","7.85M","-3.54%"
"18.05.2021","101.540","101.010","103.030","101.010","7.54M","1.21%"
"17.05.2021","100.330","100.700","101.840","99.210","3.76M","-0.25%"
"14.05.2021","100.580","102.610","105.300","100.500","2.52M","-2.92%"
"13.05.2021","103.610","104.140","105.890","103.400","4.95M","-0.92%"
"12.05.2021","104.570","108.970","109.070","103.900","6.06M","-4.76%"
"11.05.2021","109.800","107.720","109.980","105.220","10.63M","0.80%"
"10.05.2021","108.930","101.160","109.900","101.000","14.20M","8.70%"
"07.05.2021","100.210","97.210","100.500","97.210","12.75M","3.72%"
"06.05.2021","96.620","94.480","96.990","94.440","14.61M","3.31%"
"05.05.2021","93.520","90.250","94.300","89.800","15.19M","4.20%"
"04.05.2021","89.750","91.000","91.010","89.270","9.80M","-1.30%"
"03.05.2021","90.930","92.110","93.500","90.600","8.12M","-0.70%"
"30.04.2021","91.570","94.770","96.000","89.810","36.03M","-3.38%"
"29.04.2021","94.770","98.250","99.390","94.460","12.40M","-2.85%"
"28.04.2021","97.550","101.210","102.790","96.950","9.05M","-3.13%"
"27.04.2021","100.700","102.280","103.710","100.450","11.32M","-1.38%"
"26.04.2021","102.110","102.690","103.010","101.140","4.93M","0.29%"
"23.04.2021","101.810","102.960","103.300","100.010","15.75M","-0.48%"
"22.04.2021","102.300","104.470","104.470","101.620","9.14M","-1.96%"
"21.04.2021","104.350","102.550","105.250","102.050","5.01M","2.01%"
"20.04.2021","102.290","102.890","103.550","101.820","5.32M","-0.09%"
"19.04.2021","102.380","104.000","104.410","102.080","4.97M","-1.24%"
"16.04.2021","103.670","105.430","105.430","102.610","7.48M","-1.44%"
"15.04.2021","105.180","102.870","105.500","102.310","9.07M","2.98%"
"14.04.2021","102.140","102.900","102.900","101.000","7.39M","1.06%"
"13.04.2021","101.070","101.060","101.570","100.070","5.63M","0.09%"
"12.04.2021","100.980","101.290","102.020","100.050","4.16M","-0.58%"
"09.04.2021","101.570","103.040","103.730","100.800","9.68M","-1.56%"
"08.04.2021","103.180","105.090","105.580","102.260","17.19M","-2.00%"
"07.04.2021","105.290","104.380","107.470","102.650","15.45M","-0.37%"
"06.04.2021","105.680","106.880","109.900","105.380","8.04M","-0.92%"
"05.04.2021","106.660","107.590","110.000","105.710","6.86M","-0.74%"
"31.03.2021","107.460","104.060","107.990","103.310","11.64M","3.34%"
"30.03.2021","103.990","103.790","104.250","101.010","3.47M","0.14%"
"29.03.2021","103.840","102.140","104.250","101.810","7.50M","1.41%"
"26.03.2021","102.400","102.880","103.120","100.130","4.76M","1.81%"
"25.03.2021","100.580","99.010","100.900","98.660","8.59M","0.56%"
"24.03.2021","100.020","102.650","102.650","99.070","9.03M","-1.65%"
"23.03.2021","101.700","101.830","102.390","101.230","8.45M","-0.11%"
"22.03.2021","101.810","102.620","103.820","101.130","8.68M","-0.31%"
"19.03.2021","102.130","103.350","104.290","101.480","34.08M","-1.55%"
"18.03.2021","103.740","104.600","104.990","103.390","5.56M","-0.50%"
"17.03.2021","104.260","104.520","105.460","100.250","7.34M","-0.22%"
"16.03.2021","104.490","108.300","108.300","103.710","14.80M","-3.03%"
"12.03.2021","107.750","103.410","109.930","103.410","8.01M","1.01%"
"11.03.2021","106.670","107.030","108.000","104.550","8.17M","0.61%"
"10.03.2021","106.020","105.260","108.310","103.750","7.82M","0.40%"
"09.03.2021","105.600","104.880","106.310","102.180","9.71M","0.60%"
"08.03.2021","104.970","100.500","105.590","99.150","9.03M","4.76%"
"05.03.2021","100.200","101.990","102.120","98.520","10.72M","-0.35%"
"04.03.2021","100.550","103.130","103.130","98.600","11.78M","-3.28%"
"03.03.2021","103.960","105.670","105.700","102.660","10.53M","-1.71%"
"02.03.2021","105.770","99.420","105.830","99.000","8.49M","6.42%"
"01.03.2021","99.390","101.110","103.220","99.090","4.99M","0.06%"
"26.02.2021","99.330","100.000","100.950","97.900","21.97M","-0.42%"
"25.02.2021","99.750","104.020","105.660","99.100","11.02M","-4.34%"
"24.02.2021","104.280","107.520","107.570","103.230","11.76M","-3.70%"
"23.02.2021","108.290","109.540","109.610","105.800","14.74M","-1.53%"
"22.02.2021","109.970","103.500","110.520","102.440","15.98M","7.89%"
"19.02.2021","101.930","99.710","102.600","98.520","13.58M","4.03%"
"18.02.2021","97.980","96.340","98.400","95.200","11.11M","1.76%"
"17.02.2021","96.290","92.090","96.960","92.050","10.03M","3.98%"
"16.02.2021","92.600","89.660","94.020","89.660","5.77M","3.53%"
"15.02.2021","89.440","88.210","90.480","88.210","512.29K","1.42%"
"12.02.2021","88.190","89.880","89.880","87.650","4.23M","-1.98%"
"11.02.2021","89.970","91.750","93.400","89.260","4.51M","-2.15%"
"10.02.2021","91.950","93.400","94.870","91.640","5.65M","-1.30%"
"09.02.2021","93.160","90.300","93.400","89.940","5.02M","3.52%"
"08.02.2021","89.990","87.810","90.300","85.380","4.67M","2.88%"
"05.02.2021","87.470","88.340","88.820","87.060","7.53M","-0.49%"
"04.02.2021","87.900","91.490","91.980","87.400","9.73M","-3.57%"
"03.02.2021","91.150","92.140","93.000","90.390","10.27M","-0.32%"
"02.02.2021","91.440","87.850","93.310","87.850","9.52M","4.10%"
"29.01.2021","87.840","90.350","92.470","87.250","11.99M","-3.35%"
"28.01.2021","90.880","91.300","94.600","89.650","9.22M","0.14%"
"27.01.2021","90.750","91.080","92.270","86.950","13.05M","-0.12%"
"26.01.2021","90.860","92.190","93.000","89.770","10.32M","-1.53%"
"25.01.2021","92.270","89.990","93.520","88.700","9.07M","2.28%"
"22.01.2021","90.210","90.490","91.070","86.210","5.47M","-0.09%"
"21.01.2021","90.290","90.000","91.950","89.470","8.84M","0.77%"
"20.01.2021","89.600","90.480","90.480","87.710","9.03M","0.53%"
"19.01.2021","89.130","92.050","92.500","88.550","6.63M","-2.47%"
"18.01.2021","91.390","88.450","92.790","88.450","1.40M","3.62%"
"15.01.2021","88.200","90.490","90.490","86.690","4.50M","-3.09%"
"14.01.2021","91.010","91.150","92.740","90.600","5.92M","-0.01%"
"13.01.2021","91.020","91.810","93.430","90.220","4.52M","-1.59%"
"12.01.2021","92.490","93.680","95.260","90.820","5.72M","-0.83%"
"11.01.2021","93.260","96.160","96.250","92.810","7.11M","-4.08%"
"08.01.2021","97.230","92.320","98.540","92.300","9.37M","4.99%"
"07.01.2021","92.610","91.510","93.000","90.770","8.89M","1.17%"
"06.01.2021","91.540","92.140","95.390","91.210","7.22M","0.75%"
"05.01.2021","90.860","88.700","91.360","86.800","7.15M","2.42%"
"04.01.2021","88.710","85.870","90.470","85.870","4.14M","5.46%"
"31.12.2020","84.120","86.000","86.950","83.900","2.30M","-2.53%"
"30.12.2020","86.300","86.990","88.970","85.610","3.10M","-0.39%"
"29.12.2020","86.640","85.100","87.000","84.210","4.01M","1.76%"
"28.12.2020","85.140","82.990","85.720","82.990","2.01M","3.50%"
"24.12.2020","82.260","83.360","84.500","81.650","1.16M","-1.39%"
"23.12.2020","83.420","80.780","84.500","80.270","3.75M","3.79%"
"22.12.2020","80.370","84.350","84.360","79.500","3.11M","-4.15%"
"21.12.2020","83.850","82.070","85.450","81.800","3.83M","0.50%"
"18.12.2020","83.430","82.870","86.500","81.230","17.37M","1.16%"
"17.12.2020","82.470","81.000","83.420","80.000","9.30M","2.63%"
"16.12.2020","80.360","81.220","82.000","79.960","7.80M","-0.89%"
"15.12.2020","81.080","78.310","82.660","78.120","12.07M","4.26%"
"14.12.2020","77.770","78.850","78.990","77.500","3.87M","-0.89%"
"11.12.2020","78.470","78.160","78.990","76.490","7.23M","0.37%"
"10.12.2020","78.180","77.210","79.330","76.980","9.27M","1.77%"
"09.12.2020","76.820","78.160","78.510","76.480","7.43M","-1.97%"
"08.12.2020","78.360","78.670","79.880","76.830","8.64M","-0.29%"
"07.12.2020","78.590","80.400","80.400","78.000","10.89M","-2.11%"
"04.12.2020","80.280","81.630","84.940","79.900","9.90M","-1.05%"
"03.12.2020","81.130","78.690","81.780","77.150","11.08M","2.98%"
"02.12.2020","78.780","75.210","79.380","74.970","10.52M","5.03%"
"01.12.2020","75.010","74.620","75.680","74.210","12.96M","2.28%"
"30.11.2020","73.340","71.220","73.640","70.390","26.96M","2.83%"
"27.11.2020","71.320","73.930","73.930","70.780","5.06M","-3.14%"
"26.11.2020","73.630","68.770","75.000","68.770","4.85M","3.54%"
"25.11.2020","71.110","68.690","71.300","68.690","11.55M","1.98%"
"24.11.2020","69.730","68.500","69.980","68.280","8.00M","2.73%"
"23.11.2020","67.880","66.880","68.460","66.560","5.51M","2.23%"
"20.11.2020","66.400","66.380","66.990","65.660","3.01M","0.85%"
"19.11.2020","65.840","66.950","66.950","64.800","13.12M","-1.97%"
"18.11.2020","67.160","67.400","68.400","66.340","9.53M","-0.03%"
"17.11.2020","67.180","65.360","67.850","64.000","15.46M","3.05%"
"13.11.2020","65.190","64.700","65.610","62.550","7.35M","1.83%"
"12.11.2020","64.020","63.500","64.280","62.200","6.47M","0.05%"
"11.11.2020","63.990","64.530","65.200","63.290","8.70M","-0.59%"
"10.11.2020","64.370","63.300","64.800","62.900","8.20M","1.48%"
"09.11.2020","63.430","63.320","64.580","62.580","7.49M","1.62%"
"06.11.2020","62.420","62.500","62.550","61.250","7.17M","0.61%"
"05.11.2020","62.040","61.670","62.470","60.760","7.35M","1.52%"
"04.11.2020","61.110","61.600","62.160","60.760","6.05M","-0.92%"
"03.11.2020","61.680","62.280","63.870","60.730","10.26M","2.37%"
"30.10.2020","60.250","60.490","61.770","59.810","8.58M","-0.56%"
"29.10.2020","60.590","61.250","61.260","59.800","7.26M","-1.00%"
"28.10.2020","61.200","62.360","62.360","60.350","4.94M","-2.38%"
"27.10.2020","62.690","61.610","63.230","61.560","7.13M","2.35%"
"26.10.2020","61.250","62.800","62.800","60.670","6.32M","-2.72%"
"23.10.2020","62.960","61.870","63.330","61.780","10.13M","1.75%"
"22.10.2020","61.880","61.500","62.500","60.820","13.94M","0.15%"
"21.10.2020","61.790","60.140","62.400","59.000","8.70M","2.83%"
"20.10.2020","60.090","58.750","60.570","58.700","7.45M","2.79%"
"19.10.2020","58.460","58.990","59.200","57.610","8.41M","-0.41%"
"16.10.2020","58.700","58.250","59.150","57.590","6.78M","0.22%"
"15.10.2020","58.570","57.970","58.950","57.210","7.78M","0.00%"
"14.10.2020","58.570","59.040","59.060","58.050","4.35M","-0.56%"
"13.10.2020","58.900","57.900","59.300","57.900","6.73M","1.55%"
"12.10.2020","58.000","58.470","58.600","57.330","13.93M","-1.11%"
"09.10.2020","58.650","59.100","59.200","57.990","3.09M","-0.53%"
"08.10.2020","58.960","57.200","59.310","57.080","8.40M","2.99%"
"07.10.2020","57.250","55.490","57.920","55.330","9.40M","3.96%"
"06.10.2020","55.070","54.850","55.440","54.290","7.08M","0.90%"
"05.10.2020","54.580","55.000","55.500","53.830","5.38M","0.44%"
"02.10.2020","54.340","53.680","55.280","53.680","3.31M","0.24%"
"01.10.2020","54.210","56.250","56.380","53.500","6.27M","-3.63%"
"30.09.2020","56.250","55.080","56.650","54.960","16.50M","2.31%"
"29.09.2020","54.980","55.160","55.550","54.410","7.53M","-0.13%"
"28.09.2020","55.050","56.020","56.020","54.720","9.04M","0.02%"
"25.09.2020","55.040","54.860","55.220","54.560","8.01M","0.04%"
"24.09.2020","55.020","54.210","55.960","54.210","17.69M","1.20%"
"23.09.2020","54.370","55.750","56.050","54.170","3.21M","-2.77%"
"22.09.2020","55.920","55.200","56.330","55.000","4.96M","1.41%"
"21.09.2020","55.140","56.150","56.450","54.320","6.02M","-2.04%"
"18.09.2020","56.290","58.650","58.890","56.100","28.84M","-3.22%"
"17.09.2020","58.160","57.700","58.420","57.410","8.37M","-0.22%"
"15.09.2020","58.290","59.190","59.190","58.100","4.55M","-0.68%"
"14.09.2020","58.690","60.480","60.480","58.470","3.87M","-1.23%"
"11.09.2020","59.420","59.090","59.800","58.230","15.53M","1.36%"
"10.09.2020","58.620","58.250","58.740","57.940","5.57M","0.14%"
"09.09.2020","58.540","58.060","59.440","57.680","14.24M","1.58%"
"08.09.2020","57.630","59.700","59.700","57.000","5.74M","-2.96%"
"07.09.2020","59.390","59.400","59.700","58.610","177.88K","-0.15%"
"04.09.2020","59.480","58.870","60.320","58.080","14.31M","0.80%"
"03.09.2020","59.010","59.940","59.940","58.500","7.74M","-2.33%"
"02.09.2020","60.420","60.450","60.680","58.410","5.25M","0.37%"
"01.09.2020","60.200","58.830","60.480","58.780","7.06M","3.08%"
"31.08.2020","58.400","58.800","58.860","57.150","13.29M","-0.60%"
"28.08.2020","58.750","57.530","59.260","57.530","9.36M","2.14%"
"27.08.2020","57.520","59.470","60.000","57.000","6.37M","-2.51%"
"26.08.2020","59.000","58.540","59.960","57.370","8.44M","0.79%"
"25.08.2020","58.540","57.700","58.760","56.790","7.20M","-0.48%"
"24.08.2020","58.820","58.900","59.670","58.600","10.48M","0.68%"
"21.08.2020","58.420","59.650","60.290","58.120","3.50M","-2.34%"
"20.08.2020","59.820","61.190","61.450","59.490","2.91M","-2.25%"
"19.08.2020","61.200","59.490","61.730","59.290","6.73M","3.73%"
"18.08.2020","59.000","59.020","59.300","58.450","16.43M","0.39%"
"17.08.2020","58.770","59.740","59.940","58.460","10.41M","-0.81%"
"14.08.2020","59.250","58.690","59.890","58.510","7.58M","0.73%"
"13.08.2020","58.820","58.100","59.140","57.650","4.83M","0.89%"
"12.08.2020","58.300","58.800","59.680","58.060","6.59M","-0.46%"
"11.08.2020","58.570","58.990","59.470","57.600","5.36M","-0.85%"
"10.08.2020","59.070","59.900","59.900","58.530","8.40M","-0.49%"
"07.08.2020","59.360","61.550","61.760","57.940","5.94M","-3.92%"
"06.08.2020","61.780","61.910","62.890","61.320","10.16M","0.26%"
"05.08.2020","61.620","58.450","62.470","58.010","7.76M","6.28%"
"04.08.2020","57.980","57.080","58.360","56.270","6.40M","1.70%"
"03.08.2020","57.010","56.970","58.740","56.650","4.78M","1.42%"
"31.07.2020","56.210","57.170","57.210","55.020","7.23M","-0.90%"
"30.07.2020","56.720","59.500","60.600","55.750","3.94M","-5.07%"
"29.07.2020","59.750","61.990","61.990","58.390","5.98M","-2.81%"
"28.07.2020","61.480","58.460","62.510","58.460","7.70M","3.38%"
"27.07.2020","59.470","58.990","59.750","57.690","6.16M","0.83%"
"24.07.2020","58.980","57.980","59.700","56.810","7.81M","1.65%"
"23.07.2020","58.020","57.110","58.240","56.080","5.84M","1.65%"
"22.07.2020","57.080","54.190","57.400","54.190","10.09M","5.08%"
"21.07.2020","54.320","54.490","54.490","52.510","10.71M","-0.77%"
"20.07.2020","54.740","54.730","55.040","54.020","6.29M","0.37%"
"17.07.2020","54.540","55.450","55.450","54.370","7.50M","-1.00%"
"16.07.2020","55.090","55.510","55.730","54.300","7.30M","-1.45%"
"15.07.2020","55.900","56.020","56.500","55.170","9.05M","0.04%"
"14.07.2020","55.880","57.010","57.010","55.420","10.25M","-2.17%"
"13.07.2020","57.120","55.260","57.450","54.540","10.89M","4.50%"
"10.07.2020","54.660","55.560","55.560","53.990","7.74M","-1.64%"
"09.07.2020","55.570","55.510","55.690","55.000","6.08M","0.29%"
"08.07.2020","55.410","55.490","55.740","54.630","7.71M","0.64%"
"07.07.2020","55.060","54.400","55.420","53.600","4.83M","0.68%"
"06.07.2020","54.690","54.590","54.990","54.280","4.98M","0.98%"
"03.07.2020","54.160","54.500","54.640","53.530","883.57K","-0.86%"
"02.07.2020","54.630","53.610","55.000","53.540","9.55M","2.78%"
"01.07.2020","53.150","53.350","53.500","52.510","7.07M","-0.52%"
"30.06.2020","53.430","52.700","53.570","52.000","6.38M","1.14%"
"29.06.2020","52.830","52.980","53.500","52.560","4.09M","0.72%"
"26.06.2020","52.450","52.600","52.870","52.200","6.03M","-0.23%"
"25.06.2020","52.570","52.390","52.970","51.700","3.49M","-0.08%"
"24.06.2020","52.610","52.510","52.990","52.150","8.13M","-0.55%"
"23.06.2020","52.900","53.050","53.800","52.620","12.10M","0.30%"
"22.06.2020","52.740","53.100","53.350","51.610","5.72M","-0.92%"
"19.06.2020","53.230","50.640","53.750","50.570","38.43M","5.95%"
"18.06.2020","50.240","51.160","51.420","50.150","3.83M","-2.33%"
"17.06.2020","51.440","52.250","52.280","50.810","8.37M","-1.44%"
"16.06.2020","52.190","51.110","52.480","50.800","10.75M","3.29%"
"15.06.2020","50.530","52.710","52.780","50.020","10.72M","-5.04%"
"12.06.2020","53.210","53.640","53.640","52.320","12.11M","2.05%"
"11.06.2020","52.140","51.740","52.420","51.300","13.59M","-1.31%"
"10.06.2020","52.830","52.820","53.400","52.680","13.05M","-0.08%"
"09.06.2020","52.870","53.200","53.380","52.500","8.54M","-1.12%"
"08.06.2020","53.470","53.000","53.540","52.040","9.14M","1.48%"
"05.06.2020","52.690","51.060","52.920","51.010","7.64M","4.27%"
"04.06.2020","50.530","50.660","50.860","49.650","9.26M","-0.51%"
"03.06.2020","50.790","51.180","51.820","50.130","11.58M","-0.80%"
"02.06.2020","51.200","49.965","51.805","49.085","","2.73%"
"01.06.2020","49.840","47.590","50.060","47.010","5.87M","4.97%"
"29.05.2020","47.480","49.010","49.010","47.010","70.95M","-3.36%"
"28.05.2020","49.130","49.870","50.010","48.640","10.03M","-0.75%"
"27.05.2020","49.500","49.090","50.690","48.610","10.33M","1.02%"
"26.05.2020","49.000","50.110","51.300","48.010","8.69M","-1.59%"
"25.05.2020","49.790","50.800","50.800","49.510","6.30M","-1.43%"
"22.05.2020","50.510","50.460","51.090","50.030","7.26M","0.10%"
"21.05.2020","50.460","50.040","50.680","49.960","10.94M","-0.38%"
"20.05.2020","50.650","49.810","51.100","49.100","14.21M","1.85%"
"19.05.2020","49.730","50.280","50.390","48.730","7.48M","-1.33%"
"18.05.2020","50.400","48.630","50.870","48.630","6.32M","4.18%"
"15.05.2020","48.380","48.500","49.810","48.000","8.49M","-0.29%"
"14.05.2020","48.520","48.640","49.800","47.830","6.22M","-0.92%"
"13.05.2020","48.970","51.660","51.780","48.820","12.96M","-5.43%"
"12.05.2020","51.780","52.550","53.290","50.850","8.49M","-0.77%"
"11.05.2020","52.180","52.450","53.190","51.070","4.00M","-1.38%"
"08.05.2020","52.910","52.200","54.450","52.010","7.66M","1.75%"
"07.05.2020","52.000","52.440","52.440","51.420","7.65M","0.02%"
"06.05.2020","51.990","51.100","52.350","51.040","6.92M","1.86%"
"05.05.2020","51.040","51.000","51.980","50.020","11.88M","0.16%"
"04.05.2020","50.960","51.270","51.270","49.000","8.69M","-0.86%"
"30.04.2020","51.400","51.800","51.800","50.440","11.16M","-1.02%"
"29.04.2020","51.930","50.880","52.160","50.500","8.52M","3.88%"
"28.04.2020","49.990","48.780","50.520","48.680","17.43M","2.69%"
"27.04.2020","48.680","47.000","49.180","46.250","9.27M","3.09%"
"24.04.2020","47.220","47.930","48.360","46.600","15.41M","-1.40%"
"23.04.2020","47.890","46.010","48.210","45.930","10.38M","5.14%"
"22.04.2020","45.550","45.830","46.000","44.270","7.01M","1.70%"
"21.04.2020","44.790","43.770","45.300","43.770","3.91M","-0.44%"
"20.04.2020","44.990","44.060","45.200","43.480","10.54M","0.74%"
"17.04.2020","44.660","45.070","46.000","44.000","5.38M","1.50%"
"16.04.2020","44.000","44.280","44.390","43.110","12.32M","0.02%"
"15.04.2020","43.990","45.900","45.900","43.460","12.65M","-4.82%"
"14.04.2020","46.220","44.980","46.650","44.970","5.80M","3.47%"
"13.04.2020","44.670","42.400","45.020","42.400","5.10M","5.35%"
"08.04.2020","42.400","43.480","43.590","42.140","4.91M","-2.01%"
"07.04.2020","43.270","43.960","45.260","42.810","10.58M","0.46%"
"06.04.2020","43.070","42.430","43.580","42.310","5.77M","4.31%"
"03.04.2020","41.290","40.500","41.670","39.120","5.71M","2.63%"
"02.04.2020","40.230","41.320","41.900","38.800","4.02M","-1.81%"
"01.04.2020","40.970","42.790","42.840","40.100","9.20M","-6.33%"
"31.03.2020","43.740","41.360","44.870","40.310","13.65M","7.36%"
"30.03.2020","40.740","41.520","41.520","40.210","6.48M","0.22%"
"27.03.2020","40.650","42.890","43.990","39.550","11.15M","-8.22%"
"26.03.2020","44.290","43.340","45.450","43.270","8.75M","2.29%"
"25.03.2020","43.300","39.540","45.480","39.540","11.30M","9.21%"
"24.03.2020","39.650","37.250","40.100","37.250","9.14M","5.71%"
"23.03.2020","37.510","39.800","40.200","37.210","6.99M","-5.23%"
"20.03.2020","39.580","42.630","43.180","38.500","30.11M","-6.69%"
"19.03.2020","42.420","41.080","42.630","38.400","9.74M","3.74%"
"18.03.2020","40.890","40.530","41.820","40.080","6.79M","-2.85%"
"17.03.2020","42.090","42.960","43.520","40.700","19.22M","-2.57%"
"13.03.2020","43.200","45.060","45.440","42.000","12.84M","-1.95%"
"12.03.2020","44.060","44.010","45.090","38.180","13.54M","-2.07%"
"11.03.2020","44.990","44.690","46.440","44.040","6.50M","-1.14%"
"10.03.2020","45.510","44.530","46.450","44.520","10.72M","3.53%"
"09.03.2020","43.960","47.600","47.600","43.750","8.81M","-8.61%"
"06.03.2020","48.100","48.370","49.000","47.300","7.83M","-1.76%"
"05.03.2020","48.960","49.240","49.350","48.110","9.91M","-1.21%"
"04.03.2020","49.560","50.000","50.150","49.240","10.51M","0.36%"
"03.03.2020","49.380","47.580","49.880","46.950","15.03M","4.38%"
"02.03.2020","47.310","46.510","48.370","46.510","11.90M","1.92%"
"28.02.2020","46.420","44.300","46.900","43.000","15.93M","3.59%"
"27.02.2020","44.810","45.010","46.000","44.500","12.10M","-2.01%"
"26.02.2020","45.730","47.550","48.280","45.500","14.03M","-3.95%"
"25.02.2020","47.610","49.390","49.890","47.500","7.22M","-3.07%"
"24.02.2020","49.120","48.650","49.450","47.850","5.37M","-1.64%"
"21.02.2020","49.940","50.310","50.310","49.320","7.47M","-0.72%"
"20.02.2020","50.300","51.380","51.380","49.840","8.78M","-1.68%"
"19.02.2020","51.160","52.590","52.590","50.810","9.75M","-2.35%"
"18.02.2020","52.390","52.010","52.550","51.760","6.43M","0.15%"
"17.02.2020","52.310","52.140","52.580","52.020","770.43K","0.35%"
"14.02.2020","52.130","51.650","52.690","51.210","4.49M","1.24%"
"13.02.2020","51.490","51.370","51.680","50.520","7.67M","-0.37%"
"12.02.2020","51.680","53.480","53.480","51.160","8.56M","-1.79%"
"11.02.2020","52.620","52.360","53.320","52.270","3.22M","1.23%"
"10.02.2020","51.980","51.780","52.140","50.560","7.40M","0.06%"
"07.02.2020","51.950","52.010","52.240","51.240","4.64M","-0.92%"
"06.02.2020","52.430","53.440","53.660","51.810","5.37M","-1.69%"
"05.02.2020","53.330","54.640","55.390","52.790","5.33M","-1.59%"
"04.02.2020","54.190","50.990","54.610","50.850","12.47M","7.39%"
"31.01.2020","50.460","51.390","52.060","50.120","13.28M","-2.66%"
"30.01.2020","51.840","53.280","53.280","51.500","8.22M","-2.72%"
"29.01.2020","53.290","52.370","53.960","51.200","8.42M","2.84%"
"28.01.2020","51.820","51.750","52.150","51.520","5.44M","0.90%"
"27.01.2020","51.360","51.890","51.890","50.160","9.58M","-2.56%"
"24.01.2020","52.710","53.880","54.250","52.620","7.68M","-2.17%"
"23.01.2020","53.880","56.890","56.890","53.670","18.28M","-5.37%"
"22.01.2020","56.940","57.190","58.400","56.780","5.33M","-0.49%"
"21.01.2020","57.220","57.770","57.770","56.290","4.42M","-1.38%"
"20.01.2020","58.020","58.300","58.650","57.230","1.44M","-1.16%"
"17.01.2020","58.700","57.180","58.840","56.330","9.82M","3.49%"
"16.01.2020","56.720","55.410","56.910","55.410","4.88M","3.18%"
"15.01.2020","54.970","56.660","56.990","54.800","6.55M","-3.29%"
"14.01.2020","56.840","56.760","57.180","56.600","10.44M","-0.14%"
"13.01.2020","56.920","55.450","57.110","54.970","7.09M","2.69%"
"10.01.2020","55.430","54.590","55.620","54.390","7.38M","2.08%"
"09.01.2020","54.300","54.410","55.290","54.090","6.04M","-0.11%"
"08.01.2020","54.360","52.910","54.450","52.910","3.98M","2.68%"
"07.01.2020","52.940","53.140","53.400","52.180","3.14M","0.11%"
"06.01.2020","52.880","53.720","54.200","52.310","2.76M","-2.26%"
"03.01.2020","54.100","53.740","54.890","53.100","3.72M","0.24%"
"02.01.2020","53.970","52.420","54.190","52.000","2.98M","4.07%"
"31.12.2019","51.860","51.920","52.610","51.410","2.80M","-0.06%"
"30.12.2019","51.890","54.000","54.000","51.350","2.25M","-3.51%"
"27.12.2019","53.780","54.340","54.710","53.540","2.33M","-0.79%"
"26.12.2019","54.210","53.130","54.370","52.980","1.86M","1.52%"
"24.12.2019","53.400","54.370","54.640","53.090","702.43K","-1.66%"
"23.12.2019","54.300","56.210","56.730","53.400","3.26M","-2.93%"
"20.12.2019","55.940","57.490","57.490","55.250","19.76M","-0.90%"
"19.12.2019","56.450","57.180","57.230","56.110","5.14M","-1.09%"
"18.12.2019","57.070","54.760","57.260","54.730","11.06M","4.20%"
"17.12.2019","54.770","54.800","54.900","54.190","6.64M","0.00%"
"16.12.2019","54.770","54.300","55.480","54.190","6.36M","1.28%"
"13.12.2019","54.080","51.900","54.300","51.880","12.06M","5.34%"
"11.12.2019","51.340","50.640","51.500","50.540","9.71M","1.95%"
"10.12.2019","50.360","49.930","50.840","49.200","7.76M","1.84%"
"09.12.2019","49.450","50.220","50.950","49.300","5.87M","-0.86%"
"06.12.2019","49.880","51.000","51.110","49.810","5.02M","-1.50%"
"05.12.2019","50.640","49.650","50.870","49.650","4.46M","2.24%"
"04.12.2019","49.530","51.090","51.780","49.310","5.89M","-2.46%"
"03.12.2019","50.780","51.560","52.340","50.620","4.82M","-2.74%"
"02.12.2019","52.210","51.390","52.650","51.050","9.19M","2.21%"
"29.11.2019","51.080","51.830","51.850","51.020","1.58M","-1.45%"
"28.11.2019","51.830","51.900","52.230","51.050","354.40K","0.35%"
"27.11.2019","51.650","52.300","52.300","50.510","4.84M","-0.84%"
"26.11.2019","52.090","51.700","52.470","51.140","16.11M","1.01%"
"25.11.2019","51.570","51.820","52.600","51.250","5.55M","-1.40%"
"22.11.2019","52.300","52.200","52.780","52.100","4.96M","0.40%"
"21.11.2019","52.090","52.780","52.780","51.400","3.87M","-1.46%"
"20.11.2019","52.860","53.520","53.700","52.530","3.88M","-1.25%"
"19.11.2019","53.530","53.000","54.190","53.000","7.77M","0.87%"
"15.11.2019","53.070","52.460","53.320","52.460","3.45M","1.32%"
"14.11.2019","52.380","52.590","52.700","51.850","4.66M","-0.27%"
"13.11.2019","52.520","52.260","52.620","51.800","3.14M","-0.17%"
"12.11.2019","52.610","52.170","52.810","52.020","7.94M","0.06%"
"11.11.2019","52.580","52.320","52.800","52.130","6.43M","-0.45%"
"08.11.2019","52.820","52.690","53.450","52.510","2.86M","-0.64%"
"07.11.2019","53.160","53.050","53.480","52.680","11.98M","0.97%"
"06.11.2019","52.650","52.890","52.970","52.140","4.61M","-0.36%"
"05.11.2019","52.840","52.700","53.020","52.280","6.59M","0.57%"
"04.11.2019","52.540","51.370","52.840","50.900","10.31M","3.06%"
"01.11.2019","50.980","50.700","51.490","50.540","11.98M","0.61%"
"31.10.2019","50.670","51.250","51.450","50.040","7.17M","-1.15%"
"30.10.2019","51.260","51.320","51.500","50.550","6.26M","-0.16%"
"29.10.2019","51.340","50.090","51.680","49.650","6.25M","2.37%"
"28.10.2019","50.150","50.000","50.270","49.640","6.92M","0.60%"
"25.10.2019","49.850","48.490","50.030","48.070","7.33M","2.78%"
"24.10.2019","48.500","48.580","48.760","48.020","6.94M","-0.02%"
"23.10.2019","48.510","48.110","48.570","48.040","17.35M","0.85%"
"22.10.2019","48.100","48.550","49.060","47.540","11.68M","-1.70%"
"21.10.2019","48.930","47.890","49.200","47.670","3.93M","2.86%"
"18.10.2019","47.570","46.900","47.950","46.690","5.94M","0.70%"
"17.10.2019","47.240","47.900","48.470","46.720","6.13M","-1.38%"
"16.10.2019","47.900","46.950","48.080","46.900","6.86M","1.70%"
"15.10.2019","47.100","46.560","47.660","46.350","5.69M","0.81%"
"14.10.2019","46.720","46.300","47.940","46.300","3.33M","-0.49%"
"11.10.2019","46.950","46.100","47.300","46.060","5.16M","2.49%"
"10.10.2019","45.810","44.330","45.990","44.000","5.02M","4.11%"
"09.10.2019","44.000","44.110","44.450","43.800","6.01M","0.14%"
"08.10.2019","43.940","44.620","45.490","43.700","4.98M","-2.01%"
"07.10.2019","44.840","45.140","45.300","44.610","2.92M","-0.95%"
"04.10.2019","45.270","43.030","45.450","43.020","6.66M","5.25%"
"03.10.2019","43.010","42.880","43.650","42.840","5.98M","-0.26%"
"02.10.2019","43.120","45.840","45.850","43.000","9.28M","-6.00%"
"01.10.2019","45.870","46.220","46.610","45.460","4.12M","-0.59%"
"30.09.2019","46.140","46.210","47.110","46.000","5.56M","-0.75%"
"27.09.2019","46.490","46.570","46.950","46.270","1.84M","0.52%"
"26.09.2019","46.250","47.320","47.480","46.010","5.99M","-2.05%"
"25.09.2019","47.220","46.110","47.380","45.900","10.47M","2.21%"
"24.09.2019","46.200","46.850","47.330","45.800","4.06M","-2.04%"
"23.09.2019","47.160","45.710","47.420","45.710","3.70M","2.50%"
"20.09.2019","46.010","45.900","47.220","45.430","49.31M","0.52%"
"19.09.2019","45.770","46.600","47.020","45.640","2.51M","-1.68%"
"18.09.2019","46.550","47.260","47.650","46.220","4.86M","-1.61%"
"17.09.2019","47.310","45.450","47.740","45.350","8.04M","3.64%"
"13.09.2019","45.650","47.000","47.190","45.500","4.58M","-1.76%"
"12.09.2019","46.470","45.890","47.000","44.750","6.19M","1.89%"
"11.09.2019","45.610","45.000","45.700","44.540","4.26M","1.38%"
"10.09.2019","44.990","44.180","45.190","44.050","4.01M","1.56%"
"09.09.2019","44.300","45.280","46.650","44.070","4.39M","-1.53%"
"06.09.2019","44.990","45.900","45.980","44.820","4.31M","-1.47%"
"05.09.2019","45.660","45.800","47.090","45.320","5.93M","0.51%"
"04.09.2019","45.430","45.540","46.810","45.160","6.75M","0.29%"
"03.09.2019","45.300","45.150","45.430","44.350","8.15M","-0.31%"
"02.09.2019","45.440","45.750","46.380","45.110","2.83M","-1.56%"
"30.08.2019","46.160","46.500","46.790","45.180","9.63M","0.65%"
"29.08.2019","45.860","45.950","46.620","45.320","8.69M","0.55%"
"28.08.2019","45.610","44.120","45.810","44.000","7.00M","3.49%"
"27.08.2019","44.070","43.300","44.350","43.260","26.54M","2.63%"
"26.08.2019","42.940","42.520","43.120","41.990","7.25M","0.26%"
"23.08.2019","42.830","42.610","43.090","42.300","7.65M","-0.37%"
"22.08.2019","42.990","43.470","43.750","42.510","8.21M","-1.01%"
"21.08.2019","43.430","42.320","43.650","41.510","7.22M","3.68%"
"20.08.2019","41.890","40.710","42.150","40.300","4.89M","3.33%"
"19.08.2019","40.540","40.250","41.620","40.250","3.22M","0.95%"
"16.08.2019","40.160","40.560","41.450","39.530","6.84M","-0.99%"
"15.08.2019","40.560","40.050","40.810","39.920","8.06M","1.02%"
"14.08.2019","40.150","41.270","41.270","39.800","9.32M","-3.11%"
"13.08.2019","41.440","41.770","42.950","41.310","5.37M","-0.81%"
"12.08.2019","41.780","43.520","43.520","41.570","5.94M","-4.37%"
"09.08.2019","43.690","44.190","44.260","42.690","5.13M","0.14%"
"08.08.2019","43.630","43.940","44.560","43.200","8.40M","0.72%"
"07.08.2019","43.320","41.250","44.230","41.250","10.19M","4.08%"
"06.08.2019","41.620","43.250","44.000","39.960","12.67M","-2.73%"
"05.08.2019","42.790","43.890","43.890","42.560","9.80M","-2.82%"
"02.08.2019","44.030","45.080","45.080","43.130","7.91M","-2.82%"
"01.08.2019","45.310","46.750","47.100","44.860","8.11M","-3.37%"
"31.07.2019","46.890","46.010","47.100","46.000","9.07M","1.82%"
"30.07.2019","46.050","46.770","46.920","45.990","5.93M","-1.85%"
"29.07.2019","46.920","46.550","47.390","46.420","4.69M","0.86%"
"26.07.2019","46.520","46.560","46.750","46.270","9.92M","-0.32%"
"25.07.2019","46.670","45.000","47.110","44.950","15.94M","3.02%"
"24.07.2019","45.300","44.180","45.780","44.150","13.02M","2.84%"
"23.07.2019","44.050","43.770","44.570","43.760","8.36M","1.15%"
"22.07.2019","43.550","43.540","43.990","43.200","5.51M","0.02%"
"19.07.2019","43.540","43.130","44.670","43.130","6.07M","1.26%"
"18.07.2019","43.000","44.700","45.600","42.510","9.93M","-4.55%"
"17.07.2019","45.050","46.910","47.000","44.580","7.63M","-4.23%"
"16.07.2019","47.040","47.180","47.300","46.800","4.77M","-0.06%"
"15.07.2019","47.070","47.790","47.790","46.820","7.22M","-1.67%"
"12.07.2019","47.870","48.080","48.630","47.000","3.30M","-0.73%"
"11.07.2019","48.220","49.030","49.300","47.940","4.85M","-2.07%"
"10.07.2019","49.240","49.690","50.490","48.800","4.73M","-0.14%"
"09.07.2019","49.310","50.840","51.290","49.130","7.31M","-3.52%"
"08.07.2019","51.110","49.430","51.380","49.430","4.39M","3.21%"
"05.07.2019","49.520","50.630","50.630","49.370","3.57M","-2.48%"
"04.07.2019","50.780","50.910","51.130","50.690","764.64K","-0.57%"
"03.07.2019","51.070","51.310","51.510","50.370","2.03M","-0.49%"
"02.07.2019","51.320","51.550","51.580","50.930","3.25M","0.16%"
"01.07.2019","51.240","51.330","51.680","51.080","5.33M","0.53%"
"28.06.2019","50.970","50.560","51.520","50.070","7.84M","1.35%"
"27.06.2019","50.290","51.780","51.800","50.100","2.95M","-2.65%"
"26.06.2019","51.660","51.810","51.990","51.370","3.42M","-0.06%"
"25.06.2019","51.690","50.840","51.960","50.840","3.34M","0.88%"
"24.06.2019","51.240","50.850","51.620","50.590","4.56M","1.01%"
"21.06.2019","50.730","51.480","51.480","50.350","23.51M","-1.23%"
"20.06.2019","51.360","51.330","51.840","50.730","7.57M","0.86%"
"19.06.2019","50.920","51.440","51.590","50.660","3.80M","-0.78%"
"18.06.2019","51.320","50.610","51.690","50.610","7.27M","1.70%"
"17.06.2019","50.460","50.750","51.200","50.330","3.12M","-0.90%"
"14.06.2019","50.920","52.390","52.390","50.600","5.19M","-2.99%"
"13.06.2019","52.490","52.550","52.660","51.610","4.96M","-0.46%"
"12.06.2019","52.730","51.510","52.980","51.140","8.67M","2.69%"
"11.06.2019","51.350","50.800","52.480","50.800","6.60M","1.80%"
"10.06.2019","50.440","50.990","52.040","49.780","7.96M","-0.32%"
"07.06.2019","50.600","50.120","50.770","49.650","3.63M","0.56%"
"06.06.2019","50.320","49.320","51.100","48.760","4.78M","1.17%"
"05.06.2019","49.740","49.060","49.970","48.030","3.38M","1.43%"
"04.06.2019","49.040","49.180","49.970","48.730","6.58M","0.02%"
"03.06.2019","49.030","48.780","49.410","48.140","8.89M","0.25%"
"31.05.2019","48.910","47.840","49.200","46.750","9.58M","0.45%"
"30.05.2019","48.690","47.250","48.940","47.200","5.58M","2.96%"
"29.05.2019","47.290","45.700","47.430","45.680","6.07M","2.51%"
"28.05.2019","46.130","46.760","47.180","45.800","23.23M","-2.04%"
"27.05.2019","47.090","47.440","47.440","46.900","2.08M","-0.74%"
"24.05.2019","47.440","47.100","47.810","46.520","4.51M","0.96%"
"23.05.2019","46.990","47.310","47.310","46.810","7.27M","-1.39%"
"22.05.2019","47.650","48.630","48.630","47.120","6.28M","-2.24%"
"21.05.2019","48.740","49.540","49.540","47.800","6.62M","-1.38%"
"20.05.2019","49.420","50.280","50.280","49.200","6.91M","-1.89%"
"17.05.2019","50.370","50.310","50.490","49.690","5.29M","-0.24%"
"16.05.2019","50.490","50.240","51.110","50.020","5.16M","0.36%"
"15.05.2019","50.310","50.320","50.840","49.880","6.63M","-0.73%"
"14.05.2019","50.680","51.250","52.080","50.560","6.04M","-1.32%"
"13.05.2019","51.360","51.120","51.630","49.820","7.18M","0.23%"
"10.05.2019","51.240","51.110","51.610","49.900","5.39M","0.02%"
"09.05.2019","51.230","50.740","51.510","49.800","5.45M","0.23%"
"08.05.2019","51.110","52.170","52.380","50.900","5.83M","-2.16%"
"07.05.2019","52.240","53.210","53.220","51.600","5.72M","-1.58%"
"06.05.2019","53.080","52.300","53.250","51.670","5.86M","0.49%"
"03.05.2019","52.820","53.360","54.100","52.660","7.90M","-0.49%"
"02.05.2019","53.080","55.350","55.350","52.540","10.62M","-4.52%"
"30.04.2019","55.590","55.660","56.390","55.310","5.89M","0.11%"
"29.04.2019","55.530","56.950","57.980","55.150","3.56M","-1.99%"
"26.04.2019","56.660","56.520","56.710","56.100","2.51M","-0.02%"
"25.04.2019","56.670","56.540","56.790","55.550","4.19M","-0.42%"
"24.04.2019","56.910","58.480","58.690","56.330","6.83M","-2.75%"
"23.04.2019","58.520","58.500","58.740","57.680","9.70M","-0.22%"
"22.04.2019","58.650","58.000","59.200","57.860","3.47M","-0.17%"
"17.04.2019","58.750","56.960","58.940","56.960","9.20M","3.96%"
"16.04.2019","56.510","55.800","57.380","55.190","7.31M","1.60%"
"15.04.2019","55.620","56.990","57.000","55.160","4.34M","-1.42%"
"12.04.2019","56.420","55.560","57.390","55.540","6.51M","2.21%"
"11.04.2019","55.200","55.390","55.450","53.320","3.97M","-0.65%"
"10.04.2019","55.560","56.120","56.120","54.660","2.29M","-0.77%"
"09.04.2019","55.990","56.700","56.700","55.030","6.65M","-1.18%"
"08.04.2019","56.660","55.600","56.980","55.000","8.88M","2.15%"
"05.04.2019","55.470","54.540","55.670","54.300","5.38M","1.71%"
"04.04.2019","54.540","52.900","54.680","52.860","5.16M","3.35%"
"03.04.2019","52.770","54.750","55.750","52.620","6.51M","-3.09%"
"02.04.2019","54.450","54.600","54.680","52.890","7.00M","-0.42%"
"01.04.2019","54.680","53.470","54.830","53.470","6.91M","2.47%"
"29.03.2019","53.360","53.060","53.770","52.260","10.67M","1.64%"
"28.03.2019","52.500","52.450","52.750","51.350","4.31M","0.63%"
"27.03.2019","52.170","52.140","52.640","51.070","5.36M","0.48%"
"26.03.2019","51.920","50.980","52.690","50.980","8.89M","1.94%"
"25.03.2019","50.930","50.890","51.930","50.140","3.44M","0.26%"
"22.03.2019","50.800","51.760","51.760","50.310","4.92M","-2.55%"
"21.03.2019","52.130","51.440","52.240","50.530","5.90M","1.58%"
"20.03.2019","51.320","50.370","51.830","49.570","11.21M","1.81%"
"19.03.2019","50.410","50.800","51.780","50.120","15.03M","-0.47%"
"15.03.2019","50.650","49.480","50.940","49.410","22.45M","2.57%"
"14.03.2019","49.380","49.390","49.500","48.770","4.02M","0.22%"
"13.03.2019","49.270","49.180","49.560","48.920","4.53M","0.22%"
"12.03.2019","49.160","48.000","49.570","47.870","5.60M","2.48%"
"11.03.2019","47.970","47.910","48.500","47.250","4.14M","0.63%"
"08.03.2019","47.670","47.570","47.890","46.840","3.41M","0.40%"
"07.03.2019","47.480","47.430","47.990","47.120","4.53M","-0.25%"
"06.03.2019","47.600","47.740","48.340","47.400","4.60M","0.27%"
"05.03.2019","47.470","47.550","48.090","47.020","5.21M","0.06%"
"04.03.2019","47.440","48.020","48.300","46.800","4.89M","-1.21%"
"01.03.2019","48.020","48.650","48.670","47.690","5.66M","-0.56%"
"28.02.2019","48.290","50.410","50.450","48.010","9.70M","-4.17%"
"27.02.2019","50.390","50.700","50.860","49.850","8.24M","-0.38%"
"26.02.2019","50.580","50.510","50.700","49.400","12.85M","-0.30%"
"25.02.2019","50.730","50.200","51.220","49.620","6.82M","1.54%"
"22.02.2019","49.960","48.570","50.470","48.420","9.90M","3.37%"
"21.02.2019","48.330","48.150","48.510","46.750","6.72M","0.69%"
"20.02.2019","48.000","47.010","48.280","46.900","9.28M","2.30%"
"19.02.2019","46.920","44.730","46.950","44.730","7.60M","4.90%"
"18.02.2019","44.730","45.430","45.630","44.500","631.21K","-1.13%"
"15.02.2019","45.240","45.600","45.600","44.520","4.56M","-0.46%"
"14.02.2019","45.450","43.740","45.730","43.510","6.41M","4.15%"
"13.02.2019","43.640","43.180","43.880","42.700","20.09M","0.90%"
"12.02.2019","43.250","43.480","43.930","42.560","5.84M","-0.57%"
"11.02.2019","43.500","44.210","45.300","42.760","4.45M","-1.41%"
"08.02.2019","44.120","45.430","45.560","44.010","4.95M","-3.12%"
"07.02.2019","45.540","45.410","46.080","45.390","5.99M","0.37%"
"06.02.2019","45.370","46.280","46.290","45.160","6.44M","-1.71%"
"05.02.2019","46.160","45.650","46.550","45.650","5.86M","1.36%"
"01.02.2019","45.540","45.900","46.500","45.440","5.01M","-0.55%"
"31.01.2019","45.790","46.580","46.750","45.280","8.12M","-1.46%"
"30.01.2019","46.470","45.920","46.700","44.710","6.11M","1.62%"
"29.01.2019","45.730","45.810","46.020","45.060","6.68M","0.07%"
"28.01.2019","45.700","45.040","46.370","44.190","11.21M","1.06%"
"25.01.2019","45.220","45.400","46.190","44.640","5.62M","-0.13%"
"24.01.2019","45.280","44.520","45.430","44.100","8.51M","1.96%"
"23.01.2019","44.410","43.930","44.580","43.930","17.30M","0.84%"
"22.01.2019","44.040","44.360","44.360","43.600","10.82M","-0.77%"
"21.01.2019","44.380","45.010","45.830","43.750","2.83M","-1.64%"
"18.01.2019","45.120","45.100","45.600","44.500","7.84M","0.94%"
"17.01.2019","44.700","45.070","45.350","44.250","14.00M","-0.51%"
"16.01.2019","44.930","44.110","45.340","44.110","10.46M","1.61%"
"15.01.2019","44.220","45.480","45.900","44.000","14.29M","-1.86%"
"14.01.2019","45.060","44.640","45.900","44.060","5.63M","0.76%"
"11.01.2019","44.720","44.880","44.970","44.500","10.89M","-0.11%"
"10.01.2019","44.770","44.180","44.980","43.760","19.36M","1.11%"
"09.01.2019","44.280","44.060","44.740","44.060","9.99M","0.75%"
"08.01.2019","43.950","44.300","44.700","43.190","10.20M","0.99%"
"07.01.2019","43.520","43.400","43.840","42.740","9.18M","0.69%"
"04.01.2019","43.220","41.120","43.580","41.120","8.55M","5.91%"
"03.01.2019","40.810","40.930","41.100","40.200","6.89M","-0.49%"
"02.01.2019","41.010","40.020","41.190","39.540","2.71M","1.41%"
"31.12.2018","40.440","40.600","40.880","40.090","3.10M","0.20%"
"28.12.2018","40.360","40.800","41.000","39.760","2.53M","-0.98%"
"27.12.2018","40.760","40.520","41.000","39.730","5.80M","0.17%"
"26.12.2018","40.690","40.290","40.820","40.090","4.15M","1.12%"
"24.12.2018","40.240","40.210","40.740","39.400","1.44M","-0.42%"
"21.12.2018","40.410","38.900","40.780","38.320","23.72M","3.19%"
"20.12.2018","39.160","38.300","39.450","37.760","7.25M","2.59%"
"19.12.2018","38.170","39.250","39.730","37.960","11.51M","-1.60%"
"18.12.2018","38.790","40.070","40.500","37.980","7.57M","-2.46%"
"17.12.2018","39.770","40.610","41.300","39.610","11.46M","-2.48%"
"14.12.2018","40.780","40.500","41.130","39.760","6.96M","0.00%"
"13.12.2018","40.780","41.430","42.490","40.530","7.56M","-0.73%"
"11.12.2018","41.080","42.330","42.470","40.670","7.85M","-2.68%"
"10.12.2018","42.210","42.380","42.440","41.150","5.85M","-0.66%"
"07.12.2018","42.490","42.020","42.890","41.800","6.91M","2.29%"
"06.12.2018","41.540","41.060","41.720","40.410","5.65M","-0.07%"
"05.12.2018","41.570","41.090","42.200","41.020","1.40M","0.85%"
"04.12.2018","41.220","42.090","42.350","40.700","25.92M","-1.83%"
"03.12.2018","41.990","42.340","43.980","41.510","16.59M","0.02%"
"30.11.2018","41.980","42.180","42.200","40.880","25.70M","-0.24%"
"29.11.2018","42.080","39.940","42.370","39.930","8.90M","5.28%"
"28.11.2018","39.970","39.220","40.300","38.960","15.15M","2.49%"
"27.11.2018","39.000","37.910","39.750","37.910","15.19M","3.26%"
"26.11.2018","37.770","39.490","39.950","37.080","13.04M","-4.02%"
"23.11.2018","39.350","38.800","40.100","38.300","12.65M","1.26%"
"22.11.2018","38.860","40.600","40.600","36.750","22.08M","-4.71%"
"21.11.2018","40.780","41.000","42.040","39.970","14.90M","-2.07%"
"20.11.2018","41.640","42.810","43.490","41.090","10.29M","-5.41%"
"16.11.2018","44.020","43.120","44.450","43.110","11.16M","1.34%"
"15.11.2018","43.440","44.990","45.350","42.900","7.45M","-2.71%"
"14.11.2018","44.650","45.560","46.950","44.520","6.48M","-2.23%"
"13.11.2018","45.670","45.850","46.300","45.190","11.92M","-2.00%"
"12.11.2018","46.600","46.500","47.380","46.160","5.91M","-0.72%"
"09.11.2018","46.940","47.780","48.000","46.020","10.65M","-2.23%"
"08.11.2018","48.010","49.810","49.900","47.440","14.80M","-3.63%"
"07.11.2018","49.820","49.010","49.990","48.810","7.26M","2.55%"
"06.11.2018","48.580","49.430","49.900","48.100","8.28M","-2.08%"
"05.11.2018","49.610","48.070","49.710","47.520","13.30M","3.23%"
"01.11.2018","48.060","47.050","48.280","46.990","16.92M","2.54%"
"31.10.2018","46.870","45.150","47.180","44.630","19.35M","4.57%"
"30.10.2018","44.820","46.210","46.400","44.520","10.18M","-2.78%"
"29.10.2018","46.100","47.860","48.110","46.010","13.02M","-3.70%"
"26.10.2018","47.870","47.290","48.290","46.500","5.77M","0.72%"
"25.10.2018","47.530","47.160","48.490","47.000","5.86M","0.66%"
"24.10.2018","47.220","47.120","47.840","46.580","9.26M","0.45%"
"23.10.2018","47.010","47.100","47.600","46.530","7.39M","-1.11%"
"22.10.2018","47.540","48.400","48.990","47.400","3.35M","-1.51%"
"19.10.2018","48.270","49.500","49.680","47.580","14.17M","-1.27%"
"18.10.2018","48.890","51.190","51.190","48.610","5.56M","-3.28%"
"17.10.2018","50.550","51.790","51.970","50.300","4.68M","-2.66%"
"16.10.2018","51.930","51.600","52.490","51.600","6.20M","0.78%"
"15.10.2018","51.530","51.510","52.250","50.980","4.14M","-0.12%"
"12.10.2018","51.590","51.620","52.690","50.550","4.00M","0.51%"
"11.10.2018","51.330","50.830","51.780","50.830","7.60M","0.75%"
"10.10.2018","50.950","51.840","51.840","50.800","4.43M","-1.49%"
"09.10.2018","51.720","50.550","51.900","49.910","7.41M","1.81%"
"08.10.2018","50.800","52.400","52.400","50.600","9.03M","-2.76%"
"05.10.2018","52.240","53.490","53.630","51.500","5.72M","-2.37%"
"04.10.2018","53.510","53.470","54.090","52.540","6.80M","0.26%"
"03.10.2018","53.370","54.940","54.950","53.220","3.73M","-2.43%"
"02.10.2018","54.700","54.520","55.250","54.310","7.51M","0.48%"
"01.10.2018","54.440","53.900","54.810","53.900","2.82M","0.91%"
"28.09.2018","53.950","54.730","55.000","53.740","6.78M","-1.41%"
"27.09.2018","54.720","55.650","56.200","54.300","3.42M","-2.04%"
"26.09.2018","55.860","56.340","56.500","55.260","3.55M","-0.53%"
"25.09.2018","56.160","55.790","56.450","55.340","4.56M","0.90%"
"24.09.2018","55.660","55.140","56.000","54.480","3.86M","0.83%"
"21.09.2018","55.200","53.020","55.480","53.020","23.92M","4.80%"
"20.09.2018","52.670","53.290","53.600","51.860","6.93M","-1.35%"
"19.09.2018","53.390","53.310","53.820","53.200","5.90M","-0.21%"
"18.09.2018","53.500","53.150","53.790","53.150","10.70M","1.31%"
"17.09.2018","52.810","52.930","53.260","52.660","3.69M","-0.47%"
"14.09.2018","53.060","53.080","53.690","52.510","3.83M","-0.43%"
"13.09.2018","53.290","53.300","54.650","53.060","7.45M","0.45%"
"12.09.2018","53.050","52.810","54.310","52.810","7.94M","0.40%"
"11.09.2018","52.840","53.500","53.590","52.700","2.88M","-2.04%"
"10.09.2018","53.940","54.020","54.520","53.290","2.22M","-0.52%"
"07.09.2018","54.220","53.810","54.480","53.320","6.08M","0.41%"
"06.09.2018","54.000","54.270","54.900","53.710","5.77M","0.07%"
"05.09.2018","53.960","54.420","54.830","53.870","3.64M","-1.03%"
"04.09.2018","54.520","54.850","54.850","54.180","11.56M","-1.46%"
"03.09.2018","55.330","56.200","56.430","55.030","399.91K","-1.23%"
"31.08.2018","56.020","55.070","56.140","54.740","10.14M","0.43%"
"30.08.2018","55.780","56.160","56.160","55.090","6.45M","-0.73%"
"29.08.2018","56.190","55.700","56.410","55.560","4.34M","0.74%"
"28.08.2018","55.780","56.700","56.850","55.600","7.95M","-1.27%"
"27.08.2018","56.500","55.370","56.760","55.370","6.95M","2.73%"
"24.08.2018","55.000","54.540","55.130","54.410","3.42M","1.16%"
"23.08.2018","54.370","54.410","54.910","53.810","7.82M","-0.71%"
"22.08.2018","54.760","53.310","54.880","53.000","7.40M","2.11%"
"21.08.2018","53.630","53.350","53.850","53.030","4.44M","-0.33%"
"20.08.2018","53.810","53.010","54.370","53.010","4.42M","2.42%"
"17.08.2018","52.540","52.200","52.650","51.030","9.53M","1.06%"
"16.08.2018","51.990","54.490","54.620","51.800","7.50M","-3.88%"
"15.08.2018","54.090","55.380","55.500","53.700","13.22M","-3.39%"
"14.08.2018","55.990","56.020","56.310","55.550","11.52M","0.14%"
"13.08.2018","55.910","55.620","56.230","55.240","4.41M","0.76%"
"10.08.2018","55.490","56.670","56.670","55.070","12.94M","-2.34%"
"09.08.2018","56.820","56.800","57.470","56.660","4.77M","0.07%"
"08.08.2018","56.780","57.300","57.300","56.650","6.05M","-1.05%"
"07.08.2018","57.380","57.790","58.500","57.310","7.12M","-0.09%"
"06.08.2018","57.430","57.280","57.660","56.510","3.39M","-0.23%"
"03.08.2018","57.560","56.440","57.700","55.990","3.18M","2.49%"
"02.08.2018","56.160","56.800","56.860","55.460","5.56M","-1.82%"
"01.08.2018","57.200","58.230","58.330","56.810","5.39M","-2.39%"
"31.07.2018","58.600","58.260","58.680","57.540","6.69M","0.88%"
"30.07.2018","58.090","57.710","58.410","57.400","6.06M","0.47%"
"27.07.2018","57.820","57.450","58.050","56.730","6.12M","0.66%"
"26.07.2018","57.440","57.220","58.200","57.000","4.86M","0.17%"
"25.07.2018","57.340","56.330","57.480","55.940","7.00M","2.34%"
"24.07.2018","56.030","54.630","56.810","54.630","5.96M","2.56%"
"23.07.2018","54.630","54.200","54.700","53.720","5.54M","0.40%"
"20.07.2018","54.410","54.270","55.440","53.510","5.42M","0.17%"
"19.07.2018","54.320","54.880","54.930","53.990","12.89M","-2.20%"
"18.07.2018","55.540","55.240","55.760","54.920","4.72M","0.85%"
"17.07.2018","55.070","53.450","55.450","53.030","3.61M","3.13%"
"16.07.2018","53.400","53.280","53.880","52.500","4.26M","-0.02%"
"13.07.2018","53.410","54.430","54.450","53.300","10.05M","-1.69%"
"12.07.2018","54.330","55.390","56.010","54.250","10.46M","-1.24%"
"11.07.2018","55.010","56.350","56.350","54.810","11.81M","-2.76%"
"10.07.2018","56.570","57.360","57.870","56.160","8.95M","-1.55%"
"09.07.2018","57.460","56.080","57.810","55.910","4.44M","2.96%"
"06.07.2018","55.810","56.000","56.490","55.500","8.45M","-0.37%"
"05.07.2018","56.020","55.190","56.370","54.850","7.23M","1.91%"
"04.07.2018","54.970","55.460","55.980","54.700","1.61M","-0.78%"
"03.07.2018","55.400","56.060","56.890","54.590","6.10M","-0.73%"
"02.07.2018","55.810","56.250","56.250","54.700","8.12M","-1.03%"
"29.06.2018","56.390","56.230","57.200","56.060","8.05M","0.95%"
"28.06.2018","55.860","55.680","56.470","55.070","8.65M","0.09%"
"27.06.2018","55.810","56.050","56.510","55.100","11.63M","-0.69%"
"26.06.2018","56.200","56.500","58.640","55.740","9.26M","-1.26%"
"25.06.2018","56.920","58.000","58.000","56.500","23.36M","-0.42%"
"22.06.2018","57.160","57.290","58.380","56.780","8.86M","-0.45%"
"21.06.2018","57.420","57.640","58.360","56.560","6.49M","-0.62%"
"20.06.2018","57.780","57.380","58.970","57.380","9.06M","0.77%"
"19.06.2018","57.340","56.010","57.670","56.010","10.05M","-1.92%"
"18.06.2018","58.460","58.700","58.700","57.000","3.70M","-0.48%"
"15.06.2018","58.740","58.990","59.070","57.790","25.65M","-0.63%"
"14.06.2018","59.110","59.010","59.570","58.600","5.79M","-0.87%"
"13.06.2018","59.630","58.630","60.370","58.530","8.49M","1.33%"
"12.06.2018","58.850","58.400","59.390","57.830","7.91M","0.68%"
"11.06.2018","58.450","58.100","58.890","57.210","7.48M","-0.90%"
"08.06.2018","58.980","57.150","59.040","57.060","7.92M","3.55%"
"07.06.2018","56.960","57.640","57.990","56.710","11.46M","-1.50%"
"06.06.2018","57.830","56.650","58.330","56.650","14.90M","2.77%"
"05.06.2018","56.270","56.020","58.440","55.910","15.60M","0.72%"
"04.06.2018","55.870","53.560","56.650","52.900","18.47M","4.84%"
"01.06.2018","53.290","49.570","53.700","49.560","15.90M","7.61%"
"31.05.2018","49.520","50.440","50.760","49.380","71.14M","-2.27%"
"30.05.2018","50.670","50.650","51.290","49.700","15.98M","-0.04%"
"29.05.2018","50.690","52.850","53.250","50.440","13.01M","-4.23%"
"28.05.2018","52.930","53.430","53.510","52.600","2.67M","-0.43%"
"25.05.2018","53.160","54.480","54.700","53.010","9.48M","-1.50%"
"24.05.2018","53.970","54.810","55.530","53.320","7.31M","-2.14%"
"23.05.2018","55.150","56.190","57.400","54.870","9.61M","-3.28%"
"22.05.2018","57.020","56.140","57.160","55.310","6.78M","0.99%"
"21.05.2018","56.460","56.500","57.230","55.710","8.03M","0.36%"
"18.05.2018","56.260","57.310","57.600","56.050","15.85M","-2.07%"
"17.05.2018","57.450","56.300","57.830","56.050","10.35M","1.38%"
"16.05.2018","56.670","55.200","57.470","54.820","13.25M","2.85%"
"15.05.2018","55.100","56.650","56.650","54.010","16.70M","-3.11%"
"14.05.2018","56.870","56.000","57.000","55.900","9.48M","1.48%"
"11.05.2018","56.040","56.150","56.410","55.540","7.38M","0.05%"
"10.05.2018","56.010","55.120","56.540","55.120","19.26M","2.10%"
"09.05.2018","54.860","56.040","56.070","54.640","13.70M","-1.95%"
"08.05.2018","55.950","54.900","56.180","54.900","8.34M","1.34%"
"07.05.2018","55.210","57.980","58.240","54.980","9.76M","-4.55%"
"04.05.2018","57.840","58.600","58.600","57.510","10.89M","-1.26%"
"03.05.2018","58.580","59.840","60.410","58.200","8.18M","-2.33%"
"02.05.2018","59.980","61.770","62.000","59.710","6.85M","-3.52%"
"30.04.2018","62.170","62.600","62.970","61.170","6.42M","-0.32%"
"27.04.2018","62.370","63.320","63.430","62.100","4.84M","-1.73%"
"26.04.2018","63.470","62.520","63.890","62.520","8.13M","-0.14%"
"25.04.2018","63.560","63.130","63.890","62.530","6.00M","0.44%"
"24.04.2018","63.280","64.120","64.650","62.890","5.90M","-1.05%"
"23.04.2018","63.950","62.800","64.890","62.000","8.69M","1.60%"
"20.04.2018","62.940","64.300","64.300","62.770","3.83M","-1.38%"
"19.04.2018","63.820","65.050","65.050","63.170","6.22M","-1.97%"
"18.04.2018","65.100","64.000","65.170","63.820","11.04M","2.62%"
"17.04.2018","63.440","63.520","64.730","62.990","13.98M","0.06%"
"16.04.2018","63.400","65.510","66.000","63.010","3.98M","-2.95%"
"13.04.2018","65.330","65.400","65.510","64.530","5.43M","-0.06%"
"12.04.2018","65.370","64.400","65.530","63.750","6.81M","1.00%"
"11.04.2018","64.720","63.580","64.890","63.500","4.42M","1.41%"
"10.04.2018","63.820","62.040","63.900","62.040","6.47M","3.42%"
"09.04.2018","61.710","61.900","62.240","61.400","5.69M","-0.15%"
"06.04.2018","61.800","61.520","62.420","60.830","5.26M","-1.07%"
"05.04.2018","62.470","62.140","63.000","61.770","10.59M","0.79%"
"04.04.2018","61.980","61.000","62.100","60.440","6.36M","-0.02%"
"03.04.2018","61.990","60.090","62.140","60.090","5.47M","3.18%"
"02.04.2018","60.080","60.720","61.830","59.540","4.22M","-0.78%"
"28.03.2018","60.550","61.640","61.780","60.200","5.36M","-2.01%"
"27.03.2018","61.790","61.960","62.500","61.550","5.99M","-0.03%"
"26.03.2018","61.810","61.010","62.080","60.220","4.59M","1.48%"
"23.03.2018","60.910","63.090","63.530","60.210","9.12M","-3.68%"
"22.03.2018","63.240","64.340","64.340","62.640","6.36M","-1.56%"
"21.03.2018","64.240","63.160","64.500","62.680","11.69M","1.53%"
"20.03.2018","63.270","61.500","63.480","61.220","5.93M","2.23%"
"16.03.2018","61.890","62.650","63.090","61.550","20.17M","-1.18%"
"15.03.2018","62.630","63.490","65.150","62.490","4.58M","-1.12%"
"14.03.2018","63.340","65.040","65.470","63.220","3.00M","-2.48%"
"13.03.2018","64.950","64.720","65.500","64.410","4.60M","0.11%"
"12.03.2018","64.880","64.010","65.480","63.980","9.24M","1.20%"
"09.03.2018","64.110","64.690","65.980","63.680","6.75M","-0.90%"
"08.03.2018","64.690","64.920","65.250","62.930","6.94M","-0.35%"
"07.03.2018","64.920","65.100","65.330","64.250","7.89M","-0.28%"
"06.03.2018","65.100","64.250","65.830","63.320","9.44M","1.83%"
"05.03.2018","63.930","61.850","64.220","60.960","6.59M","3.72%"
"02.03.2018","61.640","61.850","63.570","61.050","6.00M","-0.79%"
"01.03.2018","62.130","64.510","64.730","61.270","14.67M","-3.45%"
"28.02.2018","64.350","65.810","65.810","62.410","14.21M","-1.82%"
"27.02.2018","65.540","66.480","66.500","65.320","9.55M","-0.38%"
"26.02.2018","65.790","66.000","66.800","65.630","13.96M","-0.35%"
"23.02.2018","66.020","66.440","67.680","65.300","8.54M","0.05%"
"22.02.2018","65.990","65.140","66.480","65.050","5.85M","1.59%"
"21.02.2018","64.960","65.730","66.490","64.830","6.28M","-0.93%"
"20.02.2018","65.570","64.640","65.790","64.160","4.96M","1.08%"
"19.02.2018","64.870","66.380","66.380","64.500","1.14M","-1.86%"
"16.02.2018","66.100","66.040","67.000","65.470","6.51M","0.33%"
"15.02.2018","65.880","65.000","66.390","65.000","7.37M","0.90%"
"14.02.2018","65.290","63.660","66.000","63.580","4.56M","2.02%"
"13.02.2018","64.000","63.000","64.490","62.370","6.31M","1.22%"
"12.02.2018","63.230","62.500","63.820","61.930","7.44M","1.44%"
"09.02.2018","62.330","61.770","62.750","61.040","10.54M","1.51%"
"08.02.2018","61.400","62.970","62.970","60.510","15.17M","-1.89%"
"07.02.2018","62.580","65.090","65.090","62.420","8.05M","-2.83%"
"06.02.2018","64.400","64.490","66.490","62.550","11.23M","-0.86%"
"02.02.2018","64.960","66.210","66.210","64.160","8.17M","-1.89%"
"01.02.2018","66.210","66.000","66.680","65.190","7.86M","0.35%"
"31.01.2018","65.980","65.510","66.300","65.380","6.97M","0.73%"
"30.01.2018","65.500","67.060","67.060","64.550","7.68M","-2.34%"
"29.01.2018","67.070","67.980","67.980","66.600","4.40M","-1.43%"
"26.01.2018","68.040","66.770","68.690","66.160","8.05M","2.45%"
"25.01.2018","66.410","66.000","67.340","65.010","10.06M","1.31%"
"24.01.2018","65.550","64.740","65.810","64.170","11.83M","2.61%"
"23.01.2018","63.880","64.400","64.400","63.500","10.50M","-0.31%"
"22.01.2018","64.080","64.400","64.730","63.850","10.17M","-0.80%"
"19.01.2018","64.600","65.020","65.840","64.070","5.42M","-1.01%"
"18.01.2018","65.260","65.810","66.290","64.050","5.29M","-1.08%"
"17.01.2018","65.970","66.030","66.390","65.250","7.23M","0.67%"
"16.01.2018","65.530","66.580","66.580","65.390","6.87M","-1.13%"
"15.01.2018","66.280","66.370","66.590","65.850","994.15K","0.14%"
"12.01.2018","66.190","66.190","66.370","65.460","6.25M","0.20%"
"11.01.2018","66.060","65.330","66.200","65.040","6.11M","1.01%"
"10.01.2018","65.400","65.320","66.270","64.630","8.99M","-0.40%"
"09.01.2018","65.660","65.410","66.010","64.800","7.95M","0.49%"
"08.01.2018","65.340","65.500","65.680","65.000","6.20M","-0.50%"
"05.01.2018","65.670","65.290","66.000","65.270","11.19M","0.83%"
"04.01.2018","65.130","66.500","66.500","65.000","9.07M","-1.62%"
"03.01.2018","66.200","66.000","66.400","65.500","5.56M","0.32%"
"02.01.2018","65.990","65.070","66.160","64.190","5.91M","1.66%"