Fecha,real_5_linear,real_5_spline,real_5_ns,real_5_sv,Close,EXP_INF_spline,EXP_INF_ns,EXP_INF_sv
02/01/18 0:00,2.928571429,2.928571429,3.118386136,3.099180749,4.581428571,4.581428571,4.391613864,4.410819251
03/01/18 0:00,2.928571429,2.928571429,3.118386136,3.099180749,4.531428571,4.531428571,4.341613864,4.360819251
04/01/18 0:00,2.928571429,2.928571429,3.118386136,3.099180749,4.491428571,4.491428571,4.301613864,4.320819251
05/01/18 0:00,2.928571429,2.928571429,3.118386136,3.099180749,4.481428571,4.481428571,4.291613864,4.310819251
08/01/18 0:00,2.928571429,2.928571429,3.118386136,3.099180749,4.481428571,4.481428571,4.291613864,4.310819251
09/01/18 0:00,2.928571429,2.928571429,3.118386136,3.099180749,4.531428571,4.531428571,4.341613864,4.360819251
10/01/18 0:00,2.928571429,2.928571429,3.118386136,3.099180749,4.542428571,4.542428571,4.352613864,4.371819251
11/01/18 0:00,2.928571429,2.928571429,3.118386136,3.099180749,4.561428571,4.561428571,4.371613864,4.390819251
12/01/18 0:00,2.928571429,2.928571429,3.118386136,3.099180749,4.541428571,4.541428571,4.351613864,4.370819251
15/01/18 0:00,2.928571429,2.928571429,3.118386136,3.099180749,4.491428571,4.491428571,4.301613864,4.320819251
16/01/18 0:00,2.928571429,2.928571429,3.118386136,3.099180749,4.502428571,4.502428571,4.312613864,4.331819251
17/01/18 0:00,2.928571429,2.928571429,3.118386136,3.099180749,4.481428571,4.481428571,4.291613864,4.310819251
18/01/18 0:00,2.928571429,2.928571429,3.118386136,3.099180749,4.521428571,4.521428571,4.331613864,4.350819251
19/01/18 0:00,2.928571429,2.928571429,3.118386136,3.099180749,4.551428571,4.551428571,4.361613864,4.380819251
22/01/18 0:00,2.928571429,2.928571429,3.118386136,3.099180749,4.551428571,4.551428571,4.361613864,4.380819251
23/01/18 0:00,2.928571429,2.928571429,3.118386136,3.099180749,4.491428571,4.491428571,4.301613864,4.320819251
24/01/18 0:00,2.928571429,2.928571429,3.118386136,3.099180749,4.421428571,4.421428571,4.231613864,4.250819251
25/01/18 0:00,2.928571429,2.928571429,3.118386136,3.099180749,4.451428571,4.451428571,4.261613864,4.280819251
26/01/18 0:00,2.928571429,2.928571429,3.118386136,3.099180749,4.501428571,4.501428571,4.311613864,4.330819251
29/01/18 0:00,2.928571429,2.928571429,3.118386136,3.099180749,4.541428571,4.541428571,4.351613864,4.370819251
30/01/18 0:00,2.928571429,2.928571429,3.118386136,3.099180749,4.581428571,4.581428571,4.391613864,4.410819251
31/01/18 0:00,2.928571429,2.928571429,3.118386136,3.099180749,4.521428571,4.521428571,4.331613864,4.350819251
01/02/18 0:00,2.928571429,2.928571429,3.118386136,3.099180749,4.481428571,4.481428571,4.291613864,4.310819251
02/02/18 0:00,2.928571429,2.928571429,3.118386136,3.099180749,4.491428571,4.491428571,4.301613864,4.320819251
06/02/18 0:00,2.928571429,2.928571429,3.118386136,3.099180749,4.551428571,4.551428571,4.361613864,4.380819251
07/02/18 0:00,2.928571429,2.928571429,3.118386136,3.099180749,4.521428571,4.521428571,4.331613864,4.350819251
08/02/18 0:00,2.928571429,2.928571429,3.118386136,3.099180749,4.591428571,4.591428571,4.401613864,4.420819251
09/02/18 0:00,2.928571429,2.928571429,3.118386136,3.099180749,4.661428571,4.661428571,4.471613864,4.490819251
12/02/18 0:00,2.928571429,2.928571429,3.118386136,3.099180749,4.721428571,4.721428571,4.531613864,4.550819251
13/02/18 0:00,2.928571429,2.928571429,3.118386136,3.099180749,4.751428571,4.751428571,4.561613864,4.580819251
14/02/18 0:00,2.928571429,2.928571429,3.118386136,3.099180749,4.811428571,4.811428571,4.621613864,4.640819251
15/02/18 0:00,2.928571429,2.928571429,3.118386136,3.099180749,4.731428571,4.731428571,4.541613864,4.560819251
16/02/18 0:00,2.928571429,2.928571429,3.118386136,3.099180749,4.711428571,4.711428571,4.521613864,4.540819251
19/02/18 0:00,2.928571429,2.928571429,3.118386136,3.099180749,4.702428571,4.702428571,4.512613864,4.531819251
20/02/18 0:00,2.928571429,2.928571429,3.118386136,3.099180749,4.711428571,4.711428571,4.521613864,4.540819251
21/02/18 0:00,2.928571429,2.928571429,3.118386136,3.099180749,4.661428571,4.661428571,4.471613864,4.490819251
22/02/18 0:00,2.928571429,2.928571429,3.118386136,3.099180749,4.581428571,4.581428571,4.391613864,4.410819251
23/02/18 0:00,2.928571429,2.928571429,3.118386136,3.099180749,4.541428571,4.541428571,4.351613864,4.370819251
26/02/18 0:00,2.928571429,2.928571429,3.118386136,3.099180749,4.591428571,4.591428571,4.401613864,4.420819251
27/02/18 0:00,2.928571429,2.928571429,3.118386136,3.099180749,4.601428571,4.601428571,4.411613864,4.430819251
28/02/18 0:00,2.928571429,2.928571429,3.118386136,3.099180749,4.561428571,4.561428571,4.371613864,4.390819251
01/03/18 0:00,2.928571429,2.928571429,3.118386136,3.099180749,4.551428571,4.551428571,4.361613864,4.380819251
02/03/18 0:00,2.928571429,2.928571429,3.118386136,3.099180749,4.531428571,4.531428571,4.341613864,4.360819251
05/03/18 0:00,2.928571429,2.928571429,3.118386136,3.099180749,4.551428571,4.551428571,4.361613864,4.380819251
06/03/18 0:00,2.928571429,2.928571429,3.118386136,3.099180749,4.511428571,4.511428571,4.321613864,4.340819251
07/03/18 0:00,2.928571429,2.928571429,3.118386136,3.099180749,4.491428571,4.491428571,4.301613864,4.320819251
08/03/18 0:00,2.928571429,2.928571429,3.118386136,3.099180749,4.491428571,4.491428571,4.301613864,4.320819251
09/03/18 0:00,2.928571429,2.928571429,3.118386136,3.099180749,4.491428571,4.491428571,4.301613864,4.320819251
12/03/18 0:00,2.928571429,2.928571429,3.118386136,3.099180749,4.471428571,4.471428571,4.281613864,4.300819251
13/03/18 0:00,2.928571429,2.928571429,3.118386136,3.099180749,4.501428571,4.501428571,4.311613864,4.330819251
14/03/18 0:00,2.928571429,2.928571429,3.118386136,3.099180749,4.501428571,4.501428571,4.311613864,4.330819251
15/03/18 0:00,2.928571429,2.928571429,3.118386136,3.099180749,4.501428571,4.501428571,4.311613864,4.330819251
16/03/18 0:00,2.928571429,2.928571429,3.118386136,3.099180749,4.471428571,4.471428571,4.281613864,4.300819251
20/03/18 0:00,2.928571429,2.928571429,3.118386136,3.099180749,4.501428571,4.501428571,4.311613864,4.330819251
21/03/18 0:00,2.928571429,2.928571429,3.118386136,3.099180749,4.471428571,4.471428571,4.281613864,4.300819251
22/03/18 0:00,2.928571429,2.928571429,3.118386136,3.099180749,4.441428571,4.441428571,4.251613864,4.270819251
23/03/18 0:00,2.928571429,2.928571429,3.118386136,3.099180749,4.431428571,4.431428571,4.241613864,4.260819251
26/03/18 0:00,2.928571429,2.928571429,3.118386136,3.099180749,4.361428571,4.361428571,4.171613864,4.190819251
27/03/18 0:00,2.928571429,2.928571429,3.118386136,3.099180749,4.321428571,4.321428571,4.131613864,4.150819251
28/03/18 0:00,2.928571429,2.928571429,3.118386136,3.099180749,4.251428571,4.251428571,4.061613864,4.080819251
02/04/18 0:00,2.928571429,2.928571429,3.118386136,3.099180749,4.321428571,4.321428571,4.131613864,4.150819251
03/04/18 0:00,2.928571429,2.928571429,3.118386136,3.099180749,4.271428571,4.271428571,4.081613864,4.100819251
04/04/18 0:00,2.928571429,2.928571429,3.118386136,3.099180749,4.211428571,4.211428571,4.021613864,4.040819251
05/04/18 0:00,2.928571429,2.928571429,3.118386136,3.099180749,4.221428571,4.221428571,4.031613864,4.050819251
06/04/18 0:00,2.928571429,2.928571429,3.118386136,3.099180749,4.231428571,4.231428571,4.041613864,4.060819251
09/04/18 0:00,2.928571429,2.928571429,3.118386136,3.099180749,4.201428571,4.201428571,4.011613864,4.030819251
10/04/18 0:00,2.928571429,2.928571429,3.118386136,3.099180749,4.231428571,4.231428571,4.041613864,4.060819251
11/04/18 0:00,2.928571429,2.928571429,3.118386136,3.099180749,4.251428571,4.251428571,4.061613864,4.080819251
12/04/18 0:00,2.928571429,2.928571429,3.118386136,3.099180749,4.241428571,4.241428571,4.051613864,4.070819251
13/04/18 0:00,2.928571429,2.928571429,3.118386136,3.099180749,4.261428571,4.261428571,4.071613864,4.090819251
16/04/18 0:00,2.928571429,2.928571429,3.118386136,3.099180749,4.281428571,4.281428571,4.091613864,4.110819251
17/04/18 0:00,2.928571429,2.928571429,3.118386136,3.099180749,4.281428571,4.281428571,4.091613864,4.110819251
18/04/18 0:00,2.928571429,2.928571429,3.118386136,3.099180749,4.281428571,4.281428571,4.091613864,4.110819251
19/04/18 0:00,2.928571429,2.928571429,3.118386136,3.099180749,4.341428571,4.341428571,4.151613864,4.170819251
20/04/18 0:00,2.928571429,2.928571429,3.118386136,3.099180749,4.371428571,4.371428571,4.181613864,4.200819251
23/04/18 0:00,2.928571429,2.928571429,3.118386136,3.099180749,4.451428571,4.451428571,4.261613864,4.280819251
24/04/18 0:00,2.928571429,2.928571429,3.118386136,3.099180749,4.481428571,4.481428571,4.291613864,4.310819251
25/04/18 0:00,2.928571429,2.928571429,3.118386136,3.099180749,4.441428571,4.441428571,4.251613864,4.270819251
26/04/18 0:00,2.928571429,2.928571429,3.118386136,3.099180749,4.431428571,4.431428571,4.241613864,4.260819251
27/04/18 0:00,2.928571429,2.928571429,3.118386136,3.099180749,4.381428571,4.381428571,4.191613864,4.210819251
30/04/18 0:00,2.928571429,2.928571429,3.118386136,3.099180749,4.411428571,4.411428571,4.221613864,4.240819251
02/05/18 0:00,2.928571429,2.928571429,3.118386136,3.099180749,4.441428571,4.441428571,4.251613864,4.270819251
03/05/18 0:00,2.928571429,2.928571429,3.118386136,3.099180749,4.451428571,4.451428571,4.261613864,4.280819251
04/05/18 0:00,2.928571429,2.928571429,3.118386136,3.099180749,4.511428571,4.511428571,4.321613864,4.340819251
07/05/18 0:00,2.928571429,2.928571429,3.118386136,3.099180749,4.601428571,4.601428571,4.411613864,4.430819251
08/05/18 0:00,2.928571429,2.928571429,3.118386136,3.099180749,4.661428571,4.661428571,4.471613864,4.490819251
09/05/18 0:00,2.928571429,2.928571429,3.118386136,3.099180749,4.691428571,4.691428571,4.501613864,4.520819251
10/05/18 0:00,2.928571429,2.928571429,3.118386136,3.099180749,4.561428571,4.561428571,4.371613864,4.390819251
11/05/18 0:00,2.928571429,2.928571429,3.118386136,3.099180749,4.601428571,4.601428571,4.411613864,4.430819251
14/05/18 0:00,2.928571429,2.928571429,3.118386136,3.099180749,4.681428571,4.681428571,4.491613864,4.510819251
15/05/18 0:00,2.928571429,2.928571429,3.118386136,3.099180749,4.781428571,4.781428571,4.591613864,4.610819251
16/05/18 0:00,2.928571429,2.928571429,3.118386136,3.099180749,4.771428571,4.771428571,4.581613864,4.600819251
17/05/18 0:00,2.928571429,2.928571429,3.118386136,3.099180749,4.761428571,4.761428571,4.571613864,4.590819251
18/05/18 0:00,2.928571429,2.928571429,3.118386136,3.099180749,4.781428571,4.781428571,4.591613864,4.610819251
21/05/18 0:00,2.928571429,2.928571429,3.118386136,3.099180749,4.741428571,4.741428571,4.551613864,4.570819251
22/05/18 0:00,2.928571429,2.928571429,3.118386136,3.099180749,4.731428571,4.731428571,4.541613864,4.560819251
23/05/18 0:00,2.928571429,2.928571429,3.118386136,3.099180749,4.681428571,4.681428571,4.491613864,4.510819251
24/05/18 0:00,2.928571429,2.928571429,3.118386136,3.099180749,4.681428571,4.681428571,4.491613864,4.510819251
25/05/18 0:00,2.928571429,2.928571429,3.118386136,3.099180749,4.677428571,4.677428571,4.487613864,4.506819251
28/05/18 0:00,2.928571429,2.928571429,3.118386136,3.099180749,4.671428571,4.671428571,4.481613864,4.500819251
29/05/18 0:00,2.928571429,2.928571429,3.118386136,3.099180749,4.681428571,4.681428571,4.491613864,4.510819251
30/05/18 0:00,2.928571429,2.928571429,3.118386136,3.099180749,4.761428571,4.761428571,4.571613864,4.590819251
31/05/18 0:00,2.928571429,2.928571429,3.118386136,3.099180749,4.831428571,4.831428571,4.641613864,4.660819251
01/06/18 0:00,2.928571429,2.928571429,3.118386136,3.099180749,4.871428571,4.871428571,4.681613864,4.700819251
04/06/18 0:00,2.928571429,2.928571429,3.118386136,3.099180749,4.891428571,4.891428571,4.701613864,4.720819251
05/06/18 0:00,2.928571429,2.928571429,3.118386136,3.099180749,4.881428571,4.881428571,4.691613864,4.710819251
06/06/18 0:00,2.928571429,2.928571429,3.118386136,3.099180749,4.841428571,4.841428571,4.651613864,4.670819251
07/06/18 0:00,2.928571429,2.928571429,3.118386136,3.099180749,4.901428571,4.901428571,4.711613864,4.730819251
08/06/18 0:00,2.928571429,2.928571429,3.118386136,3.099180749,4.881428571,4.881428571,4.691613864,4.710819251
11/06/18 0:00,2.928571429,2.928571429,3.118386136,3.099180749,4.921428571,4.921428571,4.731613864,4.750819251
12/06/18 0:00,2.928571429,2.928571429,3.118386136,3.099180749,4.971428571,4.971428571,4.781613864,4.800819251
13/06/18 0:00,2.928571429,2.928571429,3.118386136,3.099180749,4.971428571,4.971428571,4.781613864,4.800819251
14/06/18 0:00,2.928571429,2.928571429,3.118386136,3.099180749,5.061428571,5.061428571,4.871613864,4.890819251
15/06/18 0:00,2.928571429,2.928571429,3.118386136,3.099180749,5.131428571,5.131428571,4.941613864,4.960819251
18/06/18 0:00,2.928571429,2.928571429,3.118386136,3.099180749,5.121428571,5.121428571,4.931613864,4.950819251
19/06/18 0:00,2.928571429,2.928571429,3.118386136,3.099180749,5.041428571,5.041428571,4.851613864,4.870819251
20/06/18 0:00,2.928571429,2.928571429,3.118386136,3.099180749,4.901428571,4.901428571,4.711613864,4.730819251
21/06/18 0:00,2.928571429,2.928571429,3.118386136,3.099180749,4.891428571,4.891428571,4.701613864,4.720819251
22/06/18 0:00,2.928571429,2.928571429,3.118386136,3.099180749,4.801428571,4.801428571,4.611613864,4.630819251
25/06/18 0:00,2.928571429,2.928571429,3.118386136,3.099180749,4.831428571,4.831428571,4.641613864,4.660819251
26/06/18 0:00,2.928571429,2.928571429,3.118386136,3.099180749,4.781428571,4.781428571,4.591613864,4.610819251
27/06/18 0:00,2.928571429,2.928571429,3.118386136,3.099180749,4.801428571,4.801428571,4.611613864,4.630819251
28/06/18 0:00,2.928571429,2.928571429,3.118386136,3.099180749,4.745428571,4.745428571,4.555613864,4.574819251
29/06/18 0:00,2.928571429,2.928571429,3.118386136,3.099180749,4.731428571,4.731428571,4.541613864,4.560819251
02/07/18 0:00,2.928571429,2.928571429,3.118386136,3.099180749,4.781428571,4.781428571,4.591613864,4.610819251
03/07/18 0:00,2.928571429,2.928571429,3.118386136,3.099180749,4.661428571,4.661428571,4.471613864,4.490819251
04/07/18 0:00,2.928571429,2.928571429,3.118386136,3.099180749,4.701428571,4.701428571,4.511613864,4.530819251
05/07/18 0:00,2.928571429,2.928571429,3.118386136,3.099180749,4.661428571,4.661428571,4.471613864,4.490819251
06/07/18 0:00,2.928571429,2.928571429,3.118386136,3.099180749,4.711428571,4.711428571,4.521613864,4.540819251
09/07/18 0:00,2.928571429,2.928571429,3.118386136,3.099180749,4.741428571,4.741428571,4.551613864,4.570819251
10/07/18 0:00,2.928571429,2.928571429,3.118386136,3.099180749,4.721428571,4.721428571,4.531613864,4.550819251
11/07/18 0:00,2.928571429,2.928571429,3.118386136,3.099180749,4.721428571,4.721428571,4.531613864,4.550819251
12/07/18 0:00,2.928571429,2.928571429,3.118386136,3.099180749,4.721428571,4.721428571,4.531613864,4.550819251
13/07/18 0:00,2.928571429,2.928571429,3.118386136,3.099180749,4.771428571,4.771428571,4.581613864,4.600819251
16/07/18 0:00,2.928571429,2.928571429,3.118386136,3.099180749,4.731428571,4.731428571,4.541613864,4.560819251
17/07/18 0:00,2.928571429,2.928571429,3.118386136,3.099180749,4.701428571,4.701428571,4.511613864,4.530819251
18/07/18 0:00,2.928571429,2.928571429,3.118386136,3.099180749,4.661428571,4.661428571,4.471613864,4.490819251
19/07/18 0:00,2.928571429,2.928571429,3.118386136,3.099180749,4.711428571,4.711428571,4.521613864,4.540819251
20/07/18 0:00,2.928571429,2.928571429,3.118386136,3.099180749,4.681428571,4.681428571,4.491613864,4.510819251
23/07/18 0:00,2.928571429,2.928571429,3.118386136,3.099180749,4.691428571,4.691428571,4.501613864,4.520819251
24/07/18 0:00,2.928571429,2.928571429,3.118386136,3.099180749,4.781428571,4.781428571,4.591613864,4.610819251
25/07/18 0:00,2.928571429,2.928571429,3.118386136,3.099180749,4.761428571,4.761428571,4.571613864,4.590819251
26/07/18 0:00,2.571428571,2.571428571,2.763157943,2.765290158,5.098571429,5.098571429,4.906842057,4.904709842
27/07/18 0:00,2.571428571,2.571428571,2.763157943,2.765290158,5.138571429,5.138571429,4.946842057,4.944709842
30/07/18 0:00,2.571428571,2.571428571,2.763157943,2.765290158,5.098571429,5.098571429,4.906842057,4.904709842
31/07/18 0:00,2.571428571,2.571428571,2.763157943,2.765290158,5.140571429,5.140571429,4.948842057,4.946709842
01/08/18 0:00,2.571428571,2.571428571,2.763157943,2.765290158,5.150571429,5.150571429,4.958842057,4.956709842
02/08/18 0:00,2.571428571,2.571428571,2.763157943,2.765290158,5.098571429,5.098571429,4.906842057,4.904709842
03/08/18 0:00,2.571428571,2.571428571,2.763157943,2.765290158,5.058571429,5.058571429,4.866842057,4.864709842
06/08/18 0:00,2.571428571,2.571428571,2.763157943,2.765290158,5.048571429,5.048571429,4.856842057,4.854709842
07/08/18 0:00,2.571428571,2.571428571,2.763157943,2.765290158,5.008571429,5.008571429,4.816842057,4.814709842
08/08/18 0:00,2.571428571,2.571428571,2.763157943,2.765290158,4.988571429,4.988571429,4.796842057,4.794709842
09/08/18 0:00,2.571428571,2.571428571,2.763157943,2.765290158,5.028571429,5.028571429,4.836842057,4.834709842
10/08/18 0:00,2.571428571,2.571428571,2.763157943,2.765290158,5.088571429,5.088571429,4.896842057,4.894709842
13/08/18 0:00,2.571428571,2.571428571,2.763157943,2.765290158,5.138571429,5.138571429,4.946842057,4.944709842
14/08/18 0:00,2.571428571,2.571428571,2.763157943,2.765290158,5.148571429,5.148571429,4.956842057,4.954709842
15/08/18 0:00,2.571428571,2.571428571,2.763157943,2.765290158,5.266571429,5.266571429,5.074842057,5.072709842
16/08/18 0:00,2.571428571,2.571428571,2.763157943,2.765290158,5.258571429,5.258571429,5.066842057,5.064709842
17/08/18 0:00,2.571428571,2.571428571,2.763157943,2.765290158,5.218571429,5.218571429,5.026842057,5.024709842
20/08/18 0:00,2.571428571,2.571428571,2.763157943,2.765290158,5.238571429,5.238571429,5.046842057,5.044709842
21/08/18 0:00,2.571428571,2.571428571,2.763157943,2.765290158,5.188571429,5.188571429,4.996842057,4.994709842
22/08/18 0:00,2.571428571,2.571428571,2.763157943,2.765290158,5.176571429,5.176571429,4.984842057,4.982709842
23/08/18 0:00,2.571428571,2.571428571,2.763157943,2.765290158,5.168571429,5.168571429,4.976842057,4.974709842
24/08/18 0:00,2.571428571,2.571428571,2.763157943,2.765290158,5.128571429,5.128571429,4.936842057,4.934709842
27/08/18 0:00,2.571428571,2.571428571,2.763157943,2.765290158,5.098571429,5.098571429,4.906842057,4.904709842
28/08/18 0:00,2.571428571,2.571428571,2.763157943,2.765290158,5.198571429,5.198571429,5.006842057,5.004709842
29/08/18 0:00,2.571428571,2.571428571,2.763157943,2.765290158,5.218571429,5.218571429,5.026842057,5.024709842
30/08/18 0:00,2.571428571,2.571428571,2.763157943,2.765290158,5.276571429,5.276571429,5.084842057,5.082709842
31/08/18 0:00,2.571428571,2.571428571,2.763157943,2.765290158,5.264571429,5.264571429,5.072842057,5.070709842
03/09/18 0:00,2.571428571,2.571428571,2.763157943,2.765290158,5.288571429,5.288571429,5.096842057,5.094709842
04/09/18 0:00,2.571428571,2.571428571,2.763157943,2.765290158,5.368571429,5.368571429,5.176842057,5.174709842
05/09/18 0:00,2.571428571,2.571428571,2.763157943,2.765290158,5.402571429,5.402571429,5.210842057,5.208709842
06/09/18 0:00,2.571428571,2.571428571,2.763157943,2.765290158,5.338571429,5.338571429,5.146842057,5.144709842
07/09/18 0:00,2.571428571,2.571428571,2.763157943,2.765290158,5.398571429,5.398571429,5.206842057,5.204709842
10/09/18 0:00,2.571428571,2.571428571,2.763157943,2.765290158,5.418571429,5.418571429,5.226842057,5.224709842
11/09/18 0:00,2.571428571,2.571428571,2.763157943,2.765290158,5.438571429,5.438571429,5.246842057,5.244709842
12/09/18 0:00,2.571428571,2.571428571,2.763157943,2.765290158,5.398571429,5.398571429,5.206842057,5.204709842
13/09/18 0:00,2.571428571,2.571428571,2.763157943,2.765290158,5.318571429,5.318571429,5.126842057,5.124709842
14/09/18 0:00,2.571428571,2.571428571,2.763157943,2.765290158,5.338571429,5.338571429,5.146842057,5.144709842
17/09/18 0:00,2.571428571,2.571428571,2.763157943,2.765290158,5.358571429,5.358571429,5.166842057,5.164709842
18/09/18 0:00,2.571428571,2.571428571,2.763157943,2.765290158,5.368571429,5.368571429,5.176842057,5.174709842
19/09/18 0:00,2.571428571,2.571428571,2.763157943,2.765290158,5.368571429,5.368571429,5.176842057,5.174709842
20/09/18 0:00,2.571428571,2.571428571,2.763157943,2.765290158,5.358571429,5.358571429,5.166842057,5.164709842
21/09/18 0:00,2.571428571,2.571428571,2.763157943,2.765290158,5.358571429,5.358571429,5.166842057,5.164709842
24/09/18 0:00,2.571428571,2.571428571,2.763157943,2.765290158,5.308571429,5.308571429,5.116842057,5.114709842
25/09/18 0:00,2.571428571,2.571428571,2.763157943,2.765290158,5.328571429,5.328571429,5.136842057,5.134709842
26/09/18 0:00,2.571428571,2.571428571,2.763157943,2.765290158,5.258571429,5.258571429,5.066842057,5.064709842
27/09/18 0:00,2.571428571,2.571428571,2.763157943,2.765290158,5.158571429,5.158571429,4.966842057,4.964709842
28/09/18 0:00,2.571428571,2.571428571,2.763157943,2.765290158,5.176571429,5.176571429,4.984842057,4.982709842
01/10/18 0:00,2.571428571,2.571428571,2.763157943,2.765290158,5.172571429,5.172571429,4.980842057,4.978709842
02/10/18 0:00,2.571428571,2.571428571,2.763157943,2.765290158,5.206571429,5.206571429,5.014842057,5.012709842
03/10/18 0:00,2.571428571,2.571428571,2.763157943,2.765290158,5.208571429,5.208571429,5.016842057,5.014709842
04/10/18 0:00,2.571428571,2.571428571,2.763157943,2.765290158,5.288571429,5.288571429,5.096842057,5.094709842
05/10/18 0:00,2.571428571,2.571428571,2.763157943,2.765290158,5.328571429,5.328571429,5.136842057,5.134709842
08/10/18 0:00,2.571428571,2.571428571,2.763157943,2.765290158,5.408571429,5.408571429,5.216842057,5.214709842
09/10/18 0:00,2.571428571,2.571428571,2.763157943,2.765290158,5.398571429,5.398571429,5.206842057,5.204709842
10/10/18 0:00,2.571428571,2.571428571,2.763157943,2.765290158,5.438571429,5.438571429,5.246842057,5.244709842
11/10/18 0:00,2.571428571,2.571428571,2.763157943,2.765290158,5.418571429,5.418571429,5.226842057,5.224709842
12/10/18 0:00,2.571428571,2.571428571,2.763157943,2.765290158,5.358571429,5.358571429,5.166842057,5.164709842
15/10/18 0:00,2.571428571,2.571428571,2.763157943,2.765290158,5.368571429,5.368571429,5.176842057,5.174709842
16/10/18 0:00,2.571428571,2.571428571,2.763157943,2.765290158,5.358571429,5.358571429,5.166842057,5.164709842
17/10/18 0:00,2.571428571,2.571428571,2.763157943,2.765290158,5.398571429,5.398571429,5.206842057,5.204709842
18/10/18 0:00,2.571428571,2.571428571,2.763157943,2.765290158,5.438571429,5.438571429,5.246842057,5.244709842
19/10/18 0:00,2.571428571,2.571428571,2.763157943,2.765290158,5.478571429,5.478571429,5.286842057,5.284709842
22/10/18 0:00,2.571428571,2.571428571,2.763157943,2.765290158,5.638571429,5.638571429,5.446842057,5.444709842
23/10/18 0:00,2.571428571,2.571428571,2.763157943,2.765290158,5.598571429,5.598571429,5.406842057,5.404709842
24/10/18 0:00,2.571428571,2.571428571,2.763157943,2.765290158,5.638571429,5.638571429,5.446842057,5.444709842
25/10/18 0:00,2.571428571,2.571428571,2.763157943,2.765290158,5.628571429,5.628571429,5.436842057,5.434709842
26/10/18 0:00,2.571428571,2.571428571,2.763157943,2.765290158,5.608571429,5.608571429,5.416842057,5.414709842
29/10/18 0:00,2.571428571,2.571428571,2.763157943,2.765290158,5.968571429,5.968571429,5.776842057,5.774709842
30/10/18 0:00,2.571428571,2.571428571,2.763157943,2.765290158,5.988571429,5.988571429,5.796842057,5.794709842
31/10/18 0:00,2.571428571,2.571428571,2.763157943,2.765290158,6.178571429,6.178571429,5.986842057,5.984709842
01/11/18 0:00,2.571428571,2.571428571,2.763157943,2.765290158,6.038571429,6.038571429,5.846842057,5.844709842
05/11/18 0:00,2.571428571,2.571428571,2.763157943,2.765290158,5.878571429,5.878571429,5.686842057,5.684709842
06/11/18 0:00,2.571428571,2.571428571,2.763157943,2.765290158,5.888571429,5.888571429,5.696842057,5.694709842
07/11/18 0:00,2.571428571,2.571428571,2.763157943,2.765290158,5.928571429,5.928571429,5.736842057,5.734709842
08/11/18 0:00,2.571428571,2.571428571,2.763157943,2.765290158,6.038571429,6.038571429,5.846842057,5.844709842
09/11/18 0:00,2.571428571,2.571428571,2.763157943,2.765290158,6.098571429,6.098571429,5.906842057,5.904709842
12/11/18 0:00,2.571428571,2.571428571,2.763157943,2.765290158,6.108571429,6.108571429,5.916842057,5.914709842
13/11/18 0:00,2.571428571,2.571428571,2.763157943,2.765290158,6.188571429,6.188571429,5.996842057,5.994709842
14/11/18 0:00,2.571428571,2.571428571,2.763157943,2.765290158,6.218571429,6.218571429,6.026842057,6.024709842
15/11/18 0:00,2.571428571,2.571428571,2.763157943,2.765290158,6.178571429,6.178571429,5.986842057,5.984709842
16/11/18 0:00,2.571428571,2.571428571,2.763157943,2.765290158,6.228571429,6.228571429,6.036842057,6.034709842
20/11/18 0:00,2.571428571,2.571428571,2.763157943,2.765290158,6.248571429,6.248571429,6.056842057,6.054709842
21/11/18 0:00,2.571428571,2.571428571,2.763157943,2.765290158,6.258571429,6.258571429,6.066842057,6.064709842
22/11/18 0:00,2.571428571,2.571428571,2.763157943,2.765290158,6.218571429,6.218571429,6.026842057,6.024709842
23/11/18 0:00,2.571428571,2.571428571,2.763157943,2.765290158,6.328571429,6.328571429,6.136842057,6.134709842
26/11/18 0:00,2.571428571,2.571428571,2.763157943,2.765290158,6.388571429,6.388571429,6.196842057,6.194709842
27/11/18 0:00,2.571428571,2.571428571,2.763157943,2.765290158,6.438571429,6.438571429,6.246842057,6.244709842
28/11/18 0:00,2.571428571,2.571428571,2.763157943,2.765290158,6.398571429,6.398571429,6.206842057,6.204709842
29/11/18 0:00,2.571428571,2.571428571,2.763157943,2.765290158,6.278571429,6.278571429,6.086842057,6.084709842
30/11/18 0:00,2.571428571,2.571428571,2.763157943,2.765290158,6.418571429,6.418571429,6.226842057,6.224709842
03/12/18 0:00,2.571428571,2.571428571,2.763157943,2.765290158,6.308571429,6.308571429,6.116842057,6.114709842
04/12/18 0:00,2.571428571,2.571428571,2.763157943,2.765290158,6.378571429,6.378571429,6.186842057,6.184709842
05/12/18 0:00,2.571428571,2.571428571,2.763157943,2.765290158,6.368571429,6.368571429,6.176842057,6.174709842
06/12/18 0:00,2.571428571,2.571428571,2.763157943,2.765290158,6.388571429,6.388571429,6.196842057,6.194709842
07/12/18 0:00,2.571428571,2.571428571,2.763157943,2.765290158,6.338571429,6.338571429,6.146842057,6.144709842
10/12/18 0:00,2.571428571,2.571428571,2.763157943,2.765290158,6.388571429,6.388571429,6.196842057,6.194709842
11/12/18 0:00,2.571428571,2.571428571,2.763157943,2.765290158,6.338571429,6.338571429,6.146842057,6.144709842
13/12/18 0:00,2.571428571,2.571428571,2.763157943,2.765290158,6.248571429,6.248571429,6.056842057,6.054709842
14/12/18 0:00,2.571428571,2.571428571,2.763157943,2.765290158,6.258571429,6.258571429,6.066842057,6.064709842
17/12/18 0:00,2.571428571,2.571428571,2.763157943,2.765290158,6.178571429,6.178571429,5.986842057,5.984709842
18/12/18 0:00,2.571428571,2.571428571,2.763157943,2.765290158,6.058571429,6.058571429,5.866842057,5.864709842
19/12/18 0:00,2.571428571,2.571428571,2.763157943,2.765290158,6.008571429,6.008571429,5.816842057,5.814709842
20/12/18 0:00,2.571428571,2.571428571,2.763157943,2.765290158,5.988571429,5.988571429,5.796842057,5.794709842
21/12/18 0:00,2.571428571,2.571428571,2.763157943,2.765290158,6.188571429,6.188571429,5.996842057,5.994709842
24/12/18 0:00,2.571428571,2.571428571,2.763157943,2.765290158,6.208571429,6.208571429,6.016842057,6.014709842
26/12/18 0:00,2.571428571,2.571428571,2.763157943,2.765290158,6.158571429,6.158571429,5.966842057,5.964709842
27/12/18 0:00,2.571428571,2.571428571,2.763157943,2.765290158,6.188571429,6.188571429,5.996842057,5.994709842
28/12/18 0:00,2.571428571,2.571428571,2.763157943,2.765290158,6.068571429,6.068571429,5.876842057,5.874709842
31/12/18 0:00,2.571428571,2.571428571,2.763157943,2.765290158,5.938571429,5.938571429,5.746842057,5.744709842
02/01/19 0:00,2.571428571,2.571428571,2.763157943,2.765290158,5.938571429,5.938571429,5.746842057,5.744709842
03/01/19 0:00,2.571428571,2.571428571,2.763157943,2.765290158,5.888571429,5.888571429,5.696842057,5.694709842
04/01/19 0:00,2.571428571,2.571428571,2.763157943,2.765290158,5.768571429,5.768571429,5.576842057,5.574709842
07/01/19 0:00,2.571428571,2.571428571,2.763157943,2.765290158,5.888571429,5.888571429,5.696842057,5.694709842
08/01/19 0:00,2.571428571,2.571428571,2.763157943,2.765290158,5.928571429,5.928571429,5.736842057,5.734709842
09/01/19 0:00,2.571428571,2.571428571,2.763157943,2.765290158,5.938571429,5.938571429,5.746842057,5.744709842
10/01/19 0:00,2.571428571,2.571428571,2.763157943,2.765290158,5.918571429,5.918571429,5.726842057,5.724709842
11/01/19 0:00,2.571428571,2.571428571,2.763157943,2.765290158,5.878571429,5.878571429,5.686842057,5.684709842
14/01/19 0:00,2.571428571,2.571428571,2.763157943,2.765290158,5.838571429,5.838571429,5.646842057,5.644709842
15/01/19 0:00,2.571428571,2.571428571,2.763157943,2.765290158,5.858571429,5.858571429,5.666842057,5.664709842
16/01/19 0:00,2.571428571,2.571428571,2.763157943,2.765290158,5.858571429,5.858571429,5.666842057,5.664709842
17/01/19 0:00,2.571428571,2.571428571,2.763157943,2.765290158,5.908571429,5.908571429,5.716842057,5.714709842
18/01/19 0:00,2.571428571,2.571428571,2.763157943,2.765290158,5.888571429,5.888571429,5.696842057,5.694709842
21/01/19 0:00,2.571428571,2.571428571,2.763157943,2.765290158,5.918571429,5.918571429,5.726842057,5.724709842
22/01/19 0:00,2.571428571,2.571428571,2.763157943,2.765290158,5.898571429,5.898571429,5.706842057,5.704709842
23/01/19 0:00,2.571428571,2.571428571,2.763157943,2.765290158,5.828571429,5.828571429,5.636842057,5.634709842
24/01/19 0:00,2.571428571,2.571428571,2.763157943,2.765290158,5.698571429,5.698571429,5.506842057,5.504709842
25/01/19 0:00,2.571428571,2.571428571,2.763157943,2.765290158,5.628571429,5.628571429,5.436842057,5.434709842
28/01/19 0:00,2.571428571,2.571428571,2.763157943,2.765290158,5.648571429,5.648571429,5.456842057,5.454709842
29/01/19 0:00,2.571428571,2.571428571,2.763157943,2.765290158,5.588571429,5.588571429,5.396842057,5.394709842
30/01/19 0:00,2.571428571,2.571428571,2.763157943,2.765290158,5.658571429,5.658571429,5.466842057,5.464709842
31/01/19 0:00,2.571428571,2.571428571,2.763157943,2.765290158,5.638571429,5.638571429,5.446842057,5.444709842
01/02/19 0:00,2.571428571,2.571428571,2.763157943,2.765290158,5.648571429,5.648571429,5.456842057,5.454709842
05/02/19 0:00,2.571428571,2.571428571,2.763157943,2.765290158,5.608571429,5.608571429,5.416842057,5.414709842
06/02/19 0:00,2.571428571,2.571428571,2.763157943,2.765290158,5.578571429,5.578571429,5.386842057,5.384709842
07/02/19 0:00,2.571428571,2.571428571,2.763157943,2.765290158,5.588571429,5.588571429,5.396842057,5.394709842
08/02/19 0:00,2.571428571,2.571428571,2.763157943,2.765290158,5.508571429,5.508571429,5.316842057,5.314709842
11/02/19 0:00,2.571428571,2.571428571,2.763157943,2.765290158,5.648571429,5.648571429,5.456842057,5.454709842
12/02/19 0:00,2.571428571,2.571428571,2.763157943,2.765290158,5.608571429,5.608571429,5.416842057,5.414709842
13/02/19 0:00,2.571428571,2.571428571,2.763157943,2.765290158,5.698571429,5.698571429,5.506842057,5.504709842
14/02/19 0:00,2.571428571,2.571428571,2.763157943,2.765290158,5.628571429,5.628571429,5.436842057,5.434709842
15/02/19 0:00,2.571428571,2.571428571,2.763157943,2.765290158,5.568571429,5.568571429,5.376842057,5.374709842
18/02/19 0:00,2.571428571,2.571428571,2.763157943,2.765290158,5.568571429,5.568571429,5.376842057,5.374709842
19/02/19 0:00,2.571428571,2.571428571,2.763157943,2.765290158,5.538571429,5.538571429,5.346842057,5.344709842
20/02/19 0:00,2.571428571,2.571428571,2.763157943,2.765290158,5.538571429,5.538571429,5.346842057,5.344709842
21/02/19 0:00,2.571428571,2.571428571,2.763157943,2.765290158,5.528571429,5.528571429,5.336842057,5.334709842
22/02/19 0:00,2.571428571,2.571428571,2.763157943,2.765290158,5.488571429,5.488571429,5.296842057,5.294709842
25/02/19 0:00,2.571428571,2.571428571,2.763157943,2.765290158,5.448571429,5.448571429,5.256842057,5.254709842
26/02/19 0:00,2.571428571,2.571428571,2.763157943,2.765290158,5.418571429,5.418571429,5.226842057,5.224709842
27/02/19 0:00,2.571428571,2.571428571,2.763157943,2.765290158,5.428571429,5.428571429,5.236842057,5.234709842
28/02/19 0:00,2.571428571,2.571428571,2.763157943,2.765290158,5.422571429,5.422571429,5.230842057,5.228709842
01/03/19 0:00,2.571428571,2.571428571,2.763157943,2.765290158,5.408571429,5.408571429,5.216842057,5.214709842
04/03/19 0:00,2.571428571,2.571428571,2.763157943,2.765290158,5.458571429,5.458571429,5.266842057,5.264709842
05/03/19 0:00,2.571428571,2.571428571,2.763157943,2.765290158,5.418571429,5.418571429,5.226842057,5.224709842
06/03/19 0:00,2.571428571,2.571428571,2.763157943,2.765290158,5.374571429,5.374571429,5.182842057,5.180709842
07/03/19 0:00,2.571428571,2.571428571,2.763157943,2.765290158,5.398571429,5.398571429,5.206842057,5.204709842
08/03/19 0:00,2.571428571,2.571428571,2.763157943,2.765290158,5.398571429,5.398571429,5.206842057,5.204709842
11/03/19 0:00,2.571428571,2.571428571,2.763157943,2.765290158,5.342571429,5.342571429,5.150842057,5.148709842
12/03/19 0:00,2.571428571,2.571428571,2.763157943,2.765290158,5.324571429,5.324571429,5.132842057,5.130709842
13/03/19 0:00,2.571428571,2.571428571,2.763157943,2.765290158,5.366571429,5.366571429,5.174842057,5.172709842
14/03/19 0:00,2.571428571,2.571428571,2.763157943,2.765290158,5.368571429,5.368571429,5.176842057,5.174709842
15/03/19 0:00,2.571428571,2.571428571,2.763157943,2.765290158,5.348571429,5.348571429,5.156842057,5.154709842
19/03/19 0:00,2.571428571,2.571428571,2.763157943,2.765290158,5.358571429,5.358571429,5.166842057,5.164709842
20/03/19 0:00,2.571428571,2.571428571,2.763157943,2.765290158,5.262571429,5.262571429,5.070842057,5.068709842
21/03/19 0:00,2.571428571,2.571428571,2.763157943,2.765290158,5.238571429,5.238571429,5.046842057,5.044709842
22/03/19 0:00,2.571428571,2.571428571,2.763157943,2.765290158,5.168571429,5.168571429,4.976842057,4.974709842
25/03/19 0:00,2.571428571,2.571428571,2.763157943,2.765290158,5.098571429,5.098571429,4.906842057,4.904709842
26/03/19 0:00,2.571428571,2.571428571,2.763157943,2.765290158,5.158571429,5.158571429,4.966842057,4.964709842
27/03/19 0:00,2.571428571,2.571428571,2.763157943,2.765290158,5.188571429,5.188571429,4.996842057,4.994709842
28/03/19 0:00,2.571428571,2.571428571,2.763157943,2.765290158,5.208571429,5.208571429,5.016842057,5.014709842
29/03/19 0:00,2.571428571,2.571428571,2.763157943,2.765290158,5.238571429,5.238571429,5.046842057,5.044709842
01/04/19 0:00,2.571428571,2.571428571,2.763157943,2.765290158,5.268571429,5.268571429,5.076842057,5.074709842
02/04/19 0:00,2.571428571,2.571428571,2.763157943,2.765290158,5.268571429,5.268571429,5.076842057,5.074709842
03/04/19 0:00,2.571428571,2.571428571,2.763157943,2.765290158,5.298571429,5.298571429,5.106842057,5.104709842
04/04/19 0:00,2.571428571,2.571428571,2.763157943,2.765290158,5.278571429,5.278571429,5.086842057,5.084709842
05/04/19 0:00,2.571428571,2.571428571,2.763157943,2.765290158,5.218571429,5.218571429,5.026842057,5.024709842
08/04/19 0:00,2.571428571,2.571428571,2.763157943,2.765290158,5.228571429,5.228571429,5.036842057,5.034709842
09/04/19 0:00,2.571428571,2.571428571,2.763157943,2.765290158,5.268571429,5.268571429,5.076842057,5.074709842
10/04/19 0:00,2.571428571,2.571428571,2.763157943,2.765290158,5.248571429,5.248571429,5.056842057,5.054709842
11/04/19 0:00,2.571428571,2.571428571,2.763157943,2.765290158,5.218571429,5.218571429,5.026842057,5.024709842
12/04/19 0:00,2.571428571,2.571428571,2.763157943,2.765290158,5.178571429,5.178571429,4.986842057,4.984709842
15/04/19 0:00,2.571428571,2.571428571,2.763157943,2.765290158,5.268571429,5.268571429,5.076842057,5.074709842
16/04/19 0:00,2.571428571,2.571428571,2.763157943,2.765290158,5.298571429,5.298571429,5.106842057,5.104709842
17/04/19 0:00,2.571428571,2.571428571,2.763157943,2.765290158,5.288571429,5.288571429,5.096842057,5.094709842
22/04/19 0:00,2.571428571,2.571428571,2.763157943,2.765290158,5.298571429,5.298571429,5.106842057,5.104709842
23/04/19 0:00,2.571428571,2.571428571,2.763157943,2.765290158,5.308571429,5.308571429,5.116842057,5.114709842
24/04/19 0:00,2.571428571,2.571428571,2.763157943,2.765290158,5.348571429,5.348571429,5.156842057,5.154709842
25/04/19 0:00,2.571428571,2.571428571,2.763157943,2.765290158,5.378571429,5.378571429,5.186842057,5.184709842
26/04/19 0:00,2.571428571,2.571428571,2.763157943,2.765290158,5.318571429,5.318571429,5.126842057,5.124709842
29/04/19 0:00,2.571428571,2.571428571,2.763157943,2.765290158,5.348571429,5.348571429,5.156842057,5.154709842
30/04/19 0:00,2.571428571,2.571428571,2.763157943,2.765290158,5.348571429,5.348571429,5.156842057,5.154709842
02/05/19 0:00,2.571428571,2.571428571,2.763157943,2.765290158,5.368571429,5.368571429,5.176842057,5.174709842
03/05/19 0:00,2.571428571,2.571428571,2.763157943,2.765290158,5.338571429,5.338571429,5.146842057,5.144709842
06/05/19 0:00,2.571428571,2.571428571,2.763157943,2.765290158,5.348571429,5.348571429,5.156842057,5.154709842
07/05/19 0:00,2.571428571,2.571428571,2.763157943,2.765290158,5.378571429,5.378571429,5.186842057,5.184709842
08/05/19 0:00,2.571428571,2.571428571,2.763157943,2.765290158,5.376571429,5.376571429,5.184842057,5.182709842
09/05/19 0:00,2.571428571,2.571428571,2.763157943,2.765290158,5.328571429,5.328571429,5.136842057,5.134709842
10/05/19 0:00,2.571428571,2.571428571,2.763157943,2.765290158,5.322571429,5.322571429,5.130842057,5.128709842
13/05/19 0:00,2.571428571,2.571428571,2.763157943,2.765290158,5.328571429,5.328571429,5.136842057,5.134709842
14/05/19 0:00,2.571428571,2.571428571,2.763157943,2.765290158,5.298571429,5.298571429,5.106842057,5.104709842
15/05/19 0:00,2.571428571,2.571428571,2.763157943,2.765290158,5.278571429,5.278571429,5.086842057,5.084709842
16/05/19 0:00,2.571428571,2.571428571,2.763157943,2.765290158,5.308571429,5.308571429,5.116842057,5.114709842
17/05/19 0:00,2.571428571,2.571428571,2.763157943,2.765290158,5.318571429,5.318571429,5.126842057,5.124709842
20/05/19 0:00,2.571428571,2.571428571,2.763157943,2.765290158,5.338571429,5.338571429,5.146842057,5.144709842
21/05/19 0:00,2.571428571,2.571428571,2.763157943,2.765290158,5.348571429,5.348571429,5.156842057,5.154709842
22/05/19 0:00,2.571428571,2.571428571,2.763157943,2.765290158,5.328571429,5.328571429,5.136842057,5.134709842
23/05/19 0:00,2.571428571,2.571428571,2.763157943,2.765290158,5.308571429,5.308571429,5.116842057,5.114709842
24/05/19 0:00,2.571428571,2.571428571,2.763157943,2.765290158,5.308571429,5.308571429,5.116842057,5.114709842
27/05/19 0:00,2.571428571,2.571428571,2.763157943,2.765290158,5.268571429,5.268571429,5.076842057,5.074709842
28/05/19 0:00,2.571428571,2.571428571,2.763157943,2.765290158,5.188571429,5.188571429,4.996842057,4.994709842
29/05/19 0:00,2.571428571,2.571428571,2.763157943,2.765290158,5.168571429,5.168571429,4.976842057,4.974709842
30/05/19 0:00,2.571428571,2.571428571,2.763157943,2.765290158,5.198571429,5.198571429,5.006842057,5.004709842
31/05/19 0:00,2.571428571,2.571428571,2.763157943,2.765290158,5.298571429,5.298571429,5.106842057,5.104709842
03/06/19 0:00,2.571428571,2.571428571,2.763157943,2.765290158,5.308571429,5.308571429,5.116842057,5.114709842
04/06/19 0:00,2.571428571,2.571428571,2.763157943,2.765290158,5.268571429,5.268571429,5.076842057,5.074709842
05/06/19 0:00,2.571428571,2.571428571,2.763157943,2.765290158,5.248571429,5.248571429,5.056842057,5.054709842
06/06/19 0:00,2.571428571,2.571428571,2.763157943,2.765290158,5.298571429,5.298571429,5.106842057,5.104709842
07/06/19 0:00,2.571428571,2.571428571,2.763157943,2.765290158,5.218571429,5.218571429,5.026842057,5.024709842
10/06/19 0:00,2.571428571,2.571428571,2.763157943,2.765290158,5.048571429,5.048571429,4.856842057,4.854709842
11/06/19 0:00,2.571428571,2.571428571,2.763157943,2.765290158,4.988571429,4.988571429,4.796842057,4.794709842
12/06/19 0:00,2.571428571,2.571428571,2.763157943,2.765290158,5.008571429,5.008571429,4.816842057,4.814709842
13/06/19 0:00,2.571428571,2.571428571,2.763157943,2.765290158,5.018571429,5.018571429,4.826842057,4.824709842
14/06/19 0:00,2.571428571,2.571428571,2.763157943,2.765290158,4.978571429,4.978571429,4.786842057,4.784709842
17/06/19 0:00,2.571428571,2.571428571,2.763157943,2.765290158,5.048571429,5.048571429,4.856842057,4.854709842
18/06/19 0:00,2.571428571,2.571428571,2.763157943,2.765290158,4.998571429,4.998571429,4.806842057,4.804709842
19/06/19 0:00,2.571428571,2.571428571,2.763157943,2.765290158,4.938571429,4.938571429,4.746842057,4.744709842
20/06/19 0:00,2.571428571,2.571428571,2.763157943,2.765290158,4.868571429,4.868571429,4.676842057,4.674709842
21/06/19 0:00,2.571428571,2.571428571,2.763157943,2.765290158,4.958571429,4.958571429,4.766842057,4.764709842
24/06/19 0:00,2.571428571,2.571428571,2.763157943,2.765290158,4.928571429,4.928571429,4.736842057,4.734709842
25/06/19 0:00,2.571428571,2.571428571,2.763157943,2.765290158,4.938571429,4.938571429,4.746842057,4.744709842
26/06/19 0:00,2.571428571,2.571428571,2.763157943,2.765290158,4.968571429,4.968571429,4.776842057,4.774709842
27/06/19 0:00,2.571428571,2.571428571,2.763157943,2.765290158,4.858571429,4.858571429,4.666842057,4.664709842
28/06/19 0:00,2.571428571,2.571428571,2.763157943,2.765290158,4.768571429,4.768571429,4.576842057,4.574709842
01/07/19 0:00,2.571428571,2.571428571,2.763157943,2.765290158,4.708571429,4.708571429,4.516842057,4.514709842
02/07/19 0:00,2.571428571,2.571428571,2.763157943,2.765290158,4.668571429,4.668571429,4.476842057,4.474709842
03/07/19 0:00,2.571428571,2.571428571,2.763157943,2.765290158,4.638571429,4.638571429,4.446842057,4.444709842
04/07/19 0:00,2.571428571,2.571428571,2.763157943,2.765290158,4.638571429,4.638571429,4.446842057,4.444709842
05/07/19 0:00,2.571428571,2.571428571,2.763157943,2.765290158,4.698571429,4.698571429,4.506842057,4.504709842
08/07/19 0:00,2.571428571,2.571428571,2.763157943,2.765290158,4.698571429,4.698571429,4.506842057,4.504709842
09/07/19 0:00,2.571428571,2.571428571,2.763157943,2.765290158,4.858571429,4.858571429,4.666842057,4.664709842
10/07/19 0:00,2.571428571,2.571428571,2.763157943,2.765290158,4.888571429,4.888571429,4.696842057,4.694709842
11/07/19 0:00,2.571428571,2.571428571,2.763157943,2.765290158,4.888571429,4.888571429,4.696842057,4.694709842
12/07/19 0:00,2.571428571,2.571428571,2.763157943,2.765290158,4.818571429,4.818571429,4.626842057,4.624709842
15/07/19 0:00,2.571428571,2.571428571,2.763157943,2.765290158,4.788571429,4.788571429,4.596842057,4.594709842
16/07/19 0:00,2.571428571,2.571428571,2.763157943,2.765290158,4.848571429,4.848571429,4.656842057,4.654709842
17/07/19 0:00,2.571428571,2.571428571,2.763157943,2.765290158,4.908571429,4.908571429,4.716842057,4.714709842
18/07/19 0:00,2.571428571,2.571428571,2.763157943,2.765290158,4.758571429,4.758571429,4.566842057,4.564709842
19/07/19 0:00,2.571428571,2.571428571,2.763157943,2.765290158,4.718571429,4.718571429,4.526842057,4.524709842
22/07/19 0:00,2.571428571,2.571428571,2.763157943,2.765290158,4.728571429,4.728571429,4.536842057,4.534709842
23/07/19 0:00,2.571428571,2.571428571,2.763157943,2.765290158,4.728571429,4.728571429,4.536842057,4.534709842
24/07/19 0:00,2.571428571,2.571428571,2.763157943,2.765290158,4.678571429,4.678571429,4.486842057,4.484709842
25/07/19 0:00,2.571428571,2.571428571,2.763157943,2.765290158,4.678571429,4.678571429,4.486842057,4.484709842
26/07/19 0:00,2.571428571,2.571428571,2.763157943,2.765290158,4.758571429,4.758571429,4.566842057,4.564709842
29/07/19 0:00,2.571428571,2.571428571,2.763157943,2.765290158,4.718571429,4.718571429,4.526842057,4.524709842
30/07/19 0:00,2.571428571,2.571428571,2.763157943,2.765290158,4.738571429,4.738571429,4.546842057,4.544709842
31/07/19 0:00,2.571428571,2.571428571,2.763157943,2.765290158,4.678571429,4.678571429,4.486842057,4.484709842
01/08/19 0:00,2.571428571,2.571428571,2.763157943,2.765290158,4.718571429,4.718571429,4.526842057,4.524709842
02/08/19 0:00,2.571428571,2.571428571,2.763157943,2.765290158,4.698571429,4.698571429,4.506842057,4.504709842
05/08/19 0:00,2.571428571,2.571428571,2.763157943,2.765290158,4.718571429,4.718571429,4.526842057,4.524709842
06/08/19 0:00,2.571428571,2.571428571,2.763157943,2.765290158,4.748571429,4.748571429,4.556842057,4.554709842
07/08/19 0:00,2.571428571,2.571428571,2.763157943,2.765290158,4.638571429,4.638571429,4.446842057,4.444709842
08/08/19 0:00,2.571428571,2.571428571,2.763157943,2.765290158,4.608571429,4.608571429,4.416842057,4.414709842
09/08/19 0:00,2.571428571,2.571428571,2.763157943,2.765290158,4.518571429,4.518571429,4.326842057,4.324709842
12/08/19 0:00,2.571428571,2.571428571,2.763157943,2.765290158,4.528571429,4.528571429,4.336842057,4.334709842
13/08/19 0:00,2.571428571,2.571428571,2.763157943,2.765290158,4.538571429,4.538571429,4.346842057,4.344709842
14/08/19 0:00,2.571428571,2.571428571,2.763157943,2.765290158,4.558571429,4.558571429,4.366842057,4.364709842
15/08/19 0:00,2.571428571,2.571428571,2.763157943,2.765290158,4.378571429,4.378571429,4.186842057,4.184709842
16/08/19 0:00,2.571428571,2.571428571,2.763157943,2.765290158,4.268571429,4.268571429,4.076842057,4.074709842
19/08/19 0:00,2.571428571,2.571428571,2.763157943,2.765290158,4.368571429,4.368571429,4.176842057,4.174709842
20/08/19 0:00,2.571428571,2.571428571,2.763157943,2.765290158,4.408571429,4.408571429,4.216842057,4.214709842
21/08/19 0:00,2.571428571,2.571428571,2.763157943,2.765290158,4.358571429,4.358571429,4.166842057,4.164709842
22/08/19 0:00,2.571428571,2.571428571,2.763157943,2.765290158,4.308571429,4.308571429,4.116842057,4.114709842
23/08/19 0:00,2.571428571,2.571428571,2.763157943,2.765290158,4.268571429,4.268571429,4.076842057,4.074709842
26/08/19 0:00,2.571428571,2.571428571,2.763157943,2.765290158,4.318571429,4.318571429,4.126842057,4.124709842
27/08/19 0:00,2.571428571,2.571428571,2.763157943,2.765290158,4.368571429,4.368571429,4.176842057,4.174709842
28/08/19 0:00,2.571428571,2.571428571,2.763157943,2.765290158,4.328571429,4.328571429,4.136842057,4.134709842
29/08/19 0:00,2.571428571,2.571428571,2.763157943,2.765290158,4.338571429,4.338571429,4.146842057,4.144709842
30/08/19 0:00,2.571428571,2.571428571,2.763157943,2.765290158,4.278571429,4.278571429,4.086842057,4.084709842
02/09/19 0:00,2.571428571,2.571428571,2.763157943,2.765290158,4.278571429,4.278571429,4.086842057,4.084709842
03/09/19 0:00,2.571428571,2.571428571,2.763157943,2.765290158,4.258571429,4.258571429,4.066842057,4.064709842
04/09/19 0:00,2.571428571,2.571428571,2.763157943,2.765290158,4.278571429,4.278571429,4.086842057,4.084709842
05/09/19 0:00,2.571428571,2.571428571,2.763157943,2.765290158,4.318571429,4.318571429,4.126842057,4.124709842
06/09/19 0:00,2.571428571,2.571428571,2.763157943,2.765290158,4.258571429,4.258571429,4.066842057,4.064709842
09/09/19 0:00,2.571428571,2.571428571,2.763157943,2.765290158,4.288571429,4.288571429,4.096842057,4.094709842
10/09/19 0:00,2.571428571,2.571428571,2.763157943,2.765290158,4.388571429,4.388571429,4.196842057,4.194709842
11/09/19 0:00,2.571428571,2.571428571,2.763157943,2.765290158,4.438571429,4.438571429,4.246842057,4.244709842
12/09/19 0:00,2.571428571,2.571428571,2.763157943,2.765290158,4.398571429,4.398571429,4.206842057,4.204709842
13/09/19 0:00,2.571428571,2.571428571,2.763157943,2.765290158,4.468571429,4.468571429,4.276842057,4.274709842
17/09/19 0:00,2.571428571,2.571428571,2.763157943,2.765290158,4.418571429,4.418571429,4.226842057,4.224709842
18/09/19 0:00,2.571428571,2.571428571,2.763157943,2.765290158,4.358571429,4.358571429,4.166842057,4.164709842
19/09/19 0:00,2.571428571,2.571428571,2.763157943,2.765290158,4.218571429,4.218571429,4.026842057,4.024709842
20/09/19 0:00,2.571428571,2.571428571,2.763157943,2.765290158,4.158571429,4.158571429,3.966842057,3.964709842
23/09/19 0:00,2.571428571,2.571428571,2.763157943,2.765290158,4.098571429,4.098571429,3.906842057,3.904709842
24/09/19 0:00,2.571428571,2.571428571,2.763157943,2.765290158,4.108571429,4.108571429,3.916842057,3.914709842
25/09/19 0:00,2.571428571,2.571428571,2.763157943,2.765290158,4.108571429,4.108571429,3.916842057,3.914709842
26/09/19 0:00,2.571428571,2.571428571,2.763157943,2.765290158,4.058571429,4.058571429,3.866842057,3.864709842
27/09/19 0:00,2.571428571,2.571428571,2.763157943,2.765290158,4.108571429,4.108571429,3.916842057,3.914709842
30/09/19 0:00,2.571428571,2.571428571,2.763157943,2.765290158,4.118571429,4.118571429,3.926842057,3.924709842
01/10/19 0:00,2.571428571,2.571428571,2.763157943,2.765290158,4.158571429,4.158571429,3.966842057,3.964709842
02/10/19 0:00,2.571428571,2.571428571,2.763157943,2.765290158,4.108571429,4.108571429,3.916842057,3.914709842
03/10/19 0:00,2.571428571,2.571428571,2.763157943,2.765290158,3.998571429,3.998571429,3.806842057,3.804709842
04/10/19 0:00,2.571428571,2.571428571,2.763157943,2.765290158,4.048571429,4.048571429,3.856842057,3.854709842
07/10/19 0:00,2.571428571,2.571428571,2.763157943,2.765290158,4.078571429,4.078571429,3.886842057,3.884709842
08/10/19 0:00,2.571428571,2.571428571,2.763157943,2.765290158,4.058571429,4.058571429,3.866842057,3.864709842
09/10/19 0:00,2.571428571,2.571428571,2.763157943,2.765290158,4.038571429,4.038571429,3.846842057,3.844709842
10/10/19 0:00,2.571428571,2.571428571,2.763157943,2.765290158,4.078571429,4.078571429,3.886842057,3.884709842
11/10/19 0:00,2.571428571,2.571428571,2.763157943,2.765290158,4.078571429,4.078571429,3.886842057,3.884709842
14/10/19 0:00,2.571428571,2.571428571,2.763157943,2.765290158,4.048571429,4.048571429,3.856842057,3.854709842
15/10/19 0:00,2.571428571,2.571428571,2.763157943,2.765290158,4.108571429,4.108571429,3.916842057,3.914709842
16/10/19 0:00,2.571428571,2.571428571,2.763157943,2.765290158,4.138571429,4.138571429,3.946842057,3.944709842
17/10/19 0:00,2.571428571,2.571428571,2.763157943,2.765290158,4.158571429,4.158571429,3.966842057,3.964709842
18/10/19 0:00,2.571428571,2.571428571,2.763157943,2.765290158,4.118571429,4.118571429,3.926842057,3.924709842
21/10/19 0:00,2.571428571,2.571428571,2.763157943,2.765290158,4.128571429,4.128571429,3.936842057,3.934709842
22/10/19 0:00,2.571428571,2.571428571,2.763157943,2.765290158,4.158571429,4.158571429,3.966842057,3.964709842
23/10/19 0:00,2.571428571,2.571428571,2.763157943,2.765290158,4.118571429,4.118571429,3.926842057,3.924709842
24/10/19 0:00,2.571428571,2.571428571,2.763157943,2.765290158,4.048571429,4.048571429,3.856842057,3.854709842
25/10/19 0:00,2.571428571,2.571428571,2.763157943,2.765290158,4.078571429,4.078571429,3.886842057,3.884709842
28/10/19 0:00,2.571428571,2.571428571,2.763157943,2.765290158,4.118571429,4.118571429,3.926842057,3.924709842
29/10/19 0:00,2.571428571,2.571428571,2.763157943,2.765290158,4.088571429,4.088571429,3.896842057,3.894709842
30/10/19 0:00,2.571428571,2.571428571,2.763157943,2.765290158,4.018571429,4.018571429,3.826842057,3.824709842
31/10/19 0:00,2.571428571,2.571428571,2.763157943,2.765290158,3.988571429,3.988571429,3.796842057,3.794709842
01/11/19 0:00,2.571428571,2.571428571,2.763157943,2.765290158,4.028571429,4.028571429,3.836842057,3.834709842
04/11/19 0:00,2.571428571,2.571428571,2.763157943,2.765290158,4.058571429,4.058571429,3.866842057,3.864709842
05/11/19 0:00,2.571428571,2.571428571,2.763157943,2.765290158,4.078571429,4.078571429,3.886842057,3.884709842
06/11/19 0:00,2.571428571,2.571428571,2.763157943,2.765290158,4.038571429,4.038571429,3.846842057,3.844709842
07/11/19 0:00,2.571428571,2.571428571,2.763157943,2.765290158,4.078571429,4.078571429,3.886842057,3.884709842
08/11/19 0:00,2.571428571,2.571428571,2.763157943,2.765290158,4.118571429,4.118571429,3.926842057,3.924709842
11/11/19 0:00,2.571428571,2.571428571,2.763157943,2.765290158,4.108571429,4.108571429,3.916842057,3.914709842
12/11/19 0:00,2.571428571,2.571428571,2.763157943,2.765290158,4.168571429,4.168571429,3.976842057,3.974709842
13/11/19 0:00,2.571428571,2.571428571,2.763157943,2.765290158,4.208571429,4.208571429,4.016842057,4.014709842
14/11/19 0:00,2.571428571,2.571428571,2.763157943,2.765290158,4.158571429,4.158571429,3.966842057,3.964709842
15/11/19 0:00,2.571428571,2.571428571,2.763157943,2.765290158,4.118571429,4.118571429,3.926842057,3.924709842
19/11/19 0:00,2.571428571,2.571428571,2.763157943,2.765290158,4.198571429,4.198571429,4.006842057,4.004709842
20/11/19 0:00,2.571428571,2.571428571,2.763157943,2.765290158,4.288571429,4.288571429,4.096842057,4.094709842
21/11/19 0:00,2.571428571,2.571428571,2.763157943,2.765290158,4.268571429,4.268571429,4.076842057,4.074709842
22/11/19 0:00,2.571428571,2.571428571,2.763157943,2.765290158,4.258571429,4.258571429,4.066842057,4.064709842
25/11/19 0:00,2.571428571,2.571428571,2.763157943,2.765290158,4.308571429,4.308571429,4.116842057,4.114709842
26/11/19 0:00,2.571428571,2.571428571,2.763157943,2.765290158,4.408571429,4.408571429,4.216842057,4.214709842
27/11/19 0:00,2.571428571,2.571428571,2.763157943,2.765290158,4.368571429,4.368571429,4.176842057,4.174709842
28/11/19 0:00,2.571428571,2.571428571,2.763157943,2.765290158,4.378571429,4.378571429,4.186842057,4.184709842
29/11/19 0:00,2.571428571,2.571428571,2.763157943,2.765290158,4.378571429,4.378571429,4.186842057,4.184709842
02/12/19 0:00,2.571428571,2.571428571,2.763157943,2.765290158,4.398571429,4.398571429,4.206842057,4.204709842
03/12/19 0:00,2.571428571,2.571428571,2.763157943,2.765290158,4.378571429,4.378571429,4.186842057,4.184709842
04/12/19 0:00,2.571428571,2.571428571,2.763157943,2.765290158,4.348571429,4.348571429,4.156842057,4.154709842
05/12/19 0:00,2.571428571,2.571428571,2.763157943,2.765290158,4.318571429,4.318571429,4.126842057,4.124709842
06/12/19 0:00,2.571428571,2.571428571,2.763157943,2.765290158,4.258571429,4.258571429,4.066842057,4.064709842
09/12/19 0:00,2.571428571,2.571428571,2.763157943,2.765290158,4.178571429,4.178571429,3.986842057,3.984709842
10/12/19 0:00,2.571428571,2.571428571,2.763157943,2.765290158,4.178571429,4.178571429,3.986842057,3.984709842
11/12/19 0:00,2.571428571,2.571428571,2.763157943,2.765290158,4.138571429,4.138571429,3.946842057,3.944709842
13/12/19 0:00,2.571428571,2.571428571,2.763157943,2.765290158,4.078571429,4.078571429,3.886842057,3.884709842
16/12/19 0:00,2.571428571,2.571428571,2.763157943,2.765290158,4.048571429,4.048571429,3.856842057,3.854709842
17/12/19 0:00,2.571428571,2.571428571,2.763157943,2.765290158,4.038571429,4.038571429,3.846842057,3.844709842
18/12/19 0:00,2.571428571,2.571428571,2.763157943,2.765290158,4.078571429,4.078571429,3.886842057,3.884709842
19/12/19 0:00,2.571428571,2.571428571,2.763157943,2.765290158,4.068571429,4.068571429,3.876842057,3.874709842
20/12/19 0:00,2.571428571,2.571428571,2.763157943,2.765290158,4.228571429,4.228571429,4.036842057,4.034709842
23/12/19 0:00,2.571428571,2.571428571,2.763157943,2.765290158,4.198571429,4.198571429,4.006842057,4.004709842
24/12/19 0:00,2.571428571,2.571428571,2.763157943,2.765290158,4.198571429,4.198571429,4.006842057,4.004709842
26/12/19 0:00,2.571428571,2.571428571,2.763157943,2.765290158,4.178571429,4.178571429,3.986842057,3.984709842
27/12/19 0:00,2.571428571,2.571428571,2.763157943,2.765290158,4.148571429,4.148571429,3.956842057,3.954709842
30/12/19 0:00,2.571428571,2.571428571,2.763157943,2.765290158,4.148571429,4.148571429,3.956842057,3.954709842
31/12/19 0:00,2.571428571,2.571428571,2.763157943,2.765290158,4.168571429,4.168571429,3.976842057,3.974709842
02/01/20 0:00,2.571428571,2.571428571,2.763157943,2.765290158,4.138571429,4.138571429,3.946842057,3.944709842
03/01/20 0:00,2.571428571,2.571428571,2.763157943,2.765290158,4.098571429,4.098571429,3.906842057,3.904709842
06/01/20 0:00,2.571428571,2.571428571,2.763157943,2.765290158,4.118571429,4.118571429,3.926842057,3.924709842
07/01/20 0:00,2.571428571,2.571428571,2.763157943,2.765290158,4.178571429,4.178571429,3.986842057,3.984709842
08/01/20 0:00,2.571428571,2.571428571,2.763157943,2.765290158,4.178571429,4.178571429,3.986842057,3.984709842
09/01/20 0:00,2.571428571,2.571428571,2.763157943,2.765290158,4.208571429,4.208571429,4.016842057,4.014709842
10/01/20 0:00,2.571428571,2.571428571,2.763157943,2.765290158,4.158571429,4.158571429,3.966842057,3.964709842
13/01/20 0:00,2.571428571,2.571428571,2.763157943,2.765290158,4.168571429,4.168571429,3.976842057,3.974709842
14/01/20 0:00,2.571428571,2.571428571,2.763157943,2.765290158,4.168571429,4.168571429,3.976842057,3.974709842
15/01/20 0:00,2.571428571,2.571428571,2.763157943,2.765290158,4.148571429,4.148571429,3.956842057,3.954709842
16/01/20 0:00,3.642857143,3.642857143,3.761129456,3.782150158,3.087142857,3.087142857,2.968870544,2.947849842
17/01/20 0:00,3.642857143,3.642857143,3.761129456,3.782150158,3.087142857,3.087142857,2.968870544,2.947849842
20/01/20 0:00,3.642857143,3.642857143,3.761129456,3.782150158,3.087142857,3.087142857,2.968870544,2.947849842
21/01/20 0:00,3.642857143,3.642857143,3.761129456,3.782150158,3.117142857,3.117142857,2.998870544,2.977849842
22/01/20 0:00,3.642857143,3.642857143,3.761129456,3.782150158,3.107142857,3.107142857,2.988870544,2.967849842
23/01/20 0:00,3.642857143,3.642857143,3.761129456,3.782150158,3.077142857,3.077142857,2.958870544,2.937849842
24/01/20 0:00,3.642857143,3.642857143,3.761129456,3.782150158,3.027142857,3.027142857,2.908870544,2.887849842
27/01/20 0:00,3.642857143,3.642857143,3.761129456,3.782150158,2.997142857,2.997142857,2.878870544,2.857849842
28/01/20 0:00,3.642857143,3.642857143,3.761129456,3.782150158,2.967142857,2.967142857,2.848870544,2.827849842
29/01/20 0:00,3.642857143,3.642857143,3.761129456,3.782150158,2.887142857,2.887142857,2.768870544,2.747849842
30/01/20 0:00,3.642857143,3.642857143,3.761129456,3.782150158,2.897142857,2.897142857,2.778870544,2.757849842
31/01/20 0:00,3.642857143,3.642857143,3.761129456,3.782150158,2.877142857,2.877142857,2.758870544,2.737849842
04/02/20 0:00,3.642857143,3.642857143,3.761129456,3.782150158,2.907142857,2.907142857,2.788870544,2.767849842
05/02/20 0:00,3.642857143,3.642857143,3.761129456,3.782150158,2.907142857,2.907142857,2.788870544,2.767849842
06/02/20 0:00,3.642857143,3.642857143,3.761129456,3.782150158,2.877142857,2.877142857,2.758870544,2.737849842
07/02/20 0:00,3.642857143,3.642857143,3.761129456,3.782150158,2.857142857,2.857142857,2.738870544,2.717849842
10/02/20 0:00,3.642857143,3.642857143,3.761129456,3.782150158,2.817142857,2.817142857,2.698870544,2.677849842
11/02/20 0:00,3.642857143,3.642857143,3.761129456,3.782150158,2.807142857,2.807142857,2.688870544,2.667849842
12/02/20 0:00,3.642857143,3.642857143,3.761129456,3.782150158,2.827142857,2.827142857,2.708870544,2.687849842
13/02/20 0:00,3.642857143,3.642857143,3.761129456,3.782150158,2.847142857,2.847142857,2.728870544,2.707849842
14/02/20 0:00,3.642857143,3.642857143,3.761129456,3.782150158,2.827142857,2.827142857,2.708870544,2.687849842
17/02/20 0:00,3.642857143,3.642857143,3.761129456,3.782150158,2.837142857,2.837142857,2.718870544,2.697849842
18/02/20 0:00,3.642857143,3.642857143,3.761129456,3.782150158,2.817142857,2.817142857,2.698870544,2.677849842
19/02/20 0:00,3.642857143,3.642857143,3.761129456,3.782150158,2.777142857,2.777142857,2.658870544,2.637849842
20/02/20 0:00,3.642857143,3.642857143,3.761129456,3.782150158,2.787142857,2.787142857,2.668870544,2.647849842
21/02/20 0:00,3.642857143,3.642857143,3.761129456,3.782150158,2.777142857,2.777142857,2.658870544,2.637849842
24/02/20 0:00,3.642857143,3.642857143,3.761129456,3.782150158,2.727142857,2.727142857,2.608870544,2.587849842
25/02/20 0:00,3.642857143,3.642857143,3.761129456,3.782150158,2.707142857,2.707142857,2.588870544,2.567849842
26/02/20 0:00,3.642857143,3.642857143,3.761129456,3.782150158,2.727142857,2.727142857,2.608870544,2.587849842
27/02/20 0:00,3.642857143,3.642857143,3.761129456,3.782150158,2.867142857,2.867142857,2.748870544,2.727849842
28/02/20 0:00,3.642857143,3.642857143,3.761129456,3.782150158,2.957142857,2.957142857,2.838870544,2.817849842
02/03/20 0:00,3.642857143,3.642857143,3.761129456,3.782150158,2.707142857,2.707142857,2.588870544,2.567849842
03/03/20 0:00,3.642857143,3.642857143,3.761129456,3.782150158,2.537142857,2.537142857,2.418870544,2.397849842
04/03/20 0:00,3.642857143,3.642857143,3.761129456,3.782150158,2.437142857,2.437142857,2.318870544,2.297849842
05/03/20 0:00,3.642857143,3.642857143,3.761129456,3.782150158,2.507142857,2.507142857,2.388870544,2.367849842
06/03/20 0:00,3.642857143,3.642857143,3.761129456,3.782150158,2.517142857,2.517142857,2.398870544,2.377849842
09/03/20 0:00,3.642857143,3.642857143,3.761129456,3.782150158,2.777142857,2.777142857,2.658870544,2.637849842
10/03/20 0:00,3.642857143,3.642857143,3.761129456,3.782150158,2.957142857,2.957142857,2.838870544,2.817849842
11/03/20 0:00,3.642857143,3.642857143,3.761129456,3.782150158,3.297142857,3.297142857,3.178870544,3.157849842
12/03/20 0:00,3.642857143,3.642857143,3.761129456,3.782150158,3.727142857,3.727142857,3.608870544,3.587849842
13/03/20 0:00,3.642857143,3.642857143,3.761129456,3.782150158,3.597142857,3.597142857,3.478870544,3.457849842
17/03/20 0:00,3.642857143,3.642857143,3.761129456,3.782150158,3.847142857,3.847142857,3.728870544,3.707849842
18/03/20 0:00,3.642857143,3.642857143,3.761129456,3.782150158,4.177142857,4.177142857,4.058870544,4.037849842
19/03/20 0:00,3.642857143,3.642857143,3.761129456,3.782150158,3.847142857,3.847142857,3.728870544,3.707849842
20/03/20 0:00,3.642857143,3.642857143,3.761129456,3.782150158,3.097142857,3.097142857,2.978870544,2.957849842
23/03/20 0:00,3.642857143,3.642857143,3.761129456,3.782150158,3.227142857,3.227142857,3.108870544,3.087849842
24/03/20 0:00,3.642857143,3.642857143,3.761129456,3.782150158,3.457142857,3.457142857,3.338870544,3.317849842
25/03/20 0:00,3.642857143,3.642857143,3.761129456,3.782150158,3.377142857,3.377142857,3.258870544,3.237849842
26/03/20 0:00,3.642857143,3.642857143,3.761129456,3.782150158,3.077142857,3.077142857,2.958870544,2.937849842
27/03/20 0:00,3.642857143,3.642857143,3.761129456,3.782150158,2.787142857,2.787142857,2.668870544,2.647849842
30/03/20 0:00,3.642857143,3.642857143,3.761129456,3.782150158,2.917142857,2.917142857,2.798870544,2.777849842
31/03/20 0:00,3.642857143,3.642857143,3.761129456,3.782150158,2.637142857,2.637142857,2.518870544,2.497849842
01/04/20 0:00,3.642857143,3.642857143,3.761129456,3.782150158,2.617142857,2.617142857,2.498870544,2.477849842
02/04/20 0:00,3.642857143,3.642857143,3.761129456,3.782150158,2.647142857,2.647142857,2.528870544,2.507849842
03/04/20 0:00,3.642857143,3.642857143,3.761129456,3.782150158,2.607142857,2.607142857,2.488870544,2.467849842
06/04/20 0:00,3.642857143,3.642857143,3.761129456,3.782150158,2.607142857,2.607142857,2.488870544,2.467849842
07/04/20 0:00,3.642857143,3.642857143,3.761129456,3.782150158,2.507142857,2.507142857,2.388870544,2.367849842
08/04/20 0:00,3.642857143,3.642857143,3.761129456,3.782150158,2.487142857,2.487142857,2.368870544,2.347849842
13/04/20 0:00,3.642857143,3.642857143,3.761129456,3.782150158,2.497142857,2.497142857,2.378870544,2.357849842
14/04/20 0:00,3.642857143,3.642857143,3.761129456,3.782150158,2.357142857,2.357142857,2.238870544,2.217849842
15/04/20 0:00,3.642857143,3.642857143,3.761129456,3.782150158,2.357142857,2.357142857,2.238870544,2.217849842
16/04/20 0:00,3.642857143,3.642857143,3.761129456,3.782150158,2.257142857,2.257142857,2.138870544,2.117849842
17/04/20 0:00,3.642857143,3.642857143,3.761129456,3.782150158,2.297142857,2.297142857,2.178870544,2.157849842
20/04/20 0:00,3.642857143,3.642857143,3.761129456,3.782150158,2.317142857,2.317142857,2.198870544,2.177849842
21/04/20 0:00,3.642857143,3.642857143,3.761129456,3.782150158,2.107142857,2.107142857,1.988870544,1.967849842
22/04/20 0:00,3.642857143,3.642857143,3.761129456,3.782150158,1.877142857,1.877142857,1.758870544,1.737849842
23/04/20 0:00,3.642857143,3.642857143,3.761129456,3.782150158,1.817142857,1.817142857,1.698870544,1.677849842
24/04/20 0:00,3.642857143,3.642857143,3.761129456,3.782150158,1.907142857,1.907142857,1.788870544,1.767849842
27/04/20 0:00,3.642857143,3.642857143,3.761129456,3.782150158,1.947142857,1.947142857,1.828870544,1.807849842
28/04/20 0:00,3.642857143,3.642857143,3.761129456,3.782150158,1.927142857,1.927142857,1.808870544,1.787849842
29/04/20 0:00,3.642857143,3.642857143,3.761129456,3.782150158,1.827142857,1.827142857,1.708870544,1.687849842
30/04/20 0:00,3.642857143,3.642857143,3.761129456,3.782150158,1.707142857,1.707142857,1.588870544,1.567849842
04/05/20 0:00,3.642857143,3.642857143,3.761129456,3.782150158,1.677142857,1.677142857,1.558870544,1.537849842
05/05/20 0:00,3.642857143,3.642857143,3.761129456,3.782150158,1.637142857,1.637142857,1.518870544,1.497849842
06/05/20 0:00,3.642857143,3.642857143,3.761129456,3.782150158,1.657142857,1.657142857,1.538870544,1.517849842
07/05/20 0:00,3.642857143,3.642857143,3.761129456,3.782150158,1.377142857,1.377142857,1.258870544,1.237849842
08/05/20 0:00,3.642857143,3.642857143,3.761129456,3.782150158,1.297142857,1.297142857,1.178870544,1.157849842
11/05/20 0:00,3.642857143,3.642857143,3.761129456,3.782150158,1.387142857,1.387142857,1.268870544,1.247849842
12/05/20 0:00,3.642857143,3.642857143,3.761129456,3.782150158,1.397142857,1.397142857,1.278870544,1.257849842
13/05/20 0:00,3.642857143,3.642857143,3.761129456,3.782150158,1.437142857,1.437142857,1.318870544,1.297849842
14/05/20 0:00,3.642857143,3.642857143,3.761129456,3.782150158,1.377142857,1.377142857,1.258870544,1.237849842
15/05/20 0:00,3.642857143,3.642857143,3.761129456,3.782150158,1.477142857,1.477142857,1.358870544,1.337849842
18/05/20 0:00,3.642857143,3.642857143,3.761129456,3.782150158,1.457142857,1.457142857,1.338870544,1.317849842
19/05/20 0:00,3.642857143,3.642857143,3.761129456,3.782150158,1.497142857,1.497142857,1.378870544,1.357849842
20/05/20 0:00,3.642857143,3.642857143,3.761129456,3.782150158,1.577142857,1.577142857,1.458870544,1.437849842
21/05/20 0:00,3.642857143,3.642857143,3.761129456,3.782150158,1.647142857,1.647142857,1.528870544,1.507849842
22/05/20 0:00,3.642857143,3.642857143,3.761129456,3.782150158,1.727142857,1.727142857,1.608870544,1.587849842
25/05/20 0:00,3.642857143,3.642857143,3.761129456,3.782150158,1.707142857,1.707142857,1.588870544,1.567849842
26/05/20 0:00,3.642857143,3.642857143,3.761129456,3.782150158,1.627142857,1.627142857,1.508870544,1.487849842
27/05/20 0:00,3.642857143,3.642857143,3.761129456,3.782150158,1.657142857,1.657142857,1.538870544,1.517849842
28/05/20 0:00,3.642857143,3.642857143,3.761129456,3.782150158,1.667142857,1.667142857,1.548870544,1.527849842
29/05/20 0:00,3.642857143,3.642857143,3.761129456,3.782150158,1.657142857,1.657142857,1.538870544,1.517849842
01/06/20 0:00,3.642857143,3.642857143,3.761129456,3.782150158,1.697142857,1.697142857,1.578870544,1.557849842
02/06/20 0:00,3.642857143,3.642857143,3.761129456,3.782150158,1.697142857,1.697142857,1.578870544,1.557849842
03/06/20 0:00,3.642857143,3.642857143,3.761129456,3.782150158,1.637142857,1.637142857,1.518870544,1.497849842
04/06/20 0:00,3.642857143,3.642857143,3.761129456,3.782150158,1.677142857,1.677142857,1.558870544,1.537849842
05/06/20 0:00,3.642857143,3.642857143,3.761129456,3.782150158,1.787142857,1.787142857,1.668870544,1.647849842
08/06/20 0:00,3.642857143,3.642857143,3.761129456,3.782150158,1.757142857,1.757142857,1.638870544,1.617849842
09/06/20 0:00,3.642857143,3.642857143,3.761129456,3.782150158,1.657142857,1.657142857,1.538870544,1.517849842
10/06/20 0:00,3.642857143,3.642857143,3.761129456,3.782150158,1.537142857,1.537142857,1.418870544,1.397849842
11/06/20 0:00,3.642857143,3.642857143,3.761129456,3.782150158,1.447142857,1.447142857,1.328870544,1.307849842
12/06/20 0:00,3.642857143,3.642857143,3.761129456,3.782150158,1.437142857,1.437142857,1.318870544,1.297849842
15/06/20 0:00,3.642857143,3.642857143,3.761129456,3.782150158,1.427142857,1.427142857,1.308870544,1.287849842
16/06/20 0:00,3.642857143,3.642857143,3.761129456,3.782150158,1.487142857,1.487142857,1.368870544,1.347849842
17/06/20 0:00,3.642857143,3.642857143,3.761129456,3.782150158,1.457142857,1.457142857,1.338870544,1.317849842
18/06/20 0:00,3.642857143,3.642857143,3.761129456,3.782150158,1.417142857,1.417142857,1.298870544,1.277849842
19/06/20 0:00,3.642857143,3.642857143,3.761129456,3.782150158,1.357142857,1.357142857,1.238870544,1.217849842
22/06/20 0:00,3.642857143,3.642857143,3.761129456,3.782150158,1.327142857,1.327142857,1.208870544,1.187849842
23/06/20 0:00,3.642857143,3.642857143,3.761129456,3.782150158,1.287142857,1.287142857,1.168870544,1.147849842
24/06/20 0:00,3.642857143,3.642857143,3.761129456,3.782150158,1.307142857,1.307142857,1.188870544,1.167849842
25/06/20 0:00,3.642857143,3.642857143,3.761129456,3.782150158,1.267142857,1.267142857,1.148870544,1.127849842
26/06/20 0:00,3.642857143,3.642857143,3.761129456,3.782150158,1.197142857,1.197142857,1.078870544,1.057849842
29/06/20 0:00,3.642857143,3.642857143,3.761129456,3.782150158,1.187142857,1.187142857,1.068870544,1.047849842
30/06/20 0:00,3.642857143,3.642857143,3.761129456,3.782150158,1.127142857,1.127142857,1.008870544,0.987849842
01/07/20 0:00,3.642857143,3.642857143,3.761129456,3.782150158,1.057142857,1.057142857,0.938870544,0.917849842
02/07/20 0:00,3.642857143,3.642857143,3.761129456,3.782150158,1.077142857,1.077142857,0.958870544,0.937849842
03/07/20 0:00,3.642857143,3.642857143,3.761129456,3.782150158,1.087142857,1.087142857,0.968870544,0.947849842
06/07/20 0:00,3.642857143,3.642857143,3.761129456,3.782150158,1.107142857,1.107142857,0.988870544,0.967849842
07/07/20 0:00,3.642857143,3.642857143,3.761129456,3.782150158,1.147142857,1.147142857,1.028870544,1.007849842
08/07/20 0:00,3.642857143,3.642857143,3.761129456,3.782150158,1.227142857,1.227142857,1.108870544,1.087849842
09/07/20 0:00,3.642857143,3.642857143,3.761129456,3.782150158,1.257142857,1.257142857,1.138870544,1.117849842
10/07/20 0:00,3.642857143,3.642857143,3.761129456,3.782150158,1.177142857,1.177142857,1.058870544,1.037849842
13/07/20 0:00,3.642857143,3.642857143,3.761129456,3.782150158,1.147142857,1.147142857,1.028870544,1.007849842
14/07/20 0:00,3.642857143,3.642857143,3.761129456,3.782150158,1.157142857,1.157142857,1.038870544,1.017849842
15/07/20 0:00,3.642857143,3.642857143,3.761129456,3.782150158,1.167142857,1.167142857,1.048870544,1.027849842
16/07/20 0:00,3.642857143,3.642857143,3.761129456,3.782150158,1.217142857,1.217142857,1.098870544,1.077849842
17/07/20 0:00,3.642857143,3.642857143,3.761129456,3.782150158,1.247142857,1.247142857,1.128870544,1.107849842
20/07/20 0:00,3.642857143,3.642857143,3.761129456,3.782150158,1.287142857,1.287142857,1.168870544,1.147849842
21/07/20 0:00,3.642857143,3.642857143,3.761129456,3.782150158,1.227142857,1.227142857,1.108870544,1.087849842
22/07/20 0:00,3.642857143,3.642857143,3.761129456,3.782150158,1.197142857,1.197142857,1.078870544,1.057849842
23/07/20 0:00,3.642857143,3.642857143,3.761129456,3.782150158,1.187142857,1.187142857,1.068870544,1.047849842
24/07/20 0:00,3.642857143,3.642857143,3.761129456,3.782150158,1.187142857,1.187142857,1.068870544,1.047849842
27/07/20 0:00,3.642857143,3.642857143,3.761129456,3.782150158,1.177142857,1.177142857,1.058870544,1.037849842
28/07/20 0:00,3.642857143,3.642857143,3.761129456,3.782150158,1.167142857,1.167142857,1.048870544,1.027849842
29/07/20 0:00,3.642857143,3.642857143,3.761129456,3.782150158,1.197142857,1.197142857,1.078870544,1.057849842
30/07/20 0:00,3.642857143,3.642857143,3.761129456,3.782150158,1.187142857,1.187142857,1.068870544,1.047849842
31/07/20 0:00,3.642857143,3.642857143,3.761129456,3.782150158,1.177142857,1.177142857,1.058870544,1.037849842
03/08/20 0:00,3.642857143,3.642857143,3.761129456,3.782150158,1.207142857,1.207142857,1.088870544,1.067849842
04/08/20 0:00,3.642857143,3.642857143,3.761129456,3.782150158,1.187142857,1.187142857,1.068870544,1.047849842
05/08/20 0:00,3.642857143,3.642857143,3.761129456,3.782150158,1.157142857,1.157142857,1.038870544,1.017849842
06/08/20 0:00,3.642857143,3.642857143,3.761129456,3.782150158,1.127142857,1.127142857,1.008870544,0.987849842
07/08/20 0:00,3.642857143,3.642857143,3.761129456,3.782150158,1.137142857,1.137142857,1.018870544,0.997849842
10/08/20 0:00,3.642857143,3.642857143,3.761129456,3.782150158,1.167142857,1.167142857,1.048870544,1.027849842
11/08/20 0:00,3.642857143,3.642857143,3.761129456,3.782150158,1.242142857,1.242142857,1.123870544,1.102849842
12/08/20 0:00,3.642857143,3.642857143,3.761129456,3.782150158,1.237142857,1.237142857,1.118870544,1.097849842
13/08/20 0:00,3.642857143,3.642857143,3.761129456,3.782150158,1.197142857,1.197142857,1.078870544,1.057849842
14/08/20 0:00,3.642857143,3.642857143,3.761129456,3.782150158,1.207142857,1.207142857,1.088870544,1.067849842
17/08/20 0:00,3.642857143,3.642857143,3.761129456,3.782150158,1.222142857,1.222142857,1.103870544,1.082849842
18/08/20 0:00,3.642857143,3.642857143,3.761129456,3.782150158,1.227142857,1.227142857,1.108870544,1.087849842
19/08/20 0:00,3.642857143,3.642857143,3.761129456,3.782150158,1.217142857,1.217142857,1.098870544,1.077849842
20/08/20 0:00,3.642857143,3.642857143,3.761129456,3.782150158,1.242142857,1.242142857,1.123870544,1.102849842
21/08/20 0:00,3.642857143,3.642857143,3.761129456,3.782150158,1.267142857,1.267142857,1.148870544,1.127849842
24/08/20 0:00,3.642857143,3.642857143,3.761129456,3.782150158,1.312142857,1.312142857,1.193870544,1.172849842
25/08/20 0:00,3.642857143,3.642857143,3.761129456,3.782150158,1.307142857,1.307142857,1.188870544,1.167849842
26/08/20 0:00,3.642857143,3.642857143,3.761129456,3.782150158,1.327142857,1.327142857,1.208870544,1.187849842
27/08/20 0:00,3.642857143,3.642857143,3.761129456,3.782150158,1.297142857,1.297142857,1.178870544,1.157849842
28/08/20 0:00,3.642857143,3.642857143,3.761129456,3.782150158,1.267142857,1.267142857,1.148870544,1.127849842
31/08/20 0:00,3.642857143,3.642857143,3.761129456,3.782150158,1.257142857,1.257142857,1.138870544,1.117849842
01/09/20 0:00,3.642857143,3.642857143,3.761129456,3.782150158,1.222142857,1.222142857,1.103870544,1.082849842
02/09/20 0:00,3.642857143,3.642857143,3.761129456,3.782150158,1.197142857,1.197142857,1.078870544,1.057849842
03/09/20 0:00,3.642857143,3.642857143,3.761129456,3.782150158,1.197142857,1.197142857,1.078870544,1.057849842
04/09/20 0:00,3.642857143,3.642857143,3.761129456,3.782150158,1.207142857,1.207142857,1.088870544,1.067849842
07/09/20 0:00,3.642857143,3.642857143,3.761129456,3.782150158,1.197142857,1.197142857,1.078870544,1.057849842
08/09/20 0:00,3.642857143,3.642857143,3.761129456,3.782150158,1.217142857,1.217142857,1.098870544,1.077849842
09/09/20 0:00,3.642857143,3.642857143,3.761129456,3.782150158,1.207142857,1.207142857,1.088870544,1.067849842
10/09/20 0:00,3.642857143,3.642857143,3.761129456,3.782150158,1.207142857,1.207142857,1.088870544,1.067849842
11/09/20 0:00,3.642857143,3.642857143,3.761129456,3.782150158,1.187142857,1.187142857,1.068870544,1.047849842
14/09/20 0:00,3.642857143,3.642857143,3.761129456,3.782150158,1.147142857,1.147142857,1.028870544,1.007849842
15/09/20 0:00,3.642857143,3.642857143,3.761129456,3.782150158,1.117142857,1.117142857,0.998870544,0.977849842
17/09/20 0:00,3.642857143,3.642857143,3.761129456,3.782150158,1.097142857,1.097142857,0.978870544,0.957849842
18/09/20 0:00,3.642857143,3.642857143,3.761129456,3.782150158,1.097142857,1.097142857,0.978870544,0.957849842
21/09/20 0:00,3.642857143,3.642857143,3.761129456,3.782150158,1.117142857,1.117142857,0.998870544,0.977849842
22/09/20 0:00,3.642857143,3.642857143,3.761129456,3.782150158,1.157142857,1.157142857,1.038870544,1.017849842
23/09/20 0:00,3.642857143,3.642857143,3.761129456,3.782150158,1.177142857,1.177142857,1.058870544,1.037849842
24/09/20 0:00,3.642857143,3.642857143,3.761129456,3.782150158,1.147142857,1.147142857,1.028870544,1.007849842
25/09/20 0:00,3.642857143,3.642857143,3.761129456,3.782150158,1.137142857,1.137142857,1.018870544,0.997849842
28/09/20 0:00,3.642857143,3.642857143,3.761129456,3.782150158,1.167142857,1.167142857,1.048870544,1.027849842
29/09/20 0:00,3.642857143,3.642857143,3.761129456,3.782150158,1.217142857,1.217142857,1.098870544,1.077849842
30/09/20 0:00,3.642857143,3.642857143,3.761129456,3.782150158,1.227142857,1.227142857,1.108870544,1.087849842
01/10/20 0:00,3.642857143,3.642857143,3.761129456,3.782150158,1.227142857,1.227142857,1.108870544,1.087849842
02/10/20 0:00,3.642857143,3.642857143,3.761129456,3.782150158,1.217142857,1.217142857,1.098870544,1.077849842
05/10/20 0:00,3.642857143,3.642857143,3.761129456,3.782150158,1.207142857,1.207142857,1.088870544,1.067849842
06/10/20 0:00,3.642857143,3.642857143,3.761129456,3.782150158,1.207142857,1.207142857,1.088870544,1.067849842
07/10/20 0:00,3.642857143,3.642857143,3.761129456,3.782150158,1.187142857,1.187142857,1.068870544,1.047849842
08/10/20 0:00,3.642857143,3.642857143,3.761129456,3.782150158,1.182142857,1.182142857,1.063870544,1.042849842
09/10/20 0:00,3.642857143,3.642857143,3.761129456,3.782150158,1.107142857,1.107142857,0.988870544,0.967849842
12/10/20 0:00,3.642857143,3.642857143,3.761129456,3.782150158,1.107142857,1.107142857,0.988870544,0.967849842
13/10/20 0:00,3.642857143,3.642857143,3.761129456,3.782150158,1.127142857,1.127142857,1.008870544,0.987849842
14/10/20 0:00,3.642857143,3.642857143,3.761129456,3.782150158,1.137142857,1.137142857,1.018870544,0.997849842
15/10/20 0:00,3.642857143,3.642857143,3.761129456,3.782150158,1.167142857,1.167142857,1.048870544,1.027849842
16/10/20 0:00,3.642857143,3.642857143,3.761129456,3.782150158,1.197142857,1.197142857,1.078870544,1.057849842
19/10/20 0:00,3.642857143,3.642857143,3.761129456,3.782150158,1.222142857,1.222142857,1.103870544,1.082849842
20/10/20 0:00,3.642857143,3.642857143,3.761129456,3.782150158,1.197142857,1.197142857,1.078870544,1.057849842
21/10/20 0:00,3.642857143,3.642857143,3.761129456,3.782150158,1.202142857,1.202142857,1.083870544,1.062849842
22/10/20 0:00,3.642857143,3.642857143,3.761129456,3.782150158,1.272142857,1.272142857,1.153870544,1.132849842
23/10/20 0:00,3.642857143,3.642857143,3.761129456,3.782150158,1.267142857,1.267142857,1.148870544,1.127849842
26/10/20 0:00,3.642857143,3.642857143,3.761129456,3.782150158,1.257142857,1.257142857,1.138870544,1.117849842
27/10/20 0:00,3.642857143,3.642857143,3.761129456,3.782150158,1.237142857,1.237142857,1.118870544,1.097849842
28/10/20 0:00,3.642857143,3.642857143,3.761129456,3.782150158,1.277142857,1.277142857,1.158870544,1.137849842
29/10/20 0:00,3.642857143,3.642857143,3.761129456,3.782150158,1.267142857,1.267142857,1.148870544,1.127849842
30/10/20 0:00,3.642857143,3.642857143,3.761129456,3.782150158,1.342142857,1.342142857,1.223870544,1.202849842
03/11/20 0:00,3.642857143,3.642857143,3.761129456,3.782150158,1.367142857,1.367142857,1.248870544,1.227849842
04/11/20 0:00,3.642857143,3.642857143,3.761129456,3.782150158,1.242142857,1.242142857,1.123870544,1.102849842
05/11/20 0:00,3.642857143,3.642857143,3.761129456,3.782150158,1.117142857,1.117142857,0.998870544,0.977849842
06/11/20 0:00,3.642857143,3.642857143,3.761129456,3.782150158,1.087142857,1.087142857,0.968870544,0.947849842
09/11/20 0:00,3.642857143,3.642857143,3.761129456,3.782150158,1.097142857,1.097142857,0.978870544,0.957849842
10/11/20 0:00,3.642857143,3.642857143,3.761129456,3.782150158,1.097142857,1.097142857,0.978870544,0.957849842
11/11/20 0:00,3.642857143,3.642857143,3.761129456,3.782150158,1.077142857,1.077142857,0.958870544,0.937849842
12/11/20 0:00,3.642857143,3.642857143,3.761129456,3.782150158,1.057142857,1.057142857,0.938870544,0.917849842
13/11/20 0:00,3.642857143,3.642857143,3.761129456,3.782150158,1.217142857,1.217142857,1.098870544,1.077849842
17/11/20 0:00,3.642857143,3.642857143,3.761129456,3.782150158,1.277142857,1.277142857,1.158870544,1.137849842
18/11/20 0:00,3.642857143,3.642857143,3.761129456,3.782150158,1.217142857,1.217142857,1.098870544,1.077849842
19/11/20 0:00,3.642857143,3.642857143,3.761129456,3.782150158,1.157142857,1.157142857,1.038870544,1.017849842
20/11/20 0:00,3.642857143,3.642857143,3.761129456,3.782150158,1.127142857,1.127142857,1.008870544,0.987849842
23/11/20 0:00,3.642857143,3.642857143,3.761129456,3.782150158,1.077142857,1.077142857,0.958870544,0.937849842
24/11/20 0:00,3.642857143,3.642857143,3.761129456,3.782150158,1.037142857,1.037142857,0.918870544,0.897849842
25/11/20 0:00,3.642857143,3.642857143,3.761129456,3.782150158,1.087142857,1.087142857,0.968870544,0.947849842
26/11/20 0:00,3.642857143,3.642857143,3.761129456,3.782150158,1.097142857,1.097142857,0.978870544,0.957849842
27/11/20 0:00,3.642857143,3.642857143,3.761129456,3.782150158,1.107142857,1.107142857,0.988870544,0.967849842
30/11/20 0:00,3.642857143,3.642857143,3.761129456,3.782150158,1.067142857,1.067142857,0.948870544,0.927849842
01/12/20 0:00,3.642857143,3.642857143,3.761129456,3.782150158,1.077142857,1.077142857,0.958870544,0.937849842
02/12/20 0:00,3.642857143,3.642857143,3.761129456,3.782150158,1.047142857,1.047142857,0.928870544,0.907849842
03/12/20 0:00,3.642857143,3.642857143,3.761129456,3.782150158,1.017142857,1.017142857,0.898870544,0.877849842
04/12/20 0:00,3.642857143,3.642857143,3.761129456,3.782150158,1.007142857,1.007142857,0.888870544,0.867849842
07/12/20 0:00,3.642857143,3.642857143,3.761129456,3.782150158,0.977142857,0.977142857,0.858870544,0.837849842
08/12/20 0:00,3.642857143,3.642857143,3.761129456,3.782150158,0.917142857,0.917142857,0.798870544,0.777849842
09/12/20 0:00,3.642857143,3.642857143,3.761129456,3.782150158,0.887142857,0.887142857,0.768870544,0.747849842
10/12/20 0:00,3.642857143,3.642857143,3.761129456,3.782150158,0.937142857,0.937142857,0.818870544,0.797849842
11/12/20 0:00,3.642857143,3.642857143,3.761129456,3.782150158,0.947142857,0.947142857,0.828870544,0.807849842
14/12/20 0:00,3.642857143,3.642857143,3.761129456,3.782150158,0.967142857,0.967142857,0.848870544,0.827849842
15/12/20 0:00,3.642857143,3.642857143,3.761129456,3.782150158,0.957142857,0.957142857,0.838870544,0.817849842
16/12/20 0:00,3.642857143,3.642857143,3.761129456,3.782150158,0.907142857,0.907142857,0.788870544,0.767849842
17/12/20 0:00,3.642857143,3.642857143,3.761129456,3.782150158,0.877142857,0.877142857,0.758870544,0.737849842
18/12/20 0:00,3.642857143,3.642857143,3.761129456,3.782150158,0.797142857,0.797142857,0.678870544,0.657849842
21/12/20 0:00,3.642857143,3.642857143,3.761129456,3.782150158,0.777142857,0.777142857,0.658870544,0.637849842
22/12/20 0:00,3.642857143,3.642857143,3.761129456,3.782150158,0.777142857,0.777142857,0.658870544,0.637849842
23/12/20 0:00,3.642857143,3.642857143,3.761129456,3.782150158,0.792142857,0.792142857,0.673870544,0.652849842
24/12/20 0:00,3.642857143,3.642857143,3.761129456,3.782150158,0.807142857,0.807142857,0.688870544,0.667849842
28/12/20 0:00,3.642857143,3.642857143,3.761129456,3.782150158,0.807142857,0.807142857,0.688870544,0.667849842
29/12/20 0:00,3.642857143,3.642857143,3.761129456,3.782150158,0.817142857,0.817142857,0.698870544,0.677849842
30/12/20 0:00,3.642857143,3.642857143,3.761129456,3.782150158,0.847142857,0.847142857,0.728870544,0.707849842
31/12/20 0:00,3.642857143,3.642857143,3.761129456,3.782150158,0.857142857,0.857142857,0.738870544,0.717849842
04/01/21 0:00,3.642857143,3.642857143,3.761129456,3.782150158,0.847142857,0.847142857,0.728870544,0.707849842
05/01/21 0:00,3.642857143,3.642857143,3.761129456,3.782150158,0.807142857,0.807142857,0.688870544,0.667849842
06/01/21 0:00,3.642857143,3.642857143,3.761129456,3.782150158,0.797142857,0.797142857,0.678870544,0.657849842
07/01/21 0:00,3.642857143,3.642857143,3.761129456,3.782150158,0.767142857,0.767142857,0.648870544,0.627849842
08/01/21 0:00,3.642857143,3.642857143,3.761129456,3.782150158,0.767142857,0.767142857,0.648870544,0.627849842
11/01/21 0:00,3.642857143,3.642857143,3.761129456,3.782150158,0.777142857,0.777142857,0.658870544,0.637849842
12/01/21 0:00,3.642857143,3.642857143,3.761129456,3.782150158,0.787142857,0.787142857,0.668870544,0.647849842
13/01/21 0:00,3.642857143,3.642857143,3.761129456,3.782150158,0.827142857,0.827142857,0.708870544,0.687849842
14/01/21 0:00,3.642857143,3.642857143,3.761129456,3.782150158,0.847142857,0.847142857,0.728870544,0.707849842
15/01/21 0:00,3.642857143,3.642857143,3.761129456,3.782150158,0.812142857,0.812142857,0.693870544,0.672849842
18/01/21 0:00,3.642857143,3.642857143,3.761129456,3.782150158,0.802142857,0.802142857,0.683870544,0.662849842
19/01/21 0:00,3.642857143,3.642857143,3.761129456,3.782150158,0.812142857,0.812142857,0.693870544,0.672849842
20/01/21 0:00,3.642857143,3.642857143,3.761129456,3.782150158,0.762142857,0.762142857,0.643870544,0.622849842
21/01/21 0:00,3.642857143,3.642857143,3.761129456,3.782150158,0.747142857,0.747142857,0.628870544,0.607849842
22/01/21 0:00,3.642857143,3.642857143,3.761129456,3.782150158,0.747142857,0.747142857,0.628870544,0.607849842
25/01/21 0:00,3.642857143,3.642857143,3.761129456,3.782150158,0.737142857,0.737142857,0.618870544,0.597849842
26/01/21 0:00,3.642857143,3.642857143,3.761129456,3.782150158,0.697142857,0.697142857,0.578870544,0.557849842
27/01/21 0:00,3.642857143,3.642857143,3.761129456,3.782150158,0.697142857,0.697142857,0.578870544,0.557849842
28/01/21 0:00,3.642857143,3.642857143,3.761129456,3.782150158,0.697142857,0.697142857,0.578870544,0.557849842
29/01/21 0:00,3.642857143,3.642857143,3.761129456,3.782150158,0.697142857,0.697142857,0.578870544,0.557849842
02/02/21 0:00,3.642857143,3.642857143,3.761129456,3.782150158,0.657142857,0.657142857,0.538870544,0.517849842
03/02/21 0:00,3.642857143,3.642857143,3.761129456,3.782150158,0.677142857,0.677142857,0.558870544,0.537849842
04/02/21 0:00,3.642857143,3.642857143,3.761129456,3.782150158,0.697142857,0.697142857,0.578870544,0.557849842
05/02/21 0:00,3.642857143,3.642857143,3.761129456,3.782150158,0.707142857,0.707142857,0.588870544,0.567849842
08/02/21 0:00,3.642857143,3.642857143,3.761129456,3.782150158,0.777142857,0.777142857,0.658870544,0.637849842
09/02/21 0:00,3.642857143,3.642857143,3.761129456,3.782150158,0.777142857,0.777142857,0.658870544,0.637849842
10/02/21 0:00,3.642857143,3.642857143,3.761129456,3.782150158,0.787142857,0.787142857,0.668870544,0.647849842
11/02/21 0:00,3.642857143,3.642857143,3.761129456,3.782150158,0.677142857,0.677142857,0.558870544,0.537849842
12/02/21 0:00,3.642857143,3.642857143,3.761129456,3.782150158,0.707142857,0.707142857,0.588870544,0.567849842
15/02/21 0:00,3.642857143,3.642857143,3.761129456,3.782150158,0.707142857,0.707142857,0.588870544,0.567849842
16/02/21 0:00,3.642857143,3.642857143,3.761129456,3.782150158,0.787142857,0.787142857,0.668870544,0.647849842
17/02/21 0:00,3.642857143,3.642857143,3.761129456,3.782150158,0.797142857,0.797142857,0.678870544,0.657849842
18/02/21 0:00,3.642857143,3.642857143,3.761129456,3.782150158,0.857142857,0.857142857,0.738870544,0.717849842
19/02/21 0:00,3.642857143,3.642857143,3.761129456,3.782150158,0.887142857,0.887142857,0.768870544,0.747849842
22/02/21 0:00,3.642857143,3.642857143,3.761129456,3.782150158,0.967142857,0.967142857,0.848870544,0.827849842
23/02/21 0:00,3.642857143,3.642857143,3.761129456,3.782150158,0.867142857,0.867142857,0.748870544,0.727849842
24/02/21 0:00,3.642857143,3.642857143,3.761129456,3.782150158,0.907142857,0.907142857,0.788870544,0.767849842
25/02/21 0:00,3.642857143,3.642857143,3.761129456,3.782150158,1.077142857,1.077142857,0.958870544,0.937849842
26/02/21 0:00,3.642857143,3.642857143,3.761129456,3.782150158,1.047142857,1.047142857,0.928870544,0.907849842
01/03/21 0:00,3.642857143,3.642857143,3.761129456,3.782150158,0.977142857,0.977142857,0.858870544,0.837849842
02/03/21 0:00,3.642857143,3.642857143,3.761129456,3.782150158,0.977142857,0.977142857,0.858870544,0.837849842
03/03/21 0:00,3.642857143,3.642857143,3.761129456,3.782150158,1.047142857,1.047142857,0.928870544,0.907849842
04/03/21 0:00,3.642857143,3.642857143,3.761129456,3.782150158,1.157142857,1.157142857,1.038870544,1.017849842
05/03/21 0:00,3.642857143,3.642857143,3.761129456,3.782150158,1.237142857,1.237142857,1.118870544,1.097849842
08/03/21 0:00,3.642857143,3.642857143,3.761129456,3.782150158,1.237142857,1.237142857,1.118870544,1.097849842
09/03/21 0:00,3.642857143,3.642857143,3.761129456,3.782150158,1.267142857,1.267142857,1.148870544,1.127849842
10/03/21 0:00,3.642857143,3.642857143,3.761129456,3.782150158,1.307142857,1.307142857,1.188870544,1.167849842
11/03/21 0:00,3.642857143,3.642857143,3.761129456,3.782150158,1.287142857,1.287142857,1.168870544,1.147849842
12/03/21 0:00,3.642857143,3.642857143,3.761129456,3.782150158,1.357142857,1.357142857,1.238870544,1.217849842
16/03/21 0:00,3.642857143,3.642857143,3.761129456,3.782150158,1.447142857,1.447142857,1.328870544,1.307849842
17/03/21 0:00,3.642857143,3.642857143,3.761129456,3.782150158,1.387142857,1.387142857,1.268870544,1.247849842
18/03/21 0:00,3.642857143,3.642857143,3.761129456,3.782150158,1.517142857,1.517142857,1.398870544,1.377849842
19/03/21 0:00,3.642857143,3.642857143,3.761129456,3.782150158,1.577142857,1.577142857,1.458870544,1.437849842
22/03/21 0:00,3.642857143,3.642857143,3.761129456,3.782150158,1.637142857,1.637142857,1.518870544,1.497849842
23/03/21 0:00,3.642857143,3.642857143,3.761129456,3.782150158,1.727142857,1.727142857,1.608870544,1.587849842
24/03/21 0:00,3.642857143,3.642857143,3.761129456,3.782150158,1.997142857,1.997142857,1.878870544,1.857849842
25/03/21 0:00,3.642857143,3.642857143,3.761129456,3.782150158,1.862142857,1.862142857,1.743870544,1.722849842
26/03/21 0:00,3.642857143,3.642857143,3.761129456,3.782150158,1.862142857,1.862142857,1.743870544,1.722849842
29/03/21 0:00,3.642857143,3.642857143,3.761129456,3.782150158,1.982142857,1.982142857,1.863870544,1.842849842
30/03/21 0:00,3.285714286,3.285714286,3.106877499,3.137535789,2.364285714,2.364285714,2.543122501,2.512464211
31/03/21 0:00,3.285714286,3.285714286,3.106877499,3.137535789,2.304285714,2.304285714,2.483122501,2.452464211
05/04/21 0:00,3.285714286,3.285714286,3.106877499,3.137535789,2.279285714,2.279285714,2.458122501,2.427464211
06/04/21 0:00,3.285714286,3.285714286,3.106877499,3.137535789,2.103285714,2.103285714,2.282122501,2.251464211
07/04/21 0:00,3.285714286,3.285714286,3.106877499,3.137535789,1.933285714,1.933285714,2.112122501,2.081464211
08/04/21 0:00,3.285714286,3.285714286,3.106877499,3.137535789,1.894285714,1.894285714,2.073122501,2.042464211
09/04/21 0:00,3.285714286,3.285714286,3.106877499,3.137535789,2.014285714,2.014285714,2.193122501,2.162464211
12/04/21 0:00,3.285714286,3.285714286,3.106877499,3.137535789,2.079285714,2.079285714,2.258122501,2.227464211
13/04/21 0:00,3.285714286,3.285714286,3.106877499,3.137535789,2.144285714,2.144285714,2.323122501,2.292464211
14/04/21 0:00,3.285714286,3.285714286,3.106877499,3.137535789,2.064285714,2.064285714,2.243122501,2.212464211
15/04/21 0:00,3.285714286,3.285714286,3.106877499,3.137535789,1.974285714,1.974285714,2.153122501,2.122464211
16/04/21 0:00,3.285714286,3.285714286,3.106877499,3.137535789,2.024285714,2.024285714,2.203122501,2.172464211
19/04/21 0:00,3.285714286,3.285714286,3.106877499,3.137535789,2.019285714,2.019285714,2.198122501,2.167464211
20/04/21 0:00,3.285714286,3.285714286,3.106877499,3.137535789,2.114285714,2.114285714,2.293122501,2.262464211
21/04/21 0:00,3.285714286,3.285714286,3.106877499,3.137535789,2.134285714,2.134285714,2.313122501,2.282464211
22/04/21 0:00,3.285714286,3.285714286,3.106877499,3.137535789,2.224285714,2.224285714,2.403122501,2.372464211
23/04/21 0:00,3.285714286,3.285714286,3.106877499,3.137535789,2.194285714,2.194285714,2.373122501,2.342464211
26/04/21 0:00,3.285714286,3.285714286,3.106877499,3.137535789,2.154285714,2.154285714,2.333122501,2.302464211
27/04/21 0:00,3.285714286,3.285714286,3.106877499,3.137535789,2.214285714,2.214285714,2.393122501,2.362464211
28/04/21 0:00,3.285714286,3.285714286,3.106877499,3.137535789,2.214285714,2.214285714,2.393122501,2.362464211
29/04/21 0:00,3.285714286,3.285714286,3.106877499,3.137535789,2.234285714,2.234285714,2.413122501,2.382464211
30/04/21 0:00,3.285714286,3.285714286,3.106877499,3.137535789,2.279285714,2.279285714,2.458122501,2.427464211
03/05/21 0:00,3.285714286,3.285714286,3.106877499,3.137535789,2.224285714,2.224285714,2.403122501,2.372464211
04/05/21 0:00,3.285714286,3.285714286,3.106877499,3.137535789,2.229285714,2.229285714,2.408122501,2.377464211
05/05/21 0:00,3.285714286,3.285714286,3.106877499,3.137535789,2.203285714,2.203285714,2.382122501,2.351464211
06/05/21 0:00,3.285714286,3.285714286,3.106877499,3.137535789,2.143285714,2.143285714,2.322122501,2.291464211
07/05/21 0:00,3.285714286,3.285714286,3.106877499,3.137535789,2.102285714,2.102285714,2.281122501,2.250464211
10/05/21 0:00,3.285714286,3.285714286,3.106877499,3.137535789,2.153285714,2.153285714,2.332122501,2.301464211
11/05/21 0:00,3.285714286,3.285714286,3.106877499,3.137535789,2.293285714,2.293285714,2.472122501,2.441464211
12/05/21 0:00,3.285714286,3.285714286,3.106877499,3.137535789,2.483285714,2.483285714,2.662122501,2.631464211
13/05/21 0:00,3.285714286,3.285714286,3.106877499,3.137535789,2.413285714,2.413285714,2.592122501,2.561464211
14/05/21 0:00,3.285714286,3.285714286,3.106877499,3.137535789,2.373285714,2.373285714,2.552122501,2.521464211
17/05/21 0:00,3.285714286,3.285714286,3.106877499,3.137535789,2.413285714,2.413285714,2.592122501,2.561464211
18/05/21 0:00,3.285714286,3.285714286,3.106877499,3.137535789,2.443285714,2.443285714,2.622122501,2.591464211
19/05/21 0:00,3.285714286,3.285714286,3.106877499,3.137535789,2.543285714,2.543285714,2.722122501,2.691464211
20/05/21 0:00,3.285714286,3.285714286,3.106877499,3.137535789,2.553285714,2.553285714,2.732122501,2.701464211
21/05/21 0:00,3.285714286,3.285714286,3.106877499,3.137535789,2.519285714,2.519285714,2.698122501,2.667464211
24/05/21 0:00,3.285714286,3.285714286,3.106877499,3.137535789,2.488285714,2.488285714,2.667122501,2.636464211
25/05/21 0:00,3.285714286,3.285714286,3.106877499,3.137535789,2.448285714,2.448285714,2.627122501,2.596464211
26/05/21 0:00,3.285714286,3.285714286,3.106877499,3.137535789,2.498285714,2.498285714,2.677122501,2.646464211
27/05/21 0:00,3.285714286,3.285714286,3.106877499,3.137535789,2.478285714,2.478285714,2.657122501,2.626464211
28/05/21 0:00,3.285714286,3.285714286,3.106877499,3.137535789,2.408285714,2.408285714,2.587122501,2.556464211
31/05/21 0:00,3.285714286,3.285714286,3.106877499,3.137535789,2.328285714,2.328285714,2.507122501,2.476464211
01/06/21 0:00,3.285714286,3.285714286,3.106877499,3.137535789,2.383285714,2.383285714,2.562122501,2.531464211
02/06/21 0:00,3.285714286,3.285714286,3.106877499,3.137535789,2.368285714,2.368285714,2.547122501,2.516464211
03/06/21 0:00,3.285714286,3.285714286,3.106877499,3.137535789,2.458285714,2.458285714,2.637122501,2.606464211
04/06/21 0:00,3.285714286,3.285714286,3.106877499,3.137535789,2.369285714,2.369285714,2.548122501,2.517464211
07/06/21 0:00,3.285714286,3.285714286,3.106877499,3.137535789,2.319285714,2.319285714,2.498122501,2.467464211
08/06/21 0:00,3.285714286,3.285714286,3.106877499,3.137535789,2.268285714,2.268285714,2.447122501,2.416464211
09/06/21 0:00,3.285714286,3.285714286,3.106877499,3.137535789,2.358285714,2.358285714,2.537122501,2.506464211
10/06/21 0:00,3.285714286,3.285714286,3.106877499,3.137535789,2.318285714,2.318285714,2.497122501,2.466464211
11/06/21 0:00,3.285714286,3.285714286,3.106877499,3.137535789,2.378285714,2.378285714,2.557122501,2.526464211
14/06/21 0:00,3.285714286,3.285714286,3.106877499,3.137535789,2.308285714,2.308285714,2.487122501,2.456464211
15/06/21 0:00,3.285714286,3.285714286,3.106877499,3.137535789,2.299285714,2.299285714,2.478122501,2.447464211
16/06/21 0:00,3.285714286,3.285714286,3.106877499,3.137535789,2.449285714,2.449285714,2.628122501,2.597464211
17/06/21 0:00,3.285714286,3.285714286,3.106877499,3.137535789,2.489285714,2.489285714,2.668122501,2.637464211
18/06/21 0:00,3.285714286,3.285714286,3.106877499,3.137535789,2.569285714,2.569285714,2.748122501,2.717464211
21/06/21 0:00,3.285714286,3.285714286,3.106877499,3.137535789,2.639285714,2.639285714,2.818122501,2.787464211
22/06/21 0:00,3.285714286,3.285714286,3.106877499,3.137535789,2.659285714,2.659285714,2.838122501,2.807464211
23/06/21 0:00,3.285714286,3.285714286,3.106877499,3.137535789,2.679285714,2.679285714,2.858122501,2.827464211
24/06/21 0:00,3.285714286,3.285714286,3.106877499,3.137535789,3.079285714,3.079285714,3.258122501,3.227464211
25/06/21 0:00,3.285714286,3.285714286,3.106877499,3.137535789,3.029285714,3.029285714,3.208122501,3.177464211
28/06/21 0:00,3.285714286,3.285714286,3.106877499,3.137535789,2.899285714,2.899285714,3.078122501,3.047464211
29/06/21 0:00,3.285714286,3.285714286,3.106877499,3.137535789,2.829285714,2.829285714,3.008122501,2.977464211
30/06/21 0:00,3.285714286,3.285714286,3.106877499,3.137535789,2.814285714,2.814285714,2.993122501,2.962464211
01/07/21 0:00,3.285714286,3.285714286,3.106877499,3.137535789,2.864285714,2.864285714,3.043122501,3.012464211
02/07/21 0:00,3.285714286,3.285714286,3.106877499,3.137535789,2.854285714,2.854285714,3.033122501,3.002464211
05/07/21 0:00,3.285714286,3.285714286,3.106877499,3.137535789,2.859285714,2.859285714,3.038122501,3.007464211
06/07/21 0:00,3.285714286,3.285714286,3.106877499,3.137535789,2.904285714,2.904285714,3.083122501,3.052464211
07/07/21 0:00,3.285714286,3.285714286,3.106877499,3.137535789,2.974285714,2.974285714,3.153122501,3.122464211
08/07/21 0:00,3.285714286,3.285714286,3.106877499,3.137535789,2.944285714,2.944285714,3.123122501,3.092464211
09/07/21 0:00,3.285714286,3.285714286,3.106877499,3.137535789,2.864285714,2.864285714,3.043122501,3.012464211
12/07/21 0:00,3.285714286,3.285714286,3.106877499,3.137535789,2.814285714,2.814285714,2.993122501,2.962464211
13/07/21 0:00,3.285714286,3.285714286,3.106877499,3.137535789,2.874285714,2.874285714,3.053122501,3.022464211
14/07/21 0:00,3.285714286,3.285714286,3.106877499,3.137535789,2.824285714,2.824285714,3.003122501,2.972464211
15/07/21 0:00,3.285714286,3.285714286,3.106877499,3.137535789,2.839285714,2.839285714,3.018122501,2.987464211
16/07/21 0:00,3.285714286,3.285714286,3.106877499,3.137535789,2.844285714,2.844285714,3.023122501,2.992464211
19/07/21 0:00,3.285714286,3.285714286,3.106877499,3.137535789,2.844285714,2.844285714,3.023122501,2.992464211
20/07/21 0:00,3.285714286,3.285714286,3.106877499,3.137535789,2.859285714,2.859285714,3.038122501,3.007464211
21/07/21 0:00,3.285714286,3.285714286,3.106877499,3.137535789,2.889285714,2.889285714,3.068122501,3.037464211
22/07/21 0:00,3.285714286,3.285714286,3.106877499,3.137535789,2.914285714,2.914285714,3.093122501,3.062464211
23/07/21 0:00,3.285714286,3.285714286,3.106877499,3.137535789,2.954285714,2.954285714,3.133122501,3.102464211
26/07/21 0:00,3.285714286,3.285714286,3.106877499,3.137535789,2.954285714,2.954285714,3.133122501,3.102464211
27/07/21 0:00,3.285714286,3.285714286,3.106877499,3.137535789,2.934285714,2.934285714,3.113122501,3.082464211
28/07/21 0:00,3.285714286,3.285714286,3.106877499,3.137535789,2.884285714,2.884285714,3.063122501,3.032464211
29/07/21 0:00,3.285714286,3.285714286,3.106877499,3.137535789,2.884285714,2.884285714,3.063122501,3.032464211
30/07/21 0:00,3.285714286,3.285714286,3.106877499,3.137535789,2.823285714,2.823285714,3.002122501,2.971464211
02/08/21 0:00,3.285714286,3.285714286,3.106877499,3.137535789,2.813285714,2.813285714,2.992122501,2.961464211
03/08/21 0:00,3.285714286,3.285714286,3.106877499,3.137535789,2.823285714,2.823285714,3.002122501,2.971464211
04/08/21 0:00,3.285714286,3.285714286,3.106877499,3.137535789,2.818285714,2.818285714,2.997122501,2.966464211
05/08/21 0:00,3.285714286,3.285714286,3.106877499,3.137535789,2.837285714,2.837285714,3.016122501,2.985464211
06/08/21 0:00,3.285714286,3.285714286,3.106877499,3.137535789,2.892285714,2.892285714,3.071122501,3.040464211
09/08/21 0:00,3.285714286,3.285714286,3.106877499,3.137535789,2.852285714,2.852285714,3.031122501,3.000464211
10/08/21 0:00,3.285714286,3.285714286,3.106877499,3.137535789,2.902285714,2.902285714,3.081122501,3.050464211
11/08/21 0:00,3.285714286,3.285714286,3.106877499,3.137535789,2.892285714,2.892285714,3.071122501,3.040464211
12/08/21 0:00,3.285714286,3.285714286,3.106877499,3.137535789,2.822285714,2.822285714,3.001122501,2.970464211
13/08/21 0:00,3.285714286,3.285714286,3.106877499,3.137535789,2.802285714,2.802285714,2.981122501,2.950464211
16/08/21 0:00,3.285714286,3.285714286,3.106877499,3.137535789,2.882285714,2.882285714,3.061122501,3.030464211
17/08/21 0:00,3.285714286,3.285714286,3.106877499,3.137535789,2.862285714,2.862285714,3.041122501,3.010464211
18/08/21 0:00,3.285714286,3.285714286,3.106877499,3.137535789,2.852285714,2.852285714,3.031122501,3.000464211
19/08/21 0:00,3.285714286,3.285714286,3.106877499,3.137535789,2.862285714,2.862285714,3.041122501,3.010464211
20/08/21 0:00,3.285714286,3.285714286,3.106877499,3.137535789,2.832285714,2.832285714,3.011122501,2.980464211
23/08/21 0:00,3.285714286,3.285714286,3.106877499,3.137535789,2.824285714,2.824285714,3.003122501,2.972464211
24/08/21 0:00,3.285714286,3.285714286,3.106877499,3.137535789,2.834285714,2.834285714,3.013122501,2.982464211
25/08/21 0:00,3.285714286,3.285714286,3.106877499,3.137535789,2.844285714,2.844285714,3.023122501,2.992464211
26/08/21 0:00,3.285714286,3.285714286,3.106877499,3.137535789,2.822285714,2.822285714,3.001122501,2.970464211
27/08/21 0:00,3.285714286,3.285714286,3.106877499,3.137535789,2.767285714,2.767285714,2.946122501,2.915464211
30/08/21 0:00,3.285714286,3.285714286,3.106877499,3.137535789,2.767285714,2.767285714,2.946122501,2.915464211
31/08/21 0:00,3.285714286,3.285714286,3.106877499,3.137535789,2.792285714,2.792285714,2.971122501,2.940464211
01/09/21 0:00,3.285714286,3.285714286,3.106877499,3.137535789,2.822285714,2.822285714,3.001122501,2.970464211
02/09/21 0:00,3.285714286,3.285714286,3.106877499,3.137535789,2.842285714,2.842285714,3.021122501,2.990464211
03/09/21 0:00,3.285714286,3.285714286,3.106877499,3.137535789,2.892285714,2.892285714,3.071122501,3.040464211
06/09/21 0:00,3.285714286,3.285714286,3.106877499,3.137535789,2.924285714,2.924285714,3.103122501,3.072464211
07/09/21 0:00,3.285714286,3.285714286,3.106877499,3.137535789,2.922285714,2.922285714,3.101122501,3.070464211
08/09/21 0:00,3.285714286,3.285714286,3.106877499,3.137535789,2.882285714,2.882285714,3.061122501,3.030464211
09/09/21 0:00,3.285714286,3.285714286,3.106877499,3.137535789,2.864285714,2.864285714,3.043122501,3.012464211
10/09/21 0:00,3.285714286,3.285714286,3.106877499,3.137535789,2.936285714,2.936285714,3.115122501,3.084464211
13/09/21 0:00,3.285714286,3.285714286,3.106877499,3.137535789,2.936285714,2.936285714,3.115122501,3.084464211
14/09/21 0:00,3.285714286,3.285714286,3.106877499,3.137535789,2.921285714,2.921285714,3.100122501,3.069464211
15/09/21 0:00,3.285714286,3.285714286,3.106877499,3.137535789,2.921285714,2.921285714,3.100122501,3.069464211
17/09/21 0:00,3.285714286,3.285714286,3.106877499,3.137535789,2.944285714,2.944285714,3.123122501,3.092464211
20/09/21 0:00,3.285714286,3.285714286,3.106877499,3.137535789,2.984285714,2.984285714,3.163122501,3.132464211
21/09/21 0:00,3.285714286,3.285714286,3.106877499,3.137535789,3.046285714,3.046285714,3.225122501,3.194464211
22/09/21 0:00,3.285714286,3.285714286,3.106877499,3.137535789,3.090285714,3.090285714,3.269122501,3.238464211
23/09/21 0:00,3.285714286,3.285714286,3.106877499,3.137535789,3.150285714,3.150285714,3.329122501,3.298464211
24/09/21 0:00,3.285714286,3.285714286,3.106877499,3.137535789,3.210285714,3.210285714,3.389122501,3.358464211
27/09/21 0:00,3.285714286,3.285714286,3.106877499,3.137535789,3.240285714,3.240285714,3.419122501,3.388464211
28/09/21 0:00,3.285714286,3.285714286,3.106877499,3.137535789,3.310285714,3.310285714,3.489122501,3.458464211
29/09/21 0:00,3.285714286,3.285714286,3.106877499,3.137535789,3.270285714,3.270285714,3.449122501,3.418464211
30/09/21 0:00,3.285714286,3.285714286,3.106877499,3.137535789,3.290285714,3.290285714,3.469122501,3.438464211
01/10/21 0:00,3.285714286,3.285714286,3.106877499,3.137535789,3.270285714,3.270285714,3.449122501,3.418464211
04/10/21 0:00,3.285714286,3.285714286,3.106877499,3.137535789,3.340285714,3.340285714,3.519122501,3.488464211
05/10/21 0:00,3.285714286,3.285714286,3.106877499,3.137535789,3.420285714,3.420285714,3.599122501,3.568464211
06/10/21 0:00,3.285714286,3.285714286,3.106877499,3.137535789,3.430285714,3.430285714,3.609122501,3.578464211
07/10/21 0:00,3.285714286,3.285714286,3.106877499,3.137535789,3.390285714,3.390285714,3.569122501,3.538464211
08/10/21 0:00,3.285714286,3.285714286,3.106877499,3.137535789,3.390285714,3.390285714,3.569122501,3.538464211
11/10/21 0:00,3.285714286,3.285714286,3.106877499,3.137535789,3.425285714,3.425285714,3.604122501,3.573464211
12/10/21 0:00,3.285714286,3.285714286,3.106877499,3.137535789,3.420285714,3.420285714,3.599122501,3.568464211
13/10/21 0:00,3.285714286,3.285714286,3.106877499,3.137535789,3.360285714,3.360285714,3.539122501,3.508464211
14/10/21 0:00,3.285714286,3.285714286,3.106877499,3.137535789,3.359285714,3.359285714,3.538122501,3.507464211
15/10/21 0:00,3.285714286,3.285714286,3.106877499,3.137535789,3.419285714,3.419285714,3.598122501,3.567464211
18/10/21 0:00,3.285714286,3.285714286,3.106877499,3.137535789,3.509285714,3.509285714,3.688122501,3.657464211
19/10/21 0:00,3.285714286,3.285714286,3.106877499,3.137535789,3.519285714,3.519285714,3.698122501,3.667464211
20/10/21 0:00,3.285714286,3.285714286,3.106877499,3.137535789,3.549285714,3.549285714,3.728122501,3.697464211
21/10/21 0:00,3.285714286,3.285714286,3.106877499,3.137535789,3.619285714,3.619285714,3.798122501,3.767464211
22/10/21 0:00,3.285714286,3.285714286,3.106877499,3.137535789,3.612285714,3.612285714,3.791122501,3.760464211
25/10/21 0:00,3.285714286,3.285714286,3.106877499,3.137535789,3.745285714,3.745285714,3.924122501,3.893464211
26/10/21 0:00,3.285714286,3.285714286,3.106877499,3.137535789,3.710285714,3.710285714,3.889122501,3.858464211
27/10/21 0:00,3.285714286,3.285714286,3.106877499,3.137535789,3.680285714,3.680285714,3.859122501,3.828464211
28/10/21 0:00,3.285714286,3.285714286,3.106877499,3.137535789,3.760285714,3.760285714,3.939122501,3.908464211
29/10/21 0:00,3.285714286,3.285714286,3.106877499,3.137535789,3.800285714,3.800285714,3.979122501,3.948464211
01/11/21 0:00,3.285714286,3.285714286,3.106877499,3.137535789,3.875285714,3.875285714,4.054122501,4.023464211
03/11/21 0:00,3.285714286,3.285714286,3.106877499,3.137535789,3.905285714,3.905285714,4.084122501,4.053464211
04/11/21 0:00,3.285714286,3.285714286,3.106877499,3.137535789,3.770285714,3.770285714,3.949122501,3.918464211
05/11/21 0:00,3.285714286,3.285714286,3.106877499,3.137535789,3.660285714,3.660285714,3.839122501,3.808464211
08/11/21 0:00,3.285714286,3.285714286,3.106877499,3.137535789,3.720285714,3.720285714,3.899122501,3.868464211
09/11/21 0:00,3.285714286,3.285714286,3.106877499,3.137535789,3.745285714,3.745285714,3.924122501,3.893464211
10/11/21 0:00,3.285714286,3.285714286,3.106877499,3.137535789,3.830285714,3.830285714,4.009122501,3.978464211
11/11/21 0:00,3.285714286,3.285714286,3.106877499,3.137535789,3.620285714,3.620285714,3.799122501,3.768464211
12/11/21 0:00,3.285714286,3.285714286,3.106877499,3.137535789,3.700285714,3.700285714,3.879122501,3.848464211
16/11/21 0:00,3.285714286,3.285714286,3.106877499,3.137535789,3.700285714,3.700285714,3.879122501,3.848464211
17/11/21 0:00,3.285714286,3.285714286,3.106877499,3.137535789,3.744285714,3.744285714,3.923122501,3.892464211
18/11/21 0:00,3.285714286,3.285714286,3.106877499,3.137535789,3.840285714,3.840285714,4.019122501,3.988464211
19/11/21 0:00,3.285714286,3.285714286,3.106877499,3.137535789,3.830285714,3.830285714,4.009122501,3.978464211
22/11/21 0:00,3.285714286,3.285714286,3.106877499,3.137535789,3.950285714,3.950285714,4.129122501,4.098464211
23/11/21 0:00,3.285714286,3.285714286,3.106877499,3.137535789,4.310285714,4.310285714,4.489122501,4.458464211
24/11/21 0:00,3.285714286,3.285714286,3.106877499,3.137535789,4.405285714,4.405285714,4.584122501,4.553464211
25/11/21 0:00,3.285714286,3.285714286,3.106877499,3.137535789,4.310285714,4.310285714,4.489122501,4.458464211
26/11/21 0:00,3.285714286,3.285714286,3.106877499,3.137535789,4.140285714,4.140285714,4.319122501,4.288464211
29/11/21 0:00,3.285714286,3.285714286,3.106877499,3.137535789,4.150285714,4.150285714,4.329122501,4.298464211
30/11/21 0:00,3.285714286,3.285714286,3.106877499,3.137535789,4.000285714,4.000285714,4.179122501,4.148464211
01/12/21 0:00,3.285714286,3.285714286,3.106877499,3.137535789,4.050285714,4.050285714,4.229122501,4.198464211
02/12/21 0:00,3.285714286,3.285714286,3.106877499,3.137535789,4.010285714,4.010285714,4.189122501,4.158464211
03/12/21 0:00,3.285714286,3.285714286,3.106877499,3.137535789,3.914285714,3.914285714,4.093122501,4.062464211
06/12/21 0:00,3.285714286,3.285714286,3.106877499,3.137535789,3.920285714,3.920285714,4.099122501,4.068464211
07/12/21 0:00,3.285714286,3.285714286,3.106877499,3.137535789,3.904285714,3.904285714,4.083122501,4.052464211
08/12/21 0:00,3.285714286,3.285714286,3.106877499,3.137535789,3.890285714,3.890285714,4.069122501,4.038464211
09/12/21 0:00,3.285714286,3.285714286,3.106877499,3.137535789,3.900285714,3.900285714,4.079122501,4.048464211
10/12/21 0:00,3.285714286,3.285714286,3.106877499,3.137535789,3.900285714,3.900285714,4.079122501,4.048464211
13/12/21 0:00,3.285714286,3.285714286,3.106877499,3.137535789,3.880285714,3.880285714,4.059122501,4.028464211
14/12/21 0:00,3.285714286,3.285714286,3.106877499,3.137535789,3.910285714,3.910285714,4.089122501,4.058464211
15/12/21 0:00,3.285714286,3.285714286,3.106877499,3.137535789,3.900285714,3.900285714,4.079122501,4.048464211
16/12/21 0:00,3.285714286,3.285714286,3.106877499,3.137535789,3.980285714,3.980285714,4.159122501,4.128464211
17/12/21 0:00,3.285714286,3.285714286,3.106877499,3.137535789,3.950285714,3.950285714,4.129122501,4.098464211
20/12/21 0:00,3.285714286,3.285714286,3.106877499,3.137535789,3.970285714,3.970285714,4.149122501,4.118464211
21/12/21 0:00,3.285714286,3.285714286,3.106877499,3.137535789,4.050285714,4.050285714,4.229122501,4.198464211
22/12/21 0:00,3.285714286,3.285714286,3.106877499,3.137535789,4.060285714,4.060285714,4.239122501,4.208464211
23/12/21 0:00,3.285714286,3.285714286,3.106877499,3.137535789,4.060285714,4.060285714,4.239122501,4.208464211
24/12/21 0:00,3.285714286,3.285714286,3.106877499,3.137535789,3.940285714,3.940285714,4.119122501,4.088464211
27/12/21 0:00,3.285714286,3.285714286,3.106877499,3.137535789,4.130285714,4.130285714,4.309122501,4.278464211
28/12/21 0:00,3.285714286,3.285714286,3.106877499,3.137535789,4.090285714,4.090285714,4.269122501,4.238464211
29/12/21 0:00,3.285714286,3.285714286,3.106877499,3.137535789,4.130285714,4.130285714,4.309122501,4.278464211
30/12/21 0:00,3.285714286,3.285714286,3.106877499,3.137535789,4.120285714,4.120285714,4.299122501,4.268464211
31/12/21 0:00,3.285714286,3.285714286,3.106877499,3.137535789,4.130285714,4.130285714,4.309122501,4.278464211
03/01/22 0:00,3.285714286,3.285714286,3.106877499,3.137535789,4.250285714,4.250285714,4.429122501,4.398464211
04/01/22 0:00,3.285714286,3.285714286,3.106877499,3.137535789,4.390285714,4.390285714,4.569122501,4.538464211
05/01/22 0:00,3.285714286,3.285714286,3.106877499,3.137535789,4.424285714,4.424285714,4.603122501,4.572464211
06/01/22 0:00,3.285714286,3.285714286,3.106877499,3.137535789,4.430285714,4.430285714,4.609122501,4.578464211
07/01/22 0:00,3.285714286,3.285714286,3.106877499,3.137535789,4.738285714,4.738285714,4.917122501,4.886464211
10/01/22 0:00,3.285714286,3.285714286,3.106877499,3.137535789,4.420285714,4.420285714,4.599122501,4.568464211
11/01/22 0:00,3.285714286,3.285714286,3.106877499,3.137535789,4.410285714,4.410285714,4.589122501,4.558464211
12/01/22 0:00,3.285714286,3.285714286,3.106877499,3.137535789,4.375285714,4.375285714,4.554122501,4.523464211
13/01/22 0:00,3.285714286,3.285714286,3.106877499,3.137535789,4.420285714,4.420285714,4.599122501,4.568464211
14/01/22 0:00,3.285714286,3.285714286,3.106877499,3.137535789,4.300285714,4.300285714,4.479122501,4.448464211
17/01/22 0:00,3.285714286,3.285714286,3.106877499,3.137535789,4.340285714,4.340285714,4.519122501,4.488464211
18/01/22 0:00,3.285714286,3.285714286,3.106877499,3.137535789,4.385285714,4.385285714,4.564122501,4.533464211
19/01/22 0:00,3.285714286,3.285714286,3.106877499,3.137535789,4.324285714,4.324285714,4.503122501,4.472464211
20/01/22 0:00,3.285714286,3.285714286,3.106877499,3.137535789,4.260285714,4.260285714,4.439122501,4.408464211
21/01/22 0:00,3.285714286,3.285714286,3.106877499,3.137535789,4.200285714,4.200285714,4.379122501,4.348464211
24/01/22 0:00,3.285714286,3.285714286,3.106877499,3.137535789,4.190285714,4.190285714,4.369122501,4.338464211
25/01/22 0:00,3.285714286,3.285714286,3.106877499,3.137535789,4.200285714,4.200285714,4.379122501,4.348464211
26/01/22 0:00,3.285714286,3.285714286,3.106877499,3.137535789,4.180285714,4.180285714,4.359122501,4.328464211
27/01/22 0:00,3.285714286,3.285714286,3.106877499,3.137535789,4.330285714,4.330285714,4.509122501,4.478464211
28/01/22 0:00,3.285714286,3.285714286,3.106877499,3.137535789,4.330285714,4.330285714,4.509122501,4.478464211
31/01/22 0:00,3.285714286,3.285714286,3.106877499,3.137535789,4.250285714,4.250285714,4.429122501,4.398464211
01/02/22 0:00,3.285714286,3.285714286,3.106877499,3.137535789,4.230285714,4.230285714,4.409122501,4.378464211
02/02/22 0:00,3.285714286,3.285714286,3.106877499,3.137535789,4.210285714,4.210285714,4.389122501,4.358464211
03/02/22 0:00,3.285714286,3.285714286,3.106877499,3.137535789,4.200285714,4.200285714,4.379122501,4.348464211
04/02/22 0:00,3.285714286,3.285714286,3.106877499,3.137535789,4.254285714,4.254285714,4.433122501,4.402464211
08/02/22 0:00,3.285714286,3.285714286,3.106877499,3.137535789,4.300285714,4.300285714,4.479122501,4.448464211
09/02/22 0:00,3.285714286,3.285714286,3.106877499,3.137535789,4.320285714,4.320285714,4.499122501,4.468464211
10/02/22 0:00,3.285714286,3.285714286,3.106877499,3.137535789,4.460285714,4.460285714,4.639122501,4.608464211
11/02/22 0:00,3.285714286,3.285714286,3.106877499,3.137535789,4.470285714,4.470285714,4.649122501,4.618464211
14/02/22 0:00,3.285714286,3.285714286,3.106877499,3.137535789,4.510285714,4.510285714,4.689122501,4.658464211
15/02/22 0:00,3.285714286,3.285714286,3.106877499,3.137535789,4.500285714,4.500285714,4.679122501,4.648464211
16/02/22 0:00,3.285714286,3.285714286,3.106877499,3.137535789,4.460285714,4.460285714,4.639122501,4.608464211
17/02/22 0:00,3.285714286,3.285714286,3.106877499,3.137535789,4.450285714,4.450285714,4.629122501,4.598464211
18/02/22 0:00,3.285714286,3.285714286,3.106877499,3.137535789,4.470285714,4.470285714,4.649122501,4.618464211
21/02/22 0:00,3.285714286,3.285714286,3.106877499,3.137535789,4.470285714,4.470285714,4.649122501,4.618464211
22/02/22 0:00,3.285714286,3.285714286,3.106877499,3.137535789,4.444285714,4.444285714,4.623122501,4.592464211
23/02/22 0:00,3.285714286,3.285714286,3.106877499,3.137535789,4.484285714,4.484285714,4.663122501,4.632464211
24/02/22 0:00,3.285714286,3.285714286,3.106877499,3.137535789,4.544285714,4.544285714,4.723122501,4.692464211
25/02/22 0:00,3.285714286,3.285714286,3.106877499,3.137535789,4.534285714,4.534285714,4.713122501,4.682464211
28/02/22 0:00,3.285714286,3.285714286,3.106877499,3.137535789,4.486285714,4.486285714,4.665122501,4.634464211
01/03/22 0:00,3.285714286,3.285714286,3.106877499,3.137535789,4.506285714,4.506285714,4.685122501,4.654464211
02/03/22 0:00,3.285714286,3.285714286,3.106877499,3.137535789,4.564285714,4.564285714,4.743122501,4.712464211
03/03/22 0:00,3.285714286,3.285714286,3.106877499,3.137535789,4.574285714,4.574285714,4.753122501,4.722464211
04/03/22 0:00,3.285714286,3.285714286,3.106877499,3.137535789,4.664285714,4.664285714,4.843122501,4.812464211
07/03/22 0:00,3.285714286,3.285714286,3.106877499,3.137535789,4.854285714,4.854285714,5.033122501,5.002464211
08/03/22 0:00,3.285714286,3.285714286,3.106877499,3.137535789,5.014285714,5.014285714,5.193122501,5.162464211
09/03/22 0:00,3.285714286,3.285714286,3.106877499,3.137535789,4.959285714,4.959285714,5.138122501,5.107464211
10/03/22 0:00,3.285714286,3.285714286,3.106877499,3.137535789,5.104285714,5.104285714,5.283122501,5.252464211
11/03/22 0:00,3.285714286,3.285714286,3.106877499,3.137535789,5.164285714,5.164285714,5.343122501,5.312464211
14/03/22 0:00,3.285714286,3.285714286,3.106877499,3.137535789,5.274285714,5.274285714,5.453122501,5.422464211
15/03/22 0:00,3.285714286,3.285714286,3.106877499,3.137535789,5.274285714,5.274285714,5.453122501,5.422464211
16/03/22 0:00,3.285714286,3.285714286,3.106877499,3.137535789,5.224285714,5.224285714,5.403122501,5.372464211
17/03/22 0:00,3.285714286,3.285714286,3.106877499,3.137535789,5.134285714,5.134285714,5.313122501,5.282464211
18/03/22 0:00,3.285714286,3.285714286,3.106877499,3.137535789,5.014285714,5.014285714,5.193122501,5.162464211
22/03/22 0:00,3.285714286,3.285714286,3.106877499,3.137535789,5.234285714,5.234285714,5.413122501,5.382464211
23/03/22 0:00,3.285714286,3.285714286,3.106877499,3.137535789,5.279285714,5.279285714,5.458122501,5.427464211
24/03/22 0:00,3.285714286,3.285714286,3.106877499,3.137535789,5.288285714,5.288285714,5.467122501,5.436464211
25/03/22 0:00,3.285714286,3.285714286,3.106877499,3.137535789,5.459285714,5.459285714,5.638122501,5.607464211
28/03/22 0:00,3.285714286,3.285714286,3.106877499,3.137535789,5.404285714,5.404285714,5.583122501,5.552464211
29/03/22 0:00,3.285714286,3.285714286,3.106877499,3.137535789,5.264285714,5.264285714,5.443122501,5.412464211
30/03/22 0:00,3.285714286,3.285714286,3.106877499,3.137535789,5.124285714,5.124285714,5.303122501,5.272464211
31/03/22 0:00,3.285714286,3.285714286,3.106877499,3.137535789,5.114285714,5.114285714,5.293122501,5.262464211
01/04/22 0:00,3.285714286,3.285714286,3.106877499,3.137535789,5.144285714,5.144285714,5.323122501,5.292464211
04/04/22 0:00,3.285714286,3.285714286,3.106877499,3.137535789,5.149285714,5.149285714,5.328122501,5.297464211
05/04/22 0:00,3.285714286,3.285714286,3.106877499,3.137535789,5.160285714,5.160285714,5.339122501,5.308464211
06/04/22 0:00,3.285714286,3.285714286,3.106877499,3.137535789,5.234285714,5.234285714,5.413122501,5.382464211
07/04/22 0:00,3.285714286,3.285714286,3.106877499,3.137535789,5.349285714,5.349285714,5.528122501,5.497464211
08/04/22 0:00,3.285714286,3.285714286,3.106877499,3.137535789,5.348285714,5.348285714,5.527122501,5.496464211
11/04/22 0:00,3.285714286,3.285714286,3.106877499,3.137535789,5.524285714,5.524285714,5.703122501,5.672464211
12/04/22 0:00,3.285714286,3.285714286,3.106877499,3.137535789,5.484285714,5.484285714,5.663122501,5.632464211
13/04/22 0:00,3.285714286,3.285714286,3.106877499,3.137535789,5.524285714,5.524285714,5.703122501,5.672464211
18/04/22 0:00,3.285714286,3.285714286,3.106877499,3.137535789,5.574285714,5.574285714,5.753122501,5.722464211
19/04/22 0:00,3.285714286,3.285714286,3.106877499,3.137535789,5.634285714,5.634285714,5.813122501,5.782464211
20/04/22 0:00,3.285714286,3.285714286,3.106877499,3.137535789,5.594285714,5.594285714,5.773122501,5.742464211
21/04/22 0:00,3.285714286,3.285714286,3.106877499,3.137535789,5.579285714,5.579285714,5.758122501,5.727464211
22/04/22 0:00,3.285714286,3.285714286,3.106877499,3.137535789,5.629285714,5.629285714,5.808122501,5.777464211
25/04/22 0:00,3.285714286,3.285714286,3.106877499,3.137535789,5.634285714,5.634285714,5.813122501,5.782464211
26/04/22 0:00,3.285714286,3.285714286,3.106877499,3.137535789,5.724285714,5.724285714,5.903122501,5.872464211
27/04/22 0:00,3.285714286,3.285714286,3.106877499,3.137535789,5.734285714,5.734285714,5.913122501,5.882464211
28/04/22 0:00,3.285714286,3.285714286,3.106877499,3.137535789,5.779285714,5.779285714,5.958122501,5.927464211
29/04/22 0:00,3.285714286,3.285714286,3.106877499,3.137535789,5.773285714,5.773285714,5.952122501,5.921464211
02/05/22 0:00,3.285714286,3.285714286,3.106877499,3.137535789,5.844285714,5.844285714,6.023122501,5.992464211
03/05/22 0:00,3.285714286,3.285714286,3.106877499,3.137535789,5.824285714,5.824285714,6.003122501,5.972464211
04/05/22 0:00,3.285714286,3.285714286,3.106877499,3.137535789,5.807285714,5.807285714,5.986122501,5.955464211
05/05/22 0:00,3.285714286,3.285714286,3.106877499,3.137535789,5.734285714,5.734285714,5.913122501,5.882464211
06/05/22 0:00,3.285714286,3.285714286,3.106877499,3.137535789,5.755285714,5.755285714,5.934122501,5.903464211
09/05/22 0:00,3.285714286,3.285714286,3.106877499,3.137535789,5.684285714,5.684285714,5.863122501,5.832464211
10/05/22 0:00,3.285714286,3.285714286,3.106877499,3.137535789,5.684285714,5.684285714,5.863122501,5.832464211
11/05/22 0:00,3.285714286,3.285714286,3.106877499,3.137535789,5.539285714,5.539285714,5.718122501,5.687464211
12/05/22 0:00,3.285714286,3.285714286,3.106877499,3.137535789,5.580285714,5.580285714,5.759122501,5.728464211
13/05/22 0:00,3.285714286,3.285714286,3.106877499,3.137535789,5.697285714,5.697285714,5.876122501,5.845464211
16/05/22 0:00,3.285714286,3.285714286,3.106877499,3.137535789,5.574285714,5.574285714,5.753122501,5.722464211
17/05/22 0:00,3.285714286,3.285714286,3.106877499,3.137535789,5.704285714,5.704285714,5.883122501,5.852464211
18/05/22 0:00,3.285714286,3.285714286,3.106877499,3.137535789,5.614285714,5.614285714,5.793122501,5.762464211
19/05/22 0:00,3.285714286,3.285714286,3.106877499,3.137535789,5.584285714,5.584285714,5.763122501,5.732464211
20/05/22 0:00,3.285714286,3.285714286,3.106877499,3.137535789,5.474285714,5.474285714,5.653122501,5.622464211
23/05/22 0:00,3.285714286,3.285714286,3.106877499,3.137535789,5.444285714,5.444285714,5.623122501,5.592464211
24/05/22 0:00,3.285714286,3.285714286,3.106877499,3.137535789,5.384285714,5.384285714,5.563122501,5.532464211
25/05/22 0:00,3.285714286,3.285714286,3.106877499,3.137535789,5.314285714,5.314285714,5.493122501,5.462464211
26/05/22 0:00,3.285714286,3.285714286,3.106877499,3.137535789,5.414285714,5.414285714,5.593122501,5.562464211
27/05/22 0:00,3.285714286,3.285714286,3.106877499,3.137535789,5.414285714,5.414285714,5.593122501,5.562464211
30/05/22 0:00,3.285714286,3.285714286,3.106877499,3.137535789,5.424285714,5.424285714,5.603122501,5.572464211
31/05/22 0:00,3.285714286,3.285714286,3.106877499,3.137535789,5.544285714,5.544285714,5.723122501,5.692464211
01/06/22 0:00,3.285714286,3.285714286,3.106877499,3.137535789,5.604285714,5.604285714,5.783122501,5.752464211
02/06/22 0:00,3.285714286,3.285714286,3.106877499,3.137535789,5.614285714,5.614285714,5.793122501,5.762464211
03/06/22 0:00,3.285714286,3.285714286,3.106877499,3.137535789,5.664285714,5.664285714,5.843122501,5.812464211
06/06/22 0:00,3.285714286,3.285714286,3.106877499,3.137535789,5.804285714,5.804285714,5.983122501,5.952464211
07/06/22 0:00,3.285714286,3.285714286,3.106877499,3.137535789,5.784285714,5.784285714,5.963122501,5.932464211
08/06/22 0:00,3.285714286,3.285714286,3.106877499,3.137535789,5.854285714,5.854285714,6.033122501,6.002464211
09/06/22 0:00,3.285714286,3.285714286,3.106877499,3.137535789,5.832285714,5.832285714,6.011122501,5.980464211
10/06/22 0:00,3.285714286,3.285714286,3.106877499,3.137535789,5.974285714,5.974285714,6.153122501,6.122464211
13/06/22 0:00,3.285714286,3.285714286,3.106877499,3.137535789,6.134285714,6.134285714,6.313122501,6.282464211
14/06/22 0:00,3.285714286,3.285714286,3.106877499,3.137535789,6.254285714,6.254285714,6.433122501,6.402464211
15/06/22 0:00,3.285714286,3.285714286,3.106877499,3.137535789,6.171285714,6.171285714,6.350122501,6.319464211
16/06/22 0:00,3.285714286,3.285714286,3.106877499,3.137535789,6.117285714,6.117285714,6.296122501,6.265464211
17/06/22 0:00,3.285714286,3.285714286,3.106877499,3.137535789,6.164285714,6.164285714,6.343122501,6.312464211
20/06/22 0:00,3.285714286,3.285714286,3.106877499,3.137535789,6.134285714,6.134285714,6.313122501,6.282464211
21/06/22 0:00,3.285714286,3.285714286,3.106877499,3.137535789,6.164285714,6.164285714,6.343122501,6.312464211
22/06/22 0:00,3.285714286,3.285714286,3.106877499,3.137535789,6.054285714,6.054285714,6.233122501,6.202464211
23/06/22 0:00,3.285714286,3.285714286,3.106877499,3.137535789,5.904285714,5.904285714,6.083122501,6.052464211
24/06/22 0:00,3.285714286,3.285714286,3.106877499,3.137535789,5.904285714,5.904285714,6.083122501,6.052464211
27/06/22 0:00,3.285714286,3.285714286,3.106877499,3.137535789,5.914285714,5.914285714,6.093122501,6.062464211
28/06/22 0:00,3.285714286,3.285714286,3.106877499,3.137535789,5.934285714,5.934285714,6.113122501,6.082464211
29/06/22 0:00,3.285714286,3.285714286,3.106877499,3.137535789,5.984285714,5.984285714,6.163122501,6.132464211
30/06/22 0:00,3.285714286,3.285714286,3.106877499,3.137535789,5.954285714,5.954285714,6.133122501,6.102464211
01/07/22 0:00,3.285714286,3.285714286,3.106877499,3.137535789,5.834285714,5.834285714,6.013122501,5.982464211
04/07/22 0:00,3.285714286,3.285714286,3.106877499,3.137535789,5.874285714,5.874285714,6.053122501,6.022464211
05/07/22 0:00,3.285714286,3.285714286,3.106877499,3.137535789,5.814285714,5.814285714,5.993122501,5.962464211
06/07/22 0:00,3.285714286,3.285714286,3.106877499,3.137535789,5.904285714,5.904285714,6.083122501,6.052464211
07/07/22 0:00,3.285714286,3.285714286,3.106877499,3.137535789,5.904285714,5.904285714,6.083122501,6.052464211
08/07/22 0:00,3.285714286,3.285714286,3.106877499,3.137535789,5.874285714,5.874285714,6.053122501,6.022464211
11/07/22 0:00,3.285714286,3.285714286,3.106877499,3.137535789,5.904285714,5.904285714,6.083122501,6.052464211
12/07/22 0:00,3.285714286,3.285714286,3.106877499,3.137535789,5.944285714,5.944285714,6.123122501,6.092464211
13/07/22 0:00,3.285714286,3.285714286,3.106877499,3.137535789,5.944285714,5.944285714,6.123122501,6.092464211
14/07/22 0:00,3.285714286,3.285714286,3.106877499,3.137535789,6.014285714,6.014285714,6.193122501,6.162464211
15/07/22 0:00,3.285714286,3.285714286,3.106877499,3.137535789,5.974285714,5.974285714,6.153122501,6.122464211
18/07/22 0:00,3.285714286,3.285714286,3.106877499,3.137535789,6.024285714,6.024285714,6.203122501,6.172464211
19/07/22 0:00,3.285714286,3.285714286,3.106877499,3.137535789,6.074285714,6.074285714,6.253122501,6.222464211
20/07/22 0:00,3.285714286,3.285714286,3.106877499,3.137535789,6.034285714,6.034285714,6.213122501,6.182464211
21/07/22 0:00,3.285714286,3.285714286,3.106877499,3.137535789,5.954285714,5.954285714,6.133122501,6.102464211
22/07/22 0:00,3.285714286,3.285714286,3.106877499,3.137535789,5.704285714,5.704285714,5.883122501,5.852464211
25/07/22 0:00,3.285714286,3.285714286,3.106877499,3.137535789,5.634285714,5.634285714,5.813122501,5.782464211
26/07/22 0:00,3.285714286,3.285714286,3.106877499,3.137535789,5.654285714,5.654285714,5.833122501,5.802464211
27/07/22 0:00,3.285714286,3.285714286,3.106877499,3.137535789,5.634285714,5.634285714,5.813122501,5.782464211
28/07/22 0:00,3.285714286,3.285714286,3.106877499,3.137535789,5.454285714,5.454285714,5.633122501,5.602464211
29/07/22 0:00,3.285714286,3.285714286,3.106877499,3.137535789,5.324285714,5.324285714,5.503122501,5.472464211
01/08/22 0:00,3.285714286,3.285714286,3.106877499,3.137535789,5.184285714,5.184285714,5.363122501,5.332464211
02/08/22 0:00,3.285714286,3.285714286,3.106877499,3.137535789,5.304285714,5.304285714,5.483122501,5.452464211
03/08/22 0:00,3.285714286,3.285714286,3.106877499,3.137535789,5.214285714,5.214285714,5.393122501,5.362464211
04/08/22 0:00,3.285714286,3.285714286,3.106877499,3.137535789,5.184285714,5.184285714,5.363122501,5.332464211
05/08/22 0:00,3.285714286,3.285714286,3.106877499,3.137535789,5.254285714,5.254285714,5.433122501,5.402464211
08/08/22 0:00,3.285714286,3.285714286,3.106877499,3.137535789,5.187285714,5.187285714,5.366122501,5.335464211
09/08/22 0:00,3.285714286,3.285714286,3.106877499,3.137535789,5.294285714,5.294285714,5.473122501,5.442464211
10/08/22 0:00,3.285714286,3.285714286,3.106877499,3.137535789,5.204285714,5.204285714,5.383122501,5.352464211
11/08/22 0:00,3.285714286,3.285714286,3.106877499,3.137535789,5.234285714,5.234285714,5.413122501,5.382464211
12/08/22 0:00,3.285714286,3.285714286,3.106877499,3.137535789,5.274285714,5.274285714,5.453122501,5.422464211
15/08/22 0:00,3.285714286,3.285714286,3.106877499,3.137535789,5.244285714,5.244285714,5.423122501,5.392464211
16/08/22 0:00,3.285714286,3.285714286,3.106877499,3.137535789,5.234285714,5.234285714,5.413122501,5.382464211
17/08/22 0:00,3.285714286,3.285714286,3.106877499,3.137535789,5.304285714,5.304285714,5.483122501,5.452464211
18/08/22 0:00,3.285714286,3.285714286,3.106877499,3.137535789,5.424285714,5.424285714,5.603122501,5.572464211
19/08/22 0:00,3.285714286,3.285714286,3.106877499,3.137535789,5.544285714,5.544285714,5.723122501,5.692464211
22/08/22 0:00,3.285714286,3.285714286,3.106877499,3.137535789,5.629285714,5.629285714,5.808122501,5.777464211
23/08/22 0:00,3.285714286,3.285714286,3.106877499,3.137535789,5.604285714,5.604285714,5.783122501,5.752464211
24/08/22 0:00,3.285714286,3.285714286,3.106877499,3.137535789,5.654285714,5.654285714,5.833122501,5.802464211
25/08/22 0:00,3.285714286,3.285714286,3.106877499,3.137535789,5.604285714,5.604285714,5.783122501,5.752464211
26/08/22 0:00,3.285714286,3.285714286,3.106877499,3.137535789,5.714285714,5.714285714,5.893122501,5.862464211
29/08/22 0:00,3.285714286,3.285714286,3.106877499,3.137535789,5.794285714,5.794285714,5.973122501,5.942464211
30/08/22 0:00,3.285714286,3.285714286,3.106877499,3.137535789,5.864285714,5.864285714,6.043122501,6.012464211
31/08/22 0:00,3.285714286,3.285714286,3.106877499,3.137535789,5.824285714,5.824285714,6.003122501,5.972464211
01/09/22 0:00,3.285714286,3.285714286,3.106877499,3.137535789,5.874285714,5.874285714,6.053122501,6.022464211
02/09/22 0:00,3.285714286,3.285714286,3.106877499,3.137535789,5.754285714,5.754285714,5.933122501,5.902464211
05/09/22 0:00,3.285714286,3.285714286,3.106877499,3.137535789,5.784285714,5.784285714,5.963122501,5.932464211
06/09/22 0:00,3.285714286,3.285714286,3.106877499,3.137535789,5.884285714,5.884285714,6.063122501,6.032464211
07/09/22 0:00,3.285714286,3.285714286,3.106877499,3.137535789,5.814285714,5.814285714,5.993122501,5.962464211
08/09/22 0:00,3.285714286,3.285714286,3.106877499,3.137535789,5.784285714,5.784285714,5.963122501,5.932464211
09/09/22 0:00,3.285714286,3.285714286,3.106877499,3.137535789,5.734285714,5.734285714,5.913122501,5.882464211
12/09/22 0:00,3.285714286,3.285714286,3.106877499,3.137535789,5.734285714,5.734285714,5.913122501,5.882464211
13/09/22 0:00,3.285714286,3.285714286,3.106877499,3.137535789,5.944285714,5.944285714,6.123122501,6.092464211
14/09/22 0:00,3.285714286,3.285714286,3.106877499,3.137535789,6.024285714,6.024285714,6.203122501,6.172464211
15/09/22 0:00,3.285714286,3.285714286,3.106877499,3.137535789,6.124285714,6.124285714,6.303122501,6.272464211
19/09/22 0:00,3.285714286,3.285714286,3.106877499,3.137535789,6.124285714,6.124285714,6.303122501,6.272464211
20/09/22 0:00,3.285714286,3.285714286,3.106877499,3.137535789,6.194285714,6.194285714,6.373122501,6.342464211
21/09/22 0:00,3.285714286,3.285714286,3.106877499,3.137535789,6.179285714,6.179285714,6.358122501,6.327464211
22/09/22 0:00,2.928571429,2.928571429,2.87308298,2.929453655,6.621428571,6.621428571,6.67691702,6.620546345
23/09/22 0:00,2.928571429,2.928571429,2.87308298,2.929453655,6.681428571,6.681428571,6.73691702,6.680546345
26/09/22 0:00,2.928571429,2.928571429,2.87308298,2.929453655,6.981428571,6.981428571,7.03691702,6.980546345
27/09/22 0:00,2.928571429,2.928571429,2.87308298,2.929453655,6.951428571,6.951428571,7.00691702,6.950546345
28/09/22 0:00,2.928571429,2.928571429,2.87308298,2.929453655,6.791428571,6.791428571,6.84691702,6.790546345
29/09/22 0:00,2.928571429,2.928571429,2.87308298,2.929453655,6.841428571,6.841428571,6.89691702,6.840546345
30/09/22 0:00,2.928571429,2.928571429,2.87308298,2.929453655,6.831428571,6.831428571,6.88691702,6.830546345
03/10/22 0:00,2.928571429,2.928571429,2.87308298,2.929453655,6.721428571,6.721428571,6.77691702,6.720546345
04/10/22 0:00,2.928571429,2.928571429,2.87308298,2.929453655,6.721428571,6.721428571,6.77691702,6.720546345
05/10/22 0:00,2.928571429,2.928571429,2.87308298,2.929453655,6.741428571,6.741428571,6.79691702,6.740546345
06/10/22 0:00,2.928571429,2.928571429,2.87308298,2.929453655,6.761428571,6.761428571,6.81691702,6.760546345
07/10/22 0:00,2.928571429,2.928571429,2.87308298,2.929453655,6.836428571,6.836428571,6.89191702,6.835546345
10/10/22 0:00,2.928571429,2.928571429,2.87308298,2.929453655,6.951428571,6.951428571,7.00691702,6.950546345
11/10/22 0:00,2.928571429,2.928571429,2.87308298,2.929453655,6.961428571,6.961428571,7.01691702,6.960546345
12/10/22 0:00,2.928571429,2.928571429,2.87308298,2.929453655,6.901428571,6.901428571,6.95691702,6.900546345
13/10/22 0:00,2.928571429,2.928571429,2.87308298,2.929453655,6.966428571,6.966428571,7.02191702,6.965546345
14/10/22 0:00,2.928571429,2.928571429,2.87308298,2.929453655,7.031428571,7.031428571,7.08691702,7.030546345
17/10/22 0:00,2.928571429,2.928571429,2.87308298,2.929453655,7.021428571,7.021428571,7.07691702,7.020546345
18/10/22 0:00,2.928571429,2.928571429,2.87308298,2.929453655,7.031428571,7.031428571,7.08691702,7.030546345
19/10/22 0:00,2.928571429,2.928571429,2.87308298,2.929453655,7.101428571,7.101428571,7.15691702,7.100546345
20/10/22 0:00,2.928571429,2.928571429,2.87308298,2.929453655,7.131428571,7.131428571,7.18691702,7.130546345
21/10/22 0:00,2.928571429,2.928571429,2.87308298,2.929453655,7.061428571,7.061428571,7.11691702,7.060546345
24/10/22 0:00,2.928571429,2.928571429,2.87308298,2.929453655,7.111428571,7.111428571,7.16691702,7.110546345
25/10/22 0:00,2.928571429,2.928571429,2.87308298,2.929453655,7.001428571,7.001428571,7.05691702,7.000546345
26/10/22 0:00,2.928571429,2.928571429,2.87308298,2.929453655,6.911428571,6.911428571,6.96691702,6.910546345
27/10/22 0:00,2.928571429,2.928571429,2.87308298,2.929453655,6.841428571,6.841428571,6.89691702,6.840546345
28/10/22 0:00,2.928571429,2.928571429,2.87308298,2.929453655,6.841428571,6.841428571,6.89691702,6.840546345
31/10/22 0:00,2.928571429,2.928571429,2.87308298,2.929453655,6.931428571,6.931428571,6.98691702,6.930546345
01/11/22 0:00,2.928571429,2.928571429,2.87308298,2.929453655,6.901428571,6.901428571,6.95691702,6.900546345
03/11/22 0:00,2.928571429,2.928571429,2.87308298,2.929453655,6.931428571,6.931428571,6.98691702,6.930546345
04/11/22 0:00,2.928571429,2.928571429,2.87308298,2.929453655,6.881428571,6.881428571,6.93691702,6.880546345
07/11/22 0:00,2.928571429,2.928571429,2.87308298,2.929453655,6.881428571,6.881428571,6.93691702,6.880546345
08/11/22 0:00,2.928571429,2.928571429,2.87308298,2.929453655,6.771428571,6.771428571,6.82691702,6.770546345
09/11/22 0:00,2.928571429,2.928571429,2.87308298,2.929453655,6.661428571,6.661428571,6.71691702,6.660546345
10/11/22 0:00,2.928571429,2.928571429,2.87308298,2.929453655,6.251428571,6.251428571,6.30691702,6.250546345
11/11/22 0:00,2.928571429,2.928571429,2.87308298,2.929453655,6.201428571,6.201428571,6.25691702,6.200546345
14/11/22 0:00,2.928571429,2.928571429,2.87308298,2.929453655,6.261428571,6.261428571,6.31691702,6.260546345
15/11/22 0:00,2.928571429,2.928571429,2.87308298,2.929453655,6.211428571,6.211428571,6.26691702,6.210546345
16/11/22 0:00,2.928571429,2.928571429,2.87308298,2.929453655,6.191428571,6.191428571,6.24691702,6.190546345
17/11/22 0:00,2.928571429,2.928571429,2.87308298,2.929453655,6.351428571,6.351428571,6.40691702,6.350546345
18/11/22 0:00,2.928571429,2.928571429,2.87308298,2.929453655,6.321428571,6.321428571,6.37691702,6.320546345
22/11/22 0:00,2.928571429,2.928571429,2.87308298,2.929453655,6.291428571,6.291428571,6.34691702,6.290546345
23/11/22 0:00,2.928571429,2.928571429,2.87308298,2.929453655,6.271428571,6.271428571,6.32691702,6.270546345
24/11/22 0:00,2.928571429,2.928571429,2.87308298,2.929453655,6.271428571,6.271428571,6.32691702,6.270546345
25/11/22 0:00,2.928571429,2.928571429,2.87308298,2.929453655,6.301428571,6.301428571,6.35691702,6.300546345
28/11/22 0:00,2.928571429,2.928571429,2.87308298,2.929453655,6.431428571,6.431428571,6.48691702,6.430546345
29/11/22 0:00,2.928571429,2.928571429,2.87308298,2.929453655,6.441428571,6.441428571,6.49691702,6.440546345
30/11/22 0:00,2.928571429,2.928571429,2.87308298,2.929453655,6.361428571,6.361428571,6.41691702,6.360546345
01/12/22 0:00,2.928571429,2.928571429,2.87308298,2.929453655,6.191428571,6.191428571,6.24691702,6.190546345
02/12/22 0:00,2.928571429,2.928571429,2.87308298,2.929453655,6.131428571,6.131428571,6.18691702,6.130546345
05/12/22 0:00,2.928571429,2.928571429,2.87308298,2.929453655,6.211428571,6.211428571,6.26691702,6.210546345
06/12/22 0:00,2.928571429,2.928571429,2.87308298,2.929453655,6.211428571,6.211428571,6.26691702,6.210546345
07/12/22 0:00,2.928571429,2.928571429,2.87308298,2.929453655,6.041428571,6.041428571,6.09691702,6.040546345
08/12/22 0:00,2.928571429,2.928571429,2.87308298,2.929453655,6.011428571,6.011428571,6.06691702,6.010546345
09/12/22 0:00,2.928571429,2.928571429,2.87308298,2.929453655,5.946428571,5.946428571,6.00191702,5.945546345
13/12/22 0:00,2.928571429,2.928571429,2.87308298,2.929453655,5.791428571,5.791428571,5.84691702,5.790546345
14/12/22 0:00,2.928571429,2.928571429,2.87308298,2.929453655,5.771428571,5.771428571,5.82691702,5.770546345
15/12/22 0:00,2.928571429,2.928571429,2.87308298,2.929453655,5.801428571,5.801428571,5.85691702,5.800546345
16/12/22 0:00,2.928571429,2.928571429,2.87308298,2.929453655,5.861428571,5.861428571,5.91691702,5.860546345
19/12/22 0:00,2.928571429,2.928571429,2.87308298,2.929453655,5.761428571,5.761428571,5.81691702,5.760546345
20/12/22 0:00,2.928571429,2.928571429,2.87308298,2.929453655,6.011428571,6.011428571,6.06691702,6.010546345
21/12/22 0:00,2.928571429,2.928571429,2.87308298,2.929453655,5.941428571,5.941428571,5.99691702,5.940546345
22/12/22 0:00,2.928571429,2.928571429,2.87308298,2.929453655,5.981428571,5.981428571,6.03691702,5.980546345
23/12/22 0:00,2.928571429,2.928571429,2.87308298,2.929453655,6.061428571,6.061428571,6.11691702,6.060546345
26/12/22 0:00,2.928571429,2.928571429,2.87308298,2.929453655,6.061428571,6.061428571,6.11691702,6.060546345
27/12/22 0:00,2.928571429,2.928571429,2.87308298,2.929453655,6.121428571,6.121428571,6.17691702,6.120546345
28/12/22 0:00,2.928571429,2.928571429,2.87308298,2.929453655,6.141428571,6.141428571,6.19691702,6.140546345
29/12/22 0:00,2.928571429,2.928571429,2.87308298,2.929453655,6.211428571,6.211428571,6.26691702,6.210546345
30/12/22 0:00,2.928571429,2.928571429,2.87308298,2.929453655,6.261428571,6.261428571,6.31691702,6.260546345
02/01/23 0:00,2.928571429,2.928571429,2.87308298,2.929453655,6.211428571,6.211428571,6.26691702,6.210546345
03/01/23 0:00,2.928571429,2.928571429,2.87308298,2.929453655,6.161428571,6.161428571,6.21691702,6.160546345
04/01/23 0:00,2.928571429,2.928571429,2.87308298,2.929453655,6.051428571,6.051428571,6.10691702,6.050546345
05/01/23 0:00,2.928571429,2.928571429,2.87308298,2.929453655,5.981428571,5.981428571,6.03691702,5.980546345
06/01/23 0:00,2.928571429,2.928571429,2.87308298,2.929453655,5.731428571,5.731428571,5.78691702,5.730546345
09/01/23 0:00,2.928571429,2.928571429,2.87308298,2.929453655,5.711428571,5.711428571,5.76691702,5.710546345
10/01/23 0:00,2.928571429,2.928571429,2.87308298,2.929453655,5.761428571,5.761428571,5.81691702,5.760546345
11/01/23 0:00,2.928571429,2.928571429,2.87308298,2.929453655,5.741428571,5.741428571,5.79691702,5.740546345
12/01/23 0:00,2.928571429,2.928571429,2.87308298,2.929453655,5.631428571,5.631428571,5.68691702,5.630546345
13/01/23 0:00,2.928571429,2.928571429,2.87308298,2.929453655,5.681428571,5.681428571,5.73691702,5.680546345
16/01/23 0:00,2.928571429,2.928571429,2.87308298,2.929453655,5.721428571,5.721428571,5.77691702,5.720546345
17/01/23 0:00,2.928571429,2.928571429,2.87308298,2.929453655,5.821428571,5.821428571,5.87691702,5.820546345
18/01/23 0:00,2.928571429,2.928571429,2.87308298,2.929453655,5.781428571,5.781428571,5.83691702,5.780546345
19/01/23 0:00,2.928571429,2.928571429,2.87308298,2.929453655,5.821428571,5.821428571,5.87691702,5.820546345
20/01/23 0:00,2.928571429,2.928571429,2.87308298,2.929453655,5.911428571,5.911428571,5.96691702,5.910546345
23/01/23 0:00,2.928571429,2.928571429,2.87308298,2.929453655,5.921428571,5.921428571,5.97691702,5.920546345
24/01/23 0:00,2.928571429,2.928571429,2.87308298,2.929453655,5.981428571,5.981428571,6.03691702,5.980546345
25/01/23 0:00,2.928571429,2.928571429,2.87308298,2.929453655,5.981428571,5.981428571,6.03691702,5.980546345
26/01/23 0:00,2.928571429,2.928571429,2.87308298,2.929453655,5.981428571,5.981428571,6.03691702,5.980546345
27/01/23 0:00,2.928571429,2.928571429,2.87308298,2.929453655,6.061428571,6.061428571,6.11691702,6.060546345
30/01/23 0:00,2.928571429,2.928571429,2.87308298,2.929453655,6.081428571,6.081428571,6.13691702,6.080546345
31/01/23 0:00,2.928571429,2.928571429,2.87308298,2.929453655,6.031428571,6.031428571,6.08691702,6.030546345
01/02/23 0:00,2.928571429,2.928571429,2.87308298,2.929453655,5.951428571,5.951428571,6.00691702,5.950546345
02/02/23 0:00,2.928571429,2.928571429,2.87308298,2.929453655,5.871428571,5.871428571,5.92691702,5.870546345
03/02/23 0:00,2.928571429,2.928571429,2.87308298,2.929453655,5.981428571,5.981428571,6.03691702,5.980546345
07/02/23 0:00,2.928571429,2.928571429,2.87308298,2.929453655,6.102428571,6.102428571,6.15791702,6.101546345
08/02/23 0:00,2.928571429,2.928571429,2.87308298,2.929453655,6.192428571,6.192428571,6.24791702,6.191546345
09/02/23 0:00,2.928571429,2.928571429,2.87308298,2.929453655,6.442428571,6.442428571,6.49791702,6.441546345
10/02/23 0:00,2.928571429,2.928571429,2.87308298,2.929453655,6.552428571,6.552428571,6.60791702,6.551546345
13/02/23 0:00,2.928571429,2.928571429,2.87308298,2.929453655,6.672428571,6.672428571,6.72791702,6.671546345
14/02/23 0:00,2.928571429,2.928571429,2.87308298,2.929453655,6.782428571,6.782428571,6.83791702,6.781546345
15/02/23 0:00,2.928571429,2.928571429,2.87308298,2.929453655,6.682428571,6.682428571,6.73791702,6.681546345
16/02/23 0:00,2.928571429,2.928571429,2.87308298,2.929453655,6.672428571,6.672428571,6.72791702,6.671546345
17/02/23 0:00,2.928571429,2.928571429,2.87308298,2.929453655,6.712428571,6.712428571,6.76791702,6.711546345
20/02/23 0:00,2.928571429,2.928571429,2.87308298,2.929453655,6.812428571,6.812428571,6.86791702,6.811546345
21/02/23 0:00,2.928571429,2.928571429,2.87308298,2.929453655,7.062428571,7.062428571,7.11791702,7.061546345
22/02/23 0:00,2.928571429,2.928571429,2.87308298,2.929453655,7.072428571,7.072428571,7.12791702,7.071546345
23/02/23 0:00,2.928571429,2.928571429,2.87308298,2.929453655,6.952428571,6.952428571,7.00791702,6.951546345
24/02/23 0:00,2.928571429,2.928571429,2.87308298,2.929453655,7.042428571,7.042428571,7.09791702,7.041546345
27/02/23 0:00,2.928571429,2.928571429,2.87308298,2.929453655,7.012428571,7.012428571,7.06791702,7.011546345
28/02/23 0:00,2.928571429,2.928571429,2.87308298,2.929453655,7.026428571,7.026428571,7.08191702,7.025546345
01/03/23 0:00,2.928571429,2.928571429,2.87308298,2.929453655,7.052428571,7.052428571,7.10791702,7.051546345
02/03/23 0:00,2.928571429,2.928571429,2.87308298,2.929453655,7.051428571,7.051428571,7.10691702,7.050546345
03/03/23 0:00,2.928571429,2.928571429,2.87308298,2.929453655,6.962428571,6.962428571,7.01791702,6.961546345
06/03/23 0:00,2.928571429,2.928571429,2.87308298,2.929453655,6.911428571,6.911428571,6.96691702,6.910546345
07/03/23 0:00,2.928571429,2.928571429,2.87308298,2.929453655,7.022428571,7.022428571,7.07791702,7.021546345
08/03/23 0:00,2.928571429,2.928571429,2.87308298,2.929453655,7.091428571,7.091428571,7.14691702,7.090546345
09/03/23 0:00,2.928571429,2.928571429,2.87308298,2.929453655,6.821428571,6.821428571,6.87691702,6.820546345
10/03/23 0:00,2.928571429,2.928571429,2.87308298,2.929453655,6.622428571,6.622428571,6.67791702,6.621546345
13/03/23 0:00,2.928571429,2.928571429,2.87308298,2.929453655,6.601428571,6.601428571,6.65691702,6.600546345
14/03/23 0:00,2.928571429,2.928571429,2.87308298,2.929453655,6.732428571,6.732428571,6.78791702,6.731546345
15/03/23 0:00,2.928571429,2.928571429,2.87308298,2.929453655,6.592428571,6.592428571,6.64791702,6.591546345
16/03/23 0:00,2.928571429,2.928571429,2.87308298,2.929453655,6.652428571,6.652428571,6.70791702,6.651546345
17/03/23 0:00,2.928571429,2.928571429,2.87308298,2.929453655,6.472428571,6.472428571,6.52791702,6.471546345
21/03/23 0:00,2.928571429,2.928571429,2.87308298,2.929453655,6.592428571,6.592428571,6.64791702,6.591546345
22/03/23 0:00,2.928571429,2.928571429,2.87308298,2.929453655,6.402428571,6.402428571,6.45791702,6.401546345
23/03/23 0:00,2.928571429,2.928571429,2.87308298,2.929453655,6.312428571,6.312428571,6.36791702,6.311546345
24/03/23 0:00,2.928571429,2.928571429,2.87308298,2.929453655,6.282428571,6.282428571,6.33791702,6.281546345
27/03/23 0:00,2.928571429,2.928571429,2.87308298,2.929453655,6.372428571,6.372428571,6.42791702,6.371546345
28/03/23 0:00,2.928571429,2.928571429,2.87308298,2.929453655,6.412428571,6.412428571,6.46791702,6.411546345
29/03/23 0:00,2.928571429,2.928571429,2.87308298,2.929453655,6.362428571,6.362428571,6.41791702,6.361546345
30/03/23 0:00,2.928571429,2.928571429,2.87308298,2.929453655,6.242428571,6.242428571,6.29791702,6.241546345
31/03/23 0:00,2.928571429,2.928571429,2.87308298,2.929453655,6.162428571,6.162428571,6.21791702,6.161546345
03/04/23 0:00,2.928571429,2.928571429,2.87308298,2.929453655,6.212428571,6.212428571,6.26791702,6.211546345
04/04/23 0:00,2.928571429,2.928571429,2.87308298,2.929453655,6.152428571,6.152428571,6.20791702,6.151546345
05/04/23 0:00,2.928571429,2.928571429,2.87308298,2.929453655,6.121428571,6.121428571,6.17691702,6.120546345
10/04/23 0:00,2.928571429,2.928571429,2.87308298,2.929453655,6.221428571,6.221428571,6.27691702,6.220546345
11/04/23 0:00,2.928571429,2.928571429,2.87308298,2.929453655,6.231428571,6.231428571,6.28691702,6.230546345
12/04/23 0:00,2.928571429,2.928571429,2.87308298,2.929453655,6.201428571,6.201428571,6.25691702,6.200546345
13/04/23 0:00,2.928571429,2.928571429,2.87308298,2.929453655,6.241428571,6.241428571,6.29691702,6.240546345
14/04/23 0:00,2.928571429,2.928571429,2.87308298,2.929453655,6.291428571,6.291428571,6.34691702,6.290546345
17/04/23 0:00,2.928571429,2.928571429,2.87308298,2.929453655,6.381428571,6.381428571,6.43691702,6.380546345
18/04/23 0:00,2.928571429,2.928571429,2.87308298,2.929453655,6.351428571,6.351428571,6.40691702,6.350546345
19/04/23 0:00,2.928571429,2.928571429,2.87308298,2.929453655,6.431428571,6.431428571,6.48691702,6.430546345
20/04/23 0:00,2.928571429,2.928571429,2.87308298,2.929453655,6.381428571,6.381428571,6.43691702,6.380546345
21/04/23 0:00,2.928571429,2.928571429,2.87308298,2.929453655,6.331428571,6.331428571,6.38691702,6.330546345
24/04/23 0:00,2.928571429,2.928571429,2.87308298,2.929453655,6.241428571,6.241428571,6.29691702,6.240546345
25/04/23 0:00,2.928571429,2.928571429,2.87308298,2.929453655,6.141428571,6.141428571,6.19691702,6.140546345
26/04/23 0:00,2.928571429,2.928571429,2.87308298,2.929453655,6.121428571,6.121428571,6.17691702,6.120546345
27/04/23 0:00,2.928571429,2.928571429,2.87308298,2.929453655,6.171428571,6.171428571,6.22691702,6.170546345
28/04/23 0:00,2.928571429,2.928571429,2.87308298,2.929453655,6.141428571,6.141428571,6.19691702,6.140546345
02/05/23 0:00,2.928571429,2.928571429,2.87308298,2.929453655,6.161428571,6.161428571,6.21691702,6.160546345
03/05/23 0:00,2.928571429,2.928571429,2.87308298,2.929453655,6.151428571,6.151428571,6.20691702,6.150546345
04/05/23 0:00,2.928571429,2.928571429,2.87308298,2.929453655,6.111428571,6.111428571,6.16691702,6.110546345
05/05/23 0:00,2.928571429,2.928571429,2.87308298,2.929453655,6.151428571,6.151428571,6.20691702,6.150546345
08/05/23 0:00,2.928571429,2.928571429,2.87308298,2.929453655,6.191428571,6.191428571,6.24691702,6.190546345
09/05/23 0:00,2.928571429,2.928571429,2.87308298,2.929453655,6.171428571,6.171428571,6.22691702,6.170546345
10/05/23 0:00,2.928571429,2.928571429,2.87308298,2.929453655,6.111428571,6.111428571,6.16691702,6.110546345
11/05/23 0:00,2.928571429,2.928571429,2.87308298,2.929453655,6.111428571,6.111428571,6.16691702,6.110546345
12/05/23 0:00,2.928571429,2.928571429,2.87308298,2.929453655,6.171428571,6.171428571,6.22691702,6.170546345
15/05/23 0:00,2.928571429,2.928571429,2.87308298,2.929453655,6.101428571,6.101428571,6.15691702,6.100546345
16/05/23 0:00,2.928571429,2.928571429,2.87308298,2.929453655,6.161428571,6.161428571,6.21691702,6.160546345
17/05/23 0:00,2.928571429,2.928571429,2.87308298,2.929453655,6.161428571,6.161428571,6.21691702,6.160546345
18/05/23 0:00,2.928571429,2.928571429,2.87308298,2.929453655,6.206428571,6.206428571,6.26191702,6.205546345
19/05/23 0:00,2.928571429,2.928571429,2.87308298,2.929453655,6.286428571,6.286428571,6.34191702,6.285546345
22/05/23 0:00,2.928571429,2.928571429,2.87308298,2.929453655,6.336428571,6.336428571,6.39191702,6.335546345
23/05/23 0:00,2.928571429,2.928571429,2.87308298,2.929453655,6.356428571,6.356428571,6.41191702,6.355546345
24/05/23 0:00,2.928571429,2.928571429,2.87308298,2.929453655,6.386428571,6.386428571,6.44191702,6.385546345
25/05/23 0:00,2.928571429,2.928571429,2.87308298,2.929453655,6.466428571,6.466428571,6.52191702,6.465546345
26/05/23 0:00,2.928571429,2.928571429,2.87308298,2.929453655,6.396428571,6.396428571,6.45191702,6.395546345
29/05/23 0:00,2.928571429,2.928571429,2.87308298,2.929453655,6.356428571,6.356428571,6.41191702,6.355546345
30/05/23 0:00,2.928571429,2.928571429,2.87308298,2.929453655,6.326428571,6.326428571,6.38191702,6.325546345
31/05/23 0:00,2.928571429,2.928571429,2.87308298,2.929453655,6.307428571,6.307428571,6.36291702,6.306546345
01/06/23 0:00,2.928571429,2.928571429,2.87308298,2.929453655,6.357428571,6.357428571,6.41291702,6.356546345
02/06/23 0:00,2.928571429,2.928571429,2.87308298,2.929453655,6.447428571,6.447428571,6.50291702,6.446546345
05/06/23 0:00,2.928571429,2.928571429,2.87308298,2.929453655,6.427428571,6.427428571,6.48291702,6.426546345
06/06/23 0:00,2.928571429,2.928571429,2.87308298,2.929453655,6.357428571,6.357428571,6.41291702,6.356546345
07/06/23 0:00,2.928571429,2.928571429,2.87308298,2.929453655,6.387428571,6.387428571,6.44291702,6.386546345
08/06/23 0:00,2.928571429,2.928571429,2.87308298,2.929453655,6.277428571,6.277428571,6.33291702,6.276546345
09/06/23 0:00,2.928571429,2.928571429,2.87308298,2.929453655,6.307428571,6.307428571,6.36291702,6.306546345
12/06/23 0:00,2.928571429,2.928571429,2.87308298,2.929453655,6.297428571,6.297428571,6.35291702,6.296546345
13/06/23 0:00,2.928571429,2.928571429,2.87308298,2.929453655,6.307428571,6.307428571,6.36291702,6.306546345
14/06/23 0:00,2.928571429,2.928571429,2.87308298,2.929453655,6.317428571,6.317428571,6.37291702,6.316546345
15/06/23 0:00,2.928571429,2.928571429,2.87308298,2.929453655,6.277428571,6.277428571,6.33291702,6.276546345
16/06/23 0:00,2.928571429,2.928571429,2.87308298,2.929453655,6.287428571,6.287428571,6.34291702,6.286546345
19/06/23 0:00,2.928571429,2.928571429,2.87308298,2.929453655,6.287428571,6.287428571,6.34291702,6.286546345
20/06/23 0:00,2.928571429,2.928571429,2.87308298,2.929453655,6.237428571,6.237428571,6.29291702,6.236546345
21/06/23 0:00,2.928571429,2.928571429,2.87308298,2.929453655,6.227428571,6.227428571,6.28291702,6.226546345
22/06/23 0:00,2.928571429,2.928571429,2.87308298,2.929453655,6.137428571,6.137428571,6.19291702,6.136546345
23/06/23 0:00,2.928571429,2.928571429,2.87308298,2.929453655,6.027428571,6.027428571,6.08291702,6.026546345
26/06/23 0:00,2.928571429,2.928571429,2.87308298,2.929453655,5.967428571,5.967428571,6.02291702,5.966546345
27/06/23 0:00,2.928571429,2.928571429,2.87308298,2.929453655,6.017428571,6.017428571,6.07291702,6.016546345
28/06/23 0:00,2.928571429,2.928571429,2.87308298,2.929453655,6.027428571,6.027428571,6.08291702,6.026546345
29/06/23 0:00,2.928571429,2.928571429,2.87308298,2.929453655,6.137428571,6.137428571,6.19291702,6.136546345
30/06/23 0:00,2.928571429,2.928571429,2.87308298,2.929453655,6.187428571,6.187428571,6.24291702,6.186546345
03/07/23 0:00,2.928571429,2.928571429,2.87308298,2.929453655,6.227428571,6.227428571,6.28291702,6.226546345
04/07/23 0:00,2.928571429,2.928571429,2.87308298,2.929453655,6.277428571,6.277428571,6.33291702,6.276546345
05/07/23 0:00,2.928571429,2.928571429,2.87308298,2.929453655,6.327428571,6.327428571,6.38291702,6.326546345
06/07/23 0:00,2.928571429,2.928571429,2.87308298,2.929453655,6.376428571,6.376428571,6.43191702,6.375546345
07/07/23 0:00,2.928571429,2.928571429,2.87308298,2.929453655,6.517428571,6.517428571,6.57291702,6.516546345
10/07/23 0:00,2.928571429,2.928571429,2.87308298,2.929453655,6.557428571,6.557428571,6.61291702,6.556546345
11/07/23 0:00,2.928571429,2.928571429,2.87308298,2.929453655,6.537428571,6.537428571,6.59291702,6.536546345
12/07/23 0:00,2.928571429,2.928571429,2.87308298,2.929453655,6.317428571,6.317428571,6.37291702,6.316546345
13/07/23 0:00,2.928571429,2.928571429,2.87308298,2.929453655,6.227428571,6.227428571,6.28291702,6.226546345
14/07/23 0:00,2.928571429,2.928571429,2.87308298,2.929453655,6.277428571,6.277428571,6.33291702,6.276546345
17/07/23 0:00,2.928571429,2.928571429,2.87308298,2.929453655,6.257428571,6.257428571,6.31291702,6.256546345
18/07/23 0:00,2.928571429,2.928571429,2.87308298,2.929453655,6.257428571,6.257428571,6.31291702,6.256546345
19/07/23 0:00,2.928571429,2.928571429,2.87308298,2.929453655,6.347428571,6.347428571,6.40291702,6.346546345
20/07/23 0:00,2.928571429,2.928571429,2.87308298,2.929453655,6.392428571,6.392428571,6.44791702,6.391546345
21/07/23 0:00,2.928571429,2.928571429,2.87308298,2.929453655,6.351428571,6.351428571,6.40691702,6.350546345
24/07/23 0:00,2.928571429,2.928571429,2.87308298,2.929453655,6.397428571,6.397428571,6.45291702,6.396546345
25/07/23 0:00,2.928571429,2.928571429,2.87308298,2.929453655,6.457428571,6.457428571,6.51291702,6.456546345
26/07/23 0:00,2.928571429,2.928571429,2.87308298,2.929453655,6.457428571,6.457428571,6.51291702,6.456546345
27/07/23 0:00,2.928571429,2.928571429,2.87308298,2.929453655,6.497428571,6.497428571,6.55291702,6.496546345
28/07/23 0:00,2.928571429,2.928571429,2.87308298,2.929453655,6.487428571,6.487428571,6.54291702,6.486546345
31/07/23 0:00,2.928571429,2.928571429,2.87308298,2.929453655,6.407428571,6.407428571,6.46291702,6.406546345
01/08/23 0:00,2.928571429,2.928571429,2.87308298,2.929453655,6.411428571,6.411428571,6.46691702,6.410546345
02/08/23 0:00,2.928571429,2.928571429,2.87308298,2.929453655,6.417428571,6.417428571,6.47291702,6.416546345
03/08/23 0:00,2.928571429,2.928571429,2.87308298,2.929453655,6.457428571,6.457428571,6.51291702,6.456546345
04/08/23 0:00,2.928571429,2.928571429,2.87308298,2.929453655,6.487428571,6.487428571,6.54291702,6.486546345
07/08/23 0:00,2.928571429,2.928571429,2.87308298,2.929453655,6.547428571,6.547428571,6.60291702,6.546546345
08/08/23 0:00,2.928571429,2.928571429,2.87308298,2.929453655,6.517428571,6.517428571,6.57291702,6.516546345
09/08/23 0:00,2.928571429,2.928571429,2.87308298,2.929453655,6.437428571,6.437428571,6.49291702,6.436546345
10/08/23 0:00,2.928571429,2.928571429,2.87308298,2.929453655,6.457428571,6.457428571,6.51291702,6.456546345
11/08/23 0:00,2.928571429,2.928571429,2.87308298,2.929453655,6.537428571,6.537428571,6.59291702,6.536546345
14/08/23 0:00,2.928571429,2.928571429,2.87308298,2.929453655,6.647428571,6.647428571,6.70291702,6.646546345
15/08/23 0:00,2.928571429,2.928571429,2.87308298,2.929453655,6.661428571,6.661428571,6.71691702,6.660546345
16/08/23 0:00,2.928571429,2.928571429,2.87308298,2.929453655,6.697428571,6.697428571,6.75291702,6.696546345
17/08/23 0:00,2.928571429,2.928571429,2.87308298,2.929453655,6.797428571,6.797428571,6.85291702,6.796546345
18/08/23 0:00,2.928571429,2.928571429,2.87308298,2.929453655,6.847428571,6.847428571,6.90291702,6.846546345
21/08/23 0:00,2.928571429,2.928571429,2.87308298,2.929453655,6.927428571,6.927428571,6.98291702,6.926546345
22/08/23 0:00,2.928571429,2.928571429,2.87308298,2.929453655,6.907428571,6.907428571,6.96291702,6.906546345
23/08/23 0:00,2.928571429,2.928571429,2.87308298,2.929453655,6.697428571,6.697428571,6.75291702,6.696546345
24/08/23 0:00,2.928571429,2.928571429,2.87308298,2.929453655,6.737428571,6.737428571,6.79291702,6.736546345
25/08/23 0:00,2.928571429,2.928571429,2.87308298,2.929453655,6.767428571,6.767428571,6.82291702,6.766546345
28/08/23 0:00,2.928571429,2.928571429,2.87308298,2.929453655,6.731428571,6.731428571,6.78691702,6.730546345
29/08/23 0:00,2.928571429,2.928571429,2.87308298,2.929453655,6.667428571,6.667428571,6.72291702,6.666546345
30/08/23 0:00,2.928571429,2.928571429,2.87308298,2.929453655,6.787428571,6.787428571,6.84291702,6.786546345
31/08/23 0:00,2.928571429,2.928571429,2.87308298,2.929453655,6.757428571,6.757428571,6.81291702,6.756546345
01/09/23 0:00,2.928571429,2.928571429,2.87308298,2.929453655,6.787428571,6.787428571,6.84291702,6.786546345
04/09/23 0:00,2.928571429,2.928571429,2.87308298,2.929453655,6.807428571,6.807428571,6.86291702,6.806546345
05/09/23 0:00,2.928571429,2.928571429,2.87308298,2.929453655,6.907428571,6.907428571,6.96291702,6.906546345
06/09/23 0:00,2.928571429,2.928571429,2.87308298,2.929453655,6.997428571,6.997428571,7.05291702,6.996546345
07/09/23 0:00,2.928571429,2.928571429,2.87308298,2.929453655,6.929428571,6.929428571,6.98491702,6.928546345
08/09/23 0:00,2.928571429,2.928571429,2.87308298,2.929453655,6.923428571,6.923428571,6.97891702,6.922546345
11/09/23 0:00,2.928571429,2.928571429,2.87308298,2.929453655,7.167428571,7.167428571,7.22291702,7.166546345
12/09/23 0:00,2.928571429,2.928571429,2.87308298,2.929453655,7.087428571,7.087428571,7.14291702,7.086546345
13/09/23 0:00,2.928571429,2.928571429,2.87308298,2.929453655,6.947428571,6.947428571,7.00291702,6.946546345
14/09/23 0:00,2.928571429,2.928571429,2.87308298,2.929453655,6.957428571,6.957428571,7.01291702,6.956546345
15/09/23 0:00,2.928571429,2.928571429,2.87308298,2.929453655,6.967428571,6.967428571,7.02291702,6.966546345
18/09/23 0:00,2.928571429,2.928571429,2.87308298,2.929453655,6.997428571,6.997428571,7.05291702,6.996546345
19/09/23 0:00,2.928571429,2.928571429,2.87308298,2.929453655,7.107428571,7.107428571,7.16291702,7.106546345
20/09/23 0:00,2.928571429,2.928571429,2.87308298,2.929453655,7.097428571,7.097428571,7.15291702,7.096546345
21/09/23 0:00,2.928571429,2.928571429,2.87308298,2.929453655,7.167428571,7.167428571,7.22291702,7.166546345
22/09/23 0:00,2.928571429,2.928571429,2.87308298,2.929453655,7.207428571,7.207428571,7.26291702,7.206546345
25/09/23 0:00,2.928571429,2.928571429,2.87308298,2.929453655,7.327428571,7.327428571,7.38291702,7.326546345
26/09/23 0:00,2.928571429,2.928571429,2.87308298,2.929453655,7.306428571,7.306428571,7.36191702,7.305546345
27/09/23 0:00,2.928571429,2.928571429,2.87308298,2.929453655,7.597428571,7.597428571,7.65291702,7.596546345
28/09/23 0:00,2.928571429,2.928571429,2.87308298,2.929453655,7.417428571,7.417428571,7.47291702,7.416546345
29/09/23 0:00,2.928571429,2.928571429,2.87308298,2.929453655,7.377428571,7.377428571,7.43291702,7.376546345
02/10/23 0:00,2.928571429,2.928571429,2.87308298,2.929453655,7.387428571,7.387428571,7.44291702,7.386546345
03/10/23 0:00,2.928571429,2.928571429,2.87308298,2.929453655,7.394428571,7.394428571,7.44991702,7.393546345
04/10/23 0:00,2.928571429,2.928571429,2.87308298,2.929453655,7.317428571,7.317428571,7.37291702,7.316546345
05/10/23 0:00,2.928571429,2.928571429,2.87308298,2.929453655,7.317428571,7.317428571,7.37291702,7.316546345
06/10/23 0:00,2.928571429,2.928571429,2.87308298,2.929453655,7.307428571,7.307428571,7.36291702,7.306546345
09/10/23 0:00,2.928571429,2.928571429,2.87308298,2.929453655,7.267428571,7.267428571,7.32291702,7.266546345
10/10/23 0:00,2.928571429,2.928571429,2.87308298,2.929453655,7.197428571,7.197428571,7.25291702,7.196546345
11/10/23 0:00,2.928571429,2.928571429,2.87308298,2.929453655,7.227428571,7.227428571,7.28291702,7.226546345
12/10/23 0:00,2.928571429,2.928571429,2.87308298,2.929453655,7.357428571,7.357428571,7.41291702,7.356546345
13/10/23 0:00,2.928571429,2.928571429,2.87308298,2.929453655,7.347428571,7.347428571,7.40291702,7.346546345
16/10/23 0:00,2.928571429,2.928571429,2.87308298,2.929453655,7.397428571,7.397428571,7.45291702,7.396546345
17/10/23 0:00,2.928571429,2.928571429,2.87308298,2.929453655,7.457428571,7.457428571,7.51291702,7.456546345
18/10/23 0:00,2.928571429,2.928571429,2.87308298,2.929453655,7.477428571,7.477428571,7.53291702,7.476546345
19/10/23 0:00,2.928571429,2.928571429,2.87308298,2.929453655,7.437428571,7.437428571,7.49291702,7.436546345
20/10/23 0:00,2.928571429,2.928571429,2.87308298,2.929453655,7.347428571,7.347428571,7.40291702,7.346546345
23/10/23 0:00,2.928571429,2.928571429,2.87308298,2.929453655,7.367428571,7.367428571,7.42291702,7.366546345
24/10/23 0:00,2.928571429,2.928571429,2.87308298,2.929453655,7.417428571,7.417428571,7.47291702,7.416546345
25/10/23 0:00,2.928571429,2.928571429,2.87308298,2.929453655,7.537428571,7.537428571,7.59291702,7.536546345
26/10/23 0:00,2.928571429,2.928571429,2.87308298,2.929453655,7.381428571,7.381428571,7.43691702,7.380546345
27/10/23 0:00,2.928571429,2.928571429,2.87308298,2.929453655,7.331428571,7.331428571,7.38691702,7.330546345
30/10/23 0:00,2.928571429,2.928571429,2.87308298,2.929453655,7.427428571,7.427428571,7.48291702,7.426546345
31/10/23 0:00,2.928571429,2.928571429,2.87308298,2.929453655,7.427428571,7.427428571,7.48291702,7.426546345
01/11/23 0:00,2.928571429,2.928571429,2.87308298,2.929453655,7.331428571,7.331428571,7.38691702,7.330546345
03/11/23 0:00,2.928571429,2.928571429,2.87308298,2.929453655,7.067428571,7.067428571,7.12291702,7.066546345
06/11/23 0:00,2.928571429,2.928571429,2.87308298,2.929453655,7.057428571,7.057428571,7.11291702,7.056546345
07/11/23 0:00,2.928571429,2.928571429,2.87308298,2.929453655,7.097428571,7.097428571,7.15291702,7.096546345
08/11/23 0:00,2.928571429,2.928571429,2.87308298,2.929453655,7.017428571,7.017428571,7.07291702,7.016546345
09/11/23 0:00,2.928571429,2.928571429,2.87308298,2.929453655,6.937428571,6.937428571,6.99291702,6.936546345
10/11/23 0:00,2.928571429,2.928571429,2.87308298,2.929453655,6.817428571,6.817428571,6.87291702,6.816546345
13/11/23 0:00,2.928571429,2.928571429,2.87308298,2.929453655,6.847428571,6.847428571,6.90291702,6.846546345
14/11/23 0:00,2.928571429,2.928571429,2.87308298,2.929453655,6.657428571,6.657428571,6.71291702,6.656546345
15/11/23 0:00,2.928571429,2.928571429,2.87308298,2.929453655,6.667428571,6.667428571,6.72291702,6.666546345
16/11/23 0:00,2.928571429,2.928571429,2.87308298,2.929453655,6.627428571,6.627428571,6.68291702,6.626546345
17/11/23 0:00,2.928571429,2.928571429,2.87308298,2.929453655,6.727428571,6.727428571,6.78291702,6.726546345
21/11/23 0:00,2.928571429,2.928571429,2.87308298,2.929453655,6.811428571,6.811428571,6.86691702,6.810546345
22/11/23 0:00,2.928571429,2.928571429,2.87308298,2.929453655,6.891428571,6.891428571,6.94691702,6.890546345
23/11/23 0:00,2.928571429,2.928571429,2.87308298,2.929453655,6.856428571,6.856428571,6.91191702,6.855546345
24/11/23 0:00,2.928571429,2.928571429,2.87308298,2.929453655,6.897428571,6.897428571,6.95291702,6.896546345
27/11/23 0:00,2.928571429,2.928571429,2.87308298,2.929453655,6.827428571,6.827428571,6.88291702,6.826546345
28/11/23 0:00,2.928571429,2.928571429,2.87308298,2.929453655,6.647428571,6.647428571,6.70291702,6.646546345
29/11/23 0:00,2.928571429,2.928571429,2.87308298,2.929453655,6.547428571,6.547428571,6.60291702,6.546546345
30/11/23 0:00,2.928571429,2.928571429,2.87308298,2.929453655,6.717428571,6.717428571,6.77291702,6.716546345
01/12/23 0:00,2.928571429,2.928571429,2.87308298,2.929453655,6.597428571,6.597428571,6.65291702,6.596546345
04/12/23 0:00,2.928571429,2.928571429,2.87308298,2.929453655,6.627428571,6.627428571,6.68291702,6.626546345
05/12/23 0:00,2.928571429,2.928571429,2.87308298,2.929453655,6.587428571,6.587428571,6.64291702,6.586546345
06/12/23 0:00,2.928571429,2.928571429,2.87308298,2.929453655,6.531428571,6.531428571,6.58691702,6.530546345
07/12/23 0:00,2.928571429,2.928571429,2.87308298,2.929453655,6.547428571,6.547428571,6.60291702,6.546546345
08/12/23 0:00,2.928571429,2.928571429,2.87308298,2.929453655,6.617428571,6.617428571,6.67291702,6.616546345
11/12/23 0:00,2.928571429,2.928571429,2.87308298,2.929453655,6.717428571,6.717428571,6.77291702,6.716546345
13/12/23 0:00,2.928571429,2.928571429,2.87308298,2.929453655,6.527428571,6.527428571,6.58291702,6.526546345
14/12/23 0:00,2.928571429,2.928571429,2.87308298,2.929453655,6.307428571,6.307428571,6.36291702,6.306546345
15/12/23 0:00,2.928571429,2.928571429,2.87308298,2.929453655,6.477428571,6.477428571,6.53291702,6.476546345
18/12/23 0:00,2.928571429,2.928571429,2.87308298,2.929453655,6.509428571,6.509428571,6.56491702,6.508546345
19/12/23 0:00,2.928571429,2.928571429,2.87308298,2.929453655,6.547428571,6.547428571,6.60291702,6.546546345
20/12/23 0:00,2.928571429,2.928571429,2.87308298,2.929453655,6.467428571,6.467428571,6.52291702,6.466546345
21/12/23 0:00,2.928571429,2.928571429,2.87308298,2.929453655,6.507428571,6.507428571,6.56291702,6.506546345
22/12/23 0:00,2.928571429,2.928571429,2.87308298,2.929453655,6.517428571,6.517428571,6.57291702,6.516546345
26/12/23 0:00,2.928571429,2.928571429,2.87308298,2.929453655,6.527428571,6.527428571,6.58291702,6.526546345
27/12/23 0:00,2.928571429,2.928571429,2.87308298,2.929453655,6.437428571,6.437428571,6.49291702,6.436546345
28/12/23 0:00,2.928571429,2.928571429,2.87308298,2.929453655,6.391428571,6.391428571,6.44691702,6.390546345
29/12/23 0:00,2.928571429,2.928571429,2.87308298,2.929453655,6.346428571,6.346428571,6.40191702,6.345546345
02/01/24 0:00,2.928571429,2.928571429,2.87308298,2.929453655,6.537428571,6.537428571,6.59291702,6.536546345
03/01/24 0:00,2.928571429,2.928571429,2.87308298,2.929453655,6.511428571,6.511428571,6.56691702,6.510546345
04/01/24 0:00,2.928571429,2.928571429,2.87308298,2.929453655,6.591428571,6.591428571,6.64691702,6.590546345
05/01/24 0:00,2.928571429,2.928571429,2.87308298,2.929453655,6.587428571,6.587428571,6.64291702,6.586546345
08/01/24 0:00,2.928571429,2.928571429,2.87308298,2.929453655,6.517428571,6.517428571,6.57291702,6.516546345
09/01/24 0:00,2.928571429,2.928571429,2.87308298,2.929453655,6.567428571,6.567428571,6.62291702,6.566546345
10/01/24 0:00,2.928571429,2.928571429,2.87308298,2.929453655,6.527428571,6.527428571,6.58291702,6.526546345
11/01/24 0:00,2.928571429,2.928571429,2.87308298,2.929453655,6.457428571,6.457428571,6.51291702,6.456546345
12/01/24 0:00,2.928571429,2.928571429,2.87308298,2.929453655,6.327428571,6.327428571,6.38291702,6.326546345
15/01/24 0:00,2.928571429,2.928571429,2.87308298,2.929453655,6.308428571,6.308428571,6.36391702,6.307546345
16/01/24 0:00,2.928571429,2.928571429,2.87308298,2.929453655,6.316428571,6.316428571,6.37191702,6.315546345
17/01/24 0:00,2.928571429,2.928571429,2.87308298,2.929453655,6.511428571,6.511428571,6.56691702,6.510546345
18/01/24 0:00,2.928571429,2.928571429,2.87308298,2.929453655,6.516428571,6.516428571,6.57191702,6.515546345
19/01/24 0:00,2.928571429,2.928571429,2.87308298,2.929453655,6.511428571,6.511428571,6.56691702,6.510546345
22/01/24 0:00,2.928571429,2.928571429,2.87308298,2.929453655,6.506428571,6.506428571,6.56191702,6.505546345
23/01/24 0:00,2.928571429,2.928571429,2.87308298,2.929453655,6.528428571,6.528428571,6.58391702,6.527546345
24/01/24 0:00,2.928571429,2.928571429,2.87308298,2.929453655,6.547428571,6.547428571,6.60291702,6.546546345
25/01/24 0:00,2.928571429,2.928571429,2.87308298,2.929453655,6.507428571,6.507428571,6.56291702,6.506546345
26/01/24 0:00,2.928571429,2.928571429,2.87308298,2.929453655,6.527428571,6.527428571,6.58291702,6.526546345
29/01/24 0:00,2.928571429,2.928571429,2.87308298,2.929453655,6.527428571,6.527428571,6.58291702,6.526546345
30/01/24 0:00,2.928571429,2.928571429,2.87308298,2.929453655,6.597428571,6.597428571,6.65291702,6.596546345
31/01/24 0:00,2.928571429,2.928571429,2.87308298,2.929453655,6.477428571,6.477428571,6.53291702,6.476546345
01/02/24 0:00,2.928571429,2.928571429,2.87308298,2.929453655,6.381428571,6.381428571,6.43691702,6.380546345
02/02/24 0:00,2.928571429,2.928571429,2.87308298,2.929453655,6.607428571,6.607428571,6.66291702,6.606546345
06/02/24 0:00,2.928571429,2.928571429,2.87308298,2.929453655,6.707428571,6.707428571,6.76291702,6.706546345
07/02/24 0:00,2.928571429,2.928571429,2.87308298,2.929453655,6.627428571,6.627428571,6.68291702,6.626546345
08/02/24 0:00,2.928571429,2.928571429,2.87308298,2.929453655,6.537428571,6.537428571,6.59291702,6.536546345
09/02/24 0:00,2.928571429,2.928571429,2.87308298,2.929453655,6.477428571,6.477428571,6.53291702,6.476546345
12/02/24 0:00,2.928571429,2.928571429,2.87308298,2.929453655,6.457428571,6.457428571,6.51291702,6.456546345
13/02/24 0:00,2.928571429,2.928571429,2.87308298,2.929453655,6.647428571,6.647428571,6.70291702,6.646546345
14/02/24 0:00,2.928571429,2.928571429,2.87308298,2.929453655,6.567428571,6.567428571,6.62291702,6.566546345
15/02/24 0:00,2.928571429,2.928571429,2.87308298,2.929453655,6.527428571,6.527428571,6.58291702,6.526546345
16/02/24 0:00,2.928571429,2.928571429,2.87308298,2.929453655,6.637428571,6.637428571,6.69291702,6.636546345
19/02/24 0:00,2.928571429,2.928571429,2.87308298,2.929453655,6.637428571,6.637428571,6.69291702,6.636546345
20/02/24 0:00,2.928571429,2.928571429,2.87308298,2.929453655,6.627428571,6.627428571,6.68291702,6.626546345
21/02/24 0:00,2.928571429,2.928571429,2.87308298,2.929453655,6.514428571,6.514428571,6.56991702,6.513546345
22/02/24 0:00,2.928571429,2.928571429,2.87308298,2.929453655,6.457428571,6.457428571,6.51291702,6.456546345
23/02/24 0:00,2.928571429,2.928571429,2.87308298,2.929453655,6.447428571,6.447428571,6.50291702,6.446546345
26/02/24 0:00,2.928571429,2.928571429,2.87308298,2.929453655,6.447428571,6.447428571,6.50291702,6.446546345
27/02/24 0:00,2.928571429,2.928571429,2.87308298,2.929453655,6.567428571,6.567428571,6.62291702,6.566546345
28/02/24 0:00,2.928571429,2.928571429,2.87308298,2.929453655,6.547428571,6.547428571,6.60291702,6.546546345
29/02/24 0:00,2.928571429,2.928571429,2.87308298,2.929453655,6.521428571,6.521428571,6.57691702,6.520546345
01/03/24 0:00,2.928571429,2.928571429,2.87308298,2.929453655,6.547428571,6.547428571,6.60291702,6.546546345
04/03/24 0:00,2.928571429,2.928571429,2.87308298,2.929453655,6.577428571,6.577428571,6.63291702,6.576546345
05/03/24 0:00,2.928571429,2.928571429,2.87308298,2.929453655,6.527428571,6.527428571,6.58291702,6.526546345
06/03/24 0:00,2.928571429,2.928571429,2.87308298,2.929453655,6.467428571,6.467428571,6.52291702,6.466546345
07/03/24 0:00,2.928571429,2.928571429,2.87308298,2.929453655,6.567428571,6.567428571,6.62291702,6.566546345
08/03/24 0:00,2.928571429,2.928571429,2.87308298,2.929453655,6.461428571,6.461428571,6.51691702,6.460546345
11/03/24 0:00,2.928571429,2.928571429,2.87308298,2.929453655,6.527428571,6.527428571,6.58291702,6.526546345
12/03/24 0:00,2.928571429,2.928571429,2.87308298,2.929453655,6.577428571,6.577428571,6.63291702,6.576546345
13/03/24 0:00,2.928571429,2.928571429,2.87308298,2.929453655,6.547428571,6.547428571,6.60291702,6.546546345
14/03/24 0:00,2.928571429,2.928571429,2.87308298,2.929453655,6.607428571,6.607428571,6.66291702,6.606546345
15/03/24 0:00,2.928571429,2.928571429,2.87308298,2.929453655,6.687428571,6.687428571,6.74291702,6.686546345
19/03/24 0:00,2.928571429,2.928571429,2.87308298,2.929453655,6.687428571,6.687428571,6.74291702,6.686546345
20/03/24 0:00,2.928571429,2.928571429,2.87308298,2.929453655,6.687428571,6.687428571,6.74291702,6.686546345
21/03/24 0:00,2.928571429,2.928571429,2.87308298,2.929453655,6.467428571,6.467428571,6.52291702,6.466546345
22/03/24 0:00,2.928571429,2.928571429,2.87308298,2.929453655,6.577428571,6.577428571,6.63291702,6.576546345
25/03/24 0:00,2.928571429,2.928571429,2.87308298,2.929453655,6.607428571,6.607428571,6.66291702,6.606546345
26/03/24 0:00,2.928571429,2.928571429,2.87308298,2.929453655,6.567428571,6.567428571,6.62291702,6.566546345
27/03/24 0:00,2.928571429,2.928571429,2.87308298,2.929453655,6.507428571,6.507428571,6.56291702,6.506546345
01/04/24 0:00,2.928571429,2.928571429,2.87308298,2.929453655,6.637428571,6.637428571,6.69291702,6.636546345
02/04/24 0:00,2.928571429,2.928571429,2.87308298,2.929453655,6.707428571,6.707428571,6.76291702,6.706546345
03/04/24 0:00,2.928571429,2.928571429,2.87308298,2.929453655,6.747428571,6.747428571,6.80291702,6.746546345
04/04/24 0:00,2.928571429,2.928571429,2.87308298,2.929453655,6.767428571,6.767428571,6.82291702,6.766546345
05/04/24 0:00,2.928571429,2.928571429,2.87308298,2.929453655,6.907428571,6.907428571,6.96291702,6.906546345
08/04/24 0:00,2.928571429,2.928571429,2.87308298,2.929453655,6.967428571,6.967428571,7.02291702,6.966546345
09/04/24 0:00,2.928571429,2.928571429,2.87308298,2.929453655,6.897428571,6.897428571,6.95291702,6.896546345
10/04/24 0:00,2.928571429,2.928571429,2.87308298,2.929453655,7.197428571,7.197428571,7.25291702,7.196546345
11/04/24 0:00,2.928571429,2.928571429,2.87308298,2.929453655,7.127428571,7.127428571,7.18291702,7.126546345
12/04/24 0:00,2.928571429,2.928571429,2.87308298,2.929453655,7.097428571,7.097428571,7.15291702,7.096546345
15/04/24 0:00,2.928571429,2.928571429,2.87308298,2.929453655,7.227428571,7.227428571,7.28291702,7.226546345
16/04/24 0:00,2.928571429,2.928571429,2.87308298,2.929453655,7.397428571,7.397428571,7.45291702,7.396546345
17/04/24 0:00,2.928571429,2.928571429,2.87308298,2.929453655,7.287428571,7.287428571,7.34291702,7.286546345
18/04/24 0:00,2.928571429,2.928571429,2.87308298,2.929453655,7.337428571,7.337428571,7.39291702,7.336546345
19/04/24 0:00,2.928571429,2.928571429,2.87308298,2.929453655,7.057428571,7.057428571,7.11291702,7.056546345
22/04/24 0:00,2.928571429,2.928571429,2.87308298,2.929453655,6.997428571,6.997428571,7.05291702,6.996546345
23/04/24 0:00,2.928571429,2.928571429,2.87308298,2.929453655,6.977428571,6.977428571,7.03291702,6.976546345
24/04/24 0:00,2.928571429,2.928571429,2.87308298,2.929453655,7.067428571,7.067428571,7.12291702,7.066546345
25/04/24 0:00,2.928571429,2.928571429,2.87308298,2.929453655,7.067428571,7.067428571,7.12291702,7.066546345
26/04/24 0:00,2.928571429,2.928571429,2.87308298,2.929453655,7.137428571,7.137428571,7.19291702,7.136546345
29/04/24 0:00,2.928571429,2.928571429,2.87308298,2.929453655,7.137428571,7.137428571,7.19291702,7.136546345
30/04/24 0:00,2.928571429,2.928571429,2.87308298,2.929453655,7.137428571,7.137428571,7.19291702,7.136546345
02/05/24 0:00,2.928571429,2.928571429,2.87308298,2.929453655,6.907428571,6.907428571,6.96291702,6.906546345
03/05/24 0:00,2.928571429,2.928571429,2.87308298,2.929453655,6.747428571,6.747428571,6.80291702,6.746546345
06/05/24 0:00,2.928571429,2.928571429,2.87308298,2.929453655,6.767428571,6.767428571,6.82291702,6.766546345
07/05/24 0:00,2.928571429,2.928571429,2.87308298,2.929453655,6.787428571,6.787428571,6.84291702,6.786546345
08/05/24 0:00,2.928571429,2.928571429,2.87308298,2.929453655,6.797428571,6.797428571,6.85291702,6.796546345
09/05/24 0:00,2.928571429,2.928571429,2.87308298,2.929453655,6.777428571,6.777428571,6.83291702,6.776546345
10/05/24 0:00,2.928571429,2.928571429,2.87308298,2.929453655,6.927428571,6.927428571,6.98291702,6.926546345
13/05/24 0:00,2.928571429,2.928571429,2.87308298,2.929453655,6.927428571,6.927428571,6.98291702,6.926546345
14/05/24 0:00,2.928571429,2.928571429,2.87308298,2.929453655,6.867428571,6.867428571,6.92291702,6.866546345
15/05/24 0:00,2.928571429,2.928571429,2.87308298,2.929453655,6.757428571,6.757428571,6.81291702,6.756546345
16/05/24 0:00,2.928571429,2.928571429,2.87308298,2.929453655,6.807428571,6.807428571,6.86291702,6.806546345
17/05/24 0:00,2.928571429,2.928571429,2.87308298,2.929453655,6.831428571,6.831428571,6.88691702,6.830546345
20/05/24 0:00,2.928571429,2.928571429,2.87308298,2.929453655,6.837428571,6.837428571,6.89291702,6.836546345
21/05/24 0:00,2.928571429,2.928571429,2.87308298,2.929453655,6.857428571,6.857428571,6.91291702,6.856546345
22/05/24 0:00,2.928571429,2.928571429,2.87308298,2.929453655,6.887428571,6.887428571,6.94291702,6.886546345
23/05/24 0:00,2.928571429,2.928571429,2.87308298,2.929453655,6.927428571,6.927428571,6.98291702,6.926546345
24/05/24 0:00,2.928571429,2.928571429,2.87308298,2.929453655,6.897428571,6.897428571,6.95291702,6.896546345
27/05/24 0:00,2.928571429,2.928571429,2.87308298,2.929453655,6.897428571,6.897428571,6.95291702,6.896546345
28/05/24 0:00,2.928571429,2.928571429,2.87308298,2.929453655,6.947428571,6.947428571,7.00291702,6.946546345
29/05/24 0:00,2.928571429,2.928571429,2.87308298,2.929453655,6.997428571,6.997428571,7.05291702,6.996546345
30/05/24 0:00,2.928571429,2.928571429,2.87308298,2.929453655,6.987428571,6.987428571,7.04291702,6.986546345
31/05/24 0:00,2.928571429,2.928571429,2.87308298,2.929453655,6.937428571,6.937428571,6.99291702,6.936546345
03/06/24 0:00,2.928571429,2.928571429,2.87308298,2.929453655,7.077428571,7.077428571,7.13291702,7.076546345
04/06/24 0:00,2.928571429,2.928571429,2.87308298,2.929453655,7.107428571,7.107428571,7.16291702,7.106546345
05/06/24 0:00,2.928571429,2.928571429,2.87308298,2.929453655,6.987428571,6.987428571,7.04291702,6.986546345
06/06/24 0:00,2.928571429,2.928571429,2.87308298,2.929453655,6.907428571,6.907428571,6.96291702,6.906546345
07/06/24 0:00,2.928571429,2.928571429,2.87308298,2.929453655,7.317428571,7.317428571,7.37291702,7.316546345
10/06/24 0:00,2.928571429,2.928571429,2.87308298,2.929453655,7.327428571,7.327428571,7.38291702,7.326546345
11/06/24 0:00,2.928571429,2.928571429,2.87308298,2.929453655,7.537428571,7.537428571,7.59291702,7.536546345
12/06/24 0:00,2.928571429,2.928571429,2.87308298,2.929453655,7.537428571,7.537428571,7.59291702,7.536546345
13/06/24 0:00,2.928571429,2.928571429,2.87308298,2.929453655,7.417428571,7.417428571,7.47291702,7.416546345
14/06/24 0:00,2.928571429,2.928571429,2.87308298,2.929453655,7.291428571,7.291428571,7.34691702,7.290546345
17/06/24 0:00,2.928571429,2.928571429,2.87308298,2.929453655,7.417428571,7.417428571,7.47291702,7.416546345
18/06/24 0:00,2.928571429,2.928571429,2.87308298,2.929453655,7.247428571,7.247428571,7.30291702,7.246546345
19/06/24 0:00,2.928571429,2.928571429,2.87308298,2.929453655,7.247428571,7.247428571,7.30291702,7.246546345
20/06/24 0:00,2.928571429,2.928571429,2.87308298,2.929453655,7.167428571,7.167428571,7.22291702,7.166546345
21/06/24 0:00,2.928571429,2.928571429,2.87308298,2.929453655,7.187428571,7.187428571,7.24291702,7.186546345
24/06/24 0:00,2.928571429,2.928571429,2.87308298,2.929453655,7.107428571,7.107428571,7.16291702,7.106546345
25/06/24 0:00,2.928571429,2.928571429,2.87308298,2.929453655,7.107428571,7.107428571,7.16291702,7.106546345
26/06/24 0:00,2.928571429,2.928571429,2.87308298,2.929453655,7.137428571,7.137428571,7.19291702,7.136546345
27/06/24 0:00,2.928571429,2.928571429,2.87308298,2.929453655,7.053428571,7.053428571,7.10891702,7.052546345
28/06/24 0:00,2.928571429,2.928571429,2.87308298,2.929453655,6.946428571,6.946428571,7.00191702,6.945546345
01/07/24 0:00,2.928571429,2.928571429,2.87308298,2.929453655,7.139428571,7.139428571,7.19491702,7.138546345
02/07/24 0:00,2.928571429,2.928571429,2.87308298,2.929453655,7.121428571,7.121428571,7.17691702,7.120546345
03/07/24 0:00,2.928571429,2.928571429,2.87308298,2.929453655,7.122428571,7.122428571,7.17791702,7.121546345
04/07/24 0:00,2.928571429,2.928571429,2.87308298,2.929453655,7.031428571,7.031428571,7.08691702,7.030546345
05/07/24 0:00,2.928571429,2.928571429,2.87308298,2.929453655,7.121428571,7.121428571,7.17691702,7.120546345
08/07/24 0:00,2.928571429,2.928571429,2.87308298,2.929453655,7.137428571,7.137428571,7.19291702,7.136546345
09/07/24 0:00,2.928571429,2.928571429,2.87308298,2.929453655,7.141428571,7.141428571,7.19691702,7.140546345
10/07/24 0:00,2.928571429,2.928571429,2.87308298,2.929453655,7.051428571,7.051428571,7.10691702,7.050546345
11/07/24 0:00,2.928571429,2.928571429,2.87308298,2.929453655,6.854428571,6.854428571,6.90991702,6.853546345
12/07/24 0:00,2.928571429,2.928571429,2.87308298,2.929453655,6.806428571,6.806428571,6.86191702,6.805546345
15/07/24 0:00,2.928571429,2.928571429,2.87308298,2.929453655,6.821428571,6.821428571,6.87691702,6.820546345
16/07/24 0:00,2.928571429,2.928571429,2.87308298,2.929453655,6.816428571,6.816428571,6.87191702,6.815546345
17/07/24 0:00,2.928571429,2.928571429,2.87308298,2.929453655,6.809428571,6.809428571,6.86491702,6.808546345
18/07/24 0:00,2.928571429,2.928571429,2.87308298,2.929453655,6.886428571,6.886428571,6.94191702,6.885546345
19/07/24 0:00,2.928571429,2.928571429,2.87308298,2.929453655,6.991428571,6.991428571,7.04691702,6.990546345
22/07/24 0:00,2.928571429,2.928571429,2.87308298,2.929453655,7.096428571,7.096428571,7.15191702,7.095546345
23/07/24 0:00,2.928571429,2.928571429,2.87308298,2.929453655,7.039428571,7.039428571,7.09491702,7.038546345
24/07/24 0:00,2.928571429,2.928571429,2.87308298,2.929453655,7.031428571,7.031428571,7.08691702,7.030546345
25/07/24 0:00,2.928571429,2.928571429,2.87308298,2.929453655,6.978428571,6.978428571,7.03391702,6.977546345
26/07/24 0:00,2.928571429,2.928571429,2.87308298,2.929453655,6.914428571,6.914428571,6.96991702,6.913546345
29/07/24 0:00,2.928571429,2.928571429,2.87308298,2.929453655,6.888428571,6.888428571,6.94391702,6.887546345
30/07/24 0:00,2.928571429,2.928571429,2.87308298,2.929453655,6.826428571,6.826428571,6.88191702,6.825546345
31/07/24 0:00,2.928571429,2.928571429,2.87308298,2.929453655,6.784428571,6.784428571,6.83991702,6.783546345
01/08/24 0:00,2.928571429,2.928571429,2.87308298,2.929453655,6.846428571,6.846428571,6.90191702,6.845546345
02/08/24 0:00,2.928571429,2.928571429,2.87308298,2.929453655,6.676428571,6.676428571,6.73191702,6.675546345
05/08/24 0:00,2.928571429,2.928571429,2.87308298,2.929453655,6.766428571,6.766428571,6.82191702,6.765546345
06/08/24 0:00,2.928571429,2.928571429,2.87308298,2.929453655,6.748428571,6.748428571,6.80391702,6.747546345
07/08/24 0:00,2.928571429,2.928571429,2.87308298,2.929453655,6.721428571,6.721428571,6.77691702,6.720546345
08/08/24 0:00,2.928571429,2.928571429,2.87308298,2.929453655,6.711428571,6.711428571,6.76691702,6.710546345
09/08/24 0:00,2.928571429,2.928571429,2.87308298,2.929453655,6.411428571,6.411428571,6.46691702,6.410546345
12/08/24 0:00,2.928571429,2.928571429,2.87308298,2.929453655,6.492428571,6.492428571,6.54791702,6.491546345
13/08/24 0:00,2.928571429,2.928571429,2.87308298,2.929453655,6.491428571,6.491428571,6.54691702,6.490546345
14/08/24 0:00,2.928571429,2.928571429,2.87308298,2.929453655,6.444428571,6.444428571,6.49991702,6.443546345
15/08/24 0:00,2.928571429,2.928571429,2.87308298,2.929453655,6.558428571,6.558428571,6.61391702,6.557546345
16/08/24 0:00,2.928571429,2.928571429,2.87308298,2.929453655,6.534428571,6.534428571,6.58991702,6.533546345
19/08/24 0:00,2.928571429,2.928571429,2.87308298,2.929453655,6.443428571,6.443428571,6.49891702,6.442546345
20/08/24 0:00,2.928571429,2.928571429,2.87308298,2.929453655,6.536428571,6.536428571,6.59191702,6.535546345
21/08/24 0:00,2.928571429,2.928571429,2.87308298,2.929453655,6.529428571,6.529428571,6.58491702,6.528546345
22/08/24 0:00,2.928571429,2.928571429,2.87308298,2.929453655,6.641428571,6.641428571,6.69691702,6.640546345
23/08/24 0:00,2.928571429,2.928571429,2.87308298,2.929453655,6.541428571,6.541428571,6.59691702,6.540546345
26/08/24 0:00,2.928571429,2.928571429,2.87308298,2.929453655,6.511428571,6.511428571,6.56691702,6.510546345
27/08/24 0:00,2.928571429,2.928571429,2.87308298,2.929453655,6.701428571,6.701428571,6.75691702,6.700546345
28/08/24 0:00,2.928571429,2.928571429,2.87308298,2.929453655,6.654428571,6.654428571,6.70991702,6.653546345
29/08/24 0:00,2.928571429,2.928571429,2.87308298,2.929453655,6.731428571,6.731428571,6.78691702,6.730546345
30/08/24 0:00,2.928571429,2.928571429,2.87308298,2.929453655,6.707428571,6.707428571,6.76291702,6.706546345
02/09/24 0:00,2.928571429,2.928571429,2.87308298,2.929453655,6.648428571,6.648428571,6.70391702,6.647546345
03/09/24 0:00,2.928571429,2.928571429,2.87308298,2.929453655,6.757428571,6.757428571,6.81291702,6.756546345
04/09/24 0:00,2.928571429,2.928571429,2.87308298,2.929453655,6.617428571,6.617428571,6.67291702,6.616546345
05/09/24 0:00,2.928571429,2.928571429,2.87308298,2.929453655,6.547428571,6.547428571,6.60291702,6.546546345
06/09/24 0:00,2.928571429,2.928571429,2.87308298,2.929453655,6.487428571,6.487428571,6.54291702,6.486546345
09/09/24 0:00,3.285714286,3.285714286,3.440808563,3.450315458,6.089285714,6.089285714,5.934191437,5.924684542
10/09/24 0:00,3.285714286,3.285714286,3.440808563,3.450315458,6.160285714,6.160285714,6.005191437,5.995684542
11/09/24 0:00,3.285714286,3.285714286,3.440808563,3.450315458,6.080285714,6.080285714,5.925191437,5.915684542
12/09/24 0:00,3.285714286,3.285714286,3.440808563,3.450315458,6.080285714,6.080285714,5.925191437,5.915684542
13/09/24 0:00,3.285714286,3.285714286,3.440808563,3.450315458,5.910285714,5.910285714,5.755191437,5.745684542
17/09/24 0:00,3.285714286,3.285714286,3.440808563,3.450315458,5.850285714,5.850285714,5.695191437,5.685684542
18/09/24 0:00,3.285714286,3.285714286,3.440808563,3.450315458,5.800285714,5.800285714,5.645191437,5.635684542
19/09/24 0:00,3.285714286,3.285714286,3.440808563,3.450315458,5.774285714,5.774285714,5.619191437,5.609684542
20/09/24 0:00,3.285714286,3.285714286,3.440808563,3.450315458,5.780285714,5.780285714,5.625191437,5.615684542
23/09/24 0:00,3.285714286,3.285714286,3.440808563,3.450315458,5.760285714,5.760285714,5.605191437,5.595684542
24/09/24 0:00,3.285714286,3.285714286,3.440808563,3.450315458,5.694285714,5.694285714,5.539191437,5.529684542
25/09/24 0:00,3.285714286,3.285714286,3.440808563,3.450315458,5.794285714,5.794285714,5.639191437,5.629684542
26/09/24 0:00,3.285714286,3.285714286,3.440808563,3.450315458,5.820285714,5.820285714,5.665191437,5.655684542
27/09/24 0:00,3.285714286,3.285714286,3.440808563,3.450315458,5.834285714,5.834285714,5.679191437,5.669684542
30/09/24 0:00,3.285714286,3.285714286,3.440808563,3.450315458,5.814285714,5.814285714,5.659191437,5.649684542
02/10/24 0:00,3.285714286,3.285714286,3.440808563,3.450315458,5.900285714,5.900285714,5.745191437,5.735684542
03/10/24 0:00,3.285714286,3.285714286,3.440808563,3.450315458,5.944285714,5.944285714,5.789191437,5.779684542
04/10/24 0:00,3.285714286,3.285714286,3.440808563,3.450315458,6.120285714,6.120285714,5.965191437,5.955684542
07/10/24 0:00,3.285714286,3.285714286,3.440808563,3.450315458,6.210285714,6.210285714,6.055191437,6.045684542
08/10/24 0:00,3.285714286,3.285714286,3.440808563,3.450315458,6.154285714,6.154285714,5.999191437,5.989684542
09/10/24 0:00,3.285714286,3.285714286,3.440808563,3.450315458,6.230285714,6.230285714,6.075191437,6.065684542
10/10/24 0:00,3.285714286,3.285714286,3.440808563,3.450315458,6.310285714,6.310285714,6.155191437,6.145684542
11/10/24 0:00,3.285714286,3.285714286,3.440808563,3.450315458,6.240285714,6.240285714,6.085191437,6.075684542
14/10/24 0:00,3.285714286,3.285714286,3.440808563,3.450315458,6.240285714,6.240285714,6.085191437,6.075684542
15/10/24 0:00,3.285714286,3.285714286,3.440808563,3.450315458,6.310285714,6.310285714,6.155191437,6.145684542
16/10/24 0:00,3.285714286,3.285714286,3.440808563,3.450315458,6.417285714,6.417285714,6.262191437,6.252684542
17/10/24 0:00,3.285714286,3.285714286,3.440808563,3.450315458,6.449285714,6.449285714,6.294191437,6.284684542
18/10/24 0:00,3.285714286,3.285714286,3.440808563,3.450315458,6.480285714,6.480285714,6.325191437,6.315684542
21/10/24 0:00,3.285714286,3.285714286,3.440808563,3.450315458,6.577285714,6.577285714,6.422191437,6.412684542
22/10/24 0:00,3.285714286,3.285714286,3.440808563,3.450315458,6.680285714,6.680285714,6.525191437,6.515684542
23/10/24 0:00,3.285714286,3.285714286,3.440808563,3.450315458,6.690285714,6.690285714,6.535191437,6.525684542
24/10/24 0:00,3.285714286,3.285714286,3.440808563,3.450315458,6.630285714,6.630285714,6.475191437,6.465684542
25/10/24 0:00,3.285714286,3.285714286,3.440808563,3.450315458,6.680285714,6.680285714,6.525191437,6.515684542
28/10/24 0:00,3.285714286,3.285714286,3.440808563,3.450315458,6.680285714,6.680285714,6.525191437,6.515684542
29/10/24 0:00,3.285714286,3.285714286,3.440808563,3.450315458,6.560285714,6.560285714,6.405191437,6.395684542
30/10/24 0:00,3.285714286,3.285714286,3.440808563,3.450315458,6.524285714,6.524285714,6.369191437,6.359684542
31/10/24 0:00,3.285714286,3.285714286,3.440808563,3.450315458,6.560285714,6.560285714,6.405191437,6.395684542
01/11/24 0:00,3.285714286,3.285714286,3.440808563,3.450315458,6.697285714,6.697285714,6.542191437,6.532684542
04/11/24 0:00,3.285714286,3.285714286,3.440808563,3.450315458,6.670285714,6.670285714,6.515191437,6.505684542
05/11/24 0:00,3.285714286,3.285714286,3.440808563,3.450315458,6.590285714,6.590285714,6.435191437,6.425684542
06/11/24 0:00,3.285714286,3.285714286,3.440808563,3.450315458,6.520285714,6.520285714,6.365191437,6.355684542
07/11/24 0:00,3.285714286,3.285714286,3.440808563,3.450315458,6.440285714,6.440285714,6.285191437,6.275684542
08/11/24 0:00,3.285714286,3.285714286,3.440808563,3.450315458,6.484285714,6.484285714,6.329191437,6.319684542
11/11/24 0:00,3.285714286,3.285714286,3.440808563,3.450315458,6.600285714,6.600285714,6.445191437,6.435684542
12/11/24 0:00,3.285714286,3.285714286,3.440808563,3.450315458,6.614285714,6.614285714,6.459191437,6.449684542
13/11/24 0:00,3.285714286,3.285714286,3.440808563,3.450315458,6.585285714,6.585285714,6.430191437,6.420684542
14/11/24 0:00,3.285714286,3.285714286,3.440808563,3.450315458,6.524285714,6.524285714,6.369191437,6.359684542
15/11/24 0:00,3.285714286,3.285714286,3.440808563,3.450315458,6.480285714,6.480285714,6.325191437,6.315684542
19/11/24 0:00,3.285714286,3.285714286,3.440808563,3.450315458,6.354285714,6.354285714,6.199191437,6.189684542
20/11/24 0:00,3.285714286,3.285714286,3.440808563,3.450315458,6.344285714,6.344285714,6.189191437,6.179684542
21/11/24 0:00,3.285714286,3.285714286,3.440808563,3.450315458,6.470285714,6.470285714,6.315191437,6.305684542
22/11/24 0:00,3.285714286,3.285714286,3.440808563,3.450315458,6.480285714,6.480285714,6.325191437,6.315684542
25/11/24 0:00,3.285714286,3.285714286,3.440808563,3.450315458,6.420285714,6.420285714,6.265191437,6.255684542
26/11/24 0:00,3.285714286,3.285714286,3.440808563,3.450315458,6.540285714,6.540285714,6.385191437,6.375684542
27/11/24 0:00,3.285714286,3.285714286,3.440808563,3.450315458,6.439285714,6.439285714,6.284191437,6.274684542
28/11/24 0:00,3.285714286,3.285714286,3.440808563,3.450315458,6.367285714,6.367285714,6.212191437,6.202684542
29/11/24 0:00,3.285714286,3.285714286,3.440808563,3.450315458,6.390285714,6.390285714,6.235191437,6.225684542
02/12/24 0:00,3.285714286,3.285714286,3.440808563,3.450315458,6.434285714,6.434285714,6.279191437,6.269684542
03/12/24 0:00,3.285714286,3.285714286,3.440808563,3.450315458,6.410285714,6.410285714,6.255191437,6.245684542
04/12/24 0:00,3.285714286,3.285714286,3.440808563,3.450315458,6.452285714,6.452285714,6.297191437,6.287684542
05/12/24 0:00,3.285714286,3.285714286,3.440808563,3.450315458,6.470285714,6.470285714,6.315191437,6.305684542
06/12/24 0:00,3.285714286,3.285714286,3.440808563,3.450315458,6.391285714,6.391285714,6.236191437,6.226684542
09/12/24 0:00,3.285714286,3.285714286,3.440808563,3.450315458,6.504285714,6.504285714,6.349191437,6.339684542
10/12/24 0:00,3.285714286,3.285714286,3.440808563,3.450315458,6.350285714,6.350285714,6.195191437,6.185684542
11/12/24 0:00,3.285714286,3.285714286,3.440808563,3.450315458,6.289285714,6.289285714,6.134191437,6.124684542
13/12/24 0:00,3.285714286,3.285714286,3.440808563,3.450315458,6.500285714,6.500285714,6.345191437,6.335684542
16/12/24 0:00,3.285714286,3.285714286,3.440808563,3.450315458,6.424285714,6.424285714,6.269191437,6.259684542
17/12/24 0:00,3.285714286,3.285714286,3.440808563,3.450315458,6.460285714,6.460285714,6.305191437,6.295684542
18/12/24 0:00,3.285714286,3.285714286,3.440808563,3.450315458,6.450285714,6.450285714,6.295191437,6.285684542
19/12/24 0:00,3.285714286,3.285714286,3.440808563,3.450315458,6.590285714,6.590285714,6.435191437,6.425684542
20/12/24 0:00,3.285714286,3.285714286,3.440808563,3.450315458,6.670285714,6.670285714,6.515191437,6.505684542
23/12/24 0:00,3.285714286,3.285714286,3.440808563,3.450315458,6.760285714,6.760285714,6.605191437,6.595684542
24/12/24 0:00,3.285714286,3.285714286,3.440808563,3.450315458,6.710285714,6.710285714,6.555191437,6.545684542
26/12/24 0:00,3.285714286,3.285714286,3.440808563,3.450315458,6.720285714,6.720285714,6.565191437,6.555684542
27/12/24 0:00,3.285714286,3.285714286,3.440808563,3.450315458,6.750285714,6.750285714,6.595191437,6.585684542
30/12/24 0:00,3.285714286,3.285714286,3.440808563,3.450315458,6.720285714,6.720285714,6.565191437,6.555684542
31/12/24 0:00,3.285714286,3.285714286,3.440808563,3.450315458,6.680285714,6.680285714,6.525191437,6.515684542
02/01/25 0:00,3.285714286,3.285714286,3.440808563,3.450315458,6.650285714,6.650285714,6.495191437,6.485684542
03/01/25 0:00,3.285714286,3.285714286,3.440808563,3.450315458,6.710285714,6.710285714,6.555191437,6.545684542
06/01/25 0:00,3.285714286,3.285714286,3.440808563,3.450315458,6.700285714,6.700285714,6.545191437,6.535684542
07/01/25 0:00,3.285714286,3.285714286,3.440808563,3.450315458,6.630285714,6.630285714,6.475191437,6.465684542
08/01/25 0:00,3.285714286,3.285714286,3.440808563,3.450315458,6.580285714,6.580285714,6.425191437,6.415684542
09/01/25 0:00,3.285714286,3.285714286,3.440808563,3.450315458,6.494285714,6.494285714,6.339191437,6.329684542
10/01/25 0:00,3.285714286,3.285714286,3.440808563,3.450315458,6.660285714,6.660285714,6.505191437,6.495684542
13/01/25 0:00,3.285714286,3.285714286,3.440808563,3.450315458,6.740285714,6.740285714,6.585191437,6.575684542
14/01/25 0:00,3.285714286,3.285714286,3.440808563,3.450315458,6.707285714,6.707285714,6.552191437,6.542684542
15/01/25 0:00,3.285714286,3.285714286,3.440808563,3.450315458,6.604285714,6.604285714,6.449191437,6.439684542
16/01/25 0:00,3.285714286,3.285714286,3.440808563,3.450315458,6.569285714,6.569285714,6.414191437,6.404684542
17/01/25 0:00,3.285714286,3.285714286,3.440808563,3.450315458,6.690285714,6.690285714,6.535191437,6.525684542
21/01/25 0:00,3.285714286,3.285714286,3.440808563,3.450315458,6.500285714,6.500285714,6.345191437,6.335684542
22/01/25 0:00,3.285714286,3.285714286,3.440808563,3.450315458,6.380285714,6.380285714,6.225191437,6.215684542
23/01/25 0:00,3.285714286,3.285714286,3.440808563,3.450315458,6.394285714,6.394285714,6.239191437,6.229684542
24/01/25 0:00,3.285714286,3.285714286,3.440808563,3.450315458,6.370285714,6.370285714,6.215191437,6.205684542
27/01/25 0:00,3.285714286,3.285714286,3.440808563,3.450315458,6.400285714,6.400285714,6.245191437,6.235684542
28/01/25 0:00,3.285714286,3.285714286,3.440808563,3.450315458,6.279285714,6.279285714,6.124191437,6.114684542
29/01/25 0:00,3.285714286,3.285714286,3.440808563,3.450315458,6.329285714,6.329285714,6.174191437,6.164684542
30/01/25 0:00,3.285714286,3.285714286,3.440808563,3.450315458,6.324285714,6.324285714,6.169191437,6.159684542
31/01/25 0:00,3.285714286,3.285714286,3.440808563,3.450315458,6.324285714,6.324285714,6.169191437,6.159684542
04/02/25 0:00,3.285714286,3.285714286,3.440808563,3.450315458,6.330285714,6.330285714,6.175191437,6.165684542
05/02/25 0:00,3.285714286,3.285714286,3.440808563,3.450315458,6.260285714,6.260285714,6.105191437,6.095684542
06/02/25 0:00,3.285714286,3.285714286,3.440808563,3.450315458,6.144285714,6.144285714,5.989191437,5.979684542
07/02/25 0:00,3.285714286,3.285714286,3.440808563,3.450315458,6.051285714,6.051285714,5.896191437,5.886684542
10/02/25 0:00,3.285714286,3.285714286,3.440808563,3.450315458,6.097285714,6.097285714,5.942191437,5.932684542
11/02/25 0:00,3.285714286,3.285714286,3.440808563,3.450315458,6.220285714,6.220285714,6.065191437,6.055684542
13/02/25 0:00,3.285714286,3.285714286,3.440808563,3.450315458,6.240285714,6.240285714,6.085191437,6.075684542
14/02/25 0:00,3.285714286,3.285714286,3.440808563,3.450315458,6.220285714,6.220285714,6.065191437,6.055684542
17/02/25 0:00,3.285714286,3.285714286,3.440808563,3.450315458,6.250285714,6.250285714,6.095191437,6.085684542
18/02/25 0:00,3.285714286,3.285714286,3.440808563,3.450315458,6.190285714,6.190285714,6.035191437,6.025684542
19/02/25 0:00,3.285714286,3.285714286,3.440808563,3.450315458,6.224285714,6.224285714,6.069191437,6.059684542
20/02/25 0:00,3.285714286,3.285714286,3.440808563,3.450315458,6.111285714,6.111285714,5.956191437,5.946684542
21/02/25 0:00,3.285714286,3.285714286,3.440808563,3.450315458,6.070285714,6.070285714,5.915191437,5.905684542
24/02/25 0:00,3.285714286,3.285714286,3.440808563,3.450315458,6.074285714,6.074285714,5.919191437,5.909684542
26/02/25 0:00,3.285714286,3.285714286,3.440808563,3.450315458,5.944285714,5.944285714,5.789191437,5.779684542
27/02/25 0:00,3.285714286,3.285714286,3.440808563,3.450315458,5.883285714,5.883285714,5.728191437,5.718684542
28/02/25 0:00,3.285714286,3.285714286,3.440808563,3.450315458,5.894285714,5.894285714,5.739191437,5.729684542
03/03/25 0:00,3.285714286,3.285714286,3.440808563,3.450315458,5.854285714,5.854285714,5.699191437,5.689684542
04/03/25 0:00,3.285714286,3.285714286,3.440808563,3.450315458,5.914285714,5.914285714,5.759191437,5.749684542
05/03/25 0:00,3.285714286,3.285714286,3.440808563,3.450315458,5.834285714,5.834285714,5.679191437,5.669684542
06/03/25 0:00,3.285714286,3.285714286,3.440808563,3.450315458,5.824285714,5.824285714,5.669191437,5.659684542
07/03/25 0:00,3.285714286,3.285714286,3.440808563,3.450315458,5.765285714,5.765285714,5.610191437,5.600684542
10/03/25 0:00,3.285714286,3.285714286,3.440808563,3.450315458,5.834285714,5.834285714,5.679191437,5.669684542
11/03/25 0:00,3.285714286,3.285714286,3.440808563,3.450315458,5.787285714,5.787285714,5.632191437,5.622684542
12/03/25 0:00,3.285714286,3.285714286,3.440808563,3.450315458,5.894285714,5.894285714,5.739191437,5.729684542
13/03/25 0:00,3.285714286,3.285714286,3.440808563,3.450315458,5.814285714,5.814285714,5.659191437,5.649684542
14/03/25 0:00,3.285714286,3.285714286,3.440808563,3.450315458,5.804285714,5.804285714,5.649191437,5.639684542
18/03/25 0:00,3.285714286,3.285714286,3.440808563,3.450315458,5.756285714,5.756285714,5.601191437,5.591684542
20/03/25 0:00,3.285714286,3.285714286,3.440808563,3.450315458,5.684285714,5.684285714,5.529191437,5.519684542
21/03/25 0:00,3.285714286,3.285714286,3.440808563,3.450315458,5.714285714,5.714285714,5.559191437,5.549684542
24/03/25 0:00,3.285714286,3.285714286,3.440808563,3.450315458,5.744285714,5.744285714,5.589191437,5.579684542
25/03/25 0:00,3.285714286,3.285714286,3.440808563,3.450315458,5.716285714,5.716285714,5.561191437,5.551684542
26/03/25 0:00,3.285714286,3.285714286,3.440808563,3.450315458,5.704285714,5.704285714,5.549191437,5.539684542
27/03/25 0:00,3.285714286,3.285714286,3.440808563,3.450315458,5.702285714,5.702285714,5.547191437,5.537684542
28/03/25 0:00,3.285714286,3.285714286,3.440808563,3.450315458,5.624285714,5.624285714,5.469191437,5.459684542
31/03/25 0:00,3.285714286,3.285714286,3.440808563,3.450315458,5.537285714,5.537285714,5.382191437,5.372684542
01/04/25 0:00,3.285714286,3.285714286,3.440808563,3.450315458,5.544285714,5.544285714,5.389191437,5.379684542
02/04/25 0:00,3.285714286,3.285714286,3.440808563,3.450315458,5.440285714,5.440285714,5.285191437,5.275684542
03/04/25 0:00,3.285714286,3.285714286,3.440808563,3.450315458,5.234285714,5.234285714,5.079191437,5.069684542
04/04/25 0:00,3.285714286,3.285714286,3.440808563,3.450315458,5.344285714,5.344285714,5.189191437,5.179684542
07/04/25 0:00,3.285714286,3.285714286,3.440808563,3.450315458,5.394285714,5.394285714,5.239191437,5.229684542
08/04/25 0:00,3.285714286,3.285714286,3.440808563,3.450315458,5.504285714,5.504285714,5.349191437,5.339684542
09/04/25 0:00,3.285714286,3.285714286,3.440808563,3.450315458,5.504285714,5.504285714,5.349191437,5.339684542
10/04/25 0:00,3.285714286,3.285714286,3.440808563,3.450315458,5.434285714,5.434285714,5.279191437,5.269684542
11/04/25 0:00,3.285714286,3.285714286,3.440808563,3.450315458,5.584285714,5.584285714,5.429191437,5.419684542
14/04/25 0:00,3.285714286,3.285714286,3.440808563,3.450315458,5.564285714,5.564285714,5.409191437,5.399684542
15/04/25 0:00,3.285714286,3.285714286,3.440808563,3.450315458,5.474285714,5.474285714,5.319191437,5.309684542
16/04/25 0:00,3.285714286,3.285714286,3.440808563,3.450315458,5.444285714,5.444285714,5.289191437,5.279684542
21/04/25 0:00,3.285714286,3.285714286,3.440808563,3.450315458,5.504285714,5.504285714,5.349191437,5.339684542
22/04/25 0:00,3.285714286,3.285714286,3.440808563,3.450315458,5.489285714,5.489285714,5.334191437,5.324684542
23/04/25 0:00,3.285714286,3.285714286,3.440808563,3.450315458,5.514285714,5.514285714,5.359191437,5.349684542
24/04/25 0:00,3.285714286,3.285714286,3.440808563,3.450315458,5.424285714,5.424285714,5.269191437,5.259684542
25/04/25 0:00,3.285714286,3.285714286,3.440808563,3.450315458,5.414285714,5.414285714,5.259191437,5.249684542
28/04/25 0:00,3.285714286,3.285714286,3.440808563,3.450315458,5.381285714,5.381285714,5.226191437,5.216684542
29/04/25 0:00,3.285714286,3.285714286,3.440808563,3.450315458,5.426285714,5.426285714,5.271191437,5.261684542
30/04/25 0:00,3.285714286,3.285714286,3.440808563,3.450315458,5.394285714,5.394285714,5.239191437,5.229684542
02/05/25 0:00,3.285714286,3.285714286,3.440808563,3.450315458,5.439285714,5.439285714,5.284191437,5.274684542
05/05/25 0:00,3.285714286,3.285714286,3.440808563,3.450315458,5.424285714,5.424285714,5.269191437,5.259684542
06/05/25 0:00,3.285714286,3.285714286,3.440808563,3.450315458,5.354285714,5.354285714,5.199191437,5.189684542
07/05/25 0:00,3.285714286,3.285714286,3.440808563,3.450315458,5.314285714,5.314285714,5.159191437,5.149684542
08/05/25 0:00,3.285714286,3.285714286,3.440808563,3.450315458,5.374285714,5.374285714,5.219191437,5.209684542
09/05/25 0:00,3.285714286,3.285714286,3.440808563,3.450315458,5.404285714,5.404285714,5.249191437,5.239684542
12/05/25 0:00,3.285714286,3.285714286,3.440808563,3.450315458,5.449285714,5.449285714,5.294191437,5.284684542
13/05/25 0:00,3.285714286,3.285714286,3.440808563,3.450315458,5.504285714,5.504285714,5.349191437,5.339684542
14/05/25 0:00,3.285714286,3.285714286,3.440808563,3.450315458,5.512285714,5.512285714,5.357191437,5.347684542
15/05/25 0:00,3.285714286,3.285714286,3.440808563,3.450315458,5.608285714,5.608285714,5.453191437,5.443684542
16/05/25 0:00,4,4,4.014484217,4.059525949,4.71,4.71,4.695515783,4.650474051
19/05/25 0:00,4,4,4.014484217,4.059525949,4.91,4.91,4.895515783,4.850474051
20/05/25 0:00,4,4,4.014484217,4.059525949,4.752,4.752,4.737515783,4.692474051
21/05/25 0:00,4,4,4.014484217,4.059525949,4.8,4.8,4.785515783,4.740474051
22/05/25 0:00,4,4,4.014484217,4.059525949,4.77,4.77,4.755515783,4.710474051
23/05/25 0:00,4,4,4.014484217,4.059525949,4.762,4.762,4.747515783,4.702474051
26/05/25 0:00,4,4,4.014484217,4.059525949,4.79,4.79,4.775515783,4.730474051
27/05/25 0:00,4,4,4.014484217,4.059525949,4.79,4.79,4.775515783,4.730474051
28/05/25 0:00,4,4,4.014484217,4.059525949,4.77,4.77,4.755515783,4.710474051
29/05/25 0:00,4,4,4.014484217,4.059525949,4.712,4.712,4.697515783,4.652474051
30/05/25 0:00,4,4,4.014484217,4.059525949,4.68,4.68,4.665515783,4.620474051
02/06/25 0:00,4,4,4.014484217,4.059525949,4.677,4.677,4.662515783,4.617474051
03/06/25 0:00,4,4,4.014484217,4.059525949,4.645,4.645,4.630515783,4.585474051
04/06/25 0:00,4,4,4.014484217,4.059525949,4.53,4.53,4.515515783,4.470474051
05/06/25 0:00,4,4,4.014484217,4.059525949,4.514,4.514,4.499515783,4.454474051
06/06/25 0:00,4,4,4.014484217,4.059525949,4.512,4.512,4.497515783,4.452474051
09/06/25 0:00,4,4,4.014484217,4.059525949,4.568,4.568,4.553515783,4.508474051
10/06/25 0:00,4,4,4.014484217,4.059525949,4.58,4.58,4.565515783,4.520474051
11/06/25 0:00,4,4,4.014484217,4.059525949,4.65,4.65,4.635515783,4.590474051
12/06/25 0:00,4,4,4.014484217,4.059525949,4.644,4.644,4.629515783,4.584474051
13/06/25 0:00,4,4,4.014484217,4.059525949,4.755,4.755,4.740515783,4.695474051
16/06/25 0:00,4,4,4.014484217,4.059525949,4.677,4.677,4.662515783,4.617474051
17/06/25 0:00,4,4,4.014484217,4.059525949,4.663,4.663,4.648515783,4.603474051
18/06/25 0:00,4,4,4.014484217,4.059525949,4.62,4.62,4.605515783,4.560474051
19/06/25 0:00,4,4,4.014484217,4.059525949,4.615,4.615,4.600515783,4.555474051
20/06/25 0:00,4,4,4.014484217,4.059525949,4.63,4.63,4.615515783,4.570474051
23/06/25 0:00,4,4,4.014484217,4.059525949,4.656,4.656,4.641515783,4.596474051
24/06/25 0:00,4,4,4.014484217,4.059525949,4.8,4.8,4.785515783,4.740474051
25/06/25 0:00,4,4,4.014484217,4.059525949,4.565,4.565,4.550515783,4.505474051
26/06/25 0:00,4,4,4.014484217,4.059525949,4.571,4.571,4.556515783,4.511474051
27/06/25 0:00,4,4,4.014484217,4.059525949,4.56,4.56,4.545515783,4.500474051
30/06/25 0:00,4,4,4.014484217,4.059525949,4.582,4.582,4.567515783,4.522474051
01/07/25 0:00,4,4,4.014484217,4.059525949,4.543,4.543,4.528515783,4.483474051
02/07/25 0:00,4,4,4.014484217,4.059525949,4.526,4.526,4.511515783,4.466474051
03/07/25 0:00,4,4,4.014484217,4.059525949,4.538,4.538,4.523515783,4.478474051
04/07/25 0:00,4,4,4.014484217,4.059525949,4.583,4.583,4.568515783,4.523474051
08/07/25 0:00,4,4,4.014484217,4.059525949,4.804,4.804,4.789515783,4.744474051
09/07/25 0:00,4,4,4.014484217,4.059525949,4.667,4.667,4.652515783,4.607474051
10/07/25 0:00,4,4,4.014484217,4.059525949,4.564,4.564,4.549515783,4.504474051
11/07/25 0:00,4,4,4.014484217,4.059525949,4.556,4.556,4.541515783,4.496474051
15/07/25 0:00,4,4,4.014484217,4.059525949,4.804,4.804,4.789515783,4.744474051
23/07/25 0:00,4,4,4.014484217,4.059525949,4.804,4.804,4.789515783,4.744474051
29/07/25 0:00,4,4,4.014484217,4.059525949,4.804,4.804,4.789515783,4.744474051
01/08/25 0:00,4,4,4.014484217,4.059525949,4.524,4.524,4.509515783,4.464474051
05/08/25 0:00,4,4,4.014484217,4.059525949,4.454,4.454,4.439515783,4.394474051
08/08/25 0:00,4,4,4.014484217,4.059525949,4.374,4.374,4.359515783,4.314474051
12/08/25 0:00,4,4,4.014484217,4.059525949,4.404,4.404,4.389515783,4.344474051
13/08/25 0:00,4,4,4.014484217,4.059525949,4.314,4.314,4.299515783,4.254474051
15/08/25 0:00,4,4,4.014484217,4.059525949,4.384,4.384,4.369515783,4.324474051
19/08/25 0:00,4,4,4.014484217,4.059525949,4.374,4.374,4.359515783,4.314474051
22/08/25 0:00,4,4,4.014484217,4.059525949,4.284,4.284,4.269515783,4.224474051
28/08/25 0:00,4,4,4.014484217,4.059525949,4.254,4.254,4.239515783,4.194474051
02/09/25 0:00,4,4,4.014484217,4.059525949,4.224,4.224,4.209515783,4.164474051
03/09/25 0:00,4,4,4.014484217,4.059525949,4.244,4.244,4.229515783,4.184474051
05/09/25 0:00,4,4,4.014484217,4.059525949,4.144,4.144,4.129515783,4.084474051
08/09/25 0:00,4,4,4.014484217,4.059525949,4.134,4.134,4.119515783,4.074474051
10/09/25 0:00,4,4,4.014484217,4.059525949,4.164,4.164,4.149515783,4.104474051
12/09/25 0:00,4,4,4.014484217,4.059525949,4.064,4.064,4.049515783,4.004474051
18/09/25 0:00,4,4,4.014484217,4.059525949,4.114,4.114,4.099515783,4.054474051
22/09/25 0:00,4,4,4.014484217,4.059525949,4.004,4.004,3.989515783,3.944474051
23/09/25 0:00,4,4,4.014484217,4.059525949,4,4,3.985515783,3.940474051
24/09/25 0:00,4,4,4.014484217,4.059525949,4,4,3.985515783,3.940474051
25/09/25 0:00,4,4,4.014484217,4.059525949,4,4,3.985515783,3.940474051
26/09/25 0:00,4,4,4.014484217,4.059525949,4.01,4.01,3.995515783,3.950474051
29/09/25 0:00,4,4,4.014484217,4.059525949,4.08,4.08,4.065515783,4.020474051
30/09/25 0:00,4,4,4.014484217,4.059525949,4.064,4.064,4.049515783,4.004474051
01/10/25 0:00,4,4,4.014484217,4.059525949,4.06,4.06,4.045515783,4.000474051
02/10/25 0:00,4,4,4.014484217,4.059525949,4.044,4.044,4.029515783,3.984474051
03/10/25 0:00,4,4,4.014484217,4.059525949,4.04,4.04,4.025515783,3.980474051
06/10/25 0:00,4,4,4.014484217,4.059525949,4.034,4.034,4.019515783,3.974474051
07/10/25 0:00,4,4,4.014484217,4.059525949,4.064,4.064,4.049515783,4.004474051
08/10/25 0:00,4,4,4.014484217,4.059525949,4.05,4.05,4.035515783,3.990474051
09/10/25 0:00,4,4,4.014484217,4.059525949,4.06,4.06,4.045515783,4.000474051
10/10/25 0:00,4,4,4.014484217,4.059525949,4,4,3.985515783,3.940474051
13/10/25 0:00,4,4,4.014484217,4.059525949,3.944,3.944,3.929515783,3.884474051
14/10/25 0:00,4,4,4.014484217,4.059525949,3.964,3.964,3.949515783,3.904474051
15/10/25 0:00,4,4,4.014484217,4.059525949,3.96,3.96,3.945515783,3.900474051
16/10/25 0:00,4,4,4.014484217,4.059525949,3.9,3.9,3.885515783,3.840474051
17/10/25 0:00,4,4,4.014484217,4.059525949,3.87,3.87,3.855515783,3.810474051
20/10/25 0:00,4,4,4.014484217,4.059525949,3.89,3.89,3.875515783,3.830474051
21/10/25 0:00,4,4,4.014484217,4.059525949,3.89,3.89,3.875515783,3.830474051
22/10/25 0:00,4,4,4.014484217,4.059525949,3.844,3.844,3.829515783,3.784474051
23/10/25 0:00,4,4,4.014484217,4.059525949,3.84,3.84,3.825515783,3.780474051
24/10/25 0:00,4,4,4.014484217,4.059525949,3.884,3.884,3.869515783,3.824474051
27/10/25 0:00,4,4,4.014484217,4.059525949,3.88,3.88,3.865515783,3.820474051
28/10/25 0:00,4,4,4.014484217,4.059525949,3.86,3.86,3.845515783,3.800474051
29/10/25 0:00,4,4,4.014484217,4.059525949,3.86,3.86,3.845515783,3.800474051
30/10/25 0:00,4,4,4.014484217,4.059525949,3.91,3.91,3.895515783,3.850474051
31/10/25 0:00,4,4,4.014484217,4.059525949,3.89,3.89,3.875515783,3.830474051
03/11/25 0:00,4,4,4.014484217,4.059525949,3.9,3.9,3.885515783,3.840474051
04/11/25 0:00,4,4,4.014484217,4.059525949,3.94,3.94,3.925515783,3.880474051
05/11/25 0:00,4,4,4.014484217,4.059525949,3.96,3.96,3.945515783,3.900474051
06/11/25 0:00,4,4,4.014484217,4.059525949,3.97,3.97,3.955515783,3.910474051
07/11/25 0:00,4,4,4.014484217,4.059525949,4,4,3.985515783,3.940474051
10/11/25 0:00,4,4,4.014484217,4.059525949,4.06,4.06,4.045515783,4.000474051
11/11/25 0:00,4,4,4.014484217,4.059525949,4.06,4.06,4.045515783,4.000474051
12/11/25 0:00,4,4,4.014484217,4.059525949,4.09,4.09,4.075515783,4.030474051
13/11/25 0:00,4,4,4.014484217,4.059525949,4.06,4.06,4.045515783,4.000474051
14/11/25 0:00,4,4,4.014484217,4.059525949,4.06,4.06,4.045515783,4.000474051
18/11/25 0:00,4,4,4.014484217,4.059525949,4.07,4.07,4.055515783,4.010474051
19/11/25 0:00,4,4,4.014484217,4.059525949,4.05,4.05,4.035515783,3.990474051
20/11/25 0:00,4,4,4.014484217,4.059525949,4.05,4.05,4.035515783,3.990474051
21/11/25 0:00,4,4,4.014484217,4.059525949,4.08,4.08,4.065515783,4.020474051
24/11/25 0:00,4,4,4.014484217,4.059525949,4.11,4.11,4.095515783,4.050474051
25/11/25 0:00,4,4,4.014484217,4.059525949,4.08,4.08,4.065515783,4.020474051
26/11/25 0:00,4,4,4.014484217,4.059525949,4.08,4.08,4.065515783,4.020474051
27/11/25 0:00,4,4,4.014484217,4.059525949,4.004,4.004,3.989515783,3.944474051
28/11/25 0:00,4,4,4.014484217,4.059525949,4,4,3.985515783,3.940474051
01/12/25 0:00,4,4,4.014484217,4.059525949,4.01,4.01,3.995515783,3.950474051
02/12/25 0:00,4,4,4.014484217,4.059525949,4.01,4.01,3.995515783,3.950474051
03/12/25 0:00,4,4,4.014484217,4.059525949,4,4,3.985515783,3.940474051
04/12/25 0:00,4,4,4.014484217,4.059525949,3.98,3.98,3.965515783,3.920474051
05/12/25 0:00,4,4,4.014484217,4.059525949,4.03,4.03,4.015515783,3.970474051
08/12/25 0:00,4,4,4.014484217,4.059525949,4.17,4.17,4.155515783,4.110474051
09/12/25 0:00,4,4,4.014484217,4.059525949,4.15,4.15,4.135515783,4.090474051
10/12/25 0:00,4,4,4.014484217,4.059525949,4.334,4.334,4.319515783,4.274474051
11/12/25 0:00,4,4,4.014484217,4.059525949,4.364,4.364,4.349515783,4.304474051
15/12/25 0:00,4,4,4.014484217,4.059525949,4.374,4.374,4.359515783,4.314474051
16/12/25 0:00,4,4,4.014484217,4.059525949,4.37,4.37,4.355515783,4.310474051
17/12/25 0:00,4,4,4.014484217,4.059525949,4.28,4.28,4.265515783,4.220474051
18/12/25 0:00,4,4,4.014484217,4.059525949,4.22,4.22,4.205515783,4.160474051
19/12/25 0:00,4,4,4.014484217,4.059525949,4.18,4.18,4.165515783,4.120474051
22/12/25 0:00,4,4,4.014484217,4.059525949,4.4,4.4,4.385515783,4.340474051
23/12/25 0:00,4,4,4.014484217,4.059525949,4.26,4.26,4.245515783,4.200474051
24/12/25 0:00,4,4,4.014484217,4.059525949,4.24,4.24,4.225515783,4.180474051
26/12/25 0:00,4,4,4.014484217,4.059525949,4.24,4.24,4.225515783,4.180474051
29/12/25 0:00,4,4,4.014484217,4.059525949,4.24,4.24,4.225515783,4.180474051
30/12/25 0:00,4,4,4.014484217,4.059525949,4.23,4.23,4.215515783,4.170474051
31/12/25 0:00,4,4,4.014484217,4.059525949,4.2,4.2,4.185515783,4.140474051
02/01/26 0:00,4,4,4.014484217,4.059525949,4.16,4.16,4.145515783,4.100474051
05/01/26 0:00,4,4,4.014484217,4.059525949,4.16,4.16,4.145515783,4.100474051
06/01/26 0:00,4,4,4.014484217,4.059525949,4.024,4.024,4.009515783,3.964474051
07/01/26 0:00,4,4,4.014484217,4.059525949,4.02,4.02,4.005515783,3.960474051
08/01/26 0:00,4,4,4.014484217,4.059525949,4.064,4.064,4.049515783,4.004474051
09/01/26 0:00,4,4,4.014484217,4.059525949,4.41,4.41,4.395515783,4.350474051
12/01/26 0:00,4,4,4.014484217,4.059525949,4.444,4.444,4.429515783,4.384474051
13/01/26 0:00,4,4,4.014484217,4.059525949,4.44,4.44,4.425515783,4.380474051
14/01/26 0:00,4,4,4.014484217,4.059525949,4.46,4.46,4.445515783,4.400474051
15/01/26 0:00,4,4,4.014484217,4.059525949,4.41,4.41,4.395515783,4.350474051
16/01/26 0:00,4,4,4.014484217,4.059525949,4.514,4.514,4.499515783,4.454474051
19/01/26 0:00,4,4,4.014484217,4.059525949,4.51,4.51,4.495515783,4.450474051
20/01/26 0:00,4,4,4.014484217,4.059525949,4.55,4.55,4.535515783,4.490474051
21/01/26 0:00,4,4,4.014484217,4.059525949,4.63,4.63,4.615515783,4.570474051
22/01/26 0:00,4,4,4.014484217,4.059525949,4.53,4.53,4.515515783,4.470474051
23/01/26 0:00,4,4,4.014484217,4.059525949,4.464,4.464,4.449515783,4.404474051
26/01/26 0:00,4,4,4.014484217,4.059525949,4.46,4.46,4.445515783,4.400474051
27/01/26 0:00,4,4,4.014484217,4.059525949,4.404,4.404,4.389515783,4.344474051
28/01/26 0:00,4,4,4.014484217,4.059525949,4.4,4.4,4.385515783,4.340474051
29/01/26 0:00,4,4,4.014484217,4.059525949,4.36,4.36,4.345515783,4.300474051
30/01/26 0:00,4,4,4.014484217,4.059525949,4.28,4.28,4.265515783,4.220474051
03/02/26 0:00,4,4,4.014484217,4.059525949,4.32,4.32,4.305515783,4.260474051
04/02/26 0:00,4,4,4.014484217,4.059525949,4.34,4.34,4.325515783,4.280474051
05/02/26 0:00,4,4,4.014484217,4.059525949,4.38,4.38,4.365515783,4.320474051
06/02/26 0:00,4,4,4.014484217,4.059525949,4.274,4.274,4.259515783,4.214474051
09/02/26 0:00,4,4,4.014484217,4.059525949,4.27,4.27,4.255515783,4.210474051
10/02/26 0:00,4,4,4.014484217,4.059525949,4.25,4.25,4.235515783,4.190474051
11/02/26 0:00,4,4,4.014484217,4.059525949,4.2,4.2,4.185515783,4.140474051
12/02/26 0:00,4,4,4.014484217,4.059525949,4.124,4.124,4.109515783,4.064474051
13/02/26 0:00,4,4,4.014484217,4.059525949,4.12,4.12,4.105515783,4.060474051
16/02/26 0:00,4,4,4.014484217,4.059525949,4.144,4.144,4.129515783,4.084474051
17/02/26 0:00,4,4,4.014484217,4.059525949,4.18,4.18,4.165515783,4.120474051
18/02/26 0:00,4,4,4.014484217,4.059525949,4.16,4.16,4.145515783,4.100474051
19/02/26 0:00,4,4,4.014484217,4.059525949,4.15,4.15,4.135515783,4.090474051
20/02/26 0:00,4,4,4.014484217,4.059525949,4.174,4.174,4.159515783,4.114474051
23/02/26 0:00,4,4,4.014484217,4.059525949,4.174,4.174,4.159515783,4.114474051
24/02/26 0:00,4,4,4.014484217,4.059525949,4.124,4.124,4.109515783,4.064474051
25/02/26 0:00,4,4,4.014484217,4.059525949,4.054,4.054,4.039515783,3.994474051
26/02/26 0:00,4,4,4.014484217,4.059525949,4.05,4.05,4.035515783,3.990474051
27/02/26 0:00,4,4,4.014484217,4.059525949,4.044,4.044,4.029515783,3.984474051
02/03/26 0:00,4,4,4.014484217,4.059525949,4.134,4.134,4.119515783,4.074474051
03/03/26 0:00,4,4,4.014484217,4.059525949,4.13,4.13,4.115515783,4.070474051
04/03/26 0:00,4,4,4.014484217,4.059525949,4.214,4.214,4.199515783,4.154474051
05/03/26 0:00,4,4,4.014484217,4.059525949,4.21,4.21,4.195515783,4.150474051
06/03/26 0:00,4,4,4.014484217,4.059525949,4.41,4.41,4.395515783,4.350474051
09/03/26 0:00,4,4,4.014484217,4.059525949,4.45,4.45,4.435515783,4.390474051
10/03/26 0:00,4,4,4.014484217,4.059525949,4.53,4.53,4.515515783,4.470474051
11/03/26 0:00,4,4,4.014484217,4.059525949,4.42,4.42,4.405515783,4.360474051
12/03/26 0:00,4,4,4.014484217,4.059525949,4.704,4.704,4.689515783,4.644474051
13/03/26 0:00,4,4,4.014484217,4.059525949,4.874,4.874,4.859515783,4.814474051
17/03/26 0:00,4,4,4.014484217,4.059525949,4.96,4.96,4.945515783,4.900474051
18/03/26 0:00,4,4,4.014484217,4.059525949,4.83,4.83,4.815515783,4.770474051
19/03/26 0:00,4,4,4.014484217,4.059525949,4.93,4.93,4.915515783,4.870474051
20/03/26 0:00,4,4,4.014484217,4.059525949,4.93,4.93,4.915515783,4.870474051
23/03/26 0:00,4,4,4.014484217,4.059525949,5.13,5.13,5.115515783,5.070474051
24/03/26 0:00,4,4,4.014484217,4.059525949,4.97,4.97,4.955515783,4.910474051
25/03/26 0:00,4,4,4.014484217,4.059525949,4.99,4.99,4.975515783,4.930474051
26/03/26 0:00,4,4,4.014484217,4.059525949,4.77,4.77,4.755515783,4.710474051
27/03/26 0:00,4,4,4.014484217,4.059525949,4.994,4.994,4.979515783,4.934474051