Fecha,Close,Apertura,Máximo,Mínimo,Vol.,% var.
05.03.2026,"96,42","96,44","96,57","96,39","8,68M","-0,40%"
04.03.2026,"96,81","96,97","96,99","96,79","12,54M","-0,21%"
03.03.2026,"97,01","96,67","97,15","96,64","13,71M","-0,11%"
02.03.2026,"97,12","97,38","97,39","96,95","17,71M","-0,89%"
27.02.2026,"97,99","97,88","98,04","97,83","9,97M","0,40%"
26.02.2026,"97,60","97,42","97,60","97,42","8,18M","0,27%"
25.02.2026,"97,34","97,27","97,42","97,26","8,76M","-0,08%"
24.02.2026,"97,42","97,43","97,47","97,33","9,49M","-0,02%"
23.02.2026,"97,44","97,17","97,53","97,17","9,86M","0,36%"
20.02.2026,"97,09","97,13","97,14","96,89","11,20M","0,00%"
19.02.2026,"97,09","96,96","97,14","96,94","4,99M","0,09%"
18.02.2026,"97,00","97,03","97,09","96,97","7,78M","-0,21%"
17.02.2026,"97,20","97,25","97,31","97,15","8,62M","-0,01%"
13.02.2026,"97,21","97,12","97,26","97,09","11,68M","0,39%"
12.02.2026,"96,83","96,40","96,85","96,39","13,10M","0,61%"
11.02.2026,"96,24","96,18","96,45","96,15","9,11M","-0,28%"
10.02.2026,"96,51","96,43","96,55","96,40","9,75M","0,44%"
09.02.2026,"96,09","96,01","96,13","95,93","8,17M","0,02%"
06.02.2026,"96,07","96,11","96,13","95,92","7,76M","0,00%"
05.02.2026,"96,07","95,80","96,10","95,71","12,09M","0,59%"
04.02.2026,"95,51","95,45","95,61","95,41","7,27M","-0,02%"
03.02.2026,"95,53","95,39","95,57","95,37","7,31M","0,09%"
02.02.2026,"95,44","95,67","95,70","95,43","8,99M","-0,52%"
30.01.2026,"95,94","95,99","96,06","95,91","8,24M","-0,06%"
29.01.2026,"96,00","95,79","96,09","95,78","11,05M","0,10%"
28.01.2026,"95,90","95,92","95,94","95,72","17,03M","-0,08%"
27.01.2026,"95,98","96,03","96,15","95,95","9,86M","-0,11%"
26.01.2026,"96,09","96,10","96,15","96,04","6,80M","0,15%"
23.01.2026,"95,95","95,83","95,97","95,75","8,15M","0,17%"
22.01.2026,"95,79","95,69","95,86","95,64","10,21M","-0,01%"
21.01.2026,"95,80","95,65","95,84","95,56","11,97M","0,26%"
20.01.2026,"95,55","95,60","95,72","95,53","13,61M","-0,40%"
16.01.2026,"95,93","96,23","96,25","95,91","11,98M","-0,38%"
15.01.2026,"96,30","96,50","96,52","96,28","6,17M","-0,21%"
14.01.2026,"96,50","96,38","96,60","96,37","7,33M","0,21%"
13.01.2026,"96,30","96,34","96,37","96,20","7,62M","0,12%"
12.01.2026,"96,18","96,14","96,30","96,12","6,36M","-0,12%"
09.01.2026,"96,30","96,16","96,38","96,07","10,28M","0,11%"
08.01.2026,"96,19","96,22","96,31","96,18","6,93M","-0,30%"
07.01.2026,"96,48","96,51","96,55","96,34","7,99M","0,19%"
06.01.2026,"96,30","96,25","96,32","96,10","12,83M","-0,07%"
05.01.2026,"96,37","96,22","96,38","96,17","8,69M","0,30%"
02.01.2026,"96,08","96,29","96,29","96,07","6,61M","-0,08%"
31.12.2025,"96,16","96,34","96,46","96,15","6,80M","-0,33%"
30.12.2025,"96,48","96,44","96,56","96,40","4,11M","-0,10%"
29.12.2025,"96,58","96,55","96,60","96,45","5,03M","0,15%"
26.12.2025,"96,44","96,49","96,51","96,33","3,49M","0,09%"
24.12.2025,"96,35","96,22","96,36","96,17","3,97M","0,26%"
23.12.2025,"96,10","95,93","96,13","95,88","5,09M","-0,04%"
22.12.2025,"96,14","96,16","96,18","96,08","4,67M","-0,10%"
19.12.2025,"96,24","96,30","96,39","96,20","5,81M","-0,55%"
18.12.2025,"96,77","96,77","96,83","96,64","7,36M","0,26%"
17.12.2025,"96,52","96,42","96,57","96,40","5,67M","-0,02%"
16.12.2025,"96,54","96,24","96,56","96,22","7,46M","0,28%"
15.12.2025,"96,27","96,41","96,50","96,25","6,12M","0,08%"
12.12.2025,"96,19","96,19","96,27","96,17","8,35M","-0,27%"
11.12.2025,"96,45","96,68","96,73","96,42","8,67M","0,01%"
10.12.2025,"96,44","96,08","96,47","96,08","13,36M","0,32%"
09.12.2025,"96,13","96,40","96,40","96,11","8,51M","-0,15%"
08.12.2025,"96,27","96,41","96,42","96,09","14,73M","-0,21%"
05.12.2025,"96,47","96,69","96,70","96,42","9,12M","-0,21%"
04.12.2025,"96,67","96,82","96,82","96,62","8,93M","-0,31%"
03.12.2025,"96,97","96,93","97,03","96,81","6,86M","0,21%"
02.12.2025,"96,77","96,66","96,82","96,60","7,32M","0,08%"
01.12.2025,"96,69","96,77","96,83","96,68","9,90M","-0,83%"
28.11.2025,"97,50","97,63","97,65","97,39","7,80M","-0,17%"
26.11.2025,"97,67","97,48","97,67","97,33","7,75M","0,08%"
25.11.2025,"97,59","97,44","97,70","97,43","9,19M","0,26%"
24.11.2025,"97,34","97,29","97,36","97,18","6,90M","0,15%"
21.11.2025,"97,19","97,19","97,23","97,00","12,55M","0,33%"
20.11.2025,"96,87","96,74","96,94","96,69","9,08M","0,24%"
19.11.2025,"96,64","96,81","96,86","96,60","13,08M","-0,07%"
18.11.2025,"96,71","96,84","96,93","96,57","8,77M","0,17%"
17.11.2025,"96,55","96,54","96,62","96,49","6,65M","0,11%"
14.11.2025,"96,44","96,88","96,93","96,42","11,29M","-0,17%"
13.11.2025,"96,60","96,65","96,80","96,60","46,97M","-0,29%"
12.11.2025,"96,88","96,81","96,95","96,78","7,19M","0,02%"
11.11.2025,"96,86","96,81","96,89","96,72","4,94M","0,31%"
10.11.2025,"96,56","96,57","96,65","96,51","9,10M","-0,13%"
07.11.2025,"96,69","96,56","96,86","96,55","11,46M","0,04%"
06.11.2025,"96,65","96,52","96,72","96,51","7,67M","0,51%"
05.11.2025,"96,16","96,45","96,47","96,13","11,75M","-0,48%"
04.11.2025,"96,62","96,57","96,67","96,54","6,12M","0,12%"
03.11.2025,"96,50","96,42","96,56","96,37","8,01M","-0,36%"
31.10.2025,"96,85","96,87","96,95","96,79","9,74M","0,04%"
30.10.2025,"96,81","96,67","96,96","96,65","8,96M","-0,14%"
29.10.2025,"96,95","97,53","97,53","96,90","11,22M","-0,65%"
28.10.2025,"97,58","97,43","97,63","97,43","5,54M","0,09%"
27.10.2025,"97,49","97,34","97,49","97,21","7,27M","0,00%"
24.10.2025,"97,49","97,52","97,54","97,33","7,56M","0,09%"
23.10.2025,"97,40","97,52","97,58","97,38","6,14M","-0,33%"
22.10.2025,"97,72","97,65","97,77","97,56","6,52M","0,02%"
21.10.2025,"97,70","97,69","97,77","97,63","7,64M","0,18%"
20.10.2025,"97,52","97,45","97,53","97,37","10,44M","0,13%"
17.10.2025,"97,39","97,46","97,48","97,26","12,49M","-0,16%"
16.10.2025,"97,55","97,02","97,59","97,00","11,63M","0,46%"
15.10.2025,"97,10","97,21","97,33","97,01","7,77M","-0,11%"
14.10.2025,"97,21","97,06","97,24","96,98","7,65M","0,26%"
13.10.2025,"96,96","96,90","96,99","96,78","5,61M","0,05%"
10.10.2025,"96,91","96,64","97,01","96,57","10,42M","0,62%"
09.10.2025,"96,31","96,29","96,36","96,23","7,13M","-0,07%"
08.10.2025,"96,38","96,54","96,56","96,32","5,14M","0,02%"
07.10.2025,"96,36","96,24","96,49","96,18","5,12M","0,25%"
06.10.2025,"96,12","96,17","96,34","96,11","6,32M","-0,29%"
03.10.2025,"96,40","96,60","96,64","96,38","5,15M","-0,20%"
02.10.2025,"96,59","96,45","96,65","96,39","9,42M","0,10%"
01.10.2025,"96,49","96,56","96,63","96,33","8,35M","0,03%"
30.09.2025,"96,46","96,58","96,76","96,42","9,26M","-0,04%"
29.09.2025,"96,50","96,34","96,55","96,32","6,36M","0,29%"
26.09.2025,"96,22","96,25","96,43","96,13","7,30M","-0,05%"
25.09.2025,"96,27","96,26","96,32","96,10","6,52M","-0,22%"
24.09.2025,"96,48","96,62","96,63","96,44","5,42M","-0,27%"
23.09.2025,"96,74","96,61","96,75","96,49","7,08M","0,28%"
22.09.2025,"96,47","96,63","96,66","96,46","5,28M","-0,17%"
19.09.2025,"96,63","96,62","96,70","96,50","5,53M","-0,04%"
18.09.2025,"96,67","96,65","96,81","96,50","7,59M","-0,33%"
17.09.2025,"96,99","97,30","97,51","96,87","10,70M","-0,22%"
16.09.2025,"97,20","97,15","97,29","97,11","5,85M","0,06%"
15.09.2025,"97,14","97,15","97,22","97,10","4,99M","0,16%"
12.09.2025,"96,98","97,03","97,04","96,84","36,50M","-0,29%"
11.09.2025,"97,26","97,24","97,46","97,22","8,55M","0,15%"
10.09.2025,"97,11","97,05","97,23","96,96","8,86M","0,27%"
09.09.2025,"96,85","97,03","97,14","96,76","8,22M","-0,24%"
08.09.2025,"97,08","97,02","97,09","96,92","7,60M","0,31%"
05.09.2025,"96,78","96,91","97,01","96,78","9,57M","0,49%"
04.09.2025,"96,31","96,12","96,31","96,00","6,40M","0,45%"
03.09.2025,"95,88","95,56","96,01","95,56","7,59M","0,35%"
02.09.2025,"95,55","95,46","95,63","95,43","8,62M","-0,62%"
29.08.2025,"96,15","96,12","96,23","96,03","6,82M","-0,08%"
28.08.2025,"96,23","95,98","96,23","95,93","6,55M","0,23%"
27.08.2025,"96,01","95,70","96,01","95,64","5,22M","0,19%"
26.08.2025,"95,83","95,66","95,86","95,60","5,87M","0,26%"
25.08.2025,"95,58","95,60","95,71","95,53","9,94M","-0,20%"
22.08.2025,"95,77","95,39","95,88","95,37","10,87M","0,56%"
21.08.2025,"95,24","95,39","95,43","95,11","5,35M","-0,29%"
20.08.2025,"95,52","95,38","95,61","95,36","6,27M","0,15%"
19.08.2025,"95,38","95,28","95,42","95,27","6,50M","0,25%"
18.08.2025,"95,14","95,29","95,31","95,05","9,67M","-0,09%"
15.08.2025,"95,23","95,38","95,44","95,17","7,43M","-0,20%"
14.08.2025,"95,42","95,57","95,60","95,35","5,53M","-0,32%"
13.08.2025,"95,73","95,66","95,83","95,64","5,93M","0,36%"
12.08.2025,"95,39","95,29","95,39","95,18","6,73M","-0,02%"
11.08.2025,"95,41","95,45","95,54","95,36","4,92M","0,03%"
08.08.2025,"95,38","95,47","95,47","95,33","5,62M","-0,23%"
07.08.2025,"95,60","95,67","95,77","95,53","5,73M","-0,07%"
06.08.2025,"95,67","95,60","95,71","95,25","10,11M","-0,07%"
05.08.2025,"95,74","95,64","95,86","95,62","8,22M","-0,07%"
04.08.2025,"95,81","95,77","95,85","95,53","8,45M","0,14%"
01.08.2025,"95,68","95,36","95,72","95,33","11,87M","0,82%"
31.07.2025,"94,90","94,97","95,13","94,86","10,41M","0,08%"
30.07.2025,"94,82","94,82","95,08","94,75","7,43M","-0,35%"
29.07.2025,"95,15","94,67","95,15","94,65","7,86M","0,66%"
28.07.2025,"94,53","94,57","94,64","94,49","5,07M","-0,22%"
25.07.2025,"94,74","94,49","94,74","94,45","3,61M","0,23%"
24.07.2025,"94,52","94,33","94,62","94,32","5,87M","-0,15%"
23.07.2025,"94,66","94,78","94,84","94,61","5,07M","-0,36%"
22.07.2025,"95,00","94,83","95,06","94,81","6,10M","0,29%"
21.07.2025,"94,73","94,79","94,90","94,68","5,23M","0,35%"
18.07.2025,"94,40","94,41","94,48","94,30","4,04M","0,28%"
17.07.2025,"94,14","94,22","94,33","94,06","4,75M","-0,03%"
16.07.2025,"94,17","94,06","94,24","93,93","12,79M","0,28%"
15.07.2025,"93,91","94,39","94,40","93,86","5,63M","-0,39%"
14.07.2025,"94,28","94,32","94,46","94,17","5,10M","-0,04%"
11.07.2025,"94,32","94,43","94,46","94,27","6,00M","-0,46%"
10.07.2025,"94,76","94,74","94,78","94,57","4,45M","-0,05%"
09.07.2025,"94,81","94,46","94,82","94,46","6,90M","0,52%"
08.07.2025,"94,32","94,21","94,33","94,16","5,28M","-0,15%"
07.07.2025,"94,46","94,61","94,62","94,38","8,52M","-0,32%"
03.07.2025,"94,76","94,80","94,86","94,64","7,40M","-0,35%"
02.07.2025,"95,09","94,99","95,14","94,93","6,03M","-0,21%"
01.07.2025,"95,29","95,42","95,51","95,12","10,66M","-0,50%"
30.06.2025,"95,77","95,60","95,81","95,46","10,54M","0,40%"
27.06.2025,"95,39","95,39","95,68","95,33","8,40M","-0,26%"
26.06.2025,"95,64","95,48","95,64","95,35","7,13M","0,36%"
25.06.2025,"95,30","95,08","95,34","94,98","6,39M","0,04%"
24.06.2025,"95,26","94,84","95,31","94,80","7,69M","0,35%"
23.06.2025,"94,93","94,87","95,24","94,80","9,31M","0,35%"
20.06.2025,"94,60","94,35","94,74","94,29","6,26M","0,06%"
18.06.2025,"94,54","94,64","94,84","94,38","6,73M","0,06%"
17.06.2025,"94,48","94,26","94,52","94,11","5,29M","0,49%"
16.06.2025,"94,02","94,18","94,38","94,00","7,51M","-0,29%"
13.06.2025,"94,29","94,43","94,50","94,04","9,20M","-0,37%"
12.06.2025,"94,64","94,59","94,64","94,42","7,80M","0,44%"
11.06.2025,"94,23","94,02","94,27","93,94","6,59M","0,42%"
10.06.2025,"93,84","93,98","94,01","93,74","5,58M","0,17%"
09.06.2025,"93,68","93,51","93,80","93,51","6,06M","0,18%"
06.06.2025,"93,51","93,78","93,86","93,47","7,62M","-0,80%"
05.06.2025,"94,26","94,54","94,66","94,23","8,77M","-0,30%"
04.06.2025,"94,54","94,21","94,62","94,13","10,12M","0,74%"
03.06.2025,"93,85","94,07","94,20","93,77","8,51M","-0,10%"
02.06.2025,"93,94","94,00","94,14","93,78","13,34M","-0,67%"
30.05.2025,"94,57","94,36","94,62","94,30","10,27M","0,30%"
29.05.2025,"94,29","94,14","94,38","94,10","9,68M","0,42%"
28.05.2025,"93,90","93,96","94,04","93,79","8,59M","-0,28%"
27.05.2025,"94,16","93,97","94,26","93,87","10,83M","0,42%"
23.05.2025,"93,77","93,91","93,92","93,64","9,86M","0,29%"
22.05.2025,"93,50","93,18","93,54","93,06","10,98M","0,38%"
21.05.2025,"93,15","93,43","93,56","93,03","11,38M","-0,69%"
20.05.2025,"93,80","93,67","93,87","93,53","8,93M","-0,13%"
19.05.2025,"93,92","93,43","93,94","93,39","11,71M","-0,05%"
16.05.2025,"93,97","94,31","94,33","93,96","6,82M","0,03%"
15.05.2025,"93,94","93,72","93,99","93,60","9,02M","0,65%"
14.05.2025,"93,33","93,64","93,71","93,27","6,99M","-0,37%"
13.05.2025,"93,68","93,87","93,92","93,53","13,17M","-0,07%"
12.05.2025,"93,75","93,73","93,97","93,73","9,48M","-0,64%"
09.05.2025,"94,35","94,44","94,61","94,32","3,70M","0,07%"
08.05.2025,"94,28","94,96","94,97","94,26","6,41M","-0,78%"
07.05.2025,"95,02","94,87","95,14","94,85","9,47M","0,26%"
06.05.2025,"94,77","94,49","94,79","94,40","6,08M","0,25%"
05.05.2025,"94,53","94,67","94,68","94,33","10,09M","-0,18%"
02.05.2025,"94,70","94,85","94,99","94,54","9,33M","-0,67%"
01.05.2025,"95,34","95,88","95,89","95,15","13,70M","-0,76%"
30.04.2025,"96,07","95,90","96,16","95,80","13,92M","0,16%"
29.04.2025,"95,92","95,54","95,93","95,53","5,35M","0,35%"
28.04.2025,"95,59","95,10","95,62","95,07","4,95M","0,40%"
25.04.2025,"95,21","95,11","95,28","94,97","5,34M","0,38%"
24.04.2025,"94,85","94,72","94,88","94,62","7,31M","0,54%"
23.04.2025,"94,34","95,04","95,22","94,22","8,04M","0,11%"
22.04.2025,"94,24","94,42","94,44","94,23","5,23M","0,07%"
21.04.2025,"94,17","94,40","94,75","94,15","4,90M","-0,54%"
17.04.2025,"94,68","94,90","94,99","94,59","6,99M","-0,28%"
16.04.2025,"94,95","94,66","95,08","94,46","8,71M","0,43%"
15.04.2025,"94,54","94,25","94,76","94,24","7,71M","0,30%"
14.04.2025,"94,26","93,92","94,36","93,79","12,63M","0,80%"
11.04.2025,"93,51","93,47","93,73","92,79","55,45M","-0,56%"
10.04.2025,"94,04","94,52","94,78","93,99","12,09M","-0,62%"
09.04.2025,"94,63","94,23","94,68","93,61","24,17M","-0,32%"
08.04.2025,"94,93","94,90","95,58","94,88","19,51M","-0,50%"
07.04.2025,"95,41","96,49","96,66","95,19","68,67M","-1,19%"
04.04.2025,"96,56","97,20","97,51","96,55","27,01M","0,28%"
03.04.2025,"96,29","96,41","96,64","96,18","18,19M","1,03%"
02.04.2025,"95,31","95,80","95,80","95,00","7,64M","-0,09%"
01.04.2025,"95,40","95,27","95,66","95,26","18,13M","0,03%"
31.03.2025,"95,37","95,49","95,56","95,09","13,26M","0,29%"
28.03.2025,"95,09","94,78","95,15","94,75","6,22M","0,81%"
27.03.2025,"94,33","94,30","94,41","94,21","5,09M","-0,08%"
26.03.2025,"94,41","94,47","94,57","94,32","8,28M","-0,23%"
25.03.2025,"94,63","94,47","94,74","94,45","6,83M","0,17%"
24.03.2025,"94,47","94,75","94,78","94,44","4,82M","-0,58%"
21.03.2025,"95,02","95,25","95,34","95,00","4,92M","-0,08%"
20.03.2025,"95,10","95,47","95,49","94,99","4,41M","0,15%"
19.03.2025,"94,96","94,59","94,99","94,44","5,85M","0,31%"
18.03.2025,"94,67","94,42","94,83","94,40","8,99M","0,12%"
17.03.2025,"94,56","94,64","94,85","94,46","6,73M","0,08%"
14.03.2025,"94,48","94,57","94,65","94,45","4,39M","-0,35%"
13.03.2025,"94,81","94,29","94,85","94,20","6,90M","0,40%"
12.03.2025,"94,43","94,41","94,66","94,39","7,61M","-0,30%"
11.03.2025,"94,71","95,05","95,31","94,58","10,41M","-0,36%"
10.03.2025,"95,05","94,94","95,20","94,85","7,70M","0,70%"
07.03.2025,"94,39","94,98","95,02","94,29","9,21M","-0,13%"
06.03.2025,"94,51","94,51","94,69","94,16","9,32M","-0,05%"
05.03.2025,"94,56","95,11","95,24","94,53","15,59M","-0,56%"
04.03.2025,"95,09","95,54","95,78","94,93","12,75M","-0,31%"
03.03.2025,"95,39","94,72","95,45","94,71","9,64M","0,07%"
28.02.2025,"95,32","95,09","95,36","94,90","11,83M","0,55%"
27.02.2025,"94,80","94,59","94,83","94,55","5,91M","-0,12%"
26.02.2025,"94,91","94,61","94,97","94,49","7,38M","0,27%"
25.02.2025,"94,65","94,50","94,70","94,42","7,70M","0,79%"
24.02.2025,"93,91","93,62","93,97","93,59","4,11M","0,21%"
21.02.2025,"93,71","93,28","93,83","93,26","6,16M","0,59%"
20.02.2025,"93,16","93,12","93,25","93,11","7,55M","0,20%"
19.02.2025,"92,97","92,77","93,01","92,76","4,61M","0,16%"
18.02.2025,"92,82","93,03","93,13","92,81","4,48M","-0,54%"
14.02.2025,"93,32","93,36","93,51","93,28","5,16M","0,42%"
13.02.2025,"92,93","92,71","93,00","92,70","6,12M","0,75%"
12.02.2025,"92,24","92,26","92,32","92,08","7,28M","-0,69%"
11.02.2025,"92,88","92,89","92,96","92,82","3,38M","-0,26%"
10.02.2025,"93,12","93,24","93,37","93,07","3,23M","-0,02%"
07.02.2025,"93,14","93,15","93,22","92,98","4,57M","-0,33%"
06.02.2025,"93,45","93,46","93,58","93,31","5,27M","-0,12%"
05.02.2025,"93,56","93,40","93,73","93,37","6,58M","0,58%"
04.02.2025,"93,02","92,60","93,02","92,60","6,74M","0,25%"
03.02.2025,"92,79","92,99","93,28","92,65","8,29M","-0,25%"
31.01.2025,"93,02","93,20","93,34","92,81","6,28M","-0,16%"
30.01.2025,"93,17","93,17","93,32","93,08","4,37M","0,22%"
29.01.2025,"92,97","93,18","93,25","92,70","4,92M","-0,12%"
28.01.2025,"93,08","92,84","93,10","92,78","3,91M","0,01%"
27.01.2025,"93,07","93,08","93,15","92,86","4,30M","0,65%"
24.01.2025,"92,47","92,25","92,58","92,19","4,47M","0,21%"
23.01.2025,"92,28","92,13","92,35","92,13","4,86M","-0,26%"
22.01.2025,"92,52","92,72","92,73","92,41","3,66M","-0,26%"
21.01.2025,"92,76","92,75","92,82","92,61","4,43M","0,34%"
17.01.2025,"92,45","92,52","92,58","92,36","3,91M","0,08%"
16.01.2025,"92,38","92,08","92,58","91,95","7,55M","0,24%"
15.01.2025,"92,16","92,13","92,23","91,97","7,85M","1,05%"
14.01.2025,"91,20","91,21","91,28","91,08","4,37M","0,03%"
13.01.2025,"91,17","91,28","91,31","91,08","5,09M","-0,18%"
10.01.2025,"91,33","91,46","91,63","91,23","8,21M","-0,73%"
08.01.2025,"92,00","91,71","92,02","91,68","6,40M","0,17%"
07.01.2025,"91,84","92,14","92,21","91,75","5,52M","-0,46%"
06.01.2025,"92,26","92,24","92,33","92,06","3,89M","-0,10%"
03.01.2025,"92,35","92,60","92,67","92,32","2,86M","-0,16%"
02.01.2025,"92,50","92,65","92,78","92,31","5,04M","0,05%"
31.12.2024,"92,45","92,75","92,82","92,38","5,86M","-0,18%"
30.12.2024,"92,62","92,53","92,67","92,51","4,80M","0,59%"
27.12.2024,"92,08","92,26","92,39","92,06","3,75M","-0,26%"
26.12.2024,"92,32","91,96","92,36","91,93","3,70M","0,08%"
24.12.2024,"92,25","92,01","92,26","91,97","3,08M","0,05%"
23.12.2024,"92,20","92,54","92,58","92,13","5,95M","-0,44%"
20.12.2024,"92,61","92,75","92,90","92,59","6,07M","0,37%"
19.12.2024,"92,27","92,38","92,44","92,11","9,27M","-0,45%"
18.12.2024,"92,69","93,40","93,52","92,62","11,55M","-1,10%"
17.12.2024,"93,72","93,70","93,87","93,67","4,88M","0,00%"
16.12.2024,"93,72","93,86","93,87","93,62","4,61M","0,03%"
13.12.2024,"93,69","93,98","94,00","93,64","5,23M","-0,47%"
12.12.2024,"94,13","94,38","94,46","94,10","4,52M","-0,38%"
11.12.2024,"94,49","94,91","95,00","94,46","6,45M","-0,30%"
10.12.2024,"94,77","94,74","94,84","94,65","3,54M","-0,18%"
09.12.2024,"94,94","95,14","95,16","94,94","4,30M","-0,35%"
06.12.2024,"95,27","95,36","95,42","95,07","6,88M","0,32%"
05.12.2024,"94,97","94,70","95,03","94,70","5,21M","-0,01%"
04.12.2024,"94,98","94,38","95,01","94,35","5,91M","0,38%"
03.12.2024,"94,62","94,99","95,03","94,56","5,36M","-0,28%"
02.12.2024,"94,89","94,61","95,01","94,50","5,95M","-0,32%"
29.11.2024,"95,19","95,13","95,20","95,00","5,14M","0,42%"
27.11.2024,"94,79","94,79","94,92","94,60","5,59M","0,40%"
26.11.2024,"94,41","94,41","94,44","94,22","5,09M","-0,21%"
25.11.2024,"94,61","94,46","94,64","94,32","7,72M","1,08%"
22.11.2024,"93,60","93,67","93,72","93,50","5,37M","0,06%"
21.11.2024,"93,54","93,66","93,83","93,42","5,10M","-0,05%"
20.11.2024,"93,59","93,47","93,76","93,44","5,75M","-0,15%"
19.11.2024,"93,73","93,82","93,88","93,68","4,95M","0,21%"
18.11.2024,"93,53","93,28","93,59","93,17","4,79M","0,23%"
15.11.2024,"93,32","93,10","93,63","92,90","16,79M","0,04%"
14.11.2024,"93,28","93,44","93,66","93,17","7,51M","-0,01%"
13.11.2024,"93,29","93,77","93,78","93,17","6,66M","-0,06%"
12.11.2024,"93,35","93,57","93,76","93,24","8,04M","-0,63%"
11.11.2024,"93,94","93,92","93,96","93,78","3,98M","-0,28%"
08.11.2024,"94,20","94,20","94,47","94,09","12,34M","0,21%"
07.11.2024,"94,00","93,63","94,17","93,58","15,67M","0,80%"
06.11.2024,"93,25","93,04","93,51","93,01","15,26M","-1,03%"
05.11.2024,"94,22","94,05","94,33","93,74","8,12M","0,05%"
04.11.2024,"94,17","94,32","94,44","93,99","8,18M","0,53%"
01.11.2024,"93,67","94,36","94,46","93,64","15,66M","-0,90%"
31.10.2024,"94,52","94,42","94,70","94,21","8,66M","-0,05%"
30.10.2024,"94,57","94,93","95,17","94,53","6,34M","-0,15%"
29.10.2024,"94,71","94,27","94,72","94,22","8,48M","0,04%"
28.10.2024,"94,67","94,91","94,92","94,49","5,45M","-0,23%"
25.10.2024,"94,89","95,31","95,32","94,82","6,46M","-0,22%"
24.10.2024,"95,10","94,98","95,26","94,87","5,49M","0,22%"
23.10.2024,"94,89","94,83","95,00","94,74","6,91M","-0,23%"
22.10.2024,"95,11","95,32","95,38","95,03","5,43M","-0,09%"
21.10.2024,"95,20","95,57","95,60","95,19","6,63M","-0,77%"
18.10.2024,"95,94","95,99","96,04","95,92","5,17M","0,11%"
17.10.2024,"95,83","95,91","95,95","95,75","5,46M","-0,52%"
16.10.2024,"96,33","96,36","96,46","96,27","5,04M","0,16%"
15.10.2024,"96,18","96,06","96,22","96,00","7,74M","0,51%"
14.10.2024,"95,69","95,46","95,69","95,40","3,85M","-0,18%"
11.10.2024,"95,86","95,73","95,95","95,68","5,39M","0,03%"
10.10.2024,"95,83","95,77","95,88","95,53","5,96M","-0,01%"
09.10.2024,"95,84","96,03","96,08","95,79","6,77M","-0,37%"
08.10.2024,"96,20","95,97","96,20","95,93","5,98M","0,08%"
07.10.2024,"96,12","96,11","96,27","96,07","10,15M","-0,36%"
04.10.2024,"96,47","96,57","96,78","96,42","8,89M","-0,96%"
03.10.2024,"97,41","97,65","97,72","97,38","11,56M","-0,51%"
02.10.2024,"97,91","97,75","97,94","97,64","7,74M","-0,29%"
01.10.2024,"98,19","98,17","98,47","98,08","11,67M","0,07%"
30.09.2024,"98,12","98,32","98,35","97,96","8,90M","-0,27%"
27.09.2024,"98,39","98,23","98,43","98,15","6,21M","0,40%"
26.09.2024,"98,00","98,15","98,20","97,83","8,03M","-0,07%"
25.09.2024,"98,07","98,27","98,27","98,07","10,46M","-0,41%"
24.09.2024,"98,47","98,09","98,50","98,01","6,58M","0,11%"
23.09.2024,"98,36","98,22","98,45","97,99","7,49M","-0,06%"
20.09.2024,"98,42","98,31","98,55","98,18","6,58M","-0,03%"
19.09.2024,"98,45","98,26","98,46","98,22","16,77M","-0,08%"
18.09.2024,"98,53","98,73","99,04","98,48","8,58M","-0,43%"
17.09.2024,"98,96","99,08","99,14","98,89","7,81M","-0,18%"
16.09.2024,"99,14","98,99","99,18","98,87","6,67M","0,26%"
13.09.2024,"98,88","98,96","99,00","98,76","5,31M","0,19%"
12.09.2024,"98,69","98,77","98,88","98,50","5,93M","-0,16%"
11.09.2024,"98,85","98,72","99,15","98,66","7,29M","-0,07%"
10.09.2024,"98,92","98,51","98,97","98,49","7,92M","0,43%"
09.09.2024,"98,50","98,30","98,57","98,18","8,53M","0,14%"
06.09.2024,"98,36","98,26","98,85","98,02","17,78M","0,14%"
05.09.2024,"98,22","98,25","98,30","97,91","33,64M","0,23%"
04.09.2024,"97,99","97,53","98,04","97,50","9,91M","0,59%"
03.09.2024,"97,42","97,31","97,57","97,25","8,23M","0,36%"
30.08.2024,"97,07","97,43","97,55","97,04","4,80M","-0,35%"
29.08.2024,"97,41","97,36","97,45","97,26","6,20M","-0,17%"
28.08.2024,"97,58","97,65","97,73","97,54","8,15M","-0,05%"
27.08.2024,"97,63","97,40","97,69","97,36","4,43M","-0,04%"
26.08.2024,"97,67","97,96","97,97","97,67","3,06M","-0,12%"
23.08.2024,"97,79","97,54","97,86","97,43","5,48M","0,46%"
22.08.2024,"97,34","97,55","97,57","97,20","4,82M","-0,46%"
21.08.2024,"97,79","97,69","98,01","97,46","5,39M","0,20%"
20.08.2024,"97,59","97,44","97,63","97,36","4,89M","0,40%"
19.08.2024,"97,20","97,04","97,31","97,02","4,44M","0,13%"
16.08.2024,"97,07","97,08","97,09","96,81","4,44M","0,20%"
15.08.2024,"96,88","96,70","96,88","96,62","5,51M","-0,63%"
14.08.2024,"97,49","97,32","97,63","97,30","4,28M","0,13%"
13.08.2024,"97,36","97,33","97,36","97,19","6,46M","0,44%"
12.08.2024,"96,93","96,54","96,97","96,47","4,17M","0,28%"
09.08.2024,"96,66","96,78","96,79","96,58","5,17M","0,41%"
08.08.2024,"96,27","96,16","96,34","96,07","4,86M","-0,30%"
07.08.2024,"96,56","96,63","96,73","96,38","8,42M","-0,36%"
06.08.2024,"96,91","97,54","97,57","96,84","9,51M","-0,89%"
05.08.2024,"97,78","98,39","98,58","97,40","19,10M","0,10%"
02.08.2024,"97,68","97,19","97,75","97,13","18,29M","1,55%"
01.08.2024,"96,19","96,00","96,43","95,98","10,49M","0,12%"
31.07.2024,"96,07","95,65","96,08","95,44","10,98M","0,73%"
30.07.2024,"95,37","95,28","95,47","95,11","4,42M","0,21%"
29.07.2024,"95,17","95,25","95,26","95,08","6,17M","0,17%"
26.07.2024,"95,01","94,96","95,04","94,87","5,22M","0,48%"
25.07.2024,"94,56","94,54","94,88","94,49","4,34M","0,22%"
24.07.2024,"94,35","94,73","94,88","94,33","4,73M","-0,22%"
23.07.2024,"94,56","94,62","94,75","94,54","5,10M","0,07%"
22.07.2024,"94,49","94,69","94,76","94,33","3,87M","-0,10%"
19.07.2024,"94,58","94,63","94,70","94,53","5,27M","-0,32%"
18.07.2024,"94,88","94,94","95,14","94,82","8,64M","-0,28%"
17.07.2024,"95,15","94,93","95,21","94,84","5,11M","0,08%"
16.07.2024,"95,07","94,82","95,08","94,72","4,71M","0,44%"
15.07.2024,"94,65","94,71","94,83","94,57","3,75M","-0,32%"
12.07.2024,"94,95","94,77","94,95","94,71","4,30M","0,21%"
11.07.2024,"94,75","94,82","94,98","94,71","9,66M","0,64%"
10.07.2024,"94,15","94,14","94,20","94,00","4,08M","0,10%"
09.07.2024,"94,06","94,04","94,17","93,83","3,01M","-0,14%"
08.07.2024,"94,19","94,13","94,26","93,99","5,29M","0,03%"
05.07.2024,"94,16","93,97","94,22","93,85","5,11M","0,56%"
03.07.2024,"93,64","93,25","93,68","93,20","3,86M","0,67%"
02.07.2024,"93,02","93,06","93,13","92,88","8,20M","0,38%"
01.07.2024,"92,67","92,84","93,11","92,58","13,66M","-1,05%"
28.06.2024,"93,65","94,36","94,38","93,64","6,03M","-0,53%"
27.06.2024,"94,15","94,12","94,24","94,11","4,95M","0,22%"
26.06.2024,"93,94","94,02","94,09","93,92","4,20M","-0,60%"
25.06.2024,"94,51","94,37","94,55","94,32","3,79M","0,08%"
24.06.2024,"94,43","94,37","94,43","94,22","5,28M","0,08%"
21.06.2024,"94,35","94,51","94,60","94,18","7,04M","0,02%"
20.06.2024,"94,33","94,10","94,36","94,05","3,57M","-0,25%"
18.06.2024,"94,57","94,32","94,68","94,28","5,23M","0,44%"
17.06.2024,"94,16","94,14","94,22","94,03","4,96M","-0,47%"
14.06.2024,"94,60","94,51","94,69","94,46","5,42M","0,23%"
13.06.2024,"94,38","94,18","94,52","94,07","6,53M","0,66%"
12.06.2024,"93,76","94,08","94,32","93,74","9,24M","0,56%"
11.06.2024,"93,24","92,91","93,26","92,82","3,95M","0,53%"
10.06.2024,"92,75","92,78","92,84","92,66","3,94M","-0,22%"
07.06.2024,"92,95","93,14","93,16","92,94","7,13M","-1,05%"
06.06.2024,"93,94","93,82","94,03","93,79","5,85M","-0,04%"
05.06.2024,"93,98","93,76","93,99","93,49","6,47M","0,36%"
04.06.2024,"93,64","93,44","93,73","93,38","8,75M","0,55%"
03.06.2024,"93,13","92,65","93,18","92,65","7,68M","0,36%"
31.05.2024,"92,80","92,65","92,82","92,61","4,81M","0,47%"
30.05.2024,"92,37","92,22","92,39","92,17","5,07M","0,50%"
29.05.2024,"91,91","92,13","92,14","91,72","10,13M","-0,49%"
28.05.2024,"92,36","92,96","92,98","92,33","8,76M","-0,56%"
24.05.2024,"92,88","92,67","92,89","92,64","3,93M","0,13%"
23.05.2024,"92,76","93,13","93,14","92,62","6,01M","-0,35%"
22.05.2024,"93,09","92,98","93,20","92,97","3,62M","-0,13%"
21.05.2024,"93,21","93,25","93,29","93,16","2,67M","0,26%"
20.05.2024,"92,97","92,98","93,06","92,93","4,58M","-0,15%"
17.05.2024,"93,11","93,25","93,33","93,09","3,88M","-0,31%"
16.05.2024,"93,40","93,61","93,61","93,37","4,28M","-0,19%"
15.05.2024,"93,58","93,42","93,64","93,29","11,38M","0,75%"
14.05.2024,"92,88","92,79","92,92","92,69","4,69M","0,29%"
13.05.2024,"92,61","92,74","92,76","92,60","3,23M","0,12%"
10.05.2024,"92,50","92,60","92,64","92,45","3,20M","-0,32%"
09.05.2024,"92,80","92,50","92,86","92,47","9,63M","0,30%"
08.05.2024,"92,52","92,58","92,66","92,51","9,02M","-0,28%"
07.05.2024,"92,78","92,87","93,02","92,70","7,78M","0,26%"
06.05.2024,"92,54","92,50","92,64","92,41","4,04M","0,09%"
03.05.2024,"92,46","92,61","92,70","92,22","8,50M","0,55%"
02.05.2024,"91,95","91,52","92,01","91,45","8,66M","0,47%"
01.05.2024,"91,52","91,43","91,86","91,19","12,39M","0,10%"
30.04.2024,"91,43","91,51","91,65","91,35","7,52M","-0,47%"
29.04.2024,"91,86","91,70","91,88","91,62","4,85M","0,40%"
26.04.2024,"91,49","91,45","91,63","91,42","5,43M","0,27%"
25.04.2024,"91,24","91,09","91,32","91,02","5,78M","-0,38%"
24.04.2024,"91,59","91,66","91,69","91,43","7,57M","-0,30%"
23.04.2024,"91,87","91,63","92,10","91,54","8,32M","0,13%"
22.04.2024,"91,75","91,57","91,82","91,55","4,00M","0,01%"
19.04.2024,"91,74","91,84","91,86","91,64","6,13M","0,13%"
18.04.2024,"91,62","91,85","91,85","91,50","6,96M","-0,35%"
17.04.2024,"91,94","91,69","92,01","91,54","10,52M","0,63%"
16.04.2024,"91,36","91,32","91,53","91,18","12,03M","-0,39%"
15.04.2024,"91,72","91,68","91,74","91,35","12,32M","-0,64%"
12.04.2024,"92,31","92,41","92,56","92,31","11,68M","0,41%"
11.04.2024,"91,93","92,23","92,27","91,81","9,37M","-0,14%"
10.04.2024,"92,06","92,51","92,57","91,92","14,99M","-1,33%"
09.04.2024,"93,30","93,20","93,38","93,20","5,16M","0,40%"
08.04.2024,"92,93","92,91","93,06","92,81","7,12M","-0,23%"
05.04.2024,"93,14","93,25","93,54","93,13","6,33M","-0,66%"
04.04.2024,"93,76","93,64","93,78","93,38","6,96M","0,34%"
03.04.2024,"93,44","92,95","93,44","92,86","12,91M","0,12%"
02.04.2024,"93,33","93,11","93,37","93,01","7,21M","-0,21%"
01.04.2024,"93,53","93,99","93,99","93,46","10,85M","-1,19%"
28.03.2024,"94,66","94,54","94,76","94,47","7,56M","-0,09%"
27.03.2024,"94,75","94,50","94,79","94,49","4,84M","0,38%"
26.03.2024,"94,39","94,22","94,41","94,11","5,48M","0,15%"
25.03.2024,"94,25","94,41","94,41","94,19","4,49M","-0,26%"
22.03.2024,"94,50","94,56","94,56","94,41","6,12M","0,49%"
21.03.2024,"94,04","94,21","94,28","93,96","8,27M","0,01%"
20.03.2024,"94,03","93,91","94,35","93,70","10,19M","0,23%"
19.03.2024,"93,81","93,73","93,93","93,67","5,47M","0,29%"
18.03.2024,"93,54","93,62","93,70","93,45","5,32M","-0,12%"
15.03.2024,"93,65","93,74","93,82","93,63","6,59M","-0,17%"
14.03.2024,"93,81","94,16","94,17","93,79","10,06M","-0,74%"
13.03.2024,"94,51","94,58","94,65","94,47","9,71M","-0,22%"
12.03.2024,"94,72","94,84","94,87","94,61","6,56M","-0,41%"
11.03.2024,"95,11","95,26","95,29","95,02","5,57M","-0,13%"
08.03.2024,"95,23","95,32","95,39","95,15","8,10M","0,07%"
07.03.2024,"95,16","95,19","95,22","94,92","8,42M","0,17%"
06.03.2024,"95,00","94,94","95,19","94,89","9,50M","0,24%"
05.03.2024,"94,77","94,67","94,94","94,56","7,67M","0,62%"
04.03.2024,"94,19","94,08","94,29","94,07","6,64M","-0,22%"
01.03.2024,"94,40","93,85","94,46","93,62","11,86M","0,19%"
29.02.2024,"94,22","94,10","94,33","94,08","11,92M","0,20%"
28.02.2024,"94,03","93,80","94,03","93,74","5,29M","0,36%"
27.02.2024,"93,69","93,76","93,92","93,63","7,54M","-0,22%"
26.02.2024,"93,90","94,05","94,06","93,68","6,42M","-0,15%"
23.02.2024,"94,04","93,64","94,11","93,64","6,43M","0,46%"
22.02.2024,"93,61","93,57","93,79","93,44","8,69M","0,01%"
21.02.2024,"93,60","93,97","94,02","93,54","6,45M","-0,32%"
20.02.2024,"93,90","93,93","94,12","93,89","8,29M","0,17%"
16.02.2024,"93,74","93,60","93,79","93,55","7,15M","-0,44%"
15.02.2024,"94,15","94,30","94,40","94,03","6,79M","0,28%"
14.02.2024,"93,89","93,64","94,06","93,64","8,98M","0,37%"
13.02.2024,"93,54","93,88","93,96","93,52","11,98M","-1,10%"
12.02.2024,"94,58","94,57","94,68","94,40","7,02M","0,10%"
09.02.2024,"94,49","94,43","94,57","94,40","8,49M","-0,18%"
08.02.2024,"94,66","94,76","94,84","94,57","7,81M","-0,33%"
07.02.2024,"94,97","94,97","95,35","94,93","8,62M","-0,18%"
06.02.2024,"95,14","94,74","95,23","94,71","9,33M","0,54%"
05.02.2024,"94,63","94,90","94,99","94,53","12,15M","-0,97%"
02.02.2024,"95,56","95,74","95,90","95,38","13,81M","-1,30%"
01.02.2024,"96,82","96,60","97,11","96,34","33,37M","0,37%"
31.01.2024,"96,46","96,09","96,47","95,99","15,78M","0,84%"
30.01.2024,"95,66","95,69","95,74","95,15","7,27M","0,14%"
29.01.2024,"95,53","95,25","95,62","95,18","6,95M","0,60%"
26.01.2024,"94,96","95,05","95,05","94,84","9,13M","-0,18%"
25.01.2024,"95,13","95,05","95,16","94,90","11,59M","0,43%"
24.01.2024,"94,72","95,34","95,37","94,66","9,72M","-0,28%"
23.01.2024,"94,99","95,00","95,02","94,87","6,43M","-0,25%"
22.01.2024,"95,23","95,28","95,39","95,15","9,83M","0,31%"
19.01.2024,"94,94","94,78","94,96","94,54","17,71M","0,01%"
18.01.2024,"94,93","95,10","95,17","94,83","8,91M","-0,22%"
17.01.2024,"95,14","95,17","95,23","94,95","9,17M","-0,32%"
16.01.2024,"95,45","95,84","95,96","95,32","9,85M","-0,81%"
12.01.2024,"96,23","96,23","96,48","96,02","8,47M","0,27%"
11.01.2024,"95,97","95,60","96,04","95,47","10,31M","0,53%"
10.01.2024,"95,46","95,79","95,86","95,44","9,21M","-0,16%"
09.01.2024,"95,61","95,52","95,75","95,52","7,36M","-0,04%"
08.01.2024,"95,65","95,39","95,96","95,36","7,04M","0,34%"
05.01.2024,"95,33","95,33","96,02","95,26","10,00M","-0,37%"
04.01.2024,"95,68","95,69","95,83","95,58","7,35M","-0,60%"
03.01.2024,"96,26","95,61","96,33","95,53","11,04M","0,24%"
02.01.2024,"96,03","95,93","96,14","95,92","9,44M","-0,37%"
29.12.2023,"96,39","96,35","96,64","96,29","7,82M","-0,25%"
28.12.2023,"96,63","96,80","96,96","96,53","4,86M","-0,38%"
27.12.2023,"97,00","96,66","97,04","96,58","7,36M","0,78%"
26.12.2023,"96,25","96,15","96,34","96,13","3,34M","0,06%"
22.12.2023,"96,19","96,46","96,47","96,05","4,96M","-0,09%"
21.12.2023,"96,28","96,64","96,70","96,15","8,94M","-0,16%"
20.12.2023,"96,43","96,18","96,49","95,98","12,66M","0,49%"
19.12.2023,"95,96","95,94","96,14","95,89","9,05M","0,19%"
18.12.2023,"95,78","95,81","95,82","95,63","8,63M","-0,22%"
15.12.2023,"95,99","95,89","96,14","95,84","9,41M","-0,08%"
14.12.2023,"96,07","95,77","96,26","95,72","32,37M","0,53%"
13.12.2023,"95,56","94,44","95,68","94,37","16,16M","1,49%"
12.12.2023,"94,16","93,95","94,22","93,86","7,25M","0,21%"
11.12.2023,"93,96","93,75","94,00","93,56","10,48M","0,01%"
08.12.2023,"93,95","94,03","94,15","93,73","13,83M","-0,65%"
07.12.2023,"94,56","94,50","94,86","94,46","13,73M","-0,15%"
06.12.2023,"94,70","94,52","94,79","94,41","14,02M","0,41%"
05.12.2023,"94,31","94,05","94,41","93,99","25,45M","0,70%"
04.12.2023,"93,65","93,68","93,89","93,45","16,40M","-0,41%"
01.12.2023,"94,04","93,14","94,09","93,11","21,39M","0,67%"
30.11.2023,"93,41","93,52","93,55","93,21","18,45M","-0,49%"
29.11.2023,"93,87","93,72","93,97","93,58","19,08M","0,52%"
28.11.2023,"93,38","92,86","93,41","92,81","13,56M","0,44%"
27.11.2023,"92,97","92,55","92,97","92,49","9,54M","0,76%"
24.11.2023,"92,27","92,35","92,42","92,25","4,13M","-0,52%"
22.11.2023,"92,75","92,92","92,99","92,52","7,26M","-0,03%"
21.11.2023,"92,78","92,77","92,91","92,54","9,15M","0,13%"
20.11.2023,"92,66","92,34","92,72","92,31","7,48M","0,14%"
17.11.2023,"92,53","92,58","92,63","92,35","8,46M","0,06%"
16.11.2023,"92,47","92,32","92,61","92,31","10,38M","0,75%"
15.11.2023,"91,78","92,05","92,06","91,69","12,97M","-0,78%"
14.11.2023,"92,50","92,43","92,57","92,28","14,31M","1,50%"
13.11.2023,"91,13","90,83","91,16","90,68","8,93M","-0,05%"
10.11.2023,"91,18","91,46","91,47","91,08","10,68M","0,11%"
09.11.2023,"91,08","91,83","91,84","91,03","17,07M","-0,99%"
08.11.2023,"91,99","91,64","92,07","91,63","11,12M","0,40%"
07.11.2023,"91,62","91,39","91,82","91,39","13,19M","0,57%"
06.11.2023,"91,10","91,29","91,32","91,00","11,25M","-0,58%"
03.11.2023,"91,63","92,04","92,24","91,62","23,13M","0,77%"
02.11.2023,"90,93","91,06","91,22","90,72","14,05M","0,62%"
01.11.2023,"90,37","89,60","90,42","89,56","22,45M","0,87%"
31.10.2023,"89,59","89,83","90,02","89,57","11,57M","-0,21%"
30.10.2023,"89,78","89,64","89,93","89,48","11,02M","-0,33%"
27.10.2023,"90,08","89,87","90,08","89,71","11,63M","0,16%"
26.10.2023,"89,94","89,35","89,98","89,33","15,90M","0,76%"
25.10.2023,"89,26","89,58","89,61","89,15","15,17M","-0,88%"
24.10.2023,"90,05","89,82","90,06","89,61","10,91M","0,18%"
23.10.2023,"89,89","89,15","90,00","89,01","12,37M","0,48%"
20.10.2023,"89,46","89,27","89,60","89,25","12,59M","0,58%"
19.10.2023,"88,95","89,14","89,50","88,86","27,12M","-0,49%"
18.10.2023,"89,39","89,56","89,69","89,24","13,79M","-0,47%"
17.10.2023,"89,81","89,90","90,04","89,64","11,19M","-0,98%"
16.10.2023,"90,70","90,71","90,77","90,58","7,25M","-0,59%"
13.10.2023,"91,24","91,32","91,36","91,06","9,87M","0,64%"
12.10.2023,"90,66","91,34","91,39","90,54","12,86M","-0,96%"
11.10.2023,"91,54","91,40","91,60","91,20","14,82M","0,55%"
10.10.2023,"91,04","90,76","91,29","90,65","11,51M","-0,20%"
09.10.2023,"91,22","90,75","91,22","90,61","5,82M","1,28%"
06.10.2023,"90,07","89,77","90,36","89,68","12,26M","-0,58%"
05.10.2023,"90,60","90,64","90,66","90,41","11,32M","0,19%"
04.10.2023,"90,43","90,14","90,48","89,93","14,05M","0,63%"
03.10.2023,"89,86","90,42","90,59","89,81","21,36M","-0,83%"
02.10.2023,"90,61","90,89","90,99","90,50","21,01M","-1,07%"
29.09.2023,"91,59","91,95","92,04","91,45","13,49M","0,02%"
28.09.2023,"91,57","91,11","91,59","90,85","11,65M","0,27%"
27.09.2023,"91,32","91,97","92,01","91,07","10,59M","-0,45%"
26.09.2023,"91,73","91,93","91,99","91,62","8,28M","-0,03%"
25.09.2023,"91,76","91,85","92,02","91,72","11,71M","-0,74%"
22.09.2023,"92,44","92,17","92,52","92,10","8,64M","0,39%"
21.09.2023,"92,08","92,13","92,22","92,02","8,71M","-0,74%"
20.09.2023,"92,77","93,10","93,24","92,75","10,75M","-0,08%"
19.09.2023,"92,84","92,97","93,14","92,80","7,54M","-0,36%"
18.09.2023,"93,18","92,97","93,25","92,97","4,62M","0,10%"
15.09.2023,"93,09","93,22","93,29","93,02","9,37M","-0,31%"
14.09.2023,"93,38","93,66","93,74","93,32","6,42M","-0,22%"
13.09.2023,"93,59","93,33","93,72","93,32","6,68M","0,12%"
12.09.2023,"93,48","93,38","93,50","93,27","5,00M","0,14%"
11.09.2023,"93,35","93,31","93,43","93,24","4,32M","-0,17%"
08.09.2023,"93,51","93,72","93,86","93,46","4,65M","0,02%"
07.09.2023,"93,49","93,39","93,53","93,29","7,14M","0,34%"
06.09.2023,"93,17","93,57","93,58","93,12","7,34M","-0,26%"
05.09.2023,"93,41","93,71","93,72","93,37","4,99M","-0,61%"
01.09.2023,"93,98","94,57","94,58","93,86","7,75M","-0,86%"
31.08.2023,"94,80","94,72","94,94","94,63","6,17M","0,20%"
30.08.2023,"94,61","94,74","94,79","94,55","6,35M","-0,01%"
29.08.2023,"94,62","93,73","94,66","93,71","7,06M","0,71%"
28.08.2023,"93,95","93,91","93,98","93,71","3,30M","0,28%"
25.08.2023,"93,69","93,59","93,93","93,34","7,90M","-0,03%"
24.08.2023,"93,72","93,78","94,05","93,69","5,74M","-0,37%"
23.08.2023,"94,07","93,63","94,07","93,60","8,55M","1,09%"
22.08.2023,"93,06","92,94","93,16","92,85","6,33M","0,04%"
21.08.2023,"93,02","93,16","93,20","92,91","10,86M","-0,62%"
18.08.2023,"93,60","93,49","93,81","93,44","7,51M","0,30%"
17.08.2023,"93,32","93,40","93,47","93,06","9,86M","-0,13%"
16.08.2023,"93,44","93,78","94,00","93,37","7,20M","-0,38%"
15.08.2023,"93,80","93,88","94,18","93,75","9,60M","-0,19%"
14.08.2023,"93,98","93,98","94,26","93,78","6,22M","-0,16%"
11.08.2023,"94,13","94,24","94,56","94,09","5,92M","-0,53%"
10.08.2023,"94,63","95,36","95,54","94,62","8,46M","-0,77%"
09.08.2023,"95,36","95,30","95,52","95,26","5,32M","0,06%"
08.08.2023,"95,30","95,31","95,54","95,19","5,40M","0,51%"
07.08.2023,"94,82","94,93","94,98","94,71","4,01M","-0,24%"
04.08.2023,"95,05","94,40","95,13","94,40","10,19M","1,06%"
03.08.2023,"94,05","94,11","94,25","93,96","11,06M","-0,74%"
02.08.2023,"94,75","94,66","94,79","94,36","8,01M","-0,20%"
01.08.2023,"94,94","95,04","95,18","94,78","7,71M","-0,84%"
31.07.2023,"95,74","95,58","95,90","95,57","6,35M","0,13%"
28.07.2023,"95,62","95,53","95,74","95,44","5,79M","0,33%"
27.07.2023,"95,31","95,99","96,10","95,18","8,52M","-1,09%"
26.07.2023,"96,36","96,25","96,41","95,97","4,88M","0,34%"
25.07.2023,"96,03","95,83","96,09","95,82","4,08M","-0,19%"
24.07.2023,"96,21","96,61","96,71","96,17","7,45M","-0,24%"
21.07.2023,"96,44","96,57","96,66","96,41","4,56M","0,08%"
20.07.2023,"96,36","96,63","96,67","96,19","9,49M","-0,79%"
19.07.2023,"97,13","96,97","97,19","96,79","5,06M","0,34%"
18.07.2023,"96,80","97,00","97,12","96,74","3,63M","0,11%"
17.07.2023,"96,69","96,60","96,78","96,48","3,18M","0,17%"
14.07.2023,"96,53","96,80","96,92","96,49","7,49M","-0,49%"
13.07.2023,"97,01","96,68","97,07","96,57","9,74M","0,83%"
12.07.2023,"96,21","95,91","96,34","95,77","8,26M","0,98%"
11.07.2023,"95,28","95,26","95,42","95,13","6,33M","0,21%"
10.07.2023,"95,08","94,74","95,22","94,73","6,62M","0,52%"
07.07.2023,"94,59","94,57","94,94","94,54","6,58M","-0,13%"
06.07.2023,"94,71","94,76","94,86","94,36","9,29M","-0,82%"
05.07.2023,"95,49","95,95","96,00","95,37","10,19M","-0,48%"
03.07.2023,"95,95","96,32","96,62","95,95","4,69M","-0,67%"
30.06.2023,"96,60","96,42","96,65","96,31","7,45M","0,22%"
29.06.2023,"96,39","96,50","96,58","96,22","8,27M","-1,03%"
28.06.2023,"97,39","97,14","97,43","96,95","5,26M","0,40%"
27.06.2023,"97,00","97,32","97,50","96,87","4,75M","-0,35%"
26.06.2023,"97,34","97,35","97,43","97,16","2,98M","0,25%"
23.06.2023,"97,10","97,46","97,50","96,97","4,11M","0,41%"
22.06.2023,"96,70","96,96","97,13","96,63","4,10M","-0,57%"
21.06.2023,"97,25","96,90","97,33","96,75","5,12M","0,09%"
20.06.2023,"97,16","97,05","97,39","97,05","5,48M","0,30%"
16.06.2023,"96,87","96,81","97,05","96,59","6,54M","-0,43%"
15.06.2023,"97,29","97,11","97,36","96,98","5,96M","0,78%"
14.06.2023,"96,54","96,70","96,83","96,18","7,70M","0,13%"
13.06.2023,"96,41","97,25","97,32","96,26","9,17M","-0,71%"
12.06.2023,"97,10","97,09","97,11","96,67","5,26M","0,17%"
09.06.2023,"96,94","96,96","97,08","96,77","6,42M","-0,36%"
08.06.2023,"97,29","96,81","97,31","96,77","5,84M","0,67%"
07.06.2023,"96,64","97,21","97,32","96,54","8,23M","-0,73%"
06.06.2023,"97,35","97,33","97,38","97,06","3,99M","0,06%"
05.06.2023,"97,29","96,92","97,56","96,82","6,24M","-0,03%"
02.06.2023,"97,32","97,93","97,96","97,24","7,59M","-0,80%"
01.06.2023,"98,10","98,11","98,38","97,97","18,16M","0,04%"
31.05.2023,"98,06","97,75","98,21","97,61","10,82M","0,38%"
30.05.2023,"97,69","97,22","97,69","97,14","7,88M","0,78%"
26.05.2023,"96,93","96,60","96,93","96,39","7,41M","0,19%"
25.05.2023,"96,75","97,18","97,26","96,67","11,65M","-0,63%"
24.05.2023,"97,36","97,72","97,77","97,31","7,42M","-0,26%"
23.05.2023,"97,61","97,31","97,73","97,23","8,26M","0,16%"
22.05.2023,"97,45","97,65","97,89","97,40","7,03M","-0,18%"
19.05.2023,"97,63","97,65","98,10","97,46","12,92M","-0,38%"
18.05.2023,"98,00","98,25","98,26","97,96","9,45M","-0,62%"
17.05.2023,"98,61","98,99","99,02","98,49","5,54M","-0,32%"
16.05.2023,"98,93","98,86","99,00","98,65","7,19M","-0,32%"
15.05.2023,"99,25","99,19","99,25","99,12","4,46M","-0,22%"
12.05.2023,"99,47","99,99","100,07","99,44","5,11M","-0,60%"
11.05.2023,"100,07","100,29","100,41","99,96","5,98M","0,37%"
10.05.2023,"99,70","99,41","99,78","99,40","9,93M","0,75%"
09.05.2023,"98,96","99,07","99,17","98,94","7,32M","-0,12%"
08.05.2023,"99,08","99,07","99,29","99,03","7,02M","-0,61%"
05.05.2023,"99,69","99,65","99,73","99,44","11,25M","-0,54%"
04.05.2023,"100,23","99,98","100,80","99,96","12,01M","-0,02%"
03.05.2023,"100,25","99,87","100,28","99,69","9,53M","0,65%"
02.05.2023,"99,60","98,66","99,63","98,60","8,54M","1,30%"
01.05.2023,"98,32","99,11","99,17","98,19","17,44M","-1,41%"
28.04.2023,"99,73","99,59","99,74","99,37","8,53M","0,75%"
27.04.2023,"98,99","99,23","99,28","98,88","5,07M","-0,65%"
26.04.2023,"99,64","100,01","100,13","99,49","5,90M","-0,39%"
25.04.2023,"100,03","99,61","100,07","99,59","13,08M","0,99%"
24.04.2023,"99,05","98,84","99,07","98,77","5,14M","0,49%"
21.04.2023,"98,57","99,02","99,10","98,49","5,95M","-0,24%"
20.04.2023,"98,81","98,78","98,89","98,68","4,61M","0,58%"
19.04.2023,"98,24","98,22","98,31","97,98","4,65M","-0,21%"
18.04.2023,"98,45","98,32","98,67","98,30","5,06M","0,16%"
17.04.2023,"98,29","98,54","98,60","98,26","5,68M","-0,64%"
14.04.2023,"98,92","99,08","99,10","98,79","4,97M","-0,49%"
13.04.2023,"99,41","99,90","100,07","99,33","39,86M","-0,33%"
12.04.2023,"99,74","99,91","99,95","99,29","5,86M","0,29%"
11.04.2023,"99,45","99,57","99,58","99,22","5,46M","-0,04%"
10.04.2023,"99,49","99,69","99,75","99,37","6,03M","-0,99%"
06.04.2023,"100,48","100,49","100,72","100,46","4,26M","0,03%"
05.04.2023,"100,45","100,40","100,76","100,30","6,26M","0,42%"
04.04.2023,"100,03","98,97","100,14","98,95","6,76M","0,64%"
03.04.2023,"99,39","98,81","99,56","98,74","7,23M","0,27%"
31.03.2023,"99,12","98,74","99,18","98,58","6,33M","0,55%"
30.03.2023,"98,58","98,34","98,67","98,31","4,16M","0,15%"
29.03.2023,"98,43","98,23","98,62","98,19","13,40M","-0,17%"
28.03.2023,"98,60","98,45","98,75","98,36","13,32M","-0,06%"
27.03.2023,"98,66","98,94","99,14","98,63","8,28M","-1,23%"
24.03.2023,"99,89","100,44","100,58","99,76","9,14M","0,03%"
23.03.2023,"99,86","99,13","99,94","98,98","7,12M","0,57%"
22.03.2023,"99,29","97,83","99,37","97,75","10,71M","1,32%"
21.03.2023,"98,00","98,18","98,46","97,86","9,85M","-0,87%"
20.03.2023,"98,86","99,42","99,43","98,63","7,98M","-0,40%"
17.03.2023,"99,26","98,86","99,63","98,77","12,29M","1,18%"
16.03.2023,"98,10","99,53","99,76","97,98","14,24M","-0,90%"
15.03.2023,"98,99","99,25","99,78","98,52","25,16M","1,44%"
14.03.2023,"97,58","98,09","98,18","97,38","47,89M","-0,94%"
13.03.2023,"98,51","98,95","99,42","98,14","23,93M","1,21%"
10.03.2023,"97,33","96,81","97,42","96,67","11,04M","1,84%"
09.03.2023,"95,57","95,14","95,72","95,08","12,50M","0,62%"
08.03.2023,"94,98","95,38","95,56","94,86","5,16M","-0,03%"
07.03.2023,"95,01","95,17","95,29","94,78","5,05M","0,01%"
06.03.2023,"95,00","95,39","95,42","94,93","3,77M","-0,18%"
03.03.2023,"95,17","94,91","95,17","94,63","5,70M","0,80%"
02.03.2023,"94,41","94,29","94,49","94,21","12,95M","-0,41%"
01.03.2023,"94,80","95,14","95,30","94,75","8,33M","-1,00%"
28.02.2023,"95,76","95,32","95,79","95,19","4,69M","0,16%"
27.02.2023,"95,61","95,66","95,76","95,45","3,69M","0,30%"
24.02.2023,"95,32","95,29","95,45","95,11","10,76M","-0,60%"
23.02.2023,"95,90","95,56","96,00","95,51","7,06M","0,39%"
22.02.2023,"95,53","95,64","95,81","95,48","30,14M","0,18%"
21.02.2023,"95,36","95,75","95,83","95,33","11,38M","-1,09%"
17.02.2023,"96,41","95,93","96,43","95,90","4,54M","0,28%"
16.02.2023,"96,14","96,23","96,43","96,05","27,13M","-0,33%"
15.02.2023,"96,46","96,58","96,79","96,33","4,96M","-0,30%"
14.02.2023,"96,75","96,89","97,12","96,49","7,13M","-0,45%"
13.02.2023,"97,19","96,97","97,24","96,95","17,26M","0,24%"
10.02.2023,"96,96","97,35","97,38","96,89","5,29M","-0,48%"
09.02.2023,"97,43","98,12","98,14","97,32","7,36M","-0,45%"
08.02.2023,"97,87","97,61","97,88","97,40","6,14M","0,37%"
07.02.2023,"97,51","97,65","98,13","97,46","5,68M","-0,25%"
06.02.2023,"97,75","97,90","98,04","97,70","5,50M","-0,86%"
03.02.2023,"98,60","98,81","99,00","98,47","5,27M","-1,07%"
02.02.2023,"99,67","100,02","100,21","99,64","5,82M","-0,04%"
01.02.2023,"99,71","99,20","99,77","98,83","20,16M","0,50%"
31.01.2023,"99,21","99,16","99,25","98,74","4,86M","0,51%"
30.01.2023,"98,71","98,74","98,95","98,66","2,58M","-0,31%"
27.01.2023,"99,02","98,80","99,02","98,77","5,52M","-0,15%"
26.01.2023,"99,17","99,34","99,53","99,03","2,88M","-0,36%"
25.01.2023,"99,53","99,49","99,73","99,21","2,92M","0,11%"
24.01.2023,"99,42","98,98","99,43","98,65","3,54M","0,58%"
23.01.2023,"98,85","98,84","99,14","98,81","4,33M","-0,32%"
20.01.2023,"99,17","99,32","99,44","99,06","8,82M","-0,66%"
19.01.2023,"99,83","99,82","99,98","99,63","4,23M","-0,19%"
18.01.2023,"100,02","99,87","100,06","99,55","7,93M","1,36%"
17.01.2023,"98,68","98,66","99,02","98,64","3,71M","-0,31%"
13.01.2023,"98,99","99,26","99,50","98,86","5,57M","-0,53%"
12.01.2023,"99,52","98,96","99,52","98,48","5,77M","0,89%"
11.01.2023,"98,64","98,30","98,66","98,24","7,12M","0,64%"
10.01.2023,"98,01","98,22","98,33","97,82","4,03M","-0,63%"
09.01.2023,"98,63","98,26","98,81","98,20","4,99M","0,25%"
06.01.2023,"98,38","97,17","98,43","97,08","6,81M","1,29%"
05.01.2023,"97,13","96,70","97,22","96,57","3,18M","-0,14%"
04.01.2023,"97,27","97,34","97,42","96,99","7,80M","0,77%"
03.01.2023,"96,53","96,91","97,00","96,34","6,81M","0,78%"
30.12.2022,"95,78","95,86","96,27","95,61","5,04M","-0,42%"
29.12.2022,"96,18","95,97","96,26","95,92","4,02M","0,49%"
28.12.2022,"95,71","96,08","96,16","95,69","3,16M","-0,24%"
27.12.2022,"95,94","96,22","96,41","95,90","4,78M","-0,84%"
23.12.2022,"96,75","96,73","96,95","96,69","3,16M","-0,45%"
22.12.2022,"97,19","97,24","97,48","97,14","2,14M","-0,03%"
21.12.2022,"97,22","97,50","97,54","97,09","4,41M","0,12%"
20.12.2022,"97,10","97,08","97,31","96,99","4,20M","-0,73%"
19.12.2022,"97,81","98,05","98,06","97,73","3,95M","-0,81%"
16.12.2022,"98,61","98,17","98,79","98,07","4,43M","-0,25%"
15.12.2022,"98,86","98,81","99,01","98,55","4,34M","0,00%"
14.12.2022,"98,86","98,65","98,99","98,21","6,53M","0,27%"
13.12.2022,"98,59","99,14","99,26","98,50","7,86M","0,90%"
12.12.2022,"97,71","98,30","98,39","97,58","5,19M","-0,14%"
09.12.2022,"97,85","98,29","98,37","97,85","4,34M","-0,74%"
08.12.2022,"98,58","98,62","98,88","98,45","5,33M","-0,56%"
07.12.2022,"99,14","98,68","99,25","98,62","5,39M","0,88%"
06.12.2022,"98,28","97,93","98,41","97,85","5,75M","0,61%"
05.12.2022,"97,68","98,09","98,13","97,63","6,30M","-1,01%"
02.12.2022,"98,68","97,92","98,69","97,61","5,78M","0,20%"
01.12.2022,"98,48","97,60","98,50","97,57","17,63M","0,89%"
30.11.2022,"97,61","96,57","97,61","96,40","7,13M","0,90%"
29.11.2022,"96,74","96,76","97,07","96,71","3,36M","-0,42%"
28.11.2022,"97,15","97,22","97,35","97,01","4,22M","0,04%"
25.11.2022,"97,11","96,87","97,12","96,85","1,35M","-0,03%"
23.11.2022,"97,14","96,75","97,18","96,65","5,24M","0,54%"
22.11.2022,"96,62","96,48","96,71","96,38","5,53M","0,57%"
21.11.2022,"96,07","96,54","96,61","96,04","4,48M","-0,06%"
18.11.2022,"96,13","96,47","96,59","96,11","3,10M","-0,35%"
17.11.2022,"96,47","96,53","96,63","96,26","5,99M","-0,68%"
16.11.2022,"97,13","96,87","97,22","96,64","6,14M","0,74%"
15.11.2022,"96,42","96,18","96,49","95,94","6,84M","0,74%"
14.11.2022,"95,71","95,84","95,85","95,53","4,13M","-0,24%"
11.11.2022,"95,94","95,70","96,06","95,65","2,84M","-0,21%"
10.11.2022,"96,14","95,43","96,18","95,43","9,61M","2,24%"
09.11.2022,"94,03","93,61","94,09","93,54","3,66M","0,34%"
08.11.2022,"93,71","93,35","93,88","93,32","4,68M","0,67%"
07.11.2022,"93,09","93,54","93,59","93,07","4,29M","-0,35%"
04.11.2022,"93,42","93,64","93,95","93,40","5,29M","-0,21%"
03.11.2022,"93,62","93,19","93,79","93,18","8,40M","-0,44%"
02.11.2022,"94,03","94,31","94,87","93,79","7,58M","-0,17%"
01.11.2022,"94,19","94,96","94,99","94,03","6,07M","-0,23%"
31.10.2022,"94,41","94,43","94,56","94,01","4,59M","-0,45%"
28.10.2022,"94,84","94,72","95,19","94,57","5,66M","-0,51%"
27.10.2022,"95,33","94,96","95,46","94,67","7,24M","0,71%"
26.10.2022,"94,66","94,41","94,82","94,40","6,69M","0,51%"
25.10.2022,"94,18","94,04","94,44","93,96","6,30M","1,25%"
24.10.2022,"93,02","93,11","93,43","92,69","6,21M","-0,13%"
21.10.2022,"93,14","92,60","93,32","92,48","7,53M","0,23%"
20.10.2022,"92,93","93,41","93,65","92,86","5,74M","-0,75%"
19.10.2022,"93,63","93,88","94,07","93,56","5,76M","-1,05%"
18.10.2022,"94,62","94,63","94,80","94,07","4,01M","0,25%"
17.10.2022,"94,38","94,96","95,11","94,32","3,22M","0,11%"
14.10.2022,"94,28","95,32","95,33","94,23","5,89M","-0,56%"
13.10.2022,"94,81","93,98","95,24","93,97","6,22M","-0,42%"
12.10.2022,"95,21","94,77","95,33","94,71","5,85M","0,33%"
11.10.2022,"94,90","94,98","95,43","94,64","5,50M","0,25%"
10.10.2022,"94,66","95,08","95,14","94,32","3,83M","-0,59%"
07.10.2022,"95,22","95,19","95,53","95,07","5,09M","-0,49%"
06.10.2022,"95,69","96,06","96,18","95,56","11,30M","-0,55%"
05.10.2022,"96,22","96,56","96,59","95,98","8,60M","-0,95%"
04.10.2022,"97,14","97,33","97,69","96,96","7,36M","0,21%"
03.10.2022,"96,94","96,72","97,65","96,49","10,58M","0,99%"
30.09.2022,"95,99","96,66","96,88","95,66","8,85M","-0,26%"
29.09.2022,"96,24","95,98","96,58","95,89","6,06M","-0,47%"
28.09.2022,"96,69","95,90","96,79","95,52","8,47M","2,25%"
27.09.2022,"94,56","95,24","95,35","94,51","8,67M","-0,68%"
26.09.2022,"95,21","96,29","96,30","95,07","8,02M","-1,66%"
23.09.2022,"96,82","96,66","96,97","96,28","7,63M","0,12%"
22.09.2022,"96,70","97,16","97,22","96,58","6,66M","-1,51%"
21.09.2022,"98,18","97,96","98,28","97,29","5,41M","0,40%"
20.09.2022,"97,79","97,70","98,04","97,54","4,87M","-0,62%"
19.09.2022,"98,40","98,31","98,61","98,24","3,88M","-0,28%"
16.09.2022,"98,68","98,51","98,99","98,45","4,72M","0,08%"
15.09.2022,"98,60","98,67","98,79","98,50","4,62M","-0,34%"
14.09.2022,"98,94","98,74","99,18","98,69","3,87M","0,05%"
13.09.2022,"98,89","98,76","98,95","98,64","5,10M","-0,56%"
12.09.2022,"99,45","99,97","100,05","99,27","4,03M","-0,24%"
09.09.2022,"99,69","99,90","100,09","99,57","5,78M","0,01%"
08.09.2022,"99,68","100,04","100,26","99,68","5,77M","-0,37%"
07.09.2022,"100,05","99,79","100,17","99,74","7,17M","0,65%"
06.09.2022,"99,40","99,90","99,93","99,35","6,77M","-1,11%"
02.09.2022,"100,52","100,36","100,79","100,22","5,74M","0,56%"
01.09.2022,"99,96","100,09","100,31","99,73","10,32M","-0,97%"
31.08.2022,"100,94","101,21","101,44","100,77","5,80M","-0,41%"
30.08.2022,"101,36","101,39","101,72","101,02","4,47M","-0,03%"
29.08.2022,"101,39","101,58","101,58","101,25","4,42M","-0,57%"
26.08.2022,"101,97","101,86","102,23","101,62","5,54M","-0,12%"
25.08.2022,"102,09","101,52","102,13","101,39","6,65M","0,64%"
24.08.2022,"101,44","101,54","101,64","101,29","3,50M","-0,33%"
23.08.2022,"101,78","101,86","102,49","101,71","7,75M","-0,25%"
22.08.2022,"102,03","102,40","102,45","101,97","4,13M","-0,44%"
19.08.2022,"102,48","102,62","102,68","102,36","6,68M","-0,86%"
18.08.2022,"103,37","103,44","103,73","103,28","3,71M","0,19%"
17.08.2022,"103,17","103,31","103,36","102,96","6,37M","-0,67%"
16.08.2022,"103,87","103,79","103,91","103,39","3,24M","-0,12%"
15.08.2022,"103,99","104,17","104,32","103,95","3,44M","0,32%"
12.08.2022,"103,66","103,65","103,69","103,32","4,13M","0,40%"
11.08.2022,"103,25","104,18","104,29","103,14","8,31M","-0,66%"
10.08.2022,"103,94","104,35","104,71","103,93","7,26M","0,06%"
09.08.2022,"103,88","103,90","104,08","103,78","3,81M","-0,30%"
08.08.2022,"104,19","104,00","104,24","103,91","6,68M","0,59%"
05.08.2022,"103,58","103,73","103,76","103,35","10,05M","-1,45%"
04.08.2022,"105,10","104,68","105,13","104,53","9,87M","0,51%"
03.08.2022,"104,57","103,97","104,58","103,43","7,83M","0,41%"
02.08.2022,"104,14","105,56","105,75","104,07","9,27M","-1,38%"
01.08.2022,"105,60","105,29","105,67","105,13","9,67M","0,41%"
29.07.2022,"105,17","104,92","105,57","104,81","5,96M","0,04%"
28.07.2022,"105,13","105,10","105,32","104,75","5,77M","0,99%"
27.07.2022,"104,10","104,14","104,61","104,02","7,48M","0,20%"
26.07.2022,"103,89","104,55","104,69","103,85","4,74M","0,04%"
25.07.2022,"103,85","103,58","103,90","103,55","2,99M","-0,36%"
22.07.2022,"104,22","104,00","104,46","103,82","7,75M","1,15%"
21.07.2022,"103,04","102,29","103,04","102,19","5,34M","1,14%"
20.07.2022,"101,88","102,48","102,49","101,80","53,06M","-0,10%"
19.07.2022,"101,98","102,32","102,41","101,88","3,00M","-0,46%"
18.07.2022,"102,45","102,42","102,60","102,03","3,15M","-0,29%"
15.07.2022,"102,75","102,47","102,99","102,44","3,83M","0,34%"
14.07.2022,"102,40","102,20","102,64","101,93","5,37M","-0,55%"
13.07.2022,"102,97","101,91","103,05","101,78","6,81M","0,43%"
12.07.2022,"102,53","102,83","103,03","102,45","3,67M","0,23%"
11.07.2022,"102,29","102,03","102,46","101,97","2,77M","0,79%"
08.07.2022,"101,49","101,83","101,84","101,37","3,66M","-0,61%"
07.07.2022,"102,11","102,77","102,77","102,03","4,06M","-0,61%"
06.07.2022,"102,74","104,00","104,01","102,72","4,75M","-0,85%"
05.07.2022,"103,62","103,75","104,02","103,44","6,65M","0,37%"
01.07.2022,"103,24","103,12","103,97","102,98","63,22M","0,92%"
30.06.2022,"102,30","102,10","102,54","102,01","5,41M","0,77%"
29.06.2022,"101,52","100,88","101,52","100,79","3,56M","0,80%"
28.06.2022,"100,71","100,47","100,74","100,32","3,76M","0,13%"
27.06.2022,"100,58","100,57","101,02","100,45","5,44M","-0,56%"
24.06.2022,"101,15","101,38","101,76","101,07","5,13M","-0,35%"
23.06.2022,"101,51","101,56","102,17","101,39","9,25M","0,56%"
22.06.2022,"100,94","100,84","101,12","100,71","9,50M","1,26%"
21.06.2022,"99,68","99,66","99,94","99,55","10,34M","-0,52%"
17.06.2022,"100,20","100,26","100,46","99,55","7,03M","0,03%"
16.06.2022,"100,17","98,55","100,22","98,43","9,17M","0,65%"
15.06.2022,"99,52","98,95","99,56","98,40","10,26M","1,40%"
14.06.2022,"98,15","99,16","99,29","97,99","7,83M","-0,80%"
13.06.2022,"98,94","99,66","99,80","98,42","9,20M","-1,78%"
10.06.2022,"100,73","101,21","101,31","100,60","4,44M","-0,98%"
09.06.2022,"101,73","101,69","101,94","101,51","4,18M","-0,09%"
08.06.2022,"101,82","102,01","102,17","101,81","2,92M","-0,37%"
07.06.2022,"102,20","102,06","102,43","102,04","3,23M","0,40%"
06.06.2022,"101,79","102,31","102,40","101,73","4,80M","-0,75%"
03.06.2022,"102,56","102,36","102,65","102,33","2,69M","-0,19%"
02.06.2022,"102,76","102,91","102,92","102,51","3,01M","0,15%"
01.06.2022,"102,61","103,26","103,37","102,42","5,56M","-0,69%"
31.05.2022,"103,32","103,61","103,63","103,15","6,77M","-1,04%"
27.05.2022,"104,41","104,45","104,59","104,22","2,51M","0,14%"
26.05.2022,"104,26","104,36","104,41","103,88","3,48M","-0,05%"
25.05.2022,"104,31","104,47","104,47","104,07","4,27M","0,20%"
24.05.2022,"104,10","103,74","104,47","103,71","6,79M","0,86%"
23.05.2022,"103,21","103,57","103,77","103,20","5,72M","-0,61%"
20.05.2022,"103,84","103,30","103,99","103,27","5,91M","0,46%"
19.05.2022,"103,36","103,90","103,93","103,28","5,14M","0,36%"
18.05.2022,"102,99","102,26","103,10","102,19","4,47M","0,71%"
17.05.2022,"102,26","102,35","102,65","102,23","4,29M","-0,76%"
16.05.2022,"103,04","102,98","103,32","102,87","3,32M","0,42%"
13.05.2022,"102,61","102,87","102,94","102,55","6,02M","-0,52%"
12.05.2022,"103,15","103,12","103,57","103,01","8,13M","0,33%"
11.05.2022,"102,81","101,93","102,85","101,79","7,17M","0,62%"
10.05.2022,"102,18","102,31","102,57","102,11","8,05M","0,33%"
09.05.2022,"101,84","101,14","101,89","101,09","7,30M","0,74%"
06.05.2022,"101,09","101,15","101,61","100,99","12,54M","-0,57%"
05.05.2022,"101,67","101,89","102,03","101,15","11,68M","-1,00%"
04.05.2022,"102,70","102,00","102,78","101,81","11,93M","0,65%"
03.05.2022,"102,04","102,52","102,60","102,01","8,13M","0,12%"
02.05.2022,"101,92","102,15","102,22","101,82","11,33M","-0,87%"
29.04.2022,"102,81","102,60","103,21","102,55","10,01M","-0,53%"
28.04.2022,"103,36","103,16","103,39","102,96","6,94M","-0,14%"
27.04.2022,"103,51","104,03","104,13","103,46","7,91M","-0,56%"
26.04.2022,"104,09","104,10","104,27","103,76","9,58M","0,67%"
25.04.2022,"103,40","103,55","103,97","103,34","8,62M","0,64%"
22.04.2022,"102,74","102,43","103,02","102,38","5,45M","0,05%"
21.04.2022,"102,69","102,97","102,98","102,27","9,14M","-0,55%"
20.04.2022,"103,26","102,88","103,42","102,76","7,48M","0,78%"
19.04.2022,"102,46","102,74","102,93","102,39","7,00M","-0,66%"
18.04.2022,"103,14","103,53","103,54","103,11","4,59M","-0,29%"
14.04.2022,"103,44","104,23","104,27","103,32","6,16M","-0,90%"
13.04.2022,"104,38","104,44","104,91","104,31","6,35M","0,22%"
12.04.2022,"104,15","104,19","104,58","104,03","12,21M","0,48%"
11.04.2022,"103,65","103,78","103,90","103,52","7,36M","-0,48%"
08.04.2022,"104,15","104,08","104,42","104,00","8,09M","-0,51%"
07.04.2022,"104,68","104,68","104,97","104,46","5,52M","-0,25%"
06.04.2022,"104,94","104,65","105,32","104,65","9,05M","-0,35%"
05.04.2022,"105,31","106,27","106,29","105,20","9,68M","-1,19%"
04.04.2022,"106,58","106,76","106,78","106,38","7,37M","-0,07%"
01.04.2022,"106,65","106,31","107,01","106,20","10,24M","-0,76%"
31.03.2022,"107,47","107,43","107,62","107,27","9,15M","0,19%"
30.03.2022,"107,27","106,63","107,30","106,56","6,43M","0,39%"
29.03.2022,"106,85","106,58","106,98","106,35","7,54M","0,50%"
28.03.2022,"106,32","106,25","106,69","106,12","12,86M","0,23%"
25.03.2022,"106,08","106,69","106,70","105,97","9,06M","-1,03%"
24.03.2022,"107,18","107,15","107,50","107,11","11,11M","-0,56%"
23.03.2022,"107,78","107,32","107,78","107,09","11,22M","0,67%"
22.03.2022,"107,06","107,20","107,24","106,97","7,71M","-0,55%"
21.03.2022,"107,65","108,28","108,44","107,57","11,00M","-1,30%"
18.03.2022,"109,07","108,93","109,22","108,93","7,51M","0,29%"
17.03.2022,"108,75","109,03","109,24","108,55","7,22M","-0,19%"
16.03.2022,"108,96","109,00","109,12","108,25","12,85M","-0,14%"
15.03.2022,"109,11","109,74","109,80","109,03","9,29M","-0,05%"
14.03.2022,"109,16","109,67","109,74","109,16","8,62M","-1,27%"
11.03.2022,"110,56","110,47","110,70","110,35","5,57M","-0,03%"
10.03.2022,"110,59","110,72","110,83","110,36","11,10M","-0,46%"
09.03.2022,"111,10","111,33","111,43","110,98","7,93M","-0,62%"
08.03.2022,"111,79","111,87","112,07","111,64","10,82M","-0,65%"
07.03.2022,"112,52","112,46","113,08","112,44","13,63M","-0,42%"
04.03.2022,"113,00","112,88","113,30","112,76","20,10M","0,99%"
03.03.2022,"111,89","111,68","112,10","111,49","12,25M","0,43%"
02.03.2022,"111,41","112,46","112,56","111,39","12,30M","-1,50%"
01.03.2022,"113,11","112,60","113,49","112,55","28,29M","0,88%"
28.02.2022,"112,12","111,62","112,14","111,58","12,29M","1,14%"
25.02.2022,"110,86","110,72","110,88","110,48","8,10M","-0,03%"
24.02.2022,"110,89","111,52","111,54","110,73","19,16M","0,24%"
23.02.2022,"110,63","110,80","110,90","110,51","7,94M","-0,52%"
22.02.2022,"111,21","110,97","111,22","110,84","8,39M","-0,01%"
18.02.2022,"111,22","111,04","111,23","110,96","8,49M","0,32%"
17.02.2022,"110,86","110,53","110,90","110,52","8,75M","0,54%"
16.02.2022,"110,27","110,32","110,34","109,94","9,01M","0,21%"
15.02.2022,"110,04","110,05","110,24","109,96","8,49M","-0,30%"
14.02.2022,"110,37","110,54","110,83","110,21","11,09M","-0,69%"
11.02.2022,"111,14","110,47","111,23","109,92","18,32M","1,04%"
10.02.2022,"110,00","110,61","110,68","109,96","16,63M","-0,92%"
09.02.2022,"111,02","111,13","111,37","110,98","10,11M","0,14%"
08.02.2022,"110,87","110,93","110,99","110,81","8,11M","-0,32%"
07.02.2022,"111,23","111,23","111,35","111,09","10,29M","0,03%"
04.02.2022,"111,20","111,42","111,45","111,09","8,62M","-0,77%"
03.02.2022,"112,06","112,04","112,16","111,92","8,03M","-0,43%"
02.02.2022,"112,54","112,40","112,81","112,40","6,00M","0,20%"
01.02.2022,"112,31","112,50","112,54","112,13","16,34M","-0,23%"
31.01.2022,"112,57","112,36","112,65","112,29","8,26M","0,00%"
28.01.2022,"112,57","112,15","112,66","112,12","6,71M","0,23%"
27.01.2022,"112,31","112,11","112,52","112,09","11,61M","0,42%"
26.01.2022,"111,84","112,66","112,76","111,84","12,69M","-0,71%"
25.01.2022,"112,64","112,89","113,08","112,57","13,53M","-0,13%"
24.01.2022,"112,79","113,24","113,29","112,77","22,38M","-0,09%"
21.01.2022,"112,89","112,87","113,05","112,65","13,25M","0,58%"
20.01.2022,"112,24","112,18","112,24","112,03","8,30M","0,21%"
19.01.2022,"112,00","111,91","112,22","111,84","10,35M","0,24%"
18.01.2022,"111,73","112,10","112,19","111,69","11,59M","-0,76%"
14.01.2022,"112,58","113,07","113,09","112,54","10,60M","-0,69%"
13.01.2022,"113,36","113,07","113,40","112,97","8,43M","0,32%"
12.01.2022,"113,00","113,17","113,43","112,98","8,00M","0,02%"
11.01.2022,"112,98","112,66","112,99","112,56","8,09M","0,24%"
10.01.2022,"112,71","112,45","112,75","112,38","8,43M","-0,03%"
07.01.2022,"112,74","112,96","113,00","112,47","13,32M","-0,33%"
06.01.2022,"113,11","113,13","113,21","112,98","10,96M","-0,25%"
05.01.2022,"113,39","113,89","113,90","113,31","13,72M","-0,42%"
04.01.2022,"113,87","113,67","113,89","113,58","15,91M","-0,05%"
03.01.2022,"113,93","114,37","114,41","113,93","27,74M","-0,93%"
31.12.2021,"115,00","115,16","115,31","115,00","7,58M","-0,11%"
30.12.2021,"115,13","114,98","115,14","114,79","10,30M","0,33%"
29.12.2021,"114,75","114,97","115,07","114,67","11,88M","-0,51%"
28.12.2021,"115,34","115,55","115,58","115,28","8,31M","-0,02%"
27.12.2021,"115,36","115,28","115,42","115,25","3,47M","0,03%"
23.12.2021,"115,32","115,48","115,49","115,18","7,21M","-0,21%"
22.12.2021,"115,56","115,63","115,64","115,33","5,54M","0,10%"
21.12.2021,"115,45","115,49","115,54","115,23","7,67M","-0,40%"
20.12.2021,"115,91","116,20","116,35","115,88","13,77M","-0,09%"
17.12.2021,"116,01","116,12","116,33","115,94","7,93M","0,22%"
16.12.2021,"115,75","115,58","115,90","115,56","9,09M","0,20%"
15.12.2021,"115,52","115,41","115,73","115,28","8,43M","-0,15%"
14.12.2021,"115,69","115,65","115,81","115,43","4,75M","-0,17%"
13.12.2021,"115,89","115,63","115,99","115,61","5,71M","0,48%"
10.12.2021,"115,34","115,44","115,65","115,28","5,05M","0,07%"
09.12.2021,"115,26","115,25","115,44","115,10","9,20M","0,25%"
08.12.2021,"114,97","115,17","115,20","114,82","11,13M","-0,32%"
07.12.2021,"115,34","115,46","115,70","115,25","7,68M","-0,38%"
06.12.2021,"115,78","116,19","116,28","115,65","9,86M","-0,50%"
03.12.2021,"116,36","115,49","116,64","115,39","19,79M","0,59%"
02.12.2021,"115,68","115,90","115,95","115,41","11,45M","-0,22%"
01.12.2021,"115,93","115,30","115,93","115,15","24,99M","0,11%"
30.11.2021,"115,80","115,82","116,14","115,22","19,42M","0,60%"
29.11.2021,"115,11","114,69","115,19","114,66","13,91M","-0,23%"
26.11.2021,"115,37","114,98","115,39","114,92","13,88M","1,29%"
24.11.2021,"113,90","113,57","113,92","113,50","8,32M","0,31%"
23.11.2021,"113,55","113,82","113,88","113,55","11,54M","-0,41%"
22.11.2021,"114,02","114,33","114,43","113,94","10,88M","-0,73%"
19.11.2021,"114,86","114,92","115,11","114,79","10,73M","0,27%"
18.11.2021,"114,55","114,31","114,58","114,29","10,18M","0,06%"
17.11.2021,"114,48","114,07","114,49","114,05","10,01M","0,36%"
16.11.2021,"114,07","114,18","114,40","114,05","6,57M","-0,09%"
15.11.2021,"114,17","114,55","114,58","114,13","8,02M","-0,39%"
12.11.2021,"114,62","114,80","114,94","114,52","10,61M","0,21%"
11.11.2021,"114,38","114,75","114,80","114,38","3,75M","-0,32%"
10.11.2021,"114,75","115,54","115,57","114,54","19,43M","-0,86%"
09.11.2021,"115,74","115,69","115,98","115,65","12,35M","0,46%"
08.11.2021,"115,21","115,52","115,52","115,16","7,40M","-0,43%"
05.11.2021,"115,71","115,33","115,81","115,22","12,96M","0,55%"
04.11.2021,"115,08","114,66","115,17","114,66","12,67M","0,54%"
03.11.2021,"114,46","114,84","114,88","114,27","17,03M","-0,31%"
02.11.2021,"114,82","114,67","114,96","114,66","12,19M","0,24%"
01.11.2021,"114,54","114,22","114,63","114,19","14,48M","-0,08%"
29.10.2021,"114,63","114,27","114,86","114,19","11,25M","0,04%"
28.10.2021,"114,58","114,76","114,91","114,46","9,94M","-0,26%"
27.10.2021,"114,88","114,64","115,06","114,32","16,14M","0,56%"
26.10.2021,"114,24","114,12","114,24","113,90","5,60M","0,12%"
25.10.2021,"114,10","113,98","114,22","113,98","4,84M","0,12%"
22.10.2021,"113,96","113,78","114,05","113,67","10,20M","0,26%"
21.10.2021,"113,67","113,90","113,95","113,63","7,10M","-0,26%"
20.10.2021,"113,97","114,02","114,21","113,94","6,23M","-0,04%"
19.10.2021,"114,02","114,27","114,32","114,00","7,45M","-0,36%"
18.10.2021,"114,43","114,25","114,52","114,07","8,70M","-0,14%"
15.10.2021,"114,59","114,74","114,77","114,53","8,69M","-0,49%"
14.10.2021,"115,16","115,02","115,21","114,89","9,52M","0,24%"
13.10.2021,"114,89","114,74","115,05","114,68","11,66M","0,19%"
12.10.2021,"114,67","114,35","114,71","114,28","7,94M","0,46%"
11.10.2021,"114,15","114,23","114,32","114,13","2,26M","-0,24%"
08.10.2021,"114,43","114,62","114,62","114,30","9,46M","-0,22%"
07.10.2021,"114,68","114,88","114,91","114,67","8,16M","-0,40%"
06.10.2021,"115,14","115,15","115,26","115,05","7,47M","0,03%"
05.10.2021,"115,11","115,29","115,32","114,99","6,86M","-0,31%"
04.10.2021,"115,47","115,41","115,67","115,26","7,69M","-0,12%"
01.10.2021,"115,61","115,36","115,66","115,26","19,83M","0,34%"
30.09.2021,"115,22","114,97","115,26","114,92","7,31M","0,12%"
29.09.2021,"115,08","115,20","115,36","114,86","8,36M","0,10%"
28.09.2021,"114,96","114,98","115,22","114,72","10,30M","-0,38%"
27.09.2021,"115,40","115,40","115,60","115,37","6,74M","-0,27%"
24.09.2021,"115,71","115,90","115,91","115,64","10,53M","-0,30%"
23.09.2021,"116,06","116,58","116,61","116,06","10,65M","-0,91%"
22.09.2021,"117,12","117,01","117,22","116,79","10,97M","0,09%"
21.09.2021,"117,01","117,11","117,15","116,94","4,87M","-0,06%"
20.09.2021,"117,08","116,91","117,21","116,82","8,78M","0,51%"
17.09.2021,"116,49","116,54","116,57","116,38","7,61M","-0,29%"
16.09.2021,"116,83","116,79","117,01","116,68","5,68M","-0,32%"
15.09.2021,"117,20","117,33","117,35","117,00","5,11M","-0,17%"
14.09.2021,"117,40","117,16","117,52","117,10","6,99M","0,38%"
13.09.2021,"116,96","116,93","117,06","116,90","4,27M","0,12%"
10.09.2021,"116,82","116,93","117,03","116,71","8,15M","-0,32%"
09.09.2021,"117,19","116,91","117,32","116,81","7,01M","0,28%"
08.09.2021,"116,86","116,70","116,94","116,63","6,05M","0,27%"
07.09.2021,"116,54","116,59","116,68","116,43","7,10M","-0,39%"
03.09.2021,"117,00","117,01","117,05","116,88","4,99M","-0,24%"
02.09.2021,"117,28","117,27","117,28","117,14","2,98M","0,12%"
01.09.2021,"117,14","117,25","117,29","117,04","11,91M","-0,03%"
31.08.2021,"117,17","117,33","117,49","117,12","7,42M","-0,19%"
30.08.2021,"117,39","117,14","117,40","117,10","6,55M","0,20%"
27.08.2021,"117,16","116,78","117,16","116,63","6,36M","0,33%"
26.08.2021,"116,78","116,72","116,83","116,59","6,85M","0,00%"
25.08.2021,"116,78","117,20","117,24","116,72","5,87M","-0,39%"
24.08.2021,"117,24","117,41","117,51","117,21","3,65M","-0,27%"
23.08.2021,"117,56","117,50","117,57","117,40","3,96M","0,03%"
20.08.2021,"117,53","117,64","117,71","117,41","6,51M","-0,09%"
19.08.2021,"117,64","117,63","117,72","117,53","6,24M","0,22%"
18.08.2021,"117,38","117,39","117,49","117,13","7,03M","-0,05%"
17.08.2021,"117,44","117,48","117,70","117,42","7,79M","-0,05%"
16.08.2021,"117,50","117,55","117,82","117,50","6,93M","0,22%"
13.08.2021,"117,24","116,75","117,24","116,73","6,90M","0,57%"
12.08.2021,"116,57","116,57","116,70","116,43","6,93M","-0,10%"
11.08.2021,"116,69","116,64","116,99","116,44","7,25M","0,11%"
10.08.2021,"116,56","116,87","116,88","116,55","7,19M","-0,19%"
09.08.2021,"116,78","117,20","117,31","116,78","10,84M","-0,21%"
06.08.2021,"117,03","117,14","117,25","117,00","7,81M","-0,59%"
05.08.2021,"117,72","117,90","117,96","117,64","5,16M","-0,36%"
04.08.2021,"118,15","118,53","118,63","117,78","7,55M","-0,03%"
03.08.2021,"118,18","118,18","118,36","118,12","6,63M","0,03%"
02.08.2021,"118,15","117,82","118,38","117,71","19,50M","0,37%"
30.07.2021,"117,71","117,58","117,78","117,57","5,66M","0,28%"
29.07.2021,"117,38","117,31","117,53","117,28","6,20M","-0,31%"
28.07.2021,"117,74","117,42","117,75","117,25","11,53M","0,09%"
27.07.2021,"117,64","117,62","117,71","117,51","8,62M","0,43%"
26.07.2021,"117,14","117,40","117,42","117,12","6,18M","-0,07%"
23.07.2021,"117,22","116,98","117,25","116,97","6,80M","-0,15%"
22.07.2021,"117,40","117,13","117,64","117,12","6,36M","0,23%"
21.07.2021,"117,13","117,33","117,41","117,02","7,44M","-0,58%"
20.07.2021,"117,81","118,47","118,52","117,71","8,73M","-0,13%"
19.07.2021,"117,96","117,74","118,11","117,68","20,56M","0,85%"
16.07.2021,"116,96","116,67","116,98","116,66","3,58M","-0,02%"
15.07.2021,"116,98","116,79","117,04","116,53","5,70M","0,42%"
14.07.2021,"116,49","116,31","116,52","116,21","6,03M","0,43%"
13.07.2021,"115,99","116,41","116,53","115,89","6,93M","-0,31%"
12.07.2021,"116,35","116,51","116,56","116,26","3,87M","-0,05%"
09.07.2021,"116,41","116,52","116,54","116,39","5,53M","-0,50%"
08.07.2021,"117,00","116,92","117,19","116,82","7,37M","0,26%"
07.07.2021,"116,70","116,58","116,91","116,47","7,46M","0,29%"
06.07.2021,"116,36","115,89","116,44","115,89","9,10M","0,53%"
02.07.2021,"115,75","115,47","115,75","115,44","5,07M","0,36%"
01.07.2021,"115,33","115,38","115,45","115,17","11,97M","-0,14%"
30.06.2021,"115,49","115,48","115,66","115,46","6,57M","0,16%"
29.06.2021,"115,31","115,10","115,32","115,09","3,37M","0,05%"
28.06.2021,"115,25","115,11","115,36","115,10","4,97M","0,31%"
25.06.2021,"114,89","115,21","115,25","114,69","6,72M","-0,21%"
24.06.2021,"115,13","115,15","115,28","115,08","3,63M","-0,02%"
23.06.2021,"115,15","115,25","115,37","115,10","5,43M","-0,20%"
22.06.2021,"115,38","115,04","115,41","115,01","5,46M","0,18%"
21.06.2021,"115,17","115,26","115,35","115,07","6,46M","-0,32%"
18.06.2021,"115,54","115,04","115,58","114,81","13,43M","0,57%"
17.06.2021,"114,89","114,66","115,26","114,58","8,84M","0,36%"
16.06.2021,"114,48","115,32","115,38","114,31","13,53M","-0,69%"
15.06.2021,"115,27","115,19","115,29","115,13","4,21M","0,02%"
14.06.2021,"115,25","115,49","115,50","115,19","3,73M","-0,31%"
11.06.2021,"115,61","115,70","115,72","115,50","3,91M","-0,15%"
10.06.2021,"115,78","115,12","115,79","115,07","6,49M","0,36%"
09.06.2021,"115,37","115,42","115,55","115,21","5,68M","0,31%"
08.06.2021,"115,01","115,04","115,07","114,96","4,76M","0,29%"
07.06.2021,"114,68","114,63","114,72","114,60","3,07M","-0,08%"
04.06.2021,"114,77","114,43","114,78","114,41","6,33M","0,55%"
03.06.2021,"114,14","114,33","114,33","114,09","3,59M","-0,25%"
02.06.2021,"114,43","114,42","114,51","114,37","4,27M","0,11%"
01.06.2021,"114,30","114,19","114,32","114,05","9,50M","-0,09%"
28.05.2021,"114,40","114,36","114,64","114,36","5,58M","-0,01%"
27.05.2021,"114,41","114,36","114,41","114,20","6,00M","-0,17%"
26.05.2021,"114,61","114,66","114,81","114,56","4,50M","-0,11%"
25.05.2021,"114,74","114,44","114,76","114,44","5,75M","0,37%"
24.05.2021,"114,32","114,27","114,43","114,21","4,83M","0,10%"
21.05.2021,"114,21","114,28","114,31","114,08","6,65M","0,04%"
20.05.2021,"114,17","113,90","114,18","113,87","8,41M","0,41%"
19.05.2021,"113,70","114,02","114,25","113,60","13,16M","-0,30%"
18.05.2021,"114,04","114,03","114,09","113,92","4,32M","0,00%"
17.05.2021,"114,04","114,07","114,12","113,99","6,71M","-0,10%"
14.05.2021,"114,15","114,07","114,19","113,95","7,94M","0,22%"
13.05.2021,"113,90","113,66","113,94","113,59","8,24M","0,33%"
12.05.2021,"113,52","113,65","113,73","113,47","14,51M","-0,48%"
11.05.2021,"114,07","114,09","114,17","114,02","6,59M","-0,17%"
10.05.2021,"114,26","114,54","114,63","114,21","5,91M","-0,20%"
07.05.2021,"114,49","114,72","114,95","114,39","10,66M","0,03%"
06.05.2021,"114,45","114,32","114,58","114,30","6,55M","0,04%"
05.05.2021,"114,40","114,14","114,43","114,14","6,81M","0,12%"
04.05.2021,"114,26","114,34","114,56","114,20","11,17M","0,13%"
03.05.2021,"114,11","113,96","114,35","113,92","8,59M","0,11%"
30.04.2021,"113,99","113,94","114,03","113,77","5,16M","0,09%"
29.04.2021,"113,89","113,55","113,90","113,44","5,55M","-0,18%"
28.04.2021,"114,09","113,95","114,11","113,66","8,69M","0,13%"
27.04.2021,"113,94","114,23","114,33","113,93","7,72M","-0,39%"
26.04.2021,"114,39","114,46","114,55","114,39","7,15M","-0,10%"
23.04.2021,"114,51","114,64","114,65","114,33","5,51M","-0,13%"
22.04.2021,"114,66","114,56","114,69","114,29","7,68M","0,08%"
21.04.2021,"114,57","114,50","114,63","114,34","7,98M","0,05%"
20.04.2021,"114,51","114,14","114,59","114,14","6,47M","0,30%"
19.04.2021,"114,17","114,10","114,36","114,04","5,74M","-0,10%"
16.04.2021,"114,29","114,26","114,46","114,23","7,33M","-0,27%"
15.04.2021,"114,60","114,23","114,76","114,22","9,96M","0,64%"
14.04.2021,"113,87","113,82","113,91","113,72","4,88M","-0,12%"
13.04.2021,"114,01","113,57","114,01","113,54","7,66M","0,41%"
12.04.2021,"113,54","113,52","113,57","113,42","5,47M","-0,06%"
09.04.2021,"113,61","113,54","113,82","113,44","5,89M","-0,26%"
08.04.2021,"113,91","113,72","113,92","113,70","6,33M","0,34%"
07.04.2021,"113,52","113,57","113,79","113,48","6,32M","-0,06%"
06.04.2021,"113,59","113,28","113,61","113,24","8,77M","0,49%"
05.04.2021,"113,04","112,97","113,13","112,80","9,94M","-0,28%"
01.04.2021,"113,36","113,21","113,42","113,13","8,54M","0,38%"
31.03.2021,"112,93","113,06","113,18","112,79","8,62M","-0,14%"
30.03.2021,"113,09","112,88","113,16","112,78","5,78M","-0,09%"
29.03.2021,"113,19","113,68","113,69","113,09","6,30M","-0,34%"
26.03.2021,"113,58","113,65","113,89","113,57","6,41M","-0,33%"
25.03.2021,"113,96","114,17","114,24","113,79","10,57M","-0,13%"
24.03.2021,"114,11","113,73","114,13","113,70","14,63M","0,13%"
23.03.2021,"113,96","113,65","113,98","113,57","7,54M","0,49%"
22.03.2021,"113,40","113,32","113,46","113,23","4,68M","0,33%"
19.03.2021,"113,03","112,86","113,20","112,83","8,75M","-0,06%"
18.03.2021,"113,10","112,90","113,23","112,79","8,28M","-0,62%"
17.03.2021,"113,81","113,57","114,05","113,36","8,98M","-0,17%"
16.03.2021,"114,00","114,15","114,24","113,87","5,48M","-0,02%"
15.03.2021,"114,02","113,95","114,13","113,92","4,47M","0,12%"
12.03.2021,"113,88","113,98","113,99","113,76","7,33M","-0,72%"
11.03.2021,"114,71","114,74","114,87","114,54","7,58M","-0,03%"
10.03.2021,"114,75","114,51","114,86","114,45","5,68M","0,21%"
09.03.2021,"114,51","114,47","114,61","114,29","7,04M","0,47%"
08.03.2021,"113,97","114,15","114,18","113,93","7,42M","-0,39%"
05.03.2021,"114,42","114,12","114,57","114,02","8,63M","-0,14%"
04.03.2021,"114,58","115,14","115,27","114,41","12,33M","-0,50%"
03.03.2021,"115,15","115,22","115,24","114,93","8,38M","-0,54%"
02.03.2021,"115,77","115,46","115,78","115,41","6,27M","0,18%"
01.03.2021,"115,56","115,47","115,69","115,25","9,62M","-0,17%"
26.02.2021,"115,76","115,14","115,81","114,71","28,19M","0,90%"
25.02.2021,"114,73","115,61","115,72","114,10","35,76M","-1,33%"
24.02.2021,"116,28","115,86","116,34","115,79","7,13M","-0,14%"
23.02.2021,"116,44","116,27","116,58","116,17","7,34M","0,08%"
22.02.2021,"116,35","116,45","116,67","116,26","3,83M","-0,16%"
19.02.2021,"116,54","116,66","116,77","116,37","5,85M","-0,40%"
18.02.2021,"117,01","116,83","117,10","116,74","4,47M","-0,01%"
17.02.2021,"117,02","117,02","117,17","116,88","4,79M","0,07%"
16.02.2021,"116,94","117,26","117,38","116,86","8,91M","-0,72%"
12.02.2021,"117,79","117,89","118,02","117,75","8,80M","-0,33%"
11.02.2021,"118,18","118,27","118,31","118,13","5,95M","-0,08%"
10.02.2021,"118,27","118,10","118,27","118,08","6,73M","0,25%"
09.02.2021,"117,97","118,01","118,13","117,92","4,46M","0,08%"
08.02.2021,"117,88","117,81","118,04","117,74","2,86M","0,04%"
05.02.2021,"117,83","118,05","118,18","117,83","5,50M","-0,21%"
04.02.2021,"118,08","117,98","118,13","117,89","2,15M","-0,03%"
03.02.2021,"118,12","118,25","118,31","118,10","3,84M","-0,24%"
02.02.2021,"118,41","118,34","118,46","118,30","3,61M","-0,25%"
01.02.2021,"118,71","118,57","118,77","118,53","3,64M","0,06%"
29.01.2021,"118,64","118,50","118,79","118,47","7,95M","-0,18%"
28.01.2021,"118,85","119,00","119,01","118,71","5,39M","-0,26%"
27.01.2021,"119,16","119,22","119,34","119,12","5,76M","0,12%"
26.01.2021,"119,02","118,94","119,06","118,92","4,26M","-0,03%"
25.01.2021,"119,06","118,75","119,06","118,71","5,69M","0,40%"
22.01.2021,"118,58","118,50","118,60","118,43","4,71M","0,15%"
21.01.2021,"118,40","118,37","118,48","118,30","4,25M","-0,14%"
20.01.2021,"118,57","118,39","118,57","118,36","4,28M","0,04%"
19.01.2021,"118,52","118,28","118,52","118,23","4,04M","0,06%"
15.01.2021,"118,45","118,38","118,53","118,21","5,98M","0,27%"
14.01.2021,"118,13","118,39","118,47","118,03","7,73M","-0,23%"
13.01.2021,"118,40","118,17","118,54","118,14","7,56M","0,35%"
12.01.2021,"117,99","117,76","118,04","117,57","6,52M","-0,02%"
11.01.2021,"118,01","118,15","118,15","117,99","6,14M","-0,19%"
08.01.2021,"118,24","118,35","118,43","118,13","8,38M","-0,29%"
07.01.2021,"118,58","118,58","118,65","118,48","7,75M","-0,35%"
06.01.2021,"119,00","119,12","119,12","118,77","10,04M","-0,58%"
05.01.2021,"119,70","119,87","119,89","119,58","5,00M","-0,23%"
04.01.2021,"119,98","119,68","120,06","119,64","5,50M","0,03%"
31.12.2020,"119,95","119,85","120,00","119,85","2,63M","0,07%"
30.12.2020,"119,87","119,74","119,87","119,73","2,55M","0,07%"
29.12.2020,"119,79","119,64","119,83","119,64","2,16M","-0,02%"
28.12.2020,"119,81","119,61","119,81","119,54","3,68M","0,01%"
24.12.2020,"119,80","119,74","119,80","119,71","1,53M","0,14%"
23.12.2020,"119,63","119,65","119,66","119,42","3,05M","-0,21%"
22.12.2020,"119,88","119,83","119,90","119,71","3,93M","0,17%"
21.12.2020,"119,68","119,79","119,83","119,58","2,85M","0,07%"
18.12.2020,"119,60","119,79","119,85","119,58","3,19M","-0,08%"
17.12.2020,"119,70","119,99","120,07","119,62","3,23M","-0,13%"
16.12.2020,"119,86","119,69","120,00","119,64","5,06M","-0,08%"
15.12.2020,"119,96","119,93","120,03","119,83","2,89M","-0,10%"
14.12.2020,"120,08","119,84","120,15","119,78","2,87M","-0,06%"
11.12.2020,"120,15","120,08","120,27","120,05","4,34M","0,20%"
10.12.2020,"119,91","119,74","119,95","119,64","3,56M","0,23%"
09.12.2020,"119,64","119,59","119,77","119,46","3,44M","-0,14%"
08.12.2020,"119,81","119,91","120,04","119,80","4,74M","0,10%"
07.12.2020,"119,69","119,61","119,76","119,59","4,35M","0,31%"
04.12.2020,"119,32","119,41","119,44","119,20","4,71M","-0,39%"
03.12.2020,"119,79","119,65","119,90","119,60","4,48M","0,27%"
02.12.2020,"119,47","119,56","119,58","119,29","5,58M","-0,17%"
01.12.2020,"119,67","119,97","120,01","119,53","13,90M","-0,60%"
30.11.2020,"120,39","120,42","120,51","120,35","2,39M","-0,07%"
27.11.2020,"120,47","120,31","120,47","120,30","2,99M","0,30%"
25.11.2020,"120,11","120,16","120,32","120,10","2,13M","0,03%"
24.11.2020,"120,07","120,17","120,18","120,00","4,35M","-0,16%"
23.11.2020,"120,26","120,34","120,36","120,20","2,51M","-0,20%"
20.11.2020,"120,50","120,35","120,52","120,33","16,77M","0,17%"
19.11.2020,"120,29","120,29","120,41","120,25","9,32M","0,11%"
18.11.2020,"120,16","120,28","120,28","119,99","7,93M","-0,03%"
17.11.2020,"120,20","120,12","120,25","120,09","4,71M","0,26%"
16.11.2020,"119,89","119,90","120,00","119,88","3,91M","-0,08%"
13.11.2020,"119,98","120,09","120,13","119,96","6,77M","-0,13%"
12.11.2020,"120,14","119,82","120,15","119,78","6,32M","0,57%"
11.11.2020,"119,46","119,28","119,51","119,26","1,70M","0,16%"
10.11.2020,"119,27","119,22","119,50","119,21","4,81M","-0,28%"
09.11.2020,"119,61","119,59","119,63","119,19","11,20M","-0,74%"
06.11.2020,"120,50","120,53","120,59","120,36","10,40M","-0,34%"
05.11.2020,"120,91","120,98","121,02","120,77","6,25M","-0,02%"
04.11.2020,"120,93","120,93","121,06","120,78","14,92M","0,84%"
03.11.2020,"119,92","120,01","120,03","119,82","8,04M","-0,22%"
02.11.2020,"120,19","120,34","120,42","120,13","7,67M","0,11%"
30.10.2020,"120,06","120,40","120,45","120,06","7,25M","-0,32%"
29.10.2020,"120,45","120,92","120,94","120,37","7,51M","-0,42%"
28.10.2020,"120,96","121,15","121,18","120,88","5,59M","-0,01%"
27.10.2020,"120,97","120,87","121,01","120,82","3,62M","0,22%"
26.10.2020,"120,70","120,64","120,83","120,59","4,82M","0,27%"
23.10.2020,"120,38","120,19","120,49","120,18","5,05M","0,14%"
22.10.2020,"120,21","120,53","120,57","120,20","6,75M","-0,35%"
21.10.2020,"120,63","120,64","120,76","120,56","6,43M","-0,13%"
20.10.2020,"120,79","120,90","120,98","120,75","6,13M","-0,21%"
19.10.2020,"121,05","121,02","121,13","120,90","3,64M","-0,16%"
16.10.2020,"121,25","121,32","121,46","121,21","2,73M","-0,06%"
15.10.2020,"121,32","121,57","121,60","121,29","3,84M","-0,11%"
14.10.2020,"121,45","121,48","121,55","121,40","5,20M","0,03%"
13.10.2020,"121,41","121,27","121,43","121,27","6,35M","0,22%"
12.10.2020,"121,14","121,06","121,14","120,99","3,29M","0,11%"
09.10.2020,"121,01","120,97","121,13","120,78","4,36M","-0,05%"
08.10.2020,"121,07","120,99","121,09","120,94","3,50M","0,18%"
07.10.2020,"120,85","120,97","121,10","120,78","7,12M","-0,29%"
06.10.2020,"121,20","120,94","121,40","120,87","8,52M","0,23%"
05.10.2020,"120,92","121,35","121,36","120,92","6,13M","-0,63%"
02.10.2020,"121,68","121,91","121,93","121,60","7,51M","-0,10%"
01.10.2020,"121,81","121,53","121,90","121,43","8,73M","-0,01%"
30.09.2020,"121,82","122,03","122,03","121,66","4,28M","-0,27%"
29.09.2020,"122,15","122,13","122,22","122,09","2,58M","0,07%"
28.09.2020,"122,06","122,04","122,07","122,00","4,17M","-0,02%"
25.09.2020,"122,08","122,06","122,12","122,00","2,19M","0,08%"
24.09.2020,"121,98","121,97","122,02","121,91","2,87M","0,05%"
23.09.2020,"121,92","121,92","121,96","121,76","3,17M","0,00%"
22.09.2020,"121,92","121,92","122,03","121,88","3,39M","0,00%"
21.09.2020,"121,92","122,01","122,14","121,89","5,84M","0,18%"
18.09.2020,"121,70","121,85","121,88","121,70","5,61M","-0,09%"
17.09.2020,"121,81","122,05","122,05","121,77","3,43M","0,03%"
16.09.2020,"121,77","122,00","122,00","121,66","4,02M","-0,06%"
15.09.2020,"121,84","121,83","121,90","121,76","2,90M","-0,05%"
14.09.2020,"121,90","122,02","122,10","121,83","1,80M","-0,09%"
11.09.2020,"122,01","121,88","122,01","121,83","4,91M","0,16%"
10.09.2020,"121,82","121,51","121,84","121,43","3,16M","0,12%"
09.09.2020,"121,67","121,76","121,83","121,54","3,96M","-0,05%"
08.09.2020,"121,73","121,74","121,92","121,70","3,44M","0,21%"
04.09.2020,"121,47","121,83","121,92","121,38","7,51M","-0,56%"
03.09.2020,"122,15","122,08","122,39","122,02","5,75M","0,13%"
02.09.2020,"121,99","121,72","122,04","121,70","3,01M","0,14%"
01.09.2020,"121,82","121,40","121,82","121,30","4,62M","0,26%"
31.08.2020,"121,51","121,40","121,71","121,38","3,27M","0,11%"
28.08.2020,"121,38","121,41","121,53","121,26","2,28M","0,17%"
27.08.2020,"121,18","121,87","121,87","121,18","4,67M","-0,35%"
26.08.2020,"121,61","121,54","121,67","121,38","3,34M","-0,04%"
25.08.2020,"121,65","121,56","121,72","121,39","3,56M","-0,24%"
24.08.2020,"121,95","122,09","122,21","121,93","1,97M","-0,14%"
21.08.2020,"122,12","122,11","122,15","121,92","2,10M","0,07%"
20.08.2020,"122,03","122,05","122,08","121,94","2,88M","0,29%"
19.08.2020,"121,68","121,90","121,97","121,65","4,49M","-0,13%"
18.08.2020,"121,84","121,76","121,92","121,68","1,85M","0,17%"
17.08.2020,"121,63","121,69","121,83","121,60","3,36M","0,16%"
14.08.2020,"121,43","121,48","121,59","121,42","2,72M","0,05%"
13.08.2020,"121,37","121,60","121,71","121,25","5,75M","-0,21%"
12.08.2020,"121,62","121,65","121,76","121,46","5,54M","-0,30%"
11.08.2020,"121,98","121,96","122,04","121,69","7,17M","-0,34%"
10.08.2020,"122,40","122,70","122,72","122,40","1,99M","-0,11%"
07.08.2020,"122,53","122,83","122,90","122,49","2,36M","-0,21%"
06.08.2020,"122,79","122,89","123,06","122,73","2,29M","0,11%"
05.08.2020,"122,65","122,75","122,78","122,61","2,42M","-0,33%"
04.08.2020,"123,06","122,83","123,09","122,79","3,84M","0,34%"
03.08.2020,"122,64","122,52","122,65","122,46","6,60M","-0,13%"
31.07.2020,"122,80","122,64","122,89","122,58","4,04M","0,03%"
30.07.2020,"122,76","122,75","122,78","122,67","28,33M","0,13%"
29.07.2020,"122,60","122,45","122,60","122,31","1,87M","0,13%"
28.07.2020,"122,44","122,30","122,47","122,26","1,87M","0,24%"
27.07.2020,"122,15","122,44","122,46","122,12","1,98M","-0,16%"
24.07.2020,"122,34","122,30","122,43","122,27","3,40M","-0,05%"
23.07.2020,"122,40","122,43","122,45","122,29","2,01M","0,10%"
22.07.2020,"122,28","122,39","122,39","122,24","2,43M","0,03%"
21.07.2020,"122,24","122,16","122,28","122,12","3,23M","0,11%"
20.07.2020,"122,11","122,20","122,22","122,02","2,70M","0,07%"
17.07.2020,"122,03","122,12","122,15","121,97","2,41M","-0,02%"
16.07.2020,"122,06","122,16","122,25","122,06","1,91M","0,07%"
15.07.2020,"121,97","121,83","122,09","121,82","2,09M","-0,03%"
14.07.2020,"122,01","122,18","122,23","121,99","1,72M","-0,01%"
13.07.2020,"122,02","121,71","122,04","121,68","2,05M","0,11%"
10.07.2020,"121,89","122,25","122,29","121,85","1,94M","-0,21%"
09.07.2020,"122,15","121,77","122,24","121,76","2,77M","0,34%"
08.07.2020,"121,74","121,72","121,87","121,61","2,10M","-0,16%"
07.07.2020,"121,93","121,63","121,94","121,57","2,92M","0,32%"
06.07.2020,"121,54","121,41","121,56","121,29","2,82M","-0,15%"
02.07.2020,"121,72","121,44","121,74","121,35","3,05M","0,12%"
01.07.2020,"121,57","121,53","121,65","121,35","8,42M","-0,25%"
30.06.2020,"121,87","122,14","122,19","121,79","4,13M","-0,18%"
29.06.2020,"122,09","121,93","122,14","121,92","28,63M","0,10%"
26.06.2020,"121,97","121,80","122,07","121,78","3,41M","0,27%"
25.06.2020,"121,64","121,80","121,83","121,61","1,65M","0,02%"
24.06.2020,"121,62","121,29","121,66","121,29","2,31M","0,19%"
23.06.2020,"121,39","121,31","121,43","121,24","2,01M","-0,03%"
22.06.2020,"121,43","121,66","121,71","121,36","2,29M","-0,09%"
19.06.2020,"121,54","121,23","121,61","121,23","2,03M","0,03%"
18.06.2020,"121,50","121,51","121,56","121,42","1,69M","0,22%"
17.06.2020,"121,23","121,16","121,27","120,97","2,31M","0,16%"
16.06.2020,"121,04","120,84","121,27","120,73","5,25M","-0,21%"
15.06.2020,"121,29","121,66","121,74","121,29","2,66M","-0,08%"
12.06.2020,"121,39","121,44","121,66","121,33","3,05M","-0,22%"
11.06.2020,"121,66","121,68","121,85","121,59","6,37M","0,35%"
10.06.2020,"121,23","120,61","121,23","120,55","4,95M","0,75%"
09.06.2020,"120,33","120,37","120,53","120,25","3,24M","0,36%"
08.06.2020,"119,90","119,67","120,01","119,66","3,31M","0,11%"
05.06.2020,"119,77","119,60","119,81","119,35","10,61M","-0,50%"
04.06.2020,"120,37","120,66","120,67","120,31","4,74M","-0,40%"
03.06.2020,"120,85","121,17","121,19","120,75","4,23M","-0,59%"
02.06.2020,"121,57","121,63","121,74","121,49","4,67M","-0,16%"
01.06.2020,"121,77","121,62","121,77","121,49","8,51M","-0,14%"
29.05.2020,"121,94","121,75","121,99","121,63","2,99M","0,32%"
28.05.2020,"121,55","121,44","121,61","121,37","3,87M","-0,09%"
27.05.2020,"121,66","121,50","121,83","121,48","2,54M","0,08%"
26.05.2020,"121,56","121,49","121,63","121,40","3,49M","-0,26%"
22.05.2020,"121,88","121,71","121,88","121,69","1,35M","0,19%"
21.05.2020,"121,65","121,69","121,85","121,60","2,06M","0,07%"
20.05.2020,"121,57","121,37","121,71","121,28","2,37M","0,02%"
19.05.2020,"121,54","121,17","121,56","121,17","1,94M","0,28%"
18.05.2020,"121,20","121,66","121,67","121,06","3,09M","-0,62%"
15.05.2020,"121,95","122,20","122,22","121,86","1,83M","-0,07%"
14.05.2020,"122,03","122,05","122,21","121,98","2,26M","0,16%"
13.05.2020,"121,84","121,74","121,99","121,65","2,62M","0,21%"
12.05.2020,"121,59","121,13","121,63","121,11","4,27M","0,33%"
11.05.2020,"121,19","121,51","121,57","121,08","4,57M","-0,28%"
08.05.2020,"121,53","121,62","121,98","121,44","3,49M","-0,33%"
07.05.2020,"121,93","121,30","121,98","121,26","3,25M","0,61%"
06.05.2020,"121,19","120,99","121,28","120,85","3,28M","-0,37%"
05.05.2020,"121,64","121,45","121,68","121,37","3,49M","-0,07%"
04.05.2020,"121,73","121,68","121,82","121,55","3,58M","0,02%"
01.05.2020,"121,71","121,79","121,91","121,57","8,36M","0,03%"
30.04.2020,"121,67","122,04","122,26","121,67","5,37M","-0,24%"
29.04.2020,"121,96","122,03","122,21","121,71","2,60M","-0,05%"
28.04.2020,"122,02","121,75","122,08","121,74","2,85M","0,44%"
27.04.2020,"121,49","121,85","121,88","121,46","2,51M","-0,53%"
24.04.2020,"122,14","121,89","122,15","121,88","2,37M","0,02%"
23.04.2020,"122,11","121,97","122,14","121,86","2,35M","0,07%"
22.04.2020,"122,03","122,13","122,25","121,81","3,17M","-0,31%"
21.04.2020,"122,41","122,57","122,69","122,30","3,29M","0,28%"
20.04.2020,"122,07","121,98","122,08","121,79","4,23M","0,26%"
17.04.2020,"121,75","121,97","122,30","121,64","2,38M","-0,26%"
16.04.2020,"122,07","122,11","122,25","121,99","1,90M","0,11%"
15.04.2020,"121,94","121,52","122,03","121,48","3,14M","0,89%"
14.04.2020,"120,86","120,84","121,05","120,80","2,18M","0,13%"
13.04.2020,"120,70","120,85","121,01","120,67","2,10M","-0,21%"
09.04.2020,"120,96","120,64","121,11","120,53","4,54M","0,22%"
08.04.2020,"120,70","120,60","120,87","120,46","3,34M","-0,12%"
07.04.2020,"120,85","120,55","120,89","120,27","9,34M","-0,44%"
06.04.2020,"121,39","121,53","121,60","121,28","4,70M","-0,45%"
03.04.2020,"121,94","122,04","122,29","121,82","3,44M","0,07%"
02.04.2020,"121,85","122,17","122,22","121,67","4,79M","0,02%"
01.04.2020,"121,83","122,13","122,26","121,73","9,26M","0,29%"
31.03.2020,"121,48","121,45","121,81","121,31","6,36M","0,18%"
30.03.2020,"121,26","121,79","122,09","121,18","4,65M","0,23%"
27.03.2020,"120,98","120,81","121,39","120,68","5,28M","0,74%"
26.03.2020,"120,09","120,19","120,47","119,91","3,38M","0,24%"
25.03.2020,"119,80","119,76","120,26","119,41","5,53M","0,06%"
24.03.2020,"119,73","119,67","119,96","119,26","5,24M","-0,68%"
23.03.2020,"120,55","119,45","121,06","119,45","12,23M","1,18%"
20.03.2020,"119,14","117,64","119,88","117,41","9,64M","2,55%"
19.03.2020,"116,18","116,11","117,62","115,95","6,70M","0,33%"
18.03.2020,"115,80","116,60","117,80","115,34","13,26M","-1,39%"
17.03.2020,"117,43","119,91","120,29","117,42","5,68M","-2,51%"
16.03.2020,"120,45","120,03","120,68","119,00","6,97M","2,64%"
13.03.2020,"117,35","117,80","118,98","117,01","8,70M","-0,65%"
12.03.2020,"118,12","120,15","120,77","114,40","10,67M","0,05%"
11.03.2020,"118,06","120,27","120,59","117,60","13,32M","-1,00%"
10.03.2020,"119,25","120,88","121,76","119,25","15,07M","-1,84%"
09.03.2020,"121,48","123,25","123,41","121,45","24,79M","0,90%"
06.03.2020,"120,40","120,98","121,31","120,09","11,61M","1,02%"
05.03.2020,"119,19","119,00","119,32","118,92","5,28M","0,89%"
04.03.2020,"118,14","118,57","118,91","118,05","7,63M","-0,22%"
03.03.2020,"118,40","117,16","119,29","117,03","11,46M","1,16%"
02.03.2020,"117,04","117,55","117,94","116,97","19,40M","-0,19%"
28.02.2020,"117,26","116,89","117,45","116,76","13,44M","1,12%"
27.02.2020,"115,96","116,14","116,34","115,58","8,63M","0,49%"
26.02.2020,"115,40","115,21","115,79","115,08","19,65M","-0,05%"
25.02.2020,"115,46","115,11","115,71","115,08","10,01M","0,28%"
24.02.2020,"115,14","115,20","115,29","115,02","6,80M","0,78%"
21.02.2020,"114,25","114,09","114,53","114,08","5,38M","0,40%"
20.02.2020,"113,79","113,63","113,94","113,61","3,45M","0,29%"
19.02.2020,"113,46","113,36","113,51","113,30","1,68M","-0,02%"
18.02.2020,"113,48","113,45","113,65","113,35","8,41M","0,16%"
14.02.2020,"113,30","113,27","113,37","113,20","2,04M","0,25%"
13.02.2020,"113,02","112,98","113,14","112,94","1,87M","0,09%"
12.02.2020,"112,92","112,97","112,99","112,83","1,47M","-0,26%"
11.02.2020,"113,21","113,33","113,37","113,14","1,66M","-0,24%"
10.02.2020,"113,48","113,50","113,61","113,37","1,91M","0,19%"
07.02.2020,"113,26","113,18","113,36","113,09","6,18M","0,48%"
06.02.2020,"112,72","112,61","112,80","112,56","1,70M","0,07%"
05.02.2020,"112,64","112,71","112,87","112,62","9,03M","-0,43%"
04.02.2020,"113,13","113,24","113,25","112,96","2,57M","-0,58%"
03.02.2020,"113,79","113,61","113,84","113,32","5,72M","-0,22%"
31.01.2020,"114,04","113,72","114,12","113,69","9,76M","0,50%"
30.01.2020,"113,47","113,55","113,83","113,39","4,41M","0,10%"
29.01.2020,"113,36","112,97","113,41","112,97","2,43M","0,48%"
28.01.2020,"112,82","113,09","113,12","112,78","1,92M","-0,34%"
27.01.2020,"113,20","113,19","113,20","113,03","3,82M","0,68%"
24.01.2020,"112,44","112,18","112,61","112,16","7,93M","0,36%"
23.01.2020,"112,04","112,03","112,24","111,98","1,89M","0,25%"
22.01.2020,"111,76","111,74","111,82","111,68","1,79M","0,02%"
21.01.2020,"111,74","111,55","111,78","111,53","2,36M","0,40%"
17.01.2020,"111,30","111,13","111,30","111,09","2,63M","-0,08%"
16.01.2020,"111,39","111,45","111,51","111,30","2,20M","-0,21%"
15.01.2020,"111,62","111,55","111,62","111,42","2,73M","0,25%"
14.01.2020,"111,34","111,18","111,36","111,16","2,38M","0,20%"
13.01.2020,"111,12","111,11","111,14","110,98","2,67M","-0,12%"
10.01.2020,"111,25","111,09","111,31","111,09","2,60M","0,22%"
09.01.2020,"111,01","110,68","111,04","110,63","3,68M","0,07%"
08.01.2020,"110,93","111,29","111,42","110,79","5,08M","-0,23%"
07.01.2020,"111,19","111,33","111,43","111,19","2,04M","-0,14%"
06.01.2020,"111,35","111,66","111,67","111,26","2,71M","-0,11%"
03.01.2020,"111,47","111,15","111,49","111,04","3,84M","0,67%"
02.01.2020,"110,73","110,69","110,95","110,63","4,02M","0,46%"
31.12.2019,"110,22","110,44","110,49","110,21","2,80M","-0,36%"
30.12.2019,"110,62","110,31","110,62","110,23","2,04M","-0,06%"
27.12.2019,"110,69","110,62","110,73","110,62","1,77M","0,14%"
26.12.2019,"110,53","110,41","110,53","110,27","1,39M","0,14%"
24.12.2019,"110,37","110,04","110,41","110,03","857,56K","0,17%"
23.12.2019,"110,18","110,31","110,38","110,08","1,81M","-0,09%"
20.12.2019,"110,28","110,11","110,30","110,08","4,66M","0,00%"
19.12.2019,"110,28","110,12","110,42","110,08","1,96M","-0,06%"
18.12.2019,"110,35","110,58","110,61","110,23","2,25M","-0,27%"
17.12.2019,"110,65","110,77","110,82","110,58","3,47M","0,01%"
16.12.2019,"110,64","110,88","110,88","110,57","3,03M","-0,47%"
13.12.2019,"111,16","110,81","111,23","110,48","4,16M","0,59%"
12.12.2019,"110,51","111,28","111,30","110,31","5,49M","-0,79%"
11.12.2019,"111,39","111,10","111,47","111,08","2,46M","0,41%"
10.12.2019,"110,93","111,15","111,19","110,91","1,71M","-0,12%"
09.12.2019,"111,06","111,21","111,22","111,04","2,30M","0,08%"
06.12.2019,"110,97","110,88","111,19","110,83","2,72M","-0,31%"
05.12.2019,"111,31","111,15","111,42","111,14","3,06M","-0,23%"
04.12.2019,"111,57","111,77","111,86","111,39","2,07M","-0,38%"
03.12.2019,"112,00","111,58","112,17","111,57","6,56M","0,89%"
02.12.2019,"111,01","110,87","111,12","110,81","6,83M","-0,50%"
29.11.2019,"111,57","111,62","111,63","111,44","2,88M","-0,08%"
27.11.2019,"111,66","111,72","111,77","111,61","2,35M","-0,26%"
26.11.2019,"111,95","111,91","111,99","111,85","3,58M","0,19%"
25.11.2019,"111,74","111,70","111,78","111,67","3,57M","0,04%"
22.11.2019,"111,69","111,77","111,81","111,60","1,88M","-0,02%"
21.11.2019,"111,71","111,72","111,83","111,57","3,05M","-0,25%"
20.11.2019,"111,99","111,80","112,02","111,72","3,84M","0,37%"
19.11.2019,"111,58","111,39","111,62","111,39","8,31M","0,19%"
18.11.2019,"111,37","111,36","111,49","111,33","2,22M","0,17%"
15.11.2019,"111,18","111,09","111,29","111,08","2,10M","-0,08%"
14.11.2019,"111,27","111,19","111,40","111,14","3,19M","0,51%"
13.11.2019,"110,71","110,82","110,86","110,63","2,48M","0,27%"
12.11.2019,"110,41","110,35","110,50","110,18","4,45M","0,05%"
11.11.2019,"110,36","110,49","110,52","110,24","1,57M","0,11%"
08.11.2019,"110,24","110,29","110,64","110,23","3,04M","-0,14%"
07.11.2019,"110,39","110,71","110,71","109,97","5,89M","-0,80%"
06.11.2019,"111,28","111,19","111,39","110,98","4,13M","0,29%"
05.11.2019,"110,96","111,13","111,17","110,84","7,07M","-0,54%"
04.11.2019,"111,56","111,63","111,69","111,50","4,15M","-0,51%"
01.11.2019,"112,13","112,18","112,42","111,88","8,16M","-0,34%"
31.10.2019,"112,51","112,11","112,58","112,07","5,59M","0,64%"
30.10.2019,"111,80","111,35","111,81","111,31","5,45M","0,49%"
29.10.2019,"111,26","111,30","111,35","111,15","2,20M","0,09%"
28.10.2019,"111,16","111,19","111,22","111,05","5,84M","-0,38%"
25.10.2019,"111,58","111,90","111,92","111,42","2,39M","-0,21%"
24.10.2019,"111,82","111,89","112,07","111,78","2,65M","-0,02%"
23.10.2019,"111,84","112,02","112,07","111,78","3,31M","0,04%"
22.10.2019,"111,80","111,81","111,84","111,50","3,33M","0,23%"
21.10.2019,"111,54","111,66","111,78","111,50","1,74M","-0,37%"
18.10.2019,"111,95","111,92","112,12","111,87","2,41M","0,09%"
17.10.2019,"111,85","111,80","112,08","111,72","3,19M","-0,04%"
16.10.2019,"111,89","111,84","112,02","111,75","2,76M","0,20%"
15.10.2019,"111,67","112,16","112,24","111,64","6,64M","-0,48%"
14.10.2019,"112,21","112,25","112,29","112,16","1,93M","0,28%"
11.10.2019,"111,90","112,13","112,18","111,72","8,69M","-0,68%"
10.10.2019,"112,67","113,06","113,08","112,56","3,92M","-0,63%"
09.10.2019,"113,38","113,55","113,55","113,20","3,34M","-0,26%"
08.10.2019,"113,67","113,82","113,86","113,48","4,31M","0,21%"
07.10.2019,"113,43","113,56","113,68","113,39","3,19M","-0,33%"
04.10.2019,"113,81","113,58","113,89","113,51","4,71M","0,19%"
03.10.2019,"113,59","113,16","113,88","113,14","6,13M","0,52%"
02.10.2019,"113,00","112,73","113,18","112,71","3,91M","0,35%"
01.10.2019,"112,61","111,85","112,86","111,81","8,56M","0,12%"
30.09.2019,"112,47","112,21","112,51","112,17","2,81M","0,08%"
27.09.2019,"112,38","112,23","112,49","112,19","4,55M","0,14%"
26.09.2019,"112,22","112,25","112,43","112,16","4,23M","0,21%"
25.09.2019,"111,98","112,59","112,69","111,90","8,43M","-0,66%"
24.09.2019,"112,72","112,22","112,81","112,21","10,53M","0,50%"
23.09.2019,"112,16","112,14","112,48","112,06","13,16M","0,14%"
20.09.2019,"112,00","111,54","112,02","111,48","9,92M","0,57%"
19.09.2019,"111,36","111,58","111,59","111,32","7,15M","0,04%"
18.09.2019,"111,31","111,57","111,80","111,20","5,21M","0,04%"
17.09.2019,"111,27","111,04","111,38","110,94","8,26M","0,26%"
16.09.2019,"110,98","110,90","111,10","110,75","5,39M","0,43%"
13.09.2019,"110,50","111,10","111,21","110,50","24,19M","-0,91%"
12.09.2019,"111,52","112,10","112,16","111,35","8,61M","-0,22%"
11.09.2019,"111,77","111,78","111,97","111,75","4,74M","-0,10%"
10.09.2019,"111,88","112,53","112,62","111,88","4,80M","-0,73%"
09.09.2019,"112,70","112,86","112,94","112,69","4,82M","-0,62%"
06.09.2019,"113,40","113,34","113,53","113,27","3,11M","0,06%"
05.09.2019,"113,33","113,58","113,62","113,08","4,60M","-0,81%"
04.09.2019,"114,25","113,95","114,30","113,94","3,45M","0,16%"
03.09.2019,"114,07","113,88","114,44","113,70","11,75M","0,05%"
30.08.2019,"114,01","113,78","114,05","113,74","3,65M","0,03%"
29.08.2019,"113,98","114,10","114,10","113,69","4,23M","-0,19%"
28.08.2019,"114,20","114,35","114,39","114,12","2,51M","0,04%"
27.08.2019,"114,16","113,81","114,19","113,81","3,27M","0,43%"
26.08.2019,"113,67","113,73","113,93","113,58","7,58M","-0,10%"
23.08.2019,"113,78","113,13","113,94","113,00","8,22M","0,67%"
22.08.2019,"113,02","113,05","113,37","113,00","5,86M","-0,22%"
21.08.2019,"113,27","113,27","113,57","113,21","4,92M","-0,26%"
20.08.2019,"113,57","113,52","113,66","113,45","3,16M","0,44%"
19.08.2019,"113,07","113,04","113,26","113,01","3,69M","-0,48%"
16.08.2019,"113,61","113,51","113,67","113,17","4,98M","-0,26%"
15.08.2019,"113,91","113,34","114,17","113,28","5,24M","0,64%"
14.08.2019,"113,19","113,09","113,29","113,00","8,12M","0,67%"
13.08.2019,"112,44","112,86","112,89","112,14","6,01M","-0,35%"
12.08.2019,"112,84","112,54","112,98","112,51","4,74M","0,63%"
09.08.2019,"112,13","112,38","112,60","112,06","2,87M","-0,15%"
08.08.2019,"112,30","111,99","112,41","111,66","5,18M","0,01%"
07.08.2019,"112,29","113,07","113,27","112,17","9,67M","0,00%"
06.08.2019,"112,29","111,88","112,30","111,78","6,46M","0,16%"
05.08.2019,"112,11","111,82","112,20","111,76","7,63M","0,86%"
02.08.2019,"111,15","110,94","111,20","110,84","8,50M","0,21%"
01.08.2019,"110,92","109,84","110,92","109,79","16,94M","0,96%"
31.07.2019,"109,87","109,56","109,99","109,39","6,67M","0,26%"
30.07.2019,"109,59","109,63","109,67","109,44","2,51M","0,05%"
29.07.2019,"109,54","109,62","109,66","109,52","2,51M","0,09%"
26.07.2019,"109,44","109,50","109,51","109,32","3,00M","-0,02%"
25.07.2019,"109,46","109,52","109,53","109,23","3,17M","-0,17%"
24.07.2019,"109,65","109,64","109,75","109,56","2,27M","0,15%"
23.07.2019,"109,49","109,55","109,66","109,42","2,33M","-0,16%"
22.07.2019,"109,67","109,79","109,80","109,63","1,63M","0,05%"
19.07.2019,"109,62","109,59","109,73","109,51","1,73M","-0,18%"
18.07.2019,"109,82","109,43","109,89","109,40","2,39M","0,25%"
17.07.2019,"109,55","109,23","109,56","109,22","2,62M","0,47%"
16.07.2019,"109,04","108,93","109,08","108,83","2,77M","-0,22%"
15.07.2019,"109,28","109,14","109,28","109,07","1,75M","0,21%"
12.07.2019,"109,05","108,92","109,17","108,89","4,14M","0,11%"
11.07.2019,"108,93","109,33","109,40","108,88","4,77M","-0,49%"
10.07.2019,"109,47","109,51","109,62","109,34","4,34M","0,05%"
09.07.2019,"109,41","109,49","109,50","109,34","2,06M","-0,06%"
08.07.2019,"109,48","109,75","109,81","109,48","3,25M","-0,10%"
05.07.2019,"109,59","109,65","109,65","109,34","3,66M","-0,63%"
03.07.2019,"110,29","110,21","110,40","110,20","2,61M","0,19%"
02.07.2019,"110,08","109,81","110,14","109,79","3,12M","0,36%"
01.07.2019,"109,69","109,82","109,87","109,50","8,19M","-0,30%"
28.06.2019,"110,02","109,87","110,11","109,81","4,34M","0,05%"
27.06.2019,"109,97","109,77","110,03","109,68","2,54M","0,30%"
26.06.2019,"109,64","109,95","109,95","109,60","6,67M","-0,41%"
25.06.2019,"110,09","110,03","110,22","109,94","5,25M","0,15%"
24.06.2019,"109,92","109,74","109,94","109,71","3,05M","0,35%"
21.06.2019,"109,54","109,73","109,77","109,45","4,31M","-0,41%"
20.06.2019,"109,99","110,04","110,28","109,97","4,58M","0,16%"
19.06.2019,"109,81","109,28","109,90","109,20","4,54M","0,27%"
18.06.2019,"109,51","109,75","109,80","109,41","4,56M","0,19%"
17.06.2019,"109,30","109,30","109,38","109,17","3,04M","-0,02%"
14.06.2019,"109,32","109,16","109,38","109,15","3,88M","0,07%"
13.06.2019,"109,24","109,07","109,33","109,05","1,68M","0,25%"
12.06.2019,"108,97","108,77","108,99","108,76","2,06M","0,26%"
11.06.2019,"108,69","108,62","108,77","108,58","2,74M","0,00%"
10.06.2019,"108,69","108,86","108,88","108,67","6,07M","-0,49%"
07.06.2019,"109,23","109,40","109,42","109,14","2,81M","0,40%"
06.06.2019,"108,80","108,91","109,10","108,72","2,39M","-0,02%"
05.06.2019,"108,82","108,96","109,12","108,76","7,71M","0,00%"
04.06.2019,"108,82","108,76","108,99","108,59","5,50M","-0,37%"
03.06.2019,"109,22","108,88","109,33","108,77","23,83M","0,28%"
31.05.2019,"108,91","108,56","108,95","108,49","6,02M","0,67%"
30.05.2019,"108,19","107,86","108,24","107,72","3,46M","0,36%"
29.05.2019,"107,80","108,09","108,23","107,78","5,25M","-0,04%"
28.05.2019,"107,84","107,62","107,84","107,53","7,04M","0,44%"
24.05.2019,"107,37","107,33","107,37","107,23","2,42M","-0,03%"
23.05.2019,"107,40","107,01","107,56","107,01","6,18M","0,61%"
22.05.2019,"106,75","106,60","106,80","106,57","3,56M","0,30%"
21.05.2019,"106,43","106,48","106,52","106,34","2,68M","-0,11%"
20.05.2019,"106,55","106,75","106,84","106,53","2,44M","-0,17%"
17.05.2019,"106,73","106,91","106,91","106,61","2,13M","0,05%"
16.05.2019,"106,68","106,65","106,72","106,55","3,90M","-0,20%"
15.05.2019,"106,89","106,94","106,97","106,74","5,51M","0,32%"
14.05.2019,"106,55","106,57","106,61","106,44","2,57M","-0,09%"
13.05.2019,"106,65","106,57","106,73","106,52","5,65M","0,50%"
10.05.2019,"106,12","106,24","106,42","106,05","2,86M","-0,07%"
09.05.2019,"106,19","106,30","106,42","106,05","4,22M","0,26%"
08.05.2019,"105,91","106,21","106,25","105,86","4,23M","-0,19%"
07.05.2019,"106,11","106,01","106,19","105,96","3,97M","0,34%"
06.05.2019,"105,75","105,88","105,92","105,73","3,37M","0,26%"
03.05.2019,"105,48","105,46","105,62","105,43","2,63M","0,13%"
02.05.2019,"105,34","105,53","105,57","105,27","3,13M","-0,28%"
01.05.2019,"105,64","105,70","106,11","105,55","6,87M","-0,25%"
30.04.2019,"105,90","105,63","105,93","105,61","3,62M","0,20%"
29.04.2019,"105,69","105,72","105,77","105,61","2,72M","-0,21%"
26.04.2019,"105,91","105,97","105,99","105,85","2,16M","0,27%"
25.04.2019,"105,63","105,73","105,79","105,59","1,46M","-0,12%"
24.04.2019,"105,76","105,66","105,77","105,64","3,27M","0,38%"
23.04.2019,"105,36","105,32","105,39","105,28","2,46M","0,18%"
22.04.2019,"105,17","105,26","105,27","105,12","3,63M","-0,14%"
18.04.2019,"105,32","105,33","105,45","105,29","4,89M","0,24%"
17.04.2019,"105,07","105,00","105,17","105,00","2,35M","0,02%"
16.04.2019,"105,05","105,19","105,25","105,03","5,00M","-0,34%"
15.04.2019,"105,41","105,29","105,42","105,29","2,41M","0,13%"
12.04.2019,"105,27","105,39","105,45","105,27","6,03M","-0,46%"
11.04.2019,"105,76","105,83","105,86","105,72","1,55M","-0,23%"
10.04.2019,"106,00","105,92","106,07","105,91","2,06M","0,24%"
09.04.2019,"105,75","105,82","105,88","105,72","3,21M","0,18%"
08.04.2019,"105,56","105,71","105,75","105,56","3,59M","-0,16%"
05.04.2019,"105,73","105,60","105,80","105,58","1,75M","0,05%"
04.04.2019,"105,68","105,61","105,72","105,55","2,29M","0,10%"
03.04.2019,"105,57","105,57","105,69","105,52","5,21M","-0,31%"
02.04.2019,"105,90","105,82","105,92","105,76","7,32M","0,17%"
01.04.2019,"105,72","106,10","106,12","105,68","9,43M","-0,89%"
29.03.2019,"106,67","106,47","106,68","106,44","2,75M","-0,16%"
28.03.2019,"106,84","106,80","106,91","106,66","3,77M","0,01%"
27.03.2019,"106,83","106,81","107,08","106,75","3,56M","0,29%"
26.03.2019,"106,52","106,39","106,69","106,34","7,48M","-0,08%"
25.03.2019,"106,61","106,34","106,86","106,25","7,83M","0,25%"
22.03.2019,"106,34","106,09","106,51","106,04","4,72M","0,74%"
21.03.2019,"105,56","105,73","105,75","105,48","4,63M","-0,05%"
20.03.2019,"105,61","105,03","105,64","105,01","8,06M","0,70%"
19.03.2019,"104,88","104,78","104,99","104,75","2,14M","-0,07%"
18.03.2019,"104,95","104,99","105,08","104,94","4,17M","-0,13%"
15.03.2019,"105,09","105,08","105,17","104,97","7,84M","0,32%"
14.03.2019,"104,76","104,86","104,91","104,65","2,51M","-0,14%"
13.03.2019,"104,91","104,84","104,94","104,80","1,71M","-0,04%"
12.03.2019,"104,95","104,74","105,00","104,70","4,94M","0,28%"
11.03.2019,"104,66","104,73","104,73","104,56","4,65M","-0,08%"
08.03.2019,"104,74","104,69","104,83","104,58","5,21M","0,14%"
07.03.2019,"104,59","104,44","104,67","104,43","4,82M","0,34%"
06.03.2019,"104,24","103,99","104,28","103,99","2,40M","0,28%"
05.03.2019,"103,95","103,77","103,96","103,69","2,11M","0,06%"
04.03.2019,"103,89","103,73","103,95","103,66","3,51M","0,31%"
01.03.2019,"103,57","103,74","103,85","103,57","9,00M","-0,52%"
28.02.2019,"104,11","104,34","104,35","104,06","4,95M","-0,26%"
27.02.2019,"104,38","104,57","104,58","104,30","2,53M","-0,35%"
26.02.2019,"104,75","104,75","104,79","104,60","2,65M","0,30%"
25.02.2019,"104,44","104,43","104,50","104,36","2,85M","-0,15%"
22.02.2019,"104,60","104,50","104,72","104,46","3,35M","0,30%"
21.02.2019,"104,29","104,30","104,34","104,22","4,14M","-0,30%"
20.02.2019,"104,60","104,62","104,70","104,52","4,75M","-0,02%"
19.02.2019,"104,62","104,63","104,69","104,55","8,56M","0,17%"
15.02.2019,"104,44","104,35","104,47","104,34","6,88M","-0,10%"
14.02.2019,"104,54","104,61","104,61","104,41","10,57M","0,47%"
13.02.2019,"104,05","104,07","104,17","104,00","3,77M","-0,25%"
12.02.2019,"104,31","104,38","104,39","104,22","3,31M","-0,13%"
11.02.2019,"104,45","104,45","104,54","104,37","2,64M","-0,15%"
08.02.2019,"104,61","104,63","104,73","104,59","2,60M","0,13%"
07.02.2019,"104,47","104,42","104,55","104,35","6,94M","0,33%"
06.02.2019,"104,13","104,28","104,28","104,07","3,49M","0,08%"
05.02.2019,"104,05","104,00","104,18","103,99","3,33M","0,17%"
04.02.2019,"103,87","103,97","103,97","103,81","7,28M","-0,22%"
01.02.2019,"104,10","104,47","104,49","104,09","9,19M","-0,74%"
31.01.2019,"104,88","104,64","104,93","104,61","10,21M","0,46%"
30.01.2019,"104,40","104,05","104,43","103,96","5,79M","0,23%"
29.01.2019,"104,16","103,94","104,16","103,93","2,84M","0,29%"
28.01.2019,"103,86","103,79","103,98","103,79","3,12M","0,03%"
25.01.2019,"103,83","103,89","103,94","103,73","2,76M","-0,23%"
24.01.2019,"104,07","104,06","104,18","103,97","6,03M","0,32%"
23.01.2019,"103,74","103,61","103,85","103,58","3,51M","-0,05%"
22.01.2019,"103,79","103,72","103,91","103,67","5,81M","0,35%"
18.01.2019,"103,43","103,61","103,72","103,35","6,62M","-0,32%"
17.01.2019,"103,76","103,90","103,95","103,67","5,33M","-0,18%"
16.01.2019,"103,95","103,89","104,00","103,81","4,82M","-0,06%"
15.01.2019,"104,01","104,29","104,29","103,97","4,15M","-0,10%"
14.01.2019,"104,11","104,21","104,28","104,05","3,09M","-0,06%"
11.01.2019,"104,17","104,14","104,26","104,07","3,83M","0,30%"
10.01.2019,"103,86","104,07","104,14","103,79","14,41M","-0,05%"
09.01.2019,"103,91","103,84","103,99","103,77","3,25M","0,06%"
08.01.2019,"103,85","104,00","104,09","103,85","6,88M","-0,25%"
07.01.2019,"104,11","104,52","104,56","104,07","5,46M","-0,28%"
04.01.2019,"104,40","104,55","104,59","104,27","6,62M","-0,81%"
03.01.2019,"105,25","104,46","105,31","104,44","10,62M","0,79%"
02.01.2019,"104,42","104,31","104,43","104,18","18,67M","0,21%"
31.12.2018,"104,20","103,69","104,66","103,63","7,23M","0,38%"
28.12.2018,"103,81","103,42","103,82","103,39","4,54M","0,54%"
27.12.2018,"103,25","103,43","103,63","103,23","4,60M","0,25%"
26.12.2018,"102,99","103,47","103,62","102,95","5,48M","-0,47%"
24.12.2018,"103,48","103,38","103,49","103,26","6,37M","0,25%"
21.12.2018,"103,22","103,20","103,23","103,06","4,92M","0,09%"
20.12.2018,"103,13","103,45","103,47","103,09","9,25M","-0,13%"
19.12.2018,"103,26","103,01","103,48","102,78","7,71M","0,35%"
18.12.2018,"102,90","102,75","102,95","102,68","4,46M","0,04%"
17.12.2018,"102,86","102,66","102,93","102,65","7,63M","0,29%"
14.12.2018,"102,56","102,57","102,72","102,52","3,53M","0,16%"
13.12.2018,"102,40","102,46","102,50","102,33","4,12M","0,06%"
12.12.2018,"102,34","102,45","102,50","102,31","3,73M","-0,27%"
11.12.2018,"102,62","102,64","102,85","102,50","5,29M","-0,25%"
10.12.2018,"102,88","102,84","103,04","102,71","9,05M","0,06%"
07.12.2018,"102,82","102,49","102,86","102,36","7,32M","0,29%"
06.12.2018,"102,52","102,65","102,97","102,50","9,43M","0,25%"
04.12.2018,"102,26","101,97","102,45","101,94","7,75M","0,46%"
03.12.2018,"101,79","101,44","101,79","101,41","6,00M","0,01%"
30.11.2018,"101,78","101,73","101,82","101,66","3,07M","0,20%"
29.11.2018,"101,58","101,59","101,73","101,46","4,31M","0,26%"
28.11.2018,"101,32","101,25","101,45","101,17","3,58M","-0,01%"
27.11.2018,"101,33","101,20","101,40","101,19","2,33M","0,10%"
26.11.2018,"101,23","101,19","101,23","101,12","2,35M","-0,08%"
23.11.2018,"101,31","101,46","101,47","101,31","531,24K","0,06%"
21.11.2018,"101,25","101,18","101,25","101,07","1,90M","-0,02%"
20.11.2018,"101,27","101,32","101,42","101,23","3,66M","-0,02%"
19.11.2018,"101,29","101,06","101,32","101,06","3,45M","0,15%"
16.11.2018,"101,14","101,06","101,18","100,98","7,23M","0,31%"
15.11.2018,"100,83","101,01","101,06","100,71","2,62M","0,07%"
14.11.2018,"100,76","100,43","100,96","100,39","4,63M","0,21%"
13.11.2018,"100,55","100,42","100,58","100,34","3,27M","0,08%"
12.11.2018,"100,47","100,38","100,51","100,33","3,70M","0,30%"
09.11.2018,"100,17","99,93","100,22","99,92","2,77M","0,39%"
08.11.2018,"99,78","100,00","100,02","99,75","2,19M","-0,14%"
07.11.2018,"99,92","100,09","100,17","99,91","3,30M","0,00%"
06.11.2018,"99,92","100,10","100,10","99,91","2,46M","-0,11%"
05.11.2018,"100,03","100,16","100,20","100,03","2,45M","0,06%"
02.11.2018,"99,97","100,29","100,32","99,93","5,25M","-0,56%"
01.11.2018,"100,53","100,36","100,57","100,33","4,83M","-0,13%"
31.10.2018,"100,66","100,61","100,74","100,55","3,96M","-0,25%"
30.10.2018,"100,91","100,94","101,06","100,86","5,75M","-0,22%"
29.10.2018,"101,13","101,01","101,24","100,85","3,77M","-0,01%"
26.10.2018,"101,14","101,07","101,30","101,04","4,22M","0,45%"
25.10.2018,"100,69","100,75","100,82","100,60","3,56M","-0,24%"
24.10.2018,"100,93","100,67","100,96","100,60","4,88M","0,54%"
23.10.2018,"100,39","100,65","100,79","100,34","4,42M","0,26%"
22.10.2018,"100,13","100,22","100,26","100,12","1,69M","0,02%"
19.10.2018,"100,11","100,22","100,24","100,03","5,53M","-0,12%"
18.10.2018,"100,23","100,00","100,40","99,94","2,59M","0,18%"
17.10.2018,"100,05","100,32","100,42","100,05","3,34M","-0,29%"
16.10.2018,"100,34","100,27","100,35","100,20","2,70M","-0,01%"
15.10.2018,"100,35","100,39","100,44","100,26","1,86M","0,06%"
12.10.2018,"100,29","100,29","100,53","100,24","2,65M","-0,12%"
11.10.2018,"100,41","100,22","100,55","100,09","5,82M","0,41%"
10.10.2018,"100,00","99,71","100,03","99,67","3,00M","0,05%"
09.10.2018,"99,95","99,79","99,95","99,76","3,07M","0,19%"
08.10.2018,"99,76","99,82","99,86","99,74","1,95M","0,04%"
05.10.2018,"99,72","99,82","99,91","99,60","5,68M","-0,24%"
04.10.2018,"99,96","99,98","100,13","99,88","6,43M","-0,26%"
03.10.2018,"100,22","100,78","100,79","100,09","6,61M","-0,74%"
02.10.2018,"100,97","100,86","101,04","100,86","2,91M","0,26%"
01.10.2018,"100,71","100,83","100,89","100,71","6,41M","-0,45%"
28.09.2018,"101,17","101,29","101,30","101,13","3,93M","0,05%"
27.09.2018,"101,12","101,05","101,15","100,98","6,34M","0,00%"
26.09.2018,"101,12","100,89","101,14","100,84","2,50M","0,33%"
25.09.2018,"100,79","100,77","100,81","100,68","2,88M","-0,10%"
24.09.2018,"100,89","100,85","101,01","100,84","2,39M","-0,11%"
21.09.2018,"101,00","100,90","101,06","100,90","1,02M","0,04%"
20.09.2018,"100,96","100,83","101,06","100,80","2,97M","0,02%"
19.09.2018,"100,94","101,06","101,07","100,80","5,52M","-0,18%"
18.09.2018,"101,12","101,41","101,42","101,09","4,97M","-0,41%"
17.09.2018,"101,54","101,41","101,58","101,38","3,81M","0,02%"
14.09.2018,"101,52","101,51","101,62","101,46","3,75M","-0,19%"
13.09.2018,"101,71","101,86","101,86","101,69","1,28M","-0,01%"
12.09.2018,"101,72","101,76","101,81","101,72","1,40M","0,12%"
11.09.2018,"101,60","101,77","101,80","101,60","3,36M","-0,36%"
10.09.2018,"101,97","101,89","102,01","101,89","3,11M","0,06%"
07.09.2018,"101,91","102,01","102,03","101,87","4,40M","-0,45%"
06.09.2018,"102,37","102,22","102,45","102,20","1,66M","0,21%"
05.09.2018,"102,16","102,15","102,23","102,05","1,33M","-0,01%"
04.09.2018,"102,17","102,26","102,32","102,11","3,42M","-0,43%"
31.08.2018,"102,61","102,82","102,83","102,60","2,13M","0,02%"
30.08.2018,"102,59","102,54","102,68","102,50","2,78M","0,19%"
29.08.2018,"102,40","102,46","102,47","102,30","1,42M","-0,03%"
28.08.2018,"102,43","102,48","102,52","102,39","1,51M","-0,22%"
27.08.2018,"102,66","102,75","102,78","102,64","1,85M","-0,22%"
24.08.2018,"102,89","102,68","102,91","102,64","1,30M","0,03%"
23.08.2018,"102,86","102,91","102,94","102,83","871,04K","-0,01%"
22.08.2018,"102,87","102,96","102,96","102,77","2,40M","0,19%"
21.08.2018,"102,68","102,73","102,73","102,61","2,52M","-0,14%"
20.08.2018,"102,82","102,70","102,86","102,68","2,90M","0,31%"
17.08.2018,"102,50","102,55","102,64","102,40","3,04M","0,04%"
16.08.2018,"102,46","102,51","102,52","102,28","2,59M","-0,03%"
15.08.2018,"102,49","102,46","102,68","102,43","4,81M","0,24%"
14.08.2018,"102,24","102,32","102,33","102,19","2,49M","-0,10%"
13.08.2018,"102,34","102,31","102,46","102,23","1,76M","-0,03%"
10.08.2018,"102,37","102,20","102,50","102,17","4,33M","0,43%"
09.08.2018,"101,93","101,81","101,93","101,79","4,32M","0,28%"
08.08.2018,"101,65","101,59","101,71","101,58","2,78M","0,09%"
07.08.2018,"101,56","101,71","101,71","101,54","2,18M","-0,21%"
06.08.2018,"101,77","101,79","101,95","101,76","3,87M","0,05%"
03.08.2018,"101,72","101,54","101,75","101,53","2,17M","0,26%"
02.08.2018,"101,46","101,41","101,48","101,32","3,37M","0,12%"
01.08.2018,"101,34","101,26","101,41","101,19","5,37M","-0,43%"
31.07.2018,"101,78","101,80","101,83","101,71","3,05M","0,14%"
30.07.2018,"101,64","101,57","101,76","101,56","3,83M","-0,13%"
27.07.2018,"101,77","101,84","101,84","101,68","1,44M","0,16%"
26.07.2018,"101,61","101,82","101,87","101,59","2,60M","-0,11%"
25.07.2018,"101,72","101,91","101,98","101,66","2,41M","-0,07%"
24.07.2018,"101,79","101,70","101,84","101,63","3,29M","0,07%"
23.07.2018,"101,72","102,10","102,11","101,70","5,29M","-0,49%"
20.07.2018,"102,22","102,46","102,46","102,18","3,36M","-0,35%"
19.07.2018,"102,58","102,37","102,67","102,35","4,20M","0,27%"
18.07.2018,"102,30","102,43","102,45","102,27","1,36M","-0,08%"
17.07.2018,"102,38","102,50","102,50","102,35","1,03M","-0,06%"
16.07.2018,"102,44","102,39","102,48","102,25","1,78M","-0,17%"
13.07.2018,"102,61","102,55","102,64","102,48","2,89M","0,17%"
12.07.2018,"102,44","102,35","102,48","102,33","1,39M","-0,04%"
11.07.2018,"102,48","102,46","102,51","102,32","2,20M","0,21%"
10.07.2018,"102,27","102,25","102,36","102,21","4,46M","-0,08%"
09.07.2018,"102,35","102,37","102,44","102,33","2,26M","-0,25%"
06.07.2018,"102,61","102,64","102,71","102,52","3,21M","0,09%"
05.07.2018,"102,52","102,48","102,64","102,46","1,68M","0,01%"
03.07.2018,"102,51","102,29","102,51","102,28","1,46M","0,25%"
02.07.2018,"102,25","102,42","102,45","102,22","3,91M","-0,25%"
29.06.2018,"102,51","102,58","102,68","102,50","2,72M","-0,08%"
28.06.2018,"102,59","102,68","102,71","102,51","3,71M","-0,10%"
27.06.2018,"102,69","102,56","102,73","102,48","3,04M","0,38%"
26.06.2018,"102,30","102,27","102,36","102,20","3,87M","0,05%"
25.06.2018,"102,25","102,22","102,40","102,21","8,11M","0,14%"
22.06.2018,"102,11","101,96","102,16","101,95","2,31M","0,02%"
21.06.2018,"102,09","101,98","102,17","101,98","2,68M","0,27%"
20.06.2018,"101,82","102,11","102,13","101,81","3,06M","-0,31%"
19.06.2018,"102,14","102,18","102,28","102,08","4,17M","0,26%"
18.06.2018,"101,88","101,96","101,98","101,80","4,60M","0,05%"
15.06.2018,"101,83","101,97","102,10","101,80","5,83M","0,08%"
14.06.2018,"101,75","101,62","101,76","101,54","3,63M","0,32%"
13.06.2018,"101,43","101,58","101,65","101,16","3,29M","-0,12%"
12.06.2018,"101,55","101,47","101,60","101,45","1,66M","-0,06%"
11.06.2018,"101,61","101,53","101,64","101,51","1,88M","-0,10%"
08.06.2018,"101,71","101,74","101,86","101,67","7,34M","-0,14%"
07.06.2018,"101,85","101,42","102,13","101,39","4,40M","0,42%"
06.06.2018,"101,42","101,56","101,58","101,36","3,91M","-0,40%"
05.06.2018,"101,83","101,84","101,97","101,72","4,31M","0,26%"
04.06.2018,"101,57","101,82","101,83","101,57","3,13M","-0,35%"
01.06.2018,"101,93","101,85","102,09","101,77","7,89M","-0,57%"
31.05.2018,"102,51","102,57","102,74","102,34","5,32M","-0,05%"
30.05.2018,"102,56","102,57","102,72","102,38","4,51M","-0,43%"
29.05.2018,"103,00","102,34","103,20","102,24","11,26M","1,08%"
25.05.2018,"101,90","101,81","101,91","101,76","2,84M","0,39%"
24.05.2018,"101,50","101,47","101,64","101,42","2,99M","0,26%"
23.05.2018,"101,24","101,09","101,30","101,07","5,10M","0,46%"
22.05.2018,"100,78","100,82","100,83","100,69","1,98M","-0,04%"
21.05.2018,"100,82","100,70","100,83","100,64","2,85M","0,07%"
18.05.2018,"100,75","100,55","100,81","100,55","2,64M","0,39%"
17.05.2018,"100,36","100,46","100,52","100,33","1,70M","-0,06%"
16.05.2018,"100,42","100,67","100,69","100,42","4,78M","-0,21%"
15.05.2018,"100,63","100,80","100,80","100,49","6,81M","-0,55%"
14.05.2018,"101,19","101,25","101,28","101,18","4,76M","-0,22%"
11.05.2018,"101,41","101,47","101,47","101,30","2,82M","0,01%"
10.05.2018,"101,40","101,43","101,48","101,30","4,18M","0,21%"
09.05.2018,"101,19","101,19","101,30","101,16","2,84M","-0,23%"
08.05.2018,"101,42","101,43","101,52","101,32","1,65M","-0,17%"
07.05.2018,"101,59","101,63","101,66","101,53","1,85M","-0,05%"
04.05.2018,"101,64","101,75","101,79","101,49","2,37M","0,01%"
03.05.2018,"101,63","101,58","101,77","101,56","6,03M","0,26%"
02.05.2018,"101,37","101,39","101,51","101,30","3,85M","0,02%"
01.05.2018,"101,35","101,50","101,50","101,31","1,89M","-0,34%"
30.04.2018,"101,70","101,64","101,81","101,61","3,50M","0,11%"
27.04.2018,"101,59","101,51","101,65","101,50","2,41M","0,17%"
26.04.2018,"101,42","101,37","101,46","101,31","1,99M","0,29%"
25.04.2018,"101,13","101,19","101,25","101,06","3,30M","-0,22%"
24.04.2018,"101,35","101,33","101,45","101,26","3,18M","-0,12%"
23.04.2018,"101,47","101,48","101,53","101,34","5,02M","-0,10%"
20.04.2018,"101,57","101,78","101,84","101,57","2,31M","-0,33%"
19.04.2018,"101,91","101,95","102,02","101,79","3,18M","-0,27%"
18.04.2018,"102,19","102,48","102,50","102,19","2,13M","-0,39%"
17.04.2018,"102,59","102,48","102,66","102,44","1,30M","0,06%"
16.04.2018,"102,53","102,33","102,55","102,31","1,64M","-0,05%"
13.04.2018,"102,58","102,40","102,63","102,40","2,94M","0,09%"
12.04.2018,"102,49","102,72","102,73","102,46","2,19M","-0,36%"
11.04.2018,"102,86","102,96","103,00","102,76","2,52M","0,10%"
10.04.2018,"102,76","102,81","102,87","102,68","1,62M","-0,17%"
09.04.2018,"102,94","102,74","102,94","102,65","2,07M","0,02%"
06.04.2018,"102,92","102,80","102,96","102,66","2,65M","0,44%"
05.04.2018,"102,47","102,57","102,61","102,43","1,79M","-0,25%"
04.04.2018,"102,73","103,00","103,00","102,68","2,22M","-0,06%"
03.04.2018,"102,79","102,96","103,00","102,75","4,23M","-0,32%"
02.04.2018,"103,12","102,94","103,34","102,89","2,75M","-0,07%"
29.03.2018,"103,19","103,01","103,31","103,01","2,57M","0,20%"
28.03.2018,"102,98","103,20","103,25","102,89","2,76M","-0,02%"
27.03.2018,"103,00","102,53","103,05","102,52","3,50M","0,57%"
26.03.2018,"102,42","102,52","102,65","102,39","4,19M","-0,27%"
23.03.2018,"102,70","102,46","102,75","102,46","2,52M","0,14%"
22.03.2018,"102,56","102,52","102,77","102,39","5,03M","0,41%"
21.03.2018,"102,14","101,94","102,22","101,68","3,37M","0,07%"
20.03.2018,"102,07","102,09","102,16","102,03","2,60M","-0,20%"
19.03.2018,"102,27","102,15","102,46","102,14","2,82M","-0,10%"
16.03.2018,"102,37","102,36","102,39","102,24","3,60M","-0,12%"
15.03.2018,"102,49","102,51","102,62","102,39","2,76M","-0,04%"
14.03.2018,"102,53","102,27","102,66","102,25","2,60M","0,20%"
13.03.2018,"102,33","102,32","102,38","102,13","1,74M","0,17%"
12.03.2018,"102,16","102,00","102,17","101,94","1,89M","0,24%"
09.03.2018,"101,92","101,89","102,00","101,77","1,60M","-0,22%"
08.03.2018,"102,14","102,07","102,24","102,02","1,64M","0,21%"
07.03.2018,"101,93","102,16","102,22","101,92","1,26M","0,00%"
06.03.2018,"101,93","101,97","102,15","101,92","2,33M","-0,01%"
05.03.2018,"101,94","102,35","102,35","101,82","2,06M","-0,13%"
02.03.2018,"102,07","102,32","102,33","102,01","2,14M","-0,37%"
01.03.2018,"102,45","102,16","102,61","102,03","5,35M","0,27%"
28.02.2018,"102,17","102,05","102,19","101,97","2,52M","0,24%"
27.02.2018,"101,93","102,29","102,33","101,74","3,31M","-0,31%"
26.02.2018,"102,25","102,36","102,45","102,20","2,73M","0,12%"
23.02.2018,"102,13","102,01","102,21","101,98","4,48M","0,38%"
22.02.2018,"101,74","101,76","101,87","101,70","4,41M","0,14%"
21.02.2018,"101,60","102,00","102,00","101,47","2,25M","-0,29%"
20.02.2018,"101,90","101,81","101,96","101,72","2,14M","-0,11%"
16.02.2018,"102,01","102,09","102,18","101,96","2,28M","0,24%"
15.02.2018,"101,77","101,76","101,96","101,73","3,06M","0,03%"
14.02.2018,"101,74","102,06","102,06","101,63","4,14M","-0,61%"
13.02.2018,"102,36","102,27","102,39","102,18","2,70M","0,17%"
12.02.2018,"102,19","102,22","102,36","102,08","2,84M","-0,03%"
09.02.2018,"102,22","102,11","102,81","102,11","4,38M","-0,18%"
08.02.2018,"102,40","102,03","102,53","101,89","5,69M","0,09%"
07.02.2018,"102,31","102,75","102,77","102,19","4,77M","-0,29%"
06.02.2018,"102,61","102,95","103,04","102,61","5,38M","-0,44%"
05.02.2018,"103,06","102,25","103,31","102,09","6,90M","0,82%"
02.02.2018,"102,22","102,29","102,37","102,11","5,75M","-0,37%"
01.02.2018,"102,60","103,10","103,10","102,57","8,96M","-0,68%"
31.01.2018,"103,30","103,44","103,49","103,02","2,97M","0,03%"
30.01.2018,"103,27","103,42","103,48","103,22","2,35M","-0,23%"
29.01.2018,"103,51","103,50","103,55","103,31","2,33M","-0,25%"
26.01.2018,"103,77","103,96","103,96","103,66","3,32M","-0,30%"
25.01.2018,"104,08","103,74","104,09","103,62","3,34M","0,22%"
24.01.2018,"103,85","103,87","103,95","103,73","1,95M","-0,19%"
23.01.2018,"104,05","103,99","104,11","103,90","1,78M","0,29%"
22.01.2018,"103,75","103,87","103,95","103,67","8,05M","-0,04%"
19.01.2018,"103,79","104,00","104,00","103,73","2,92M","-0,26%"
18.01.2018,"104,06","104,11","104,21","103,98","3,33M","-0,32%"
17.01.2018,"104,39","104,46","104,63","104,31","2,19M","-0,22%"
16.01.2018,"104,62","104,74","104,76","104,48","5,93M","0,05%"
12.01.2018,"104,57","104,42","104,61","104,40","1,43M","-0,07%"
11.01.2018,"104,64","104,52","104,73","104,42","1,80M","0,07%"
10.01.2018,"104,57","104,29","104,62","104,23","2,14M","-0,03%"
09.01.2018,"104,60","104,92","104,92","104,58","5,92M","-0,48%"
08.01.2018,"105,10","105,20","105,22","105,01","2,45M","-0,05%"
05.01.2018,"105,15","105,28","105,31","105,06","2,16M","-0,12%"
04.01.2018,"105,28","105,10","105,29","105,02","2,43M","-0,05%"
03.01.2018,"105,33","105,35","105,41","105,22","2,14M","0,10%"
02.01.2018,"105,22","105,44","105,47","105,09","3,90M","-0,33%"