Date,Close,Open,High,Low,Vol.,Change %
03/20/2026,32.14,31.66,32.32,31.66,17.88M,1.93%
03/19/2026,31.53,31.73,31.85,31.39,16.94M,0.29%
03/18/2026,31.44,31.1,31.45,31.01,9.71M,1.48%
03/17/2026,30.98,31.01,31.07,30.86,6.74M,-0.55%
03/16/2026,31.15,31.16,31.21,30.96,9.42M,-1.08%
03/13/2026,31.49,31.17,31.55,30.98,12.73M,0.64%
03/12/26,31.29,31.01,31.3,30.94,11.78M,1.76%
03/11/26,30.75,30.69,30.88,30.52,11.07M,0.00%
03/10/26,30.75,30.74,30.86,30.47,13.53M,0.03%
03/09/26,30.74,31.45,31.59,30.66,17.12M,-1.28%
03/06/26,31.14,31.13,31.22,30.84,13.85M,1.50%
03/05/26,30.68,30.75,31,30.48,13.68M,0.33%
03/04/26,30.58,30.91,30.95,30.46,16.70M,-1.48%
03/03/26,31.04,31.32,31.53,30.92,14.65M,1.07%
03/02/26,30.71,31.17,31.22,30.61,11.23M,-0.13%
02/27/2026,30.75,30.96,31,30.69,12.51M,0.39%
02/26/2026,30.63,30.31,30.89,30.31,10.52M,1.22%
02/25/2026,30.26,30.54,30.54,30.25,7.54M,-1.40%
02/24/2026,30.69,30.99,31.11,30.64,7.91M,-1.10%
02/23/2026,31.03,30.76,31.14,30.69,9.05M,1.21%
02/20/2026,30.66,31.1,31.14,30.57,10.62M,-0.81%
02/19/2026,30.91,30.95,31.05,30.79,8.30M,0.42%
02/18/2026,30.78,30.98,31.05,30.58,9.98M,-0.77%
02/17/2026,31.02,31.17,31.42,30.88,10.47M,0.16%
02/13/2026,30.97,31.05,31.25,30.74,11.89M,-0.16%
02/12/26,31.02,30.31,31.07,30.27,16.50M,2.07%
02/11/26,30.39,30.24,30.67,30.18,9.65M,-0.26%
02/10/26,30.47,30.28,30.49,30.19,8.21M,0.49%
02/09/26,30.32,30.66,30.78,30.22,9.58M,-0.75%
02/06/26,30.55,31.04,31.11,30.46,12.36M,-2.05%
02/05/26,31.19,31.04,31.31,30.81,23.07M,1.40%
02/04/26,30.76,30.3,31,30.29,19.05M,1.79%
02/03/26,30.22,29.66,30.48,29.64,20.24M,1.58%
02/02/26,29.75,30.1,30.12,29.64,12.42M,-0.67%
01/30/2026,29.95,29.78,30.08,29.65,16.40M,1.22%
01/29/2026,29.59,29.43,30.1,29.39,17.46M,0.61%
01/28/2026,29.41,29.29,29.47,29.24,14.49M,-0.31%
01/27/2026,29.5,29.59,29.67,29.45,8.75M,-0.87%
01/26/2026,29.76,29.86,29.91,29.66,12.21M,-0.40%
01/23/2026,29.88,30.02,30.08,29.75,14.39M,-0.23%
01/22/2026,29.95,29.88,30.11,29.88,15.42M,-0.76%
01/21/2026,30.18,30.51,30.6,29.97,19.15M,-1.34%
01/20/2026,30.59,30.47,30.64,30.25,15.06M,2.10%
01/16/2026,29.96,29.75,30.06,29.72,10.78M,0.20%
01/15/2026,29.9,29.67,29.94,29.63,13.39M,-0.33%
01/14/2026,30,29.87,30.23,29.82,15.94M,1.08%
01/13/2026,29.68,29.63,29.8,29.53,14.12M,0.17%
01/12/26,29.63,29.86,29.86,29.55,10.63M,-0.03%
01/09/26,29.64,29.9,30.01,29.59,12.62M,-1.00%
01/08/26,29.94,29.81,30.06,29.8,16.85M,0.64%
01/07/26,29.75,29.8,29.83,29.57,12.18M,-0.07%
01/06/26,29.77,29.99,30.01,29.75,12.61M,-0.90%
01/05/26,30.04,29.98,30.09,29.9,10.69M,-0.76%
01/02/26,30.27,29.93,30.42,29.8,10.49M,0.23%
12/31/2025,30.2,29.94,30.2,29.93,9.24M,0.87%
12/30/2025,29.94,29.92,29.94,29.81,6.33M,0.27%
12/29/2025,29.86,29.9,29.97,29.78,8.27M,0.47%
12/26/2025,29.72,29.69,29.75,29.64,4.34M,0.03%
12/24/2025,29.71,29.78,29.81,29.68,3.56M,-1.52%
12/23/2025,30.17,30.37,30.38,30.16,5.86M,-0.49%
12/22/2025,30.32,30.2,30.38,30.19,10.56M,-0.39%
12/19/2025,30.44,30.71,30.71,30.42,10.61M,-1.26%
12/18/2025,30.83,30.81,30.95,30.64,13.01M,-1.44%
12/17/2025,31.28,30.66,31.29,30.62,12.09M,1.86%
12/16/2025,30.71,30.88,30.95,30.62,12.66M,-0.23%
12/15/2025,30.78,30.39,30.83,30.38,11.27M,0.56%
12/12/25,30.61,30.19,30.71,30.13,13.55M,1.97%
12/11/25,30.02,30.09,30.38,30,13.71M,0.37%
12/10/25,29.91,30.08,30.23,29.84,14.51M,-0.37%
12/09/25,30.02,30.13,30.19,29.99,9.56M,-0.13%
12/08/25,30.06,29.91,30.18,29.83,6.65M,0.23%
12/05/25,29.99,30.03,30.07,29.83,7.90M,-0.40%
12/04/25,30.11,30.01,30.26,30,7.00M,0.13%
12/03/25,30.07,30.26,30.33,30.03,6.08M,-0.20%
12/02/25,30.13,30.25,30.35,30.05,8.82M,-0.79%
12/01/25,30.37,30.53,30.59,30.25,6.57M,0.36%
11/28/2025,30.26,30.41,30.44,30.25,3.99M,-0.72%
11/26/2025,30.48,30.57,30.68,30.39,9.88M,-0.85%
11/25/2025,30.74,31.01,31.33,30.68,14.87M,-0.58%
11/24/2025,30.92,31.47,31.47,30.85,8.98M,-2.58%
11/21/2025,31.74,31.89,32.24,31.36,13.32M,-0.69%
11/20/2025,31.96,30.61,32.01,30.48,14.10M,2.37%
11/19/2025,31.22,31.36,31.49,30.88,11.38M,-0.54%
11/18/2025,31.39,31.23,31.65,31.09,13.47M,1.19%
11/17/2025,31.02,30.89,31.21,30.56,10.17M,0.88%
11/14/2025,30.75,31.23,31.34,30.52,13.86M,0.00%
11/13/2025,30.75,30.31,30.86,30.28,8.25M,2.09%
11/12/25,30.12,29.94,30.28,29.94,8.96M,0.03%
11/11/25,30.11,30.15,30.29,30.05,8.67M,0.27%
11/10/25,30.03,30.23,30.33,29.96,10.47M,-2.12%
11/07/25,30.68,30.77,31.24,30.68,16.49M,0.36%
11/06/25,30.57,30.08,30.64,30.07,10.60M,1.90%
11/05/25,30,30.24,30.3,29.84,7.38M,-0.66%
11/04/25,30.2,30.02,30.24,29.84,12.27M,2.06%
11/03/25,29.59,29.44,29.7,29.41,8.77M,-0.44%
10/31/2025,29.72,29.49,29.84,29.48,8.83M,-0.47%
10/30/2025,29.86,29.57,29.86,29.51,7.73M,1.60%
10/29/2025,29.39,29.4,29.65,29.34,8.28M,-0.44%
10/28/2025,29.52,29.65,29.69,29.44,7.12M,-0.74%
10/27/2025,29.74,29.92,29.94,29.72,5.85M,-1.78%
10/24/2025,30.28,30.33,30.38,30.21,7.90M,-0.98%
10/23/2025,30.58,30.86,30.89,30.55,6.73M,-0.88%
10/22/2025,30.85,30.57,31.14,30.55,11.79M,1.02%
10/21/2025,30.54,30.53,30.65,30.47,6.74M,0.07%
10/20/2025,30.52,30.75,30.76,30.46,6.74M,-1.26%
10/17/2025,30.91,31.23,31.31,30.83,11.01M,-0.58%
10/16/2025,31.09,30.83,31.33,30.67,12.35M,0.36%
10/15/2025,30.98,30.89,31.3,30.75,9.79M,-0.67%
10/14/2025,31.19,31.34,31.6,30.95,10.79M,0.68%
10/13/2025,30.98,31.1,31.23,30.93,11.14M,-2.15%
10/10/25,31.66,30.55,31.67,30.47,18.97M,3.57%
10/09/25,30.57,30.54,30.73,30.53,7.40M,0.16%
10/08/25,30.52,30.84,30.84,30.51,4.93M,-1.13%
10/07/25,30.87,30.65,30.95,30.61,6.64M,0.52%
10/06/25,30.71,30.67,30.79,30.62,7.29M,-0.74%
10/03/25,30.94,30.76,31.02,30.72,7.42M,0.52%
10/02/25,30.78,30.72,30.92,30.71,6.73M,-0.39%
10/01/25,30.9,31.21,31.26,30.88,5.89M,-0.45%
09/30/2025,31.04,31.15,31.27,31.03,7.58M,-0.26%
09/29/2025,31.12,31.11,31.19,30.95,6.23M,-0.45%
09/26/2025,31.26,31.35,31.52,31.25,5.33M,-0.35%
09/25/2025,31.37,31.45,31.64,31.29,7.51M,0.45%
09/24/2025,31.23,31.05,31.38,31.04,5.72M,-0.83%
09/23/2025,31.49,31.27,31.55,31.25,6.14M,0.70%
09/22/2025,31.27,31.5,31.5,31.24,4.22M,-0.54%
09/19/2025,31.44,31.55,31.63,31.41,4.88M,-0.66%
09/18/2025,31.65,31.67,31.77,31.49,4.87M,-0.91%
09/17/2025,31.94,31.87,32.23,31.83,5.67M,0.25%
09/16/2025,31.86,31.77,31.9,31.76,2.81M,0.09%
09/15/2025,31.83,32,32.01,31.82,3.05M,-0.78%
09/12/25,32.08,32.18,32.23,32.02,2.87M,-0.40%
09/11/25,32.21,32.26,32.35,32.17,3.37M,-0.59%
09/10/25,32.4,32.22,32.51,32.22,4.64M,0.00%
09/09/25,32.4,32.44,32.6,32.37,3.08M,-0.25%
09/08/25,32.48,32.52,32.54,32.37,3.39M,-0.49%
09/05/25,32.64,32.38,32.89,32.35,5.34M,-0.03%
09/04/25,32.65,32.92,33.01,32.63,4.00M,-0.94%
09/03/25,32.96,33,33.15,32.85,4.26M,-0.72%
09/02/25,33.2,33.45,33.56,33.19,5.55M,0.85%
08/29/2025,32.92,32.67,33.02,32.65,4.84M,1.26%
08/28/2025,32.51,32.69,32.78,32.46,5.18M,-0.61%
08/27/2025,32.71,32.83,32.89,32.66,3.32M,-0.12%
08/26/2025,32.75,32.92,32.97,32.74,3.06M,-0.37%
08/25/2025,32.87,32.88,32.94,32.71,3.84M,0.31%
08/22/2025,32.77,33.2,33.29,32.66,5.34M,-1.50%
08/21/2025,33.27,33.21,33.41,33.08,4.12M,0.48%
08/20/2025,33.11,32.98,33.52,32.97,5.22M,0.61%
08/19/2025,32.91,32.5,32.97,32.5,4.09M,1.39%
08/18/2025,32.46,32.51,32.57,32.42,2.46M,0.03%
08/15/2025,32.45,32.3,32.54,32.3,4.43M,0.50%
08/14/2025,32.29,32.37,32.39,32.17,3.04M,0.16%
08/13/2025,32.24,32.11,32.33,32.08,3.70M,-0.03%
08/12/25,32.25,32.54,32.69,32.24,4.31M,-1.29%
08/11/25,32.67,32.56,32.73,32.44,3.54M,0.31%
08/08/25,32.57,32.79,32.81,32.55,3.47M,-0.85%
08/07/25,32.85,32.7,33.08,32.6,3.67M,-0.30%
08/06/25,32.95,33.32,33.34,32.92,3.82M,-1.23%
08/05/25,33.36,33.06,33.39,32.99,5.93M,0.69%
08/04/25,33.13,33.43,33.44,33.11,4.87M,-1.81%
08/01/25,33.74,33.46,33.89,33.45,9.88M,2.03%
07/31/2025,33.07,32.51,33.13,32.51,6.51M,0.58%
07/30/2025,32.88,32.87,33.06,32.73,5.51M,-0.15%
07/29/2025,32.93,32.73,32.97,32.64,7.07M,0.18%
07/28/2025,32.87,32.89,32.94,32.81,4.67M,-0.27%
07/25/2025,32.96,33.05,33.08,32.88,5.31M,-0.18%
07/24/2025,33.02,33.02,33.12,32.94,3.05M,-0.21%
07/23/2025,33.09,33.18,33.34,33.08,5.36M,-0.39%
07/22/2025,33.22,33.05,33.39,33.05,3.81M,0.51%
07/21/2025,33.05,33.17,33.18,32.94,3.32M,-0.48%
07/18/2025,33.21,33.1,33.29,33.1,5.11M,0.21%
07/17/2025,33.14,33.38,33.44,33.13,3.53M,-0.81%
07/16/2025,33.41,33.43,33.77,33.39,6.43M,-0.12%
07/15/2025,33.45,33.24,33.46,33.21,4.82M,-0.06%
07/14/2025,33.47,33.62,33.75,33.44,3.72M,-0.36%
07/11/25,33.59,33.63,33.72,33.49,5.41M,0.33%
07/10/25,33.48,33.4,33.65,33.39,4.40M,0.15%
07/09/25,33.43,33.55,33.63,33.35,4.25M,-0.74%
07/08/25,33.68,33.6,33.75,33.57,3.85M,0.00%
07/07/25,33.68,33.61,33.83,33.54,4.11M,0.81%
07/03/25,33.41,33.59,33.6,33.35,3.18M,-0.89%
07/02/25,33.71,34.02,34.02,33.71,4.52M,-0.74%
07/01/25,33.96,33.79,34.1,33.73,3.68M,0.89%
06/30/2025,33.66,33.7,33.83,33.59,3.19M,-0.62%
06/27/2025,33.87,33.93,34.1,33.77,4.04M,-0.29%
06/26/2025,33.97,34.16,34.27,33.94,3.80M,-0.93%
06/25/2025,34.29,34.24,34.4,34.15,3.10M,-1.38%
06/24/2025,34.77,34.96,35,34.71,4.39M,-1.50%
06/23/2025,35.3,35.63,35.84,35.27,7.16M,-1.07%
06/20/2025,35.68,35.3,35.8,35.22,5.30M,0.51%
06/18/2025,35.5,35.42,35.6,35.26,3.32M,0.03%
06/17/2025,35.49,35.31,35.55,35.19,4.89M,1.05%
06/16/2025,35.12,35.38,35.39,35.05,5.69M,-1.40%
06/13/2025,35.62,35.57,35.7,35.29,8.72M,1.31%
06/12/25,35.16,35.33,35.33,35.09,4.17M,-0.20%
06/11/25,35.23,35.02,35.37,34.94,4.29M,0.40%
06/10/25,35.09,35.31,35.45,35.05,2.88M,-0.65%
06/09/25,35.32,35.36,35.43,35.22,2.39M,-0.14%
06/06/25,35.37,35.37,35.49,35.24,4.18M,-0.95%
06/05/25,35.71,35.34,35.83,35.14,6.72M,0.82%
06/04/25,35.42,35.48,35.61,35.35,2.19M,-0.23%
06/03/25,35.5,35.78,35.82,35.42,3.68M,-0.78%
06/02/25,35.78,36.21,36.28,35.78,4.08M,-0.78%
05/30/2025,36.06,36.04,36.56,35.96,7.49M,0.19%
05/29/2025,35.99,35.55,36.17,35.53,4.89M,-0.14%
05/28/2025,36.04,35.81,36.08,35.72,3.99M,0.42%
05/27/2025,35.89,36.25,36.36,35.84,4.29M,-2.29%
05/23/2025,36.73,36.96,36.99,36.56,5.98M,1.02%
05/22/2025,36.36,36.4,36.49,36.11,4.79M,-0.19%
05/21/2025,36.43,36.21,36.55,35.74,5.34M,1.39%
05/20/2025,35.93,35.99,36.17,35.88,2.29M,0.36%
05/19/2025,35.8,36.32,36.33,35.76,3.10M,-0.06%
05/16/2025,35.82,35.87,36.12,35.81,2.23M,-0.39%
05/15/2025,35.96,36.14,36.24,35.77,3.86M,-0.08%
05/14/2025,35.99,36.12,36.19,35.95,4.30M,-0.55%
05/13/2025,36.19,36.66,36.71,36.07,5.05M,-1.55%
05/12/25,36.76,36.81,37.24,36.75,6.70M,-4.00%
05/09/25,38.29,38.13,38.44,38.03,3.64M,0.10%
05/08/25,38.25,38.23,38.58,37.9,4.61M,-0.98%
05/07/25,38.63,38.73,39.17,38.45,4.88M,-0.39%
05/06/25,38.78,38.94,39.05,38.51,4.25M,0.94%
05/05/25,38.42,38.54,38.56,38.18,2.24M,0.60%
05/02/25,38.19,38.38,38.5,38.02,5.76M,-1.50%
05/01/25,38.77,38.59,38.81,38.28,5.75M,-1.20%
04/30/2025,39.24,39.92,40.31,39.1,6.24M,0.03%
04/29/2025,39.23,39.68,39.72,39.15,3.25M,-0.61%
04/28/2025,39.47,39.45,40.01,39.28,4.15M,0.00%
04/25/2025,39.47,39.94,40.07,39.41,4.86M,-1.05%
04/24/2025,39.89,40.86,40.91,39.85,6.05M,-2.83%
04/23/2025,41.05,40.68,41.18,40.2,7.47M,-2.19%
04/22/2025,41.97,42.52,42.65,41.66,5.34M,-2.55%
04/21/2025,43.07,42.6,43.58,42.53,5.64M,2.45%
04/17/2025,42.04,41.76,42.29,41.7,6.08M,0.12%
04/16/2025,41.99,41.57,42.57,41.25,6.49M,3.02%
04/15/2025,40.76,40.71,40.91,40.37,5.20M,-0.12%
04/14/2025,40.81,40.15,41.23,40.12,7.15M,-0.66%
04/11/25,41.08,41.96,42.28,40.95,9.51M,-1.72%
04/10/25,41.8,41.17,42.96,41.01,12.22M,4.03%
04/09/25,40.18,45.63,45.63,39.9,20.50M,-11.79%
04/08/25,45.55,43.2,46.2,42.71,15.30M,1.83%
04/07/25,44.73,46.38,46.98,42.71,16.31M,-0.11%
04/04/25,44.78,43.41,44.78,43.18,14.77M,6.16%
04/03/25,42.18,41.72,42.22,41.4,8.34M,5.40%
04/02/25,40.02,40.9,40.91,39.74,6.12M,-0.74%
04/01/25,40.32,40.8,41.04,40.24,7.46M,-0.76%
03/31/2025,40.63,41.25,41.64,40.56,6.29M,0.02%
03/28/2025,40.62,39.74,40.7,39.68,5.76M,2.68%
03/27/2025,39.56,39.49,39.67,39.17,5.28M,0.61%
03/26/2025,39.32,38.71,39.45,38.65,4.66M,0.92%
03/25/2025,38.96,39.11,39.19,38.94,2.72M,-0.56%
03/24/2025,39.18,39.4,39.46,39.09,5.06M,-2.05%
03/21/2025,40,40.6,40.69,39.97,3.91M,-0.35%
03/20/2025,40.14,40.33,40.39,39.7,3.78M,0.32%
03/19/2025,40.01,40.35,40.51,39.62,4.08M,-1.26%
03/18/2025,40.52,40.11,40.71,40.11,4.80M,1.73%
03/17/2025,39.83,40.11,40.25,39.58,4.16M,-0.65%
03/14/2025,40.09,40.62,40.66,40.02,4.95M,-2.34%
03/13/2025,41.05,40.38,41.22,40.38,6.77M,1.84%
03/12/25,40.31,40.13,40.76,39.97,8.36M,-1.13%
03/11/25,40.77,40.72,41.17,40.16,8.94M,0.34%
03/10/25,40.63,39.81,40.99,39.77,7.28M,3.81%
03/07/25,39.14,39.52,40.04,39.03,9.14M,-0.66%
03/06/25,39.4,38.99,39.56,38.62,7.08M,2.76%
03/05/25,38.34,38.81,39.18,38.22,12.69M,-1.31%
03/04/25,38.85,38.95,39.45,38.21,8.70M,0.41%
03/03/25,38.69,37.64,38.97,37.52,8.89M,2.14%
02/28/2025,37.88,38.5,38.75,37.83,8.08M,-1.51%
02/27/2025,38.46,37.17,38.47,37.09,7.85M,2.75%
02/26/2025,37.43,37.34,37.64,37.04,4.86M,-0.19%
02/25/2025,37.5,37.09,37.77,37.08,6.63M,1.27%
02/24/2025,37.03,36.47,37.04,36.38,5.51M,1.20%
02/21/2025,36.59,35.76,36.61,35.76,5.35M,2.15%
02/20/2025,35.82,35.71,36.13,35.7,3.06M,0.42%
02/19/2025,35.67,35.71,35.86,35.57,3.52M,0.03%
02/18/2025,35.66,35.64,35.88,35.62,3.35M,-0.22%
02/14/2025,35.74,35.86,35.9,35.69,3.27M,-0.31%
02/13/2025,35.85,36.26,36.31,35.83,4.30M,-1.43%
02/12/25,36.37,36.78,36.81,36.31,2.83M,-0.05%
02/11/25,36.39,36.52,36.53,36.26,2.06M,0.25%
02/10/25,36.3,36.43,36.47,36.22,3.51M,-1.17%
02/07/25,36.73,36.23,36.78,36.1,4.91M,1.35%
02/06/25,36.24,36.41,36.51,36.24,2.88M,-0.55%
02/05/25,36.44,36.78,36.86,36.42,2.55M,-0.38%
02/04/25,36.58,37,37.03,36.54,4.43M,-1.22%
02/03/25,37.03,37.37,37.53,36.84,7.09M,0.79%
01/31/2025,36.74,36.41,36.81,36.09,4.98M,0.25%
01/30/2025,36.65,36.61,37,36.45,3.49M,-0.41%
01/29/2025,36.8,36.69,37.09,36.69,3.83M,0.19%
01/28/2025,36.73,37.22,37.46,36.64,3.12M,-1.50%
01/27/2025,37.29,37.5,37.56,36.82,6.10M,2.95%
01/24/2025,36.22,35.99,36.31,35.94,1.58M,0.67%
01/23/2025,35.98,36.23,36.27,35.98,2.25M,-0.19%
01/22/2025,36.05,36.2,36.21,35.9,2.02M,-1.26%
01/21/2025,36.51,36.53,36.85,36.43,1.96M,-0.57%
01/17/2025,36.72,36.64,36.92,36.6,2.59M,-1.61%
01/16/2025,37.32,36.9,37.33,36.9,3.11M,0.67%
01/15/2025,37.07,37.33,37.44,36.97,3.50M,-2.24%
01/14/2025,37.92,37.64,38.18,37.54,3.87M,0.11%
01/13/2025,37.88,38.2,38.32,37.84,3.88M,0.37%
01/10/25,37.74,37.44,37.98,37.43,5.00M,1.64%
01/08/25,37.13,37.15,37.48,37.02,4.76M,-0.03%
01/07/25,37.14,36.4,37.26,36.38,6.92M,1.84%
01/06/25,36.47,36.51,36.65,36.24,6.34M,-1.17%
01/03/25,36.9,37.28,37.33,36.81,4.65M,-1.57%
01/02/25,37.49,37.18,37.81,37.01,5.91M,0.24%
12/31/2024,37.4,37,37.46,36.94,6.05M,0.86%
12/30/2024,37.08,37.08,37.33,36.8,4.88M,1.37%
12/27/2024,36.58,36.34,36.9,36.31,4.90M,1.41%
12/26/2024,36.07,36.16,36.29,35.96,2.69M,0.08%
12/24/2024,36.04,36.4,36.43,36.04,1.85M,-1.29%
12/23/2024,36.51,36.75,36.99,36.48,2.65M,-2.74%
12/20/2024,37.54,38.17,38.25,37.12,5.73M,-0.87%
12/19/2024,37.87,37.35,37.88,37.31,6.09M,0.50%
12/18/2024,37.68,36.42,37.78,36.31,4.87M,3.63%
12/17/2024,36.36,36.33,36.48,36.26,2.25M,0.44%
12/16/2024,36.2,36.55,36.56,36.13,3.00M,-1.44%
12/13/2024,36.73,36.74,36.96,36.54,2.75M,-0.70%
12/12/24,36.99,36.91,37.01,36.82,1.39M,0.71%
12/11/24,36.73,37.1,37.12,36.69,2.91M,-1.82%
12/10/24,37.41,37.18,37.5,37.06,2.53M,0.38%
12/09/24,37.27,37.04,37.35,36.99,2.26M,0.81%
12/06/24,36.97,37.26,37.26,36.95,2.06M,-0.80%
12/05/24,37.27,37.17,37.3,37.11,2.64M,0.27%
12/04/24,37.17,37.38,37.42,37.15,2.88M,-1.17%
12/03/24,37.61,37.84,37.87,37.6,2.22M,-0.29%
12/02/24,37.72,38.04,38.06,37.65,2.51M,-1.10%
11/29/2024,38.14,38.42,38.47,38.09,1.30M,-0.78%
11/27/2024,38.44,38.23,38.69,38.23,2.29M,0.84%
11/26/2024,38.12,38.21,38.28,38.07,3.20M,-0.52%
11/25/2024,38.32,38.07,38.49,37.96,3.75M,-0.13%
11/22/2024,38.37,38.48,38.61,38.33,3.75M,-0.10%
11/21/2024,38.41,38.32,38.97,38.26,5.22M,-0.36%
11/20/2024,38.55,38.55,39.04,38.52,5.05M,0.13%
11/19/2024,38.5,38.98,39,38.47,3.27M,-0.70%
11/18/2024,38.77,38.92,39.02,38.6,1.84M,-0.72%
11/15/2024,39.05,38.55,39.19,38.53,6.79M,2.47%
11/14/2024,38.11,37.87,38.16,37.8,3.88M,0.77%
11/13/2024,37.82,37.81,37.99,37.63,3.92M,0.13%
11/12/24,37.77,37.7,37.99,37.65,4.43M,0.19%
11/11/24,37.7,37.59,37.91,37.57,3.75M,0.08%
11/08/24,37.67,37.75,37.79,37.62,3.19M,-0.03%
11/07/24,37.68,38.08,38.08,37.63,5.03M,-1.52%
11/06/24,38.26,38.67,38.76,38.21,8.07M,-2.75%
11/05/24,39.34,39.71,39.72,39.28,3.05M,-1.26%
11/04/24,39.84,39.77,39.98,39.56,3.33M,0.30%
11/01/24,39.72,39.87,39.89,39.43,4.51M,-0.63%
10/31/2024,39.97,39.31,39.97,39.3,5.08M,2.54%
10/30/2024,38.98,38.74,39.01,38.68,3.50M,0.78%
10/29/2024,38.68,39.02,39.17,38.59,3.18M,-0.95%
10/28/2024,39.05,38.8,39.07,38.8,3.19M,0.00%
10/25/2024,39.05,39.06,39.11,38.65,3.27M,-0.53%
10/24/2024,39.26,39.28,39.48,39.21,2.30M,-0.78%
10/23/2024,39.57,39.17,39.83,39.11,3.79M,1.57%
10/22/2024,38.96,39.21,39.27,38.85,3.18M,-0.08%
10/21/2024,38.99,39.16,39.32,38.93,2.90M,-0.18%
10/18/2024,39.06,39.09,39.15,38.97,1.92M,-0.56%
10/17/2024,39.28,38.88,39.29,38.87,2.52M,-0.10%
10/16/2024,39.32,39.3,39.57,39.24,2.12M,0.00%
10/15/2024,39.32,38.77,39.47,38.72,3.80M,1.39%
10/14/2024,38.78,38.92,38.96,38.68,4.82M,-0.87%
10/11/24,39.12,39.32,39.36,39.03,2.37M,-0.05%
10/10/24,39.14,39.27,39.38,38.99,3.34M,0.18%
10/09/24,39.07,39.42,39.49,39.03,3.42M,-0.79%
10/08/24,39.38,39.78,39.83,39.32,3.61M,-1.50%
10/07/24,39.98,39.71,40.07,39.62,3.71M,1.14%
10/04/24,39.53,39.52,39.95,39.51,4.81M,-1.15%
10/03/24,39.99,40.15,40.2,39.74,3.78M,0.08%
10/02/24,39.96,40.08,40.29,39.8,3.21M,-0.10%
10/01/24,40,39.48,40.31,39.46,6.46M,1.42%
09/30/2024,39.44,39.62,39.86,39.42,4.34M,-0.25%
09/27/2024,39.54,39.23,39.63,39.23,2.47M,0.61%
09/26/2024,39.3,38.97,39.59,38.95,3.47M,-0.68%
09/25/2024,39.57,39.68,39.68,39.42,1.88M,-1.79%
09/24/2024,40.29,40.37,40.72,40.21,3.03M,-0.47%
09/23/2024,40.48,40.47,40.59,40.39,1.80M,-0.25%
09/20/2024,40.58,40.56,40.92,40.47,2.67M,0.30%
09/19/2024,40.46,40.52,40.71,40.21,4.44M,-2.51%
09/18/2024,41.5,41.21,41.55,40.86,4.43M,0.48%
09/17/2024,41.3,41.06,41.53,40.95,4.95M,-0.05%
09/16/2024,41.32,41.32,41.6,41.27,3.09M,0.49%
09/13/2024,41.12,41.37,41.39,41.01,4.90M,-0.39%
09/12/24,41.28,41.68,41.84,41.21,4.41M,-1.01%
09/11/24,41.7,42.49,43.28,41.6,4.63M,-2.11%
09/10/24,42.6,42.82,43.2,42.54,3.09M,-0.84%
09/09/24,42.96,43.11,43.42,42.88,3.02M,-1.26%
09/06/24,43.51,42.46,43.56,42.38,7.30M,2.74%
09/05/24,42.35,42.54,42.62,41.95,3.82M,-0.07%
09/04/24,42.38,42.56,42.64,42.03,4.69M,0.28%
09/03/24,42.26,41.28,42.47,41.27,5.58M,3.07%
08/30/2024,41,41.1,41.51,40.96,2.66M,-1.09%
08/29/2024,41.45,41.24,41.57,40.82,5.61M,0.12%
08/28/2024,41.4,40.97,41.69,40.91,3.27M,1.20%
08/27/2024,40.91,41.18,41.34,40.83,2.32M,-0.29%
08/26/2024,41.03,40.68,41.2,40.61,2.70M,1.03%
08/23/2024,40.61,40.69,41.02,40.38,4.03M,-1.05%
08/22/2024,41.04,40.21,41.12,40.15,3.26M,1.66%
08/21/2024,40.37,40.51,40.65,40.23,3.16M,-0.49%
08/20/2024,40.57,40.55,40.7,40.34,2.05M,0.25%
08/19/2024,40.47,41,41.15,40.46,1.77M,-1.27%
08/16/2024,40.99,41.2,41.29,40.87,1.97M,-0.05%
08/15/2024,41.01,41.52,41.56,40.98,4.89M,-2.50%
08/14/2024,42.06,41.99,42.46,41.85,1.93M,-0.05%
08/13/2024,42.08,42.72,42.72,42.05,3.50M,-2.41%
08/12/24,43.12,43.13,43.4,42.84,2.21M,-0.19%
08/09/24,43.2,43.57,43.67,43.06,2.46M,-0.48%
08/08/24,43.41,44.13,44.52,43.31,6.70M,-3.04%
08/07/24,44.77,43.58,44.81,43.34,7.09M,1.11%
08/06/24,44.28,44.51,44.78,43.51,10.61M,-0.78%
08/05/24,44.63,45.73,45.85,44.03,13.23M,2.86%
08/02/24,43.39,43.18,43.77,42.95,15.54M,2.50%
08/01/24,42.33,41.28,42.66,40.95,6.87M,2.39%
07/31/2024,41.34,41.62,41.76,41.17,5.64M,-2.91%
07/30/2024,42.58,41.82,42.88,41.76,3.67M,1.38%
07/29/2024,42,41.82,42.19,41.62,2.72M,-0.17%
07/26/2024,42.07,42.09,42.35,41.8,4.02M,-0.97%
07/25/2024,42.48,41.97,42.7,41.59,7.16M,1.14%
07/24/2024,42,41.12,42.06,41.08,7.30M,3.63%
07/23/2024,40.53,40.46,40.56,40.21,3.01M,0.40%
07/22/2024,40.37,40.48,40.76,40.29,3.96M,-1.49%
07/19/2024,40.98,40.64,41.08,40.43,6.25M,0.96%
07/18/2024,40.59,40.08,40.85,40.07,4.73M,0.54%
07/17/2024,40.37,39.87,40.38,39.83,6.39M,2.93%
07/16/2024,39.22,39.13,39.47,39.06,2.22M,-0.03%
07/15/2024,39.23,39.19,39.4,38.84,4.15M,-0.25%
07/12/24,39.33,39.51,39.54,38.94,3.01M,-0.51%
07/11/24,39.53,38.67,39.62,38.66,7.50M,2.25%
07/10/24,38.66,38.92,39.02,38.62,4.71M,-1.05%
07/09/24,39.07,38.97,39.18,38.89,2.41M,-0.05%
07/08/24,39.09,39.15,39.23,39.04,2.46M,-0.18%
07/05/24,39.16,39.51,39.53,39.13,3.78M,-1.01%
07/03/24,39.56,39.94,39.95,39.53,2.12M,-0.78%
07/02/24,39.87,40.41,40.42,39.86,2.74M,-1.02%
07/01/24,40.28,40.43,40.75,40.22,3.68M,-0.54%
06/28/2024,40.5,40.22,40.55,39.83,3.37M,0.60%
06/27/2024,40.26,40.38,40.45,40.14,1.45M,-0.22%
06/26/2024,40.35,40.5,40.53,40.31,2.01M,-1.99%
06/25/2024,41.17,41.47,41.55,41.15,1.64M,-1.18%
06/24/2024,41.66,41.28,41.66,41.13,2.58M,1.17%
06/21/2024,41.18,41.07,41.28,40.97,1.95M,0.34%
06/20/2024,41.04,40.61,41.18,40.57,2.33M,0.84%
06/18/2024,40.7,40.72,40.85,40.65,1.63M,0.02%
06/17/2024,40.69,41.17,41.28,40.54,2.42M,-1.24%
06/14/2024,41.2,41.41,41.46,41.19,1.39M,-0.41%
06/13/2024,41.37,41.29,41.57,41.23,2.20M,-0.53%
06/12/24,41.59,41.79,41.84,41.38,3.52M,-1.26%
06/11/24,42.12,42.53,42.67,42.11,1.88M,-0.71%
06/10/24,42.42,42.69,42.71,42.38,1.31M,-0.33%
06/07/24,42.56,42.57,42.67,42.31,2.32M,0.16%
06/06/24,42.49,42.42,42.6,42.39,2.27M,0.05%
06/05/24,42.47,43,43.11,42.46,3.49M,-1.98%
06/04/24,43.33,43.48,43.65,43.22,3.89M,-0.28%
06/03/24,43.45,43.3,43.94,42.53,3.81M,-0.25%
05/31/2024,43.56,43.56,44.4,43.49,5.04M,0.05%
05/30/2024,43.54,43.18,43.68,43.17,2.99M,1.09%
05/29/2024,43.07,43.17,43.18,42.91,3.11M,0.70%
05/28/2024,42.77,42.81,43.04,42.76,2.60M,-0.35%
05/24/2024,42.92,43.17,43.24,42.8,5.51M,-0.90%
05/23/2024,43.31,42.66,43.49,42.65,6.36M,0.53%
05/22/2024,43.08,43.05,43.33,42.98,2.91M,0.02%
05/21/2024,43.07,43.32,43.34,43.04,1.64M,-0.16%
05/20/2024,43.14,43.42,43.43,43.08,2.21M,-0.67%
05/17/2024,43.43,43.39,43.64,43.34,2.65M,0.09%
05/16/2024,43.39,43.32,43.4,43.13,3.98M,0.23%
05/15/2024,43.29,43.72,43.86,43.25,3.03M,-1.48%
05/14/2024,43.94,44.28,44.29,43.9,3.03M,-0.66%
05/13/2024,44.23,44.13,44.36,44.13,1.88M,-0.18%
05/10/24,44.31,44.27,44.47,44.09,2.38M,-0.20%
05/09/24,44.4,44.47,44.65,44.35,2.37M,-0.13%
05/08/24,44.46,44.72,44.72,44.33,2.89M,0.07%
05/07/24,44.43,44.4,44.5,44.27,4.01M,0.02%
05/06/24,44.42,44.73,44.81,44.42,3.46M,-1.11%
05/03/24,44.92,45.03,45.19,44.8,4.31M,-1.94%
05/02/24,45.81,46,46.51,45.72,4.44M,-1.21%
05/01/24,46.37,46.21,46.46,45.44,4.98M,0.76%
04/30/2024,46.02,45.34,46.03,45.21,3.50M,1.90%
04/29/2024,45.16,45.12,45.45,45.07,2.64M,-0.38%
04/26/2024,45.33,45.7,45.78,45.18,3.84M,-1.56%
04/25/2024,46.05,46.61,46.71,45.94,4.18M,0.57%
04/24/2024,45.79,45.6,46.03,45.44,3.71M,-0.28%
04/23/2024,45.92,46.39,46.44,45.8,4.96M,-1.48%
04/22/2024,46.61,46.78,47.16,46.34,4.73M,-0.96%
04/19/2024,47.06,46.26,47.24,46.2,6.94M,2.08%
04/18/2024,46.1,45.77,46.17,45.59,4.02M,0.63%
04/17/2024,45.81,45.04,45.9,45.04,4.78M,1.26%
04/16/2024,45.24,45.27,45.39,44.96,7.47M,0.00%
04/15/2024,45.24,44.12,45.33,44.12,5.71M,1.66%
04/12/24,44.5,44.21,44.64,44.12,5.90M,1.67%
04/11/24,43.77,44.3,44.53,43.69,7.94M,-1.57%
04/10/24,44.47,44.61,44.67,44.38,8.40M,0.84%
04/09/24,44.1,44,44.55,43.95,2.98M,-0.23%
04/08/24,44.2,44.15,44.4,44.05,2.35M,0.00%
04/05/24,44.2,44.65,44.7,43.97,3.89M,-1.34%
04/04/24,44.8,43.65,44.8,43.55,4.05M,1.70%
04/03/24,44.05,44.4,44.4,43.85,2.02M,-0.11%
04/02/24,44.1,44.2,44.43,44.1,1.73M,0.80%
04/01/24,43.75,43.7,43.94,43.45,1.85M,-0.11%
03/28/2024,43.8,43.75,43.85,43.65,2.49M,0.11%
03/27/2024,43.75,43.55,44,43.55,3.07M,-0.23%
03/26/2024,43.85,43.55,43.85,43.45,2.03M,0.46%
03/25/2024,43.65,43.8,43.9,43.55,2.14M,0.34%
03/22/2024,43.5,43.6,43.7,43.4,1.72M,0.00%
03/21/2024,43.5,43.2,43.55,43.2,3.36M,-0.46%
03/20/2024,43.7,44.1,44.3,43.7,2.93M,-2.46%
03/19/2024,44.8,45.15,45.3,44.75,3.46M,-0.22%
03/18/2024,44.9,44.75,44.9,44.5,2.56M,-0.88%
03/15/2024,45.3,45.1,45.4,45,2.89M,1.23%
03/14/2024,44.75,44.5,45.05,44.45,4.23M,0.34%
03/13/2024,44.6,44.4,44.75,44.38,2.73M,0.79%
03/12/24,44.25,44.65,45,44.2,3.27M,-1.34%
03/11/24,44.85,44.85,45.1,44.75,3.87M,0.34%
03/08/24,44.7,44,44.8,43.75,5.93M,1.48%
03/07/24,44.05,44.35,44.55,43.91,2.42M,-1.45%
03/06/24,44.7,44.55,44.9,44.38,4.32M,-0.56%
03/05/24,44.95,44.5,45.25,44.5,3.29M,1.70%
03/04/24,44.2,44.05,44.2,43.95,2.27M,0.57%
03/01/24,43.95,44.6,44.6,43.9,2.24M,-1.57%
02/29/2024,44.65,44.7,45.1,44.55,1.98M,-0.78%
02/28/2024,45,45,45.13,44.85,1.92M,0.45%
02/27/2024,44.8,44.8,45.03,44.7,2.06M,-0.11%
02/26/2024,44.85,44.75,44.9,44.65,3.59M,0.00%
02/23/2024,44.85,44.55,44.92,44.45,2.98M,0.45%
02/22/2024,44.65,45.05,45.15,44.55,3.47M,-2.93%
02/21/2024,46,46.15,46.45,46,3.58M,0.44%
02/20/2024,45.8,45.65,46.2,45.55,4.46M,0.66%
02/16/2024,45.5,44.95,45.55,44.95,3.80M,1.11%
02/15/2024,45,45.1,45.35,44.96,3.33M,-0.22%
02/14/2024,45.1,45.3,45.59,45.08,3.44M,-1.10%
02/13/2024,45.6,45.75,45.95,45.3,5.24M,1.45%
02/12/24,44.95,44.75,45,44.5,2.94M,0.56%
02/09/24,44.7,45.05,45.15,44.6,2.89M,-1.00%
02/08/24,45.15,45.2,45.3,45.05,3.17M,0.00%
02/07/24,45.15,45.35,45.5,45.1,3.11M,-1.10%
02/06/24,45.65,45.4,45.9,45.35,4.13M,0.33%
02/05/24,45.5,45.45,45.9,45.4,3.90M,0.00%
02/02/24,45.5,46.05,46.15,45.35,4.17M,-1.52%
02/01/24,46.2,46.6,46.7,46.2,6.02M,-1.18%
01/31/2024,46.75,46.35,46.8,46.11,6.73M,1.96%
01/30/2024,45.85,45.65,45.95,45.6,2.23M,0.66%
01/29/2024,45.55,46,46.05,45.5,2.61M,-0.98%
01/26/2024,46,45.9,46.1,45.75,3.20M,0.66%
01/25/2024,45.7,45.45,45.97,45.4,4.22M,0.00%
01/24/2024,45.7,45.55,45.8,45.3,3.37M,-0.54%
01/23/2024,45.95,46.05,46.3,45.95,2.24M,-0.43%
01/22/2024,46.15,45.95,46.25,45.8,4.62M,-0.11%
01/19/2024,46.2,46.85,46.95,46.2,3.93M,-2.01%
01/18/2024,47.15,47.4,47.6,47.05,3.73M,-1.26%
01/17/2024,47.75,47.95,48.3,47.7,4.43M,0.53%
01/16/2024,47.5,47.6,47.8,47.3,4.34M,0.11%
01/12/24,47.45,47.4,47.65,47.25,3.98M,0.00%
01/11/24,47.45,47.4,48.09,47.25,6.19M,-0.11%
01/10/24,47.5,47.8,47.95,47.4,3.04M,-0.73%
01/09/24,47.85,48.3,48.35,47.75,3.65M,-0.10%
01/08/24,47.9,48.8,48.8,47.9,3.05M,-2.15%
01/05/24,48.95,48.95,49.1,48.6,5.34M,-0.10%
01/04/24,49,49,49,48.55,4.72M,0.62%
01/03/24,48.7,48.55,48.75,48.4,5.16M,1.14%
01/02/24,48.15,47.85,48.45,47.75,4.98M,1.58%
12/29/2023,47.4,47.15,47.6,47.1,3.80M,0.53%
12/28/2023,47.15,47,47.2,46.95,3.71M,0.21%
12/27/2023,47.05,47.15,47.25,47.05,4.78M,-0.32%
12/26/2023,47.2,47.35,47.38,47.1,1.99M,-0.53%
12/22/2023,47.45,47.35,47.7,47.25,3.99M,-0.11%
12/21/2023,47.5,47.55,47.9,47.45,5.42M,-1.14%
12/20/2023,48.05,47.4,48.05,47.15,4.34M,-0.41%
12/19/2023,48.25,48.5,48.5,48.25,3.66M,-0.41%
12/18/2023,48.45,48.75,48.8,48.4,2.10M,-0.82%
12/15/2023,48.85,48.95,49,48.65,4.36M,-0.31%
12/14/2023,49,48.8,49.39,48.65,5.53M,0.20%
12/13/2023,48.9,49.45,49.55,48.85,3.86M,-1.31%
12/12/23,49.55,49.95,50.1,49.55,3.44M,-0.70%
12/11/23,49.9,50.4,50.45,49.9,3.05M,-0.89%
12/08/23,50.35,50.8,50.85,50.3,4.67M,-0.30%
12/07/23,50.5,50.9,51.05,50.45,5.14M,-1.56%
12/06/23,51.3,50.6,51.3,50.55,4.90M,0.69%
12/05/23,50.95,51.35,51.35,50.8,5.18M,-0.29%
12/04/23,51.1,51.1,51.55,51,5.08M,1.09%
12/01/23,50.55,50.9,51.1,50.5,6.07M,-0.39%
11/30/2023,50.75,50.55,51.1,50.5,5.07M,0.30%
11/29/2023,50.6,50.15,50.6,50,3.81M,0.10%
11/28/2023,50.55,50.7,50.78,50.4,4.23M,-0.10%
11/27/2023,50.6,50.6,50.75,50.35,4.20M,0.10%
11/24/2023,50.55,50.5,50.7,50.45,1.56M,0.10%
11/22/2023,50.5,50.4,50.6,50.06,5.91M,-0.20%
11/21/2023,50.6,50.55,50.85,50.55,2.84M,0.60%
11/20/2023,50.3,50.95,50.95,50.25,2.84M,-1.18%
11/17/2023,50.9,51,51.15,50.8,4.62M,-0.10%
11/16/2023,50.95,51.1,51.25,50.9,6.61M,0.10%
11/15/2023,50.9,50.7,51.15,50.65,4.92M,-0.10%
11/14/2023,50.95,51.2,51.25,50.85,4.93M,-2.21%
11/13/2023,52.1,52.1,52.35,51.9,3.18M,0.39%
11/10/23,51.9,52.85,52.92,51.85,5.50M,-2.17%
11/09/23,53.05,52.6,53.15,52.4,6.19M,0.86%
11/08/23,52.6,52.6,52.95,52.5,3.85M,-0.09%
11/07/23,52.65,53,53.2,52.5,4.56M,-0.94%
11/06/23,53.15,53.25,53.5,53.05,3.89M,-0.37%
11/03/23,53.35,53.75,53.85,53.15,5.51M,-1.20%
11/02/23,54,54.2,54.45,53.9,5.89M,-1.64%
11/01/23,54.9,55.75,55.8,54.8,6.79M,-1.79%
10/31/2023,55.9,56.15,56.55,55.8,6.30M,-0.36%
10/30/2023,56.1,56.35,56.6,55.9,7.26M,-1.15%
10/27/2023,56.75,56.55,56.97,56.15,9.63M,-0.44%
10/26/2023,57,56.1,57.24,56,9.21M,1.97%
10/25/2023,55.9,55,56,54.91,7.93M,2.47%
10/24/2023,54.55,54.8,55.1,54.45,6.64M,-0.91%
10/23/2023,55.05,55.48,55.8,54.5,9.97M,-0.27%
10/20/2023,55.2,54.45,55.28,54.4,8.35M,1.47%
10/19/2023,54.4,53.7,54.55,53.5,8.94M,0.93%
10/18/2023,53.9,53.5,54.05,53.2,7.77M,1.41%
10/17/2023,53.15,53.5,53.8,52.9,5.80M,0.38%
10/16/2023,52.95,53.4,53.4,52.8,5.03M,-1.12%
10/13/2023,53.55,52.85,53.8,52.75,5.54M,1.32%
10/12/23,52.85,52.6,53.25,52.35,7.24M,0.38%
10/11/23,52.65,52.85,53.1,52.65,4.95M,-0.75%
10/10/23,53.05,53.25,53.35,52.65,5.62M,-0.47%
10/09/23,53.3,53.9,54.18,53.25,5.45M,-0.56%
10/06/23,53.6,54.95,55.1,53.4,7.37M,-1.56%
10/05/23,54.45,54.3,55,54.25,6.00M,0.37%
10/04/23,54.25,54.85,55,54.15,8.31M,-1.45%
10/03/23,55.05,54.5,55.3,54.1,8.73M,1.85%
10/02/23,54.05,54.5,54.58,53.85,8.37M,-0.73%
09/29/2023,54.45,53.9,54.7,53.8,11.99M,-0.09%
09/28/2023,54.5,55.15,55.25,54.17,9.15M,-0.82%
09/27/2023,54.95,54.9,55.55,54.65,9.12M,-0.18%
09/26/2023,55.05,54.65,55.2,54.55,6.20M,1.47%
09/25/2023,54.25,54.6,54.8,54.2,8.64M,-0.46%
09/22/2023,54.5,54.2,54.55,53.9,5.95M,0.09%
09/21/2023,54.45,53.95,54.5,53.9,9.90M,1.87%
09/20/2023,53.45,52.55,53.45,52.5,5.29M,0.00%
09/19/2023,53.45,53.5,53.85,53.3,6.13M,0.28%
09/18/2023,53.3,53.5,53.5,53.1,5.88M,-0.09%
09/15/2023,53.35,52.6,53.45,52.55,5.97M,1.91%
09/14/2023,52.35,52.55,52.88,52.25,6.69M,-0.85%
09/13/2023,52.8,53,53.15,52.55,8.52M,-0.28%
09/12/23,52.95,52.6,53.05,52.45,5.94M,1.15%
09/11/23,52.35,52.55,52.85,52.3,5.85M,-1.23%
09/08/23,53,53.1,53.15,52.67,5.70M,-0.09%
09/07/23,53.05,53.25,53.5,52.95,7.74M,0.76%
09/06/23,52.65,52.35,52.95,52.25,6.80M,0.86%
09/05/23,52.2,52.35,52.5,52,4.60M,0.00%
09/01/23,52.2,51.8,52.45,51.8,6.53M,0.10%
08/31/2023,52.15,52.3,52.33,51.9,4.90M,-0.19%
08/30/2023,52.25,52.5,52.7,52.2,6.97M,-0.67%
08/29/2023,52.6,53.75,53.8,52.5,7.00M,-2.14%
08/28/2023,53.75,53.65,54.1,53.55,6.74M,-0.65%
08/25/2023,54.1,54.45,54.95,53.85,11.86M,-0.82%
08/24/2023,54.55,52.8,54.55,52.8,7.70M,2.25%
08/23/2023,53.35,54,54.05,53.15,5.57M,-1.57%
08/22/2023,54.2,53.7,54.3,53.7,5.66M,0.28%
08/21/2023,54.05,54.75,54.85,54,6.65M,-1.64%
08/18/2023,54.95,55.4,55.5,54.75,8.95M,0.09%
08/17/2023,54.9,54.05,54.95,54,8.16M,1.20%
08/16/2023,54.25,53.75,54.25,53.55,7.32M,1.02%
08/15/2023,53.7,53.3,53.8,53.13,5.59M,1.13%
08/14/2023,53.1,53.85,53.95,53.07,6.60M,-1.12%
08/11/23,53.7,53.7,53.9,53.44,7.23M,0.75%
08/10/23,53.3,53,53.55,52.45,10.71M,-0.19%
08/09/23,53.4,52.8,53.5,52.75,7.01M,1.14%
08/08/23,52.8,52.7,53.25,52.7,7.46M,0.96%
08/07/23,52.3,52.55,52.85,52.3,6.76M,-0.95%
08/04/23,52.8,52.25,52.85,51.9,8.39M,0.57%
08/03/23,52.5,52.8,52.8,52.2,9.11M,0.19%
08/02/23,52.4,51.75,52.55,51.75,7.76M,2.14%
08/01/23,51.3,51.35,51.54,51.15,5.67M,0.29%
07/31/2023,51.15,51.1,51.3,50.96,5.98M,0.10%
07/28/2023,51.1,51.5,51.58,51,6.86M,-1.92%
07/27/2023,52.1,51.15,52.25,50.95,9.47M,0.29%
07/26/2023,51.95,51.9,52.25,51.65,6.06M,0.39%
07/25/2023,51.75,51.95,51.97,51.5,5.25M,-0.58%
07/24/2023,52.05,52,52.35,51.9,7.31M,-0.19%
07/21/2023,52.15,51.65,52.2,51.55,6.75M,0.29%
07/20/2023,52,51.25,52.1,51,7.43M,2.36%
07/19/2023,50.8,50.6,50.95,50.45,7.54M,0.10%
07/18/2023,50.75,51.25,51.54,50.55,5.16M,-0.88%
07/17/2023,51.2,51.55,51.6,51.05,5.21M,-0.87%
07/14/2023,51.65,51.55,51.75,51.1,6.93M,0.19%
07/13/2023,51.55,52,52.1,51.45,5.77M,-1.81%
07/12/23,52.5,52.5,52.85,52.25,7.14M,-1.13%
07/11/23,53.1,53.35,53.64,53.05,5.21M,-0.47%
07/10/23,53.35,53.45,53.8,53.25,6.02M,-0.09%
07/07/23,53.4,53.2,53.4,52.75,4.14M,0.47%
07/06/23,53.15,53.3,53.6,53.1,6.71M,0.76%
07/05/23,52.75,52.95,52.95,52.5,5.20M,0.09%
07/03/23,52.7,52.75,52.92,52.65,2.68M,-0.28%
06/30/2023,52.85,53.15,53.15,52.65,4.89M,-1.40%
06/29/2023,53.6,53.55,53.88,53.5,6.16M,0.09%
06/28/2023,53.55,53.9,53.9,53.2,7.03M,-0.09%
06/27/2023,53.6,54.25,54.4,53.45,5.72M,-1.74%
06/26/2023,54.55,53.9,54.55,53.45,5.85M,1.49%
06/23/2023,53.75,53.85,54.05,53.45,6.32M,1.03%
06/22/2023,53.2,54.1,54.1,53.2,5.77M,-1.12%
06/21/2023,53.8,53.25,53.96,53.2,5.38M,0.00%
06/20/2023,53.8,54,54.28,53.61,5.10M,0.09%
06/16/2023,53.75,53.05,53.8,53.05,4.96M,0.75%
06/15/2023,53.35,54.2,54.3,53.15,8.31M,-1.20%
06/14/2023,54,54.4,54.8,53.95,6.32M,-0.64%
06/13/2023,54.35,54.4,54.85,54.25,5.64M,-0.82%
06/12/23,54.8,55.45,55.6,54.75,3.83M,-1.62%
06/09/23,55.7,55.65,55.95,55.2,4.93M,-0.36%
06/08/23,55.9,56.6,56.6,55.82,5.51M,-1.15%
06/07/23,56.55,55.6,56.65,55.25,6.91M,1.71%
06/06/23,55.6,55.7,55.9,55.45,7.06M,0.00%
06/05/23,55.6,55.6,55.75,55.15,7.37M,0.00%
06/02/23,55.6,55.7,56.03,55.4,8.99M,-0.71%
06/01/23,56,56.7,56.85,55.75,8.71M,-1.15%
05/31/2023,56.65,56.55,56.85,56.25,8.21M,0.62%
05/30/2023,56.3,55.85,56.55,55.65,9.43M,-0.44%
05/26/2023,56.55,57.85,57.85,56.4,6.37M,-2.50%
05/25/2023,58,58.1,58.55,57.75,9.43M,-2.44%
05/24/2023,59.45,59.5,59.8,59.15,7.02M,0.59%
05/23/2023,59.1,58.6,59.15,58.45,10.17M,1.37%
05/22/2023,58.3,58.6,58.6,58.15,8.79M,-0.34%
05/19/2023,58.5,58.3,58.7,58.2,10.97M,0.26%
05/18/2023,58.35,59.45,59.45,58.3,10.25M,-1.77%
05/17/2023,59.4,59.95,60.19,59.3,8.23M,-1.25%
05/16/2023,60.15,60.35,60.4,59.85,8.73M,-0.08%
05/15/2023,60.2,60.45,60.75,60.15,9.45M,-0.50%
05/12/23,60.5,60.2,60.95,60.15,8.52M,0.33%
05/11/23,60.3,60.35,60.7,60.2,10.33M,-0.33%
05/10/23,60.5,60.6,61.15,60.3,9.95M,-0.98%
05/09/23,61.1,61,61.15,60.87,3.93M,0.58%
05/08/23,60.75,60.95,61.15,60.65,5.59M,-0.16%
05/05/23,60.85,61.7,61.8,60.65,7.09M,-2.09%
05/04/23,62.15,62,62.35,61.71,11.71M,0.40%
05/03/23,61.9,61.4,61.9,60.9,10.11M,0.73%
05/02/23,61.45,61,61.8,60.9,10.15M,0.90%
05/01/23,60.9,60.95,61.15,60.65,8.91M,0.08%
04/28/2023,60.85,61.35,61.55,60.85,7.51M,-0.65%
04/27/2023,61.25,62.2,62.33,61.15,8.72M,-2.70%
04/26/2023,62.95,62.6,63.05,62.3,12.14M,-0.63%
04/25/2023,63.35,62.45,63.35,62.31,9.77M,1.93%
04/24/2023,62.15,62,62.55,61.75,7.58M,0.32%
04/21/2023,61.95,62.1,62.5,61.8,6.33M,-0.16%
04/20/2023,62.05,62.15,62.29,61.45,5.74M,0.98%
04/19/2023,61.45,61.95,62,61.3,5.80M,0.00%
04/18/2023,61.45,61.1,61.7,60.97,6.05M,0.00%
04/17/2023,61.45,61.6,62,61.4,6.06M,-0.08%
04/14/2023,61.5,61.75,62.1,61.15,6.91M,0.24%
04/13/2023,61.35,62.2,62.25,61.25,5.53M,-2.00%
04/12/23,62.6,61.6,62.65,61.5,7.36M,0.97%
04/11/23,62,61.6,62.1,61.6,4.84M,0.73%
04/10/23,61.55,62.1,62.47,61.55,4.37M,0.08%
04/06/23,61.5,62.35,62.59,61.45,5.88M,-0.73%
04/05/23,61.95,61.55,62.3,61.5,6.46M,1.06%
04/04/23,61.3,61,61.53,60.8,5.32M,0.41%
04/03/23,61.05,61.3,61.6,61,4.54M,0.25%
03/31/2023,60.9,61.8,61.95,60.85,4.57M,-1.62%
03/30/2023,61.9,62,62.3,61.8,3.92M,-0.88%
03/29/2023,62.45,62.85,63.05,62.35,5.18M,-1.89%
03/28/2023,63.65,63.4,64.15,63.4,4.03M,0.55%
03/27/2023,63.3,62.7,63.5,62.5,5.36M,0.72%
03/24/2023,62.85,63.2,63.65,62.85,8.30M,-0.24%
03/23/2023,63,63,63.65,62.15,6.54M,-1.18%
03/22/2023,63.75,62.95,63.8,61.9,6.43M,0.55%
03/21/2023,63.4,63.85,64.2,63.25,4.77M,-1.40%
03/20/2023,64.3,64.7,65.1,64.2,6.30M,-0.31%
03/17/2023,64.5,64.15,64.9,63.7,7.77M,0.55%
03/16/2023,64.15,66.05,66.25,64.05,6.31M,-2.66%
03/15/2023,65.9,66.85,67.13,65.76,7.50M,-0.38%
03/14/2023,66.15,66.85,67.1,66.05,6.06M,-2.36%
03/13/2023,67.75,68.65,69.05,66.8,12.24M,-0.59%
03/10/23,68.15,67.2,68.45,66.85,10.96M,1.34%
03/09/23,67.25,65.95,67.4,65.4,6.48M,1.82%
03/08/23,66.05,66.3,66.7,65.9,6.56M,-0.45%
03/07/23,66.35,65.55,66.5,65.35,5.38M,1.14%
03/06/23,65.6,65.35,65.6,64.7,5.40M,-0.08%
03/03/23,65.65,66.55,66.7,65.55,4.90M,-1.94%
03/02/23,66.95,68.15,68.2,66.8,6.13M,-0.81%
03/01/23,67.5,67,67.75,66.88,5.84M,0.82%
02/28/2023,66.95,67,67.07,66.35,5.13M,0.15%
02/27/2023,66.85,66.6,67,66.25,4.89M,-0.67%
02/24/2023,67.3,67.4,67.75,67.1,5.60M,1.66%
02/23/2023,66.2,65.9,67.15,65.85,5.54M,-0.82%
02/22/2023,66.75,66.6,67.15,66.25,6.29M,0.00%
02/21/2023,66.75,66.1,66.8,65.75,4.38M,2.38%
02/17/2023,65.2,65.25,65.85,65.05,4.86M,0.69%
02/16/2023,64.75,64.55,64.75,63.65,5.64M,1.97%
02/15/2023,63.5,64.35,64.5,63.45,3.84M,-0.63%
02/14/2023,63.9,64.75,65.2,63.75,6.36M,-0.85%
02/13/2023,64.45,65.2,65.43,64.3,5.52M,-1.53%
02/10/23,65.45,65.55,66,65.07,5.80M,0.69%
02/09/23,65,63.5,65.35,63.47,5.17M,0.85%
02/08/23,64.45,63.55,64.55,63.35,5.50M,1.90%
02/07/23,63.25,64.65,64.9,63,7.13M,-2.09%
02/06/23,64.6,64.65,64.9,64.1,5.62M,0.78%
02/03/23,64.1,64.25,64.35,62.8,7.28M,1.83%
02/02/23,62.95,63.82,64,62.5,7.87M,-3.52%
02/01/23,65.25,66.7,67.15,64.65,6.21M,-2.10%
01/31/2023,66.65,67.65,67.68,66.6,3.64M,-1.48%
01/30/2023,67.65,67.05,67.7,66.72,4.42M,2.04%
01/27/2023,66.3,67.25,67.3,65.8,5.19M,-0.97%
01/26/2023,66.95,67.44,68.06,66.9,4.28M,-1.90%
01/25/2023,68.25,69.25,69.8,68.05,5.67M,0.37%
01/24/2023,68,68.3,68.43,67.77,4.43M,0.15%
01/23/2023,67.9,69.25,69.4,67.6,4.98M,-2.16%
01/20/2023,69.4,71,71.25,69.35,4.47M,-2.80%
01/19/2023,71.4,71.1,71.7,70.8,4.83M,1.06%
01/18/2023,70.65,69.35,70.7,68.92,5.11M,1.36%
01/17/2023,69.7,69.85,70.2,69.35,3.17M,-0.14%
01/13/2023,69.8,70.9,71.05,69.75,3.85M,-0.71%
01/12/23,70.3,70.45,71.65,70.01,5.88M,-0.50%
01/11/23,70.65,71.55,71.8,70.6,3.68M,-1.53%
01/10/23,71.75,72.75,72.9,71.75,3.55M,-1.03%
01/09/23,72.5,72.35,72.63,71.15,4.88M,-0.62%
01/06/23,72.95,74.5,75.35,72.55,4.72M,-2.67%
01/05/23,74.95,74.25,75.05,74.22,4.22M,1.63%
01/04/23,73.75,73.55,74.65,73.28,3.83M,-0.47%
01/03/23,74.1,73,74.75,72.55,3.52M,0.68%
12/30/2022,73.6,74.4,74.74,73.57,2.96M,0.14%
12/29/2022,73.5,74.55,74.78,73.25,3.31M,-2.52%
12/28/2022,75.4,74.45,75.45,73.81,4.24M,1.41%
12/27/2022,74.35,73.45,74.5,73.45,2.68M,1.43%
12/23/2022,73.3,73.85,74.35,73.1,3.07M,-0.14%
12/22/2022,73.4,72.5,74.55,72.45,3.96M,2.09%
12/21/2022,71.9,72.6,72.85,71.5,3.39M,-1.37%
12/20/2022,72.9,73.2,73.64,72.4,3.43M,0.14%
12/19/2022,72.8,71.79,73.18,71.75,2.72M,1.39%
12/16/2022,71.8,71.4,72.25,70.9,3.63M,0.98%
12/15/2022,71.1,69.85,71.4,69.65,4.59M,3.34%
12/14/2022,68.8,68.45,69.55,67.61,4.63M,0.88%
12/13/2022,68.2,66.35,68.94,66.25,6.02M,-1.09%
12/12/22,68.95,69.8,70.1,68.95,2.32M,-1.22%
12/09/22,69.8,69.7,70,68.95,3.73M,0.58%
12/08/22,69.4,69.89,70.4,69.15,3.31M,-1.21%
12/07/22,70.25,70.25,70.64,69.65,3.24M,0.57%
12/06/22,69.85,68.55,70.25,68.5,3.98M,2.05%
12/05/22,68.45,67.8,68.79,67.55,2.84M,1.63%
12/02/22,67.35,68.25,68.25,67.1,2.66M,0.52%
12/01/22,67,66.95,67.68,66.57,4.63M,-0.07%
11/30/2022,67.05,70.15,70.45,67.05,4.25M,-4.62%
11/29/2022,70.3,69.7,70.6,69.55,2.40M,0.86%
11/28/2022,69.7,69.25,69.95,68.72,2.34M,1.38%
11/25/2022,68.75,68.6,68.8,68.45,1.08M,0.73%
11/23/2022,68.25,68.9,68.94,68.05,2.67M,-0.87%
11/22/2022,68.85,69.75,70.25,68.85,2.15M,-1.43%
11/21/2022,69.85,69.55,70.1,69.2,2.55M,1.01%
11/18/2022,69.15,68.45,69.75,68.35,2.86M,0.00%
11/17/2022,69.15,70.1,70.1,68.78,3.52M,0.29%
11/16/2022,68.95,68.5,69.15,68.4,3.06M,1.32%
11/15/2022,68.05,67.3,68.85,67.05,4.70M,-1.31%
11/14/2022,68.95,68.8,69.2,68.05,2.93M,0.88%
11/11/22,68.35,69.65,70.03,68.15,5.73M,-1.87%
11/10/22,69.65,71.5,72.2,69.55,6.17M,-7.38%
11/09/22,75.2,74,75.25,73.75,2.98M,2.38%
11/08/22,73.45,73.6,74.54,72.5,3.47M,-0.68%
11/07/22,73.95,74.45,75.1,73.8,3.85M,-1.00%
11/04/22,74.7,74.55,76.4,74.2,5.69M,-1.71%
11/03/22,76,75.35,76.1,74.88,5.77M,2.08%
11/02/22,74.45,72.05,74.5,71.2,4.27M,3.40%
11/01/22,72,70.3,72.1,70.2,2.50M,0.98%
10/31/2022,71.3,70.95,71.75,70.82,2.89M,1.13%
10/28/2022,70.5,72.85,72.9,70.3,3.44M,-2.96%
10/27/2022,72.65,71.7,72.8,71.28,3.16M,1.82%
10/26/2022,71.35,71.25,71.45,69.85,3.33M,2.22%
10/25/2022,69.8,71,71.05,69.7,3.71M,-2.04%
10/24/2022,71.25,71.9,72.95,71,4.02M,-1.04%
10/21/2022,72,74.1,74.35,71.9,4.62M,-2.37%
10/20/2022,73.75,73.6,74.1,72.18,3.13M,0.55%
10/19/2022,73.35,73.5,74,72.5,3.85M,0.55%
10/18/2022,72.95,71.7,73.84,71.5,4.74M,-0.88%
10/17/2022,73.6,74.4,74.44,73.4,4.26M,-3.48%
10/14/2022,76.25,73.3,76.35,73.1,5.58M,3.11%
10/13/2022,73.95,77.95,78.13,73.55,8.12M,-2.31%
10/12/22,75.7,75.45,75.9,74.95,3.63M,0.13%
10/11/22,75.6,75.15,76.15,74.3,4.85M,1.20%
10/10/22,74.7,73.9,75.4,73.75,5.47M,1.08%
10/07/22,73.9,72.5,74.25,72.35,4.53M,3.79%
10/06/22,71.2,70.85,71.25,70.05,3.01M,0.85%
10/05/22,70.6,71.55,72.2,70.11,4.34M,0.07%
10/04/22,70.55,71.3,71.38,70.35,6.31M,-3.09%
10/03/22,72.8,74.1,74.5,72.35,4.63M,-2.41%
09/30/2022,74.6,73.6,74.6,72.45,3.46M,1.91%
09/29/2022,73.2,72.2,74.09,72.18,4.06M,2.74%
09/28/2022,71.25,72.65,73.05,70.85,4.78M,-1.93%
09/27/2022,72.65,71.8,73.3,71.1,5.31M,-0.14%
09/26/2022,72.75,72.55,72.88,71.35,4.79M,0.55%
09/23/2022,72.35,71.9,73.25,71.8,5.53M,1.62%
09/22/2022,71.2,70.72,71.5,70.45,5.47M,1.28%
09/21/2022,70.3,68.85,70.35,67.8,6.28M,1.74%
09/20/2022,69.1,69.15,69.65,68.5,4.42M,0.80%
09/19/2022,68.55,69.75,69.75,68.45,4.08M,-0.72%
09/16/2022,69.05,69.45,69.95,68.95,7.19M,0.66%
09/15/2022,68.6,67.95,69,67.35,3.95M,1.70%
09/14/2022,67.45,67.8,68.15,67.25,4.92M,-0.81%
09/13/2022,68,66.4,68.2,66.05,8.15M,5.43%
09/12/22,64.5,64.9,65,64.4,5.28M,-1.15%
09/09/22,65.25,66.1,66.18,65.1,5.57M,-2.17%
09/08/22,66.7,67.55,67.85,66.35,5.43M,-0.52%
09/07/22,67.05,68.3,68.35,66.8,5.34M,-1.90%
09/06/22,68.35,67.85,68.9,67.6,6.87M,0.74%
09/02/22,67.85,66.3,68.3,65.95,8.55M,1.42%
09/01/22,66.9,67.55,68.4,66.85,7.83M,0.00%
08/31/2022,66.9,65.85,67,65.7,5.96M,0.53%
08/30/2022,66.55,65.5,67.1,65.32,7.41M,1.14%
08/29/2022,65.8,65.8,66.05,65.2,8.40M,1.00%
08/26/2022,65.15,62.7,65.2,62.4,8.27M,4.07%
08/25/2022,62.6,63.35,63.55,62.6,5.01M,-1.73%
08/24/2022,63.7,64,64.1,63.3,4.99M,-0.31%
08/23/2022,63.9,63.95,64.05,63.3,6.26M,0.08%
08/22/2022,63.85,63.1,64,63,6.54M,2.74%
08/19/2022,62.15,61.6,62.35,61.45,5.21M,1.89%
08/18/2022,61,61.2,61.45,60.75,4.29M,-0.16%
08/17/2022,61.1,61.05,61.5,60.58,5.43M,1.16%
08/16/2022,60.4,60.5,61,60,5.09M,0.25%
08/15/2022,60.25,60.95,60.95,60.15,5.75M,-0.82%
08/12/22,60.75,61.6,61.8,60.7,4.78M,-2.02%
08/11/22,62,61.1,62.1,60.75,7.08M,0.57%
08/10/22,61.65,61.85,62.35,61.55,5.79M,-2.68%
08/09/22,63.35,63,63.7,62.97,6.19M,1.12%
08/08/22,62.65,62.2,62.95,61.5,5.47M,0.40%
08/05/22,62.4,62.9,63.08,62.05,5.61M,0.73%
08/04/22,61.95,62.25,62.6,61.85,5.23M,-0.48%
08/03/22,62.25,63.6,63.6,62,6.12M,-2.66%
08/02/22,63.95,64.25,64.44,63.05,6.04M,0.39%
08/01/22,63.7,64.05,64.3,63,5.70M,0.08%
07/29/2022,63.65,64.5,64.84,63.5,5.45M,-1.93%
07/28/2022,64.9,65.55,66.35,64.72,5.34M,-0.92%
07/27/2022,65.5,67.3,67.4,65.1,4.02M,-4.24%
07/26/2022,68.4,67.45,68.55,67.4,4.13M,2.01%
07/25/2022,67.05,66.65,67.5,66.55,4.31M,0.52%
07/22/2022,66.7,65.7,67.1,65.28,5.72M,1.75%
07/21/2022,65.55,66.4,66.95,65.5,4.39M,-1.35%
07/20/2022,66.45,67.4,67.57,66.15,6.77M,-1.63%
07/19/2022,67.55,68.75,69.15,67.45,4.98M,-3.08%
07/18/2022,69.7,68.35,69.9,68.05,5.00M,0.94%
07/15/2022,69.05,69.6,70,69.05,6.27M,-1.78%
07/14/2022,70.3,71.3,72.05,70.15,4.94M,-0.35%
07/13/2022,70.55,71.85,72,70,6.45M,0.14%
07/12/22,70.45,69.5,70.85,69,4.60M,0.93%
07/11/22,69.8,68.95,70,68.85,4.40M,2.20%
07/08/22,68.3,69.1,69.28,68,4.38M,-0.15%
07/07/22,68.4,69.65,69.66,68.2,3.61M,-2.15%
07/06/22,69.9,70.2,70.7,69.35,5.53M,-0.64%
07/05/22,70.35,72.55,72.95,70.3,4.64M,-1.75%
07/01/22,71.6,72.35,72.9,71.45,4.25M,-0.56%
06/30/2022,72,72,73.15,71.1,4.99M,1.27%
06/29/2022,71.1,71.3,71.89,70.75,4.27M,-0.21%
06/28/2022,71.25,68.95,71.25,68.35,4.46M,3.11%
06/27/2022,69.1,68.25,69.35,68.1,4.36M,0.88%
06/24/2022,68.5,70.25,70.35,68.5,4.75M,-3.45%
06/23/2022,70.95,71.45,72.18,70.8,4.05M,-1.53%
06/22/2022,72.05,72.55,72.8,70.93,4.93M,0.07%
06/21/2022,72,72.5,72.63,71.32,4.65M,-2.44%
06/17/2022,73.8,74.55,75,73.15,6.65M,-1.20%
06/16/2022,74.7,73.75,75.25,73.55,5.94M,4.04%
06/15/2022,71.8,72.65,73.45,70.75,6.53M,-2.45%
06/14/2022,73.6,73.2,74.35,72.93,5.94M,-0.27%
06/13/2022,73.8,72.85,74.05,72.15,7.55M,4.61%
06/10/22,70.55,69.5,70.65,69.18,6.99M,3.52%
06/09/22,68.15,66.7,68.15,66.05,5.39M,2.71%
06/08/22,66.35,66,66.55,65.45,4.11M,0.76%
06/07/22,65.85,67.25,67.45,65.7,4.93M,-0.90%
06/06/22,66.45,65.7,66.8,65.3,5.99M,-0.45%
06/03/22,66.75,66.07,66.95,65.8,6.86M,2.77%
06/02/22,64.95,67.1,67.35,64.95,5.76M,-2.77%
06/01/22,66.8,65.8,67.3,65.38,5.87M,0.75%
05/31/2022,66.3,66.15,67.15,65.65,7.08M,0.23%
05/27/2022,66.15,67.6,67.68,66.1,6.33M,-3.22%
05/26/2022,68.35,70.45,70.6,68,5.15M,-2.84%
05/25/2022,70.35,71.7,71.75,69.8,4.65M,-1.40%
05/24/2022,71.35,71.15,72.5,70.95,5.04M,2.07%
05/23/2022,69.9,70.8,71.4,69.75,4.74M,-1.62%
05/20/2022,71.05,69.9,73.1,69.75,6.58M,0.35%
05/19/2022,70.8,70.95,71.3,69.64,6.47M,0.57%
05/18/2022,70.4,68.1,70.7,68,6.73M,4.92%
05/17/2022,67.1,67.52,68.4,67,7.47M,-2.61%
05/16/2022,68.9,68.55,69.2,68.05,6.62M,1.10%
05/13/2022,68.15,69.55,70.05,67.85,7.05M,-3.67%
05/12/22,70.75,71.6,72.25,69.65,11.64M,0.21%
05/11/22,70.6,69.05,70.8,67.8,11.89M,3.07%
05/10/22,68.5,67.65,69.5,67.38,9.86M,-1.30%
05/09/22,69.4,68.05,69.7,67.5,12.19M,4.05%
05/06/22,66.7,66.45,67.65,65.55,11.62M,1.14%
05/05/22,65.95,63.65,66.65,63.65,10.48M,5.02%
05/04/22,62.8,64.9,66.05,62.65,9.39M,-3.38%
05/03/22,65,65.05,65.6,64.55,7.62M,-0.08%
05/02/22,65.05,66.3,66.95,65.05,8.51M,-1.81%
04/29/2022,66.25,64.25,66.3,63.5,5.92M,4.50%
04/28/2022,63.4,64.6,65.5,62.95,7.21M,-3.43%
04/27/2022,65.65,65.59,66.05,64.4,9.65M,0.08%
04/26/2022,65.6,63.65,65.65,63.6,9.23M,3.88%
04/25/2022,63.15,64.45,64.6,63.15,6.91M,-1.41%
04/22/2022,64.05,62.4,64.1,62.15,7.02M,2.64%
04/21/2022,62.4,60.4,62.55,59.95,6.81M,1.96%
04/20/2022,61.2,60.1,61.35,60,5.94M,1.58%
04/19/2022,60.25,61.8,61.95,60.15,4.05M,-2.19%
04/18/2022,61.6,61.9,62.2,61.2,4.93M,-0.16%
04/14/2022,61.7,60.25,61.75,60.2,3.39M,2.24%
04/13/2022,60.35,61.5,61.65,60.1,4.76M,-1.87%
04/12/22,61.5,60.45,61.85,60.05,5.65M,0.24%
04/11/22,61.35,60.65,61.35,60.45,5.70M,2.34%
04/08/22,59.95,59.4,60,59.2,6.71M,1.44%
04/07/22,59.1,59.4,60,58.7,6.73M,-0.17%
04/06/22,59.2,58.9,59.65,58.65,8.33M,2.25%
04/05/22,57.9,56.95,58.15,56.8,4.93M,2.12%
04/04/22,56.7,57.75,57.8,56.7,3.09M,-1.99%
04/01/22,57.85,57.75,58.4,57.6,3.73M,-0.09%
03/31/2022,57.9,57,57.9,56.95,3.77M,1.40%
03/30/2022,57.1,56.7,57.3,56.45,3.43M,1.15%
03/29/2022,56.45,56.7,57.25,56.35,4.66M,-1.74%
03/28/2022,57.45,58.3,58.55,57.4,3.26M,-1.46%
03/25/2022,58.3,58.3,59.05,58.1,3.00M,-0.09%
03/24/2022,58.35,59.25,59.65,58.3,3.35M,-2.18%
03/23/2022,59.65,59.3,59.65,58.65,3.05M,1.53%
03/22/2022,58.75,59.85,59.9,58.6,4.61M,-2.08%
03/21/2022,60,59.9,60.75,59.55,4.37M,0.42%
03/18/2022,59.75,61.35,61.55,59.75,5.14M,-2.21%
03/17/2022,61.1,62.1,62.38,61.1,5.56M,-1.05%
03/16/2022,61.75,63.3,64.15,61.75,7.18M,-3.82%
03/15/2022,64.2,65.75,66.03,64,4.57M,-3.17%
03/14/2022,66.3,65.3,66.4,64.57,5.91M,1.92%
03/11/22,65.05,63.1,65.1,63.05,3.02M,2.12%
03/10/22,63.7,63.85,64.55,63.45,3.98M,1.19%
03/09/22,62.95,63.65,64.2,62.7,4.22M,-3.75%
03/08/22,65.4,65.15,66.05,63.35,7.67M,0.46%
03/07/22,65.1,62.8,65.1,62.55,5.76M,3.66%
03/04/22,62.8,62.25,63.2,62.05,5.90M,1.45%
03/03/22,61.9,60.5,62.2,60.45,5.07M,1.56%
03/02/22,60.95,61.8,62.3,60.75,4.02M,-1.77%
03/01/22,62.05,61.3,62.45,60.85,4.64M,1.64%
02/28/2022,61.05,61.9,62.05,60.8,4.87M,-0.33%
02/25/2022,61.25,62.05,62.8,61.25,6.83M,-1.61%
02/24/2022,62.25,66.55,66.6,62.15,12.14M,-3.34%
02/23/2022,64.4,62.2,64.5,62.05,7.98M,2.47%
02/22/2022,62.85,62.8,63.5,61.75,6.54M,1.05%
02/18/2022,62.2,61.35,62.6,61.25,4.57M,1.22%
02/17/2022,61.45,60.25,61.55,60.15,3.15M,2.93%
02/16/2022,59.7,60.05,60.6,59.5,2.97M,0.08%
02/15/2022,59.65,60.25,60.45,59.65,4.83M,-2.61%
02/14/2022,61.25,61.5,61.85,60.6,6.32M,0.08%
02/11/22,61.2,59.5,61.5,59.1,6.00M,2.68%
02/10/22,59.6,59.3,59.75,58.15,7.46M,2.58%
02/09/22,58.1,58.55,58.85,58.1,3.62M,-2.02%
02/08/22,59.3,60.3,60.45,59.15,3.84M,-1.33%
02/07/22,60.1,59.5,60.25,59.05,5.02M,0.84%
02/04/22,59.6,60.2,60.6,59,5.56M,-1.32%
02/03/22,60.4,59.6,60.55,59,5.33M,4.23%
02/02/22,57.95,57.75,58.7,57.75,7.91M,-0.94%
02/01/22,58.5,58.6,59.5,58.35,6.89M,-0.59%
01/31/2022,58.85,60.55,60.89,58.75,7.70M,-3.13%
01/28/2022,60.75,62.55,63.4,60.75,5.26M,-3.19%
01/27/2022,62.75,61.35,63,60.99,7.33M,0.88%
01/26/2022,62.2,60.65,62.88,59.95,7.82M,0.16%
01/25/2022,62.1,61.85,62.7,61.05,5.41M,2.48%
01/24/2022,60.6,62.05,64,60.55,8.80M,-0.66%
01/21/2022,61,59.75,61,59.25,10.91M,2.78%
01/20/2022,59.35,58,59.4,57.35,8.55M,1.28%
01/19/2022,58.6,57.7,58.6,57.29,8.76M,1.30%
01/18/2022,57.85,57.4,58.05,57.1,7.48M,2.30%
01/14/2022,56.55,57.3,57.3,56.45,9.68M,-0.44%
01/13/2022,56.8,55.3,57.05,55.2,5.18M,2.25%
01/12/22,55.55,55.35,55.85,55.1,3.64M,-0.18%
01/11/22,55.65,56.65,57,55.65,3.48M,-1.59%
01/10/22,56.55,57.35,58.2,56.5,5.53M,-0.09%
01/07/22,56.6,56.05,56.9,55.78,3.48M,1.07%
01/06/22,56,56.3,56.6,55.53,4.84M,0.00%
01/05/22,56,54.55,56,54.4,4.58M,3.23%
01/04/22,54.25,53.55,54.75,53.55,3.11M,1.21%
01/03/22,53.6,54,54.26,53.6,1.83M,-1.02%
12/31/2021,54.15,53.9,54.2,53.7,1.79M,0.56%
12/30/2021,53.85,53.7,53.9,53.38,1.04M,0.37%
12/29/2021,53.65,53.6,54,53.45,1.09M,0.09%
12/28/2021,53.6,53.25,53.75,53.25,1.88M,0.37%
12/27/2021,53.4,54.1,54.13,53.4,914.53K,-1.66%
12/23/2021,54.3,54.65,54.66,54.1,1.27M,-0.73%
12/22/2021,54.7,55.45,55.55,54.7,1.21M,-1.26%
12/21/2021,55.4,56.15,56.75,55.35,1.25M,-2.29%
12/20/2021,56.7,56.85,57.15,56.55,2.21M,1.07%
12/17/2021,56.1,56.35,56.6,55.5,2.58M,0.45%
12/16/2021,55.85,54.3,56.1,54.25,2.36M,2.67%
12/15/2021,54.4,55.8,56.35,54.4,2.03M,-2.42%
12/14/2021,55.75,55.85,56.35,55.45,2.00M,1.00%
12/13/2021,55.2,54.35,55.2,54.33,1.11M,1.47%
12/10/21,54.4,54.6,55.05,54.35,1.15M,-1.09%
12/09/21,55,54.35,55,54.1,1.24M,1.57%
12/08/21,54.15,54.35,54.65,54.15,883.40K,-0.55%
12/07/21,54.45,55.1,55.15,54.35,1.19M,-3.03%
12/06/21,56.15,56.55,57.13,55.9,1.62M,-0.71%
12/03/21,56.55,55.3,57.2,55.3,2.86M,1.62%
12/02/21,55.65,56.25,56.45,55.35,1.92M,-0.62%
12/01/21,56,54.45,56.05,54.15,1.90M,1.73%
11/30/2021,55.05,54.35,55.35,54.1,1.82M,1.57%
11/29/2021,54.2,54.85,54.95,54.15,949.84K,-2.34%
11/26/2021,55.5,54.85,55.65,54.65,1.09M,2.02%
11/24/2021,54.4,55,55.3,54.4,1.02M,-0.37%
11/23/2021,54.6,54.55,55.26,54.25,1.83M,0.46%
11/22/2021,54.35,53.55,54.4,53.15,1.29M,1.12%
11/19/2021,53.75,53.85,53.97,53.6,936.54K,-0.65%
11/18/2021,54.1,54.35,54.65,54,988.03K,-1.10%
11/17/2021,54.7,54.65,54.8,54.36,704.31K,0.09%
11/16/2021,54.65,55.2,55.2,54.6,635.58K,-0.82%
11/15/2021,55.1,54.9,55.45,54.85,994.82K,0.00%
11/12/21,55.1,55.5,55.74,55,662.57K,-0.90%
11/11/21,55.6,55.35,55.7,55.35,720.73K,-0.45%
11/10/21,55.85,55.4,56.1,55,1.64M,1.55%
11/09/21,55,54.5,55.2,54.45,1.15M,0.73%
11/08/21,54.6,54.6,54.7,54.4,1.03M,0.00%
11/05/21,54.6,54.35,54.75,54.22,918.96K,-0.09%
11/04/21,54.65,55.15,55.2,54.45,757.99K,-1.18%
11/03/21,55.3,55.85,56,55.25,700.45K,-1.07%
11/02/21,55.9,56.25,56.25,55.85,624.75K,-0.45%
11/01/21,56.15,56.25,56.59,56.1,647.51K,-0.35%
10/29/2021,56.35,57.1,57.13,56.32,1.02M,-0.44%
10/28/2021,56.6,57,57.09,56.6,821.39K,-1.22%
10/27/2021,57.3,57.2,57.36,56.8,641.32K,-0.17%
10/26/2021,57.4,57.25,57.6,56.85,1.27M,-0.26%
10/25/2021,57.55,57.9,58.25,57.45,1.12M,-1.03%
10/22/2021,58.15,57.85,58.45,57.75,727.71K,0.87%
10/21/2021,57.65,58.15,58.24,57.65,630.34K,-0.60%
10/20/2021,58,57.9,58.3,57.8,833.57K,0.09%
10/19/2021,57.95,58.2,58.35,57.95,708.92K,-0.77%
10/18/2021,58.4,59.25,59.3,58.4,1.02M,-1.10%
10/15/2021,59.05,59.15,59.35,59,1.25M,-0.51%
10/14/2021,59.35,59.95,60,59.35,731.42K,-1.90%
10/13/2021,60.5,60.6,60.95,60.4,895.70K,-0.82%
10/12/21,61,60.5,61.13,60.46,993.28K,0.41%
10/11/21,60.75,60.55,60.8,60,970.67K,0.75%
10/08/21,60.3,59.85,60.45,59.8,1.23M,0.33%
10/07/21,60.1,60.05,60.15,59.6,1.32M,-0.74%
10/06/21,60.55,61.5,61.7,60.55,1.46M,-0.82%
10/05/21,61.05,61.65,61.65,60.6,1.35M,-1.21%
10/04/21,61.8,60.85,62.25,60.8,2.13M,1.98%
10/01/21,60.6,60.95,61.55,60.38,1.72M,-0.57%
09/30/2021,60.95,60.45,61,60.15,1.73M,0.49%
09/29/2021,60.65,60.45,60.85,60.04,1.40M,0.00%
09/28/2021,60.65,59.75,60.7,59.6,2.25M,2.97%
09/27/2021,58.9,58.9,59.38,58.8,1.49M,0.77%
09/24/2021,58.45,58.9,58.95,58.4,1.44M,-0.17%
09/23/2021,58.55,58.9,59,58.4,1.07M,-1.01%
09/22/2021,59.15,59.45,59.7,58.85,1.34M,-0.84%
09/21/2021,59.65,59.45,59.85,59.2,1.80M,-0.08%
09/20/2021,59.7,59.5,60.5,59.16,2.77M,2.14%
09/17/2021,58.45,57.9,58.7,57.9,1.44M,1.04%
09/16/2021,57.85,58.05,58.4,57.75,831.93K,-0.09%
09/15/2021,57.9,58.3,58.62,57.8,940.65K,-0.77%
09/14/2021,58.35,57.95,58.49,57.8,1.03M,0.34%
09/13/2021,58.15,57.75,58.5,57.65,1.01M,0.00%
09/10/21,58.15,57.45,58.18,57.3,923.93K,0.78%
09/09/21,57.7,57.4,57.72,57.26,645.35K,0.35%
09/08/21,57.5,57.35,57.85,57.35,1.20M,0.44%
09/07/21,57.25,57.35,57.55,57.2,758.00K,-0.26%
09/03/21,57.4,57.7,57.75,57.3,701.45K,-0.17%
09/02/21,57.5,57.35,57.75,57.25,589.58K,0.00%
09/01/21,57.5,57.5,57.55,57.2,678.19K,-0.26%
08/31/2021,57.65,57.5,57.9,57.5,667.16K,0.17%
08/30/2021,57.55,58.15,58.15,57.5,757.12K,-1.12%
08/27/2021,58.2,58.7,58.8,58.15,733.04K,-1.02%
08/26/2021,58.8,58.6,58.9,58.49,792.17K,0.51%
08/25/2021,58.5,58.5,58.6,58.35,583.14K,0.00%
08/24/2021,58.5,58.55,58.7,58.4,765.13K,-0.26%
08/23/2021,58.65,59.4,59.42,58.55,875.34K,-1.59%
08/20/2021,59.6,60.1,60.1,59.53,808.21K,-1.08%
08/19/2021,60.25,60.85,60.9,59.94,1.44M,-0.41%
08/18/2021,60.5,60.05,60.55,59.8,658.66K,0.92%
08/17/2021,59.95,59.9,60.35,59.7,1.09M,0.93%
08/16/2021,59.4,59.65,60.28,59.4,809.39K,-0.08%
08/13/2021,59.45,59.65,59.67,59.4,549.62K,-0.25%
08/12/21,59.6,60,60.17,59.6,533.37K,-0.42%
08/11/21,59.85,59.6,60.1,59.45,754.65K,0.08%
08/10/21,59.8,59.4,59.95,59.3,791.51K,0.50%
08/09/21,59.5,59.5,59.67,59.35,517.13K,399.58%
08/08/21,11.91,11.91,11.91,11.91,,0.00%
08/07/21,11.91,11.91,11.91,11.91,,-80.00%
08/06/21,59.55,59.5,59.78,59.39,469.87K,0.42%
08/05/21,59.3,59.55,59.65,59.3,435.42K,-0.75%
08/04/21,59.75,59.85,60,59.55,834.64K,-0.17%
08/03/21,59.85,60.05,60.6,59.75,1.11M,-0.50%
08/02/21,60.15,59.85,60.25,59.78,1.19M,0.00%
07/30/2021,60.15,60.55,60.55,60.05,880.47K,0.59%
07/29/2021,59.8,60.1,60.1,59.65,671.56K,-0.25%
07/28/2021,59.95,59.95,60.4,59.7,1.21M,-0.42%
07/27/2021,60.2,59.6,60.9,59.6,1.29M,1.09%
07/26/2021,59.55,59.65,59.85,59.46,489.55K,-0.17%
07/23/2021,59.65,60.1,60.3,59.55,929.59K,-1.08%
07/22/2021,60.3,60.65,60.65,60.3,866.48K,-0.66%
07/21/2021,60.7,61.25,61.3,60.7,1.11M,-0.82%
07/20/2021,61.2,61.75,62.05,60.9,1.39M,-1.05%
07/19/2021,61.85,62.05,62.35,61.8,2.33M,0.65%
07/16/2021,61.45,60.75,61.45,60.6,1.41M,0.90%
07/15/2021,60.9,60.45,61.25,60.45,1.71M,0.66%
07/14/2021,60.5,60.25,60.65,60.08,1.78M,-0.25%
07/13/2021,60.65,60.65,60.75,60.1,1.59M,0.08%
07/12/21,60.6,60.6,60.85,60.55,831.77K,-0.41%
07/09/21,60.85,61.3,61.4,60.75,1.28M,-0.65%
07/08/21,61.25,61.75,61.95,61.06,2.62M,0.66%
07/07/21,60.85,60.65,61.2,60.58,2.27M,-0.25%
07/06/21,61,61.15,61.63,60.95,1.44M,398.77%
07/05/21,12.23,12.23,12.23,12.23,,0.00%
07/04/21,12.23,12.23,12.23,12.23,,0.00%
07/03/21,12.23,12.23,12.23,12.23,,-80.00%
07/02/21,61.15,61.6,61.7,61.15,1.33M,-1.37%
07/01/21,62,62.05,62.3,61.9,1.28M,0.08%
06/30/2021,61.95,61.95,62.1,61.85,1.11M,0.08%
06/29/2021,61.9,62.15,62.3,61.9,865.14K,-0.24%
06/28/2021,62.05,62.7,62.7,62.05,1.29M,-1.35%
06/25/2021,62.9,62.75,63,62.65,1.53M,0.16%
06/24/2021,62.8,62.85,62.94,62.55,1.63M,-0.71%
06/23/2021,63.25,63.2,63.35,63,1.19M,0.00%
06/22/2021,63.25,63.9,63.9,63.15,1.11M,-0.86%
06/21/2021,63.8,64.3,64.63,63.78,1.26M,-0.78%
06/18/2021,64.3,64.1,64.36,63.85,1.99M,0.94%
06/17/2021,63.7,64.75,64.78,63.55,1.97M,-1.39%
06/16/2021,64.6,64.25,65.25,64.05,1.62M,0.39%
06/15/2021,64.35,64.05,64.5,63.93,1.12M,0.63%
06/14/2021,63.95,64.5,64.65,63.9,791.10K,-0.93%
06/11/21,64.55,64.75,64.84,64.55,554.86K,-0.23%
06/10/21,64.7,65.3,65.4,64.7,1.12M,-1.15%
06/09/21,65.45,65.05,65.45,65,1.03M,0.00%
06/08/21,65.45,65.05,65.72,64.9,944.60K,-0.08%
06/07/21,65.5,65.75,65.88,65.45,768.23K,-0.15%
06/04/21,65.6,66.45,66.45,65.55,1.11M,-1.80%
06/03/21,66.8,66.7,67.15,66.4,1.54M,0.98%
06/02/21,66.15,66.1,66.45,65.95,865.67K,-0.15%
06/01/21,66.25,65.75,66.5,65.65,1.01M,0.30%
05/28/2021,66.05,66,66.08,65.7,837.80K,-0.23%
05/27/2021,66.2,66.05,66.25,65.9,1.15M,0.23%
05/26/2021,66.05,66.05,66.24,65.9,826.49K,-0.23%
05/25/2021,66.2,65.9,66.45,65.85,1.38M,-0.23%
05/24/2021,66.35,67,67,66.05,1.24M,-1.56%
05/21/2021,67.4,66.65,67.55,66.65,1.61M,0.52%
05/20/2021,67.05,68.05,68.1,66.9,1.36M,-1.97%
05/19/2021,68.4,69.7,69.72,68.38,1.56M,0.00%
05/18/2021,68.4,67.8,68.55,67.6,939.35K,0.59%
05/17/2021,68,68,68.65,67.85,1.25M,0.59%
05/14/2021,67.6,68.4,68.55,67.4,1.60M,-2.31%
05/13/2021,69.2,69.05,69.7,68.5,2.16M,-0.72%
05/12/21,69.7,68.95,69.9,68.53,2.68M,2.65%
05/11/21,67.9,69.1,69.3,67.75,3.08M,-0.07%
05/10/21,67.95,66.46,67.95,66.45,2.02M,2.72%
05/07/21,66.15,66.1,66.4,65.7,2.33M,-0.90%
05/06/21,66.75,67.3,67.75,66.7,2.19M,-0.74%
05/05/21,67.25,66.6,67.4,66.4,1.48M,0.30%
05/04/21,67.05,66.4,67.75,66.29,2.30M,1.82%
05/03/21,65.85,65.25,65.94,65.1,1.35M,0.46%
04/30/2021,65.55,65.6,65.68,65.07,1.39M,0.61%
04/29/2021,65.15,64.55,65.7,64.55,2.13M,-0.31%
04/28/2021,65.35,65.15,65.43,64.95,1.28M,0.46%
04/27/2021,65.05,64.7,65.25,64.7,1.29M,0.46%
04/26/2021,64.75,65.2,65.3,64.75,1.27M,-0.77%
04/23/2021,65.25,65.95,65.95,64.95,1.10M,-1.21%
04/22/2021,66.05,65.4,66.3,65.15,2.08M,1.30%
04/21/2021,65.2,66.15,66.35,65.2,1.25M,-1.06%
04/20/2021,65.9,65.55,66.25,65.25,1.92M,0.92%
04/19/2021,65.3,65.05,65.75,64.85,1.76M,0.77%
04/16/2021,64.8,64.75,65.15,64.75,1.21M,0.00%
04/15/2021,64.8,65.2,65.28,64.79,1.50M,-1.67%
04/14/2021,65.9,65.05,66.04,65.04,1.87M,1.38%
04/13/2021,65,65.55,65.56,65,1.19M,-1.37%
04/12/21,65.9,65.95,66.25,65.78,1.17M,0.15%
04/09/21,65.8,66.5,66.59,65.7,1.01M,-0.60%
04/08/21,66.2,66.3,66.45,66.15,760.01K,-0.97%
04/07/21,66.85,67.1,67.32,66.7,621.88K,-0.37%
04/06/21,67.1,67,67.2,66.65,806.81K,0.15%
04/05/21,67,67.8,67.9,66.85,908.64K,-1.98%
04/01/21,68.35,68.7,68.75,68.35,857.42K,-1.73%
03/31/2021,69.55,70.2,70.3,69.2,1.69M,-1.49%
03/30/2021,70.6,70.7,71.25,70.5,898.46K,0.43%
03/29/2021,70.3,70.35,71.05,70.05,1.24M,0.07%
03/26/2021,70.25,71.4,71.75,70.2,1.45M,-1.61%
03/25/2021,71.4,71.65,72.25,71,1.85M,0.28%
03/24/2021,71.2,69.75,71.3,69.75,1.35M,1.57%
03/23/2021,70.1,69.45,70.2,69.2,1.33M,0.50%
03/22/2021,69.75,70.5,70.55,69.25,1.16M,-1.83%
03/19/2021,71.05,71.4,71.85,70.7,1.58M,-0.42%
03/18/2021,71.35,70.3,71.4,70.05,2.02M,3.18%
03/17/2021,69.15,70.2,70.55,68.8,1.37M,-0.43%
03/16/2021,69.45,69.4,69.8,68.7,1.03M,-0.57%
03/15/2021,69.85,70.6,70.92,69.85,1.03M,-1.06%
03/12/21,70.6,70.95,71.54,70.6,1.45M,0.71%
03/11/21,70.1,70.6,70.8,69.65,1.37M,-2.23%
03/10/21,71.7,70.55,71.9,70.45,1.89M,0.28%
03/09/21,71.5,72.61,72.7,71.05,2.02M,-3.96%
03/08/21,74.45,72.53,74.6,72.1,2.60M,2.83%
03/05/21,72.4,72.9,75.14,72.2,3.28M,-1.50%
03/04/21,73.5,72.48,74.5,71.7,3.92M,1.59%
03/03/21,72.35,70.6,72.4,70.35,1.74M,2.84%
03/02/21,70.35,69.05,70.39,69.05,992.74K,1.52%
03/01/21,69.3,70.2,70.5,69.15,1.34M,-2.74%
02/26/2021,71.25,71,72.1,70.25,2.31M,-0.70%
02/25/2021,71.75,69.9,72,69.3,2.84M,3.54%
02/24/2021,69.3,70.4,71.03,69.2,1.30M,-0.79%
02/23/2021,69.85,70.75,72.07,69.5,2.71M,0.36%
02/22/2021,69.6,68.85,69.7,68.55,1.17M,2.43%
02/19/2021,67.95,67.25,68.05,67.25,761.80K,0.59%
02/18/2021,67.55,68.1,68.44,67.45,889.19K,0.45%
02/17/2021,67.25,67.6,68.05,67.25,816.86K,0.37%
02/16/2021,67,66.6,67.2,66.45,652.98K,0.37%
02/12/21,66.75,67.35,67.55,66.75,555.86K,-0.67%
02/11/21,67.2,67.25,67.65,67.1,724.58K,-0.44%
02/10/21,67.5,67.1,68.2,67,1.04M,0.15%
02/09/21,67.4,67.6,67.6,67.15,667.19K,0.00%
02/08/21,67.4,67.5,67.85,67.35,524.55K,-0.59%
02/05/21,67.8,67.9,68.2,67.65,652.62K,-0.44%
02/04/21,68.1,68.55,68.86,68.05,463.37K,-1.23%
02/03/21,68.95,68.2,68.95,68.1,505.66K,0.44%
02/02/21,68.65,69.1,69.15,68.35,1.19M,-1.51%
02/01/21,69.7,70.7,71.2,69.55,1.04M,-2.52%
01/29/2021,71.5,70.4,71.95,70.2,1.33M,2.07%
01/28/2021,70.05,70.25,70.39,68.95,849.81K,-0.64%
01/27/2021,70.5,69.05,70.91,69.05,1.97M,2.84%
01/26/2021,68.55,68.5,68.88,68.38,784.00K,-0.07%
01/25/2021,68.6,68.55,70.13,68.2,1.29M,-1.01%
01/22/2021,69.3,69.3,69.4,69.05,374.21K,0.43%
01/21/2021,69,69.35,69.6,68.9,552.95K,-0.86%
01/20/2021,69.6,70.5,70.54,69.4,844.85K,-2.32%
01/19/2021,71.25,71.85,72.05,71.15,483.85K,-1.45%
01/15/2021,72.3,71.8,72.65,71.64,615.28K,0.77%
01/14/2021,71.75,71.3,71.9,71.06,332.20K,0.56%
01/13/2021,71.35,71.8,71.95,71.22,384.85K,-0.70%
01/12/21,71.85,71.8,72.51,71.54,566.67K,0.14%
01/11/21,71.75,71.4,71.93,71.18,474.91K,1.49%
01/08/21,70.7,71.15,71.7,70.7,782.49K,-1.33%
01/07/21,71.65,72.8,72.81,71.5,907.21K,-2.45%
01/06/21,73.45,73.55,73.82,72.45,1.30M,1.38%
01/05/21,72.45,73.35,73.35,72.43,434.33K,-0.82%
01/04/21,73.05,71.75,74.05,71.7,774.50K,1.39%
12/31/2020,72.05,72.2,72.5,71.95,496.36K,-0.35%
12/30/2020,72.3,72,72.4,71.9,546.15K,0.00%
12/29/2020,72.3,72,72.45,71.85,545.11K,-0.07%
12/28/2020,72.35,72.35,72.85,72.2,305.82K,-1.03%
12/24/2020,73.1,73.25,73.3,72.95,141.34K,-0.41%
12/23/2020,73.4,72.95,73.4,72.9,514.58K,0.55%
12/22/2020,73,73,73.68,72.79,346.18K,-0.34%
12/21/2020,73.25,73.8,74.45,73.07,705.03K,0.14%
12/18/2020,73.15,72.65,73.6,72.64,397.85K,0.34%
12/17/2020,72.9,72.9,73.25,72.8,529.00K,-0.61%
12/16/2020,73.35,73.6,73.9,73.15,347.20K,-0.47%
12/15/2020,73.7,74,74.5,73.7,440.46K,-1.14%
12/14/2020,74.55,74.75,74.79,74.05,600.51K,-0.67%
12/11/20,75.05,75.4,75.95,75.05,677.92K,0.13%
12/10/20,74.95,75.8,76.05,74.65,735.55K,-0.27%
12/09/20,75.15,73.65,75.5,73.55,980.70K,2.11%
12/08/20,73.6,73.95,74.35,73.5,537.48K,-0.34%
12/07/20,73.85,74.25,74.25,73.75,426.30K,-0.54%
12/04/20,74.25,74.5,74.7,74.2,449.97K,-0.34%
12/03/20,74.5,74.55,74.72,74.15,414.72K,-0.20%
12/02/20,74.65,75.1,75.5,74.56,351.95K,-0.07%
12/01/20,74.7,75.15,75.43,74.32,753.20K,-1.39%
11/30/2020,75.75,75.8,76.95,75.65,582.04K,-0.13%
11/27/2020,75.85,76.1,76.18,75.6,460.84K,-0.91%
11/25/2020,76.55,76.8,77.03,76.43,329.95K,-0.71%
11/24/2020,77.1,77.9,78.38,76.95,728.15K,-1.28%
11/23/2020,78.1,77.95,78.8,77.55,535.05K,-0.19%
11/20/2020,78.25,77.65,78.25,77.48,407.94K,0.77%
11/19/2020,77.65,78.45,78.6,77.57,409.80K,-0.89%
11/18/2020,78.35,77.8,78.35,77.4,451.01K,0.84%
11/17/2020,77.7,77.4,77.85,77.3,506.17K,0.19%
11/16/2020,77.55,78.2,78.3,77.35,543.63K,-0.58%
11/13/2020,78,78.35,78.9,77.9,647.66K,-1.02%
11/12/20,78.8,78.15,79.1,77.8,823.55K,0.57%
11/11/20,78.35,79.55,79.6,78.25,680.30K,-2.25%
11/10/20,80.15,79.65,80.96,79.32,1.68M,1.71%
11/09/20,78.8,76.45,78.9,76.05,3.21M,2.01%
11/06/20,77.25,77.55,78.5,77.05,770.11K,0.06%
11/05/20,77.2,77.55,77.95,77,1.54M,-2.77%
11/04/20,79.4,80.25,80.86,78.8,3.01M,-4.45%
11/03/20,83.1,83.9,84.25,82.4,1.08M,-1.66%
11/02/20,84.5,84,85.49,83.4,1.23M,-0.24%
10/30/2020,84.7,83.2,85.45,83,2.53M,2.54%
10/29/2020,82.6,83.75,83.85,81.69,879.08K,-1.78%
10/28/2020,84.1,82.25,84.2,82.15,1.97M,3.89%
10/27/2020,80.95,81.4,81.68,80.7,430.20K,-0.80%
10/26/2020,81.6,81.2,82.65,80.25,1.25M,1.56%
10/23/2020,80.35,80.35,81.25,80.35,536.99K,-0.31%
10/22/2020,80.6,80.35,81.53,80.05,762.20K,0.12%
10/21/2020,80.5,80.4,80.7,79.68,569.51K,0.06%
10/20/2020,80.45,80.5,80.95,79.6,881.45K,-0.31%
10/19/2020,80.7,78.8,80.97,78.6,1.10M,1.57%
10/16/2020,79.45,78.55,79.45,78.1,688.98K,0.63%
10/15/2020,78.95,79.8,79.95,78.8,885.68K,0.70%
10/14/2020,78.4,77.55,78.9,77.34,752.90K,0.84%
10/13/2020,77.75,77.25,78.15,77.15,885.29K,0.13%
10/12/20,77.65,78.85,79.2,76.98,1.46M,-3.30%
10/09/20,80.3,81.05,81.15,80.25,675.13K,-1.41%
10/08/20,81.45,81.25,81.85,81.2,560.66K,-0.49%
10/07/20,81.85,82.55,82.75,81.7,656.63K,-1.80%
10/06/20,83.35,82.15,83.65,81.65,1.12M,1.71%
10/05/20,81.95,83.2,83.2,81.85,724.26K,388.96%
10/04/20,16.76,16.76,16.76,16.76,,0.00%
10/03/20,16.76,16.76,16.76,16.76,,-80.00%
10/02/20,83.8,83.28,84,82.2,1.77M,2.95%
10/01/20,81.4,81.55,82.2,81.25,948.46K,-1.63%
09/30/2020,82.75,83.35,83.35,81.8,1.18M,-0.72%
09/29/2020,83.35,83.15,83.5,82.82,568.14K,0.42%
09/28/2020,83,83.2,84,83,1.59M,389.68%
09/27/2020,16.95,16.95,16.95,16.95,,0.00%
09/26/2020,16.95,16.95,16.95,16.95,,-80.00%
09/25/2020,84.75,86.55,87.11,84.47,975.85K,-2.25%
09/24/2020,86.7,88.15,88.15,85.7,2.02M,-0.57%
09/23/2020,87.2,84.75,87.5,84.7,1.74M,3.07%
09/22/2020,84.6,85.3,86.5,84.4,961.18K,-1.91%
09/21/2020,86.25,87.9,88.6,86.15,1.94M,-0.46%
09/18/2020,86.65,85.05,87.88,84.95,1.77M,1.35%
09/17/2020,85.5,86.31,86.6,84.8,1.62M,1.54%
09/16/2020,84.2,82.55,84.25,82.45,760.60K,1.69%
09/15/2020,82.8,82.9,83.35,82.4,985.55K,-1.49%
09/14/2020,84.05,84.35,84.65,83.35,951.84K,391.52%
09/13/2020,17.1,17.1,17.1,17.1,,-80.00%
09/11/20,85.5,84.35,86.6,84.03,1.83M,0.59%
09/10/20,85,82.3,85.45,82,2.59M,2.10%
09/09/20,83.25,84.03,84.85,82.6,1.85M,-2.92%
09/08/20,85.75,85.2,85.9,83.4,3.74M,4.76%
09/04/20,81.85,81.3,85.18,80.35,4.55M,1.17%
09/03/20,80.9,78.05,81.58,77.95,3.63M,5.13%
09/02/20,76.95,76.75,78.4,76.75,1.36M,-0.97%
09/01/20,77.7,78.3,78.75,77.6,1.14M,-1.52%
08/31/2020,78.9,79.45,79.65,78.5,898.26K,394.98%
08/30/2020,15.94,15.94,15.94,15.94,,-80.00%
08/28/2020,79.7,79.75,80.05,79.47,868.38K,-0.50%
08/27/2020,80.1,79.55,80.7,79.3,1.37M,0.31%
08/26/2020,79.85,81.25,81.25,79.75,931.65K,-2.08%
08/25/2020,81.55,82.45,82.55,81.53,742.12K,-0.79%
08/24/2020,82.2,81.8,82.9,81.5,862.76K,396.68%
08/23/2020,16.55,16.55,16.55,16.55,,-80.00%
08/21/2020,82.75,83.3,83.44,82.6,860.79K,-0.72%
08/20/2020,83.35,84.75,84.84,83.15,900.06K,-1.30%
08/19/2020,84.45,83.9,84.6,83.6,877.84K,0.60%
08/18/2020,83.95,84.45,84.85,83.75,808.38K,-0.94%
08/17/2020,84.75,85.15,85.2,84.63,747.25K,-1.11%
08/14/2020,85.7,85.45,86.15,85.35,602.86K,0.06%
08/13/2020,85.65,85.6,85.95,84.9,874.29K,-0.17%
08/12/20,85.8,87.35,87.35,85.52,1.43M,-2.61%
08/11/20,88.1,86.85,88.22,86.4,1.39M,1.97%
08/10/20,86.4,85.95,87.55,85.9,956.36K,402.33%
08/09/20,17.2,17.2,17.2,17.2,,0.00%
08/08/20,17.2,17.2,17.2,17.2,,-80.00%
08/07/20,86,85.3,86.75,85,866.98K,1.12%
08/06/20,85.05,86.3,86.45,84.95,823.72K,-1.28%
08/05/20,86.15,86.28,86.6,86.05,757.46K,-0.29%
08/04/20,86.4,87,87.2,86.4,1.29M,-0.40%
08/03/20,86.75,87.25,87.25,86.5,1.06M,392.90%
08/02/20,17.6,17.6,17.6,17.6,,-80.00%
07/31/2020,88,87.9,89.65,87.9,1.55M,-1.68%
07/30/2020,89.5,90.75,91.15,89.38,1.47M,-0.56%
07/29/2020,90,90.5,90.7,89.72,870.69K,-1.15%
07/28/2020,91.05,90.25,91.2,90.03,892.83K,1.17%
07/27/2020,90,91,91.25,89.8,884.06K,391.27%
07/26/2020,18.32,18.32,18.32,18.32,,0.00%
07/25/2020,18.32,18.32,18.32,18.32,,-80.00%
07/24/2020,91.6,92.15,93.1,91.1,2.06M,0.94%
07/23/2020,90.75,88.6,91.22,88.3,2.10M,2.60%
07/22/2020,88.45,88.6,89.25,88.1,1.15M,-0.34%
07/21/2020,88.75,87.3,89.03,87.25,1.62M,1.08%
07/20/2020,87.8,90.15,90.6,87.6,1.38M,-2.93%
07/17/2020,90.45,90.35,91.2,90.1,1.06M,-0.17%
07/16/2020,90.6,90.9,91.7,90.28,1.23M,0.72%
07/15/2020,89.95,89.6,91.07,89.25,1.66M,-0.06%
07/14/2020,90,91.6,92.75,89.93,2.49M,-0.77%
07/13/2020,90.7,87.95,91,86.95,2.34M,410.12%
07/12/20,17.78,17.78,17.78,17.78,,0.00%
07/11/20,17.78,17.78,17.78,17.78,,-80.00%
07/10/20,88.9,89.6,90.52,88.8,1.24M,-0.67%
07/09/20,89.5,89.65,91.07,89.3,1.65M,-0.94%
07/08/20,90.35,91,91.5,90.25,971.58K,-1.31%
07/07/20,91.55,90.95,91.6,90,1.02M,0.77%
07/06/20,90.85,91.9,91.95,90.65,1.20M,387.13%
07/05/20,18.65,18.65,18.65,18.65,,0.00%
07/04/20,18.65,18.65,18.65,18.65,,-80.00%
07/02/20,93.25,92.9,93.35,92.4,1.07M,-0.64%
07/01/20,93.85,94.95,95.1,93.45,1.58M,-1.21%
06/30/2020,95,96.8,96.9,94.7,1.25M,-1.86%
06/29/2020,96.8,98.05,99.05,96.8,1.58M,-1.17%
06/26/2020,97.95,95.8,98.07,95.65,1.59M,2.46%
06/25/2020,95.6,96.55,97.55,95.5,1.60M,-0.93%
06/24/2020,96.5,95,97.15,94.45,2.29M,2.01%
06/23/2020,94.6,94.8,95,93.7,1.16M,-0.89%
06/22/2020,95.45,96.55,96.75,95.35,550.50K,-1.14%
06/19/2020,96.55,95.55,97.3,95.5,1.47M,0.00%
06/18/2020,96.55,97,97.25,96.45,660.70K,-0.36%
06/17/2020,96.9,96.55,97.15,96.1,722.51K,-0.15%
06/16/2020,97.05,96.7,98.65,96.5,1.67M,-1.82%
06/15/2020,98.85,101.6,101.95,98.55,1.42M,-1.20%
06/12/20,100.05,98.6,101.85,98.15,2.55M,-0.74%
06/11/20,100.8,97.7,100.9,97.2,2.15M,4.95%
06/10/20,96.05,96.65,96.8,95.45,1.25M,-1.34%
06/09/20,97.35,98.45,98.45,96.95,666.21K,-0.61%
06/08/20,97.95,98.8,99.5,97.95,606.88K,395.70%
06/07/20,19.76,19.76,19.76,19.76,,-80.00%
06/05/20,98.8,100.35,100.5,98.5,1.27M,-1.94%
06/04/20,100.75,100.3,101.35,99.6,1.45M,0.65%
06/03/20,100.1,100.25,100.65,99.8,577.50K,-0.40%
06/02/20,100.5,101.1,102.15,100.5,783.94K,-0.64%
06/01/20,101.15,101.95,102.1,101.05,592.47K,-0.59%
05/29/2020,101.75,102.9,103.6,101.45,1.49M,-1.36%
05/28/2020,103.15,103.55,103.55,101.5,1.09M,0.19%
05/27/2020,102.95,103.7,105.8,102.9,1.26M,-0.53%
05/26/2020,103.5,101.55,103.6,101.5,699.50K,0.29%
05/22/2020,103.2,103.85,104.2,103.15,819.81K,-0.43%
05/21/2020,103.65,102.5,103.83,102.15,1.38M,1.12%
05/20/2020,102.5,103.4,103.4,102.31,596.75K,-1.96%
05/19/2020,104.55,104.15,104.65,103.2,801.67K,0.24%
05/18/2020,104.3,104.8,105.2,103.8,985.96K,-1.84%
05/15/2020,106.25,108.5,108.7,106.25,929.77K,-0.70%
05/14/2020,107,108.9,109.85,107,1.08M,-1.06%
05/13/2020,108.15,106.6,109.5,105.7,1.76M,1.17%
05/12/20,106.9,104.4,106.9,104.18,1.02M,2.00%
05/11/20,104.8,106.35,106.43,104.2,529.85K,-0.80%
05/08/20,105.65,106.35,106.8,105.6,673.81K,-1.40%
05/07/20,107.15,107.15,107.8,106.71,848.70K,-1.24%
05/06/20,108.5,108.3,108.97,107.53,716.36K,-0.64%
05/05/20,109.2,109.35,109.6,107.95,799.53K,-1.09%
05/04/20,110.4,112.4,112.6,110.35,967.01K,393.52%
05/03/20,22.37,22.37,22.37,22.37,,0.00%
05/02/20,22.37,22.37,22.37,22.37,,-80.00%
05/01/20,111.85,110.95,112.3,109.86,921.83K,2.99%
04/30/2020,108.6,108.2,109.5,108.2,1.08M,-0.23%
04/29/2020,108.85,110.14,110.7,108.15,974.83K,-3.42%
04/28/2020,112.7,109.75,112.8,109.65,1.09M,1.85%
04/27/2020,110.65,110.3,111.1,110.03,657.70K,-0.67%
04/24/2020,111.4,113.05,113.82,111.25,697.73K,-1.68%
04/23/2020,113.3,112.65,113.5,111.2,1.07M,0.27%
04/22/2020,113,114,114.55,112.3,691.44K,-3.00%
04/21/2020,116.5,113.5,117.15,113.2,1.41M,3.65%
04/20/2020,112.4,112.15,112.4,110.7,638.16K,1.12%
04/17/2020,111.15,110.6,112.72,110.4,1.26M,-0.76%
04/16/2020,112,112.9,114,111.5,922.83K,-1.84%
04/15/2020,114.1,114.7,115.4,113.25,646.25K,1.11%
04/14/2020,112.85,115.64,116.05,112.6,1.31M,-4.40%
04/13/2020,118.05,119.8,120.57,117.75,1.06M,-1.17%
04/09/20,119.45,118.45,120.45,117.95,1.71M,-0.17%
04/08/20,119.65,121,122.15,119.2,1.11M,-2.17%
04/07/20,122.3,118.5,122.35,118.25,1.61M,0.12%
04/06/20,122.15,126.45,127.3,121.35,1.36M,-7.11%
04/03/20,131.5,130.15,132.95,128.95,678.95K,1.39%
04/02/20,129.7,133,133.35,129.55,1.30M,-1.97%
04/01/20,132.3,130.8,133.35,128.85,1.55M,4.13%
03/31/2020,127.05,126.2,127.8,123.85,1.38M,0.87%
03/30/2020,125.95,129.55,129.9,125.6,1.48M,381.28%
03/28/2020,26.17,26.17,26.17,26.17,,-80.00%
03/27/2020,130.85,129.7,131.15,127.35,1.50M,3.48%
03/26/2020,126.45,132.4,132.45,125.9,2.07M,-5.35%
03/25/2020,133.6,131.9,135.15,128.3,2.11M,0.64%
03/24/2020,132.75,135.4,137.54,132.6,2.02M,-7.68%
03/23/2020,143.8,143.65,148.5,140.7,2.44M,399.13%
03/21/2020,28.81,28.81,28.81,28.81,,-80.00%
03/20/2020,144.05,135.25,144.4,134.55,2.36M,4.08%
03/19/2020,138.4,140.15,143.45,133.8,2.04M,-0.86%
03/18/2020,139.6,143.6,146.9,137.7,2.43M,2.80%
03/17/2020,135.8,141.45,146.05,133.65,3.83M,-6.05%
03/16/2020,144.55,144,146.2,135.95,3.99M,457.03%
03/14/2020,25.95,25.95,25.95,25.95,,-80.00%
03/13/2020,129.75,135.05,142.45,129.3,4.27M,-9.39%
03/12/20,143.2,140.45,143.45,134.25,4.51M,9.15%
03/11/20,131.2,128.65,132.7,127.8,1.97M,4.38%
03/10/20,125.7,127.8,132.85,125.6,1.82M,-5.35%
03/09/20,132.8,135,139.3,128.4,2.12M,6.88%
03/06/20,124.25,126.4,127.2,123.65,4.21M,1.72%
03/05/20,122.15,121.6,123.05,119.63,1.60M,2.95%
03/04/20,118.65,121.4,122.6,118.53,2.15M,-4.08%
03/03/20,123.7,119.4,124.7,118.1,4.74M,3.21%
03/02/20,119.85,124.4,126.2,119.79,2.85M,-4.84%
02/28/2020,125.95,130.65,131,125.45,8.14M,-0.32%
02/27/2020,126.35,123.45,126.45,121.55,3.50M,5.03%
02/26/2020,120.3,120.2,121.2,118.25,2.34M,-0.46%
02/25/2020,120.85,116.7,121.25,116.4,2.63M,2.72%
02/24/2020,117.65,117.55,118.3,116.33,1.59M,3.75%
02/21/2020,113.4,111.8,113.8,111.6,865.92K,1.93%
02/20/2020,111.25,110.45,112.5,110.25,684.97K,1.00%
02/19/2020,110.15,110.5,110.65,109.91,242.07K,-0.94%
02/18/2020,111.2,111.8,111.9,111.01,318.53K,399.55%
02/17/2020,22.26,22.26,22.26,22.26,,-80.00%
02/14/2020,111.3,111.45,111.75,111.2,369.20K,-0.22%
02/13/2020,111.55,112.25,112.3,111.15,511.96K,0.13%
02/12/20,111.4,111.9,112.09,111.35,396.84K,-1.02%
02/11/20,112.55,111.85,112.8,111.5,539.80K,0.00%
02/10/20,112.55,114.25,114.25,112.5,502.22K,-1.19%
02/07/20,113.9,113.9,114.2,113.25,439.81K,0.53%
02/06/20,113.3,114,114.45,113.3,373.37K,-0.87%
02/05/20,114.3,113.3,115,113.3,544.17K,-0.44%
02/04/20,114.8,115.75,116.2,114.5,622.76K,-2.21%
02/03/20,117.4,118.6,118.7,117.15,448.38K,-1.51%
01/31/2020,119.2,116.85,119.6,116.85,648.62K,1.60%
01/30/2020,117.32,118.55,118.85,117.3,724.07K,-0.40%
01/29/2020,117.8,117.25,118.25,117.15,253.11K,-0.08%
01/28/2020,117.9,118.9,119.25,117.68,418.87K,-1.59%
01/27/2020,119.8,120,120.25,119.15,830.39K,2.09%
01/24/2020,117.35,115.8,117.85,115.75,492.49K,0.73%
01/23/2020,116.5,116.8,117.3,116.3,434.01K,-0.21%
01/22/2020,116.75,116.4,116.82,116.01,297.12K,-0.21%
01/21/2020,117,117.35,117.35,116.7,251.57K,0.09%
01/17/2020,116.9,117,117.6,116.88,254.28K,-0.55%
01/16/2020,117.55,118.1,118.3,117.5,224.09K,-0.93%
01/15/2020,118.65,118.65,119,118.08,277.59K,-0.04%
01/14/2020,118.7,118.25,118.8,118.07,300.51K,0.42%
01/13/2020,118.2,119.05,119.2,118.15,249.25K,-1.09%
01/10/20,119.5,118.75,119.74,118.75,196.85K,0.21%
01/09/20,119.25,119.25,119.95,119.05,333.76K,-0.83%
01/08/20,120.25,121.15,121.4,119.7,378.29K,-0.74%
01/07/20,121.15,121.1,121.5,120.82,259.89K,0.00%
01/06/20,121.15,122.9,123,121.1,275.22K,-0.57%
01/03/20,121.85,122.4,122.4,121.22,446.19K,0.83%
01/02/20,120.85,121.8,122.05,120.82,549.33K,-1.59%
12/31/2019,122.8,123.35,123.6,122.7,252.36K,-0.16%
12/30/2019,123,122.3,123.6,122.2,358.11K,0.65%
12/27/2019,122.2,121.65,122.5,121.65,421.81K,0.08%
12/26/2019,122.1,122.95,122.95,122.1,241.76K,-0.93%
12/24/2019,123.25,123.15,123.45,123.05,130.69K,-0.28%
12/23/2019,123.6,123.45,123.7,123.4,237.13K,-0.24%
12/20/2019,123.9,123.85,124.25,123.75,480.47K,-0.40%
12/19/2019,124.4,125.15,125.15,124.4,442.63K,-0.72%
12/18/2019,125.3,125.15,125.3,124.87,289.63K,-0.08%
12/17/2019,125.4,125.2,125.49,125.1,278.07K,0.00%
12/16/2019,125.4,125.8,125.8,125.15,350.14K,-0.95%
12/13/2019,126.6,127.1,127.35,126.2,492.84K,-0.31%
12/12/19,127,128.1,128.27,126.55,600.79K,-0.70%
12/11/19,127.9,128.35,128.55,127.85,486.32K,-0.58%
12/10/19,128.65,128.5,128.9,128.02,432.15K,0.12%
12/09/19,128.5,128.15,128.55,127.55,317.17K,0.39%
12/06/19,128,128.4,128.45,127.85,371.46K,-1.01%
12/05/19,129.3,129.1,129.95,129.1,304.23K,-0.15%
12/04/19,129.5,129.5,129.7,129.2,168.69K,-0.58%
12/03/19,130.25,130.95,131.6,130.15,432.25K,0.77%
12/02/19,129.25,127.8,129.9,127.8,424.71K,1.13%
11/29/2019,127.8,127.55,127.9,127.38,280.29K,0.39%
11/27/2019,127.3,127.85,127.95,127.25,308.25K,-0.62%
11/26/2019,128.1,128.3,128.5,127.95,278.17K,-0.19%
11/25/2019,128.35,129.35,129.35,128.35,271.31K,-1.19%
11/22/2019,129.9,129.65,130.6,129.6,427.39K,-0.08%
11/21/2019,130,129.85,130.35,129.75,545.80K,0.23%
11/20/2019,129.7,129.25,130.63,128.87,545.04K,0.66%
11/19/2019,128.85,128.6,129.35,128.56,335.46K,-0.19%
11/18/2019,129.1,129.35,129.88,128.85,328.25K,-0.19%
11/15/2019,129.35,129.35,129.74,129.25,345.05K,-0.58%
11/14/2019,130.1,130.5,130.89,130.02,246.98K,-0.04%
11/13/2019,130.15,130.45,130.55,129.85,396.86K,0.08%
11/12/19,130.05,130.3,130.45,129.57,361.92K,-0.27%
11/11/19,130.4,130.85,131.05,130.35,212.89K,0.12%
11/08/19,130.25,130.9,131.3,130.2,506.90K,-0.34%
11/07/19,130.7,130.45,131.09,129.85,585.38K,-0.31%
11/06/19,131.1,131,131.8,130.95,570.44K,0.15%
11/05/19,130.9,130.8,131.2,130.63,265.84K,0.00%
11/04/19,130.9,130.75,131.12,130.6,386.13K,-0.65%
11/01/19,131.75,132.25,132.52,131.65,721.54K,-0.90%
10/31/2019,132.95,132.55,133.63,132.48,647.44K,-0.04%
10/30/2019,133,133.3,134.05,132.7,528.42K,-0.37%
10/29/2019,133.5,132.7,133.57,132.55,382.93K,0.79%
10/28/2019,132.45,133.25,133.25,132.32,525.44K,-1.05%
10/25/2019,133.85,135.65,135.65,133.75,571.13K,-0.82%
10/24/2019,134.95,135.2,135.8,134.8,433.05K,-0.88%
10/23/2019,136.15,136.75,136.95,136.15,539.20K,-0.18%
10/22/2019,136.4,135,136.45,134.68,506.89K,0.78%
10/21/2019,135.35,135.9,136.2,135.3,326.96K,-0.92%
10/18/2019,136.6,135.4,137.2,135.2,461.29K,1.00%
10/17/2019,135.25,134.75,135.75,134.57,557.73K,-0.22%
10/16/2019,135.55,135.7,136,135.25,376.33K,0.22%
10/15/2019,135.25,136.55,136.6,134.9,538.76K,-1.24%
10/14/2019,136.95,137.15,137.3,136.55,288.23K,-0.04%
10/11/19,137,137.15,137.2,135.86,1.00M,-1.23%
10/10/19,138.7,139.75,139.85,138.2,777.16K,-0.68%
10/09/19,139.65,140,140.35,139.15,483.49K,-1.10%
10/08/19,141.2,140,141.2,139.37,878.56K,1.55%
10/07/19,139.05,139.1,139.3,138,462.83K,0.36%
10/04/19,138.55,140,140.11,138.45,602.80K,-1.49%
10/03/19,140.65,142.25,144,140.6,1.10M,-1.09%
10/02/19,142.2,140.75,142.95,140.75,882.00K,1.72%
10/01/19,139.8,138.15,140.05,137.35,540.02K,0.79%
09/30/2019,138.7,139.45,139.65,138.45,582.95K,-0.86%
09/27/2019,139.9,138,140.9,138,602.99K,1.23%
09/26/2019,138.2,137.85,139.2,137.8,389.55K,0.40%
09/25/2019,137.65,139.4,140.55,137.35,672.86K,-1.61%
09/24/2019,139.9,137.35,140.4,137.07,928.46K,1.38%
09/23/2019,138,138.1,138.5,137.55,255.11K,0.04%
09/20/2019,137.95,136.4,138.45,136.25,745.79K,1.03%
09/19/2019,136.55,136.55,136.8,135.7,311.83K,-0.18%
09/18/2019,136.8,137,138.4,136.7,264.66K,0.07%
09/17/2019,136.7,137.35,137.6,136.65,208.70K,-0.51%
09/16/2019,137.4,137.6,137.75,137.07,207.39K,0.51%
09/13/2019,136.7,136.45,136.9,136.17,356.10K,0.37%
09/12/19,136.2,135.9,136.35,135.2,775.76K,-0.37%
09/11/19,136.7,137.75,138.05,136.65,536.04K,-0.91%
09/10/19,137.95,138.4,139.25,137.95,698.46K,0.22%
09/09/19,137.65,136.95,138.32,136.9,471.17K,0.25%
09/06/19,137.3,136.95,137.65,136.9,484.73K,0.11%
09/05/19,137.15,138.15,138.25,136.77,714.19K,-1.83%
09/04/19,139.7,140.4,140.75,139.6,202.38K,-1.48%
09/03/19,141.8,141.35,142.2,140.65,286.78K,1.03%
08/30/2019,140.35,139.3,141.15,139.25,458.91K,0.25%
08/29/2019,140,140.4,140.96,139.6,517.02K,-1.55%
08/28/2019,142.2,143.15,143.8,141.95,391.27K,-0.28%
08/27/2019,142.6,141.35,143.2,141.12,574.88K,0.21%
08/26/2019,142.3,142.8,143.68,142.3,741.42K,-1.49%
08/23/2019,144.45,141,144.9,139.8,1.26M,3.14%
08/22/2019,140.05,139.35,141.15,139.05,331.95K,0.32%
08/21/2019,139.6,139.6,140.1,139.15,311.37K,-0.85%
08/20/2019,140.8,140,140.8,139.6,351.59K,0.72%
08/19/2019,139.8,140,140.4,139.45,276.13K,-1.51%
08/16/2019,141.95,143,143.01,141.63,387.44K,-1.56%
08/15/2019,144.2,143.75,145.35,143.5,601.12K,0.07%
08/14/2019,144.1,142.3,144.25,141.7,1.05M,3.08%
08/13/2019,139.8,143.1,143.3,138.9,978.41K,-2.24%
08/12/19,143,142.3,143.55,141.8,499.08K,1.10%
08/09/19,141.45,140.75,142.45,140.25,636.71K,0.96%
08/08/19,140.1,142.4,142.85,140.05,526.59K,-2.20%
08/07/19,143.25,145.45,146.45,142.9,979.83K,-0.42%
08/06/19,143.85,144.55,145.65,143.45,779.59K,-1.41%
08/05/19,145.9,143.85,147.03,143.82,1.85M,3.66%
08/02/19,140.75,139.9,141.71,139.75,1.25M,1.37%
08/01/19,138.85,137.9,139.5,135.35,1.16M,0.54%
07/31/2019,138.1,135.85,139.26,135.8,515.71K,1.40%
07/30/2019,136.2,136.65,136.73,135.7,386.77K,0.48%
07/29/2019,135.55,135.2,136.45,135.2,592.70K,0.26%
07/26/2019,135.2,135.65,135.75,134.95,193.29K,-1.02%
07/25/2019,136.6,135.7,136.75,135.7,277.22K,1.00%
07/24/2019,135.25,136.65,136.65,135.2,208.23K,-0.70%
07/23/2019,136.2,136.35,137.23,136.15,199.40K,-0.55%
07/22/2019,136.95,137.75,137.82,136.8,110.74K,-0.94%
07/19/2019,138.25,136.1,138.3,136.1,356.26K,0.95%
07/18/2019,136.95,137.9,138.35,136.9,312.65K,-0.18%
07/17/2019,137.2,136.55,137.25,136.33,333.93K,0.48%
07/16/2019,136.55,136.05,136.93,135.9,420.47K,0.48%
07/15/2019,135.9,136,136.3,135.75,599.63K,-0.29%
07/12/19,136.3,136.95,137,136.25,423.65K,-0.51%
07/11/19,137,136.65,137.5,136.4,390.22K,0.11%
07/10/19,136.85,137.45,137.7,136.5,375.05K,-0.98%
07/09/19,138.2,139.6,139.7,138.1,287.97K,-0.50%
07/08/19,138.9,138.85,139.5,138.8,458.91K,0.73%
07/05/19,137.9,138.55,139.15,137.75,309.65K,0.11%
07/03/19,137.75,138.35,138.5,137.65,179.82K,-0.68%
07/02/19,138.7,139.25,139.65,138.7,405.08K,-0.39%
07/01/19,139.25,138.4,139.85,138.25,233.46K,-1.28%
06/28/2019,141.05,140.95,141.57,140.8,235.64K,-0.11%
06/27/2019,141.2,141.3,141.6,140.92,171.98K,-0.42%
06/26/2019,141.8,141.55,141.98,140.65,204.33K,-0.42%
06/25/2019,142.4,140.15,142.6,140.03,401.61K,1.28%
06/24/2019,140.6,140.4,140.7,140.25,179.84K,-0.04%
06/21/2019,140.65,140.75,140.95,139.77,353.69K,0.18%
06/20/2019,140.4,139.7,141.43,139.7,390.20K,-0.85%
06/19/2019,141.6,141.9,142.8,141.35,569.71K,-0.42%
06/18/2019,142.2,142.65,142.9,141.15,599.30K,-1.52%
06/17/2019,144.4,144.9,144.98,143.9,136.00K,-0.52%
06/14/2019,145.15,145.35,145.7,144.8,165.30K,0.42%
06/13/2019,144.55,144.7,145.05,144.2,178.87K,-0.55%
06/12/19,145.35,144.95,145.55,144.6,515.72K,0.62%
06/11/19,144.45,143.1,144.95,142.88,719.23K,-0.21%
06/10/19,144.75,145.4,145.4,143.31,612.58K,-1.13%
06/07/19,146.4,148.5,148.6,145.75,1.00M,-1.84%
06/06/19,149.15,150.1,150.8,148.87,339.86K,-0.77%
06/05/19,150.3,150,151.9,150,553.46K,-0.79%
06/04/19,151.5,154.1,154.69,151.43,576.20K,-2.73%
06/03/19,155.75,152.9,156.57,152.5,853.54K,2.16%
05/31/2019,152.45,151.85,152.5,151.3,719.20K,1.67%
05/30/2019,149.95,150.15,150.9,149.6,523.73K,-0.46%
05/29/2019,150.65,150.25,151.4,149.8,563.05K,0.80%
05/28/2019,149.45,148.4,149.45,147.6,373.89K,0.44%
05/24/2019,148.8,147.85,148.98,147.4,335.09K,0.07%
05/23/2019,148.7,148.1,149.55,148.07,835.41K,1.61%
05/22/2019,146.35,146.6,146.6,145.6,628.29K,0.34%
05/21/2019,145.85,145.95,146.45,145.35,331.24K,-0.92%
05/20/2019,147.2,146.85,147.75,146.3,871.76K,1.62%
05/17/2019,144.85,144.7,144.9,142.8,372.01K,1.12%
05/16/2019,143.25,144.7,144.8,142.35,445.76K,-1.00%
05/15/2019,144.7,147.75,147.75,144.35,572.83K,-1.46%
05/14/2019,146.85,147.6,148.15,145.9,508.86K,-1.04%
05/13/2019,148.4,147.05,148.8,146.3,1.43M,3.49%
05/10/19,143.4,144.15,146.45,142.71,965.60K,-0.03%
05/09/19,143.45,144.35,145.6,143.05,681.22K,0.42%
05/08/19,142.85,142.85,143.3,141.7,565.25K,0.32%
05/07/19,142.4,141.2,143.65,140.6,762.01K,2.04%
05/06/19,139.55,141.75,141.95,139.42,226.19K,0.58%
05/03/19,138.75,139.85,140.05,138.65,255.41K,-1.60%
05/02/19,141,140.45,141.9,139.7,461.70K,0.36%
05/01/19,140.5,139.05,140.5,138.55,197.04K,0.39%
04/30/2019,139.95,140,140.85,139.65,214.00K,0.79%
04/29/2019,138.85,139.1,139.25,138.55,192.35K,-0.18%
04/26/2019,139.1,139.4,140.5,139.05,199.85K,-0.04%
04/25/2019,139.15,138.65,139.85,138.6,182.69K,-0.43%
04/24/2019,139.75,139.1,139.75,138.95,135.90K,0.36%
04/23/2019,139.25,140.7,140.85,139.02,165.99K,-1.24%
04/22/2019,141,142,142.05,140.95,134.56K,-0.25%
04/18/2019,141.35,141.3,142.2,141.3,307.45K,-0.14%
04/17/2019,141.55,141.15,141.95,140.9,273.61K,-0.32%
04/16/2019,142,141.95,142.4,141.7,256.99K,-0.28%
04/15/2019,142.4,142.45,143.4,142.28,102.56K,-0.04%
04/12/19,142.45,142.5,143.05,142.4,182.29K,-0.42%
04/11/19,143.05,142.45,143.32,142.45,129.75K,0.21%
04/10/19,142.75,143.25,143.4,142.65,125.40K,-0.52%
04/09/19,143.5,143.45,143.71,142.95,246.04K,0.42%
04/08/19,142.9,143.5,144.1,142.8,130.91K,-0.28%
04/05/19,143.3,143.5,143.75,143.21,209.71K,-0.45%
04/04/19,143.95,143.95,144.84,143.4,353.05K,0.03%
04/03/19,143.9,143.9,144.35,143,398.64K,-0.55%
04/02/19,144.7,145.1,145.5,144.6,246.17K,-0.31%
04/01/19,145.15,145.7,146.3,145.05,621.27K,-1.33%
03/29/2019,147.1,147.2,148.05,147.05,359.18K,-0.78%
03/28/2019,148.25,148.35,149.15,147.72,282.18K,-0.20%
03/27/2019,148.55,147.4,149.65,147.15,338.22K,0.61%
03/26/2019,147.65,147.2,148.35,146.28,345.65K,-0.40%
03/25/2019,148.25,148.55,149.4,147.8,631.87K,0.14%
03/22/2019,148.05,145.4,148.1,145.07,801.93K,2.24%
03/21/2019,144.8,147.5,147.55,144.6,429.00K,-1.50%
03/20/2019,147,147.75,148.25,146.15,800.87K,-0.78%
03/19/2019,148.15,148.05,148.75,147.3,386.94K,-0.30%
03/18/2019,148.6,149,149.3,148.15,220.06K,-0.27%
03/15/2019,149,149.7,149.82,148.48,593.29K,-0.86%
03/14/2019,150.3,150,150.35,149.78,105.08K,0.17%
03/13/2019,150.05,150.35,150.55,149.2,336.06K,-0.73%
03/12/19,151.15,151.55,151.9,150.75,297.09K,-0.53%
03/11/19,151.95,154.55,154.55,151.8,359.82K,-2.09%
03/08/19,155.2,156.7,156.85,155.13,579.75K,0.19%
03/07/19,154.9,153.4,155.45,153.35,641.95K,1.21%
03/06/19,153.05,151.95,153.25,151.95,237.30K,0.62%
03/05/19,152.1,152.15,152.9,151.6,182.71K,-0.10%
03/04/19,152.25,151.35,153.85,151,318.59K,0.07%
03/01/19,152.15,152.15,153.25,151.96,379.40K,-0.75%
02/28/2019,153.3,153.4,153.65,152.72,144.73K,0.26%
02/27/2019,152.9,153.4,154.45,152.7,242.02K,0.10%
02/26/2019,152.75,153.3,153.45,152.3,159.37K,-0.07%
02/25/2019,152.85,152.2,153,151.85,406.44K,-0.36%
02/22/2019,153.4,154.3,154.3,153.35,231.22K,-0.74%
02/21/2019,154.55,154.4,155.35,154,166.09K,0.36%
02/20/2019,154,153.75,154.79,153.2,202.77K,0.03%
02/19/2019,153.95,154.75,154.75,153.45,197.87K,-0.16%
02/15/2019,154.2,153.7,154.9,153.65,433.29K,-0.45%
02/14/2019,154.9,155.59,156.05,154.3,301.52K,-0.06%
02/13/2019,155,154.35,155.11,153.95,233.72K,-0.03%
02/12/19,155.05,156.3,156.5,154.8,373.17K,-1.49%
02/11/19,157.4,156.65,157.7,156.25,183.50K,0.13%
02/08/19,157.2,158.95,159.05,157.2,429.43K,-0.22%
02/07/19,157.55,156.85,158.65,156.4,728.27K,1.35%
02/06/19,155.45,154.85,156,154.6,224.79K,0.36%
02/05/19,154.9,156.1,156.1,154.7,240.31K,-0.86%
02/04/19,156.25,158.1,158.3,156.25,261.52K,-1.26%
02/01/19,158.25,158.25,158.6,157.15,344.46K,0.54%
01/31/2019,157.4,159,159.1,156.7,631.48K,-1.41%
01/30/2019,159.65,162.1,162.65,159.27,378.09K,-2.68%
01/29/2019,164.05,162.45,164.59,162.35,193.77K,0.95%
01/28/2019,162.5,162.59,163.7,162.48,293.34K,1.28%
01/25/2019,160.45,161.25,161.65,160,316.35K,-1.17%
01/24/2019,162.35,162.95,163.5,162.15,176.10K,-0.61%
01/23/2019,163.35,162.75,165.23,162.01,318.16K,-0.09%
01/22/2019,163.5,161.5,164.7,161.45,564.05K,2.00%
01/18/2019,160.3,160.75,161.75,159.6,529.81K,-1.02%
01/17/2019,161.95,163.7,163.96,161.22,312.73K,-0.74%
01/16/2019,163.15,162.85,163.2,161.7,358.85K,0.00%
01/15/2019,163.15,165.8,165.8,162.85,312.91K,-1.89%
01/14/2019,166.3,166.35,167.05,165.65,219.37K,0.94%
01/11/19,164.75,165.3,165.79,164.73,314.48K,0.24%
01/10/19,164.35,166.05,166.9,164.18,348.75K,-0.27%
01/09/19,164.8,165.4,166.05,163.98,600.90K,-0.66%
01/08/19,165.9,165.9,168.45,165.4,475.07K,-1.01%
01/07/19,167.6,169.15,169.64,166.73,687.81K,-0.97%
01/04/19,169.25,174.25,174.81,168.6,860.47K,-4.51%
01/03/19,177.25,174.1,177.5,173.3,983.04K,3.35%
01/02/19,171.5,175.95,175.95,170.45,587.11K,-0.29%
12/31/2018,172,171.75,173.85,171.35,648.27K,-0.89%
12/28/2018,173.55,172.25,174.9,170.65,1.09M,0.12%
12/27/2018,173.35,176.2,180.25,173.3,939.60K,-0.46%
12/26/2018,174.15,183.45,184.85,174.1,1.71M,-6.37%
12/24/2018,186,182.95,186.1,180.62,1.11M,2.48%
12/21/2018,181.5,174.7,182.5,174.1,1.36M,3.21%
12/20/2018,175.85,174,178.25,172.1,1.17M,1.44%
12/19/2018,173.35,169.5,174.8,166.85,1.25M,2.42%
12/18/2018,169.25,169.05,170.83,167.73,641.64K,-0.67%
12/17/2018,170.4,167.35,171.74,166.05,918.28K,2.22%
12/14/2018,166.7,164.6,167,163.95,680.16K,2.49%
12/13/2018,162.65,161.75,163.63,160.92,726.61K,0.03%
12/12/18,162.6,161.7,162.7,160.1,617.34K,-1.00%
12/11/18,164.25,162.05,165.45,161.85,633.96K,-0.21%
12/10/18,164.6,166.55,168.36,163.88,941.20K,-1.02%
12/07/18,166.3,161.75,166.8,160.8,1.25M,3.29%
12/06/18,161,165.3,166,161,1.49M,-0.62%
12/04/18,162,156.9,162.3,156.5,1.06M,3.78%
12/03/18,156.1,155.3,157.25,155.15,478.88K,-1.67%
11/30/2018,158.75,159.85,160.55,158.75,331.91K,-0.78%
11/29/2018,160,160.15,161.2,158.9,406.64K,0.34%
11/28/2018,159.45,163.5,164.4,159.45,708.29K,-3.16%
11/27/2018,164.65,166.2,166.95,164.3,336.44K,-0.33%
11/26/2018,165.2,166.7,167.45,165.15,365.66K,-2.34%
11/23/2018,169.15,169.3,169.3,167.45,161.49K,0.74%
11/21/2018,167.9,166.95,168.15,166.2,448.66K,-0.71%
11/20/2018,169.1,169.9,171.2,166.9,938.15K,1.78%
11/19/2018,166.15,161.6,166.6,161.5,515.12K,3.29%
11/16/2018,160.85,161.9,162.5,160.1,623.92K,0.34%
11/15/2018,160.3,163.65,164.85,159.85,1.02M,-1.81%
11/14/2018,163.25,160.25,164,159.75,752.84K,0.90%
11/13/2018,161.8,161.2,162.3,158.95,793.04K,-0.03%
11/12/18,161.85,158.3,162.1,158.05,1.07M,2.99%
11/09/18,157.15,156.05,158.45,155.7,665.35K,1.68%
11/08/18,154.55,154.15,155.3,153.85,280.61K,0.59%
11/07/18,153.65,156.6,156.97,153.55,906.53K,-3.03%
11/06/18,158.45,159.7,159.9,157.65,334.89K,-0.78%
11/05/18,159.7,159.15,161.45,159.1,470.53K,0.31%
11/02/18,159.2,157.4,160.3,156.45,1.17M,1.53%
11/01/18,156.8,158.65,159.9,156.65,670.34K,-1.41%
10/31/2018,159.05,160,160.1,157.52,870.32K,-2.21%
10/30/2018,162.65,165.8,166.6,162.6,1.23M,-1.42%
10/29/2018,165,159.65,168.45,159,1.17M,1.85%
10/26/2018,162,163.45,164.32,159.05,1.71M,2.47%
10/25/2018,158.1,161,161.82,157,1.01M,-3.39%
10/24/2018,163.65,156.5,163.8,156.35,1.53M,4.67%
10/23/2018,156.35,158.6,160.35,155.65,1.24M,0.35%
10/22/2018,155.8,155.69,157,154.55,787.88K,-0.48%
10/19/2018,156.55,155.3,157.18,153.85,754.04K,0.13%
10/18/2018,156.35,153.6,157.05,153.45,605.64K,2.32%
10/17/2018,152.8,152.25,154.4,152.05,489.66K,-0.13%
10/16/2018,153,156.05,156.1,152.6,741.44K,-2.86%
10/15/2018,157.5,156.05,158.05,155.9,517.25K,1.25%
10/12/18,155.55,155.7,158.75,155.1,1.39M,-2.81%
10/11/18,160.05,158.67,161.65,156.5,2.25M,1.23%
10/10/18,158.1,152.15,158.25,152.15,1.69M,4.43%
10/09/18,151.4,151.8,152.1,150.2,465.59K,-0.26%
10/08/18,151.8,151.5,153.6,150.55,764.96K,0.63%
10/05/18,150.85,149.1,152.3,148.65,534.23K,1.21%
10/04/18,149.05,147,150.08,146.8,725.22K,1.98%
10/03/18,146.15,145.65,146.45,145.45,177.19K,-0.20%
10/02/18,146.45,146.35,146.7,145.3,198.45K,0.27%
10/01/18,146.05,145.6,146.4,144.95,355.14K,-0.17%
09/28/2018,146.3,146.6,146.9,146,172.75K,0.03%
09/27/2018,146.25,146.8,146.95,145.75,227.34K,-0.85%
09/26/2018,147.5,147.5,147.77,146.15,263.78K,-0.37%
09/25/2018,148.05,148.4,148.85,148,278.46K,-0.13%
09/24/2018,148.25,149.75,150.35,148.2,231.16K,-0.27%
09/21/2018,148.65,147.35,148.85,147.28,291.58K,0.47%
09/20/2018,147.95,148.45,148.8,147.65,318.21K,-1.04%
09/19/2018,149.5,149.35,150.4,148.98,345.49K,0.10%
09/18/2018,149.35,150.45,150.5,148.62,311.90K,-0.83%
09/17/2018,150.6,148.65,150.7,148.6,347.19K,1.45%
09/14/2018,148.45,147.85,149,147.7,284.63K,0.27%
09/13/2018,148.05,148.65,148.65,147.7,195.58K,-0.97%
09/12/18,149.5,149.3,150.8,149.22,390.67K,0.27%
09/11/18,149.1,150.9,151.2,148.85,283.68K,-0.80%
09/10/18,150.3,149.85,151.05,149.85,193.98K,-0.23%
09/07/18,150.65,151.25,151.25,149.45,380.26K,0.40%
09/06/18,150.05,148.75,151.1,148.6,399.52K,0.84%
09/05/18,148.8,147.1,149.23,147.1,305.55K,1.33%
09/04/18,146.85,146.65,147.65,146.45,329.05K,0.44%
08/31/2018,146.2,146.5,146.75,145.8,260.23K,-0.17%
08/30/2018,146.45,146.35,146.85,145.51,211.38K,0.24%
08/29/2018,146.1,147.6,147.6,146.05,227.68K,-1.18%
08/28/2018,147.85,147.65,148.1,147.45,186.58K,-0.10%
08/27/2018,148,148.75,149,148,285.78K,-0.97%
08/24/2018,149.45,150.45,150.45,149.4,244.49K,-0.93%
08/23/2018,150.85,150.9,151.1,149.85,169.54K,0.17%
08/22/2018,150.6,151.45,151.7,150.5,148.30K,-0.40%
08/21/2018,151.2,151.2,151.4,150.35,272.54K,-0.36%
08/20/2018,151.75,151.3,152.3,151.25,298.41K,0.10%
08/17/2018,151.6,152.05,152.9,151.25,333.76K,-0.03%
08/16/2018,151.65,151.05,151.9,150.65,277.24K,-0.23%
08/15/2018,152,151.35,153,150.99,449.39K,1.13%
08/14/2018,150.3,150.65,151.4,150.09,240.78K,-0.56%
08/13/2018,151.15,150.8,151.25,149.8,252.11K,0.07%
08/10/18,151.05,150.9,151.55,150.45,844.71K,0.80%
08/09/18,149.85,149.8,150,149.25,130.78K,0.03%
08/08/18,149.8,150.15,150.45,149.45,179.43K,-0.07%
08/07/18,149.9,150,150.34,149.63,213.22K,-0.37%
08/06/18,150.45,151.4,151.6,150.4,129.69K,-0.63%
08/03/18,151.4,151.5,152.1,151.32,160.25K,-0.23%
08/02/18,151.75,154.95,154.95,151.6,272.34K,-1.36%
08/01/18,153.85,154,154.65,153.35,311.66K,-0.52%
07/31/2018,154.65,155.05,155.82,153.75,251.95K,-0.55%
07/30/2018,155.5,153.25,156.25,153.25,409.79K,1.40%
07/27/2018,153.35,150.4,154.2,150.35,428.29K,1.42%
07/26/2018,151.2,151.1,151.5,150.6,311.87K,1.48%
07/25/2018,149,151.1,151.1,149,233.38K,-1.39%
07/24/2018,151.1,150.15,151.75,149.66,302.42K,-0.46%
07/23/2018,151.8,152.75,153.25,151.7,101.42K,-0.30%
07/20/2018,152.25,151.6,152.4,151.25,176.88K,0.07%
07/19/2018,152.15,151.95,152.32,151.45,241.15K,0.53%
07/18/2018,151.35,151.05,151.8,151,86.88K,0.20%
07/17/2018,151.05,153.65,153.65,150.75,189.59K,-0.66%
07/16/2018,152.05,151.6,152.25,151.4,110.97K,0.30%
07/13/2018,151.6,151.7,152.1,151.38,136.76K,-0.16%
07/12/18,151.85,153.7,153.8,151.77,148.91K,-1.62%
07/11/18,154.35,154.65,154.8,153.8,202.56K,0.49%
07/10/18,153.6,153.35,154.09,153.25,119.87K,-0.03%
07/09/18,153.65,154.3,154.85,153.63,266.63K,-0.97%
07/06/18,155.15,157.2,157.35,154.93,205.33K,-1.52%
07/05/18,157.55,158.45,159.2,157.38,163.28K,-1.22%
07/03/18,159.5,157,159.55,157,133.36K,1.24%
07/02/18,157.55,160.15,160.5,157.55,164.44K,-0.79%
06/29/2018,158.8,158.25,158.85,157.5,233.12K,-0.13%
06/28/2018,159,160.65,160.9,158.5,301.74K,-0.90%
06/27/2018,160.45,157.6,160.5,156.9,438.31K,1.42%
06/26/2018,158.2,158.3,158.85,157.32,234.66K,-0.41%
06/25/2018,158.85,156.75,160.2,156.5,428.51K,2.15%
06/22/2018,155.5,154.45,155.9,154.45,182.21K,0.35%
06/21/2018,154.95,153.3,155.25,153.15,181.42K,0.85%
06/20/2018,153.65,154,154.1,153,162.32K,-0.90%
06/19/2018,155.05,156.6,157.1,155.05,247.08K,0.29%
06/18/2018,154.6,155.5,156,154.5,219.21K,0.03%
06/15/2018,154.55,154.5,155.3,154.25,327.34K,0.39%
06/14/2018,153.95,154.75,154.95,153.73,169.58K,-1.06%
06/13/2018,155.6,155.3,155.85,154.4,224.68K,0.06%
06/12/18,155.5,156.1,156.25,155.4,85.91K,-0.54%
06/11/18,156.35,156.85,156.9,155.95,135.26K,-0.26%
06/08/18,156.75,157.6,157.85,156.55,188.26K,0.06%
06/07/18,156.65,155.4,157.49,155.4,284.78K,0.80%
06/06/18,155.4,156.2,156.95,155.4,182.77K,-0.64%
06/05/18,156.4,156.45,157,156.07,194.30K,-0.32%
06/04/18,156.9,157.8,157.9,156.8,230.59K,-0.85%
06/01/18,158.25,159.95,160,158.15,221.49K,-1.56%
05/31/2018,160.75,160.65,161.1,159.7,202.68K,0.09%
05/30/2018,160.6,161.2,161.4,160.35,111.82K,-0.74%
05/29/2018,161.8,161.8,162.7,160.9,246.78K,0.47%
05/25/2018,161.05,161.2,161.5,160.5,182.23K,-0.12%
05/24/2018,161.25,161.15,162.77,160.9,133.25K,0.12%
05/23/2018,161.05,163.65,163.65,161.05,184.61K,-0.89%
05/22/2018,162.5,161.55,162.75,161.25,138.26K,0.18%
05/21/2018,162.2,161.85,162.9,161.2,84.40K,-0.58%
05/18/2018,163.15,162.85,163.35,162.38,164.45K,0.55%
05/17/2018,162.25,162.3,163.04,161.08,104.61K,0.40%
05/16/2018,161.6,162.5,162.55,161.25,133.12K,-0.65%
05/15/2018,162.65,162.17,163.5,162.15,228.51K,1.09%
05/14/2018,160.9,160.8,161.15,159.85,143.09K,-0.16%
05/11/18,161.15,161.35,161.85,160.8,197.49K,0.09%
05/10/18,161,162.2,162.25,160.85,218.73K,-0.98%
05/09/18,162.6,164.1,164.7,162.55,223.44K,-1.16%
05/08/18,164.5,164.75,165.6,164.1,237.29K,0.12%
05/07/18,164.3,164.85,164.95,163.75,196.45K,-0.76%
05/04/18,165.55,169.5,169.65,165.25,288.66K,-1.93%
05/03/18,168.8,169.6,171.48,168.2,379.08K,0.03%
05/02/18,168.75,167.45,168.9,166.95,227.90K,0.54%
05/01/18,167.85,170.1,170.5,167.75,174.03K,-1.06%
04/30/2018,169.65,168,170.05,167.05,206.70K,0.74%
04/27/2018,168.4,166.05,169.4,166,315.45K,-0.12%
04/26/2018,168.6,170,170.5,167.9,307.61K,-2.03%
04/25/2018,172.1,172.1,174.5,171.45,369.92K,-0.12%
04/24/2018,172.3,167.95,173.43,167.7,523.69K,2.07%
04/23/2018,168.8,167.6,169.65,166.88,254.93K,0.36%
04/20/2018,168.2,166.15,168.85,166.1,262.38K,1.57%
04/19/2018,165.6,165,166.22,164.64,231.00K,0.85%
04/18/2018,164.2,164.45,165.25,163.63,136.74K,-0.27%
04/17/2018,164.65,166.45,166.7,164.13,186.16K,-2.08%
04/16/2018,168.15,168.2,169.25,167.5,135.78K,-0.71%
04/13/2018,169.35,167.6,170.05,167.4,380.41K,0.47%
04/12/18,168.55,169.4,169.55,167.9,196.77K,-1.14%
04/11/18,170.5,170.55,170.65,168.68,335.15K,0.50%
04/10/18,169.65,170.65,171.85,168.95,400.90K,-2.19%
04/09/18,173.45,173,173.6,169.85,354.15K,-0.57%
04/06/18,174.45,172,175.3,170.5,815.08K,2.47%
04/05/18,170.25,169.5,171.45,169.27,426.20K,-0.55%
04/04/18,171.2,177.35,177.45,170.65,591.29K,-1.58%
04/03/18,173.95,174.25,177.1,173.2,527.31K,-1.00%
04/02/18,175.7,172.15,177.58,171.35,1.01M,2.81%
03/29/2018,170.9,173.15,174.8,169.2,552.45K,-1.81%
03/28/2018,174.05,173.1,175.4,171.4,822.68K,1.10%
03/27/2018,172.15,165.4,173.5,165.4,741.12K,3.30%
03/26/2018,166.65,169.6,172.4,166.5,770.19K,-3.75%
03/23/2018,173.15,168.9,173.15,168.15,727.57K,2.58%
03/22/2018,168.8,166.85,168.8,165.7,611.75K,2.52%
03/21/2018,164.65,164.3,165.25,162.75,308.50K,0.34%
03/20/2018,164.1,164.6,165.05,163.7,302.42K,-0.24%
03/19/2018,164.5,162.65,165.9,162.6,380.12K,2.11%
03/16/2018,161.1,160.4,161.15,160,160.82K,0.25%
03/15/2018,160.7,160.35,161.2,159.7,121.66K,0.12%
03/14/2018,160.5,159.7,161.12,159.55,246.72K,0.06%
03/13/2018,160.4,157.6,160.8,157.25,296.76K,1.23%
03/12/18,158.45,158.65,158.95,157.85,208.90K,-0.47%
03/09/18,159.2,161.15,161.3,159.15,250.62K,-1.88%
03/08/18,162.25,162.5,163.1,162.15,139.71K,-0.52%
03/07/18,163.1,164.8,164.95,162.96,211.72K,-0.31%
03/06/18,163.6,163.45,164.5,162.9,175.73K,-0.40%
03/05/18,164.25,166.7,167.4,163.75,225.99K,-1.05%
03/02/18,166,169.5,170.1,165.75,315.94K,-0.93%
03/01/18,167.55,164.8,168.99,164,479.29K,1.67%
02/28/2018,164.8,162.9,164.85,162.3,242.71K,0.64%
02/27/2018,163.75,161.75,163.8,161.45,239.61K,1.21%
02/26/2018,161.8,163.15,163.25,161.77,155.93K,-1.34%
02/23/2018,164,166.05,166.6,163.95,163.58K,-1.97%
02/22/2018,167.3,166.5,167.7,165.68,205.60K,-0.03%
02/21/2018,167.35,166.05,167.35,164.35,339.46K,0.30%
02/20/2018,166.85,167.65,167.8,165.36,219.15K,-0.06%
02/16/2018,166.95,166.85,167.35,165.3,295.53K,0.36%
02/15/2018,166.35,167.95,169.7,166.35,347.58K,-1.83%
02/14/2018,169.45,173.6,173.7,169.18,418.63K,-1.85%
02/13/2018,172.65,174.45,174.75,172.35,300.06K,-0.52%
02/12/18,173.55,174.85,176.25,172.4,616.24K,-1.73%
02/09/18,176.6,177.25,183.7,175.35,1.34M,-1.70%
02/08/18,179.65,172.05,179.75,171.85,1.20M,4.14%
02/07/18,172.5,170.75,172.5,169,528.69K,1.35%
02/06/18,170.2,177.35,178.2,170,1.75M,-2.63%
02/05/18,174.8,169.85,174.95,167.1,1.32M,3.89%
02/02/18,168.25,165.65,168.4,165.3,658.71K,1.97%
02/01/18,165,164.85,165.45,163.3,193.73K,0.86%
01/31/2018,163.6,163.2,164.58,163,201.16K,-0.40%
01/30/2018,164.25,164.45,165.1,163.5,328.97K,0.83%
01/29/2018,162.9,162.5,163.2,162.15,238.60K,0.49%
01/26/2018,162.1,163.7,163.95,162.1,109.47K,-1.49%
01/25/2018,164.55,163.4,165.05,163.35,182.68K,0.06%
01/24/2018,164.45,163.05,165.35,162.75,306.56K,0.58%
01/23/2018,163.5,164.3,164.35,163.27,158.76K,-0.79%
01/22/2018,164.8,166.65,166.8,164.8,72.96K,-1.05%
01/19/2018,166.55,166.65,167.35,166.3,108.25K,-0.27%
01/18/2018,167,167.3,167.75,166.72,100.84K,-0.09%
01/17/2018,167.15,168.15,168.85,166.84,238.37K,-1.04%
01/16/2018,168.9,167.3,169.32,166.45,186.46K,0.24%
01/12/18,168.5,169.8,170,168.25,135.78K,-0.65%
01/11/18,169.6,170.45,170.75,169.6,74.46K,-0.67%
01/10/18,170.75,171.15,171.88,170.75,106.13K,0.21%
01/09/18,170.4,170.05,170.85,169.92,155.37K,0.00%
01/08/18,170.4,171,171.1,170.3,69.09K,-0.41%
01/05/18,171.1,171.95,172.25,170.95,135.84K,-0.98%
01/04/18,172.8,172.45,173,172.27,138.77K,-0.17%
01/03/18,173.1,174.55,174.6,172.9,106.58K,-0.94%
01/02/18,174.75,177.05,177.4,174.7,116.48K,-1.77%