"Fecha","Cierre","Apertura","Máximo","Mínimo","Vol.","% var."
"05.03.2026","82.66","82.68","82.71","82.66","4.43M","-0.11%"
"04.03.2026","82.75","82.79","82.80","82.73","5.03M","-0.06%"
"03.03.2026","82.80","82.72","82.82","82.71","5.82M","-0.01%"
"02.03.2026","82.81","82.88","82.89","82.79","7.07M","-0.44%"
"27.02.2026","83.18","83.16","83.20","83.15","5.66M","0.13%"
"26.02.2026","83.07","83.03","83.09","83.03","7.86M","0.04%"
"25.02.2026","83.04","83.03","83.04","83.01","4.50M","-0.02%"
"24.02.2026","83.06","83.05","83.07","83.03","5.23M","0.00%"
"23.02.2026","83.06","83.02","83.08","83.00","2.81M","0.08%"
"20.02.2026","82.99","83.01","83.02","82.97","3.45M","0.01%"
"19.02.2026","82.98","82.97","83.01","82.97","2.65M","0.00%"
"18.02.2026","82.98","82.98","83.00","82.98","2.15M","-0.06%"
"17.02.2026","83.03","83.04","83.05","83.01","3.29M","-0.04%"
"13.02.2026","83.06","83.04","83.07","83.03","3.56M","0.16%"
"12.02.2026","82.93","82.88","82.95","82.87","3.38M","0.10%"
"11.02.2026","82.85","82.85","82.89","82.83","3.51M","-0.10%"
"10.02.2026","82.93","82.93","82.95","82.92","4.74M","0.06%"
"09.02.2026","82.88","82.88","82.89","82.87","6.93M","0.02%"
"06.02.2026","82.86","82.89","82.89","82.83","7.41M","0.00%"
"05.02.2026","82.86","82.82","82.88","82.79","6.01M","0.16%"
"04.02.2026","82.73","82.69","82.74","82.69","3.95M","0.05%"
"03.02.2026","82.69","82.68","82.71","82.67","4.45M","-0.01%"
"02.02.2026","82.70","82.74","82.75","82.69","4.08M","-0.35%"
"30.01.2026","82.99","82.96","83.01","82.96","4.27M","0.08%"
"29.01.2026","82.92","82.90","82.95","82.90","4.14M","0.04%"
"28.01.2026","82.89","82.90","82.91","82.87","4.16M","0.00%"
"27.01.2026","82.89","82.87","82.91","82.87","4.34M","0.02%"
"26.01.2026","82.87","82.87","82.88","82.85","3.09M","0.04%"
"23.01.2026","82.84","82.83","82.85","82.82","2.51M","0.04%"
"22.01.2026","82.81","82.81","82.82","82.79","4.88M","-0.04%"
"21.01.2026","82.84","82.83","82.84","82.81","14.15M","0.05%"
"20.01.2026","82.80","82.81","82.82","82.80","5.76M","0.01%"
"16.01.2026","82.79","82.84","82.84","82.78","4.54M","-0.02%"
"15.01.2026","82.81","82.86","82.86","82.81","3.31M","-0.07%"
"14.01.2026","82.87","82.88","82.90","82.86","3.02M","0.02%"
"13.01.2026","82.85","82.86","82.87","82.84","4.66M","0.02%"
"12.01.2026","82.83","82.82","82.84","82.81","2.24M","0.00%"
"09.01.2026","82.83","82.87","82.87","82.81","3.41M","-0.04%"
"08.01.2026","82.86","82.87","82.88","82.86","2.47M","-0.04%"
"07.01.2026","82.89","82.91","82.93","82.88","4.30M","-0.01%"
"06.01.2026","82.90","82.88","82.90","82.85","4.37M","0.01%"
"05.01.2026","82.89","82.88","82.90","82.87","3.06M","0.04%"
"02.01.2026","82.86","82.87","82.87","82.84","3.04M","0.05%"
"31.12.2025","82.82","82.84","82.87","82.82","3.75M","-0.04%"
"30.12.2025","82.85","82.83","82.86","82.83","3.64M","0.02%"
"29.12.2025","82.83","82.83","82.85","82.82","3.43M","0.05%"
"26.12.2025","82.79","82.80","82.81","82.78","2.03M","0.07%"
"24.12.2025","82.73","82.71","82.74","82.70","2.29M","0.06%"
"23.12.2025","82.68","82.66","82.69","82.65","3.44M","-0.05%"
"22.12.2025","82.72","82.75","82.75","82.71","4.49M","-0.05%"
"19.12.2025","82.76","82.76","82.77","82.74","4.20M","-0.33%"
"18.12.2025","83.03","83.04","83.04","82.98","3.90M","0.07%"
"17.12.2025","82.97","82.95","82.98","82.94","5.87M","0.01%"
"16.12.2025","82.96","82.94","82.98","82.93","4.00M","0.05%"
"15.12.2025","82.92","82.93","82.94","82.90","5.25M","0.06%"
"12.12.2025","82.87","82.86","82.89","82.85","4.26M","0.01%"
"11.12.2025","82.86","82.89","82.90","82.85","3.55M","0.01%"
"10.12.2025","82.85","82.72","82.85","82.71","4.43M","0.17%"
"09.12.2025","82.71","82.79","82.79","82.71","2.71M","-0.05%"
"08.12.2025","82.75","82.77","82.77","82.71","3.38M","-0.02%"
"05.12.2025","82.77","82.82","82.82","82.77","2.17M","-0.04%"
"04.12.2025","82.80","82.84","82.84","82.80","2.47M","-0.07%"
"03.12.2025","82.86","82.87","82.87","82.83","2.12M","0.06%"
"02.12.2025","82.81","82.80","82.82","82.78","4.65M","0.06%"
"01.12.2025","82.76","82.79","82.79","82.76","3.36M","-0.39%"
"28.11.2025","83.08","83.10","83.11","83.06","2.80M","0.00%"
"26.11.2025","83.08","83.07","83.08","83.04","4.35M","-0.01%"
"25.11.2025","83.09","83.05","83.10","83.04","4.28M","0.06%"
"24.11.2025","83.04","83.03","83.04","83.00","5.12M","0.01%"
"21.11.2025","83.03","83.02","83.04","82.98","4.85M","0.12%"
"20.11.2025","82.93","82.90","82.96","82.89","5.81M","0.08%"
"19.11.2025","82.86","82.90","82.92","82.85","2.68M","-0.01%"
"18.11.2025","82.87","82.90","82.92","82.85","3.50M","0.06%"
"17.11.2025","82.82","82.83","82.83","82.81","7.20M","-0.01%"
"14.11.2025","82.83","82.88","82.89","82.80","5.75M","0.04%"
"13.11.2025","82.80","82.80","82.83","82.80","5.33M","-0.06%"
"12.11.2025","82.85","82.85","82.87","82.84","2.37M","-0.04%"
"11.11.2025","82.88","82.86","82.88","82.84","4.18M","0.08%"
"10.11.2025","82.81","82.82","82.83","82.80","6.29M","-0.02%"
"07.11.2025","82.83","82.81","82.88","82.81","2.94M","0.05%"
"06.11.2025","82.79","82.78","82.82","82.77","3.73M","0.12%"
"05.11.2025","82.69","82.75","82.76","82.68","3.95M","-0.07%"
"04.11.2025","82.75","82.76","82.78","82.75","6.50M","0.04%"
"03.11.2025","82.72","82.71","82.75","82.71","5.42M","-0.31%"
"31.10.2025","82.98","82.98","82.99","82.96","3.59M","0.04%"
"30.10.2025","82.95","82.92","82.97","82.91","3.80M","0.02%"
"29.10.2025","82.93","83.11","83.11","82.93","5.34M","-0.20%"
"28.10.2025","83.10","83.07","83.11","83.07","6.11M","0.01%"
"27.10.2025","83.09","83.09","83.10","83.06","6.04M","-0.02%"
"24.10.2025","83.11","83.12","83.13","83.09","2.29M","0.06%"
"23.10.2025","83.06","83.10","83.11","83.06","4.41M","-0.07%"
"22.10.2025","83.12","83.10","83.14","83.10","6.95M","0.00%"
"21.10.2025","83.12","83.12","83.13","83.10","4.73M","0.02%"
"20.10.2025","83.10","83.10","83.10","83.07","3.33M","0.02%"
"17.10.2025","83.08","83.10","83.12","83.07","3.35M","-0.02%"
"16.10.2025","83.10","82.98","83.13","82.98","5.56M","0.13%"
"15.10.2025","82.99","83.00","83.02","82.98","3.72M","-0.05%"
"14.10.2025","83.03","83.00","83.03","82.98","6.22M","-0.07%"
"13.10.2025","83.09","82.94","83.09","82.93","9.27M","0.19%"
"10.10.2025","82.93","82.88","82.96","82.85","5.55M","0.17%"
"09.10.2025","82.79","82.80","82.81","82.78","2.88M","-0.01%"
"08.10.2025","82.80","82.84","82.84","82.79","2.94M","-0.01%"
"07.10.2025","82.81","82.79","82.83","82.78","2.30M","0.05%"
"06.10.2025","82.77","82.78","82.80","82.77","2.64M","-0.02%"
"03.10.2025","82.79","82.82","82.85","82.79","2.28M","-0.04%"
"02.10.2025","82.82","82.79","82.82","82.77","1.90M","0.02%"
"01.10.2025","82.80","82.81","82.82","82.77","4.19M","-0.19%"
"30.09.2025","82.96","82.95","82.99","82.95","4.04M","0.05%"
"29.09.2025","82.92","82.90","82.93","82.90","3.84M","0.04%"
"26.09.2025","82.89","82.87","82.90","82.85","2.29M","0.06%"
"25.09.2025","82.84","82.86","82.87","82.83","3.46M","-0.08%"
"24.09.2025","82.91","82.94","82.95","82.91","3.07M","-0.05%"
"23.09.2025","82.95","82.94","82.97","82.93","2.43M","0.04%"
"22.09.2025","82.92","82.97","82.97","82.92","1.84M","-0.05%"
"19.09.2025","82.96","82.96","82.98","82.95","2.20M","0.04%"
"18.09.2025","82.93","82.93","82.96","82.91","2.85M","-0.04%"
"17.09.2025","82.96","83.02","83.09","82.96","4.24M","-0.05%"
"16.09.2025","83.00","82.99","83.02","82.98","2.09M","0.05%"
"15.09.2025","82.96","82.98","82.98","82.96","1.92M","0.04%"
"12.09.2025","82.93","82.94","82.94","82.90","3.06M","-0.01%"
"11.09.2025","82.94","82.96","83.00","82.93","4.89M","0.04%"
"10.09.2025","82.91","82.96","82.96","82.91","8.27M","0.01%"
"09.09.2025","82.90","82.97","83.00","82.90","2.47M","-0.08%"
"08.09.2025","82.97","82.98","82.99","82.95","2.28M","0.06%"
"05.09.2025","82.92","82.98","83.01","82.91","5.35M","0.14%"
"04.09.2025","82.80","82.78","82.80","82.76","3.23M","0.07%"
"03.09.2025","82.74","82.68","82.76","82.67","3.28M","0.07%"
"02.09.2025","82.68","82.67","82.70","82.66","4.37M","-0.36%"
"29.08.2025","82.98","82.95","83.00","82.94","2.76M","0.08%"
"28.08.2025","82.91","82.91","82.93","82.90","1.82M","-0.04%"
"27.08.2025","82.94","82.89","82.94","82.88","2.40M","0.07%"
"26.08.2025","82.88","82.84","82.89","82.84","1.67M","0.09%"
"25.08.2025","82.81","82.80","82.81","82.79","5.80M","-0.05%"
"22.08.2025","82.85","82.71","82.86","82.70","4.82M","0.22%"
"21.08.2025","82.67","82.72","82.73","82.65","3.40M","-0.08%"
"20.08.2025","82.74","82.72","82.77","82.71","2.61M","0.04%"
"19.08.2025","82.71","82.71","82.73","82.70","7.32M","0.05%"
"18.08.2025","82.67","82.70","82.71","82.66","6.38M","0.00%"
"15.08.2025","82.67","82.72","82.74","82.67","1.98M","-0.04%"
"14.08.2025","82.70","82.71","82.72","82.68","3.93M","-0.11%"
"13.08.2025","82.79","82.75","82.79","82.74","3.59M","0.13%"
"12.08.2025","82.68","82.65","82.69","82.64","2.85M","0.07%"
"11.08.2025","82.62","82.61","82.64","82.61","2.73M","0.00%"
"08.08.2025","82.62","82.64","82.64","82.61","2.62M","-0.02%"
"07.08.2025","82.64","82.66","82.68","82.63","2.93M","-0.05%"
"06.08.2025","82.68","82.63","82.68","82.63","2.74M","0.04%"
"05.08.2025","82.65","82.65","82.68","82.62","6.27M","-0.04%"
"04.08.2025","82.68","82.67","82.69","82.63","4.54M","0.02%"
"01.08.2025","82.66","82.55","82.69","82.55","6.05M","0.17%"
"31.07.2025","82.52","82.54","82.57","82.51","5.88M","0.00%"
"30.07.2025","82.52","82.57","82.64","82.52","3.79M","-0.11%"
"29.07.2025","82.61","82.56","82.62","82.56","2.08M","0.09%"
"28.07.2025","82.54","82.54","82.55","82.53","2.47M","-0.02%"
"25.07.2025","82.55","82.55","82.56","82.53","2.02M","0.06%"
"24.07.2025","82.50","82.51","82.54","82.50","2.15M","-0.08%"
"23.07.2025","82.57","82.61","82.62","82.55","2.50M","-0.08%"
"22.07.2025","82.64","82.60","82.64","82.60","8.47M","0.07%"
"21.07.2025","82.58","82.60","82.60","82.57","1.86M","0.06%"
"18.07.2025","82.53","82.56","82.57","82.53","1.29M","0.08%"
"17.07.2025","82.46","82.49","82.50","82.44","2.82M","-0.04%"
"16.07.2025","82.49","82.41","82.52","82.41","4.46M","0.14%"
"15.07.2025","82.38","82.46","82.46","82.37","3.44M","-0.10%"
"14.07.2025","82.46","82.46","82.49","82.44","1.89M","0.01%"
"11.07.2025","82.45","82.46","82.46","82.43","4.15M","-0.02%"
"10.07.2025","82.47","82.47","82.47","82.43","2.25M","0.00%"
"09.07.2025","82.47","82.43","82.47","82.42","2.00M","0.08%"
"08.07.2025","82.40","82.38","82.40","82.37","3.65M","0.01%"
"07.07.2025","82.39","82.41","82.42","82.38","4.02M","-0.02%"
"03.07.2025","82.41","82.42","82.43","82.38","2.78M","-0.11%"
"02.07.2025","82.50","82.52","82.55","82.49","4.29M","-0.01%"
"01.07.2025","82.51","82.56","82.59","82.50","5.02M","-0.42%"
"30.06.2025","82.86","82.85","82.86","82.81","5.69M","0.07%"
"27.06.2025","82.80","82.78","82.84","82.78","2.43M","-0.04%"
"26.06.2025","82.83","82.78","82.83","82.77","4.96M","0.12%"
"25.06.2025","82.73","82.69","82.74","82.67","3.27M","0.02%"
"24.06.2025","82.71","82.64","82.72","82.63","4.29M","0.08%"
"23.06.2025","82.65","82.57","82.69","82.57","3.11M","0.13%"
"20.06.2025","82.54","82.50","82.57","82.49","2.33M","0.07%"
"18.06.2025","82.48","82.47","82.57","82.45","1.92M","0.05%"
"17.06.2025","82.44","82.43","82.46","82.40","2.06M","0.05%"
"16.06.2025","82.40","82.41","82.44","82.39","2.38M","-0.01%"
"13.06.2025","82.41","82.44","82.44","82.38","3.57M","-0.07%"
"12.06.2025","82.47","82.48","82.48","82.44","2.61M","0.08%"
"11.06.2025","82.40","82.36","82.40","82.34","1.83M","0.16%"
"10.06.2025","82.27","82.30","82.32","82.27","2.01M","0.00%"
"09.06.2025","82.27","82.24","82.30","82.24","2.17M","0.07%"
"06.06.2025","82.21","82.25","82.27","82.21","1.56M","-0.17%"
"05.06.2025","82.35","82.44","82.46","82.35","3.17M","-0.11%"
"04.06.2025","82.44","82.36","82.45","82.35","5.74M","0.18%"
"03.06.2025","82.29","82.33","82.35","82.28","4.46M","-0.02%"
"02.06.2025","82.31","82.33","82.37","82.30","4.01M","-0.41%"
"30.05.2025","82.65","82.59","82.65","82.57","4.33M","0.12%"
"29.05.2025","82.55","82.52","82.56","82.52","2.15M","0.11%"
"28.05.2025","82.46","82.50","82.50","82.45","1.97M","-0.07%"
"27.05.2025","82.52","82.50","82.53","82.48","3.87M","0.04%"
"23.05.2025","82.49","82.57","82.57","82.47","8.20M","0.06%"
"22.05.2025","82.44","82.44","82.45","82.41","3.42M","0.06%"
"21.05.2025","82.39","82.41","82.42","82.38","4.10M","-0.06%"
"20.05.2025","82.44","82.43","82.47","82.41","3.29M","0.01%"
"19.05.2025","82.43","82.38","82.44","82.37","2.91M","0.04%"
"16.05.2025","82.40","82.49","82.49","82.39","3.53M","-0.02%"
"15.05.2025","82.42","82.38","82.42","82.35","3.45M","0.19%"
"14.05.2025","82.26","82.33","82.35","82.26","3.96M","-0.07%"
"13.05.2025","82.32","82.39","82.39","82.30","4.24M","-0.02%"
"12.05.2025","82.34","82.33","82.39","82.32","4.39M","-0.18%"
"09.05.2025","82.49","82.53","82.57","82.49","2.01M","0.05%"
"08.05.2025","82.45","82.59","82.60","82.44","3.57M","-0.21%"
"07.05.2025","82.62","82.59","82.66","82.56","2.52M","0.04%"
"06.05.2025","82.59","82.59","82.61","82.57","3.48M","0.08%"
"05.05.2025","82.52","82.57","82.58","82.49","3.42M","-0.01%"
"02.05.2025","82.53","82.62","82.65","82.50","4.56M","-0.19%"
"01.05.2025","82.69","82.89","82.90","82.66","5.15M","-0.52%"
"30.04.2025","83.12","83.04","83.12","83.03","5.10M","0.13%"
"29.04.2025","83.01","82.94","83.02","82.93","3.83M","0.06%"
"28.04.2025","82.96","82.85","82.96","82.84","2.85M","0.14%"
"25.04.2025","82.84","82.79","82.85","82.76","2.26M","0.08%"
"24.04.2025","82.77","82.73","82.77","82.71","3.99M","0.12%"
"23.04.2025","82.67","82.75","82.79","82.63","3.65M","-0.07%"
"22.04.2025","82.73","82.76","82.78","82.71","3.52M","0.04%"
"21.04.2025","82.70","82.78","82.85","82.70","5.28M","-0.06%"
"17.04.2025","82.75","82.75","82.79","82.71","3.38M","0.04%"
"16.04.2025","82.72","82.70","82.74","82.66","3.18M","0.13%"
"15.04.2025","82.61","82.61","82.67","82.60","3.09M","0.00%"
"14.04.2025","82.61","82.48","82.63","82.48","5.01M","0.22%"
"11.04.2025","82.43","82.53","82.54","82.40","6.59M","-0.18%"
"10.04.2025","82.58","82.59","82.66","82.53","10.03M","-0.01%"
"09.04.2025","82.59","82.70","82.79","82.31","25.59M","-0.06%"
"08.04.2025","82.64","82.54","82.81","82.54","13.09M","-0.06%"
"07.04.2025","82.69","82.89","82.94","82.51","18.36M","0.01%"
"04.04.2025","82.68","82.98","83.07","82.68","12.60M","-0.06%"
"03.04.2025","82.73","82.69","82.77","82.67","6.73M","0.38%"
"02.04.2025","82.42","82.53","82.53","82.39","3.07M","-0.07%"
"01.04.2025","82.48","82.46","82.52","82.44","4.33M","-0.30%"
"31.03.2025","82.73","82.74","82.77","82.66","4.59M","0.07%"
"28.03.2025","82.67","82.59","82.69","82.59","4.09M","0.18%"
"27.03.2025","82.52","82.52","82.55","82.50","2.19M","0.05%"
"26.03.2025","82.48","82.49","82.52","82.48","3.69M","-0.02%"
"25.03.2025","82.50","82.49","82.54","82.48","2.71M","0.04%"
"24.03.2025","82.47","82.54","82.54","82.46","2.35M","-0.13%"
"21.03.2025","82.58","82.62","82.64","82.58","3.17M","0.06%"
"20.03.2025","82.53","82.60","82.60","82.52","3.04M","0.02%"
"19.03.2025","82.51","82.37","82.51","82.34","3.89M","0.15%"
"18.03.2025","82.39","82.38","82.43","82.38","3.44M","0.00%"
"17.03.2025","82.39","82.40","82.45","82.37","4.58M","-0.04%"
"14.03.2025","82.42","82.49","82.49","82.41","3.93M","-0.07%"
"13.03.2025","82.48","82.42","82.52","82.39","2.95M","0.07%"
"12.03.2025","82.42","82.42","82.48","82.40","3.48M","-0.07%"
"11.03.2025","82.48","82.53","82.60","82.47","4.67M","-0.06%"
"10.03.2025","82.53","82.49","82.56","82.46","4.64M","0.18%"
"07.03.2025","82.38","82.50","82.52","82.34","3.50M","-0.01%"
"06.03.2025","82.39","82.38","82.43","82.33","4.56M","0.06%"
"05.03.2025","82.34","82.48","82.50","82.33","4.30M","-0.11%"
"04.03.2025","82.43","82.51","82.58","82.40","5.20M","0.01%"
"03.03.2025","82.42","82.30","82.43","82.29","5.33M","-0.24%"
"28.02.2025","82.62","82.53","82.62","82.50","4.38M","0.18%"
"27.02.2025","82.47","82.40","82.48","82.40","4.64M","0.04%"
"26.02.2025","82.44","82.41","82.46","82.37","2.28M","0.04%"
"25.02.2025","82.41","82.38","82.44","82.37","3.63M","0.13%"
"24.02.2025","82.30","82.23","82.30","82.22","2.50M","0.07%"
"21.02.2025","82.24","82.14","82.26","82.14","3.61M","0.17%"
"20.02.2025","82.10","82.11","82.14","82.10","2.11M","0.01%"
"19.02.2025","82.09","82.04","82.09","82.04","2.69M","0.07%"
"18.02.2025","82.03","82.07","82.08","82.03","2.82M","-0.09%"
"14.02.2025","82.10","82.10","82.13","82.08","3.12M","0.13%"
"13.02.2025","81.99","81.97","82.00","81.96","3.51M","0.13%"
"12.02.2025","81.88","81.91","81.92","81.87","4.54M","-0.13%"
"11.02.2025","81.99","81.98","82.01","81.98","2.86M","-0.02%"
"10.02.2025","82.01","82.02","82.04","82.00","2.57M","0.05%"
"07.02.2025","81.97","82.02","82.03","81.97","3.49M","-0.11%"
"06.02.2025","82.06","82.06","82.09","82.05","2.08M","-0.04%"
"05.02.2025","82.09","82.07","82.13","82.07","3.46M","0.06%"
"04.02.2025","82.04","81.96","82.04","81.96","3.23M","0.10%"
"03.02.2025","81.96","81.99","82.04","81.94","3.48M","-0.40%"
"31.01.2025","82.29","82.29","82.32","82.26","2.99M","0.01%"
"30.01.2025","82.28","82.27","82.30","82.26","1.96M","0.06%"
"29.01.2025","82.23","82.29","82.29","82.19","2.85M","-0.06%"
"28.01.2025","82.28","82.24","82.28","82.23","2.98M","0.02%"
"27.01.2025","82.26","82.28","82.29","82.22","3.64M","0.15%"
"24.01.2025","82.14","82.14","82.19","82.12","2.19M","0.06%"
"23.01.2025","82.09","82.06","82.11","82.06","3.38M","0.00%"
"22.01.2025","82.09","82.11","82.11","82.06","2.71M","-0.02%"
"21.01.2025","82.11","82.11","82.12","82.06","2.40M","0.04%"
"17.01.2025","82.08","82.11","82.12","82.07","2.25M","-0.02%"
"16.01.2025","82.10","82.01","82.12","82.00","4.78M","0.06%"
"15.01.2025","82.05","82.04","82.05","82.01","3.69M","0.22%"
"14.01.2025","81.87","81.88","81.89","81.86","2.28M","0.02%"
"13.01.2025","81.85","81.84","81.85","81.81","4.86M","0.02%"
"10.01.2025","81.83","81.93","81.94","81.83","6.19M","-0.18%"
"08.01.2025","81.98","81.95","81.99","81.95","2.75M","0.06%"
"07.01.2025","81.93","81.97","81.99","81.90","4.04M","-0.06%"
"06.01.2025","81.98","81.96","81.99","81.94","2.32M","0.02%"
"03.01.2025","81.96","82.00","82.01","81.94","2.80M","0.00%"
"02.01.2025","81.96","82.00","82.01","81.93","3.95M","-0.02%"
"31.12.2024","81.98","81.99","82.00","81.94","3.17M","0.06%"
"30.12.2024","81.93","81.90","81.94","81.90","7.40M","0.15%"
"27.12.2024","81.81","81.82","81.85","81.81","3.67M","0.02%"
"26.12.2024","81.79","81.74","81.80","81.73","1.76M","0.02%"
"24.12.2024","81.77","81.74","81.77","81.73","1.58M","0.05%"
"23.12.2024","81.73","81.76","81.78","81.73","2.93M","-0.06%"
"20.12.2024","81.78","81.85","81.85","81.77","3.50M","0.01%"
"19.12.2024","81.77","81.73","81.78","81.71","12.52M","0.11%"
"18.12.2024","81.68","81.87","81.89","81.67","6.93M","-0.52%"
"17.12.2024","82.11","82.09","82.13","82.09","2.49M","0.01%"
"16.12.2024","82.10","82.12","82.13","82.09","2.93M","0.01%"
"13.12.2024","82.09","82.14","82.15","82.09","2.42M","-0.05%"
"12.12.2024","82.13","82.19","82.20","82.13","3.18M","-0.05%"
"11.12.2024","82.17","82.25","82.27","82.17","2.45M","-0.02%"
"10.12.2024","82.19","82.19","82.20","82.15","2.92M","-0.01%"
"09.12.2024","82.20","82.23","82.23","82.20","4.64M","-0.04%"
"06.12.2024","82.23","82.26","82.27","82.21","5.71M","0.10%"
"05.12.2024","82.15","82.10","82.15","82.08","2.52M","0.00%"
"04.12.2024","82.15","82.04","82.17","82.04","3.94M","0.11%"
"03.12.2024","82.06","82.10","82.11","82.04","3.95M","0.01%"
"02.12.2024","82.05","82.01","82.08","81.98","5.10M","-0.33%"
"29.11.2024","82.32","82.31","82.33","82.30","1.60M","0.12%"
"27.11.2024","82.22","82.25","82.26","82.21","2.46M","0.06%"
"26.11.2024","82.17","82.15","82.17","82.10","6.60M","0.00%"
"25.11.2024","82.17","82.12","82.17","82.10","3.58M","0.20%"
"22.11.2024","82.01","82.04","82.06","82.00","2.35M","-0.01%"
"21.11.2024","82.02","82.05","82.09","82.00","2.57M","-0.02%"
"20.11.2024","82.04","82.06","82.09","82.04","3.36M","-0.05%"
"19.11.2024","82.08","82.12","82.13","82.08","2.66M","0.00%"
"18.11.2024","82.08","82.05","82.08","82.02","2.65M","0.07%"
"15.11.2024","82.02","81.96","82.09","81.93","3.30M","0.11%"
"14.11.2024","81.93","82.07","82.09","81.92","4.41M","-0.15%"
"13.11.2024","82.05","82.08","82.08","82.00","2.91M","0.15%"
"12.11.2024","81.93","81.95","81.98","81.90","4.61M","-0.10%"
"11.11.2024","82.01","81.99","82.01","81.99","1.57M","-0.07%"
"08.11.2024","82.07","82.12","82.15","82.04","3.93M","-0.07%"
"07.11.2024","82.13","82.05","82.13","82.02","10.56M","0.17%"
"06.11.2024","81.99","81.95","82.01","81.94","6.64M","-0.12%"
"05.11.2024","82.09","82.11","82.11","82.01","2.81M","-0.02%"
"04.11.2024","82.11","82.15","82.17","82.09","2.40M","0.07%"
"01.11.2024","82.05","82.18","82.20","82.03","5.60M","-0.38%"
"31.10.2024","82.36","82.33","82.39","82.29","3.75M","0.02%"
"30.10.2024","82.34","82.42","82.47","82.34","2.95M","-0.08%"
"29.10.2024","82.41","82.35","82.43","82.33","2.92M","0.04%"
"28.10.2024","82.38","82.44","82.44","82.35","2.89M","-0.05%"
"25.10.2024","82.42","82.50","82.53","82.41","2.45M","-0.04%"
"24.10.2024","82.45","82.45","82.49","82.42","2.44M","0.05%"
"23.10.2024","82.41","82.44","82.44","82.40","3.30M","-0.06%"
"22.10.2024","82.46","82.50","82.51","82.44","4.33M","-0.01%"
"21.10.2024","82.47","82.56","82.56","82.47","3.47M","-0.15%"
"18.10.2024","82.59","82.59","82.61","82.57","1.73M","0.08%"
"17.10.2024","82.52","82.53","82.54","82.50","2.47M","-0.08%"
"16.10.2024","82.59","82.59","82.61","82.57","2.13M","0.06%"
"15.10.2024","82.54","82.57","82.58","82.52","3.39M","0.05%"
"14.10.2024","82.50","82.48","82.50","82.43","1.85M","-0.05%"
"11.10.2024","82.54","82.52","82.56","82.50","3.37M","0.08%"
"10.10.2024","82.47","82.47","82.50","82.39","3.86M","0.08%"
"09.10.2024","82.40","82.46","82.46","82.39","4.17M","-0.10%"
"08.10.2024","82.48","82.44","82.48","82.42","6.42M","0.08%"
"07.10.2024","82.41","82.40","82.46","82.40","5.05M","-0.13%"
"04.10.2024","82.52","82.58","82.64","82.50","4.01M","-0.34%"
"03.10.2024","82.80","82.87","82.88","82.80","6.48M","-0.13%"
"02.10.2024","82.91","82.89","82.94","82.88","5.70M","-0.02%"
"01.10.2024","82.93","82.93","83.01","82.92","4.96M","-0.26%"
"30.09.2024","83.15","83.22","83.24","83.13","5.19M","-0.14%"
"27.09.2024","83.27","83.22","83.28","83.20","3.21M","0.16%"
"26.09.2024","83.14","83.21","83.23","83.14","2.32M","-0.10%"
"25.09.2024","83.22","83.27","83.28","83.22","4.83M","-0.08%"
"24.09.2024","83.29","83.23","83.30","83.19","8.95M","0.10%"
"23.09.2024","83.21","83.19","83.24","83.15","5.03M","0.00%"
"20.09.2024","83.21","83.16","83.23","83.12","4.08M","0.04%"
"19.09.2024","83.18","83.14","83.18","83.12","2.89M","0.08%"
"18.09.2024","83.11","83.10","83.24","83.05","4.41M","-0.04%"
"17.09.2024","83.14","83.16","83.17","83.12","3.02M","-0.07%"
"16.09.2024","83.20","83.20","83.22","83.16","2.86M","0.06%"
"13.09.2024","83.15","83.16","83.17","83.11","3.96M","0.15%"
"12.09.2024","83.03","83.03","83.04","82.95","2.60M","0.01%"
"11.09.2024","83.02","83.00","83.13","83.00","3.68M","-0.08%"
"10.09.2024","83.09","82.99","83.09","82.98","6.83M","0.14%"
"09.09.2024","82.97","82.95","82.99","82.92","9.36M","0.01%"
"06.09.2024","82.96","82.90","83.06","82.81","6.48M","0.18%"
"05.09.2024","82.81","82.86","82.86","82.75","8.63M","0.04%"
"04.09.2024","82.78","82.66","82.79","82.65","2.73M","0.22%"
"03.09.2024","82.60","82.57","82.64","82.57","3.72M","-0.24%"
"30.08.2024","82.80","82.82","82.85","82.79","2.78M","0.01%"
"29.08.2024","82.79","82.81","82.81","82.78","2.40M","-0.02%"
"28.08.2024","82.81","82.84","82.86","82.81","3.13M","-0.01%"
"27.08.2024","82.82","82.76","82.84","82.76","4.07M","0.06%"
"26.08.2024","82.77","82.84","82.84","82.77","1.90M","-0.05%"
"23.08.2024","82.81","82.69","82.81","82.65","3.90M","0.23%"
"22.08.2024","82.62","82.68","82.69","82.62","4.18M","-0.13%"
"21.08.2024","82.73","82.70","82.79","82.63","3.91M","0.11%"
"20.08.2024","82.64","82.61","82.64","82.59","1.88M","0.15%"
"19.08.2024","82.52","82.52","82.57","82.52","2.84M","-0.02%"
"16.08.2024","82.54","82.54","82.54","82.46","2.99M","0.11%"
"15.08.2024","82.45","82.46","82.49","82.42","3.16M","-0.24%"
"14.08.2024","82.65","82.61","82.69","82.60","4.78M","-0.01%"
"13.08.2024","82.66","82.63","82.66","82.61","3.86M","0.16%"
"12.08.2024","82.53","82.46","82.55","82.45","3.75M","0.06%"
"09.08.2024","82.48","82.52","82.53","82.44","5.08M","0.02%"
"08.08.2024","82.46","82.40","82.47","82.39","3.62M","-0.05%"
"07.08.2024","82.50","82.49","82.55","82.44","5.78M","-0.06%"
"06.08.2024","82.55","82.63","82.63","82.47","12.85M","-0.12%"
"05.08.2024","82.65","82.87","82.91","82.58","15.59M","-0.02%"
"02.08.2024","82.67","82.54","82.69","82.52","5.00M","0.56%"
"01.08.2024","82.21","82.10","82.23","82.09","5.05M","-0.16%"
"31.07.2024","82.34","82.22","82.34","82.15","3.40M","0.21%"
"30.07.2024","82.17","82.16","82.20","82.12","3.11M","0.04%"
"29.07.2024","82.14","82.15","82.16","82.11","4.59M","0.01%"
"26.07.2024","82.13","82.13","82.14","82.11","1.59M","0.13%"
"25.07.2024","82.02","82.04","82.09","82.00","4.91M","0.01%"
"24.07.2024","82.01","82.06","82.09","82.01","4.87M","0.05%"
"23.07.2024","81.97","81.96","82.00","81.94","2.13M","0.05%"
"22.07.2024","81.93","81.92","81.93","81.89","2.43M","0.01%"
"19.07.2024","81.92","81.94","81.95","81.92","2.04M","-0.05%"
"18.07.2024","81.96","81.99","82.01","81.95","3.11M","-0.05%"
"17.07.2024","82.00","81.94","82.00","81.93","2.70M","0.01%"
"16.07.2024","81.99","81.95","82.00","81.93","2.56M","0.04%"
"15.07.2024","81.96","81.95","81.99","81.93","3.38M","0.00%"
"12.07.2024","81.96","81.89","81.96","81.88","3.17M","0.15%"
"11.07.2024","81.84","81.83","81.86","81.81","5.81M","0.23%"
"10.07.2024","81.65","81.67","81.67","81.63","2.51M","0.04%"
"09.07.2024","81.62","81.63","81.65","81.59","7.30M","-0.02%"
"08.07.2024","81.64","81.63","81.64","81.61","2.24M","-0.01%"
"05.07.2024","81.65","81.59","81.65","81.58","2.17M","0.18%"
"03.07.2024","81.50","81.41","81.52","81.41","1.77M","0.15%"
"02.07.2024","81.38","81.40","81.42","81.37","2.47M","0.09%"
"01.07.2024","81.31","81.32","81.36","81.29","3.67M","-0.42%"
"28.06.2024","81.65","81.73","81.75","81.64","3.89M","0.01%"
"27.06.2024","81.64","81.63","81.67","81.62","1.68M","0.07%"
"26.06.2024","81.58","81.61","81.62","81.58","2.33M","-0.10%"
"25.06.2024","81.66","81.66","81.67","81.63","2.63M","0.01%"
"24.06.2024","81.65","81.65","81.66","81.63","1.58M","0.01%"
"21.06.2024","81.64","81.67","81.69","81.62","2.07M","0.04%"
"20.06.2024","81.61","81.59","81.62","81.57","2.62M","-0.04%"
"18.06.2024","81.64","81.62","81.68","81.61","2.18M","0.13%"
"17.06.2024","81.53","81.56","81.58","81.53","1.27M","-0.10%"
"14.06.2024","81.61","81.64","81.65","81.61","2.85M","0.01%"
"13.06.2024","81.60","81.57","81.63","81.55","2.47M","0.16%"
"12.06.2024","81.47","81.60","81.61","81.47","3.41M","0.14%"
"11.06.2024","81.36","81.33","81.37","81.30","3.76M","0.11%"
"10.06.2024","81.27","81.27","81.29","81.26","2.95M","0.01%"
"07.06.2024","81.26","81.34","81.34","81.26","3.52M","-0.26%"
"06.06.2024","81.47","81.45","81.48","81.44","3.35M","0.01%"
"05.06.2024","81.46","81.41","81.46","81.35","2.58M","0.10%"
"04.06.2024","81.38","81.35","81.41","81.34","2.13M","0.10%"
"03.06.2024","81.30","81.21","81.30","81.21","5.53M","-0.21%"
"31.05.2024","81.47","81.42","81.48","81.41","2.92M","0.14%"
"30.05.2024","81.36","81.34","81.37","81.33","3.71M","0.11%"
"29.05.2024","81.27","81.32","81.32","81.25","2.44M","-0.04%"
"28.05.2024","81.30","81.40","81.41","81.30","2.89M","-0.09%"
"24.05.2024","81.37","81.34","81.37","81.33","3.04M","0.04%"
"23.05.2024","81.34","81.43","81.43","81.33","3.47M","-0.05%"
"22.05.2024","81.38","81.40","81.42","81.38","3.05M","-0.07%"
"21.05.2024","81.44","81.44","81.46","81.44","1.99M","0.05%"
"20.05.2024","81.40","81.43","81.43","81.40","2.45M","-0.02%"
"17.05.2024","81.42","81.46","81.47","81.42","2.76M","-0.06%"
"16.05.2024","81.47","81.51","81.52","81.46","2.98M","-0.07%"
"15.05.2024","81.53","81.49","81.53","81.46","3.25M","0.18%"
"14.05.2024","81.38","81.36","81.38","81.35","2.32M","0.10%"
"13.05.2024","81.30","81.35","81.35","81.30","2.44M","0.02%"
"10.05.2024","81.28","81.34","81.34","81.28","1.87M","-0.09%"
"09.05.2024","81.35","81.32","81.37","81.32","2.16M","0.09%"
"08.05.2024","81.28","81.28","81.31","81.28","2.31M","-0.02%"
"07.05.2024","81.30","81.31","81.33","81.28","2.71M","0.01%"
"06.05.2024","81.29","81.31","81.31","81.27","2.96M","-0.01%"
"03.05.2024","81.30","81.35","81.39","81.26","4.96M","0.16%"
"02.05.2024","81.17","81.08","81.18","81.07","3.75M","0.15%"
"01.05.2024","81.05","80.95","81.07","80.91","8.03M","-0.12%"
"30.04.2024","81.15","81.19","81.22","81.15","6.42M","-0.12%"
"29.04.2024","81.25","81.24","81.26","81.23","2.26M","0.05%"
"26.04.2024","81.21","81.22","81.25","81.20","3.07M","0.02%"
"25.04.2024","81.19","81.18","81.21","81.16","4.22M","-0.07%"
"24.04.2024","81.25","81.24","81.26","81.22","4.30M","-0.04%"
"23.04.2024","81.28","81.19","81.30","81.18","3.62M","0.09%"
"22.04.2024","81.21","81.18","81.23","81.18","4.17M","0.05%"
"19.04.2024","81.17","81.20","81.20","81.16","2.94M","0.02%"
"18.04.2024","81.15","81.21","81.21","81.14","3.28M","-0.05%"
"17.04.2024","81.19","81.16","81.22","81.15","3.60M","0.07%"
"16.04.2024","81.13","81.12","81.16","81.07","3.06M","-0.06%"
"15.04.2024","81.18","81.11","81.18","81.07","4.84M","-0.04%"
"12.04.2024","81.21","81.22","81.26","81.21","5.39M","0.06%"
"11.04.2024","81.16","81.17","81.17","81.10","6.69M","0.12%"
"10.04.2024","81.06","81.13","81.15","81.05","6.33M","-0.41%"
"09.04.2024","81.39","81.38","81.42","81.38","2.68M","0.10%"
"08.04.2024","81.31","81.35","81.37","81.31","3.34M","-0.10%"
"05.04.2024","81.39","81.43","81.47","81.38","3.97M","-0.16%"
"04.04.2024","81.52","81.46","81.53","81.44","2.81M","0.10%"
"03.04.2024","81.44","81.35","81.44","81.33","2.90M","0.07%"
"02.04.2024","81.38","81.34","81.40","81.33","3.49M","0.05%"
"01.04.2024","81.34","81.48","81.49","81.34","4.66M","-0.54%"
"28.03.2024","81.78","81.77","81.79","81.74","5.70M","-0.06%"
"27.03.2024","81.83","81.80","81.85","81.80","2.59M","0.11%"
"26.03.2024","81.74","81.72","81.75","81.70","2.18M","0.02%"
"25.03.2024","81.72","81.75","81.76","81.72","3.70M","-0.05%"
"22.03.2024","81.76","81.76","81.78","81.76","2.04M","0.07%"
"21.03.2024","81.70","81.72","81.74","81.69","3.71M","0.00%"
"20.03.2024","81.70","81.58","81.71","81.57","4.77M","0.16%"
"19.03.2024","81.57","81.56","81.58","81.54","1.82M","0.09%"
"18.03.2024","81.50","81.51","81.51","81.47","1.97M","0.01%"
"15.03.2024","81.49","81.51","81.53","81.49","3.05M","-0.06%"
"14.03.2024","81.54","81.58","81.59","81.54","4.08M","-0.09%"
"13.03.2024","81.61","81.65","81.66","81.61","2.22M","-0.05%"
"12.03.2024","81.65","81.69","81.70","81.64","2.26M","-0.10%"
"11.03.2024","81.73","81.76","81.77","81.72","3.51M","-0.09%"
"08.03.2024","81.80","81.85","81.86","81.78","2.39M","0.05%"
"07.03.2024","81.76","81.73","81.76","81.70","2.99M","0.12%"
"06.03.2024","81.66","81.69","81.72","81.64","5.34M","0.02%"
"05.03.2024","81.64","81.64","81.69","81.61","4.10M","0.07%"
"04.03.2024","81.58","81.59","81.62","81.55","2.42M","-0.10%"
"01.03.2024","81.66","81.54","81.68","81.49","4.88M","-0.10%"
"29.02.2024","81.74","81.74","81.78","81.72","8.83M","0.06%"
"28.02.2024","81.69","81.66","81.70","81.65","3.24M","0.10%"
"27.02.2024","81.61","81.63","81.65","81.59","3.43M","0.00%"
"26.02.2024","81.61","81.65","81.66","81.59","4.55M","-0.07%"
"23.02.2024","81.67","81.62","81.68","81.61","3.87M","0.05%"
"22.02.2024","81.63","81.64","81.69","81.60","15.50M","-0.01%"
"21.02.2024","81.64","81.75","81.75","81.64","8.59M","-0.09%"
"20.02.2024","81.71","81.74","81.77","81.71","6.17M","0.06%"
"16.02.2024","81.66","81.61","81.66","81.60","7.85M","-0.12%"
"15.02.2024","81.76","81.78","81.80","81.72","3.77M","0.10%"
"14.02.2024","81.68","81.62","81.71","81.61","5.43M","0.15%"
"13.02.2024","81.56","81.65","81.67","81.55","5.28M","-0.32%"
"12.02.2024","81.82","81.84","81.85","81.81","2.73M","0.01%"
"09.02.2024","81.81","81.79","81.82","81.79","2.52M","-0.04%"
"08.02.2024","81.84","81.86","81.88","81.83","2.23M","-0.02%"
"07.02.2024","81.86","81.87","81.95","81.85","3.04M","-0.04%"
"06.02.2024","81.89","81.80","81.92","81.79","3.60M","0.16%"
"05.02.2024","81.76","81.83","81.84","81.76","5.97M","-0.20%"
"02.02.2024","81.92","81.93","81.96","81.87","8.26M","-0.32%"
"01.02.2024","82.18","82.18","82.26","82.11","8.29M","-0.15%"
"31.01.2024","82.30","82.27","82.39","82.22","7.41M","0.18%"
"30.01.2024","82.15","82.22","82.23","82.10","2.35M","-0.06%"
"29.01.2024","82.20","82.16","82.21","82.16","3.34M","0.10%"
"26.01.2024","82.12","82.14","82.14","82.10","4.65M","-0.06%"
"25.01.2024","82.17","82.12","82.19","82.11","5.49M","0.18%"
"24.01.2024","82.02","82.15","82.16","82.02","4.71M","-0.05%"
"23.01.2024","82.06","82.04","82.07","82.02","3.36M","-0.01%"
"22.01.2024","82.07","82.06","82.09","82.05","4.61M","0.05%"
"19.01.2024","82.03","82.03","82.06","81.99","5.47M","-0.07%"
"18.01.2024","82.09","82.10","82.11","82.06","4.49M","0.05%"
"17.01.2024","82.05","82.08","82.08","82.02","6.72M","-0.19%"
"16.01.2024","82.21","82.27","82.32","82.18","8.43M","-0.16%"
"12.01.2024","82.34","82.33","82.37","82.29","6.81M","0.21%"
"11.01.2024","82.17","82.04","82.18","82.04","4.90M","0.23%"
"10.01.2024","81.98","82.03","82.03","81.97","6.43M","0.00%"
"09.01.2024","81.98","81.95","81.99","81.94","5.23M","0.02%"
"08.01.2024","81.96","81.93","82.05","81.92","4.65M","0.09%"
"05.01.2024","81.89","81.86","82.01","81.84","8.11M","-0.02%"
"04.01.2024","81.91","81.91","81.94","81.89","2.92M","-0.06%"
"03.01.2024","81.96","81.91","81.99","81.88","4.34M","0.02%"
"02.01.2024","81.94","81.94","81.97","81.93","4.98M","-0.12%"
"29.12.2023","82.04","81.98","82.07","81.98","5.08M","0.05%"
"28.12.2023","82.00","82.03","82.04","81.99","2.41M","-0.01%"
"27.12.2023","82.01","81.96","82.03","81.95","2.58M","0.12%"
"26.12.2023","81.91","81.89","81.95","81.89","2.50M","-0.05%"
"22.12.2023","81.95","81.95","81.96","81.91","3.39M","0.04%"
"21.12.2023","81.92","81.97","81.98","81.89","6.66M","0.10%"
"20.12.2023","81.84","81.81","81.86","81.77","5.16M","0.13%"
"19.12.2023","81.73","81.70","81.75","81.70","5.16M","0.04%"
"18.12.2023","81.70","81.73","81.74","81.69","3.76M","-0.01%"
"15.12.2023","81.71","81.74","81.78","81.68","7.18M","-0.11%"
"14.12.2023","81.80","81.78","81.86","81.76","9.30M","-0.15%"
"13.12.2023","81.92","81.57","81.93","81.54","10.84M","0.50%"
"12.12.2023","81.51","81.48","81.53","81.47","3.27M","0.01%"
"11.12.2023","81.50","81.44","81.50","81.41","2.96M","0.02%"
"08.12.2023","81.48","81.51","81.56","81.45","3.37M","-0.22%"
"07.12.2023","81.66","81.66","81.70","81.65","4.98M","0.07%"
"06.12.2023","81.60","81.64","81.64","81.59","6.79M","-0.02%"
"05.12.2023","81.62","81.56","81.65","81.54","12.18M","0.12%"
"04.12.2023","81.52","81.53","81.58","81.48","4.43M","-0.15%"
"01.12.2023","81.64","81.42","81.65","81.41","11.83M","-0.01%"
"30.11.2023","81.65","81.67","81.68","81.61","5.20M","-0.06%"
"29.11.2023","81.70","81.67","81.74","81.65","4.42M","0.20%"
"28.11.2023","81.54","81.41","81.56","81.39","20.92M","0.18%"
"27.11.2023","81.39","81.33","81.40","81.32","4.00M","0.12%"
"24.11.2023","81.29","81.31","81.32","81.28","1.58M","-0.07%"
"22.11.2023","81.35","81.38","81.38","81.30","4.80M","0.01%"
"21.11.2023","81.34","81.34","81.38","81.32","2.59M","0.06%"
"20.11.2023","81.29","81.29","81.30","81.27","6.25M","0.01%"
"17.11.2023","81.28","81.32","81.32","81.26","3.38M","-0.07%"
"16.11.2023","81.34","81.33","81.38","81.33","4.09M","0.17%"
"15.11.2023","81.20","81.24","81.25","81.17","5.07M","-0.18%"
"14.11.2023","81.35","81.30","81.35","81.26","7.96M","0.39%"
"13.11.2023","81.03","80.96","81.03","80.94","7.36M","0.04%"
"10.11.2023","81.00","81.07","81.07","80.96","3.92M","0.02%"
"09.11.2023","80.98","81.12","81.13","80.98","6.03M","-0.15%"
"08.11.2023","81.10","81.11","81.14","81.10","4.42M","-0.02%"
"07.11.2023","81.12","81.08","81.16","81.07","4.55M","0.07%"
"06.11.2023","81.06","81.13","81.13","81.06","6.06M","-0.18%"
"03.11.2023","81.21","81.18","81.25","81.11","8.02M","0.27%"
"02.11.2023","80.99","81.06","81.08","80.96","7.83M","0.01%"
"01.11.2023","80.98","80.80","81.01","80.80","7.36M","-0.06%"
"31.10.2023","81.03","81.01","81.05","81.01","3.92M","-0.04%"
"30.10.2023","81.06","81.03","81.07","81.01","4.82M","-0.04%"
"27.10.2023","81.09","81.07","81.10","81.04","3.86M","0.06%"
"26.10.2023","81.04","80.96","81.06","80.96","4.71M","0.20%"
"25.10.2023","80.88","80.93","80.94","80.87","4.77M","-0.11%"
"24.10.2023","80.97","80.96","80.99","80.91","13.76M","-0.02%"
"23.10.2023","80.99","80.92","80.99","80.90","4.26M","0.06%"
"20.10.2023","80.94","80.89","80.97","80.89","3.66M","0.16%"
"19.10.2023","80.81","80.72","80.82","80.71","5.56M","0.14%"
"18.10.2023","80.70","80.72","80.75","80.67","5.23M","0.00%"
"17.10.2023","80.70","80.77","80.77","80.68","4.25M","-0.22%"
"16.10.2023","80.88","80.89","80.90","80.87","2.97M","-0.06%"
"13.10.2023","80.93","80.96","80.96","80.91","3.51M","0.06%"
"12.10.2023","80.88","80.91","80.92","80.87","5.36M","-0.12%"
"11.10.2023","80.98","80.95","80.98","80.92","3.13M","-0.02%"
"10.10.2023","81.00","80.96","81.03","80.94","5.14M","-0.06%"
"09.10.2023","81.05","80.95","81.05","80.95","4.12M","0.30%"
"06.10.2023","80.81","80.77","80.82","80.75","3.46M","-0.09%"
"05.10.2023","80.88","80.88","80.89","80.86","4.67M","0.10%"
"04.10.2023","80.80","80.71","80.80","80.68","5.93M","0.22%"
"03.10.2023","80.62","80.70","80.73","80.62","6.71M","-0.07%"
"02.10.2023","80.68","80.69","80.72","80.67","5.67M","-0.36%"
"29.09.2023","80.97","81.02","81.04","80.97","6.02M","0.01%"
"28.09.2023","80.96","80.89","80.96","80.86","4.52M","0.17%"
"27.09.2023","80.82","80.91","80.91","80.78","5.78M","-0.07%"
"26.09.2023","80.88","80.89","80.90","80.85","14.22M","0.01%"
"25.09.2023","80.87","80.88","80.91","80.87","3.44M","-0.04%"
"22.09.2023","80.90","80.86","80.93","80.85","3.91M","0.10%"
"21.09.2023","80.82","80.79","80.85","80.79","5.17M","0.05%"
"20.09.2023","80.78","80.91","80.93","80.77","3.58M","-0.06%"
"19.09.2023","80.83","80.87","80.89","80.83","3.16M","-0.07%"
"18.09.2023","80.89","80.89","80.91","80.87","2.68M","-0.01%"
"15.09.2023","80.90","80.92","80.96","80.90","4.06M","-0.05%"
"14.09.2023","80.94","81.00","81.01","80.93","3.35M","-0.02%"
"13.09.2023","80.96","80.90","80.98","80.90","3.49M","0.09%"
"12.09.2023","80.89","80.91","80.91","80.88","3.36M","-0.05%"
"11.09.2023","80.93","80.91","80.93","80.90","2.75M","0.02%"
"08.09.2023","80.91","80.98","81.00","80.91","3.58M","-0.05%"
"07.09.2023","80.95","80.88","80.95","80.87","3.13M","0.19%"
"06.09.2023","80.80","80.92","80.92","80.79","5.00M","-0.11%"
"05.09.2023","80.89","80.96","80.98","80.88","4.13M","-0.12%"
"01.09.2023","80.99","81.13","81.13","80.98","4.16M","-0.31%"
"31.08.2023","81.24","81.20","81.25","81.17","3.95M","0.10%"
"30.08.2023","81.16","81.21","81.22","81.15","4.51M","0.00%"
"29.08.2023","81.16","80.94","81.16","80.94","5.27M","0.22%"
"28.08.2023","80.98","80.94","80.98","80.91","2.80M","0.06%"
"25.08.2023","80.93","80.95","81.00","80.88","4.68M","-0.06%"
"24.08.2023","80.98","80.97","81.04","80.97","3.65M","-0.06%"
"23.08.2023","81.03","80.98","81.06","80.98","5.51M","0.19%"
"22.08.2023","80.88","80.91","80.93","80.88","2.73M","-0.05%"
"21.08.2023","80.92","80.96","80.97","80.92","2.64M","-0.11%"
"18.08.2023","81.01","81.01","81.05","80.99","3.09M","0.04%"
"17.08.2023","80.98","80.98","81.00","80.91","6.06M","0.11%"
"16.08.2023","80.89","80.96","80.99","80.89","3.79M","-0.05%"
"15.08.2023","80.93","80.93","81.00","80.91","4.78M","0.04%"
"14.08.2023","80.90","80.92","80.95","80.89","3.22M","-0.09%"
"11.08.2023","80.97","80.98","81.03","80.96","3.60M","-0.10%"
"10.08.2023","81.05","81.13","81.18","81.05","3.87M","-0.05%"
"09.08.2023","81.09","81.13","81.16","81.08","3.20M","-0.06%"
"08.08.2023","81.14","81.12","81.16","81.10","3.02M","0.05%"
"07.08.2023","81.10","81.07","81.12","81.06","10.38M","0.04%"
"04.08.2023","81.07","81.00","81.09","81.00","3.59M","0.20%"
"03.08.2023","80.91","80.89","80.94","80.86","4.11M","0.04%"
"02.08.2023","80.88","80.88","80.90","80.81","4.05M","0.05%"
"01.08.2023","80.84","80.87","80.91","80.83","4.96M","-0.35%"
"31.07.2023","81.12","81.08","81.15","81.08","4.07M","0.02%"
"28.07.2023","81.10","81.08","81.12","81.05","6.01M","0.14%"
"27.07.2023","80.99","81.07","81.09","80.98","5.59M","-0.15%"
"26.07.2023","81.11","81.06","81.14","80.99","4.34M","0.10%"
"25.07.2023","81.03","81.00","81.04","80.99","3.28M","-0.01%"
"24.07.2023","81.04","81.15","81.17","81.04","4.13M","-0.12%"
"21.07.2023","81.14","81.14","81.16","81.10","3.89M","0.01%"
"20.07.2023","81.13","81.13","81.15","81.07","8.75M","-0.12%"
"19.07.2023","81.23","81.25","81.27","81.19","7.02M","0.04%"
"18.07.2023","81.20","81.28","81.31","81.19","2.59M","0.00%"
"17.07.2023","81.20","81.21","81.23","81.17","4.03M","0.04%"
"14.07.2023","81.17","81.27","81.30","81.17","4.25M","-0.26%"
"13.07.2023","81.38","81.32","81.38","81.28","4.95M","0.28%"
"12.07.2023","81.15","81.12","81.18","81.10","5.07M","0.30%"
"11.07.2023","80.91","80.91","80.94","80.89","3.66M","-0.01%"
"10.07.2023","80.92","80.84","80.94","80.83","2.86M","0.15%"
"07.07.2023","80.80","80.77","80.87","80.76","3.94M","0.11%"
"06.07.2023","80.71","80.64","80.72","80.55","8.59M","-0.06%"
"05.07.2023","80.76","80.83","80.84","80.75","6.05M","-0.02%"
"03.07.2023","80.78","80.82","80.91","80.77","3.60M","-0.37%"
"30.06.2023","81.08","81.07","81.09","81.03","6.96M","0.04%"
"29.06.2023","81.05","81.06","81.07","81.01","4.65M","-0.25%"
"28.06.2023","81.25","81.20","81.25","81.15","4.30M","0.11%"
"27.06.2023","81.16","81.27","81.31","81.14","3.57M","-0.15%"
"26.06.2023","81.28","81.29","81.30","81.23","3.10M","0.07%"
"23.06.2023","81.22","81.30","81.33","81.19","3.89M","0.09%"
"22.06.2023","81.15","81.22","81.26","81.14","4.20M","-0.11%"
"21.06.2023","81.24","81.19","81.28","81.18","20.69M","0.00%"
"20.06.2023","81.24","81.22","81.30","81.22","4.79M","0.04%"
"16.06.2023","81.21","81.18","81.24","81.12","5.08M","-0.14%"
"15.06.2023","81.32","81.29","81.33","81.25","6.38M","0.21%"
"14.06.2023","81.15","81.29","81.31","81.04","6.18M","-0.06%"
"13.06.2023","81.20","81.43","81.44","81.17","4.87M","-0.18%"
"12.06.2023","81.35","81.34","81.35","81.28","3.83M","0.09%"
"09.06.2023","81.28","81.35","81.35","81.28","4.02M","-0.18%"
"08.06.2023","81.43","81.41","81.47","81.38","4.31M","0.16%"
"07.06.2023","81.30","81.35","81.38","81.25","6.87M","-0.07%"
"06.06.2023","81.36","81.40","81.42","81.33","4.31M","-0.05%"
"05.06.2023","81.40","81.31","81.49","81.28","5.93M","0.02%"
"02.06.2023","81.38","81.52","81.53","81.34","9.47M","-0.28%"
"01.06.2023","81.61","81.55","81.64","81.54","5.12M","-0.09%"
"31.05.2023","81.68","81.64","81.72","81.59","7.23M","0.10%"
"30.05.2023","81.60","81.47","81.61","81.44","4.44M","0.20%"
"26.05.2023","81.44","81.41","81.45","81.33","3.73M","-0.02%"
"25.05.2023","81.46","81.57","81.62","81.45","7.55M","-0.22%"
"24.05.2023","81.64","81.75","81.76","81.62","5.76M","-0.12%"
"23.05.2023","81.74","81.70","81.77","81.66","8.96M","-0.01%"
"22.05.2023","81.75","81.80","81.86","81.73","4.02M","-0.04%"
"19.05.2023","81.78","81.78","81.93","81.72","5.65M","-0.07%"
"18.05.2023","81.84","81.89","81.92","81.82","4.39M","-0.18%"
"17.05.2023","81.99","82.06","82.07","81.95","4.66M","-0.11%"
"16.05.2023","82.08","82.12","82.14","82.02","6.91M","-0.12%"
"15.05.2023","82.18","82.17","82.19","82.15","3.61M","0.01%"
"12.05.2023","82.17","82.29","82.31","82.16","8.64M","-0.17%"
"11.05.2023","82.31","82.42","82.43","82.29","7.87M","0.06%"
"10.05.2023","82.26","82.18","82.31","82.16","4.93M","0.24%"
"09.05.2023","82.06","82.08","82.09","82.02","4.48M","-0.02%"
"08.05.2023","82.08","82.10","82.17","82.08","3.17M","-0.16%"
"05.05.2023","82.21","82.27","82.28","82.17","3.38M","-0.24%"
"04.05.2023","82.41","82.28","82.60","82.28","8.62M","0.16%"
"03.05.2023","82.28","82.14","82.29","82.11","4.57M","0.24%"
"02.05.2023","82.08","81.84","82.14","81.83","5.39M","0.33%"
"01.05.2023","81.81","81.90","81.90","81.80","3.34M","-0.45%"
"28.04.2023","82.18","82.16","82.18","82.10","4.33M","0.11%"
"27.04.2023","82.09","82.15","82.18","82.05","3.45M","-0.19%"
"26.04.2023","82.25","82.35","82.36","82.19","4.80M","-0.12%"
"25.04.2023","82.35","82.18","82.38","82.17","3.37M","0.39%"
"24.04.2023","82.03","81.99","82.05","81.99","1.91M","0.11%"
"21.04.2023","81.94","82.07","82.07","81.93","3.35M","-0.06%"
"20.04.2023","81.99","81.96","82.00","81.94","4.59M","0.24%"
"19.04.2023","81.79","81.83","81.85","81.78","5.92M","-0.09%"
"18.04.2023","81.86","81.88","81.94","81.84","3.58M","-0.02%"
"17.04.2023","81.88","81.93","81.94","81.85","3.29M","-0.15%"
"14.04.2023","82.00","82.05","82.05","81.96","3.16M","-0.23%"
"13.04.2023","82.19","82.25","82.30","82.17","3.35M","0.06%"
"12.04.2023","82.14","82.18","82.19","82.08","6.09M","0.11%"
"11.04.2023","82.05","82.10","82.10","81.98","2.73M","-0.01%"
"10.04.2023","82.06","82.10","82.12","82.05","3.70M","-0.35%"
"06.04.2023","82.35","82.39","82.44","82.33","4.67M","-0.04%"
"05.04.2023","82.38","82.44","82.61","82.37","7.54M","0.13%"
"04.04.2023","82.27","82.00","82.30","82.00","4.91M","0.23%"
"03.04.2023","82.08","81.90","82.08","81.87","9.61M","-0.10%"
"31.03.2023","82.16","82.03","82.16","82.01","6.45M","0.12%"
"30.03.2023","82.06","81.97","82.06","81.96","4.08M","0.01%"
"29.03.2023","82.05","82.00","82.10","81.99","4.05M","-0.04%"
"28.03.2023","82.08","82.11","82.14","82.05","9.56M","-0.11%"
"27.03.2023","82.17","82.23","82.29","82.14","3.94M","-0.42%"
"24.03.2023","82.52","82.70","82.74","82.47","8.64M","0.05%"
"23.03.2023","82.48","82.29","82.52","82.24","4.93M","0.29%"
"22.03.2023","82.24","81.83","82.25","81.78","8.00M","0.46%"
"21.03.2023","81.86","81.91","82.00","81.84","4.84M","-0.38%"
"20.03.2023","82.17","82.35","82.37","82.09","4.91M","-0.12%"
"17.03.2023","82.27","82.01","82.37","82.00","8.63M","0.50%"
"16.03.2023","81.86","82.24","82.29","81.82","8.53M","-0.40%"
"15.03.2023","82.19","82.25","82.41","82.01","13.41M","0.59%"
"14.03.2023","81.71","81.68","81.81","81.49","18.45M","-0.38%"
"13.03.2023","82.02","81.85","82.04","81.68","12.06M","1.00%"
"10.03.2023","81.21","81.09","81.22","81.00","10.59M","0.54%"
"09.03.2023","80.77","80.64","80.79","80.63","6.48M","0.32%"
"08.03.2023","80.51","80.59","80.63","80.48","7.63M","-0.05%"
"07.03.2023","80.55","80.75","80.76","80.54","6.75M","-0.21%"
"06.03.2023","80.72","80.79","80.80","80.71","3.86M","-0.05%"
"03.03.2023","80.76","80.77","80.77","80.68","6.05M","0.06%"
"02.03.2023","80.71","80.66","80.72","80.64","6.63M","0.04%"
"01.03.2023","80.68","80.75","80.79","80.67","5.39M","-0.38%"
"28.02.2023","80.99","80.96","81.01","80.93","3.98M","-0.02%"
"27.02.2023","81.01","81.00","81.01","80.97","3.25M","0.09%"
"24.02.2023","80.94","80.98","80.99","80.91","4.19M","-0.21%"
"23.02.2023","81.11","81.08","81.12","81.05","4.07M","0.06%"
"22.02.2023","81.06","81.08","81.11","81.04","3.89M","0.05%"
"21.02.2023","81.02","81.08","81.10","81.02","6.39M","-0.20%"
"17.02.2023","81.18","81.10","81.18","81.08","3.77M","0.09%"
"16.02.2023","81.11","81.12","81.17","81.08","6.08M","0.01%"
"15.02.2023","81.10","81.10","81.14","81.08","5.03M","0.01%"
"14.02.2023","81.09","81.15","81.19","81.09","7.89M","-0.21%"
"13.02.2023","81.26","81.21","81.26","81.21","4.92M","0.02%"
"10.02.2023","81.24","81.31","81.32","81.24","5.05M","-0.05%"
"09.02.2023","81.28","81.38","81.39","81.26","4.33M","-0.07%"
"08.02.2023","81.34","81.33","81.36","81.29","5.11M","0.04%"
"07.02.2023","81.31","81.33","81.42","81.27","4.90M","0.05%"
"06.02.2023","81.27","81.35","81.38","81.27","4.08M","-0.28%"
"03.02.2023","81.50","81.60","81.63","81.50","7.17M","-0.37%"
"02.02.2023","81.80","81.85","81.86","81.77","10.33M","0.01%"
"01.02.2023","81.79","81.64","81.79","81.53","8.45M","-0.01%"
"31.01.2023","81.80","81.74","81.80","81.69","7.24M","0.18%"
"30.01.2023","81.65","81.67","81.67","81.64","6.45M","-0.10%"
"27.01.2023","81.73","81.71","81.73","81.69","3.82M","0.00%"
"26.01.2023","81.73","81.76","81.78","81.72","5.42M","-0.06%"
"25.01.2023","81.78","81.75","81.81","81.75","3.17M","0.06%"
"24.01.2023","81.73","81.70","81.76","81.67","4.18M","0.04%"
"23.01.2023","81.70","81.73","81.75","81.68","5.56M","-0.10%"
"20.01.2023","81.78","81.76","81.79","81.73","4.04M","-0.09%"
"19.01.2023","81.85","81.86","81.88","81.82","4.79M","-0.02%"
"18.01.2023","81.87","81.86","81.89","81.83","4.55M","0.22%"
"17.01.2023","81.69","81.65","81.72","81.65","5.84M","0.06%"
"13.01.2023","81.64","81.72","81.76","81.62","4.55M","-0.17%"
"12.01.2023","81.78","81.74","81.79","81.68","5.57M","0.22%"
"11.01.2023","81.60","81.53","81.61","81.52","6.78M","0.09%"
"10.01.2023","81.53","81.53","81.55","81.48","3.99M","-0.09%"
"09.01.2023","81.60","81.53","81.62","81.53","6.20M","0.10%"
"06.01.2023","81.52","81.29","81.53","81.26","6.36M","0.38%"
"05.01.2023","81.21","81.18","81.25","81.15","4.88M","-0.14%"
"04.01.2023","81.32","81.36","81.38","81.28","4.10M","0.10%"
"03.01.2023","81.24","81.29","81.30","81.21","7.19M","0.09%"
"30.12.2022","81.17","81.20","81.27","81.16","6.05M","-0.12%"
"29.12.2022","81.27","81.25","81.28","81.23","4.15M","0.07%"
"28.12.2022","81.21","81.23","81.25","81.21","4.31M","0.00%"
"27.12.2022","81.21","81.25","81.26","81.16","3.97M","-0.14%"
"23.12.2022","81.32","81.31","81.34","81.30","2.74M","-0.05%"
"22.12.2022","81.36","81.39","81.45","81.36","6.61M","-0.06%"
"21.12.2022","81.41","81.42","81.43","81.38","5.22M","0.10%"
"20.12.2022","81.33","81.29","81.35","81.27","3.74M","0.00%"
"19.12.2022","81.33","81.39","81.40","81.33","4.85M","-0.12%"
"16.12.2022","81.43","81.30","81.48","81.29","3.99M","0.10%"
"15.12.2022","81.35","81.39","81.40","81.31","6.16M","-0.21%"
"14.12.2022","81.52","81.58","81.62","81.43","5.65M","0.01%"
"13.12.2022","81.51","81.59","81.62","81.49","5.79M","0.30%"
"12.12.2022","81.27","81.36","81.37","81.24","4.59M","-0.06%"
"09.12.2022","81.32","81.35","81.40","81.32","4.62M","-0.05%"
"08.12.2022","81.36","81.39","81.42","81.35","4.12M","-0.10%"
"07.12.2022","81.44","81.37","81.45","81.35","5.16M","0.21%"
"06.12.2022","81.27","81.22","81.29","81.21","4.24M","0.11%"
"05.12.2022","81.18","81.32","81.33","81.18","6.59M","-0.28%"
"02.12.2022","81.41","81.29","81.42","81.24","5.16M","-0.02%"
"01.12.2022","81.43","81.29","81.43","81.27","23.60M","0.01%"
"30.11.2022","81.42","81.14","81.42","81.11","10.37M","0.30%"
"29.11.2022","81.18","81.21","81.23","81.18","4.71M","-0.04%"
"28.11.2022","81.21","81.21","81.25","81.19","4.33M","0.02%"
"25.11.2022","81.19","81.16","81.20","81.15","1.54M","0.01%"
"23.11.2022","81.18","81.10","81.19","81.08","4.07M","0.09%"
"22.11.2022","81.11","81.10","81.12","81.06","3.42M","0.07%"
"21.11.2022","81.05","81.13","81.14","81.04","3.44M","-0.02%"
"18.11.2022","81.07","81.14","81.18","81.07","4.37M","-0.11%"
"17.11.2022","81.16","81.19","81.19","81.12","5.45M","-0.12%"
"16.11.2022","81.26","81.29","81.30","81.24","8.25M","0.01%"
"15.11.2022","81.25","81.25","81.26","81.18","21.23M","0.10%"
"14.11.2022","81.17","81.15","81.17","81.11","7.19M","-0.09%"
"11.11.2022","81.24","81.18","81.28","81.17","4.25M","-0.02%"
"10.11.2022","81.26","81.17","81.29","81.16","6.63M","0.54%"
"09.11.2022","80.82","80.72","80.84","80.70","4.59M","0.16%"
"08.11.2022","80.69","80.65","80.71","80.64","7.09M","0.10%"
"07.11.2022","80.61","80.64","80.64","80.60","4.39M","-0.09%"
"04.11.2022","80.68","80.63","80.71","80.57","4.35M","0.11%"
"03.11.2022","80.59","80.56","80.64","80.56","4.83M","-0.19%"
"02.11.2022","80.74","80.82","80.96","80.69","5.71M","-0.05%"
"01.11.2022","80.78","80.98","80.99","80.78","5.35M","-0.27%"
"31.10.2022","81.00","81.01","81.03","80.96","6.85M","-0.15%"
"28.10.2022","81.12","81.14","81.18","81.09","4.46M","-0.15%"
"27.10.2022","81.24","81.16","81.25","81.12","4.01M","0.21%"
"26.10.2022","81.07","81.02","81.11","81.01","6.04M","0.09%"
"25.10.2022","81.00","81.04","81.09","80.98","5.11M","0.10%"
"24.10.2022","80.92","80.90","80.97","80.87","3.68M","-0.02%"
"21.10.2022","80.94","80.83","80.99","80.80","5.18M","0.26%"
"20.10.2022","80.73","80.77","80.82","80.73","5.80M","-0.11%"
"19.10.2022","80.82","80.85","80.88","80.81","4.35M","-0.19%"
"18.10.2022","80.97","81.01","81.02","80.92","7.01M","0.05%"
"17.10.2022","80.93","80.98","80.99","80.92","4.01M","0.11%"
"14.10.2022","80.84","80.97","80.99","80.82","5.51M","-0.05%"
"13.10.2022","80.88","80.80","80.98","80.79","5.75M","-0.30%"
"12.10.2022","81.12","81.06","81.13","81.05","8.79M","0.10%"
"11.10.2022","81.04","81.07","81.12","81.04","3.84M","0.05%"
"10.10.2022","81.00","81.04","81.05","80.96","2.93M","-0.04%"
"07.10.2022","81.03","81.06","81.08","81.03","4.62M","-0.12%"
"06.10.2022","81.13","81.23","81.24","81.13","5.10M","-0.12%"
"05.10.2022","81.23","81.22","81.26","81.16","7.18M","-0.10%"
"04.10.2022","81.31","81.33","81.41","81.29","6.22M","0.04%"
"03.10.2022","81.28","81.27","81.41","81.23","8.91M","0.09%"
"30.09.2022","81.21","81.29","81.35","81.18","8.45M","-0.09%"
"29.09.2022","81.28","81.25","81.31","81.19","4.74M","-0.14%"
"28.09.2022","81.39","81.30","81.39","81.23","7.79M","0.43%"
"27.09.2022","81.04","81.11","81.12","81.01","15.09M","0.00%"
"26.09.2022","81.04","81.18","81.20","81.00","6.15M","-0.22%"
"23.09.2022","81.22","81.32","81.34","81.20","10.19M","-0.12%"
"22.09.2022","81.32","81.38","81.39","81.28","6.61M","-0.18%"
"21.09.2022","81.47","81.54","81.55","81.32","4.48M","-0.09%"
"20.09.2022","81.54","81.54","81.67","81.51","15.98M","-0.05%"
"19.09.2022","81.58","81.55","81.60","81.53","4.38M","-0.11%"
"16.09.2022","81.67","81.60","81.70","81.59","4.37M","0.05%"
"15.09.2022","81.63","81.67","81.69","81.63","3.59M","-0.11%"
"14.09.2022","81.72","81.71","81.79","81.71","4.74M","-0.09%"
"13.09.2022","81.79","81.82","81.85","81.74","6.54M","-0.34%"
"12.09.2022","82.07","82.13","82.14","82.05","3.14M","-0.01%"
"09.09.2022","82.08","82.14","82.18","82.05","4.07M","-0.09%"
"08.09.2022","82.15","82.20","82.22","82.14","4.98M","-0.12%"
"07.09.2022","82.25","82.18","82.25","82.16","4.43M","0.15%"
"06.09.2022","82.13","82.18","82.20","82.13","4.99M","-0.22%"
"02.09.2022","82.31","82.29","82.34","82.24","4.11M","0.22%"
"01.09.2022","82.13","82.14","82.19","82.07","6.73M","-0.19%"
"31.08.2022","82.29","82.31","82.35","82.27","5.42M","-0.01%"
"30.08.2022","82.30","82.32","82.36","82.25","4.63M","-0.05%"
"29.08.2022","82.34","82.38","82.39","82.33","3.66M","-0.07%"
"26.08.2022","82.40","82.41","82.45","82.34","4.30M","-0.02%"
"25.08.2022","82.42","82.44","82.46","82.40","3.03M","0.06%"
"24.08.2022","82.37","82.43","82.45","82.37","4.55M","-0.11%"
"23.08.2022","82.46","82.44","82.57","82.40","4.23M","0.05%"
"22.08.2022","82.42","82.46","82.49","82.40","3.74M","-0.13%"
"19.08.2022","82.53","82.51","82.54","82.48","4.52M","-0.07%"
"18.08.2022","82.59","82.56","82.61","82.52","3.65M","0.15%"
"17.08.2022","82.47","82.42","82.49","82.39","4.16M","-0.08%"
"16.08.2022","82.54","82.59","82.59","82.53","3.25M","-0.08%"
"15.08.2022","82.61","82.62","82.65","82.59","17.02M","0.08%"
"12.08.2022","82.54","82.61","82.62","82.51","4.78M","0.02%"
"11.08.2022","82.52","82.66","82.69","82.52","4.07M","-0.04%"
"10.08.2022","82.55","82.67","82.72","82.54","6.82M","0.10%"
"09.08.2022","82.47","82.48","82.49","82.44","3.74M","-0.10%"
"08.08.2022","82.55","82.53","82.56","82.51","6.87M","0.10%"
"05.08.2022","82.47","82.50","82.54","82.45","5.05M","-0.41%"
"04.08.2022","82.81","82.71","82.83","82.69","5.41M","0.13%"
"03.08.2022","82.70","82.64","82.70","82.51","6.49M","0.04%"
"02.08.2022","82.67","82.95","82.97","82.67","14.27M","-0.35%"
"01.08.2022","82.96","82.96","82.98","82.90","6.46M","-0.11%"
"29.07.2022","83.05","83.00","83.09","82.98","5.55M","-0.01%"
"28.07.2022","83.06","83.07","83.10","83.01","5.57M","0.22%"
"27.07.2022","82.88","82.77","82.91","82.73","7.05M","0.16%"
"26.07.2022","82.75","82.87","82.88","82.75","2.85M","-0.05%"
"25.07.2022","82.79","82.79","82.83","82.77","20.45M","-0.08%"
"22.07.2022","82.86","82.82","82.95","82.81","6.04M","0.25%"
"21.07.2022","82.65","82.54","82.67","82.51","5.85M","0.28%"
"20.07.2022","82.42","82.51","82.51","82.41","5.45M","-0.01%"
"19.07.2022","82.43","82.53","82.54","82.42","9.12M","-0.11%"
"18.07.2022","82.52","82.52","82.54","82.47","2.61M","-0.06%"
"15.07.2022","82.57","82.50","82.63","82.49","5.96M","0.07%"
"14.07.2022","82.51","82.38","82.57","82.34","6.66M","-0.04%"
"13.07.2022","82.54","82.44","82.64","82.43","11.77M","-0.11%"
"12.07.2022","82.63","82.69","82.73","82.62","6.37M","0.05%"
"11.07.2022","82.59","82.64","82.69","82.58","16.66M","0.04%"
"08.07.2022","82.56","82.58","82.59","82.52","3.25M","-0.12%"
"07.07.2022","82.66","82.71","82.72","82.61","4.91M","-0.07%"
"06.07.2022","82.72","82.97","82.97","82.71","4.88M","-0.28%"
"05.07.2022","82.95","82.97","83.01","82.93","9.89M","-0.01%"
"01.07.2022","82.96","82.92","83.07","82.89","9.56M","0.21%"
"30.06.2022","82.79","82.76","82.85","82.74","16.74M","0.19%"
"29.06.2022","82.63","82.53","82.64","82.52","4.17M","0.12%"
"28.06.2022","82.53","82.51","82.54","82.49","4.40M","-0.02%"
"27.06.2022","82.55","82.55","82.62","82.48","7.38M","-0.11%"
"24.06.2022","82.64","82.61","82.73","82.59","6.10M","-0.02%"
"23.06.2022","82.66","82.74","82.86","82.65","6.23M","0.08%"
"22.06.2022","82.59","82.53","82.59","82.50","4.11M","0.29%"
"21.06.2022","82.35","82.33","82.36","82.31","5.44M","-0.04%"
"17.06.2022","82.38","82.43","82.44","82.29","8.19M","-0.02%"
"16.06.2022","82.40","82.19","82.43","82.16","8.08M","0.13%"
"15.06.2022","82.29","82.13","82.34","82.00","9.02M","0.39%"
"14.06.2022","81.97","82.15","82.18","81.94","8.11M","-0.19%"
"13.06.2022","82.13","82.31","82.34","82.01","8.79M","-0.51%"
"10.06.2022","82.55","82.72","82.74","82.55","6.12M","-0.42%"
"09.06.2022","82.90","82.93","82.96","82.88","5.33M","-0.07%"
"08.06.2022","82.96","82.99","83.01","82.96","4.13M","-0.07%"
"07.06.2022","83.02","83.05","83.08","83.01","3.94M","0.01%"
"06.06.2022","83.01","83.07","83.08","83.01","3.58M","-0.13%"
"03.06.2022","83.12","83.10","83.14","83.10","3.22M","-0.04%"
"02.06.2022","83.15","83.16","83.18","83.11","5.24M","0.02%"
"01.06.2022","83.13","83.24","83.27","83.10","10.98M","-0.26%"
"31.05.2022","83.35","83.39","83.39","83.32","8.20M","-0.16%"
"27.05.2022","83.48","83.49","83.50","83.44","6.06M","0.02%"
"26.05.2022","83.46","83.51","83.53","83.43","5.49M","0.02%"
"25.05.2022","83.44","83.47","83.48","83.39","3.38M","0.07%"
"24.05.2022","83.38","83.26","83.42","83.25","4.83M","0.23%"
"23.05.2022","83.19","83.22","83.24","83.16","3.65M","-0.05%"
"20.05.2022","83.23","83.18","83.29","83.16","4.87M","0.07%"
"19.05.2022","83.17","83.22","83.22","83.14","4.52M","0.14%"
"18.05.2022","83.05","82.98","83.11","82.97","3.61M","0.05%"
"17.05.2022","83.01","83.03","83.11","82.99","3.57M","-0.22%"
"16.05.2022","83.19","83.17","83.23","83.16","4.52M","0.06%"
"13.05.2022","83.14","83.11","83.14","83.07","5.00M","-0.04%"
"12.05.2022","83.17","83.14","83.24","83.11","5.23M","0.14%"
"11.05.2022","83.05","82.98","83.09","82.92","7.80M","0.01%"
"10.05.2022","83.04","83.11","83.13","83.03","10.07M","-0.06%"
"09.05.2022","83.09","83.00","83.11","82.99","6.96M","0.25%"
"06.05.2022","82.88","82.89","83.00","82.86","6.38M","-0.01%"
"05.05.2022","82.89","82.93","82.95","82.84","6.42M","-0.17%"
"04.05.2022","83.03","82.72","83.04","82.67","11.39M","0.27%"
"03.05.2022","82.81","82.88","82.90","82.78","7.56M","-0.05%"
"02.05.2022","82.85","82.87","82.89","82.83","10.91M","-0.06%"
"29.04.2022","82.90","82.89","82.98","82.89","8.05M","-0.19%"
"28.04.2022","83.06","83.05","83.07","82.98","4.68M","-0.07%"
"27.04.2022","83.12","83.21","83.22","83.08","8.77M","-0.05%"
"26.04.2022","83.16","83.14","83.18","83.10","6.67M","0.18%"
"25.04.2022","83.01","83.05","83.16","82.99","5.77M","0.16%"
"22.04.2022","82.88","82.76","82.92","82.76","5.43M","-0.02%"
"21.04.2022","82.90","82.95","82.95","82.82","7.12M","-0.17%"
"20.04.2022","83.04","83.00","83.05","82.98","6.12M","0.06%"
"19.04.2022","82.99","83.08","83.11","82.97","5.81M","-0.23%"
"18.04.2022","83.18","83.20","83.21","83.16","4.10M","0.00%"
"14.04.2022","83.18","83.26","83.28","83.16","4.34M","-0.18%"
"13.04.2022","83.33","83.36","83.46","83.31","4.81M","0.05%"
"12.04.2022","83.29","83.21","83.31","83.19","5.66M","0.25%"
"11.04.2022","83.08","83.03","83.11","83.02","6.71M","0.02%"
"08.04.2022","83.06","83.05","83.12","83.04","4.54M","-0.12%"
"07.04.2022","83.16","83.16","83.21","83.12","6.18M","0.07%"
"06.04.2022","83.10","83.00","83.18","82.99","7.48M","0.07%"
"05.04.2022","83.04","83.14","83.14","83.02","4.69M","-0.18%"
"04.04.2022","83.19","83.17","83.20","83.12","5.02M","0.06%"
"01.04.2022","83.14","83.13","83.19","83.11","10.29M","-0.25%"
"31.03.2022","83.35","83.38","83.42","83.34","5.33M","0.00%"
"30.03.2022","83.35","83.28","83.37","83.27","5.83M","0.07%"
"29.03.2022","83.29","83.28","83.34","83.23","4.64M","0.05%"
"28.03.2022","83.25","83.28","83.32","83.25","2.99M","-0.10%"
"25.03.2022","83.33","83.44","83.44","83.27","4.60M","-0.27%"
"24.03.2022","83.56","83.55","83.57","83.50","3.31M","-0.03%"
"23.03.2022","83.58","83.56","83.61","83.52","4.18M","0.08%"
"22.03.2022","83.51","83.48","83.54","83.46","2.93M","-0.07%"
"21.03.2022","83.57","83.74","83.76","83.56","5.34M","-0.33%"
"18.03.2022","83.85","83.83","83.87","83.82","4.95M","-0.02%"
"17.03.2022","83.87","83.86","83.90","83.84","4.45M","-0.04%"
"16.03.2022","83.90","83.96","83.98","83.76","5.37M","-0.10%"
"15.03.2022","83.98","84.08","84.09","83.97","5.00M","0.04%"
"14.03.2022","83.95","84.03","84.05","83.95","3.87M","-0.26%"
"11.03.2022","84.17","84.17","84.18","84.12","2.62M","-0.04%"
"10.03.2022","84.20","84.20","84.21","84.16","4.78M","-0.08%"
"09.03.2022","84.27","84.26","84.29","84.23","4.99M","-0.06%"
"08.03.2022","84.32","84.38","84.41","84.30","5.59M","-0.13%"
"07.03.2022","84.43","84.46","84.51","84.43","6.30M","-0.13%"
"04.03.2022","84.54","84.53","84.60","84.52","2.88M","0.11%"
"03.03.2022","84.45","84.44","84.49","84.40","6.88M","0.00%"
"02.03.2022","84.45","84.60","84.61","84.43","5.25M","-0.33%"
"01.03.2022","84.73","84.71","84.86","84.69","7.38M","0.20%"
"28.02.2022","84.56","84.56","84.63","84.54","5.27M","0.18%"
"25.02.2022","84.41","84.37","84.41","84.32","4.28M","0.00%"
"24.02.2022","84.41","84.51","84.54","84.39","4.57M","0.08%"
"23.02.2022","84.34","84.36","84.39","84.32","4.26M","-0.06%"
"22.02.2022","84.39","84.42","84.43","84.36","3.49M","-0.09%"
"18.02.2022","84.47","84.49","84.52","84.44","2.46M","0.01%"
"17.02.2022","84.46","84.41","84.46","84.40","4.44M","0.06%"
"16.02.2022","84.41","84.33","84.42","84.31","3.34M","0.13%"
"15.02.2022","84.30","84.27","84.32","84.25","2.13M","0.04%"
"14.02.2022","84.27","84.28","84.33","84.22","4.38M","-0.21%"
"11.02.2022","84.45","84.33","84.45","84.25","5.43M","0.31%"
"10.02.2022","84.19","84.45","84.46","84.19","5.89M","-0.51%"
"09.02.2022","84.62","84.66","84.67","84.61","2.98M","-0.01%"
"08.02.2022","84.63","84.68","84.69","84.63","14.36M","-0.11%"
"07.02.2022","84.72","84.72","84.73","84.68","3.56M","0.02%"
"04.02.2022","84.70","84.75","84.75","84.66","9.40M","-0.20%"
"03.02.2022","84.87","84.90","84.90","84.85","3.62M","-0.08%"
"02.02.2022","84.94","84.94","84.97","84.93","5.49M","0.02%"
"01.02.2022","84.92","84.94","84.95","84.87","13.14M","-0.04%"
"31.01.2022","84.95","84.93","84.97","84.90","7.22M","0.00%"
"28.01.2022","84.95","84.92","84.97","84.91","4.61M","0.04%"
"27.01.2022","84.92","84.92","84.96","84.90","7.52M","-0.08%"
"26.01.2022","84.99","85.15","85.18","84.97","10.88M","-0.18%"
"25.01.2022","85.14","85.19","85.21","85.14","4.66M","-0.05%"
"24.01.2022","85.18","85.17","85.24","85.15","7.84M","0.06%"
"21.01.2022","85.13","85.15","85.17","85.12","5.32M","0.08%"
"20.01.2022","85.06","85.07","85.08","85.05","2.76M","-0.02%"
"19.01.2022","85.08","85.07","85.12","85.07","3.75M","0.05%"
"18.01.2022","85.04","85.09","85.10","85.03","3.26M","-0.15%"
"14.01.2022","85.17","85.25","85.25","85.17","2.06M","-0.13%"
"13.01.2022","85.28","85.26","85.29","85.25","3.74M","0.05%"
"12.01.2022","85.24","85.28","85.28","85.24","7.29M","-0.04%"
"11.01.2022","85.27","85.19","85.27","85.18","15.87M","0.04%"
"10.01.2022","85.24","85.26","85.28","85.24","4.35M","-0.06%"
"07.01.2022","85.29","85.28","85.32","85.26","2.66M","-0.02%"
"06.01.2022","85.31","85.33","85.34","85.29","3.53M","-0.08%"
"05.01.2022","85.38","85.46","85.46","85.37","2.85M","-0.13%"
"04.01.2022","85.49","85.44","85.49","85.44","2.76M","0.06%"
"03.01.2022","85.44","85.45","85.46","85.42","5.30M","-0.12%"
"31.12.2021","85.54","85.56","85.57","85.51","2.65M","-0.01%"
"30.12.2021","85.55","85.51","85.55","85.50","1.62M","0.06%"
"29.12.2021","85.50","85.50","85.52","85.49","3.11M","-0.01%"
"28.12.2021","85.51","85.51","85.53","85.50","3.46M","0.00%"
"27.12.2021","85.51","85.49","85.51","85.48","2.27M","-0.04%"
"23.12.2021","85.54","85.55","85.55","85.52","1.92M","-0.01%"
"22.12.2021","85.55","85.56","85.57","85.53","3.73M","-0.01%"
"21.12.2021","85.56","85.57","85.58","85.53","2.03M","-0.06%"
"20.12.2021","85.61","85.64","85.67","85.61","5.13M","0.02%"
"17.12.2021","85.59","85.62","85.65","85.57","2.46M","-0.05%"
"16.12.2021","85.63","85.58","85.63","85.58","2.52M","0.06%"
"15.12.2021","85.58","85.54","85.58","85.47","5.86M","0.04%"
"14.12.2021","85.55","85.55","85.58","85.55","3.93M","-0.06%"
"13.12.2021","85.60","85.55","85.62","85.54","2.59M","0.06%"
"10.12.2021","85.55","85.54","85.61","85.52","1.85M","0.05%"
"09.12.2021","85.51","85.53","85.56","85.51","1.83M","-0.04%"
"08.12.2021","85.54","85.49","85.54","85.48","2.40M","0.04%"
"07.12.2021","85.51","85.55","85.56","85.51","4.19M","-0.13%"
"06.12.2021","85.62","85.66","85.67","85.60","4.12M","-0.08%"
"03.12.2021","85.69","85.60","85.71","85.58","2.93M","0.06%"
"02.12.2021","85.64","85.68","85.69","85.61","4.12M","-0.13%"
"01.12.2021","85.75","85.67","85.75","85.61","10.05M","-0.05%"
"30.11.2021","85.79","85.91","85.96","85.76","6.36M","-0.08%"
"29.11.2021","85.86","85.81","85.86","85.79","3.77M","0.05%"
"26.11.2021","85.82","85.83","85.89","85.82","2.84M","0.20%"
"24.11.2021","85.65","85.64","85.66","85.62","1.61M","-0.02%"
"23.11.2021","85.67","85.68","85.70","85.66","2.89M","0.00%"
"22.11.2021","85.67","85.68","85.71","85.65","3.13M","-0.12%"
"19.11.2021","85.77","85.86","85.88","85.77","2.79M","-0.02%"
"18.11.2021","85.79","85.78","85.81","85.77","1.62M","-0.01%"
"17.11.2021","85.80","85.76","85.80","85.75","1.45M","0.03%"
"16.11.2021","85.77","85.75","85.78","85.67","1.72M","0.00%"
"15.11.2021","85.77","85.79","85.79","85.74","2.43M","-0.01%"
"12.11.2021","85.78","85.78","85.80","85.75","3.13M","0.08%"
"11.11.2021","85.71","85.75","85.76","85.71","1.84M","-0.07%"
"10.11.2021","85.77","85.82","85.84","85.77","5.38M","-0.20%"
"09.11.2021","85.94","85.94","85.96","85.93","1.94M","0.06%"
"08.11.2021","85.89","85.95","85.96","85.88","2.29M","-0.12%"
"05.11.2021","85.99","85.93","86.00","85.92","2.95M","0.05%"
"04.11.2021","85.95","85.92","85.99","85.92","3.55M","0.09%"
"03.11.2021","85.87","85.87","85.89","85.79","3.24M","-0.02%"
"02.11.2021","85.89","85.86","85.90","85.84","2.19M","0.10%"
"01.11.2021","85.80","85.79","85.82","85.77","5.05M","-0.06%"
"29.10.2021","85.85","85.78","85.88","85.76","3.96M","0.01%"
"28.10.2021","85.84","85.80","85.88","85.79","2.97M","0.01%"
"27.10.2021","85.83","85.86","85.87","85.77","4.37M","-0.02%"
"26.10.2021","85.85","85.85","85.86","85.83","2.87M","-0.02%"
"25.10.2021","85.87","85.84","85.88","85.84","1.99M","0.05%"
"22.10.2021","85.83","85.82","85.83","85.77","3.41M","-0.02%"
"21.10.2021","85.85","85.88","85.89","85.84","2.12M","-0.12%"
"20.10.2021","85.95","85.94","85.95","85.94","2.36M","0.03%"
"19.10.2021","85.92","85.92","85.94","85.92","1.84M","0.03%"
"18.10.2021","85.89","85.89","85.92","85.87","2.97M","-0.07%"
"15.10.2021","85.95","85.97","85.99","85.93","2.84M","-0.06%"
"14.10.2021","86.00","86.01","86.02","85.94","3.50M","0.00%"
"13.10.2021","86.00","85.98","86.01","85.98","2.76M","-0.03%"
"12.10.2021","86.03","86.03","86.04","86.00","1.95M","0.05%"
"11.10.2021","85.99","86.02","86.04","85.99","2.01M","-0.08%"
"08.10.2021","86.06","86.10","86.10","86.05","1.97M","-0.03%"
"07.10.2021","86.09","86.10","86.10","86.08","2.45M","-0.03%"
"06.10.2021","86.12","86.12","86.12","86.10","3.85M","-0.01%"
"05.10.2021","86.13","86.13","86.14","86.12","3.59M","-0.01%"
"04.10.2021","86.14","86.15","86.16","86.14","12.15M","-0.05%"
"01.10.2021","86.18","86.16","86.18","86.15","3.99M","0.03%"
"30.09.2021","86.15","86.11","86.15","86.11","4.50M","0.02%"
"29.09.2021","86.13","86.11","86.13","86.11","3.55M","0.03%"
"28.09.2021","86.10","86.10","86.11","86.09","2.49M","0.01%"
"27.09.2021","86.09","86.10","86.11","86.09","1.84M","-0.01%"
"24.09.2021","86.10","86.13","86.14","86.10","1.46M","-0.03%"
"23.09.2021","86.13","86.15","86.16","86.13","2.86M","-0.06%"
"22.09.2021","86.18","86.21","86.22","86.16","1.61M","-0.06%"
"21.09.2021","86.23","86.22","86.24","86.22","1.93M","0.02%"
"20.09.2021","86.21","86.21","86.22","86.20","2.41M","0.02%"
"17.09.2021","86.19","86.20","86.20","86.19","2.90M","-0.02%"
"16.09.2021","86.21","86.21","86.22","86.20","1.10M","-0.03%"
"15.09.2021","86.24","86.23","86.24","86.22","1.79M","0.00%"
"14.09.2021","86.24","86.24","86.25","86.23","1.42M","0.01%"
"13.09.2021","86.23","86.22","86.23","86.21","1.10M","0.02%"
"10.09.2021","86.21","86.21","86.23","86.21","1.38M","-0.03%"
"09.09.2021","86.24","86.21","86.24","86.21","1.60M","0.02%"
"08.09.2021","86.22","86.22","86.23","86.21","1.61M","0.02%"
"07.09.2021","86.20","86.22","86.22","86.20","1.47M","-0.03%"
"03.09.2021","86.23","86.23","86.24","86.23","1.14M","0.00%"
"02.09.2021","86.23","86.23","86.24","86.22","1.64M","0.00%"
"01.09.2021","86.23","86.24","86.24","86.22","1.32M","-0.02%"
"31.08.2021","86.25","86.25","86.26","86.25","2.05M","-0.01%"
"30.08.2021","86.26","86.24","86.27","86.23","1.44M","0.02%"
"27.08.2021","86.24","86.19","86.24","86.17","2.77M","0.07%"
"26.08.2021","86.18","86.18","86.20","86.17","2.08M","0.00%"
"25.08.2021","86.18","86.20","86.20","86.17","1.32M","0.00%"
"24.08.2021","86.18","86.20","86.20","86.18","1.25M","-0.02%"
"23.08.2021","86.20","86.19","86.20","86.18","1.53M","0.00%"
"20.08.2021","86.20","86.20","86.21","86.19","1.69M","0.00%"
"19.08.2021","86.20","86.22","86.22","86.19","1.78M","0.00%"
"18.08.2021","86.20","86.20","86.22","86.18","2.31M","0.00%"
"17.08.2021","86.20","86.21","86.23","86.20","1.58M","-0.02%"
"16.08.2021","86.22","86.22","86.24","86.21","1.80M","0.02%"
"13.08.2021","86.20","86.18","86.21","86.18","1.33M","0.02%"
"12.08.2021","86.18","86.18","86.19","86.17","1.79M","-0.01%"
"11.08.2021","86.19","86.17","86.20","86.17","1.84M","0.05%"
"10.08.2021","86.15","86.18","86.19","86.15","1.20M","-0.03%"
"09.08.2021","86.18","86.22","86.23","86.18","1.86M","-0.03%"
"06.08.2021","86.21","86.21","86.22","86.21","2.31M","-0.03%"
"05.08.2021","86.24","86.24","86.25","86.22","1.40M","-0.05%"
"04.08.2021","86.28","86.32","86.34","86.26","1.88M","-0.03%"
"03.08.2021","86.31","86.31","86.32","86.30","1.22M","0.00%"
"02.08.2021","86.31","86.29","86.32","86.29","3.40M","0.03%"
"30.07.2021","86.29","86.28","86.29","86.27","2.02M","0.02%"
"29.07.2021","86.27","86.25","86.27","86.25","1.20M","0.00%"
"28.07.2021","86.27","86.26","86.28","86.22","2.44M","0.01%"
"27.07.2021","86.26","86.26","86.27","86.26","1.39M","0.02%"
"26.07.2021","86.24","86.26","86.26","86.24","2.26M","-0.02%"
"23.07.2021","86.26","86.24","86.26","86.24","1.39M","0.01%"
"22.07.2021","86.25","86.24","86.26","86.23","2.30M","0.01%"
"21.07.2021","86.24","86.25","86.26","86.23","2.79M","-0.03%"
"20.07.2021","86.27","86.28","86.29","86.25","2.41M","0.05%"
"19.07.2021","86.23","86.24","86.28","86.23","9.35M","0.05%"
"16.07.2021","86.19","86.17","86.21","86.16","1.85M","-0.01%"
"15.07.2021","86.20","86.20","86.20","86.18","1.40M","0.01%"
"14.07.2021","86.19","86.17","86.19","86.17","1.70M","0.07%"
"13.07.2021","86.13","86.16","86.16","86.13","2.68M","-0.08%"
"12.07.2021","86.20","86.21","86.22","86.18","1.27M","-0.02%"
"09.07.2021","86.22","86.23","86.24","86.21","1.26M","-0.03%"
"08.07.2021","86.25","86.23","86.26","86.23","1.44M","0.05%"
"07.07.2021","86.21","86.18","86.21","86.18","1.72M","0.01%"
"06.07.2021","86.20","86.17","86.21","86.16","3.16M","0.03%"
"02.07.2021","86.17","86.16","86.17","86.14","1.86M","0.05%"
"01.07.2021","86.13","86.14","86.14","86.12","2.23M","-0.03%"
"30.06.2021","86.16","86.16","86.16","86.14","2.59M","0.02%"
"29.06.2021","86.14","86.13","86.15","86.13","1.69M","-0.01%"
"28.06.2021","86.15","86.14","86.15","86.13","1.48M","0.03%"
"25.06.2021","86.12","86.14","86.14","86.12","1.34M","-0.01%"
"24.06.2021","86.13","86.14","86.14","86.12","1.27M","0.01%"
"23.06.2021","86.12","86.17","86.17","86.12","2.76M","-0.07%"
"22.06.2021","86.18","86.15","86.18","86.14","2.68M","0.06%"
"21.06.2021","86.13","86.09","86.13","86.08","5.55M","0.02%"
"18.06.2021","86.11","86.12","86.13","86.06","4.32M","-0.08%"
"17.06.2021","86.18","86.20","86.20","86.17","2.53M","0.00%"
"16.06.2021","86.18","86.27","86.28","86.17","2.09M","-0.09%"
"15.06.2021","86.26","86.28","86.28","86.26","12.07M","-0.01%"
"14.06.2021","86.27","86.29","86.30","86.27","3.53M","-0.03%"
"11.06.2021","86.30","86.32","86.32","86.30","1.66M","-0.02%"
"10.06.2021","86.32","86.29","86.32","86.28","1.74M","0.03%"
"09.06.2021","86.29","86.32","86.32","86.29","2.28M","-0.02%"
"08.06.2021","86.31","86.30","86.31","86.30","1.50M","0.02%"
"07.06.2021","86.29","86.29","86.29","86.28","1.24M","-0.01%"
"04.06.2021","86.30","86.29","86.30","86.29","2.06M","0.03%"
"03.06.2021","86.27","86.28","86.29","86.27","1.61M","-0.03%"
"02.06.2021","86.30","86.31","86.31","86.29","1.24M","0.01%"
"01.06.2021","86.29","86.29","86.31","86.29","2.27M","-0.03%"
"28.05.2021","86.32","86.32","86.33","86.31","2.05M","0.00%"
"27.05.2021","86.32","86.31","86.32","86.30","1.26M","0.00%"
"26.05.2021","86.32","86.32","86.32","86.31","1.81M","0.02%"
"25.05.2021","86.30","86.29","86.31","86.29","2.40M","0.00%"
"24.05.2021","86.30","86.29","86.30","86.28","2.57M","0.02%"
"21.05.2021","86.28","86.29","86.30","86.28","1.82M","-0.02%"
"20.05.2021","86.30","86.28","86.30","86.27","4.01M","0.05%"
"19.05.2021","86.26","86.29","86.30","86.26","5.21M","-0.03%"
"18.05.2021","86.29","86.29","86.29","86.28","3.42M","0.01%"
"17.05.2021","86.28","86.27","86.29","86.27","3.86M","0.00%"
"14.05.2021","86.28","86.28","86.29","86.28","3.84M","0.00%"
"13.05.2021","86.28","86.27","86.28","86.26","5.50M","0.02%"
"12.05.2021","86.26","86.24","86.26","86.24","4.11M","-0.01%"
"11.05.2021","86.27","86.28","86.29","86.27","2.63M","-0.01%"
"10.05.2021","86.28","86.29","86.30","86.28","2.48M","-0.03%"
"07.05.2021","86.31","86.31","86.32","86.30","1.95M","0.03%"
"06.05.2021","86.28","86.29","86.29","86.27","1.98M","0.00%"
"05.05.2021","86.28","86.26","86.28","86.26","1.30M","0.02%"
"04.05.2021","86.26","86.26","86.28","86.26","1.97M","0.00%"
"03.05.2021","86.26","86.25","86.27","86.25","2.91M","-0.02%"
"30.04.2021","86.28","86.26","86.28","86.26","2.37M","0.01%"
"29.04.2021","86.27","86.25","86.27","86.24","1.55M","0.02%"
"28.04.2021","86.25","86.24","86.26","86.23","2.03M","0.02%"
"27.04.2021","86.23","86.25","86.25","86.23","1.47M","-0.01%"
"26.04.2021","86.24","86.25","86.26","86.24","1.27M","-0.02%"
"23.04.2021","86.26","86.29","86.29","86.26","1.54M","-0.02%"
"22.04.2021","86.28","86.27","86.28","86.26","4.37M","-0.01%"
"21.04.2021","86.29","86.29","86.29","86.27","2.06M","0.02%"
"20.04.2021","86.27","86.26","86.28","86.25","2.01M","0.02%"
"19.04.2021","86.25","86.24","86.26","86.24","2.06M","-0.01%"
"16.04.2021","86.26","86.24","86.26","86.24","1.67M","-0.01%"
"15.04.2021","86.27","86.25","86.27","86.25","1.84M","0.02%"
"14.04.2021","86.25","86.24","86.25","86.24","1.41M","0.00%"
"13.04.2021","86.25","86.23","86.25","86.22","1.24M","0.03%"
"12.04.2021","86.22","86.23","86.24","86.21","1.69M","-0.02%"
"09.04.2021","86.24","86.23","86.26","86.23","2.50M","-0.03%"
"08.04.2021","86.27","86.26","86.27","86.25","2.11M","0.03%"
"07.04.2021","86.24","86.25","86.26","86.24","3.51M","0.01%"
"06.04.2021","86.23","86.22","86.24","86.22","2.50M","0.02%"
"05.04.2021","86.21","86.19","86.22","86.18","3.12M","-0.02%"
"01.04.2021","86.23","86.23","86.25","86.23","3.61M","-0.02%"
"31.03.2021","86.25","86.27","86.27","86.25","4.48M","-0.03%"
"30.03.2021","86.28","86.26","86.28","86.26","2.21M","0.00%"
"29.03.2021","86.28","86.29","86.30","86.27","2.18M","-0.02%"
"26.03.2021","86.30","86.29","86.31","86.29","3.07M","0.00%"
"25.03.2021","86.30","86.30","86.31","86.28","2.77M","0.01%"
"24.03.2021","86.29","86.29","86.30","86.28","2.32M","0.02%"
"23.03.2021","86.27","86.28","86.28","86.27","3.24M","0.01%"
"22.03.2021","86.26","86.27","86.27","86.26","2.12M","-0.01%"
"19.03.2021","86.27","86.26","86.29","86.24","3.28M","0.00%"
"18.03.2021","86.27","86.25","86.27","86.23","4.69M","-0.01%"
"17.03.2021","86.28","86.25","86.31","86.24","3.41M","0.02%"
"16.03.2021","86.26","86.25","86.26","86.24","1.85M","0.00%"
"15.03.2021","86.26","86.24","86.26","86.24","2.27M","0.01%"
"12.03.2021","86.25","86.24","86.25","86.23","1.82M","-0.01%"
"11.03.2021","86.26","86.27","86.27","86.25","3.58M","0.00%"
"10.03.2021","86.26","86.22","86.26","86.22","2.86M","0.03%"
"09.03.2021","86.23","86.23","86.23","86.21","3.26M","0.00%"
"08.03.2021","86.23","86.25","86.25","86.22","2.73M","-0.03%"
"05.03.2021","86.26","86.24","86.26","86.23","4.41M","0.00%"
"04.03.2021","86.26","86.27","86.28","86.25","2.57M","0.00%"
"03.03.2021","86.26","86.29","86.29","86.25","2.41M","-0.06%"
"02.03.2021","86.31","86.29","86.31","86.29","5.52M","0.02%"
"01.03.2021","86.29","86.29","86.30","86.27","3.37M","-0.03%"
"26.02.2021","86.32","86.27","86.32","86.23","5.19M","0.13%"
"25.02.2021","86.21","86.28","86.28","86.17","4.96M","-0.14%"
"24.02.2021","86.33","86.33","86.34","86.32","2.53M","-0.03%"
"23.02.2021","86.36","86.34","86.36","86.34","9.03M","0.01%"
"22.02.2021","86.35","86.36","86.36","86.35","3.80M","-0.02%"
"19.02.2021","86.37","86.35","86.37","86.35","2.11M","0.01%"
"18.02.2021","86.36","86.36","86.37","86.34","2.36M","0.00%"
"17.02.2021","86.36","86.34","86.36","86.34","2.31M","0.02%"
"16.02.2021","86.34","86.35","86.36","86.33","3.36M","-0.03%"
"12.02.2021","86.37","86.36","86.38","86.36","3.36M","0.01%"
"11.02.2021","86.36","86.36","86.37","86.36","2.35M","0.00%"
"10.02.2021","86.36","86.37","86.37","86.35","3.02M","0.01%"
"09.02.2021","86.35","86.36","86.37","86.35","1.93M","-0.02%"
"08.02.2021","86.37","86.36","86.37","86.36","2.19M","-0.01%"
"05.02.2021","86.38","86.37","86.38","86.36","1.50M","0.02%"
"04.02.2021","86.36","86.35","86.36","86.35","1.85M","0.00%"
"03.02.2021","86.36","86.35","86.36","86.35","2.22M","0.01%"
"02.02.2021","86.35","86.37","86.37","86.35","2.25M","-0.03%"
"01.02.2021","86.38","86.38","86.38","86.36","3.27M","-0.02%"
"29.01.2021","86.40","86.39","86.40","86.38","3.24M","0.03%"
"28.01.2021","86.37","86.39","86.39","86.37","2.43M","-0.01%"
"27.01.2021","86.38","86.39","86.41","86.38","3.79M","0.00%"
"26.01.2021","86.38","86.39","86.40","86.38","2.02M","-0.01%"
"25.01.2021","86.39","86.38","86.39","86.38","2.04M","0.01%"
"22.01.2021","86.38","86.38","86.39","86.38","4.10M","0.00%"
"21.01.2021","86.38","86.38","86.39","86.36","1.57M","0.01%"
"20.01.2021","86.37","86.37","86.38","86.36","2.39M","-0.01%"
"19.01.2021","86.38","86.34","86.38","86.34","3.02M","0.03%"
"15.01.2021","86.35","86.34","86.36","86.34","3.15M","0.01%"
"14.01.2021","86.34","86.34","86.35","86.33","3.34M","0.01%"
"13.01.2021","86.33","86.33","86.34","86.33","2.02M","-0.01%"
"12.01.2021","86.34","86.32","86.34","86.32","4.05M","0.00%"
"11.01.2021","86.34","86.34","86.35","86.33","2.55M","-0.01%"
"08.01.2021","86.35","86.33","86.35","86.33","2.76M","-0.01%"
"07.01.2021","86.36","86.35","86.36","86.33","4.21M","0.02%"
"06.01.2021","86.34","86.36","86.37","86.32","2.08M","-0.06%"
"05.01.2021","86.39","86.39","86.40","86.37","2.53M","0.00%"
"04.01.2021","86.39","86.37","86.40","86.37","2.99M","0.01%"
"31.12.2020","86.38","86.38","86.39","86.36","1.95M","-0.01%"
"30.12.2020","86.39","86.37","86.39","86.37","1.33M","0.01%"
"29.12.2020","86.38","86.38","86.38","86.37","2.01M","0.00%"
"28.12.2020","86.38","86.36","86.38","86.36","1.84M","0.01%"
"24.12.2020","86.37","86.37","86.39","86.37","1.04M","-0.02%"
"23.12.2020","86.39","86.37","86.39","86.37","2.82M","0.02%"
"22.12.2020","86.37","86.37","86.39","86.37","1.93M","0.00%"
"21.12.2020","86.37","86.37","86.38","86.36","2.25M","0.00%"
"18.12.2020","86.37","86.37","86.38","86.37","2.92M","-0.01%"
"17.12.2020","86.38","86.39","86.39","86.36","2.54M","-0.03%"
"16.12.2020","86.41","86.40","86.41","86.39","1.44M","0.00%"
"15.12.2020","86.41","86.41","86.42","86.40","1.97M","0.00%"
"14.12.2020","86.41","86.40","86.42","86.40","2.81M","-0.01%"
"11.12.2020","86.42","86.41","86.42","86.40","1.80M","0.06%"
"10.12.2020","86.37","86.38","86.39","86.36","2.98M","0.02%"
"09.12.2020","86.35","86.36","86.36","86.35","2.83M","-0.01%"
"08.12.2020","86.36","86.37","86.38","86.36","2.56M","-0.02%"
"07.12.2020","86.38","86.36","86.38","86.36","3.21M","0.02%"
"04.12.2020","86.36","86.35","86.36","86.34","2.83M","-0.01%"
"03.12.2020","86.37","86.36","86.37","86.35","2.75M","0.02%"
"02.12.2020","86.35","86.33","86.35","86.32","2.30M","0.02%"
"01.12.2020","86.33","86.34","86.35","86.32","6.17M","-0.09%"
"30.11.2020","86.41","86.41","86.41","86.39","3.38M","0.02%"
"27.11.2020","86.39","86.39","86.40","86.39","1.38M","0.00%"
"25.11.2020","86.39","86.38","86.39","86.38","2.45M","0.01%"
"24.11.2020","86.38","86.37","86.38","86.37","2.65M","0.01%"
"23.11.2020","86.37","86.37","86.38","86.37","1.64M","0.00%"
"20.11.2020","86.37","86.38","86.38","86.37","1.78M","0.01%"
"19.11.2020","86.36","86.35","86.37","86.35","1.90M","0.02%"
"18.11.2020","86.34","86.35","86.36","86.34","2.33M","0.00%"
"17.11.2020","86.34","86.34","86.36","86.34","3.46M","-0.01%"
"16.11.2020","86.35","86.34","86.36","86.33","3.75M","0.02%"
"13.11.2020","86.33","86.35","86.36","86.33","3.16M","0.00%"
"12.11.2020","86.33","86.35","86.36","86.33","3.92M","0.01%"
"11.11.2020","86.32","86.32","86.33","86.31","2.64M","-0.02%"
"10.11.2020","86.34","86.32","86.34","86.32","3.16M","-0.01%"
"09.11.2020","86.35","86.34","86.35","86.32","5.42M","-0.03%"
"06.11.2020","86.38","86.39","86.39","86.37","2.48M","0.01%"
"05.11.2020","86.37","86.39","86.40","86.37","4.65M","-0.02%"
"04.11.2020","86.39","86.39","86.41","86.38","4.43M","0.02%"
"03.11.2020","86.37","86.37","86.38","86.35","1.74M","-0.02%"
"02.11.2020","86.39","86.38","86.39","86.37","3.64M","-0.05%"
"30.10.2020","86.43","86.44","86.44","86.41","3.56M","-0.01%"
"29.10.2020","86.44","86.43","86.44","86.42","3.69M","0.02%"
"28.10.2020","86.42","86.43","86.44","86.42","4.93M","0.00%"
"27.10.2020","86.42","86.43","86.44","86.42","1.98M","0.00%"
"26.10.2020","86.42","86.42","86.43","86.41","2.32M","0.01%"
"23.10.2020","86.41","86.42","86.43","86.41","2.01M","0.01%"
"22.10.2020","86.40","86.42","86.43","86.40","3.06M","-0.03%"
"21.10.2020","86.43","86.42","86.43","86.41","1.79M","0.00%"
"20.10.2020","86.43","86.43","86.44","86.42","1.99M","-0.01%"
"19.10.2020","86.44","86.42","86.44","86.41","2.50M","0.00%"
"16.10.2020","86.44","86.44","86.45","86.43","1.56M","-0.01%"
"15.10.2020","86.45","86.44","86.46","86.43","6.85M","0.02%"
"14.10.2020","86.43","86.43","86.45","86.43","8.13M","0.00%"
"13.10.2020","86.43","86.43","86.45","86.42","5.33M","-0.01%"
"12.10.2020","86.44","86.42","86.44","86.41","2.40M","0.02%"
"09.10.2020","86.42","86.43","86.43","86.41","1.98M","0.00%"
"08.10.2020","86.42","86.42","86.43","86.41","2.00M","0.00%"
"07.10.2020","86.42","86.40","86.42","86.40","3.61M","-0.01%"
"06.10.2020","86.43","86.43","86.44","86.42","2.62M","0.00%"
"05.10.2020","86.43","86.45","86.45","86.42","3.14M","-0.03%"
"02.10.2020","86.46","86.46","86.47","86.44","3.08M","0.01%"
"01.10.2020","86.45","86.45","86.47","86.45","3.89M","-0.07%"
"30.09.2020","86.51","86.51","86.51","86.49","3.11M","0.01%"
"29.09.2020","86.50","86.51","86.51","86.50","2.57M","-0.01%"
"28.09.2020","86.51","86.51","86.51","86.49","2.78M","0.01%"
"25.09.2020","86.50","86.50","86.51","86.50","1.79M","0.01%"
"24.09.2020","86.49","86.49","86.50","86.48","2.96M","-0.01%"
"23.09.2020","86.50","86.49","86.50","86.48","3.30M","0.00%"
"22.09.2020","86.50","86.49","86.50","86.48","2.11M","0.02%"
"21.09.2020","86.48","86.50","86.50","86.48","3.97M","-0.01%"
"18.09.2020","86.49","86.50","86.51","86.48","2.33M","0.01%"
"17.09.2020","86.48","86.50","86.51","86.48","2.49M","-0.02%"
"16.09.2020","86.50","86.49","86.50","86.47","2.55M","0.02%"
"15.09.2020","86.49","86.48","86.49","86.48","2.01M","0.00%"
"14.09.2020","86.48","86.50","86.50","86.48","1.99M","-0.01%"
"11.09.2020","86.49","86.48","86.51","86.48","2.11M","0.02%"
"10.09.2020","86.47","86.46","86.49","86.46","2.91M","-0.01%"
"09.09.2020","86.48","86.47","86.48","86.46","3.01M","0.01%"
"08.09.2020","86.47","86.48","86.49","86.47","2.01M","0.01%"
"04.09.2020","86.46","86.49","86.50","86.45","2.90M","-0.03%"
"03.09.2020","86.49","86.50","86.52","86.49","2.55M","-0.01%"
"02.09.2020","86.50","86.48","86.50","86.48","3.68M","0.01%"
"01.09.2020","86.49","86.49","86.50","86.48","3.09M","-0.08%"
"31.08.2020","86.56","86.53","86.56","86.53","2.36M","0.03%"
"28.08.2020","86.53","86.52","86.55","86.52","3.45M","0.03%"
"27.08.2020","86.50","86.53","86.54","86.49","2.61M","-0.01%"
"26.08.2020","86.51","86.51","86.51","86.49","2.98M","0.00%"
"25.08.2020","86.51","86.49","86.51","86.48","1.99M","0.01%"
"24.08.2020","86.50","86.51","86.53","86.50","2.83M","-0.01%"
"21.08.2020","86.51","86.53","86.54","86.51","3.34M","-0.01%"
"20.08.2020","86.52","86.53","86.54","86.52","2.12M","0.00%"
"19.08.2020","86.52","86.53","86.53","86.51","2.07M","0.00%"
"18.08.2020","86.52","86.51","86.53","86.51","2.11M","0.01%"
"17.08.2020","86.51","86.52","86.52","86.50","2.66M","0.01%"
"14.08.2020","86.50","86.50","86.52","86.49","2.55M","0.01%"
"13.08.2020","86.49","86.49","86.50","86.48","2.07M","-0.01%"
"12.08.2020","86.50","86.50","86.51","86.49","4.25M","-0.02%"
"11.08.2020","86.52","86.52","86.53","86.49","3.35M","-0.02%"
"10.08.2020","86.54","86.56","86.56","86.53","2.09M","-0.02%"
"07.08.2020","86.56","86.56","86.57","86.55","3.94M","-0.01%"
"06.08.2020","86.57","86.57","86.59","86.56","1.79M","0.00%"
"05.08.2020","86.57","86.57","86.58","86.56","3.04M","-0.02%"
"04.08.2020","86.59","86.58","86.59","86.57","2.87M","0.01%"
"03.08.2020","86.58","86.56","86.58","86.54","2.98M","-0.06%"
"31.07.2020","86.63","86.63","86.63","86.61","3.23M","0.01%"
"30.07.2020","86.62","86.60","86.62","86.60","2.02M","0.03%"
"29.07.2020","86.59","86.58","86.60","86.57","2.55M","0.02%"
"28.07.2020","86.57","86.56","86.58","86.56","3.80M","0.02%"
"27.07.2020","86.55","86.58","86.58","86.54","2.25M","-0.03%"
"24.07.2020","86.58","86.57","86.58","86.56","3.06M","0.01%"
"23.07.2020","86.57","86.57","86.58","86.56","2.26M","0.00%"
"22.07.2020","86.57","86.58","86.58","86.56","3.78M","-0.01%"
"21.07.2020","86.58","86.55","86.58","86.55","4.02M","0.02%"
"20.07.2020","86.56","86.58","86.58","86.55","3.53M","-0.02%"
"17.07.2020","86.58","86.57","86.58","86.55","2.02M","0.02%"
"16.07.2020","86.56","86.57","86.58","86.56","1.75M","0.00%"
"15.07.2020","86.56","86.54","86.56","86.53","4.55M","0.01%"
"14.07.2020","86.55","86.56","86.57","86.54","2.11M","0.01%"
"13.07.2020","86.54","86.54","86.55","86.53","2.33M","0.00%"
"10.07.2020","86.54","86.58","86.58","86.54","2.45M","-0.03%"
"09.07.2020","86.57","86.55","86.57","86.54","2.51M","0.02%"
"08.07.2020","86.55","86.55","86.56","86.54","3.45M","0.00%"
"07.07.2020","86.55","86.54","86.55","86.53","2.94M","0.02%"
"06.07.2020","86.53","86.54","86.55","86.53","3.41M","-0.03%"
"02.07.2020","86.56","86.54","86.56","86.52","2.66M","0.05%"
"01.07.2020","86.52","86.56","86.56","86.52","4.79M","-0.10%"
"30.06.2020","86.61","86.63","86.63","86.60","4.44M","-0.01%"
"29.06.2020","86.62","86.60","86.62","86.59","2.77M","0.02%"
"26.06.2020","86.60","86.57","86.61","86.57","4.11M","0.03%"
"25.06.2020","86.57","86.57","86.58","86.56","1.72M","0.00%"
"24.06.2020","86.57","86.55","86.57","86.54","2.11M","0.01%"
"23.06.2020","86.56","86.55","86.56","86.54","2.79M","0.02%"
"22.06.2020","86.54","86.56","86.57","86.54","2.60M","-0.02%"
"19.06.2020","86.56","86.55","86.58","86.54","3.48M","0.02%"
"18.06.2020","86.54","86.56","86.56","86.54","2.03M","-0.01%"
"17.06.2020","86.55","86.53","86.55","86.53","3.37M","0.03%"
"16.06.2020","86.52","86.53","86.56","86.52","5.31M","-0.01%"
"15.06.2020","86.53","86.55","86.57","86.53","3.25M","-0.02%"
"12.06.2020","86.55","86.54","86.56","86.53","3.36M","0.03%"
"11.06.2020","86.52","86.57","86.58","86.52","3.24M","-0.05%"
"10.06.2020","86.56","86.54","86.58","86.53","3.15M","0.06%"
"09.06.2020","86.51","86.49","86.52","86.49","7.84M","0.03%"
"08.06.2020","86.48","86.48","86.51","86.46","4.20M","-0.02%"
"05.06.2020","86.50","86.49","86.50","86.47","4.39M","-0.03%"
"04.06.2020","86.53","86.52","86.54","86.50","4.35M","0.02%"
"03.06.2020","86.51","86.56","86.56","86.51","4.48M","-0.08%"
"02.06.2020","86.58","86.58","86.59","86.56","3.87M","0.00%"
"01.06.2020","86.58","86.58","86.60","86.56","7.00M","-0.09%"
"29.05.2020","86.66","86.64","86.68","86.64","6.91M","0.00%"
"28.05.2020","86.66","86.63","86.66","86.62","3.43M","0.05%"
"27.05.2020","86.62","86.63","86.67","86.62","3.51M","-0.02%"
"26.05.2020","86.64","86.63","86.65","86.62","4.36M","0.00%"
"22.05.2020","86.64","86.66","86.67","86.64","2.59M","0.00%"
"21.05.2020","86.64","86.65","86.66","86.64","3.25M","-0.02%"
"20.05.2020","86.66","86.63","86.67","86.63","3.50M","0.00%"
"19.05.2020","86.66","86.62","86.66","86.62","2.97M","0.06%"
"18.05.2020","86.61","86.67","86.67","86.61","2.76M","-0.08%"
"15.05.2020","86.68","86.69","86.70","86.67","1.94M","0.06%"
"14.05.2020","86.63","86.66","86.69","86.63","2.28M","-0.02%"
"13.05.2020","86.65","86.66","86.68","86.64","3.83M","0.00%"
"12.05.2020","86.65","86.62","86.65","86.60","2.67M","0.02%"
"11.05.2020","86.63","86.67","86.67","86.60","4.07M","-0.03%"
"08.05.2020","86.66","86.69","86.73","86.65","2.69M","-0.02%"
"07.05.2020","86.68","86.62","86.70","86.61","2.46M","0.07%"
"06.05.2020","86.62","86.60","86.62","86.59","2.01M","0.03%"
"05.05.2020","86.59","86.61","86.62","86.59","4.33M","-0.01%"
"04.05.2020","86.60","86.58","86.64","86.58","5.81M","0.00%"
"01.05.2020","86.60","86.62","86.62","86.57","5.14M","-0.23%"
"30.04.2020","86.80","86.66","86.80","86.66","9.56M","0.17%"
"29.04.2020","86.65","86.68","86.69","86.65","4.29M","-0.01%"
"28.04.2020","86.66","86.67","86.68","86.65","3.71M","0.03%"
"27.04.2020","86.63","86.63","86.64","86.60","4.93M","0.00%"
"24.04.2020","86.63","86.64","86.66","86.63","3.12M","0.00%"
"23.04.2020","86.63","86.64","86.66","86.62","3.01M","-0.01%"
"22.04.2020","86.64","86.66","86.66","86.64","4.84M","-0.03%"
"21.04.2020","86.67","86.68","86.69","86.65","3.61M","0.02%"
"20.04.2020","86.65","86.67","86.69","86.65","5.97M","0.00%"
"17.04.2020","86.65","86.66","86.69","86.65","3.28M","-0.03%"
"16.04.2020","86.68","86.68","86.70","86.66","2.38M","0.02%"
"15.04.2020","86.66","86.68","86.70","86.65","4.27M","0.04%"
"14.04.2020","86.63","86.62","86.65","86.59","4.71M","0.00%"
"13.04.2020","86.63","86.63","86.63","86.59","3.36M","0.01%"
"09.04.2020","86.62","86.59","86.65","86.58","5.40M","0.03%"
"08.04.2020","86.59","86.54","86.62","86.54","4.89M","0.06%"
"07.04.2020","86.54","86.51","86.57","86.49","7.88M","-0.02%"
"06.04.2020","86.56","86.58","86.61","86.55","4.87M","-0.07%"
"03.04.2020","86.62","86.61","86.70","86.58","5.02M","-0.02%"
"02.04.2020","86.64","86.64","86.67","86.62","5.88M","0.02%"
"01.04.2020","86.62","86.62","86.67","86.58","6.92M","-0.06%"
"31.03.2020","86.67","86.72","86.78","86.67","5.68M","-0.02%"
"30.03.2020","86.69","86.73","86.76","86.66","5.65M","0.05%"
"27.03.2020","86.65","86.70","86.70","86.52","37.09M","-0.02%"
"26.03.2020","86.67","86.59","86.71","86.58","8.38M","0.12%"
"25.03.2020","86.57","86.50","86.62","86.50","6.10M","0.12%"
"24.03.2020","86.47","86.51","86.56","86.47","8.37M","-0.14%"
"23.03.2020","86.59","86.71","86.73","86.56","9.47M","0.12%"
"20.03.2020","86.49","86.38","86.63","86.38","10.68M","0.27%"
"19.03.2020","86.26","86.25","86.50","86.22","12.90M","0.17%"
"18.03.2020","86.11","86.22","86.78","86.11","11.91M","-0.13%"
"17.03.2020","86.22","86.49","86.53","86.13","10.49M","-0.23%"
"16.03.2020","86.42","86.58","86.73","86.40","12.12M","0.16%"
"13.03.2020","86.28","86.05","86.32","85.95","9.42M","0.13%"
"12.03.2020","86.17","86.30","86.54","86.17","12.31M","-0.02%"
"11.03.2020","86.19","86.30","86.32","86.18","7.87M","-0.12%"
"10.03.2020","86.29","86.30","86.37","86.15","11.97M","-0.44%"
"09.03.2020","86.67","86.54","86.67","86.37","44.36M","0.55%"
"06.03.2020","86.20","86.31","86.37","86.17","4.38M","0.12%"
"05.03.2020","86.10","86.11","86.14","86.07","3.80M","0.21%"
"04.03.2020","85.92","85.97","86.05","85.92","5.71M","0.01%"
"03.03.2020","85.91","85.63","86.02","85.61","7.23M","0.40%"
"02.03.2020","85.57","85.72","85.80","85.57","15.00M","-0.19%"
"28.02.2020","85.73","85.65","85.77","85.62","9.56M","0.36%"
"27.02.2020","85.42","85.44","85.50","85.36","6.01M","0.12%"
"26.02.2020","85.32","85.24","85.34","85.22","3.69M","0.07%"
"25.02.2020","85.26","85.19","85.30","85.19","3.03M","0.11%"
"24.02.2020","85.17","85.17","85.20","85.16","2.73M","0.16%"
"21.02.2020","85.03","85.00","85.08","84.99","1.80M","0.08%"
"20.02.2020","84.96","84.93","84.98","84.93","2.05M","0.02%"
"19.02.2020","84.94","84.91","84.94","84.89","1.42M","0.01%"
"18.02.2020","84.93","84.93","84.95","84.91","1.67M","0.05%"
"14.02.2020","84.89","84.90","84.91","84.89","1.56M","0.04%"
"13.02.2020","84.86","84.87","84.89","84.85","1.70M","0.02%"
"12.02.2020","84.84","84.85","84.86","84.84","1.40M","-0.05%"
"11.02.2020","84.88","84.89","84.90","84.86","1.91M","-0.05%"
"10.02.2020","84.92","84.93","84.95","84.90","982.75K","0.05%"
"07.02.2020","84.88","84.87","84.90","84.86","1.41M","0.06%"
"06.02.2020","84.83","84.81","84.83","84.80","1.51M","0.02%"
"05.02.2020","84.81","84.82","84.84","84.81","2.23M","-0.07%"
"04.02.2020","84.87","84.88","84.89","84.84","1.58M","-0.11%"
"03.02.2020","84.96","84.96","84.98","84.91","4.13M","-0.19%"
"31.01.2020","85.12","85.05","85.14","85.05","4.30M","0.13%"
"30.01.2020","85.01","85.03","85.07","85.00","1.35M","0.01%"
"29.01.2020","85.00","84.95","85.00","84.93","1.27M","0.09%"
"28.01.2020","84.92","84.96","84.97","84.91","1.23M","-0.05%"
"27.01.2020","84.96","84.97","84.97","84.94","1.92M","0.11%"
"24.01.2020","84.87","84.85","84.90","84.84","3.72M","0.04%"
"23.01.2020","84.84","84.84","84.88","84.82","6.87M","0.04%"
"22.01.2020","84.81","84.79","84.82","84.79","1.88M","0.02%"
"21.01.2020","84.79","84.78","84.80","84.78","2.81M","0.02%"
"17.01.2020","84.77","84.73","84.77","84.72","1.59M","0.04%"
"16.01.2020","84.74","84.73","84.74","84.71","2.00M","0.00%"
"15.01.2020","84.74","84.73","84.74","84.71","2.47M","0.05%"
"14.01.2020","84.70","84.69","84.73","84.69","2.32M","0.01%"
"13.01.2020","84.69","84.70","84.70","84.67","1.28M","-0.01%"
"10.01.2020","84.70","84.69","84.72","84.69","1.07M","0.02%"
"09.01.2020","84.68","84.64","84.70","84.64","1.42M","0.01%"
"08.01.2020","84.67","84.72","84.74","84.66","1.86M","-0.05%"
"07.01.2020","84.71","84.72","84.73","84.70","1.10M","0.00%"
"06.01.2020","84.71","84.73","84.74","84.68","1.13M","-0.04%"
"03.01.2020","84.74","84.72","84.76","84.69","2.04M","0.08%"
"02.01.2020","84.67","84.67","84.71","84.64","2.67M","0.05%"
"31.12.2019","84.63","84.64","84.67","84.61","3.03M","-0.01%"
"30.12.2019","84.64","84.60","84.66","84.60","1.63M","0.04%"
"27.12.2019","84.61","84.58","84.62","84.57","1.39M","0.07%"
"26.12.2019","84.55","84.56","84.56","84.53","1.16M","0.04%"
"24.12.2019","84.52","84.47","84.54","84.47","895.51K","0.01%"
"23.12.2019","84.51","84.51","84.52","84.49","2.01M","-0.02%"
"20.12.2019","84.53","84.52","84.54","84.50","1.41M","0.00%"
"19.12.2019","84.53","84.51","84.55","84.51","1.46M","-0.14%"
"18.12.2019","84.65","84.63","84.65","84.61","1.68M","0.01%"
"17.12.2019","84.64","84.65","84.66","84.63","1.76M","0.02%"
"16.12.2019","84.62","84.64","84.64","84.59","1.57M","-0.06%"
"13.12.2019","84.67","84.64","84.69","84.60","1.63M","0.12%"
"12.12.2019","84.57","84.67","84.67","84.52","1.63M","-0.09%"
"11.12.2019","84.65","84.59","84.66","84.59","1.22M","0.08%"
"10.12.2019","84.58","84.63","84.64","84.58","1.21M","-0.05%"
"09.12.2019","84.62","84.64","84.64","84.61","1.48M","0.00%"
"06.12.2019","84.62","84.60","84.65","84.59","2.02M","-0.04%"
"05.12.2019","84.65","84.65","84.69","84.64","1.97M","-0.05%"
"04.12.2019","84.69","84.71","84.72","84.66","2.02M","-0.05%"
"03.12.2019","84.73","84.72","84.78","84.71","2.04M","0.14%"
"02.12.2019","84.61","84.59","84.67","84.57","4.21M","-0.19%"
"29.11.2019","84.77","84.73","84.77","84.72","1.22M","0.04%"
"27.11.2019","84.74","84.77","84.77","84.73","1.09M","-0.06%"
"26.11.2019","84.79","84.79","84.80","84.77","1.79M","0.05%"
"25.11.2019","84.75","84.74","84.76","84.72","3.60M","0.02%"
"22.11.2019","84.73","84.76","84.77","84.72","3.15M","-0.02%"
"21.11.2019","84.75","84.76","84.78","84.74","1.29M","-0.05%"
"20.11.2019","84.79","84.77","84.81","84.76","1.77M","0.05%"
"19.11.2019","84.75","84.73","84.76","84.73","1.63M","-0.01%"
"18.11.2019","84.76","84.76","84.77","84.74","1.05M","0.05%"
"15.11.2019","84.72","84.71","84.74","84.71","2.46M","-0.04%"
"14.11.2019","84.75","84.74","84.78","84.73","2.75M","0.09%"
"13.11.2019","84.67","84.67","84.69","84.65","1.68M","0.05%"
"12.11.2019","84.63","84.61","84.64","84.59","2.65M","0.01%"
"11.11.2019","84.62","84.62","84.63","84.59","1.33M","0.02%"
"08.11.2019","84.60","84.59","84.65","84.59","2.30M","0.01%"
"07.11.2019","84.59","84.63","84.63","84.54","2.28M","-0.12%"
"06.11.2019","84.69","84.69","84.71","84.66","1.24M","0.06%"
"05.11.2019","84.64","84.67","84.67","84.61","2.08M","-0.07%"
"04.11.2019","84.70","84.72","84.72","84.69","2.54M","-0.07%"
"01.11.2019","84.76","84.78","84.81","84.72","3.44M","-0.22%"
"31.10.2019","84.95","84.85","84.96","84.85","2.72M","0.18%"
"30.10.2019","84.80","84.75","84.81","84.71","1.62M","0.06%"
"29.10.2019","84.75","84.76","84.77","84.73","1.77M","0.02%"
"28.10.2019","84.73","84.73","84.74","84.70","2.05M","-0.04%"
"25.10.2019","84.76","84.83","84.83","84.74","982.86K","-0.06%"
"24.10.2019","84.81","84.83","84.87","84.81","1.23M","0.00%"
"23.10.2019","84.81","84.84","84.85","84.80","1.58M","-0.01%"
"22.10.2019","84.82","84.81","84.83","84.76","1.19M","0.04%"
"21.10.2019","84.79","84.82","84.83","84.77","985.53K","-0.05%"
"18.10.2019","84.83","84.82","84.87","84.82","1.90M","0.04%"
"17.10.2019","84.80","84.80","84.85","84.78","1.64M","0.00%"
"16.10.2019","84.80","84.80","84.82","84.77","1.84M","0.05%"
"15.10.2019","84.76","84.81","84.82","84.73","2.47M","-0.02%"
"14.10.2019","84.78","84.78","84.80","84.76","1.34M","0.01%"
"11.10.2019","84.77","84.79","84.80","84.71","2.93M","-0.09%"
"10.10.2019","84.85","84.96","84.96","84.85","3.57M","-0.12%"
"09.10.2019","84.95","85.00","85.02","84.93","1.47M","-0.06%"
"08.10.2019","85.00","85.01","85.04","84.94","2.15M","0.06%"
"07.10.2019","84.95","84.99","85.00","84.93","1.61M","-0.11%"
"04.10.2019","85.04","85.01","85.05","84.99","1.76M","-0.01%"
"03.10.2019","85.05","84.93","85.07","84.92","2.44M","0.21%"
"02.10.2019","84.87","84.84","84.91","84.83","2.61M","0.11%"
"01.10.2019","84.78","84.62","84.81","84.62","4.67M","-0.05%"
"30.09.2019","84.82","84.77","84.82","84.76","2.33M","0.05%"
"27.09.2019","84.78","84.74","84.81","84.74","1.69M","0.06%"
"26.09.2019","84.73","84.75","84.79","84.73","871.49K","0.05%"
"25.09.2019","84.69","84.79","84.81","84.69","2.73M","-0.13%"
"24.09.2019","84.80","84.72","84.84","84.72","3.69M","0.11%"
"23.09.2019","84.71","84.72","84.79","84.71","1.54M","0.06%"
"20.09.2019","84.66","84.61","84.69","84.59","2.38M","0.11%"
"19.09.2019","84.57","84.64","84.64","84.57","2.40M","0.01%"
"18.09.2019","84.56","84.66","84.71","84.55","3.28M","-0.06%"
"17.09.2019","84.61","84.56","84.63","84.55","1.40M","0.05%"
"16.09.2019","84.57","84.55","84.57","84.53","3.03M","0.08%"
"13.09.2019","84.50","84.57","84.59","84.48","1.95M","-0.17%"
"12.09.2019","84.64","84.71","84.72","84.61","3.32M","-0.02%"
"11.09.2019","84.66","84.66","84.71","84.66","3.00M","0.00%"
"10.09.2019","84.66","84.79","84.80","84.65","2.26M","-0.17%"
"09.09.2019","84.80","84.83","84.85","84.80","2.42M","-0.11%"
"06.09.2019","84.89","84.90","84.93","84.87","2.49M","0.01%"
"05.09.2019","84.88","84.96","84.96","84.84","2.15M","-0.22%"
"04.09.2019","85.07","85.00","85.07","85.00","1.46M","0.08%"
"03.09.2019","85.00","84.95","85.07","84.93","4.57M","-0.09%"
"30.08.2019","85.08","85.05","85.09","85.03","2.54M","0.04%"
"29.08.2019","85.05","85.08","85.09","85.04","3.27M","-0.05%"
"28.08.2019","85.09","85.09","85.11","85.07","1.94M","0.02%"
"27.08.2019","85.07","85.01","85.09","85.01","2.18M","0.04%"
"26.08.2019","85.04","85.06","85.10","85.01","1.77M","-0.05%"
"23.08.2019","85.08","84.97","85.10","84.95","2.45M","0.16%"
"22.08.2019","84.94","84.96","85.01","84.93","956.17K","-0.05%"
"21.08.2019","84.98","85.01","85.05","84.97","2.08M","-0.09%"
"20.08.2019","85.06","85.05","85.09","85.04","2.02M","0.07%"
"19.08.2019","85.00","85.01","85.04","84.98","1.49M","-0.11%"
"16.08.2019","85.09","85.05","85.10","85.01","1.89M","-0.01%"
"15.08.2019","85.10","84.96","85.11","84.96","4.82M","0.21%"
"14.08.2019","84.92","84.89","84.95","84.88","3.31M","0.13%"
"13.08.2019","84.81","84.90","84.91","84.77","1.84M","-0.12%"
"12.08.2019","84.91","84.89","84.94","84.88","2.40M","0.11%"
"09.08.2019","84.82","84.87","84.91","84.82","1.83M","-0.06%"
"08.08.2019","84.87","84.87","84.88","84.81","1.50M","-0.04%"
"07.08.2019","84.90","85.00","85.04","84.87","2.35M","0.01%"
"06.08.2019","84.89","84.86","84.89","84.82","3.28M","0.05%"
"05.08.2019","84.85","84.83","84.91","84.81","3.15M","0.20%"
"02.08.2019","84.68","84.65","84.70","84.64","2.63M","0.02%"
"01.08.2019","84.66","84.46","84.72","84.45","3.10M","0.11%"
"31.07.2019","84.57","84.62","84.65","84.43","2.31M","-0.01%"
"30.07.2019","84.58","84.59","84.60","84.57","933.46K","0.01%"
"29.07.2019","84.57","84.57","84.60","84.57","930.57K","0.00%"
"26.07.2019","84.57","84.56","84.57","84.52","1.00M","0.01%"
"25.07.2019","84.56","84.59","84.59","84.53","1.09M","-0.06%"
"24.07.2019","84.61","84.61","84.64","84.59","1.36M","0.02%"
"23.07.2019","84.59","84.60","84.62","84.58","1.03M","-0.02%"
"22.07.2019","84.61","84.63","84.64","84.61","823.32K","0.01%"
"19.07.2019","84.60","84.62","84.64","84.58","863.98K","-0.11%"
"18.07.2019","84.69","84.58","84.70","84.56","1.44M","0.12%"
"17.07.2019","84.59","84.52","84.59","84.51","1.46M","0.09%"
"16.07.2019","84.51","84.50","84.53","84.48","1.35M","-0.04%"
"15.07.2019","84.54","84.54","84.56","84.53","1.39M","0.02%"
"12.07.2019","84.52","84.50","84.54","84.49","871.64K","0.01%"
"11.07.2019","84.51","84.54","84.55","84.49","1.23M","-0.05%"
"10.07.2019","84.55","84.50","84.55","84.47","1.70M","0.18%"
"09.07.2019","84.40","84.46","84.46","84.40","1.46M","-0.04%"
"08.07.2019","84.43","84.49","84.50","84.43","1.59M","-0.05%"
"05.07.2019","84.47","84.51","84.51","84.44","1.76M","-0.20%"
"03.07.2019","84.64","84.63","84.65","84.62","2.18M","0.02%"
"02.07.2019","84.62","84.59","84.64","84.58","4.84M","0.06%"
"01.07.2019","84.57","84.62","84.63","84.54","4.21M","-0.25%"
"28.06.2019","84.78","84.77","84.80","84.75","4.13M","0.00%"
"27.06.2019","84.78","84.76","84.78","84.73","1.28M","0.08%"
"26.06.2019","84.71","84.77","84.77","84.70","1.22M","-0.12%"
"25.06.2019","84.81","84.80","84.85","84.76","1.74M","0.02%"
"24.06.2019","84.79","84.76","84.82","84.76","1.72M","0.06%"
"21.06.2019","84.74","84.71","84.74","84.69","8.01M","-0.05%"
"20.06.2019","84.78","84.81","84.85","84.77","1.79M","0.05%"
"19.06.2019","84.74","84.54","84.75","84.52","1.89M","0.21%"
"18.06.2019","84.56","84.65","84.66","84.56","5.59M","0.01%"
"17.06.2019","84.55","84.60","84.60","84.55","2.11M","-0.05%"
"14.06.2019","84.59","84.57","84.61","84.56","1.99M","-0.04%"
"13.06.2019","84.62","84.57","84.64","84.55","2.45M","0.11%"
"12.06.2019","84.53","84.51","84.55","84.50","1.15M","0.08%"
"11.06.2019","84.46","84.45","84.48","84.44","2.21M","-0.04%"
"10.06.2019","84.49","84.52","84.52","84.48","7.61M","-0.09%"
"07.06.2019","84.57","84.62","84.64","84.54","13.62M","0.11%"
"06.06.2019","84.48","84.54","84.57","84.47","20.69M","-0.06%"
"05.06.2019","84.53","84.60","84.63","84.52","14.75M","0.05%"
"04.06.2019","84.49","84.44","84.51","84.42","3.32M","-0.07%"
"03.06.2019","84.55","84.47","84.59","84.43","4.62M","-0.01%"
"31.05.2019","84.56","84.46","84.59","84.46","11.97M","0.21%"
"30.05.2019","84.38","84.33","84.39","84.30","1.93M","0.08%"
"29.05.2019","84.31","84.35","84.38","84.30","2.63M","0.01%"
"28.05.2019","84.30","84.26","84.30","84.24","1.13M","0.08%"
"24.05.2019","84.23","84.24","84.25","84.21","1.02M","-0.04%"
"23.05.2019","84.26","84.17","84.29","84.17","2.77M","0.18%"
"22.05.2019","84.11","84.12","84.13","84.10","2.07M","0.05%"
"21.05.2019","84.07","84.09","84.10","84.06","1.16M","-0.05%"
"20.05.2019","84.11","84.14","84.16","84.11","1.10M","-0.05%"
"17.05.2019","84.15","84.18","84.19","84.12","1.07M","0.02%"
"16.05.2019","84.13","84.14","84.15","84.12","1.05M","-0.06%"
"15.05.2019","84.18","84.21","84.21","84.14","1.52M","0.07%"
"14.05.2019","84.12","84.12","84.13","84.09","3.79M","0.00%"
"13.05.2019","84.12","84.11","84.15","84.10","2.72M","0.12%"
"10.05.2019","84.02","84.03","84.07","84.00","1.56M","0.02%"
"09.05.2019","84.00","84.02","84.06","83.99","1.30M","0.06%"
"08.05.2019","83.95","83.98","84.00","83.94","1.47M","-0.01%"
"07.05.2019","83.96","83.95","83.98","83.95","2.82M","0.05%"
"06.05.2019","83.92","83.93","83.94","83.91","1.31M","0.06%"
"03.05.2019","83.87","83.87","83.90","83.85","1.33M","0.04%"
"02.05.2019","83.84","83.88","83.89","83.84","2.14M","-0.05%"
"01.05.2019","83.88","83.93","84.05","83.87","1.31M","-0.27%"
"30.04.2019","84.11","84.06","84.11","84.04","1.88M","0.07%"
"29.04.2019","84.05","84.05","84.07","84.04","1.01M","-0.04%"
"26.04.2019","84.08","84.07","84.08","84.06","2.28M","0.11%"
"25.04.2019","83.99","84.01","84.02","83.99","903.03K","0.00%"
"24.04.2019","83.99","83.99","84.01","83.98","3.42M","0.06%"
"23.04.2019","83.94","83.92","83.95","83.92","1.82M","0.05%"
"22.04.2019","83.90","83.90","83.91","83.89","6.16M","0.01%"
"18.04.2019","83.89","83.90","83.91","83.88","1.08M","0.02%"
"17.04.2019","83.87","83.84","83.87","83.84","1.60M","0.04%"
"16.04.2019","83.84","83.84","83.85","83.81","1.34M","-0.01%"
"15.04.2019","83.85","83.83","83.86","83.83","1.02M","0.01%"
"12.04.2019","83.84","83.84","83.86","83.83","1.21M","-0.06%"
"11.04.2019","83.89","83.90","83.92","83.89","3.38M","-0.06%"
"10.04.2019","83.94","83.91","83.94","83.91","2.36M","0.08%"
"09.04.2019","83.87","83.89","83.91","83.87","3.66M","0.01%"
"08.04.2019","83.86","83.88","83.90","83.85","2.76M","-0.02%"
"05.04.2019","83.88","83.87","83.89","83.86","6.62M","-0.01%"
"04.04.2019","83.89","83.90","83.90","83.87","1.48M","0.02%"
"03.04.2019","83.87","83.88","83.89","83.86","5.01M","-0.05%"
"02.04.2019","83.91","83.89","83.92","83.88","2.66M","0.05%"
"01.04.2019","83.87","83.91","83.93","83.85","4.38M","-0.30%"
"29.03.2019","84.12","84.10","84.13","84.08","2.28M","-0.06%"
"28.03.2019","84.17","84.17","84.18","84.13","1.32M","-0.01%"
"27.03.2019","84.18","84.17","84.21","84.15","1.87M","0.08%"
"26.03.2019","84.11","84.08","84.13","84.06","2.37M","-0.01%"
"25.03.2019","84.12","84.06","84.17","84.04","3.57M","0.11%"
"22.03.2019","84.03","83.95","84.05","83.95","3.11M","0.17%"
"21.03.2019","83.89","83.91","83.91","83.87","1.37M","0.00%"
"20.03.2019","83.89","83.78","83.90","83.78","2.46M","0.14%"
"19.03.2019","83.77","83.76","83.78","83.74","1.00M","-0.01%"
"18.03.2019","83.78","83.78","83.80","83.77","1.09M","-0.02%"
"15.03.2019","83.80","83.79","83.81","83.78","1.57M","0.04%"
"14.03.2019","83.77","83.75","83.77","83.73","1.17M","0.02%"
"13.03.2019","83.75","83.73","83.75","83.72","1.17M","0.01%"
"12.03.2019","83.74","83.71","83.75","83.71","3.67M","0.04%"
"11.03.2019","83.71","83.72","83.72","83.69","2.21M","-0.02%"
"08.03.2019","83.73","83.71","83.74","83.69","2.63M","0.04%"
"07.03.2019","83.70","83.65","83.71","83.65","3.22M","0.08%"
"06.03.2019","83.63","83.57","83.63","83.57","4.17M","0.07%"
"05.03.2019","83.57","83.54","83.57","83.52","6.18M","0.01%"
"04.03.2019","83.56","83.54","83.58","83.53","6.42M","0.02%"
"01.03.2019","83.54","83.56","83.57","83.52","3.70M","-0.25%"
"28.02.2019","83.75","83.75","83.76","83.72","4.14M","-0.02%"
"27.02.2019","83.77","83.76","83.77","83.73","2.46M","-0.02%"
"26.02.2019","83.79","83.77","83.79","83.75","4.57M","0.05%"
"25.02.2019","83.75","83.73","83.75","83.71","2.96M","-0.01%"
"22.02.2019","83.76","83.72","83.78","83.72","2.64M","0.07%"
"21.02.2019","83.70","83.71","83.71","83.69","2.14M","-0.02%"
"20.02.2019","83.72","83.73","83.76","83.71","2.68M","-0.02%"
"19.02.2019","83.74","83.72","83.74","83.70","8.25M","0.07%"
"15.02.2019","83.68","83.70","83.70","83.68","3.56M","-0.05%"
"14.02.2019","83.72","83.71","83.72","83.67","5.77M","0.13%"
"13.02.2019","83.61","83.62","83.65","83.61","3.54M","-0.07%"
"12.02.2019","83.67","83.68","83.69","83.66","2.37M","-0.01%"
"11.02.2019","83.68","83.68","83.70","83.67","3.23M","-0.04%"
"08.02.2019","83.71","83.73","83.75","83.71","2.46M","0.04%"
"07.02.2019","83.68","83.67","83.70","83.65","2.48M","0.07%"
"06.02.2019","83.62","83.63","83.64","83.60","2.69M","0.05%"
"05.02.2019","83.58","83.57","83.61","83.57","3.07M","0.00%"
"04.02.2019","83.58","83.59","83.60","83.56","9.05M","0.00%"
"01.02.2019","83.58","83.64","83.66","83.58","7.39M","-0.30%"
"31.01.2019","83.83","83.79","83.85","83.79","7.27M","0.08%"
"30.01.2019","83.76","83.65","83.76","83.63","3.63M","0.13%"
"29.01.2019","83.65","83.63","83.66","83.63","4.07M","0.05%"
"28.01.2019","83.61","83.60","83.64","83.59","5.78M","0.01%"
"25.01.2019","83.60","83.63","83.64","83.59","1.60M","-0.07%"
"24.01.2019","83.66","83.65","83.68","83.63","2.01M","0.08%"
"23.01.2019","83.59","83.58","83.62","83.56","7.92M","-0.02%"
"22.01.2019","83.61","83.58","83.61","83.57","4.05M","0.08%"
"18.01.2019","83.54","83.58","83.59","83.52","4.14M","-0.08%"
"17.01.2019","83.61","83.62","83.63","83.58","2.51M","-0.01%"
"16.01.2019","83.62","83.60","83.63","83.58","3.26M","-0.02%"
"15.01.2019","83.64","83.65","83.66","83.61","3.31M","0.04%"
"14.01.2019","83.61","83.63","83.65","83.43","1.87M","0.00%"
"11.01.2019","83.61","83.61","83.63","83.60","2.06M","0.06%"
"10.01.2019","83.56","83.61","83.63","83.55","4.04M","0.01%"
"09.01.2019","83.55","83.51","83.58","83.51","4.16M","0.05%"
"08.01.2019","83.51","83.53","83.56","83.50","2.06M","-0.06%"
"07.01.2019","83.56","83.65","83.67","83.56","3.63M","-0.07%"
"04.01.2019","83.62","83.67","83.68","83.62","5.97M","-0.21%"
"03.01.2019","83.80","83.64","83.83","83.63","5.28M","0.20%"
"02.01.2019","83.63","83.63","83.64","83.60","5.38M","0.01%"
"31.12.2018","83.62","83.57","83.67","83.55","4.89M","0.04%"
"28.12.2018","83.59","83.51","83.59","83.50","6.74M","0.14%"
"27.12.2018","83.47","83.46","83.54","83.46","4.21M","0.11%"
"26.12.2018","83.38","83.48","83.51","83.38","6.21M","-0.10%"
"24.12.2018","83.46","83.40","83.46","83.40","4.05M","0.08%"
"21.12.2018","83.39","83.33","83.39","83.32","5.55M","0.07%"
"20.12.2018","83.33","83.35","83.36","83.31","7.30M","-0.01%"
"19.12.2018","83.34","83.34","83.38","83.27","12.28M","0.02%"
"18.12.2018","83.32","83.28","83.33","83.26","6.57M","-0.08%"
"17.12.2018","83.39","83.32","83.39","83.30","5.82M","0.10%"
"14.12.2018","83.31","83.27","83.32","83.26","4.45M","0.06%"
"13.12.2018","83.26","83.23","83.26","83.22","7.53M","0.10%"
"12.12.2018","83.18","83.18","83.21","83.18","4.57M","-0.01%"
"11.12.2018","83.19","83.23","83.26","83.18","5.68M","-0.10%"
"10.12.2018","83.27","83.26","83.33","83.24","9.73M","0.00%"
"07.12.2018","83.27","83.19","83.28","83.18","2.08M","0.11%"
"06.12.2018","83.18","83.22","83.30","83.18","4.01M","0.10%"
"04.12.2018","83.10","83.07","83.14","83.07","4.06M","0.07%"
"03.12.2018","83.04","83.06","83.09","83.04","2.83M","-0.25%"
"30.11.2018","83.25","83.22","83.27","83.21","4.71M","0.04%"
"29.11.2018","83.22","83.24","83.25","83.20","2.22M","0.02%"
"28.11.2018","83.20","83.16","83.22","83.14","2.99M","0.04%"
"27.11.2018","83.17","83.15","83.18","83.14","1.56M","0.01%"
"26.11.2018","83.16","83.15","83.16","83.13","1.76M","0.01%"
"23.11.2018","83.15","83.20","83.20","83.15","1.67M","-0.02%"
"21.11.2018","83.17","83.18","83.18","83.15","9.31M","0.00%"
"20.11.2018","83.17","83.18","83.20","83.16","2.31M","-0.02%"
"19.11.2018","83.19","83.12","83.20","83.11","1.55M","0.08%"
"16.11.2018","83.12","83.12","83.14","83.10","1.29M","0.07%"
"15.11.2018","83.06","83.09","83.11","83.04","1.95M","0.05%"
"14.11.2018","83.02","82.97","83.07","82.96","3.33M","0.07%"
"13.11.2018","82.96","82.95","82.98","82.95","2.99M","0.01%"
"12.11.2018","82.95","82.92","82.98","82.92","994.30K","0.07%"
"09.11.2018","82.89","82.86","82.92","82.86","1.23M","0.05%"
"08.11.2018","82.85","82.88","82.88","82.83","1.33M","-0.01%"
"07.11.2018","82.86","82.87","82.88","82.85","1.68M","-0.04%"
"06.11.2018","82.89","82.88","82.90","82.87","4.43M","-0.02%"
"05.11.2018","82.91","82.92","82.92","82.89","2.36M","0.04%"
"02.11.2018","82.88","82.93","82.94","82.88","3.72M","-0.12%"
"01.11.2018","82.98","82.96","82.99","82.94","3.62M","-0.12%"
"31.10.2018","83.08","83.07","83.10","83.05","12.64M","-0.05%"
"30.10.2018","83.12","83.13","83.13","83.09","5.20M","-0.05%"
"29.10.2018","83.16","83.11","83.17","83.10","4.79M","0.04%"
"26.10.2018","83.13","83.14","83.19","83.12","3.80M","0.06%"
"25.10.2018","83.08","83.09","83.10","83.06","2.68M","-0.04%"
"24.10.2018","83.11","83.02","83.11","83.02","2.96M","0.16%"
"23.10.2018","82.98","83.03","83.05","82.98","2.86M","0.06%"
"22.10.2018","82.93","82.94","82.97","82.93","2.03M","-0.02%"
"19.10.2018","82.95","82.99","82.99","82.94","4.10M","-0.06%"
"18.10.2018","83.00","82.93","83.01","82.92","1.33M","0.07%"
"17.10.2018","82.94","82.97","82.99","82.92","1.61M","-0.01%"
"16.10.2018","82.95","82.97","82.97","82.94","2.15M","-0.04%"
"15.10.2018","82.98","82.99","82.99","82.96","1.77M","0.04%"
"12.10.2018","82.95","82.98","83.01","82.95","2.27M","0.00%"
"11.10.2018","82.95","82.96","83.00","82.93","2.12M","0.04%"
"10.10.2018","82.92","82.87","82.93","82.87","1.96M","0.02%"
"09.10.2018","82.90","82.90","82.91","82.88","2.94M","0.04%"
"08.10.2018","82.87","82.89","82.92","82.87","1.60M","-0.02%"
"05.10.2018","82.89","82.88","82.89","82.86","1.69M","-0.01%"
"04.10.2018","82.90","82.87","82.90","82.87","1.25M","-0.02%"
"03.10.2018","82.92","82.94","82.96","82.89","1.47M","-0.05%"
"02.10.2018","82.96","82.95","82.99","82.95","3.06M","0.04%"
"01.10.2018","82.93","82.96","82.97","82.93","3.39M","-0.19%"
"28.09.2018","83.09","83.09","83.11","83.09","2.34M","0.05%"
"27.09.2018","83.05","83.07","83.07","83.05","901.89K","0.00%"
"26.09.2018","83.05","83.03","83.07","83.03","1.33M","0.01%"
"25.09.2018","83.04","83.02","83.04","83.01","1.22M","0.01%"
"24.09.2018","83.03","83.03","83.06","83.02","777.06K","0.00%"
"21.09.2018","83.03","83.03","83.06","83.02","1.87M","-0.02%"
"20.09.2018","83.05","83.00","83.05","83.00","945.28K","0.04%"
"19.09.2018","83.02","83.02","83.03","83.00","659.84K","-0.02%"
"18.09.2018","83.04","83.07","83.07","83.02","860.42K","-0.01%"
"17.09.2018","83.05","83.06","83.08","83.05","2.31M","-0.02%"
"14.09.2018","83.07","83.05","83.08","83.05","718.48K","-0.04%"
"13.09.2018","83.10","83.10","83.11","83.08","687.20K","0.01%"
"12.09.2018","83.09","83.11","83.11","83.07","687.55K","0.00%"
"11.09.2018","83.09","83.09","83.11","83.07","763.70K","-0.06%"
"10.09.2018","83.14","83.14","83.15","83.13","623.81K","0.01%"
"07.09.2018","83.13","83.17","83.17","83.13","835.52K","-0.11%"
"06.09.2018","83.22","83.21","83.25","83.20","5.09M","0.04%"
"05.09.2018","83.19","83.19","83.20","83.17","846.30K","0.00%"
"04.09.2018","83.19","83.20","83.22","83.16","1.36M","-0.18%"
"31.08.2018","83.34","83.34","83.35","83.33","4.05M","0.02%"
"30.08.2018","83.32","83.28","83.32","83.28","1.66M","0.07%"
"29.08.2018","83.26","83.28","83.28","83.24","582.22K","-0.01%"
"28.08.2018","83.27","83.27","83.29","83.26","931.84K","-0.04%"
"27.08.2018","83.30","83.29","83.31","83.29","952.80K","-0.04%"
"24.08.2018","83.33","83.29","83.33","83.29","2.28M","0.01%"
"23.08.2018","83.32","83.33","83.34","83.31","702.73K","-0.01%"
"22.08.2018","83.33","83.32","83.34","83.31","609.77K","0.02%"
"21.08.2018","83.31","83.29","83.31","83.29","1.45M","-0.02%"
"20.08.2018","83.33","83.31","83.33","83.29","761.68K","0.06%"
"17.08.2018","83.28","83.27","83.29","83.26","783.35K","0.04%"
"16.08.2018","83.25","83.25","83.27","83.23","987.98K","-0.02%"
"15.08.2018","83.27","83.25","83.29","83.23","775.02K","0.05%"
"14.08.2018","83.23","83.23","83.23","83.21","1.29M","0.00%"
"13.08.2018","83.23","83.22","83.25","83.21","1.58M","-0.02%"
"10.08.2018","83.25","83.22","83.26","83.21","1.50M","0.10%"
"09.08.2018","83.17","83.14","83.17","83.14","660.69K","0.06%"
"08.08.2018","83.12","83.13","83.13","83.11","1.44M","0.01%"
"07.08.2018","83.11","83.13","83.13","83.09","927.51K","-0.04%"
"06.08.2018","83.14","83.15","83.15","83.13","1.15M","0.02%"
"03.08.2018","83.12","83.10","83.14","83.10","1.37M","0.01%"
"02.08.2018","83.11","83.09","83.11","83.08","1.91M","0.06%"
"01.08.2018","83.06","83.05","83.07","83.04","9.13M","-0.16%"
"31.07.2018","83.19","83.21","83.21","83.19","2.53M","0.00%"
"30.07.2018","83.19","83.19","83.20","83.18","4.20M","0.00%"
"27.07.2018","83.19","83.19","83.20","83.18","1.43M","0.01%"
"26.07.2018","83.18","83.20","83.21","83.15","2.21M","0.00%"
"25.07.2018","83.18","83.21","83.22","83.18","682.78K","-0.04%"
"24.07.2018","83.21","83.21","83.21","83.18","1.56M","0.01%"
"23.07.2018","83.20","83.24","83.25","83.20","1.08M","-0.06%"
"20.07.2018","83.25","83.28","83.29","83.24","1.73M","0.00%"
"19.07.2018","83.25","83.21","83.28","83.21","1.19M","0.05%"
"18.07.2018","83.21","83.23","83.23","83.20","972.80K","-0.01%"
"17.07.2018","83.22","83.24","83.24","83.21","2.83M","-0.01%"
"16.07.2018","83.23","83.22","83.23","83.20","1.53M","-0.02%"
"13.07.2018","83.25","83.25","83.26","83.23","1.24M","0.02%"
"12.07.2018","83.23","83.21","83.23","83.20","1.30M","-0.01%"
"11.07.2018","83.24","83.23","83.24","83.20","953.31K","0.04%"
"10.07.2018","83.21","83.23","83.23","83.20","2.16M","-0.01%"
"09.07.2018","83.22","83.24","83.25","83.22","1.38M","-0.06%"
"06.07.2018","83.27","83.27","83.27","83.25","3.11M","0.02%"
"05.07.2018","83.25","83.25","83.27","83.22","1.89M","-0.01%"
"03.07.2018","83.26","83.23","83.26","83.21","1.33M","0.04%"
"02.07.2018","83.23","83.26","83.26","83.20","3.52M","-0.17%"
"29.06.2018","83.37","83.36","83.38","83.35","4.91M","-0.02%"
"28.06.2018","83.39","83.41","83.41","83.36","1.05M","0.00%"
"27.06.2018","83.39","83.38","83.40","83.35","4.01M","0.06%"
"26.06.2018","83.34","83.34","83.35","83.32","3.13M","0.00%"
"25.06.2018","83.34","83.32","83.35","83.31","721.34K","0.04%"
"22.06.2018","83.31","83.30","83.31","83.28","1.15M","0.01%"
"21.06.2018","83.30","83.26","83.31","83.26","825.38K","0.06%"
"20.06.2018","83.25","83.28","83.29","83.24","1.37M","-0.05%"
"19.06.2018","83.29","83.30","83.30","83.27","2.35M","0.04%"
"18.06.2018","83.26","83.24","83.26","83.23","1.03M","0.02%"
"15.06.2018","83.24","83.24","83.27","83.23","2.66M","0.05%"
"14.06.2018","83.20","83.19","83.21","83.18","1.74M","0.04%"
"13.06.2018","83.17","83.21","83.23","83.14","2.35M","-0.05%"
"12.06.2018","83.21","83.21","83.23","83.21","3.02M","-0.05%"
"11.06.2018","83.25","83.23","83.26","83.21","3.76M","-0.04%"
"08.06.2018","83.28","83.28","83.31","83.26","2.38M","-0.02%"
"07.06.2018","83.30","83.21","83.34","83.21","4.35M","0.10%"
"06.06.2018","83.22","83.22","83.24","83.21","4.98M","-0.04%"
"05.06.2018","83.25","83.24","83.29","83.21","16.97M","0.06%"
"04.06.2018","83.20","83.24","83.26","83.20","1.15M","-0.08%"
"01.06.2018","83.27","83.28","83.30","83.25","3.23M","-0.23%"
"31.05.2018","83.46","83.49","83.50","83.43","5.75M","-0.05%"
"30.05.2018","83.50","83.54","83.54","83.47","1.67M","-0.12%"
"29.05.2018","83.60","83.43","83.64","83.43","2.14M","0.29%"
"25.05.2018","83.36","83.35","83.38","83.35","612.04K","0.08%"
"24.05.2018","83.29","83.30","83.33","83.29","1.38M","0.06%"
"23.05.2018","83.24","83.20","83.27","83.19","1.18M","0.08%"
"22.05.2018","83.17","83.16","83.18","83.15","793.01K","0.00%"
"21.05.2018","83.17","83.16","83.17","83.15","1.29M","0.00%"
"18.05.2018","83.17","83.18","83.20","83.17","922.76K","0.05%"
"17.05.2018","83.13","83.14","83.14","83.12","1.02M","0.02%"
"16.05.2018","83.11","83.10","83.12","83.10","704.70K","0.00%"
"15.05.2018","83.11","83.12","83.14","83.09","1.09M","-0.06%"
"14.05.2018","83.16","83.17","83.17","83.15","1.02M","0.00%"
"11.05.2018","83.16","83.18","83.18","83.16","710.18K","0.00%"
"10.05.2018","83.16","83.19","83.20","83.16","937.87K","0.00%"
"09.05.2018","83.16","83.17","83.18","83.16","1.01M","-0.04%"
"08.05.2018","83.19","83.19","83.20","83.18","9.73M","0.00%"
"07.05.2018","83.19","83.21","83.22","83.19","7.56M","0.00%"
"04.05.2018","83.19","83.22","83.24","83.18","1.35M","-0.04%"
"03.05.2018","83.22","83.20","83.23","83.20","2.96M","0.07%"
"02.05.2018","83.16","83.15","83.17","83.13","1.69M","0.04%"
"01.05.2018","83.13","83.17","83.18","83.13","2.03M","-0.17%"
"30.04.2018","83.27","83.28","83.30","83.27","1.94M","-0.04%"
"27.04.2018","83.30","83.27","83.30","83.27","1.44M","0.02%"
"26.04.2018","83.28","83.29","83.29","83.25","2.54M","0.02%"
"25.04.2018","83.26","83.23","83.27","83.23","2.18M","-0.01%"
"24.04.2018","83.27","83.22","83.27","83.21","2.00M","0.02%"
"23.04.2018","83.25","83.26","83.26","83.22","1.86M","-0.01%"
"20.04.2018","83.26","83.27","83.29","83.25","904.80K","-0.04%"
"19.04.2018","83.29","83.30","83.31","83.27","1.41M","0.00%"
"18.04.2018","83.29","83.30","83.31","83.28","971.75K","-0.08%"
"17.04.2018","83.36","83.35","83.36","83.33","892.31K","0.00%"
"16.04.2018","83.36","83.35","83.37","83.33","1.16M","-0.01%"
"13.04.2018","83.37","83.37","83.39","83.36","1.04M","-0.02%"
"12.04.2018","83.39","83.41","83.41","83.38","791.08K","-0.06%"
"11.04.2018","83.44","83.44","83.46","83.42","985.65K","0.00%"
"10.04.2018","83.44","83.43","83.46","83.41","1.22M","-0.05%"
"09.04.2018","83.48","83.44","83.48","83.43","1.74M","-0.01%"
"06.04.2018","83.49","83.47","83.49","83.44","1.10M","0.08%"
"05.04.2018","83.42","83.40","83.43","83.40","1.11M","0.02%"
"04.04.2018","83.40","83.47","83.47","83.40","1.72M","-0.06%"
"03.04.2018","83.45","83.47","83.48","83.42","3.42M","-0.05%"
"02.04.2018","83.49","83.45","83.53","83.42","3.05M","-0.08%"
"29.03.2018","83.56","83.50","83.56","83.50","3.00M","0.04%"
"28.03.2018","83.53","83.54","83.57","83.49","1.90M","0.01%"
"27.03.2018","83.52","83.46","83.54","83.46","1.73M","0.07%"
"26.03.2018","83.46","83.48","83.50","83.45","1.73M","-0.05%"
"23.03.2018","83.50","83.48","83.52","83.46","1.20M","0.02%"
"22.03.2018","83.48","83.44","83.51","83.44","1.95M","0.05%"
"21.03.2018","83.44","83.35","83.45","83.33","2.40M","0.07%"
"20.03.2018","83.38","83.39","83.40","83.36","1.07M","-0.04%"
"19.03.2018","83.41","83.40","83.45","83.39","834.90K","0.00%"
"16.03.2018","83.41","83.45","83.45","83.41","878.52K","-0.05%"
"15.03.2018","83.45","83.43","83.47","83.42","1.11M","0.01%"
"14.03.2018","83.44","83.42","83.49","83.40","1.53M","-0.01%"
"13.03.2018","83.45","83.45","83.47","83.43","609.89K","0.02%"
"12.03.2018","83.43","83.43","83.44","83.39","1.28M","0.05%"
"09.03.2018","83.39","83.39","83.43","83.38","668.97K","-0.05%"
"08.03.2018","83.43","83.42","83.44","83.41","608.89K","0.02%"
"07.03.2018","83.41","83.42","83.45","83.40","1.23M","0.00%"
"06.03.2018","83.41","83.43","83.45","83.40","737.31K","-0.01%"
"05.03.2018","83.42","83.45","83.47","83.40","1.11M","-0.01%"
"02.03.2018","83.43","83.45","83.45","83.40","1.72M","-0.05%"
"01.03.2018","83.47","83.39","83.49","83.36","2.05M","0.04%"
"28.02.2018","83.44","83.45","83.47","83.43","3.72M","0.02%"
"27.02.2018","83.42","83.53","83.53","83.41","852.34K","-0.07%"
"26.02.2018","83.48","83.51","83.54","83.48","1.45M","0.01%"
"23.02.2018","83.47","83.47","83.50","83.45","753.81K","0.02%"
"22.02.2018","83.45","83.45","83.46","83.41","839.31K","0.01%"
"21.02.2018","83.44","83.43","83.45","83.38","1.54M","0.01%"
"20.02.2018","83.43","83.41","83.44","83.41","1.45M","-0.01%"
"16.02.2018","83.44","83.37","83.47","83.37","728.34K","0.02%"
"15.02.2018","83.42","83.44","83.46","83.40","1.45M","-0.04%"
"14.02.2018","83.45","83.50","83.50","83.43","953.40K","-0.14%"
"13.02.2018","83.57","83.55","83.57","83.53","1.29M","0.00%"
"12.02.2018","83.57","83.59","83.59","83.54","1.59M","-0.05%"
"09.02.2018","83.61","83.54","83.70","83.52","3.16M","0.08%"
"08.02.2018","83.54","83.53","83.57","83.48","1.18M","0.01%"
"07.02.2018","83.53","83.52","83.58","83.49","2.05M","-0.07%"
"06.02.2018","83.59","83.51","83.65","83.51","2.39M","-0.07%"
"05.02.2018","83.65","83.45","83.68","83.45","2.02M","0.18%"
"02.02.2018","83.50","83.48","83.52","83.44","1.83M","0.01%"
"01.02.2018","83.49","83.52","83.53","83.47","2.24M","-0.14%"
"31.01.2018","83.61","83.64","83.64","83.56","2.08M","0.00%"
"30.01.2018","83.61","83.65","83.65","83.59","1.71M","0.01%"
"29.01.2018","83.60","83.61","83.62","83.58","1.44M","-0.04%"
"26.01.2018","83.63","83.71","83.71","83.62","990.70K","-0.06%"
"25.01.2018","83.68","83.69","83.70","83.64","757.21K","-0.02%"
"24.01.2018","83.70","83.71","83.71","83.67","865.65K","-0.02%"
"23.01.2018","83.72","83.68","83.72","83.68","885.61K","0.06%"
"22.01.2018","83.67","83.68","83.68","83.65","973.55K","-0.05%"
"19.01.2018","83.71","83.70","83.71","83.66","1.05M","0.04%"
"18.01.2018","83.68","83.68","83.70","83.66","1.09M","-0.02%"
"17.01.2018","83.70","83.72","83.72","83.68","2.95M","-0.04%"
"16.01.2018","83.73","83.66","83.75","83.66","2.71M","-0.01%"
"12.01.2018","83.74","83.80","83.80","83.72","904.97K","-0.01%"
"11.01.2018","83.75","83.77","83.79","83.75","1.05M","-0.04%"
"10.01.2018","83.78","83.78","83.78","83.74","789.55K","0.04%"
"09.01.2018","83.75","83.80","83.80","83.75","1.55M","-0.04%"
"08.01.2018","83.78","83.80","83.80","83.76","597.79K","0.00%"
"05.01.2018","83.78","83.77","83.79","83.76","850.60K","0.00%"
"04.01.2018","83.78","83.77","83.80","83.75","955.45K","-0.05%"
"03.01.2018","83.82","83.81","83.84","83.78","1.04M","0.00%"
"02.01.2018","83.82","83.85","83.85","83.79","1.79M","-0.04%"