Fecha,Close,Open,High,Low,Vol.,Change %
"Apr 17, 2026",111.48,111.43,111.49,111.32,1.51M,0.26%
"Apr 16, 2026",111.19,111.46,111.5,111.16,1.59M,-0.22%
"Apr 15, 2026",111.43,111.49,111.5,111.36,1.82M,-0.09%
"Apr 14, 2026",111.53,111.26,111.54,111.25,2.18M,0.22%
"Apr 13, 2026",111.28,111.09,111.31,111.04,1.57M,0.23%
"Apr 10, 2026",111.02,110.99,111.11,110.92,2.25M,0.05%
"Apr 09, 2026",110.96,110.85,111.06,110.75,1.86M,0.05%
"Apr 08, 2026",110.91,111.07,111.08,110.79,2.72M,0.02%
"Apr 07, 2026",110.89,110.71,110.96,110.39,1.77M,0.12%
"Apr 06, 2026",110.76,110.64,110.83,110.6,1.53M,-0.05%
"Apr 02, 2026",110.81,110.53,110.83,110.47,1.98M,0.41%
"Apr 01, 2026",110.36,110.31,110.52,110.28,3.33M,0.00%
"Mar 31, 2026",110.36,110.64,110.68,110.33,5.51M,0.01%
"Mar 30, 2026",110.35,110.36,110.52,110.29,3.45M,0.62%
"Mar 27, 2026",109.67,109.65,109.86,109.58,3.07M,-0.08%
"Mar 26, 2026",109.76,110.12,110.21,109.76,3.27M,-0.36%
"Mar 25, 2026",110.16,110.11,110.17,109.93,4.29M,0.30%
"Mar 24, 2026",109.83,109.88,110.07,109.68,4.52M,-0.33%
"Mar 23, 2026",110.19,110.09,110.39,110,5.75M,-0.03%
"Mar 20, 2026",110.22,110.72,110.73,110.19,4.00M,-0.80%
19/03/26,111.11,111.02,111.22,110.94,4.82M,-0.12%
18/03/26,111.24,111.51,111.56,111.21,3.35M,-0.19%
17/03/26,111.45,111.27,111.48,111.22,1.82M,0.35%
16/03/26,111.06,111.01,111.09,110.88,2.26M,0.32%
13/03/26,110.71,110.88,110.94,110.65,2.27M,-0.20%
12/03/26,110.93,111.08,111.19,110.8,2.42M,-0.13%
11/03/26,111.07,111.26,111.26,111.03,2.86M,-0.15%
10/03/26,111.24,111.53,111.54,111.21,2.98M,-0.33%
09/03/26,111.61,111.52,111.69,111.35,4.62M,0.16%
06/03/26,111.43,111.32,111.71,111.28,2.77M,0.19%
05/03/26,111.22,111.08,111.32,111.04,2.50M,-0.03%
04/03/26,111.25,111.47,111.48,111.24,1.76M,-0.22%
03/03/26,111.5,111.31,111.63,111.28,2.74M,-0.06%
02/03/26,111.57,111.83,111.83,111.32,3.32M,-0.28%
27/02/26,111.88,111.98,111.98,111.79,2.46M,0.15%
26/02/26,111.71,111.53,111.72,111.51,1.55M,0.27%
25/02/26,111.41,111.28,111.46,111.25,1.55M,0.09%
24/02/26,111.31,111.33,111.36,111.21,1.23M,0.02%
23/02/26,111.29,111.29,111.46,111.25,2.32M,0.09%
20/02/26,111.19,111.31,111.31,110.99,3.09M,-0.05%
19/02/26,111.25,111.13,111.34,111.11,2.67M,0.08%
18/02/26,111.16,111.22,111.29,111.13,1.94M,-0.06%
17/02/26,111.23,111.32,111.32,111.19,1.84M,-0.14%
13/02/26,111.39,111.38,111.43,111.25,4.66M,0.13%
12/02/26,111.25,110.9,111.27,110.88,2.40M,0.40%
11/02/26,110.81,110.84,111,110.77,1.77M,-0.16%
10/02/26,110.99,111,111.08,110.91,2.03M,0.21%
09/02/26,110.76,110.6,110.78,110.55,2.71M,0.08%
06/02/26,110.67,110.59,110.67,110.48,2.48M,0.10%
05/02/26,110.56,110.41,110.58,110.33,2.32M,0.28%
04/02/26,110.25,110.22,110.35,110.21,4.07M,-0.11%
03/02/26,110.37,110.24,110.41,110.24,1.65M,0.16%
02/02/26,110.19,110.43,110.43,110.16,4.42M,-0.26%
30/01/26,110.48,110.46,110.55,110.38,2.29M,-0.04%
29/01/26,110.52,110.49,110.68,110.47,2.02M,0.07%
28/01/26,110.44,110.43,110.46,110.24,2.45M,0.05%
27/01/26,110.39,110.42,110.49,110.38,2.04M,0.01%
26/01/26,110.38,110.34,110.42,110.28,2.79M,0.14%
23/01/26,110.23,110.03,110.26,110,5.14M,0.20%
22/01/26,110.01,110.02,110.18,109.96,4.03M,-0.10%
21/01/26,110.12,109.82,110.13,109.75,4.36M,0.39%
20/01/26,109.69,109.71,109.87,109.68,2.45M,-0.30%
16/01/26,110.02,110.26,110.29,110.02,2.32M,-0.19%
15/01/26,110.23,110.43,110.44,110.23,2.65M,-0.15%
14/01/26,110.4,110.38,110.54,110.38,1.88M,0.11%
13/01/26,110.28,110.3,110.36,110.19,2.59M,0.09%
12/01/26,110.18,110.15,110.25,110.12,1.56M,0.00%
09/01/26,110.18,110.08,110.25,110,2.59M,0.14%
08/01/26,110.03,110.07,110.14,110.02,2.41M,-0.20%
07/01/26,110.25,110.28,110.31,110.11,3.60M,0.15%
06/01/26,110.08,110.12,110.17,109.95,3.74M,-0.07%
05/01/26,110.16,109.97,110.18,109.93,2.08M,0.27%
02/01/26,109.86,110,110.01,109.85,2.79M,-0.05%
31/12/25,109.91,109.99,110.17,109.89,2.93M,-0.20%
30/12/25,110.13,110.1,110.22,110.07,1.72M,-0.02%
29/12/25,110.15,110.14,110.19,110.09,1.57M,0.09%
26/12/25,110.05,110.18,110.2,109.98,1.36M,-0.01%
24/12/25,110.06,110.01,110.1,109.97,877.76K,0.21%
23/12/25,109.83,109.58,109.87,109.57,1.91M,0.05%
22/12/25,109.78,109.87,109.89,109.73,2.12M,-0.15%
19/12/25,109.94,110.1,110.1,109.87,2.94M,-0.51%
18/12/25,110.5,110.34,110.51,110.18,4.25M,0.19%
17/12/25,110.29,110.15,110.3,110.13,1.83M,0.11%
16/12/25,110.17,110.01,110.26,109.99,5.09M,0.02%
15/12/25,110.15,110.35,110.42,110.15,2.23M,-0.07%
12/12/25,110.23,110.18,110.24,110.13,2.38M,-0.15%
11/12/25,110.4,110.62,110.68,110.36,3.66M,-0.05%
10/12/25,110.45,110.03,110.47,110.01,3.50M,0.33%
09/12/25,110.09,110.34,110.36,110.09,5.18M,-0.13%
08/12/25,110.23,110.44,110.44,110.15,2.10M,-0.20%
05/12/25,110.45,110.7,110.71,110.45,3.67M,-0.16%
04/12/25,110.63,110.69,110.7,110.6,2.24M,-0.14%
03/12/25,110.78,110.67,110.81,110.63,2.54M,0.23%
02/12/25,110.53,110.53,110.63,110.51,4.07M,0.03%
01/12/25,110.5,110.62,110.68,110.5,3.20M,-0.68%
28/11/25,111.26,111.48,111.52,111.23,1.83M,-0.22%
26/11/25,111.51,111.28,111.51,111.14,3.81M,0.22%
25/11/25,111.27,111.06,111.31,111.04,3.40M,0.18%
24/11/25,111.07,111.14,111.14,111.02,2.62M,0.05%
21/11/25,111.02,111.04,111.04,110.88,2.65M,0.23%
20/11/25,110.76,110.83,110.92,110.64,3.09M,0.05%
19/11/25,110.71,110.89,110.91,110.68,2.47M,-0.13%
18/11/25,110.85,110.91,110.97,110.72,4.62M,0.07%
17/11/25,110.77,110.85,110.87,110.76,2.04M,0.02%
14/11/25,110.75,111.09,111.13,110.73,3.06M,-0.12%
13/11/25,110.88,111,111.09,110.88,2.22M,-0.22%
12/11/25,111.13,111.15,111.24,111.07,3.30M,-0.22%
11/11/25,111.37,111.15,111.37,111.09,3.90M,0.41%
10/11/25,110.92,110.88,110.93,110.82,2.35M,0.02%
07/11/25,110.9,110.7,110.99,110.7,3.10M,0.02%
06/11/25,110.88,110.85,110.96,110.82,2.39M,0.27%
05/11/25,110.58,110.83,110.87,110.55,3.91M,-0.37%
04/11/25,110.99,110.96,111.09,110.93,4.86M,0.05%
03/11/25,110.94,110.94,111.03,110.84,3.89M,-0.40%
31/10/25,111.38,111.32,111.41,111.26,2.25M,0.16%
30/10/25,111.2,111.16,111.39,111.15,3.98M,-0.22%
29/10/25,111.44,111.93,112.04,111.39,2.98M,-0.53%
28/10/25,112.03,111.94,112.04,111.91,2.61M,0.08%
27/10/25,111.94,111.92,111.97,111.78,2.75M,-0.03%
24/10/25,111.97,111.91,112.02,111.76,1.71M,-0.01%
23/10/25,111.98,112.11,112.17,111.94,2.65M,-0.20%
22/10/25,112.2,112.12,112.24,112.03,2.90M,0.16%
21/10/25,112.02,112.04,112.11,112,2.70M,0.21%
20/10/25,111.78,111.77,111.79,111.69,2.11M,0.09%
17/10/25,111.68,111.91,111.92,111.64,1.74M,-0.20%
16/10/25,111.9,111.57,111.92,111.54,2.69M,0.23%
15/10/25,111.64,111.81,111.89,111.5,3.02M,-0.03%
14/10/25,111.67,111.6,111.76,111.57,4.47M,-0.11%
13/10/25,111.79,111.56,111.79,111.45,2.21M,0.25%
10/10/25,111.51,111.42,111.65,111.36,4.02M,0.35%
09/10/25,111.12,111.24,111.27,111.09,2.49M,-0.12%
08/10/25,111.25,111.37,111.38,111.21,2.27M,0.07%
07/10/25,111.17,110.99,111.24,110.95,2.71M,0.28%
06/10/25,110.86,110.92,111.06,110.84,2.26M,-0.17%
03/10/25,111.05,111.26,111.29,111.04,2.18M,-0.11%
02/10/25,111.17,111.2,111.31,111.14,3.16M,-0.04%
01/10/25,111.22,111.29,111.36,111.11,3.80M,0.00%
30/09/25,111.22,111.26,111.4,111.18,2.99M,-0.03%
29/09/25,111.25,111.21,111.3,111.16,2.52M,0.13%
26/09/25,111.11,111.16,111.29,111.01,2.79M,0.02%
25/09/25,111.09,111.11,111.17,110.93,4.02M,-0.16%
24/09/25,111.27,111.41,111.43,111.22,2.24M,-0.18%
23/09/25,111.47,111.3,111.47,111.19,2.86M,0.27%
22/09/25,111.17,111.33,111.36,111.15,2.08M,-0.24%
19/09/25,111.44,111.48,111.54,111.31,1.34M,-0.05%
18/09/25,111.5,111.57,111.71,111.32,4.22M,-0.28%
17/09/25,111.81,111.94,112.26,111.65,5.68M,-0.06%
16/09/25,111.88,111.86,111.96,111.8,5.35M,0.09%
15/09/25,111.78,111.74,111.89,111.74,3.59M,0.10%
12/09/25,111.67,111.7,111.72,111.57,2.05M,-0.13%
11/09/25,111.82,111.77,111.96,111.76,4.16M,0.16%
10/09/25,111.64,111.57,111.79,111.48,4.60M,0.15%
09/09/25,111.47,111.67,111.75,111.45,4.94M,-0.20%
08/09/25,111.69,111.64,111.72,111.55,3.82M,0.21%
05/09/25,111.46,111.37,111.46,111.33,4.07M,0.44%
04/09/25,110.97,110.91,110.99,110.78,3.92M,0.15%
03/09/25,110.8,110.55,110.92,110.54,4.70M,0.23%
02/09/25,110.55,110.48,110.6,110.44,5.71M,-0.56%
29/08/25,111.17,111.32,111.34,111.15,2.85M,-0.11%
28/08/25,111.29,111.24,111.35,111.2,3.88M,0.06%
27/08/25,111.22,110.96,111.27,110.89,2.11M,0.23%
26/08/25,110.97,110.76,111.03,110.7,5.35M,0.23%
25/08/25,110.71,110.74,110.82,110.67,4.33M,-0.19%
22/08/25,110.92,110.3,110.95,110.27,3.39M,0.68%
21/08/25,110.17,110.1,110.22,109.93,3.56M,0.02%
20/08/25,110.15,110.05,110.25,110.04,2.37M,0.11%
19/08/25,110.03,110.03,110.11,110.01,2.26M,0.10%
18/08/25,109.92,110.06,110.06,109.79,1.72M,-0.11%
15/08/25,110.04,110.24,110.28,109.94,1.75M,-0.19%
14/08/25,110.25,110.45,110.49,110.24,2.20M,-0.30%
13/08/25,110.58,110.5,110.65,110.49,1.60M,0.38%
12/08/25,110.16,110.03,110.22,109.95,2.53M,-0.17%
11/08/25,110.35,110.43,110.53,110.35,1.62M,0.00%
08/08/25,110.35,110.26,110.42,110.13,1.83M,-0.06%
07/08/25,110.42,110.34,110.42,110.23,1.61M,0.11%
06/08/25,110.3,110.3,110.45,110.08,1.86M,-0.08%
05/08/25,110.39,110.4,110.53,110.37,1.80M,-0.09%
04/08/25,110.49,110.25,110.58,110.19,3.02M,0.29%
01/08/25,110.17,110.02,110.2,109.8,3.77M,0.46%
31/07/25,109.67,109.99,110.08,109.65,3.61M,-0.16%
30/07/25,109.85,110.05,110.24,109.81,3.85M,-0.39%
29/07/25,110.28,109.82,110.28,109.81,2.33M,0.54%
28/07/25,109.69,109.71,109.83,109.67,1.66M,-0.13%
25/07/25,109.83,109.73,109.89,109.65,1.09M,0.09%
24/07/25,109.73,109.52,109.82,109.3,2.32M,0.07%
23/07/25,109.65,109.84,109.88,109.61,2.28M,-0.39%
22/07/25,110.08,110,110.18,109.98,3.95M,0.09%
21/07/25,109.98,109.98,110.15,109.9,3.06M,0.26%
18/07/25,109.7,109.87,109.88,109.64,1.72M,0.11%
17/07/25,109.58,109.57,109.68,109.53,1.62M,0.09%
16/07/25,109.48,109.16,109.49,109.12,4.48M,0.34%
15/07/25,109.11,109.71,109.71,109.03,2.41M,-0.27%
14/07/25,109.4,109.3,109.46,109.23,1.53M,0.06%
11/07/25,109.33,109.34,109.36,109.24,2.27M,-0.16%
10/07/25,109.51,109.47,109.55,109.34,2.38M,-0.03%
09/07/25,109.54,109.18,109.54,109.16,3.66M,0.38%
08/07/25,109.13,109.05,109.16,109.03,1.58M,-0.08%
07/07/25,109.22,109.21,109.25,109.1,1.76M,-0.13%
03/07/25,109.36,109.39,109.46,109.24,1.78M,-0.17%
02/07/25,109.55,109.45,109.56,109.4,3.42M,-0.05%
01/07/25,109.6,109.6,109.78,109.48,5.95M,-0.40%
30/06/25,110.04,110,110.16,109.89,4.25M,0.26%
27/06/25,109.76,109.72,110.04,109.67,1.55M,-0.13%
26/06/25,109.9,109.7,109.92,109.62,2.62M,0.29%
25/06/25,109.58,109.46,109.63,109.16,2.10M,0.05%
24/06/25,109.52,109.22,109.6,109.13,2.60M,0.13%
23/06/25,109.38,109.5,109.78,109.38,2.85M,0.08%
20/06/25,109.29,108.99,109.38,108.93,1.74M,0.17%
18/06/25,109.1,109.16,109.22,108.98,2.17M,0.07%
17/06/25,109.02,108.68,109.06,108.57,3.58M,0.53%
16/06/25,108.45,108.5,108.75,108.44,1.68M,-0.14%
13/06/25,108.6,109.04,109.04,108.38,1.63M,-0.15%
12/06/25,108.76,108.75,108.84,108.64,2.21M,0.29%
11/06/25,108.45,108.25,108.54,108.18,1.82M,0.17%
10/06/25,108.27,108.44,108.45,108.19,1.76M,0.05%
09/06/25,108.22,108.14,108.35,108.08,2.85M,0.14%
06/06/25,108.07,108.42,108.58,108.07,2.03M,-0.53%
05/06/25,108.65,109.02,109.09,108.63,2.60M,-0.29%
04/06/25,108.97,108.78,109.07,108.72,2.43M,0.39%
03/06/25,108.55,108.78,108.84,108.43,3.67M,-0.09%
02/06/25,108.65,108.64,108.8,108.48,2.80M,-0.59%
30/05/25,109.29,108.96,109.36,108.9,3.95M,0.33%
29/05/25,108.93,108.7,108.97,108.64,1.71M,0.29%
28/05/25,108.62,108.71,108.79,108.53,2.37M,-0.23%
27/05/25,108.87,108.75,108.96,108.67,2.88M,0.29%
23/05/25,108.56,108.62,108.66,108.44,1.60M,0.09%
22/05/25,108.46,108.05,108.48,107.98,2.65M,0.30%
21/05/25,108.14,108.47,108.57,108.07,1.87M,-0.54%
20/05/25,108.73,108.62,108.79,108.47,1.85M,-0.15%
19/05/25,108.89,108.45,108.95,108.39,2.18M,0.01%
16/05/25,108.88,108.98,109,108.75,1.12M,0.17%
15/05/25,108.69,108.51,108.78,108.39,1.67M,0.29%
14/05/25,108.38,108.49,108.5,108.28,1.82M,-0.10%
13/05/25,108.49,108.22,108.49,108.07,2.72M,0.24%
12/05/25,108.23,108.49,108.67,108.21,1.48M,-0.78%
09/05/25,109.08,109.18,109.33,109.01,867.22K,0.09%
08/05/25,108.98,109.44,109.45,108.9,1.13M,-0.36%
07/05/25,109.37,109.41,109.63,109.26,2.19M,0.10%
06/05/25,109.26,108.97,109.28,108.89,1.77M,0.30%
05/05/25,108.93,108.94,109,108.67,1.75M,-0.10%
02/05/25,109.04,109.37,109.39,108.99,1.79M,-0.52%
01/05/25,109.61,110.02,110.22,109.46,2.38M,-0.82%
30/04/25,110.52,110.36,110.63,110.24,2.73M,0.12%
29/04/25,110.39,110.15,110.41,110.14,1.11M,0.17%
28/04/25,110.2,109.88,110.23,109.86,1.20M,0.35%
25/04/25,109.82,109.94,109.97,109.75,1.93M,0.05%
24/04/25,109.77,109.55,109.77,109.47,1.66M,0.53%
23/04/25,109.19,109.82,109.88,109.01,1.74M,0.29%
22/04/25,108.87,108.85,108.99,108.74,2.64M,0.37%
21/04/25,108.47,108.81,109.17,108.43,2.08M,-0.51%
17/04/25,109.03,108.82,109.09,108.76,1.94M,0.23%
16/04/25,108.78,108.56,108.88,108.43,2.29M,0.28%
15/04/25,108.48,108.48,108.75,108.39,2.98M,-0.01%
14/04/25,108.49,108.63,108.74,108.25,3.64M,0.48%
11/04/25,107.97,107.1,107.97,106.47,2.99M,0.04%
10/04/25,107.93,108.9,109.08,107.87,4.61M,-1.19%
09/04/25,109.23,108.35,109.25,107.79,4.56M,0.21%
08/04/25,109,109.5,109.82,108.95,3.55M,-0.25%
07/04/25,109.27,110.3,110.49,109.23,5.65M,-1.20%
04/04/25,110.6,111.43,111.5,110.56,4.73M,-0.33%
03/04/25,110.97,111.22,111.45,110.9,3.55M,0.63%
02/04/25,110.28,110.79,110.79,110.09,1.68M,-0.15%
01/04/25,110.45,110.49,110.81,110.38,3.95M,-0.58%
31/03/25,111.09,111.07,111.23,110.93,2.76M,0.40%
28/03/25,110.65,110.42,110.76,110.41,1.56M,0.51%
27/03/25,110.09,109.95,110.14,109.87,2.95M,0.21%
26/03/25,109.86,109.92,110.04,109.81,1.55M,-0.13%
25/03/25,110,109.86,110.05,109.81,1.17M,0.16%
24/03/25,109.82,110,110.03,109.76,1.98M,-0.25%
21/03/25,110.1,110.43,110.46,110.1,1.23M,-0.12%
20/03/25,110.23,110.46,110.48,110.08,2.29M,0.09%
19/03/25,110.13,109.5,110.13,109.39,1.39M,0.51%
18/03/25,109.57,109.4,109.68,109.39,1.17M,0.11%
17/03/25,109.45,109.55,109.69,109.39,1.84M,0.03%
14/03/25,109.42,109.49,109.58,109.38,1.04M,-0.24%
13/03/25,109.68,109.43,109.76,109.34,2.15M,0.15%
12/03/25,109.52,109.56,109.79,109.5,3.29M,-0.12%
11/03/25,109.65,109.94,110.14,109.58,2.34M,-0.27%
10/03/25,109.95,109.97,110.13,109.86,1.90M,0.45%
07/03/25,109.46,109.92,109.99,109.37,2.42M,-0.16%
06/03/25,109.64,109.52,109.71,109.2,1.95M,-0.05%
05/03/25,109.69,110.26,110.33,109.66,2.82M,-0.51%
04/03/25,110.25,110.89,110.89,110.17,3.75M,-0.35%
03/03/25,110.64,110.36,110.68,110.02,2.63M,0.27%
28/02/25,110.34,109.99,110.41,109.89,2.42M,0.69%
27/02/25,109.58,109.55,109.75,109.5,1.19M,-0.12%
26/02/25,109.71,109.65,109.83,109.53,1.73M,0.08%
25/02/25,109.62,109.6,109.71,109.53,1.63M,0.42%
24/02/25,109.16,108.86,109.18,108.86,1.14M,0.22%
21/02/25,108.92,108.81,109.12,108.78,1.11M,0.20%
20/02/25,108.7,108.59,108.82,108.56,2.13M,0.20%
19/02/25,108.48,108.32,108.52,108.29,1.03M,0.20%
18/02/25,108.26,108.41,108.54,108.25,1.33M,-0.32%
14/02/25,108.61,108.69,108.79,108.57,2.05M,0.18%
13/02/25,108.41,108.2,108.46,108.03,1.67M,0.56%
12/02/25,107.81,108.08,108.09,107.79,1.68M,-0.60%
11/02/25,108.46,108.36,108.46,108.3,1.49M,-0.03%
10/02/25,108.49,108.61,108.68,108.41,1.03M,0.05%
07/02/25,108.44,108.42,108.57,108.24,3.19M,-0.27%
06/02/25,108.73,108.86,108.89,108.64,1.37M,-0.17%
05/02/25,108.92,108.73,108.98,108.68,2.19M,0.44%
04/02/25,108.44,107.9,108.46,107.86,3.02M,0.17%
03/02/25,108.26,108.65,108.87,108.13,5.06M,0.23%
31/01/25,108.01,107.93,108.05,107.71,2.86M,0.07%
30/01/25,107.93,107.98,108.11,107.81,1.53M,0.10%
29/01/25,107.82,108,108.05,107.52,941.40K,-0.12%
28/01/25,107.95,107.8,107.97,107.68,1.36M,0.06%
27/01/25,107.88,107.89,107.95,107.7,3.06M,0.42%
24/01/25,107.43,107.14,107.45,107.11,1.65M,0.18%
23/01/25,107.24,106.84,107.24,106.82,2.55M,0.09%
22/01/25,107.14,107.3,107.32,107.07,1.55M,-0.11%
21/01/25,107.26,107.27,107.38,107.14,2.55M,0.07%
17/01/25,107.18,107.23,107.33,107.1,1.07M,0.04%
16/01/25,107.14,107.03,107.32,106.89,2.67M,0.13%
15/01/25,107,106.9,107.04,106.79,2.80M,0.70%
14/01/25,106.26,106.29,106.3,106.12,1.10M,0.04%
13/01/25,106.22,106.34,106.35,106.09,1.67M,0.00%
10/01/25,106.22,106.3,106.43,106.09,4.24M,-0.36%
08/01/25,106.6,106.38,106.72,106.34,2.66M,0.26%
07/01/25,106.32,106.44,106.52,106.19,6.72M,-0.16%
06/01/25,106.49,106.4,106.56,106.34,4.28M,0.00%
03/01/25,106.49,106.74,106.79,106.48,2.28M,-0.21%
02/01/25,106.71,106.78,106.97,106.63,3.75M,0.15%
31/12/24,106.55,106.85,106.92,106.54,2.97M,-0.12%
30/12/24,106.68,106.74,106.82,106.57,6.39M,0.29%
27/12/24,106.37,106.55,106.65,106.34,1.36M,-0.25%
26/12/24,106.64,106.39,106.71,106.38,1.18M,0.00%
24/12/24,106.64,106.27,106.64,106.26,704.41K,0.23%
23/12/24,106.4,106.5,106.54,106.32,2.27M,-0.13%
20/12/24,106.54,106.68,106.83,106.52,3.30M,0.20%
19/12/24,106.33,106.65,106.7,106.04,5.93M,-0.40%
18/12/24,106.76,107.48,107.67,106.74,2.63M,-0.78%
17/12/24,107.6,107.58,107.74,107.55,1.38M,-0.06%
16/12/24,107.66,107.85,107.89,107.64,2.85M,-0.11%
13/12/24,107.78,108.1,108.11,107.73,1.48M,-0.28%
12/12/24,108.08,108.28,108.36,108.04,1.84M,-0.32%
11/12/24,108.43,108.59,108.7,108.36,1.20M,-0.15%
10/12/24,108.59,108.45,108.66,108.39,1.93M,-0.04%
09/12/24,108.63,108.71,108.73,108.57,1.24M,-0.18%
06/12/24,108.83,109.05,109.11,108.75,1.56M,0.08%
05/12/24,108.74,108.63,108.82,108.6,1.71M,-0.12%
04/12/24,108.87,108.46,108.95,108.45,2.74M,0.29%
03/12/24,108.56,108.67,108.73,108.48,2.07M,0.05%
02/12/24,108.51,108.25,108.76,108.25,10.47M,-0.23%
29/11/24,108.76,108.7,108.77,108.54,2.22M,0.29%
27/11/24,108.45,108.49,108.53,108.28,2.11M,0.31%
26/11/24,108.11,108.32,108.38,108.05,2.61M,-0.23%
25/11/24,108.36,108.28,108.4,108.05,2.03M,0.55%
22/11/24,107.77,107.7,107.9,107.62,1.54M,0.07%
21/11/24,107.69,107.83,107.98,107.59,2.01M,-0.13%
20/11/24,107.83,107.78,108.1,107.74,2.47M,-0.05%
19/11/24,107.88,107.93,108.06,107.83,1.35M,0.16%
18/11/24,107.71,107.43,107.77,107.37,1.57M,0.24%
15/11/24,107.45,107.21,107.64,107.06,3.51M,0.03%
14/11/24,107.42,107.73,107.86,107.37,2.10M,-0.02%
13/11/24,107.44,108,108.09,107.35,2.86M,-0.19%
12/11/24,107.64,108.02,108.19,107.57,3.03M,-0.53%
11/11/24,108.21,108.28,108.32,108.12,1.47M,-0.33%
08/11/24,108.57,108.54,108.68,108.37,2.77M,0.28%
07/11/24,108.27,107.99,108.37,107.97,4.43M,0.37%
06/11/24,107.87,107.42,108.11,107.38,1.83M,-0.16%
05/11/24,108.04,107.85,108.14,107.63,3.19M,0.09%
04/11/24,107.94,108.23,108.29,107.8,1.90M,0.17%
01/11/24,107.76,108.36,108.49,107.67,2.61M,-0.51%
31/10/24,108.31,108.33,108.49,108.08,3.68M,-0.11%
30/10/24,108.43,108.33,108.76,108.31,1.17M,0.19%
29/10/24,108.22,107.84,108.24,107.71,8.30M,0.15%
28/10/24,108.06,108.21,108.22,107.88,1.85M,-0.19%
25/10/24,108.27,108.69,108.69,108.22,1.68M,-0.27%
24/10/24,108.56,108.51,108.76,108.44,1.50M,0.10%
23/10/24,108.45,108.48,108.53,108.31,1.31M,-0.25%
22/10/24,108.72,108.8,108.87,108.62,1.46M,0.14%
21/10/24,108.57,109.06,109.09,108.54,1.78M,-0.72%
18/10/24,109.36,109.33,109.48,109.33,964.82K,0.16%
17/10/24,109.18,109.24,109.33,109.11,1.16M,-0.30%
16/10/24,109.51,109.63,109.65,109.48,680.98K,0.02%
15/10/24,109.49,109.45,109.64,109.41,911.17K,0.11%
14/10/24,109.37,109.1,109.4,109.08,1.10M,-0.10%
11/10/24,109.48,109.42,109.68,109.35,1.72M,0.01%
10/10/24,109.47,109.27,109.49,109.19,1.85M,0.20%
09/10/24,109.25,109.14,109.28,109,2.54M,-0.18%
08/10/24,109.45,109.08,109.47,109.04,1.95M,0.16%
07/10/24,109.27,109.21,109.36,109.16,1.64M,-0.11%
04/10/24,109.39,109.59,109.72,109.36,1.92M,-0.68%
03/10/24,110.14,110.38,110.63,110.12,1.59M,-0.42%
02/10/24,110.61,110.39,110.68,110.31,2.56M,-0.09%
01/10/24,110.71,110.66,111.03,110.62,3.07M,0.22%
30/09/24,110.47,110.55,110.59,110.27,1.59M,-0.06%
27/09/24,110.54,110.48,110.64,110.4,892.41K,0.24%
26/09/24,110.27,110.39,110.43,110.11,2.14M,-0.13%
25/09/24,110.41,110.62,110.63,110.39,1.18M,-0.38%
24/09/24,110.83,110.47,110.89,110.38,1.88M,0.24%
23/09/24,110.56,110.36,110.68,110.19,1.21M,0.01%
20/09/24,110.55,110.51,110.68,110.32,1.09M,-0.14%
19/09/24,110.7,110.33,110.73,110.28,1.79M,0.30%
18/09/24,110.37,110.59,111.06,110.33,1.19M,-0.37%
17/09/24,110.78,110.85,110.91,110.72,2.20M,-0.04%
16/09/24,110.82,110.66,110.87,110.57,944.61K,0.34%
13/09/24,110.44,110.52,110.53,110.31,1.69M,0.34%
12/09/24,110.07,109.98,110.14,109.86,1.79M,0.02%
11/09/24,110.05,110.02,110.33,109.97,1.55M,0.06%
10/09/24,109.98,109.69,110.01,109.65,2.78M,0.22%
09/09/24,109.74,109.56,109.81,109.46,1.38M,0.23%
06/09/24,109.49,109.65,109.99,109.43,2.26M,0.06%
05/09/24,109.42,109.55,109.55,109.25,6.29M,0.06%
04/09/24,109.35,109.05,109.4,109,2.18M,0.27%
03/09/24,109.06,109.12,109.37,109,2.89M,0.17%
30/08/24,108.87,109.17,109.25,108.8,1.16M,-0.32%
29/08/24,109.22,109.23,109.29,109.13,746.08K,-0.14%
28/08/24,109.37,109.44,109.51,109.31,687.63K,-0.01%
27/08/24,109.38,109.16,109.46,109.13,1.60M,0.00%
26/08/24,109.38,109.56,109.61,109.38,1.10M,0.01%
23/08/24,109.37,108.93,109.49,108.86,790.40K,0.53%
22/08/24,108.79,108.82,108.82,108.47,1.02M,-0.31%
21/08/24,109.13,108.99,109.2,108.79,2.22M,0.22%
20/08/24,108.89,108.7,108.94,108.65,1.45M,0.40%
19/08/24,108.46,108.37,108.64,108.37,1.16M,0.06%
16/08/24,108.39,108.61,108.63,108.34,840.14K,-0.04%
15/08/24,108.43,108.21,108.43,108.14,443.83K,-0.21%
14/08/24,108.66,108.79,108.95,108.6,516.13K,-0.06%
13/08/24,108.72,108.73,108.75,108.57,717.87K,0.21%
12/08/24,108.49,108.11,108.53,108.06,611.33K,0.27%
09/08/24,108.2,108.31,108.31,108.11,804.91K,0.26%
08/08/24,107.92,107.79,107.95,107.65,1.19M,-0.09%
07/08/24,108.02,108.19,108.37,107.95,1.24M,-0.30%
06/08/24,108.35,108.72,108.75,108.33,2.12M,-0.58%
05/08/24,108.98,108.72,109.13,108.43,3.17M,0.29%
02/08/24,108.67,108.59,108.81,108.38,1.39M,0.48%
01/08/24,108.15,108.19,108.46,108.12,3.25M,-0.03%
31/07/24,108.18,107.89,108.2,107.64,1.59M,0.55%
30/07/24,107.59,107.61,107.71,107.45,693.48K,0.07%
29/07/24,107.51,107.59,107.6,107.42,973.28K,0.10%
26/07/24,107.4,107.36,107.44,107.22,1.46M,0.32%
25/07/24,107.06,106.94,107.24,106.93,1.07M,0.24%
24/07/24,106.8,107.23,107.34,106.8,1.25M,-0.30%
23/07/24,107.12,107.2,107.35,107.11,2.04M,-0.06%
22/07/24,107.18,107.29,107.35,107.01,2.35M,-0.12%
19/07/24,107.31,107.46,107.48,107.29,1.95M,-0.24%
18/07/24,107.57,107.68,107.83,107.56,1.27M,-0.22%
17/07/24,107.81,107.75,107.9,107.65,956.04K,0.04%
16/07/24,107.77,107.59,107.86,107.53,818.19K,0.31%
15/07/24,107.44,107.42,107.57,107.33,930.16K,-0.07%
12/07/24,107.51,107.41,107.52,107.28,1.68M,0.16%
11/07/24,107.34,107.43,107.52,107.26,1.32M,0.30%
10/07/24,107.02,106.9,107.04,106.86,1.48M,0.19%
09/07/24,106.82,106.9,106.96,106.69,4.96M,-0.15%
08/07/24,106.98,106.94,107.09,106.83,1.16M,-0.04%
05/07/24,107.02,106.88,107.14,106.74,1.19M,0.45%
03/07/24,106.54,106.27,106.64,106.27,854.30K,0.40%
02/07/24,106.12,106.25,106.3,105.99,2.34M,0.19%
01/07/24,105.92,105.99,106.31,105.85,4.13M,-0.81%
28/06/24,106.78,107.35,107.38,106.76,1.96M,-0.31%
27/06/24,107.11,107.14,107.24,107.08,779.91K,0.19%
26/06/24,106.91,106.86,106.96,106.78,1.98M,-0.30%
25/06/24,107.23,107.03,107.23,107.02,2.23M,0.12%
24/06/24,107.1,107.07,107.12,106.96,950.07K,0.06%
21/06/24,107.04,107.29,107.37,107.02,1.02M,-0.15%
20/06/24,107.2,106.81,107.21,106.8,3.17M,0.02%
18/06/24,107.18,106.99,107.24,106.93,1.40M,0.40%
17/06/24,106.75,106.65,106.76,106.57,1.02M,-0.14%
14/06/24,106.9,106.87,107,106.77,1.40M,0.12%
13/06/24,106.77,106.63,107,106.58,1.91M,0.39%
12/06/24,106.35,106.78,106.91,106.3,1.99M,0.15%
11/06/24,106.19,105.99,106.25,105.89,2.40M,0.27%
10/06/24,105.9,105.98,106.01,105.86,2.04M,-0.14%
07/06/24,106.05,106.3,106.3,106.05,2.17M,-0.82%
06/06/24,106.93,106.86,106.99,106.78,1.78M,-0.08%
05/06/24,107.02,106.85,107.02,106.58,2.25M,0.25%
04/06/24,106.75,106.6,106.79,106.52,1.79M,0.31%
03/06/24,106.42,106.03,106.43,104.69,1.88M,-0.26%
31/05/24,106.7,106.61,106.72,106.45,1.87M,0.40%
30/05/24,106.28,106.16,106.32,106.15,1.06M,0.39%
29/05/24,105.87,105.92,105.94,105.66,1.88M,-0.24%
28/05/24,106.12,106.59,106.61,106.1,1.83M,-0.30%
24/05/24,106.44,106.28,106.5,106.28,592.94K,0.12%
23/05/24,106.31,106.78,106.78,106.24,1.41M,-0.38%
22/05/24,106.72,106.58,106.79,106.58,2.19M,-0.02%
21/05/24,106.74,106.78,106.83,106.71,1.83M,0.19%
20/05/24,106.54,106.48,106.61,106.46,2.84M,-0.04%
17/05/24,106.58,106.6,106.73,106.57,2.10M,-0.09%
16/05/24,106.68,106.9,106.91,106.68,1.49M,-0.14%
15/05/24,106.83,106.62,106.92,106.54,2.71M,0.51%
14/05/24,106.29,106.14,106.32,106.1,1.61M,0.19%
13/05/24,106.09,106.19,106.24,106.04,1.49M,0.04%
10/05/24,106.05,106.16,106.21,105.98,1.92M,-0.16%
09/05/24,106.22,105.84,106.25,105.84,2.05M,0.36%
08/05/24,105.84,105.85,105.94,105.79,1.51M,-0.11%
07/05/24,105.96,106.29,106.29,105.92,2.09M,-0.02%
06/05/24,105.98,105.94,106.04,105.86,1.03M,0.05%
03/05/24,105.93,106.03,106.12,105.67,2.39M,0.51%
02/05/24,105.39,105.04,105.47,105.02,2.09M,0.36%
01/05/24,105.01,105.02,105.36,104.67,3.19M,-0.49%
30/04/24,105.53,105.72,105.84,105.49,3.24M,-0.48%
29/04/24,106.04,105.94,106.12,105.89,1.33M,0.25%
26/04/24,105.78,105.71,105.91,105.71,1.38M,0.26%
25/04/24,105.51,105.28,105.56,105.25,2.42M,-0.15%
24/04/24,105.67,105.73,105.77,105.51,1.97M,-0.21%
23/04/24,105.89,105.67,106.06,105.6,2.24M,0.09%
22/04/24,105.79,105.59,105.83,105.59,1.56M,0.01%
19/04/24,105.78,105.83,105.92,105.74,1.48M,0.15%
18/04/24,105.62,105.73,105.74,105.45,1.49M,-0.13%
17/04/24,105.76,105.47,105.84,105.45,2.57M,0.39%
16/04/24,105.35,105.46,105.62,105.31,4.09M,-0.41%
15/04/24,105.78,105.73,105.78,105.46,1.79M,-0.32%
12/04/24,106.12,106.22,106.4,106.12,5.87M,0.35%
11/04/24,105.75,106.04,106.07,105.65,5.22M,-0.09%
10/04/24,105.84,106.36,106.43,105.83,2.19M,-0.96%
09/04/24,106.87,106.8,106.92,106.75,1.31M,0.26%
08/04/24,106.59,106.5,106.64,106.42,1.83M,-0.04%
05/04/24,106.63,106.76,106.96,106.62,1.61M,-0.42%
04/04/24,107.08,106.86,107.09,106.65,1.97M,0.37%
03/04/24,106.68,106.38,106.7,106.3,1.40M,0.00%
02/04/24,106.68,106.43,106.71,106.27,1.90M,0.03%
01/04/24,106.65,107.02,107.03,106.62,1.64M,-0.71%
28/03/24,107.41,107.19,107.55,107.19,2.14M,0.04%
27/03/24,107.37,107.16,107.45,107.15,1.76M,0.31%
26/03/24,107.04,107.03,107.14,106.92,932.21K,0.03%
25/03/24,107.01,107.32,107.33,106.99,1.90M,-0.32%
22/03/24,107.35,107.48,107.48,107.29,2.39M,0.35%
21/03/24,106.98,107.18,107.24,106.89,2.34M,0.18%
20/03/24,106.79,106.43,106.82,106.37,1.76M,0.39%
19/03/24,106.37,106.37,106.58,106.32,1.52M,0.14%
18/03/24,106.22,106.32,106.36,106.15,1.91M,-0.09%
15/03/24,106.32,106.44,106.51,106.32,1.29M,-0.07%
14/03/24,106.39,106.79,106.79,106.34,1.95M,-0.61%
13/03/24,107.04,107.17,107.22,106.97,1.70M,-0.14%
12/03/24,107.19,107.36,107.39,107.17,2.38M,-0.20%
11/03/24,107.4,107.63,107.63,107.36,1.93M,-0.18%
08/03/24,107.59,107.67,107.79,107.53,1.31M,0.08%
07/03/24,107.5,107.65,107.66,107.36,2.01M,-0.06%
06/03/24,107.56,107.6,107.82,107.49,2.93M,0.04%
05/03/24,107.52,107.35,107.6,107.26,1.51M,0.46%
04/03/24,107.03,106.85,107.05,106.83,1.86M,-0.08%
01/03/24,107.12,106.61,107.15,106.42,2.95M,0.37%
29/02/24,106.72,106.48,106.73,106.47,6.26M,0.31%
28/02/24,106.39,106.19,106.41,106.14,1.49M,0.32%
27/02/24,106.05,106.19,106.31,106.02,2.78M,-0.12%
26/02/24,106.18,106.24,106.25,106.02,1.41M,-0.04%
23/02/24,106.22,105.92,106.34,105.92,1.16M,0.25%
22/02/24,105.95,106.03,106.25,105.77,5.52M,-0.13%
21/02/24,106.09,106.24,106.29,105.98,1.77M,-0.11%
20/02/24,106.21,106.23,106.35,106.18,1.01M,0.05%
16/02/24,106.16,106.02,106.18,105.99,1.06M,-0.10%
15/02/24,106.27,106.42,106.47,106.25,1.89M,0.12%
14/02/24,106.14,105.95,106.26,105.95,1.61M,0.43%
13/02/24,105.69,105.89,106.02,105.68,1.77M,-0.64%
12/02/24,106.37,106.34,106.4,106.19,1.13M,0.04%
09/02/24,106.33,106.31,106.48,106.27,1.51M,-0.14%
08/02/24,106.48,106.44,106.59,106.36,1.60M,-0.08%
07/02/24,106.56,106.64,106.85,106.56,1.49M,-0.19%
06/02/24,106.76,106.51,106.93,106.5,2.16M,0.34%
05/02/24,106.4,106.61,106.71,106.33,1.87M,-0.56%
02/02/24,107,107.16,107.29,106.8,3.07M,-0.96%
01/02/24,108.04,108.14,108.54,107.95,2.97M,0.18%
31/01/24,107.85,107.48,107.86,107.33,8.97M,0.65%
30/01/24,107.15,107.25,107.35,107,2.15M,-0.05%
29/01/24,107.2,107,107.29,106.94,1.28M,0.44%
26/01/24,106.73,106.86,106.86,106.64,1.71M,-0.09%
25/01/24,106.83,106.77,106.86,106.62,1.72M,0.34%
24/01/24,106.47,106.92,106.94,106.46,1.28M,-0.23%
23/01/24,106.72,106.62,106.76,106.51,1.19M,-0.33%
22/01/24,107.07,107.02,107.2,106.99,1.44M,0.05%
19/01/24,107.02,106.87,107.02,106.67,1.46M,0.07%
18/01/24,106.94,106.92,107.02,106.75,5.55M,0.03%
17/01/24,106.91,106.89,107.02,106.75,2.93M,-0.31%
16/01/24,107.24,107.5,107.63,107.1,2.38M,-0.51%
12/01/24,107.79,107.6,107.84,107.54,1.74M,0.43%
11/01/24,107.33,107.05,107.37,106.94,2.35M,0.53%
10/01/24,106.76,107.03,107.07,106.74,1.43M,-0.08%
09/01/24,106.85,106.92,107.15,106.85,1.54M,-0.20%
08/01/24,107.06,106.68,107.22,106.68,1.40M,0.27%
05/01/24,106.77,106.78,107.25,106.68,2.04M,-0.22%
04/01/24,107.01,107.05,107.13,106.93,1.90M,-0.47%
03/01/24,107.51,106.95,107.54,106.91,1.92M,0.16%
02/01/24,107.34,107.16,107.41,107.07,2.64M,-0.14%
29/12/23,107.49,107.38,107.77,107.36,5.16M,-0.12%
28/12/23,107.62,107.82,108.04,107.59,2.01M,-0.32%
27/12/23,107.97,107.73,108.01,107.67,1.47M,0.46%
26/12/23,107.48,107.44,107.56,107.39,1.31M,0.06%
22/12/23,107.42,107.77,107.78,107.32,1.19M,-0.20%
21/12/23,107.63,107.82,107.91,107.48,4.80M,-0.17%
20/12/23,107.81,107.63,107.84,107.45,1.84M,0.40%
19/12/23,107.38,107.44,107.64,107.31,1.62M,0.07%
18/12/23,107.31,107.46,107.5,107.31,1.61M,-0.30%
15/12/23,107.63,107.4,107.7,107.35,3.19M,-0.17%
14/12/23,107.81,107.49,108.06,107.48,4.95M,1.10%
13/12/23,106.64,105.3,106.65,105.25,2.78M,1.36%
12/12/23,105.21,105.15,105.31,105.04,1.86M,-0.06%
11/12/23,105.27,105.22,105.29,104.97,1.90M,-0.21%
08/12/23,105.49,105.23,105.51,105.11,1.66M,-0.12%
07/12/23,105.62,105.58,105.9,105.58,2.96M,-0.09%
06/12/23,105.71,105.55,105.79,105.47,3.26M,0.10%
05/12/23,105.6,105.34,105.76,105.34,10.91M,0.54%
04/12/23,105.03,105.14,105.28,104.93,2.52M,-0.42%
01/12/23,105.47,104.79,105.53,104.79,5.44M,0.27%
30/11/23,105.19,105.19,105.28,104.97,6.30M,-0.18%
29/11/23,105.38,105.19,105.46,105.11,3.62M,0.40%
28/11/23,104.96,104.37,104.99,104.36,3.24M,0.39%
27/11/23,104.55,104.39,104.56,104.25,2.23M,0.33%
24/11/23,104.21,104.36,104.42,104.19,498.21K,-0.42%
22/11/23,104.65,104.6,104.67,104.31,1.40M,0.10%
21/11/23,104.55,104.66,104.74,104.29,7.05M,-0.21%
20/11/23,104.77,104.3,104.79,104.29,1.51M,0.30%
17/11/23,104.46,104.54,104.58,104.28,2.07M,0.11%
16/11/23,104.35,104.18,104.49,104.18,2.54M,0.37%
15/11/23,103.97,104.07,104.08,103.76,2.36M,-0.43%
14/11/23,104.42,104.42,104.64,104.28,2.79M,0.82%
13/11/23,103.57,103.3,103.6,103.19,1.33M,-0.07%
10/11/23,103.64,103.82,103.86,103.54,2.92M,0.04%
09/11/23,103.6,104.28,104.33,103.53,2.33M,-0.84%
08/11/23,104.48,104.18,104.5,104.14,1.84M,0.22%
07/11/23,104.25,104.1,104.39,104.04,1.60M,0.27%
06/11/23,103.97,104.07,104.12,103.82,2.36M,-0.26%
03/11/23,104.24,104.46,104.63,104.21,3.44M,0.51%
02/11/23,103.71,103.81,103.98,103.53,2.87M,0.46%
01/11/23,103.24,102.51,103.28,102.46,3.24M,0.43%
31/10/23,102.8,103.1,103.24,102.77,5.22M,-0.25%
30/10/23,103.06,102.86,103.16,102.77,1.58M,-0.16%
27/10/23,103.22,103.02,103.24,102.85,2.64M,0.15%
26/10/23,103.07,102.63,103.11,102.58,1.94M,0.54%
25/10/23,102.52,102.62,102.66,102.4,2.27M,-0.42%
24/10/23,102.95,102.77,102.98,102.55,2.95M,0.09%
23/10/23,102.86,102.46,102.93,102.32,2.63M,0.02%
20/10/23,102.84,102.68,102.95,102.63,3.30M,0.30%
19/10/23,102.53,102.38,102.89,102.38,12.02M,-0.09%
18/10/23,102.62,102.77,102.89,102.44,1.58M,-0.21%
17/10/23,102.84,102.77,102.97,102.61,1.93M,-0.48%
16/10/23,103.34,103.26,103.39,103.15,1.54M,-0.29%
13/10/23,103.64,103.78,103.86,103.52,2.46M,0.65%
12/10/23,102.97,103.53,103.61,102.82,2.85M,-0.64%
11/10/23,103.63,103.47,103.66,103.35,2.11M,0.45%
10/10/23,103.17,102.85,103.29,102.75,3.71M,0.04%
09/10/23,103.13,102.66,103.18,102.58,1.42M,0.99%
06/10/23,102.12,101.8,102.38,101.74,2.16M,-0.36%
05/10/23,102.49,102.7,102.76,102.48,2.28M,-0.15%
04/10/23,102.64,102.43,102.68,102.3,2.64M,0.44%
03/10/23,102.19,102.69,102.82,102.15,5.00M,-0.71%
02/10/23,102.92,103.24,103.36,102.86,6.66M,-0.77%
29/09/23,103.72,104.2,104.32,103.61,5.68M,-0.20%
28/09/23,103.93,103.29,103.95,103.09,1.71M,0.51%
27/09/23,103.4,103.8,103.88,103.2,2.14M,-0.16%
26/09/23,103.57,103.89,103.93,103.49,2.21M,-0.25%
25/09/23,103.83,104.1,104.21,103.82,1.78M,-0.76%
22/09/23,104.62,104.36,104.72,104.32,1.64M,0.35%
21/09/23,104.26,104.39,104.54,104.23,6.25M,-0.52%
20/09/23,104.81,105.21,105.36,104.81,1.82M,-0.21%
19/09/23,105.03,105.19,105.3,105.02,2.31M,-0.28%
18/09/23,105.33,105.08,105.35,105.05,1.52M,0.21%
15/09/23,105.11,105.19,105.3,105.07,1.82M,-0.25%
14/09/23,105.37,105.54,105.63,105.28,1.82M,-0.16%
13/09/23,105.54,105.42,105.67,105.39,2.33M,0.13%
12/09/23,105.4,105.38,105.46,105.32,1.59M,0.05%
11/09/23,105.35,105.25,105.41,105.19,1.66M,-0.09%
08/09/23,105.45,105.46,105.63,105.39,1.90M,0.23%
07/09/23,105.21,105.06,105.25,105,1.26M,0.36%
06/09/23,104.83,105.17,105.21,104.79,2.04M,-0.15%
05/09/23,104.99,105.18,105.19,104.89,2.00M,-0.20%
01/09/23,105.2,105.69,105.7,105.18,1.70M,-0.82%
31/08/23,106.07,105.95,106.13,105.88,6.07M,0.21%
30/08/23,105.85,106.04,106.1,105.83,1.74M,-0.15%
29/08/23,106.01,105.3,106.08,105.3,2.28M,0.49%
28/08/23,105.49,105.6,105.61,105.36,1.41M,0.06%
25/08/23,105.43,105.36,105.66,105.12,3.50M,-0.02%
24/08/23,105.45,105.67,105.85,105.3,9.12M,-0.45%
23/08/23,105.93,105.39,105.93,105.39,5.43M,0.90%
22/08/23,104.98,104.81,105,104.76,1.35M,0.17%
21/08/23,104.8,104.72,104.82,104.57,1.50M,-0.27%
18/08/23,105.08,105.02,105.32,105.01,1.43M,0.17%
17/08/23,104.9,105.03,105.1,104.71,2.17M,-0.03%
16/08/23,104.93,105.23,105.39,104.92,2.20M,-0.29%
15/08/23,105.24,105.51,105.72,105.22,1.62M,-0.31%
14/08/23,105.57,105.77,105.85,105.54,1.69M,-0.21%
11/08/23,105.79,105.78,106.03,105.74,1.97M,-0.14%
10/08/23,105.94,106.51,106.7,105.94,2.81M,-0.52%
09/08/23,106.49,106.54,106.61,106.43,1.38M,-0.05%
08/08/23,106.54,106.74,106.91,106.48,1.92M,-0.02%
07/08/23,106.56,106.43,106.65,106.3,8.49M,0.08%
04/08/23,106.47,105.85,106.51,105.85,2.07M,0.97%
03/08/23,105.45,105.65,105.68,105.42,2.83M,-0.62%
02/08/23,106.11,106.02,106.17,105.74,2.26M,-0.18%
01/08/23,106.3,106.56,106.62,106.24,2.26M,-0.80%
31/07/23,107.16,107.09,107.31,106.96,5.97M,0.03%
28/07/23,107.13,106.78,107.13,106.76,1.58M,0.38%
27/07/23,106.72,107.33,107.44,106.58,2.83M,-0.73%
26/07/23,107.51,107.43,107.6,107.23,2.23M,0.04%
25/07/23,107.47,107.62,107.72,107.28,2.05M,-0.18%
24/07/23,107.66,107.6,107.72,107.48,2.91M,0.05%
21/07/23,107.61,107.73,107.83,107.55,3.07M,0.00%
20/07/23,107.61,107.43,107.62,107.13,17.99M,-0.04%
19/07/23,107.65,107.37,107.65,107.25,1.84M,0.34%
18/07/23,107.28,107.45,107.56,107.2,1.78M,-0.05%
17/07/23,107.33,107.21,107.44,107.1,1.77M,0.19%
14/07/23,107.13,107.45,107.55,107.09,2.39M,-0.53%
13/07/23,107.7,107.56,107.7,107.35,2.67M,0.51%
12/07/23,107.15,106.49,107.18,106.43,3.07M,1.10%
11/07/23,105.98,106.16,106.21,105.91,1.46M,-0.11%
10/07/23,106.1,105.94,106.19,105.91,1.97M,0.24%
07/07/23,105.85,105.89,106.14,105.83,2.40M,-0.07%
06/07/23,105.92,106.01,106.1,105.59,3.03M,-0.53%
05/07/23,106.48,106.83,106.92,106.39,2.61M,-0.48%
03/07/23,106.99,107.25,107.42,106.96,1.85M,-0.59%
30/06/23,107.62,107.25,107.67,107.16,6.66M,0.44%
29/06/23,107.15,107.25,107.32,107.01,2.81M,-0.66%
28/06/23,107.86,107.87,107.98,107.65,3.62M,0.20%
27/06/23,107.64,108.08,108.23,107.57,3.32M,-0.28%
26/06/23,107.94,108.11,108.14,107.86,2.91M,0.05%
23/06/23,107.89,108.2,108.23,107.86,2.76M,0.24%
22/06/23,107.63,107.77,107.96,107.59,4.52M,-0.35%
21/06/23,108.01,107.78,108.12,107.64,3.17M,0.01%
20/06/23,108,107.84,108.1,107.84,2.83M,0.21%
16/06/23,107.77,107.68,107.86,107.44,2.39M,-0.26%
15/06/23,108.05,108.01,108.18,107.86,3.44M,0.63%
14/06/23,107.37,107.46,107.74,107.12,2.88M,0.25%
13/06/23,107.1,107.67,107.79,107.04,2.96M,-0.51%
12/06/23,107.65,107.65,107.66,107.31,3.83M,0.08%
09/06/23,107.56,107.71,107.77,107.54,1.90M,-0.28%
08/06/23,107.86,107.5,107.9,107.49,2.33M,0.49%
07/06/23,107.33,107.86,107.95,107.25,3.18M,-0.46%
06/06/23,107.83,107.7,107.86,107.5,2.09M,0.06%
05/06/23,107.77,107.54,107.98,107.46,2.37M,0.13%
02/06/23,107.63,108.12,108.15,107.6,2.37M,-0.49%
01/06/23,108.16,108.04,108.21,107.96,5.33M,-0.13%
31/05/23,108.3,108.24,108.4,108.05,6.16M,0.13%
30/05/23,108.16,107.97,108.21,107.87,4.17M,0.40%
26/05/23,107.73,107.64,107.8,107.42,3.04M,0.12%
25/05/23,107.6,107.99,108.05,107.51,4.20M,-0.45%
24/05/23,108.09,108.6,108.64,108.08,2.79M,-0.31%
23/05/23,108.43,108.06,108.46,108.01,3.19M,0.31%
22/05/23,108.1,108.39,108.51,108.04,3.12M,-0.18%
19/05/23,108.3,108.36,108.67,108.19,3.54M,-0.24%
18/05/23,108.56,108.64,108.78,108.41,6.19M,-0.33%
17/05/23,108.92,109.07,109.09,108.82,2.77M,-0.05%
16/05/23,108.97,109.1,109.21,108.8,4.09M,-0.27%
15/05/23,109.26,109.36,109.4,109.21,2.40M,-0.15%
12/05/23,109.42,109.87,109.93,109.39,1.92M,-0.36%
11/05/23,109.81,109.92,109.99,109.67,5.61M,0.22%
10/05/23,109.57,109.42,109.68,109.32,2.98M,0.33%
09/05/23,109.21,109.36,109.41,109.1,2.16M,-0.15%
08/05/23,109.37,109.41,109.5,109.33,2.51M,-0.37%
05/05/23,109.78,109.77,109.88,109.58,1.96M,-0.20%
04/05/23,110,109.8,110.47,109.78,4.11M,-0.03%
03/05/23,110.03,109.66,110.08,109.61,3.90M,0.46%
02/05/23,109.53,108.92,109.6,108.91,3.03M,0.76%
01/05/23,108.7,109.35,109.39,108.55,3.14M,-1.34%
28/04/23,110.18,110.28,110.39,109.99,4.47M,0.12%
27/04/23,110.05,110.33,110.38,109.97,2.24M,-0.34%
26/04/23,110.42,110.77,110.88,110.35,3.11M,-0.35%
25/04/23,110.81,110.48,110.85,110.48,3.45M,0.59%
24/04/23,110.16,109.94,110.19,109.91,1.65M,0.38%
21/04/23,109.74,109.93,109.98,109.56,2.52M,0.05%
20/04/23,109.69,109.64,109.9,109.6,3.86M,0.32%
19/04/23,109.34,109.34,109.45,109.18,4.61M,-0.10%
18/04/23,109.45,109.37,109.6,109.32,3.52M,0.10%
17/04/23,109.34,109.83,109.88,109.32,4.22M,-0.46%
14/04/23,109.84,110.02,110.16,109.78,3.33M,-0.44%
13/04/23,110.32,110.71,110.93,110.28,3.40M,-0.24%
12/04/23,110.59,110.39,110.68,110.25,3.46M,0.04%
11/04/23,110.55,110.53,110.57,110.33,2.32M,0.17%
10/04/23,110.36,110.53,110.59,110.35,2.57M,-0.71%
06/04/23,111.15,111.08,111.25,110.97,3.07M,0.23%
05/04/23,110.9,110.93,111.26,110.71,5.30M,0.23%
04/04/23,110.64,110.13,110.76,110.12,4.27M,0.29%
03/04/23,110.32,110.38,110.8,110.15,6.52M,0.06%
31/03/23,110.25,109.87,110.44,109.76,5.67M,0.50%
30/03/23,109.7,109.66,109.82,109.61,2.10M,0.10%
29/03/23,109.59,109.26,109.6,109.24,2.40M,0.19%
28/03/23,109.38,109.1,109.62,109.07,3.95M,0.31%
27/03/23,109.04,109.47,109.54,109,6.51M,-0.78%
24/03/23,109.9,110.35,110.51,109.86,8.00M,-0.25%
23/03/23,110.18,109.99,110.21,109.75,5.37M,0.18%
22/03/23,109.98,108.7,110.11,108.63,5.96M,1.37%
21/03/23,108.49,108.45,108.9,108.37,2.99M,-0.21%
20/03/23,108.72,108.97,108.97,108.46,2.99M,0.09%
17/03/23,108.62,108.78,109.23,108.62,4.46M,0.21%
16/03/23,108.39,109.97,110.01,108.36,8.20M,-1.13%
15/03/23,109.63,109.13,109.89,108.97,5.92M,1.22%
14/03/23,108.31,108.96,109.16,108.27,5.22M,-0.55%
13/03/23,108.91,108.89,109.64,108.37,6.22M,0.76%
10/03/23,108.09,107.25,108.09,107.24,5.86M,1.47%
09/03/23,106.52,106.56,106.75,106.4,4.31M,0.26%
08/03/23,106.24,106.83,107.03,106.2,4.27M,-0.48%
07/03/23,106.75,107.39,107.43,106.66,3.57M,-0.63%
06/03/23,107.43,107.99,108.01,107.43,3.13M,-0.54%
03/03/23,108.01,107.21,108.01,107.11,3.71M,1.08%
02/03/23,106.86,106.66,106.9,106.65,3.98M,0.07%
01/03/23,106.78,106.88,106.98,106.59,5.95M,-0.37%
28/02/23,107.18,106.6,107.25,106.52,3.85M,0.37%
27/02/23,106.78,106.77,106.87,106.64,1.61M,0.21%
24/02/23,106.56,106.73,106.77,106.35,3.52M,-0.65%
23/02/23,107.26,107,107.38,106.96,3.04M,0.33%
22/02/23,106.91,107.35,107.51,106.83,5.11M,-0.06%
21/02/23,106.97,107.1,107.25,106.87,2.34M,-0.45%
17/02/23,107.45,107.08,107.5,107.03,5.30M,0.20%
16/02/23,107.24,107.39,107.66,107.2,4.05M,-0.24%
15/02/23,107.5,107.47,107.73,107.3,2.63M,0.00%
14/02/23,107.5,107.77,108,107.17,3.04M,-0.33%
13/02/23,107.86,107.71,107.93,107.68,2.23M,0.17%
10/02/23,107.68,108.11,108.16,107.66,3.11M,-0.36%
09/02/23,108.07,108.7,108.76,108.06,2.65M,-0.51%
08/02/23,108.62,108.28,108.67,108.15,2.82M,0.52%
07/02/23,108.06,107.81,108.54,107.77,3.76M,0.26%
06/02/23,107.78,107.8,107.96,107.7,5.20M,-0.40%
03/02/23,108.21,108.63,108.84,108.17,5.38M,-0.93%
02/02/23,109.23,109.67,109.81,109.18,5.03M,-0.14%
01/02/23,109.38,108.98,109.49,108.44,5.42M,0.67%
31/01/23,108.65,108.86,108.9,108.33,4.13M,0.04%
30/01/23,108.61,108.94,109.11,108.61,2.46M,-0.49%
27/01/23,109.14,109.08,109.26,109,2.41M,-0.22%
26/01/23,109.38,109.33,109.61,109.19,4.19M,-0.01%
25/01/23,109.39,109.14,109.39,108.96,3.00M,0.20%
24/01/23,109.17,108.71,109.19,108.5,2.91M,0.57%
23/01/23,108.55,108.59,108.81,108.53,3.17M,-0.09%
20/01/23,108.65,108.55,108.91,108.55,2.88M,-0.57%
19/01/23,109.27,108.61,109.29,108.44,4.59M,0.62%
18/01/23,108.6,108.67,108.8,108.45,3.92M,0.69%
17/01/23,107.86,107.87,108.21,107.83,2.71M,-0.29%
13/01/23,108.17,108.76,108.93,108.07,2.83M,-0.78%
12/01/23,109.02,108.48,109.03,108.1,3.94M,0.79%
11/01/23,108.17,107.82,108.18,107.75,7.55M,0.43%
10/01/23,107.71,107.86,108,107.64,2.30M,-0.41%
09/01/23,108.15,107.9,108.35,107.85,2.64M,0.23%
06/01/23,107.9,107.01,107.95,106.93,3.86M,0.92%
05/01/23,106.92,106.49,106.95,106.36,2.38M,0.03%
04/01/23,106.89,107.18,107.3,106.79,3.25M,0.07%
03/01/23,106.82,107.2,107.25,106.67,3.74M,0.36%
30/12/22,106.44,106.39,106.8,106.28,4.69M,-0.30%
29/12/22,106.76,106.59,106.84,106.53,3.14M,0.41%
28/12/22,106.32,106.63,106.78,106.29,3.09M,-0.11%
27/12/22,106.44,106.74,106.93,106.43,2.46M,-0.46%
23/12/22,106.93,107.02,107.11,106.74,2.52M,-0.22%
22/12/22,107.17,107.72,107.8,107.12,3.67M,-0.55%
21/12/22,107.76,107.84,107.9,107.41,6.07M,0.54%
20/12/22,107.18,107.05,107.34,106.99,2.94M,-0.03%
19/12/22,107.21,107.5,107.51,107.18,2.68M,-0.34%
16/12/22,107.58,107.51,107.97,107.48,2.29M,-0.54%
15/12/22,108.16,108.27,108.34,107.73,2.67M,-0.30%
14/12/22,108.49,108.65,108.76,108.03,2.88M,-0.25%
13/12/22,108.76,109.17,109.31,108.64,4.77M,0.30%
12/12/22,108.44,108.71,108.78,108.4,2.74M,0.01%
09/12/22,108.43,108.93,109.06,108.36,2.61M,-0.95%
08/12/22,109.47,109.5,109.55,109.21,3.18M,-0.03%
07/12/22,109.5,109.17,109.53,108.96,2.90M,0.43%
06/12/22,109.03,109.04,109.15,108.77,4.91M,-0.02%
05/12/22,109.05,109.46,109.48,108.79,3.28M,-1.03%
02/12/22,110.18,108.89,110.2,108.58,3.39M,0.74%
01/12/22,109.37,108.48,109.38,108.46,9.84M,0.95%
30/11/22,108.34,106.85,108.37,106.68,4.52M,1.48%
29/11/22,106.76,106.87,107.08,106.69,2.09M,-0.43%
28/11/22,107.22,107.49,107.59,107.07,3.71M,-0.23%
25/11/22,107.47,107.48,107.53,107.36,665.29K,-0.09%
23/11/22,107.57,106.93,107.57,106.89,1.79M,0.55%
22/11/22,106.98,106.99,107.13,106.74,3.02M,0.40%
21/11/22,106.55,106.38,106.61,106.11,2.19M,0.53%
18/11/22,105.99,106.43,106.58,105.9,1.85M,-0.51%
17/11/22,106.53,106.78,106.85,106.36,2.85M,-0.68%
16/11/22,107.26,107.16,107.37,107.07,1.99M,0.25%
15/11/22,106.99,106.66,107.11,106.55,2.40M,0.65%
14/11/22,106.3,106.85,106.85,106.22,3.49M,-0.74%
11/11/22,107.09,106.97,107.13,106.81,2.47M,-0.06%
10/11/22,107.15,106.16,107.18,106.16,4.16M,1.66%
09/11/22,105.4,105.48,105.78,105.07,2.28M,-0.21%
08/11/22,105.62,105.58,105.89,105.5,1.68M,0.14%
07/11/22,105.47,105.64,105.71,105.42,2.30M,0.12%
04/11/22,105.34,105.19,105.5,105.06,2.21M,0.37%
03/11/22,104.95,105.16,105.56,104.91,3.15M,-1.11%
02/11/22,106.13,106.48,107.07,105.99,2.06M,-0.23%
01/11/22,106.37,107.06,107.09,106.21,2.18M,-0.02%
31/10/22,106.39,106.37,106.61,106.01,3.15M,-0.14%
28/10/22,106.54,106.59,106.92,106.29,3.41M,-0.12%
27/10/22,106.67,106.41,106.79,106.12,2.82M,0.77%
26/10/22,105.85,106.05,106.48,105.71,3.92M,-0.15%
25/10/22,106.01,105.98,106.23,105.82,3.42M,0.41%
24/10/22,105.58,105.4,105.86,105.25,3.03M,0.24%
21/10/22,105.33,105,105.73,104.86,6.79M,0.26%
20/10/22,105.06,105.08,105.46,104.76,15.17M,-0.10%
19/10/22,105.16,105.11,105.3,104.92,2.80M,-0.51%
18/10/22,105.7,106.04,106.18,105.45,3.00M,-0.26%
17/10/22,105.98,106.25,106.46,105.9,2.77M,0.27%
14/10/22,105.69,105.85,105.87,105.29,3.88M,0.09%
13/10/22,105.6,104.79,105.85,104.79,4.18M,-0.11%
12/10/22,105.72,105.61,105.88,105.34,10.21M,0.20%
11/10/22,105.51,105.26,105.9,105.18,4.51M,0.57%
10/10/22,104.91,105.43,105.51,104.88,2.91M,-0.57%
07/10/22,105.51,105.15,105.79,105.14,3.31M,0.03%
06/10/22,105.48,105.85,105.95,105.44,3.82M,-0.33%
05/10/22,105.83,106.27,106.31,105.58,3.47M,-0.79%
04/10/22,106.67,106.89,107.05,106.54,3.47M,0.40%
03/10/22,106.25,105.61,106.51,105.51,5.37M,1.29%
30/09/22,104.9,105.48,105.61,104.63,5.53M,-0.68%
29/09/22,105.62,106.21,106.41,105.54,3.47M,-1.40%
28/09/22,107.12,106.15,107.18,105.81,2.88M,1.77%
27/09/22,105.26,105.97,106.09,105.11,5.12M,-0.53%
26/09/22,105.82,107.35,107.38,105.79,5.42M,-1.60%
23/09/22,107.54,107.6,107.89,107.39,4.06M,-0.43%
22/09/22,108,108.71,108.79,107.86,3.09M,-1.14%
21/09/22,109.24,109.16,109.47,108.45,2.94M,0.19%
20/09/22,109.03,108.77,109.17,108.72,2.12M,-0.16%
19/09/22,109.2,109.33,109.55,109.03,1.64M,-0.46%
16/09/22,109.7,110,110.18,109.64,2.76M,-0.42%
15/09/22,110.16,110.47,110.61,110.09,2.62M,-0.51%
14/09/22,110.72,110.48,110.79,110.45,1.82M,0.25%
13/09/22,110.44,110.07,110.48,110.07,3.61M,-0.30%
12/09/22,110.77,111.2,111.26,110.51,3.09M,-0.30%
09/09/22,111.1,111.06,111.28,110.85,1.90M,0.05%
08/09/22,111.05,111.38,111.57,110.97,3.30M,-0.56%
07/09/22,111.67,111.51,111.69,111.33,3.35M,0.41%
06/09/22,111.21,111.81,111.88,111.18,3.40M,-0.95%
02/09/22,112.28,112.06,112.33,111.73,6.14M,0.59%
01/09/22,111.62,111.84,112.03,111.51,5.41M,-2.01%
31/08/22,113.91,114.75,114.96,113.72,7.62M,-0.89%
30/08/22,114.93,114.95,115.21,114.69,2.14M,-0.17%
29/08/22,115.13,115.23,115.25,115.02,2.12M,-0.39%
26/08/22,115.58,115.72,115.83,115.33,1.89M,-0.15%
25/08/22,115.75,115.65,115.83,115.53,1.47M,0.31%
24/08/22,115.39,115.23,115.4,115.11,1.79M,-0.02%
23/08/22,115.41,115.3,115.71,115.2,1.66M,0.16%
22/08/22,115.22,115.47,115.49,115.2,3.77M,-0.19%
19/08/22,115.44,115.5,115.63,115.33,3.42M,-0.17%
18/08/22,115.64,115.29,115.88,115.02,3.71M,0.51%
17/08/22,115.05,115.31,115.32,114.9,2.09M,-0.30%
16/08/22,115.4,115.39,115.49,115.09,2.66M,0.03%
15/08/22,115.37,115.54,115.66,115.37,1.95M,-0.10%
12/08/22,115.49,115.48,115.57,115.16,2.56M,0.39%
11/08/22,115.04,115.62,115.77,114.95,3.71M,-0.34%
10/08/22,115.43,115.68,116.02,115.42,1.95M,-0.17%
09/08/22,115.63,115.78,115.88,115.57,1.45M,-0.28%
08/08/22,115.96,115.75,116,115.68,3.47M,0.69%
05/08/22,115.17,115.25,115.43,115.08,3.10M,-1.01%
04/08/22,116.34,116.15,116.45,116.04,2.24M,-0.02%
03/08/22,116.36,115.8,116.42,115.49,2.44M,0.53%
02/08/22,115.75,116.9,117.19,115.6,3.65M,-1.18%
01/08/22,117.13,117.04,117.32,116.77,3.58M,-0.93%
29/07/22,118.23,117.92,118.48,117.78,3.26M,0.50%
28/07/22,117.64,117.5,117.69,117.09,3.28M,1.02%
27/07/22,116.45,116,116.7,115.96,2.38M,0.64%
26/07/22,115.71,116.44,116.54,115.69,1.80M,0.00%
25/07/22,115.71,115.58,115.99,115.56,11.37M,-0.19%
22/07/22,115.93,115.56,116.12,115.52,5.92M,0.84%
21/07/22,114.96,114.29,114.96,114,8.56M,0.62%
20/07/22,114.25,114.69,114.81,114.15,2.79M,-0.09%
19/07/22,114.35,114.43,114.67,114.32,4.57M,-0.10%
18/07/22,114.47,114.67,114.72,114.27,2.30M,-0.13%
15/07/22,114.62,114.19,114.71,114.1,4.64M,0.58%
14/07/22,113.96,113.64,114.18,113.47,5.76M,-0.25%
13/07/22,114.24,113.61,114.54,113.47,3.25M,0.52%
12/07/22,113.65,113.73,114.13,113.63,2.60M,-0.04%
11/07/22,113.69,113.83,114.1,113.58,2.03M,0.16%
08/07/22,113.51,113.74,113.81,113.34,1.92M,-0.11%
07/07/22,113.63,114.28,114.29,113.48,2.51M,-0.16%
06/07/22,113.81,114.82,114.87,113.77,2.91M,-0.91%
05/07/22,114.85,115.3,115.35,114.71,4.72M,-0.28%
01/07/22,115.17,114.79,115.4,114.49,7.04M,1.11%
30/06/22,113.91,114.58,114.76,113.89,8.03M,-0.09%
29/06/22,114.01,114.03,114.55,113.69,6.28M,-0.18%
28/06/22,114.21,114.57,114.6,114.11,3.47M,-0.35%
27/06/22,114.61,115.09,115.31,114.58,3.89M,-0.72%
24/06/22,115.44,115.46,115.8,115.28,3.58M,0.10%
23/06/22,115.33,115.54,115.79,115.2,5.52M,0.30%
22/06/22,114.99,114.91,115.13,114.79,5.09M,0.58%
21/06/22,114.33,114.34,114.67,114.23,2.61M,-0.35%
17/06/22,114.73,114.61,114.82,114.25,5.02M,0.05%
16/06/22,114.67,113.58,114.97,113.25,5.93M,-0.30%
15/06/22,115.01,113.87,115.29,113.68,10.01M,1.38%
14/06/22,113.44,114.5,114.55,113.01,12.45M,-1.37%
13/06/22,115.02,115.63,115.87,114.58,7.05M,-1.68%
10/06/22,116.99,117.43,117.59,116.94,3.24M,-0.44%
09/06/22,117.51,117.45,117.69,117.31,2.87M,-0.02%
08/06/22,117.53,117.7,117.84,117.53,1.96M,-0.25%
07/06/22,117.82,117.67,117.91,117.57,2.63M,0.24%
06/06/22,117.54,118,118.08,117.46,3.47M,-0.65%
03/06/22,118.31,117.31,118.36,117.31,4.69M,0.58%
02/06/22,117.63,117.5,117.63,117.26,5.46M,0.46%
01/06/22,117.09,117.6,117.69,116.99,4.28M,-1.56%
31/05/22,118.94,119.44,119.45,118.78,4.76M,-0.71%
27/05/22,119.79,119.74,119.86,119.61,3.20M,0.32%
26/05/22,119.41,119.23,119.63,119.06,5.99M,0.41%
25/05/22,118.92,119.07,119.07,118.6,3.61M,0.08%
24/05/22,118.82,118.4,119.04,118.35,3.23M,0.54%
23/05/22,118.18,118.43,118.7,118.16,2.90M,-0.35%
20/05/22,118.6,118.51,118.74,118.29,5.60M,0.04%
19/05/22,118.55,119.42,119.52,118.17,8.81M,-0.35%
18/05/22,118.97,118.63,119.19,118.61,14.95M,0.69%
17/05/22,118.15,118.56,118.67,118.05,3.36M,-0.51%
16/05/22,118.75,118.99,119.08,118.7,3.10M,0.03%
13/05/22,118.71,118.21,118.74,118.01,4.55M,0.52%
12/05/22,118.1,118.85,119.07,118.02,5.17M,-0.43%
11/05/22,118.61,117.36,118.74,117.02,5.92M,1.21%
10/05/22,117.19,117.58,117.97,117.13,5.60M,-0.45%
09/05/22,117.72,117.93,117.99,117.52,5.65M,-0.39%
06/05/22,118.18,117.94,118.65,117.74,5.00M,-0.26%
05/05/22,118.49,118.95,119.19,118.09,4.82M,-1.05%
04/05/22,119.75,118.76,120.04,118.31,5.38M,0.78%
03/05/22,118.82,119.29,119.65,118.79,6.26M,0.36%
02/05/22,118.39,119.55,119.61,118.25,8.52M,-2.21%
29/04/22,121.07,121.85,122.24,120.82,8.61M,-0.83%
28/04/22,122.08,121.38,122.12,121.29,4.56M,0.57%
27/04/22,121.39,121.65,121.71,121.15,6.33M,-0.16%
26/04/22,121.59,121.56,121.7,121.24,4.33M,0.21%
25/04/22,121.33,121.79,122.03,121.28,5.22M,-0.07%
22/04/22,121.42,121.78,122.35,121.35,4.64M,-0.39%
21/04/22,121.9,121.4,121.93,120.68,7.09M,0.40%
20/04/22,121.42,120.82,121.59,120.74,6.56M,0.74%
19/04/22,120.53,120.91,121.07,120.43,6.10M,-0.50%
18/04/22,121.13,121.33,121.39,121.02,3.95M,-0.03%
14/04/22,121.17,121.15,121.32,120.83,4.92M,-0.01%
13/04/22,121.18,121.56,121.76,121.12,4.77M,-0.19%
12/04/22,121.41,121.82,122.12,121.39,6.15M,-0.01%
11/04/22,121.42,121.01,121.46,120.9,4.02M,-0.17%
08/04/22,121.63,121.3,121.63,121.24,5.26M,0.18%
07/04/22,121.41,121.54,121.79,121.2,3.11M,-0.13%
06/04/22,121.57,121.79,122.04,121.04,4.66M,-0.44%
05/04/22,122.11,122.87,122.97,122.07,4.70M,-0.72%
04/04/22,123,123.23,123.3,122.9,3.28M,-0.07%
01/04/22,123.09,122.75,123.57,122.54,5.40M,-1.19%
31/03/22,124.57,124.94,125.52,124.35,5.47M,-0.32%
30/03/22,124.97,124.44,125.09,124.41,2.71M,0.49%
29/03/22,124.36,124.34,124.84,124.29,2.83M,-0.36%
28/03/22,124.81,125.02,125.36,124.8,2.82M,-0.11%
25/03/22,124.95,125.11,125.32,124.73,2.76M,-0.68%
24/03/22,125.81,126.24,126.5,125.77,5.08M,-0.62%
23/03/22,126.59,125.62,126.62,125.57,4.62M,1.26%
22/03/22,125.02,125.45,125.68,124.96,3.64M,-0.46%
21/03/22,125.6,126.12,126.47,125.44,3.46M,-0.88%
18/03/22,126.72,126.64,127.36,126.48,4.49M,-0.31%
17/03/22,127.11,126.03,127.15,125.83,3.70M,1.36%
16/03/22,125.4,125.92,126.18,124.55,5.82M,-0.58%
15/03/22,126.13,127.21,127.28,126.11,4.66M,-0.75%
14/03/22,127.08,127.77,127.77,127.08,3.65M,-1.11%
11/03/22,128.5,127.99,128.6,127.95,5.04M,0.71%
10/03/22,127.6,127.28,127.86,126.78,4.03M,-0.22%
09/03/22,127.88,128.33,128.52,127.41,8.00M,-0.99%
08/03/22,129.16,128.75,129.48,128.33,5.80M,0.48%
07/03/22,128.54,127.94,128.76,127.89,6.72M,0.54%
04/03/22,127.85,127.66,128.48,127.66,5.34M,0.76%
03/03/22,126.88,127.2,127.4,126.83,4.89M,-0.12%
02/03/22,127.03,127.62,127.74,127,5.82M,-0.65%
01/03/22,127.86,127.29,128.3,127.28,8.93M,0.53%
28/02/22,127.18,125.84,127.25,125.83,6.49M,1.74%
25/02/22,125.01,124.92,125.04,124.63,4.62M,-0.09%
24/02/22,125.12,126.26,126.5,124.77,10.11M,0.41%
23/02/22,124.61,124.27,124.8,124.07,4.75M,0.07%
22/02/22,124.52,124.19,124.53,124.08,4.77M,0.31%
18/02/22,124.14,124.03,124.16,123.92,8.07M,0.33%
17/02/22,123.73,123.7,123.97,123.07,7.20M,0.23%
16/02/22,123.45,123.46,123.64,123.29,5.82M,0.19%
15/02/22,123.21,123.37,123.49,123.2,7.24M,-0.41%
14/02/22,123.72,123.54,124.08,123.43,8.38M,-0.27%
11/02/22,124.05,123.63,124.11,123.1,14.08M,0.89%
10/02/22,122.95,123.63,123.74,122.92,13.01M,-0.80%
09/02/22,123.94,123.95,124.27,123.82,6.16M,0.19%
08/02/22,123.7,123.65,123.89,123.54,5.65M,-0.13%
07/02/22,123.86,123.96,123.97,123.47,9.94M,-0.04%
04/02/22,123.91,124.08,124.29,123.78,9.56M,-0.58%
03/02/22,124.63,124.78,124.95,124.6,7.95M,-0.63%
02/02/22,125.42,125.3,125.68,125.24,8.56M,0.11%
01/02/22,125.28,125.89,125.92,125.25,18.79M,-1.00%
31/01/22,126.54,126.08,126.54,126.07,7.74M,0.27%
28/01/22,126.2,125.94,126.3,125.87,8.51M,0.35%
27/01/22,125.76,125.57,125.86,125.36,17.30M,0.41%
26/01/22,125.25,126.07,126.28,125.14,9.56M,-0.63%
25/01/22,126.05,126.24,126.49,125.96,6.42M,-0.17%
24/01/22,126.27,126.05,126.39,125.87,11.25M,0.23%
21/01/22,125.98,125.68,126.04,125.54,6.55M,0.62%
20/01/22,125.2,125.42,125.67,125.17,7.15M,0.12%
19/01/22,125.05,125.37,125.44,125.05,7.74M,-0.21%
18/01/22,125.31,125.54,125.63,125.3,6.52M,-0.48%
14/01/22,125.91,126.26,126.32,125.85,6.16M,-0.45%
13/01/22,126.48,126.32,126.66,126.22,4.74M,0.02%
12/01/22,126.45,127.11,127.17,126.43,7.11M,-0.64%
11/01/22,127.27,126.42,127.28,126.35,10.84M,0.70%
10/01/22,126.39,126.03,126.4,125.85,6.62M,0.13%
07/01/22,126.23,126.33,126.41,126.04,8.13M,-0.12%
06/01/22,126.38,126.45,126.47,126,7.56M,-0.43%
05/01/22,126.93,128.02,128.04,126.92,6.59M,-0.81%
04/01/22,127.97,128.32,128.46,127.75,5.71M,-0.38%
03/01/22,128.46,128.68,128.71,128.38,4.56M,-0.57%
31/12/21,129.2,129.22,129.31,129.07,3.82M,-0.12%
30/12/21,129.36,128.94,129.36,128.81,2.90M,0.52%
29/12/21,128.69,128.28,128.7,128.02,4.32M,0.09%
28/12/21,128.58,128.97,129.05,128.54,2.86M,-0.06%
27/12/21,128.66,128.27,128.71,128.22,3.39M,0.34%
23/12/21,128.23,128.49,128.5,128.05,2.79M,-0.23%
22/12/21,128.52,128.13,128.71,127.99,3.17M,0.32%
21/12/21,128.11,127.84,128.11,127.6,3.90M,0.22%
20/12/21,127.83,127.86,127.99,127.78,4.40M,-0.05%
17/12/21,127.9,128.02,128.13,127.82,4.02M,0.01%
16/12/21,127.89,128.01,128.06,127.57,3.90M,-0.40%
15/12/21,128.41,128.09,128.48,127.68,4.29M,0.09%
14/12/21,128.3,128.38,128.41,128.02,4.15M,-0.32%
13/12/21,128.71,128.83,129.11,128.68,3.61M,0.10%
10/12/21,128.58,128.63,128.89,128.54,2.25M,-0.01%
09/12/21,128.59,129.26,129.37,128.56,3.50M,-0.41%
08/12/21,129.12,129.3,129.32,128.97,3.12M,-0.17%
07/12/21,129.34,129.37,129.54,129.2,3.81M,0.16%
06/12/21,129.13,129.85,129.93,129.1,6.85M,-0.45%
03/12/21,129.72,129.27,129.99,129.23,4.03M,0.21%
02/12/21,129.45,129.06,129.51,128.89,3.39M,0.29%
01/12/21,129.07,129.15,129.23,128.57,7.50M,-0.46%
30/11/21,129.66,129.96,130.21,129.4,5.05M,0.09%
29/11/21,129.54,129.69,129.92,129.47,3.80M,-0.23%
26/11/21,129.84,129.4,129.88,129.25,2.06M,0.50%
24/11/21,129.2,128.87,129.24,128.61,2.73M,0.31%
23/11/21,128.8,128.96,129,128.44,3.86M,-0.39%
22/11/21,129.3,129.45,129.69,129.1,3.50M,-0.81%
19/11/21,130.35,130.66,130.96,130.3,2.52M,-0.18%
18/11/21,130.59,130.43,130.74,130.43,3.10M,0.06%
17/11/21,130.51,130.08,130.54,130,3.89M,0.20%
16/11/21,130.25,130.51,130.64,130.14,2.77M,-0.15%
15/11/21,130.44,130.51,130.76,130.41,4.26M,0.02%
12/11/21,130.42,130.61,130.95,130.4,4.09M,-0.02%
11/11/21,130.44,130.57,130.6,130.4,2.40M,-0.02%
10/11/21,130.46,131.3,131.36,130.06,6.25M,-0.31%
09/11/21,130.86,130.54,130.95,130.37,3.08M,0.58%
08/11/21,130.1,129.87,130.13,129.79,3.58M,0.33%
05/11/21,129.67,129.52,129.78,129.4,3.86M,0.35%
04/11/21,129.22,129.03,129.28,128.95,2.99M,0.66%
03/11/21,128.37,128.5,128.79,128.23,3.33M,-0.14%
02/11/21,128.55,128.23,128.56,128.23,4.80M,0.40%
01/11/21,128.04,128.7,128.74,127.86,5.65M,-0.49%
29/10/21,128.67,128.21,128.82,128.14,4.99M,-0.26%
28/10/21,129,129.46,129.59,128.78,7.31M,-0.87%
27/10/21,130.13,129.77,130.21,129.56,4.19M,0.47%
26/10/21,129.52,129.2,129.54,128.99,4.18M,0.35%
25/10/21,129.07,128.78,129.18,128.78,3.46M,0.24%
22/10/21,128.76,128.74,128.88,128.46,4.74M,0.20%
21/10/21,128.5,128.37,128.68,128.14,8.85M,0.23%
20/10/21,128.21,127.86,128.36,127.85,5.18M,0.18%
19/10/21,127.98,128.08,128.12,127.88,2.13M,-0.24%
18/10/21,128.29,128.39,128.48,128.08,2.87M,-0.21%
15/10/21,128.56,128.74,128.75,128.44,2.20M,-0.16%
14/10/21,128.77,128.71,128.84,128.55,4.20M,0.19%
13/10/21,128.52,128.07,128.53,128.03,4.37M,0.45%
12/10/21,127.94,127.85,128.1,127.76,3.65M,0.19%
11/10/21,127.7,127.75,127.87,127.68,2.97M,-0.06%
08/10/21,127.78,127.81,127.88,127.65,2.84M,0.02%
07/10/21,127.75,127.66,127.75,127.49,2.62M,-0.09%
06/10/21,127.86,127.96,128.03,127.81,2.86M,-0.05%
05/10/21,127.93,127.94,128.01,127.82,6.19M,0.10%
04/10/21,127.8,127.66,127.85,127.58,9.13M,-0.01%
01/10/21,127.81,127.57,127.82,127.48,7.28M,0.09%
30/09/21,127.69,127.47,127.75,127.41,3.76M,0.02%
29/09/21,127.67,127.82,127.93,127.47,3.31M,0.05%
28/09/21,127.6,127.77,127.81,127.58,3.81M,-0.22%
27/09/21,127.88,127.8,128.05,127.76,3.17M,0.05%
24/09/21,127.82,127.89,127.97,127.7,3.24M,-0.25%
23/09/21,128.14,128.33,128.43,128.03,3.70M,-0.36%
22/09/21,128.6,128.75,128.91,128.46,2.91M,-0.10%
21/09/21,128.73,128.88,128.9,128.64,2.82M,-0.07%
20/09/21,128.82,128.86,128.93,128.72,3.27M,0.09%
17/09/21,128.7,128.95,128.95,128.64,2.16M,-0.29%
16/09/21,129.07,129.08,129.19,129,1.55M,-0.16%
15/09/21,129.28,129.48,129.51,129.15,2.58M,0.05%
14/09/21,129.21,129.13,129.42,129.04,3.99M,0.05%
13/09/21,129.14,129.43,129.47,129.07,3.17M,0.00%
10/09/21,129.14,129.45,129.53,129.07,2.43M,-0.28%
09/09/21,129.5,128.98,129.51,128.91,3.04M,0.53%
08/09/21,128.82,128.68,128.88,128.59,2.28M,0.41%
07/09/21,128.3,128.37,128.49,128.23,3.48M,-0.25%
03/09/21,128.62,128.69,128.73,128.57,3.10M,-0.14%
02/09/21,128.8,128.71,128.8,128.66,2.93M,0.04%
01/09/21,128.75,128.48,128.76,128.41,11.82M,-0.65%
31/08/21,129.59,129.81,129.88,129.48,4.56M,-0.29%
30/08/21,129.97,130.13,130.22,129.81,2.77M,-0.02%
27/08/21,129.99,129.15,130.01,129.05,3.11M,0.75%
26/08/21,129.02,129.04,129.08,128.9,2.63M,0.02%
25/08/21,129,129.08,129.13,128.88,4.47M,-0.04%
24/08/21,129.05,129.05,129.24,129,3.07M,0.00%
23/08/21,129.05,128.99,129.08,128.9,2.44M,0.23%
20/08/21,128.75,129.07,129.15,128.73,2.27M,-0.31%
19/08/21,129.15,129.07,129.15,128.9,5.42M,0.04%
18/08/21,129.1,129.07,129.12,128.78,4.83M,0.02%
17/08/21,129.08,129.52,129.56,129.08,3.22M,-0.27%
16/08/21,129.43,129.37,129.56,129.36,2.54M,0.10%
13/08/21,129.3,129.11,129.32,129.06,1.95M,0.26%
12/08/21,128.97,129,129.07,128.84,2.90M,-0.08%
11/08/21,129.07,128.78,129.12,128.65,2.78M,0.16%
10/08/21,128.86,128.84,128.99,128.73,2.79M,0.09%
09/08/21,128.74,128.97,129.08,128.73,3.08M,-0.18%
08/08/21,128.97,128.97,128.97,128.97,,0.00%
07/08/21,128.97,128.97,128.97,128.97,,0.00%
06/08/21,128.97,128.77,129.02,128.72,2.79M,-0.22%
05/08/21,129.26,129.4,129.45,129.12,2.91M,-0.35%
04/08/21,129.72,129.98,130.08,129.52,3.62M,-0.19%
03/08/21,129.97,129.72,129.97,129.58,2.64M,0.09%
02/08/21,129.85,129.87,130.14,129.79,10.42M,-0.56%
30/07/21,130.58,130.5,130.64,130.45,3.89M,0.15%
29/07/21,130.38,130.46,130.62,130.37,3.45M,-0.18%
28/07/21,130.61,130.12,130.61,129.72,3.49M,0.34%
27/07/21,130.17,130.2,130.27,129.97,3.59M,-0.02%
26/07/21,130.2,129.92,130.26,129.76,6.59M,0.43%
23/07/21,129.64,129.19,129.67,129.15,17.99M,0.45%
22/07/21,129.06,128.82,129.19,128.76,3.06M,0.28%
21/07/21,128.7,128.81,128.86,128.6,4.65M,-0.26%
20/07/21,129.03,129.16,129.29,128.88,4.17M,-0.02%
19/07/21,129.05,129.35,129.53,128.99,4.84M,0.04%
16/07/21,129,128.95,129.09,128.94,1.61M,0.00%
15/07/21,129,128.85,129,128.63,2.42M,0.30%
14/07/21,128.61,128.68,128.72,128.43,1.73M,0.27%
13/07/21,128.27,128.59,128.66,128.23,2.54M,0.00%
12/07/21,128.27,127.98,128.3,127.94,2.78M,0.27%
09/07/21,127.93,127.8,127.96,127.72,2.70M,0.02%
08/07/21,127.91,127.99,128.07,127.84,3.74M,-0.13%
07/07/21,128.08,128.35,128.43,128,3.74M,-0.07%
06/07/21,128.17,127.84,128.26,127.84,5.63M,0.26%
05/07/21,127.84,127.84,127.84,127.84,,0.00%
04/07/21,127.84,127.84,127.84,127.84,,0.00%
03/07/21,127.84,127.84,127.84,127.84,,0.00%
02/07/21,127.84,127.46,127.86,127.41,5.32M,0.42%
01/07/21,127.3,127.35,127.39,127.16,6.20M,-0.55%
30/06/21,128.01,128.01,128.21,127.99,2.73M,0.13%
29/06/21,127.84,127.81,127.9,127.75,1.61M,0.05%
28/06/21,127.77,127.79,127.97,127.77,1.78M,0.15%
25/06/21,127.58,127.56,127.6,127.28,2.43M,0.10%
24/06/21,127.45,127.7,127.77,127.44,2.08M,-0.19%
23/06/21,127.69,127.61,127.71,127.52,2.63M,0.02%
22/06/21,127.66,127.05,127.66,127.03,1.93M,0.55%
21/06/21,126.96,126.97,127.09,126.79,2.61M,-0.17%
20/06/21,127.18,127.18,127.18,127.18,,0.00%
19/06/21,127.18,127.18,127.18,127.18,,0.00%
18/06/21,127.18,126.99,127.25,126.72,4.63M,0.04%
17/06/21,127.13,126.64,127.16,126.45,4.87M,0.38%
16/06/21,126.65,127.86,128.24,126.64,3.99M,-0.91%
15/06/21,127.81,127.66,127.84,127.61,6.56M,0.16%
14/06/21,127.6,127.72,127.76,127.36,2.17M,-0.05%
11/06/21,127.67,128.04,128.1,127.51,2.57M,-0.26%
10/06/21,128,127.39,128.02,127.31,3.48M,0.52%
09/06/21,127.34,127.52,127.67,127.23,3.33M,0.01%
08/06/21,127.33,127.39,127.45,127.26,1.87M,0.10%
07/06/21,127.2,127.49,127.5,127.2,2.71M,-0.22%
04/06/21,127.48,127.25,127.53,127.25,3.45M,0.48%
03/06/21,126.87,127.12,127.15,126.87,3.78M,-0.34%
02/06/21,127.3,127.51,127.55,127.3,3.18M,-0.13%
01/06/21,127.46,127.17,127.46,127.02,6.26M,-0.24%
28/05/21,127.77,127.77,127.97,127.7,3.88M,0.06%
27/05/21,127.69,127.46,127.69,127.37,3.05M,-0.01%
26/05/21,127.7,128,128.03,127.61,2.57M,-0.23%
25/05/21,127.99,127.92,128.04,127.84,1.55M,0.28%
24/05/21,127.63,127.43,127.66,127.38,2.74M,0.24%
21/05/21,127.32,127.27,127.35,127.09,2.02M,0.18%
20/05/21,127.09,127.09,127.26,126.94,2.58M,0.12%
19/05/21,126.94,127.64,127.76,126.94,3.53M,-0.68%
18/05/21,127.81,127.85,128.06,127.78,2.49M,-0.15%
17/05/21,128,127.76,128.02,127.7,2.23M,0.20%
14/05/21,127.75,127.49,127.79,127.45,2.60M,0.35%
13/05/21,127.3,127.35,127.44,127.17,2.99M,0.02%
12/05/21,127.27,127.69,127.75,127.25,3.61M,-0.17%
11/05/21,127.49,127.47,127.6,127.28,2.54M,-0.27%
10/05/21,127.83,128.01,128.29,127.78,2.75M,0.05%
07/05/21,127.77,127.65,127.9,127.57,4.88M,0.21%
06/05/21,127.5,127.66,127.87,127.44,4.56M,-0.12%
05/05/21,127.65,127.13,127.66,127.13,3.93M,0.45%
04/05/21,127.08,127.18,127.29,126.94,5.10M,0.23%
03/05/21,126.79,126.56,126.86,126.51,6.70M,-0.16%
30/04/21,126.99,126.96,127.06,126.83,2.35M,-0.06%
29/04/21,127.07,126.93,127.07,126.8,2.17M,-0.05%
28/04/21,127.13,126.97,127.16,126.79,2.79M,0.32%
27/04/21,126.73,126.83,126.9,126.63,5.23M,-0.01%
26/04/21,126.74,126.56,126.78,126.52,1.71M,0.06%
23/04/21,126.67,126.67,126.68,126.41,1.56M,0.05%
22/04/21,126.61,126.6,126.69,126.36,2.04M,0.12%
21/04/21,126.46,126.34,126.47,126.26,2.16M,0.09%
20/04/21,126.34,126.04,126.39,126.04,1.26M,0.06%
19/04/21,126.26,126.3,126.36,126.15,1.83M,-0.17%
16/04/21,126.48,126.36,126.59,126.3,1.98M,-0.03%
15/04/21,126.52,126.22,126.57,126.22,2.05M,0.54%
14/04/21,125.84,125.7,125.89,125.66,1.89M,0.00%
13/04/21,125.84,125.59,125.85,125.51,2.06M,0.37%
12/04/21,125.38,125.38,125.43,125.25,1.50M,0.02%
09/04/21,125.36,125.46,125.57,125.27,2.89M,-0.21%
08/04/21,125.63,125.57,125.71,125.5,1.30M,0.22%
07/04/21,125.35,125.41,125.6,125.33,1.52M,0.06%
06/04/21,125.27,125.35,125.53,125.27,2.05M,0.06%
05/04/21,125.2,125.09,125.25,124.98,2.09M,-0.29%
01/04/21,125.56,125.38,125.59,125.27,3.03M,0.05%
31/03/21,125.5,125.57,125.8,125.31,2.78M,0.02%
30/03/21,125.47,125.39,125.56,125.32,1.60M,-0.18%
29/03/21,125.69,126.15,126.15,125.56,1.63M,-0.27%
26/03/21,126.03,125.98,126.27,125.97,1.66M,0.02%
25/03/21,126,126.1,126.21,125.86,2.12M,-0.07%
24/03/21,126.09,125.77,126.1,125.72,1.48M,0.26%
23/03/21,125.76,125.5,125.77,125.4,2.29M,0.21%
22/03/21,125.5,125.1,125.52,125.09,1.42M,0.48%
19/03/21,124.9,124.6,124.94,124.54,1.47M,0.19%
18/03/21,124.66,124.86,124.99,124.66,4.50M,-0.71%
17/03/21,125.55,125.42,125.73,125.08,2.52M,-0.09%
16/03/21,125.66,125.65,125.78,125.45,1.83M,0.21%
15/03/21,125.4,125.09,125.46,125.02,2.10M,0.30%
12/03/21,125.03,125.28,125.28,124.86,2.81M,-0.79%
11/03/21,126.02,126,126.1,125.77,1.61M,0.09%
10/03/21,125.91,125.4,125.91,125.4,1.83M,0.45%
09/03/21,125.34,125.16,125.34,125.02,1.80M,0.63%
08/03/21,124.56,125.19,125.23,124.56,3.78M,-0.55%
05/03/21,125.25,124.94,125.4,124.91,2.57M,0.10%
04/03/21,125.12,125.7,125.77,124.89,5.70M,-0.38%
03/03/21,125.6,125.67,125.74,125.44,4.61M,-0.25%
02/03/21,125.92,125.34,125.94,125.34,3.67M,0.41%
01/03/21,125.41,125.6,125.79,125.18,13.49M,-0.33%
26/02/21,125.83,124.49,125.83,124.3,6.40M,1.24%
25/02/21,124.29,125.29,125.37,123.51,7.72M,-1.22%
24/02/21,125.83,125.63,125.96,125.54,3.13M,-0.08%
23/02/21,125.93,125.92,126.07,125.72,3.20M,0.02%
22/02/21,125.9,125.86,126.03,125.78,2.74M,-0.01%
19/02/21,125.91,126.23,126.31,125.55,3.54M,-0.43%
18/02/21,126.45,126.8,126.8,126.44,2.61M,-0.42%
17/02/21,126.98,127.13,127.18,126.86,2.40M,-0.04%
16/02/21,127.03,127.33,127.47,126.98,2.83M,-0.49%
12/02/21,127.65,127.75,127.85,127.56,2.00M,-0.16%
11/02/21,127.86,128.06,128.06,127.73,1.80M,-0.12%
10/02/21,128.01,127.91,128.04,127.87,1.60M,0.09%
09/02/21,127.9,127.93,128.02,127.83,2.43M,0.05%
08/02/21,127.83,127.74,127.94,127.64,2.19M,0.09%
05/02/21,127.71,127.71,127.81,127.61,1.73M,-0.02%
04/02/21,127.74,127.7,127.89,127.58,1.94M,-0.07%
03/02/21,127.83,127.88,127.97,127.83,1.89M,-0.05%
02/02/21,127.9,127.68,128.02,127.58,3.34M,0.15%
01/02/21,127.71,127.85,127.94,127.71,7.80M,-0.22%
29/01/21,127.99,128.13,128.27,127.74,3.34M,-0.10%
28/01/21,128.12,128.02,128.16,127.92,1.82M,0.20%
27/01/21,127.87,127.97,128.05,127.82,2.07M,-0.03%
26/01/21,127.91,128.11,128.15,127.82,2.70M,-0.15%
25/01/21,128.1,127.94,128.23,127.89,2.10M,0.26%
22/01/21,127.77,127.83,127.9,127.72,1.65M,-0.16%
21/01/21,127.97,127.66,127.97,127.5,3.03M,0.24%
20/01/21,127.66,127.47,127.71,127.39,2.62M,0.15%
19/01/21,127.47,127.35,127.52,127.16,2.58M,0.24%
15/01/21,127.17,127.17,127.24,127.06,2.68M,0.11%
14/01/21,127.03,126.97,127.15,126.85,2.21M,0.05%
13/01/21,126.97,126.78,127.14,126.69,2.52M,0.22%
12/01/21,126.69,126.69,126.8,126.4,3.49M,0.13%
11/01/21,126.52,126.46,126.6,126.36,2.79M,-0.21%
08/01/21,126.79,127.15,127.17,126.58,2.29M,-0.39%
07/01/21,127.29,127.18,127.36,127.18,3.26M,-0.06%
06/01/21,127.37,127.52,127.52,127.13,3.92M,-0.30%
05/01/21,127.75,127.69,127.8,127.58,3.89M,-0.03%
04/01/21,127.79,127.49,127.92,127.46,3.86M,0.11%
31/12/20,127.65,127.43,127.68,127.39,2.36M,0.21%
30/12/20,127.38,127.18,127.39,127.13,2.33M,0.08%
29/12/20,127.28,127.18,127.29,127.16,1.32M,-0.05%
28/12/20,127.34,127.21,127.34,127.11,1.08M,0.07%
24/12/20,127.25,127.27,127.32,127.21,768.93K,0.04%
23/12/20,127.2,126.94,127.2,126.75,1.64M,0.05%
22/12/20,127.14,127.15,127.17,127.03,947.58K,0.09%
21/12/20,127.02,127.14,127.19,126.98,1.71M,-0.02%
18/12/20,127.04,127.15,127.23,127,1.91M,-0.05%
17/12/20,127.1,127.33,127.39,127.01,1.41M,0.04%
16/12/20,127.05,126.9,127.12,126.79,1.92M,-0.01%
15/12/20,127.06,126.88,127.06,126.83,1.77M,0.18%
14/12/20,126.83,126.68,126.91,126.57,1.33M,0.00%
11/12/20,126.83,126.85,126.93,126.7,1.23M,-0.01%
10/12/20,126.84,126.69,126.85,126.62,2.17M,0.23%
09/12/20,126.55,126.67,126.68,126.51,2.27M,-0.13%
08/12/20,126.71,126.71,126.8,126.61,1.54M,0.17%
07/12/20,126.5,126.49,126.67,126.44,3.85M,0.26%
04/12/20,126.17,126.23,126.27,126.01,1.77M,-0.21%
03/12/20,126.44,126.35,126.47,126.21,3.80M,0.28%
02/12/20,126.09,125.86,126.12,125.67,3.32M,0.07%
01/12/20,126,126.12,126.17,125.8,6.03M,-0.33%
30/11/20,126.42,126.34,126.5,126.22,3.27M,0.11%
27/11/20,126.28,126.07,126.28,126.07,1.02M,0.25%
25/11/20,125.97,125.93,126.05,125.88,1.05M,0.17%
24/11/20,125.76,125.72,125.81,125.64,1.66M,0.03%
23/11/20,125.72,125.74,125.8,125.64,1.33M,-0.08%
20/11/20,125.82,125.64,125.83,125.59,1.14M,0.22%
19/11/20,125.54,125.52,125.65,125.36,4.10M,0.10%
18/11/20,125.41,125.5,125.58,125.26,1.39M,0.03%
17/11/20,125.37,125.31,125.4,125.24,1.31M,0.17%
16/11/20,125.16,125.3,125.41,125.11,2.75M,-0.14%
13/11/20,125.33,125.45,125.45,125.23,1.36M,-0.01%
12/11/20,125.34,125.2,125.35,125.12,1.73M,0.28%
11/11/20,124.99,124.89,124.99,124.81,1.31M,0.18%
10/11/20,124.77,124.69,124.98,124.64,2.64M,0.10%
09/11/20,124.65,124.61,124.68,124.32,3.24M,-0.29%
06/11/20,125.01,125.3,125.3,124.97,2.50M,-0.45%
05/11/20,125.58,125.58,125.67,125.46,3.98M,0.08%
04/11/20,125.48,125.6,125.68,125.34,4.79M,0.17%
03/11/20,125.27,125.29,125.29,124.97,5.23M,-0.08%
02/11/20,125.37,125.25,125.46,125.2,6.64M,0.11%
30/10/20,125.23,125.61,125.66,125.17,3.33M,-0.30%
29/10/20,125.61,125.97,125.97,125.59,2.70M,-0.34%
28/10/20,126.04,126.14,126.16,125.94,2.28M,-0.13%
27/10/20,126.2,126.12,126.24,126.12,1.52M,0.20%
26/10/20,125.95,125.98,126.03,125.84,2.14M,0.08%
23/10/20,125.85,125.72,125.88,125.65,2.85M,0.12%
22/10/20,125.7,125.9,125.9,125.66,2.52M,-0.15%
21/10/20,125.89,126.01,126.05,125.88,1.62M,-0.03%
20/10/20,125.93,126.05,126.11,125.87,2.02M,-0.09%
19/10/20,126.04,126.21,126.26,126.04,1.58M,-0.24%
16/10/20,126.34,126.36,126.42,126.25,1.47M,0.04%
15/10/20,126.29,126.37,126.38,126.22,923.05K,-0.03%
14/10/20,126.33,126.49,126.5,126.25,1.14M,0.00%
13/10/20,126.33,126.29,126.47,126.26,1.76M,0.00%
12/10/20,126.33,126.19,126.34,126.16,1.26M,0.06%
09/10/20,126.25,126.19,126.27,126,1.91M,0.03%
08/10/20,126.21,125.95,126.21,125.87,1.92M,0.40%
07/10/20,125.71,125.75,125.81,125.61,1.49M,-0.01%
06/10/20,125.72,125.8,125.94,125.55,2.18M,0.02%
05/10/20,125.7,126.06,126.06,125.69,2.68M,-0.30%
04/10/20,126.08,126.08,126.08,126.08,,0.00%
03/10/20,126.08,126.08,126.08,126.08,,0.00%
02/10/20,126.08,126.1,126.15,125.97,3.12M,0.02%
01/10/20,126.06,126.07,126.3,125.93,10.68M,-0.35%
30/09/20,126.5,126.9,126.9,126.49,6.23M,-0.30%
29/09/20,126.88,126.77,126.95,126.71,1.14M,0.17%
28/09/20,126.67,126.55,126.69,126.48,2.22M,0.21%
27/09/20,126.41,126.41,126.41,126.41,,0.00%
26/09/20,126.41,126.41,126.41,126.41,,0.00%
25/09/20,126.41,126.2,126.41,126.14,2.76M,0.13%
24/09/20,126.24,126.14,126.26,126.09,3.39M,0.07%
23/09/20,126.15,126.31,126.38,126.08,2.52M,-0.10%
22/09/20,126.28,126.26,126.39,126.13,2.66M,0.03%
21/09/20,126.24,126.48,126.57,126.21,4.15M,-0.18%
18/09/20,126.47,126.67,126.67,126.46,1.31M,-0.09%
17/09/20,126.58,126.54,126.62,126.35,1.95M,0.06%
16/09/20,126.51,126.67,126.82,126.47,2.27M,0.00%
15/09/20,126.51,126.42,126.59,126.4,1.80M,0.07%
14/09/20,126.42,126.49,126.61,126.33,1.45M,-0.06%
13/09/20,126.5,126.5,126.5,126.5,,0.00%
11/09/20,126.5,126.6,126.67,126.43,1.63M,-0.06%
10/09/20,126.57,126.46,126.58,126.31,1.85M,0.09%
09/09/20,126.46,126.65,126.81,126.32,2.01M,0.06%
08/09/20,126.39,126.33,126.55,126.33,1.82M,0.10%
04/09/20,126.27,126.74,126.74,126.11,2.05M,-0.31%
03/09/20,126.66,126.98,127.01,126.56,2.67M,-0.35%
02/09/20,127.1,127.23,127.28,126.95,3.26M,0.04%
01/09/20,127.05,127.04,127.21,126.83,3.56M,0.06%
31/08/20,126.98,126.65,127.15,126.58,3.31M,0.45%
30/08/20,126.41,126.41,126.41,126.41,,0.00%
28/08/20,126.41,126.41,126.61,126.22,2.55M,0.32%
27/08/20,126.01,126.43,126.46,125.92,1.80M,-0.40%
26/08/20,126.51,126.32,126.54,126.17,1.32M,0.20%
25/08/20,126.26,126.14,126.35,125.9,2.19M,-0.03%
24/08/20,126.3,126.39,126.48,126.26,2.01M,0.20%
23/08/20,126.05,126.05,126.05,126.05,,0.00%
21/08/20,126.05,125.81,126.05,125.7,2.03M,0.34%
20/08/20,125.62,125.86,126.15,125.33,1.65M,-0.10%
19/08/20,125.74,126.38,126.51,125.69,2.01M,-0.30%
18/08/20,126.12,125.81,126.13,125.74,1.39M,0.45%
17/08/20,125.56,125.48,125.64,125.4,1.59M,0.22%
14/08/20,125.29,125.48,125.52,125.29,2.06M,-0.17%
13/08/20,125.5,125.9,126.05,125.46,1.88M,-0.25%
12/08/20,125.82,125.84,125.95,125.63,2.30M,0.06%
11/08/20,125.74,125.79,125.83,125.57,2.61M,-0.22%
10/08/20,126.02,126.39,126.41,125.98,1.69M,-0.12%
09/08/20,126.17,126.17,126.17,126.17,,0.00%
08/08/20,126.17,126.17,126.17,126.17,,0.00%
07/08/20,126.17,126.59,126.6,126.1,2.21M,-0.27%
06/08/20,126.51,126.65,126.88,126.44,1.90M,0.11%
05/08/20,126.37,126.27,126.46,126.26,1.78M,0.05%
04/08/20,126.31,126.26,126.37,126.14,1.54M,0.22%
03/08/20,126.03,125.85,126.03,125.76,3.76M,0.14%
02/08/20,125.86,125.86,125.86,125.86,,0.00%
31/07/20,125.86,125.54,125.92,125.36,2.70M,0.29%
30/07/20,125.49,125.47,125.51,125.34,1.50M,0.10%
29/07/20,125.36,125.11,125.36,125.08,1.08M,0.23%
28/07/20,125.07,124.88,125.08,124.86,853.15K,0.18%
27/07/20,124.84,125,125.05,124.78,1.89M,0.00%
26/07/20,124.84,124.84,124.84,124.84,,0.00%
25/07/20,124.84,124.84,124.84,124.84,,0.00%
24/07/20,124.84,124.86,124.98,124.81,1.17M,-0.02%
23/07/20,124.87,125,125.07,124.73,2.47M,0.05%
22/07/20,124.81,125.13,125.13,124.81,1.60M,0.00%
21/07/20,124.81,124.75,124.87,124.65,1.07M,0.22%
20/07/20,124.53,124.65,124.75,124.45,1.54M,0.14%
17/07/20,124.36,124.27,124.36,124.17,1.06M,0.19%
16/07/20,124.13,124.09,124.18,123.99,950.86K,0.20%
15/07/20,123.88,123.85,124.07,123.82,1.10M,-0.06%
14/07/20,123.95,124.09,124.24,123.92,1.04M,0.02%
13/07/20,123.93,123.5,123.93,123.4,1.04M,0.22%
12/07/20,123.66,123.66,123.66,123.66,,0.00%
11/07/20,123.66,123.66,123.66,123.66,,0.00%
10/07/20,123.66,123.85,123.9,123.63,832.02K,-0.11%
09/07/20,123.79,123.55,123.92,123.5,1.17M,0.26%
08/07/20,123.47,123.55,123.69,123.47,1.22M,-0.18%
07/07/20,123.69,123.71,123.8,123.44,1.15M,0.02%
06/07/20,123.66,123.34,123.7,123.19,1.30M,0.19%
05/07/20,123.42,123.42,123.42,123.42,,0.00%
04/07/20,123.42,123.42,123.42,123.42,,0.00%
02/07/20,123.42,123.13,123.6,122.97,1.56M,0.28%
01/07/20,123.08,122.86,123.08,122.72,1.76M,0.07%
30/06/20,123,123.28,123.36,122.81,2.67M,-0.16%
29/06/20,123.2,123.08,123.2,123.03,959.76K,0.11%
26/06/20,123.06,122.96,123.08,122.91,1.02M,0.17%
25/06/20,122.85,122.84,122.97,122.74,1.29M,0.09%
24/06/20,122.74,122.89,123.02,122.71,1.15M,-0.14%
23/06/20,122.91,122.9,122.95,122.81,1.56M,0.06%
22/06/20,122.84,122.64,122.84,122.58,1.61M,0.25%
19/06/20,122.53,122.21,122.53,122.18,1.67M,0.20%
18/06/20,122.29,121.94,122.36,121.82,1.55M,0.45%
17/06/20,121.74,121.71,121.81,121.58,1.57M,-0.07%
16/06/20,121.82,121.71,121.98,121.51,2.48M,-0.05%
15/06/20,121.88,122.03,122.08,121.82,1.90M,0.04%
12/06/20,121.83,122.01,122.13,121.77,1.45M,-0.27%
11/06/20,122.16,122.27,122.45,122.11,1.57M,0.03%
10/06/20,122.12,121.66,122.15,121.55,1.47M,0.77%
09/06/20,121.19,121.6,121.69,121.16,1.94M,0.10%
08/06/20,121.07,120.77,121.07,120.76,1.57M,0.22%
07/06/20,120.81,120.81,120.81,120.81,,0.00%
05/06/20,120.81,120.59,120.84,120.25,1.45M,-0.01%
04/06/20,120.82,121.17,121.21,120.79,1.54M,-0.38%
03/06/20,121.28,121.46,121.47,121.08,1.74M,-0.33%
02/06/20,121.68,121.9,121.93,121.52,1.03M,-0.22%
01/06/20,121.95,121.83,121.97,121.75,1.53M,0.12%
29/05/20,121.8,121.78,121.98,121.6,2.45M,0.04%
28/05/20,121.75,121.4,121.77,121.34,967.82K,0.31%
27/05/20,121.37,121.26,121.52,121.16,1.08M,0.10%
26/05/20,121.25,121.6,121.62,121.25,1.17M,-0.37%
22/05/20,121.7,121.58,121.75,121.48,1.36M,0.06%
21/05/20,121.63,121.71,121.98,121.53,1.35M,-0.11%
20/05/20,121.76,121.38,121.83,121.38,880.51K,0.30%
19/05/20,121.4,121.44,121.57,121.36,1.36M,-0.12%
18/05/20,121.54,121.57,121.7,121.29,1.56M,-0.01%
15/05/20,121.55,121.46,121.56,121.32,1.01M,0.17%
14/05/20,121.34,121.24,121.4,121.12,1.14M,0.12%
13/05/20,121.2,121.23,121.43,121.03,1.56M,0.09%
12/05/20,121.09,121.06,121.18,120.85,1.58M,0.09%
11/05/20,120.98,121.25,121.33,120.98,1.07M,-0.35%
08/05/20,121.4,121.37,121.55,121.25,1.11M,-0.03%
07/05/20,121.44,120.91,121.54,120.81,1.55M,0.63%
06/05/20,120.68,120.97,120.99,120.61,1.84M,-0.49%
05/05/20,121.27,121.03,121.38,120.91,3.87M,0.12%
04/05/20,121.13,121.17,121.3,121.01,1.48M,0.10%
03/05/20,121.01,121.01,121.01,121.01,,0.00%
02/05/20,121.01,121.01,121.01,121.01,,0.00%
01/05/20,121.01,121.05,121.11,120.62,1.91M,-0.25%
30/04/20,121.31,122.31,122.36,121.31,2.97M,-0.74%
29/04/20,122.22,122.31,122.46,122.09,1.66M,-0.12%
28/04/20,122.37,122.16,122.45,122.12,1.36M,0.34%
27/04/20,121.95,122.13,122.32,121.9,2.09M,-0.20%
24/04/20,122.19,121.63,122.23,121.54,1.12M,0.57%
23/04/20,121.5,121.78,121.9,121.35,2.61M,-0.06%
22/04/20,121.57,121.12,121.57,120.84,1.83M,0.60%
21/04/20,120.84,120.71,121.07,120.6,1.28M,0.51%
20/04/20,120.23,120.04,120.69,119.95,2.01M,-0.31%
17/04/20,120.6,121.29,121.44,120.34,2.18M,-0.48%
16/04/20,121.18,122.22,122.38,120.93,1.91M,-0.87%
15/04/20,122.24,122.62,122.65,122.11,1.53M,0.11%
14/04/20,122.11,121.92,122.27,121.87,2.98M,0.30%
13/04/20,121.75,121.67,121.91,121.57,1.46M,0.18%
09/04/20,121.53,121.04,121.85,120.86,3.01M,0.99%
08/04/20,120.34,121.04,121.31,120.25,11.11M,-0.68%
07/04/20,121.17,121.25,121.52,120.67,1.66M,-0.07%
06/04/20,121.25,121.47,121.53,121.03,2.11M,-0.07%
03/04/20,121.33,121.43,121.59,120.81,2.99M,0.88%
02/04/20,120.27,119.66,120.58,119.25,2.81M,1.53%
01/04/20,118.46,118.76,119.13,118.32,8.06M,0.46%
31/03/20,117.92,118.93,119,117.75,3.06M,-0.35%
30/03/20,118.34,120.15,120.38,118.29,3.48M,-1.59%
28/03/20,120.25,120.25,120.25,120.25,,0.00%
27/03/20,120.25,120,120.37,118.53,2.62M,0.33%
26/03/20,119.86,120.28,121.72,119.48,4.07M,0.51%
25/03/20,119.25,118.71,119.9,118.52,2.92M,0.97%
24/03/20,118.11,117.35,119.14,117,3.53M,0.06%
23/03/20,118.04,115.42,118.06,115.01,4.26M,1.88%
21/03/20,115.86,115.86,115.86,115.86,,0.00%
20/03/20,115.86,112.13,116.1,111.17,3.33M,4.45%
19/03/20,110.92,109.64,111.1,109.64,3.02M,1.94%
18/03/20,108.81,110.21,111.35,108.37,4.94M,-1.23%
17/03/20,110.16,113.18,114.39,110.16,4.50M,-2.80%
16/03/20,113.33,113.72,114.19,112.51,5.89M,-0.69%
14/03/20,114.12,114.12,114.12,114.12,,0.00%
13/03/20,114.12,114.8,115.95,113.7,5.23M,0.40%
12/03/20,113.67,113.38,118.42,107.37,12.65M,-0.24%
11/03/20,113.94,117.1,117.78,113.49,8.81M,-2.26%
10/03/20,116.58,120.18,120.5,116.29,9.54M,-2.87%
09/03/20,120.02,122.89,123.12,120,5.76M,-2.06%
06/03/20,122.54,122.92,123.16,121.98,3.89M,0.67%
05/03/20,121.73,121.93,122.08,121.65,3.80M,0.31%
04/03/20,121.35,121.74,121.97,121.23,4.02M,-0.15%
03/03/20,121.53,120.31,122.17,120.24,7.53M,1.01%
02/03/20,120.31,120.26,120.64,120.08,12.08M,0.23%
28/02/20,120.03,120.18,120.49,119.92,5.02M,0.16%
27/02/20,119.84,119.81,119.97,119.64,3.63M,0.29%
26/02/20,119.49,119.33,119.78,119.24,2.46M,-0.05%
25/02/20,119.55,119.63,119.93,119.52,1.46M,-0.17%
24/02/20,119.75,119.76,119.83,119.66,1.49M,0.46%
21/02/20,119.2,119.08,119.33,119.08,930.25K,0.18%
20/02/20,118.98,118.82,118.98,118.79,809.58K,0.19%
19/02/20,118.75,118.76,118.8,118.66,787.09K,-0.04%
18/02/20,118.8,118.69,118.86,118.64,1.08M,0.22%
17/02/20,118.54,118.54,118.54,118.54,,0.00%
14/02/20,118.54,118.53,118.64,118.51,817.54K,0.08%
13/02/20,118.45,118.42,118.5,118.36,1.31M,0.21%
12/02/20,118.2,118.1,118.26,118.06,1.24M,-0.10%
11/02/20,118.32,118.48,118.48,118.28,600.21K,-0.29%
10/02/20,118.67,118.58,118.74,118.52,627.07K,0.15%
07/02/20,118.49,118.29,118.5,118.25,1.07M,0.41%
06/02/20,118.01,117.8,118.05,117.8,1.22M,0.19%
05/02/20,117.79,117.86,117.98,117.78,1.44M,-0.30%
04/02/20,118.14,118.33,118.33,118.01,1.64M,-0.43%
03/02/20,118.65,118.56,118.68,118.37,3.06M,-0.34%
31/01/20,119.06,118.72,119.1,118.7,2.34M,0.43%
30/01/20,118.55,118.48,118.85,118.36,1.20M,0.11%
29/01/20,118.42,118.13,118.51,118.12,1.10M,0.36%
28/01/20,117.99,118.19,118.2,117.98,743.09K,-0.15%
27/01/20,118.17,118.14,118.24,118.09,1.11M,0.23%
24/01/20,117.9,117.74,117.97,117.74,963.27K,0.22%
23/01/20,117.64,117.62,117.75,117.6,2.23M,0.20%
22/01/20,117.4,117.55,117.59,117.39,1.15M,-0.07%
21/01/20,117.48,117.31,117.53,117.3,1.11M,0.32%
17/01/20,117.1,117.13,117.19,117.02,920.53K,-0.16%
16/01/20,117.29,117.43,117.45,117.28,1.21M,-0.16%
15/01/20,117.48,117.6,117.6,117.47,1.60M,0.08%
14/01/20,117.39,117.28,117.43,117.25,3.29M,0.14%
13/01/20,117.23,117.17,117.27,117.05,1.42M,-0.02%
10/01/20,117.25,117.05,117.27,117.02,1.61M,0.30%
09/01/20,116.9,116.66,116.92,116.59,1.81M,-0.01%
08/01/20,116.91,117.05,117.18,116.76,2.12M,-0.09%
07/01/20,117.02,117.23,117.26,117.02,810.50K,-0.31%
06/01/20,117.38,117.84,117.84,117.33,917.50K,-0.25%
03/01/20,117.68,117.56,117.83,117.5,1.26M,0.46%
02/01/20,117.14,116.93,117.19,116.93,2.15M,0.49%
31/12/19,116.57,116.48,116.75,116.44,1.28M,-0.10%
30/12/19,116.69,116.47,116.69,116.4,932.63K,0.03%
27/12/19,116.65,116.6,116.7,116.6,657.91K,0.03%
26/12/19,116.61,116.54,116.63,116.45,385.80K,0.07%
24/12/19,116.53,116.27,116.59,116.25,340.80K,0.12%
23/12/19,116.39,116.58,116.59,116.3,1.07M,-0.17%
20/12/19,116.59,116.65,116.73,116.56,1.22M,-0.05%
19/12/19,116.65,116.34,116.79,116.28,1.41M,0.07%
18/12/19,116.57,116.65,116.72,116.52,1.28M,-0.11%
17/12/19,116.7,116.54,116.7,116.51,1.61M,0.14%
16/12/19,116.54,116.65,116.73,116.48,852.84K,-0.23%
13/12/19,116.81,116.45,116.83,116.24,1.09M,0.40%
12/12/19,116.34,116.78,116.87,116.12,1.44M,-0.49%
11/12/19,116.91,116.73,116.95,116.65,860.67K,0.35%
10/12/19,116.5,116.57,116.6,116.36,432.70K,-0.03%
09/12/19,116.53,116.67,116.72,116.47,724.30K,0.03%
06/12/19,116.5,116.35,116.55,116.29,524.21K,-0.07%
05/12/19,116.58,116.5,116.63,116.45,679.77K,-0.15%
04/12/19,116.75,116.7,116.84,116.6,773.54K,-0.07%
03/12/19,116.83,116.42,116.97,116.42,1.37M,0.62%
02/12/19,116.11,115.86,116.12,115.77,2.28M,-0.23%
29/11/19,116.38,116.62,116.64,116.25,1.01M,-0.23%
27/11/19,116.65,116.71,116.77,116.62,510.83K,-0.20%
26/11/19,116.88,116.78,116.89,116.78,620.32K,0.21%
25/11/19,116.63,116.57,116.69,116.54,818.04K,0.11%
22/11/19,116.5,116.48,116.59,116.39,2.32M,0.03%
21/11/19,116.46,116.41,116.56,116.28,803.45K,-0.22%
20/11/19,116.72,116.42,116.72,116.42,666.13K,0.39%
19/11/19,116.27,116.1,116.3,116.09,437.32K,0.18%
18/11/19,116.06,115.88,116.1,115.87,658.55K,0.20%
15/11/19,115.83,115.77,116,115.74,813.34K,-0.12%
14/11/19,115.97,115.94,116.1,115.89,1.25M,0.23%
13/11/19,115.7,115.79,115.81,115.63,614.56K,0.09%
12/11/19,115.6,115.62,115.72,115.52,1.61M,-0.02%
11/11/19,115.62,115.7,115.72,115.54,530.18K,0.05%
08/11/19,115.56,115.41,115.65,115.39,742.24K,-0.06%
07/11/19,115.63,115.99,116,115.41,1.25M,-0.56%
06/11/19,116.28,116.03,116.28,116.03,1.01M,0.32%
05/11/19,115.91,115.91,116,115.74,966.97K,-0.19%
04/11/19,116.13,116.04,116.19,115.99,1.71M,-0.07%
01/11/19,116.21,116.09,116.34,115.98,8.00M,0.13%
31/10/19,116.06,115.95,116.35,115.95,1.40M,0.31%
30/10/19,115.7,115.45,115.71,115.4,738.46K,0.37%
29/10/19,115.27,115.56,115.61,115.27,776.50K,-0.25%
28/10/19,115.56,115.74,115.79,115.54,1.01M,-0.48%
25/10/19,116.12,116.13,116.2,115.95,807.77K,0.02%
24/10/19,116.1,116.1,116.31,116.02,928.07K,0.06%
23/10/19,116.03,116.09,116.21,115.98,946.74K,0.07%
22/10/19,115.95,115.86,115.95,115.69,1.08M,0.30%
21/10/19,115.6,115.68,115.88,115.59,1.15M,-0.32%
18/10/19,115.97,115.9,116.06,115.83,525.04K,0.16%
17/10/19,115.79,115.54,115.91,115.49,1.12M,0.14%
16/10/19,115.63,115.46,115.8,115.38,981.20K,0.16%
15/10/19,115.45,115.81,115.88,115.41,1.49M,-0.34%
14/10/19,115.84,115.96,115.96,115.7,772.61K,0.16%
11/10/19,115.65,115.69,115.95,115.53,2.69M,-0.31%
10/10/19,116.01,116.27,116.27,115.84,776.91K,-0.32%
09/10/19,116.38,116.5,116.54,116.19,1.51M,-0.21%
08/10/19,116.62,116.91,116.95,116.5,839.06K,-0.09%
07/10/19,116.73,116.92,117.08,116.73,635.05K,-0.27%
04/10/19,117.05,116.79,117.16,116.76,792.90K,0.31%
03/10/19,116.69,116.43,116.97,116.43,1.72M,0.32%
02/10/19,116.32,116.27,116.51,116.18,2.12M,0.00%
01/10/19,116.32,115.64,116.34,115.58,3.97M,0.03%
30/09/19,116.29,116.02,116.36,115.81,2.13M,0.09%
27/09/19,116.19,116.31,116.43,116.15,675.59K,-0.15%
26/09/19,116.37,116.41,116.56,116.31,931.51K,0.06%
25/09/19,116.3,116.75,116.77,116.18,736.56K,-0.52%
24/09/19,116.91,116.72,116.99,116.7,533.56K,0.22%
23/09/19,116.65,116.54,116.89,116.49,691.65K,0.14%
20/09/19,116.49,116.05,116.5,116.05,630.03K,0.55%
19/09/19,115.85,115.94,116.04,115.81,1.74M,0.20%
18/09/19,115.62,116.3,116.39,115.54,941.76K,-0.31%
17/09/19,115.98,115.83,116.17,115.77,2.19M,0.13%
16/09/19,115.83,115.77,115.96,115.64,1.52M,0.60%
13/09/19,115.14,115.58,115.75,115.14,953.26K,-0.59%
12/09/19,115.82,116.45,116.56,115.75,1.06M,-0.08%
11/09/19,115.91,116.13,116.27,115.91,1.77M,-0.11%
10/09/19,116.04,116.72,116.84,116.04,834.00K,-0.57%
09/09/19,116.71,116.91,116.94,116.69,1.06M,-0.51%
06/09/19,117.31,117.12,117.38,117.11,1.22M,0.09%
05/09/19,117.21,117.27,117.35,116.9,1.54M,-0.45%
04/09/19,117.74,117.5,117.74,117.47,1.64M,0.25%
03/09/19,117.45,117.51,117.94,117.39,5.78M,-0.17%
30/08/19,117.65,118.01,118.05,117.64,954.95K,-0.38%
29/08/19,118.1,117.97,118.14,117.79,1.31M,0.06%
28/08/19,118.03,118.13,118.22,117.99,628.64K,0.20%
27/08/19,117.8,117.41,117.81,117.32,954.22K,0.47%
26/08/19,117.25,117.43,117.55,117.15,1.26M,-0.11%
23/08/19,117.38,116.73,117.5,116.66,756.46K,0.57%
22/08/19,116.71,116.7,116.91,116.39,961.32K,-0.09%
21/08/19,116.81,116.81,117.26,116.72,938.06K,-0.10%
20/08/19,116.93,117.06,117.13,116.9,607.00K,0.13%
19/08/19,116.78,116.72,117.01,116.72,600.04K,-0.38%
16/08/19,117.22,117.19,117.3,116.95,548.60K,-0.29%
15/08/19,117.56,117.19,117.78,117.03,772.70K,0.44%
14/08/19,117.04,117.19,117.25,116.95,619.34K,0.19%
13/08/19,116.82,117.2,117.22,116.65,1.38M,-0.16%
12/08/19,117.01,116.93,117.16,116.78,543.18K,0.40%
09/08/19,116.54,116.76,116.99,116.47,678.18K,-0.10%
08/08/19,116.66,116.2,116.69,116.05,1.25M,0.26%
07/08/19,116.36,116.87,117.08,116.24,2.16M,0.05%
06/08/19,116.3,115.82,116.3,115.77,2.89M,0.37%
05/08/19,115.87,115.63,115.92,115.56,3.09M,0.35%
02/08/19,115.47,115.42,115.5,115.11,2.10M,0.07%
01/08/19,115.39,114.79,115.51,114.72,2.55M,0.13%
31/07/19,115.24,115.1,115.56,114.97,1.33M,0.16%
30/07/19,115.06,115.06,115.12,114.94,924.23K,0.15%
29/07/19,114.89,115.09,115.1,114.89,620.57K,-0.09%
26/07/19,114.99,115.18,115.19,114.9,472.55K,-0.07%
25/07/19,115.07,115.18,115.22,115,669.49K,-0.16%
24/07/19,115.26,115.25,115.38,115.2,662.24K,0.03%
23/07/19,115.23,115.23,115.33,115.12,377.23K,-0.03%
22/07/19,115.26,115.36,115.42,115.25,939.69K,0.03%
19/07/19,115.23,115.23,115.43,115.23,1.14M,-0.16%
18/07/19,115.41,115.14,115.43,114.95,599.78K,0.21%
17/07/19,115.17,115.05,115.22,115.05,505.82K,0.21%
16/07/19,114.93,114.9,114.99,114.85,1.41M,-0.17%
15/07/19,115.12,114.84,115.17,114.84,2.16M,0.25%
12/07/19,114.83,114.56,114.91,114.56,809.13K,0.17%
11/07/19,114.63,115.08,115.09,114.62,884.70K,-0.31%
10/07/19,114.99,115,115.09,114.85,1.64M,0.17%
09/07/19,114.79,114.77,114.89,114.61,436.42K,0.10%
08/07/19,114.67,114.88,114.92,114.67,639.70K,0.02%
05/07/19,114.65,114.51,114.72,114.25,708.22K,-0.30%
03/07/19,115,114.9,115.05,114.89,560.55K,0.26%
02/07/19,114.7,114.64,114.84,114.58,3.11M,0.05%
01/07/19,114.64,114.98,115.02,114.48,1.71M,-0.74%
28/06/19,115.49,115.34,115.56,115.31,2.42M,0.03%
27/06/19,115.45,115.29,115.53,115.23,462.26K,0.19%
26/06/19,115.23,115.35,115.4,115.18,1.48M,-0.10%
25/06/19,115.34,115.54,115.65,115.31,678.92K,-0.17%
24/06/19,115.54,115.51,115.55,115.41,528.91K,0.19%
21/06/19,115.32,115.69,115.69,115.19,1.17M,-0.45%
20/06/19,115.84,115.73,115.97,115.69,873.83K,0.56%
19/06/19,115.19,114.36,115.21,114.32,1.19M,0.58%
18/06/19,114.53,114.75,114.84,114.48,860.72K,0.41%
17/06/19,114.06,114.06,114.19,113.96,1.65M,-0.19%
14/06/19,114.28,114.35,114.51,114.11,609.55K,-0.16%
13/06/19,114.46,114.55,114.62,114.44,1.63M,0.03%
12/06/19,114.42,114.39,114.57,114.36,506.48K,0.05%
11/06/19,114.36,114.41,114.51,114.34,640.86K,-0.13%
10/06/19,114.51,114.85,114.85,114.48,1.61M,-0.54%
07/06/19,115.13,115.07,115.13,114.93,770.46K,0.37%
06/06/19,114.71,114.85,115.04,114.47,759.06K,-0.06%
05/06/19,114.78,114.88,115.04,114.72,1.18M,0.06%
04/06/19,114.71,114.64,114.82,114.48,1.60M,-0.20%
03/06/19,114.94,114.73,115.14,114.65,7.09M,-0.29%
31/05/19,115.27,114.88,115.32,114.87,1.62M,0.63%
30/05/19,114.55,114.26,114.57,114.18,700.74K,0.33%
29/05/19,114.17,114.17,114.42,114.17,1.73M,0.18%
28/05/19,113.97,114,114.04,113.86,4.73M,0.05%
24/05/19,113.91,113.92,113.92,113.76,487.51K,0.17%
23/05/19,113.72,113.53,113.86,113.5,780.83K,0.21%
22/05/19,113.48,113.5,113.62,113.42,725.10K,0.04%
21/05/19,113.44,113.42,113.46,113.32,788.56K,0.05%
20/05/19,113.38,113.51,113.61,113.36,415.37K,-0.13%
17/05/19,113.53,113.75,113.76,113.52,589.55K,-0.10%
16/05/19,113.64,113.72,113.72,113.57,373.61K,-0.16%
15/05/19,113.82,113.81,113.84,113.62,505.55K,0.20%
14/05/19,113.59,113.52,113.61,113.47,667.72K,0.07%
13/05/19,113.51,113.51,113.71,113.48,952.63K,0.21%
10/05/19,113.27,113.1,113.31,113.03,881.09K,0.22%
09/05/19,113.02,113.02,113.13,112.94,781.84K,0.17%
08/05/19,112.83,113.21,113.24,112.8,2.59M,-0.26%
07/05/19,113.12,113.09,113.25,113.08,1.48M,0.05%
06/05/19,113.06,113.09,113.16,113.05,588.72K,0.15%
03/05/19,112.89,112.8,112.97,112.8,1.04M,0.28%
02/05/19,112.58,112.72,112.76,112.46,1.10M,-0.41%
01/05/19,113.04,113.27,113.56,113.03,2.29M,-0.25%
30/04/19,113.32,113.1,113.35,113.1,1.00M,0.17%
29/04/19,113.13,113.19,113.21,113.1,811.00K,-0.28%
26/04/19,113.45,113.4,113.45,113.32,769.51K,0.22%
25/04/19,113.2,113.22,113.31,113.17,7.57M,0.00%
24/04/19,113.2,113.03,113.22,113.03,577.66K,0.35%
23/04/19,112.81,112.69,112.82,112.67,967.81K,0.23%
22/04/19,112.55,112.65,112.69,112.51,7.15M,-0.10%
18/04/19,112.66,112.6,112.73,112.59,872.38K,0.28%
17/04/19,112.34,112.32,112.42,112.3,1.90M,-0.02%
16/04/19,112.36,112.48,112.54,112.33,991.22K,-0.23%
15/04/19,112.62,112.56,112.66,112.55,563.07K,0.05%
12/04/19,112.56,112.61,112.72,112.55,1.10M,-0.19%
11/04/19,112.77,112.86,112.91,112.74,757.50K,-0.23%
10/04/19,113.03,112.92,113.07,112.91,1.67M,0.36%
09/04/19,112.62,112.7,112.76,112.59,1.14M,0.10%
08/04/19,112.51,112.57,112.63,112.46,786.03K,-0.10%
05/04/19,112.62,112.44,112.62,112.43,668.48K,0.12%
04/04/19,112.49,112.44,112.55,112.41,1.86M,0.07%
03/04/19,112.41,112.5,112.64,112.41,1.17M,-0.31%
02/04/19,112.76,112.64,112.76,112.62,1.18M,0.10%
01/04/19,112.65,112.91,112.96,112.57,3.81M,-0.37%
29/03/19,113.07,112.88,113.09,112.88,998.23K,0.18%
28/03/19,112.87,112.72,112.87,112.62,893.33K,0.08%
27/03/19,112.78,112.71,112.95,112.68,1.24M,0.04%
26/03/19,112.73,112.84,113.02,112.73,991.89K,-0.18%
25/03/19,112.93,112.92,113.3,112.83,1.16M,-0.03%
22/03/19,112.96,112.88,113.05,112.76,1.20M,0.30%
21/03/19,112.62,112.63,112.72,112.55,808.85K,-0.01%
20/03/19,112.63,111.91,112.69,111.91,1.21M,0.66%
19/03/19,111.89,111.87,111.98,111.82,746.38K,-0.09%
18/03/19,111.99,111.91,112.1,111.91,975.89K,-0.01%
15/03/19,112,111.82,112.02,111.81,2.02M,0.35%
14/03/19,111.61,111.66,111.76,111.52,2.51M,-0.03%
13/03/19,111.64,111.53,111.65,111.53,607.59K,0.12%
12/03/19,111.51,111.26,111.58,111.25,632.39K,0.19%
11/03/19,111.3,111.32,111.38,111.22,620.37K,-0.02%
08/03/19,111.32,111.2,111.37,111.15,793.51K,0.09%
07/03/19,111.22,111.06,111.28,111.06,1.17M,0.28%
06/03/19,110.91,110.71,110.92,110.71,1.89M,0.12%
05/03/19,110.78,110.69,110.78,110.54,973.57K,-0.04%
04/03/19,110.82,110.79,110.93,110.73,916.70K,0.14%
01/03/19,110.66,110.82,110.95,110.61,1.33M,-0.20%
28/02/19,110.88,111.09,111.09,110.78,1.16M,-0.16%
27/02/19,111.06,111.21,111.23,110.94,825.62K,-0.23%
26/02/19,111.32,111.33,111.41,111.24,561.08K,0.14%
25/02/19,111.16,111.13,111.19,111.09,556.11K,-0.07%
22/02/19,111.24,111.06,111.36,111.05,550.11K,0.26%
21/02/19,110.95,110.89,110.99,110.82,959.72K,-0.17%
20/02/19,111.14,111.06,111.2,111.03,819.79K,0.04%
19/02/19,111.1,110.95,111.11,110.9,602.37K,0.23%
15/02/19,110.84,110.76,110.89,110.76,664.24K,0.00%
14/02/19,110.84,110.84,110.88,110.71,1.78M,0.28%
13/02/19,110.53,110.51,110.59,110.47,642.22K,-0.02%
12/02/19,110.55,110.62,110.62,110.43,658.68K,0.02%
11/02/19,110.53,110.59,110.62,110.44,653.20K,-0.21%
08/02/19,110.76,110.83,110.83,110.72,832.70K,0.05%
07/02/19,110.71,110.66,110.75,110.54,916.70K,0.15%
06/02/19,110.54,110.74,110.79,110.52,3.78M,-0.06%
05/02/19,110.61,110.54,110.64,110.48,1.02M,0.14%
04/02/19,110.46,110.52,110.54,110.37,972.95K,-0.20%
01/02/19,110.68,110.99,111.05,110.68,1.47M,-0.35%
31/01/19,111.07,110.69,111.11,110.69,1.43M,0.56%
30/01/19,110.45,109.88,110.52,109.86,947.08K,0.55%
29/01/19,109.85,109.59,109.85,109.57,632.21K,0.29%
28/01/19,109.53,109.56,109.6,109.5,1.32M,-0.14%
25/01/19,109.68,109.7,109.76,109.6,576.62K,-0.15%
24/01/19,109.85,109.89,109.95,109.81,851.04K,0.15%
23/01/19,109.68,109.7,109.77,109.62,920.97K,-0.12%
22/01/19,109.81,109.9,109.93,109.74,3.26M,0.06%
18/01/19,109.74,109.71,109.85,109.58,1.70M,-0.12%
17/01/19,109.87,109.93,110.06,109.79,1.98M,-0.08%
16/01/19,109.96,109.85,109.98,109.77,1.79M,-0.01%
15/01/19,109.97,110.07,110.07,109.88,930.77K,-0.09%
14/01/19,110.07,110.24,110.32,110.03,975.72K,-0.18%
11/01/19,110.27,110.07,110.27,110.07,879.38K,0.26%
10/01/19,109.98,110.23,110.27,109.92,1.35M,-0.24%
09/01/19,110.24,110.04,110.25,110,1.08M,0.12%
08/01/19,110.11,110.11,110.18,110.05,792.60K,0.08%
07/01/19,110.02,110.15,110.21,109.94,1.24M,-0.06%
04/01/19,110.09,110.03,110.1,109.86,1.24M,-0.21%
03/01/19,110.32,109.84,110.4,109.84,1.21M,0.58%
02/01/19,109.68,109.57,109.73,109.5,1.44M,0.16%
31/12/18,109.51,109.28,109.54,109.25,1.50M,0.07%
28/12/18,109.43,109.29,109.43,109.2,2.07M,0.29%
27/12/18,109.11,109.35,109.44,109.1,1.47M,0.00%
26/12/18,109.11,109.27,109.45,109.07,1.44M,-0.20%
24/12/18,109.33,109.25,109.36,109.19,861.72K,0.15%
21/12/18,109.17,109.35,109.42,109.14,1.96M,-0.05%
20/12/18,109.22,109.52,109.56,109.17,2.97M,-0.28%
19/12/18,109.53,109.49,109.78,109.48,2.78M,0.17%
18/12/18,109.34,109.16,109.36,109.11,1.19M,0.09%
17/12/18,109.24,109.08,109.26,109.08,1.58M,0.17%
14/12/18,109.05,109.11,109.17,109.03,1.23M,0.07%
13/12/18,108.97,108.98,109.1,108.92,1.54M,0.02%
12/12/18,108.95,109.07,109.1,108.9,1.88M,-0.15%
11/12/18,109.11,109.46,109.58,109.01,1.50M,-0.40%
10/12/18,109.55,109.77,109.84,109.46,1.28M,-0.25%
07/12/18,109.82,109.69,109.83,109.61,1.22M,0.15%
06/12/18,109.66,109.69,109.9,109.56,1.50M,0.01%
04/12/18,109.65,109.47,109.92,109.46,2.02M,0.30%
03/12/18,109.32,109.13,109.32,109.07,1.25M,0.05%
30/11/18,109.27,109.29,109.36,109.19,1.27M,0.02%
29/11/18,109.25,109,109.25,108.96,940.76K,0.59%
28/11/18,108.61,108.4,108.83,108.38,1.49M,0.12%
27/11/18,108.48,108.7,108.82,108.48,1.15M,-0.27%
26/11/18,108.77,108.83,108.88,108.76,1.23M,-0.11%
23/11/18,108.89,109.06,109.09,108.88,364.73K,-0.16%
21/11/18,109.06,108.97,109.09,108.82,1.25M,-0.05%
20/11/18,109.11,109.18,109.27,109.08,1.09M,-0.15%
19/11/18,109.27,109.18,109.34,109.18,1.50M,-0.05%
16/11/18,109.32,109.1,109.38,109.07,1.22M,0.41%
15/11/18,108.87,108.88,108.96,108.71,2.12M,0.08%
14/11/18,108.78,108.66,108.99,108.63,926.89K,0.01%
13/11/18,108.77,108.73,108.81,108.65,871.91K,-0.08%
12/11/18,108.86,108.84,108.96,108.79,1.11M,0.21%
09/11/18,108.63,108.44,108.67,108.44,1.23M,0.24%
08/11/18,108.37,108.59,108.62,107.53,1.23M,-0.14%
07/11/18,108.52,108.69,108.78,108.46,1.10M,0.07%
06/11/18,108.44,108.58,108.61,108.42,827.53K,-0.04%
05/11/18,108.48,108.46,108.59,108.45,1.23M,0.18%
02/11/18,108.28,108.41,108.49,108.22,1.20M,-0.30%
01/11/18,108.61,108.61,108.83,108.57,2.58M,-0.21%
31/10/18,108.84,108.91,109.05,108.82,1.72M,-0.23%
30/10/18,109.09,109.22,109.27,109.07,1.28M,-0.27%
29/10/18,109.38,109.41,109.5,109.22,1.37M,-0.10%
26/10/18,109.49,109.17,109.53,109.17,2.20M,0.50%
25/10/18,108.94,109.25,109.27,108.91,985.33K,-0.42%
24/10/18,109.4,109.26,109.4,109.18,1.12M,0.33%
23/10/18,109.04,109.31,109.42,109.01,1.23M,0.03%
22/10/18,109.01,109.11,109.16,109.01,832.78K,-0.06%
19/10/18,109.07,109.13,109.18,109,1.18M,-0.09%
18/10/18,109.17,109.19,109.39,109.16,1.01M,-0.07%
17/10/18,109.25,109.46,109.5,109.25,1.40M,-0.24%
16/10/18,109.51,109.44,109.55,109.39,1.11M,0.01%
15/10/18,109.5,109.53,109.6,109.45,1.77M,0.06%
12/10/18,109.43,109.45,109.64,109.41,1.75M,-0.16%
11/10/18,109.6,109.4,109.68,109.31,3.36M,0.16%
10/10/18,109.42,109.3,109.44,109.16,2.28M,-0.10%
09/10/18,109.53,109.35,109.53,109.31,2.23M,0.28%
08/10/18,109.22,109.29,109.33,109.22,870.05K,-0.05%
05/10/18,109.27,109.37,109.52,109.19,2.70M,-0.27%
04/10/18,109.57,109.7,109.78,109.49,2.10M,-0.25%
03/10/18,109.84,110.25,110.28,109.73,2.78M,-0.48%
02/10/18,110.37,110.3,110.48,110.29,3.80M,0.16%
01/10/18,110.19,110.41,110.43,110.18,5.18M,-0.39%
28/09/18,110.62,110.71,110.75,110.54,2.20M,-0.05%
27/09/18,110.67,110.59,110.68,110.54,1.06M,0.04%
26/09/18,110.63,110.47,110.69,110.41,1.13M,0.17%
25/09/18,110.44,110.39,110.46,110.35,872.97K,-0.04%
24/09/18,110.48,110.52,110.65,110.47,1.39M,-0.10%
21/09/18,110.59,110.51,110.66,110.51,788.61K,0.01%
20/09/18,110.58,110.45,110.7,110.42,1.03M,0.14%
19/09/18,110.43,110.52,110.52,110.27,986.27K,-0.11%
18/09/18,110.55,110.71,110.73,110.5,891.45K,-0.21%
17/09/18,110.78,110.71,110.84,110.69,1.47M,0.02%
14/09/18,110.76,110.78,110.91,110.72,1.33M,-0.18%
13/09/18,110.96,111.12,111.12,110.96,1.56M,-0.14%
12/09/18,111.12,111.19,111.23,111.11,1.25M,0.09%
11/09/18,111.02,111.08,111.13,110.97,2.55M,-0.21%
10/09/18,111.25,111.24,111.3,111.19,1.83M,0.03%
07/09/18,111.22,111.26,111.27,111.1,1.45M,-0.29%
06/09/18,111.54,111.47,111.58,111.42,1.58M,0.09%
05/09/18,111.44,111.44,111.51,111.37,2.17M,-0.10%
04/09/18,111.55,111.58,111.65,111.47,6.26M,-0.48%
31/08/18,112.09,112.37,112.37,112.06,1.98M,-0.12%
30/08/18,112.22,112.23,112.31,112.16,1.45M,0.09%
29/08/18,112.12,112.12,112.17,112.02,945.94K,0.00%
28/08/18,112.12,112.15,112.2,112.05,740.10K,-0.20%
27/08/18,112.34,112.39,112.44,112.31,906.03K,-0.15%
24/08/18,112.51,112.25,112.51,112.2,855.79K,0.10%
23/08/18,112.4,112.38,112.43,112.31,718.66K,0.08%
22/08/18,112.31,112.31,112.33,112.18,1.54M,0.21%
21/08/18,112.07,112.06,112.09,111.97,743.06K,-0.06%
20/08/18,112.14,112.08,112.19,112.05,611.41K,0.20%
17/08/18,111.92,111.94,112.02,111.81,639.08K,0.04%
16/08/18,111.87,111.89,111.91,111.7,861.71K,-0.06%
15/08/18,111.94,111.84,111.97,111.83,943.12K,0.20%
14/08/18,111.72,111.84,111.84,111.66,845.19K,-0.13%
13/08/18,111.86,111.84,111.9,111.78,1.61M,-0.02%
10/08/18,111.88,111.82,112.03,111.8,710.00K,0.32%
09/08/18,111.52,111.44,111.53,111.37,1.10M,0.23%
08/08/18,111.26,111.25,111.32,111.18,1.61M,0.01%
07/08/18,111.25,111.37,111.38,111.25,1.55M,-0.13%
06/08/18,111.4,111.51,111.62,111.36,772.85K,0.02%
03/08/18,111.38,111.26,111.42,111.26,757.98K,0.20%
02/08/18,111.16,111.18,111.25,111.05,2.17M,0.05%
01/08/18,111.1,111.11,111.18,111.01,2.50M,-0.66%
31/07/18,111.84,111.84,111.87,111.76,1.37M,0.15%
30/07/18,111.67,111.63,111.78,111.6,930.78K,-0.05%
27/07/18,111.73,111.82,111.84,111.66,749.24K,0.15%
26/07/18,111.56,111.8,111.86,111.55,768.54K,-0.10%
25/07/18,111.67,111.85,111.95,111.62,845.07K,0.02%
24/07/18,111.65,111.61,111.7,111.55,794.66K,0.05%
23/07/18,111.59,112.01,112.01,111.56,802.61K,-0.47%
20/07/18,112.12,112.39,112.48,112.1,671.62K,-0.24%
19/07/18,112.39,112.29,112.46,112.27,1.10M,0.14%
18/07/18,112.23,112.39,112.39,112.19,2.35M,-0.16%
17/07/18,112.41,112.58,112.59,112.39,781.63K,-0.13%
16/07/18,112.56,112.57,112.6,112.4,967.68K,-0.27%
13/07/18,112.86,112.68,112.91,112.68,1.34M,0.20%
12/07/18,112.64,112.59,112.69,112.52,1.03M,-0.08%
11/07/18,112.73,112.8,112.8,112.61,652.39K,0.11%
10/07/18,112.61,112.75,112.83,112.58,944.50K,-0.15%
09/07/18,112.78,112.79,112.83,112.73,901.92K,-0.20%
06/07/18,113.01,112.99,113.05,112.89,671.34K,0.14%
05/07/18,112.85,112.77,112.91,112.71,831.86K,0.12%
03/07/18,112.72,112.61,112.76,112.58,995.97K,0.21%
02/07/18,112.48,112.57,112.58,112.44,2.47M,-0.35%
29/06/18,112.87,112.84,113.04,112.8,744.28K,0.04%
28/06/18,112.83,113.01,113.01,112.74,1.88M,-0.13%
27/06/18,112.98,112.86,112.99,112.82,990.25K,0.33%
26/06/18,112.61,112.44,112.61,112.39,934.15K,0.14%
25/06/18,112.45,112.43,112.61,112.39,2.90M,0.04%
22/06/18,112.4,112.22,112.43,112.15,1.63M,0.14%
21/06/18,112.24,112.05,112.27,112.05,738.46K,0.18%
20/06/18,112.04,112.37,112.37,112.01,668.58K,-0.28%
19/06/18,112.35,112.37,112.46,112.29,2.23M,0.16%
18/06/18,112.17,112.17,112.2,112.08,645.84K,0.08%
15/06/18,112.08,112.23,112.26,112.07,1.10M,0.04%
14/06/18,112.04,111.96,112.05,111.85,820.28K,0.26%
13/06/18,111.75,111.84,111.97,111.48,692.56K,-0.06%
12/06/18,111.82,111.8,111.89,111.75,635.75K,-0.08%
11/06/18,111.91,111.73,111.91,111.7,791.60K,0.00%
08/06/18,111.91,112.03,112.09,111.87,1.77M,-0.17%
07/06/18,112.1,111.8,112.25,111.75,3.08M,0.30%
06/06/18,111.76,111.87,111.87,111.64,768.97K,-0.21%
05/06/18,112,111.89,112.06,111.84,1.21M,0.22%
04/06/18,111.75,111.85,111.96,111.74,1.71M,-0.21%
01/06/18,111.98,111.92,112.11,111.83,1.56M,-0.44%
31/05/18,112.48,112.44,112.74,112.34,2.37M,0.06%
30/05/18,112.41,112.45,112.56,112.26,2.22M,-0.19%
29/05/18,112.62,112.24,112.85,112.14,1.57M,0.59%
25/05/18,111.96,111.86,111.98,111.82,547.18K,0.14%
24/05/18,111.8,111.8,111.92,111.74,932.96K,0.12%
23/05/18,111.67,111.59,111.72,111.52,1.33M,0.29%
22/05/18,111.35,111.44,111.48,111.34,1.30M,-0.04%
21/05/18,111.4,111.31,111.44,111.25,674.13K,0.04%
18/05/18,111.36,111.13,111.37,111.12,697.38K,0.27%
17/05/18,111.06,111.3,111.36,111.04,719.14K,-0.19%
16/05/18,111.27,111.46,111.5,111.27,874.95K,-0.14%
15/05/18,111.43,111.54,111.58,111.27,1.06M,-0.32%
14/05/18,111.79,111.94,111.94,111.78,1.33M,-0.25%
11/05/18,112.07,112.16,112.16,111.97,580.10K,0.00%
10/05/18,112.07,112.01,112.09,111.91,659.10K,0.20%
09/05/18,111.85,111.78,111.97,111.78,721.54K,-0.06%
08/05/18,111.92,111.95,112.02,111.77,1.43M,-0.18%
07/05/18,112.12,112.13,112.19,112.06,522.83K,0.02%
04/05/18,112.1,112.21,112.22,111.95,672.04K,0.03%
03/05/18,112.07,112.06,112.17,112,811.72K,0.13%
02/05/18,111.93,111.91,112.03,111.81,2.01M,0.13%
01/05/18,111.79,111.98,112.03,111.76,868.62K,-0.73%
30/04/18,112.61,112.55,112.79,112.52,2.13M,0.08%
27/04/18,112.52,112.39,112.56,112.39,708.14K,0.32%
26/04/18,112.16,112.11,112.22,112.06,848.96K,0.26%
25/04/18,111.87,111.95,112.03,111.76,684.39K,-0.15%
24/04/18,112.04,112.25,112.31,112,1.03M,-0.28%
23/04/18,112.35,112.41,112.43,112.24,1.04M,-0.03%
20/04/18,112.38,112.61,112.62,112.38,730.34K,-0.35%
19/04/18,112.77,112.8,112.84,112.64,640.22K,-0.16%
18/04/18,112.95,113.16,113.2,112.94,881.50K,-0.20%
17/04/18,113.18,113,113.22,112.95,913.07K,0.15%
16/04/18,113.01,112.83,113.02,112.83,778.25K,-0.09%
13/04/18,113.11,112.92,113.13,112.92,567.70K,0.14%
12/04/18,112.95,113.02,113.09,112.86,791.63K,-0.16%
11/04/18,113.13,113.04,113.16,112.95,771.99K,0.29%
10/04/18,112.8,112.84,112.87,112.7,874.80K,-0.04%
09/04/18,112.85,112.75,112.85,112.65,1.46M,-0.02%
06/04/18,112.87,112.68,112.87,112.56,1.17M,0.40%
05/04/18,112.42,112.53,112.61,112.38,1.07M,-0.28%
04/04/18,112.74,112.95,112.95,112.67,896.84K,-0.05%
03/04/18,112.8,112.76,112.85,112.64,2.94M,-0.06%
02/04/18,112.87,112.8,113.03,112.63,1.60M,-0.16%
29/03/18,113.05,112.87,113.17,112.86,1.15M,0.21%
28/03/18,112.81,112.94,112.97,112.64,1.48M,0.00%
27/03/18,112.81,112.49,112.89,112.49,1.12M,0.38%
26/03/18,112.38,112.47,112.65,112.36,1.43M,-0.18%
23/03/18,112.58,112.43,112.66,112.41,1.08M,0.05%
22/03/18,112.52,112.46,112.65,112.34,1.01M,0.29%
21/03/18,112.19,111.95,112.25,111.77,980.02K,0.21%
20/03/18,111.95,112.07,112.12,111.95,1.05M,-0.15%
19/03/18,112.12,112.06,112.36,112.06,1.97M,-0.06%
16/03/18,112.19,112.28,112.29,112.12,1.82M,-0.17%
15/03/18,112.38,112.39,112.55,112.3,3.27M,0.01%
14/03/18,112.37,112.18,112.46,112.16,1.56M,0.17%
13/03/18,112.18,112.22,112.25,112.05,1.16M,0.08%
12/03/18,112.09,112.12,112.12,111.89,3.27M,0.07%
09/03/18,112.01,112.07,112.14,111.9,853.76K,-0.15%
08/03/18,112.18,112.22,112.34,112.12,817.96K,0.10%
07/03/18,112.07,112.3,112.3,111.98,2.20M,0.00%
06/03/18,112.07,112.22,112.3,112.04,875.27K,-0.03%
05/03/18,112.1,112.38,112.4,111.94,765.67K,-0.06%
02/03/18,112.17,112.15,112.3,112.01,961.90K,-0.08%
01/03/18,112.26,111.98,112.34,111.83,3.64M,0.30%
28/02/18,111.92,111.87,111.98,111.73,841.09K,0.14%
27/02/18,111.76,112.2,112.2,111.57,2.24M,-0.25%
26/02/18,112.04,112.07,112.21,112.02,822.11K,0.13%
23/02/18,111.9,111.7,111.9,111.63,678.43K,0.37%
22/02/18,111.49,111.54,111.64,111.45,922.63K,0.09%
21/02/18,111.39,111.65,111.7,111.28,988.21K,-0.29%
20/02/18,111.71,111.63,111.73,111.53,1.05M,-0.08%
16/02/18,111.8,111.87,111.98,111.72,1.56M,0.16%
15/02/18,111.62,111.67,111.86,111.62,1.44M,0.05%
14/02/18,111.56,111.8,111.8,111.43,1.39M,-0.09%
13/02/18,111.66,111.64,111.75,111.56,1.45M,0.07%
12/02/18,111.58,111.77,111.95,111.54,1.13M,0.07%
09/02/18,111.5,111.66,111.89,111.45,2.76M,-0.31%
08/02/18,111.85,111.9,112.12,111.73,1.65M,-0.21%
07/02/18,112.08,112.46,112.51,111.97,1.86M,-0.22%
06/02/18,112.33,112.58,112.68,112.3,2.06M,-0.41%
05/02/18,112.79,112.22,112.99,112.1,4.04M,0.37%
02/02/18,112.37,112.34,112.41,112.15,3.66M,-0.12%
01/02/18,112.51,113.1,113.1,112.48,4.57M,-0.53%
31/01/18,113.11,113.04,113.11,112.88,7.25M,0.25%
30/01/18,112.83,112.94,112.97,112.75,1.64M,-0.24%
29/01/18,113.1,113.26,113.27,113.06,984.62K,-0.24%
26/01/18,113.37,113.43,113.43,113.22,1.44M,-0.06%
25/01/18,113.44,113.28,113.52,113.08,1.04M,0.19%
24/01/18,113.23,113.17,113.28,113.07,1.05M,-0.07%
23/01/18,113.31,113.31,113.44,113.2,1.30M,0.15%
22/01/18,113.14,113.32,113.35,113.11,876.47K,-0.05%
19/01/18,113.2,113.26,113.35,113.14,1.45M,-0.17%
18/01/18,113.39,113.29,113.48,113.19,2.10M,-0.09%
17/01/18,113.49,113.52,113.68,113.36,1.24M,-0.07%
16/01/18,113.57,113.68,113.69,113.47,1.17M,0.17%
12/01/18,113.38,113.28,113.41,113.2,1.43M,0.10%
11/01/18,113.27,113.3,113.44,113.14,1.44M,-0.11%
10/01/18,113.39,113.13,113.44,113.06,2.01M,-0.04%
09/01/18,113.43,113.68,113.68,113.4,1.75M,-0.33%
08/01/18,113.8,114,114,113.67,1.20M,-0.11%
05/01/18,113.92,113.93,113.98,113.8,1.69M,-0.02%
04/01/18,113.94,113.75,113.97,113.67,1.95M,0.03%
03/01/18,113.91,113.91,113.99,113.79,3.32M,0.10%
02/01/18,113.8,113.98,113.98,113.61,1.53M,-0.25%