"Fecha","Cierre","Apertura","Máximo","Mínimo","Vol.","% var."
"05.03.2026","104.18","104.24","104.28","104.17","1.07M","0.03%"
"04.03.2026","104.15","104.20","104.23","104.14","6.75K","-0.07%"
"03.03.2026","104.23","104.28","104.28","104.07","35.74K","-0.04%"
"02.03.2026","104.27","104.54","104.54","104.24","24.59K","-0.19%"
"27.02.2026","104.46","104.39","104.47","104.38","36.25K","0.13%"
"26.02.2026","104.33","104.29","104.37","104.27","231.08K","0.04%"
"25.02.2026","104.29","104.32","104.33","104.27","967.44K","-0.03%"
"24.02.2026","104.32","104.36","104.37","104.30","3.00M","-0.03%"
"23.02.2026","104.36","104.29","104.37","104.28","3.42M","0.06%"
"20.02.2026","104.29","104.34","104.36","104.26","2.52M","-0.03%"
"19.02.2026","104.32","104.34","104.34","104.29","1.25M","-0.03%"
"18.02.2026","104.35","104.39","104.40","104.32","1.12M","-0.04%"
"17.02.2026","104.39","104.44","104.49","104.38","1.29M","-0.05%"
"16.02.2026","104.44","104.44","104.46","104.40","191.31K","-0.01%"
"13.02.2026","104.45","104.36","104.47","104.32","1.59M","0.10%"
"12.02.2026","104.34","104.26","104.36","104.25","944.19K","0.07%"
"11.02.2026","104.26","104.37","104.39","104.19","1.39M","-0.11%"
"10.02.2026","104.38","104.31","104.39","104.30","922.44K","0.05%"
"09.02.2026","104.32","104.26","104.34","104.24","756.24K","0.03%"
"06.02.2026","104.29","104.39","104.43","104.27","1.23M","-0.03%"
"05.02.2026","104.32","104.19","104.39","104.18","1.57M","0.13%"
"04.02.2026","104.18","104.16","104.20","104.13","773.06K","0.02%"
"03.02.2026","104.16","104.16","104.18","104.12","788.50K","-0.01%"
"02.02.2026","104.17","104.23","104.29","104.15","1.16M","-0.07%"
"30.01.2026","104.25","104.19","104.25","104.15","1.36M","0.04%"
"29.01.2026","104.20","104.16","104.22","104.14","977.59K","0.05%"
"28.01.2026","104.15","104.16","104.19","104.11","805.97K","-0.02%"
"27.01.2026","104.17","104.13","104.18","104.11","704.08K","0.04%"
"26.01.2026","104.13","104.14","104.16","104.11","619.25K","0.03%"
"23.01.2026","104.11","104.10","104.13","104.07","666.02K","0.02%"
"22.01.2026","104.09","104.14","104.15","104.07","687.84K","-0.03%"
"21.01.2026","104.12","104.12","104.18","104.11","912.24K","0.00%"
"20.01.2026","104.12","104.19","104.19","104.10","1.25M","-0.02%"
"19.01.2026","104.14","104.14","104.18","104.14","218.62K","0.02%"
"16.01.2026","104.12","104.18","104.20","104.09","978.15K","-0.06%"
"15.01.2026","104.18","104.29","104.29","104.18","844.22K","-0.10%"
"14.01.2026","104.29","104.25","104.30","104.25","670.27K","0.02%"
"13.01.2026","104.26","104.25","104.33","104.21","890.37K","0.03%"
"12.01.2026","104.23","104.25","104.30","104.21","866.79K","-0.01%"
"09.01.2026","104.24","104.34","104.34","104.23","1.34M","-0.10%"
"08.01.2026","104.34","104.37","104.41","104.32","642.42K","-0.04%"
"07.01.2026","104.38","104.38","104.43","104.36","847.52K","0.01%"
"06.01.2026","104.37","104.41","104.42","104.35","715.61K","-0.04%"
"05.01.2026","104.41","104.37","104.43","104.36","598.32K","0.04%"
"02.01.2026","104.37","104.39","104.40","104.35","404.90K","-0.01%"
"01.01.2026","104.38","104.38","104.39","104.38","6.53K","-0.01%"
"31.12.2025","104.39","104.44","104.46","104.37","453.65K","-0.03%"
"30.12.2025","104.43","104.43","104.45","104.40","434.62K","0.01%"
"29.12.2025","104.42","104.38","104.43","104.36","442.06K","0.03%"
"26.12.2025","104.38","104.33","104.41","104.32","335.48K","0.04%"
"25.12.2025","104.34","104.34","104.34","104.33","2.89K","0.01%"
"24.12.2025","104.33","104.28","104.34","104.27","246.91K","0.04%"
"23.12.2025","104.29","104.34","104.37","104.23","687.61K","-0.05%"
"22.12.2025","104.35","104.39","104.39","104.34","388.62K","-0.04%"
"19.12.2025","104.39","104.44","104.44","104.37","520.65K","-0.04%"
"18.12.2025","104.44","104.39","104.55","104.39","850.61K","0.04%"
"17.12.2025","104.39","104.39","104.40","104.34","658.65K","0.00%"
"16.12.2025","104.40","104.36","104.47","104.34","1.14M","0.05%"
"15.12.2025","104.35","104.31","104.38","104.30","698.33K","0.04%"
"12.12.2025","104.30","104.28","104.32","104.26","815.26K","0.00%"
"11.12.2025","104.31","104.29","104.37","104.28","826.54K","0.06%"
"10.12.2025","104.25","104.14","104.31","104.13","1.30M","0.08%"
"09.12.2025","104.16","104.24","104.26","104.14","858.36K","-0.06%"
"08.12.2025","104.23","104.26","104.28","104.16","932.76K","-0.03%"
"05.12.2025","104.26","104.34","104.36","104.25","664.11K","-0.07%"
"04.12.2025","104.33","104.43","104.43","104.32","615.99K","-0.09%"
"03.12.2025","104.43","104.38","104.46","104.37","799.17K","0.05%"
"02.12.2025","104.37","104.35","104.39","104.32","719.37K","0.04%"
"01.12.2025","104.33","104.41","104.45","104.33","720.58K","-0.09%"
"28.11.2025","104.43","104.47","104.48","104.41","381.93K","0.15%"
"27.11.2025","104.27","104.27","104.29","104.25","8.32K","-0.19%"
"26.11.2025","104.46","104.50","104.50","104.42","841.89K","0.15%"
"25.11.2025","104.31","104.29","104.32","104.24","1.44M","0.03%"
"24.11.2025","104.27","104.25","104.29","104.23","2.59M","0.01%"
"21.11.2025","104.27","104.22","104.32","104.18","3.08M","0.08%"
"20.11.2025","104.18","104.12","104.23","104.02","2.60M","0.07%"
"19.11.2025","104.11","104.16","104.19","104.11","1.48M","-0.03%"
"18.11.2025","104.14","104.10","104.21","104.08","1.20M","0.05%"
"17.11.2025","104.09","104.09","104.13","104.07","710.25K","0.01%"
"14.11.2025","104.09","104.13","104.23","104.07","834.11K","-0.05%"
"13.11.2025","104.14","104.18","104.18","104.11","770.87K","-0.04%"
"12.11.2025","104.18","104.21","104.21","104.16","763.69K","-0.03%"
"11.11.2025","104.21","104.14","104.22","104.13","246.94K","0.07%"
"10.11.2025","104.14","104.16","104.18","104.12","685.01K","-0.06%"
"07.11.2025","104.21","104.21","104.26","104.16","857.36K","0.01%"
"06.11.2025","104.20","104.07","104.23","104.07","947.85K","0.12%"
"05.11.2025","104.07","104.18","104.23","104.06","862.12K","-0.09%"
"04.11.2025","104.17","104.13","104.20","104.12","605.11K","0.03%"
"03.11.2025","104.14","104.16","104.19","104.11","575.85K","0.02%"
"31.10.2025","104.12","104.13","104.18","104.10","941.75K","0.00%"
"30.10.2025","104.12","104.15","104.19","104.08","975.57K","-0.06%"
"29.10.2025","104.18","104.34","104.36","104.13","1.03M","-0.16%"
"28.10.2025","104.35","104.37","104.37","104.30","614.02K","0.00%"
"27.10.2025","104.35","104.34","104.36","104.31","685.98K","-0.03%"
"24.10.2025","104.38","104.38","104.48","104.34","664.51K","-0.01%"
"23.10.2025","104.39","104.47","104.48","104.36","610.47K","-0.07%"
"22.10.2025","104.47","104.45","104.48","104.43","530.88K","0.01%"
"21.10.2025","104.45","104.44","104.48","104.42","526.08K","0.01%"
"20.10.2025","104.44","104.44","104.45","104.40","477.10K","0.00%"
"17.10.2025","104.44","104.52","104.61","104.42","1.07M","-0.07%"
"16.10.2025","104.52","104.38","104.55","104.34","1.24M","0.14%"
"15.10.2025","104.37","104.41","104.44","104.35","820.37K","-0.05%"
"14.10.2025","104.42","104.38","104.44","104.34","943.09K","0.04%"
"13.10.2025","104.38","104.32","104.39","104.29","6.38K","0.04%"
"10.10.2025","104.34","104.20","104.38","104.20","886.49K","0.14%"
"09.10.2025","104.19","104.23","104.23","104.18","527.67K","-0.03%"
"08.10.2025","104.22","104.26","104.28","104.20","507.30K","-0.03%"
"07.10.2025","104.25","104.21","104.27","104.18","538.58K","0.05%"
"06.10.2025","104.20","104.23","104.25","104.20","453.05K","-0.04%"
"03.10.2025","104.25","104.32","104.32","104.23","481.68K","-0.05%"
"02.10.2025","104.30","104.33","104.34","104.25","562.34K","-0.01%"
"01.10.2025","104.31","104.18","104.33","104.16","871.81K","0.10%"
"30.09.2025","104.20","104.16","104.23","104.16","925.87K","0.05%"
"29.09.2025","104.14","104.13","104.17","104.11","542.15K","0.03%"
"26.09.2025","104.11","104.10","104.13","104.07","761.85K","0.03%"
"25.09.2025","104.09","104.20","104.22","104.07","953.56K","-0.13%"
"24.09.2025","104.22","104.29","104.29","104.20","558.56K","-0.05%"
"23.09.2025","104.27","104.25","104.29","104.23","673.02K","0.01%"
"22.09.2025","104.26","104.32","104.33","104.24","475.84K","-0.03%"
"19.09.2025","104.30","104.34","104.34","104.28","462.16K","-0.03%"
"18.09.2025","104.33","104.36","104.43","104.29","766.59K","-0.04%"
"17.09.2025","104.37","104.46","104.53","104.35","1.02M","-0.08%"
"16.09.2025","104.45","104.40","104.46","104.38","646.31K","0.04%"
"15.09.2025","104.41","104.36","104.42","104.32","558.74K","0.04%"
"12.09.2025","104.37","104.40","104.41","104.33","665.10K","-0.06%"
"11.09.2025","104.43","104.39","104.54","104.33","944.23K","0.01%"
"10.09.2025","104.42","104.38","104.46","104.36","672.95K","0.01%"
"09.09.2025","104.41","104.52","104.53","104.38","795.79K","-0.09%"
"08.09.2025","104.51","104.48","104.53","104.43","720.75K","0.03%"
"05.09.2025","104.48","104.33","104.57","104.32","1.34M","0.15%"
"04.09.2025","104.33","104.27","104.35","104.26","737.47K","0.04%"
"03.09.2025","104.28","104.23","104.31","104.18","657.05K","0.08%"
"02.09.2025","104.20","104.29","104.29","104.16","792.33K","0.22%"
"01.09.2025","103.97","103.97","103.98","103.96","2.84K","-0.29%"
"29.08.2025","104.27","104.26","104.31","104.23","21.65K","0.01%"
"28.08.2025","104.25","104.30","104.31","104.22","808.47K","-0.02%"
"27.08.2025","104.28","104.23","104.30","104.20","1.16M","0.04%"
"26.08.2025","104.24","104.14","104.24","104.13","2.37M","0.37%"
"25.08.2025","103.86","103.92","103.93","103.84","2.74M","-0.08%"
"22.08.2025","103.94","103.76","103.96","103.72","2.55M","0.18%"
"21.08.2025","103.76","103.83","103.85","103.73","1.65M","-0.08%"
"20.08.2025","103.84","103.84","103.90","103.80","1.02M","0.02%"
"19.08.2025","103.82","103.80","103.85","103.78","527.84K","0.03%"
"18.08.2025","103.79","103.82","103.86","103.78","502.86K","-0.03%"
"15.08.2025","103.82","103.88","103.91","103.82","574.36K","-0.05%"
"14.08.2025","103.87","103.99","104.03","103.85","841.58K","-0.09%"
"13.08.2025","103.96","103.89","104.00","103.86","534.48K","0.07%"
"12.08.2025","103.89","103.82","103.95","103.80","936.75K","0.05%"
"11.08.2025","103.84","103.83","103.87","103.81","429.53K","0.00%"
"08.08.2025","103.84","103.90","103.91","103.82","468.24K","-0.05%"
"07.08.2025","103.89","103.94","103.96","103.88","619.27K","-0.06%"
"06.08.2025","103.96","103.91","103.97","103.88","655.49K","0.03%"
"05.08.2025","103.93","104.01","104.04","103.91","780.50K","-0.07%"
"04.08.2025","104.00","104.00","104.06","103.91","1.06M","0.04%"
"01.08.2025","103.96","103.48","104.03","103.46","1.72M","0.45%"
"31.07.2025","103.49","103.52","103.56","103.47","1.01M","-0.03%"
"30.07.2025","103.53","103.66","103.67","103.51","1.11M","-0.12%"
"29.07.2025","103.65","103.56","103.66","103.55","686.06K","0.09%"
"28.07.2025","103.56","103.56","103.61","103.54","509.44K","-0.03%"
"25.07.2025","103.59","103.59","103.60","103.56","488.91K","0.02%"
"24.07.2025","103.57","103.66","103.66","103.56","489.38K","-0.08%"
"23.07.2025","103.66","103.75","103.75","103.64","479.69K","-0.09%"
"22.07.2025","103.76","103.70","103.77","103.68","447.99K","0.04%"
"21.07.2025","103.72","103.68","103.74","103.65","383.91K","0.05%"
"18.07.2025","103.67","103.63","103.71","103.62","457.96K","0.07%"
"17.07.2025","103.60","103.64","103.66","103.55","557.04K","-0.06%"
"16.07.2025","103.66","103.55","103.71","103.52","1.11M","0.13%"
"15.07.2025","103.52","103.64","103.67","103.52","799.11K","-0.12%"
"14.07.2025","103.64","103.66","103.68","103.62","442.32K","0.03%"
"11.07.2025","103.61","103.70","103.71","103.61","478.08K","-0.09%"
"10.07.2025","103.71","103.75","103.77","103.66","511.79K","-0.02%"
"09.07.2025","103.73","103.67","103.76","103.64","554.35K","0.08%"
"08.07.2025","103.64","103.66","103.68","103.62","670.17K","-0.01%"
"07.07.2025","103.65","103.72","103.75","103.65","521.42K","-0.07%"
"04.07.2025","103.73","103.70","103.77","103.69","98.63K","0.04%"
"03.07.2025","103.69","103.88","103.93","103.61","1.05M","-0.18%"
"02.07.2025","103.88","103.90","103.96","103.85","885.29K","-0.02%"
"01.07.2025","103.89","104.01","104.06","103.88","915.57K","-0.11%"
"30.06.2025","104.01","103.98","104.03","103.96","925.37K","0.03%"
"27.06.2025","103.98","104.03","104.03","103.94","680.95K","-0.06%"
"26.06.2025","104.04","103.90","104.05","103.90","864.82K","0.13%"
"25.06.2025","103.91","103.88","103.93","103.83","640.46K","0.01%"
"24.06.2025","103.90","103.80","103.91","103.78","877.14K","0.03%"
"23.06.2025","103.87","103.75","103.90","103.66","663.29K","0.15%"
"20.06.2025","103.71","103.64","103.74","103.59","583.11K","0.03%"
"19.06.2025","103.68","103.68","103.69","103.62","102.95K","0.04%"
"18.06.2025","103.64","103.63","103.77","103.60","791.20K","0.01%"
"17.06.2025","103.63","103.57","103.70","103.57","746.04K","0.05%"
"16.06.2025","103.58","103.64","103.66","103.53","399.68K","-0.03%"
"13.06.2025","103.61","103.71","103.82","103.57","723.95K","-0.11%"
"12.06.2025","103.72","103.62","103.77","103.62","655.77K","0.08%"
"11.06.2025","103.64","103.48","103.65","103.39","710.55K","0.13%"
"10.06.2025","103.50","103.52","103.56","103.48","442.88K","-0.02%"
"09.06.2025","103.52","103.46","103.54","103.45","482.19K","0.08%"
"06.06.2025","103.44","103.69","103.72","103.43","989.69K","-0.24%"
"05.06.2025","103.68","103.80","103.88","103.66","822.39K","0.18%"
"04.06.2025","103.50","103.37","103.54","103.36","2.47K","0.14%"
"03.06.2025","103.35","103.43","103.44","103.33","4.11K","-0.02%"
"02.06.2025","103.37","103.45","103.45","103.37","6.51K","-0.05%"
"30.05.2025","103.43","103.37","103.47","103.35","18.35K","0.06%"
"29.05.2025","103.37","103.27","103.38","103.18","213.62K","0.08%"
"28.05.2025","103.28","103.34","103.35","103.26","935.23K","-0.08%"
"27.05.2025","103.36","103.32","103.37","103.26","2.66M","0.06%"
"26.05.2025","103.30","103.30","103.31","103.26","184.68K","-0.02%"
"23.05.2025","103.32","103.32","103.47","103.30","2.19M","0.02%"
"22.05.2025","103.30","103.27","103.35","103.26","2.37M","0.03%"
"21.05.2025","103.28","103.36","103.40","103.26","1.23M","-0.08%"
"20.05.2025","103.36","103.34","103.39","103.31","683.66K","0.02%"
"19.05.2025","103.34","103.29","103.37","103.23","762.77K","0.01%"
"16.05.2025","103.33","103.38","103.45","103.29","653.12K","-0.03%"
"15.05.2025","103.36","103.21","103.39","103.21","864.59K","0.14%"
"14.05.2025","103.21","103.31","103.34","103.20","799.30K","-0.08%"
"13.05.2025","103.29","103.30","103.41","103.27","743.01K","-0.03%"
"12.05.2025","103.32","103.46","103.49","103.29","930.47K","-0.22%"
"09.05.2025","103.55","103.56","103.64","103.52","637.39K","0.02%"
"08.05.2025","103.53","103.75","103.75","103.50","819.47K","-0.19%"
"07.05.2025","103.73","103.73","103.79","103.66","806.56K","-0.01%"
"06.05.2025","103.73","103.63","103.75","103.62","590.47K","0.10%"
"05.05.2025","103.63","103.67","103.73","103.60","451.04K","0.00%"
"02.05.2025","103.63","103.90","103.93","103.63","1.02M","-0.27%"
"01.05.2025","103.91","104.09","104.19","103.86","881.80K","-0.16%"
"30.04.2025","104.07","104.01","104.14","103.96","1.04M","0.07%"
"29.04.2025","104.00","103.94","104.02","103.90","661.30K","0.04%"
"28.04.2025","103.96","103.83","103.97","103.77","618.48K","0.14%"
"25.04.2025","103.81","103.75","103.83","103.70","539.32K","0.05%"
"24.04.2025","103.76","103.61","103.77","103.61","639.52K","0.12%"
"23.04.2025","103.63","103.70","103.82","103.60","1.11M","-0.14%"
"22.04.2025","103.77","103.85","103.87","103.73","703.55K","-0.11%"
"21.04.2025","103.89","103.81","103.95","103.79","647.11K","0.09%"
"17.04.2025","103.79","103.84","103.87","103.74","565.21K","-0.02%"
"16.04.2025","103.81","103.70","103.85","103.69","737.08K","0.08%"
"15.04.2025","103.73","103.70","103.77","103.63","826.59K","0.01%"
"14.04.2025","103.73","103.46","103.74","103.38","700.25K","0.23%"
"11.04.2025","103.49","103.65","103.79","103.45","1.37M","-0.20%"
"10.04.2025","103.70","103.59","103.83","103.52","1.47M","0.18%"
"09.04.2025","103.51","103.96","104.11","103.33","3.04M","-0.41%"
"08.04.2025","103.93","103.88","104.07","103.69","2.34M","-0.01%"
"07.04.2025","103.94","104.34","104.80","103.65","2.70M","-0.12%"
"04.04.2025","104.07","104.00","104.47","104.00","2.68M","0.12%"
"03.04.2025","103.95","103.75","104.03","103.75","1.63M","0.34%"
"02.04.2025","103.60","103.63","103.74","103.48","889.38K","-0.08%"
"01.04.2025","103.68","103.63","103.71","103.62","766.02K","0.09%"
"31.03.2025","103.59","103.61","103.73","103.56","987.74K","0.00%"
"28.03.2025","103.59","103.42","103.60","103.41","800.85K","0.17%"
"27.03.2025","103.41","103.38","103.45","103.33","624.45K","0.02%"
"26.03.2025","103.39","103.41","103.42","103.36","667.19K","-0.05%"
"25.03.2025","103.45","103.38","103.45","103.34","528.40K","0.06%"
"24.03.2025","103.38","103.54","103.54","103.36","608.80K","-0.17%"
"21.03.2025","103.55","103.52","103.62","103.49","589.23K","0.02%"
"20.03.2025","103.54","103.50","103.61","103.46","667.62K","0.05%"
"19.03.2025","103.49","103.36","103.51","103.27","982.79K","0.11%"
"18.03.2025","103.37","103.35","103.40","103.32","625.80K","0.03%"
"17.03.2025","103.34","103.42","103.46","103.32","826.98K","-0.07%"
"14.03.2025","103.42","103.54","103.55","103.40","656.16K","-0.13%"
"13.03.2025","103.55","103.48","103.59","103.42","814.25K","0.08%"
"12.03.2025","103.46","103.57","103.66","103.45","850.25K","-0.11%"
"11.03.2025","103.58","103.70","103.81","103.55","1.10M","-0.09%"
"10.03.2025","103.68","103.49","103.70","103.48","895.32K","0.21%"
"07.03.2025","103.46","103.54","103.68","103.42","1.26M","0.14%"
"06.03.2025","103.32","103.22","103.33","103.16","2.04K","0.06%"
"05.03.2025","103.26","103.25","103.39","103.25","0.75K","-0.04%"
"04.03.2025","103.30","103.31","103.45","103.25","4.49K","0.05%"
"03.03.2025","103.25","103.18","103.32","103.15","3.48K","0.02%"
"28.02.2025","103.23","103.12","103.25","103.09","10.58K","0.16%"
"27.02.2025","103.06","103.09","103.12","103.01","333.05K","-0.03%"
"26.02.2025","103.09","103.06","103.11","102.99","895.41K","0.03%"
"25.02.2025","103.06","102.92","103.10","102.92","3.41M","0.12%"
"24.02.2025","102.93","102.85","102.94","102.83","2.86M","0.05%"
"21.02.2025","102.89","102.74","102.90","102.73","2.23M","0.13%"
"20.02.2025","102.75","102.74","102.79","102.73","1.03M","0.01%"
"19.02.2025","102.74","102.67","102.75","102.66","863.28K","0.05%"
"18.02.2025","102.69","102.75","102.79","102.67","567.11K","-0.07%"
"14.02.2025","102.76","102.66","102.79","102.66","784.81K","0.10%"
"13.02.2025","102.66","102.58","102.68","102.56","894.69K","0.11%"
"12.02.2025","102.55","102.70","102.76","102.52","1.25M","-0.14%"
"11.02.2025","102.70","102.73","102.75","102.68","695.61K","-0.04%"
"10.02.2025","102.74","102.69","102.77","102.68","579.56K","0.02%"
"07.02.2025","102.72","102.84","102.96","102.69","1.19M","-0.14%"
"06.02.2025","102.86","102.89","102.90","102.83","729.93K","-0.04%"
"05.02.2025","102.90","102.84","102.95","102.82","758.70K","0.05%"
"04.02.2025","102.85","102.78","102.86","102.73","681.83K","0.09%"
"03.02.2025","102.76","102.81","102.87","102.72","1.26M","-0.05%"
"31.01.2025","102.81","102.87","102.91","102.81","830.73K","-0.08%"
"30.01.2025","102.89","102.86","102.91","102.84","509.16K","0.05%"
"29.01.2025","102.84","102.91","102.93","102.78","659.25K","-0.04%"
"28.01.2025","102.89","102.89","102.91","102.84","538.60K","-0.02%"
"27.01.2025","102.91","102.77","102.95","102.76","874.35K","0.15%"
"24.01.2025","102.75","102.71","102.81","102.71","675.58K","0.03%"
"23.01.2025","102.73","102.70","102.74","102.68","678.16K","0.03%"
"22.01.2025","102.70","102.73","102.77","102.68","646.71K","-0.03%"
"21.01.2025","102.73","102.71","102.84","102.69","915.50K","-0.01%"
"17.01.2025","102.73","102.81","102.84","102.71","773.21K","-0.07%"
"16.01.2025","102.80","102.75","102.83","102.65","981.60K","0.05%"
"15.01.2025","102.75","102.55","102.77","102.54","932.03K","0.18%"
"14.01.2025","102.57","102.55","102.59","102.50","738.95K","0.06%"
"13.01.2025","102.50","102.53","102.54","102.45","719.52K","-0.01%"
"10.01.2025","102.51","102.77","102.80","102.51","1.20M","-0.26%"
"09.01.2025","102.78","102.74","102.80","102.73","408.17K","0.05%"
"08.01.2025","102.73","102.71","102.78","102.68","760.04K","0.02%"
"07.01.2025","102.71","102.75","102.79","102.66","772.08K","-0.05%"
"06.01.2025","102.76","102.72","102.81","102.70","892.17K","0.02%"
"03.01.2025","102.75","102.81","102.85","102.74","507.15K","-0.06%"
"02.01.2025","102.80","102.82","102.89","102.77","606.19K","0.00%"
"31.12.2024","102.80","102.83","102.88","102.79","510.17K","-0.01%"
"30.12.2024","102.81","102.68","102.83","102.66","465.92K","0.13%"
"27.12.2024","102.68","102.66","102.72","102.64","307.16K","0.02%"
"26.12.2024","102.66","102.67","102.68","102.60","332.44K","0.00%"
"24.12.2024","102.66","102.65","102.67","102.61","200.03K","0.02%"
"23.12.2024","102.64","102.70","102.73","102.64","520.53K","-0.06%"
"20.12.2024","102.70","102.68","102.83","102.68","798.56K","0.01%"
"19.12.2024","102.69","102.61","102.76","102.61","1.09M","0.06%"
"18.12.2024","102.63","102.86","102.93","102.60","1.11M","-0.23%"
"17.12.2024","102.87","102.85","102.88","102.78","548.21K","0.00%"
"16.12.2024","102.87","102.87","102.92","102.85","446.07K","-0.02%"
"13.12.2024","102.88","102.98","103.00","102.86","387.94K","-0.11%"
"12.12.2024","103.00","103.05","103.10","102.97","671.96K","-0.06%"
"11.12.2024","103.06","103.09","103.18","103.03","676.03K","-0.02%"
"10.12.2024","103.09","103.14","103.17","103.05","640.87K","-0.05%"
"09.12.2024","103.14","103.20","103.21","103.13","435.46K","-0.05%"
"06.12.2024","103.20","103.11","103.26","103.00","790.24K","0.08%"
"05.12.2024","103.11","103.14","103.14","103.04","685.02K","-0.05%"
"04.12.2024","103.16","103.03","103.18","102.98","807.67K","0.10%"
"03.12.2024","103.05","103.03","103.11","103.01","723.27K","0.05%"
"02.12.2024","103.00","103.05","103.07","102.92","770.64K","-0.05%"
"29.11.2024","103.05","102.95","103.07","102.93","566.29K","0.07%"
"27.11.2024","102.98","102.89","103.02","102.88","943.07K","0.08%"
"26.11.2024","102.90","102.90","102.94","102.82","1.71M","0.20%"
"25.11.2024","102.69","102.58","102.70","102.54","3.21M","0.16%"
"22.11.2024","102.53","102.56","102.61","102.50","2.14M","-0.03%"
"21.11.2024","102.55","102.61","102.67","102.54","1.97M","-0.07%"
"20.11.2024","102.63","102.67","102.70","102.60","1.30M","-0.07%"
"19.11.2024","102.70","102.68","102.81","102.67","950.33K","0.02%"
"18.11.2024","102.68","102.64","102.69","102.59","679.65K","0.02%"
"15.11.2024","102.65","102.58","102.71","102.52","971.66K","-0.02%"
"14.11.2024","102.68","102.68","102.77","102.53","1.14M","-0.02%"
"13.11.2024","102.70","102.57","102.77","102.54","1.10M","0.10%"
"12.11.2024","102.60","102.70","102.72","102.55","1.25M","-0.07%"
"11.11.2024","102.67","102.74","102.76","102.65","281.59K","-0.10%"
"08.11.2024","102.77","102.86","102.91","102.74","1.11M","-0.06%"
"07.11.2024","102.83","102.74","102.88","102.71","1.19M","0.08%"
"06.11.2024","102.75","102.90","102.93","102.67","1.51M","-0.12%"
"05.11.2024","102.87","102.96","102.96","102.80","812.15K","-0.07%"
"04.11.2024","102.94","102.97","103.03","102.92","761.06K","0.04%"
"01.11.2024","102.90","102.95","103.16","102.82","1.35M","-0.07%"
"31.10.2024","102.97","102.95","103.01","102.88","1.18M","-0.03%"
"30.10.2024","103.01","103.11","103.16","102.95","1.01M","-0.07%"
"29.10.2024","103.08","103.05","103.12","102.97","1.01M","0.03%"
"28.10.2024","103.05","103.10","103.13","103.02","849.01K","-0.08%"
"25.10.2024","103.13","103.17","103.26","103.09","751.33K","-0.07%"
"24.10.2024","103.20","103.15","103.25","103.14","755.30K","0.05%"
"23.10.2024","103.14","103.23","103.25","103.14","639.33K","-0.09%"
"22.10.2024","103.24","103.26","103.30","103.20","732.42K","-0.04%"
"21.10.2024","103.28","103.44","103.45","103.27","670.21K","-0.16%"
"18.10.2024","103.45","103.41","103.46","103.38","512.09K","0.06%"
"17.10.2024","103.39","103.48","103.49","103.34","727.91K","-0.10%"
"16.10.2024","103.49","103.46","103.52","103.45","480.12K","0.03%"
"15.10.2024","103.45","103.40","103.50","103.39","619.69K","0.09%"
"14.10.2024","103.36","103.45","103.45","103.33","205.61K","-0.11%"
"11.10.2024","103.48","103.45","103.49","103.38","621.57K","0.09%"
"10.10.2024","103.38","103.34","103.47","103.14","1.41M","0.03%"
"09.10.2024","103.35","103.46","103.50","103.33","761.34K","-0.08%"
"08.10.2024","103.43","103.41","103.51","103.40","699.22K","0.04%"
"07.10.2024","103.39","103.51","103.53","103.35","1.19M","-0.14%"
"04.10.2024","103.54","103.99","104.02","103.53","1.29M","-0.43%"
"03.10.2024","103.98","104.13","104.13","103.98","728.93K","-0.15%"
"02.10.2024","104.14","104.20","104.22","104.10","629.63K","-0.04%"
"01.10.2024","104.18","104.14","104.28","104.13","908.81K","0.06%"
"30.09.2024","104.12","104.32","104.32","104.09","897.47K","-0.18%"
"27.09.2024","104.31","104.18","104.32","104.15","693.69K","0.11%"
"26.09.2024","104.20","104.32","104.38","104.17","704.77K","-0.13%"
"25.09.2024","104.33","104.42","104.42","104.31","613.67K","-0.06%"
"24.09.2024","104.40","104.32","104.43","104.26","826.48K","0.05%"
"23.09.2024","104.35","104.31","104.38","104.25","564.12K","0.00%"
"20.09.2024","104.35","104.34","104.38","104.20","699.05K","0.04%"
"19.09.2024","104.30","104.27","104.36","104.19","922.44K","0.00%"
"18.09.2024","104.30","104.32","104.44","104.21","962.52K","-0.06%"
"17.09.2024","104.36","104.45","104.47","104.31","753.69K","-0.09%"
"16.09.2024","104.45","104.40","104.49","104.39","630.38K","0.04%"
"13.09.2024","104.41","104.31","104.45","104.30","823.16K","0.11%"
"12.09.2024","104.30","104.32","104.38","104.19","876.01K","-0.02%"
"11.09.2024","104.32","104.41","104.50","104.22","1.29M","-0.07%"
"10.09.2024","104.39","104.28","104.43","104.21","762.14K","0.11%"
"09.09.2024","104.28","104.30","104.33","104.19","619.45K","-0.04%"
"06.09.2024","104.32","104.13","104.42","103.91","1.53M","0.20%"
"05.09.2024","104.11","104.11","104.20","104.03","936.78K","0.03%"
"04.09.2024","104.08","103.88","104.11","103.86","925.34K","0.23%"
"03.09.2024","103.84","103.78","103.95","103.74","841.59K","0.07%"
"30.08.2024","103.77","103.85","103.85","103.75","738.41K","-0.08%"
"29.08.2024","103.86","103.90","103.93","103.82","854.06K","-0.05%"
"28.08.2024","103.91","103.93","103.95","103.89","1.09M","-0.02%"
"27.08.2024","103.92","103.86","103.93","103.81","2.18M","0.05%"
"26.08.2024","103.88","103.90","103.97","103.86","2.46M","-0.03%"
"23.08.2024","103.90","103.74","103.92","103.70","1.13M","0.17%"
"22.08.2024","103.73","103.89","103.91","103.70","876.79K","-0.19%"
"21.08.2024","103.92","103.80","103.98","103.75","362.59K","0.15%"
"20.08.2024","103.77","103.64","103.79","103.62","124.60K","0.13%"
"19.08.2024","103.64","103.64","103.70","103.60","43.41K","0.00%"
"16.08.2024","103.64","103.58","103.72","103.56","25.99K","0.05%"
"15.08.2024","103.58","103.88","103.90","103.55","41.93K","-0.32%"
"14.08.2024","103.91","103.93","104.16","103.80","32.33K","0.00%"
"13.08.2024","103.91","103.75","103.93","103.73","19.65K","0.15%"
"12.08.2024","103.76","103.63","103.78","103.63","4.22K","0.09%"
"09.08.2024","103.66","103.71","103.77","103.65","1.78K","-0.03%"
"08.08.2024","103.70","103.89","103.96","103.63","6.57K","-0.08%"
"07.08.2024","103.79","103.86","103.89","103.71","10.40K","-0.05%"
"06.08.2024","103.83","103.94","103.98","103.78","6.27K","-0.20%"
"05.08.2024","104.04","104.10","104.46","103.93","4.02K","0.47%"
"03.08.2024","103.56","103.56","103.56","103.56","","-0.49%"
"02.08.2024","104.07","103.50","104.12","103.50","5.90K","0.55%"
"01.08.2024","103.50","103.29","103.51","103.23","0.47K","0.36%"
"31.07.2024","103.13","103.09","103.30","103.06","1.07K","0.05%"
"30.07.2024","103.08","102.99","103.09","102.98","0.35K","0.06%"
"29.07.2024","103.01","103.05","103.08","102.99","0.07K","0.40%"
"27.07.2024","102.61","102.61","102.61","102.61","","-0.39%"
"26.07.2024","103.01","102.93","103.04","102.93","0.04K","0.10%"
"25.07.2024","102.91","103.09","103.10","102.95","0.15K","-0.05%"
"24.07.2024","102.95","102.88","103.02","102.88","0.58K","0.05%"
"23.07.2024","102.90","102.89","102.89","102.88","0.00K","0.08%"
"22.07.2024","102.82","102.82","102.82","102.79","0.02K","0.35%"
"20.07.2024","102.46","102.46","102.46","102.46","","-0.38%"
"19.07.2024","102.85","102.87","102.90","102.84","0.04K","-0.11%"
"18.07.2024","102.96","103.00","103.00","102.93","0.01K","-0.07%"
"17.07.2024","103.04","103.00","103.02","102.94","0.10K","0.03%"
"16.07.2024","103.00","103.03","103.10","102.93","0.06K","0.01%"
"15.07.2024","103.00","103.01","103.04","103.00","0.02K","0.40%"
"13.07.2024","102.59","102.59","102.59","102.59","","-0.39%"
"12.07.2024","102.99","102.94","103.00","102.94","0.04K","0.14%"
"11.07.2024","102.84","102.78","102.95","102.78","0.02K","0.23%"
"10.07.2024","102.61","102.28","102.32","102.25","583.93K","-0.01%"
"09.07.2024","102.62","102.66","102.66","102.66","0.00K","-0.03%"
"08.07.2024","102.64","102.66","102.68","102.66","0.01K","-0.03%"
"05.07.2024","102.68","102.62","102.62","102.62","0.00K","0.56%"
"04.07.2024","102.11","102.13","102.14","102.10","77.11K","-0.38%"
"03.07.2024","102.50","102.05","102.20","101.99","760.99K","0.09%"
"02.07.2024","102.40","102.41","102.41","102.35","0.00K","0.06%"
"01.07.2024","102.34","102.38","102.38","102.38","0.01K","0.30%"
"29.06.2024","102.04","102.04","102.04","102.04","","-0.46%"
"28.06.2024","102.50","102.12","102.22","102.04","996.33K","-0.01%"
"27.06.2024","102.52","102.05","102.16","102.03","684.05K","0.06%"
"26.06.2024","102.45","102.16","102.16","102.04","665.91K","-0.12%"
"25.06.2024","102.57","102.56","102.56","102.56","0.00K","0.00%"
"24.06.2024","102.57","102.18","102.21","102.15","466.42K","0.38%"
"22.06.2024","102.18","102.18","102.18","102.18","","-0.40%"
"21.06.2024","102.59","102.18","102.26","102.16","538.01K","-0.01%"
"20.06.2024","102.59","102.23","102.25","102.14","637.77K","0.38%"
"19.06.2024","102.20","102.22","102.25","102.20","86.12K","-0.43%"
"18.06.2024","102.65","102.12","102.28","102.09","711.55K","0.11%"
"17.06.2024","102.54","102.25","102.26","102.12","764.83K","-0.15%"
"14.06.2024","102.69","102.27","102.36","102.21","1.21M","0.00%"
"13.06.2024","102.69","102.15","102.32","102.11","1.08M","0.13%"
"12.06.2024","102.55","101.97","102.31","101.96","1.31M","0.18%"
"11.06.2024","102.38","101.89","102.00","101.88","591.61K","0.09%"
"10.06.2024","102.28","101.88","101.91","101.85","566.18K","-0.02%"
"07.06.2024","102.30","102.20","102.25","101.88","993.95K","-0.29%"
"06.06.2024","102.61","102.20","102.21","102.14","704.27K","0.02%"
"05.06.2024","102.58","102.09","102.20","102.05","869.00K","0.09%"
"04.06.2024","102.49","102.02","102.14","101.98","855.15K","0.09%"
"03.06.2024","102.40","101.89","102.02","101.87","665.07K","0.15%"
"31.05.2024","102.25","101.79","101.91","101.73","918.17K","0.06%"
"30.05.2024","102.18","101.71","101.80","101.69","781.33K","0.10%"
"29.05.2024","102.09","101.75","101.77","101.66","0.01K","-0.07%"
"28.05.2024","102.16","101.82","101.90","101.75","2.78M","0.66%"
"27.05.2024","101.48","101.47","101.50","101.46","184.32K","0.02%"
"26.05.2024","101.47","101.48","101.48","101.46","10.12K","-0.71%"
"24.05.2024","102.19","101.48","101.52","101.44","1.64M","-0.04%"
"23.05.2024","102.23","101.61","101.63","101.45","2.42M","-0.11%"
"22.05.2024","102.35","101.69","101.69","101.59","1.08M","-0.09%"
"21.05.2024","102.44","101.66","101.71","101.64","743.87K","0.02%"
"20.05.2024","102.42","101.70","101.72","101.65","436.42K","0.71%"
"18.05.2024","101.70","101.70","101.70","101.70","","-0.73%"
"17.05.2024","102.45","101.75","101.80","101.69","458.24K","-0.07%"
"16.05.2024","102.52","101.89","101.93","101.75","872.79K","-0.12%"
"15.05.2024","102.64","101.73","101.93","101.70","1.09M","0.18%"
"14.05.2024","102.46","101.64","101.73","101.57","770.57K","0.08%"
"13.05.2024","102.38","101.64","101.71","101.63","454.27K","0.74%"
"11.05.2024","101.63","101.63","101.63","101.63","","-0.71%"
"10.05.2024","102.36","101.73","101.74","101.62","482.17K","-0.13%"
"09.05.2024","102.49","101.69","101.76","101.66","555.54K","0.08%"
"08.05.2024","102.41","101.71","101.73","101.68","500.38K","-0.03%"
"07.05.2024","102.45","101.71","101.77","101.70","639.08K","-0.01%"
"06.05.2024","102.46","101.75","101.79","101.70","540.80K","0.71%"
"04.05.2024","101.73","101.73","101.73","101.73","","-0.75%"
"03.05.2024","102.50","101.63","101.93","101.59","1.28M","0.16%"
"02.05.2024","102.33","101.47","101.63","101.45","1.00M","0.12%"
"01.05.2024","102.21","101.34","101.55","101.31","1.04M","0.21%"
"30.04.2024","101.99","101.46","101.48","101.32","940.52K","-0.15%"
"29.04.2024","102.15","101.42","101.48","101.41","551.00K","0.71%"
"27.04.2024","101.43","101.43","101.43","101.43","","-0.66%"
"26.04.2024","102.10","101.42","101.53","101.39","651.33K","0.00%"
"25.04.2024","102.10","101.56","101.63","101.38","847.80K","-0.13%"
"24.04.2024","102.23","101.59","101.59","101.51","596.47K","-0.05%"
"23.04.2024","102.29","101.52","101.63","101.46","815.46K","0.07%"
"22.04.2024","102.21","101.47","101.56","101.44","454.81K","0.71%"
"20.04.2024","101.49","101.49","101.49","101.49","","-0.71%"
"19.04.2024","102.21","101.50","101.70","101.48","750.12K","0.05%"
"18.04.2024","102.16","101.59","101.63","101.47","705.52K","-0.12%"
"17.04.2024","102.28","101.49","101.63","101.46","718.19K","0.04%"
"16.04.2024","102.24","101.62","101.63","101.45","929.43K","-0.05%"
"15.04.2024","102.29","101.69","101.71","101.46","939.12K","0.63%"
"13.04.2024","101.65","101.65","101.65","101.65","","-0.74%"
"12.04.2024","102.41","101.54","101.73","101.54","754.80K","0.14%"
"11.04.2024","102.27","101.53","101.63","101.41","1.09M","0.01%"
"10.04.2024","102.25","101.98","102.04","101.50","1.66M","-0.45%"
"09.04.2024","102.72","101.90","102.02","101.88","669.73K","0.11%"
"08.04.2024","102.61","101.96","101.97","101.89","650.92K","-0.16%"
"05.04.2024","102.77","102.17","102.20","101.97","841.27K","-0.18%"
"04.04.2024","102.96","102.14","102.21","102.08","661.11K","0.06%"
"03.04.2024","102.89","102.10","102.14","102.00","749.55K","0.02%"
"02.04.2024","102.87","102.07","102.11","102.02","696.62K","0.03%"
"01.04.2024","102.84","102.23","102.29","102.03","610.35K","-0.19%"
"28.03.2024","103.03","102.34","102.34","102.21","750.21K","0.68%"
"27.03.2024","102.34","102.30","102.38","102.28","515.66K","0.05%"
"26.03.2024","102.29","102.31","102.34","102.25","427.51K","-0.02%"
"25.03.2024","102.31","102.37","102.39","102.28","506.59K","-0.05%"
"22.03.2024","102.36","102.29","102.39","102.28","501.81K","0.06%"
"21.03.2024","102.30","102.37","102.45","102.28","769.88K","-0.06%"
"20.03.2024","102.36","102.18","102.37","102.18","931.21K","0.18%"
"19.03.2024","102.18","102.11","102.20","102.09","555.52K","0.08%"
"18.03.2024","102.10","102.12","102.16","102.07","479.69K","-0.03%"
"15.03.2024","102.13","102.21","102.23","102.11","581.75K","-0.08%"
"14.03.2024","102.21","102.33","102.36","102.20","943.90K","-0.15%"
"13.03.2024","102.36","102.43","102.45","102.33","588.18K","-0.06%"
"12.03.2024","102.42","102.55","102.60","102.38","1.02M","-0.14%"
"11.03.2024","102.56","102.68","102.68","102.54","645.06K","-0.11%"
"09.03.2024","102.68","102.68","102.68","102.68","","0.02%"
"08.03.2024","102.66","102.63","102.82","102.49","1.05M","0.05%"
"07.03.2024","102.61","102.53","102.63","102.49","640.84K","0.09%"
"06.03.2024","102.52","102.53","102.62","102.50","759.85K","-0.02%"
"05.03.2024","102.54","102.44","102.59","102.42","577.17K","0.11%"
"04.03.2024","102.43","102.59","102.59","102.42","568.15K","-0.16%"
"01.03.2024","102.59","102.42","102.62","102.35","1.21M","0.21%"
"29.02.2024","102.38","102.39","102.45","102.26","1.00M","0.00%"
"28.02.2024","102.38","102.29","102.39","102.27","693.78K","0.12%"
"27.02.2024","102.26","102.29","102.36","102.24","1.17M","0.45%"
"26.02.2024","101.80","101.87","101.93","101.79","2.66M","-0.07%"
"24.02.2024","101.88","101.88","101.88","101.88","","0.00%"
"23.02.2024","101.88","101.85","101.92","101.77","1.78M","0.03%"
"22.02.2024","101.85","101.95","101.98","101.82","1.89M","-0.11%"
"21.02.2024","101.96","102.05","102.10","101.93","1.18M","-0.08%"
"20.02.2024","102.04","101.96","102.11","101.93","868.00K","0.08%"
"19.02.2024","101.96","101.95","101.97","101.94","62.74K","0.02%"
"18.02.2024","101.94","101.97","101.98","101.93","4.71K","-0.03%"
"17.02.2024","101.97","101.97","101.97","101.97","","0.01%"
"16.02.2024","101.96","102.09","102.10","101.82","781.83K","-0.15%"
"15.02.2024","102.11","102.07","102.21","102.06","829.98K","0.04%"
"14.02.2024","102.07","101.94","102.11","101.91","796.27K","0.14%"
"13.02.2024","101.93","102.30","102.41","101.90","1.05M","-0.36%"
"12.02.2024","102.30","102.29","102.35","102.27","391.11K","0.01%"
"09.02.2024","102.29","102.37","102.42","102.27","629.96K","-0.07%"
"08.02.2024","102.36","102.41","102.45","102.34","483.12K","-0.07%"
"07.02.2024","102.43","102.47","102.54","102.41","626.69K","-0.03%"
"06.02.2024","102.46","102.34","102.51","102.33","762.03K","0.11%"
"05.02.2024","102.35","102.52","102.52","102.32","863.59K","-0.18%"
"03.02.2024","102.54","102.54","102.54","102.54","","0.00%"
"02.02.2024","102.54","102.86","102.87","102.46","1.29M","-0.33%"
"01.02.2024","102.88","102.86","103.00","102.77","944.94K","0.05%"
"31.01.2024","102.83","102.63","102.92","102.62","1.52M","0.23%"
"30.01.2024","102.59","102.66","102.72","102.53","719.26K","-0.07%"
"29.01.2024","102.66","102.62","102.70","102.60","478.30K","0.05%"
"27.01.2024","102.61","102.61","102.61","102.61","","0.03%"
"26.01.2024","102.57","102.71","102.74","102.57","544.79K","-0.11%"
"25.01.2024","102.68","102.55","102.71","102.48","754.03K","0.12%"
"24.01.2024","102.56","102.63","102.73","102.54","598.95K","-0.05%"
"23.01.2024","102.61","102.60","102.64","102.55","605.57K","-0.02%"
"22.01.2024","102.63","102.60","102.65","102.55","461.78K","0.02%"
"20.01.2024","102.61","102.61","102.61","102.61","","0.04%"
"19.01.2024","102.57","102.69","102.70","102.55","675.18K","-0.11%"
"18.01.2024","102.68","102.67","102.77","102.63","676.97K","0.00%"
"17.01.2024","102.68","102.96","102.98","102.64","971.53K","-0.26%"
"16.01.2024","102.95","103.08","103.09","102.88","1.14M","-0.07%"
"15.01.2024","103.02","103.04","103.07","102.99","127.27K","-0.02%"
"14.01.2024","103.04","103.11","103.11","103.03","9.65K","-0.07%"
"13.01.2024","103.11","103.11","103.11","103.11","","-0.01%"
"12.01.2024","103.12","102.92","103.16","102.83","858.81K","0.21%"
"11.01.2024","102.90","102.70","102.93","102.63","891.47K","0.20%"
"10.01.2024","102.69","102.69","102.77","102.67","515.11K","0.01%"
"09.01.2024","102.68","102.68","102.73","102.64","452.30K","-0.06%"
"08.01.2024","102.74","102.66","102.83","102.57","764.89K","0.07%"
"06.01.2024","102.66","102.66","102.66","102.66","","0.01%"
"05.01.2024","102.65","102.67","102.81","102.46","964.13K","-0.03%"
"04.01.2024","102.68","102.79","102.85","102.64","683.71K","-0.13%"
"03.01.2024","102.81","102.81","102.83","102.68","727.08K","0.01%"
"02.01.2024","102.80","102.93","102.97","102.75","549.88K","-0.12%"
"01.01.2024","102.92","102.95","102.96","102.92","3.59K","-0.02%"
"31.12.2023","102.94","102.94","102.94","102.94","","0.00%"
"30.12.2023","102.94","102.94","102.94","102.94","","-0.02%"
"29.12.2023","102.96","102.90","102.97","102.83","423.24K","0.07%"
"28.12.2023","102.89","102.96","102.98","102.87","319.48K","-0.09%"
"27.12.2023","102.98","102.85","103.00","102.84","336.59K","0.10%"
"26.12.2023","102.88","102.91","102.91","102.82","317.41K","-0.02%"
"25.12.2023","102.90","102.91","102.91","102.90","3.97K","-0.03%"
"24.12.2023","102.93","102.93","102.93","102.93","","0.00%"
"23.12.2023","102.93","102.93","102.93","102.93","","0.04%"
"22.12.2023","102.89","102.88","102.95","102.82","391.26K","0.01%"
"21.12.2023","102.88","102.91","102.98","102.80","481.92K","0.04%"
"20.12.2023","102.84","102.70","102.92","102.70","511.34K","0.13%"
"19.12.2023","102.71","102.69","102.77","102.66","426.87K","0.03%"
"18.12.2023","102.68","102.70","102.78","102.66","432.76K","-0.03%"
"16.12.2023","102.71","102.71","102.71","102.71","","0.03%"
"15.12.2023","102.68","102.82","102.88","102.63","904.00K","-0.14%"
"14.12.2023","102.82","102.75","103.05","102.74","1.37M","0.17%"
"13.12.2023","102.65","102.15","102.77","102.14","1.41M","0.49%"
"12.12.2023","102.15","102.20","102.36","102.12","844.09K","-0.03%"
"11.12.2023","102.18","102.16","102.20","102.07","613.10K","0.00%"
"09.12.2023","102.18","102.18","102.18","102.18","","0.01%"
"08.12.2023","102.17","102.45","102.46","102.15","836.19K","-0.30%"
"07.12.2023","102.48","102.45","102.51","102.36","793.10K","0.04%"
"06.12.2023","102.44","102.50","102.50","102.41","758.36K","-0.06%"
"05.12.2023","102.50","102.38","102.54","102.37","887.64K","0.16%"
"04.12.2023","102.34","102.57","102.57","102.32","668.78K","0.23%"
"02.12.2023","102.11","102.11","102.11","102.11","","-0.41%"
"01.12.2023","102.53","102.30","102.59","102.23","1.15M","0.29%"
"30.11.2023","102.23","102.37","102.44","102.20","1.25M","-0.15%"
"29.11.2023","102.38","102.19","102.46","102.18","1.38M","0.18%"
"28.11.2023","102.20","101.95","102.21","101.88","1.51M","0.25%"
"27.11.2023","101.95","101.82","101.98","101.77","2.75M","0.54%"
"24.11.2023","101.40","101.49","101.51","101.40","989.83K","-0.04%"
"23.11.2023","101.45","101.50","101.51","101.44","142.93K","-0.04%"
"22.11.2023","101.49","101.54","101.61","101.43","1.82M","-0.05%"
"21.11.2023","101.54","101.48","101.58","101.46","1.31M","0.06%"
"20.11.2023","101.48","101.51","101.54","101.46","764.18K","-0.05%"
"18.11.2023","101.53","101.53","101.53","101.53","","0.04%"
"17.11.2023","101.49","101.62","101.70","101.48","735.77K","-0.12%"
"16.11.2023","101.61","101.48","101.66","101.47","646.30K","0.13%"
"15.11.2023","101.48","101.63","101.66","101.43","876.43K","-0.19%"
"14.11.2023","101.67","101.25","101.68","101.19","1.05M","0.41%"
"13.11.2023","101.25","101.21","101.29","101.18","517.89K","0.03%"
"10.11.2023","101.22","101.31","101.38","101.20","625.11K","-0.08%"
"09.11.2023","101.30","101.46","101.49","101.26","783.79K","-0.16%"
"08.11.2023","101.46","101.49","101.52","101.42","593.41K","-0.04%"
"07.11.2023","101.50","101.46","101.55","101.42","837.20K","0.05%"
"06.11.2023","101.45","101.64","101.64","101.44","737.09K","-0.21%"
"03.11.2023","101.66","101.35","101.71","101.32","1.16M","0.27%"
"02.11.2023","101.39","101.45","101.51","101.34","1.10M","-0.02%"
"01.11.2023","101.41","101.18","101.48","101.18","1.08M","0.20%"
"31.10.2023","101.21","101.25","101.32","101.18","806.15K","-0.07%"
"30.10.2023","101.28","101.34","101.34","101.21","472.64K","-0.05%"
"27.10.2023","101.33","101.29","101.35","101.25","531.80K","0.04%"
"26.10.2023","101.29","101.14","101.32","101.09","648.77K","0.15%"
"25.10.2023","101.14","101.21","101.25","101.12","626.17K","-0.09%"
"24.10.2023","101.23","101.33","101.34","101.18","702.37K","-0.08%"
"23.10.2023","101.31","101.24","101.35","101.17","684.29K","0.04%"
"20.10.2023","101.27","101.12","101.31","101.11","741.98K","0.16%"
"19.10.2023","101.11","101.00","101.14","100.94","949.48K","0.09%"
"18.10.2023","101.02","101.02","101.11","100.96","810.33K","0.00%"
"17.10.2023","101.02","101.23","101.25","100.97","818.47K","-0.23%"
"16.10.2023","101.25","101.31","101.34","101.23","469.62K","-0.08%"
"13.10.2023","101.33","101.30","101.41","101.29","506.93K","0.03%"
"12.10.2023","101.30","101.45","101.48","101.27","783.60K","-0.12%"
"11.10.2023","101.42","101.49","101.53","101.39","733.23K","-0.05%"
"10.10.2023","101.47","101.55","101.57","101.40","725.02K","-0.07%"
"09.10.2023","101.54","101.38","101.58","101.35","274.32K","0.26%"
"06.10.2023","101.28","101.40","101.40","101.15","758.25K","-0.11%"
"05.10.2023","101.39","101.33","101.41","101.30","596.36K","0.05%"
"04.10.2023","101.34","101.15","101.36","101.09","811.70K","0.19%"
"03.10.2023","101.15","101.25","101.28","101.14","832.12K","-0.07%"
"02.10.2023","101.22","101.33","101.33","101.19","537.52K","-0.14%"
"29.09.2023","101.36","101.32","101.42","101.29","762.38K","0.06%"
"28.09.2023","101.30","101.19","101.34","101.13","703.97K","0.14%"
"27.09.2023","101.16","101.30","101.35","101.14","632.26K","-0.13%"
"26.09.2023","101.29","101.30","101.33","101.24","551.82K","0.00%"
"25.09.2023","101.29","101.32","101.35","101.28","416.69K","-0.01%"
"22.09.2023","101.30","101.26","101.38","101.26","476.51K","0.04%"
"21.09.2023","101.26","101.21","101.32","101.16","835.37K","-0.06%"
"20.09.2023","101.32","101.38","101.47","101.20","781.13K","-0.02%"
"19.09.2023","101.34","101.46","101.48","101.34","490.10K","-0.11%"
"18.09.2023","101.45","101.49","101.52","101.41","392.36K","-0.05%"
"15.09.2023","101.50","101.55","101.57","101.46","446.79K","-0.05%"
"14.09.2023","101.55","101.63","101.68","101.51","516.16K","-0.06%"
"13.09.2023","101.61","101.54","101.66","101.37","688.02K","0.04%"
"12.09.2023","101.57","101.60","101.62","101.53","296.92K","-0.04%"
"11.09.2023","101.61","101.59","101.64","101.57","336.53K","0.01%"
"09.09.2023","101.60","101.60","101.60","101.60","","-0.02%"
"08.09.2023","101.62","101.68","101.75","101.60","371.70K","-0.07%"
"07.09.2023","101.69","101.54","101.70","101.51","477.80K","0.15%"
"06.09.2023","101.54","101.68","101.73","101.52","567.79K","-0.12%"
"05.09.2023","101.66","101.86","101.86","101.65","516.19K","-0.14%"
"04.09.2023","101.80","101.86","101.86","101.79","56.40K","-0.06%"
"03.09.2023","101.86","101.85","101.86","101.84","3.66K","-0.02%"
"01.09.2023","101.88","101.89","102.09","101.83","682.50K","-0.02%"
"31.08.2023","101.90","101.86","101.93","101.80","611.07K","0.02%"
"30.08.2023","101.88","101.84","101.96","101.77","751.59K","0.02%"
"29.08.2023","101.86","101.63","101.89","101.56","1.25M","0.24%"
"28.08.2023","101.62","101.57","101.65","101.50","1.54M","0.43%"
"25.08.2023","101.18","101.24","101.27","101.11","2.24M","-0.07%"
"24.08.2023","101.25","101.34","101.36","101.23","1.88M","-0.13%"
"23.08.2023","101.38","101.19","101.41","101.18","915.65K","0.17%"
"22.08.2023","101.21","101.27","101.31","101.18","626.08K","-0.08%"
"21.08.2023","101.29","101.38","101.39","101.26","501.17K","-0.10%"
"18.08.2023","101.39","101.40","101.46","101.36","407.28K","0.04%"
"17.08.2023","101.35","101.33","101.41","101.27","647.63K","0.04%"
"16.08.2023","101.31","101.36","101.46","101.28","535.98K","-0.05%"
"15.08.2023","101.36","101.34","101.45","101.23","575.60K","0.02%"
"14.08.2023","101.34","101.47","101.49","101.32","459.43K","-0.14%"
"11.08.2023","101.48","101.57","101.64","101.45","434.52K","-0.13%"
"10.08.2023","101.61","101.63","101.80","101.55","681.78K","-0.04%"
"09.08.2023","101.65","101.73","101.75","101.62","422.78K","-0.07%"
"08.08.2023","101.72","101.69","101.79","101.66","525.03K","0.01%"
"07.08.2023","101.71","101.70","101.72","101.55","470.20K","0.01%"
"05.08.2023","101.70","101.70","101.70","101.70","","0.04%"
"04.08.2023","101.66","101.50","101.71","101.31","722.03K","0.17%"
"03.08.2023","101.49","101.49","101.55","101.43","694.77K","-0.01%"
"02.08.2023","101.50","101.46","101.56","101.41","619.80K","0.06%"
"01.08.2023","101.44","101.52","101.57","101.44","419.62K","-0.08%"
"31.07.2023","101.52","101.52","101.58","101.45","504.17K","0.04%"
"28.07.2023","101.48","101.42","101.62","101.40","544.67K","0.06%"
"27.07.2023","101.42","101.59","101.67","101.39","732.21K","-0.22%"
"26.07.2023","101.64","101.55","101.65","101.45","540.03K","0.11%"
"25.07.2023","101.53","101.58","101.62","101.49","487.10K","-0.10%"
"24.07.2023","101.63","101.72","101.77","101.57","466.35K","-0.08%"
"22.07.2023","101.71","101.71","101.71","101.71","","0.00%"
"21.07.2023","101.71","101.72","101.76","101.66","298.85K","-0.02%"
"20.07.2023","101.73","101.86","101.88","101.64","542.95K","-0.16%"
"19.07.2023","101.89","101.86","102.00","101.83","505.33K","0.00%"
"18.07.2023","101.89","101.91","102.08","101.86","482.01K","-0.04%"
"17.07.2023","101.93","101.85","101.98","101.85","306.12K","0.03%"
"14.07.2023","101.90","102.12","102.15","101.86","536.30K","-0.26%"
"13.07.2023","102.17","101.89","102.18","101.89","842.87K","0.26%"
"12.07.2023","101.91","101.64","101.96","101.63","757.19K","0.30%"
"11.07.2023","101.61","101.66","101.74","101.59","583.18K","-0.06%"
"10.07.2023","101.67","101.52","101.68","101.49","478.87K","0.13%"
"07.07.2023","101.54","101.47","101.72","101.37","805.20K","0.13%"
"06.07.2023","101.41","101.54","101.55","101.16","789.19K","-0.12%"
"05.07.2023","101.53","101.56","101.67","101.52","496.69K","-0.10%"
"04.07.2023","101.63","101.57","101.64","101.55","58.98K","0.06%"
"03.07.2023","101.57","101.62","101.74","101.50","347.87K","-0.10%"
"30.06.2023","101.67","101.71","101.77","101.57","611.82K","-0.02%"
"29.06.2023","101.69","102.02","102.02","101.66","537.36K","-0.30%"
"28.06.2023","102.00","101.93","102.03","101.89","485.59K","0.08%"
"27.06.2023","101.92","102.08","102.13","101.90","541.32K","-0.18%"
"26.06.2023","102.10","102.09","102.18","102.05","366.15K","0.03%"
"23.06.2023","102.07","101.98","102.19","101.95","479.32K","0.10%"
"22.06.2023","101.97","102.14","102.20","101.96","464.32K","-0.19%"
"21.06.2023","102.16","102.20","102.21","102.07","443.85K","-0.02%"
"20.06.2023","102.18","102.14","102.25","102.04","538.72K","0.13%"
"19.06.2023","102.05","102.16","102.17","102.04","60.02K","-0.10%"
"18.06.2023","102.16","102.13","102.16","102.13","3.36K","0.04%"
"16.06.2023","102.12","102.26","102.28","102.00","548.05K","-0.15%"
"15.06.2023","102.27","102.18","102.33","102.01","737.38K","0.10%"
"14.06.2023","102.17","102.26","102.39","101.98","810.72K","-0.03%"
"13.06.2023","102.20","102.45","102.62","102.19","762.67K","-0.23%"
"12.06.2023","102.44","102.41","102.51","102.34","532.07K","0.03%"
"09.06.2023","102.41","102.59","102.60","102.39","485.70K","-0.18%"
"08.06.2023","102.59","102.52","102.68","102.45","560.58K","0.04%"
"07.06.2023","102.55","102.68","102.69","102.43","809.83K","-0.05%"
"06.06.2023","102.60","102.75","102.81","102.57","528.19K","-0.11%"
"05.06.2023","102.71","102.64","102.83","102.53","619.09K","0.03%"
"02.06.2023","102.68","103.03","103.04","102.63","736.90K","-0.34%"
"01.06.2023","103.03","102.89","103.09","102.77","718.83K","0.12%"
"31.05.2023","102.91","102.79","102.97","102.77","880.76K","0.16%"
"30.05.2023","102.75","102.54","102.82","102.41","862.68K","0.83%"
"29.05.2023","101.90","101.86","101.96","101.85","61.07K","0.04%"
"28.05.2023","101.86","101.91","101.91","101.82","11.06K","-0.65%"
"26.05.2023","102.53","102.65","102.78","102.41","945.60K","0.41%"
"25.05.2023","102.11","102.33","102.37","102.04","1.59M","-0.26%"
"24.05.2023","102.38","102.52","102.56","102.29","2.07M","-0.12%"
"23.05.2023","102.50","102.54","102.55","102.35","1.62M","-0.04%"
"22.05.2023","102.54","102.65","102.72","102.49","842.34K","-0.05%"
"19.05.2023","102.59","102.68","102.78","102.49","920.04K","-0.05%"
"18.05.2023","102.64","102.86","102.90","102.62","852.65K","-0.20%"
"17.05.2023","102.85","103.02","103.06","102.82","558.91K","-0.17%"
"16.05.2023","103.02","103.15","103.24","102.94","662.14K","-0.14%"
"15.05.2023","103.16","103.19","103.23","103.10","416.50K","0.00%"
"12.05.2023","103.16","103.36","103.40","103.15","428.30K","-0.18%"
"11.05.2023","103.35","103.35","103.54","103.29","507.66K","-0.03%"
"10.05.2023","103.38","103.14","103.43","103.06","672.76K","0.22%"
"09.05.2023","103.15","103.19","103.26","103.06","546.19K","-0.02%"
"08.05.2023","103.17","103.35","103.36","103.16","393.81K","-0.17%"
"05.05.2023","103.35","103.59","103.62","103.30","511.02K","-0.37%"
"04.05.2023","103.73","103.66","103.88","103.41","870.75K","0.40%"
"03.05.2023","103.32","103.25","103.59","103.21","648.69K","0.08%"
"02.05.2023","103.24","102.93","103.34","102.91","640.39K","0.29%"
"01.05.2023","102.94","103.18","103.18","102.89","386.53K","-0.14%"
"28.04.2023","103.08","103.09","103.20","103.01","725.80K","0.05%"
"27.04.2023","103.03","103.30","103.36","103.00","604.37K","-0.32%"
"26.04.2023","103.36","103.42","103.48","103.22","667.84K","-0.07%"
"25.04.2023","103.43","103.15","103.52","103.13","700.67K","0.37%"
"24.04.2023","103.05","102.97","103.15","102.96","272.62K","0.09%"
"21.04.2023","102.96","103.03","103.14","102.93","453.37K","-0.03%"
"20.04.2023","102.99","102.84","103.04","102.82","444.68K","0.18%"
"19.04.2023","102.81","102.94","102.95","102.77","585.33K","-0.14%"
"18.04.2023","102.95","102.95","103.04","102.88","443.58K","-0.02%"
"17.04.2023","102.97","103.13","103.14","102.93","520.76K","-0.16%"
"14.04.2023","103.13","103.40","103.45","103.07","593.35K","-0.25%"
"13.04.2023","103.39","103.42","103.55","103.34","447.12K","-0.01%"
"12.04.2023","103.40","103.30","103.59","103.18","589.54K","0.15%"
"11.04.2023","103.24","103.31","103.42","103.18","422.75K","-0.09%"
"10.04.2023","103.33","103.42","103.50","103.29","335.60K","-0.06%"
"07.04.2023","103.39","103.67","103.69","103.38","186.11K","-0.30%"
"06.04.2023","103.70","103.77","104.00","103.65","512.66K","-0.12%"
"05.04.2023","103.82","103.68","104.07","103.55","608.72K","0.14%"
"04.04.2023","103.68","103.42","103.71","103.27","573.76K","0.28%"
"03.04.2023","103.39","103.21","103.41","103.07","490.89K","0.15%"
"31.03.2023","103.23","103.10","103.31","103.00","585.20K","0.07%"
"30.03.2023","103.16","103.18","103.30","103.04","413.69K","-0.06%"
"29.03.2023","103.22","103.22","103.37","103.09","409.18K","-0.04%"
"28.03.2023","103.26","103.47","103.57","103.20","368.66K","-0.18%"
"27.03.2023","103.45","103.97","103.97","103.40","502.60K","-0.42%"
"24.03.2023","103.89","103.79","104.35","103.71","779.61K","0.05%"
"23.03.2023","103.84","103.56","103.95","103.43","692.61K","0.33%"
"22.03.2023","103.50","103.11","103.61","102.93","808.85K","0.40%"
"21.03.2023","103.09","103.50","103.68","103.07","581.48K","-0.50%"
"20.03.2023","103.61","103.61","104.23","103.42","827.74K","-0.17%"
"17.03.2023","103.79","103.16","103.87","102.97","767.30K","0.56%"
"16.03.2023","103.21","103.68","103.86","103.04","1.06M","-0.31%"
"15.03.2023","103.53","102.95","104.05","102.62","1.62M","0.50%"
"14.03.2023","103.02","103.49","103.82","102.66","1.58M","-0.38%"
"13.03.2023","103.41","102.33","103.61","102.32","2.54M","1.07%"
"10.03.2023","102.32","101.72","102.34","101.71","1.70M","0.65%"
"09.03.2023","101.66","101.31","101.75","101.30","803.76K","0.34%"
"08.03.2023","101.32","101.43","101.50","101.29","874.11K","-0.11%"
"07.03.2023","101.43","101.66","101.74","101.41","711.40K","-0.22%"
"06.03.2023","101.65","101.71","101.79","101.64","389.78K","-0.07%"
"03.03.2023","101.72","101.66","101.76","101.61","442.17K","0.09%"
"02.03.2023","101.63","101.67","101.70","101.55","629.06K","-0.03%"
"01.03.2023","101.66","101.85","101.85","101.64","678.47K","-0.01%"
"28.02.2023","101.67","101.69","101.70","101.60","37.71K","0.00%"
"27.02.2023","101.67","101.63","101.71","101.55","299.89K","0.03%"
"24.02.2023","101.64","101.80","101.84","101.56","870.53K","-0.17%"
"23.02.2023","101.81","101.81","101.84","101.74","1.84M","0.00%"
"22.02.2023","101.81","101.80","101.90","101.79","1.86M","0.01%"
"21.02.2023","101.80","102.00","102.00","101.78","1.07M","-0.13%"
"20.02.2023","101.93","101.97","101.98","101.93","46.82K","-0.04%"
"19.02.2023","101.97","101.98","101.99","101.97","3.67K","-0.02%"
"17.02.2023","101.99","101.95","102.01","101.82","553.42K","-0.01%"
"16.02.2023","102.00","101.96","102.07","101.89","748.41K","0.02%"
"15.02.2023","101.98","101.99","102.05","101.84","717.58K","-0.01%"
"14.02.2023","101.99","102.20","102.40","101.95","881.02K","-0.19%"
"13.02.2023","102.18","102.20","102.24","102.13","471.37K","-0.04%"
"10.02.2023","102.22","102.29","102.29","102.19","577.12K","-0.01%"
"09.02.2023","102.23","102.41","102.44","102.23","431.65K","-0.12%"
"08.02.2023","102.35","102.34","102.43","102.30","471.41K","0.02%"
"07.02.2023","102.33","102.34","102.49","102.31","722.61K","-0.03%"
"06.02.2023","102.36","102.66","102.66","102.30","771.39K","-0.29%"
"03.02.2023","102.66","103.03","103.07","102.62","855.52K","-0.38%"
"02.02.2023","103.05","103.02","103.16","103.00","575.45K","0.04%"
"01.02.2023","103.01","102.85","103.07","102.72","692.29K","0.18%"
"31.01.2023","102.82","102.77","102.89","102.75","567.92K","0.09%"
"30.01.2023","102.73","102.84","102.86","102.71","376.50K","-0.11%"
"27.01.2023","102.84","102.88","102.89","102.80","312.37K","-0.05%"
"26.01.2023","102.89","102.99","103.00","102.86","417.13K","-0.09%"
"25.01.2023","102.98","102.95","103.03","102.91","351.65K","0.04%"
"24.01.2023","102.94","102.90","102.96","102.86","355.29K","0.06%"
"23.01.2023","102.88","103.02","103.04","102.88","294.91K","-0.12%"
"20.01.2023","103.00","103.10","103.11","102.96","409.84K","-0.12%"
"19.01.2023","103.12","103.17","103.26","103.07","511.05K","-0.07%"
"18.01.2023","103.19","102.95","103.20","102.93","665.29K","0.21%"
"17.01.2023","102.97","102.89","103.01","102.83","487.60K","0.09%"
"16.01.2023","102.88","102.89","102.94","102.87","52.14K","-0.02%"
"15.01.2023","102.90","102.89","102.91","102.89","1.32K","0.02%"
"13.01.2023","102.88","103.05","103.13","102.88","431.01K","-0.18%"
"12.01.2023","103.07","102.92","103.13","102.66","855.41K","0.16%"
"11.01.2023","102.91","102.86","102.95","102.82","429.30K","0.06%"
"10.01.2023","102.85","102.93","102.96","102.80","500.24K","-0.11%"
"09.01.2023","102.96","102.84","102.99","102.77","603.25K","0.12%"
"06.01.2023","102.84","102.46","102.87","102.34","822.63K","0.36%"
"05.01.2023","102.47","102.66","102.66","102.38","497.36K","-0.13%"
"04.01.2023","102.60","102.60","102.75","102.59","563.94K","0.05%"
"03.01.2023","102.55","102.61","102.68","102.53","388.34K","-0.05%"
"02.01.2023","102.60","102.53","102.63","102.53","6.16K","0.06%"
"01.01.2023","102.53","102.53","102.53","102.53","","-0.01%"
"30.12.2022","102.54","102.62","102.62","102.46","341.33K","-0.08%"
"29.12.2022","102.62","102.64","102.69","102.59","210.51K","-0.02%"
"28.12.2022","102.64","102.67","102.71","102.62","254.90K","0.02%"
"27.12.2022","102.62","102.83","102.83","102.58","338.28K","-0.18%"
"26.12.2022","102.80","102.82","102.83","102.80","1.27K","-0.02%"
"25.12.2022","102.82","102.82","102.82","102.82","","0.00%"
"23.12.2022","102.82","102.89","102.92","102.79","192.70K","-0.09%"
"22.12.2022","102.91","103.01","103.05","102.89","218.87K","-0.10%"
"21.12.2022","103.01","102.93","103.05","102.89","303.75K","0.10%"
"20.12.2022","102.91","102.94","102.96","102.82","375.11K","-0.03%"
"19.12.2022","102.94","103.08","103.09","102.92","276.23K","-0.15%"
"16.12.2022","103.09","102.98","103.13","102.86","375.23K","0.13%"
"15.12.2022","102.96","103.06","103.07","102.91","423.24K","-0.02%"
"14.12.2022","102.98","103.02","103.17","102.86","574.33K","-0.04%"
"13.12.2022","103.02","102.70","103.20","102.68","678.18K","0.36%"
"12.12.2022","102.65","102.72","102.80","102.62","334.25K","-0.13%"
"09.12.2022","102.78","102.82","102.93","102.73","347.80K","-0.03%"
"08.12.2022","102.81","102.91","102.92","102.79","402.72K","-0.13%"
"07.12.2022","102.94","102.70","102.98","102.68","331.97K","0.21%"
"06.12.2022","102.72","102.67","102.76","102.61","297.29K","0.07%"
"05.12.2022","102.65","102.86","102.87","102.61","488.58K","-0.22%"
"02.12.2022","102.88","102.99","103.10","102.65","773.85K","-0.06%"
"01.12.2022","102.94","102.81","103.00","102.70","662.94K","0.25%"
"30.11.2022","102.68","102.46","102.82","102.33","805.99K","0.20%"
"29.11.2022","102.48","102.54","102.62","102.45","467.60K","-0.01%"
"28.11.2022","102.49","102.46","102.59","102.46","725.78K","0.01%"
"25.11.2022","102.48","102.48","102.62","102.38","326.63K","0.23%"
"24.11.2022","102.24","102.18","102.30","102.18","95.80K","-0.23%"
"23.11.2022","102.48","102.41","102.50","102.29","1.07M","0.07%"
"22.11.2022","102.41","102.36","102.46","102.35","1.34M","0.03%"
"21.11.2022","102.38","102.40","102.48","102.35","457.26K","-0.06%"
"18.11.2022","102.44","102.55","102.57","102.39","109.22K","-0.11%"
"17.11.2022","102.55","102.73","102.75","102.48","39.61K","-0.19%"
"16.11.2022","102.75","102.80","102.84","102.67","23.35K","0.00%"
"15.11.2022","102.75","102.65","102.82","102.64","22.22K","0.11%"
"14.11.2022","102.64","102.63","102.67","102.56","8.09K","-0.09%"
"11.11.2022","102.73","102.73","102.77","102.63","2.34K","-0.04%"
"10.11.2022","102.77","102.21","102.80","102.15","14.61K","0.64%"
"09.11.2022","102.12","102.04","102.21","101.98","22.27K","0.10%"
"08.11.2022","102.02","101.89","102.03","101.87","20.12K","0.14%"
"07.11.2022","101.88","102.00","102.00","101.88","5.55K","-0.18%"
"04.11.2022","102.06","101.86","102.06","101.77","1.51K","0.10%"
"03.11.2022","101.96","102.09","102.09","101.89","2.11K","-0.27%"
"02.11.2022","102.24","102.30","102.30","102.10","0.47K","-0.06%"
"01.11.2022","102.30","102.47","102.54","102.28","0.74K","-0.09%"
"31.10.2022","102.39","102.46","102.47","102.41","0.07K","-0.15%"
"28.10.2022","102.54","102.85","102.85","102.55","0.02K","-0.22%"
"27.10.2022","102.77","102.58","102.70","102.50","0.08K","0.19%"
"26.10.2022","102.57","102.55","102.56","102.55","0.13K","0.11%"
"25.10.2022","102.46","102.40","102.57","102.40","0.21K","0.09%"
"24.10.2022","102.37","102.38","102.42","102.34","0.07K","0.04%"
"21.10.2022","102.33","102.07","102.31","102.07","0.37K","0.27%"
"20.10.2022","102.05","102.18","102.18","102.11","0.24K","-0.14%"
"19.10.2022","102.19","102.38","102.38","102.18","0.03K","-0.25%"
"18.10.2022","102.45","102.46","102.46","102.46","0.02K","0.03%"
"17.10.2022","102.42","102.39","102.39","102.39","0.03K","0.12%"
"14.10.2022","102.30","102.46","102.48","102.32","0.08K","-0.09%"
"13.10.2022","102.39","102.44","102.44","102.33","0.55K","-0.31%"
"12.10.2022","102.71","102.71","102.71","102.68","1.31K","0.08%"
"11.10.2022","102.63","102.64","102.64","102.64","0.05K","-0.03%"
"10.10.2022","102.66","102.66","102.66","102.66","","-0.06%"
"07.10.2022","102.72","102.75","102.75","102.74","0.00K","-0.16%"
"06.10.2022","102.88","102.88","102.88","102.88","0.00K","-0.16%"
"05.10.2022","103.04","103.08","103.08","103.08","0.00K","-0.10%"
"04.10.2022","103.14","103.14","103.14","103.14","","0.02%"
"03.10.2022","103.12","103.17","103.17","103.17","0.00K","0.20%"
"30.09.2022","102.91","102.65","102.65","102.65","0.00K","-0.07%"
"29.09.2022","102.98","102.98","102.98","102.98","","-0.14%"
"28.09.2022","103.12","103.12","103.12","103.12","","0.42%"
"27.09.2022","102.69","102.71","102.71","102.71","0.00K","0.02%"
"26.09.2022","102.67","102.73","102.73","102.73","0.01K","-0.17%"
"23.09.2022","102.84","102.84","102.84","102.84","","-0.16%"
"22.09.2022","103.00","103.05","103.38","103.02","0.01K","-0.32%"
"21.09.2022","103.33","103.33","103.33","103.33","","-0.06%"
"20.09.2022","103.39","103.39","103.39","103.39","","-0.05%"
"19.09.2022","103.44","103.44","103.44","103.44","","-0.16%"
"16.09.2022","103.61","103.61","103.61","103.61","","0.06%"
"15.09.2022","103.55","103.55","103.55","103.55","","-0.03%"
"14.09.2022","103.58","103.58","103.58","103.58","","-0.06%"
"13.09.2022","103.64","103.64","103.64","103.64","","-0.34%"
"12.09.2022","103.99","103.99","103.99","103.99","","0.02%"
"09.09.2022","103.97","103.97","103.97","103.97","","-0.13%"
"08.09.2022","104.11","104.31","104.31","104.31","0.00K","-0.10%"
"07.09.2022","104.21","104.21","104.21","104.21","","0.12%"
"06.09.2022","104.09","104.09","104.09","104.09","","-0.10%"
"05.09.2022","104.20","104.40","104.41","104.15","75.77K","-0.21%"
"04.09.2022","104.42","104.38","104.42","104.38","0.31K","0.08%"
"02.09.2022","104.33","104.33","104.33","104.33","","0.25%"
"01.09.2022","104.07","104.00","104.00","103.81","0.01K","-0.14%"
"31.08.2022","104.22","104.22","104.22","104.22","","0.02%"
"30.08.2022","104.20","104.20","104.20","104.20","","-0.08%"
"29.08.2022","104.28","104.38","104.38","104.38","0.00K","-0.10%"
"26.08.2022","104.38","104.38","104.38","104.38","","0.00%"
"25.08.2022","104.38","104.38","104.38","104.38","","0.02%"
"24.08.2022","104.36","104.44","104.44","104.44","0.00K","-0.11%"
"23.08.2022","104.48","104.48","104.48","104.48","","0.11%"
"22.08.2022","104.37","104.37","104.37","104.37","","-0.13%"
"19.08.2022","104.51","104.51","104.51","104.51","","-0.06%"
"18.08.2022","104.57","104.57","104.57","104.57","","0.08%"
"17.08.2022","104.49","104.49","104.49","104.49","","-0.11%"
"16.08.2022","104.61","104.75","104.75","104.75","0.00K","-0.11%"
"15.08.2022","104.73","104.73","104.73","104.73","","0.11%"
"12.08.2022","104.61","104.61","104.61","104.61","","-0.05%"
"11.08.2022","104.66","104.66","104.66","104.66","0.00K","-0.02%"
"10.08.2022","104.68","104.68","104.68","104.68","","0.15%"
"09.08.2022","104.52","104.52","104.52","104.52","","-0.15%"
"08.08.2022","104.68","104.68","104.68","104.68","","0.09%"
"05.08.2022","104.59","104.59","104.59","104.59","","-0.40%"
"04.08.2022","105.01","105.01","105.01","105.01","","0.16%"
"03.08.2022","104.84","104.84","104.84","104.84","","-0.07%"
"02.08.2022","104.91","104.91","104.91","104.91","","-0.29%"
"01.08.2022","105.22","105.22","105.22","105.22","","-0.03%"
"29.07.2022","105.25","105.04","105.04","105.04","0.00K","-0.05%"
"28.07.2022","105.30","105.30","105.30","105.30","635.46K","0.17%"
"27.07.2022","105.12","105.12","105.12","105.12","556.03K","0.13%"
"26.07.2022","104.98","104.98","104.98","104.98","342.58K","0.03%"
"25.07.2022","104.95","104.95","104.95","104.95","401.18K","-0.07%"
"22.07.2022","105.02","105.02","105.02","105.02","552.65K","0.21%"
"21.07.2022","104.80","104.80","104.80","104.80","482.07K","0.31%"
"20.07.2022","104.48","104.48","104.48","104.48","368.86K","-0.02%"
"19.07.2022","104.50","104.50","104.50","104.50","401.36K","-0.15%"
"18.07.2022","104.66","104.66","104.66","104.66","310.36K","-0.02%"
"15.07.2022","104.68","104.68","104.68","104.68","467.05K","0.03%"
"14.07.2022","104.65","104.65","104.65","104.65","702.98K","-0.02%"
"13.07.2022","104.67","104.67","104.67","104.67","828.22K","-0.15%"
"12.07.2022","104.83","104.83","104.83","104.83","479.70K","0.06%"
"11.07.2022","104.77","104.77","104.77","104.77","279.14K","0.12%"
"08.07.2022","104.64","104.64","104.64","104.64","419.25K","-0.16%"
"07.07.2022","104.81","104.81","104.81","104.81","431.09K","-0.15%"
"06.07.2022","104.97","104.97","104.97","104.97","563.05K","-0.25%"
"05.07.2022","105.23","105.23","105.23","105.23","554.15K","0.16%"
"04.07.2022","105.06","105.22","105.27","105.04","84.06K","-0.15%"
"03.07.2022","105.21","105.23","105.23","105.20","2.36K","0.05%"
"01.07.2022","105.16","105.16","105.16","105.16","648.48K","0.17%"
"30.06.2022","104.98","104.98","104.98","104.98","0.36K","0.27%"
"29.06.2022","104.70","104.70","104.70","104.70","0.81K","-0.27%"
"28.06.2022","104.98","104.98","104.98","104.98","0.12K","-0.01%"
"27.06.2022","104.99","105.07","105.09","104.96","4.13K","-0.10%"
"24.06.2022","105.09","105.16","105.16","105.16","0.18K","-0.04%"
"23.06.2022","105.13","105.05","105.29","105.05","0.22K","0.08%"
"22.06.2022","105.05","105.04","105.06","105.04","1.99K","0.26%"
"21.06.2022","104.78","104.70","104.81","104.70","2.28K","0.58%"
"20.06.2022","104.18","104.23","104.30","104.17","81.67K","-0.04%"
"19.06.2022","104.22","104.31","104.31","104.19","7.65K","-0.55%"
"17.06.2022","104.80","104.77","104.95","104.77","9.60K","0.01%"
"16.06.2022","104.79","104.63","104.85","104.52","2.49K","0.11%"
"15.06.2022","104.67","104.44","104.79","104.44","0.54K","0.30%"
"14.06.2022","104.36","104.44","104.69","104.34","5.49K","-0.27%"
"13.06.2022","104.64","104.97","104.97","104.38","2.98K","-0.42%"
"10.06.2022","105.08","105.47","105.50","105.05","3.78K","-0.40%"
"09.06.2022","105.50","105.56","105.58","105.46","2.55K","-0.09%"
"08.06.2022","105.59","105.66","105.67","105.57","4.32K","-0.09%"
"07.06.2022","105.68","105.67","105.75","105.64","5.20K","-0.01%"
"06.06.2022","105.69","105.83","105.83","105.68","10.59K","-0.11%"
"03.06.2022","105.81","105.85","105.88","105.77","4.73K","-0.03%"
"02.06.2022","105.84","105.87","105.88","105.78","11.28K","0.04%"
"01.06.2022","105.80","105.97","105.98","105.77","34.38K","-0.19%"
"31.05.2022","106.00","106.14","106.14","105.94","105.50K","0.02%"
"30.05.2022","105.98","106.11","106.13","105.96","23.79K","-0.13%"
"29.05.2022","106.11","106.14","106.14","106.11","0.65K","0.03%"
"27.05.2022","106.08","106.07","106.17","106.05","361.25K","0.02%"
"26.05.2022","106.06","106.02","106.16","105.97","870.37K","0.04%"
"25.05.2022","106.02","105.96","106.06","105.94","1.79M","0.05%"
"24.05.2022","105.97","105.71","106.02","105.70","2.05M","0.26%"
"23.05.2022","105.70","105.75","105.76","105.65","850.38K","-0.07%"
"20.05.2022","105.77","105.71","105.82","105.64","446.36K","0.07%"
"19.05.2022","105.70","105.59","105.77","105.56","640.63K","0.10%"
"18.05.2022","105.59","105.50","105.62","105.46","616.75K","0.07%"
"17.05.2022","105.52","105.73","105.78","105.48","569.15K","-0.21%"
"16.05.2022","105.74","105.70","105.79","105.65","338.44K","0.03%"
"14.05.2022","105.70","105.70","105.70","105.70","","0.02%"
"13.05.2022","105.68","105.74","105.75","105.61","352.15K","-0.12%"
"12.05.2022","105.81","105.57","105.83","105.52","637.99K","0.21%"
"11.05.2022","105.59","105.62","105.71","105.39","753.63K","-0.03%"
"10.05.2022","105.62","105.65","105.75","105.58","637.82K","0.00%"
"09.05.2022","105.62","105.38","105.70","105.32","688.93K","0.24%"
"07.05.2022","105.37","105.37","105.37","105.37","","-0.08%"
"06.05.2022","105.45","105.38","105.55","105.31","612.46K","0.08%"
"05.05.2022","105.37","105.53","105.59","105.34","599.12K","-0.21%"
"04.05.2022","105.59","105.27","105.62","105.12","857.66K","0.28%"
"03.05.2022","105.29","105.34","105.43","105.26","570.48K","-0.07%"
"02.05.2022","105.36","105.36","105.44","105.31","380.52K","-0.05%"
"29.04.2022","105.41","105.56","105.59","105.29","695.03K","-0.09%"
"28.04.2022","105.50","105.60","105.68","105.43","617.92K","-0.11%"
"27.04.2022","105.62","105.75","105.77","105.56","639.07K","0.00%"
"26.04.2022","105.62","105.45","105.74","105.39","707.34K","0.15%"
"25.04.2022","105.46","105.36","105.69","105.29","678.71K","0.16%"
"22.04.2022","105.29","105.31","105.38","105.14","716.17K","-0.01%"
"21.04.2022","105.30","105.52","105.54","105.22","716.12K","-0.21%"
"20.04.2022","105.52","105.47","105.59","105.41","562.39K","0.00%"
"19.04.2022","105.52","105.73","105.79","105.45","599.24K","-0.19%"
"18.04.2022","105.72","105.71","105.77","105.60","294.84K","-0.02%"
"14.04.2022","105.74","105.91","106.04","105.67","558.56K","-0.19%"
"13.04.2022","105.94","105.79","106.08","105.73","897.07K","0.09%"
"12.04.2022","105.84","105.58","105.87","105.48","837.92K","0.26%"
"11.04.2022","105.57","105.51","105.61","105.38","621.82K","0.05%"
"08.04.2022","105.52","105.63","105.67","105.48","470.68K","-0.11%"
"07.04.2022","105.64","105.61","105.75","105.60","797.53K","0.09%"
"06.04.2022","105.55","105.50","105.67","105.34","790.77K","0.02%"
"05.04.2022","105.53","105.69","105.75","105.48","542.69K","-0.15%"
"04.04.2022","105.69","105.61","105.74","105.55","548.18K","0.07%"
"02.04.2022","105.62","105.62","105.62","105.62","","-0.06%"
"01.04.2022","105.68","105.86","105.87","105.60","592.65K","-0.84%"
"31.03.2022","106.57","106.54","106.58","106.54","0.68K","0.08%"
"30.03.2022","106.49","106.56","106.56","106.47","0.58K","0.01%"
"29.03.2022","106.48","106.34","106.48","106.29","0.18K","0.08%"
"28.03.2022","106.40","106.39","106.48","106.34","0.10K","-0.07%"
"25.03.2022","106.47","106.63","106.63","106.45","1.03K","-0.22%"
"24.03.2022","106.71","106.68","106.68","106.68","0.00K","-0.05%"
"23.03.2022","106.76","106.71","106.79","106.69","0.15K","0.07%"
"22.03.2022","106.69","106.69","106.72","106.61","0.03K","-0.02%"
"21.03.2022","106.71","106.96","107.03","106.74","0.02K","-0.32%"
"18.03.2022","107.05","107.12","107.16","107.08","0.12K","-0.04%"
"17.03.2022","107.09","107.11","107.11","107.09","0.31K","0.04%"
"16.03.2022","107.05","107.26","107.26","107.04","0.46K","-0.18%"
"15.03.2022","107.24","107.30","107.36","107.23","0.80K","0.00%"
"14.03.2022","107.24","107.46","107.48","107.30","0.58K","-0.17%"
"11.03.2022","107.42","107.48","107.48","107.39","0.62K","-0.04%"
"10.03.2022","107.46","107.46","107.52","107.44","1.80K","-0.07%"
"09.03.2022","107.54","107.59","107.61","107.54","0.64K","-0.07%"
"08.03.2022","107.62","107.79","107.79","107.62","1.17K","-0.13%"
"07.03.2022","107.76","108.00","108.00","107.76","1.96K","-0.11%"
"04.03.2022","107.88","107.82","108.02","107.78","2.78K","0.09%"
"03.03.2022","107.78","107.89","107.94","107.73","5.24K","-0.02%"
"02.03.2022","107.80","108.09","108.23","107.78","14.79K","-0.38%"
"01.03.2022","108.21","107.95","108.30","107.88","23.51K","0.20%"
"28.02.2022","107.99","107.82","108.01","107.81","104.84K","0.33%"
"25.02.2022","107.64","107.67","107.70","107.55","451.33K","-0.06%"
"24.02.2022","107.71","107.59","107.88","107.59","1.26M","0.11%"
"23.02.2022","107.59","107.62","107.66","107.53","2.07M","-0.03%"
"22.02.2022","107.62","107.80","107.88","107.61","1.71M","-0.22%"
"21.02.2022","107.86","107.81","107.88","107.75","194.16K","0.04%"
"20.02.2022","107.81","107.80","107.84","107.80","11.08K","0.03%"
"18.02.2022","107.78","107.76","107.84","107.70","528.24K","0.04%"
"17.02.2022","107.74","107.66","107.78","107.65","579.41K","0.07%"
"16.02.2022","107.66","107.55","107.72","107.52","644.76K","0.08%"
"15.02.2022","107.57","107.55","107.60","107.49","702.82K","0.04%"
"14.02.2022","107.53","107.72","107.75","107.47","824.89K","-0.15%"
"11.02.2022","107.69","107.56","107.80","107.39","1.01M","0.09%"
"10.02.2022","107.59","107.97","108.03","107.43","1.02M","-0.39%"
"09.02.2022","108.01","108.00","108.07","107.96","443.15K","0.00%"
"08.02.2022","108.01","108.10","108.11","108.00","444.93K","-0.07%"
"07.02.2022","108.09","108.04","108.11","108.00","418.73K","0.05%"
"04.02.2022","108.04","108.27","108.28","108.02","713.34K","-0.23%"
"03.02.2022","108.29","108.36","108.40","108.24","468.06K","-0.06%"
"02.02.2022","108.35","108.32","108.39","108.30","345.82K","0.02%"
"01.02.2022","108.33","108.30","108.39","108.24","558.92K","0.00%"
"31.01.2022","108.33","108.30","108.34","108.22","646.05K","0.01%"
"28.01.2022","108.32","108.27","108.34","108.20","580.27K","0.04%"
"27.01.2022","108.28","108.35","108.36","108.24","780.77K","-0.18%"
"26.01.2022","108.48","108.62","108.64","108.32","646.56K","-0.12%"
"25.01.2022","108.61","108.66","108.70","108.59","435.70K","-0.08%"
"24.01.2022","108.70","108.58","108.73","108.52","717.44K","0.08%"
"21.01.2022","108.61","108.52","108.62","108.52","475.08K","0.12%"
"20.01.2022","108.48","108.45","108.54","108.44","364.59K","-0.05%"
"19.01.2022","108.53","108.48","108.57","108.42","454.25K","0.05%"
"18.01.2022","108.48","108.62","108.62","108.44","609.37K","-0.06%"
"17.01.2022","108.54","108.55","108.55","108.52","88.56K","-0.01%"
"16.01.2022","108.56","108.62","108.62","108.56","10.93K","-0.06%"
"14.01.2022","108.62","108.77","108.77","108.62","399.03K","-0.13%"
"13.01.2022","108.76","108.71","108.78","108.69","274.88K","0.02%"
"12.01.2022","108.74","108.78","108.79","108.70","286.51K","-0.01%"
"11.01.2022","108.75","108.75","108.79","108.65","599.54K","0.02%"
"10.01.2022","108.73","108.81","108.82","108.73","430.12K","-0.06%"
"07.01.2022","108.80","108.80","108.83","108.72","530.35K","0.03%"
"06.01.2022","108.77","108.88","108.91","108.77","544.42K","-0.11%"
"05.01.2022","108.89","109.03","109.05","108.88","433.20K","-0.12%"
"04.01.2022","109.02","109.01","109.05","108.96","383.26K","0.04%"
"03.01.2022","108.98","109.06","109.07","108.95","389.62K","-0.44%"
"31.12.2021","109.46","109.46","109.46","109.46","6.75K","0.03%"
"30.12.2021","109.43","109.43","109.45","109.42","7.55K","0.03%"
"29.12.2021","109.40","109.40","109.40","109.40","0.86K","0.01%"
"28.12.2021","109.39","109.39","109.42","109.39","2.46K","-0.01%"
"27.12.2021","109.40","109.40","109.41","109.37","0.13K","-0.05%"
"23.12.2021","109.45","109.45","109.46","109.45","0.82K","-0.04%"
"22.12.2021","109.49","109.49","109.50","109.49","3.67K","0.01%"
"21.12.2021","109.48","109.48","109.48","109.47","4.03K","-0.06%"
"20.12.2021","109.55","109.58","109.58","109.58","0.23K","0.35%"
"18.12.2021","109.16","109.16","109.16","109.16","","-0.32%"
"17.12.2021","109.52","109.56","109.57","109.53","1.40K","-0.02%"
"16.12.2021","109.54","109.44","109.56","109.44","0.06K","0.12%"
"15.12.2021","109.41","109.48","109.51","109.36","3.01K","-0.06%"
"14.12.2021","109.48","109.51","109.51","109.46","0.41K","-0.02%"
"13.12.2021","109.50","109.46","109.52","109.44","3.07K","0.36%"
"11.12.2021","109.11","109.11","109.11","109.11","","-0.32%"
"10.12.2021","109.46","109.40","109.52","109.35","3.24K","0.05%"
"09.12.2021","109.41","109.41","109.44","109.40","9.23K","-0.02%"
"08.12.2021","109.43","109.41","109.43","109.36","13.50K","0.02%"
"07.12.2021","109.41","109.50","109.51","109.41","3.01K","-0.09%"
"06.12.2021","109.51","109.53","109.56","109.50","4.90K","0.24%"
"04.12.2021","109.25","109.25","109.59","109.25","506.07K","-0.30%"
"03.12.2021","109.58","109.49","109.59","109.45","10.01K","0.05%"
"02.12.2021","109.52","109.61","109.61","109.49","16.47K","-0.09%"
"01.12.2021","109.62","109.59","109.64","109.54","14.30K","-0.07%"
"30.11.2021","109.70","109.76","109.86","109.62","128.26K","-0.02%"
"29.11.2021","109.72","109.68","109.77","109.62","255.51K","0.29%"
"27.11.2021","109.40","109.40","109.40","109.40","","-0.27%"
"26.11.2021","109.70","109.48","109.79","109.45","514.17K","0.15%"
"25.11.2021","109.53","109.48","109.54","109.45","83.39K","0.05%"
"24.11.2021","109.48","109.54","109.61","109.46","999.07K","-0.07%"
"23.11.2021","109.56","109.51","109.57","109.48","1.66M","0.04%"
"22.11.2021","109.52","109.64","109.65","109.50","1.09M","-0.12%"
"20.11.2021","109.65","109.65","109.65","109.65","","-0.01%"
"19.11.2021","109.66","109.65","109.77","109.63","728.76K","0.02%"
"18.11.2021","109.64","109.63","109.67","109.62","355.67K","0.01%"
"17.11.2021","109.63","109.58","109.65","109.57","297.39K","0.05%"
"16.11.2021","109.58","109.59","109.62","109.55","256.27K","-0.01%"
"15.11.2021","109.59","109.60","109.64","109.55","307.74K","-0.01%"
"13.11.2021","109.60","109.60","109.60","109.60","","0.01%"
"12.11.2021","109.59","109.54","109.64","109.54","322.27K","0.05%"
"11.11.2021","109.54","109.61","109.61","109.53","116.61K","-0.07%"
"10.11.2021","109.62","109.79","109.80","109.59","610.93K","-0.19%"
"09.11.2021","109.83","109.75","109.83","109.75","325.97K","0.07%"
"08.11.2021","109.75","109.82","109.83","109.73","360.76K","-0.07%"
"06.11.2021","109.83","109.83","109.83","109.83","","-0.01%"
"05.11.2021","109.84","109.78","109.86","109.72","428.39K","0.04%"
"04.11.2021","109.80","109.68","109.85","109.67","542.16K","0.12%"
"03.11.2021","109.67","109.72","109.74","109.60","506.04K","-0.05%"
"02.11.2021","109.72","109.62","109.75","109.60","480.48K","0.12%"
"01.11.2021","109.59","109.61","109.63","109.55","379.32K","-0.03%"
"30.10.2021","109.62","109.62","109.62","109.62","","0.00%"
"29.10.2021","109.62","109.65","109.71","109.51","686.56K","0.00%"
"28.10.2021","109.62","109.62","109.69","109.49","806.84K","-0.02%"
"27.10.2021","109.64","109.68","109.70","109.57","636.24K","-0.04%"
"26.10.2021","109.68","109.69","109.70","109.65","364.67K","-0.01%"
"25.10.2021","109.69","109.64","109.71","109.63","360.26K","0.04%"
"23.10.2021","109.64","109.64","109.64","109.64","","0.02%"
"22.10.2021","109.62","109.62","109.66","109.56","615.66K","-0.04%"
"21.10.2021","109.66","109.75","109.75","109.61","531.58K","-0.11%"
"20.10.2021","109.78","109.74","109.80","109.70","455.79K","0.02%"
"19.10.2021","109.76","109.69","109.77","109.69","460.95K","0.05%"
"18.10.2021","109.71","109.76","109.77","109.64","571.94K","-0.05%"
"16.10.2021","109.77","109.77","109.77","109.77","","0.01%"
"15.10.2021","109.76","109.84","109.86","109.76","535.51K","-0.09%"
"14.10.2021","109.86","109.85","109.89","109.27","793.96K","0.03%"
"13.10.2021","109.83","109.89","109.91","109.76","580.36K","-0.05%"
"12.10.2021","109.89","109.89","109.92","109.87","584.59K","0.00%"
"11.10.2021","109.89","109.96","109.96","109.88","135.61K","-0.06%"
"09.10.2021","109.96","109.96","109.96","109.96","","0.00%"
"08.10.2021","109.96","109.98","110.02","109.95","488.70K","-0.03%"
"07.10.2021","109.99","110.02","110.02","109.98","162.77K","-0.03%"
"06.10.2021","110.02","110.04","110.04","110.00","355.02K","-0.02%"
"05.10.2021","110.04","110.05","110.06","110.03","210.18K","-0.02%"
"04.10.2021","110.06","110.08","110.09","110.04","269.32K","-0.02%"
"02.10.2021","110.08","110.08","110.08","110.08","","-0.01%"
"01.10.2021","110.09","110.05","110.09","110.04","434.61K","-0.14%"
"30.09.2021","110.24","110.24","110.24","110.24","","0.02%"
"29.09.2021","110.22","110.23","110.24","110.23","0.97K","0.01%"
"28.09.2021","110.21","110.22","110.22","110.22","3.37K","0.01%"
"27.09.2021","110.20","110.24","110.26","110.20","0.37K","0.16%"
"25.09.2021","110.02","110.02","110.02","110.02","","-0.18%"
"24.09.2021","110.22","110.23","110.23","110.21","0.66K","-0.03%"
"23.09.2021","110.25","110.26","110.27","110.24","3.04K","-0.02%"
"22.09.2021","110.27","110.32","110.32","110.28","1.67K","-0.05%"
"21.09.2021","110.33","110.30","110.33","110.30","0.69K","0.01%"
"20.09.2021","110.32","110.32","110.33","110.32","0.65K","0.17%"
"18.09.2021","110.13","110.13","110.13","110.13","","-0.16%"
"17.09.2021","110.30","110.30","110.30","110.29","2.56K","-0.01%"
"16.09.2021","110.31","110.33","110.33","110.30","4.74K","-0.02%"
"15.09.2021","110.33","110.34","110.34","110.32","1.02K","-0.01%"
"14.09.2021","110.34","110.32","110.34","110.31","6.48K","0.02%"
"13.09.2021","110.32","110.32","110.33","110.31","1.34K","0.15%"
"11.09.2021","110.15","110.15","110.15","110.15","","-0.15%"
"10.09.2021","110.32","110.32","110.32","110.31","2.67K","0.00%"
"09.09.2021","110.32","110.32","110.33","110.31","7.57K","0.01%"
"08.09.2021","110.31","110.31","110.32","110.31","7.39K","0.00%"
"07.09.2021","110.31","110.34","110.34","110.31","7.00K","0.12%"
"06.09.2021","110.18","110.17","110.34","110.17","48.81K","0.01%"
"05.09.2021","110.17","110.34","110.34","110.17","0.11K","0.00%"
"04.09.2021","110.17","110.17","110.34","110.17","183.17K","-0.15%"
"03.09.2021","110.34","110.32","110.36","110.32","5.35K","0.02%"
"02.09.2021","110.32","110.32","110.33","110.32","9.37K","0.00%"
"01.09.2021","110.32","110.32","110.34","110.32","11.00K","0.00%"
"31.08.2021","110.32","110.33","110.34","110.32","121.83K","0.00%"
"30.08.2021","110.32","110.30","110.33","110.29","182.53K","0.02%"
"28.08.2021","110.29","110.29","110.29","110.29","","-0.01%"
"27.08.2021","110.30","110.25","110.31","110.24","652.49K","0.05%"
"26.08.2021","110.25","110.25","110.28","110.24","1.40M","0.00%"
"25.08.2021","110.25","110.25","110.26","110.23","1.34M","0.00%"
"24.08.2021","110.25","110.25","110.26","110.23","613.11K","-0.01%"
"23.08.2021","110.26","110.25","110.26","110.23","358.77K","0.01%"
"21.08.2021","110.25","110.25","110.25","110.25","","0.00%"
"20.08.2021","110.25","110.26","110.27","110.25","220.07K","-0.01%"
"19.08.2021","110.26","110.26","110.29","110.25","231.40K","0.00%"
"18.08.2021","110.26","110.26","110.27","110.23","256.63K","0.00%"
"17.08.2021","110.26","110.27","110.29","110.25","182.93K","-0.02%"
"16.08.2021","110.28","110.27","110.29","110.26","234.23K","0.01%"
"14.08.2021","110.27","110.27","110.27","110.27","","0.01%"
"13.08.2021","110.26","110.24","110.27","110.23","191.43K","0.03%"
"12.08.2021","110.23","110.25","110.26","110.23","171.28K","-0.02%"
"11.08.2021","110.25","110.21","110.27","110.20","328.31K","0.03%"
"10.08.2021","110.22","110.25","110.26","110.21","264.10K","-0.03%"
"09.08.2021","110.25","110.27","110.30","110.25","238.78K","-0.03%"
"06.08.2021","110.28","110.30","110.30","110.24","312.33K","-0.02%"
"05.08.2021","110.30","110.34","110.34","110.28","246.46K","-0.04%"
"04.08.2021","110.34","110.36","110.39","110.31","317.69K","-0.02%"
"03.08.2021","110.36","110.36","110.38","110.34","216.41K","0.00%"
"02.08.2021","110.36","110.34","110.37","110.34","249.63K","0.03%"
"30.07.2021","110.33","110.29","110.34","110.29","351.70K","0.03%"
"29.07.2021","110.30","110.30","110.31","110.27","251.64K","0.01%"
"28.07.2021","110.29","110.29","110.31","110.26","356.34K","-0.01%"
"27.07.2021","110.30","110.28","110.31","110.28","221.73K","0.01%"
"26.07.2021","110.29","110.28","110.30","110.27","201.13K","0.01%"
"23.07.2021","110.28","110.27","110.29","110.27","142.69K","0.00%"
"22.07.2021","110.28","110.26","110.28","110.23","259.59K","0.02%"
"21.07.2021","110.26","110.28","110.29","110.25","327.64K","-0.04%"
"20.07.2021","110.30","110.25","110.30","110.24","411.26K","0.05%"
"19.07.2021","110.25","110.22","110.30","110.22","420.32K","0.03%"
"16.07.2021","110.22","110.22","110.23","110.18","181.73K","0.00%"
"15.07.2021","110.22","110.22","110.24","110.21","295.38K","0.01%"
"14.07.2021","110.21","110.16","110.23","110.15","254.58K","0.05%"
"13.07.2021","110.16","110.22","110.22","110.13","387.46K","-0.05%"
"12.07.2021","110.21","110.24","110.27","110.20","306.46K","-0.03%"
"09.07.2021","110.24","110.28","110.28","110.24","297.62K","-0.05%"
"08.07.2021","110.29","110.24","110.30","110.23","429.98K","0.05%"
"07.07.2021","110.24","110.23","110.25","110.21","344.56K","0.01%"
"06.07.2021","110.23","110.19","110.23","110.18","371.97K","0.03%"
"05.07.2021","110.20","110.19","110.20","110.18","","0.01%"
"04.07.2021","110.19","110.19","110.19","110.19","","0.01%"
"02.07.2021","110.18","110.15","110.19","110.11","325.71K","0.03%"
"01.07.2021","110.15","110.16","110.16","110.14","240.06K","-0.13%"
"30.06.2021","110.29","110.29","110.29","110.29","0.02K","0.00%"
"29.06.2021","110.29","110.29","110.29","110.29","1.03K","0.01%"
"28.06.2021","110.28","110.29","110.29","110.27","7.22K","0.03%"
"25.06.2021","110.25","110.25","110.25","110.25","0.53K","0.00%"
"24.06.2021","110.25","110.25","110.25","110.25","0.97K","-0.04%"
"23.06.2021","110.29","110.30","110.30","110.29","0.97K","0.00%"
"22.06.2021","110.29","110.25","110.25","110.25","0.02K","0.04%"
"21.06.2021","110.25","110.23","110.26","110.22","0.18K","0.01%"
"18.06.2021","110.24","110.31","110.31","110.23","0.16K","-0.07%"
"17.06.2021","110.32","110.32","110.34","110.30","3.55K","-0.01%"
"16.06.2021","110.33","110.40","110.40","110.32","11.36K","-0.06%"
"15.06.2021","110.40","110.42","110.42","110.41","0.27K","-0.01%"
"14.06.2021","110.41","110.43","110.43","110.42","2.13K","-0.02%"
"11.06.2021","110.43","110.44","110.44","110.43","0.34K","0.00%"
"10.06.2021","110.43","110.43","110.44","110.41","1.30K","0.00%"
"09.06.2021","110.43","110.43","110.44","110.42","1.77K","0.00%"
"08.06.2021","110.43","110.42","110.43","110.42","3.89K","0.01%"
"07.06.2021","110.42","110.43","110.43","110.42","8.00K","-0.01%"
"04.06.2021","110.43","110.42","110.45","110.41","8.63K","0.02%"
"03.06.2021","110.41","110.44","110.45","110.41","10.52K","-0.03%"
"02.06.2021","110.44","110.45","110.45","110.44","17.65K","0.00%"
"01.06.2021","110.44","110.44","110.45","110.43","33.75K","0.06%"
"31.05.2021","110.37","110.37","110.37","110.36","","0.00%"
"30.05.2021","110.37","110.37","110.37","110.37","","-0.07%"
"28.05.2021","110.45","110.43","110.45","110.42","118.68K","0.02%"
"27.05.2021","110.43","110.42","110.43","110.41","376.30K","0.00%"
"26.05.2021","110.43","110.43","110.44","110.42","1.22M","0.00%"
"25.05.2021","110.43","110.42","110.43","110.41","1.49M","0.02%"
"24.05.2021","110.41","110.40","110.42","110.40","1.33M","0.01%"
"21.05.2021","110.40","110.41","110.42","110.40","338.83K","-0.01%"
"20.05.2021","110.41","110.39","110.42","110.39","320.42K","0.02%"
"19.05.2021","110.39","110.41","110.43","110.39","419.21K","-0.02%"
"18.05.2021","110.41","110.40","110.41","110.39","159.99K","0.01%"
"17.05.2021","110.40","110.41","110.42","110.39","173.01K","-0.01%"
"14.05.2021","110.41","110.39","110.41","110.39","241.17K","0.02%"
"13.05.2021","110.39","110.38","110.40","110.38","332.69K","0.01%"
"12.05.2021","110.38","110.39","110.40","110.36","308.42K","-0.01%"
"11.05.2021","110.39","110.40","110.41","110.39","267.15K","-0.02%"
"10.05.2021","110.41","110.42","110.43","110.40","234.92K","-0.01%"
"07.05.2021","110.42","110.39","110.45","110.39","595.04K","0.02%"
"06.05.2021","110.40","110.40","110.41","110.39","336.27K","0.01%"
"05.05.2021","110.39","110.39","110.40","110.38","184.78K","0.01%"
"04.05.2021","110.38","110.38","110.39","110.37","297.57K","-0.01%"
"03.05.2021","110.39","110.38","110.39","110.37","303.18K","0.01%"
"30.04.2021","110.38","110.38","110.39","110.37","304.15K","0.00%"
"29.04.2021","110.38","110.38","110.38","110.36","253.17K","0.00%"
"28.04.2021","110.38","110.35","110.38","110.34","304.38K","0.03%"
"27.04.2021","110.35","110.36","110.37","110.34","280.39K","-0.01%"
"26.04.2021","110.36","110.38","110.39","110.36","264.61K","-0.03%"
"23.04.2021","110.39","110.40","110.41","110.38","211.82K","-0.01%"
"22.04.2021","110.40","110.40","110.41","110.38","200.88K","0.00%"
"21.04.2021","110.40","110.39","110.40","110.39","209.41K","0.01%"
"20.04.2021","110.39","110.37","110.39","110.36","199.43K","0.02%"
"19.04.2021","110.37","110.36","110.38","110.36","209.97K","0.01%"
"16.04.2021","110.36","110.37","110.38","110.35","249.97K","-0.02%"
"15.04.2021","110.38","110.36","110.38","110.36","344.92K","0.02%"
"14.04.2021","110.36","110.37","110.37","110.35","307.80K","-0.01%"
"13.04.2021","110.37","110.35","110.38","110.33","298.20K","0.03%"
"12.04.2021","110.34","110.38","110.38","110.34","275.07K","-0.03%"
"09.04.2021","110.37","110.38","110.38","110.36","302.30K","-0.01%"
"08.04.2021","110.38","110.38","110.39","110.38","188.88K","0.00%"
"07.04.2021","110.38","110.36","110.39","110.36","234.03K","0.02%"
"06.04.2021","110.36","110.34","110.36","110.33","289.15K","0.03%"
"05.04.2021","110.33","110.30","110.34","110.30","271.57K","0.03%"
"02.04.2021","110.30","110.36","110.36","110.30","171.97K","-0.05%"
"01.04.2021","110.36","110.36","110.38","110.35","295.81K","-0.08%"
"31.03.2021","110.45","110.45","110.45","110.45","0.50K","0.00%"
"30.03.2021","110.45","110.43","110.46","110.43","8.91K","-0.01%"
"29.03.2021","110.46","110.46","110.46","110.46","0.36K","0.00%"
"26.03.2021","110.46","110.46","110.46","110.46","0.08K","-0.02%"
"25.03.2021","110.48","110.48","110.48","110.48","5.41K","0.03%"
"24.03.2021","110.45","110.45","110.46","110.45","5.10K","0.01%"
"23.03.2021","110.44","110.45","110.45","110.45","0.00K","0.00%"
"22.03.2021","110.44","110.45","110.45","110.43","0.33K","0.01%"
"19.03.2021","110.43","110.41","110.41","110.40","3.74K","0.02%"
"18.03.2021","110.41","110.41","110.41","110.41","1.95K","-0.05%"
"17.03.2021","110.46","110.41","110.43","110.41","11.56K","0.03%"
"16.03.2021","110.43","110.43","110.43","110.43","0.36K","0.01%"
"15.03.2021","110.42","110.43","110.43","110.41","1.02K","-0.01%"
"12.03.2021","110.43","110.41","110.43","110.41","4.81K","-0.02%"
"11.03.2021","110.45","110.41","110.45","110.40","1.97K","0.04%"
"10.03.2021","110.41","110.40","110.42","110.40","1.26K","0.01%"
"09.03.2021","110.40","110.41","110.41","110.38","5.76K","0.00%"
"08.03.2021","110.40","110.45","110.45","110.39","3.32K","-0.05%"
"05.03.2021","110.45","110.44","110.46","110.43","3.12K","0.01%"
"04.03.2021","110.44","110.44","110.46","110.43","5.42K","-0.01%"
"03.03.2021","110.45","110.48","110.48","110.44","18.88K","-0.03%"
"02.03.2021","110.48","110.48","110.49","110.46","18.37K","0.00%"
"01.03.2021","110.48","110.48","110.49","110.44","20.63K","0.05%"
"26.02.2021","110.43","110.39","110.48","110.36","56.46K","0.05%"
"25.02.2021","110.38","110.47","110.48","110.34","537.43K","-0.09%"
"24.02.2021","110.48","110.50","110.50","110.46","1.54M","-0.01%"
"23.02.2021","110.49","110.49","110.51","110.49","1.68M","-0.01%"
"22.02.2021","110.50","110.50","110.51","110.49","1.17M","-0.01%"
"19.02.2021","110.51","110.51","110.51","110.50","393.94K","0.01%"
"18.02.2021","110.50","110.51","110.51","110.49","352.07K","0.00%"
"17.02.2021","110.50","110.47","110.51","110.47","601.31K","0.02%"
"16.02.2021","110.48","110.49","110.50","110.47","678.09K","0.00%"
"15.02.2021","110.48","110.49","110.49","110.48","","-0.01%"
"14.02.2021","110.49","110.49","110.49","110.49","","-0.01%"
"12.02.2021","110.50","110.50","110.50","110.49","185.86K","0.00%"
"11.02.2021","110.50","110.50","110.50","110.49","171.44K","0.00%"
"10.02.2021","110.50","110.48","110.50","110.48","195.60K","0.02%"
"09.02.2021","110.48","110.49","110.50","110.48","282.21K","-0.01%"
"08.02.2021","110.49","110.50","110.51","110.48","300.67K","-0.01%"
"05.02.2021","110.50","110.49","110.51","110.48","392.08K","0.02%"
"04.02.2021","110.48","110.48","110.49","110.48","264.16K","0.00%"
"03.02.2021","110.48","110.49","110.50","110.48","239.27K","-0.01%"
"02.02.2021","110.49","110.50","110.50","110.48","236.57K","-0.01%"
"01.02.2021","110.50","110.50","110.51","110.49","262.70K","0.01%"
"29.01.2021","110.49","110.48","110.50","110.48","458.48K","0.01%"
"28.01.2021","110.48","110.49","110.50","110.48","307.35K","-0.01%"
"27.01.2021","110.49","110.48","110.50","110.48","260.97K","0.01%"
"26.01.2021","110.48","110.48","110.48","110.47","173.23K","0.00%"
"25.01.2021","110.48","110.48","110.49","110.47","269.85K","0.00%"
"22.01.2021","110.48","110.47","110.48","110.47","265.14K","0.00%"
"21.01.2021","110.48","110.47","110.48","110.46","240.81K","0.02%"
"20.01.2021","110.46","110.46","110.47","110.45","320.47K","0.00%"
"19.01.2021","110.46","110.45","110.46","110.44","270.85K","0.00%"
"18.01.2021","110.46","110.45","110.46","110.45","","0.00%"
"17.01.2021","110.46","110.45","110.46","110.45","","0.01%"
"15.01.2021","110.45","110.44","110.46","110.43","218.73K","0.02%"
"14.01.2021","110.43","110.43","110.45","110.42","357.32K","0.00%"
"13.01.2021","110.43","110.42","110.44","110.41","310.63K","0.00%"
"12.01.2021","110.43","110.42","110.43","110.41","365.14K","0.00%"
"11.01.2021","110.43","110.45","110.46","110.42","370.63K","-0.02%"
"08.01.2021","110.45","110.44","110.46","110.43","305.81K","0.00%"
"07.01.2021","110.45","110.44","110.45","110.43","311.48K","0.02%"
"06.01.2021","110.43","110.47","110.48","110.41","565.56K","-0.05%"
"05.01.2021","110.48","110.49","110.50","110.47","275.85K","-0.01%"
"04.01.2021","110.49","110.48","110.50","110.47","249.00K","0.01%"
"01.01.2021","110.48","110.48","110.48","110.48","","-0.01%"
"31.12.2020","110.49","110.49","110.49","110.49","0.06K","0.01%"
"30.12.2020","110.48","110.48","110.48","110.48","0.02K","0.00%"
"29.12.2020","110.48","110.48","110.48","110.48","1.95K","0.00%"
"28.12.2020","110.48","110.46","110.47","110.46","3.00K","0.00%"
"24.12.2020","110.48","110.48","110.48","110.48","0.00K","0.01%"
"23.12.2020","110.47","110.48","110.48","110.48","5.34K","-0.01%"
"22.12.2020","110.48","110.48","110.48","110.48","0.07K","0.01%"
"21.12.2020","110.47","110.47","110.47","110.47","","0.00%"
"18.12.2020","110.47","110.47","110.47","110.47","1.86K","0.01%"
"17.12.2020","110.46","110.46","110.47","110.46","0.37K","-0.01%"
"16.12.2020","110.47","110.46","110.47","110.46","1.17K","0.00%"
"15.12.2020","110.47","110.47","110.48","110.47","1.14K","-0.01%"
"14.12.2020","110.48","110.48","110.48","110.47","0.74K","0.00%"
"11.12.2020","110.48","110.44","110.48","110.44","0.71K","0.04%"
"10.12.2020","110.44","110.43","110.44","110.43","0.95K","0.02%"
"09.12.2020","110.42","110.42","110.42","110.41","4.66K","0.00%"
"08.12.2020","110.42","110.43","110.43","110.42","1.20K","-0.02%"
"07.12.2020","110.44","110.43","110.44","110.42","3.22K","0.02%"
"04.12.2020","110.42","110.41","110.42","110.40","4.36K","0.01%"
"03.12.2020","110.41","110.39","110.42","110.39","22.71K","0.02%"
"02.12.2020","110.39","110.38","110.40","110.38","23.67K","0.02%"
"01.12.2020","110.37","110.42","110.43","110.37","55.73K","-0.05%"
"30.11.2020","110.42","110.41","110.44","110.41","90.60K","0.01%"
"27.11.2020","110.41","110.40","110.42","110.40","257.27K","0.00%"
"26.11.2020","110.41","110.40","110.41","110.40","","0.01%"
"25.11.2020","110.40","110.39","110.41","110.39","736.75K","0.01%"
"24.11.2020","110.39","110.39","110.40","110.39","1.19M","0.00%"
"23.11.2020","110.39","110.39","110.40","110.38","1.26M","0.00%"
"20.11.2020","110.39","110.38","110.40","110.38","469.83K","0.01%"
"19.11.2020","110.38","110.36","110.39","110.36","298.75K","0.01%"
"18.11.2020","110.37","110.37","110.38","110.36","334.78K","0.00%"
"17.11.2020","110.37","110.36","110.37","110.35","220.66K","0.01%"
"16.11.2020","110.36","110.35","110.37","110.35","207.36K","0.00%"
"13.11.2020","110.36","110.36","110.37","110.35","196.99K","0.00%"
"12.11.2020","110.36","110.34","110.37","110.34","277.95K","0.02%"
"11.11.2020","110.34","110.35","110.35","110.33","90.56K","-0.01%"
"10.11.2020","110.35","110.37","110.38","110.34","276.61K","-0.01%"
"09.11.2020","110.36","110.40","110.42","110.34","442.19K","-0.05%"
"06.11.2020","110.41","110.43","110.43","110.40","283.42K","-0.01%"
"05.11.2020","110.42","110.43","110.43","110.40","262.85K","-0.01%"
"04.11.2020","110.43","110.38","110.44","110.37","364.11K","0.05%"
"03.11.2020","110.38","110.41","110.41","110.38","256.31K","-0.03%"
"02.11.2020","110.41","110.42","110.43","110.41","250.09K","-0.01%"
"30.10.2020","110.42","110.42","110.43","110.41","329.94K","0.00%"
"29.10.2020","110.42","110.43","110.44","110.41","222.44K","-0.01%"
"28.10.2020","110.43","110.42","110.43","110.42","207.52K","0.01%"
"27.10.2020","110.42","110.41","110.43","110.41","151.49K","0.00%"
"26.10.2020","110.42","110.41","110.43","110.41","203.41K","0.01%"
"23.10.2020","110.41","110.41","110.43","110.40","186.05K","0.00%"
"22.10.2020","110.41","110.42","110.43","110.40","213.68K","-0.01%"
"21.10.2020","110.42","110.43","110.43","110.41","201.11K","-0.01%"
"20.10.2020","110.43","110.43","110.43","110.41","162.07K","0.00%"
"19.10.2020","110.43","110.43","110.43","110.41","172.00K","0.00%"
"16.10.2020","110.43","110.44","110.45","110.42","168.92K","-0.01%"
"15.10.2020","110.44","110.44","110.45","110.43","171.98K","0.00%"
"14.10.2020","110.44","110.44","110.45","110.43","161.16K","0.00%"
"13.10.2020","110.44","110.41","110.44","110.41","168.91K","0.03%"
"12.10.2020","110.41","110.41","110.41","110.40","49.51K","0.00%"
"09.10.2020","110.41","110.42","110.43","110.40","153.51K","-0.02%"
"08.10.2020","110.43","110.41","110.43","110.41","171.18K","0.02%"
"07.10.2020","110.41","110.43","110.43","110.40","256.49K","-0.02%"
"06.10.2020","110.43","110.42","110.44","110.42","287.03K","0.00%"
"05.10.2020","110.43","110.45","110.47","110.42","291.50K","-0.03%"
"02.10.2020","110.46","110.47","110.49","110.45","205.17K","-0.01%"
"01.10.2020","110.47","110.47","110.48","110.45","264.57K","0.02%"
"30.09.2020","110.45","110.45","110.45","110.45","2.68K","0.00%"
"29.09.2020","110.45","110.45","110.45","110.43","14.51K","0.01%"
"28.09.2020","110.44","110.43","110.43","110.43","12.21K","0.00%"
"25.09.2020","110.44","110.45","110.47","110.44","11.61K","0.01%"
"24.09.2020","110.43","110.42","110.43","110.42","2.49K","0.01%"
"23.09.2020","110.42","110.41","110.43","110.41","1.69K","-0.01%"
"22.09.2020","110.43","110.43","110.43","110.43","4.95K","0.01%"
"21.09.2020","110.42","110.43","110.43","110.43","1.82K","0.00%"
"18.09.2020","110.42","110.43","110.43","110.41","0.08K","-0.01%"
"17.09.2020","110.43","110.43","110.44","110.43","2.51K","0.02%"
"16.09.2020","110.41","110.41","110.42","110.41","5.87K","0.00%"
"15.09.2020","110.41","110.41","110.41","110.41","1.83K","-0.01%"
"14.09.2020","110.42","110.43","110.44","110.41","1.24K","-0.02%"
"11.09.2020","110.44","110.41","110.42","110.41","1.90K","0.03%"
"10.09.2020","110.41","110.40","110.41","110.39","5.50K","0.01%"
"09.09.2020","110.40","110.41","110.41","110.40","3.71K","-0.01%"
"08.09.2020","110.41","110.40","110.42","110.40","3.63K","-0.04%"
"07.09.2020","110.45","110.44","110.46","110.44","","0.01%"
"06.09.2020","110.44","110.44","110.44","110.44","","0.05%"
"04.09.2020","110.39","110.42","110.43","110.39","6.59K","-0.04%"
"03.09.2020","110.43","110.42","110.44","110.41","16.83K","0.02%"
"02.09.2020","110.41","110.43","110.43","110.41","19.43K","-0.01%"
"01.09.2020","110.42","110.43","110.43","110.41","39.94K","-0.01%"
"31.08.2020","110.43","110.42","110.43","110.41","46.08K","0.01%"
"28.08.2020","110.42","110.37","110.44","110.36","470.68K","0.04%"
"27.08.2020","110.38","110.39","110.42","110.37","799.17K","-0.01%"
"26.08.2020","110.39","110.39","110.40","110.37","1.30M","-0.01%"
"25.08.2020","110.40","110.39","110.40","110.36","1.42M","0.01%"
"24.08.2020","110.39","110.41","110.42","110.39","567.52K","-0.02%"
"21.08.2020","110.41","110.41","110.43","110.40","304.30K","0.00%"
"20.08.2020","110.41","110.41","110.43","110.41","304.24K","0.00%"
"19.08.2020","110.41","110.41","110.42","110.40","260.73K","0.00%"
"18.08.2020","110.41","110.39","110.41","110.39","184.01K","0.02%"
"17.08.2020","110.39","110.40","110.41","110.39","242.90K","-0.01%"
"14.08.2020","110.40","110.37","110.41","110.37","266.93K","0.03%"
"13.08.2020","110.37","110.37","110.39","110.37","225.15K","-0.01%"
"12.08.2020","110.38","110.39","110.41","110.37","261.44K","0.00%"
"11.08.2020","110.38","110.44","110.45","110.38","407.92K","-0.05%"
"10.08.2020","110.44","110.45","110.47","110.43","139.43K","-0.01%"
"07.08.2020","110.45","110.47","110.48","110.44","221.96K","-0.02%"
"06.08.2020","110.47","110.46","110.49","110.46","152.56K","0.00%"
"05.08.2020","110.47","110.49","110.49","110.46","240.37K","-0.01%"
"04.08.2020","110.48","110.48","110.49","110.47","203.63K","0.01%"
"03.08.2020","110.47","110.50","110.50","110.47","284.57K","-0.02%"
"31.07.2020","110.49","110.46","110.50","110.46","422.00K","0.03%"
"30.07.2020","110.46","110.45","110.48","110.45","201.81K","0.01%"
"29.07.2020","110.45","110.43","110.46","110.42","218.42K","0.02%"
"28.07.2020","110.43","110.40","110.43","110.40","208.35K","0.02%"
"27.07.2020","110.41","110.42","110.43","110.40","255.10K","-0.01%"
"24.07.2020","110.42","110.41","110.43","110.41","143.97K","0.01%"
"23.07.2020","110.41","110.41","110.43","110.41","119.29K","-0.01%"
"22.07.2020","110.42","110.43","110.44","110.41","143.61K","-0.01%"
"21.07.2020","110.43","110.42","110.43","110.40","137.56K","0.02%"
"20.07.2020","110.41","110.42","110.43","110.41","130.87K","-0.01%"
"17.07.2020","110.42","110.42","110.43","110.41","147.94K","0.00%"
"16.07.2020","110.42","110.40","110.43","110.40","157.06K","0.01%"
"15.07.2020","110.41","110.39","110.41","110.38","145.52K","0.00%"
"14.07.2020","110.41","110.40","110.42","110.39","203.88K","0.02%"
"13.07.2020","110.39","110.41","110.42","110.38","184.36K","-0.02%"
"10.07.2020","110.41","110.41","110.45","110.40","262.77K","0.00%"
"09.07.2020","110.41","110.39","110.43","110.39","235.30K","0.00%"
"08.07.2020","110.41","110.39","110.41","110.38","251.51K","0.02%"
"07.07.2020","110.39","110.38","110.40","110.38","182.13K","0.00%"
"06.07.2020","110.39","110.41","110.41","110.38","194.23K","-0.01%"
"03.07.2020","110.40","110.41","110.41","110.40","","0.00%"
"02.07.2020","110.40","110.39","110.41","110.36","217.33K","0.02%"
"01.07.2020","110.38","110.41","110.42","110.37","256.05K","0.09%"
"30.06.2020","110.28","110.29","110.29","110.29","0.03K","-0.01%"
"29.06.2020","110.29","110.29","110.29","110.29","8.72K","0.01%"
"26.06.2020","110.28","110.24","110.29","110.24","4.40K","0.04%"
"25.06.2020","110.24","110.23","110.24","110.23","14.48K","0.02%"
"24.06.2020","110.22","110.22","110.23","110.22","12.79K","0.00%"
"23.06.2020","110.22","110.22","110.22","110.22","5.20K","-0.01%"
"22.06.2020","110.23","110.24","110.25","110.22","5.35K","0.00%"
"19.06.2020","110.23","110.22","110.24","110.22","0.85K","0.01%"
"18.06.2020","110.22","110.21","110.22","110.21","7.82K","0.01%"
"17.06.2020","110.21","110.20","110.20","110.20","4.08K","0.02%"
"16.06.2020","110.19","110.21","110.21","110.20","0.60K","-0.04%"
"15.06.2020","110.23","110.22","110.23","110.21","1.12K","0.02%"
"12.06.2020","110.21","110.19","110.22","110.19","5.80K","-0.02%"
"11.06.2020","110.23","110.23","110.23","110.18","7.16K","-0.01%"
"10.06.2020","110.24","110.20","110.23","110.20","4.67K","0.05%"
"09.06.2020","110.18","110.14","110.19","110.14","15.52K","0.04%"
"08.06.2020","110.14","110.16","110.18","110.14","17.41K","-0.02%"
"05.06.2020","110.16","110.20","110.21","110.12","35.99K","-0.04%"
"04.06.2020","110.20","110.21","110.22","110.18","10.85K","0.01%"
"03.06.2020","110.19","110.25","110.25","110.18","27.49K","-0.05%"
"02.06.2020","110.25","110.27","110.27","110.24","17.20K","-0.02%"
"01.06.2020","110.27","110.27","110.29","110.25","12.58K","-0.01%"
"29.05.2020","110.28","110.25","110.29","110.25","80.10K","0.04%"
"28.05.2020","110.24","110.24","110.26","110.23","431.88K","0.00%"
"27.05.2020","110.24","110.25","110.28","110.21","1.05M","0.00%"
"26.05.2020","110.24","110.26","110.27","110.22","1.76M","-0.02%"
"25.05.2020","110.26","110.26","110.27","110.25","","0.01%"
"24.05.2020","110.25","110.26","110.26","110.25","","-0.01%"
"22.05.2020","110.26","110.26","110.28","110.25","835.07K","0.00%"
"21.05.2020","110.26","110.26","110.27","110.25","583.14K","-0.01%"
"20.05.2020","110.27","110.25","110.28","110.23","401.42K","0.03%"
"19.05.2020","110.24","110.22","110.25","110.21","365.34K","0.03%"
"18.05.2020","110.21","110.29","110.31","110.21","395.10K","-0.06%"
"15.05.2020","110.28","110.29","110.31","110.27","325.95K","-0.01%"
"14.05.2020","110.29","110.26","110.29","110.24","327.97K","0.04%"
"13.05.2020","110.25","110.25","110.29","110.24","454.60K","0.02%"
"12.05.2020","110.23","110.22","110.25","110.20","369.96K","0.01%"
"11.05.2020","110.22","110.26","110.29","110.21","299.63K","-0.05%"
"08.05.2020","110.27","110.30","110.37","110.24","384.11K","-0.05%"
"07.05.2020","110.32","110.21","110.32","110.21","420.30K","0.10%"
"06.05.2020","110.21","110.20","110.23","110.17","383.36K","0.01%"
"05.05.2020","110.20","110.21","110.22","110.18","294.98K","-0.01%"
"04.05.2020","110.21","110.21","110.22","110.19","238.94K","0.03%"
"01.05.2020","110.18","110.20","110.23","110.17","321.68K","-0.03%"
"30.04.2020","110.21","110.20","110.23","110.19","434.82K","0.01%"
"29.04.2020","110.20","110.18","110.21","110.17","354.89K","0.02%"
"28.04.2020","110.18","110.16","110.20","110.15","271.28K","0.03%"
"27.04.2020","110.15","110.17","110.18","110.13","327.65K","-0.03%"
"24.04.2020","110.18","110.18","110.20","110.15","201.10K","0.00%"
"23.04.2020","110.18","110.19","110.20","110.16","335.85K","-0.01%"
"22.04.2020","110.19","110.21","110.22","110.17","279.85K","-0.01%"
"21.04.2020","110.20","110.20","110.24","110.18","297.68K","0.00%"
"20.04.2020","110.20","110.22","110.22","110.18","252.50K","-0.01%"
"17.04.2020","110.21","110.19","110.24","110.16","367.06K","-0.02%"
"16.04.2020","110.23","110.23","110.25","110.20","344.95K","0.00%"
"15.04.2020","110.23","110.19","110.25","110.18","344.10K","0.05%"
"14.04.2020","110.18","110.14","110.19","110.11","375.57K","0.04%"
"13.04.2020","110.14","110.17","110.19","110.13","192.79K","-0.02%"
"10.04.2020","110.16","110.16","110.16","110.16","","-0.02%"
"09.04.2020","110.18","110.11","110.20","110.10","427.33K","0.06%"
"08.04.2020","110.11","110.09","110.15","110.05","488.67K","0.05%"
"07.04.2020","110.06","110.11","110.11","110.03","518.48K","-0.05%"
"06.04.2020","110.11","110.18","110.18","110.10","389.26K","-0.09%"
"03.04.2020","110.21","110.19","110.23","110.15","322.64K","0.01%"
"02.04.2020","110.20","110.22","110.24","110.18","447.93K","0.03%"
"01.04.2020","110.17","110.16","110.23","110.16","573.75K","0.00%"
"31.03.2020","110.17","110.17","110.05","110.17","","0.02%"
"30.03.2020","110.15","109.82","110.27","109.82","4.85K","-0.02%"
"27.03.2020","110.17","110.05","110.17","110.05","6.98K","0.05%"
"26.03.2020","110.12","110.12","110.03","110.02","5.48K","0.05%"
"25.03.2020","110.06","110.06","110.06","110.01","14.36K","0.15%"
"24.03.2020","109.89","109.92","109.98","109.92","3.44K","-0.14%"
"23.03.2020","110.04","110.03","110.09","110.03","23.26K","0.12%"
"20.03.2020","109.91","109.71","109.95","109.71","4.42K","0.11%"
"19.03.2020","109.79","109.80","109.80","109.80","1.47K","0.15%"
"18.03.2020","109.63","109.66","109.75","109.66","2.26K","-0.03%"
"17.03.2020","109.66","109.81","109.81","109.65","5.65K","-0.21%"
"16.03.2020","109.89","110.05","110.05","110.05","1.96K","0.14%"
"13.03.2020","109.74","109.74","109.74","109.74","5.31K","-0.04%"
"12.03.2020","109.78","109.89","109.89","109.89","0.63K","0.01%"
"11.03.2020","109.77","109.82","109.84","109.61","0.02K","0.04%"
"10.03.2020","109.73","109.82","109.94","109.62","2.04K","-0.18%"
"09.03.2020","109.93","110.07","110.09","109.79","0.17K","0.24%"
"06.03.2020","109.67","109.46","109.74","109.45","7.86K","0.17%"
"05.03.2020","109.48","109.31","109.52","109.31","20.98K","0.10%"
"04.03.2020","109.37","109.32","109.43","109.25","42.04K","0.13%"
"03.03.2020","109.23","108.91","109.43","108.90","23.53K","0.17%"
"02.03.2020","109.05","109.03","109.25","108.87","49.75K","0.11%"
"28.02.2020","108.93","108.62","109.00","108.59","143.43K","0.35%"
"27.02.2020","108.55","108.45","108.69","108.43","812.46K","0.06%"
"26.02.2020","108.48","108.34","108.50","108.32","1.41M","0.07%"
"25.02.2020","108.40","108.30","108.45","108.21","2.82M","0.12%"
"24.02.2020","108.27","108.15","108.32","108.14","2.00M","0.15%"
"21.02.2020","108.11","108.03","108.17","108.02","1.39M","0.07%"
"20.02.2020","108.03","107.98","108.05","107.95","1.08M","0.06%"
"19.02.2020","107.96","108.00","108.00","107.95","691.66K","-0.04%"
"18.02.2020","108.00","107.96","108.03","107.93","550.65K","0.03%"
"17.02.2020","107.97","107.95","107.97","107.94","","0.02%"
"16.02.2020","107.95","107.96","107.96","107.94","","-0.02%"
"14.02.2020","107.97","107.93","108.00","107.93","536.42K","0.03%"
"13.02.2020","107.94","107.94","108.04","107.93","654.94K","-0.01%"
"12.02.2020","107.95","107.98","107.98","107.93","438.03K","-0.05%"
"11.02.2020","108.00","108.03","108.04","107.98","501.99K","-0.06%"
"10.02.2020","108.07","108.03","108.09","108.00","425.21K","0.04%"
"07.02.2020","108.03","107.94","108.04","107.91","637.26K","0.09%"
"06.02.2020","107.93","107.95","107.96","107.89","473.16K","-0.02%"
"05.02.2020","107.95","108.00","108.05","107.90","683.49K","-0.05%"
"04.02.2020","108.00","108.12","108.14","107.97","463.93K","-0.11%"
"03.02.2020","108.12","108.22","108.23","108.06","683.75K","-0.06%"
"31.01.2020","108.18","108.00","108.21","108.00","870.89K","0.11%"
"30.01.2020","108.06","108.02","108.12","108.01","580.35K","0.04%"
"29.01.2020","108.02","107.93","108.04","107.91","479.14K","0.07%"
"28.01.2020","107.94","107.98","108.05","107.92","559.67K","-0.06%"
"27.01.2020","108.00","107.96","108.02","107.95","712.37K","0.08%"
"24.01.2020","107.91","107.84","107.92","107.80","607.14K","0.06%"
"23.01.2020","107.84","107.82","107.89","107.81","498.87K","0.02%"
"22.01.2020","107.82","107.80","107.83","107.77","336.21K","0.02%"
"21.01.2020","107.80","107.74","107.82","107.73","394.17K","0.06%"
"20.01.2020","107.74","107.75","107.75","107.74","","-0.01%"
"19.01.2020","107.75","107.74","107.75","107.74","","0.02%"
"17.01.2020","107.73","107.74","107.77","107.71","412.04K","-0.01%"
"16.01.2020","107.74","107.76","107.77","107.72","339.83K","-0.01%"
"15.01.2020","107.75","107.74","107.77","107.73","462.25K","0.03%"
"14.01.2020","107.72","107.71","107.75","107.69","442.28K","0.01%"
"13.01.2020","107.71","107.75","107.75","107.69","271.33K","-0.03%"
"10.01.2020","107.74","107.73","107.77","107.70","386.33K","0.01%"
"09.01.2020","107.73","107.71","107.74","107.67","400.34K","0.01%"
"08.01.2020","107.72","107.80","107.99","107.71","724.86K","-0.06%"
"07.01.2020","107.79","107.80","107.83","107.78","481.36K","-0.01%"
"06.01.2020","107.80","107.84","107.88","107.77","622.00K","-0.03%"
"03.01.2020","107.83","107.74","107.87","107.73","605.19K","0.09%"
"02.01.2020","107.73","107.71","107.79","107.70","543.53K","0.01%"
"01.01.2020","107.72","107.71","107.73","107.71","","0.07%"
"31.12.2019","107.65","107.64","107.64","107.64","0.24K","0.00%"
"30.12.2019","107.65","107.62","107.64","107.62","3.54K","0.03%"
"27.12.2019","107.62","107.62","107.63","107.62","11.84K","0.07%"
"26.12.2019","107.55","107.55","107.18","107.17","3.24K","-0.09%"
"25.12.2019","107.65","107.65","107.65","107.65","","0.10%"
"24.12.2019","107.54","107.54","107.17","107.16","0.02K","0.04%"
"23.12.2019","107.50","107.50","107.50","107.16","","-0.05%"
"20.12.2019","107.55","107.55","107.56","107.55","3.90K","-0.03%"
"19.12.2019","107.58","107.58","107.19","107.16","10.73K","0.03%"
"18.12.2019","107.55","107.53","107.55","107.52","0.55K","0.01%"
"17.12.2019","107.54","107.54","107.55","107.54","9.68K","0.02%"
"16.12.2019","107.52","107.52","107.53","107.52","2.92K","-0.07%"
"13.12.2019","107.59","107.44","107.59","107.42","10.62K","0.12%"
"12.12.2019","107.46","107.54","107.60","107.40","10.39K","-0.08%"
"11.12.2019","107.55","107.49","107.55","107.49","4.93K","0.06%"
"10.12.2019","107.49","107.56","107.58","107.49","15.35K","-0.05%"
"09.12.2019","107.54","107.53","107.56","107.52","12.90K","0.00%"
"06.12.2019","107.54","107.59","107.59","107.43","9.27K","-0.07%"
"05.12.2019","107.61","107.61","107.62","107.57","7.16K","0.01%"
"04.12.2019","107.60","107.68","107.71","107.59","24.93K","-0.09%"
"03.12.2019","107.70","107.57","107.73","107.54","63.53K","0.14%"
"02.12.2019","107.55","107.56","107.58","107.50","77.64K","-0.03%"
"29.11.2019","107.58","107.54","107.59","107.52","62.08K","-0.15%"
"28.11.2019","107.74","107.77","107.79","107.74","","0.19%"
"27.11.2019","107.54","107.62","107.63","107.53","710.85K","-0.08%"
"26.11.2019","107.63","107.62","107.65","107.58","1.47M","0.02%"
"25.11.2019","107.61","107.58","107.62","107.55","2.14M","0.02%"
"22.11.2019","107.59","107.62","107.67","107.58","1.49M","-0.05%"
"21.11.2019","107.64","107.71","107.75","107.62","1.38M","-0.06%"
"20.11.2019","107.70","107.64","107.71","107.64","899.65K","0.06%"
"19.11.2019","107.64","107.64","107.67","107.60","736.34K","-0.01%"
"18.11.2019","107.65","107.62","107.68","107.58","450.05K","0.03%"
"15.11.2019","107.62","107.64","107.66","107.59","437.26K","-0.03%"
"14.11.2019","107.65","107.57","107.68","107.55","605.84K","0.06%"
"13.11.2019","107.59","107.50","107.60","107.50","612.59K","0.05%"
"12.11.2019","107.54","107.49","107.55","107.45","480.70K","0.05%"
"11.11.2019","107.49","107.48","107.54","107.47","83.68K","-0.02%"
"08.11.2019","107.51","107.50","107.56","107.45","514.32K","0.02%"
"07.11.2019","107.49","107.61","107.64","107.42","893.64K","-0.12%"
"06.11.2019","107.62","107.58","107.66","107.58","508.58K","0.04%"
"05.11.2019","107.58","107.67","107.68","107.54","650.34K","-0.07%"
"04.11.2019","107.65","107.72","107.73","107.64","430.58K","-0.06%"
"01.11.2019","107.72","107.79","107.82","107.68","625.95K","-0.07%"
"31.10.2019","107.80","107.67","107.82","107.61","753.93K","0.17%"
"30.10.2019","107.62","107.60","107.68","107.53","637.59K","0.02%"
"29.10.2019","107.60","107.59","107.64","107.57","538.93K","0.01%"
"28.10.2019","107.59","107.65","107.65","107.56","395.59K","-0.05%"
"25.10.2019","107.64","107.75","107.76","107.61","443.33K","-0.08%"
"24.10.2019","107.73","107.73","107.78","107.70","373.92K","-0.01%"
"23.10.2019","107.74","107.76","107.80","107.72","437.13K","0.00%"
"22.10.2019","107.74","107.70","107.77","107.68","486.18K","0.03%"
"21.10.2019","107.71","107.80","107.82","107.69","280.00K","-0.06%"
"18.10.2019","107.78","107.73","107.82","107.70","388.68K","0.05%"
"17.10.2019","107.73","107.76","107.79","107.65","394.58K","-0.02%"
"16.10.2019","107.75","107.69","107.79","107.68","447.52K","0.07%"
"15.10.2019","107.68","107.75","107.83","107.66","475.57K","-0.05%"
"14.10.2019","107.73","107.72","107.84","107.71","104.58K","0.03%"
"11.10.2019","107.70","107.85","107.89","107.65","957.18K","-0.16%"
"10.10.2019","107.87","108.00","108.11","107.84","604.54K","-0.11%"
"09.10.2019","107.99","108.11","108.12","107.98","522.96K","-0.11%"
"08.10.2019","108.11","108.02","108.14","107.95","763.97K","0.08%"
"07.10.2019","108.02","108.16","108.20","108.00","428.46K","-0.12%"
"04.10.2019","108.15","108.17","108.28","108.09","999.93K","-0.03%"
"03.10.2019","108.18","107.99","108.21","107.99","849.96K","0.17%"
"02.10.2019","108.00","107.89","108.03","107.85","795.82K","0.11%"
"01.10.2019","107.88","107.75","107.92","107.62","787.32K","0.35%"
"30.09.2019","107.50","107.55","107.55","107.55","1.64K","-0.02%"
"27.09.2019","107.52","107.45","107.46","107.45","1.01K","0.07%"
"26.09.2019","107.44","107.44","107.44","107.44","0.19K","0.05%"
"25.09.2019","107.39","107.49","107.49","107.49","1.02K","-0.14%"
"24.09.2019","107.54","107.39","107.52","107.39","12.76K","0.12%"
"23.09.2019","107.41","107.45","107.46","107.39","5.93K","0.05%"
"20.09.2019","107.36","107.36","107.36","107.36","3.91K","0.02%"
"19.09.2019","107.34","107.32","107.36","107.31","15.13K","0.00%"
"18.09.2019","107.34","107.38","107.45","107.38","6.46K","-0.02%"
"17.09.2019","107.36","107.30","107.36","107.27","3.97K","0.06%"
"16.09.2019","107.30","107.28","107.32","107.27","2.16K","0.08%"
"13.09.2019","107.21","107.36","107.37","107.20","8.63K","-0.14%"
"12.09.2019","107.36","107.42","107.53","107.36","7.21K","-0.09%"
"11.09.2019","107.46","107.46","107.49","107.43","8.40K","-0.01%"
"10.09.2019","107.47","107.59","107.60","107.43","15.12K","-0.15%"
"09.09.2019","107.63","107.70","107.70","107.61","7.80K","-0.08%"
"06.09.2019","107.72","107.72","107.75","107.65","13.64K","0.02%"
"05.09.2019","107.70","107.93","107.93","107.64","20.37K","-0.21%"
"04.09.2019","107.93","107.91","107.94","107.86","18.76K","0.05%"
"03.09.2019","107.88","107.82","107.93","107.75","42.94K","-0.17%"
"02.09.2019","108.06","108.09","108.09","108.03","","-0.03%"
"01.09.2019","108.09","108.05","108.11","108.05","","0.28%"
"30.08.2019","107.79","107.76","107.80","107.71","85.27K","0.04%"
"29.08.2019","107.75","107.83","107.87","107.74","481.56K","-0.06%"
"28.08.2019","107.82","107.80","107.84","107.76","1.13M","0.04%"
"27.08.2019","107.78","107.77","107.82","107.73","2.33M","0.03%"
"26.08.2019","107.75","107.88","107.96","107.73","1.69M","-0.05%"
"23.08.2019","107.80","107.64","107.85","107.59","1.35M","0.13%"
"22.08.2019","107.66","107.73","107.79","107.64","870.46K","-0.08%"
"21.08.2019","107.75","107.86","107.86","107.72","631.48K","-0.08%"
"20.08.2019","107.84","107.79","107.90","107.78","480.08K","0.04%"
"19.08.2019","107.80","107.90","107.90","107.77","407.11K","-0.10%"
"16.08.2019","107.91","107.88","107.92","107.82","436.78K","0.03%"
"15.08.2019","107.88","107.73","107.95","107.72","780.96K","0.12%"
"14.08.2019","107.75","107.57","107.78","107.57","756.91K","0.15%"
"13.08.2019","107.59","107.75","107.80","107.57","703.74K","-0.17%"
"12.08.2019","107.77","107.68","107.79","107.65","444.79K","0.08%"
"09.08.2019","107.68","107.73","107.80","107.64","473.02K","-0.05%"
"08.08.2019","107.73","107.74","107.79","107.66","543.04K","-0.08%"
"07.08.2019","107.82","107.79","107.95","107.73","977.54K","0.07%"
"06.08.2019","107.74","107.81","107.90","107.71","813.28K","-0.05%"
"05.08.2019","107.79","107.54","107.81","107.52","846.11K","0.25%"
"02.08.2019","107.52","107.47","107.59","107.44","738.28K","-0.01%"
"01.08.2019","107.53","107.23","107.59","107.16","1.32M","0.31%"
"31.07.2019","107.20","107.29","107.38","107.04","1.02M","-0.08%"
"30.07.2019","107.29","107.27","107.32","107.26","524.68K","0.00%"
"29.07.2019","107.29","107.29","107.32","107.27","336.26K","0.04%"
"26.07.2019","107.25","107.27","107.30","107.22","400.52K","-0.04%"
"25.07.2019","107.29","107.38","107.41","107.25","598.50K","-0.07%"
"24.07.2019","107.36","107.35","107.42","107.34","340.94K","0.01%"
"23.07.2019","107.35","107.40","107.40","107.34","419.04K","-0.05%"
"22.07.2019","107.40","107.38","107.43","107.34","359.14K","0.00%"
"19.07.2019","107.40","107.50","107.54","107.35","551.31K","-0.07%"
"18.07.2019","107.48","107.40","107.52","107.34","559.82K","0.11%"
"17.07.2019","107.36","107.33","107.41","107.31","497.18K","0.05%"
"16.07.2019","107.31","107.37","107.39","107.28","395.01K","-0.06%"
"15.07.2019","107.37","107.36","107.38","107.32","295.89K","0.01%"
"12.07.2019","107.36","107.31","107.37","107.28","371.77K","0.03%"
"11.07.2019","107.33","107.39","107.46","107.29","797.83K","-0.07%"
"10.07.2019","107.40","107.25","107.41","107.20","787.64K","0.14%"
"09.07.2019","107.25","107.28","107.30","107.21","431.94K","-0.05%"
"08.07.2019","107.30","107.30","107.39","107.27","499.15K","-0.01%"
"05.07.2019","107.31","107.55","107.58","107.28","618.02K","-0.22%"
"04.07.2019","107.55","107.56","107.58","107.54","","0.01%"
"03.07.2019","107.54","107.55","107.61","107.53","309.58K","0.00%"
"02.07.2019","107.54","107.50","107.57","107.49","369.76K","0.04%"
"01.07.2019","107.50","107.48","107.57","107.46","414.85K","0.11%"
"28.06.2019","107.38","107.38","107.38","107.38","","0.02%"
"27.06.2019","107.36","107.32","107.37","107.31","0.09K","0.05%"
"26.06.2019","107.31","107.32","107.32","107.31","0.10K","-0.11%"
"25.06.2019","107.43","107.41","107.41","107.41","0.09K","0.00%"
"24.06.2019","107.43","107.41","107.41","107.41","2.13K","0.08%"
"21.06.2019","107.34","107.32","107.35","107.32","0.16K","-0.08%"
"20.06.2019","107.43","107.40","107.45","107.32","0.24K","0.06%"
"19.06.2019","107.37","107.12","107.41","107.12","0.43K","0.18%"
"18.06.2019","107.18","107.25","107.26","107.14","0.10K","0.01%"
"17.06.2019","107.17","107.17","107.17","107.17","0.12K","-0.04%"
"14.06.2019","107.21","107.20","107.22","107.20","0.04K","-0.04%"
"13.06.2019","107.25","107.20","107.24","107.18","0.21K","0.10%"
"12.06.2019","107.14","107.06","107.16","107.06","0.51K","0.05%"
"11.06.2019","107.09","107.12","107.15","107.05","2.93K","-0.03%"
"10.06.2019","107.12","107.16","107.16","107.09","2.42K","-0.07%"
"07.06.2019","107.20","107.15","107.33","107.14","6.71K","0.06%"
"06.06.2019","107.14","107.21","107.27","107.11","7.83K","-0.07%"
"05.06.2019","107.22","107.16","107.36","107.16","13.49K","0.04%"
"04.06.2019","107.18","107.25","107.27","107.08","31.44K","-0.06%"
"03.06.2019","107.24","107.08","107.29","107.07","30.81K","0.19%"
"31.05.2019","107.04","106.82","107.09","106.82","102.70K","0.23%"
"30.05.2019","106.79","106.73","106.83","106.69","463.10K","0.00%"
"29.05.2019","106.79","106.71","106.82","106.70","1.67M","0.07%"
"28.05.2019","106.71","106.63","106.72","106.60","2.00M","-0.17%"
"27.05.2019","106.89","106.90","106.90","106.86","","-0.02%"
"26.05.2019","106.91","106.90","106.91","106.90","","0.27%"
"24.05.2019","106.62","106.66","106.68","106.62","886.86K","-0.08%"
"23.05.2019","106.71","106.53","106.73","106.53","1.46M","0.18%"
"22.05.2019","106.52","106.47","106.54","106.47","930.78K","0.04%"
"21.05.2019","106.48","106.55","106.55","106.46","683.87K","-0.06%"
"20.05.2019","106.54","106.59","106.60","106.53","720.53K","-0.05%"
"17.05.2019","106.59","106.61","106.67","106.56","539.40K","0.00%"
"16.05.2019","106.59","106.68","106.71","106.57","597.66K","-0.07%"
"15.05.2019","106.66","106.61","106.73","106.59","642.13K","0.05%"
"14.05.2019","106.61","106.63","106.66","106.59","584.30K","-0.02%"
"13.05.2019","106.63","106.54","106.67","106.52","587.30K","0.10%"
"10.05.2019","106.52","106.50","106.56","106.46","612.06K","0.03%"
"09.05.2019","106.49","106.43","106.57","106.43","712.28K","0.05%"
"08.05.2019","106.44","106.45","106.52","106.42","610.04K","-0.02%"
"07.05.2019","106.46","106.49","106.49","106.39","484.73K","0.05%"
"06.05.2019","106.41","106.39","106.52","106.39","397.72K","0.06%"
"03.05.2019","106.35","106.34","106.41","106.27","491.76K","0.01%"
"02.05.2019","106.34","106.42","106.43","106.34","590.98K","-0.08%"
"01.05.2019","106.43","106.50","106.62","106.40","876.15K","-0.07%"
"30.04.2019","106.50","106.46","106.52","106.42","644.85K","0.05%"
"29.04.2019","106.45","106.48","106.48","106.43","442.28K","-0.02%"
"26.04.2019","106.47","106.38","106.50","106.37","647.71K","0.08%"
"25.04.2019","106.39","106.41","106.44","106.38","438.45K","-0.02%"
"24.04.2019","106.41","106.34","106.44","106.33","402.75K","0.07%"
"23.04.2019","106.34","106.29","106.35","106.27","429.98K","0.05%"
"22.04.2019","106.29","106.29","106.31","106.27","231.39K","0.00%"
"19.04.2019","106.29","106.29","106.29","106.29","","0.00%"
"18.04.2019","106.29","106.26","106.32","106.25","399.85K","0.03%"
"17.04.2019","106.26","106.24","106.27","106.21","421.94K","0.03%"
"16.04.2019","106.23","106.28","106.29","106.23","322.11K","-0.05%"
"15.04.2019","106.28","106.27","106.30","106.25","345.73K","0.00%"
"12.04.2019","106.28","106.37","106.38","106.27","441.68K","-0.08%"
"11.04.2019","106.36","106.44","106.44","106.36","291.64K","-0.07%"
"10.04.2019","106.43","106.39","106.46","106.38","392.20K","0.04%"
"09.04.2019","106.39","106.36","106.43","106.35","426.12K","0.02%"
"08.04.2019","106.37","106.40","106.43","106.36","240.80K","-0.02%"
"05.04.2019","106.39","106.41","106.47","106.34","374.34K","-0.02%"
"04.04.2019","106.41","106.41","106.47","106.40","398.30K","-0.02%"
"03.04.2019","106.43","106.49","106.50","106.41","569.32K","-0.05%"
"02.04.2019","106.48","106.43","106.50","106.43","439.80K","0.04%"
"01.04.2019","106.44","106.55","106.55","106.42","534.36K","0.00%"
"29.03.2019","106.44","106.44","106.44","106.44","","-0.08%"
"28.03.2019","106.53","106.59","106.59","106.53","0.26K","-0.01%"
"27.03.2019","106.54","106.55","106.55","106.55","0.02K","0.06%"
"26.03.2019","106.48","106.48","106.48","106.48","0.24K","-0.01%"
"25.03.2019","106.49","106.46","106.53","106.46","1.97K","0.12%"
"22.03.2019","106.36","106.29","106.34","106.27","0.15K","0.14%"
"21.03.2019","106.21","106.25","106.27","106.24","0.15K","-0.02%"
"20.03.2019","106.23","106.12","106.23","106.12","0.63K","0.12%"
"19.03.2019","106.10","106.14","106.14","106.10","2.21K","-0.01%"
"18.03.2019","106.11","106.14","106.14","106.12","1.62K","-0.05%"
"15.03.2019","106.16","106.16","106.17","106.14","0.86K","0.05%"
"14.03.2019","106.11","106.10","106.13","106.09","0.72K","-0.02%"
"13.03.2019","106.13","106.11","106.14","106.10","5.28K","0.00%"
"12.03.2019","106.13","106.06","106.13","106.04","4.17K","0.04%"
"11.03.2019","106.09","106.09","106.11","106.08","5.69K","-0.01%"
"08.03.2019","106.10","106.08","106.12","106.07","3.16K","0.01%"
"07.03.2019","106.09","106.01","106.09","106.01","8.68K","0.08%"
"06.03.2019","106.00","105.95","106.02","105.94","16.56K","0.07%"
"05.03.2019","105.93","105.95","105.95","105.90","16.96K","-0.02%"
"04.03.2019","105.95","105.88","105.96","105.88","22.72K","0.04%"
"01.03.2019","105.91","105.97","105.97","105.89","33.09K","-0.07%"
"28.02.2019","105.98","106.01","106.05","105.95","117.40K","-0.02%"
"27.02.2019","106.00","106.05","106.06","105.97","715.71K","-0.05%"
"26.02.2019","106.05","106.03","106.08","106.03","1.75M","0.03%"
"25.02.2019","106.02","106.04","106.04","106.01","1.62M","-0.04%"
"22.02.2019","106.06","105.98","106.09","105.98","1.13M","0.08%"
"21.02.2019","105.98","106.04","106.05","105.97","1.24M","-0.06%"
"20.02.2019","106.04","106.06","106.08","106.03","912.94K","-0.01%"
"19.02.2019","106.05","106.01","106.07","105.99","513.08K","0.03%"
"18.02.2019","106.02","106.01","106.02","105.99","","0.02%"
"17.02.2019","106.00","106.01","106.01","106.00","","-0.01%"
"15.02.2019","106.01","106.05","106.06","106.00","342.30K","-0.04%"
"14.02.2019","106.05","105.98","106.09","105.97","649.76K","0.08%"
"13.02.2019","105.97","106.04","106.05","105.96","462.86K","-0.08%"
"12.02.2019","106.05","106.09","106.09","106.03","293.94K","-0.03%"
"11.02.2019","106.08","106.12","106.13","106.06","340.04K","-0.06%"
"08.02.2019","106.14","106.10","106.16","106.09","448.52K","0.03%"
"07.02.2019","106.11","106.02","106.11","106.02","522.59K","0.08%"
"06.02.2019","106.02","106.02","106.07","106.01","301.63K","-0.02%"
"05.02.2019","106.04","106.00","106.05","105.98","440.79K","0.02%"
"04.02.2019","106.02","106.07","106.07","106.00","384.44K","-0.05%"
"01.02.2019","106.07","106.17","106.18","106.03","729.24K","-0.08%"
"31.01.2019","106.16","106.07","106.19","106.06","599.57K","0.11%"
"30.01.2019","106.04","105.96","106.09","105.92","684.21K","0.07%"
"29.01.2019","105.97","105.91","105.98","105.91","382.26K","0.05%"
"28.01.2019","105.92","105.90","105.94","105.88","333.40K","0.01%"
"25.01.2019","105.91","105.98","105.98","105.89","528.69K","-0.07%"
"24.01.2019","105.98","105.93","106.00","105.92","346.34K","0.06%"
"23.01.2019","105.92","105.93","105.96","105.89","305.75K","-0.03%"
"22.01.2019","105.95","105.88","105.97","105.88","429.00K","0.05%"
"21.01.2019","105.90","105.89","105.92","105.89","","0.01%"
"20.01.2019","105.89","105.87","105.89","105.87","","0.01%"
"18.01.2019","105.88","105.97","105.98","105.86","416.21K","-0.09%"
"17.01.2019","105.98","106.02","106.07","105.94","431.12K","-0.04%"
"16.01.2019","106.02","106.03","106.05","105.97","328.64K","-0.03%"
"15.01.2019","106.05","106.04","106.09","106.01","341.81K","0.01%"
"14.01.2019","106.04","106.02","106.11","106.02","360.13K","0.02%"
"11.01.2019","106.02","105.97","106.07","105.96","367.60K","0.03%"
"10.01.2019","105.99","106.01","106.10","105.96","423.90K","0.00%"
"09.01.2019","105.99","105.95","106.03","105.92","462.19K","0.04%"
"08.01.2019","105.95","106.04","106.06","105.94","602.31K","-0.12%"
"07.01.2019","106.08","106.14","106.20","106.03","525.14K","-0.08%"
"04.01.2019","106.16","106.38","106.39","106.12","830.14K","-0.20%"
"03.01.2019","106.37","106.23","106.41","106.12","692.32K","0.24%"
"02.01.2019","106.12","106.11","106.20","106.09","446.76K","0.02%"
"01.01.2019","106.10","106.12","106.12","106.09","","0.05%"
"31.12.2018","106.05","106.05","106.05","106.05","0.03K","0.07%"
"28.12.2018","105.98","105.84","106.03","105.84","0.21K","0.03%"
"27.12.2018","105.95","105.91","105.96","105.91","0.69K","0.09%"
"26.12.2018","105.86","105.98","105.98","105.90","0.91K","-0.18%"
"25.12.2018","106.05","106.04","106.07","106.04","","0.11%"
"24.12.2018","105.93","105.88","105.89","105.87","0.43K","0.10%"
"21.12.2018","105.82","105.77","105.83","105.76","0.74K","0.05%"
"20.12.2018","105.77","105.78","105.80","105.75","0.22K","-0.05%"
"19.12.2018","105.82","105.83","105.84","105.73","4.48K","0.02%"
"18.12.2018","105.80","105.72","105.80","105.72","3.06K","0.08%"
"17.12.2018","105.72","105.65","105.74","105.65","0.95K","0.08%"
"14.12.2018","105.64","105.55","105.67","105.55","0.93K","0.05%"
"13.12.2018","105.59","105.53","105.60","105.52","0.74K","0.06%"
"12.12.2018","105.53","105.52","105.54","105.51","0.73K","-0.02%"
"11.12.2018","105.55","105.61","105.61","105.52","3.07K","-0.07%"
"10.12.2018","105.62","105.67","105.68","105.60","4.40K","-0.01%"
"07.12.2018","105.63","105.55","105.63","105.53","17.08K","0.09%"
"06.12.2018","105.54","105.47","105.67","105.45","11.50K","0.02%"
"05.12.2018","105.52","105.53","105.53","105.51","","0.07%"
"04.12.2018","105.45","105.45","105.49","105.41","47.19K","0.03%"
"03.12.2018","105.42","105.45","105.47","105.41","44.39K","-0.05%"
"30.11.2018","105.47","105.47","105.50","105.44","133.56K","0.00%"
"29.11.2018","105.47","105.48","105.55","105.46","893.11K","-0.02%"
"28.11.2018","105.49","105.44","105.52","105.41","1.51M","0.05%"
"27.11.2018","105.44","105.45","105.48","105.42","2.10M","0.00%"
"26.11.2018","105.44","105.48","105.48","105.42","1.39M","-0.03%"
"23.11.2018","105.47","105.46","105.51","105.45","499.76K","0.01%"
"22.11.2018","105.46","105.48","105.49","105.45","","0.00%"
"21.11.2018","105.46","105.50","105.50","105.44","639.12K","-0.04%"
"20.11.2018","105.50","105.53","105.54","105.48","555.83K","-0.03%"
"19.11.2018","105.53","105.50","105.55","105.45","690.44K","0.06%"
"16.11.2018","105.47","105.38","105.50","105.36","660.61K","0.09%"
"15.11.2018","105.38","105.36","105.45","105.34","597.35K","0.01%"
"14.11.2018","105.37","105.31","105.42","105.28","686.91K","0.07%"
"13.11.2018","105.30","105.30","105.32","105.27","483.54K","0.00%"
"12.11.2018","105.30","105.24","105.32","105.23","147.67K","0.07%"
"09.11.2018","105.23","105.16","105.24","105.16","444.19K","0.07%"
"08.11.2018","105.16","105.16","105.20","105.14","368.98K","-0.04%"
"07.11.2018","105.20","105.21","105.26","105.15","527.68K","-0.02%"
"06.11.2018","105.22","105.25","105.28","105.20","402.75K","-0.04%"
"05.11.2018","105.26","105.26","105.30","105.25","361.80K","0.01%"
"02.11.2018","105.25","105.38","105.39","105.23","492.43K","-0.11%"
"01.11.2018","105.37","105.34","105.38","105.31","373.50K","0.04%"
"31.10.2018","105.33","105.37","105.37","105.30","429.80K","-0.06%"
"30.10.2018","105.39","105.44","105.45","105.36","509.54K","-0.06%"
"29.10.2018","105.45","105.45","105.48","105.39","388.30K","0.00%"
"26.10.2018","105.45","105.38","105.52","105.38","764.31K","0.10%"
"25.10.2018","105.34","105.40","105.41","105.33","324.60K","-0.02%"
"24.10.2018","105.36","105.28","105.41","105.27","629.97K","0.08%"
"23.10.2018","105.28","105.21","105.34","105.21","636.65K","0.05%"
"22.10.2018","105.23","105.22","105.24","105.20","282.08K","0.02%"
"19.10.2018","105.21","105.26","105.28","105.20","422.74K","-0.06%"
"18.10.2018","105.27","105.23","105.30","105.20","425.35K","0.01%"
"17.10.2018","105.26","105.28","105.31","105.23","397.08K","-0.03%"
"16.10.2018","105.29","105.30","105.31","105.27","315.83K","-0.01%"
"15.10.2018","105.30","105.30","105.34","105.29","358.33K","-0.04%"
"12.10.2018","105.34","105.30","105.36","105.27","364.33K","0.00%"
"11.10.2018","105.34","105.34","105.37","105.27","676.34K","0.08%"
"10.10.2018","105.26","105.23","105.34","105.20","542.70K","0.02%"
"09.10.2018","105.24","105.26","105.27","105.23","438.01K","-0.03%"
"08.10.2018","105.27","105.23","105.27","105.20","110.81K","0.04%"
"05.10.2018","105.23","105.26","105.27","105.20","496.87K","-0.01%"
"04.10.2018","105.24","105.26","105.27","105.20","476.40K","-0.04%"
"03.10.2018","105.28","105.38","105.40","105.25","445.61K","-0.09%"
"02.10.2018","105.38","105.35","105.41","105.34","448.33K","0.02%"
"01.10.2018","105.36","105.36","105.37","105.33","296.39K","-0.19%"
"28.09.2018","105.56","105.56","105.56","105.56","0.55K","0.01%"
"27.09.2018","105.55","105.62","105.62","105.55","0.69K","0.00%"
"26.09.2018","105.55","105.55","105.56","105.53","3.98K","0.02%"
"25.09.2018","105.53","105.52","105.54","105.52","1.86K","-0.03%"
"24.09.2018","105.56","105.55","105.58","105.54","2.10K","0.00%"
"21.09.2018","105.56","105.52","105.55","105.52","3.70K","0.03%"
"20.09.2018","105.53","105.55","105.56","105.51","1.08K","0.00%"
"19.09.2018","105.53","105.54","105.56","105.52","2.38K","-0.02%"
"18.09.2018","105.55","105.59","105.60","105.55","2.07K","-0.04%"
"17.09.2018","105.59","105.59","105.59","105.57","0.50K","0.00%"
"14.09.2018","105.59","105.62","105.64","105.58","1.22K","-0.03%"
"13.09.2018","105.62","105.63","105.64","105.62","2.97K","-0.02%"
"12.09.2018","105.64","105.63","105.66","105.62","6.50K","0.01%"
"11.09.2018","105.63","105.69","105.69","105.63","3.13K","-0.06%"
"10.09.2018","105.69","105.71","105.71","105.68","7.29K","-0.01%"
"07.09.2018","105.70","105.80","105.80","105.69","7.99K","-0.10%"
"06.09.2018","105.81","105.80","105.83","105.77","11.49K","0.02%"
"05.09.2018","105.79","105.78","105.80","105.77","25.63K","0.01%"
"04.09.2018","105.78","105.82","105.84","105.77","28.53K","0.11%"
"03.09.2018","105.66","105.67","105.69","105.66","","-0.02%"
"02.09.2018","105.68","105.67","105.68","105.67","","-0.14%"
"31.08.2018","105.83","105.77","105.83","105.77","85.83K","0.06%"
"30.08.2018","105.77","105.71","105.78","105.71","383.19K","0.05%"
"29.08.2018","105.72","105.74","105.77","105.70","810.59K","-0.04%"
"28.08.2018","105.76","105.77","105.79","105.73","1.30M","-0.02%"
"27.08.2018","105.78","105.81","105.82","105.77","911.51K","-0.02%"
"24.08.2018","105.80","105.81","105.82","105.77","726.76K","-0.04%"
"23.08.2018","105.84","105.86","105.87","105.80","396.17K","-0.01%"
"22.08.2018","105.85","105.86","105.88","105.84","506.53K","0.01%"
"21.08.2018","105.84","105.88","105.88","105.83","231.01K","-0.04%"
"20.08.2018","105.88","105.83","105.88","105.81","257.78K","0.07%"
"17.08.2018","105.81","105.81","105.85","105.80","268.72K","0.01%"
"16.08.2018","105.80","105.83","105.84","105.78","279.50K","-0.04%"
"15.08.2018","105.84","105.77","105.88","105.77","530.45K","0.05%"
"14.08.2018","105.79","105.81","105.82","105.77","233.48K","-0.03%"
"13.08.2018","105.82","105.85","105.88","105.80","491.68K","-0.04%"
"10.08.2018","105.86","105.75","105.87","105.74","430.78K","0.10%"
"09.08.2018","105.75","105.70","105.76","105.70","258.58K","0.05%"
"08.08.2018","105.70","105.70","105.73","105.70","228.72K","0.00%"
"07.08.2018","105.70","105.73","105.74","105.70","200.89K","-0.03%"
"06.08.2018","105.73","105.74","105.76","105.72","189.71K","-0.02%"
"03.08.2018","105.75","105.70","105.75","105.68","248.38K","0.04%"
"02.08.2018","105.71","105.66","105.72","105.66","262.17K","0.05%"
"01.08.2018","105.66","105.67","105.70","105.65","307.63K","-0.03%"
"31.07.2018","105.69","105.70","105.73","105.67","305.66K","0.01%"
"30.07.2018","105.68","105.68","105.70","105.66","175.90K","0.01%"
"27.07.2018","105.67","105.66","105.69","105.65","226.55K","0.01%"
"26.07.2018","105.66","105.68","105.70","105.66","298.64K","-0.06%"
"25.07.2018","105.72","105.73","105.75","105.67","376.00K","-0.01%"
"24.07.2018","105.73","105.73","105.77","105.71","341.66K","0.00%"
"23.07.2018","105.73","105.80","105.83","105.73","270.16K","-0.07%"
"20.07.2018","105.80","105.81","105.83","105.78","260.58K","-0.01%"
"19.07.2018","105.81","105.77","105.84","105.73","311.25K","0.04%"
"18.07.2018","105.77","105.76","105.79","105.75","155.62K","0.00%"
"17.07.2018","105.77","105.80","105.80","105.76","156.08K","-0.02%"
"16.07.2018","105.79","105.83","105.84","105.77","249.88K","-0.05%"
"13.07.2018","105.84","105.81","105.84","105.80","226.23K","0.04%"
"12.07.2018","105.80","105.82","105.84","105.78","263.58K","-0.03%"
"11.07.2018","105.83","105.84","105.88","105.80","308.43K","0.03%"
"10.07.2018","105.80","105.85","105.86","105.80","249.50K","-0.05%"
"09.07.2018","105.85","105.90","105.90","105.84","193.27K","-0.04%"
"06.07.2018","105.89","105.87","105.92","105.85","196.75K","0.05%"
"05.07.2018","105.84","105.91","105.91","105.84","333.13K","-0.06%"
"04.07.2018","105.90","105.91","105.91","105.88","","-0.01%"
"03.07.2018","105.91","105.86","105.91","105.85","234.58K","0.03%"
"02.07.2018","105.88","105.91","105.96","105.86","259.08K","-0.18%"
"29.06.2018","106.07","106.07","106.07","106.07","0.18K","-0.03%"
"28.06.2018","106.10","106.12","106.14","106.09","0.95K","-0.02%"
"27.06.2018","106.12","106.08","106.12","106.07","1.04K","0.05%"
"26.06.2018","106.07","106.08","106.09","106.06","1.23K","-0.01%"
"25.06.2018","106.08","106.06","106.08","106.06","0.52K","0.05%"
"22.06.2018","106.03","106.03","106.06","106.02","1.12K","-0.02%"
"21.06.2018","106.05","105.99","106.04","105.99","0.99K","0.03%"
"20.06.2018","106.02","106.02","106.06","106.01","2.04K","-0.01%"
"19.06.2018","106.03","106.03","106.09","106.03","1.01K","0.01%"
"18.06.2018","106.02","106.02","106.03","106.02","0.79K","0.01%"
"15.06.2018","106.01","106.00","106.04","106.00","3.76K","0.03%"
"14.06.2018","105.98","105.95","105.99","105.95","1.71K","0.03%"
"13.06.2018","105.95","106.01","106.05","105.93","5.17K","-0.08%"
"12.06.2018","106.04","106.05","106.06","106.02","3.04K","-0.01%"
"11.06.2018","106.05","106.08","106.08","106.05","0.84K","-0.04%"
"08.06.2018","106.09","106.12","106.14","106.07","7.76K","0.02%"
"07.06.2018","106.07","106.05","106.17","106.02","4.92K","0.02%"
"06.06.2018","106.05","106.09","106.09","106.03","5.41K","-0.04%"
"05.06.2018","106.09","106.03","106.12","106.03","23.34K","0.04%"
"04.06.2018","106.05","106.12","106.12","106.03","26.54K","-0.07%"
"01.06.2018","106.12","106.20","106.20","106.09","49.91K","-0.10%"
"31.05.2018","106.23","106.23","106.25","106.18","91.31K","0.00%"
"30.05.2018","106.23","106.44","106.50","106.21","664.24K","-0.19%"
"29.05.2018","106.43","106.12","106.45","106.06","2.23M","0.43%"
"28.05.2018","105.97","105.87","106.02","105.87","","0.09%"
"27.05.2018","105.87","105.92","105.92","105.86","","-0.24%"
"25.05.2018","106.12","106.06","106.14","106.03","1.10M","0.07%"
"24.05.2018","106.05","106.03","106.12","106.02","1.26M","0.03%"
"23.05.2018","106.02","105.91","106.03","105.90","960.09K","0.10%"
"22.05.2018","105.91","105.89","105.91","105.87","496.46K","0.01%"
"21.05.2018","105.90","105.90","105.91","105.88","356.01K","-0.02%"
"18.05.2018","105.92","105.88","105.94","105.87","425.43K","0.04%"
"17.05.2018","105.88","105.85","105.89","105.83","423.35K","0.03%"
"16.05.2018","105.85","105.88","105.90","105.84","378.16K","-0.02%"
"15.05.2018","105.87","105.92","105.93","105.85","546.81K","-0.06%"
"14.05.2018","105.93","105.94","105.96","105.91","303.94K","-0.01%"
"11.05.2018","105.94","105.95","105.96","105.93","270.85K","0.01%"
"10.05.2018","105.93","105.94","106.02","105.93","343.04K","-0.02%"
"09.05.2018","105.95","105.98","105.99","105.94","232.51K","-0.03%"
"08.05.2018","105.98","106.00","106.02","105.98","307.00K","-0.04%"
"07.05.2018","106.02","106.00","106.02","105.98","142.71K","0.01%"
"04.05.2018","106.01","106.05","106.09","106.00","257.64K","-0.04%"
"03.05.2018","106.05","106.02","106.08","106.01","316.49K","0.03%"
"02.05.2018","106.02","106.00","106.02","105.96","298.06K","0.04%"
"01.05.2018","105.98","106.02","106.02","105.98","230.75K","-0.04%"
"30.04.2018","106.02","106.02","106.03","106.00","331.21K","-0.01%"
"27.04.2018","106.03","106.02","106.05","106.00","280.71K","0.01%"
"26.04.2018","106.02","106.02","106.05","106.00","319.44K","0.00%"
"25.04.2018","106.02","106.02","106.03","105.98","377.67K","-0.02%"
"24.04.2018","106.04","105.98","106.04","105.96","478.35K","0.03%"
"23.04.2018","106.01","106.02","106.03","105.98","284.59K","-0.01%"
"20.04.2018","106.02","106.06","106.09","106.01","268.22K","-0.03%"
"19.04.2018","106.05","106.06","106.09","106.05","416.11K","-0.01%"
"18.04.2018","106.06","106.12","106.12","106.05","434.41K","-0.08%"
"17.04.2018","106.14","106.14","106.16","106.11","358.64K","-0.01%"
"16.04.2018","106.15","106.15","106.16","106.10","366.46K","0.00%"
"13.04.2018","106.15","106.20","106.23","106.13","313.75K","-0.04%"
"12.04.2018","106.19","106.26","106.28","106.18","372.41K","-0.08%"
"11.04.2018","106.27","106.26","106.32","106.24","363.65K","0.01%"
"10.04.2018","106.26","106.30","106.31","106.23","409.50K","-0.04%"
"09.04.2018","106.30","106.34","106.34","106.27","274.39K","-0.03%"
"06.04.2018","106.33","106.25","106.34","106.24","434.85K","0.08%"
"05.04.2018","106.25","106.27","106.27","106.23","277.57K","-0.03%"
"04.04.2018","106.28","106.31","106.36","106.26","284.35K","-0.01%"
"03.04.2018","106.29","106.37","106.38","106.27","340.63K","-0.08%"
"02.04.2018","106.38","106.28","106.40","106.27","440.28K","-0.16%"
"29.03.2018","106.55","106.55","106.56","106.55","0.24K","0.00%"
"28.03.2018","106.55","106.62","106.62","106.58","1.90K","-0.03%"
"27.03.2018","106.58","106.55","106.59","106.54","4.56K","0.06%"
"26.03.2018","106.52","106.55","106.55","106.53","0.50K","-0.03%"
"23.03.2018","106.55","106.56","106.57","106.56","0.13K","0.03%"
"22.03.2018","106.52","106.49","106.56","106.49","0.32K","0.03%"
"21.03.2018","106.49","106.44","106.51","106.40","4.55K","0.04%"
"20.03.2018","106.45","106.48","106.48","106.42","15.69K","-0.06%"
"19.03.2018","106.51","106.50","106.54","106.48","5.67K","0.01%"
"16.03.2018","106.50","106.51","106.54","106.49","2.30K","-0.02%"
"15.03.2018","106.52","106.58","106.58","106.51","1.95K","-0.04%"
"14.03.2018","106.56","106.57","106.59","106.52","4.02K","0.01%"
"13.03.2018","106.55","106.53","106.59","106.53","7.57K","0.00%"
"12.03.2018","106.55","106.52","106.55","106.52","8.67K","0.01%"
"09.03.2018","106.54","106.54","106.55","106.50","4.26K","0.00%"
"08.03.2018","106.54","106.55","106.57","106.53","15.24K","0.00%"
"07.03.2018","106.54","106.55","106.59","106.52","15.97K","0.00%"
"06.03.2018","106.54","106.53","106.57","106.52","9.83K","-0.01%"
"05.03.2018","106.55","106.55","106.61","106.52","15.48K","0.00%"
"02.03.2018","106.55","106.59","106.63","106.53","33.56K","-0.06%"
"01.03.2018","106.61","106.52","106.62","106.48","94.52K","0.11%"
"28.02.2018","106.49","106.48","106.52","106.45","176.11K","0.00%"
"27.02.2018","106.49","106.55","106.59","106.46","828.44K","-0.06%"
"26.02.2018","106.55","106.53","106.59","106.52","1.40M","0.01%"
"23.02.2018","106.54","106.52","106.59","106.51","1.20M","0.02%"
"22.02.2018","106.52","106.48","106.53","106.47","1.13M","0.04%"
"21.02.2018","106.48","106.49","106.52","106.45","884.10K","-0.01%"
"20.02.2018","106.49","106.53","106.55","106.44","744.39K","-0.01%"
"19.02.2018","106.50","106.52","106.53","106.48","","-0.03%"
"18.02.2018","106.53","106.54","106.55","106.53","","-0.01%"
"16.02.2018","106.54","106.51","106.55","106.49","427.43K","0.02%"
"15.02.2018","106.52","106.54","106.55","106.45","489.51K","-0.01%"
"14.02.2018","106.53","106.66","106.70","106.51","711.59K","-0.12%"
"13.02.2018","106.66","106.68","106.71","106.64","432.22K","-0.03%"
"12.02.2018","106.69","106.72","106.72","106.64","524.58K","-0.07%"
"09.02.2018","106.77","106.68","106.88","106.64","905.78K","0.12%"
"08.02.2018","106.64","106.66","106.70","106.61","646.22K","0.00%"
"07.02.2018","106.64","106.67","106.75","106.60","692.53K","-0.07%"
"06.02.2018","106.71","106.83","107.01","106.66","824.02K","-0.02%"
"05.02.2018","106.73","106.61","106.84","106.59","857.65K","0.13%"
"02.02.2018","106.59","106.57","106.63","106.54","704.88K","0.00%"
"01.02.2018","106.59","106.61","106.63","106.56","608.72K","-0.03%"
"31.01.2018","106.62","106.67","106.70","106.58","718.98K","-0.04%"
"30.01.2018","106.66","106.67","106.70","106.62","405.26K","0.00%"
"29.01.2018","106.66","106.66","106.68","106.59","411.36K","0.00%"
"26.01.2018","106.66","106.72","106.73","106.63","436.57K","-0.07%"
"25.01.2018","106.73","106.74","106.77","106.68","425.22K","0.00%"
"24.01.2018","106.73","106.79","106.80","106.73","323.71K","-0.04%"
"23.01.2018","106.77","106.73","106.79","106.73","326.41K","0.04%"
"22.01.2018","106.73","106.73","106.74","106.70","368.96K","-0.01%"
"19.01.2018","106.74","106.76","106.77","106.73","363.53K","-0.03%"
"18.01.2018","106.77","106.76","106.77","106.73","464.94K","0.01%"
"17.01.2018","106.76","106.81","106.82","106.75","412.32K","-0.06%"
"16.01.2018","106.82","106.84","106.86","106.79","381.99K","-0.01%"
"15.01.2018","106.83","106.84","106.85","106.82","","-0.01%"
"14.01.2018","106.84","106.84","106.84","106.84","","0.00%"
"12.01.2018","106.84","106.88","106.88","106.80","405.34K","-0.06%"
"11.01.2018","106.90","106.89","106.92","106.88","387.94K","-0.01%"
"10.01.2018","106.91","106.90","106.92","106.88","430.71K","0.00%"
"09.01.2018","106.91","106.91","106.95","106.89","440.72K","0.00%"
"08.01.2018","106.91","106.90","106.93","106.89","137.30K","0.00%"
"05.01.2018","106.91","106.92","106.97","106.89","367.07K","0.00%"
"04.01.2018","106.91","106.95","106.96","106.88","427.54K","-0.06%"
"03.01.2018","106.97","106.98","107.01","106.95","296.10K","-0.01%"
"02.01.2018","106.98","107.05","107.05","106.97","261.26K","-0.06%"
"01.01.2018","107.04","107.05","107.05","107.04","","-0.22%"