Date,Close,Open,High,Low,Vol.,Change %
03/20/2026,27.68,27.66,27.75,27.66,4.22M,0.36%
03/19/2026,27.58,27.79,27.81,27.5,5.03M,-0.97%
03/18/2026,27.85,27.74,27.85,27.7,4.28M,0.61%
03/17/2026,27.68,27.67,27.7,27.64,3.60M,-0.18%
03/16/2026,27.73,27.74,27.78,27.68,7.29M,-0.57%
03/13/2026,27.89,27.77,27.91,27.75,4.23M,0.76%
03/12/26,27.68,27.63,27.71,27.61,2.32M,0.47%
03/11/26,27.55,27.52,27.57,27.47,3.20M,0.36%
03/10/26,27.45,27.36,27.48,27.34,3.28M,-0.04%
03/09/26,27.46,27.51,27.59,27.41,4.29M,-0.04%
03/06/26,27.47,27.57,27.59,27.43,3.32M,-0.04%
03/05/26,27.48,27.49,27.59,27.48,4.09M,0.26%
03/04/26,27.41,27.42,27.45,27.39,2.49M,-0.18%
03/03/26,27.46,27.54,27.65,27.45,3.24M,0.48%
03/02/26,27.33,27.32,27.4,27.27,3.35M,0.92%
02/27/2026,27.08,27.1,27.12,27.05,1.04M,-0.07%
02/26/2026,27.1,27.09,27.17,27.06,1.36M,0.07%
02/25/2026,27.08,27.14,27.14,27.05,1.03M,-0.11%
02/24/2026,27.11,27.13,27.15,27.08,817.35K,0.07%
02/23/2026,27.09,27.07,27.09,27.02,713.81K,0.00%
02/20/2026,27.09,27.14,27.16,27.04,1.28M,-0.11%
02/19/2026,27.12,27.16,27.17,27.09,937.77K,0.15%
02/18/2026,27.08,26.99,27.08,26.97,1.87M,0.63%
02/17/2026,26.91,26.95,27.01,26.89,1.05M,0.34%
02/13/2026,26.82,26.82,26.89,26.8,840.57K,0.00%
02/12/26,26.82,26.81,26.85,26.77,1.10M,-0.04%
02/11/26,26.83,26.82,26.86,26.76,1.45M,0.11%
02/10/26,26.8,26.73,26.81,26.73,1.04M,0.04%
02/09/26,26.79,26.81,26.84,26.77,1.35M,-0.81%
02/06/26,27.01,27.02,27.02,26.97,1.31M,-0.30%
02/05/26,27.09,27.01,27.09,27,1.84M,0.30%
02/04/26,27.01,26.97,27.02,26.95,1.12M,0.33%
02/03/26,26.92,26.98,26.99,26.9,1.16M,-0.26%
02/02/26,26.99,26.96,27.03,26.91,2.78M,0.52%
01/30/2026,26.85,26.73,26.85,26.7,2.76M,0.98%
01/29/2026,26.59,26.57,26.71,26.57,1.59M,-0.15%
01/28/2026,26.63,26.6,26.74,26.56,2.74M,0.60%
01/27/2026,26.47,26.66,26.67,26.4,1.78M,-1.16%
01/26/2026,26.78,26.81,26.82,26.72,1.39M,-0.48%
01/23/2026,26.91,27.13,27.14,26.91,686.35K,-0.88%
01/22/2026,27.15,27.21,27.22,27.12,826.82K,-0.44%
01/21/2026,27.27,27.18,27.3,27.17,1.01M,0.22%
01/20/2026,27.21,27.17,27.23,27.15,931.67K,-0.80%
01/16/2026,27.43,27.38,27.45,27.36,1.46M,0.00%
01/15/2026,27.43,27.41,27.44,27.39,700.11K,0.37%
01/14/2026,27.33,27.31,27.35,27.28,535.72K,-0.07%
01/13/2026,27.35,27.27,27.36,27.27,748.00K,0.26%
01/12/26,27.28,27.25,27.28,27.22,991.74K,-0.18%
01/09/26,27.33,27.3,27.35,27.3,806.92K,0.22%
01/08/26,27.27,27.25,27.28,27.22,591.00K,0.26%
01/07/26,27.2,27.15,27.2,27.14,1.12M,0.15%
01/06/26,27.16,27.1,27.16,27.09,1.25M,0.33%
01/05/26,27.07,27.17,27.19,27.05,1.63M,-0.15%
01/02/26,27.11,27.08,27.12,27.03,2.38M,0.30%
12/31/2025,27.03,27.06,27.11,27.03,575.87K,-0.07%
12/30/2025,27.05,27.02,27.05,27,627.49K,0.26%
12/29/2025,26.98,26.96,27.01,26.94,794.82K,0.04%
12/26/2025,26.97,26.92,27,26.92,743.50K,0.07%
12/25/2025,26.95,26.94,26.95,26.95,699.44K,0.00%
12/24/2025,26.95,26.94,26.96,26.93,699.44K,0.04%
12/23/2025,26.94,26.97,26.99,26.92,1.03M,-0.33%
12/22/2025,27.03,27.02,27.04,27,1.15M,-3.71%
12/19/2025,28.07,28.02,28.07,28.01,553.34K,0.32%
12/18/2025,27.98,27.93,28,27.93,764.30K,0.07%
12/17/2025,27.96,27.99,27.99,27.92,655.38K,0.22%
12/16/2025,27.9,27.85,27.93,27.81,881.38K,-0.11%
12/15/2025,27.93,27.91,27.96,27.88,568.38K,-0.07%
12/12/25,27.95,27.95,27.98,27.92,1.14M,0.14%
12/11/25,27.91,27.9,27.93,27.86,1.14M,-0.36%
12/10/25,28.01,28.16,28.16,27.98,2.31M,-0.53%
12/09/25,28.16,28.14,28.19,28.13,1.19M,0.14%
12/08/25,28.12,28.08,28.16,28.08,1.14M,0.14%
12/05/25,28.08,28.08,28.13,28.06,1.64M,-0.11%
12/04/25,28.11,28.02,28.11,28.02,1.48M,0.21%
12/03/25,28.05,28.09,28.1,28.02,1.96M,-0.50%
12/02/25,28.19,28.22,28.25,28.18,1.53M,-0.04%
12/01/25,28.2,28.12,28.21,28.11,3.00M,-0.04%
11/28/2025,28.21,28.27,28.27,28.18,1.22M,-0.07%
11/26/2025,28.23,28.33,28.33,28.22,1.13M,-0.28%
11/25/2025,28.31,28.32,28.33,28.24,1.28M,-0.28%
11/24/2025,28.39,28.38,28.42,28.37,995.99K,0.00%
11/21/2025,28.39,28.43,28.45,28.37,1.31M,-0.07%
11/20/2025,28.41,28.35,28.41,28.33,1.49M,0.07%
11/19/2025,28.39,28.29,28.4,28.27,1.92M,0.64%
11/18/2025,28.21,28.18,28.23,28.15,1.43M,0.11%
11/17/2025,28.18,28.17,28.2,28.15,1.19M,0.25%
11/14/2025,28.11,28.07,28.14,28.06,1.10M,0.14%
11/13/2025,28.07,28.1,28.11,28.02,1.01M,-0.28%
11/12/25,28.15,28.21,28.22,28.13,1.04M,0.04%
11/11/25,28.14,28.1,28.15,28.09,1.38M,-0.14%
11/10/25,28.18,28.17,28.22,28.16,998.33K,0.07%
11/07/25,28.16,28.15,28.18,28.11,1.15M,-0.07%
11/06/25,28.18,28.24,28.26,28.17,1.29M,-0.53%
11/05/25,28.33,28.35,28.38,28.32,1.34M,0.04%
11/04/25,28.32,28.31,28.35,28.28,1.20M,0.32%
11/03/25,28.23,28.26,28.28,28.18,852.26K,0.07%
10/31/2025,28.21,28.16,28.21,28.16,972.81K,0.28%
10/30/2025,28.13,28.12,28.13,28.08,1.52M,0.39%
10/29/2025,28.02,27.91,28.06,27.85,1.97M,0.57%
10/28/2025,27.86,27.91,27.93,27.84,1.57M,-0.07%
10/27/2025,27.88,27.89,27.93,27.88,818.30K,-0.11%
10/24/2025,27.91,27.91,27.95,27.9,692.05K,0.00%
10/23/2025,27.91,27.95,27.95,27.91,501.33K,0.04%
10/22/2025,27.9,27.96,27.96,27.87,1.08M,-0.11%
10/21/2025,27.93,27.91,27.93,27.87,1.43M,0.40%
10/20/2025,27.82,27.78,27.82,27.76,714.54K,0.25%
10/17/2025,27.75,27.75,27.8,27.74,670.74K,0.11%
10/16/2025,27.72,27.79,27.81,27.71,868.09K,-0.40%
10/15/2025,27.83,27.89,27.89,27.8,1.13M,-0.29%
10/14/2025,27.91,27.98,28,27.9,805.53K,-0.29%
10/13/2025,27.99,27.96,28,27.95,580.68K,0.36%
10/10/25,27.89,28.01,28.01,27.85,1.21M,-0.50%
10/09/25,28.03,27.88,28.06,27.88,2.42M,0.68%
10/08/25,27.84,27.83,27.9,27.81,937.43K,0.22%
10/07/25,27.78,27.72,27.78,27.69,891.04K,0.58%
10/06/25,27.62,27.66,27.67,27.59,967.77K,0.47%
10/03/25,27.49,27.51,27.53,27.47,707.69K,-0.18%
10/02/25,27.54,27.48,27.61,27.48,949.50K,0.15%
10/01/25,27.5,27.43,27.53,27.42,1.27M,-0.04%
09/30/2025,27.51,27.53,27.54,27.46,1.11M,-0.11%
09/29/2025,27.54,27.51,27.56,27.5,748.84K,-0.22%
09/26/2025,27.6,27.66,27.66,27.59,605.78K,-0.36%
09/25/2025,27.7,27.59,27.72,27.58,1.27M,0.69%
09/24/2025,27.51,27.49,27.52,27.47,802.16K,0.73%
09/23/2025,27.31,27.35,27.37,27.3,886.10K,-0.07%
09/22/2025,27.33,27.36,27.41,27.33,805.54K,-0.36%
09/19/2025,27.43,27.42,27.44,27.38,715.36K,0.29%
09/18/2025,27.35,27.33,27.41,27.32,1.54M,0.48%
09/17/2025,27.22,27.17,27.23,27.01,1.66M,0.33%
09/16/2025,27.13,27.21,27.22,27.1,875.07K,-0.62%
09/15/2025,27.3,27.34,27.35,27.3,587.21K,-0.33%
09/12/25,27.39,27.45,27.45,27.38,1.07M,0.15%
09/11/25,27.35,27.41,27.41,27.34,925.98K,-0.33%
09/10/25,27.44,27.41,27.45,27.37,465.55K,0.07%
09/09/25,27.42,27.33,27.43,27.29,385.17K,0.40%
09/08/25,27.31,27.33,27.38,27.31,513.89K,-0.33%
09/05/25,27.4,27.38,27.42,27.31,1.13M,-0.51%
09/04/25,27.54,27.53,27.59,27.53,906.04K,0.15%
09/03/25,27.5,27.53,27.56,27.46,577.17K,-0.18%
09/02/25,27.55,27.57,27.57,27.46,931.75K,0.66%
08/29/2025,27.37,27.46,27.47,27.37,661.86K,-0.07%
08/28/2025,27.39,27.44,27.46,27.36,819.41K,-0.36%
08/27/2025,27.49,27.61,27.61,27.47,524.02K,0.04%
08/26/2025,27.48,27.49,27.51,27.44,675.49K,-0.25%
08/25/2025,27.55,27.39,27.57,27.36,791.30K,0.80%
08/22/2025,27.33,27.61,27.61,27.28,1.55M,-0.98%
08/21/2025,27.6,27.5,27.6,27.5,1.19M,0.51%
08/20/2025,27.46,27.45,27.47,27.42,658.66K,-0.07%
08/19/2025,27.48,27.42,27.48,27.41,582.28K,0.26%
08/18/2025,27.41,27.39,27.44,27.39,645.97K,0.26%
08/15/2025,27.34,27.34,27.36,27.31,660.55K,-0.33%
08/14/2025,27.43,27.41,27.47,27.4,657.10K,0.37%
08/13/2025,27.33,27.33,27.33,27.27,962.30K,-0.26%
08/12/25,27.4,27.51,27.51,27.34,863.15K,-0.51%
08/11/25,27.54,27.5,27.56,27.48,1.23M,0.40%
08/08/25,27.43,27.42,27.45,27.39,490.94K,0.18%
08/07/25,27.38,27.41,27.49,27.38,1.41M,-0.07%
08/06/25,27.4,27.47,27.48,27.37,1.14M,-0.58%
08/05/25,27.56,27.59,27.63,27.52,1.07M,0.00%
08/04/25,27.56,27.52,27.58,27.5,935.56K,-0.04%
08/01/25,27.57,27.57,27.66,27.53,3.11M,-1.18%
07/31/2025,27.9,27.9,27.92,27.82,1.32M,0.22%
07/30/2025,27.84,27.76,27.85,27.67,1.90M,0.98%
07/29/2025,27.57,27.62,27.64,27.55,1.88M,0.25%
07/28/2025,27.5,27.4,27.51,27.37,1.84M,1.14%
07/25/2025,27.19,27.25,27.28,27.19,871.00K,0.22%
07/24/2025,27.13,27.1,27.14,27.05,895.14K,0.26%
07/23/2025,27.06,27.16,27.18,27.05,2.13M,-0.15%
07/22/2025,27.1,27.23,27.25,27.09,1.69M,-0.51%
07/21/2025,27.24,27.3,27.32,27.19,2.40M,-0.66%
07/18/2025,27.42,27.33,27.42,27.31,910.76K,-0.15%
07/17/2025,27.46,27.46,27.49,27.44,1.52M,0.44%
07/16/2025,27.34,27.47,27.51,27.18,2.54M,-0.36%
07/15/2025,27.44,27.3,27.46,27.29,1.71M,0.55%
07/14/2025,27.29,27.25,27.3,27.22,1.31M,0.26%
07/11/25,27.22,27.19,27.24,27.16,597.53K,0.29%
07/10/25,27.14,27.14,27.21,27.12,1.25M,0.18%
07/09/25,27.09,27.1,27.13,27.08,703.23K,0.00%
07/08/25,27.09,27.15,27.19,27.08,1.34M,0.07%
07/07/25,27.07,27.03,27.14,27.02,1.34M,0.33%
07/03/25,26.98,26.95,27,26.91,1.15M,0.48%
07/02/25,26.85,26.94,26.97,26.85,774.49K,-0.07%
07/01/25,26.87,26.83,26.91,26.81,1.50M,-0.04%
06/30/2025,26.88,27,27,26.87,1.02M,-0.52%
06/27/2025,27.02,26.99,27.05,26.95,1.37M,0.19%
06/26/2025,26.97,26.96,27,26.9,1.56M,-0.41%
06/25/2025,27.08,27.22,27.22,27.07,1.83M,-0.26%
06/24/2025,27.15,27.21,27.22,27.1,1.54M,-0.51%
06/23/2025,27.29,27.52,27.53,27.27,2.89M,-0.40%
06/20/2025,27.4,27.36,27.42,27.33,1.19M,-0.11%
06/18/2025,27.43,27.35,27.44,27.29,2.20M,0.18%
06/17/2025,27.38,27.19,27.4,27.19,2.36M,0.66%
06/16/2025,27.2,27.1,27.2,27.05,1.53M,0.11%
06/13/2025,27.17,27.27,27.29,27.14,2.72M,0.26%
06/12/25,27.1,27.09,27.14,27.06,1.26M,-0.73%
06/11/25,27.3,27.35,27.37,27.27,833.50K,-0.36%
06/10/25,27.4,27.35,27.43,27.35,732.13K,0.11%
06/09/25,27.37,27.45,27.45,27.37,604.62K,-0.26%
06/06/25,27.44,27.47,27.48,27.4,758.38K,0.51%
06/05/25,27.3,27.2,27.33,27.19,1.11M,-0.07%
06/04/25,27.32,27.37,27.39,27.28,769.77K,-0.44%
06/03/25,27.44,27.41,27.45,27.38,1.31M,0.66%
06/02/25,27.26,27.33,27.35,27.25,1.05M,-0.69%
05/30/2025,27.45,27.51,27.55,27.44,1.03M,-0.04%
05/29/2025,27.46,27.48,27.5,27.42,980.36K,-0.54%
05/28/2025,27.61,27.58,27.61,27.52,801.33K,0.33%
05/27/2025,27.52,27.4,27.52,27.4,1.06M,0.55%
05/23/2025,27.37,27.44,27.47,27.34,1.26M,-0.73%
05/22/2025,27.57,27.54,27.63,27.53,656.66K,0.29%
05/21/2025,27.49,27.48,27.5,27.4,859.20K,-0.43%
05/20/2025,27.61,27.71,27.71,27.59,430.28K,-0.29%
05/19/2025,27.69,27.65,27.72,27.64,894.44K,-0.68%
05/16/2025,27.88,27.81,27.92,27.77,807.78K,0.29%
05/15/2025,27.8,27.78,27.84,27.75,850.48K,-0.25%
05/14/2025,27.87,27.73,27.87,27.7,1.03M,0.22%
05/13/2025,27.81,27.94,27.96,27.81,736.93K,-0.86%
05/12/25,28.05,27.98,28.11,27.95,1.95M,1.41%
05/09/25,27.66,27.65,27.68,27.59,1.31M,-0.29%
05/08/25,27.74,27.52,27.77,27.51,869.60K,0.84%
05/07/25,27.51,27.39,27.52,27.36,812.23K,0.73%
05/06/25,27.31,27.37,27.4,27.31,649.98K,-0.62%
05/05/25,27.48,27.39,27.52,27.39,617.68K,-0.18%
05/02/25,27.53,27.44,27.55,27.36,1.29M,-0.15%
05/01/25,27.57,27.49,27.63,27.48,1.92M,0.58%
04/30/2025,27.41,27.37,27.42,27.33,829.29K,0.37%
04/29/2025,27.31,27.25,27.32,27.24,852.38K,0.33%
04/28/2025,27.22,27.38,27.39,27.21,520.43K,-0.62%
04/25/2025,27.39,27.42,27.45,27.35,680.65K,0.26%
04/24/2025,27.32,27.32,27.38,27.28,757.11K,-0.44%
04/23/2025,27.44,27.28,27.47,27.25,3.93M,0.92%
04/22/2025,27.19,27.09,27.21,27.06,2.22M,0.55%
04/21/2025,27.04,27.02,27.08,26.99,1.21M,-0.95%
04/17/2025,27.3,27.33,27.36,27.27,499.94K,0.07%
04/16/2025,27.28,27.34,27.37,27.24,1.33M,-0.84%
04/15/2025,27.51,27.42,27.53,27.39,757.76K,0.55%
04/14/2025,27.36,27.48,27.5,27.33,967.98K,-0.33%
04/11/25,27.45,27.31,27.56,27.29,1.81M,-0.90%
04/10/25,27.7,27.88,27.9,27.63,1.87M,-2.09%
04/09/25,28.29,27.98,28.34,27.98,1.72M,0.14%
04/08/25,28.25,28.26,28.39,28.19,491.67K,-0.46%
04/07/25,28.38,28.25,28.42,28.25,2.74M,0.42%
04/04/25,28.26,28.04,28.3,28.01,1.49M,1.11%
04/03/25,27.95,27.85,28.02,27.78,5.06M,-1.76%
04/02/25,28.45,28.49,28.52,28.42,382.75K,-0.42%
04/01/25,28.57,28.57,28.6,28.52,371.28K,0.11%
03/31/2025,28.54,28.51,28.59,28.51,980.88K,0.11%
03/28/2025,28.51,28.54,28.56,28.47,364.73K,-0.18%
03/27/2025,28.56,28.6,28.61,28.51,618.16K,-0.31%
03/26/2025,28.65,28.6,28.65,28.56,319.08K,0.46%
03/25/2025,28.52,28.49,28.54,28.46,329.12K,-0.11%
03/24/2025,28.55,28.5,28.6,28.5,551.01K,0.18%
03/21/2025,28.5,28.48,28.53,28.46,621.59K,0.32%
03/20/2025,28.41,28.48,28.5,28.41,765.35K,0.28%
03/19/2025,28.33,28.36,28.43,28.31,382.65K,0.25%
03/18/2025,28.26,28.32,28.35,28.24,457.64K,-0.07%
03/17/2025,28.28,28.33,28.34,28.26,569.87K,-0.39%
03/14/2025,28.39,28.37,28.41,28.35,1.69M,-0.11%
03/13/2025,28.42,28.43,28.44,28.36,468.95K,0.35%
03/12/25,28.32,28.35,28.38,28.26,408.73K,0.25%
03/11/25,28.25,28.26,28.31,28.22,1.35M,-0.56%
03/10/25,28.41,28.36,28.45,28.35,1.30M,0.07%
03/07/25,28.39,28.31,28.43,28.3,531.35K,-0.32%
03/06/25,28.48,28.41,28.5,28.35,575.51K,-0.07%
03/05/25,28.5,28.58,28.6,28.48,1.37M,-1.21%
03/04/25,28.85,29.01,29.06,28.84,971.07K,-0.89%
03/03/25,29.11,29.16,29.18,29.08,1.35M,-0.95%
02/28/2025,29.39,29.3,29.4,29.27,2.02M,0.44%
02/27/2025,29.26,29.22,29.29,29.19,1.08M,0.72%
02/26/2025,29.05,29.07,29.1,28.98,610.40K,0.21%
02/25/2025,28.99,29.03,29.07,28.97,1.10M,-0.38%
02/24/2025,29.1,29.09,29.13,29.04,885.68K,0.07%
02/21/2025,29.08,29.09,29.11,29.03,680.64K,0.35%
02/20/2025,28.98,29.13,29.14,28.98,1.31M,-0.79%
02/19/2025,29.21,29.22,29.29,29.19,518.58K,0.10%
02/18/2025,29.18,29.17,29.21,29.14,1.48M,0.21%
02/14/2025,29.12,29.08,29.12,29.06,658.59K,-0.27%
02/13/2025,29.2,29.38,29.4,29.17,1.64M,-0.82%
02/12/25,29.44,29.49,29.53,29.33,865.74K,0.07%
02/11/25,29.42,29.46,29.48,29.36,973.45K,-0.34%
02/10/25,29.52,29.51,29.53,29.47,754.33K,0.31%
02/07/25,29.43,29.32,29.49,29.31,1.05M,0.44%
02/06/25,29.3,29.38,29.41,29.29,1.25M,-0.07%
02/05/25,29.32,29.26,29.32,29.21,1.63M,-0.17%
02/04/25,29.37,29.49,29.51,29.37,1.15M,-0.91%
02/03/25,29.64,29.73,29.78,29.54,2.51M,0.44%
01/31/2025,29.51,29.47,29.52,29.32,811.02K,0.41%
01/30/2025,29.39,29.3,29.44,29.28,897.09K,0.00%
01/29/2025,29.39,29.41,29.43,29.34,1.14M,0.20%
01/28/2025,29.33,29.32,29.36,29.31,390.11K,0.41%
01/27/2025,29.21,29.12,29.22,29.12,977.96K,0.03%
01/24/2025,29.2,29.24,29.26,29.14,10.04M,-0.61%
01/23/2025,29.38,29.41,29.49,29.32,876.47K,-0.03%
01/22/2025,29.39,29.37,29.42,29.36,1.50M,0.17%
01/21/2025,29.34,29.44,29.48,29.32,1.74M,-1.28%
01/17/2025,29.72,29.69,29.73,29.58,1.07M,0.37%
01/16/2025,29.61,29.67,29.71,29.57,658.28K,0.00%
01/15/2025,29.61,29.53,29.7,29.5,1.06M,-0.17%
01/14/2025,29.66,29.76,29.77,29.66,1.16M,-0.64%
01/13/2025,29.85,29.85,29.9,29.82,1.35M,0.30%
01/10/25,29.76,29.74,29.82,29.68,1.41M,0.51%
01/08/25,29.61,29.65,29.66,29.58,2.16M,0.37%
01/07/25,29.5,29.37,29.5,29.36,1.51M,0.37%
01/06/25,29.39,29.39,29.42,29.35,3.88M,-0.64%
01/03/25,29.58,29.63,29.68,29.56,7.97M,-0.30%
01/02/25,29.67,29.51,29.7,29.49,1.40M,0.85%
12/31/2024,29.42,29.35,29.45,29.33,752.36K,0.44%
12/30/2024,29.29,29.33,29.39,29.29,775.07K,0.10%
12/27/2024,29.26,29.26,29.31,29.25,462.20K,-0.17%
12/26/2024,29.31,29.34,29.35,29.28,554.78K,-0.20%
12/24/2024,29.37,29.3,29.37,29.28,388.59K,0.27%
12/23/2024,29.29,29.29,29.34,29.25,818.70K,-3.97%
12/20/2024,30.5,30.59,30.6,30.44,992.30K,-0.49%
12/19/2024,30.65,30.57,30.69,30.55,715.33K,0.20%
12/18/2024,30.59,30.28,30.63,30.24,988.68K,1.16%
12/17/2024,30.24,30.23,30.26,30.18,392.14K,0.10%
12/16/2024,30.21,30.25,30.3,30.18,1.63M,-0.17%
12/13/2024,30.26,30.22,30.27,30.21,1.27M,0.03%
12/12/24,30.25,30.17,30.25,30.1,815.64K,0.33%
12/11/24,30.15,30.09,30.17,30.08,1.27M,0.33%
12/10/24,30.05,30.04,30.12,30.03,480.27K,0.23%
12/09/24,29.98,29.9,30,29.88,1.35M,0.17%
12/06/24,29.93,29.86,29.99,29.85,557.46K,0.27%
12/05/24,29.85,29.89,29.93,29.84,1.05M,-0.53%
12/04/24,30.01,30.07,30.09,29.94,475.11K,-0.03%
12/03/24,30.02,29.95,30.03,29.94,375.72K,-0.03%
12/02/24,30.03,30.03,30.12,29.98,850.16K,0.60%
11/29/2024,29.85,29.91,29.94,29.85,475.18K,-0.17%
11/27/2024,29.9,29.94,30,29.84,780.74K,-0.86%
11/26/2024,30.16,30.13,30.22,30.1,904.92K,0.13%
11/25/2024,30.12,30.06,30.2,30.05,1.07M,-0.69%
11/22/2024,30.33,30.31,30.41,30.28,337.56K,0.53%
11/21/2024,30.17,30.06,30.19,29.99,706.19K,0.33%
11/20/2024,30.07,30.05,30.12,30.05,717.88K,0.50%
11/19/2024,29.92,29.91,29.97,29.9,707.38K,-0.03%
11/18/2024,29.93,30.01,30.02,29.89,1.56M,-0.50%
11/15/2024,30.08,30.06,30.1,30,738.19K,-0.10%
11/14/2024,30.11,30,30.13,29.95,678.23K,0.40%
11/13/2024,29.99,29.83,29.99,29.83,779.13K,0.57%
11/12/24,29.82,29.8,29.89,29.79,1.60M,0.44%
11/11/24,29.69,29.69,29.74,29.68,1.83M,0.58%
11/08/24,29.52,29.44,29.59,29.43,439.94K,0.68%
11/07/24,29.32,29.37,29.42,29.29,1.28M,-0.81%
11/06/24,29.56,29.61,29.62,29.49,1.29M,1.62%
11/05/24,29.09,29.13,29.17,29.06,1.18M,-0.41%
11/04/24,29.21,29.16,29.21,29.13,504.86K,-0.38%
11/01/24,29.32,29.21,29.33,29.2,591.06K,0.41%
10/31/2024,29.2,29.18,29.27,29.17,754.37K,-0.07%
10/30/2024,29.22,29.3,29.31,29.2,394.99K,-0.24%
10/29/2024,29.29,29.37,29.38,29.27,423.88K,0.03%
10/28/2024,29.28,29.25,29.3,29.25,208.69K,0.00%
10/25/2024,29.28,29.2,29.29,29.19,211.42K,0.34%
10/24/2024,29.18,29.23,29.26,29.18,294.39K,-0.38%
10/23/2024,29.29,29.28,29.34,29.28,1.48M,0.34%
10/22/2024,29.19,29.17,29.2,29.15,197.57K,0.10%
10/21/2024,29.16,29.06,29.18,29.06,304.53K,0.45%
10/18/2024,29.03,29.03,29.05,29.01,352.87K,-0.27%
10/17/2024,29.11,29.1,29.11,29.07,720.00K,0.31%
10/16/2024,29.02,28.95,29.04,28.94,191.55K,0.28%
10/15/2024,28.94,28.87,28.96,28.87,373.80K,0.07%
10/14/2024,28.92,28.92,28.96,28.88,1.29M,0.31%
10/11/24,28.83,28.82,28.84,28.8,270.17K,0.07%
10/10/24,28.81,28.8,28.9,28.8,349.87K,-0.03%
10/09/24,28.82,28.77,28.82,28.76,222.30K,0.45%
10/08/24,28.69,28.66,28.73,28.66,5.17M,0.00%
10/07/24,28.69,28.68,28.7,28.65,283.32K,0.07%
10/04/24,28.67,28.7,28.73,28.66,456.19K,0.56%
10/03/24,28.51,28.5,28.57,28.48,1.20M,0.32%
10/02/24,28.42,28.37,28.44,28.37,814.99K,0.42%
10/01/24,28.3,28.27,28.35,28.24,1.30M,0.43%
09/30/2024,28.18,28.07,28.21,28.07,1.32M,0.39%
09/27/2024,28.07,28.02,28.1,28,845.28K,-0.04%
09/26/2024,28.08,28.15,28.2,28.07,389.37K,-0.46%
09/25/2024,28.21,28.02,28.22,28.01,263.30K,0.68%
09/24/2024,28.02,28.12,28.16,28.02,212.97K,-0.57%
09/23/2024,28.18,28.17,28.21,28.14,310.91K,0.14%
09/20/2024,28.14,28.15,28.2,28.1,370.01K,0.18%
09/19/2024,28.09,28.18,28.22,28.07,331.09K,-0.43%
09/18/2024,28.21,28.09,28.23,27.97,638.84K,0.11%
09/17/2024,28.18,28.12,28.18,28.12,455.99K,0.32%
09/16/2024,28.09,28.07,28.13,28.06,1.62M,-0.32%
09/13/2024,28.18,28.14,28.2,28.13,957.33K,-0.14%
09/12/24,28.22,28.3,28.32,28.21,330.25K,-0.42%
09/11/24,28.34,28.34,28.35,28.31,332.84K,0.11%
09/10/24,28.31,28.32,28.35,28.3,371.57K,0.04%
09/09/24,28.3,28.26,28.3,28.25,361.66K,0.43%
09/06/24,28.18,28.17,28.23,28.06,759.09K,0.14%
09/05/24,28.14,28.14,28.21,28.1,426.54K,-0.14%
09/04/24,28.18,28.27,28.28,28.17,738.62K,-0.49%
09/03/24,28.32,28.26,28.35,28.23,2.70M,0.18%
08/30/2024,28.27,28.25,28.3,28.21,2.14M,0.28%
08/29/2024,28.19,28.18,28.24,28.16,1.80M,0.36%
08/28/2024,28.09,28.09,28.12,28.04,588.16K,0.57%
08/27/2024,27.93,28.01,28.02,27.93,1.81M,-0.32%
08/26/2024,28.02,28.01,28.04,27.98,318.32K,0.21%
08/23/2024,27.96,28.2,28.21,27.94,968.47K,-0.85%
08/22/2024,28.2,28.12,28.23,28.12,3.51M,0.46%
08/21/2024,28.07,28.16,28.23,28.01,568.52K,-0.32%
08/20/2024,28.16,28.21,28.23,28.14,487.19K,-0.35%
08/19/2024,28.26,28.37,28.37,28.26,4.60M,-0.53%
08/16/2024,28.41,28.48,28.52,28.41,320.24K,-0.49%
08/15/2024,28.55,28.6,28.6,28.52,378.41K,0.35%
08/14/2024,28.45,28.43,28.45,28.35,615.95K,0.11%
08/13/2024,28.42,28.53,28.53,28.42,229.37K,-0.53%
08/12/24,28.57,28.61,28.63,28.57,181.63K,0.00%
08/09/24,28.57,28.58,28.58,28.55,350.51K,-0.10%
08/08/24,28.6,28.63,28.67,28.59,304.94K,0.14%
08/07/24,28.56,28.58,28.59,28.54,921.98K,0.21%
08/06/24,28.5,28.53,28.53,28.48,787.29K,0.32%
08/05/24,28.41,28.32,28.48,28.31,2.08M,-0.56%
08/02/24,28.57,28.63,28.63,28.54,1.18M,-1.00%
08/01/24,28.86,28.83,28.89,28.79,1.21M,0.35%
07/31/2024,28.76,28.75,28.87,28.74,533.44K,-0.55%
07/30/2024,28.92,28.95,28.97,28.9,273.79K,0.07%
07/29/2024,28.9,28.92,28.96,28.89,1.11M,0.28%
07/26/2024,28.82,28.81,28.84,28.8,230.37K,-0.07%
07/25/2024,28.84,28.84,28.85,28.78,271.99K,0.00%
07/24/2024,28.84,28.78,28.84,28.75,313.77K,-0.03%
07/23/2024,28.85,28.85,28.87,28.83,358.96K,0.17%
07/22/2024,28.8,28.81,28.83,28.8,1.07M,-0.07%
07/19/2024,28.82,28.78,28.82,28.78,378.04K,0.28%
07/18/2024,28.74,28.67,28.75,28.66,1.84M,0.45%
07/17/2024,28.61,28.62,28.65,28.58,1.07M,-0.45%
07/16/2024,28.74,28.8,28.82,28.74,382.61K,0.00%
07/15/2024,28.74,28.69,28.76,28.68,1.73M,0.17%
07/12/24,28.69,28.72,28.75,28.68,1.11M,-0.35%
07/11/24,28.79,28.75,28.81,28.72,1.00M,-0.52%
07/10/24,28.94,28.96,28.96,28.93,929.62K,-0.10%
07/09/24,28.97,28.95,28.99,28.93,633.24K,0.14%
07/08/24,28.93,28.88,28.94,28.87,333.86K,0.17%
07/05/24,28.88,28.92,28.97,28.88,969.29K,-0.35%
07/03/24,28.98,29.03,29.03,28.92,1.54M,-0.41%
07/02/24,29.1,29.14,29.16,29.08,544.06K,-0.14%
07/01/24,29.14,29.08,29.17,29.04,771.11K,0.03%
06/28/2024,29.13,29.15,29.18,29.1,941.17K,0.00%
06/27/2024,29.13,29.09,29.14,29.08,314.46K,-0.14%
06/26/2024,29.17,29.17,29.2,29.13,334.71K,0.48%
06/25/2024,29.03,29.06,29.09,29.02,872.37K,0.10%
06/24/2024,29,29,29.03,28.98,1.16M,-0.34%
06/21/2024,29.1,29.08,29.12,29.07,935.05K,0.24%
06/20/2024,29.03,28.97,29.03,28.96,346.93K,0.42%
06/18/2024,28.91,28.95,28.95,28.88,179.57K,-0.03%
06/17/2024,28.92,28.98,29.01,28.92,204.94K,-0.24%
06/14/2024,28.99,29.03,29.06,28.97,434.49K,0.45%
06/13/2024,28.86,28.6,28.9,28.57,2.16M,0.38%
06/12/24,28.75,28.63,28.75,28.61,835.25K,-0.45%
06/11/24,28.88,28.92,28.93,28.85,396.64K,0.14%
06/10/24,28.84,28.89,28.9,28.83,752.81K,0.24%
06/07/24,28.77,28.72,28.78,28.72,369.52K,0.84%
06/06/24,28.53,28.58,28.6,28.53,222.47K,-0.14%
06/05/24,28.57,28.55,28.63,28.54,1.35M,0.14%
06/04/24,28.53,28.58,28.59,28.51,540.30K,0.04%
06/03/24,28.52,28.64,28.66,28.52,786.92K,-0.52%
05/31/2024,28.67,28.62,28.69,28.59,797.20K,-0.07%
05/30/2024,28.69,28.69,28.7,28.65,322.38K,-0.31%
05/29/2024,28.78,28.7,28.78,28.68,383.02K,0.56%
05/28/2024,28.62,28.56,28.64,28.56,402.22K,-0.14%
05/24/2024,28.66,28.67,28.69,28.63,253.08K,-0.31%
05/23/2024,28.75,28.63,28.75,28.62,326.27K,0.21%
05/22/2024,28.69,28.65,28.71,28.63,309.40K,0.31%
05/21/2024,28.6,28.61,28.63,28.58,281.19K,0.00%
05/20/2024,28.6,28.58,28.6,28.57,295.95K,0.14%
05/17/2024,28.56,28.61,28.62,28.53,697.98K,0.00%
05/16/2024,28.56,28.56,28.58,28.52,1.73M,0.25%
05/15/2024,28.49,28.56,28.64,28.49,705.64K,-0.63%
05/14/2024,28.67,28.69,28.7,28.67,525.19K,-0.21%
05/13/2024,28.73,28.69,28.75,28.69,371.70K,-0.03%
05/10/24,28.74,28.73,28.78,28.7,406.16K,0.14%
05/09/24,28.7,28.78,28.79,28.7,388.39K,-0.35%
05/08/24,28.8,28.8,28.82,28.77,361.71K,0.14%
05/07/24,28.76,28.68,28.77,28.67,450.31K,0.28%
05/06/24,28.68,28.63,28.69,28.63,1.36M,0.10%
05/03/24,28.65,28.6,28.69,28.55,856.40K,-0.28%
05/02/24,28.73,28.85,28.89,28.72,1.34M,-0.76%
05/01/24,28.95,28.97,28.99,28.82,3.03M,-0.10%
04/30/2024,28.98,28.89,28.98,28.86,819.89K,0.63%
04/29/2024,28.8,28.85,28.88,28.75,783.19K,-0.31%
04/26/2024,28.89,28.85,28.95,28.83,1.02M,0.45%
04/25/2024,28.76,28.87,28.88,28.75,639.80K,-0.21%
04/24/2024,28.82,28.81,28.86,28.8,299.69K,0.10%
04/23/2024,28.79,28.88,28.89,28.76,780.95K,-0.42%
04/22/2024,28.91,28.97,28.97,28.88,302.63K,0.03%
04/19/2024,28.9,28.84,28.92,28.82,830.96K,0.00%
04/18/2024,28.9,28.84,28.9,28.83,826.44K,0.21%
04/17/2024,28.84,28.88,28.92,28.8,1.29M,-0.31%
04/16/2024,28.93,28.89,28.97,28.86,1.49M,0.14%
04/15/2024,28.89,28.85,28.9,28.83,614.12K,0.17%
04/12/24,28.84,28.82,28.86,28.8,620.83K,0.80%
04/11/24,28.61,28.56,28.68,28.56,1.11M,0.07%
04/10/24,28.59,28.49,28.62,28.49,1.02M,1.06%
04/09/24,28.29,28.23,28.31,28.22,600.37K,-0.04%
04/08/24,28.3,28.33,28.33,28.28,379.21K,-0.14%
04/05/24,28.34,28.41,28.43,28.31,469.22K,0.11%
04/04/24,28.31,28.23,28.31,28.22,1.40M,0.00%
04/03/24,28.31,28.41,28.42,28.29,3.02M,-0.46%
04/02/24,28.44,28.46,28.46,28.4,582.07K,-0.14%
04/01/24,28.48,28.38,28.51,28.37,664.40K,0.39%
03/28/2024,28.37,28.32,28.37,28.3,392.04K,0.28%
03/27/2024,28.29,28.3,28.32,28.28,209.61K,0.07%
03/26/2024,28.27,28.22,28.27,28.21,245.79K,0.07%
03/25/2024,28.25,28.25,28.26,28.22,255.26K,-0.25%
03/22/2024,28.32,28.26,28.32,28.24,736.54K,0.53%
03/21/2024,28.17,28.08,28.18,28.07,719.60K,0.68%
03/20/2024,27.98,28.19,28.2,27.98,838.04K,-0.46%
03/19/2024,28.11,28.12,28.14,28.09,909.00K,0.25%
03/18/2024,28.04,27.99,28.05,27.99,659.70K,0.21%
03/15/2024,27.98,27.99,28,27.96,396.55K,0.11%
03/14/2024,27.95,27.86,27.97,27.85,1.06M,0.54%
03/13/2024,27.8,27.81,27.83,27.75,304.72K,-0.11%
03/12/24,27.83,27.85,27.9,27.82,831.95K,0.07%
03/11/24,27.81,27.79,27.83,27.78,541.92K,0.11%
03/08/24,27.78,27.71,27.78,27.7,940.13K,0.04%
03/07/24,27.77,27.86,27.88,27.76,1.08M,-0.50%
03/06/24,27.91,27.95,27.96,27.87,841.60K,-0.36%
03/05/24,28.01,28.03,28.05,27.96,1.25M,-0.11%
03/04/24,28.04,28.04,28.05,28,853.21K,0.00%
03/01/24,28.04,28.11,28.16,28.03,779.85K,-0.18%
02/29/2024,28.09,28,28.12,27.97,1.04M,0.21%
02/28/2024,28.03,28.05,28.08,28.02,502.93K,0.07%
02/27/2024,28.01,28.01,28.03,27.97,1.42M,0.07%
02/26/2024,27.99,27.99,28.02,27.98,636.76K,-0.18%
02/23/2024,28.04,28.01,28.05,28,538.68K,0.07%
02/22/2024,28.02,28.06,28.08,28.02,895.29K,0.00%
02/21/2024,28.02,28.04,28.08,28.02,878.64K,-0.11%
02/20/2024,28.05,28,28.06,27.97,1.14M,-0.14%
02/16/2024,28.09,28.18,28.18,28.07,643.53K,0.04%
02/15/2024,28.08,28.11,28.14,28.06,948.92K,-0.39%
02/14/2024,28.19,28.24,28.24,28.17,3.24M,-0.18%
02/13/2024,28.24,28.18,28.26,28.18,3.60M,0.79%
02/12/24,28.02,28.03,28.07,28,1.13M,0.11%
02/09/24,27.99,28.02,28.03,27.98,1.12M,-0.07%
02/08/24,28.01,28.06,28.08,28,1.69M,0.11%
02/07/24,27.98,28,28.01,27.95,849.02K,-0.11%
02/06/24,28.01,28.1,28.1,28,621.90K,-0.28%
02/05/24,28.09,28.06,28.13,28.06,3.42M,0.54%
02/02/24,27.94,27.88,27.97,27.86,3.22M,0.90%
02/01/24,27.69,27.81,27.84,27.66,3.76M,-0.50%
01/31/2024,27.83,27.71,27.86,27.65,3.42M,0.25%
01/30/2024,27.76,27.76,27.83,27.73,460.55K,-0.07%
01/29/2024,27.78,27.85,27.88,27.76,1.29M,0.00%
01/26/2024,27.78,27.74,27.78,27.71,1.15M,0.00%
01/25/2024,27.78,27.72,27.83,27.72,1.25M,0.29%
01/24/2024,27.7,27.57,27.71,27.56,851.22K,-0.29%
01/23/2024,27.78,27.75,27.85,27.75,996.91K,0.25%
01/22/2024,27.71,27.69,27.73,27.66,2.17M,0.04%
01/19/2024,27.7,27.74,27.76,27.69,1.12M,-0.14%
01/18/2024,27.74,27.75,27.78,27.73,2.12M,0.11%
01/17/2024,27.71,27.75,27.79,27.7,930.05K,0.07%
01/16/2024,27.69,27.63,27.71,27.62,1.06M,0.87%
01/12/24,27.45,27.4,27.46,27.35,849.26K,0.11%
01/11/24,27.42,27.45,27.52,27.38,1.17M,0.07%
01/10/24,27.4,27.44,27.46,27.39,1.51M,-0.18%
01/09/24,27.45,27.39,27.48,27.38,407.26K,0.33%
01/08/24,27.36,27.38,27.39,27.31,1.19M,-0.18%
01/05/24,27.41,27.43,27.44,27.26,1.08M,0.00%
01/04/24,27.41,27.42,27.43,27.35,2.84M,0.00%
01/03/24,27.41,27.42,27.47,27.36,1.22M,0.33%
01/02/24,27.32,27.29,27.33,27.26,2.11M,0.85%
12/29/2023,27.09,27.08,27.1,27.01,983.79K,0.18%
12/28/2023,27.04,26.98,27.07,26.92,2.09M,0.33%
12/27/2023,26.95,27.04,27.04,26.92,783.74K,-0.52%
12/26/2023,27.09,27.12,27.13,27.08,1.11M,-0.22%
12/22/2023,27.15,27.11,27.17,27.07,1.51M,-0.04%
12/21/2023,27.16,27.18,27.25,27.16,1.70M,-0.66%
12/20/2023,27.34,27.25,27.35,27.24,2.36M,0.44%
12/19/2023,27.22,27.27,27.28,27.21,2.54M,-0.44%
12/18/2023,27.34,27.32,27.37,27.31,1.92M,-6.02%
12/15/2023,29.09,29.03,29.11,29.02,4.41M,0.66%
12/14/2023,28.9,28.99,29.01,28.86,3.75M,-0.93%
12/13/2023,29.17,29.4,29.47,29.12,1.51M,-0.85%
12/12/23,29.42,29.46,29.5,29.41,1.03M,-0.27%
12/11/23,29.5,29.52,29.54,29.47,956.18K,0.14%
12/08/23,29.46,29.51,29.51,29.39,1.46M,0.37%
12/07/23,29.35,29.41,29.43,29.25,2.57M,-0.54%
12/06/23,29.51,29.4,29.51,29.4,1.54M,0.24%
12/05/23,29.44,29.37,29.46,29.32,1.84M,0.38%
12/04/23,29.33,29.35,29.39,29.29,2.27M,0.45%
12/01/23,29.2,29.31,29.34,29.16,2.52M,-0.31%
11/30/2023,29.29,29.23,29.3,29.19,4.12M,0.72%
11/29/2023,29.08,29.07,29.12,29.01,1.90M,0.10%
11/28/2023,29.05,29.1,29.13,29,1.52M,-0.34%
11/27/2023,29.15,29.2,29.23,29.15,1.45M,-0.21%
11/24/2023,29.21,29.26,29.27,29.2,983.61K,-0.44%
11/22/2023,29.34,29.38,29.44,29.34,4.33M,0.34%
11/21/2023,29.24,29.14,29.28,29.14,1.35M,0.10%
11/20/2023,29.21,29.25,29.26,29.17,1.72M,-0.31%
11/17/2023,29.3,29.39,29.42,29.3,1.46M,-0.54%
11/16/2023,29.46,29.42,29.47,29.34,790.88K,0.07%
11/15/2023,29.44,29.42,29.48,29.38,1.38M,0.38%
11/14/2023,29.33,29.51,29.52,29.32,2.94M,-1.58%
11/13/2023,29.8,29.85,29.88,29.78,3.83M,-0.13%
11/10/23,29.84,29.84,29.89,29.82,836.21K,-0.07%
11/09/23,29.86,29.74,29.87,29.7,1.06M,0.44%
11/08/23,29.73,29.79,29.8,29.71,585.34K,-0.03%
11/07/23,29.74,29.77,29.8,29.7,1.00M,0.34%
11/06/23,29.64,29.59,29.65,29.56,1.53M,0.10%
11/03/23,29.61,29.65,29.7,29.55,3.53M,-0.94%
11/02/23,29.89,29.84,29.94,29.81,1.85M,-0.50%
11/01/23,30.04,30.13,30.17,30.02,3.26M,0.03%
10/31/2023,30.03,29.95,30.07,29.93,970.38K,0.60%
10/30/2023,29.85,29.92,29.93,29.84,719.49K,-0.40%
10/27/2023,29.97,29.95,30,29.92,1.03M,-0.13%
10/26/2023,30.01,29.99,30.07,29.97,1.03M,0.23%
10/25/2023,29.94,29.94,29.95,29.88,1.35M,0.27%
10/24/2023,29.86,29.8,29.89,29.79,1.56M,0.57%
10/23/2023,29.69,29.84,29.87,29.66,1.46M,-0.50%
10/20/2023,29.84,29.84,29.88,29.82,769.47K,0.03%
10/19/2023,29.83,29.89,29.91,29.77,1.73M,-0.30%
10/18/2023,29.92,29.88,29.95,29.86,799.05K,0.37%
10/17/2023,29.81,29.88,29.89,29.77,603.39K,0.03%
10/16/2023,29.8,29.87,29.92,29.8,761.47K,-0.43%
10/13/2023,29.93,29.91,29.98,29.9,942.23K,0.07%
10/12/23,29.91,29.76,29.92,29.76,1.69M,0.84%
10/11/23,29.66,29.64,29.74,29.61,1.34M,0.00%
10/10/23,29.66,29.71,29.73,29.64,2.28M,-0.24%
10/09/23,29.73,29.82,29.83,29.73,1.78M,-0.03%
10/06/23,29.74,29.91,29.95,29.7,1.49M,-0.20%
10/05/23,29.8,29.86,29.9,29.8,1.37M,-0.33%
10/04/23,29.9,29.89,29.98,29.88,1.11M,-0.30%
10/03/23,29.99,30,30.07,29.92,2.49M,0.10%
10/02/23,29.96,29.85,29.97,29.85,3.73M,0.77%
09/29/2023,29.73,29.65,29.75,29.65,1.59M,0.07%
09/28/2023,29.71,29.76,29.79,29.68,1.11M,-0.54%
09/27/2023,29.87,29.8,29.91,29.79,1.61M,0.47%
09/26/2023,29.73,29.66,29.74,29.65,1.64M,0.30%
09/25/2023,29.64,29.62,29.69,29.61,1.41M,0.37%
09/22/2023,29.53,29.53,29.56,29.46,1.07M,0.24%
09/21/2023,29.46,29.5,29.53,29.44,981.56K,0.07%
09/20/2023,29.44,29.35,29.45,29.26,828.48K,0.17%
09/19/2023,29.39,29.35,29.4,29.33,366.53K,0.07%
09/18/2023,29.37,29.4,29.44,29.34,479.57K,-0.17%
09/15/2023,29.42,29.42,29.44,29.36,1.30M,-0.07%
09/14/2023,29.44,29.37,29.45,29.33,1.27M,0.62%
09/13/2023,29.26,29.23,29.26,29.18,549.40K,0.07%
09/12/23,29.24,29.27,29.28,29.21,1.83M,0.17%
09/11/23,29.19,29.2,29.22,29.15,630.47K,-0.48%
09/08/23,29.33,29.29,29.33,29.21,1.03M,0.10%
09/07/23,29.3,29.29,29.34,29.28,1.03M,0.24%
09/06/23,29.23,29.21,29.29,29.18,647.57K,0.03%
09/05/23,29.22,29.16,29.25,29.16,1.22M,0.52%
09/01/23,29.07,28.82,29.08,28.81,1.26M,0.62%
08/31/2023,28.89,28.86,28.92,28.86,2.71M,0.49%
08/30/2023,28.75,28.71,28.75,28.66,2.98M,-0.17%
08/29/2023,28.8,29.07,29.07,28.79,2.20M,-0.55%
08/28/2023,28.96,28.99,29.01,28.96,710.66K,-0.17%
08/25/2023,29.01,28.97,29.09,28.89,2.38M,0.14%
08/24/2023,28.97,28.89,28.97,28.84,1.42M,0.80%
08/23/2023,28.74,28.87,28.88,28.74,2.11M,-0.35%
08/22/2023,28.84,28.8,28.86,28.79,649.07K,0.35%
08/21/2023,28.74,28.75,28.79,28.72,2.28M,-0.10%
08/18/2023,28.77,28.79,28.81,28.73,677.12K,0.07%
08/17/2023,28.75,28.67,28.81,28.66,686.73K,-0.03%
08/16/2023,28.76,28.68,28.78,28.65,1.07M,0.28%
08/15/2023,28.68,28.61,28.7,28.58,952.91K,0.03%
08/14/2023,28.67,28.71,28.75,28.59,846.89K,0.35%
08/11/23,28.57,28.54,28.59,28.49,1.44M,0.21%
08/10/23,28.51,28.4,28.51,28.33,1.19M,0.18%
08/09/23,28.46,28.43,28.46,28.39,889.06K,0.07%
08/08/23,28.44,28.48,28.53,28.44,649.24K,0.46%
08/07/23,28.31,28.31,28.36,28.29,348.34K,0.07%
08/04/23,28.29,28.26,28.31,28.22,851.82K,-0.49%
08/03/23,28.43,28.49,28.5,28.39,519.61K,-0.07%
08/02/23,28.45,28.4,28.5,28.4,727.32K,0.35%
08/01/23,28.35,28.34,28.39,28.3,1.08M,0.46%
07/31/2023,28.22,28.2,28.24,28.14,889.01K,0.18%
07/28/2023,28.17,28.18,28.2,28.09,1.14M,-0.14%
07/27/2023,28.21,28.1,28.22,28.1,3.18M,0.93%
07/26/2023,27.95,28.02,28.05,27.92,1.44M,-0.29%
07/25/2023,28.03,28.14,28.14,28.03,1.53M,-0.11%
07/24/2023,28.06,28.03,28.07,27.98,1.49M,0.36%
07/21/2023,27.96,27.94,28,27.93,2.22M,0.29%
07/20/2023,27.88,27.79,27.92,27.78,2.49M,0.58%
07/19/2023,27.72,27.71,27.79,27.68,1.57M,0.40%
07/18/2023,27.61,27.61,27.67,27.58,671.95K,0.07%
07/17/2023,27.59,27.65,27.69,27.59,1.20M,-0.11%
07/14/2023,27.62,27.59,27.64,27.56,838.29K,0.18%
07/13/2023,27.57,27.66,27.67,27.55,1.18M,-0.68%
07/12/23,27.76,27.89,27.89,27.76,1.29M,-1.17%
07/11/23,28.09,28.13,28.17,28.07,2.02M,-0.25%
07/10/23,28.16,28.27,28.29,28.15,1.27M,-0.25%
07/07/23,28.23,28.39,28.4,28.22,1.96M,-0.84%
07/06/23,28.47,28.47,28.6,28.46,882.77K,-0.25%
07/05/23,28.54,28.42,28.54,28.42,828.36K,0.46%
07/03/23,28.41,28.42,28.43,28.35,847.26K,0.11%
06/30/2023,28.38,28.43,28.44,28.35,1.52M,-0.42%
06/29/2023,28.5,28.5,28.52,28.44,722.61K,0.42%
06/28/2023,28.38,28.37,28.43,28.34,1.33M,0.46%
06/27/2023,28.25,28.22,28.29,28.2,1.11M,-0.25%
06/26/2023,28.32,28.32,28.34,28.29,1.06M,-0.11%
06/23/2023,28.35,28.31,28.39,28.3,1.63M,0.53%
06/22/2023,28.2,28.16,28.22,28.12,1.31M,0.36%
06/21/2023,28.1,28.26,28.28,28.09,1.24M,-0.46%
06/20/2023,28.23,28.24,28.3,28.23,1.41M,0.28%
06/16/2023,28.15,28.11,28.19,28.09,1.68M,0.18%
06/15/2023,28.1,28.27,28.27,28.09,1.92M,-0.57%
06/14/2023,28.26,28.29,28.41,28.24,6.22M,-0.49%
06/13/2023,28.4,28.4,28.44,28.36,2.69M,-0.32%
06/12/23,28.49,28.47,28.54,28.46,1.21M,0.04%
06/09/23,28.48,28.45,28.49,28.42,1.25M,0.32%
06/08/23,28.39,28.49,28.49,28.39,1.92M,-0.80%
06/07/23,28.62,28.55,28.63,28.48,890.23K,0.03%
06/06/23,28.61,28.65,28.67,28.59,704.02K,0.32%
06/05/23,28.52,28.64,28.65,28.52,2.29M,-0.18%
06/02/23,28.57,28.41,28.58,28.4,7.70M,1.06%
06/01/23,28.27,28.56,28.56,27.4,5.62M,-1.19%
05/31/2023,28.61,28.64,28.72,28.59,1.90M,0.18%
05/30/2023,28.56,28.52,28.59,28.52,2.06M,-0.10%
05/26/2023,28.59,28.56,28.64,28.54,1.99M,-0.03%
05/25/2023,28.6,28.54,28.61,28.54,2.45M,0.46%
05/24/2023,28.47,28.38,28.49,28.38,2.66M,0.35%
05/23/2023,28.37,28.36,28.4,28.31,925.51K,0.28%
05/22/2023,28.29,28.29,28.32,28.25,1.09M,0.07%
05/19/2023,28.27,28.3,28.33,28.21,1.90M,-0.28%
05/18/2023,28.35,28.29,28.37,28.29,2.36M,0.75%
05/17/2023,28.14,28.15,28.22,28.13,1.38M,0.18%
05/16/2023,28.09,28.05,28.1,28,2.22M,0.25%
05/15/2023,28.02,28.05,28.07,28.02,1.00M,-0.28%
05/12/23,28.1,27.97,28.1,27.96,2.96M,0.64%
05/11/23,27.92,27.88,27.94,27.86,3.65M,0.65%
05/10/23,27.74,27.71,27.77,27.68,1.38M,-0.18%
05/09/23,27.79,27.81,27.83,27.75,1.24M,0.32%
05/08/23,27.7,27.63,27.71,27.62,1.43M,0.14%
05/05/23,27.66,27.75,27.77,27.64,2.24M,-0.14%
05/04/23,27.7,27.7,27.75,27.65,3.59M,0.11%
05/03/23,27.67,27.72,27.74,27.59,3.16M,-0.54%
05/02/23,27.82,27.93,27.97,27.81,7.96M,-0.25%
05/01/23,27.89,27.77,27.91,27.76,3.56M,0.50%
04/28/2023,27.75,27.8,27.84,27.7,3.29M,0.14%
04/27/2023,27.71,27.77,27.79,27.69,1.97M,0.04%
04/26/2023,27.7,27.57,27.71,27.56,2.40M,-0.32%
04/25/2023,27.79,27.72,27.82,27.72,2.06M,0.47%
04/24/2023,27.66,27.71,27.73,27.64,1.42M,-0.32%
04/21/2023,27.75,27.74,27.86,27.73,1.89M,-0.11%
04/20/2023,27.78,27.76,27.78,27.71,1.99M,0.00%
04/19/2023,27.78,27.76,27.8,27.73,2.01M,0.22%
04/18/2023,27.72,27.77,27.79,27.72,1.71M,-0.36%
04/17/2023,27.82,27.78,27.86,27.76,2.01M,0.51%
04/14/2023,27.68,27.57,27.72,27.56,2.78M,0.58%
04/13/2023,27.52,27.5,27.53,27.46,2.47M,-0.47%
04/12/23,27.65,27.65,27.7,27.62,2.65M,-0.54%
04/11/23,27.8,27.79,27.85,27.77,785.12K,-0.36%
04/10/23,27.9,27.93,27.98,27.9,1.88M,0.58%
04/06/23,27.74,27.79,27.8,27.69,2.16M,0.07%
04/05/23,27.72,27.65,27.76,27.59,2.53M,0.29%
04/04/23,27.64,27.75,27.76,27.6,2.61M,-0.40%
04/03/23,27.75,27.83,27.86,27.74,1.75M,-0.47%
03/31/2023,27.88,27.84,27.9,27.79,2.57M,0.36%
03/30/2023,27.78,27.78,27.81,27.76,1.01M,-0.47%
03/29/2023,27.91,27.91,27.94,27.87,1.68M,0.25%
03/28/2023,27.84,27.88,27.92,27.83,2.08M,-0.36%
03/27/2023,27.94,27.99,28,27.94,1.91M,-0.32%
03/24/2023,28.03,28,28.06,28,2.37M,0.61%
03/23/2023,27.86,27.78,27.89,27.73,3.33M,0.14%
03/22/2023,27.82,27.99,28.04,27.71,5.65M,-0.75%
03/21/2023,28.03,27.99,28.07,27.97,2.35M,-0.04%
03/20/2023,28.04,28.06,28.09,28.04,2.23M,-0.57%
03/17/2023,28.2,28.29,28.33,28.15,2.19M,-0.56%
03/16/2023,28.36,28.39,28.41,28.31,2.67M,-0.11%
03/15/2023,28.39,28.47,28.51,28.38,5.14M,1.07%
03/14/2023,28.09,28.11,28.19,28.08,3.39M,0.00%
03/13/2023,28.09,28.16,28.19,28.06,5.30M,-0.92%
03/10/23,28.35,28.35,28.37,28.19,5.63M,-0.63%
03/09/23,28.53,28.55,28.56,28.5,2.75M,-0.28%
03/08/23,28.61,28.61,28.67,28.55,3.13M,-0.03%
03/07/23,28.62,28.35,28.63,28.34,4.15M,1.24%
03/06/23,28.27,28.28,28.31,28.21,4.17M,-0.14%
03/03/23,28.31,28.37,28.45,28.3,2.80M,-0.39%
03/02/23,28.42,28.46,28.49,28.4,3.98M,0.53%
03/01/23,28.27,28.26,28.34,28.22,3.93M,-0.53%
02/28/2023,28.42,28.31,28.42,28.26,4.06M,0.28%
02/27/2023,28.34,28.38,28.4,28.29,3.47M,-0.53%
02/24/2023,28.49,28.49,28.5,28.44,4.87M,0.74%
02/23/2023,28.28,28.27,28.35,28.25,4.06M,0.04%
02/22/2023,28.27,28.18,28.29,28.14,1.75M,0.32%
02/21/2023,28.18,28.13,28.2,28.06,2.53M,0.32%
02/17/2023,28.09,28.19,28.23,28.07,4.19M,-0.07%
02/16/2023,28.11,28.14,28.18,28.06,4.10M,0.14%
02/15/2023,28.07,28.09,28.14,28.06,4.81M,0.68%
02/14/2023,27.88,27.92,27.97,27.78,3.46M,-0.07%
02/13/2023,27.9,27.99,28,27.88,2.01M,-0.29%
02/10/23,27.98,27.9,28.01,27.88,3.20M,0.32%
02/09/23,27.89,27.71,27.89,27.71,3.61M,-0.14%
02/08/23,27.93,27.88,27.94,27.86,1.42M,0.11%
02/07/23,27.9,28.01,28.06,27.79,4.28M,-0.18%
02/06/23,27.95,27.9,28.01,27.87,6.88M,0.58%
02/03/23,27.79,27.65,27.79,27.6,7.87M,1.31%
02/02/23,27.43,27.32,27.48,27.31,4.30M,0.66%
02/01/23,27.25,27.43,27.51,27.22,7.14M,-0.95%
01/31/2023,27.51,27.55,27.61,27.5,2.13M,-0.22%
01/30/2023,27.57,27.48,27.57,27.44,3.01M,0.36%
01/27/2023,27.47,27.52,27.54,27.44,2.55M,0.15%
01/26/2023,27.43,27.4,27.52,27.39,2.66M,0.26%
01/25/2023,27.36,27.44,27.47,27.34,2.23M,-0.33%
01/24/2023,27.45,27.49,27.58,27.43,1.75M,-0.11%
01/23/2023,27.48,27.51,27.53,27.44,3.62M,0.15%
01/20/2023,27.44,27.56,27.6,27.44,2.63M,-0.15%
01/19/2023,27.48,27.5,27.57,27.44,2.51M,-0.25%
01/18/2023,27.55,27.33,27.57,27.31,3.21M,0.00%
01/17/2023,27.55,27.44,27.58,27.41,2.57M,0.29%
01/13/2023,27.47,27.55,27.56,27.46,2.05M,-0.04%
01/12/23,27.48,27.57,27.75,27.44,4.37M,-0.97%
01/11/23,27.75,27.74,27.81,27.72,1.93M,0.00%
01/10/23,27.75,27.73,27.79,27.69,1.67M,0.07%
01/09/23,27.73,27.78,27.79,27.66,9.86M,-0.61%
01/06/23,27.9,28.26,28.33,27.9,3.79M,-1.31%
01/05/23,28.27,28.2,28.3,28.19,3.42M,0.93%
01/04/23,28.01,27.97,28.07,27.94,1.98M,-0.36%
01/03/23,28.11,28.07,28.16,27.99,4.48M,1.08%
12/30/2022,27.81,27.86,27.93,27.77,3.44M,-0.32%
12/29/2022,27.9,27.95,27.98,27.87,2.11M,-0.61%
12/28/2022,28.07,27.92,28.07,27.88,1.99M,0.36%
12/27/2022,27.97,28,28.01,27.92,3.02M,-0.04%
12/23/2022,27.98,28.01,28.05,27.94,1.85M,-0.04%
12/22/2022,27.99,28,28.06,27.97,2.74M,0.14%
12/21/2022,27.95,27.92,27.99,27.87,4.43M,0.25%
12/20/2022,27.88,27.92,27.94,27.81,3.68M,-0.68%
12/19/2022,28.07,28.03,28.12,27.99,5.86M,-0.85%
12/16/2022,28.31,28.28,28.33,28.2,5.05M,0.18%
12/15/2022,28.26,28.06,28.35,28.03,9.09M,0.93%
12/14/2022,28,28.09,28.17,27.95,5.79M,-0.46%
12/13/2022,28.13,28.03,28.15,28.02,9.96M,-0.88%
12/12/22,28.38,28.34,28.45,28.29,4.20M,0.07%
12/09/22,28.36,28.34,28.39,28.23,2.64M,0.21%
12/08/22,28.3,28.36,28.4,28.29,2.48M,-0.32%
12/07/22,28.39,28.37,28.46,28.35,2.87M,-0.32%
12/06/22,28.48,28.4,28.53,28.34,4.04M,0.07%
12/05/22,28.46,28.25,28.47,28.22,5.15M,0.81%
12/02/22,28.23,28.36,28.44,28.2,3.85M,-0.11%
12/01/22,28.26,28.31,28.38,28.24,6.99M,-1.22%
11/30/2022,28.61,28.72,28.92,28.54,4.06M,-0.80%
11/29/2022,28.84,28.8,28.84,28.7,1.32M,0.17%
11/28/2022,28.79,28.56,28.8,28.53,2.84M,0.73%
11/25/2022,28.58,28.66,28.69,28.57,1.31M,0.00%
11/23/2022,28.58,28.8,28.81,28.57,4.71M,-1.04%
11/22/2022,28.88,28.97,28.99,28.87,3.12M,-0.62%
11/21/2022,29.06,29.03,29.1,29,3.62M,0.87%
11/18/2022,28.81,28.75,28.83,28.7,3.32M,0.28%
11/17/2022,28.73,28.83,28.88,28.73,3.65M,0.38%
11/16/2022,28.62,28.6,28.72,28.58,2.51M,-0.21%
11/15/2022,28.68,28.55,28.85,28.52,5.25M,-0.35%
11/14/2022,28.78,28.83,28.87,28.7,6.59M,0.45%
11/11/22,28.65,28.81,28.9,28.61,8.43M,-1.44%
11/10/22,29.07,29.26,29.3,29.07,10.43M,-2.29%
11/09/22,29.75,29.68,29.8,29.54,2.87M,0.75%
11/08/22,29.53,29.69,29.7,29.44,4.72M,-0.44%
11/07/22,29.66,29.71,29.76,29.62,3.22M,-0.57%
11/04/22,29.83,30.03,30.13,29.8,5.48M,-1.87%
11/03/22,30.4,30.4,30.43,30.27,8.85M,0.83%
11/02/22,30.15,29.92,30.15,29.7,5.32M,0.43%
11/01/22,30.02,29.84,30.08,29.82,3.31M,-0.03%
10/31/2022,30.03,29.98,30.05,29.95,2.92M,0.84%
10/28/2022,29.78,29.78,29.87,29.74,2.48M,0.17%
10/27/2022,29.73,29.68,29.75,29.53,4.31M,0.78%
10/26/2022,29.5,29.68,29.69,29.48,7.68M,-1.04%
10/25/2022,29.81,29.95,29.95,29.79,5.34M,-1.09%
10/24/2022,30.14,30.21,30.23,30.07,3.13M,0.10%
10/21/2022,30.11,30.47,30.49,30.05,6.35M,-0.86%
10/20/2022,30.37,30.31,30.4,30.16,3.44M,0.07%
10/19/2022,30.35,30.31,30.41,30.27,3.37M,0.73%
10/18/2022,30.13,30.08,30.23,30.06,5.33M,-0.07%
10/17/2022,30.15,30.25,30.27,30.09,4.01M,-1.02%
10/14/2022,30.46,30.33,30.49,30.31,3.99M,0.69%
10/13/2022,30.25,30.56,30.58,30.14,7.36M,-0.66%
10/12/22,30.45,30.46,30.53,30.38,2.47M,0.00%
10/11/22,30.45,30.41,30.49,30.21,4.84M,0.07%
10/10/22,30.43,30.42,30.48,30.32,4.10M,0.43%
10/07/22,30.3,30.24,30.34,30.16,4.73M,0.40%
10/06/22,30.18,30.06,30.2,30,3.24M,1.00%
10/05/22,29.88,29.92,30.03,29.84,4.95M,0.95%
10/04/22,29.6,29.82,29.84,29.58,12.31M,-1.37%
10/03/22,30.01,30.17,30.22,29.96,3.43M,-0.46%
09/30/2022,30.15,30.27,30.27,30.09,4.76M,0.00%
09/29/2022,30.15,30.31,30.35,30.12,6.26M,-0.40%
09/28/2022,30.27,30.7,30.73,30.23,9.86M,-1.30%
09/27/2022,30.67,30.59,30.76,30.52,7.69M,0.03%
09/26/2022,30.66,30.44,30.7,30.39,7.72M,1.12%
09/23/2022,30.32,30.05,30.37,30.05,4.96M,1.57%
09/22/2022,29.85,29.77,29.89,29.73,2.58M,0.13%
09/21/2022,29.81,29.66,29.92,29.64,4.72M,0.98%
09/20/2022,29.52,29.53,29.56,29.46,2.07M,0.48%
09/19/2022,29.38,29.5,29.51,29.36,1.74M,-0.07%
09/16/2022,29.4,29.5,29.51,29.34,3.65M,0.00%
09/15/2022,29.4,29.41,29.43,29.34,2.35M,0.07%
09/14/2022,29.38,29.36,29.42,29.31,2.12M,-0.20%
09/13/2022,29.44,29.31,29.46,29.25,7.86M,1.38%
09/12/22,29.04,29.03,29.06,28.95,3.58M,-0.51%
09/09/22,29.19,29.2,29.23,29.15,3.39M,-0.71%
09/08/22,29.4,29.47,29.51,29.37,2.43M,0.20%
09/07/22,29.34,29.64,29.65,29.34,3.38M,-0.71%
09/06/22,29.55,29.53,29.63,29.47,15.05M,0.58%
09/02/22,29.38,29.25,29.39,29.18,2.68M,0.03%
09/01/22,29.37,29.29,29.47,29.27,4.86M,0.89%
08/31/2022,29.11,29.2,29.22,29.03,2.50M,-0.07%
08/30/2022,29.13,29.07,29.22,29.05,2.62M,-0.03%
08/29/2022,29.14,29.12,29.17,29.06,3.90M,0.03%
08/26/2022,29.13,28.86,29.15,28.8,2.74M,0.38%
08/25/2022,29.02,29.06,29.1,28.98,2.44M,-0.17%
08/24/2022,29.07,29.17,29.21,29,4.54M,0.07%
08/23/2022,29.05,29.16,29.17,28.92,14.56M,-0.41%
08/22/2022,29.17,29.01,29.2,29.01,4.69M,0.83%
08/19/2022,28.93,28.91,28.96,28.89,3.14M,0.63%
08/18/2022,28.75,28.58,28.79,28.58,2.97M,0.77%
08/17/2022,28.53,28.54,28.58,28.46,2.70M,0.14%
08/16/2022,28.49,28.54,28.54,28.43,3.04M,-0.04%
08/15/2022,28.5,28.34,28.5,28.34,4.48M,0.88%
08/12/22,28.25,28.23,28.32,28.21,3.07M,0.39%
08/11/22,28.14,28.03,28.14,27.98,2.89M,0.07%
08/10/22,28.12,28.12,28.16,27.98,6.20M,-1.09%
08/09/22,28.43,28.36,28.45,28.35,1.44M,-0.11%
08/08/22,28.46,28.43,28.47,28.36,2.80M,-0.14%
08/05/22,28.5,28.54,28.56,28.46,3.20M,0.85%
08/04/22,28.26,28.43,28.45,28.24,2.54M,-0.63%
08/03/22,28.44,28.41,28.55,28.4,2.81M,0.28%
08/02/22,28.36,28.25,28.41,28.21,15.06M,0.64%
08/01/22,28.18,28.19,28.22,28.12,5.83M,-0.39%
07/29/2022,28.29,28.46,28.5,28.29,5.54M,-0.39%
07/28/2022,28.4,28.44,28.54,28.39,2.36M,-0.07%
07/27/2022,28.42,28.6,28.7,28.39,4.95M,-0.84%
07/26/2022,28.66,28.58,28.66,28.58,2.45M,0.77%
07/25/2022,28.44,28.39,28.49,28.38,2.01M,-0.14%
07/22/2022,28.48,28.52,28.53,28.35,3.15M,-0.14%
07/21/2022,28.52,28.64,28.67,28.52,2.83M,-0.28%
07/20/2022,28.6,28.49,28.66,28.48,2.22M,0.28%
07/19/2022,28.52,28.48,28.52,28.43,3.23M,-0.63%
07/18/2022,28.7,28.68,28.71,28.54,3.62M,-0.55%
07/15/2022,28.86,28.93,28.96,28.82,2.39M,-0.59%
07/14/2022,29.03,29.14,29.2,28.95,3.07M,0.69%
07/13/2022,28.83,28.95,28.97,28.7,1.62M,-0.21%
07/12/22,28.89,28.89,28.91,28.8,1.59M,-0.03%
07/11/22,28.9,28.86,28.92,28.8,4.23M,1.16%
07/08/22,28.57,28.6,28.67,28.53,1.74M,-0.07%
07/07/22,28.59,28.58,28.64,28.53,2.32M,0.03%
07/06/22,28.58,28.56,28.65,28.53,4.65M,0.46%
07/05/22,28.45,28.45,28.52,28.41,3.33M,1.43%
07/01/22,28.05,28.14,28.21,28.04,2.96M,0.32%
06/30/2022,27.96,28.07,28.09,27.93,2.11M,-0.32%
06/29/2022,28.05,27.96,28.06,27.95,2.03M,0.57%
06/28/2022,27.89,27.86,27.91,27.83,1.68M,0.58%
06/27/2022,27.73,27.74,27.76,27.66,1.46M,-0.18%
06/24/2022,27.78,27.82,27.84,27.74,1.43M,-0.22%
06/23/2022,27.84,27.85,27.91,27.77,2.16M,0.11%
06/22/2022,27.81,27.85,27.85,27.71,1.78M,-0.14%
06/21/2022,27.85,27.84,27.9,27.79,2.50M,-0.36%
06/17/2022,27.95,27.91,28.05,27.9,2.11M,1.01%
06/16/2022,27.67,27.88,27.96,27.59,4.90M,-0.97%
06/15/2022,27.94,28.1,28.21,27.92,5.88M,-0.78%
06/14/2022,28.16,28.04,28.21,28.03,4.13M,0.21%
06/13/2022,28.1,28,28.13,27.97,6.13M,0.97%
06/10/22,27.83,27.78,27.85,27.77,2.51M,0.80%
06/09/22,27.61,27.43,27.61,27.4,4.24M,0.73%
06/08/22,27.41,27.36,27.41,27.33,1.00M,0.29%
06/07/22,27.33,27.46,27.46,27.32,1.49M,-0.11%
06/06/22,27.36,27.29,27.39,27.28,2.81M,0.22%
06/03/22,27.3,27.25,27.33,27.21,5.71M,0.44%
06/02/22,27.18,27.29,27.33,27.18,6.24M,-0.88%
06/01/22,27.42,27.24,27.46,27.23,3.74M,0.77%
05/31/2022,27.21,27.24,27.28,27.17,2.72M,0.18%
05/27/2022,27.16,27.18,27.24,27.12,2.68M,-0.22%
05/26/2022,27.22,27.26,27.27,27.2,1.29M,-0.33%
05/25/2022,27.31,27.33,27.37,27.26,1.55M,0.37%
05/24/2022,27.21,27.26,27.27,27.16,3.64M,-0.29%
05/23/2022,27.29,27.35,27.37,27.27,3.71M,-0.91%
05/20/2022,27.54,27.53,27.61,27.52,2.68M,0.22%
05/19/2022,27.48,27.56,27.56,27.44,6.26M,-1.04%
05/18/2022,27.77,27.69,27.78,27.63,2.18M,0.51%
05/17/2022,27.63,27.67,27.69,27.61,7.70M,-0.83%
05/16/2022,27.86,27.93,27.97,27.84,1.72M,-0.39%
05/13/2022,27.97,28.07,28.07,27.93,2.86M,-0.29%
05/12/22,28.05,27.92,28.05,27.89,3.21M,0.86%
05/11/22,27.81,27.71,27.81,27.63,2.30M,0.11%
05/10/22,27.78,27.7,27.8,27.7,10.15M,0.22%
05/09/22,27.72,27.74,27.81,27.64,3.02M,0.04%
05/06/22,27.71,27.63,27.74,27.6,2.51M,0.18%
05/05/22,27.66,27.6,27.79,27.6,3.17M,0.84%
05/04/22,27.43,27.6,27.7,27.39,10.61M,-0.83%
05/03/22,27.66,27.58,27.69,27.56,2.20M,-0.18%
05/02/22,27.71,27.68,27.74,27.62,2.29M,0.51%
04/29/2022,27.57,27.6,27.62,27.48,3.03M,-0.40%
04/28/2022,27.68,27.72,27.77,27.67,2.43M,0.58%
04/27/2022,27.52,27.55,27.61,27.48,3.55M,0.62%
04/26/2022,27.35,27.25,27.36,27.24,2.24M,0.63%
04/25/2022,27.18,27.18,27.23,27.15,2.31M,0.48%
04/22/2022,27.05,26.98,27.09,26.96,1.21M,0.60%
04/21/2022,26.89,26.77,26.91,26.75,2.18M,0.30%
04/20/2022,26.81,26.84,26.86,26.78,1.23M,-0.70%
04/19/2022,27,26.99,27.01,26.95,1.50M,0.22%
04/18/2022,26.94,26.88,26.95,26.86,1.13M,0.41%
04/14/2022,26.83,26.8,26.93,26.8,1.53M,0.45%
04/13/2022,26.71,26.86,26.87,26.68,2.91M,-0.41%
04/12/22,26.82,26.71,26.82,26.69,1.41M,0.34%
04/11/22,26.73,26.72,26.74,26.68,796.26K,0.22%
04/08/22,26.67,26.75,26.78,26.66,1.71M,0.00%
04/07/22,26.67,26.6,26.68,26.58,880.31K,0.19%
04/06/22,26.62,26.56,26.68,26.55,1.65M,0.08%
04/05/22,26.6,26.45,26.6,26.42,2.08M,0.53%
04/04/22,26.46,26.43,26.48,26.41,1.16M,0.46%
04/01/22,26.34,26.37,26.4,26.34,1.82M,0.15%
03/31/2022,26.3,26.28,26.32,26.19,1.68M,0.42%
03/30/2022,26.19,26.17,26.2,26.13,3.97M,-0.53%
03/29/2022,26.33,26.25,26.35,26.21,1.54M,-0.60%
03/28/2022,26.49,26.56,26.56,26.46,1.09M,0.30%
03/25/2022,26.41,26.39,26.43,26.35,599.20K,0.04%
03/24/2022,26.4,26.43,26.46,26.37,1.67M,0.11%
03/23/2022,26.37,26.41,26.44,26.36,465.61K,0.11%
03/22/2022,26.34,26.32,26.36,26.29,921.60K,-0.04%
03/21/2022,26.35,26.27,26.35,26.25,1.23M,0.38%
03/18/2022,26.25,26.36,26.37,26.24,913.75K,0.11%
03/17/2022,26.22,26.27,26.29,26.13,3.08M,-0.23%
03/16/2022,26.28,26.37,26.5,26.28,1.96M,-0.72%
03/15/2022,26.47,26.4,26.52,26.37,762.57K,-0.11%
03/14/2022,26.5,26.46,26.51,26.4,1.74M,-0.04%
03/11/22,26.51,26.39,26.56,26.36,1.66M,0.53%
03/10/22,26.37,26.31,26.38,26.29,1.09M,0.50%
03/09/22,26.24,26.25,26.31,26.19,1.59M,-0.98%
03/08/22,26.5,26.5,26.57,26.41,1.50M,-0.19%
03/07/22,26.55,26.43,26.58,26.42,2.51M,0.72%
03/04/22,26.36,26.45,26.47,26.35,3.23M,0.76%
03/03/22,26.16,26.13,26.22,26.11,1.78M,0.38%
03/02/22,26.06,26.12,26.19,26.04,1.45M,-0.08%
03/01/22,26.08,26,26.12,25.98,2.50M,0.77%
02/28/2022,25.88,25.93,25.93,25.86,1.35M,0.15%
02/25/2022,25.84,25.93,25.94,25.84,1.29M,-0.50%
02/24/2022,25.97,26.04,26.16,25.94,4.16M,0.82%
02/23/2022,25.76,25.69,25.77,25.67,1.21M,0.12%
02/22/2022,25.73,25.71,25.73,25.67,1.17M,0.04%
02/18/2022,25.72,25.67,25.75,25.66,1.14M,0.27%
02/17/2022,25.65,25.65,25.67,25.62,858.85K,0.04%
02/16/2022,25.64,25.68,25.68,25.61,695.20K,-0.19%
02/15/2022,25.69,25.73,25.78,25.68,1.25M,-0.39%
02/14/2022,25.79,25.78,25.82,25.75,1.93M,0.27%
02/11/22,25.72,25.66,25.74,25.61,2.21M,0.43%
02/10/22,25.61,25.68,25.7,25.48,2.93M,0.16%
02/09/22,25.57,25.56,25.59,25.54,638.13K,-0.12%
02/08/22,25.6,25.59,25.63,25.58,1.59M,0.16%
02/07/22,25.56,25.59,25.59,25.53,1.16M,0.04%
02/04/22,25.55,25.6,25.63,25.54,2.24M,-0.08%
02/03/22,25.57,25.61,25.62,25.51,6.51M,-0.51%
02/02/22,25.7,25.7,25.74,25.68,4.40M,-0.39%
02/01/22,25.8,25.8,25.85,25.79,4.02M,-0.27%
01/31/2022,25.87,25.97,25.99,25.85,2.05M,-0.69%
01/28/2022,26.05,26.04,26.07,26,1.79M,-0.04%
01/27/2022,26.06,26.01,26.07,25.98,1.53M,0.85%
01/26/2022,25.84,25.71,25.86,25.7,1.58M,0.54%
01/25/2022,25.7,25.76,25.78,25.69,1.31M,0.04%
01/24/2022,25.69,25.72,25.75,25.66,1.95M,0.31%
01/21/2022,25.61,25.58,25.62,25.58,1.22M,-0.27%
01/20/2022,25.68,25.59,25.68,25.56,1.03M,0.31%
01/19/2022,25.6,25.59,25.62,25.57,1.48M,-0.23%
01/18/2022,25.66,25.6,25.67,25.58,1.94M,0.63%
01/14/2022,25.5,25.44,25.53,25.42,2.30M,0.28%
01/13/2022,25.43,25.37,25.43,25.36,3.80M,-0.04%
01/12/22,25.44,25.53,25.53,25.42,3.49M,-0.66%
01/11/22,25.61,25.71,25.74,25.61,1.31M,-0.43%
01/10/22,25.72,25.77,25.78,25.7,1.00M,0.23%
01/07/22,25.66,25.74,25.75,25.64,540.46K,-0.54%
01/06/22,25.8,25.77,25.82,25.74,1.40M,0.08%
01/05/22,25.78,25.72,25.79,25.69,1.03M,-0.12%
01/04/22,25.81,25.81,25.82,25.74,1.31M,0.08%
01/03/22,25.79,25.74,25.81,25.74,3.45M,0.62%
12/31/2021,25.63,25.69,25.71,25.62,1.16M,-0.43%
12/30/2021,25.74,25.74,25.77,25.7,367.43K,0.16%
12/29/2021,25.7,25.74,25.74,25.66,1.25M,-0.27%
12/28/2021,25.77,25.76,25.81,25.75,820.13K,0.12%
12/27/2021,25.74,25.78,25.78,25.74,1.34M,0.04%
12/23/2021,25.73,25.81,25.81,25.73,2.22M,-0.08%
12/22/2021,25.75,25.8,25.81,25.74,2.10M,-0.39%
12/21/2021,25.85,25.87,25.91,25.85,886.89K,-0.12%
12/20/2021,25.88,25.85,25.89,25.83,1.42M,-0.12%
12/17/2021,25.91,25.76,25.91,25.76,545.23K,0.70%
12/16/2021,25.73,25.73,25.78,25.71,1.12M,-0.43%
12/15/2021,25.84,25.89,25.98,25.82,735.01K,-0.15%
12/14/2021,25.88,25.81,25.89,25.8,621.71K,0.19%
12/13/2021,25.83,25.76,25.84,25.76,711.73K,0.31%
12/10/21,25.75,25.8,25.83,25.73,560.65K,-0.16%
12/09/21,25.79,25.76,25.83,25.75,751.82K,0.35%
12/08/21,25.7,25.78,25.78,25.69,584.58K,-0.46%
12/07/21,25.82,25.89,25.89,25.81,2.79M,0.04%
12/06/21,25.81,25.8,25.85,25.79,682.11K,0.16%
12/03/21,25.77,25.79,25.86,25.74,1.32M,-0.04%
12/02/21,25.78,25.7,25.79,25.7,732.39K,0.04%
12/01/21,25.77,25.7,25.78,25.65,1.83M,0.27%
11/30/2021,25.7,25.65,25.92,25.62,2.12M,-0.46%
11/29/2021,25.82,25.83,25.86,25.81,750.03K,0.19%
11/26/2021,25.77,25.81,25.82,25.74,1.10M,-0.77%
11/24/2021,25.97,25.98,26,25.94,1.01M,0.39%
11/23/2021,25.87,25.89,25.9,25.84,776.41K,-0.04%
11/22/2021,25.88,25.85,25.89,25.81,1.09M,0.50%
11/19/2021,25.75,25.7,25.76,25.69,679.94K,0.51%
11/18/2021,25.62,25.67,25.69,25.62,708.07K,-0.27%
11/17/2021,25.69,25.72,25.75,25.67,683.01K,-0.19%
11/16/2021,25.74,25.68,25.74,25.65,1.41M,0.39%
11/15/2021,25.64,25.51,25.64,25.49,505.63K,0.55%
11/12/21,25.5,25.54,25.55,25.48,259.49K,-0.12%
11/11/21,25.53,25.47,25.53,25.47,567.98K,0.24%
11/10/21,25.47,25.26,25.47,25.24,1.70M,1.07%
11/09/21,25.2,25.21,25.25,25.18,305.49K,-0.12%
11/08/21,25.23,25.25,25.26,25.21,604.90K,-0.20%
11/05/21,25.28,25.33,25.37,25.27,636.74K,-0.08%
11/04/21,25.3,25.27,25.34,25.27,1.07M,0.52%
11/03/21,25.17,25.25,25.27,25.16,1.70M,-0.24%
11/02/21,25.23,25.21,25.25,25.2,1.11M,0.24%
11/01/21,25.17,25.24,25.25,25.17,2.23M,-0.32%
10/29/2021,25.25,25.12,25.3,25.12,799.21K,0.80%
10/28/2021,25.05,25.13,25.13,25.02,567.78K,-0.60%
10/27/2021,25.2,25.16,25.2,25.14,336.08K,-0.04%
10/26/2021,25.21,25.16,25.23,25.16,784.01K,0.20%
10/25/2021,25.16,25.17,25.19,25.16,354.88K,0.16%
10/22/2021,25.12,25.13,25.16,25.09,378.43K,-0.20%
10/21/2021,25.17,25.11,25.17,25.1,538.81K,0.24%
10/20/2021,25.11,25.14,25.16,25.09,780.50K,-0.16%
10/19/2021,25.15,25.13,25.17,25.11,968.70K,-0.24%
10/18/2021,25.21,25.22,25.24,25.18,1.63M,0.04%
10/15/2021,25.2,25.22,25.25,25.19,488.25K,-0.12%
10/14/2021,25.23,25.2,25.24,25.2,508.97K,0.00%
10/13/2021,25.23,25.3,25.31,25.23,759.78K,-0.55%
10/12/21,25.37,25.35,25.39,25.34,778.82K,0.12%
10/11/21,25.34,25.28,25.34,25.26,1.88M,0.28%
10/08/21,25.27,25.25,25.28,25.24,383.55K,-0.08%
10/07/21,25.29,25.29,25.3,25.26,480.02K,-0.04%
10/06/21,25.3,25.33,25.35,25.29,1.12M,0.28%
10/05/21,25.23,25.25,25.25,25.19,647.97K,0.20%
10/04/21,25.18,25.18,25.2,25.15,875.07K,-0.32%
10/01/21,25.26,25.23,25.28,25.23,1.52M,-0.20%
09/30/2021,25.31,25.33,25.35,25.27,778.33K,-0.16%
09/29/2021,25.35,25.25,25.35,25.24,843.27K,0.72%
09/28/2021,25.17,25.15,25.19,25.13,2.26M,0.36%
09/27/2021,25.08,25.09,25.09,25.05,255.50K,0.12%
09/24/2021,25.05,25.06,25.07,25.03,459.20K,0.28%
09/23/2021,24.98,25,25.01,24.96,515.70K,-0.40%
09/22/2021,25.08,25.03,25.11,24.97,883.61K,0.28%
09/21/2021,25.01,25.02,25.05,25,624.98K,-0.08%
09/20/2021,25.03,25.05,25.06,25.01,1.39M,0.04%
09/17/2021,25.02,24.97,25.03,24.95,2.02M,0.36%
09/16/2021,24.93,24.94,24.96,24.93,424.21K,0.44%
09/15/2021,24.82,24.83,24.85,24.82,187.79K,-0.20%
09/14/2021,24.87,24.8,24.89,24.79,380.47K,0.00%
09/13/2021,24.87,24.9,24.9,24.86,157.52K,0.00%
09/10/21,24.87,24.82,24.88,24.81,399.63K,0.16%
09/09/21,24.83,24.83,24.88,24.81,197.67K,-0.24%
09/08/21,24.89,24.9,24.94,24.87,1.00M,0.16%
09/07/21,24.85,24.82,24.86,24.8,452.69K,0.49%
09/03/21,24.73,24.72,24.75,24.7,726.48K,-0.20%
09/02/21,24.78,24.81,24.83,24.77,806.60K,-0.24%
09/01/21,24.84,24.83,24.85,24.81,1.03M,-0.20%
08/31/2021,24.89,24.85,24.91,24.83,697.16K,0.00%
08/30/2021,24.89,24.89,24.92,24.88,380.21K,0.00%
08/27/2021,24.89,25.01,25.03,24.88,860.36K,-0.44%
08/26/2021,25,24.97,25.01,24.97,322.03K,0.28%
08/25/2021,24.93,24.99,25.02,24.93,668.39K,-0.08%
08/24/2021,24.95,24.98,25,24.93,1.08M,-0.08%
08/23/2021,24.97,25.02,25.04,24.97,1.12M,-0.60%
08/20/2021,25.12,25.15,25.16,25.11,775.80K,-0.12%
08/19/2021,25.15,25.1,25.15,25.08,990.40K,0.48%
08/18/2021,25.03,25.01,25.06,24.97,537.40K,0.00%
08/17/2021,25.03,24.96,25.03,24.96,1.01M,0.60%
08/16/2021,24.88,24.86,24.89,24.85,487.24K,0.08%
08/13/2021,24.86,24.91,24.93,24.84,741.03K,-0.48%
08/12/21,24.98,24.98,25,24.97,178.93K,0.12%
08/11/21,24.95,24.96,24.99,24.93,993.66K,-0.20%
08/10/21,25,25.03,25.03,25,868.88K,0.08%
08/09/21,24.98,24.92,24.99,24.92,432.62K,0.20%
08/08/21,24.93,24.93,24.93,24.93,,0.00%
08/07/21,24.93,24.93,24.93,24.93,,0.00%
08/06/21,24.93,24.9,24.95,24.88,1.32M,0.56%
08/05/21,24.79,24.79,24.81,24.76,154.49K,0.00%
08/04/21,24.79,24.68,24.81,24.67,651.91K,0.16%
08/03/21,24.75,24.72,24.77,24.72,584.11K,0.04%
08/02/21,24.74,24.72,24.76,24.7,908.20K,-0.12%
07/30/2021,24.77,24.72,24.78,24.7,623.97K,0.28%
07/29/2021,24.7,24.72,24.73,24.69,826.19K,-0.36%
07/28/2021,24.79,24.9,24.94,24.79,749.47K,-0.28%
07/27/2021,24.86,24.86,24.9,24.82,787.31K,-0.16%
07/26/2021,24.9,24.94,24.94,24.87,449.43K,-0.32%
07/23/2021,24.98,24.97,25,24.97,429.23K,0.04%
07/22/2021,24.97,24.86,24.98,24.86,953.49K,0.12%
07/21/2021,24.94,25.02,25.03,24.93,754.92K,-0.24%
07/20/2021,25,25.04,25.05,24.99,1.46M,0.12%
07/19/2021,24.97,24.93,24.98,24.9,1.11M,0.16%
07/16/2021,24.93,24.91,24.94,24.89,812.62K,0.12%
07/15/2021,24.9,24.88,24.92,24.86,376.88K,0.28%
07/14/2021,24.83,24.84,24.86,24.83,890.07K,-0.48%
07/13/2021,24.95,24.91,24.95,24.85,1.48M,0.60%
07/12/21,24.8,24.82,24.82,24.77,426.66K,0.12%
07/09/21,24.77,24.79,24.81,24.76,1.25M,-0.24%
07/08/21,24.83,24.82,24.86,24.81,1.24M,-0.40%
07/07/21,24.93,24.9,24.97,24.88,699.11K,0.16%
07/06/21,24.89,24.86,24.92,24.84,1.15M,0.36%
07/05/21,24.8,24.8,24.8,24.8,,0.00%
07/04/21,24.8,24.8,24.8,24.8,,0.00%
07/03/21,24.8,24.8,24.8,24.8,,0.00%
07/02/21,24.8,24.88,24.9,24.79,1.11M,-0.40%
07/01/21,24.9,24.84,24.9,24.81,2.24M,0.28%
06/30/2021,24.83,24.79,24.86,24.79,869.63K,0.28%
06/29/2021,24.76,24.77,24.79,24.74,634.34K,0.24%
06/28/2021,24.7,24.71,24.73,24.68,777.57K,0.04%
06/25/2021,24.69,24.63,24.71,24.61,356.90K,0.04%
06/24/2021,24.68,24.68,24.72,24.66,414.19K,-0.08%
06/23/2021,24.7,24.63,24.71,24.61,1.05M,0.16%
06/22/2021,24.66,24.73,24.76,24.65,454.71K,-0.16%
06/21/2021,24.7,24.74,24.76,24.69,655.15K,-0.48%
06/18/2021,24.82,24.81,24.85,24.79,1.28M,0.32%
06/17/2021,24.74,24.66,24.75,24.64,1.97M,0.77%
06/16/2021,24.55,24.35,24.56,24.34,1.92M,0.82%
06/15/2021,24.35,24.34,24.36,24.34,469.65K,0.08%
06/14/2021,24.33,24.31,24.35,24.31,905.94K,-0.08%
06/11/21,24.35,24.3,24.38,24.3,1.09M,0.50%
06/10/21,24.23,24.29,24.29,24.2,769.58K,-0.08%
06/09/21,24.25,24.17,24.26,24.16,814.72K,0.08%
06/08/21,24.23,24.24,24.25,24.2,690.99K,0.12%
06/07/21,24.2,24.21,24.23,24.18,842.86K,-0.17%
06/04/21,24.24,24.24,24.25,24.21,1.38M,-0.37%
06/03/21,24.33,24.28,24.36,24.28,2.08M,0.62%
06/02/21,24.18,24.22,24.24,24.18,1.50M,0.00%
06/01/21,24.18,24.15,24.18,24.12,740.20K,-0.17%
05/28/2021,24.22,24.3,24.3,24.2,602.78K,0.08%
05/27/2021,24.2,24.22,24.24,24.19,354.57K,-0.08%
05/26/2021,24.22,24.19,24.24,24.14,336.31K,0.37%
05/25/2021,24.13,24.13,24.17,24.11,618.83K,-0.12%
05/24/2021,24.16,24.18,24.19,24.15,715.98K,-0.25%
05/21/2021,24.22,24.17,24.26,24.17,685.87K,0.33%
05/20/2021,24.14,24.2,24.2,24.14,848.73K,-0.49%
05/19/2021,24.26,24.2,24.29,24.14,1.29M,0.46%
05/18/2021,24.15,24.15,24.19,24.14,673.73K,-0.45%
05/17/2021,24.26,24.3,24.31,24.25,251.84K,-0.12%
05/14/2021,24.29,24.31,24.32,24.29,638.58K,-0.41%
05/13/2021,24.39,24.41,24.45,24.38,450.54K,-0.16%
05/12/21,24.43,24.36,24.43,24.33,2.38M,0.74%
05/11/21,24.25,24.25,24.26,24.22,549.54K,-0.08%
05/10/21,24.27,24.22,24.28,24.22,659.64K,0.00%
05/07/21,24.27,24.38,24.4,24.27,1.84M,-0.74%
05/06/21,24.45,24.5,24.5,24.45,476.24K,-0.49%
05/05/21,24.57,24.58,24.59,24.55,1.54M,-0.04%
05/04/21,24.58,24.55,24.59,24.53,1.23M,0.45%
05/03/21,24.47,24.52,24.52,24.45,1.03M,-0.45%
04/30/2021,24.58,24.45,24.58,24.45,1.12M,0.82%
04/29/2021,24.38,24.39,24.43,24.38,266.28K,0.04%
04/28/2021,24.37,24.5,24.51,24.37,473.04K,-0.37%
04/27/2021,24.46,24.47,24.49,24.44,364.77K,0.04%
04/26/2021,24.45,24.48,24.49,24.43,802.01K,0.00%
04/23/2021,24.45,24.48,24.53,24.44,567.79K,-0.57%
04/22/2021,24.59,24.55,24.61,24.55,358.31K,0.29%
04/21/2021,24.52,24.6,24.62,24.52,417.34K,-0.12%
04/20/2021,24.55,24.52,24.57,24.5,827.24K,0.16%
04/19/2021,24.51,24.53,24.56,24.51,1.07M,-0.57%
04/16/2021,24.65,24.65,24.67,24.63,431.69K,-0.12%
04/15/2021,24.68,24.66,24.7,24.65,390.28K,0.00%
04/14/2021,24.68,24.69,24.72,24.65,632.46K,-0.12%
04/13/2021,24.71,24.78,24.78,24.71,498.72K,-0.36%
04/12/21,24.8,24.79,24.82,24.79,479.87K,-0.04%
04/09/21,24.81,24.85,24.86,24.8,691.18K,0.08%
04/08/21,24.79,24.84,24.84,24.78,581.95K,-0.44%
04/07/21,24.9,24.85,24.92,24.82,758.91K,0.12%
04/06/21,24.87,24.91,24.92,24.86,1.85M,-0.24%
04/05/21,24.93,24.99,25,24.92,1.70M,-0.32%
04/01/21,25.01,25.05,25.09,25.01,1.96M,-0.44%
03/31/2021,25.12,25.11,25.12,25.05,1.38M,-0.08%
03/30/2021,25.14,25.12,25.15,25.11,750.21K,0.40%
03/29/2021,25.04,24.99,25.04,24.97,1.13M,0.24%
03/26/2021,24.98,25,25.01,24.96,654.77K,-0.12%
03/25/2021,25.01,24.94,25.04,24.94,1.48M,0.28%
03/24/2021,24.94,24.93,24.95,24.89,1.73M,0.24%
03/23/2021,24.88,24.84,24.88,24.82,1.25M,0.61%
03/22/2021,24.73,24.74,24.77,24.71,850.78K,-0.20%
03/19/2021,24.78,24.81,24.84,24.76,2.22M,0.04%
03/18/2021,24.77,24.74,24.77,24.69,901.89K,0.61%
03/17/2021,24.62,24.75,24.79,24.61,3.06M,-0.49%
03/16/2021,24.74,24.75,24.8,24.73,338.80K,0.00%
03/15/2021,24.74,24.76,24.78,24.72,504.72K,0.20%
03/12/21,24.69,24.76,24.78,24.68,789.08K,0.33%
03/11/21,24.61,24.7,24.74,24.61,1.64M,-0.49%
03/10/21,24.73,24.75,24.82,24.73,2.05M,-0.16%
03/09/21,24.77,24.8,24.82,24.77,1.47M,-0.56%
03/08/21,24.91,24.85,24.91,24.83,1.66M,0.57%
03/05/21,24.77,24.74,24.81,24.73,2.63M,0.36%
03/04/21,24.68,24.57,24.71,24.53,2.13M,0.65%
03/03/21,24.52,24.53,24.54,24.47,1.02M,0.29%
03/02/21,24.45,24.53,24.56,24.45,1.38M,-0.37%
03/01/21,24.54,24.5,24.56,24.5,2.24M,0.08%
02/26/2021,24.52,24.39,24.52,24.39,1.35M,0.74%
02/25/2021,24.34,24.19,24.34,24.17,952.19K,0.33%
02/24/2021,24.26,24.34,24.38,24.26,913.82K,-0.16%
02/23/2021,24.3,24.3,24.33,24.26,441.57K,0.08%
02/22/2021,24.28,24.3,24.33,24.25,706.79K,-0.29%
02/19/2021,24.35,24.35,24.38,24.32,1.16M,-0.25%
02/18/2021,24.41,24.43,24.48,24.4,585.32K,-0.33%
02/17/2021,24.49,24.51,24.54,24.49,937.94K,0.41%
02/16/2021,24.39,24.4,24.42,24.37,1.11M,0.00%
02/12/21,24.39,24.44,24.45,24.36,501.80K,0.08%
02/11/21,24.37,24.35,24.39,24.34,256.96K,-0.04%
02/10/21,24.38,24.35,24.38,24.33,654.13K,-0.04%
02/09/21,24.39,24.42,24.44,24.37,2.01M,-0.53%
02/08/21,24.52,24.54,24.55,24.5,1.73M,-0.04%
02/05/21,24.53,24.59,24.6,24.53,1.40M,-0.57%
02/04/21,24.67,24.63,24.69,24.63,1.39M,0.45%
02/03/21,24.56,24.58,24.61,24.56,1.66M,-0.04%
02/02/21,24.57,24.57,24.61,24.55,1.46M,0.12%
02/01/21,24.54,24.48,24.55,24.47,2.18M,0.49%
01/29/2021,24.42,24.37,24.43,24.37,875.96K,0.12%
01/28/2021,24.39,24.42,24.42,24.37,663.68K,-0.25%
01/27/2021,24.45,24.41,24.5,24.39,982.25K,0.62%
01/26/2021,24.3,24.33,24.35,24.29,857.39K,-0.29%
01/25/2021,24.37,24.35,24.41,24.34,580.61K,0.12%
01/22/2021,24.34,24.35,24.35,24.3,847.14K,0.21%
01/21/2021,24.29,24.33,24.35,24.28,804.67K,-0.45%
01/20/2021,24.4,24.43,24.46,24.38,489.29K,-0.04%
01/19/2021,24.41,24.39,24.43,24.38,1.41M,-0.29%
01/15/2021,24.48,24.42,24.48,24.41,1.18M,0.66%
01/14/2021,24.32,24.41,24.42,24.28,614.54K,-0.21%
01/13/2021,24.37,24.36,24.39,24.32,956.78K,0.33%
01/12/21,24.29,24.41,24.41,24.27,1.36M,-0.53%
01/11/21,24.42,24.44,24.47,24.37,1.45M,0.62%
01/08/21,24.27,24.19,24.34,24.18,1.68M,0.17%
01/07/21,24.23,24.21,24.27,24.21,1.02M,0.58%
01/06/21,24.09,24.18,24.22,24.09,1.04M,-0.12%
01/05/21,24.12,24.2,24.22,24.11,723.28K,-0.58%
01/04/21,24.26,24.13,24.26,24.13,1.32M,0.08%
12/31/2020,24.24,24.17,24.27,24.17,801.54K,0.29%
12/30/2020,24.17,24.2,24.21,24.16,1.46M,-0.41%
12/29/2020,24.27,24.27,24.29,24.22,1.44M,-0.33%
12/28/2020,24.35,24.31,24.37,24.28,1.04M,0.00%
12/24/2020,24.35,24.33,24.36,24.33,280.53K,0.08%
12/23/2020,24.33,24.33,24.38,24.3,758.65K,-0.45%
12/22/2020,24.44,24.34,24.45,24.34,1.29M,0.53%
12/21/2020,24.31,24.37,24.38,24.26,618.92K,0.21%
12/18/2020,24.26,24.27,24.3,24.25,898.40K,0.12%
12/17/2020,24.23,24.22,24.24,24.19,921.95K,-0.53%
12/16/2020,24.36,24.33,24.46,24.32,749.76K,-0.12%
12/15/2020,24.39,24.42,24.45,24.38,853.93K,-0.33%
12/14/2020,24.47,24.41,24.5,24.4,455.37K,-0.29%
12/11/20,24.54,24.52,24.55,24.51,1.02M,0.25%
12/10/20,24.48,24.55,24.55,24.45,608.71K,-0.29%
12/09/20,24.55,24.51,24.6,24.49,518.67K,0.04%
12/08/20,24.54,24.49,24.55,24.49,612.36K,0.12%
12/07/20,24.51,24.48,24.52,24.44,896.97K,0.16%
12/04/20,24.47,24.41,24.5,24.4,1.83M,0.12%
12/03/20,24.44,24.44,24.49,24.41,1.00M,-0.53%
12/02/20,24.57,24.63,24.64,24.56,1.13M,-0.12%
12/01/20,24.6,24.72,24.75,24.58,980.88K,-0.89%
11/30/2020,24.82,24.69,24.82,24.68,435.76K,0.24%
11/27/2020,24.76,24.8,24.8,24.75,198.28K,-0.20%
11/25/2020,24.81,24.85,24.87,24.8,599.30K,-0.16%
11/24/2020,24.85,24.94,24.97,24.85,666.33K,-0.48%
11/23/2020,24.97,24.85,25.03,24.84,749.62K,0.16%
11/20/2020,24.93,24.89,24.94,24.89,333.78K,0.12%
11/19/2020,24.9,25.01,25.01,24.89,302.81K,-0.16%
11/18/2020,24.94,24.92,24.94,24.88,408.36K,0.04%
11/17/2020,24.93,24.91,24.95,24.91,1.03M,-0.16%
11/16/2020,24.97,25.01,25.02,24.97,2.99M,-0.24%
11/13/2020,25.03,25.05,25.06,25.02,1.04M,-0.20%
11/12/20,25.08,25.1,25.11,25.05,497.39K,0.00%
11/11/20,25.08,25.12,25.15,25.08,495.74K,0.12%
11/10/20,25.05,25,25.06,25,734.36K,0.00%
11/09/20,25.05,24.86,25.09,24.86,1.85M,0.64%
11/06/20,24.89,24.92,24.97,24.87,3.50M,-0.36%
11/05/20,24.98,25.01,25.07,24.95,1.56M,-0.95%
11/04/20,25.22,25.27,25.3,25.18,1.13M,-0.16%
11/03/20,25.26,25.23,25.27,25.18,6.21M,-0.55%
11/02/20,25.4,25.42,25.43,25.38,1.71M,0.12%
10/30/2020,25.37,25.32,25.4,25.3,609.04K,0.12%
10/29/2020,25.34,25.3,25.41,25.3,1.22M,0.40%
10/28/2020,25.24,25.23,25.27,25.2,648.73K,0.64%
10/27/2020,25.08,25.06,25.09,25.04,181.78K,-0.20%
10/26/2020,25.13,25.09,25.13,25.09,368.35K,0.36%
10/23/2020,25.04,25.03,25.09,25.02,481.51K,-0.24%
10/22/2020,25.1,25.04,25.1,25.04,1.28M,0.40%
10/21/2020,25,25.05,25.05,24.96,1.62M,-0.52%
10/20/2020,25.13,25.15,25.17,25.1,1.54M,-0.32%
10/19/2020,25.21,25.17,25.23,25.16,545.93K,-0.32%
10/16/2020,25.29,25.28,25.3,25.26,951.27K,-0.12%
10/15/2020,25.32,25.32,25.35,25.3,1.42M,0.48%
10/14/2020,25.2,25.21,25.23,25.17,879.53K,-0.24%
10/13/2020,25.26,25.22,25.27,25.21,12.54M,0.60%
10/12/20,25.11,25.13,25.14,25.11,676.22K,-0.12%
10/09/20,25.14,25.17,25.2,25.12,1.99M,-0.59%
10/08/20,25.29,25.3,25.35,25.28,885.34K,-0.04%
10/07/20,25.3,25.31,25.32,25.28,1.16M,-0.12%
10/06/20,25.33,25.22,25.35,25.22,2.28M,0.28%
10/05/20,25.26,25.27,25.27,25.22,1.05M,-0.43%
10/04/20,25.37,25.37,25.37,25.37,,0.00%
10/03/20,25.37,25.37,25.37,25.37,,0.00%
10/02/20,25.37,25.37,25.38,25.33,1.35M,0.24%
10/01/20,25.31,25.33,25.38,25.31,916.02K,-0.16%
09/30/2020,25.35,25.4,25.45,25.3,1.22M,0.00%
09/29/2020,25.35,25.4,25.42,25.35,1.24M,-0.47%
09/28/2020,25.47,25.45,25.5,25.43,756.52K,-0.31%
09/27/2020,25.55,25.55,25.55,25.55,,0.00%
09/26/2020,25.55,25.55,25.55,25.55,,0.00%
09/25/2020,25.55,25.57,25.6,25.54,1.41M,0.27%
09/24/2020,25.48,25.54,25.56,25.44,2.39M,-0.16%
09/23/2020,25.52,25.45,25.54,25.4,12.12M,0.55%
09/22/2020,25.38,25.3,25.42,25.28,1.33M,0.36%
09/21/2020,25.29,25.24,25.34,25.23,1.41M,0.72%
09/18/2020,25.11,25.11,25.13,25.05,820.06K,0.12%
09/17/2020,25.08,25.2,25.2,25.08,875.65K,-0.36%
09/16/2020,25.17,25.1,25.19,25.08,602.01K,0.12%
09/15/2020,25.14,25.1,25.17,25.09,448.54K,0.08%
09/14/2020,25.12,25.1,25.15,25.08,611.87K,-0.24%
09/13/2020,25.18,25.18,25.18,25.18,,0.00%
09/11/20,25.18,25.17,25.23,25.17,467.92K,-0.20%
09/10/20,25.23,25.07,25.24,25.04,950.31K,0.20%
09/09/20,25.18,25.2,25.2,25.15,646.30K,-0.16%
09/08/20,25.22,25.21,25.25,25.18,1.56M,0.52%
09/04/20,25.09,25.14,25.18,25.04,1.19M,0.16%
09/03/20,25.05,25.07,25.13,25.04,1.00M,0.04%
09/02/20,25.04,25.05,25.09,25.03,1.92M,0.36%
09/01/20,24.95,24.8,24.97,24.8,1.02M,0.20%
08/31/2020,24.9,24.9,24.94,24.84,1.73M,-0.12%
08/30/2020,24.93,24.93,24.93,24.93,,0.00%
08/28/2020,24.93,24.96,25,24.92,1.20M,-0.80%
08/27/2020,25.13,25.02,25.22,25,698.36K,0.12%
08/26/2020,25.1,25.19,25.19,25.08,879.91K,-0.12%
08/25/2020,25.13,25.14,25.19,25.12,869.19K,-0.36%
08/24/2020,25.22,25.11,25.22,25.11,450.58K,0.16%
08/23/2020,25.18,25.18,25.18,25.18,,0.00%
08/21/2020,25.18,25.2,25.26,25.18,1.67M,0.48%
08/20/2020,25.06,25.19,25.19,25.06,933.18K,-0.28%
08/19/2020,25.13,24.95,25.15,24.92,1.51M,0.80%
08/18/2020,24.93,24.92,24.98,24.89,1.10M,-0.56%
08/17/2020,25.07,25.12,25.12,25.07,951.88K,-0.44%
08/14/2020,25.18,25.17,25.19,25.13,1.91M,-0.16%
08/13/2020,25.22,25.17,25.24,25.11,1.08M,-0.04%
08/12/20,25.23,25.23,25.27,25.19,607.83K,-0.32%
08/11/20,25.31,25.26,25.33,25.22,1.12M,0.16%
08/10/20,25.27,25.27,25.3,25.21,1.04M,0.16%
08/09/20,25.23,25.23,25.23,25.23,,0.00%
08/08/20,25.23,25.23,25.23,25.23,,0.00%
08/07/20,25.23,25.25,25.31,25.22,1.20M,0.60%
08/06/20,25.08,25.09,25.16,25.04,767.15K,0.00%
08/05/20,25.08,25.06,25.11,25.01,1.27M,-0.44%
08/04/20,25.19,25.34,25.35,25.19,1.09M,-0.36%
08/03/20,25.28,25.39,25.41,25.27,1.45M,0.00%
08/02/20,25.28,25.28,25.28,25.28,,0.00%
07/31/2020,25.28,25.15,25.29,25.13,1.74M,0.60%
07/30/2020,25.13,25.2,25.25,25.12,537.22K,-0.40%
07/29/2020,25.23,25.28,25.28,25.17,1.28M,-0.47%
07/28/2020,25.35,25.33,25.36,25.29,1.25M,0.16%
07/27/2020,25.31,25.33,25.35,25.25,1.41M,-0.75%
07/26/2020,25.5,25.5,25.5,25.5,,0.00%
07/25/2020,25.5,25.5,25.5,25.5,,0.00%
07/24/2020,25.5,25.55,25.58,25.49,1.10M,-0.43%
07/23/2020,25.61,25.68,25.69,25.56,1.25M,-0.19%
07/22/2020,25.66,25.65,25.67,25.62,653.76K,-0.27%
07/21/2020,25.73,25.86,25.87,25.67,1.35M,-0.62%
07/20/2020,25.89,25.93,25.97,25.88,296.51K,-0.15%
07/17/2020,25.93,25.97,25.97,25.91,420.20K,-0.42%
07/16/2020,26.04,25.98,26.05,25.91,373.85K,0.35%
07/15/2020,25.95,25.9,25.98,25.87,525.37K,-0.27%
07/14/2020,26.02,26.09,26.09,25.99,774.41K,-0.19%
07/13/2020,26.07,26.07,26.09,26.01,374.77K,-0.15%
07/12/20,26.11,26.11,26.11,26.11,,0.00%
07/11/20,26.11,26.11,26.11,26.11,,0.00%
07/10/20,26.11,26.09,26.13,26.06,219.47K,-0.15%
07/09/20,26.15,26.04,26.16,26.03,629.16K,0.35%
07/08/20,26.06,26.14,26.15,26.05,438.95K,-0.53%
07/07/20,26.2,26.15,26.22,26.15,598.25K,0.23%
07/06/20,26.14,26.12,26.17,26.09,984.08K,-0.53%
07/05/20,26.28,26.28,26.28,26.28,,0.00%
07/04/20,26.28,26.28,26.28,26.28,,0.00%
07/02/20,26.28,26.24,26.33,26.2,519.26K,0.08%
07/01/20,26.26,26.31,26.33,26.23,736.88K,-0.23%
06/30/2020,26.32,26.39,26.41,26.28,995.43K,-0.15%
06/29/2020,26.36,26.28,26.39,26.28,551.37K,0.04%
06/26/2020,26.35,26.33,26.41,26.32,556.24K,0.15%
06/25/2020,26.31,26.35,26.37,26.31,1.14M,0.15%
06/24/2020,26.27,26.21,26.29,26.2,1.17M,0.46%
06/23/2020,26.15,26.1,26.15,26.05,1.56M,-0.34%
06/22/2020,26.24,26.32,26.32,26.21,935.08K,-0.53%
06/19/2020,26.38,26.3,26.42,26.3,1.96M,0.11%
06/18/2020,26.35,26.31,26.38,26.29,616.00K,0.38%
06/17/2020,26.25,26.24,26.33,26.24,751.28K,0.08%
06/16/2020,26.23,26.17,26.3,26.17,1.42M,0.31%
06/15/2020,26.15,26.28,26.3,26.11,725.97K,-0.42%
06/12/20,26.26,26.18,26.37,26.14,1.78M,0.27%
06/11/20,26.19,26.04,26.2,25.97,1.08M,1.00%
06/10/20,25.93,25.99,26.07,25.88,1.23M,-0.50%
06/09/20,26.06,26.14,26.15,26.02,1.03M,-0.31%
06/08/20,26.14,26.16,26.18,26.12,1.79M,-0.27%
06/07/20,26.21,26.21,26.21,26.21,,0.00%
06/05/20,26.21,26.16,26.23,26.14,4.10M,0.19%
06/04/20,26.16,26.28,26.28,26.1,3.24M,-0.38%
06/03/20,26.26,26.38,26.39,26.26,6.79M,-0.61%
06/02/20,26.42,26.4,26.44,26.36,787.43K,-0.11%
06/01/20,26.45,26.53,26.55,26.45,1.38M,-0.56%
05/29/2020,26.6,26.58,26.65,26.53,1.37M,-0.15%
05/28/2020,26.64,26.72,26.74,26.61,3.07M,-0.52%
05/27/2020,26.78,26.78,26.87,26.76,581.95K,-0.04%
05/26/2020,26.79,26.81,26.82,26.75,1.06M,-0.74%
05/22/2020,26.99,27,27.03,26.98,2.07M,0.30%
05/21/2020,26.91,26.84,26.94,26.83,1.03M,0.22%
05/20/2020,26.85,26.83,26.86,26.79,1.79M,-0.33%
05/19/2020,26.94,26.93,26.94,26.87,803.59K,-0.07%
05/18/2020,26.96,27.08,27.1,26.95,1.82M,-0.81%
05/15/2020,27.18,27.12,27.2,27.09,450.76K,0.07%
05/14/2020,27.16,27.19,27.21,27.13,940.26K,0.11%
05/13/2020,27.13,27.02,27.15,27,827.03K,0.18%
05/12/20,27.08,27.02,27.08,26.99,629.40K,-0.18%
05/11/20,27.13,27.08,27.16,27.06,4.35M,0.37%
05/08/20,27.03,27.03,27.06,26.91,1.09M,-0.04%
05/07/20,27.04,27.15,27.18,27.01,653.19K,-0.29%
05/06/20,27.12,27.07,27.13,27.04,755.08K,0.48%
05/05/20,26.99,27,27.03,26.9,4.94M,0.07%
05/04/20,26.97,26.93,26.98,26.91,1.00M,0.56%
05/03/20,26.82,26.82,26.82,26.82,,0.00%
05/02/20,26.82,26.82,26.82,26.82,,0.00%
05/01/20,26.82,26.79,26.84,26.74,1.10M,0.11%
04/30/2020,26.79,26.97,27,26.76,1.84M,-0.63%
04/29/2020,26.96,26.98,27.04,26.94,781.90K,-0.41%
04/28/2020,27.07,26.98,27.08,26.97,1.05M,-0.11%
04/27/2020,27.1,27.06,27.13,27.05,2.18M,-0.26%
04/24/2020,27.17,27.2,27.23,27.16,843.62K,-0.22%
04/23/2020,27.23,27.24,27.26,27.1,1.49M,0.04%
04/22/2020,27.22,27.1,27.23,27.1,950.82K,0.29%
04/21/2020,27.14,27.2,27.22,27.1,1.64M,0.15%
04/20/2020,27.1,27.07,27.1,27.01,1.30M,0.33%
04/17/2020,27.01,27.02,27.03,26.97,881.62K,-0.26%
04/16/2020,27.08,27.02,27.18,26.99,2.61M,0.45%
04/15/2020,26.96,27.05,27.06,26.88,2.07M,0.75%
04/14/2020,26.76,26.82,26.84,26.75,2.44M,-0.56%
04/13/2020,26.91,26.94,26.97,26.88,1.19M,-0.15%
04/09/20,26.95,26.95,27,26.89,1.69M,-0.74%
04/08/20,27.15,27.07,27.15,27.07,2.15M,0.37%
04/07/20,27.05,27.01,27.1,27,2.14M,-0.92%
04/06/20,27.3,27.27,27.35,27.25,1.71M,0.04%
04/03/20,27.29,27.26,27.35,27.24,3.11M,0.55%
04/02/20,27.14,27.12,27.2,27.04,3.65M,0.52%
04/01/20,27,26.99,27.05,26.95,3.00M,0.63%
03/31/2020,26.83,26.98,27.05,26.79,1.53M,-0.07%
03/30/2020,26.85,26.89,26.95,26.84,2.27M,0.45%
03/27/2020,26.73,27.08,27.11,26.67,4.15M,-0.82%
03/26/2020,26.95,27.15,27.16,26.94,7.22M,-1.61%
03/25/2020,27.39,27.55,27.64,27.3,4.43M,-0.94%
03/24/2020,27.65,27.55,27.74,27.51,5.99M,-1.14%
03/23/2020,27.97,27.86,28,27.73,2.22M,-0.14%
03/20/2020,28.01,28,28.08,27.68,6.81M,-0.28%
03/19/2020,28.09,28.89,28.9,27.75,4.06M,2.37%
03/18/2020,27.44,27.23,28.01,27.22,4.12M,1.52%
03/17/2020,27.03,26.93,27.1,26.91,1.46M,1.77%
03/16/2020,26.56,26.65,26.69,26.33,1.67M,-3.21%
03/13/2020,27.44,26.57,27.97,26.54,1.33M,3.78%
03/12/20,26.44,26.25,26.66,26.19,3.22M,1.07%
03/11/20,26.16,26.04,26.17,26.01,736.74K,0.15%
03/10/20,26.12,25.91,26.16,25.91,5.14M,1.48%
03/09/20,25.74,25.74,25.75,24.64,2.68M,-1.08%
03/06/20,26.02,25.93,26.04,25.92,1.57M,-0.57%
03/05/20,26.17,26.24,26.28,26.16,848.28K,-0.76%
03/04/20,26.37,26.37,26.41,26.34,613.89K,0.34%
03/03/20,26.28,26.39,26.39,26.23,1.43M,-0.42%
03/02/20,26.39,26.41,26.42,26.29,1.45M,-0.53%
02/28/2020,26.53,26.62,26.71,26.49,4.08M,-0.34%
02/27/2020,26.62,26.64,26.68,26.59,1.10M,-0.60%
02/26/2020,26.78,26.79,26.83,26.76,1.04M,0.07%
02/25/2020,26.76,26.83,26.84,26.73,354.98K,-0.30%
02/24/2020,26.84,26.87,26.88,26.78,335.77K,0.04%
02/21/2020,26.83,26.94,26.94,26.82,1.20M,-0.59%
02/20/2020,26.99,26.94,26.99,26.93,385.58K,0.30%
02/19/2020,26.91,26.91,26.94,26.9,246.11K,0.19%
02/18/2020,26.86,26.86,26.87,26.8,148.43K,0.37%
02/14/2020,26.76,26.77,26.78,26.73,162.62K,-0.04%
02/13/2020,26.77,26.74,26.77,26.72,592.38K,0.11%
02/12/20,26.74,26.66,26.75,26.66,172.36K,0.26%
02/11/20,26.67,26.69,26.69,26.66,268.94K,-0.11%
02/10/20,26.7,26.68,26.71,26.66,256.13K,0.15%
02/07/20,26.66,26.59,26.66,26.59,95.74K,0.23%
02/06/20,26.6,26.55,26.62,26.55,140.63K,0.19%
02/05/20,26.55,26.52,26.55,26.5,388.14K,0.38%
02/04/20,26.45,26.43,26.45,26.43,469.39K,0.15%
02/03/20,26.41,26.38,26.42,26.38,860.58K,0.49%
01/31/2020,26.28,26.35,26.36,26.27,784.78K,-0.42%
01/30/2020,26.39,26.43,26.44,26.39,160.93K,-0.30%
01/29/2020,26.47,26.48,26.49,26.44,152.72K,0.15%
01/28/2020,26.43,26.46,26.48,26.43,158.36K,0.00%
01/27/2020,26.43,26.4,26.43,26.4,226.83K,0.15%
01/24/2020,26.39,26.38,26.42,26.38,221.79K,0.15%
01/23/2020,26.35,26.33,26.37,26.32,126.44K,0.27%
01/22/2020,26.28,26.27,26.33,26.27,216.52K,-0.08%
01/21/2020,26.3,26.26,26.31,26.26,327.25K,-0.08%
01/17/2020,26.32,26.29,26.32,26.29,284.45K,0.34%
01/16/2020,26.23,26.19,26.24,26.19,108.63K,0.15%
01/15/2020,26.19,26.18,26.22,26.18,242.46K,-0.15%
01/14/2020,26.23,26.27,26.28,26.22,589.92K,0.04%
01/13/2020,26.22,26.25,26.26,26.21,217.04K,0.00%
01/10/20,26.22,26.26,26.26,26.21,211.78K,-0.08%
01/09/20,26.24,26.24,26.28,26.24,167.04K,0.19%
01/08/20,26.19,26.15,26.21,26.14,685.63K,0.27%
01/07/20,26.12,26.1,26.14,26.1,145.12K,0.35%
01/06/20,26.03,26.02,26.05,26.01,308.78K,-0.23%
01/03/20,26.09,26.12,26.12,26.04,663.49K,0.12%
01/02/20,26.06,26.05,26.08,25.99,556.56K,0.35%
12/31/2019,25.97,25.96,25.98,25.93,505.25K,-0.27%
12/30/2019,26.04,26.04,26.05,26,527.63K,-0.19%
12/27/2019,26.09,26.12,26.14,26.07,573.31K,-0.50%
12/26/2019,26.22,26.24,26.25,26.21,235.15K,-0.15%
12/24/2019,26.26,26.27,26.28,26.24,274.22K,0.00%
12/23/2019,26.26,26.37,26.37,26.24,826.03K,-2.01%
12/20/2019,26.8,26.76,26.81,26.76,687.17K,0.34%
12/19/2019,26.71,26.72,26.73,26.69,427.33K,0.00%
12/18/2019,26.71,26.69,26.72,26.68,237.86K,0.19%
12/17/2019,26.66,26.64,26.66,26.63,199.29K,0.19%
12/16/2019,26.61,26.59,26.63,26.57,814.44K,-0.19%
12/13/2019,26.66,26.58,26.66,26.58,291.69K,0.00%
12/12/19,26.66,26.61,26.74,26.61,627.34K,0.15%
12/11/19,26.62,26.7,26.72,26.59,552.28K,-0.37%
12/10/19,26.72,26.71,26.75,26.69,205.73K,-0.11%
12/09/19,26.75,26.74,26.78,26.74,377.81K,-0.11%
12/06/19,26.78,26.76,26.82,26.75,313.41K,0.37%
12/05/19,26.68,26.72,26.72,26.68,270.77K,-0.22%
12/04/19,26.74,26.7,26.76,26.68,316.99K,-0.11%
12/03/19,26.77,26.77,26.79,26.75,499.98K,-0.11%
12/02/19,26.8,26.88,26.89,26.79,705.27K,-0.41%
11/29/2019,26.91,26.95,26.98,26.9,2.00M,-0.11%
11/27/2019,26.94,26.94,26.96,26.93,176.02K,0.15%
11/26/2019,26.9,26.92,26.94,26.9,308.22K,-0.11%
11/25/2019,26.93,26.93,26.94,26.89,602.15K,0.07%
11/22/2019,26.91,26.81,26.92,26.81,225.84K,0.30%
11/21/2019,26.83,26.79,26.84,26.78,111.45K,0.15%
11/20/2019,26.79,26.8,26.83,26.78,480.82K,0.00%
11/19/2019,26.79,26.77,26.79,26.76,269.76K,0.11%
11/18/2019,26.76,26.78,26.79,26.73,799.15K,-0.19%
11/15/2019,26.81,26.83,26.84,26.81,441.25K,-0.22%
11/14/2019,26.87,26.91,26.92,26.84,123.20K,-0.07%
11/13/2019,26.89,26.92,26.92,26.89,154.47K,-0.04%
11/12/19,26.9,26.9,26.92,26.88,347.47K,0.15%
11/11/19,26.86,26.87,26.87,26.85,135.53K,-0.15%
11/08/19,26.9,26.91,26.92,26.88,237.36K,0.22%
11/07/19,26.84,26.8,26.87,26.8,548.19K,0.22%
11/06/19,26.78,26.75,26.79,26.75,425.18K,0.00%
11/05/19,26.78,26.73,26.8,26.72,1.80M,0.37%
11/04/19,26.68,26.62,26.68,26.61,389.17K,0.38%
11/01/19,26.58,26.6,26.61,26.56,648.82K,-0.04%
10/31/2019,26.59,26.61,26.64,26.58,293.48K,-0.19%
10/30/2019,26.64,26.7,26.78,26.63,319.20K,-0.22%
10/29/2019,26.7,26.71,26.72,26.67,325.40K,-0.04%
10/28/2019,26.71,26.71,26.72,26.69,505.76K,-0.07%
10/25/2019,26.73,26.71,26.75,26.69,377.71K,0.11%
10/24/2019,26.7,26.61,26.72,26.61,624.88K,0.30%
10/23/2019,26.62,26.64,26.66,26.6,408.15K,-0.04%
10/22/2019,26.63,26.61,26.64,26.56,2.29M,0.23%
10/21/2019,26.57,26.54,26.59,26.54,391.12K,0.08%
10/18/2019,26.55,26.61,26.63,26.55,399.27K,-0.38%
10/17/2019,26.65,26.66,26.68,26.63,545.40K,-0.37%
10/16/2019,26.75,26.8,26.82,26.73,614.59K,-0.26%
10/15/2019,26.82,26.91,26.92,26.81,414.21K,-0.30%
10/14/2019,26.9,26.88,26.9,26.86,336.68K,0.30%
10/11/19,26.82,26.82,26.86,26.79,560.27K,-0.37%
10/10/19,26.92,26.96,26.99,26.91,467.33K,-0.41%
10/09/19,27.03,27,27.05,27,345.97K,-0.07%
10/08/19,27.05,27,27.08,27,1.32M,0.15%
10/07/19,27.01,26.95,27.01,26.94,452.86K,0.19%
10/04/19,26.96,26.98,27,26.95,2.13M,-0.07%
10/03/19,26.98,27,27.01,26.9,896.43K,-0.04%
10/02/19,26.99,27.03,27.04,26.98,713.35K,-0.07%
10/01/19,27.01,27.16,27.17,27,972.73K,-0.33%
09/30/2019,27.1,27.1,27.11,27.06,427.51K,0.33%
09/27/2019,27.01,27.04,27.04,26.98,394.28K,-0.15%
09/26/2019,27.05,26.95,27.06,26.93,821.47K,0.26%
09/25/2019,26.98,26.9,26.99,26.88,897.91K,0.78%
09/24/2019,26.77,26.85,26.85,26.77,513.61K,-0.37%
09/23/2019,26.87,26.89,26.89,26.85,355.26K,0.15%
09/20/2019,26.83,26.83,26.86,26.82,303.23K,0.26%
09/19/2019,26.76,26.76,26.79,26.73,517.20K,-0.22%
09/18/2019,26.82,26.76,26.86,26.75,895.74K,0.37%
09/17/2019,26.72,26.82,26.84,26.72,395.39K,-0.45%
09/16/2019,26.84,26.8,26.86,26.8,433.07K,0.45%
09/13/2019,26.72,26.71,26.75,26.7,2.01M,-0.15%
09/12/19,26.76,26.88,26.9,26.72,450.36K,-0.30%
09/11/19,26.84,26.84,26.87,26.83,449.53K,0.30%
09/10/19,26.76,26.75,26.77,26.73,286.90K,0.11%
09/09/19,26.73,26.74,26.75,26.7,936.09K,-0.19%
09/06/19,26.78,26.73,26.78,26.7,813.31K,0.04%
09/05/19,26.77,26.68,26.77,26.67,799.86K,0.04%
09/04/19,26.76,26.82,26.83,26.75,1.14M,-0.63%
09/03/19,26.93,26.99,27.01,26.9,1.80M,0.22%
08/30/2019,26.87,26.79,26.92,26.75,623.62K,0.37%
08/29/2019,26.77,26.73,26.79,26.7,1.46M,0.26%
08/28/2019,26.7,26.68,26.71,26.67,808.66K,0.23%
08/27/2019,26.64,26.62,26.64,26.61,284.91K,-0.08%
08/26/2019,26.66,26.62,26.66,26.61,487.83K,0.53%
08/23/2019,26.52,26.7,26.77,26.51,2.52M,-0.56%
08/22/2019,26.67,26.67,26.7,26.64,299.59K,-0.07%
08/21/2019,26.69,26.67,26.71,26.66,1.08M,0.11%
08/20/2019,26.66,26.73,26.74,26.65,516.66K,-0.22%
08/19/2019,26.72,26.68,26.73,26.67,518.05K,0.23%
08/16/2019,26.66,26.71,26.71,26.64,730.63K,0.08%
08/15/2019,26.64,26.6,26.67,26.59,2.44M,0.08%
08/14/2019,26.62,26.55,26.62,26.53,813.74K,0.23%
08/13/2019,26.56,26.44,26.56,26.43,483.83K,0.45%
08/12/19,26.44,26.43,26.45,26.41,685.08K,-0.08%
08/09/19,26.46,26.46,26.48,26.41,523.63K,-0.11%
08/08/19,26.49,26.51,26.51,26.42,2.41M,0.08%
08/07/19,26.47,26.44,26.48,26.4,2.00M,-0.08%
08/06/19,26.49,26.49,26.51,26.45,369.94K,0.11%
08/05/19,26.46,26.48,26.5,26.41,1.19M,-0.49%
08/02/19,26.59,26.66,26.66,26.58,370.88K,-0.23%
08/01/19,26.65,26.8,26.8,26.64,1.12M,-0.30%
07/31/2019,26.73,26.58,26.74,26.55,810.44K,0.60%
07/30/2019,26.57,26.59,26.61,26.57,274.32K,0.00%
07/29/2019,26.57,26.59,26.6,26.56,803.92K,0.08%
07/26/2019,26.55,26.52,26.58,26.52,438.53K,0.15%
07/25/2019,26.51,26.44,26.52,26.41,1.32M,0.19%
07/24/2019,26.46,26.45,26.48,26.42,292.33K,0.00%
07/23/2019,26.46,26.43,26.47,26.43,309.89K,0.46%
07/22/2019,26.34,26.32,26.34,26.3,286.09K,0.19%
07/19/2019,26.29,26.28,26.33,26.25,332.07K,0.50%
07/18/2019,26.16,26.3,26.32,26.16,350.64K,-0.53%
07/17/2019,26.3,26.34,26.34,26.28,260.03K,-0.19%
07/16/2019,26.35,26.3,26.36,26.3,485.56K,0.46%
07/15/2019,26.23,26.19,26.23,26.19,217.89K,0.15%
07/12/19,26.19,26.24,26.24,26.17,208.95K,-0.19%
07/11/19,26.24,26.23,26.27,26.23,158.90K,0.00%
07/10/19,26.24,26.29,26.3,26.23,540.54K,-0.42%
07/09/19,26.35,26.36,26.37,26.34,370.39K,0.08%
07/08/19,26.33,26.31,26.34,26.3,316.90K,0.19%
07/05/19,26.28,26.27,26.34,26.27,389.67K,0.54%
07/03/19,26.14,26.12,26.16,26.09,677.85K,0.00%
07/02/19,26.14,26.12,26.16,26.09,383.92K,-0.08%
07/01/19,26.16,26.05,26.17,26.04,1.02M,0.73%
06/28/2019,25.97,25.97,26.01,25.93,286.06K,-0.08%
06/27/2019,25.99,25.98,26,25.98,753.25K,0.00%
06/26/2019,25.99,25.98,26,25.93,224.31K,0.08%
06/25/2019,25.97,25.91,26.01,25.89,1.61M,0.23%
06/24/2019,25.91,25.94,25.96,25.9,3.07M,-0.15%
06/21/2019,25.95,26.06,26.09,25.95,1.12M,-0.50%
06/20/2019,26.08,26.09,26.12,26.07,652.29K,-0.61%
06/19/2019,26.24,26.31,26.33,26.19,853.57K,-0.46%
06/18/2019,26.36,26.29,26.38,26.29,782.38K,0.15%
06/17/2019,26.32,26.27,26.33,26.27,225.98K,0.04%
06/14/2019,26.31,26.26,26.33,26.24,541.08K,0.53%
06/13/2019,26.17,26.17,26.19,26.15,288.79K,0.08%
06/12/19,26.15,26.11,26.16,26.07,407.24K,0.27%
06/11/19,26.08,26.08,26.11,26.06,160.54K,0.04%
06/10/19,26.07,26.08,26.14,26.07,497.72K,0.12%
06/07/19,26.04,26.06,26.08,26,685.13K,-0.42%
06/06/19,26.15,26.15,26.19,26.09,567.04K,-0.34%
06/05/19,26.24,26.13,26.24,26.11,1.37M,0.34%
06/04/19,26.15,26.2,26.22,26.13,880.80K,-0.11%
06/03/19,26.18,26.3,26.3,26.15,2.16M,-0.53%
05/31/2019,26.32,26.39,26.39,26.31,569.59K,-0.42%
05/30/2019,26.43,26.44,26.46,26.41,228.27K,0.04%
05/29/2019,26.42,26.4,26.43,26.38,355.21K,0.23%
05/28/2019,26.36,26.3,26.38,26.3,455.03K,0.42%
05/24/2019,26.25,26.3,26.31,26.25,228.00K,-0.34%
05/23/2019,26.34,26.46,26.47,26.31,538.40K,-0.19%
05/22/2019,26.39,26.37,26.39,26.36,311.51K,0.08%
05/21/2019,26.37,26.37,26.39,26.31,758.70K,0.15%
05/20/2019,26.33,26.34,26.34,26.32,400.39K,-0.08%
05/17/2019,26.35,26.3,26.35,26.3,399.68K,0.23%
05/16/2019,26.29,26.26,26.32,26.26,169.41K,0.27%
05/15/2019,26.22,26.24,26.25,26.19,414.66K,0.04%
05/14/2019,26.21,26.19,26.21,26.19,200.06K,0.23%
05/13/2019,26.15,26.07,26.16,26.07,395.42K,0.00%
05/10/19,26.15,26.12,26.16,26.09,273.18K,-0.04%
05/09/19,26.16,26.21,26.23,26.11,205.03K,-0.19%
05/08/19,26.21,26.19,26.23,26.17,254.09K,0.04%
05/07/19,26.2,26.21,26.25,26.19,451.29K,0.08%
05/06/19,26.18,26.22,26.23,26.17,453.11K,0.08%
05/03/19,26.16,26.27,26.27,26.16,1.29M,-0.38%
05/02/19,26.26,26.21,26.27,26.21,240.07K,0.23%
05/01/19,26.2,26.14,26.23,26.07,732.95K,0.11%
04/30/2019,26.17,26.16,26.2,26.15,1.11M,-0.30%
04/29/2019,26.25,26.31,26.33,26.25,293.45K,-0.23%
04/26/2019,26.31,26.3,26.31,26.25,268.28K,-0.11%
04/25/2019,26.34,26.33,26.35,26.3,709.89K,0.19%
04/24/2019,26.29,26.23,26.34,26.19,565.39K,0.50%
04/23/2019,26.16,26.18,26.22,26.16,733.96K,0.35%
04/22/2019,26.07,26.09,26.1,26.07,230.27K,-0.23%
04/18/2019,26.13,26.09,26.14,26.08,491.74K,0.54%
04/17/2019,25.99,25.99,26,25.98,162.20K,-0.08%
04/16/2019,26.01,25.99,26.01,25.96,267.24K,0.23%
04/15/2019,25.95,25.93,25.97,25.93,197.47K,-0.04%
04/12/19,25.96,25.92,25.98,25.91,336.35K,-0.23%
04/11/19,26.02,26.01,26.03,25.98,287.09K,0.31%
04/10/19,25.94,26.02,26.02,25.93,1.06M,-0.15%
04/09/19,25.98,25.93,25.98,25.93,958.75K,0.04%
04/08/19,25.97,25.98,26,25.96,329.83K,-0.35%
04/05/19,26.06,26.04,26.09,26.04,222.43K,0.12%
04/04/19,26.03,26.05,26.05,26.02,294.04K,0.12%
04/03/19,26,25.98,26,25.95,2.47M,-0.15%
04/02/19,26.04,26.05,26.1,26.03,325.47K,0.12%
04/01/19,26.01,25.97,26.03,25.96,877.34K,-0.08%
03/29/2019,26.03,25.98,26.03,25.97,582.42K,0.12%
03/28/2019,26,25.99,26.03,25.97,315.02K,0.35%
03/27/2019,25.91,25.89,25.92,25.87,225.28K,0.12%
03/26/2019,25.88,25.83,25.88,25.82,253.96K,0.31%
03/25/2019,25.8,25.76,25.81,25.76,416.08K,0.00%
03/22/2019,25.8,25.8,25.86,25.79,690.07K,0.19%
03/21/2019,25.75,25.69,25.81,25.68,575.84K,0.63%
03/20/2019,25.59,25.75,25.78,25.56,1.03M,-0.58%
03/19/2019,25.74,25.73,25.76,25.72,269.41K,-0.12%
03/18/2019,25.77,25.75,25.81,25.75,381.50K,-0.12%
03/15/2019,25.8,25.82,25.82,25.77,349.83K,-0.15%
03/14/2019,25.84,25.83,25.85,25.82,266.45K,0.31%
03/13/2019,25.76,25.84,25.85,25.75,519.83K,-0.46%
03/12/19,25.88,25.9,25.91,25.85,593.84K,-0.19%
03/11/19,25.93,25.95,25.99,25.93,606.01K,-0.23%
03/08/19,25.99,25.99,25.99,25.96,512.38K,-0.31%
03/07/19,26.07,25.95,26.07,25.95,689.65K,0.89%
03/06/19,25.84,25.83,25.85,25.82,782.64K,0.00%
03/05/19,25.84,25.81,25.88,25.8,426.18K,0.27%
03/04/19,25.77,25.77,25.82,25.77,254.12K,0.12%
03/01/19,25.74,25.63,25.75,25.61,886.69K,0.39%
02/28/2019,25.64,25.61,25.67,25.6,340.51K,0.08%
02/27/2019,25.62,25.57,25.64,25.57,389.12K,0.08%
02/26/2019,25.6,25.66,25.71,25.56,391.44K,-0.39%
02/25/2019,25.7,25.68,25.74,25.68,372.09K,-0.08%
02/22/2019,25.72,25.73,25.75,25.69,165.79K,-0.04%
02/21/2019,25.73,25.69,25.75,25.69,209.09K,0.08%
02/20/2019,25.71,25.72,25.73,25.64,352.20K,0.08%
02/19/2019,25.69,25.79,25.79,25.68,1.07M,-0.39%
02/15/2019,25.79,25.83,25.88,25.78,480.02K,-0.19%
02/14/2019,25.84,25.84,25.89,25.82,522.58K,-0.12%
02/13/2019,25.87,25.82,25.87,25.77,374.05K,0.54%
02/12/19,25.73,25.8,25.82,25.72,436.96K,-0.35%
02/11/19,25.82,25.78,25.85,25.78,829.30K,0.39%
02/08/19,25.72,25.69,25.72,25.67,263.78K,0.12%
02/07/19,25.69,25.65,25.69,25.64,396.96K,0.23%
02/06/19,25.63,25.55,25.64,25.55,575.22K,0.39%
02/05/19,25.53,25.51,25.56,25.48,633.03K,0.27%
02/04/19,25.46,25.46,25.5,25.46,806.68K,0.28%
02/01/19,25.39,25.35,25.42,25.35,1.04M,0.00%
01/31/2019,25.39,25.31,25.41,25.31,1.45M,0.20%
01/30/2019,25.34,25.47,25.5,25.3,1.21M,-0.51%
01/29/2019,25.47,25.46,25.47,25.42,591.15K,0.04%
01/28/2019,25.46,25.44,25.47,25.4,932.66K,0.08%
01/25/2019,25.44,25.55,25.55,25.43,619.07K,-0.82%
01/24/2019,25.65,25.53,25.68,25.53,267.44K,0.59%
01/23/2019,25.5,25.55,25.58,25.5,1.15M,-0.23%
01/22/2019,25.56,25.63,25.63,25.54,794.74K,0.00%
01/18/2019,25.56,25.49,25.59,25.49,1.96M,0.31%
01/17/2019,25.48,25.48,25.55,25.47,330.38K,0.00%
01/16/2019,25.48,25.46,25.5,25.46,268.88K,0.12%
01/15/2019,25.45,25.41,25.54,25.39,1.29M,0.35%
01/14/2019,25.36,25.34,25.37,25.32,597.00K,0.00%
01/11/19,25.36,25.33,25.39,25.33,624.74K,0.08%
01/10/19,25.34,25.26,25.35,25.26,691.35K,0.60%
01/09/19,25.19,25.35,25.37,25.19,1.29M,-0.94%
01/08/19,25.43,25.42,25.45,25.4,1.93M,0.32%
01/07/19,25.35,25.36,25.39,25.34,947.60K,-0.43%
01/04/19,25.46,25.62,25.62,25.46,1.37M,-0.16%
01/03/19,25.5,25.61,25.61,25.5,486.25K,-0.55%
01/02/19,25.64,25.66,25.7,25.62,1.24M,0.75%
12/31/2018,25.45,25.52,25.53,25.45,625.28K,-0.20%
12/28/2018,25.5,25.47,25.55,25.47,892.14K,-0.27%
12/27/2018,25.57,25.66,25.66,25.52,571.59K,-0.43%
12/26/2018,25.68,25.58,25.72,25.56,723.75K,0.51%
12/24/2018,25.55,25.62,25.62,25.49,907.08K,-1.50%
12/21/2018,25.94,25.82,25.97,25.82,1.16M,0.66%
12/20/2018,25.77,25.82,25.87,25.71,1.13M,-0.77%
12/19/2018,25.97,25.88,25.97,25.81,849.99K,0.04%
12/18/2018,25.96,25.91,25.98,25.91,903.57K,-0.04%
12/17/2018,25.97,25.98,26,25.94,437.32K,-0.27%
12/14/2018,26.04,26.09,26.12,26.04,446.58K,0.39%
12/13/2018,25.94,25.96,26.01,25.93,832.85K,0.00%
12/12/18,25.94,26,26,25.9,874.32K,-0.38%
12/11/18,26.04,25.99,26.08,25.98,554.63K,0.27%
12/10/18,25.97,25.85,25.99,25.85,1.09M,0.66%
12/07/18,25.8,25.82,25.85,25.77,1.24M,-0.27%
12/06/18,25.87,25.87,25.88,25.79,492.07K,-0.04%
12/04/18,25.88,25.78,25.93,25.78,879.06K,-0.19%
12/03/18,25.93,25.88,25.93,25.87,478.65K,0.04%
11/30/2018,25.92,25.88,25.98,25.88,325.74K,0.39%
11/29/2018,25.82,25.85,25.88,25.82,535.93K,-0.15%
11/28/2018,25.86,26,26.04,25.8,1.65M,-0.50%
11/27/2018,25.99,25.9,26.03,25.9,1.08M,0.27%
11/26/2018,25.92,25.82,25.92,25.82,244.82K,0.19%
11/23/2018,25.87,25.82,25.88,25.82,147.19K,0.19%
11/21/2018,25.82,25.77,25.82,25.76,514.61K,0.00%
11/20/2018,25.82,25.72,25.85,25.72,374.79K,0.51%
11/19/2018,25.69,25.69,25.71,25.64,496.73K,-0.08%
11/16/2018,25.71,25.74,25.75,25.7,991.35K,-0.73%
11/15/2018,25.9,25.94,25.94,25.84,475.77K,0.23%
11/14/2018,25.84,25.93,25.94,25.8,714.06K,-0.35%
11/13/2018,25.93,25.95,25.97,25.88,1.20M,-0.35%
11/12/18,26.02,25.95,26.02,25.92,617.59K,0.89%
11/09/18,25.79,25.81,25.85,25.77,756.91K,0.19%
11/08/18,25.74,25.64,25.78,25.61,960.49K,0.59%
11/07/18,25.59,25.52,25.62,25.52,892.78K,-0.20%
11/06/18,25.64,25.67,25.68,25.63,422.17K,-0.23%
11/05/18,25.7,25.71,25.71,25.64,752.77K,-0.04%
11/02/18,25.71,25.67,25.74,25.62,802.95K,0.23%
11/01/18,25.65,25.72,25.72,25.62,781.37K,-0.66%
10/31/2018,25.82,25.86,25.88,25.8,814.13K,-0.04%
10/30/2018,25.83,25.76,25.84,25.75,571.71K,0.43%
10/29/2018,25.72,25.71,25.75,25.69,400.70K,0.27%
10/26/2018,25.65,25.75,25.75,25.63,585.12K,-0.27%
10/25/2018,25.72,25.66,25.75,25.66,1.76M,0.27%
10/24/2018,25.65,25.66,25.68,25.62,1.19M,0.51%
10/23/2018,25.52,25.54,25.56,25.49,711.34K,-0.16%
10/22/2018,25.56,25.52,25.57,25.52,1.25M,0.35%
10/19/2018,25.47,25.51,25.52,25.41,667.18K,-0.20%
10/18/2018,25.52,25.44,25.53,25.42,541.92K,0.43%
10/17/2018,25.41,25.36,25.43,25.33,641.54K,0.51%
10/16/2018,25.28,25.21,25.28,25.21,244.94K,0.04%
10/15/2018,25.27,25.27,25.29,25.25,422.67K,-0.24%
10/12/18,25.33,25.31,25.36,25.3,1.07M,0.32%
10/11/18,25.25,25.29,25.34,25.25,446.71K,-0.55%
10/10/18,25.39,25.39,25.41,25.35,1.05M,-0.12%
10/09/18,25.42,25.51,25.54,25.41,898.68K,-0.04%
10/08/18,25.43,25.5,25.51,25.43,761.25K,0.12%
10/05/18,25.4,25.41,25.45,25.39,1.28M,-0.12%
10/04/18,25.43,25.43,25.48,25.38,1.02M,0.04%
10/03/18,25.42,25.38,25.45,25.37,1.03M,0.32%
10/02/18,25.34,25.37,25.39,25.32,1.47M,0.16%
10/01/18,25.3,25.27,25.33,25.25,1.60M,0.16%
09/28/2018,25.26,25.3,25.31,25.22,1.13M,0.24%
09/27/2018,25.2,25.17,25.21,25.12,2.66M,0.72%
09/26/2018,25.02,25.06,25.06,24.93,629.06K,0.04%
09/25/2018,25.01,24.97,25.01,24.94,695.07K,0.08%
09/24/2018,24.99,24.91,25.01,24.89,2.01M,0.00%
09/21/2018,24.99,25.01,25.03,24.97,742.74K,0.32%
09/20/2018,24.91,24.94,24.98,24.9,1.25M,-0.72%
09/19/2018,25.09,25.1,25.13,25.06,267.88K,-0.04%
09/18/2018,25.1,25.05,25.13,25.02,393.59K,0.16%
09/17/2018,25.06,25.07,25.09,25.05,338.37K,-0.48%
09/14/2018,25.18,25.12,25.21,25.1,1.54M,0.36%
09/13/2018,25.09,25.05,25.11,25.04,518.57K,-0.28%
09/12/18,25.16,25.22,25.24,25.12,850.06K,-0.36%
09/11/18,25.25,25.25,25.28,25.23,621.88K,0.08%
09/10/18,25.23,25.23,25.24,25.2,955.00K,-0.20%
09/07/18,25.28,25.25,25.31,25.23,741.03K,0.28%
09/06/18,25.21,25.19,25.24,25.17,873.67K,0.00%
09/05/18,25.21,25.21,25.26,25.2,476.96K,-0.36%
09/04/18,25.3,25.32,25.37,25.29,2.66M,0.44%
08/31/2018,25.19,25.16,25.24,25.12,988.56K,0.44%
08/30/2018,25.08,25.11,25.15,25.08,609.98K,0.08%
08/29/2018,25.06,25.1,25.14,25.05,597.20K,-0.16%
08/28/2018,25.1,25.01,25.1,25.01,993.63K,0.00%
08/27/2018,25.1,25.16,25.17,25.08,1.30M,-0.40%
08/24/2018,25.2,25.25,25.27,25.16,767.54K,-0.47%
08/23/2018,25.32,25.28,25.35,25.23,1.14M,0.64%
08/22/2018,25.16,25.16,25.21,25.14,983.32K,-0.28%
08/21/2018,25.23,25.3,25.32,25.17,1.56M,-0.59%
08/20/2018,25.38,25.44,25.47,25.37,606.19K,-0.24%
08/17/2018,25.44,25.49,25.5,25.44,1.02M,-0.51%
08/16/2018,25.57,25.56,25.61,25.5,640.82K,-0.08%
08/15/2018,25.59,25.66,25.67,25.58,877.98K,0.00%
08/14/2018,25.59,25.5,25.62,25.49,1.77M,0.39%
08/13/2018,25.49,25.47,25.52,25.44,700.82K,0.04%
08/10/18,25.48,25.49,25.52,25.42,718.39K,0.71%
08/09/18,25.3,25.19,25.3,25.18,474.36K,0.60%
08/08/18,25.15,25.18,25.2,25.14,288.49K,-0.12%
08/07/18,25.18,25.15,25.2,25.14,304.95K,-0.12%
08/06/18,25.21,25.23,25.25,25.2,648.24K,0.16%
08/03/18,25.17,25.19,25.19,25.11,730.74K,0.08%
08/02/18,25.15,25.1,25.17,25.08,906.70K,0.56%
08/01/18,25.01,25.01,25.03,24.99,445.77K,0.12%
07/31/2018,24.98,24.96,24.99,24.93,576.41K,0.20%
07/30/2018,24.93,24.97,24.97,24.91,591.30K,-0.36%
07/27/2018,25.02,25.04,25.04,25.01,439.72K,-0.12%
07/26/2018,25.05,24.97,25.05,24.96,1.28M,0.68%
07/25/2018,24.88,24.94,25,24.87,398.14K,-0.48%
07/24/2018,25,24.99,25.01,24.94,353.93K,0.04%
07/23/2018,24.99,24.95,25.02,24.95,1.58M,0.16%
07/20/2018,24.95,24.99,25.01,24.93,1.05M,-0.80%
07/19/2018,25.15,25.23,25.24,25.07,1.39M,0.20%
07/18/2018,25.1,25.15,25.15,25.08,507.54K,0.12%
07/17/2018,25.07,25,25.11,25,1.23M,0.44%
07/16/2018,24.96,24.95,24.99,24.93,458.50K,-0.16%
07/13/2018,25,25.08,25.1,25,543.70K,-0.12%
07/12/18,25.03,25.03,25.04,24.99,1.11M,0.08%
07/11/18,25.01,24.84,25.03,24.84,795.61K,0.68%
07/10/18,24.84,24.9,24.92,24.84,873.16K,0.04%
07/09/18,24.83,24.77,24.87,24.76,791.85K,0.04%
07/06/18,24.82,24.81,24.84,24.78,727.58K,-0.32%
07/05/18,24.9,24.92,24.95,24.89,860.80K,-0.32%
07/03/18,24.98,25,25,24.96,492.11K,-0.32%
07/02/18,25.06,25.11,25.11,25.05,788.55K,0.48%
06/29/2018,24.94,25.02,25.04,24.94,1.14M,-0.80%
06/28/2018,25.14,25.15,25.17,25.09,798.92K,0.00%
06/27/2018,25.14,25.04,25.17,25.04,1.61M,0.60%
06/26/2018,24.99,24.92,24.99,24.91,1.22M,0.52%
06/25/2018,24.86,24.88,24.9,24.84,941.91K,-0.16%
06/22/2018,24.9,24.92,24.99,24.9,1.60M,-0.36%
06/21/2018,24.99,25.04,25.06,24.95,3.08M,-0.28%
06/20/2018,25.06,25.04,25.07,25.03,1.26M,0.08%
06/19/2018,25.04,25.07,25.09,25.03,849.56K,0.28%
06/18/2018,24.97,25,25.01,24.97,1.16M,0.00%
06/15/2018,24.97,24.96,25,24.95,1.23M,-0.08%
06/14/2018,24.99,24.82,24.99,24.82,3.83M,1.30%
06/13/2018,24.67,24.69,24.78,24.64,1.80M,-0.16%
06/12/18,24.71,24.66,24.75,24.64,1.05M,0.20%
06/11/18,24.66,24.64,24.67,24.61,948.36K,0.08%
06/08/18,24.64,24.68,24.69,24.64,586.53K,0.04%
06/07/18,24.63,24.59,24.63,24.58,1.03M,-0.20%
06/06/18,24.68,24.65,24.68,24.6,1.52M,-0.28%
06/05/18,24.75,24.8,24.85,24.7,1.84M,-0.12%
06/04/18,24.78,24.72,24.8,24.7,2.89M,-0.08%
06/01/18,24.8,24.79,24.88,24.77,1.58M,0.16%
05/31/2018,24.76,24.78,24.82,24.74,3.06M,-0.08%
05/30/2018,24.78,24.85,24.86,24.76,2.35M,-0.76%
05/29/2018,24.97,24.92,25,24.91,1.10M,0.69%
05/25/2018,24.8,24.8,24.81,24.77,604.78K,0.49%
05/24/2018,24.68,24.7,24.7,24.63,471.59K,-0.12%
05/23/2018,24.71,24.74,24.79,24.71,2.26M,0.41%
05/22/2018,24.61,24.6,24.64,24.59,740.94K,-0.04%
05/21/2018,24.62,24.66,24.69,24.61,971.59K,-0.08%
05/18/2018,24.64,24.67,24.68,24.61,484.01K,0.20%
05/17/2018,24.59,24.6,24.62,24.56,796.70K,0.12%
05/16/2018,24.56,24.56,24.6,24.53,2.21M,0.24%
05/15/2018,24.5,24.54,24.58,24.47,1.04M,0.62%
05/14/2018,24.35,24.26,24.36,24.25,946.78K,0.12%
05/11/18,24.32,24.29,24.35,24.28,369.57K,-0.16%
05/10/18,24.36,24.36,24.45,24.33,673.18K,-0.45%
05/09/18,24.47,24.44,24.48,24.42,583.30K,0.00%
05/08/18,24.47,24.48,24.52,24.43,767.04K,0.37%
05/07/18,24.38,24.4,24.42,24.36,997.08K,0.21%
05/04/18,24.33,24.39,24.41,24.31,925.17K,0.12%
05/03/18,24.3,24.31,24.35,24.27,883.24K,-0.41%
05/02/18,24.4,24.29,24.4,24.23,1.76M,0.45%
05/01/18,24.29,24.25,24.32,24.24,2.81M,0.66%
04/30/2018,24.13,24.13,24.14,24.07,782.72K,0.42%
04/27/2018,24.03,24.1,24.12,24.03,826.85K,-0.08%
04/26/2018,24.05,23.89,24.06,23.89,958.54K,0.46%
04/25/2018,23.94,23.93,23.96,23.91,816.43K,0.42%
04/24/2018,23.84,23.86,23.88,23.81,1.06M,-0.13%
04/23/2018,23.87,23.8,23.88,23.8,1.48M,0.63%
04/20/2018,23.72,23.69,23.74,23.67,1.69M,0.59%
04/19/2018,23.58,23.49,23.6,23.49,299.12K,0.30%
04/18/2018,23.51,23.48,23.52,23.46,388.05K,0.21%
04/17/2018,23.46,23.5,23.52,23.46,574.03K,0.00%
04/16/2018,23.46,23.44,23.48,23.43,512.36K,-0.34%
04/13/2018,23.54,23.55,23.56,23.52,1.51M,0.00%
04/12/18,23.54,23.58,23.6,23.52,1.71M,0.21%
04/11/18,23.49,23.49,23.52,23.43,696.70K,-0.09%
04/10/18,23.51,23.5,23.55,23.48,877.18K,-0.25%
04/09/18,23.57,23.56,23.58,23.55,2.41M,-0.25%
04/06/18,23.63,23.63,23.66,23.61,1.08M,-0.38%
04/05/18,23.72,23.68,23.75,23.66,720.38K,0.38%
04/04/18,23.63,23.6,23.63,23.57,634.55K,-0.04%
04/03/18,23.64,23.64,23.66,23.61,541.30K,0.17%
04/02/18,23.6,23.54,23.62,23.54,301.10K,-0.04%
03/29/2018,23.61,23.56,23.63,23.56,942.64K,-0.08%
03/28/2018,23.63,23.5,23.63,23.5,696.46K,0.90%
03/27/2018,23.42,23.42,23.44,23.37,533.40K,0.47%
03/26/2018,23.31,23.34,23.36,23.29,1.19M,-0.47%
03/23/2018,23.42,23.45,23.47,23.4,798.67K,-0.34%
03/22/2018,23.5,23.5,23.55,23.49,723.56K,0.13%
03/21/2018,23.47,23.58,23.62,23.46,1.04M,-0.80%
03/20/2018,23.66,23.59,23.66,23.59,841.11K,0.60%
03/19/2018,23.52,23.54,23.56,23.48,403.35K,-0.42%
03/16/2018,23.62,23.56,23.65,23.56,782.54K,0.25%
03/15/2018,23.56,23.5,23.59,23.5,564.25K,0.38%
03/14/2018,23.47,23.47,23.51,23.46,1.28M,0.04%
03/13/2018,23.46,23.5,23.53,23.43,609.60K,-0.26%
03/12/18,23.52,23.55,23.57,23.5,1.02M,-0.13%
03/09/18,23.55,23.6,23.6,23.53,641.06K,-0.13%
03/08/18,23.58,23.46,23.59,23.46,520.16K,0.64%
03/07/18,23.43,23.42,23.54,23.41,443.04K,-0.09%
03/06/18,23.45,23.46,23.46,23.41,1.49M,-0.26%
03/05/18,23.51,23.56,23.57,23.49,1.27M,0.00%
03/02/18,23.51,23.54,23.56,23.5,602.71K,-0.42%
03/01/18,23.61,23.74,23.77,23.58,1.41M,-0.34%
02/28/2018,23.69,23.65,23.71,23.64,1.12M,0.30%
02/27/2018,23.62,23.53,23.65,23.52,1.53M,0.64%
02/26/2018,23.47,23.49,23.53,23.47,1.10M,-0.13%
02/23/2018,23.5,23.49,23.52,23.46,523.27K,0.21%
02/22/2018,23.45,23.47,23.48,23.42,2.01M,-0.34%
02/21/2018,23.53,23.46,23.55,23.4,1.14M,0.38%
02/20/2018,23.44,23.4,23.45,23.39,1.37M,0.64%
02/16/2018,23.29,23.25,23.31,23.2,812.60K,0.69%
02/15/2018,23.13,23.18,23.23,23.12,1.54M,-0.43%
02/14/2018,23.23,23.47,23.48,23.23,1.64M,-0.77%
02/13/2018,23.41,23.43,23.44,23.39,1.31M,-0.55%
02/12/18,23.54,23.6,23.6,23.53,1.10M,-0.34%
02/09/18,23.62,23.61,23.65,23.58,1.84M,0.08%
02/08/18,23.6,23.52,23.61,23.51,1.66M,0.00%
02/07/18,23.6,23.47,23.61,23.45,2.41M,0.77%
02/06/18,23.42,23.48,23.51,23.37,2.69M,0.21%
02/05/18,23.37,23.35,23.4,23.34,3.41M,0.43%
02/02/18,23.27,23.27,23.35,23.23,3.71M,0.61%
02/01/18,23.13,23.24,23.25,23.11,1.74M,-0.52%
01/31/2018,23.25,23.21,23.31,23.17,1.40M,-0.13%
01/30/2018,23.28,23.22,23.32,23.21,1.47M,-0.17%
01/29/2018,23.32,23.34,23.39,23.3,1.41M,0.26%
01/26/2018,23.26,23.27,23.28,23.19,1.60M,-0.21%
01/25/2018,23.31,23.17,23.38,23.09,4.50M,0.13%
01/24/2018,23.28,23.31,23.32,23.25,2.08M,-0.98%
01/23/2018,23.51,23.56,23.57,23.49,735.49K,-0.25%
01/22/2018,23.57,23.59,23.64,23.56,1.34M,-0.34%
01/19/2018,23.65,23.6,23.65,23.58,748.88K,0.17%
01/18/2018,23.61,23.62,23.64,23.58,425.69K,-0.13%
01/17/2018,23.64,23.64,23.66,23.52,1.06M,0.25%
01/16/2018,23.58,23.66,23.68,23.55,2.53M,-0.55%
01/12/18,23.71,23.8,23.82,23.7,1.10M,-1.04%
01/11/18,23.96,23.98,23.98,23.93,586.80K,-0.42%
01/10/18,24.06,24,24.09,24,485.09K,-0.25%
01/09/18,24.12,24.11,24.14,24.1,1.16M,0.21%
01/08/18,24.07,24.06,24.08,24.04,969.84K,0.46%
01/05/18,23.96,23.98,24,23.95,370.08K,0.08%
01/04/18,23.94,23.95,23.96,23.92,650.48K,-0.33%
01/03/18,24.02,23.98,24.03,23.97,679.93K,0.38%
01/02/18,23.93,23.93,23.97,23.92,546.19K,-0.42%