Fecha,Cierre,Open,High,Low,Vol.,Change %
01/05/26,140.2247,141.3145,141.6951,139.4038,,-0.20%
30/04/26,140.5091,140.4598,142.0027,139.1887,,0.24%
29/04/26,140.1682,138.2494,140.495,137.657,,1.57%
28/04/26,138.0005,137.28,138.1422,137.141,,0.58%
27/04/26,137.2069,137.0515,137.6812,136.5485,,0.80%
24/04/26,136.1164,136.6857,137.072,135.3947,,-0.22%
23/04/26,136.4148,135.3666,137.1187,134.9601,,0.66%
22/04/26,135.5246,134.052,135.9286,133.7109,,1.28%
21/04/26,133.8179,132.6567,134.3767,132.092,,0.64%
20/04/26,132.9697,132.8784,133.2969,132.1533,,1.13%
17/04/26,131.4824,134.042,134.2823,130.0599,,-2.16%
16/04/26,134.3897,133.5079,134.6904,133.4919,,0.73%
15/04/26,133.4178,133.1087,133.6575,132.7758,,0.35%
14/04/26,132.956,133.2882,134.0676,132.6225,,-0.59%
13/04/26,133.7467,134.3292,135.1906,133.4788,,1.22%
10/04/26,132.1396,132.4806,133.0863,131.9334,,-0.26%
09/04/26,132.4782,132.0675,133.7478,131.7751,,0.76%
08/04/26,131.4806,131.4592,132.2097,130.4002,,-4.61%
07/04/26,137.8322,138.5688,139.2394,137.2476,,-0.06%
06/04/26,137.9129,137.838,138.4782,136.5208,,0.50%
02/04/26,137.2282,136.1617,138.1251,135.847,,1.99%
01/04/26,134.5568,135.9283,136.0058,133.0763,,-0.51%
31/03/26,135.246,134.7178,136.6605,134.4239,,0.18%
30/03/26,135.0088,135.2122,136.156,134.85,,0.63%
27/03/26,134.1694,131.2081,134.3652,131.1139,,1.66%
26/03/26,131.9768,130.7236,132.4197,130.5137,,1.21%
25/03/26,130.4015,129.1,130.569,128.253,,-0.33%
24/03/26,130.827,129.8164,131.2406,129.2092,,1.59%
23/03/26,128.7833,133.6245,134.4513,127.8867,,-3.97%
20/03/26,134.1064,133.0077,134.8171,132.7032,,0.31%
19/03/26,133.6941,136.4487,136.6256,132.8112,,-0.58%
18/03/26,134.4676,133.0677,135.0681,131.9571,,0.55%
17/03/26,133.7265,133.9008,134.4695,132.954,,1.04%
16/03/26,132.349,134.6522,135.3822,132.1337,,-1.92%
13/03/26,134.9437,135.0977,135.4832,133.4818,,-0.10%
12/03/26,135.0787,134.3405,135.5972,133.4906,,2.36%
11/03/26,131.9602,129.551,132.2104,129.4022,,1.72%
10/03/26,129.7234,129.2185,131.6003,127.084,,-2.22%
09/03/26,132.6717,140.4559,142.5958,131.608,,0.90%
06/03/26,131.4871,126.5477,131.931,126.5111,,3.70%
05/03/26,126.7903,126.6292,127.0621,125.1271,,1.78%
04/03/26,124.5732,125.0914,126.777,124.1055,,-0.12%
03/03/26,124.7281,125.2039,127.0633,124.2659,,0.74%
02/03/26,123.8087,123.8565,126.2438,123.1202,,1.75%
27/02/26,121.6831,120.4726,122.1506,120.3933,,1.17%
26/02/26,120.2814,120.4792,120.8083,119.5568,,-0.40%
25/02/26,120.7677,120.6426,120.9294,120.073,,0.77%
24/02/26,119.8473,120.5137,120.5653,119.7144,,-0.15%
23/02/26,120.0324,120.33,120.9925,119.7955,,0.29%
20/02/26,119.6875,118.7136,120.1444,118.59,,0.97%
19/02/26,118.5346,117.9719,118.6448,117.8907,,0.62%
18/02/26,117.8035,115.7087,117.8713,115.7045,,2.05%
17/02/26,115.4338,116.6338,116.7693,115.1337,,-1.63%
13/02/26,117.3452,117.3102,117.4797,116.3477,,0.23%
12/02/26,117.0704,119.1043,119.2693,116.8098,,-1.50%
11/02/26,118.8503,118.4222,119.4564,118.214,,0.94%
10/02/26,117.7393,118.234,118.5599,117.577,,-0.60%
09/02/26,118.4447,117.5778,118.8093,117.3083,,0.41%
06/02/26,117.9562,117.0629,118.9048,116.9634,,0.23%
05/02/26,117.6883,116.8041,118.4831,116.3539,,-0.97%
04/02/26,118.8367,118.6654,119.1544,117.6199,,0.86%
03/02/26,117.8229,115.7384,118.4492,115.6533,,2.36%
02/02/26,115.1036,117.023,117.5396,114.2936,,-4.64%
30/01/26,120.7009,123.0628,123.4544,119.5655,,-3.12%
29/01/26,124.5939,124.7922,127.0412,122.3109,,1.39%
28/01/26,122.8889,122.741,123.3,122.0511,,1.25%
27/01/26,121.3719,120.3599,121.5456,119.8021,,-0.11%
26/01/26,121.5097,121.0414,121.8565,120.5389,,1.61%
23/01/26,119.5832,118.3147,119.7263,117.803,,1.58%
22/01/26,117.7258,117.4544,117.9919,116.933,,0.28%
21/01/26,117.3914,115.963,118.0214,115.9496,,1.16%
20/01/26,116.05,114.882,116.0637,114.8015,,2.16%
16/01/26,113.5932,113.5021,114.3101,113.0842,,-0.32%
15/01/26,113.954,114.0211,114.1752,113.0946,,-0.99%
14/01/26,115.0886,114.8939,115.4474,114.4203,,0.54%
13/01/26,114.4728,113.7507,114.9147,113.4045,,0.59%
12/01/26,113.8005,113.3312,114.3405,113.2796,,1.49%
09/01/26,112.1251,112.052,112.7809,111.7061,,0.68%
08/01/26,111.3679,111.7932,111.8566,110.8587,,-0.32%
07/01/26,111.7233,112.6352,112.7025,111.4408,,-0.86%
06/01/26,112.6877,112.0734,113.1597,111.9993,,0.81%
05/01/26,111.782,110.6606,111.8729,110.4669,,2.08%
02/01/26,109.5094,110.1278,110.6192,109.3191,,-0.16%
31/12/25,109.69,110.9298,111.1423,109.6691,,-2.04%
30/12/25,111.9754,111.1321,112.3771,111.0817,,1.50%
29/12/25,110.3259,112.9542,113.3594,110.2595,,-1.91%
26/12/25,112.4755,112.4059,112.8858,112.1919,,0.99%
24/12/25,111.3695,111.5062,111.9516,110.9509,,0.15%
23/12/25,111.2005,110.336,111.2419,110.0747,,1.27%
22/12/25,109.8052,109.5915,110.1972,109.4857,,0.92%
19/12/25,108.8037,107.9287,108.9254,107.8377,,0.64%
18/12/25,108.1114,108.7718,108.9332,108.1004,,-0.53%
17/12/25,108.6875,108.3208,108.9424,108.2258,,1.08%
16/12/25,107.5235,108.2199,108.2772,107.4162,,-1.06%
15/12/25,108.6732,109.5952,109.7215,108.2786,,-0.28%
12/12/25,108.982,110.2964,110.5067,108.6646,,-1.28%
11/12/25,110.3964,110.1862,110.4364,109.5668,,0.66%
10/12/25,109.6777,109.8918,109.8918,109.3884,,0.14%
09/12/25,109.5204,110.0001,110.3362,109.5007,,-0.65%
08/12/25,110.2408,111.4256,111.7003,110.188,,-1.58%
05/12/25,112.0057,111.274,112.8304,111.1859,,0.79%
04/12/25,111.1287,110.8162,111.2122,110.1964,,0.37%
03/12/25,110.7161,110.6236,111.2835,110.5194,,0.38%
02/12/25,110.3014,110.5959,110.9339,110.2588,,-0.69%
01/12/25,111.0692,110.9046,111.1472,110.4733,,0.59%
28/11/25,110.4126,109.1891,110.5422,109.1419,,1.68%
26/11/25,108.5891,107.6759,108.73,107.6286,,1.19%
25/11/25,107.3115,108.0261,108.1399,106.5121,,-0.18%
24/11/25,107.5094,106.9609,107.6013,106.7125,,-0.01%
21/11/25,107.5232,107.2987,107.643,106.4374,,-0.22%
20/11/25,107.7607,108.7436,109.0181,107.6925,,-0.86%
19/11/25,108.6906,109.2468,109.6422,108.4705,,-0.38%
18/11/25,109.1091,108.1518,109.1838,107.862,,0.21%
17/11/25,108.8797,108.625,109.1836,108.349,,-0.20%
14/11/25,109.0984,110.4794,110.5209,108.5042,,-1.00%
13/11/25,110.1986,109.9893,110.5276,109.9882,,0.06%
12/11/25,110.1376,110.1511,110.2516,109.595,,0.10%
11/11/25,110.0278,109.2655,110.0887,108.9772,,0.82%
10/11/25,109.1375,108.2581,109.1617,108.1151,,1.71%
07/11/25,107.3064,107.3897,107.7987,107.1667,,0.26%
06/11/25,107.0289,107.417,108.124,106.5729,,-0.44%
05/11/25,107.5007,107.2006,107.9637,107.1964,,0.01%
04/11/25,107.4918,107.9155,108.0581,106.9887,,-0.73%
03/11/25,108.2827,107.6649,108.359,107.2627,,0.91%
31/10/25,107.3022,107.135,107.3242,106.7923,,0.45%
30/10/25,106.8183,106.2232,106.8787,105.784,,0.13%
29/10/25,106.6767,106.0675,107.0428,105.7203,,0.50%
28/10/25,106.1451,106.7373,106.7634,105.3636,,-0.54%
27/10/25,106.7205,107.6313,107.8419,106.4968,,-0.61%
24/10/25,107.3785,107.37,107.6567,107.0792,,-0.41%
23/10/25,107.8251,106.4401,108.1593,106.4261,,1.80%
22/10/25,105.9166,105.8217,106.6221,105.6298,,0.10%
21/10/25,105.81,107.4669,107.5248,105.3421,,-1.63%
20/10/25,107.561,106.273,107.5727,105.9973,,1.84%
17/10/25,105.6158,106.0701,106.5838,105.3134,,-0.63%
16/10/25,106.2822,106.0935,106.8006,105.7326,,0.65%
15/10/25,105.5934,105.7181,106.0382,105.4436,,0.14%
14/10/25,105.4431,105.9717,106.2864,104.5818,,-0.33%
13/10/25,105.797,105.3038,105.9217,105.0477,,1.64%
10/10/25,104.0889,105.7526,105.8465,103.9849,,-1.52%
09/10/25,105.6945,106.4882,107.5448,105.6156,,-1.17%
08/10/25,106.9415,106.624,107.3425,106.5742,,0.50%
07/10/25,106.4112,106.0083,106.5729,105.8517,,0.39%
06/10/25,105.997,106.0565,106.3029,105.7519,,0.61%
03/10/25,105.3546,104.9706,105.6914,104.8717,,0.48%
02/10/25,104.8516,105.2986,105.5883,104.6199,,-0.47%
01/10/25,105.3474,104.8966,105.4836,104.5663,,0.69%
30/09/25,104.6288,105.0233,105.1152,104.328,,-0.37%
29/09/25,105.0223,104.8117,105.3349,104.7208,,-0.08%
26/09/25,105.104,104.5841,105.1613,104.39,,0.62%
25/09/25,104.46,104.0385,104.7269,103.9975,,0.42%
24/09/25,104.0225,103.5113,104.321,103.4015,,0.30%
23/09/25,103.7149,102.8508,103.7792,102.6588,,0.71%
22/09/25,102.9793,103.32,103.6494,102.6605,,0.00%
19/09/25,102.9745,103.4361,103.617,102.9091,,-0.37%
18/09/25,103.3603,103.8353,104.1224,103.269,,-0.83%
17/09/25,104.229,105.1712,105.1744,104.1866,,-1.06%
16/09/25,105.3474,104.7424,105.4689,104.5608,,0.63%
15/09/25,104.6868,103.7389,104.7011,103.6201,,0.86%
12/09/25,103.7894,103.0774,104.0605,103.0291,,0.66%
11/09/25,103.1039,103.2549,103.3182,102.7009,,-0.15%
10/09/25,103.2618,102.9927,103.3818,102.9705,,0.21%
09/09/25,103.0468,103.2256,103.6621,102.921,,-0.09%
08/09/25,103.136,102.733,103.2929,102.6204,,0.69%
05/09/25,102.4252,102.8024,103.0703,102.3457,,-0.39%
04/09/25,102.829,103.0281,103.0537,102.3994,,-0.58%
03/09/25,103.4291,103.7072,103.8117,103.2887,,-0.21%
02/09/25,103.6499,103.3382,103.6697,102.5125,,0.84%
29/08/25,102.7876,101.979,102.8079,101.8093,,0.81%
28/08/25,101.9635,101.3537,101.9872,101.3076,,0.46%
27/08/25,101.496,101.2407,101.5685,100.8148,,0.28%
26/08/25,101.2172,101.563,101.6588,101.0667,,-0.48%
25/08/25,101.7101,101.4181,102.0254,101.4162,,0.08%
22/08/25,101.6307,100.9222,101.7435,100.7811,,0.60%
21/08/25,101.0256,100.2915,101.1115,100.2034,,0.84%
20/08/25,100.1791,99.5042,100.3042,99.4275,,0.68%
19/08/25,99.5038,100.1739,100.2657,99.4075,,-0.80%
18/08/25,100.3019,100.2099,100.5126,99.892,,-0.08%
15/08/25,100.3798,100.0951,100.574,99.8594,,0.37%
14/08/25,100.0111,100.5953,100.6467,99.7406,,-0.34%
13/08/25,100.3542,100.258,100.6209,99.9556,,0.11%
12/08/25,100.2444,100.4807,100.5916,99.9614,,-0.29%
11/08/25,100.5381,100.1523,100.7353,100.0646,,-0.25%
08/08/25,100.7926,100.9929,101.5008,100.711,,0.05%
07/08/25,100.7408,100.7967,101.1161,100.5874,,0.29%
06/08/25,100.4541,100.4331,101.0909,100.2583,,0.15%
05/08/25,100.3022,100.4084,100.6402,100.1922,,-0.12%
04/08/25,100.4261,100.4676,100.8648,100.3028,,-0.20%
01/08/25,100.6226,101.1436,101.477,100.4938,,-0.56%
31/07/25,101.1846,101.5452,101.6924,100.9389,,-2.00%
30/07/25,103.2451,103.9244,104.1029,103.0342,,-0.56%
29/07/25,103.8317,103.2084,103.8633,103.07,,0.65%
28/07/25,103.1599,103.443,103.8815,103.0389,,-0.30%
25/07/25,103.4724,104.3811,104.4127,103.3333,,-0.73%
24/07/25,104.233,104.2408,104.6492,103.9332,,0.06%
23/07/25,104.1742,104.7738,104.9406,104.137,,-0.49%
22/07/25,104.6902,104.4025,104.7338,104.0638,,-0.03%
21/07/25,104.7231,104.6907,104.9795,104.4077,,-0.37%
18/07/25,105.1171,104.5771,105.7858,104.5538,,0.64%
17/07/25,104.4469,104.1407,104.4626,103.7389,,0.39%
16/07/25,104.0366,103.8589,104.1895,103.3178,,0.36%
15/07/25,103.6625,103.6408,103.9029,103.4054,,-0.10%
14/07/25,103.7675,104.0583,104.749,103.5266,,-0.06%
11/07/25,103.8281,103.445,104.2636,103.0913,,0.70%
10/07/25,103.1065,102.9304,103.4319,102.7989,,0.32%
09/07/25,102.7826,103.2447,103.3519,102.5386,,-0.58%
08/07/25,103.3829,102.5271,103.6795,102.2324,,0.71%
07/07/25,102.6503,102.2594,102.703,101.8706,,-0.72%
03/07/25,103.3911,103.5929,104.2017,103.3138,,-0.31%
02/07/25,103.7137,102.096,103.7622,101.8986,,1.51%
01/07/25,102.173,101.8725,102.4655,101.8061,,0.15%
30/06/25,102.0209,102.4061,102.8042,101.8302,,-0.84%
27/06/25,102.8875,102.644,102.9703,102.2002,,0.34%
26/06/25,102.5386,102.3932,102.6767,102.2936,,0.32%
25/06/25,102.2135,103.0352,103.1302,102.1841,,-0.26%
24/06/25,102.4794,104.0016,104.2568,102.4434,,-2.47%
23/06/25,105.0716,107.2587,107.3795,104.9885,,-1.57%
20/06/25,106.7456,107.3637,107.6977,106.5979,,-0.59%
18/06/25,107.3785,106.9052,107.4403,106.4611,,0.56%
17/06/25,106.7846,105.813,106.8221,105.5453,,1.03%
16/06/25,105.6982,105.9335,105.9959,104.5156,,0.37%
13/06/25,105.3082,105.2077,105.8851,104.0098,,1.98%
12/06/25,103.2588,103.4954,103.7704,102.9837,,0.07%
11/06/25,103.1892,102.8679,103.4779,102.603,,0.41%
10/06/25,102.7719,103.0427,103.3682,102.706,,-0.44%
09/06/25,103.2221,103.0238,103.4313,102.7542,,-0.09%
06/06/25,103.314,102.9944,103.3838,102.6756,,0.50%
05/06/25,102.8017,102.3779,103.5285,102.1619,,0.40%
04/06/25,102.389,102.4054,102.7042,102.0348,,0.12%
03/06/25,102.269,101.9999,102.4663,101.5535,,0.24%
02/06/25,102.0278,100.8381,102.61,100.7669,,2.04%
30/05/25,99.987,100.6255,100.9696,99.7886,,-0.85%
29/05/25,100.8444,101.2221,101.5931,100.4521,,-0.22%
28/05/25,101.0652,102.0396,102.273,101.051,,-0.85%
27/05/25,101.9294,102.2608,102.3794,101.5698,,-0.75%
23/05/25,102.7004,102.0324,102.7243,101.5897,,0.79%
22/05/25,101.8927,102.4148,102.6342,101.3603,,-0.65%
21/05/25,102.5597,102.6134,102.9678,102.3956,,0.36%
20/05/25,102.1968,100.6876,102.2698,100.4971,,1.36%
19/05/25,100.8258,100.8987,101.218,100.6617,,-0.13%
16/05/25,100.9569,101.6416,101.7549,100.6377,,-0.68%
15/05/25,101.6516,101.64,101.9125,100.9272,,-0.72%
14/05/25,102.3938,103.1425,103.2345,102.2697,,-0.81%
13/05/25,103.2332,102.2998,103.4203,102.2889,,0.93%
12/05/25,102.2859,102.3749,103.3448,102.2458,,-0.46%
09/05/25,102.7629,101.5356,102.9292,101.4291,,1.12%
08/05/25,101.6241,101.7851,102.0454,101.084,,0.12%
07/05/25,101.5051,102.5695,102.8487,101.3532,,-0.77%
06/05/25,102.2916,102.1229,102.7609,101.9364,,1.10%
05/05/25,101.1797,101.1098,102.0298,100.9819,,-0.27%
02/05/25,101.4542,101.2059,101.8542,101.0801,,0.61%
01/05/25,100.8346,100.546,100.9513,99.8807,,-0.09%
30/04/25,100.9267,102.0452,102.1827,100.772,,-1.42%
29/04/25,102.3781,103.0873,103.1957,102.1468,,-0.71%
28/04/25,103.1103,102.3271,103.1251,102.1519,,0.47%
25/04/25,102.6241,103.0699,103.3061,102.2189,,-0.29%
24/04/25,102.9215,102.5648,102.9381,102.1334,,0.78%
23/04/25,102.1263,102.9147,103.0804,101.6363,,-0.60%
22/04/25,102.738,102.7906,103.1186,102.5596,,0.57%
21/04/25,102.1601,102.8783,103.2239,102.0628,,-0.73%
17/04/25,102.9124,102.476,103.0458,102.2268,,0.46%
16/04/25,102.4454,101.2334,102.5575,100.8429,,1.27%
15/04/25,101.1614,101.2198,101.4936,100.6084,,0.12%
14/04/25,101.0435,101.4229,102.0772,101.0235,,-0.43%
11/04/25,101.4796,99.779,101.5417,99.6894,,1.69%
10/04/25,99.7977,100.3312,100.7822,99.2471,,0.10%
09/04/25,99.7019,97.0163,99.8485,96.133,,2.45%
08/04/25,97.3166,98.8821,99.6598,97.2561,,-0.80%
07/04/25,98.0968,99.3751,101.1959,98.0596,,-1.59%
04/04/25,99.6779,104.0692,104.1285,99.2474,,-4.42%
03/04/25,104.29,105.6688,105.7384,103.8674,,-2.53%
02/04/25,106.9935,106.6039,107.129,106.2296,,0.45%
01/04/25,106.5132,106.5811,106.8663,106.319,,0.11%
31/03/25,106.4009,106.0099,106.623,105.7981,,0.57%
28/03/25,105.7937,105.5199,105.841,104.8855,,0.25%
27/03/25,105.5335,105.1454,105.5657,104.7468,,0.33%
26/03/25,105.1888,105.5191,105.6888,105.1363,,0.03%
25/03/25,105.1602,105.0978,105.7475,104.9959,,0.09%
24/03/25,105.0682,105.1334,105.6085,105.0228,,-0.24%
21/03/25,105.3165,105.5737,105.6678,105.1502,,-0.43%
20/03/25,105.7751,106.2049,106.385,105.4145,,-0.28%
19/03/25,106.0713,105.269,106.1944,105.269,,0.56%
18/03/25,105.4784,105.577,106.0916,105.4584,,0.07%
17/03/25,105.4047,105.4595,105.9005,105.1404,,0.47%
14/03/25,104.9135,104.8834,105.256,104.2978,,-0.03%
13/03/25,104.9409,104.3841,105.3552,104.1807,,0.47%
12/03/25,104.4535,104.7914,104.9722,104.2222,,-0.38%
11/03/25,104.8568,104.1261,105.446,104.1048,,0.26%
10/03/25,104.5879,105.3369,105.7464,104.57,,-0.20%
07/03/25,104.7967,104.2878,104.9108,103.7759,,0.33%
06/03/25,104.4518,104.89,104.89,104.0907,,0.03%
05/03/25,104.4213,103.4063,104.6477,103.3762,,0.77%
04/03/25,103.6229,103.1439,103.9174,102.7485,,0.23%
03/03/25,103.3838,103.2001,103.8406,102.8336,,0.62%
28/02/25,102.7507,104.1283,104.1855,102.7309,,-1.46%
27/02/25,104.2777,104.5787,105.0126,104.2625,,-0.34%
26/02/25,104.6294,105.6635,105.7244,104.5504,,-0.52%
25/02/25,105.1765,106.0147,106.0638,104.647,,-0.67%
24/02/25,105.8823,106.4324,106.467,105.7105,,-0.89%
21/02/25,106.8317,107.8017,107.946,106.799,,-0.82%
20/02/25,107.712,107.9789,108.1593,107.514,,0.15%
19/02/25,107.5533,107.1298,108.2107,107.0548,,0.24%
18/02/25,107.2929,105.5503,107.2991,105.5007,,1.33%
14/02/25,105.8842,106.2705,107.0198,105.8508,,-0.01%
13/02/25,105.89,105.4754,106.0842,105.4206,,0.36%
12/02/25,105.5135,105.5528,105.7049,105.0219,,-0.14%
11/02/25,105.6596,105.4621,106.1169,105.3913,,0.09%
10/02/25,105.5692,104.5981,105.689,104.5113,,1.29%
07/02/25,104.2236,104.7001,104.8885,104.1601,,-0.10%
06/02/25,104.3296,104.2243,104.698,103.4651,,0.16%
05/02/25,104.1595,103.9893,104.2794,103.5754,,-0.05%
04/02/25,104.2114,103.4395,104.4329,102.679,,0.41%
03/02/25,103.7836,102.6557,103.9302,102.6215,,1.46%
31/01/25,102.2923,102.8997,102.9909,102.0311,,-0.43%
30/01/25,102.7333,102.6211,103.252,102.5167,,0.04%
29/01/25,102.6872,102.012,102.9304,101.8385,,0.69%
28/01/25,101.9807,101.897,102.1535,101.6652,,0.16%
27/01/25,101.8177,102.3241,102.7902,101.3499,,-1.56%
24/01/25,103.4289,103.5041,103.5686,103.0101,,-0.04%
23/01/25,103.4682,103.159,103.846,103.051,,-0.12%
22/01/25,103.596,103.3029,103.662,103.0288,,0.16%
21/01/25,103.4322,103.629,103.7074,102.9117,,-0.25%
17/01/25,103.6957,104.3011,104.3925,103.2216,,-0.50%
16/01/25,104.2197,104.1126,104.246,103.5452,,0.09%
15/01/25,104.125,102.5914,104.1559,102.5543,,1.36%
14/01/25,102.7284,103.0014,103.0808,102.2626,,-0.30%
13/01/25,103.0424,103.359,103.4941,102.3894,,0.54%
10/01/25,102.4909,100.7305,102.6452,100.712,,2.03%
09/01/25,100.4512,99.3958,100.7432,99.384,,0.99%
08/01/25,99.4623,99.5474,100.0434,99.288,,-0.03%
07/01/25,99.4877,99.1303,99.8952,98.8396,,0.23%
06/01/25,99.2611,99.0084,99.9407,98.7375,,0.78%
03/01/25,98.4915,99.7513,99.8184,98.4511,,-1.12%
02/01/25,99.6066,99.0764,100.1442,98.9292,,0.86%
31/12/24,98.7611,98.9318,99.1263,98.2454,,-0.11%
30/12/24,98.865,98.8456,99.6319,98.5133,,0.67%
27/12/24,98.2065,97.9682,98.2373,97.8405,,0.16%
26/12/24,98.0453,98.2519,98.314,97.866,,-0.17%
25/12/24,98.2085,97.6862,98.2269,97.6055,,0.00%
24/12/24,98.2085,97.6862,98.2269,97.6055,,0.74%
23/12/24,97.4865,98.0543,98.1386,97.1207,,-0.08%
20/12/24,97.5669,96.6442,97.7438,96.6043,,1.06%
19/12/24,96.5475,96.6904,97.0879,96.237,,-0.67%
18/12/24,97.2021,97.4878,97.8013,97.178,,-0.29%
17/12/24,97.4886,98.1639,98.2494,96.8223,,-0.70%
16/12/24,98.1745,98.443,98.6605,98.1236,,-0.51%
13/12/24,98.6739,98.9589,99.1029,98.4341,,-0.37%
12/12/24,99.0433,99.5566,99.9572,98.6306,,-0.68%
11/12/24,99.7186,99.2499,99.8439,98.8137,,0.89%
10/12/24,98.8344,98.3953,98.9418,98.1575,,0.34%
09/12/24,98.4974,98.0179,98.8595,97.795,,1.04%
06/12/24,97.4828,97.3567,97.6314,97.0127,,0.11%
05/12/24,97.3803,97.188,97.7993,97.1791,,0.06%
04/12/24,97.3262,97.4578,97.7183,97.0799,,-0.16%
03/12/24,97.4836,96.9492,97.9179,96.937,,0.46%
02/12/24,97.0381,97.361,97.519,96.8446,,-1.12%
29/11/24,98.1416,98.3366,98.57,98.1252,,0.40%
27/11/24,97.7475,98.4476,98.5579,97.6415,,-0.63%
26/11/24,98.3672,98.1425,99.0452,97.9585,,0.20%
25/11/24,98.1736,99.6667,99.6834,98.1002,,-0.81%
22/11/24,98.9746,99.4665,99.5625,98.4169,,0.07%
21/11/24,98.9069,98.6737,99.5817,98.6109,,0.41%
20/11/24,98.5042,98.015,98.8306,97.8402,,0.61%
19/11/24,97.9081,97.7293,98.251,97.6079,,0.23%
18/11/24,97.6791,96.718,97.7047,96.3123,,1.64%
15/11/24,96.1028,96.0011,96.6176,95.5248,,0.14%
14/11/24,95.9683,96.3027,96.8044,95.9487,,-0.78%
13/11/24,96.7249,96.9406,97.0667,96.0822,,-0.09%
12/11/24,96.8084,97.1871,97.4413,96.6263,,-0.40%
11/11/24,97.2017,98.3495,98.5006,97.0538,,-0.95%
08/11/24,98.1345,99.2239,99.255,97.9621,,-1.19%
07/11/24,99.317,98.3147,99.3605,98.1622,,1.21%
06/11/24,98.1265,98.5303,98.5303,96.9307,,-0.97%
05/11/24,99.092,98.9351,99.6528,98.9055,,0.19%
04/11/24,98.9066,98.3182,98.9816,98.3021,,0.85%
01/11/24,98.0707,98.7031,99.1197,98.0034,,-0.03%
31/10/24,98.0956,98.7762,98.9299,97.9792,,-0.80%
30/10/24,98.89,98.8733,99.0425,98.2763,,0.45%
29/10/24,98.4518,98.3348,98.8104,98.0931,,0.20%
28/10/24,98.26,98.9145,99.159,98.1214,,-1.97%
25/10/24,100.2382,99.7676,100.2619,99.2142,,0.41%
24/10/24,99.8276,100.113,100.6734,99.3661,,0.22%
23/10/24,99.6049,99.8167,100.1931,99.2961,,-0.47%
22/10/24,100.0706,98.7492,100.1303,98.72,,1.34%
21/10/24,98.7509,98.4751,99.292,98.4751,,0.52%
18/10/24,98.2366,98.6207,98.9639,98.0695,,-0.10%
17/10/24,98.3303,98.6496,98.7638,97.8519,,0.06%
16/10/24,98.2691,98.6358,98.8379,98.1633,,-0.14%
15/10/24,98.4113,98.7006,98.8387,97.9374,,-1.06%
14/10/24,99.4659,99.9677,100.3481,99.4501,,-1.33%
11/10/24,100.8063,100.8237,101.2433,100.4969,,0.26%
10/10/24,100.547,99.5723,100.6305,99.5021,,1.14%
09/10/24,99.4101,100.1728,100.6255,98.829,,-0.72%
08/10/24,100.1268,101.9731,101.9817,99.7905,,-1.99%
07/10/24,102.1627,101.622,102.4104,101.5261,,0.08%
04/10/24,102.0771,102.3169,102.9765,101.9953,,-0.23%
03/10/24,102.3077,101.9813,102.4146,101.4139,,0.76%
02/10/24,101.5402,101.6276,102.4245,101.3076,,0.24%
01/10/24,101.2925,100.2085,101.9987,99.7367,,0.95%
30/09/24,100.3406,100.1425,100.7121,99.8146,,0.08%
27/09/24,100.2604,99.6146,100.487,99.4862,,0.34%
26/09/24,99.9159,100.4707,100.6458,99.6165,,-0.27%
25/09/24,100.1826,100.3834,100.4629,99.7475,,-0.04%
24/09/24,100.2267,99.216,100.4493,99.1321,,1.18%
23/09/24,99.0554,98.475,99.5015,97.9568,,0.92%
20/09/24,98.1558,97.7838,98.2886,97.4115,,0.30%
19/09/24,97.8583,96.6102,97.9756,96.6102,,0.76%
18/09/24,97.1221,96.9996,97.3579,96.7793,,0.10%
17/09/24,97.0247,96.8901,97.3165,96.5631,,0.29%
16/09/24,96.7451,95.9874,97.0722,95.9676,,0.58%
13/09/24,96.1849,96.0433,96.6888,95.8869,,0.55%
12/09/24,95.6583,94.347,95.8795,94.266,,1.59%
11/09/24,94.1619,93.5218,94.3578,93.3253,,0.89%
10/09/24,93.3307,94.1742,94.3172,93.1697,,-0.95%
09/09/24,94.2228,93.7617,94.3402,93.5589,,0.54%
06/09/24,93.7151,95.1646,95.5571,93.5827,,-1.51%
05/09/24,95.1562,94.8384,95.7593,94.5832,,0.30%
04/09/24,94.8723,95.0823,95.4995,94.4799,,-0.35%
03/09/24,95.2064,95.9082,96.0796,94.4514,,-0.92%
30/08/24,96.0873,96.9981,97.5028,96.0494,,-0.95%
29/08/24,97.0049,96.4149,97.0184,96.1322,,0.74%
28/08/24,96.2908,97.0434,97.0622,95.9981,,-0.90%
27/08/24,97.1667,97.0065,97.3746,96.829,,-0.03%
26/08/24,97.196,96.5397,97.3593,96.411,,0.77%
23/08/24,96.458,95.4233,96.5474,95.3099,,1.28%
22/08/24,95.2427,95.8581,95.9557,94.914,,-0.75%
21/08/24,95.9586,96.2013,96.5089,95.7805,,-0.26%
20/08/24,96.212,96.0967,96.7572,95.8752,,-0.04%
19/08/24,96.2537,95.9073,96.65,95.7012,,0.57%
16/08/24,95.7116,95.9992,96.0053,95.1569,,-0.41%
15/08/24,96.1066,95.6347,96.6199,95.5565,,0.75%
14/08/24,95.393,95.7002,96.0867,95.3401,,-0.14%
13/08/24,95.528,96.4156,96.4202,95.5033,,-1.14%
12/08/24,96.6308,95.5589,96.6408,95.4895,,1.17%
09/08/24,95.5136,95.6078,95.9382,95.356,,0.28%
08/08/24,95.2451,94.607,95.5265,94.3648,,0.49%
07/08/24,94.7852,93.9902,95.0153,93.8168,,0.67%
06/08/24,94.1545,94.345,94.3993,93.5125,,0.26%
05/08/24,93.9059,94.8235,95.0775,92.415,,-0.87%
02/08/24,94.7317,95.7945,96.2489,94.5436,,-0.85%
01/08/24,95.5459,96.9255,97.0029,95.5395,,-0.94%
31/07/24,96.4493,95.8036,96.7102,95.741,,1.07%
30/07/24,95.425,95.205,95.581,94.7073,,0.02%
29/07/24,95.4079,96.1207,96.3227,94.9606,,-0.58%
26/07/24,95.9622,97.2257,97.2257,95.9288,,-0.84%
25/07/24,96.7789,96.5517,96.9526,95.9101,,-0.53%
24/07/24,97.2965,97.3874,97.9135,97.2259,,-0.20%
23/07/24,97.4928,98.2695,98.2973,97.4682,,-0.61%
22/07/24,98.0865,97.8684,98.115,97.3209,,0.62%
19/07/24,97.4851,98.3663,98.632,97.4675,,-1.51%
18/07/24,98.9796,99.432,99.6722,98.8073,,-0.24%
17/07/24,99.2133,99.8078,99.9378,99.1101,,-0.38%
16/07/24,99.5907,99.6615,99.8413,99.0938,,-0.02%
15/07/24,99.6058,100.334,100.3625,99.5894,,-1.14%
12/07/24,100.7543,100.6628,101.0446,100.3529,,-0.01%
11/07/24,100.7639,100.7255,101.2235,100.5437,,0.32%
10/07/24,100.4444,100.6752,100.9118,100.3597,,-0.25%
09/07/24,100.6931,101.4178,101.6393,100.6664,,-0.64%
08/07/24,101.3373,102.1837,102.226,101.2476,,-1.14%
05/07/24,102.5046,101.9944,102.9094,101.9163,,0.32%
03/07/24,102.1788,101.4772,102.3376,101.3409,,0.93%
02/07/24,101.2373,101.4593,101.8684,101.2203,,-0.09%
01/07/24,101.3271,101.027,101.4051,100.677,,0.33%
28/06/24,100.9915,101.5287,102.1235,100.9324,,-0.33%
27/06/24,101.329,100.9503,101.7971,100.8321,,0.23%
26/06/24,101.0926,101.3579,101.709,100.8353,,-0.32%
25/06/24,101.4174,102.4411,102.6073,101.4024,,-1.12%
24/06/24,102.5619,101.5626,102.5766,101.4555,,0.82%
21/06/24,101.7255,102.6615,102.7608,101.6791,,-1.00%
20/06/24,102.7487,103.0601,103.3398,102.6794,,0.02%
18/06/24,102.7299,102.1111,102.7545,101.4387,,0.81%
17/06/24,101.9078,102.0168,102.0168,101.4946,,-0.52%
14/06/24,102.4383,102.5773,103.0101,102.382,,-0.33%
13/06/24,102.7795,102.6124,103.2985,102.4341,,-0.53%
12/06/24,103.3283,102.9888,103.7009,102.6954,,0.61%
11/06/24,102.7055,102.7141,102.8273,102.129,,0.31%
10/06/24,102.3853,102.0034,102.8711,101.8003,,0.56%
07/06/24,101.8175,103.4326,103.6744,101.5674,,-1.59%
06/06/24,103.4588,102.452,103.5138,102.1741,,1.56%
05/06/24,101.8736,101.5342,101.9518,101.1088,,0.58%
04/06/24,101.2822,102.6721,102.791,101.2591,,-1.42%
03/06/24,102.7403,103.6545,103.9545,102.2964,,-0.24%
31/05/24,102.9915,104.0061,104.5219,102.8047,,-1.02%
30/05/24,104.0478,105.2173,105.2869,104.0366,,-1.39%
29/05/24,105.5111,106.6178,106.9839,105.4512,,-1.07%
28/05/24,106.6481,106.2076,106.675,105.8636,,1.54%
24/05/24,105.0273,105.253,105.5178,104.808,,-0.09%
23/05/24,105.1239,105.69,106.8598,105.0039,,-1.21%
22/05/24,106.4078,106.9453,107.0506,105.74,,-0.54%
21/05/24,106.9851,106.7445,107.5433,106.3366,,-0.24%
20/05/24,107.2407,106.473,107.2588,105.9407,,1.42%
17/05/24,105.7442,104.4448,105.7589,104.2954,,1.57%
16/05/24,104.1084,104.2022,104.3188,103.7796,,0.20%
15/05/24,103.9033,103.452,104.1503,102.9055,,0.75%
14/05/24,103.1263,103.2907,103.4641,102.747,,-0.14%
13/05/24,103.2716,102.3272,103.3694,102.3105,,0.47%
10/05/24,102.7868,102.884,103.4805,102.581,,0.31%
09/05/24,102.4681,102.1238,102.6557,102.0768,,0.40%
08/05/24,102.0613,102.0939,102.3221,101.6684,,-0.47%
07/05/24,102.5455,102.5425,102.7394,102.0234,,0.00%
06/05/24,102.5412,101.4152,102.7994,101.3196,,1.19%
03/05/24,101.3398,101.0809,101.6951,100.8888,,0.49%
02/05/24,100.8424,100.9276,101.2081,100.2711,,0.31%
01/05/24,100.5325,101.1522,101.3673,100.5043,,-1.12%
30/04/24,101.6744,103.2041,103.2186,101.5482,,-1.65%
29/04/24,103.3774,102.7963,103.5693,102.7463,,0.45%
26/04/24,102.9191,103.2525,103.6545,102.8018,,-0.10%
25/04/24,103.0205,102.4231,103.0489,102.2901,,0.33%
24/04/24,102.6862,102.9116,103.2205,102.6436,,-0.26%
23/04/24,102.953,102.4027,102.9688,101.6361,,0.17%
22/04/24,102.7831,102.7164,102.8832,101.9152,,-0.26%
19/04/24,103.0556,103.3091,103.7309,102.0881,,0.94%
18/04/24,102.0947,102.1009,102.5444,101.9149,,-0.13%
17/04/24,102.2248,102.5412,103.0087,102.0032,,-0.59%
16/04/24,102.8343,103.1576,103.202,102.0711,,0.02%
15/04/24,102.8128,103.0985,103.2451,101.9885,,-0.11%
12/04/24,102.9251,102.957,104.343,102.7882,,0.56%
11/04/24,102.3493,102.996,103.1671,102.1307,,-0.51%
10/04/24,102.8709,103.0616,103.6161,102.4297,,0.06%
09/04/24,102.8042,102.8988,103.4952,102.6919,,-0.11%
08/04/24,102.9183,102.2734,103.2044,102.2498,,0.02%
05/04/24,102.8961,101.7646,103.187,101.7599,,0.62%
04/04/24,102.2595,102.2396,102.3143,101.6018,,0.34%
03/04/24,101.9094,100.9001,102.1107,100.803,,1.20%
02/04/24,100.6986,100.1451,101.0483,100.0623,,0.79%
01/04/24,99.9046,99.8593,100.2917,99.4686,,0.42%
28/03/24,99.4894,98.2955,99.5549,98.1787,,1.20%
27/03/24,98.3107,98.2541,98.4087,97.9978,,-0.37%
26/03/24,98.6781,99.2575,99.4904,98.6275,,-0.61%
25/03/24,99.2827,99.0024,99.5672,98.7432,,0.59%
22/03/24,98.704,99.0609,99.227,98.6882,,-0.74%
21/03/24,99.4434,100.2697,100.3455,98.9555,,0.20%
20/03/24,99.2492,99.5748,99.6189,98.8326,,-0.34%
19/03/24,99.5907,99.6528,99.7436,99.2392,,-0.09%
18/03/24,99.6785,99.6035,99.8887,99.3234,,0.49%
15/03/24,99.1895,99.1269,99.4232,98.7304,,0.11%
14/03/24,99.0783,99.0894,99.2767,98.6889,,0.09%
13/03/24,98.9916,98.1986,99.0602,98.1637,,0.82%
12/03/24,98.184,98.2713,98.5002,97.8242,,-0.12%
11/03/24,98.2987,97.8629,98.442,97.651,,0.30%
08/03/24,98.004,98.2483,98.721,97.4236,,-0.29%
07/03/24,98.2922,97.8571,98.5628,97.788,,0.44%
06/03/24,97.866,97.1204,98.12,97.081,,0.59%
05/03/24,97.2962,97.4056,97.7983,97.1557,,-0.37%
04/03/24,97.6548,97.3973,98.1171,97.2731,,0.45%
01/03/24,97.2157,96.6944,97.3093,96.4434,,0.53%
29/02/24,96.6989,96.5881,97.0262,96.1472,,0.04%
28/02/24,96.6555,96.5844,96.8013,95.9825,,0.00%
27/02/24,96.6585,96.1369,96.7136,95.9606,,0.90%
26/02/24,95.796,95.4456,95.8586,95.1951,,0.41%
23/02/24,95.4053,96.3905,96.395,95.3583,,-1.05%
22/02/24,96.4155,96.5603,96.8949,96.0151,,-0.14%
21/02/24,96.5535,96.4656,96.6489,96.1165,,0.75%
20/02/24,95.8341,95.9819,96.2533,95.5701,,-0.44%
16/02/24,96.2531,95.743,96.2635,95.4475,,0.66%
15/02/24,95.6234,95.2758,96.0304,95.1738,,0.23%
14/02/24,95.4028,96.0197,96.3159,95.3839,,-0.91%
13/02/24,96.2778,96.7785,97.127,95.9566,,-0.46%
12/02/24,96.7209,96.6858,97.0982,96.6017,,-0.24%
09/02/24,96.9496,96.862,97.2888,96.5308,,-0.05%
08/02/24,96.9936,96.8657,97.0972,96.5582,,0.35%
07/02/24,96.6545,96.6031,96.9748,96.4077,,0.02%
06/02/24,96.6324,96.4906,96.9339,96.4214,,0.17%
05/02/24,96.4708,96.5325,96.8026,95.9,,-0.21%
02/02/24,96.6698,97.7146,97.772,96.5417,,-0.95%
01/02/24,97.5928,98.7131,98.7572,97.4254,,-0.98%
31/01/24,98.5602,98.7579,99.0473,98.3164,,-0.30%
30/01/24,98.858,97.9583,98.9521,97.591,,0.97%
29/01/24,97.9105,98.8541,98.9215,97.813,,-0.88%
26/01/24,98.7813,98.7819,98.8375,98.0338,,0.06%
25/01/24,98.7207,98.566,99.1563,98.2608,,0.24%
24/01/24,98.4872,97.765,98.6162,97.6173,,0.90%
23/01/24,97.6048,96.9696,97.7171,96.8235,,0.73%
22/01/24,96.8997,96.52,97.0822,96.0659,,0.10%
19/01/24,96.7989,97.3068,97.681,96.7662,,-0.41%
18/01/24,97.1996,96.532,97.2133,96.2148,,0.58%
17/01/24,96.6416,97.1022,97.1022,96.2892,,-0.81%
16/01/24,97.4334,97.603,98.0345,97.2249,,-0.54%
12/01/24,97.959,98.5945,99.1856,97.4886,,0.30%
11/01/24,97.665,97.5839,98.5038,97.5795,,0.18%
10/01/24,97.4891,98.3968,98.5004,97.3487,,-0.80%
09/01/24,98.2761,97.5638,98.6393,97.3596,,0.90%
08/01/24,97.4017,98.1776,98.2141,96.6628,,-1.25%
05/01/24,98.6326,98.5611,98.9872,97.9148,,0.32%
04/01/24,98.3138,98.4427,98.8737,97.8161,,-0.01%
03/01/24,98.3249,98.0844,98.529,97.5109,,0.23%
02/01/24,98.0974,99.2276,99.6602,97.9038,,-0.56%
29/12/23,98.646,99.4446,99.5512,98.6196,,-0.92%
28/12/23,99.5651,100.2205,100.2725,99.5327,,-0.56%
27/12/23,100.1262,100.0057,100.4936,99.7519,,0.21%
26/12/23,99.9115,99.2614,100.0048,99.0886,,0.56%
22/12/23,99.3544,99.4231,99.8536,99.1637,,0.34%
21/12/23,99.0173,98.8781,99.1867,98.5712,,-0.11%
20/12/23,99.1295,99.7813,100.0416,98.9693,,-0.45%
19/12/23,99.5763,99.0699,99.7762,98.7989,,0.47%
18/12/23,99.1083,98.8121,99.8273,98.4998,,0.21%
15/12/23,98.8993,98.9292,99.1601,98.3988,,0.31%
14/12/23,98.5902,97.4678,98.7419,97.3798,,2.27%
13/12/23,96.4029,96.2516,96.7154,95.9231,,0.04%
12/12/23,96.3658,97.5182,97.8585,96.2697,,-0.96%
11/12/23,97.304,97.6229,97.7772,96.6723,,-0.57%
08/12/23,97.8635,98.2111,98.6656,97.6543,,0.04%
07/12/23,97.8204,97.6562,98.2766,97.5672,,0.28%
06/12/23,97.5491,99.6969,99.9437,97.4909,,-2.03%
05/12/23,99.5711,100.0097,100.3605,99.4818,,-0.42%
04/12/23,99.9919,101.0512,101.0554,99.9569,,-1.46%
01/12/23,101.4705,101.6678,102.3895,101.1761,,-0.33%
30/11/23,101.8067,102.3773,102.7565,101.466,,-0.51%
29/11/23,102.3333,101.8971,102.3683,101.6175,,0.35%
28/11/23,101.9748,101.1757,102.3591,100.9533,,1.00%
27/11/23,100.9681,101.1429,101.4255,100.807,,-0.44%
24/11/23,101.4189,102.2713,102.337,101.3809,,-0.75%
22/11/23,102.1838,102.8105,102.8802,101.3641,,-0.73%
21/11/23,102.9389,102.9219,103.0948,102.5034,,0.24%
20/11/23,102.6901,102.138,102.807,101.7218,,0.76%
17/11/23,101.9202,101.7458,102.0588,101.3532,,0.14%
16/11/23,101.7808,102.9265,103.4228,101.6038,,-1.53%
15/11/23,103.3672,103.4419,103.8126,103.2424,,-0.03%
14/11/23,103.3938,103.3507,104.0363,102.8264,,0.26%
13/11/23,103.1268,101.525,103.1556,101.4504,,1.49%
10/11/23,101.6086,101.9787,102.0652,101.5445,,-0.54%
09/11/23,102.1643,102.265,102.731,102.0552,,-0.18%
08/11/23,102.3481,103.3211,103.3572,102.1177,,-0.65%
07/11/23,103.0161,104.7054,104.7159,103.0067,,-1.89%
06/11/23,104.9975,104.9893,105.6285,104.9256,,-0.22%
03/11/23,105.2272,105.1935,105.906,105.0877,,0.17%
02/11/23,105.0477,104.6097,105.0932,104.3681,,0.85%
01/11/23,104.1593,104.5126,105.1988,104.1135,,-0.44%
31/10/23,104.6162,104.3892,105.3906,104.1888,,0.14%
30/10/23,104.474,105.4906,105.5313,104.3447,,-1.09%
27/10/23,105.63,104.8379,105.8204,104.8379,,0.99%
26/10/23,104.5994,104.9581,105.1677,104.3354,,-0.44%
25/10/23,105.0615,104.7277,105.0825,103.7972,,0.46%
24/10/23,104.5826,104.9101,105.1055,104.0357,,-0.27%
23/10/23,104.8618,105.2105,105.6628,104.8483,,-0.90%
20/10/23,105.8155,106.3836,106.7086,105.7334,,-0.25%
19/10/23,106.0803,105.7063,106.1401,105.1876,,0.17%
18/10/23,105.8979,105.7355,106.1723,105.4492,,1.02%
17/10/23,104.8331,104.4753,105.1573,104.3166,,0.12%
16/10/23,104.7056,105.1685,105.2982,104.5317,,-0.55%
13/10/23,105.287,103.4174,105.3083,103.3895,,1.87%
12/10/23,103.3567,103.0884,103.6679,102.7554,,0.31%
11/10/23,103.0353,103.8938,104.1356,102.5412,,-0.55%
10/10/23,103.6054,103.7567,103.7946,103.1919,,-0.15%
09/10/23,103.756,104.1348,104.3155,103.3112,,1.15%
06/10/23,102.5742,101.8115,102.6515,101.5151,,0.91%
05/10/23,101.6456,101.8378,102.0118,100.9291,,0.02%
04/10/23,101.6285,103.3088,103.4561,101.6067,,-1.77%
03/10/23,103.4618,103.195,103.6568,103.0638,,-0.28%
02/10/23,103.7479,104.7031,104.956,103.6893,,-1.04%
29/09/23,104.8391,106.2327,106.5888,104.7907,,-1.00%
28/09/23,105.8928,106.0976,106.3432,105.7247,,0.12%
27/09/23,105.7688,105.7616,106.116,105.5627,,0.35%
26/09/23,105.405,105.83,105.8518,104.9131,,-0.33%
25/09/23,105.7523,106.1119,106.2581,105.4059,,-0.44%
22/09/23,106.2245,106.2182,106.851,106.0189,,0.15%
21/09/23,106.0696,106.594,106.8975,106.0389,,-1.10%
20/09/23,107.2461,107.3387,107.6966,106.9035,,-0.20%
19/09/23,107.4641,107.2597,107.9379,107.1237,,0.06%
18/09/23,107.4003,107.527,107.783,107.2116,,-0.07%
15/09/23,107.4702,107.9285,108.2163,107.3741,,-0.22%
14/09/23,107.7119,107.2145,107.8474,106.9998,,0.71%
13/09/23,106.9543,106.7847,107.2058,106.5429,,0.13%
12/09/23,106.8176,106.6531,107.0494,106.3507,,0.13%
11/09/23,106.6824,105.9318,106.9558,105.9205,,0.57%
08/09/23,106.0826,105.8762,106.4865,105.7792,,0.07%
07/09/23,106.0115,106.4292,106.443,105.7968,,-0.35%
06/09/23,106.3853,106.6551,106.7664,106.0578,,-0.24%
05/09/23,106.6385,106.3355,107.0266,105.8154,,-0.08%
01/09/23,106.7234,106.4307,107.3913,106.3632,,0.66%
31/08/23,106.0289,106.1375,106.5655,105.836,,-0.09%
30/08/23,106.1231,105.8879,106.4537,105.659,,0.32%
29/08/23,105.7818,105.434,105.94,105.2195,,0.12%
28/08/23,105.6527,105.8324,106.1112,105.4772,,0.17%
25/08/23,105.4753,104.9197,105.5476,104.8466,,0.56%
24/08/23,104.8874,104.4169,104.9739,103.8964,,0.24%
23/08/23,104.6391,104.0348,104.8535,103.6046,,0.68%
22/08/23,103.9352,104.2976,104.6169,103.7973,,-0.31%
21/08/23,104.2595,104.7662,105.1211,104.1537,,0.01%
18/08/23,104.2442,104.2013,104.3357,103.517,,0.46%
17/08/23,103.7637,103.417,104.3067,103.262,,0.32%
16/08/23,103.4349,103.7745,104.2129,103.4176,,-0.36%
15/08/23,103.8041,105.152,105.456,103.6989,,-1.23%
14/08/23,105.0976,105.5902,105.6615,104.6793,,-0.46%
11/08/23,105.5861,105.9412,106.0059,105.3783,,-0.27%
10/08/23,105.8719,106.5856,107.0277,105.7595,,-0.63%
09/08/23,106.5389,105.974,106.7944,105.8921,,0.78%
08/08/23,105.7102,105.5465,105.7439,104.2342,,-0.04%
07/08/23,105.7569,105.966,106.1432,105.4346,,-0.17%
04/08/23,105.932,105.8082,106.1901,105.4577,,0.37%
03/08/23,105.5456,105.2032,105.793,104.7281,,0.50%
02/08/23,105.0157,107.3917,107.4163,104.8216,,-1.54%
01/08/23,106.6636,107.3814,107.3885,106.2412,,-0.63%
31/07/23,107.3396,106.8322,107.3534,106.5197,,0.10%
28/07/23,107.2298,106.7937,107.4575,106.4765,,0.28%
27/07/23,106.9292,108.0334,108.3158,106.7225,,-0.56%
26/07/23,107.5335,107.8252,108.1202,107.3791,,-0.65%
25/07/23,108.2421,107.835,108.3166,107.2327,,0.55%
24/07/23,107.6541,106.251,107.9885,106.1545,,1.37%
21/07/23,106.1991,106.3126,106.4835,105.6099,,0.15%
20/07/23,106.0429,105.9114,106.59,105.7466,,0.49%
19/07/23,105.5207,105.131,106.0919,104.8736,,0.58%
18/07/23,104.9102,103.8207,105.1275,103.6661,,1.27%
17/07/23,103.5916,104.3093,104.833,103.5067,,-0.96%
14/07/23,104.5971,104.6295,105.0729,104.1184,,0.08%
13/07/23,104.5159,103.5384,104.5489,103.4485,,1.09%
12/07/23,103.3871,103.5133,104.2857,103.1265,,0.28%
11/07/23,103.1002,102.3246,103.1287,102.2866,,0.93%
10/07/23,102.1541,102.0402,102.5522,101.7562,,0.24%
07/07/23,101.9122,101.4698,102.2883,101.2549,,0.52%
06/07/23,101.3891,102.095,102.1474,100.8034,,-0.63%
05/07/23,102.0268,101.7175,102.6298,101.4171,,0.76%
03/07/23,101.2527,101.491,102.0914,101.198,,-0.22%
30/06/23,101.4785,100.5061,101.9816,100.1906,,1.22%
29/06/23,100.2506,100.4383,100.5166,99.6437,,-0.08%
28/06/23,100.3296,101.1322,101.4767,99.8704,,-0.88%
27/06/23,101.2242,102.6934,102.8303,101.1698,,-1.22%
26/06/23,102.4776,102.7723,103.1621,102.2856,,0.13%
23/06/23,102.3456,102.7267,102.7296,101.5358,,-0.84%
22/06/23,103.2163,104.632,104.6893,102.7018,,-1.48%
21/06/23,104.7676,103.8979,104.7731,103.2709,,1.10%
20/06/23,103.6242,104.5732,104.8063,103.3047,,-1.44%
16/06/23,105.1417,103.6645,105.1536,103.5666,,1.58%
15/06/23,103.5079,100.6938,103.6351,100.6247,,2.20%
14/06/23,101.2802,100.9674,101.7606,100.9284,,0.17%
13/06/23,101.1083,100.0649,101.3817,99.9358,,1.17%
12/06/23,99.9348,100.5168,100.7829,99.5469,,-1.02%
09/06/23,100.9596,101.1033,101.6158,100.8945,,-0.42%
08/06/23,101.388,100.4611,101.4941,100.3785,,0.70%
07/06/23,100.6793,100.5361,101.2511,100.0285,,0.25%
06/06/23,100.4277,100.0113,100.5422,99.4832,,0.36%
05/06/23,100.0633,100.1595,100.5514,99.974,,0.24%
02/06/23,99.8213,99.125,100.1699,99.0931,,0.63%
01/06/23,99.1922,98.3465,99.4808,98.2207,,1.25%
31/05/23,97.9647,98.0326,98.4631,97.0062,,-0.37%
30/05/23,98.3284,99.9475,100.0004,98.0765,,-1.75%
26/05/23,100.0794,99.1839,100.1483,99.1802,,0.79%
25/05/23,99.2939,100.4965,100.7365,98.7891,,-1.28%
24/05/23,100.5773,100.6537,101.0904,100.1214,,0.08%
23/05/23,100.4944,100.7687,100.9077,100.0328,,-0.38%
22/05/23,100.8743,100.6239,100.9761,100.2571,,-0.20%
19/05/23,101.0741,100.7491,102.2962,100.7294,,0.11%
18/05/23,100.966,101.33,101.4827,100.1268,,-0.45%
17/05/23,101.4239,100.9895,101.6489,100.6901,,0.25%
16/05/23,101.1662,102.4868,102.4868,101.0169,,-1.13%
15/05/23,102.3245,101.0229,102.5249,100.9006,,1.13%
12/05/23,101.1839,100.9788,101.6412,100.7804,,0.06%
11/05/23,101.1199,102.6328,102.9235,101.0156,,-1.57%
10/05/23,102.734,103.4401,103.4756,102.4919,,-0.79%
09/05/23,103.5492,103.2092,103.5984,102.5157,,-0.15%
08/05/23,103.6997,103.0708,104.0235,103.0674,,0.72%
05/05/23,102.9563,101.808,103.1594,101.6368,,1.28%
04/05/23,101.6529,102.1201,102.1786,101.1014,,0.11%
03/05/23,101.5413,102.2138,102.335,101.0608,,-0.77%
02/05/23,102.3281,103.7781,103.9006,102.2267,,-1.29%
01/05/23,103.6653,103.8325,104.3389,103.1838,,-0.62%
28/04/23,104.3114,103.465,104.3721,102.7478,,0.94%
27/04/23,103.3361,103.5045,103.7228,102.8503,,-0.11%
26/04/23,103.4534,104.9254,105.1194,103.4377,,-1.11%
25/04/23,104.6145,106.0333,106.0333,104.6145,,-1.30%
24/04/23,105.9963,105.2414,106.1818,104.9842,,0.40%
21/04/23,105.5753,106.1241,106.3077,105.3244,,-0.77%
20/04/23,106.3893,107.0957,107.1219,105.9382,,-0.88%
19/04/23,107.3306,108.5134,108.5729,107.1013,,-1.31%
18/04/23,108.7529,108.308,108.8917,107.8672,,0.66%
17/04/23,108.0345,107.9029,108.1772,107.5451,,0.20%
14/04/23,107.8204,108.0679,108.1746,107.0247,,0.09%
13/04/23,107.7188,107.6372,108.4405,107.4934,,0.09%
12/04/23,107.6193,107.3728,107.7877,106.9332,,0.45%
11/04/23,107.1386,106.3888,107.1889,106.3888,,0.84%
10/04/23,106.2505,106.2011,106.5816,105.9495,,0.01%
06/04/23,106.2398,106.4572,106.8229,105.9256,,-0.37%
05/04/23,106.6344,106.6818,106.824,106.1424,,0.11%
04/04/23,106.5169,106.5794,106.8524,106.1292,,-0.02%
03/04/23,106.5337,106.3044,107.3374,105.8528,,0.97%
31/03/23,105.5076,104.4256,105.5726,103.8248,,1.07%
30/03/23,104.3921,103.7387,104.6643,103.726,,0.22%
29/03/23,104.1591,104.3635,104.9276,103.8848,,-0.19%
28/03/23,104.362,104.0094,104.6313,103.7153,,0.59%
27/03/23,103.7487,102.6066,103.8048,102.38,,0.70%
24/03/23,103.0238,102.1571,103.1796,101.6714,,0.46%
23/03/23,102.5509,102.6816,103.4103,102.4577,,-0.02%
22/03/23,102.5711,102.4915,103.0227,102.1518,,-0.13%
21/03/23,102.707,102.4854,103.1745,102.044,,0.13%
20/03/23,102.5698,102.6974,102.8564,101.6877,,-0.02%
17/03/23,102.5945,103.5317,103.6978,101.9054,,-0.16%
16/03/23,102.7609,102.3662,103.0036,101.667,,0.60%
15/03/23,102.152,104.5326,104.649,101.6154,,-1.97%
14/03/23,104.2085,104.8996,105.1664,104.1573,,-0.88%
13/03/23,105.1314,104.6662,105.8607,103.0645,,0.55%
10/03/23,104.5533,103.7066,104.7907,103.3623,,0.34%
09/03/23,104.1983,105.1457,105.7008,104.0838,,-0.81%
08/03/23,105.0476,105.646,105.7882,104.9578,,-0.69%
07/03/23,105.7738,107.5544,107.5544,105.6847,,-1.45%
06/03/23,107.3258,107.341,107.5675,106.6185,,-0.91%
03/03/23,108.3105,106.9586,108.3469,106.8151,,1.28%
02/03/23,106.9377,107.218,107.3137,106.6391,,-0.33%
01/03/23,107.2923,106.5619,107.3133,106.0695,,1.07%
28/02/23,106.1591,105.8283,106.2277,105.6622,,0.18%
27/02/23,105.9698,105.6887,106.2737,105.3847,,0.40%
24/02/23,105.5489,106.3873,106.509,104.7415,,-0.41%
23/02/23,105.9813,106.1813,106.7639,105.6603,,-0.14%
22/02/23,106.1328,107.0334,107.1248,106.0912,,-0.85%
21/02/23,107.0443,106.9864,107.6988,106.7826,,0.48%
17/02/23,106.5327,107.2473,107.2496,105.8051,,-0.85%
16/02/23,107.4432,107.8396,108.0157,107.2131,,0.04%
15/02/23,107.4009,108.5141,108.5242,107.0575,,-1.25%
14/02/23,108.7588,108.4884,109.1775,107.8802,,0.18%
13/02/23,108.5619,108.5819,108.7471,107.9694,,-0.10%
10/02/23,108.6756,107.6882,108.7515,107.3737,,0.72%
09/02/23,107.9031,108.2619,108.5678,107.2084,,-0.18%
08/02/23,108.0934,108.3653,109.1021,107.573,,-0.02%
07/02/23,108.1139,107.2869,108.3008,106.9592,,1.35%
06/02/23,106.6752,107.2141,107.484,105.5546,,-0.37%
03/02/23,107.0711,109.155,109.3478,106.9883,,-2.14%
02/02/23,109.4116,110.3681,110.5756,109.3618,,-0.11%
01/02/23,109.5348,111.8196,112.0983,109.2123,,-2.03%
31/01/23,111.8001,110.7049,111.915,109.6478,,0.90%
30/01/23,110.7983,111.3419,111.6874,110.7444,,-0.73%
27/01/23,111.611,112.4659,112.7832,111.296,,-0.69%
26/01/23,112.3885,111.5252,112.4759,111.2621,,0.58%
25/01/23,111.7393,112.0442,112.1086,111.2812,,-0.16%
24/01/23,111.9141,112.8118,113.1202,111.8364,,-0.54%
23/01/23,112.5185,112.1896,112.5549,111.701,,0.35%
20/01/23,112.1277,112.0558,112.5274,111.6911,,0.25%
19/01/23,111.8466,111.1341,112.3077,110.9366,,0.23%
18/01/23,111.5941,112.393,113.1712,111.4465,,-0.38%
17/01/23,112.0157,111.389,112.2012,111.2387,,0.39%
13/01/23,111.5772,110.9173,111.6857,110.4265,,0.57%
12/01/23,110.9404,109.7922,111.363,109.636,,1.16%
11/01/23,109.6679,108.5169,109.8773,108.4053,,0.93%
10/01/23,108.6524,108.7016,109.2073,108.2222,,-0.54%
09/01/23,109.2429,109.0022,110.118,108.7633,,1.05%
06/01/23,108.1114,107.8558,108.5718,107.0287,,0.70%
05/01/23,107.3618,108.8511,109.3168,107.088,,-1.11%
04/01/23,108.5645,110.4497,110.5461,108.4249,,-1.59%
03/01/23,110.3157,112.5637,112.8889,110.2561,,-2.21%
30/12/22,112.8052,112.5684,112.8434,112.1496,,0.37%
29/12/22,112.3937,112.5295,112.7732,111.7389,,-0.24%
28/12/22,112.6616,113.1429,113.2557,111.7172,,-0.61%
27/12/22,113.3564,113.3916,114.0301,112.6496,,0.71%
23/12/22,112.5557,111.8327,112.8666,111.5793,,1.14%
22/12/22,111.2826,113.8004,113.8448,111.2433,,-1.63%
21/12/22,113.1305,112.4591,113.449,112.2013,,1.09%
20/12/22,111.9071,111.9057,112.4758,111.0868,,0.24%
19/12/22,111.6411,112.4114,112.5893,111.2185,,-0.95%
16/12/22,112.7092,113.8452,113.847,112.2079,,-0.95%
15/12/22,113.79,114.0769,114.638,112.9228,,-0.66%
14/12/22,114.549,114.4566,115.1907,113.9915,,-0.36%
13/12/22,114.9612,113.4295,115.6539,113.1218,,1.97%
12/12/22,112.737,112.6785,113.4331,112.188,,0.90%
09/12/22,111.7327,111.3156,112.5705,111.1405,,0.49%
08/12/22,111.1893,111.2836,112.1848,110.5602,,0.42%
07/12/22,110.7246,110.1884,111.1271,109.5772,,0.68%
06/12/22,109.979,111.4356,111.7248,109.6046,,-1.04%
05/12/22,111.1317,114.1984,114.5204,111.1008,,-2.91%
02/12/22,114.4683,115.7743,115.931,114.3349,,-1.39%
01/12/22,116.079,116.5249,117.8104,115.9982,,0.02%
30/11/22,116.0528,115.2521,116.9038,115.0112,,0.75%
29/11/22,115.1879,114.8199,116.1777,114.8199,,0.69%
28/11/22,114.3929,113.8648,114.8767,112.9223,,-0.46%
25/11/22,114.9175,116.4339,117.0847,114.7464,,-1.37%
23/11/22,116.5097,116.7305,117.8467,116.0733,,0.12%
22/11/22,116.3729,115.4459,116.959,114.7671,,0.90%
21/11/22,115.3334,114.0326,115.409,113.4672,,0.47%
18/11/22,114.794,115.368,115.5984,113.5792,,-0.28%
17/11/22,115.1212,116.4954,116.8639,114.8108,,-1.47%
16/11/22,116.8407,117.5478,117.6255,115.5074,,-0.58%
15/11/22,117.5266,116.8845,118.243,115.7845,,0.77%
14/11/22,116.6252,117.2927,118.4463,116.557,,-0.22%
11/11/22,116.8796,116.2185,118.4786,115.9601,,0.76%
10/11/22,115.9968,114.5708,116.1061,113.7208,,1.25%
09/11/22,114.5601,116.4357,116.7986,114.3636,,-1.53%
08/11/22,116.3446,117.5988,117.7797,116.2055,,-1.52%
07/11/22,118.1416,117.8469,119.2311,117.4226,,0.55%
04/11/22,117.4946,113.771,117.5935,113.753,,3.43%
03/11/22,113.6014,114.4751,114.547,112.9343,,-1.29%
02/11/22,115.0882,114.1092,115.136,113.2135,,1.38%
01/11/22,113.5167,113.3144,114.4884,112.9258,,0.14%
31/10/22,113.3532,112.8945,113.581,112.3077,,1.43%
28/10/22,111.7561,113.0343,113.0603,110.9837,,-1.32%
27/10/22,113.2491,114.3206,114.3745,112.8565,,-0.57%
26/10/22,113.8936,112.754,114.2183,112.7084,,0.94%
25/10/22,112.8293,111.7157,112.8619,110.6628,,1.08%
24/10/22,111.6278,111.5932,112.2924,110.3313,,0.32%
21/10/22,111.271,111.2101,111.4831,109.8149,,-0.16%
20/10/22,111.449,111.1773,112.3042,111.1489,,0.22%
19/10/22,111.2009,112.2568,112.3009,110.7051,,-0.54%
18/10/22,111.8046,112.8573,113.2506,111.2506,,-1.16%
17/10/22,113.1218,113.8085,114.0702,112.8777,,-0.48%
14/10/22,113.6662,116.1736,116.4277,113.5141,,-2.01%
13/10/22,115.9979,114.6892,116.0854,113.095,,1.20%
12/10/22,114.6169,114.9584,115.8269,114.4454,,-0.72%
11/10/22,115.4479,116.121,116.1404,114.5906,,-0.48%
10/10/22,116.0076,117.0307,118.1173,115.9543,,-0.96%
07/10/22,117.1356,116.4065,117.6515,116.0613,,0.35%
06/10/22,116.7247,116.8191,117.2901,116.1611,,0.21%
05/10/22,116.4826,115.5998,116.7894,114.6335,,0.67%
04/10/22,115.7081,112.955,115.8998,112.8067,,2.62%
03/10/22,112.7541,112.3131,112.8151,111.822,,1.13%
30/09/22,111.4887,112.8079,113.6523,111.4586,,-0.96%
29/09/22,112.5709,113.2057,113.875,111.5475,,-0.16%
28/09/22,112.7518,110.1095,112.811,109.382,,2.08%
27/09/22,110.4532,111.1429,112.0726,110.4016,,-0.13%
26/09/22,110.6013,112.3169,112.3766,110.2914,,-1.60%
23/09/22,112.4019,116.3102,116.3131,112.1629,,-3.11%
22/09/22,116.0139,117.0415,118.1095,115.9113,,-0.84%
21/09/22,116.9968,117.2703,119.1574,116.3737,,-0.28%
20/09/22,117.3242,117.2598,117.7866,116.3388,,0.38%
19/09/22,116.8749,116.7406,117.0829,114.7802,,0.11%
16/09/22,116.7431,117.7492,117.8337,116.34,,-0.86%
15/09/22,117.7562,121.4687,121.5144,117.3082,,-2.99%
14/09/22,121.3896,120.2645,121.5284,119.2152,,1.07%
13/09/22,120.107,120.8154,122.0158,119.2944,,-0.56%
12/09/22,120.78,118.2028,121.3141,118.0627,,1.91%
09/09/22,118.5179,116.8558,118.7073,116.8223,,2.02%
08/09/22,116.1733,116.0639,116.7015,115.4687,,0.39%
07/09/22,115.7208,116.6308,117.9591,115.6313,,-1.49%
06/09/22,117.4672,119.9179,120.5054,117.1811,,-1.37%
02/09/22,119.1003,119.7239,120.3973,119.0016,,-0.30%
01/09/22,119.4641,121.3585,121.4629,119.2708,,-1.79%
31/08/22,121.6412,122.8129,123.4074,120.9709,,-0.75%
30/08/22,122.5635,124.7029,125.0866,122.1279,,-2.42%
29/08/22,125.605,124.8356,125.817,123.7443,,0.81%
26/08/22,124.5972,124.8045,125.4869,123.987,,0.36%
25/08/22,124.1499,125.1012,125.638,124.0746,,-0.48%
24/08/22,124.7489,124.17,125.036,123.5594,,0.67%
23/08/22,123.9199,124.3088,125.9357,123.6626,,0.44%
22/08/22,123.3756,121.6915,123.6878,121.3407,,0.87%
19/08/22,122.3162,121.2908,122.4723,119.9822,,0.69%
18/08/22,121.4756,121.4657,122.5129,120.7836,,0.09%
17/08/22,121.3616,121.7939,122.5618,120.6811,,-0.15%
16/08/22,121.544,121.3001,122.7863,121.0155,,0.13%
15/08/22,121.3813,122.587,122.587,119.3906,,-1.48%
12/08/22,123.2038,122.9429,123.5439,122.0064,,-0.35%
11/08/22,123.6355,120.7095,123.795,120.5651,,2.42%
10/08/22,120.7119,118.6632,120.8756,117.9537,,1.73%
09/08/22,118.657,117.5112,119.4129,117.4894,,1.16%
08/08/22,117.2995,117.3917,117.9129,116.2502,,-0.47%
05/08/22,117.8512,118.4387,118.858,116.4973,,-0.16%
04/08/22,118.0448,118.0661,118.7863,117.2353,,0.15%
03/08/22,117.8687,117.8973,118.9076,116.3252,,0.07%
02/08/22,117.7836,119.1058,119.6401,117.5427,,-1.69%
01/08/22,119.8033,120.3045,120.7689,118.1246,,-1.66%
29/07/22,121.827,120.6708,122.8233,120.297,,1.28%
28/07/22,120.2881,121.2052,121.7272,120.1671,,0.29%
27/07/22,119.9368,118.8757,120.321,118.636,,0.50%
26/07/22,119.3385,119.0807,121.2639,118.5096,,1.07%
25/07/22,118.072,116.4509,118.1659,115.9846,,1.33%
22/07/22,116.5236,115.9106,117.6649,114.9597,,0.58%
21/07/22,115.8556,116.7584,116.7897,114.378,,-1.45%
20/07/22,117.5544,115.6793,117.5821,115.341,,1.30%
19/07/22,116.0464,116.3772,116.8882,114.8664,,-0.93%
18/07/22,117.1397,113.895,117.466,113.8113,,3.24%
15/07/22,113.4684,112.3803,113.6301,111.1598,,1.57%
14/07/22,111.7193,113.6263,114.0905,110.6823,,-1.71%
13/07/22,113.6652,112.1062,114.5148,111.5352,,1.52%
12/07/22,111.9622,116.6199,116.6672,111.9233,,-3.80%
11/07/22,116.3843,117.0159,117.3923,116.0036,,0.41%
08/07/22,115.9131,114.9486,116.2147,114.0921,,0.67%
07/07/22,115.1385,110.6417,115.631,110.6417,,3.96%
06/07/22,110.7525,112.1688,112.8836,109.7997,,-1.00%
05/07/22,111.8706,118.5066,118.5066,111.2354,,-4.49%
01/07/22,117.1284,117.7014,118.483,116.4346,,0.07%
30/06/22,117.0482,121.9913,122.3119,117.0065,,-4.28%
29/06/22,122.2785,122.6347,124.23,122.2176,,-0.34%
28/06/22,122.6985,122.0791,123.2614,122.0698,,0.70%
27/06/22,121.844,121.0845,122.2758,120.1868,,0.44%
24/06/22,121.3129,120.6871,121.9098,119.7146,,0.33%
23/06/22,120.9108,123.0269,123.9922,120.7673,,-3.06%
22/06/22,124.7315,125.1026,125.1882,123.2152,,-1.26%
21/06/22,126.329,126.9579,127.69,126.0544,,-0.35%
17/06/22,126.7754,130.1576,131.0518,126.4048,,-2.72%
16/06/22,130.3233,130.4354,130.652,129.1745,,0.68%
15/06/22,129.4447,129.5535,130.6582,128.8737,,0.30%
14/06/22,129.0639,133.2146,133.854,128.9412,,-3.14%
13/06/22,133.2447,134.2267,134.3628,131.496,,-1.62%
10/06/22,135.4343,136.2096,136.722,134.1162,,-0.86%
09/06/22,136.6096,134.9607,136.8021,133.945,,0.42%
08/06/22,136.0384,136.7475,138.1611,135.6398,,-0.27%
07/06/22,136.4088,136.5294,136.9814,135.3548,,0.07%
06/06/22,136.3127,135.3238,136.5785,135.27,,1.86%
03/06/22,133.8178,133.9412,134.4555,133.0636,,-0.01%
02/06/22,133.8311,132.0165,134.5917,131.9175,,0.77%
01/06/22,132.8027,131.7591,133.5664,131.3177,,1.11%
31/05/22,131.343,134.4534,135.5853,131.2362,,-1.89%
27/05/22,133.8715,133.4729,133.9108,132.2332,,0.46%
26/05/22,133.2613,131.569,134.6166,131.569,,0.88%
25/05/22,132.105,132.3214,132.7015,131.4445,,0.13%
24/05/22,131.9297,131.9754,132.8186,131.4434,,-0.32%
23/05/22,132.3495,130.9023,132.4414,130.6486,,1.38%
20/05/22,130.5458,130.425,131.0527,129.9155,,-0.43%
19/05/22,131.1103,129.7208,131.3334,127.6114,,1.14%
18/05/22,129.6334,131.2709,131.97,129.2638,,-1.52%
17/05/22,131.6289,131.4276,132.4538,130.8572,,0.60%
16/05/22,130.8399,129.2198,130.9394,128.5245,,1.97%
13/05/22,128.3122,127.6072,128.4001,126.8239,,0.91%
12/05/22,127.1488,126.9289,127.535,124.9863,,-0.21%
11/05/22,127.4119,125.3258,127.6193,125.2214,,2.24%
10/05/22,124.6191,124.0634,125.8554,123.454,,-0.11%
09/05/22,124.7593,130.192,130.5497,124.6581,,-4.28%
06/05/22,130.3436,132.0493,132.9186,130.1625,,-1.56%
05/05/22,132.4048,132.5211,133.3496,131.0539,,0.73%
04/05/22,131.4432,128.4472,131.5335,128.4461,,2.20%
03/05/22,128.6199,129.4893,130.5504,128.2695,,-0.27%
02/05/22,128.971,128.9042,129.3761,127.3097,,-0.40%
29/04/22,129.4827,129.3494,130.6429,129.1652,,0.24%
28/04/22,129.1717,129.7353,129.9779,128.3936,,-0.37%
27/04/22,129.6554,128.7216,130.0752,128.2489,,1.06%
26/04/22,128.2956,127.7587,128.8445,127.2566,,1.15%
25/04/22,126.8343,127.8256,127.8295,125.4988,,-1.70%
22/04/22,129.0307,130.9404,131.2672,128.9325,,-1.73%
21/04/22,131.2995,131.1233,131.8207,130.472,,0.21%
20/04/22,131.0292,131.5832,132.1843,129.9297,,-0.23%
19/04/22,131.3248,135.0919,135.3257,130.7686,,-2.72%
18/04/22,134.9936,134.0469,136.0226,133.2267,,1.93%
14/04/22,132.4326,131.2018,132.501,130.4669,,1.08%
13/04/22,131.0126,128.8522,131.0604,128.4659,,1.71%
12/04/22,128.8055,126.932,129.5333,126.9263,,2.27%
11/04/22,125.9407,126.0161,126.4418,125.1779,,-0.38%
08/04/22,126.4148,125.1822,126.5253,124.7431,,1.19%
07/04/22,124.9259,125.2445,125.4786,123.882,,0.33%
06/04/22,124.5122,125.9767,127.199,124.4282,,-1.34%
05/04/22,126.2058,126.4012,127.5464,126.1435,,0.51%
04/04/22,125.5651,124.1411,126.125,124.1345,,1.36%
01/04/22,123.8774,124.3222,124.9636,123.1434,,-0.43%
31/03/22,124.4109,125.0999,126.4679,124.2067,,-1.62%
30/03/22,126.4538,123.9652,126.9251,123.9172,,2.29%
29/03/22,123.6243,125.5973,126.1195,121.8282,,-2.05%
28/03/22,126.2061,128.5703,128.7623,125.9554,,-2.80%
25/03/22,129.848,129.2552,129.8915,127.5578,,0.53%
24/03/22,129.1574,129.0571,129.8567,128.0157,,0.24%
23/03/22,128.8447,125.6164,128.9401,125.3659,,2.62%
22/03/22,125.5496,126.8096,126.9281,124.299,,-0.10%
21/03/22,125.669,124.853,126.7316,124.6009,,1.87%
18/03/22,123.361,124.7568,125.0879,123.2588,,-0.79%
17/03/22,124.3487,121.4074,124.4709,121.3616,,3.05%
16/03/22,120.6707,121.9633,123.1352,120.2544,,-1.01%
15/03/22,121.899,121.7517,122.6172,120.2322,,-1.53%
14/03/22,123.799,125.3465,125.681,123.1783,,-2.05%
11/03/22,126.392,125.0266,126.6686,124.2782,,1.01%
10/03/22,125.1253,125.3764,128.4139,124.793,,-0.57%
09/03/22,125.8394,134.0879,134.3634,125.3438,,-5.12%
08/03/22,132.6339,131.8655,140.5769,130.7504,,1.35%
07/03/22,130.8658,132.115,132.88,129.0486,,3.02%
04/03/22,127.0295,124.687,127.0755,123.4514,,3.34%
03/03/22,122.9271,124.5163,126.1865,122.3361,,0.68%
02/03/22,122.1001,120.7555,122.8205,120.2358,,2.35%
01/03/22,119.2955,115.4162,119.6587,115.3097,,4.14%
28/02/22,114.5522,115.0101,115.7113,114.2073,,1.92%
25/02/22,112.3975,115.9518,116.0901,112.0706,,-2.49%
24/02/22,115.267,115.6607,119.737,115.1368,,0.81%
23/02/22,114.3391,113.7579,114.6076,113.1179,,0.70%
22/02/22,113.5406,113.6634,114.0655,113.0044,,1.71%
18/02/22,111.6303,111.2049,112.2791,110.6769,,0.08%
17/02/22,111.5362,110.9616,111.9797,110.9514,,-0.12%
16/02/22,111.674,110.0643,111.7514,110.0138,,1.62%
15/02/22,109.8897,111.1963,111.2464,109.2681,,-1.09%
14/02/22,111.1035,111.1767,111.2132,109.8004,,1.10%
11/02/22,109.8974,109.194,110.3906,108.6294,,0.37%
10/02/22,109.4918,109.9026,110.855,109.3274,,-0.23%
09/02/22,109.743,108.9951,109.856,108.5173,,0.76%
08/02/22,108.913,109.304,109.5191,108.4187,,-0.44%
07/02/22,109.3966,109.4928,109.8113,109.0908,,-0.16%
04/02/22,109.5738,110.1881,110.5262,109.3188,,0.21%
03/02/22,109.3401,109.8142,109.8662,108.2577,,-0.84%
02/02/22,110.2686,109.0146,110.7323,108.9057,,1.56%
01/02/22,108.5735,108.0918,108.8797,107.631,,0.66%
31/01/22,107.8627,108.7583,108.7583,106.9394,,0.67%
28/01/22,107.1477,106.7754,107.9237,106.3373,,0.90%
27/01/22,106.1891,105.8479,106.8274,105.6525,,-0.41%
26/01/22,106.6277,105.2795,106.7757,105.2046,,0.96%
25/01/22,105.6162,104.697,105.684,104.4588,,0.96%
24/01/22,104.6155,105.5131,105.5574,103.6028,,-0.71%
21/01/22,105.3587,104.7566,105.6649,104.7347,,-0.35%
20/01/22,105.7311,105.3449,105.9609,105.1014,,0.27%
19/01/22,105.4421,104.7563,105.7241,104.386,,1.27%
18/01/22,104.124,104.1844,104.4532,103.7502,,0.56%
14/01/22,103.5431,102.9326,103.5905,102.7633,,0.48%
13/01/22,103.048,104.0283,104.2087,102.8854,,-1.31%
12/01/22,104.4179,102.8545,104.5361,102.7531,,1.61%
11/01/22,102.7651,101.1708,102.7852,101.0759,,1.89%
10/01/22,100.8585,101.7932,101.9462,100.555,,-0.42%
07/01/22,101.2864,101.2208,101.4231,100.8193,,0.50%
06/01/22,100.7846,100.3074,101.077,100.0783,,-0.37%
05/01/22,101.1573,100.4482,101.3729,100.3661,,0.57%
04/01/22,100.5795,99.498,100.7615,99.3765,,1.12%
03/01/22,99.464,99.4379,99.9984,98.7984,,0.30%
31/12/21,99.1694,99.3667,99.8856,99.0679,,-0.26%
30/12/21,99.4285,100.382,100.4229,99.3581,,-0.76%
29/12/21,100.1863,99.9175,100.706,99.7267,,0.13%
28/12/21,100.0572,100.5713,101.0889,99.9814,,-0.32%
27/12/21,100.3759,99.1428,100.4401,98.5137,,1.49%
23/12/21,98.8989,98.9648,99.0904,98.2014,,0.18%
22/12/21,98.7249,97.313,98.7594,97.1583,,1.63%
21/12/21,97.145,95.6847,97.2993,95.3419,,1.85%
20/12/21,95.3807,95.7911,95.8646,94.639,,-1.08%
17/12/21,96.4217,97.1165,97.1165,96.254,,-0.63%
16/12/21,97.0352,96.3108,97.4537,96.3108,,1.59%
15/12/21,95.5179,95.7896,95.846,95.1458,,-0.49%
14/12/21,95.9836,96.1828,96.5969,95.6624,,-0.53%
13/12/21,96.4993,97.4597,97.6161,96.4216,,-0.41%
10/12/21,96.8966,96.4477,97.1713,96.2406,,0.36%
09/12/21,96.5513,97.5871,97.6042,96.2663,,-0.72%
08/12/21,97.253,96.7605,97.4435,96.5344,,0.58%
07/12/21,96.6927,95.9585,97.224,95.8673,,1.04%
06/12/21,95.6962,95.6981,95.8414,94.8341,,-0.10%
03/12/21,95.7939,95.5813,96.9502,95.5423,,0.71%
02/12/21,95.1181,95.401,96.0216,94.1663,,-0.09%
01/12/21,95.203,96.5033,97.2931,95.138,,-0.62%
30/11/21,95.7976,98.8716,98.8974,95.2987,,-2.96%
29/11/21,98.7195,100.811,100.9507,98.4254,,-1.38%
26/11/21,100.103,103.0827,103.1098,99.2285,,-3.36%
24/11/21,103.5881,103.3633,103.8738,103.1464,,0.34%
23/11/21,103.2419,102.1148,103.4583,101.6343,,1.13%
22/11/21,102.093,101.8668,102.4204,101.1212,,-0.21%
19/11/21,102.3109,103.169,103.4183,101.4872,,-0.23%
18/11/21,102.5491,102.2312,103.2085,102.1334,,0.14%
17/11/21,102.408,103.2554,103.4982,102.3244,,-0.90%
16/11/21,103.3382,103.6004,104.0504,103.1984,,0.18%
15/11/21,103.1564,102.48,103.1728,102.0381,,0.35%
12/11/21,102.7969,103.2059,103.2812,102.1906,,-0.52%
11/11/21,103.3308,102.1772,103.3709,102.0754,,1.29%
10/11/21,102.0168,102.6988,102.8667,101.8437,,-0.44%
09/11/21,102.4712,102.736,103.0917,101.5552,,-0.30%
08/11/21,102.7802,103.1663,103.5325,102.592,,0.04%
05/11/21,102.7359,102.7893,103.1132,102.0168,,0.16%
04/11/21,102.5742,103.5006,104.62,102.4266,,-0.54%
03/11/21,103.1319,103.5579,104.0305,102.9042,,-1.04%
02/11/21,104.2177,104.0633,104.2992,103.3885,,0.55%
01/11/21,103.6426,103.3985,104.1009,102.931,,0.28%
29/10/21,103.3578,104.1844,104.4291,102.7248,,-0.90%
28/10/21,104.2984,103.9612,105.138,103.793,,-0.74%
27/10/21,105.0775,105.1676,105.5538,104.3614,,-0.57%
26/10/21,105.6777,105.9677,106.2633,104.709,,-0.15%
25/10/21,105.8398,104.7848,105.9314,104.7227,,2.01%
22/10/21,103.7541,103.5935,104.4865,102.9105,,0.55%
21/10/21,103.19,105.4501,105.5518,102.7336,,-1.86%
20/10/21,105.1448,103.4013,105.1589,103.2261,,1.19%
19/10/21,103.9065,103.7353,104.3735,103.1673,,0.28%
18/10/21,103.6177,104.583,105.1262,103.5549,,-1.06%
15/10/21,104.729,104.3333,105.6106,104.2956,,0.30%
14/10/21,104.4107,103.6054,104.9003,103.5355,,1.10%
13/10/21,103.2766,102.5964,103.3578,102.0707,,0.53%
12/10/21,102.7287,102.5103,103.1299,102.2127,,0.02%
11/10/21,102.7131,103.2391,104.0885,102.6241,,0.09%
08/10/21,102.6205,103.0831,103.4572,102.5898,,0.27%
07/10/21,102.3416,101.9005,102.3773,100.3813,,0.74%
06/10/21,101.5926,103.5551,104.4747,101.4558,,-2.18%
05/10/21,103.8534,102.2121,104.1275,102.1111,,1.76%
04/10/21,102.0533,101.0618,103.1694,100.9218,,1.12%
01/10/21,100.927,100.8052,101.1025,100.1368,,0.17%
30/09/21,100.7581,99.6698,100.9335,99.2739,,1.17%
29/09/21,99.5976,100.5206,100.8358,99.491,,-1.31%
28/09/21,100.9161,101.307,102.3457,100.2498,,0.09%
27/09/21,100.8251,99.8743,100.8474,99.4699,,1.87%
24/09/21,98.9774,98.2966,99.0016,98.0125,,0.76%
23/09/21,98.2353,97.0002,98.2998,96.8798,,1.12%
22/09/21,97.1467,96.382,97.2323,96.2787,,1.44%
21/09/21,95.7663,96.2785,96.7012,95.064,,-0.30%
20/09/21,96.0519,96.7866,96.8638,95.9568,,-1.53%
17/09/21,97.5465,98.5269,98.8623,97.4295,,-1.06%
16/09/21,98.5901,99.491,99.6114,97.9169,,-1.00%
15/09/21,99.5834,98.113,100.0878,97.9995,,1.76%
14/09/21,97.8584,97.6703,98.2847,97.6306,,0.19%
13/09/21,97.6737,97.1765,97.8032,96.9273,,0.59%
10/09/21,97.1053,96.4936,97.3318,96.4936,,0.56%
09/09/21,96.5663,96.734,97.0119,96.0647,,-0.13%
08/09/21,96.6888,96.1299,97.1357,95.9356,,0.94%
07/09/21,95.7925,97.0359,97.1607,95.7105,,-1.36%
03/09/21,97.1166,96.4926,97.3786,96.4518,,0.42%
02/09/21,96.7142,95.7457,97.0883,95.7317,,0.67%
01/09/21,96.0661,95.9818,96.2444,95.3467,,0.08%
31/08/21,95.9859,96.3448,96.5748,95.4104,,-0.20%
30/08/21,96.1791,96.6867,96.8091,95.7433,,-0.18%
27/08/21,96.3507,95.0668,96.3588,95.0668,,1.47%
26/08/21,94.9512,94.6847,95.2802,94.2734,,0.20%
25/08/21,94.7623,94.1104,94.8578,93.9177,,0.40%
24/08/21,94.3806,93.3781,94.4883,93.1903,,1.34%
23/08/21,93.1364,91.6321,93.2026,91.6083,,2.17%
20/08/21,91.1605,92.1481,92.4058,91.1,,-0.82%
19/08/21,91.915,92.9694,93.0095,91.4835,,-1.69%
18/08/21,93.4924,93.9417,94.2941,93.4066,,-0.53%
17/08/21,93.9928,95.2272,95.2905,93.9205,,-1.09%
16/08/21,95.0249,94.8879,95.2518,94.4192,,-0.15%
13/08/21,95.17,94.7673,95.7106,94.5768,,0.20%
12/08/21,94.9793,94.9537,95.4802,94.25,,0.02%
11/08/21,94.9615,94.4033,94.9973,93.9106,,0.61%
10/08/21,94.3816,93.1629,94.5325,93.1526,,1.35%
09/08/21,93.1239,94.1001,94.2211,92.7377,,-1.65%
06/08/21,94.6853,95.1764,95.678,94.5133,,-0.65%
05/08/21,95.3019,94.8781,95.6411,94.4943,,0.47%
04/08/21,94.8532,95.4363,95.7226,94.7312,,-0.52%
03/08/21,95.3477,95.5693,95.7311,94.6732,,-0.42%
02/08/21,95.7473,96.0289,96.5707,95.4421,,-0.55%
30/07/21,96.2754,97.099,97.4119,96.017,,-1.26%
29/07/21,97.5057,96.2991,97.5418,96.2496,,1.38%
28/07/21,96.1806,96.0482,96.3474,95.5837,,0.36%
27/07/21,95.8341,96.7814,96.9059,95.7021,,-0.84%
26/07/21,96.6417,95.5311,96.7116,95.0568,,1.00%
23/07/21,95.6888,95.4952,95.8705,95.4114,,0.19%
22/07/21,95.5058,94.3274,95.5437,94.1703,,0.85%
21/07/21,94.7001,93.3038,94.7643,93.0068,,1.49%
20/07/21,93.3119,92.4512,93.3926,92.3455,,1.33%
19/07/21,92.0902,94.2956,94.5832,91.8797,,-2.48%
16/07/21,94.4305,94.1771,94.7431,93.9076,,0.32%
15/07/21,94.1287,94.0976,94.4829,93.8389,,-0.30%
14/07/21,94.4088,94.3212,95.1624,94.0942,,-0.08%
13/07/21,94.4802,94.1864,94.7178,93.6319,,0.55%
12/07/21,93.9659,93.3445,94.0028,92.745,,0.50%
09/07/21,93.4966,92.6071,93.6251,92.5012,,0.99%
08/07/21,92.5763,92.2155,92.833,91.8142,,0.11%
07/07/21,92.4746,93.1263,94.0735,91.693,,-0.35%
06/07/21,92.7971,95.8965,96.1372,92.6214,,-2.29%
02/07/21,94.9753,94.8181,95.223,94.4922,,0.30%
01/07/21,94.6891,94.6492,96.1706,94.5774,,0.16%
30/06/21,94.5412,93.4793,94.7666,92.7497,,1.44%
29/06/21,93.1987,92.8914,93.9164,92.4546,,0.14%
28/06/21,93.0665,92.4383,93.2119,92.3424,,0.68%
25/06/21,92.437,92.5091,92.8616,91.8658,,0.09%
24/06/21,92.3561,91.866,92.4118,91.3861,,0.11%
23/06/21,92.2513,91.7752,92.8602,91.7327,,0.79%
22/06/21,91.5248,91.6135,91.9514,91.2591,,-0.04%
21/06/21,91.5595,90.8216,91.5897,90.1468,,0.69%
18/06/21,90.933,90.3523,91.2874,89.9443,,0.92%
17/06/21,90.1018,92.5215,92.7958,89.9227,,-3.55%
16/06/21,93.4144,93.7571,93.9781,93.18,,-0.14%
15/06/21,93.5422,93.9676,94.0843,93.2458,,-0.82%
14/06/21,94.314,94.3957,94.5859,93.7428,,-0.71%
11/06/21,94.9903,95.2493,95.5574,94.5626,,-0.04%
10/06/21,95.0283,94.5147,95.3397,94.351,,0.24%
09/06/21,94.8034,94.7884,95.0503,94.4145,,0.03%
08/06/21,94.7736,94.1832,95.048,94.059,,0.65%
07/06/21,94.1594,94.9179,94.9809,94.1216,,-0.55%
04/06/21,94.6845,93.1099,94.7979,93.1032,,1.52%
03/06/21,93.2629,94.9299,94.9953,93.0644,,-1.25%
02/06/21,94.4461,94.1242,94.6683,93.9943,,0.33%
01/06/21,94.139,93.7626,95.1048,93.7351,,1.42%
28/05/21,92.8252,92.9642,93.2215,92.6274,,0.02%
27/05/21,92.8029,91.4278,92.8242,91.3301,,1.31%
26/05/21,91.6044,91.5343,91.8682,90.8337,,0.24%
25/05/21,91.3895,91.7153,91.9591,91.1305,,-0.21%
24/05/21,91.5824,90.7564,91.5982,90.5573,,0.76%
21/05/21,90.8946,90.5839,91.2695,90.4104,,0.01%
20/05/21,90.8886,91.4776,91.8864,90.8558,,-0.60%
19/05/21,91.4413,92.7723,92.7723,90.7817,,-1.84%
18/05/21,93.1516,93.7598,94.0811,92.676,,-0.11%
17/05/21,93.2504,92.2487,93.3879,92.1363,,1.38%
14/05/21,91.9824,91.8336,92.6455,91.4757,,0.31%
13/05/21,91.7009,93.5241,93.5359,91.4964,,-2.32%
12/05/21,93.8772,94.081,94.5928,93.833,,0.01%
11/05/21,93.865,92.8437,94.0007,92.8003,,0.76%
10/05/21,93.1553,94.1761,94.1896,92.8304,,-0.62%
07/05/21,93.7349,93.2263,93.8659,92.9671,,0.93%
06/05/21,92.8708,92.436,92.9547,92.3172,,0.70%
05/05/21,92.2249,92.0404,92.3502,91.7375,,0.62%
04/05/21,91.6533,91.1131,92.1089,90.9651,,0.76%
03/05/21,90.9651,90.8814,91.3746,90.5113,,0.67%
30/04/21,90.361,90.1267,90.3966,89.6037,,0.22%
29/04/21,90.1666,90.5723,90.959,89.7568,,-0.02%
28/04/21,90.1887,89.3708,90.8368,89.2381,,0.12%
27/04/21,90.0768,89.6541,90.5414,89.595,,0.62%
26/04/21,89.5237,88.7881,89.5877,88.333,,1.27%
23/04/21,88.4025,88.1869,88.4101,87.8296,,0.49%
22/04/21,87.9709,87.2445,88.1752,87.1252,,0.81%
21/04/21,87.2667,86.9711,87.4807,86.4817,,0.33%
20/04/21,86.9782,87.0171,87.6275,86.6881,,0.22%
19/04/21,86.7849,86.4961,87.0557,86.4961,,0.30%
16/04/21,86.5268,86.5291,87.004,86.4645,,-0.04%
15/04/21,86.5611,85.7867,86.5902,85.7674,,0.79%
14/04/21,85.8804,84.4729,85.9757,84.4238,,1.85%
13/04/21,84.3167,83.5696,84.593,83.5071,,0.88%
12/04/21,83.5819,83.9707,84.3402,83.486,,-0.53%
09/04/21,84.0279,84.379,84.459,83.9711,,-0.44%
08/04/21,84.3968,83.5856,84.4956,83.5193,,0.75%
07/04/21,83.7649,83.5594,83.8374,83.2705,,0.19%
06/04/21,83.6052,83.4505,84.3384,83.2681,,0.72%
05/04/21,83.0088,83.9719,83.9914,82.7085,,-0.98%
01/04/21,83.8339,83.6296,84.2158,83.2556,,0.47%
31/03/21,83.4445,82.7365,83.959,82.5144,,0.84%
30/03/21,82.7525,83.8831,83.9831,82.6206,,-1.41%
29/03/21,83.9328,84.0265,84.1371,83.169,,-0.24%
26/03/21,84.1319,83.3119,84.3181,83.1711,,1.37%
25/03/21,82.9932,83.7966,83.9241,82.6194,,-1.60%
24/03/21,84.3452,82.9678,84.3975,82.8942,,1.40%
23/03/21,83.1803,84.4829,84.4829,83.135,,-1.76%
22/03/21,84.6687,84.2356,84.7123,83.8748,,0.18%
19/03/21,84.5202,83.6778,84.6145,83.1847,,1.03%
18/03/21,83.6598,85.8423,85.8516,83.5643,,-2.37%
17/03/21,85.6924,85.9053,86.1559,85.3669,,-0.31%
16/03/21,85.9592,85.807,85.9757,85.4099,,0.00%
15/03/21,85.9626,86.2739,86.3216,85.5033,,0.00%
12/03/21,85.9584,86.0684,86.2339,85.5623,,-0.37%
11/03/21,86.2749,85.594,86.2866,85.5806,,1.09%
10/03/21,85.3416,85.0145,85.4501,84.7406,,-0.09%
09/03/21,85.4207,85.4296,85.8055,84.8573,,0.06%
08/03/21,85.3688,86.8358,86.8512,85.1338,,-0.57%
05/03/21,85.8592,84.8658,85.9781,84.8291,,1.27%
04/03/21,84.7819,84.7984,85.7456,83.8474,,-0.10%
03/03/21,84.8705,85.1901,85.5378,84.5986,,-0.45%
02/03/21,85.2537,83.9626,85.6058,83.8414,,0.56%
01/03/21,84.7821,86.1165,86.2966,84.5724,,-0.58%
26/02/21,85.2778,86.6561,86.7183,85.2339,,-2.11%
25/02/21,87.1179,87.8235,88.1229,86.807,,-0.53%
24/02/21,87.5827,86.5696,87.6457,86.2558,,1.11%
23/02/21,86.6185,87.3863,87.445,85.9535,,-0.09%
22/02/21,86.6999,85.7897,86.7422,85.2356,,1.64%
19/02/21,85.3002,84.4793,86.0276,84.468,,0.07%
18/02/21,85.2395,85.7257,85.7659,84.987,,0.05%
17/02/21,85.2003,85.0003,85.41,84.5799,,0.18%
16/02/21,85.0496,85.1313,85.1991,84.463,,1.17%
12/02/21,84.0621,83.2609,84.265,82.998,,0.70%
11/02/21,83.4745,83.2978,84.0335,83.2524,,-0.07%
10/02/21,83.5314,83.6069,83.9711,83.2852,,-0.29%
09/02/21,83.7736,84.0075,84.0511,83.2711,,0.28%
08/02/21,83.5421,82.8219,83.6276,82.7549,,1.30%
05/02/21,82.4711,82.2358,82.9967,82.2168,,0.60%
04/02/21,81.9778,81.8926,81.9994,81.1823,,0.21%
03/02/21,81.8088,81.3211,81.9637,81.1565,,0.67%
02/02/21,81.2652,81.7492,82.0546,81.2013,,-0.41%
01/02/21,81.5962,81.0713,81.6441,80.8252,,1.87%
29/01/21,80.0981,80.1678,81.012,79.9237,,0.13%
28/01/21,79.9919,80.1376,81.2744,79.7061,,-0.57%
27/01/21,80.4518,80.5427,80.9015,79.7648,,-0.03%
26/01/21,80.4799,79.8927,80.6248,79.6369,,0.63%
25/01/21,79.9765,79.1518,79.9891,79.0787,,1.09%
22/01/21,79.1128,79.5572,79.7818,78.8198,,-1.47%
21/01/21,80.2898,80.4887,80.6289,80.1161,,-0.02%
20/01/21,80.3019,80.1082,80.3533,79.5074,,0.31%
19/01/21,80.0501,80.2212,80.629,79.9761,,-0.51%
15/01/21,80.4577,81.2495,81.2955,80.1676,,-0.93%
14/01/21,81.2161,80.4506,81.3322,80.2732,,0.75%
13/01/21,80.6141,81.1653,81.3453,80.5314,,-0.01%
12/01/21,80.6256,79.6015,80.8731,79.5727,,1.43%
11/01/21,79.4886,79.4785,79.5357,78.7828,,-0.21%
08/01/21,79.6586,80.3,80.5,79.445,,-0.82%
07/01/21,80.3132,80.4654,80.813,79.9554,,0.05%
06/01/21,80.2747,80.4041,81.1078,80.0936,,-0.07%
05/01/21,80.3327,78.9082,80.5363,78.7677,,2.16%
04/01/21,78.6378,79.2856,79.8216,78.2908,,0.75%
31/12/20,78.0543,77.6875,78.0623,77.5491,,0.60%
30/12/20,77.5922,77.1364,77.6206,76.9813,,0.63%
29/12/20,77.1093,76.4881,77.1989,76.2327,,0.79%
28/12/20,76.5046,76.9958,77.0503,76.3266,,-0.68%
24/12/20,77.0269,77.1639,77.2745,76.9728,,0.00%
23/12/20,77.0301,76.1794,77.3165,76.1662,,0.62%
22/12/20,76.5528,77.1944,77.1944,76.1771,,-0.54%
21/12/20,76.9651,77.0789,77.4552,75.8539,,-0.46%
18/12/20,77.3211,77.0304,77.3616,76.9499,,0.60%
17/12/20,76.859,76.4668,76.9946,76.4172,,1.10%
16/12/20,76.0205,75.8443,76.16,75.6717,,0.41%
15/12/20,75.7082,75.1207,75.7164,75.068,,0.70%
14/12/20,75.1855,75.3652,75.4577,74.842,,0.42%
11/12/20,74.8682,74.9077,75.036,74.4565,,-0.03%
10/12/20,74.8882,74.041,75.4435,73.878,,1.27%
09/12/20,73.9481,73.8547,74.2503,73.7335,,0.37%
08/12/20,73.6746,73.8915,74.0286,73.63,,-0.36%
07/12/20,73.9416,73.7745,74.3228,73.1705,,-0.48%
04/12/20,74.2999,74.3445,74.5138,74.048,,0.31%
03/12/20,74.0674,74.4601,74.6056,73.7934,,-0.58%
02/12/20,74.4985,74.2725,74.9148,74.0045,,-0.07%
01/12/20,74.5522,74.7273,75.1096,74.3921,,0.26%
30/11/20,74.3612,74.874,75.0105,74.2738,,-0.61%
27/11/20,74.8153,74.8514,75.0981,74.5626,,0.01%
25/11/20,74.8049,75.0136,75.0303,74.5119,,0.10%
24/11/20,74.7333,74.0924,74.7465,73.8791,,0.78%
23/11/20,74.1582,74.4098,74.7382,73.9263,,0.03%
20/11/20,74.1352,73.7728,74.3072,73.7567,,0.82%
19/11/20,73.5352,74.0713,74.0811,73.2227,,-0.88%
18/11/20,74.1894,73.7398,74.6115,73.7266,,0.41%
17/11/20,73.8867,73.9057,74.1078,73.6165,,0.16%
16/11/20,73.7721,73.8628,74.07,73.563,,0.06%
13/11/20,73.7271,73.3191,74.2118,73.2964,,0.01%
12/11/20,73.7197,74.0753,74.2383,73.6615,,-0.38%
11/11/20,74.0021,74.3132,74.5308,73.7723,,0.05%
10/11/20,73.9644,72.8866,74.0708,72.8102,,1.67%
09/11/20,72.7483,73.2691,73.7784,72.6886,,-0.10%
06/11/20,72.8223,73.1013,73.4913,72.6986,,-0.50%
05/11/20,73.1916,72.835,73.9608,72.7367,,0.69%
04/11/20,72.6915,71.9465,72.7319,71.4317,,0.60%
03/11/20,72.2588,72.2065,72.7464,72.0666,,0.19%
02/11/20,72.1251,71.5293,72.153,71.2137,,0.39%
30/10/20,71.8436,71.9282,72.0342,71.3752,,0.32%
29/10/20,71.6138,72.2665,72.4314,70.7474,,-0.72%
28/10/20,72.1367,73.2738,73.4685,72.0211,,-1.97%
27/10/20,73.584,73.2566,73.7509,73.1515,,0.48%
26/10/20,73.2292,73.3175,73.4235,72.9615,,-0.46%
23/10/20,73.5659,73.7599,73.9878,73.4016,,-0.37%
22/10/20,73.8375,73.7972,74.2342,73.6858,,-0.39%
21/10/20,74.1266,74.1137,74.5427,74.0449,,0.27%
20/10/20,73.9302,73.3202,74.033,73.2839,,0.49%
19/10/20,73.5685,73.4653,73.9304,73.3332,,0.25%
16/10/20,73.384,73.4675,73.792,73.2666,,-0.07%
15/10/20,73.4361,73.0734,73.4553,72.4008,,0.60%
14/10/20,72.9956,72.3959,73.082,72.2737,,0.59%
13/10/20,72.5698,72.6408,72.9901,72.3323,,-0.29%
12/10/20,72.7782,73.6512,73.8177,72.7274,,-0.65%
09/10/20,73.2507,72.6341,73.5018,72.5821,,1.52%
08/10/20,72.1571,71.8725,72.4986,71.7568,,0.50%
07/10/20,71.8011,70.86,72.0352,70.86,,0.57%
06/10/20,71.3957,71.1228,72.0295,71.0712,,0.49%
05/10/20,71.0452,70.1984,71.4243,69.9809,,1.78%
02/10/20,69.8026,69.7114,70.3024,69.2179,,-0.63%
01/10/20,70.2483,71.071,71.3014,69.8037,,-0.85%
30/09/20,70.8516,69.9454,71.102,69.5005,,0.83%
29/09/20,70.2685,70.8846,70.9613,69.8611,,-1.01%
28/09/20,70.9886,70.7742,71.0208,70.3745,,0.43%
25/09/20,70.687,70.7377,71.1614,70.3849,,-0.25%
24/09/20,70.866,70.3414,70.9589,69.9768,,0.14%
23/09/20,70.7668,70.8176,71.1164,70.0792,,-0.32%
22/09/20,70.9965,71.3112,71.6182,70.7754,,-0.23%
21/09/20,71.158,72.8095,72.9615,70.5568,,-2.48%
18/09/20,72.9672,72.6574,72.9945,72.3609,,0.80%
17/09/20,72.3869,71.9018,72.4555,71.4097,,0.12%
16/09/20,72.2976,71.9034,72.346,71.8141,,0.70%
15/09/20,71.7964,71.8121,72.086,71.486,,0.07%
14/09/20,71.7452,71.9914,72.0742,71.6654,,0.26%
11/09/20,71.5564,71.2827,71.7886,71.1835,,0.09%
10/09/20,71.489,71.6879,72.0072,71.3012,,-0.30%
09/09/20,71.704,71.1046,71.8284,70.9203,,0.43%
08/09/20,71.3958,72.2918,72.5193,70.7896,,-1.37%
04/09/20,72.3908,72.3125,72.7978,71.8293,,0.13%
03/09/20,72.2969,73.0674,73.0754,71.9078,,-0.74%
02/09/20,72.8335,73.4056,73.578,72.6661,,-0.91%
01/09/20,73.5024,73.4975,73.9694,73.4118,,0.26%
31/08/20,73.315,73.4623,73.6435,73.0669,,0.25%
28/08/20,73.1354,72.7557,73.3049,72.7557,,0.72%
27/08/20,72.6157,72.2073,72.9355,72.0731,,0.44%
26/08/20,72.2972,72.168,72.522,71.948,,0.39%
25/08/20,72.0165,71.9185,72.1196,71.6583,,0.51%
24/08/20,71.6534,71.4351,72.18,71.3569,,0.27%
21/08/20,71.4586,71.9466,72.0904,70.9116,,-0.45%
20/08/20,71.7823,71.8964,72.0488,71.4868,,-0.76%
19/08/20,72.3346,72.3691,72.5964,72.1383,,-0.19%
18/08/20,72.4739,71.9992,72.7232,71.9333,,0.63%
17/08/20,72.0179,71.0486,72.0258,71.0432,,1.71%
14/08/20,70.8064,70.7527,71.2426,70.4536,,-0.04%
13/08/20,70.8373,70.3595,70.8488,70.1547,,0.81%
12/08/20,70.2701,69.1835,70.3119,68.7723,,0.54%
11/08/20,69.8914,70.9869,71.0303,69.863,,-1.43%
10/08/20,70.9032,70.6275,71.3,70.6054,,0.64%
07/08/20,70.4501,71.5287,71.5335,70.3599,,-1.25%
06/08/20,71.3393,71.2557,71.9748,71.1369,,0.21%
05/08/20,71.1918,70.606,71.9401,70.4762,,0.92%
04/08/20,70.5438,69.7949,70.6203,69.5082,,0.91%
03/08/20,69.9049,68.8126,70.0372,68.7076,,1.79%
31/07/20,68.6767,68.6665,69.0004,68.4674,,0.62%
30/07/20,68.2531,68.9948,69.0956,67.8208,,-1.07%
29/07/20,68.9933,68.6013,69.0098,68.4788,,0.67%
28/07/20,68.531,69.024,69.0617,67.8524,,0.04%
27/07/20,68.5025,68.2723,68.761,68.21,,0.52%
24/07/20,68.1503,68.0382,68.2275,67.6577,,0.04%
23/07/20,68.1245,67.7626,68.3493,67.5755,,0.57%
22/07/20,67.7392,67.5637,67.775,66.8532,,0.67%
21/07/20,67.2868,66.3335,67.3779,66.3102,,1.47%
20/07/20,66.3101,66.245,66.4502,65.9397,,-0.28%
17/07/20,66.4947,66.4404,66.6522,66.2596,,0.03%
16/07/20,66.4732,66.6755,66.813,66.3714,,-0.29%
15/07/20,66.6653,66.3512,66.6735,65.9712,,0.74%
14/07/20,66.176,65.9087,66.4898,65.7196,,-0.47%
13/07/20,66.4895,66.5178,66.8042,66.4373,,-0.22%
10/07/20,66.636,66.3253,66.8292,65.9309,,0.44%
09/07/20,66.3463,66.8343,67.2936,66.325,,-0.67%
08/07/20,66.7927,66.3785,66.9268,66.3341,,0.38%
07/07/20,66.5414,66.1901,66.7054,65.8316,,0.55%
06/07/20,66.1801,65.7343,66.3192,65.7154,,0.83%
02/07/20,65.6325,65.2624,65.6477,65.2323,,0.69%
01/07/20,65.1837,65.1165,65.4237,64.6948,,0.32%
30/06/20,64.9762,64.1996,65.1512,64.1325,,1.14%
29/06/20,64.2432,63.2669,64.3406,63.0607,,1.62%
26/06/20,63.2194,63.5729,63.7315,62.9821,,-0.36%
25/06/20,63.4476,63.549,63.641,63.0275,,-0.41%
24/06/20,63.7083,64.7195,64.7901,63.6427,,-1.55%
23/06/20,64.7104,64.483,65.0511,64.4478,,-0.19%
22/06/20,64.832,64.8088,64.9144,64.4907,,0.40%
19/06/20,64.5736,64.1422,64.9043,64.1299,,0.71%
18/06/20,64.1194,63.8567,64.4164,63.8173,,0.07%
17/06/20,64.0727,63.7083,64.1111,63.6112,,0.20%
16/06/20,63.9419,63.861,64.3907,63.5747,,0.46%
15/06/20,63.6461,63.4606,63.7026,62.6745,,-0.09%
12/06/20,63.7057,63.7236,64.478,63.6056,,-0.60%
11/06/20,64.0925,65.0003,65.0015,63.8514,,-1.40%
10/06/20,65.0033,64.5613,65.0758,64.4956,,0.43%
09/06/20,64.7268,64.8762,64.8976,64.3088,,0.13%
08/06/20,64.6415,64.6738,65.0122,64.4524,,-0.08%
05/06/20,64.6941,64.2343,64.9494,64.2169,,0.53%
04/06/20,64.3526,63.6863,64.3908,63.5721,,0.71%
03/06/20,63.9011,63.9324,63.9943,63.4447,,0.19%
02/06/20,63.7825,63.5621,64.0701,63.5192,,0.43%
01/06/20,63.5116,63.5627,63.7867,62.8349,,-0.04%
29/05/20,63.5353,62.6994,63.5979,62.4159,,1.22%
28/05/20,62.7703,62.6437,63.0049,62.3513,,0.16%
27/05/20,62.6696,63.197,63.3881,62.3905,,-1.07%
26/05/20,63.3501,63.0569,63.55,63.0293,,0.97%
22/05/20,62.74,62.7299,62.761,62.1437,,-0.43%
21/05/20,63.0139,63.5214,63.6999,62.8488,,-0.93%
20/05/20,63.6046,63.2827,63.8842,63.0745,,0.58%
19/05/20,63.2376,63.2441,63.5069,62.9049,,0.33%
18/05/20,63.028,62.4082,63.388,62.3491,,2.22%
15/05/20,61.659,61.4945,61.9018,61.4225,,0.61%
14/05/20,61.2871,60.5739,61.3367,60.5204,,1.10%
13/05/20,60.6226,61.2039,61.615,60.5156,,-1.51%
12/05/20,61.5521,61.7266,62.0339,61.4752,,-0.37%
11/05/20,61.7826,62.4716,62.6247,61.7032,,-0.86%
08/05/20,62.32,62.2378,62.4894,62.0829,,0.52%
07/05/20,61.9955,61.6234,62.5827,61.4461,,0.87%
06/05/20,61.4607,62.2144,62.4609,61.1997,,-1.36%
05/05/20,62.3085,61.5815,62.3967,61.4971,,2.19%
04/05/20,60.9709,60.5385,61.0007,60.362,,0.44%
01/05/20,60.7066,60.7592,60.8288,60.1883,,-0.31%
30/04/20,60.8983,60.2971,60.9613,60.1875,,1.71%
29/04/20,59.8758,60.0539,60.3482,59.7193,,0.39%
28/04/20,59.6414,59.4591,60.1823,59.082,,0.15%
27/04/20,59.5528,60.1913,60.3102,59.2089,,-1.14%
24/04/20,60.2394,60.9243,61.1869,60.0247,,-0.88%
23/04/20,60.7754,60.9899,61.756,60.708,,0.15%
22/04/20,60.6816,59.7973,60.9687,58.871,,1.97%
21/04/20,59.5078,61.886,61.9664,59.326,,-3.99%
20/04/20,61.978,62.0479,62.2335,61.4962,,-0.19%
17/04/20,62.0936,62.4718,62.6759,61.9808,,0.06%
16/04/20,62.0546,62.3476,62.3476,62.0546,,0.14%
15/04/20,61.9659,63.0366,63.139,61.7674,,-1.72%
14/04/20,63.0517,63.8966,63.9938,62.8223,,-0.53%
13/04/20,63.3847,63.8302,63.8738,63.1444,,-0.14%
09/04/20,63.4759,63.5357,64.4111,63.2024,,0.52%
08/04/20,63.1471,63.4265,63.6838,62.9863,,-0.11%
07/04/20,63.2193,63.6404,63.8927,63.1963,,0.64%
06/04/20,62.818,62.0692,62.9403,62.0261,,1.00%
03/04/20,62.1957,61.4663,62.7231,61.2454,,1.05%
02/04/20,61.5486,60.474,62.834,60.4711,,2.09%
01/04/20,60.2898,61.6785,61.6844,60.28,,-2.53%
31/03/20,61.8577,62.4266,62.6836,61.7604,,-0.33%
30/03/20,62.0639,62.1797,62.3948,61.7458,,-1.04%
27/03/20,62.7145,63.4438,63.6321,62.5419,,-0.96%
26/03/20,63.3252,63.5774,64.1275,63.1464,,-1.03%
25/03/20,63.9846,64.2792,64.4166,63.2276,,0.34%
24/03/20,63.7663,62.8777,64.028,62.3156,,2.84%
23/03/20,62.0083,60.4681,62.0938,60.2924,,1.49%
20/03/20,61.0998,61.5072,63.1766,61.0745,,-0.53%
19/03/20,61.4271,59.8711,61.6166,59.0877,,3.27%
18/03/20,59.4795,62.3379,62.465,59.2555,,-4.08%
17/03/20,62.0086,62.974,63.2619,61.9913,,-0.90%
16/03/20,62.5747,64.9744,65.1376,62.1945,,-4.18%
13/03/20,65.3051,65.2108,67.6152,65.1198,,-1.30%
12/03/20,66.1642,67.053,67.3517,65.6415,,-3.13%
11/03/20,68.3,69.8131,69.8131,68.2664,,-1.44%
10/03/20,69.2967,68.4983,69.4216,68.3699,,2.13%
09/03/20,67.8483,67.2263,68.5339,66.3092,,-4.16%
06/03/20,70.7933,72.3564,72.443,70.7685,,-2.60%
05/03/20,72.6831,73.4758,73.5609,72.654,,-0.75%
04/03/20,73.2289,73.5246,73.6714,73.1049,,0.05%
03/03/20,73.1911,73.0185,73.9052,72.6776,,0.99%
02/03/20,72.4728,72.0985,72.5787,71.5528,,2.10%
28/02/20,70.9799,72.1648,72.1672,70.6124,,-2.20%
27/02/20,72.5776,73.2934,73.3261,72.0625,,-1.43%
26/02/20,73.6315,74.1604,74.2511,73.535,,-0.78%
25/02/20,74.2102,74.9608,74.9608,74.16,,-0.92%
24/02/20,74.9013,75.5531,75.6365,74.6439,,-1.77%
21/02/20,76.2509,76.0971,76.3733,75.7901,,0.05%
20/02/20,76.2138,76.5578,76.7087,76.186,,-0.46%
19/02/20,76.5688,76.1287,76.6224,75.9925,,0.61%
18/02/20,76.1062,75.5636,76.1177,75.5107,,0.96%
14/02/20,75.3841,75.2125,75.6786,75.0983,,0.09%
13/02/20,75.3197,75.2224,75.5207,74.9249,,0.22%
12/02/20,75.1566,74.6714,75.2138,74.4947,,1.04%
11/02/20,74.3843,74.4933,74.653,74.3023,,0.25%
10/02/20,74.1987,74.7245,74.7417,74.1574,,-0.74%
07/02/20,74.755,75.1262,75.1709,74.5886,,-0.28%
06/02/20,74.9629,75.2085,75.4057,74.6049,,0.30%
05/02/20,74.7409,74.552,74.9792,74.2263,,0.86%
04/02/20,74.1003,74.4323,74.9026,74.0829,,0.03%
03/02/20,74.0774,74.8416,74.8994,73.9168,,-1.02%
31/01/20,74.8374,75.4414,75.4637,74.7505,,-0.40%
30/01/20,75.1402,75.7555,75.7596,74.9746,,-0.95%
29/01/20,75.8597,76.6286,76.7421,75.7878,,-0.60%
28/01/20,76.3192,76.2052,76.5248,75.8918,,0.11%
27/01/20,76.2333,76.8825,76.9382,76.067,,-1.40%
24/01/20,77.3191,78.209,78.2819,77.2194,,-1.16%
23/01/20,78.2283,78.4811,78.4911,78.0481,,-0.57%
22/01/20,78.6737,79.1407,79.3833,78.6167,,-0.67%
21/01/20,79.2079,79.4572,79.5214,79.118,,-0.76%
17/01/20,79.817,79.6521,79.8327,79.4697,,0.26%
16/01/20,79.6115,80.0878,80.2318,79.6,,-0.52%
15/01/20,80.0304,80.3205,80.3957,79.9275,,-0.40%
14/01/20,80.3484,80.193,80.5646,79.9752,,0.07%
13/01/20,80.2913,80.6532,80.7545,80.1806,,-0.51%
10/01/20,80.7052,80.3992,80.7863,80.3624,,0.31%
09/01/20,80.4546,80.7962,80.8203,80.2224,,-0.16%
08/01/20,80.5801,81.7505,81.9529,80.407,,-1.22%
07/01/20,81.5737,81.3077,81.6185,81.2277,,-0.08%
06/01/20,81.643,82.0636,82.2009,81.4537,,0.34%
03/01/20,81.3663,81.5686,81.7485,81.1879,,0.45%
02/01/20,81.0008,81.0158,81.1397,80.7883,,0.14%
31/12/19,80.8871,81.3532,81.4331,80.8112,,-0.62%
30/12/19,81.392,81.4358,81.6796,81.1014,,0.05%
27/12/19,81.3512,81.2863,81.3651,81.1312,,0.10%
26/12/19,81.2675,80.907,81.3072,80.8761,,0.75%
24/12/19,80.6645,80.3058,80.7213,80.2698,,0.55%
23/12/19,80.2219,80.2322,80.376,80.1023,,-0.21%
20/12/19,80.3939,80.3602,80.572,80.2733,,0.06%
19/12/19,80.3466,80.1521,80.4307,80.0234,,0.26%
18/12/19,80.1387,80.1352,80.2818,79.8968,,-0.19%
17/12/19,80.293,80.2097,80.3728,80.1092,,0.13%
16/12/19,80.1912,79.5229,80.3047,79.505,,0.98%
13/12/19,79.4136,79.4493,80.0334,79.1583,,0.43%
12/12/19,79.0736,78.5209,79.2079,78.4905,,0.95%
11/12/19,78.3297,78.3674,78.5905,78.1541,,-0.24%
10/12/19,78.5158,78.1436,78.5901,77.9776,,0.48%
09/12/19,78.1409,78.0659,78.2712,77.8025,,-0.13%
06/12/19,78.2393,78.0542,78.5095,77.9822,,0.17%
05/12/19,78.11,77.8796,78.3465,77.8265,,0.34%
04/12/19,77.8463,77.4493,78.0172,77.3086,,0.65%
03/12/19,77.3437,77.2628,77.6161,77.1278,,0.27%
02/12/19,77.1353,77.5047,77.6202,77.055,,0.03%
29/11/19,77.1108,78.1687,78.1838,77.0772,,-1.57%
27/11/19,78.3376,78.5888,78.8425,78.2501,,-0.41%
26/11/19,78.6606,78.4851,78.6673,78.3219,,0.13%
25/11/19,78.5582,78.7598,78.7867,78.2283,,-0.21%
22/11/19,78.7265,78.5956,78.9642,78.526,,0.15%
21/11/19,78.6081,78.2035,78.6401,77.9949,,0.42%
20/11/19,78.2804,77.8862,78.5061,77.7575,,0.54%
19/11/19,77.8584,78.2728,78.3453,77.8264,,-0.59%
18/11/19,78.3215,79.0234,79.0616,78.2436,,-0.97%
15/11/19,79.0884,78.9578,79.2585,78.521,,0.21%
14/11/19,78.9189,79.2089,79.3706,78.8422,,-0.05%
13/11/19,78.9618,79.0359,79.102,78.7546,,-0.09%
12/11/19,79.0303,79.0208,79.214,78.8766,,0.00%
11/11/19,79.0293,79.4777,79.5596,78.9983,,-1.10%
08/11/19,79.9057,79.9606,80.0367,79.281,,-0.14%
07/11/19,80.0187,80.1133,80.4445,79.9682,,-0.17%
06/11/19,80.1525,80.6747,80.8287,80.1205,,-0.70%
05/11/19,80.7201,80.6111,80.9663,80.5818,,0.11%
04/11/19,80.6335,80.3794,80.875,80.3466,,0.47%
01/11/19,80.2596,79.2898,80.2705,79.1693,,1.29%
31/10/19,79.2367,79.6824,79.8538,78.8493,,-0.45%
30/10/19,79.5986,79.5234,79.7686,79.477,,0.00%
29/10/19,79.6003,79.4331,79.8186,79.2721,,0.15%
28/10/19,79.4811,79.6565,79.7651,79.3702,,-0.02%
25/10/19,79.4979,79.2534,79.7132,79.2188,,0.19%
24/10/19,79.3472,78.9725,79.4481,78.9478,,0.43%
23/10/19,79.0092,78.4061,79.0363,78.1837,,0.68%
22/10/19,78.4737,78.2102,78.7276,78.1485,,0.29%
21/10/19,78.2463,78.5763,78.8218,78.145,,-0.54%
18/10/19,78.6672,78.5626,78.8081,78.5132,,0.11%
17/10/19,78.5809,78.1851,78.6066,78.0883,,0.31%
16/10/19,78.3348,78.4013,78.482,78.0943,,-0.09%
15/10/19,78.4063,78.5578,78.7393,78.3094,,-0.23%
14/10/19,78.5847,78.9014,78.9244,78.3297,,-0.31%
11/10/19,78.8301,78.025,78.846,77.9902,,1.14%
10/10/19,77.9441,77.9193,78.3021,77.8291,,0.03%
09/10/19,77.9236,77.8996,78.437,77.8436,,0.05%
08/10/19,77.8811,77.6985,77.9185,77.2816,,0.22%
07/10/19,77.7125,77.8879,78.0913,77.6966,,-0.28%
04/10/19,77.9329,77.8506,78.0146,77.6942,,0.25%
03/10/19,77.7387,77.6216,77.8172,77.0414,,0.28%
02/10/19,77.5202,78.0164,78.0681,77.2999,,-0.44%
01/10/19,77.8662,77.8528,77.93,77.668,,0.11%
30/09/19,77.7797,78.3689,78.417,77.7679,,-0.72%
27/09/19,78.34,78.494,78.5285,77.9751,,-0.38%
26/09/19,78.6349,78.9361,79.2356,78.221,,-0.35%
25/09/19,78.9079,79.2176,79.2632,78.536,,-0.57%
24/09/19,79.3596,79.6719,79.7438,79.2467,,-0.63%
23/09/19,79.8663,79.4405,79.8776,79.1066,,0.84%
20/09/19,79.1971,79.5446,79.7594,79.1624,,-0.25%
19/09/19,79.3975,79.3565,79.8708,79.2239,,-0.14%
18/09/19,79.5077,79.7869,80.0328,79.3037,,-0.49%
17/09/19,79.8979,80.9456,81.1491,79.6616,,-1.84%
16/09/19,81.3979,80.6305,81.4445,80.0302,,3.43%
13/09/19,78.6973,78.5749,78.9754,78.3945,,0.16%
12/09/19,78.5686,78.3651,78.6493,77.7746,,0.46%
11/09/19,78.205,78.7811,79.0465,78.1168,,-0.70%
10/09/19,78.7577,78.5419,79.0007,78.4209,,0.39%
09/09/19,78.451,77.9817,78.6083,77.9336,,0.73%
06/09/19,77.8857,77.9443,78.1324,77.2807,,-0.19%
05/09/19,78.0326,78.3335,78.6025,78.0042,,-0.49%
04/09/19,78.4199,77.1456,78.4934,77.1128,,1.83%
03/09/19,77.0083,77.0331,77.1125,76.4039,,0.01%
30/08/19,77.0044,77.4029,77.6935,76.9486,,-0.62%
29/08/19,77.4875,77.1714,77.6605,77.1227,,0.41%
28/08/19,77.1685,76.7789,77.287,76.6368,,0.76%
27/08/19,76.5842,76.3799,76.6082,76.2963,,0.31%
26/08/19,76.3498,76.1223,76.7341,76.053,,0.37%
23/08/19,76.0653,76.3916,76.5086,75.6843,,-0.46%
22/08/19,76.4193,76.7447,76.8929,76.3852,,-0.49%
21/08/19,76.798,76.7679,77.1258,76.7144,,0.14%
20/08/19,76.6926,76.7135,76.8602,76.3935,,0.04%
19/08/19,76.6591,76.6581,76.8473,76.301,,-0.15%
16/08/19,76.7728,76.8769,77.0122,76.5807,,0.09%
15/08/19,76.7023,76.9219,77.0525,76.4418,,-0.20%
14/08/19,76.8568,77.4038,77.5514,76.6122,,-0.94%
13/08/19,77.589,76.9213,77.755,76.5881,,0.99%
12/08/19,76.825,77.3004,77.4279,76.6904,,-0.77%
09/08/19,77.4239,77.0613,77.6824,76.9718,,0.50%
08/08/19,77.0403,76.723,77.1973,76.4504,,1.40%
07/08/19,75.9747,76.6746,76.6901,75.7148,,-0.65%
06/08/19,76.4699,77.0597,77.1389,76.4339,,-0.38%
05/08/19,76.7648,76.9585,77.0617,76.246,,-0.60%
02/08/19,77.2259,77.2432,77.3915,77.0118,,0.28%
01/08/19,77.0081,78.5229,78.5793,76.9102,,-2.48%
31/07/19,78.9631,79.2317,79.3622,78.8997,,-0.15%
30/07/19,79.0834,79.0976,79.2588,78.754,,0.09%
29/07/19,79.0108,78.8653,79.0649,78.6687,,0.34%
26/07/19,78.7409,79.0168,79.0959,78.6473,,-0.32%
25/07/19,78.9962,79.3252,79.6503,78.9651,,-0.41%
24/07/19,79.3244,79.5134,79.9233,79.1751,,-0.10%
23/07/19,79.4026,79.2281,79.4949,78.8803,,0.29%
22/07/19,79.171,79.4913,79.7235,79.158,,-0.26%
19/07/19,79.3793,79.6435,79.7323,79.206,,0.59%
18/07/19,78.9159,79.5909,79.7929,78.7589,,-0.83%
17/07/19,79.5778,79.5505,80.0784,79.4626,,-0.09%
16/07/19,79.6459,80.3934,80.5985,79.5225,,-1.13%
15/07/19,80.5539,80.9332,81.1799,80.4894,,-0.58%
12/07/19,81.0222,80.5972,81.1174,80.4891,,0.58%
11/07/19,80.5555,80.6806,80.8854,80.3698,,0.02%
10/07/19,80.5401,79.1963,80.5602,79.1793,,1.78%
09/07/19,79.1321,78.813,79.1658,78.4677,,0.14%
08/07/19,79.0247,79.3196,79.6137,78.8748,,-0.11%
05/07/19,79.1142,78.996,79.1889,78.6881,,-0.10%
03/07/19,79.1968,78.3068,79.2083,78.1142,,1.44%
02/07/19,78.0716,79.084,79.297,78.0445,,-1.23%
01/07/19,79.0432,80.0299,80.2052,78.8075,,-0.77%
28/06/19,79.653,80.3179,80.594,79.5861,,-0.66%
27/06/19,80.186,80.0912,80.2359,79.8882,,0.05%
26/06/19,80.1435,79.8995,80.4129,79.8662,,0.38%
25/06/19,79.8384,79.6906,80.1966,79.4778,,0.45%
24/06/19,79.4779,79.1625,79.4882,79.018,,0.81%
21/06/19,78.8373,79.4601,79.5254,78.798,,-0.41%
20/06/19,79.1627,78.2571,79.3723,78.2266,,1.79%
19/06/19,77.7705,78.1343,78.2569,77.7047,,-0.61%
18/06/19,78.2444,77.5371,78.641,77.4305,,0.59%
17/06/19,77.7867,78.185,78.2206,77.7443,,-0.05%
14/06/19,77.8285,77.6251,78.1212,77.5893,,0.28%
13/06/19,77.6085,77.1422,77.8831,77.0547,,0.68%
12/06/19,77.0809,77.1774,77.5205,76.8836,,-0.50%
11/06/19,77.4684,77.1264,77.5612,76.9993,,0.58%
10/06/19,77.0245,76.9634,77.3814,76.7751,,-0.16%
07/06/19,77.148,77.3399,77.4773,76.8543,,0.05%
06/06/19,77.1058,76.5191,77.1511,76.4407,,0.81%
05/06/19,76.4862,77.4018,77.644,76.3485,,-1.57%
04/06/19,77.7057,77.6533,77.7876,77.2799,,0.32%
03/06/19,77.4592,77.6102,78.103,77.3517,,-0.32%
31/05/19,77.7043,78.8336,78.889,77.6845,,-1.76%
30/05/19,79.0979,79.3606,79.611,79.0278,,-0.37%
29/05/19,79.3883,79.6496,79.8314,78.9158,,0.00%
28/05/19,79.3859,79.2485,79.5034,79.069,,0.86%
24/05/19,78.7052,78.1426,78.7109,78.1305,,0.95%
23/05/19,77.9647,78.7786,78.8244,77.8329,,-1.25%
22/05/19,78.9523,79.7213,79.729,78.8703,,-1.03%
21/05/19,79.7764,80.1907,80.2072,79.6511,,-0.19%
20/05/19,79.9291,80.184,80.2659,79.8456,,0.28%
17/05/19,79.7043,80.4313,80.4411,79.6335,,-0.75%
16/05/19,80.303,79.8744,80.4121,79.8309,,0.82%
15/05/19,79.6536,79.3237,79.9882,79.2521,,0.40%
14/05/19,79.3386,78.6357,79.4996,78.4459,,1.27%
13/05/19,78.3414,78.3938,78.846,78.1427,,-0.41%
10/05/19,78.6618,79.0417,79.0475,78.5226,,0.13%
09/05/19,78.56,78.6819,78.9086,78.1492,,-0.56%
08/05/19,79.0004,79.2248,79.2792,78.815,,0.04%
07/05/19,78.9692,79.4341,79.5163,78.7259,,-0.64%
06/05/19,79.4748,78.9859,79.5851,78.9415,,-0.46%
03/05/19,79.8386,79.7512,80.1472,79.6417,,0.17%
02/05/19,79.6998,80.3345,80.3381,79.4151,,-0.90%
01/05/19,80.4241,80.5345,80.5922,80.0174,,-0.19%
30/04/19,80.5738,80.409,81.122,80.3818,,0.05%
29/04/19,80.5356,80.7442,80.8116,80.3871,,-0.28%
26/04/19,80.7614,81.1587,81.2688,80.5708,,-0.56%
25/04/19,81.2183,81.3343,81.5647,81.1675,,-0.26%
24/04/19,81.4341,81.5894,81.7762,81.4183,,-0.26%
23/04/19,81.6437,82.0182,82.1049,81.5334,,-0.38%
22/04/19,81.9569,82.1328,82.3828,81.9228,,0.31%
18/04/19,81.7063,81.5111,81.7155,81.2898,,0.06%
17/04/19,81.6612,82.1311,82.3541,81.649,,-0.37%
16/04/19,81.9654,82.1952,82.2647,81.8064,,-0.44%
15/04/19,82.3236,82.5428,82.6124,82.1565,,-0.47%
12/04/19,82.7086,82.3418,82.8138,82.3367,,0.57%
11/04/19,82.2361,82.9839,82.986,82.1314,,-0.99%
10/04/19,83.0616,82.6808,83.0812,82.6181,,0.53%
09/04/19,82.6223,82.6925,82.9843,82.4941,,-0.18%
08/04/19,82.7739,82.7004,82.8992,82.4958,,0.49%
05/04/19,82.3702,82.1855,82.4036,81.9513,,0.17%
04/04/19,82.2323,82.2258,82.382,81.9392,,0.06%
03/04/19,82.1833,82.0761,82.2565,81.9055,,0.39%
02/04/19,81.8613,81.7966,81.8734,81.4926,,0.23%
01/04/19,81.6727,81.3608,81.7852,81.3273,,0.72%
29/03/19,81.0872,81.2563,81.8644,81.0756,,0.00%
28/03/19,81.0873,81.3202,81.4714,80.9006,,-0.58%
27/03/19,81.5642,82.0567,82.067,81.2088,,-0.52%
26/03/19,81.9936,82.0183,82.2908,81.8839,,0.09%
25/03/19,81.9158,81.5721,82.0894,81.5093,,0.20%
22/03/19,81.7507,82.3235,82.4683,81.4409,,-0.72%
21/03/19,82.3473,82.6475,82.7791,82.119,,-0.04%
20/03/19,82.3797,81.9329,82.3963,81.8733,,0.35%
19/03/19,82.093,81.9297,82.423,81.7842,,0.26%
18/03/19,81.8765,81.4298,81.9562,81.4217,,0.36%
15/03/19,81.5838,81.3303,81.6451,80.9546,,0.29%
14/03/19,81.3474,81.6095,81.6577,81.1225,,-0.22%
13/03/19,81.5304,80.9316,81.546,80.86,,0.83%
12/03/19,80.8615,80.4921,81.0037,80.4375,,0.75%
11/03/19,80.2569,80.5277,80.7232,80.1727,,-0.26%
08/03/19,80.4667,80.4234,80.4866,79.905,,-0.07%
07/03/19,80.52,80.8125,80.9502,80.4145,,-0.27%
06/03/19,80.7408,81.0529,81.1511,80.6236,,-0.56%
05/03/19,81.1937,80.8851,81.2222,80.7702,,0.46%
04/03/19,80.8184,81.1271,81.3169,80.6742,,-0.18%
01/03/19,80.966,81.4165,81.6653,80.6196,,-0.52%
28/02/19,81.3904,81.5838,81.7011,81.2856,,-0.27%
27/02/19,81.6096,81.2914,81.7771,81.1302,,0.50%
26/02/19,81.2074,81.17,81.4182,81.1043,,-0.12%
25/02/19,81.301,82.2414,82.4778,81.1855,,-1.00%
22/02/19,82.1246,81.7159,82.2338,81.692,,0.41%
21/02/19,81.7878,81.5986,81.875,81.5439,,0.13%
20/02/19,81.6821,81.4641,81.811,81.086,,0.48%
19/02/19,81.2942,81.1193,81.3327,80.9724,,0.42%
15/02/19,80.9569,80.0425,80.9639,79.9835,,1.25%
14/02/19,79.9611,80.1352,80.5106,79.6882,,-0.25%
13/02/19,80.1641,80.209,80.3939,79.9246,,0.08%
12/02/19,80.0973,79.8683,80.3066,79.763,,0.55%
11/02/19,79.6555,79.9816,80.0945,79.47,,-0.51%
08/02/19,80.0655,79.9778,80.3972,79.8297,,0.03%
07/02/19,80.0391,80.853,80.9004,79.822,,-1.17%
06/02/19,80.9856,80.9997,81.0866,80.6167,,0.13%
05/02/19,80.8806,81.203,81.2581,80.8132,,-0.27%
04/02/19,81.1004,80.9752,81.1935,80.2753,,0.17%
01/02/19,80.965,80.6301,81.1637,80.4709,,0.30%
31/01/19,80.7252,81.1826,81.6194,80.6867,,-0.19%
30/01/19,80.8822,80.5615,81.1392,80.4435,,0.47%
29/01/19,80.5004,79.8854,80.5548,79.863,,0.79%
28/01/19,79.8671,80.5474,80.5817,79.7479,,-1.48%
25/01/19,81.0693,80.5186,81.1144,80.1184,,1.07%
24/01/19,80.2096,80.0749,80.4513,79.7666,,0.17%
23/01/19,80.0749,80.2879,80.7668,79.9188,,-0.02%
22/01/19,80.0891,80.6707,80.7597,79.8095,,-1.59%
18/01/19,81.3791,80.5983,81.3924,80.3509,,1.15%
17/01/19,80.4502,80.2523,80.6103,79.852,,0.24%
16/01/19,80.2592,80.1763,80.7027,80.0644,,0.19%
15/01/19,80.1043,80.2708,80.4917,79.8819,,0.25%
14/01/19,79.9021,79.8244,80.1379,79.3815,,0.30%
11/01/19,79.6614,79.7342,80.1226,79.3096,,0.22%
10/01/19,79.489,79.8248,80.0312,79.3826,,-0.53%
09/01/19,79.9122,79.365,80.0053,79.2625,,1.22%
08/01/19,78.9489,78.6191,79.2393,78.51,,0.48%
07/01/19,78.5743,78.3937,79.0344,78.3412,,0.31%
04/01/19,78.3352,77.4848,78.4898,77.4729,,1.14%
03/01/19,77.4544,76.8768,77.4851,76.6194,,0.61%
02/01/19,76.9851,76.8777,77.7483,76.2729,,0.35%
31/12/18,76.7154,77.526,77.685,76.6127,,-1.13%
28/12/18,77.5922,78.1304,78.1906,77.4417,,-0.27%
27/12/18,77.8029,78.1792,78.3269,77.6106,,-0.53%
26/12/18,78.2144,77.3931,78.282,77.076,,1.30%
24/12/18,77.2127,78.8411,78.9375,77.1847,,-1.88%
21/12/18,78.6952,79.2586,79.2787,78.3595,,-0.14%
20/12/18,78.8092,79.5291,80.0438,78.8053,,-1.43%
19/12/18,79.9565,79.6185,79.9974,79.2589,,0.35%
18/12/18,79.6797,80.2666,80.3998,79.5496,,-0.73%
17/12/18,80.2648,80.9813,81.2283,80.1881,,-1.23%
14/12/18,81.2656,82.1582,82.2137,81.229,,-1.51%
13/12/18,82.5144,82.2219,82.5509,81.9005,,0.40%
12/12/18,82.1853,82.8228,82.9504,82.1437,,-0.53%
11/12/18,82.6215,82.8158,83.1059,82.37,,-0.13%
10/12/18,82.7296,83.6999,83.7086,82.6965,,-0.91%
07/12/18,83.4889,82.2251,84.0406,82.012,,1.48%
06/12/18,82.2713,83.013,83.161,81.6816,,-1.31%
05/12/18,83.3596,83.3463,83.7958,83.1369,,-0.05%
04/12/18,83.4006,83.2237,83.909,83.1697,,0.54%
03/12/18,82.956,83.5844,83.7902,82.6564,,0.48%
30/11/18,82.5607,82.6358,82.9456,81.7788,,-0.09%
29/11/18,82.6354,82.3399,82.7823,81.8171,,0.21%
28/11/18,82.466,81.1888,82.7471,81.0536,,1.64%
27/11/18,81.1393,81.1545,81.3603,80.7546,,-0.39%
26/11/18,81.4579,80.9946,81.5545,80.8984,,-0.03%
23/11/18,81.4831,82.5597,82.6002,81.4595,,-2.26%
21/11/18,83.3654,83.3802,84.3628,83.2391,,0.45%
20/11/18,82.9904,84.339,84.5659,82.2511,,-2.17%
19/11/18,84.8291,84.9905,85.0658,83.6611,,1.09%
16/11/18,83.9124,83.1243,84.2977,82.8324,,1.28%
15/11/18,82.8529,84.4027,84.7931,82.7196,,-2.21%
14/11/18,84.7271,82.2983,84.9353,82.1902,,2.77%
13/11/18,82.446,83.1792,83.5421,82.2627,,-0.72%
12/11/18,83.048,83.2429,83.6567,82.9954,,0.19%
09/11/18,82.8946,83.1412,83.2798,82.4909,,-0.45%
08/11/18,83.2718,83.5771,83.8484,82.964,,-0.54%
07/11/18,83.7257,83.5493,84.2049,83.3975,,0.07%
06/11/18,83.6683,84.1054,84.2609,83.4402,,-0.63%
05/11/18,84.1979,84.1127,84.6048,83.9557,,0.37%
02/11/18,83.8847,83.3941,83.9926,83.2995,,0.36%
01/11/18,83.5847,83.225,84.1049,83.0797,,0.47%
31/10/18,83.1903,83.7492,83.9024,83.1487,,-0.47%
30/10/18,83.5825,84.1693,84.3838,83.436,,-0.96%
29/10/18,84.3968,85.1439,85.1496,84.3468,,-0.71%
26/10/18,84.9968,84.4774,85.0455,84.1318,,0.44%
25/10/18,84.6247,84.5891,85.0559,84.5083,,-0.20%
24/10/18,84.7937,85.2025,85.4485,84.7774,,-0.41%
23/10/18,85.1445,85.6948,85.7208,84.9627,,-0.74%
22/10/18,85.7791,85.9032,86.1981,85.6277,,-0.20%
19/10/18,85.9472,85.897,86.3785,85.6638,,0.23%
18/10/18,85.7479,86.5531,86.5531,85.7135,,-1.10%
17/10/18,86.7024,86.9885,87.2671,86.3941,,-0.37%
16/10/18,87.0263,87.2996,87.3156,86.8066,,-0.11%
15/10/18,87.1261,86.615,87.1444,86.3398,,1.03%
12/10/18,86.2351,86.0811,86.582,85.9162,,0.36%
11/10/18,85.9238,85.8529,86.2555,85.4899,,-0.54%
10/10/18,86.3888,87.3444,87.4463,86.3487,,-0.97%
09/10/18,87.2356,87.0113,87.4472,86.7796,,0.36%
08/10/18,86.9255,86.6152,86.9471,86.2927,,0.03%
05/10/18,86.8993,87.0663,87.1851,86.6633,,0.13%
04/10/18,86.7897,87.6793,87.8955,86.6963,,-1.01%
03/10/18,87.6762,87.2706,87.8349,87.189,,0.60%
02/10/18,87.1491,86.4271,87.2586,86.2482,,0.91%
01/10/18,86.3638,85.2348,86.4028,85.046,,1.36%
28/09/18,85.201,84.8769,85.5742,84.6793,,0.53%
27/09/18,84.7532,84.8136,84.8497,84.4217,,0.07%
26/09/18,84.6968,85.0564,85.2268,84.6433,,-0.46%
25/09/18,85.0843,84.5814,85.3218,84.5596,,0.27%
24/09/18,84.8516,84.3617,85.0309,84.3472,,0.53%
21/09/18,84.4025,83.8736,84.6058,83.8157,,0.62%
20/09/18,83.882,83.4856,83.9802,83.3141,,0.62%
19/09/18,83.3624,82.7091,83.3942,82.7091,,0.76%
18/09/18,82.7356,82.0308,82.8709,82.0057,,0.73%
17/09/18,82.1393,82.2881,82.6309,82.1016,,-0.39%
14/09/18,82.4586,82.809,82.9361,82.2458,,-0.32%
13/09/18,82.7206,83.3643,83.4804,82.6646,,-0.90%
12/09/18,83.4708,83.008,83.8612,83.0039,,0.59%
11/09/18,82.9778,82.9676,83.1998,82.4273,,0.05%
10/09/18,82.9329,82.5647,83.1171,82.5381,,0.42%
07/09/18,82.5853,82.5317,82.6183,82.2009,,0.19%
06/09/18,82.4301,82.7921,83.0454,82.1861,,-0.32%
05/09/18,82.6974,83.1203,83.1799,82.677,,-0.52%
04/09/18,83.1276,83.6878,83.7552,82.9924,,-0.73%
31/08/18,83.736,83.69,84.0902,83.6248,,0.14%
30/08/18,83.6155,83.9183,84.1026,83.3779,,-0.25%
29/08/18,83.8224,83.2253,83.9541,83.0736,,0.55%
28/08/18,83.3627,83.7346,84.146,83.3215,,-0.48%
27/08/18,83.7612,83.5309,83.8464,83.2744,,0.08%
24/08/18,83.6904,83.1053,84.0482,83.0687,,0.70%
23/08/18,83.1093,83.4819,83.4874,82.9853,,-0.58%
22/08/18,83.5908,83.4893,83.8095,83.2935,,0.18%
21/08/18,83.4426,83.4027,83.7743,83.3706,,0.14%
20/08/18,83.328,83.4737,83.8011,83.2516,,-0.02%
17/08/18,83.3457,82.9431,83.5507,82.7256,,0.40%
16/08/18,83.0114,82.3451,83.226,82.3288,,1.02%
15/08/18,82.1694,83.641,83.6427,82.0006,,-1.91%
14/08/18,83.771,83.7022,84.1234,83.5779,,0.28%
13/08/18,83.5408,83.945,84.0122,83.0667,,-0.82%
10/08/18,84.2307,84.8821,85.141,84.1838,,-0.78%
09/08/18,84.8891,85.2393,85.38,84.8605,,-0.28%
08/08/18,85.1261,85.5787,85.6927,84.8798,,-0.42%
07/08/18,85.4817,85.0986,85.8433,85.0931,,0.49%
06/08/18,85.0631,84.958,85.2755,84.6721,,0.19%
03/08/18,84.8999,84.446,85.1656,84.2034,,0.46%
02/08/18,84.5095,84.3596,84.9466,83.8574,,0.31%
01/08/18,84.2491,85.1465,85.2016,84.1608,,-1.34%
31/07/18,85.3947,85.3474,85.7047,85.1122,,0.01%
30/07/18,85.3821,84.9841,85.5555,84.8246,,0.64%
27/07/18,84.8391,84.8256,85.2212,84.7102,,-0.13%
26/07/18,84.953,85.4444,85.46,84.9041,,0.03%
25/07/18,84.9295,84.2913,84.9835,84.1361,,1.02%
24/07/18,84.074,83.5014,84.457,83.3684,,0.52%
23/07/18,83.6367,83.6152,84.1681,83.4992,,-0.06%
20/07/18,83.683,82.9994,83.7442,82.9909,,0.74%
19/07/18,83.0658,83.075,83.2808,82.277,,-0.06%
18/07/18,83.1195,82.883,83.2184,82.4871,,0.36%
17/07/18,82.8235,83.1959,83.3497,82.6796,,-0.02%
16/07/18,82.8425,83.7261,83.7631,82.8034,,-1.18%
13/07/18,83.8306,83.9205,84.0516,83.4272,,-0.21%
12/07/18,84.0096,83.861,84.1297,83.447,,0.68%
11/07/18,83.4448,84.9397,85.0466,83.3627,,-2.70%
10/07/18,85.763,86.266,86.2826,85.5777,,-0.42%
09/07/18,86.1289,86.3524,86.4273,85.9506,,-0.09%
06/07/18,86.2079,85.4098,86.228,85.167,,0.79%
05/07/18,85.5303,85.6367,86.0293,85.4604,,-0.46%
03/07/18,85.925,85.8435,86.5166,85.7637,,0.23%
02/07/18,85.7301,87.1867,87.2161,85.7123,,-1.92%
29/06/18,87.4095,86.6329,87.6548,86.6294,,0.71%
28/06/18,86.7896,86.9977,87.2255,86.6885,,-0.40%
27/06/18,87.1417,86.6024,87.4045,86.5319,,0.71%
26/06/18,86.5277,86.2164,86.6796,85.9531,,0.41%
25/06/18,86.1721,86.7452,86.9183,86.0676,,-1.31%
22/06/18,87.3203,86.6476,87.3326,86.6476,,1.04%
21/06/18,86.4193,86.8174,86.8606,86.0786,,-0.41%
20/06/18,86.7779,86.7789,87.0848,86.3857,,0.23%
19/06/18,86.5778,87.4462,87.4608,85.8075,,-1.20%
18/06/18,87.6264,87.4074,87.9101,87.3527,,-0.09%
15/06/18,87.7026,89.0257,89.1123,87.6228,,-1.70%
14/06/18,89.2162,89.7811,89.8273,89.0753,,-0.84%
13/06/18,89.9678,89.556,90.0958,89.4488,,0.08%
12/06/18,89.8981,89.765,90.0367,89.5691,,0.28%
11/06/18,89.6466,90.1951,90.2194,89.6212,,-0.37%
08/06/18,89.9754,89.979,90.1467,89.5956,,-0.08%
07/06/18,90.0453,89.9005,90.4377,89.8866,,0.31%
06/06/18,89.7651,89.8393,90.1457,89.6736,,0.08%
05/06/18,89.6956,89.4849,89.7364,89.1641,,0.30%
04/06/18,89.4298,90.3094,90.355,89.409,,-1.13%
01/06/18,90.4524,90.827,90.8558,90.2678,,-0.29%
31/05/18,90.7159,90.6577,91.2438,90.5576,,0.00%
30/05/18,90.7204,89.9883,90.7591,89.8642,,0.49%
29/05/18,90.2764,90.8662,91.0698,90.0464,,-0.71%
25/05/18,90.9191,91.495,91.5246,90.7103,,-0.65%
24/05/18,91.5113,91.5845,91.9414,91.4764,,-0.07%
23/05/18,91.5724,91.2797,91.5921,90.8798,,0.17%
22/05/18,91.4178,90.9231,91.7579,90.8821,,0.49%
21/05/18,90.9729,90.7965,91.052,90.5098,,0.62%
18/05/18,90.4135,90.3823,90.7072,90.3467,,0.12%
17/05/18,90.3074,90.291,90.7195,90.2283,,0.14%
16/05/18,90.1813,90.0252,90.1912,89.8073,,0.06%
15/05/18,90.1228,90.4225,90.6627,89.6271,,-0.27%
14/05/18,90.3688,89.9315,90.4811,89.8478,,0.37%
11/05/18,90.0377,90.3587,90.4763,90.0063,,-0.57%
10/05/18,90.5536,90.275,90.5772,89.9931,,0.50%
09/05/18,90.1004,90.1017,90.2889,89.9175,,0.58%
08/05/18,89.5833,89.6883,89.8737,88.8611,,-0.27%
07/05/18,89.8226,89.9477,90.2692,89.7765,,-0.19%
04/05/18,89.9896,89.772,90.1561,89.447,,0.35%
03/05/18,89.6717,89.4246,89.8115,89.2268,,0.20%
02/05/18,89.4942,89.5625,89.6521,89.2111,,0.14%
01/05/18,89.3671,89.4821,89.5064,88.9797,,-0.25%
30/04/18,89.593,89.5766,89.8161,89.1009,,0.24%
27/04/18,89.3829,89.3347,89.4721,88.8602,,-0.02%
26/04/18,89.4003,89.3907,89.57,89.0255,,0.17%
25/04/18,89.2481,89.1121,89.271,88.7915,,0.19%
24/04/18,89.0806,89.252,89.439,89.0138,,-0.13%
23/04/18,89.1948,90.0114,90.0495,88.7582,,-0.73%
20/04/18,89.8496,89.9821,89.9914,89.3082,,-0.13%
19/04/18,89.9702,90.5397,91.2955,89.8231,,-0.54%
18/04/18,90.4564,89.0792,90.5716,89.0792,,1.62%
17/04/18,89.0157,89.0146,89.2687,88.6078,,-0.02%
16/04/18,89.0339,89.0597,89.5408,88.9069,,-0.27%
13/04/18,89.2762,89.0528,89.4319,88.9771,,0.20%
12/04/18,89.0947,88.9449,89.141,88.4497,,-0.17%
11/04/18,89.2491,88.6814,89.6495,88.6677,,0.51%
10/04/18,88.8005,88.0596,88.8408,88.0515,,0.89%
09/04/18,88.0136,87.1255,88.0595,87.1217,,1.24%
06/04/18,86.9381,86.8767,87.2403,86.5909,,-0.27%
05/04/18,87.1757,86.7167,87.1935,86.5886,,0.64%
04/04/18,86.6218,87.0549,87.1085,85.723,,-0.44%
03/04/18,87.0085,87.0296,87.298,86.9474,,0.20%
02/04/18,86.8328,87.9204,88.0997,86.8115,,-0.73%
29/03/18,87.4729,86.8486,87.6429,86.8251,,0.82%
28/03/18,86.7627,87.2312,87.2471,86.6082,,-0.57%
27/03/18,87.258,87.4568,87.6251,87.1295,,0.01%
26/03/18,87.2526,87.636,87.6448,87.2385,,-0.22%
23/03/18,87.4415,87.469,87.4792,86.8399,,0.39%
22/03/18,87.1029,87.7148,87.7534,86.9188,,-0.35%
21/03/18,87.41,86.9054,87.6172,86.7012,,0.79%
20/03/18,86.7228,86.6352,87.0019,86.5354,,0.23%
19/03/18,86.5238,86.9578,87.0282,86.4325,,-0.96%
16/03/18,87.3633,87.3195,87.5065,86.9622,,0.05%
15/03/18,87.3169,87.7944,87.8326,87.1465,,-0.41%
14/03/18,87.6738,87.8356,88.1038,87.506,,-0.23%
13/03/18,87.8767,87.7934,88.2469,87.6547,,0.24%
12/03/18,87.6662,87.9557,87.9656,87.3375,,-0.33%
09/03/18,87.9546,87.4199,88.0504,87.2355,,0.42%
08/03/18,87.5878,88.1031,88.1031,87.4054,,-0.51%
07/03/18,88.0368,88.7425,88.8408,87.9566,,-1.09%
06/03/18,89.0069,88.6517,89.1999,88.5899,,0.34%
05/03/18,88.7022,88.311,88.7325,87.8656,,0.63%
02/03/18,88.1477,88.4184,88.5317,87.8472,,-0.06%
01/03/18,88.2028,88.126,88.2716,87.4506,,0.07%
28/02/18,88.1409,88.572,88.9879,88.1,,-0.51%
27/02/18,88.5909,89.0994,89.1519,88.5056,,-0.50%
26/02/18,89.0401,89.1658,89.3601,88.8073,,0.39%
23/02/18,88.6922,88.6002,88.7235,88.2937,,0.03%
22/02/18,88.6675,87.6688,88.7252,87.5987,,0.45%
21/02/18,88.2742,87.7431,88.3082,87.4861,,0.31%
20/02/18,88.0035,88.36,88.5388,87.9696,,-0.23%
16/02/18,88.2043,88.4229,88.5726,87.96,,-0.04%
15/02/18,88.2377,88.2506,88.3283,87.4716,,0.28%
14/02/18,87.9944,86.7511,88.0161,86.1943,,1.39%
13/02/18,86.7893,86.6511,86.9764,86.3911,,0.54%
12/02/18,86.3257,86.4783,86.6977,86.1657,,0.80%
09/02/18,85.6442,86.7678,86.826,85.2975,,-1.57%
08/02/18,87.0087,87.2878,87.4335,86.8841,,-0.16%
07/02/18,87.148,88.6971,88.7045,87.0314,,-1.16%
06/02/18,88.1673,88.2619,88.5237,87.8996,,-0.39%
05/02/18,88.5135,88.6744,89.0652,88.4119,,-0.68%
02/02/18,89.1213,90.003,90.1056,88.783,,-0.83%
01/02/18,89.8659,89.653,89.8788,89.3857,,0.07%
31/01/18,89.8001,90.0475,90.2616,89.5789,,-0.53%
30/01/18,90.2823,90.5494,90.8162,90.0586,,-0.38%
29/01/18,90.6277,90.9302,90.9896,90.3456,,-0.19%
26/01/18,90.7999,90.2932,90.9264,90.1879,,0.38%
25/01/18,90.459,90.6453,91.1723,90.4346,,-0.01%
24/01/18,90.4641,89.3233,90.5092,89.2536,,1.47%
23/01/18,89.1564,88.9448,89.191,88.836,,0.39%
22/01/18,88.8092,88.8467,88.947,88.6469,,0.30%
19/01/18,88.5425,88.4949,88.9233,88.4673,,-0.17%
18/01/18,88.6943,88.8152,88.9051,88.3401,,-0.11%
17/01/18,88.7962,88.4294,88.8525,88.2597,,0.39%
16/01/18,88.4507,88.9225,88.9225,88.0573,,-0.34%
12/01/18,88.7565,88.4495,88.7635,88.2656,,0.51%
11/01/18,88.3059,88.2859,88.5403,88.2041,,0.08%
10/01/18,88.2393,88.327,88.7871,88.0287,,0.16%
09/01/18,88.0988,87.8874,88.1604,87.4685,,0.46%
08/01/18,87.6911,87.9966,88.0643,87.4762,,-0.25%
05/01/18,87.9152,88.5095,88.5814,87.8077,,-0.74%
04/01/18,88.5688,88.4724,88.8263,88.4146,,-0.04%
03/01/18,88.6085,88.2283,88.6173,88.2029,,0.22%
02/01/18,88.4101,88.285,88.62,88.1047,,0.28%