Fecha,Cierre,Open,High,Low,Vol.,Change %
01/05/26,6.0135,6.014,6.014,5.9965,0.23K,0.06%
30/04/26,6.01,6.0025,6.003,6.0025,0.13K,0.81%
29/04/26,5.962,6.009,6.051,5.957,0.97K,-0.20%
28/04/26,5.974,6.081,6.0995,5.9315,55.31K,-1.73%
27/04/26,6.079,6.0925,6.137,6.05,41.85K,-0.16%
24/04/26,6.0885,6.086,6.1085,6.0445,32.87K,-0.88%
23/04/26,6.1425,6.199,6.2085,6.07,31.11K,-0.75%
22/04/26,6.189,6.087,6.2115,6.069,27.16K,1.94%
21/04/26,6.0715,6.1065,6.133,6.0295,21.87K,-0.57%
20/04/26,6.1065,6.0995,6.1555,6.0335,27.06K,-0.13%
17/04/26,6.1145,6.037,6.127,6.018,39.40K,0.63%
16/04/26,6.0765,6.0755,6.132,6.028,36.48K,-0.14%
15/04/26,6.085,6.082,6.148,6.063,36.92K,0.02%
14/04/26,6.0835,6.0035,6.0955,5.9965,61.34K,1.55%
13/04/26,5.9905,5.8175,6.0245,5.764,68.93K,1.78%
10/04/26,5.886,5.7555,5.936,5.7375,65.86K,2.11%
09/04/26,5.7645,5.746,5.778,5.6915,45.52K,-0.22%
08/04/26,5.777,5.6025,5.786,5.6025,80.97K,3.85%
07/04/26,5.563,5.611,5.641,5.5385,35.69K,-0.68%
06/04/26,5.601,5.6625,5.697,5.574,24.74K,0.31%
03/04/26,5.5835,5.626,5.727,5.513,,0.00%
02/04/26,5.5835,5.626,5.727,5.513,46.46K,-1.12%
01/04/26,5.6465,5.648,5.663,5.5845,47.71K,0.58%
31/03/26,5.614,5.4865,5.654,5.4645,54.33K,2.04%
30/03/26,5.502,5.4575,5.5415,5.405,36.96K,0.61%
27/03/26,5.4685,5.465,5.5265,5.435,4.01K,0.33%
26/03/26,5.4505,5.502,5.5105,5.43,1.75K,-1.51%
25/03/26,5.534,5.5075,5.564,5.4775,1.53K,1.94%
24/03/26,5.4285,5.464,5.4985,5.343,1.87K,-0.33%
23/03/26,5.4465,5.27,5.55,5.2535,1.10K,1.34%
20/03/26,5.3745,5.525,5.565,5.271,53.72K,-1.73%
19/03/26,5.469,5.4885,5.555,5.297,79.58K,-2.23%
18/03/26,5.594,5.777,5.7785,5.46,63.36K,-3.00%
17/03/26,5.767,5.845,5.854,5.737,29.29K,-1.11%
16/03/26,5.8315,5.68,5.86,5.656,41.51K,1.29%
13/03/26,5.757,5.8265,5.8565,5.659,37.32K,-1.89%
12/03/26,5.868,5.919,5.919,5.808,31.92K,-0.40%
11/03/26,5.8915,5.9255,5.943,5.8345,32.12K,-1.02%
10/03/26,5.952,5.9065,5.962,5.8625,38.64K,1.77%
09/03/26,5.8485,5.83,5.9055,5.6395,61.25K,0.71%
06/03/26,5.807,5.829,5.8815,5.779,40.17K,0.04%
05/03/26,5.8045,5.9095,5.9535,5.775,49.27K,-1.74%
04/03/26,5.9075,5.843,5.9665,5.812,41.93K,1.40%
03/03/26,5.826,5.9615,6.0125,5.747,68.40K,-2.05%
02/03/26,5.948,6.015,6.0955,5.9275,48.68K,-1.84%
27/02/26,6.0595,6.029,6.141,5.9975,46.17K,0.91%
26/02/26,6.005,6.0475,6.0605,5.964,43.88K,-0.17%
25/02/26,6.0155,5.929,6.03,5.9245,2.17K,0.91%
24/02/26,5.961,5.8305,5.966,5.8265,2.38K,2.59%
23/02/26,5.8105,5.9125,5.9315,5.792,1.60K,-1.51%
20/02/26,5.8995,5.8155,5.9375,5.7915,41.26K,1.74%
19/02/26,5.7985,5.8385,5.8715,5.7395,22.21K,-1.10%
18/02/26,5.863,5.7365,5.8705,5.7285,23.93K,2.79%
17/02/26,5.704,5.839,5.862,5.6895,39.47K,-0.96%
16/02/26,5.7593,5.7775,5.8,5.737,11.35K,-0.32%
15/02/26,5.7778,5.7835,5.7838,5.753,,-0.43%
13/02/26,5.803,5.7695,5.849,5.6775,68.16K,0.30%
12/02/26,5.7855,5.986,6.023,5.7545,66.50K,-3.02%
11/02/26,5.9655,5.9085,6.088,5.893,72.88K,0.88%
10/02/26,5.9135,5.9585,5.9615,5.8825,41.49K,-0.82%
09/02/26,5.9625,5.9,5.981,5.8435,49.26K,1.37%
06/02/26,5.882,5.732,5.891,5.5955,63.95K,1.05%
05/02/26,5.821,5.936,5.964,5.685,61.61K,-0.50%
04/02/26,5.85,6.1,6.1155,5.832,65.56K,-3.89%
03/02/26,6.0865,5.8395,6.115,5.83,78.32K,4.48%
02/02/26,5.8255,5.905,5.905,5.564,107.34K,-1.66%
30/01/26,5.924,6.2845,6.387,5.76,149.30K,-4.51%
29/01/26,6.2035,5.997,6.583,5.955,197.66K,5.18%
28/01/26,5.898,5.9245,5.973,5.8785,1.68K,1.11%
27/01/26,5.8335,5.8905,5.9225,5.7835,4.62K,-2.63%
26/01/26,5.991,5.922,6.004,5.8685,0.91K,0.73%
23/01/26,5.9475,5.8055,5.967,5.7865,54.75K,2.92%
22/01/26,5.779,5.81,5.8185,5.696,48.18K,0.19%
21/01/26,5.768,5.8335,5.896,5.7335,56.86K,-0.77%
20/01/26,5.8125,5.86,5.937,5.744,103.67K,-1.42%
19/01/26,5.8965,5.9,5.9368,5.8335,32.92K,-0.05%
18/01/26,5.8993,5.8678,5.9135,5.863,,1.17%
16/01/26,5.831,5.993,6.0245,5.7715,69.75K,-2.68%
15/01/26,5.9915,6.099,6.1095,5.908,58.29K,-1.06%
14/01/26,6.0555,6.005,6.154,6.004,61.22K,0.66%
13/01/26,6.016,6.0085,6.0935,5.9475,53.74K,-0.26%
12/01/26,6.0315,5.8985,6.069,5.897,62.29K,2.19%
09/01/26,5.9025,5.8075,5.939,5.7385,47.97K,1.83%
08/01/26,5.7965,5.8545,5.9285,5.6955,66.82K,-1.09%
07/01/26,5.8605,6.062,6.0695,5.841,72.69K,-3.33%
06/01/26,6.0625,5.989,6.1125,5.9455,81.40K,1.46%
05/01/26,5.9755,5.7095,6.007,5.6995,57.09K,4.99%
02/01/26,5.6915,5.697,5.759,5.668,30.55K,-1.12%
01/01/26,5.756,5.69,5.7585,5.662,,1.30%
31/12/25,5.682,5.7535,5.7785,5.6375,33.74K,-1.72%
30/12/25,5.7815,5.5745,5.7955,5.535,50.41K,4.42%
29/12/25,5.537,5.829,5.8855,5.528,2.35K,-5.18%
26/12/25,5.8395,5.68,5.888,5.6695,58.43K,2.64%
25/12/25,5.6892,5.573,5.7025,5.573,3.20K,2.05%
24/12/25,5.575,5.563,5.6645,5.531,31.21K,0.41%
23/12/25,5.552,5.501,5.621,5.484,47.69K,0.77%
22/12/25,5.5095,5.4875,5.553,5.48,31.55K,-0.01%
19/12/25,5.51,5.4275,5.5655,5.4055,51.02K,1.33%
18/12/25,5.4375,5.4275,5.469,5.3805,33.50K,0.04%
17/12/25,5.4355,5.3615,5.4655,5.361,37.25K,1.43%
16/12/25,5.359,5.411,5.413,5.3175,37.00K,-0.98%
15/12/25,5.412,5.349,5.52,5.344,41.89K,0.99%
12/12/25,5.359,5.4885,5.5305,5.28,65.05K,-2.59%
11/12/25,5.5015,5.402,5.516,5.36,51.03K,2.76%
10/12/25,5.3535,5.3325,5.423,5.323,40.88K,0.63%
09/12/25,5.32,5.43,5.4405,5.3135,42.35K,-2.29%
08/12/25,5.4445,5.4565,5.495,5.395,35.41K,-0.32%
05/12/25,5.462,5.3605,5.49,5.3455,53.21K,1.65%
04/12/25,5.3735,5.3935,5.4255,5.31,42.57K,-0.29%
03/12/25,5.389,5.2465,5.437,5.2415,63.26K,2.78%
02/12/25,5.243,5.27,5.316,5.2235,47.27K,-1.13%
01/12/25,5.303,5.2825,5.3635,5.2645,56.37K,0.59%
28/11/25,5.272,5.206,5.3095,5.133,33.34K,2.02%
27/11/25,5.1677,5.208,5.2098,5.133,0.01K,-0.51%
26/11/25,5.194,5.1095,5.21,5.101,47.88K,2.60%
25/11/25,5.0625,5.0615,5.156,5.0615,2.87K,0.73%
24/11/25,5.026,5.065,5.07,5.026,2.64K,-1.37%
21/11/25,5.096,5.033,5.1035,4.9955,42.53K,0.94%
20/11/25,5.0485,5.1035,5.133,5.0255,36.03K,-0.95%
19/11/25,5.097,5.0455,5.1155,5.029,29.75K,0.92%
18/11/25,5.0505,5.067,5.083,5.0235,28.83K,-0.71%
17/11/25,5.0865,5.1235,5.131,5.038,19.20K,0.46%
14/11/25,5.063,5.0615,5.092,5.002,52.63K,-0.76%
13/11/25,5.102,5.0925,5.163,5.0365,49.07K,-0.07%
12/11/25,5.1055,5.0635,5.1505,5.025,56.92K,0.78%
11/11/25,5.066,5.0955,5.1045,5.052,41.75K,-0.78%
10/11/25,5.106,4.97,5.12,4.967,67.12K,3.01%
07/11/25,4.957,4.9735,5.008,4.9515,43.08K,-0.21%
06/11/25,4.9675,4.993,5.0375,4.9525,37.76K,-0.37%
05/11/25,4.986,4.928,5.007,4.888,39.27K,0.76%
04/11/25,4.9485,5.0545,5.066,4.9075,58.73K,-2.38%
03/11/25,5.069,5.1,5.1295,5.0185,37.96K,-0.39%
31/10/25,5.089,5.111,5.1285,5.048,48.75K,-0.29%
30/10/25,5.104,5.2035,5.2335,5.0425,72.32K,-2.54%
29/10/25,5.237,5.1995,5.2445,5.164,2.28K,1.79%
28/10/25,5.145,5.1295,5.1495,5.066,0.76K,-0.02%
27/10/25,5.146,5.145,5.1885,5.1225,1.94K,0.46%
24/10/25,5.1225,5.088,5.1515,5.0675,41.83K,0.23%
23/10/25,5.1105,4.9925,5.1185,4.9785,45.66K,2.30%
22/10/25,4.9955,4.956,5.016,4.9155,30.94K,0.59%
21/10/25,4.966,5.05,5.072,4.9145,42.03K,-1.39%
20/10/25,5.036,4.9885,5.076,4.971,33.17K,1.34%
17/10/25,4.9695,4.9875,5.0245,4.8835,42.19K,-0.59%
16/10/25,4.999,4.9765,5.0165,4.9305,41.84K,-0.31%
15/10/25,5.0145,5.0105,5.0825,4.945,39.51K,-0.17%
14/10/25,5.023,5.1325,5.178,4.9315,64.24K,-2.35%
13/10/25,5.144,4.923,5.18,4.9225,1.35K,5.11%
10/10/25,4.894,5.1405,5.1785,4.822,78.40K,-4.47%
09/10/25,5.123,5.0805,5.261,5.04,70.17K,0.56%
08/10/25,5.0945,5.094,5.156,5.065,42.26K,-0.06%
07/10/25,5.0975,5.042,5.1465,5.032,42.49K,1.18%
06/10/25,5.038,5.089,5.124,5.0145,39.93K,-1.39%
03/10/25,5.109,4.954,5.1205,4.938,53.04K,3.22%
02/10/25,4.9495,4.892,4.9895,4.85,45.08K,1.37%
01/10/25,4.8825,4.879,4.904,4.816,33.39K,0.54%
30/09/25,4.8565,4.9055,4.913,4.82,38.78K,-0.73%
29/09/25,4.892,4.76,4.9205,4.7505,40.79K,3.08%
26/09/25,4.746,4.75,4.77,4.692,1.61K,0.29%
25/09/25,4.7325,4.8515,4.9045,4.7335,0.78K,-1.17%
24/09/25,4.7885,4.615,4.82,4.593,1.47K,3.66%
23/09/25,4.6195,4.615,4.621,4.6005,0.42K,0.26%
22/09/25,4.6075,4.6225,4.623,4.583,0.54K,-0.43%
19/09/25,4.6275,4.6,4.6425,4.589,18.24K,0.59%
18/09/25,4.6005,4.615,4.631,4.5765,22.97K,-0.68%
17/09/25,4.632,4.699,4.704,4.583,32.28K,-1.32%
16/09/25,4.694,4.7195,4.722,4.6805,24.93K,-0.50%
15/09/25,4.7175,4.6525,4.726,4.6385,25.29K,1.41%
12/09/25,4.652,4.6725,4.6995,4.643,27.58K,-0.13%
11/09/25,4.658,4.605,4.684,4.597,26.14K,0.87%
10/09/25,4.618,4.5745,4.626,4.5635,27.10K,1.06%
09/09/25,4.5695,4.565,4.59,4.546,25.40K,0.22%
08/09/25,4.5595,4.543,4.579,4.5255,23.67K,0.19%
05/09/25,4.551,4.566,4.62,4.5365,33.44K,-0.16%
04/09/25,4.5585,4.6145,4.6205,4.552,24.60K,-1.54%
03/09/25,4.63,4.6455,4.675,4.602,30.54K,-0.24%
02/09/25,4.641,4.592,4.649,4.541,52.27K,1.28%
01/09/25,4.5825,4.5843,4.6125,4.57,9.83K,-0.06%
31/08/25,4.5853,4.5925,4.5925,4.5742,,-0.11%
29/08/25,4.5905,4.5445,4.594,4.5365,31.30K,1.13%
28/08/25,4.539,4.5,4.555,4.4845,28.79K,1.51%
27/08/25,4.4715,4.517,4.517,4.4345,2.20K,-0.85%
26/08/25,4.51,4.5155,4.5355,4.5005,0.30K,-0.36%
25/08/25,4.5265,4.51,4.539,4.51,0.25K,-0.02%
22/08/25,4.5275,4.517,4.5485,4.497,23.05K,0.35%
21/08/25,4.5115,4.504,4.523,4.4815,22.21K,0.02%
20/08/25,4.5105,4.4945,4.517,4.4815,13.41K,0.49%
19/08/25,4.4885,4.5425,4.5565,4.487,10.38K,-1.05%
18/08/25,4.536,4.549,4.5665,4.5145,10.09K,0.97%
15/08/25,4.4925,4.497,4.518,4.466,19.76K,0.29%
14/08/25,4.4795,4.4975,4.5145,4.4495,24.63K,-0.40%
13/08/25,4.4975,4.5165,4.55,4.484,28.42K,-0.62%
12/08/25,4.5255,4.4505,4.539,4.4435,32.70K,1.93%
11/08/25,4.44,4.4835,4.485,4.4275,27.99K,-0.70%
08/08/25,4.4715,4.414,4.4915,4.4015,39.34K,1.66%
07/08/25,4.3985,4.4125,4.449,4.3905,29.95K,-0.33%
06/08/25,4.413,4.381,4.4355,4.38,25.28K,0.62%
05/08/25,4.386,4.4585,4.471,4.3725,31.66K,-1.16%
04/08/25,4.4375,4.4505,4.48,4.4005,32.37K,0.05%
01/08/25,4.4355,4.433,4.451,4.364,51.33K,1.86%
31/07/25,4.3545,4.6395,4.652,4.3325,116.94K,-22.05%
30/07/25,5.586,5.66,5.83,4.503,94.05K,-0.37%
29/07/25,5.607,5.557,5.6575,5.557,1.04K,0.17%
28/07/25,5.5975,5.778,5.7965,5.5225,0.57K,-3.24%
25/07/25,5.785,5.827,5.838,5.744,24.77K,-0.28%
24/07/25,5.8015,5.8445,5.9585,5.781,31.96K,-0.31%
23/07/25,5.8195,5.765,5.93,5.722,39.42K,1.71%
22/07/25,5.7215,5.641,5.7715,5.575,34.62K,1.49%
21/07/25,5.6375,5.591,5.6685,5.5635,23.56K,0.59%
18/07/25,5.6045,5.498,5.615,5.4955,24.64K,1.67%
17/07/25,5.5125,5.5175,5.5295,5.474,21.91K,-0.24%
16/07/25,5.526,5.5155,5.5665,5.468,31.46K,-0.92%
15/07/25,5.5775,5.525,5.6125,5.4925,31.00K,0.49%
14/07/25,5.5505,5.583,5.603,5.455,33.68K,-0.96%
11/07/25,5.6045,5.629,5.6625,5.4735,37.76K,0.24%
10/07/25,5.591,5.541,5.6855,5.5255,45.79K,1.90%
09/07/25,5.4865,5.48,5.7305,5.425,85.17K,-3.50%
08/07/25,5.6855,5.012,5.8955,4.9725,81.24K,13.12%
07/07/25,5.026,5.0645,5.0925,4.9825,41.99K,-0.72%
04/07/25,5.0625,5.143,5.145,5.0345,13.09K,-1.54%
03/07/25,5.1415,5.1995,5.2045,5.1205,31.76K,-1.08%
02/07/25,5.1975,5.0985,5.212,5.077,33.63K,1.92%
01/07/25,5.0995,5.109,5.1925,5.0755,39.32K,0.33%
30/06/25,5.0825,5.1245,5.1385,5.0625,24.04K,-0.79%
27/06/25,5.123,5.109,5.1455,5.021,43.61K,0.60%
26/06/25,5.0925,4.95,5.11,4.947,1.94K,3.65%
25/06/25,4.913,4.8905,4.8915,4.89,0.71K,0.95%
24/06/25,4.867,4.8635,4.8685,4.8635,0.51K,0.50%
23/06/25,4.843,4.8185,4.908,4.8165,0.82K,0.20%
20/06/25,4.8335,4.851,4.8735,4.743,46.27K,0.42%
19/06/25,4.8135,4.856,4.8683,4.7773,13.54K,-0.81%
18/06/25,4.853,4.7845,4.871,4.7845,29.83K,0.91%
17/06/25,4.809,4.821,4.8405,4.777,30.13K,-0.56%
16/06/25,4.836,4.7645,4.868,4.728,36.72K,0.45%
13/06/25,4.8145,4.8425,4.857,4.709,43.87K,-0.43%
12/06/25,4.8355,4.8065,4.8495,4.765,36.07K,0.44%
11/06/25,4.8145,4.8905,4.9135,4.776,51.83K,-1.74%
10/06/25,4.9,4.903,4.926,4.851,35.94K,-0.51%
09/06/25,4.925,4.8385,4.9395,4.8245,36.33K,1.59%
06/06/25,4.848,4.911,4.9495,4.823,45.90K,-1.72%
05/06/25,4.933,4.8985,5.0615,4.88,55.86K,0.95%
04/06/25,4.8865,4.863,4.916,4.839,33.66K,1.09%
03/06/25,4.834,4.8485,4.8695,4.7185,47.86K,-0.50%
02/06/25,4.8585,4.72,4.9495,4.72,60.05K,3.87%
30/05/25,4.6775,4.6745,4.727,4.646,38.76K,0.04%
29/05/25,4.6755,4.679,4.7455,4.6515,39.93K,0.54%
28/05/25,4.6505,4.72,4.74,4.6445,1.03K,-1.37%
27/05/25,4.715,4.859,4.859,4.712,1.30K,-2.45%
26/05/25,4.8333,4.8515,4.8865,4.8172,16.53K,-0.38%
25/05/25,4.8518,4.8738,4.8793,4.8468,50.40K,0.32%
23/05/25,4.8365,4.6785,4.89,4.629,51.34K,3.36%
22/05/25,4.6795,4.6625,4.7435,4.569,47.87K,0.16%
21/05/25,4.672,4.6765,4.712,4.6485,33.01K,0.39%
20/05/25,4.654,4.6635,4.6815,4.5855,32.92K,-0.35%
19/05/25,4.6705,4.6085,4.6785,4.561,32.64K,1.68%
16/05/25,4.5935,4.682,4.698,4.569,34.22K,-1.92%
15/05/25,4.6835,4.6435,4.7075,4.5715,32.19K,0.71%
14/05/25,4.6505,4.711,4.737,4.628,30.44K,-1.54%
13/05/25,4.723,4.6305,4.7315,4.605,33.77K,2.21%
12/05/25,4.621,4.69,4.7295,4.5895,43.12K,-0.69%
09/05/25,4.653,4.6035,4.74,4.4775,48.54K,1.06%
08/05/25,4.604,4.6185,4.6775,4.5425,43.09K,-1.19%
07/05/25,4.6595,4.7595,4.807,4.6125,41.11K,-2.48%
06/05/25,4.778,4.705,4.793,4.672,36.10K,1.68%
05/05/25,4.699,4.704,4.7655,4.663,25.20K,0.56%
02/05/25,4.673,4.639,4.7435,4.618,40.56K,0.97%
01/05/25,4.628,4.6155,4.683,4.5975,32.18K,0.41%
30/04/25,4.609,4.8625,4.8655,4.524,63.22K,-5.41%
29/04/25,4.8725,4.897,4.9635,4.8435,36.95K,0.16%
28/04/25,4.8645,4.867,4.8935,4.8,1.32K,-0.62%
25/04/25,4.895,4.937,4.9465,4.7905,39.21K,-0.32%
24/04/25,4.9105,4.884,4.942,4.8605,27.97K,0.32%
23/04/25,4.895,4.9085,4.9825,4.871,32.08K,-0.67%
22/04/25,4.928,4.7735,4.942,4.77,32.76K,3.10%
21/04/25,4.78,4.7565,4.8565,4.7375,18.09K,0.87%
17/04/25,4.739,4.677,4.751,4.5645,50.46K,1.14%
16/04/25,4.6855,4.613,4.6985,4.5435,45.70K,1.29%
15/04/25,4.626,4.653,4.6645,4.535,47.32K,0.01%
14/04/25,4.6255,4.59,4.687,4.5205,47.03K,2.27%
11/04/25,4.523,4.3785,4.565,4.327,64.98K,4.30%
10/04/25,4.3365,4.4665,4.467,4.31,64.71K,3.43%
09/04/25,4.1925,4.1075,4.4715,4.038,80.89K,1.17%
08/04/25,4.144,4.3135,4.365,4.0925,88.56K,-1.00%
07/04/25,4.186,4.35,4.465,4.03,142.01K,-4.91%
04/04/25,4.402,4.814,4.8245,4.372,109.84K,-8.83%
03/04/25,4.8285,5,5,4.808,69.87K,-4.21%
02/04/25,5.0405,5.0295,5.145,4.985,46.22K,0.11%
01/04/25,5.035,5.055,5.1155,5.0045,49.68K,0.02%
31/03/25,5.034,5.13,5.146,4.985,53.78K,-1.87%
28/03/25,5.13,5.1195,5.1675,5.062,51.75K,0.62%
27/03/25,5.0985,5.217,5.242,5.083,1.77K,-2.30%
26/03/25,5.2185,5.2075,5.2985,5.204,1.05K,0.65%
25/03/25,5.185,5.056,5.2,5.056,1.07K,1.82%
24/03/25,5.0925,5.0965,5.1845,5.075,49.58K,-0.41%
21/03/25,5.1135,5.1105,5.1375,5.027,42.31K,0.03%
20/03/25,5.112,5.124,5.1485,5.056,47.43K,0.24%
19/03/25,5.1,5.0045,5.1245,4.9965,42.35K,1.66%
18/03/25,5.0165,4.979,5.025,4.956,44.37K,1.16%
17/03/25,4.959,4.8845,4.984,4.875,34.52K,1.29%
14/03/25,4.896,4.928,4.9575,4.871,36.18K,-0.60%
13/03/25,4.9255,4.841,4.9345,4.7965,47.66K,1.57%
12/03/25,4.8495,4.7935,4.9035,4.775,54.55K,1.75%
11/03/25,4.766,4.648,4.8045,4.626,50.26K,2.13%
10/03/25,4.6665,4.714,4.734,4.63,35.66K,-0.92%
07/03/25,4.71,4.7755,4.7955,4.6805,54.59K,-2.03%
06/03/25,4.8075,4.804,4.851,4.735,54.37K,0.28%
05/03/25,4.794,4.58,4.825,4.5465,86.76K,5.21%
04/03/25,4.5565,4.588,4.6325,4.5185,48.37K,-1.10%
03/03/25,4.607,4.5765,4.6535,4.5365,49.07K,1.30%
28/02/25,4.548,4.5955,4.597,4.5115,43.88K,-1.53%
27/02/25,4.6185,4.5835,4.6685,4.549,52.00K,1.25%
26/02/25,4.5615,4.6535,4.7125,4.55,1.62K,1.29%
25/02/25,4.5035,4.528,4.679,4.497,1.31K,-1.31%
24/02/25,4.5635,4.5905,4.627,4.5495,37.12K,-1.13%
21/02/25,4.6155,4.6655,4.669,4.588,37.13K,-1.08%
20/02/25,4.666,4.6205,4.69,4.5985,29.29K,1.13%
19/02/25,4.614,4.6425,4.6625,4.602,24.43K,-0.61%
18/02/25,4.6425,4.6915,4.718,4.5945,35.14K,-0.47%
14/02/25,4.6645,4.783,4.8365,4.6365,116.10K,-2.38%
13/02/25,4.778,4.695,4.7905,4.6835,78.51K,1.56%
12/02/25,4.7045,4.5975,4.7125,4.5755,77.94K,2.25%
11/02/25,4.601,4.6935,4.7,4.541,103.14K,-2.25%
10/02/25,4.707,4.598,4.715,4.5705,107.86K,2.57%
07/02/25,4.589,4.458,4.608,4.457,92.76K,2.87%
06/02/25,4.461,4.437,4.5095,4.411,64.52K,0.38%
05/02/25,4.444,4.359,4.4565,4.343,56.00K,2.08%
04/02/25,4.3535,4.332,4.372,4.3065,44.13K,1.11%
03/02/25,4.3055,4.2585,4.3375,4.1835,69.19K,0.62%
31/01/25,4.279,4.3075,4.319,4.257,48.63K,-0.66%
30/01/25,4.3075,4.287,4.3455,4.261,39.23K,1.10%
29/01/25,4.2605,4.2365,4.276,4.2365,1.15K,0.85%
28/01/25,4.2245,4.247,4.249,4.222,0.70K,0.39%
27/01/25,4.208,4.25,4.255,4.2,0.83K,-2.06%
24/01/25,4.2965,4.305,4.36,4.292,0.49K,-0.21%
23/01/25,4.3055,4.239,4.3065,4.236,0.46K,0.10%
22/01/25,4.301,4.3395,4.341,4.2815,48.40K,-0.92%
21/01/25,4.341,4.3565,4.3815,4.27,107.04K,-0.63%
17/01/25,4.3685,4.435,4.47,4.3445,74.08K,-1.63%
16/01/25,4.441,4.3975,4.447,4.385,63.44K,1.18%
15/01/25,4.389,4.349,4.4045,4.3175,55.35K,1.07%
14/01/25,4.3425,4.3265,4.366,4.3105,51.19K,0.39%
13/01/25,4.3255,4.284,4.3435,4.2735,48.74K,0.50%
10/01/25,4.304,4.3135,4.36,4.282,66.26K,-0.13%
09/01/25,4.3095,4.269,4.3495,4.257,66.13K,1.20%
08/01/25,4.2585,4.1765,4.273,4.167,71.30K,1.50%
07/01/25,4.1955,4.152,4.213,4.1405,58.96K,0.82%
06/01/25,4.1615,4.0765,4.2005,4.0585,92.82K,2.16%
03/01/25,4.0735,4.035,4.0825,4.009,44.29K,1.18%
02/01/25,4.026,4.031,4.058,4.005,50.06K,-0.01%
31/12/24,4.0265,4.09,4.098,4.0075,42.75K,-1.62%
30/12/24,4.093,4.126,4.1485,4.0815,34.05K,-0.18%
27/12/24,4.1005,4.126,4.126,4.0945,0.51K,-0.18%
26/12/24,4.108,4.079,4.119,4.074,0.24K,0.46%
24/12/24,4.089,4.0935,4.0935,4.0805,0.11K,0.63%
23/12/24,4.0635,4.0855,4.0985,4.06,1.00K,-0.38%
20/12/24,4.079,4.0715,4.076,4.059,0.70K,0.58%
19/12/24,4.0555,4.0815,4.0905,4.05,0.28K,-1.93%
18/12/24,4.1355,4.096,4.14,4.0675,0.09K,0.25%
17/12/24,4.125,4.1735,4.1735,4.1205,0.31K,-1.09%
16/12/24,4.1705,4.181,4.193,4.15,0.25K,-0.16%
13/12/24,4.177,4.207,4.212,4.169,0.29K,-1.14%
12/12/24,4.225,4.265,4.303,4.22,0.25K,-0.47%
11/12/24,4.245,4.2725,4.3005,4.217,0.46K,-0.20%
10/12/24,4.2535,4.254,4.255,4.2215,0.11K,-0.11%
09/12/24,4.258,4.184,4.2725,4.172,0.46K,1.90%
06/12/24,4.1785,4.1775,4.2335,4.174,0.04K,0.10%
05/12/24,4.1745,4.176,4.197,4.169,0.44K,-0.20%
04/12/24,4.183,4.171,4.192,4.164,0.12K,-0.04%
03/12/24,4.1845,4.1225,4.201,4.115,0.16K,1.73%
02/12/24,4.1135,4.1105,4.1305,4.0675,0.35K,-0.22%
29/11/24,4.1225,4.124,4.146,4.1195,0.17K,0.13%
27/11/24,4.117,4.121,4.1375,4.1165,0.54K,1.03%
26/11/24,4.075,4.1,4.1335,4.0715,3.24K,-1.13%
25/11/24,4.1215,4.13,4.146,4.1145,1.00K,0.48%
22/11/24,4.102,4.1215,4.132,4.0785,0.54K,-0.87%
21/11/24,4.138,4.161,4.1735,4.116,0.38K,-0.62%
20/11/24,4.164,4.1775,4.184,4.1505,0.22K,0.26%
19/11/24,4.153,4.148,4.18,4.11,0.46K,0.47%
18/11/24,4.1335,4.0915,4.1425,4.084,0.21K,1.41%
15/11/24,4.076,4.1055,4.19,4.076,0.62K,-0.71%
14/11/24,4.105,4.092,4.1115,4.0265,1.09K,0.07%
13/11/24,4.102,4.1565,4.1735,4.0865,0.35K,-1.25%
12/11/24,4.154,4.2555,4.2555,4.15,0.31K,-2.10%
11/11/24,4.243,4.3355,4.3355,4.24,0.30K,-1.75%
08/11/24,4.3185,4.4415,4.4445,4.311,0.23K,-2.74%
07/11/24,4.44,4.254,4.4535,4.254,0.43K,4.24%
06/11/24,4.2595,4.4645,4.4645,4.24,0.46K,-4.94%
05/11/24,4.481,4.4475,4.4945,4.4475,0.24K,0.98%
04/11/24,4.4375,4.4045,4.4515,4.3935,0.25K,1.27%
01/11/24,4.382,4.382,4.4145,4.367,0.28K,0.70%
31/10/24,4.3515,4.36,4.3875,4.347,0.24K,-0.19%
30/10/24,4.36,4.3745,4.385,4.3425,0.23K,-0.01%
29/10/24,4.3605,4.368,4.43,4.3305,70.50K,-0.05%
28/10/24,4.3625,4.3695,4.3845,4.333,41.31K,-0.18%
25/10/24,4.3705,4.364,4.389,4.325,45.44K,0.44%
24/10/24,4.3515,4.3335,4.3995,4.3225,65.85K,0.35%
23/10/24,4.3365,4.3875,4.396,4.31,50.10K,-1.00%
22/10/24,4.3805,4.359,4.407,4.343,41.33K,0.48%
21/10/24,4.3595,4.3895,4.457,4.3475,57.28K,-0.57%
18/10/24,4.3845,4.3335,4.413,4.326,46.73K,1.38%
17/10/24,4.325,4.3705,4.4135,4.2915,58.52K,-0.97%
16/10/24,4.3675,4.3415,4.395,4.3295,44.70K,0.69%
15/10/24,4.3375,4.4035,4.4115,4.3295,58.64K,-1.55%
14/10/24,4.406,4.452,4.471,4.385,68.15K,-1.95%
11/10/24,4.4935,4.4475,4.499,4.418,53.34K,1.49%
10/10/24,4.4275,4.414,4.454,4.381,61.82K,0.64%
09/10/24,4.3995,4.474,4.5045,4.3735,63.95K,-1.28%
08/10/24,4.4565,4.5595,4.581,4.4235,89.11K,-2.41%
07/10/24,4.5665,4.573,4.609,4.515,56.02K,-0.16%
04/10/24,4.574,4.5495,4.6065,4.536,57.82K,0.46%
03/10/24,4.553,4.6645,4.6665,4.519,62.12K,-2.06%
02/10/24,4.649,4.5735,4.667,4.5565,49.13K,1.31%
01/10/24,4.589,4.5525,4.625,4.5325,61.24K,0.79%
30/09/24,4.553,4.649,4.79,4.497,104.13K,-1.01%
27/09/24,4.5995,4.6475,4.659,4.5765,78.15K,-0.23%
26/09/24,4.61,4.4595,4.621,4.449,1.49K,3.35%
25/09/24,4.4605,4.4995,4.521,4.427,1.36K,-0.03%
24/09/24,4.462,4.3175,4.502,4.3175,1.80K,3.30%
23/09/24,4.3195,4.297,4.3345,4.2575,1.61K,0.08%
20/09/24,4.316,4.331,4.3575,4.301,0.51K,-0.12%
19/09/24,4.321,4.228,4.3485,4.22,0.69K,1.12%
18/09/24,4.273,4.225,4.3055,4.223,1.22K,0.55%
17/09/24,4.2495,4.2485,4.2805,4.233,0.44K,-0.02%
16/09/24,4.2505,4.198,4.293,4.184,0.53K,0.89%
13/09/24,4.213,4.1975,4.219,4.173,0.14K,0.98%
12/09/24,4.172,4.145,4.206,4.145,0.79K,1.26%
11/09/24,4.12,4.099,4.148,4.0915,0.24K,1.07%
10/09/24,4.0765,4.107,4.134,4.065,0.49K,-1.13%
09/09/24,4.123,4.0515,4.1325,4.049,0.21K,1.74%
06/09/24,4.0525,4.1105,4.139,4.047,0.16K,-1.53%
05/09/24,4.1155,4.0635,4.143,4.0275,0.34K,1.42%
04/09/24,4.058,4.063,4.0945,4.0275,0.46K,-0.33%
03/09/24,4.0715,4.1735,4.1735,4.0375,0.43K,-2.68%
02/09/24,4.1837,4.219,4.2218,4.1632,,-0.83%
01/09/24,4.2188,4.2185,4.2272,4.2127,,0.71%
30/08/24,4.189,4.187,4.25,4.187,0.17K,-0.23%
29/08/24,4.1985,4.2,4.2225,4.172,0.52K,0.62%
28/08/24,4.1725,4.2475,4.2505,4.1615,1.55K,-2.00%
27/08/24,4.2575,4.22,4.268,4.22,1.44K,0.53%
26/08/24,4.235,4.212,4.252,4.212,2.14K,0.57%
23/08/24,4.211,4.148,4.22,4.1475,0.47K,1.36%
22/08/24,4.1545,4.2165,4.2205,4.14,0.40K,-1.01%
21/08/24,4.197,4.163,4.2095,4.163,0.32K,0.70%
20/08/24,4.168,4.198,4.2105,4.155,0.52K,-0.49%
19/08/24,4.1885,4.166,4.201,4.1615,0.45K,0.95%
16/08/24,4.149,4.135,4.163,4.0995,0.80K,-0.10%
15/08/24,4.153,4.052,4.1605,4.052,1.07K,2.64%
14/08/24,4.046,4.053,4.0885,4.038,0.59K,-0.25%
13/08/24,4.056,4.0795,4.0795,4.024,0.21K,-0.47%
12/08/24,4.075,4.0055,4.085,4.004,0.10K,1.82%
09/08/24,4.002,4.0215,4.039,3.993,0.34K,0.81%
08/08/24,3.97,3.95,3.993,3.95,0.69K,0.16%
07/08/24,3.9635,4.005,4.023,3.955,0.37K,-1.80%
06/08/24,4.036,4.0415,4.046,3.978,0.37K,0.64%
05/08/24,4.0105,4.1315,4.1355,3.957,0.13K,-2.54%
02/08/24,4.115,4.081,4.143,4.0725,0.18K,0.49%
01/08/24,4.095,4.2035,4.2035,4.078,0.53K,-2.21%
31/07/24,4.1875,4.149,4.221,4.149,0.15K,2.18%
30/07/24,4.098,4.107,4.112,4.06,0.16K,0.33%
29/07/24,4.0845,4.1115,4.15,4.061,51.25K,-0.96%
26/07/24,4.124,4.1165,4.156,4.1,52.56K,-0.04%
25/07/24,4.1255,4.082,4.156,4.036,76.85K,0.40%
24/07/24,4.109,4.166,4.178,4.076,84.44K,-1.24%
23/07/24,4.1605,4.1945,4.214,4.1355,56.02K,-0.88%
22/07/24,4.1975,4.236,4.2615,4.162,72.58K,-0.92%
19/07/24,4.2365,4.262,4.291,4.228,60.98K,-1.00%
18/07/24,4.2795,4.415,4.428,4.2525,91.54K,-2.93%
17/07/24,4.4085,4.457,4.4835,4.401,60.75K,-0.92%
16/07/24,4.4495,4.512,4.525,4.4285,60.39K,-1.70%
15/07/24,4.5265,4.5815,4.6025,4.5015,56.40K,-1.45%
12/07/24,4.593,4.5275,4.6015,4.476,62.44K,1.92%
11/07/24,4.5065,4.594,4.6255,4.5025,77.71K,-2.21%
10/07/24,4.6085,4.583,4.657,4.5475,61.07K,0.68%
09/07/24,4.5775,4.6065,4.6515,4.551,59.97K,-0.88%
08/07/24,4.618,4.671,4.671,4.5885,72.15K,-0.73%
05/07/24,4.652,4.526,4.6995,4.513,125.28K,2.00%
04/07/24,4.561,4.532,4.5853,4.5137,,0.61%
03/07/24,4.5335,4.4275,4.5625,4.4135,63.12K,2.59%
02/07/24,4.419,4.4165,4.472,4.391,51.69K,0.02%
01/07/24,4.418,4.376,4.438,4.3525,47.46K,0.60%
28/06/24,4.3915,4.3355,4.428,4.3315,51.67K,0.99%
27/06/24,4.3485,4.3735,4.3935,4.329,50.88K,-0.34%
26/06/24,4.3635,4.367,4.3945,4.3355,1.22K,-0.05%
25/06/24,4.3655,4.4155,4.4505,4.353,0.33K,-1.34%
24/06/24,4.425,4.407,4.4465,4.397,0.64K,-0.03%
21/06/24,4.4265,4.5255,4.529,4.419,0.50K,-2.09%
20/06/24,4.521,4.461,4.5305,4.4435,1.05K,0.42%
19/06/24,4.5023,4.4908,4.5693,4.475,,1.24%
18/06/24,4.447,4.4445,4.458,4.364,0.69K,0.44%
17/06/24,4.4275,4.478,4.478,4.3885,0.36K,-0.96%
14/06/24,4.4705,4.4855,4.496,4.446,0.26K,-0.03%
13/06/24,4.472,4.5155,4.545,4.453,0.36K,-1.82%
12/06/24,4.555,4.5025,4.595,4.494,0.25K,1.37%
11/06/24,4.4935,4.54,4.551,4.4345,0.69K,-1.01%
10/06/24,4.5395,4.447,4.5475,4.447,1.47K,1.40%
07/06/24,4.477,4.6595,4.66,4.452,0.30K,-4.07%
06/06/24,4.667,4.604,4.6725,4.604,0.27K,1.76%
05/06/24,4.5865,4.5545,4.6035,4.52,0.56K,1.08%
04/06/24,4.5375,4.665,4.6665,4.5265,0.24K,-2.74%
03/06/24,4.6655,4.626,4.684,4.6015,0.31K,1.35%
31/05/24,4.6035,4.6305,4.6685,4.5795,0.20K,-1.20%
30/05/24,4.6595,4.75,4.75,4.635,0.32K,-2.74%
29/05/24,4.791,4.875,4.8935,4.75,71.90K,-1.32%
28/05/24,4.855,4.76,4.903,4.751,101.46K,0.66%
27/05/24,4.8232,4.7675,4.848,4.7512,,1.17%
26/05/24,4.7672,4.7585,4.7828,4.7585,,0.29%
24/05/24,4.7535,4.776,4.823,4.7465,59.53K,-0.81%
23/05/24,4.7925,4.8025,4.8625,4.7435,91.87K,-1.15%
22/05/24,4.8485,5.104,5.133,4.7915,136.67K,-5.04%
21/05/24,5.106,5.1075,5.1795,5.0125,101.49K,0.53%
20/05/24,5.079,5.08,5.199,5.004,114.89K,0.57%
17/05/24,5.05,4.8825,5.0895,4.8485,107.94K,3.55%
16/05/24,4.877,4.9225,5.02,4.8415,106.74K,-0.96%
15/05/24,4.9245,4.9,5.128,4.814,177.91K,0.60%
14/05/24,4.895,4.77,5.026,4.7665,253.20K,2.71%
13/05/24,4.766,4.653,4.776,4.616,98.63K,2.22%
10/05/24,4.6625,4.6015,4.7455,4.597,153.56K,1.69%
09/05/24,4.585,4.5415,4.6035,4.5185,92.94K,0.94%
08/05/24,4.5425,4.5915,4.598,4.505,79.25K,-1.37%
07/05/24,4.6055,4.6095,4.645,4.567,87.98K,-0.21%
06/05/24,4.615,4.5755,4.6385,4.5355,72.96K,1.27%
03/05/24,4.557,4.502,4.569,4.483,75.36K,1.62%
02/05/24,4.4845,4.569,4.582,4.466,90.81K,-1.35%
01/05/24,4.546,4.541,4.5975,4.5125,80.01K,-0.41%
30/04/24,4.5645,4.679,4.6945,4.54,108.24K,-2.39%
29/04/24,4.6765,4.5815,4.681,4.566,102.19K,2.35%
26/04/24,4.569,4.555,4.6095,4.5395,1.99K,0.83%
25/04/24,4.5315,4.476,4.572,4.464,2.44K,1.23%
24/04/24,4.4765,4.4395,4.5075,4.4355,1.39K,0.61%
23/04/24,4.4495,4.4975,4.5005,4.407,1.50K,-0.98%
22/04/24,4.4935,4.5125,4.563,4.4785,1.86K,-0.45%
19/04/24,4.514,4.441,4.5255,4.4175,1.29K,1.36%
18/04/24,4.4535,4.3515,4.4645,4.339,1.85K,2.33%
17/04/24,4.352,4.316,4.3915,4.3015,1.47K,0.73%
16/04/24,4.3205,4.3885,4.3885,4.2935,1.95K,-1.64%
15/04/24,4.3925,4.3625,4.401,4.293,1.66K,2.72%
12/04/24,4.276,4.275,4.373,4.2655,1.13K,0.22%
11/04/24,4.2665,4.2765,4.305,4.2445,0.74K,-0.52%
10/04/24,4.289,4.3095,4.3355,4.25,1.32K,-0.14%
09/04/24,4.295,4.305,4.3385,4.2675,1.45K,0.16%
08/04/24,4.288,4.2315,4.3145,4.188,1.15K,0.82%
05/04/24,4.253,4.237,4.2575,4.199,0.57K,-0.30%
04/04/24,4.266,4.2285,4.2665,4.2245,0.97K,1.31%
03/04/24,4.211,4.095,4.232,4.0905,0.92K,2.98%
02/04/24,4.089,4.069,4.1095,4.0675,0.57K,0.55%
01/04/24,4.0665,4.073,4.09,4.046,0.48K,1.37%
29/03/24,4.0115,4.0115,4.0115,4.0115,,-0.34%
28/03/24,4.025,4.025,4.055,4.009,0.45K,0.19%
27/03/24,4.0175,4.01,4.0315,3.9865,0.25K,0.22%
26/03/24,4.0085,4.0115,4.028,3.981,75.59K,-0.19%
25/03/24,4.016,3.999,4.047,3.9905,81.45K,0.21%
22/03/24,4.0075,4.0655,4.0665,3.9965,94.83K,-1.26%
21/03/24,4.0585,4.09,4.128,4.041,105.55K,0.17%
20/03/24,4.0515,4.068,4.0955,4.027,97.06K,-0.56%
19/03/24,4.0745,4.1355,4.1365,4.0575,106.63K,-1.34%
18/03/24,4.13,4.121,4.164,4.102,104.89K,0.13%
15/03/24,4.1245,4.0515,4.137,4.045,128.32K,1.95%
14/03/24,4.0455,4.06,4.081,4.0175,112.48K,-0.36%
13/03/24,4.06,3.9375,4.069,3.919,161.60K,3.26%
12/03/24,3.932,3.9315,3.952,3.902,81.02K,0.09%
11/03/24,3.9285,3.8935,3.932,3.8785,59.15K,0.95%
08/03/24,3.8915,3.9255,3.9465,3.8815,84.13K,-0.88%
07/03/24,3.926,3.8725,3.942,3.8695,87.75K,1.32%
06/03/24,3.875,3.8435,3.897,3.837,69.94K,0.73%
05/03/24,3.847,3.8575,3.8735,3.838,58.91K,-0.26%
04/03/24,3.857,3.8575,3.888,3.8435,60.88K,-0.12%
01/03/24,3.8615,3.847,3.873,3.818,63.31K,0.38%
29/02/24,3.847,3.839,3.8685,3.834,63.45K,0.17%
28/02/24,3.8405,3.854,3.8545,3.8215,58.45K,-0.01%
27/02/24,3.841,3.827,3.853,3.827,1.10K,0.41%
26/02/24,3.8255,3.8745,3.878,3.826,0.55K,-1.68%
23/02/24,3.891,3.9055,3.9085,3.8565,0.51K,-0.40%
22/02/24,3.9065,3.89,3.9075,3.876,0.64K,0.67%
21/02/24,3.8805,3.864,3.909,3.864,0.32K,0.27%
20/02/24,3.87,3.8155,3.8665,3.8075,0.32K,1.55%
19/02/24,3.811,3.8167,3.8293,3.8033,,-0.15%
18/02/24,3.8167,3.822,3.8222,3.8098,,-0.70%
16/02/24,3.8435,3.778,3.846,3.775,0.34K,2.13%
15/02/24,3.7635,3.716,3.766,3.716,0.30K,1.51%
14/02/24,3.7075,3.703,3.7265,3.7015,0.23K,-0.28%
13/02/24,3.718,3.733,3.7635,3.712,0.48K,-0.42%
12/02/24,3.7335,3.684,3.735,3.68,0.26K,1.11%
09/02/24,3.6925,3.7195,3.723,3.6755,0.34K,-0.59%
08/02/24,3.7145,3.7655,3.7725,3.6945,0.51K,-0.96%
07/02/24,3.7505,3.796,3.805,3.7485,0.34K,-1.21%
06/02/24,3.7965,3.7905,3.8075,3.784,0.17K,0.22%
05/02/24,3.788,3.833,3.8455,3.784,0.42K,-1.25%
02/02/24,3.836,3.8665,3.8685,3.8335,0.21K,-0.79%
01/02/24,3.8665,3.8975,3.8975,3.8635,0.24K,-1.29%
31/01/24,3.917,3.921,3.9535,3.897,0.53K,-0.11%
30/01/24,3.9215,3.8985,3.9265,3.8765,0.22K,1.10%
29/01/24,3.879,3.853,3.89,3.8275,73.98K,0.70%
26/01/24,3.852,3.868,3.8865,3.845,78.62K,-0.44%
25/01/24,3.869,3.8735,3.8935,3.8585,93.20K,-0.44%
24/01/24,3.886,3.806,3.888,3.795,141.25K,2.44%
23/01/24,3.7935,3.7485,3.8085,3.7475,92.92K,0.80%
22/01/24,3.7635,3.7895,3.7915,3.744,71.48K,-0.61%
19/01/24,3.7865,3.7565,3.792,3.743,74.80K,1.11%
18/01/24,3.745,3.744,3.759,3.7145,79.63K,0.32%
17/01/24,3.733,3.77,3.7705,3.7225,86.89K,-0.89%
16/01/24,3.7665,3.745,3.79,3.744,130.16K,-0.31%
15/01/24,3.7782,3.7508,3.7888,3.7468,,0.74%
14/01/24,3.7503,3.7452,3.7513,3.7452,,0.26%
12/01/24,3.7405,3.791,3.819,3.735,90.09K,-0.95%
11/01/24,3.7765,3.787,3.824,3.7685,82.45K,-0.12%
10/01/24,3.781,3.763,3.793,3.754,91.94K,0.60%
09/01/24,3.7585,3.8235,3.8405,3.757,101.67K,-1.35%
08/01/24,3.81,3.8075,3.833,3.7895,83.58K,0.11%
05/01/24,3.806,3.8495,3.866,3.801,95.23K,-0.99%
04/01/24,3.844,3.8745,3.8845,3.8175,71.01K,-0.45%
03/01/24,3.8615,3.8715,3.879,3.831,80.17K,-0.49%
02/01/24,3.8805,3.8955,3.912,3.861,76.72K,-0.47%
01/01/24,3.8988,3.8915,3.8998,3.8915,,0.21%
29/12/23,3.8905,3.9165,3.9355,3.878,54.67K,-0.87%
28/12/23,3.9245,3.956,3.967,3.913,65.79K,-0.72%
27/12/23,3.953,3.9065,3.96,3.9045,1.04K,1.52%
26/12/23,3.894,3.9,3.935,3.8935,0.24K,-0.36%
25/12/23,3.9082,3.901,3.9097,3.901,,0.27%
22/12/23,3.8975,3.9165,3.921,3.891,0.16K,-0.33%
21/12/23,3.9105,3.89,3.92,3.883,0.41K,0.21%
20/12/23,3.9025,3.923,3.923,3.8795,0.14K,0.21%
19/12/23,3.8945,3.891,3.9235,3.891,0.04K,1.18%
18/12/23,3.849,3.866,3.873,3.8425,0.03K,-0.99%
15/12/23,3.8875,3.9025,3.9025,3.8545,0.12K,-0.06%
14/12/23,3.89,3.8325,3.907,3.8325,0.30K,2.77%
13/12/23,3.785,3.7785,3.8355,3.764,0.14K,-0.04%
12/12/23,3.7865,3.801,3.8115,3.791,0.14K,0.22%
11/12/23,3.778,3.805,3.8085,3.7715,0.31K,-1.20%
08/12/23,3.824,3.795,3.85,3.795,0.20K,0.90%
07/12/23,3.79,3.725,3.7925,3.725,0.12K,1.72%
06/12/23,3.726,3.7755,3.8175,3.7265,0.22K,-1.32%
05/12/23,3.776,3.8205,3.8205,3.768,0.31K,-1.31%
04/12/23,3.826,3.8765,3.877,3.817,0.40K,-2.41%
01/12/23,3.9205,3.8475,3.9195,3.839,1.00K,2.04%
30/11/23,3.842,3.8315,3.8455,3.8045,0.47K,0.68%
29/11/23,3.816,3.839,3.8495,3.8195,0.41K,-0.07%
28/11/23,3.8185,3.7735,3.8335,3.765,2.17K,1.17%
27/11/23,3.7745,3.807,3.81,3.77,0.76K,-0.81%
24/11/23,3.8055,3.7875,3.815,3.7725,0.74K,0.83%
23/11/23,3.7743,3.7647,3.7975,3.76,,-0.19%
22/11/23,3.7815,3.816,3.816,3.757,0.79K,-1.19%
21/11/23,3.827,3.8205,3.8405,3.807,0.43K,0.12%
20/11/23,3.8225,3.744,3.822,3.744,0.47K,1.85%
17/11/23,3.753,3.714,3.7535,3.6985,0.25K,0.90%
16/11/23,3.7195,3.7305,3.757,3.7055,0.27K,-0.44%
15/11/23,3.736,3.69,3.7395,3.69,0.22K,0.90%
14/11/23,3.7025,3.688,3.727,3.6755,0.20K,0.52%
13/11/23,3.6835,3.619,3.681,3.603,0.35K,2.09%
10/11/23,3.608,3.658,3.66,3.6075,0.25K,-1.49%
09/11/23,3.6625,3.6725,3.681,3.6465,0.28K,0.11%
08/11/23,3.6585,3.6965,3.7185,3.6545,0.40K,-1.07%
07/11/23,3.698,3.7225,3.7225,3.665,0.42K,-0.98%
06/11/23,3.7345,3.705,3.735,3.7005,0.18K,1.01%
03/11/23,3.697,3.71,3.717,3.6705,0.15K,0.26%
02/11/23,3.6875,3.69,3.7055,3.6775,0.31K,0.60%
01/11/23,3.6655,3.678,3.7015,3.665,0.30K,0.05%
31/10/23,3.6635,3.665,3.678,3.647,0.09K,-0.27%
30/10/23,3.6735,3.659,3.717,3.659,0.13K,0.75%
27/10/23,3.646,3.5935,3.6595,3.581,102.14K,1.72%
26/10/23,3.5845,3.589,3.6195,3.572,73.83K,-0.18%
25/10/23,3.591,3.6315,3.649,3.582,70.33K,-0.91%
24/10/23,3.624,3.5815,3.6395,3.5625,89.81K,1.05%
23/10/23,3.5865,3.559,3.5945,3.5195,83.73K,0.66%
20/10/23,3.563,3.585,3.59,3.5465,73.26K,-1.06%
19/10/23,3.601,3.584,3.612,3.5665,66.12K,0.39%
18/10/23,3.587,3.59,3.6305,3.575,69.58K,0.24%
17/10/23,3.5785,3.5815,3.593,3.5315,86.04K,-0.10%
16/10/23,3.582,3.5705,3.6055,3.5635,57.58K,0.31%
13/10/23,3.571,3.587,3.6165,3.557,64.95K,-0.56%
12/10/23,3.591,3.6115,3.6485,3.5695,69.71K,-0.58%
11/10/23,3.612,3.631,3.664,3.5985,52.51K,-0.61%
10/10/23,3.634,3.656,3.6745,3.591,57.84K,-0.33%
09/10/23,3.646,3.6275,3.673,3.6135,64.06K,0.51%
06/10/23,3.6275,3.566,3.645,3.5515,89.05K,2.13%
05/10/23,3.552,3.583,3.603,3.549,58.69K,-1.03%
04/10/23,3.589,3.6185,3.622,3.549,76.86K,-0.88%
03/10/23,3.621,3.648,3.648,3.5815,69.45K,-0.56%
02/10/23,3.6415,3.754,3.7615,3.6275,74.92K,-2.57%
29/09/23,3.7375,3.7125,3.786,3.7115,82.33K,0.80%
28/09/23,3.708,3.6465,3.715,3.6255,73.77K,2.16%
27/09/23,3.6295,3.632,3.642,3.623,0.98K,-0.17%
26/09/23,3.6355,3.6675,3.6675,3.62,0.54K,-0.66%
25/09/23,3.6595,3.6905,3.6905,3.6445,0.42K,-0.61%
22/09/23,3.682,3.6995,3.727,3.677,0.18K,-0.04%
21/09/23,3.6835,3.723,3.733,3.629,0.49K,-2.09%
20/09/23,3.762,3.739,3.7735,3.726,0.08K,0.75%
19/09/23,3.734,3.765,3.7655,3.7205,0.20K,-0.81%
18/09/23,3.7645,3.7925,3.806,3.756,0.19K,-0.61%
15/09/23,3.7875,3.825,3.8355,3.777,0.12K,-0.53%
14/09/23,3.8075,3.8005,3.8225,3.778,0.10K,0.73%
13/09/23,3.78,3.774,3.803,3.7675,0.06K,0.04%
12/09/23,3.7785,3.787,3.787,3.763,0.11K,-0.47%
11/09/23,3.7965,3.718,3.8,3.718,0.14K,2.43%
08/09/23,3.7065,3.7545,3.7545,3.7075,0.05K,-1.21%
07/09/23,3.752,3.773,3.7785,3.73,0.33K,-0.62%
06/09/23,3.7755,3.8315,3.8315,3.773,0.14K,-1.63%
05/09/23,3.838,3.849,3.8495,3.785,0.09K,0.16%
04/09/23,3.832,3.854,3.8725,3.8163,,-0.60%
03/09/23,3.855,3.8505,3.8567,3.8475,,0.36%
01/09/23,3.841,3.82,3.8945,3.82,0.13K,0.84%
31/08/23,3.809,3.811,3.8195,3.7935,0.13K,-0.57%
30/08/23,3.831,3.805,3.833,3.805,0.61K,0.34%
29/08/23,3.818,3.7845,3.822,3.772,1.72K,1.09%
28/08/23,3.777,3.808,3.81,3.7725,1.14K,0.08%
25/08/23,3.774,3.78,3.816,3.7565,1.06K,-0.21%
24/08/23,3.782,3.8165,3.8165,3.777,0.61K,-1.10%
23/08/23,3.824,3.7985,3.8295,3.7875,0.77K,1.28%
22/08/23,3.7755,3.775,3.7955,3.7625,0.60K,0.99%
21/08/23,3.7385,3.7445,3.7445,3.7235,0.58K,0.34%
18/08/23,3.726,3.705,3.7235,3.6935,0.28K,0.40%
17/08/23,3.711,3.655,3.73,3.651,0.15K,0.94%
16/08/23,3.6765,3.6925,3.7,3.664,0.22K,-0.24%
15/08/23,3.6855,3.744,3.7575,3.6745,0.33K,-1.44%
14/08/23,3.7395,3.72,3.749,3.715,0.19K,0.05%
11/08/23,3.7375,3.7595,3.7595,3.729,0.45K,-1.14%
10/08/23,3.7805,3.7985,3.8405,3.77,0.15K,-0.46%
09/08/23,3.798,3.788,3.819,3.788,0.17K,0.42%
08/08/23,3.782,3.85,3.85,3.746,0.40K,-1.72%
07/08/23,3.848,3.862,3.862,3.8475,0.10K,-0.79%
04/08/23,3.8785,3.9345,3.9345,3.8535,0.23K,-0.81%
03/08/23,3.91,3.8545,3.913,3.834,0.14K,1.47%
02/08/23,3.8535,3.9155,3.916,3.8495,0.43K,-1.61%
01/08/23,3.9165,4.0195,4.0225,3.9165,0.39K,-2.43%
31/07/23,4.014,3.955,4.02,3.955,0.15K,1.99%
28/07/23,3.9355,3.8705,3.939,3.87,0.13K,1.55%
27/07/23,3.8755,3.905,3.9435,3.838,76.40K,-0.68%
26/07/23,3.902,3.9265,3.9265,3.8765,65.16K,-0.34%
25/07/23,3.9155,3.8485,3.9415,3.8445,85.94K,1.56%
24/07/23,3.8555,3.8185,3.8605,3.782,77.21K,0.98%
21/07/23,3.818,3.828,3.874,3.809,59.75K,-0.43%
20/07/23,3.8345,3.8155,3.8885,3.811,69.44K,0.54%
19/07/23,3.814,3.833,3.8385,3.781,55.19K,-0.40%
18/07/23,3.8295,3.843,3.8545,3.803,61.15K,-0.38%
17/07/23,3.844,3.927,3.927,3.8115,79.08K,-2.26%
14/07/23,3.933,3.953,3.954,3.9035,78.20K,-0.18%
13/07/23,3.94,3.854,3.953,3.842,103.64K,2.26%
12/07/23,3.853,3.7725,3.8605,3.7665,77.86K,2.31%
11/07/23,3.766,3.789,3.8225,3.752,64.23K,-0.49%
10/07/23,3.7845,3.782,3.799,3.7425,46.99K,0.07%
07/07/23,3.782,3.7425,3.7875,3.7255,52.20K,1.27%
06/07/23,3.7345,3.7615,3.776,3.7225,60.47K,-0.90%
05/07/23,3.7685,3.7935,3.8095,3.7325,70.90K,-0.42%
04/07/23,3.7843,3.7915,3.8093,3.775,,-0.26%
03/07/23,3.794,3.7655,3.8075,3.7595,48.35K,0.92%
30/06/23,3.7595,3.6995,3.7705,3.6945,58.63K,1.64%
29/06/23,3.699,3.729,3.752,3.683,75.09K,-0.99%
28/06/23,3.736,3.787,3.7905,3.7125,0.95K,-1.15%
27/06/23,3.7795,3.8,3.823,3.769,0.71K,-0.38%
26/06/23,3.794,3.8165,3.8365,3.7765,1.11K,-0.39%
23/06/23,3.809,3.8905,3.8905,3.793,0.39K,-2.23%
22/06/23,3.896,3.903,3.9585,3.887,0.33K,-0.36%
21/06/23,3.91,3.8875,3.92,3.85,0.82K,0.54%
20/06/23,3.889,3.882,3.9015,3.846,0.37K,0.64%
19/06/23,3.8643,3.8723,3.8878,3.8518,,-0.25%
18/06/23,3.8738,3.8883,3.895,3.8725,,-0.51%
16/06/23,3.8935,3.8945,3.9185,3.884,0.17K,-0.17%
15/06/23,3.9,3.8205,3.9,3.8165,0.19K,0.71%
14/06/23,3.8725,3.8105,3.8705,3.8085,0.13K,0.96%
13/06/23,3.8355,3.79,3.854,3.79,0.20K,2.02%
12/06/23,3.7595,3.764,3.779,3.745,0.16K,-0.92%
09/06/23,3.7945,3.8005,3.8185,3.779,0.08K,-0.13%
08/06/23,3.7995,3.759,3.8,3.75,0.12K,1.04%
07/06/23,3.7605,3.7715,3.81,3.7565,0.17K,-0.37%
06/06/23,3.7745,3.767,3.767,3.7445,0.12K,0.01%
05/06/23,3.774,3.7245,3.7715,3.719,0.12K,1.06%
02/06/23,3.7345,3.718,3.789,3.718,0.10K,0.43%
01/06/23,3.7185,3.695,3.715,3.695,0.07K,2.00%
31/05/23,3.6455,3.6395,3.66,3.6395,0.29K,-0.65%
30/05/23,3.6695,3.67,3.7015,3.6525,0.27K,-0.06%
29/05/23,3.6717,3.6742,3.7105,3.6582,,-0.09%
28/05/23,3.675,3.6715,3.6875,3.6715,,-0.19%
26/05/23,3.682,3.5925,3.6845,3.583,70.14K,2.62%
25/05/23,3.588,3.5655,3.618,3.546,83.71K,0.74%
24/05/23,3.5615,3.6405,3.6475,3.545,102.90K,-2.54%
23/05/23,3.6545,3.6805,3.705,3.622,69.19K,-0.83%
22/05/23,3.685,3.7275,3.7375,3.6675,55.95K,-1.26%
19/05/23,3.732,3.6975,3.7675,3.6765,59.32K,1.15%
18/05/23,3.6895,3.746,3.7645,3.6805,60.35K,-1.73%
17/05/23,3.7545,3.662,3.774,3.6525,82.45K,2.39%
16/05/23,3.667,3.743,3.7545,3.657,74.94K,-2.24%
15/05/23,3.751,3.7235,3.779,3.7005,59.89K,0.60%
12/05/23,3.7285,3.701,3.7515,3.677,80.77K,0.50%
11/05/23,3.71,3.852,3.8555,3.684,131.14K,-3.41%
10/05/23,3.841,3.9035,3.9185,3.8285,76.40K,-1.55%
09/05/23,3.9015,3.924,3.924,3.881,46.22K,-0.71%
08/05/23,3.9295,3.8925,3.9595,3.8765,40.07K,1.20%
05/05/23,3.883,3.861,3.906,3.825,59.64K,0.52%
04/05/23,3.863,3.855,3.9075,3.826,68.25K,0.47%
03/05/23,3.845,3.8685,3.872,3.83,51.30K,-0.45%
02/05/23,3.8625,3.9355,3.953,3.857,57.60K,-1.82%
01/05/23,3.934,3.895,4.005,3.8705,59.06K,1.12%
28/04/23,3.8905,3.891,3.9185,3.857,58.93K,0.17%
27/04/23,3.884,3.857,3.9,3.8165,81.38K,0.61%
26/04/23,3.8605,3.861,3.9005,3.8485,1.48K,0.05%
25/04/23,3.8585,3.968,3.976,3.845,1.83K,-2.59%
24/04/23,3.961,3.992,3.998,3.959,0.95K,-0.55%
21/04/23,3.983,4.022,4.0255,3.98,0.75K,-1.15%
20/04/23,4.0295,4.08,4.0805,4.0135,0.47K,-1.21%
19/04/23,4.079,4.0905,4.0905,4.037,0.28K,-0.37%
18/04/23,4.094,4.074,4.1035,4.066,0.90K,0.65%
17/04/23,4.0675,4.0985,4.1265,4.0635,0.78K,-0.88%
14/04/23,4.1035,4.123,4.181,4.091,0.68K,-0.38%
13/04/23,4.119,4.0705,4.134,4.055,0.78K,0.94%
12/04/23,4.0805,4.035,4.085,3.9935,0.43K,1.44%
11/04/23,4.0225,3.996,4.056,3.996,0.41K,1.08%
10/04/23,3.9795,4.0205,4.0385,3.968,0.13K,-0.95%
06/04/23,4.0175,3.992,4.032,3.978,0.20K,0.71%
05/04/23,3.989,3.982,3.99,3.9495,0.15K,0.35%
04/04/23,3.975,4.048,4.067,3.9545,0.25K,-1.84%
03/04/23,4.0495,4.083,4.0955,4.043,0.15K,-1.20%
31/03/23,4.0985,4.107,4.118,4.027,0.19K,0.07%
30/03/23,4.0955,4.076,4.1205,4.064,0.28K,0.22%
29/03/23,4.0865,4.0765,4.1335,4.0495,74.24K,0.02%
28/03/23,4.0855,4.097,4.113,4.059,77.25K,0.17%
27/03/23,4.0785,4.075,4.102,4.0235,67.62K,0.09%
24/03/23,4.075,4.1015,4.1485,4.0505,85.51K,-1.18%
23/03/23,4.1235,4.043,4.1265,4.0225,79.53K,1.95%
22/03/23,4.0445,4.0015,4.1075,3.9715,78.06K,1.26%
21/03/23,3.994,3.9555,4.0345,3.9285,69.31K,1.08%
20/03/23,3.9515,3.9085,3.97,3.855,73.79K,1.52%
17/03/23,3.8925,3.8765,3.9525,3.87,72.13K,0.72%
16/03/23,3.8645,3.8835,3.903,3.822,85.38K,0.56%
15/03/23,3.843,4.005,4.0275,3.84,131.41K,-4.00%
14/03/23,4.003,4.042,4.0525,3.982,71.16K,-1.25%
13/03/23,4.0535,4.0075,4.0775,3.9215,133.48K,0.57%
10/03/23,4.0305,4.007,4.0635,3.967,84.98K,-0.21%
09/03/23,4.039,4.027,4.055,3.9955,54.53K,0.30%
08/03/23,4.027,3.9675,4.0725,3.961,79.04K,1.31%
07/03/23,3.975,4.075,4.095,3.963,77.40K,-2.78%
06/03/23,4.0885,4.065,4.093,4.0085,63.75K,0.53%
03/03/23,4.067,4.0745,4.1175,4.0605,50.21K,-0.22%
02/03/23,4.076,4.1685,4.174,4.047,80.03K,-2.02%
01/03/23,4.16,4.0745,4.1745,4.065,87.33K,1.72%
28/02/23,4.0895,4.01,4.0945,3.9915,71.44K,1.96%
27/02/23,4.011,3.96,4.024,3.937,83.88K,1.43%
24/02/23,3.9545,4.055,4.078,3.955,1.35K,-2.49%
23/02/23,4.0555,4.173,4.1795,4.038,0.80K,-3.12%
22/02/23,4.186,4.192,4.198,4.142,0.64K,-0.72%
21/02/23,4.2165,4.1135,4.2165,4.1115,1.48K,0.86%
20/02/23,4.1807,4.1195,4.198,4.102,,1.49%
19/02/23,4.1195,4.1288,4.1305,4.1178,,0.33%
17/02/23,4.106,4.1155,4.1275,4.056,0.24K,-0.46%
16/02/23,4.125,4.0495,4.1325,4.0495,1.00K,2.70%
15/02/23,4.0165,4.066,4.0675,3.991,0.36K,-1.64%
14/02/23,4.0835,4.0755,4.114,4.056,0.47K,0.44%
13/02/23,4.0655,4.02,4.073,4.02,0.11K,1.02%
10/02/23,4.0245,4.0735,4.0735,4.0175,0.20K,-1.91%
09/02/23,4.103,4.09,4.1215,4.0755,0.10K,1.48%
08/02/23,4.043,4.1,4.1,4.027,0.18K,-1.10%
07/02/23,4.088,4.0495,4.075,4.0165,0.24K,1.11%
06/02/23,4.043,4.064,4.0755,4.023,0.11K,-0.50%
03/02/23,4.0635,4.102,4.1345,4.0415,0.11K,-0.84%
02/02/23,4.098,4.188,4.188,4.0945,0.06K,-0.46%
01/02/23,4.117,4.2145,4.2145,4.1165,0.10K,-2.66%
31/01/23,4.2295,4.1665,4.232,4.1415,0.08K,0.55%
30/01/23,4.2065,4.197,4.22,4.1885,0.09K,-0.38%
27/01/23,4.2225,4.282,4.287,4.172,63.41K,-1.05%
26/01/23,4.2675,4.2645,4.29,4.2325,58.23K,0.54%
25/01/23,4.2445,4.2645,4.2735,4.211,51.11K,-0.09%
24/01/23,4.2485,4.259,4.2825,4.2155,51.17K,-0.19%
23/01/23,4.2565,4.2795,4.3025,4.226,57.18K,0.12%
20/01/23,4.2515,4.245,4.2795,4.2065,59.75K,0.47%
19/01/23,4.2315,4.2265,4.2685,4.168,78.54K,-0.07%
18/01/23,4.2345,4.2335,4.355,4.205,104.62K,0.27%
17/01/23,4.223,4.2105,4.2445,4.1105,113.11K,1.92%
16/01/23,4.1433,4.2062,4.2105,4.1382,,-1.49%
15/01/23,4.206,4.2198,4.2198,4.2058,,-0.24%
13/01/23,4.216,4.173,4.2225,4.1285,69.52K,0.46%
12/01/23,4.1965,4.1755,4.2115,4.1295,96.27K,0.73%
11/01/23,4.166,4.08,4.185,4.0655,88.48K,2.17%
10/01/23,4.0775,4.012,4.0835,3.9875,72.22K,1.27%
09/01/23,4.0265,3.9235,4.0445,3.9235,102.47K,2.95%
06/01/23,3.911,3.8255,3.93,3.7985,96.75K,2.36%
05/01/23,3.821,3.7405,3.842,3.7215,76.73K,2.15%
04/01/23,3.7405,3.771,3.807,3.7085,80.27K,-0.69%
03/01/23,3.7665,3.8355,3.8715,3.7585,83.90K,-1.92%
02/01/23,3.8403,3.8192,3.848,3.8185,,0.78%
30/12/22,3.8105,3.8285,3.8515,3.7955,43.08K,-0.35%
29/12/22,3.824,3.835,3.852,3.8075,36.87K,-0.47%
28/12/22,3.842,3.8505,3.862,3.8235,0.40K,0.05%
27/12/22,3.84,3.82,3.934,3.82,0.32K,-0.45%
26/12/22,3.8575,3.8125,3.8675,3.8125,,1.29%
23/12/22,3.8085,3.78,3.8135,3.768,0.25K,1.36%
22/12/22,3.7575,3.8435,3.8435,3.752,0.19K,-1.40%
21/12/22,3.811,3.825,3.826,3.795,0.20K,0.30%
20/12/22,3.7995,3.764,3.8115,3.725,0.16K,0.40%
19/12/22,3.7845,3.81,3.8105,3.754,0.26K,0.57%
16/12/22,3.763,3.7845,3.7845,3.75,0.24K,-0.04%
15/12/22,3.7645,3.86,3.86,3.7635,0.49K,-2.94%
14/12/22,3.8785,3.841,3.877,3.8395,0.32K,0.94%
13/12/22,3.8425,3.818,3.9235,3.818,0.56K,1.08%
12/12/22,3.8015,3.837,3.848,3.7935,0.25K,-2.01%
09/12/22,3.8795,3.9035,3.9035,3.859,0.20K,-0.14%
08/12/22,3.885,3.84,3.905,3.84,0.18K,0.62%
07/12/22,3.861,3.82,3.8565,3.8115,0.06K,1.13%
06/12/22,3.818,3.79,3.8535,3.79,0.16K,0.61%
05/12/22,3.795,3.871,3.894,3.7775,0.49K,-1.48%
02/12/22,3.852,3.798,3.857,3.7555,0.30K,0.86%
01/12/22,3.819,3.78,3.82,3.759,0.44K,2.13%
30/11/22,3.7395,3.642,3.772,3.642,0.43K,2.72%
29/11/22,3.6405,3.635,3.672,3.633,0.22K,0.68%
28/11/22,3.616,3.5875,3.625,3.5485,1.57K,-0.45%
25/11/22,3.6325,3.6495,3.685,3.6195,0.78K,-0.19%
24/11/22,3.6395,3.6472,3.671,3.624,,0.51%
23/11/22,3.621,3.63,3.656,3.6,0.60K,0.10%
22/11/22,3.6175,3.581,3.6695,3.581,0.68K,1.13%
21/11/22,3.577,3.6525,3.6525,3.56,0.71K,-1.72%
18/11/22,3.6395,3.69,3.7095,3.6425,0.78K,-1.45%
17/11/22,3.693,3.762,3.764,3.68,0.82K,-2.19%
16/11/22,3.7755,3.805,3.82,3.762,0.90K,-1.20%
15/11/22,3.8215,3.8335,3.886,3.7995,0.83K,-0.35%
14/11/22,3.835,3.9275,3.955,3.8195,0.57K,-1.98%
11/11/22,3.9125,3.7865,3.9425,3.7865,0.46K,4.11%
10/11/22,3.758,3.6985,3.791,3.6455,0.38K,1.55%
09/11/22,3.7005,3.6615,3.7365,3.636,0.45K,0.45%
08/11/22,3.684,3.579,3.7,3.568,0.72K,2.13%
07/11/22,3.607,3.606,3.65,3.5865,0.69K,-2.09%
04/11/22,3.684,3.4205,3.705,3.4205,0.50K,7.48%
03/11/22,3.4275,3.45,3.4515,3.3825,0.37K,-1.10%
02/11/22,3.4655,3.465,3.4925,3.436,0.35K,-0.09%
01/11/22,3.4685,3.375,3.49,3.375,0.09K,2.86%
31/10/22,3.372,3.3915,3.393,3.361,0.45K,-1.58%
28/10/22,3.426,3.49,3.49,3.4205,0.16K,-2.66%
27/10/22,3.5195,3.539,3.5565,3.491,82.34K,-0.72%
26/10/22,3.545,3.4055,3.5545,3.3825,97.90K,4.36%
25/10/22,3.397,3.4315,3.441,3.3625,60.02K,-0.98%
24/10/22,3.4305,3.485,3.5045,3.4225,70.07K,-1.27%
21/10/22,3.4745,3.398,3.4825,3.3455,84.80K,1.88%
20/10/22,3.4105,3.3255,3.437,3.303,77.24K,2.79%
19/10/22,3.318,3.366,3.3755,3.307,65.74K,-1.31%
18/10/22,3.362,3.413,3.4355,3.339,72.59K,-1.57%
17/10/22,3.4155,3.4125,3.4675,3.3905,56.83K,-0.23%
14/10/22,3.4235,3.4635,3.501,3.4005,70.50K,-0.49%
13/10/22,3.4405,3.4285,3.477,3.354,85.97K,0.45%
12/10/22,3.425,3.4245,3.465,3.398,56.58K,-1.07%
11/10/22,3.462,3.4365,3.4745,3.3835,60.60K,0.92%
10/10/22,3.4305,3.384,3.477,3.371,58.57K,1.30%
07/10/22,3.3865,3.4395,3.448,3.373,53.15K,-1.73%
06/10/22,3.446,3.5415,3.593,3.431,67.87K,-1.56%
05/10/22,3.5005,3.494,3.5555,3.4465,59.97K,0.30%
04/10/22,3.49,3.4165,3.5315,3.402,76.84K,2.35%
03/10/22,3.41,3.3965,3.424,3.352,49.58K,-0.07%
30/09/22,3.4125,3.427,3.4745,3.3885,75.36K,-0.16%
29/09/22,3.418,3.381,3.4335,3.3055,86.45K,1.35%
28/09/22,3.3725,3.304,3.403,3.259,1.00K,2.35%
27/09/22,3.295,3.305,3.3615,3.29,0.18K,-0.30%
26/09/22,3.305,3.3565,3.369,3.2935,0.51K,-1.55%
23/09/22,3.357,3.47,3.47,3.3375,0.32K,-3.59%
22/09/22,3.482,3.451,3.516,3.439,0.14K,0.04%
21/09/22,3.4805,3.5095,3.5235,3.435,0.30K,-1.01%
20/09/22,3.516,3.5405,3.5575,3.5,0.22K,-0.27%
19/09/22,3.5255,3.54,3.541,3.49,0.08K,-0.16%
16/09/22,3.531,3.48,3.554,3.4435,0.14K,0.86%
15/09/22,3.501,3.529,3.56,3.483,0.16K,-0.81%
14/09/22,3.5295,3.5405,3.564,3.5205,0.18K,-1.02%
13/09/22,3.566,3.6205,3.695,3.5365,0.42K,-1.37%
12/09/22,3.6155,3.554,3.6225,3.537,0.34K,1.19%
09/09/22,3.573,3.5635,3.6265,3.543,0.14K,1.20%
08/09/22,3.5305,3.4515,3.5505,3.4515,0.10K,2.81%
07/09/22,3.434,3.407,3.4555,3.407,0.20K,-0.88%
06/09/22,3.4645,3.392,3.495,3.3915,0.20K,0.32%
05/09/22,3.4535,3.3887,3.466,3.3857,,1.91%
04/09/22,3.3887,3.395,3.4,3.3613,,-0.83%
02/09/22,3.417,3.418,3.4545,3.3895,0.16K,0.25%
01/09/22,3.4085,3.5025,3.5025,3.412,0.21K,-3.14%
31/08/22,3.519,3.5695,3.582,3.4495,0.36K,-0.86%
30/08/22,3.5495,3.6085,3.6085,3.5365,0.34K,-1.64%
29/08/22,3.6085,3.699,3.699,3.564,0.78K,-2.39%
26/08/22,3.697,3.702,3.7825,3.6815,0.52K,-0.04%
25/08/22,3.6985,3.6435,3.705,3.6435,0.49K,1.38%
24/08/22,3.648,3.681,3.681,3.637,0.41K,-1.30%
23/08/22,3.696,3.656,3.727,3.6405,0.44K,1.18%
22/08/22,3.653,3.665,3.683,3.6095,0.28K,-0.42%
19/08/22,3.6685,3.6415,3.67,3.6275,0.10K,0.96%
18/08/22,3.6335,3.571,3.659,3.571,0.15K,1.30%
17/08/22,3.587,3.6345,3.642,3.578,0.23K,-1.09%
16/08/22,3.6265,3.6025,3.639,3.6025,0.36K,0.14%
15/08/22,3.6215,3.6255,3.6255,3.5655,0.16K,-1.42%
12/08/22,3.6735,3.6985,3.705,3.652,0.17K,-1.02%
11/08/22,3.7115,3.649,3.711,3.649,0.14K,1.53%
10/08/22,3.6555,3.595,3.6605,3.5755,0.18K,1.75%
09/08/22,3.5925,3.5895,3.63,3.585,0.08K,-0.01%
08/08/22,3.593,3.5725,3.622,3.546,0.12K,0.96%
05/08/22,3.559,3.4815,3.575,3.4815,0.14K,2.04%
04/08/22,3.488,3.442,3.511,3.442,0.20K,0.46%
03/08/22,3.472,3.5135,3.515,3.4585,0.11K,-1.43%
02/08/22,3.5225,3.54,3.54,3.465,0.06K,-0.69%
01/08/22,3.547,3.553,3.567,3.5245,0.05K,-0.78%
29/07/22,3.575,3.5005,3.596,3.4765,0.28K,2.70%
28/07/22,3.481,3.481,3.52,3.476,0.26K,1.49%
27/07/22,3.43,3.3925,3.478,3.368,57.76K,1.34%
26/07/22,3.3845,3.3675,3.4655,3.349,64.28K,0.89%
25/07/22,3.3545,3.323,3.405,3.3135,55.13K,0.15%
22/07/22,3.3495,3.305,3.399,3.2955,60.95K,1.55%
21/07/22,3.2985,3.3135,3.324,3.2505,53.92K,-0.80%
20/07/22,3.325,3.2945,3.3755,3.2915,61.78K,1.03%
19/07/22,3.291,3.3155,3.328,3.253,56.25K,-1.64%
18/07/22,3.346,3.2465,3.371,3.217,62.48K,3.46%
15/07/22,3.234,3.2285,3.2775,3.1315,80.37K,0.70%
14/07/22,3.2115,3.3105,3.33,3.1745,71.20K,-3.34%
13/07/22,3.3225,3.261,3.343,3.2165,87.21K,1.05%
12/07/22,3.288,3.4255,3.457,3.2465,61.62K,-4.15%
11/07/22,3.4305,3.505,3.5205,3.3865,60.90K,-2.60%
08/07/22,3.522,3.543,3.5715,3.444,58.22K,-1.40%
07/07/22,3.572,3.441,3.58,3.3965,90.16K,4.81%
06/07/22,3.408,3.4265,3.4595,3.273,82.34K,-0.20%
05/07/22,3.415,3.615,3.6235,3.4,107.35K,-4.72%
04/07/22,3.584,3.6117,3.6172,3.5457,,-0.76%
03/07/22,3.6115,3.612,3.6235,3.608,,0.21%
01/07/22,3.604,3.678,3.7025,3.5535,68.28K,-2.86%
30/06/22,3.71,3.772,3.795,3.6725,55.88K,-1.86%
29/06/22,3.7805,3.758,3.819,3.708,49.66K,0.05%
28/06/22,3.7785,3.755,3.8495,3.7425,0.96K,0.39%
27/06/22,3.764,3.7845,3.8125,3.7425,0.70K,0.53%
24/06/22,3.744,3.757,3.7905,3.6545,0.39K,0.04%
23/06/22,3.7425,3.938,3.938,3.7365,0.35K,-5.18%
22/06/22,3.947,4.0145,4.0145,3.8925,0.69K,-2.41%
21/06/22,4.0445,4.03,4.086,3.972,1.04K,0.84%
20/06/22,4.011,4.0385,4.0385,3.946,,-0.66%
19/06/22,4.0375,4.0228,4.04,4.018,,0.39%
17/06/22,4.022,4.121,4.121,4.013,0.36K,-2.33%
16/06/22,4.118,4.1855,4.223,4.062,1.59K,-1.33%
15/06/22,4.1735,4.1485,4.2125,4.145,0.50K,0.17%
14/06/22,4.1665,4.2125,4.2595,4.14,0.54K,-1.26%
13/06/22,4.2195,4.24,4.2685,4.187,0.17K,-1.93%
10/06/22,4.3025,4.365,4.3865,4.286,0.27K,-1.90%
09/06/22,4.386,4.424,4.43,4.365,0.10K,-1.54%
08/06/22,4.4545,4.4395,4.455,4.413,0.36K,0.34%
07/06/22,4.4395,4.409,4.46,4.3795,0.30K,0.01%
06/06/22,4.439,4.463,4.467,4.411,0.42K,-0.84%
03/06/22,4.4765,4.561,4.579,4.4675,0.09K,-1.72%
02/06/22,4.555,4.354,4.571,4.354,0.65K,5.21%
01/06/22,4.3295,4.275,4.348,4.2675,0.16K,0.71%
31/05/22,4.299,4.355,4.359,4.2805,0.59K,-0.81%
30/05/22,4.334,4.3225,4.3595,4.3098,,0.25%
29/05/22,4.3232,4.3215,4.326,4.317,,0.39%
27/05/22,4.3065,4.28,4.313,4.267,0.28K,1.12%
26/05/22,4.259,4.2685,4.28,4.2035,41.96K,0.11%
25/05/22,4.2545,4.314,4.3225,4.223,44.20K,-1.17%
24/05/22,4.305,4.341,4.3415,4.2565,45.14K,-0.93%
23/05/22,4.3455,4.2945,4.355,4.272,50.50K,1.65%
20/05/22,4.275,4.2775,4.3275,4.2505,45.49K,-0.19%
19/05/22,4.283,4.155,4.298,4.1445,56.57K,2.50%
18/05/22,4.1785,4.2295,4.248,4.1315,45.56K,-1.43%
17/05/22,4.239,4.203,4.2835,4.203,45.16K,1.13%
16/05/22,4.1915,4.1795,4.22,4.1335,41.78K,0.40%
13/05/22,4.175,4.086,4.185,4.055,49.92K,1.82%
12/05/22,4.1005,4.2115,4.223,4.037,67.53K,-2.58%
11/05/22,4.209,4.155,4.25,4.1485,54.18K,1.31%
10/05/22,4.1545,4.196,4.258,4.1285,57.71K,-0.93%
09/05/22,4.1935,4.238,4.245,4.124,68.33K,-1.72%
06/05/22,4.267,4.2905,4.319,4.231,47.86K,-0.57%
05/05/22,4.2915,4.367,4.44,4.2765,61.50K,-1.07%
04/05/22,4.338,4.299,4.3835,4.251,50.39K,1.28%
03/05/22,4.283,4.2855,4.36,4.2635,52.69K,0.35%
02/05/22,4.268,4.393,4.404,4.204,47.30K,-3.19%
29/04/22,4.4085,4.444,4.512,4.3715,49.49K,-0.56%
28/04/22,4.4335,4.4645,4.4935,4.3865,50.92K,-0.75%
27/04/22,4.467,4.4155,4.497,4.4155,1.44K,0.30%
26/04/22,4.4535,4.487,4.5345,4.4,0.82K,-0.19%
25/04/22,4.462,4.5785,4.607,4.42,1.48K,-2.84%
22/04/22,4.5925,4.681,4.7135,4.582,0.40K,-2.57%
21/04/22,4.7135,4.68,4.724,4.643,0.57K,1.05%
20/04/22,4.6645,4.715,4.718,4.636,1.07K,-1.37%
19/04/22,4.7295,4.8135,4.817,4.696,0.75K,-1.71%
18/04/22,4.812,4.7815,4.8425,4.6995,0.23K,1.94%
15/04/22,4.7205,4.7205,4.7205,4.7205,,-0.24%
14/04/22,4.732,4.714,4.736,4.6795,0.21K,0.22%
13/04/22,4.7215,4.7055,4.76,4.684,0.25K,0.04%
12/04/22,4.7195,4.6465,4.725,4.636,0.34K,1.69%
11/04/22,4.641,4.7395,4.7395,4.6365,0.26K,-1.91%
08/04/22,4.7315,4.723,4.7555,4.717,0.14K,0.58%
07/04/22,4.704,4.7065,4.724,4.688,0.69K,-0.78%
06/04/22,4.741,4.7405,4.781,4.7045,0.34K,-1.16%
05/04/22,4.7965,4.7875,4.8365,4.7565,0.23K,0.29%
04/04/22,4.7825,4.693,4.807,4.693,0.21K,1.96%
01/04/22,4.6905,4.717,4.75,4.6815,0.27K,-1.29%
31/03/22,4.752,4.7165,4.754,4.715,0.15K,-0.01%
30/03/22,4.7525,4.7535,4.8195,4.7325,0.11K,0.45%
29/03/22,4.731,4.7245,4.7575,4.699,37.96K,0.12%
28/03/22,4.7255,4.696,4.739,4.642,45.40K,0.57%
25/03/22,4.6985,4.7275,4.773,4.686,37.05K,-0.93%
24/03/22,4.7425,4.776,4.8175,4.7085,43.51K,-0.71%
23/03/22,4.7765,4.71,4.7855,4.689,33.27K,1.63%
22/03/22,4.7,4.704,4.769,4.68,38.07K,-0.22%
21/03/22,4.7105,4.727,4.732,4.656,32.80K,-0.61%
18/03/22,4.7395,4.702,4.76,4.673,39.26K,0.80%
17/03/22,4.702,4.621,4.717,4.6105,45.49K,2.21%
16/03/22,4.6005,4.501,4.6405,4.4985,46.02K,1.94%
15/03/22,4.513,4.5155,4.543,4.4685,47.63K,-0.22%
14/03/22,4.523,4.598,4.6155,4.496,50.65K,-2.22%
11/03/22,4.6255,4.6335,4.724,4.5945,40.58K,-0.58%
10/03/22,4.6525,4.5965,4.6785,4.574,45.46K,1.75%
09/03/22,4.5725,4.7105,4.7885,4.553,60.81K,-2.92%
08/03/22,4.71,4.745,4.967,4.603,89.60K,-0.44%
07/03/22,4.731,4.92,5.0395,4.668,96.67K,-4.18%
04/03/22,4.9375,4.7825,4.949,4.751,97.43K,3.26%
03/03/22,4.7815,4.671,4.7985,4.6615,91.70K,2.49%
02/03/22,4.6655,4.571,4.705,4.5525,79.62K,1.50%
01/03/22,4.5965,4.506,4.602,4.492,69.00K,3.19%
28/02/22,4.4545,4.4925,4.532,4.45,59.50K,-0.68%
25/02/22,4.485,4.5075,4.5285,4.456,57.82K,0.61%
24/02/22,4.458,4.4685,4.5835,4.4465,0.88K,-0.61%
23/02/22,4.4855,4.517,4.5355,4.455,1.12K,-0.64%
22/02/22,4.5145,4.513,4.547,4.478,1.43K,0.76%
21/02/22,4.4805,4.5205,4.544,4.4675,,-0.88%
20/02/22,4.5205,4.5165,4.5217,4.506,,-0.08%
18/02/22,4.524,4.5065,4.572,4.5065,0.19K,-0.06%
17/02/22,4.5265,4.5465,4.5465,4.476,0.25K,-0.29%
16/02/22,4.5395,4.535,4.5885,4.5205,0.33K,0.11%
15/02/22,4.5345,4.4825,4.5415,4.4825,0.21K,0.61%
14/02/22,4.507,4.4695,4.5125,4.451,0.18K,-0.03%
11/02/22,4.5085,4.612,4.612,4.461,0.48K,-3.21%
10/02/22,4.658,4.617,4.699,4.5865,0.55K,1.22%
09/02/22,4.602,4.456,4.6325,4.4295,0.31K,3.08%
08/02/22,4.4645,4.4815,4.4825,4.417,0.28K,-0.07%
07/02/22,4.4675,4.5105,4.5145,4.45,0.32K,-0.50%
04/02/22,4.49,4.504,4.5125,4.4305,0.20K,0.40%
03/02/22,4.472,4.4785,4.4785,4.46,0.12K,-0.48%
02/02/22,4.4935,4.4365,4.5015,4.4365,0.22K,1.40%
01/02/22,4.4315,4.33,4.4415,4.3275,0.18K,2.43%
31/01/22,4.3265,4.336,4.349,4.287,0.17K,0.32%
28/01/22,4.3125,4.412,4.412,4.308,0.46K,-2.51%
27/01/22,4.4235,4.457,4.491,4.399,69.84K,-2.03%
26/01/22,4.515,4.4565,4.5345,4.419,62.13K,1.46%
25/01/22,4.45,4.456,4.478,4.3855,54.59K,0.85%
24/01/22,4.4125,4.522,4.538,4.3865,79.00K,-2.46%
21/01/22,4.524,4.5295,4.5805,4.484,68.20K,-1.28%
20/01/22,4.5825,4.449,4.586,4.444,73.19K,2.52%
19/01/22,4.47,4.4035,4.4885,4.392,61.27K,2.00%
18/01/22,4.3825,4.431,4.449,4.376,87.04K,-1.15%
17/01/22,4.4335,4.4443,4.4455,4.3827,,-0.23%
16/01/22,4.4435,4.428,4.447,4.428,,0.52%
14/01/22,4.4205,4.5115,4.5475,4.4125,70.02K,-2.76%
13/01/22,4.546,4.557,4.577,4.5045,62.79K,-0.67%
12/01/22,4.5765,4.4315,4.601,4.42,106.93K,3.33%
11/01/22,4.429,4.372,4.4385,4.366,46.66K,1.77%
10/01/22,4.352,4.4015,4.431,4.3305,45.32K,-1.32%
07/01/22,4.41,4.354,4.4175,4.3435,46.40K,1.27%
06/01/22,4.3545,4.392,4.408,4.3135,56.25K,-1.34%
05/01/22,4.4135,4.4725,4.473,4.372,51.73K,-1.37%
04/01/22,4.475,4.4245,4.4785,4.378,55.94K,1.21%
03/01/22,4.4215,4.4585,4.4805,4.335,38.42K,-0.94%
31/12/21,4.4635,4.3895,4.474,4.382,36.98K,1.62%
30/12/21,4.3925,4.417,4.4355,4.3795,35.14K,-0.40%
29/12/21,4.41,4.44,4.44,4.395,0.81K,-0.44%
28/12/21,4.4295,4.4395,4.49,4.4245,0.31K,-0.89%
27/12/21,4.4695,4.389,4.4865,4.36,0.16K,1.46%
24/12/21,4.405,4.405,4.405,4.405,,0.35%
23/12/21,4.3895,4.3855,4.403,4.345,0.28K,0.01%
22/12/21,4.389,4.347,4.391,4.347,0.40K,1.07%
21/12/21,4.3425,4.3335,4.346,4.329,0.20K,1.22%
20/12/21,4.29,4.28,4.2995,4.2305,0.33K,-0.06%
17/12/21,4.2925,4.319,4.321,4.2705,0.16K,-0.23%
16/12/21,4.3025,4.24,4.3165,4.2385,0.28K,2.92%
15/12/21,4.1805,4.266,4.266,4.117,0.22K,-1.75%
14/12/21,4.255,4.272,4.291,4.2555,0.06K,-0.62%
13/12/21,4.2815,4.322,4.322,4.276,0.08K,-0.08%
10/12/21,4.285,4.323,4.353,4.28,0.14K,-1.08%
09/12/21,4.332,4.3685,4.3715,4.3,0.09K,-1.38%
08/12/21,4.3925,4.348,4.384,4.3235,0.18K,1.23%
07/12/21,4.339,4.318,4.3545,4.314,0.04K,0.03%
06/12/21,4.3375,4.2955,4.342,4.269,0.05K,1.68%
03/12/21,4.266,4.278,4.3205,4.2635,0.30K,-0.78%
02/12/21,4.2995,4.2405,4.307,4.2405,0.16K,1.24%
01/12/21,4.247,4.3155,4.3455,4.21,0.12K,-0.78%
30/11/21,4.2805,4.357,4.3635,4.275,0.24K,-1.41%
29/11/21,4.3415,4.3375,4.368,4.324,0.42K,1.26%
26/11/21,4.2875,4.473,4.5015,4.286,1.59K,-3.43%
25/11/21,4.44,4.47,4.5,4.4165,,-0.55%
24/11/21,4.4645,4.421,4.493,4.3925,1.61K,0.93%
23/11/21,4.4235,4.391,4.45,4.3745,0.43K,0.59%
22/11/21,4.3975,4.394,4.421,4.3505,0.73K,-0.06%
19/11/21,4.4,4.2995,4.412,4.2995,1.02K,2.21%
18/11/21,4.305,4.2295,4.322,4.228,0.85K,0.87%
17/11/21,4.268,4.349,4.3615,4.1975,0.48K,-1.99%
16/11/21,4.3545,4.4155,4.442,4.333,0.37K,-1.05%
15/11/21,4.4005,4.454,4.4795,4.393,0.37K,-1.05%
12/11/21,4.447,4.405,4.453,4.3775,0.28K,1.11%
11/11/21,4.398,4.337,4.42,4.335,0.18K,1.73%
10/11/21,4.323,4.3675,4.41,4.288,0.30K,-1.13%
09/11/21,4.3725,4.4075,4.435,4.3385,0.18K,-0.50%
08/11/21,4.3945,4.375,4.4075,4.3335,0.27K,1.36%
05/11/21,4.3355,4.316,4.35,4.279,0.13K,0.61%
04/11/21,4.309,4.3465,4.3865,4.2755,0.07K,0.00%
03/11/21,4.309,4.3585,4.43,4.275,0.21K,-0.98%
02/11/21,4.3515,4.365,4.3745,4.3205,0.33K,-0.63%
01/11/21,4.379,4.379,4.3885,4.3255,0.18K,0.46%
29/10/21,4.359,4.4155,4.428,4.33,0.35K,-1.55%
28/10/21,4.4275,4.364,4.4455,4.35,0.19K,0.87%
27/10/21,4.3895,4.4955,4.51,4.363,71.05K,-2.15%
26/10/21,4.486,4.53,4.5545,4.472,58.89K,-0.93%
25/10/21,4.528,4.514,4.5685,4.5015,54.92K,0.67%
22/10/21,4.498,4.5625,4.619,4.461,88.78K,-1.33%
21/10/21,4.5585,4.7335,4.7575,4.537,82.45K,-3.72%
20/10/21,4.7345,4.6875,4.749,4.5935,71.77K,0.67%
19/10/21,4.703,4.716,4.815,4.6685,73.56K,-0.48%
18/10/21,4.7255,4.7305,4.823,4.6855,76.63K,-0.08%
15/10/21,4.7295,4.6185,4.781,4.6035,95.10K,2.12%
14/10/21,4.6315,4.4905,4.6365,4.483,91.56K,2.56%
13/10/21,4.516,4.3225,4.528,4.305,104.41K,4.40%
12/10/21,4.3255,4.339,4.3955,4.2865,65.22K,-0.94%
11/10/21,4.3665,4.2795,4.385,4.2555,60.62K,2.13%
08/10/21,4.2755,4.2495,4.301,4.2225,51.72K,0.75%
07/10/21,4.2435,4.1755,4.26,4.1625,41.51K,2.31%
06/10/21,4.1475,4.182,4.2185,4.114,48.58K,-1.07%
05/10/21,4.1925,4.239,4.242,4.151,41.33K,-1.09%
04/10/21,4.2385,4.2145,4.303,4.1775,45.60K,1.19%
01/10/21,4.1885,4.1065,4.21,4.0585,51.97K,2.43%
30/09/21,4.089,4.1775,4.208,4.0545,72.32K,-2.62%
29/09/21,4.199,4.2485,4.2575,4.1665,47.16K,-1.17%
28/09/21,4.2485,4.276,4.3,4.2325,0.51K,-0.99%
27/09/21,4.291,4.289,4.308,4.258,0.50K,0.15%
24/09/21,4.2845,4.229,4.299,4.22,0.50K,1.26%
23/09/21,4.231,4.225,4.267,4.1965,0.22K,-0.49%
22/09/21,4.252,4.1135,4.274,4.1105,0.33K,3.05%
21/09/21,4.126,4.1375,4.1785,4.0205,0.42K,0.30%
20/09/21,4.1135,4.219,4.234,4.094,0.30K,-3.09%
17/09/21,4.2445,4.294,4.353,4.238,0.31K,-0.83%
16/09/21,4.28,4.403,4.403,4.256,0.14K,-2.82%
15/09/21,4.404,4.309,4.4185,4.309,0.18K,1.97%
14/09/21,4.319,4.363,4.363,4.295,0.32K,-1.05%
13/09/21,4.365,4.424,4.4675,4.3315,0.45K,-1.91%
10/09/21,4.45,4.282,4.461,4.277,0.59K,3.87%
09/09/21,4.284,4.224,4.2985,4.222,0.23K,1.22%
08/09/21,4.2325,4.2745,4.296,4.206,0.28K,-1.10%
07/09/21,4.2795,4.3285,4.3435,4.256,0.21K,-1.21%
06/09/21,4.332,4.3325,4.3457,4.304,,-0.01%
05/09/21,4.3325,4.335,4.3422,4.3315,,0.03%
03/09/21,4.331,4.292,4.338,4.2885,0.16K,0.73%
02/09/21,4.2995,4.2805,4.303,4.267,0.12K,0.60%
01/09/21,4.274,4.3615,4.3615,4.2545,0.26K,-2.20%
31/08/21,4.37,4.374,4.38,4.337,0.71K,-0.02%
30/08/21,4.371,4.3345,4.3965,4.333,0.57K,1.10%
27/08/21,4.3235,4.239,4.3325,4.2295,1.66K,1.68%
26/08/21,4.252,4.2685,4.275,4.224,0.78K,-0.42%
25/08/21,4.27,4.248,4.3,4.242,0.56K,0.23%
24/08/21,4.26,4.2095,4.295,4.1945,0.37K,0.92%
23/08/21,4.221,4.137,4.2335,4.137,0.47K,2.31%
20/08/21,4.1255,4.0475,4.138,4.046,1.28K,2.10%
19/08/21,4.0405,4.1135,4.1285,3.9675,0.64K,-1.86%
18/08/21,4.117,4.222,4.2415,4.0975,0.39K,-2.01%
17/08/21,4.2015,4.3265,4.3265,4.2,0.35K,-2.74%
16/08/21,4.32,4.342,4.36,4.2995,0.77K,-1.43%
13/08/21,4.3825,4.35,4.4185,4.35,0.11K,0.75%
12/08/21,4.35,4.3975,4.399,4.3335,0.12K,-0.23%
11/08/21,4.36,4.3415,4.363,4.3225,0.10K,0.32%
10/08/21,4.346,4.2865,4.353,4.2865,0.08K,1.49%
09/08/21,4.282,4.3,4.321,4.24,0.36K,-1.31%
06/08/21,4.339,4.3325,4.383,4.3245,0.50K,0.12%
05/08/21,4.334,4.3275,4.34,4.3,0.11K,0.29%
04/08/21,4.3215,4.379,4.387,4.31,0.17K,-1.23%
03/08/21,4.3755,4.416,4.4245,4.3335,0.22K,-0.96%
02/08/21,4.418,4.4785,4.5,4.4,0.59K,-1.06%
30/07/21,4.4655,4.5085,4.5085,4.4475,0.12K,-0.93%
29/07/21,4.5075,4.4695,4.5095,4.4695,0.29K,0.57%
28/07/21,4.482,4.558,4.5875,4.4295,79.78K,-1.38%
27/07/21,4.5445,4.593,4.6275,4.505,86.63K,-0.88%
26/07/21,4.585,4.449,4.6085,4.419,106.74K,4.20%
23/07/21,4.4,4.3375,4.4605,4.3335,88.24K,1.44%
22/07/21,4.3375,4.28,4.3445,4.273,57.62K,1.53%
21/07/21,4.272,4.2595,4.29,4.226,51.38K,0.21%
20/07/21,4.263,4.201,4.27,4.1945,63.30K,1.46%
19/07/21,4.2015,4.31,4.31,4.1665,99.00K,-2.81%
16/07/21,4.323,4.3115,4.3445,4.3015,45.62K,0.00%
15/07/21,4.323,4.266,4.3465,4.2515,66.98K,1.30%
14/07/21,4.2675,4.2925,4.307,4.2575,51.69K,-0.92%
13/07/21,4.307,4.329,4.3425,4.255,62.16K,-0.21%
12/07/21,4.316,4.3465,4.364,4.2805,55.99K,-0.68%
09/07/21,4.3455,4.27,4.369,4.2535,81.77K,1.90%
08/07/21,4.2645,4.308,4.324,4.2325,72.14K,-1.34%
07/07/21,4.3225,4.2505,4.362,4.2475,81.23K,1.68%
06/07/21,4.251,4.281,4.4025,4.234,147.24K,-2.14%
05/07/21,4.344,4.3135,4.3575,4.309,,1.59%
02/07/21,4.276,4.2425,4.2945,4.2275,52.90K,0.94%
01/07/21,4.236,4.289,4.3145,4.2265,70.96K,-1.24%
30/06/21,4.289,4.2575,4.335,4.2515,71.40K,0.57%
29/06/21,4.2645,4.278,4.281,4.203,68.65K,-0.36%
28/06/21,4.28,4.2845,4.3045,4.2535,1.44K,-0.24%
25/06/21,4.2905,4.3145,4.3305,4.2675,0.83K,-0.38%
24/06/21,4.307,4.3135,4.321,4.2615,0.29K,-0.45%
23/06/21,4.3265,4.227,4.338,4.227,0.74K,2.41%
22/06/21,4.2245,4.179,4.2475,4.173,0.53K,0.96%
21/06/21,4.1845,4.137,4.1895,4.1125,0.70K,0.55%
18/06/21,4.1615,4.1775,4.2195,4.125,0.27K,-0.50%
17/06/21,4.1825,4.278,4.3405,4.16,0.62K,-4.69%
16/06/21,4.3885,4.3405,4.4005,4.2745,0.73K,1.18%
15/06/21,4.3375,4.5315,4.5315,4.32,0.78K,-4.27%
14/06/21,4.531,4.5655,4.5705,4.5085,0.24K,-0.23%
11/06/21,4.5415,4.491,4.595,4.486,0.25K,1.17%
10/06/21,4.489,4.5195,4.5205,4.448,0.30K,-1.00%
09/06/21,4.5345,4.544,4.561,4.49,0.20K,-0.54%
08/06/21,4.559,4.5225,4.561,4.473,0.25K,0.65%
07/06/21,4.5295,4.5285,4.533,4.485,0.29K,-0.04%
04/06/21,4.5315,4.47,4.538,4.4465,0.31K,1.46%
03/06/21,4.4665,4.6095,4.619,4.4335,0.47K,-2.80%
02/06/21,4.595,4.6575,4.6655,4.585,0.19K,-1.32%
01/06/21,4.6565,4.6925,4.697,4.646,0.32K,-0.52%
31/05/21,4.681,4.693,4.7047,4.6525,,-0.27%
30/05/21,4.6937,4.6723,4.695,4.6697,,0.27%
28/05/21,4.681,4.676,4.681,4.6005,0.65K,0.32%
27/05/21,4.666,4.519,4.68,4.509,0.84K,3.01%
26/05/21,4.5295,4.5105,4.547,4.4945,65.58K,0.51%
25/05/21,4.5065,4.5315,4.5815,4.491,86.45K,-0.42%
24/05/21,4.5255,4.502,4.5415,4.444,79.53K,0.99%
21/05/21,4.481,4.535,4.5625,4.469,105.06K,-1.90%
20/05/21,4.568,4.572,4.625,4.523,102.54K,-0.19%
19/05/21,4.5765,4.7065,4.728,4.5285,142.07K,-3.15%
18/05/21,4.7255,4.7155,4.782,4.704,78.11K,0.30%
17/05/21,4.7115,4.6675,4.722,4.6405,76.76K,1.22%
14/05/21,4.6545,4.686,4.712,4.606,115.49K,-0.77%
13/05/21,4.6905,4.719,4.7675,4.6435,113.72K,-0.96%
12/05/21,4.736,4.8,4.8245,4.706,108.33K,-0.55%
11/05/21,4.762,4.665,4.8035,4.6625,109.38K,0.98%
10/05/21,4.716,4.78,4.888,4.6875,160.25K,-0.68%
07/05/21,4.7485,4.609,4.751,4.5975,120.25K,3.17%
06/05/21,4.6025,4.519,4.6125,4.5005,79.80K,1.74%
05/05/21,4.524,4.556,4.5725,4.5035,64.61K,0.06%
04/05/21,4.5215,4.5285,4.5625,4.49,64.43K,-0.15%
03/05/21,4.5285,4.462,4.5355,4.435,40.97K,1.35%
30/04/21,4.468,4.483,4.5305,4.446,74.28K,-0.41%
29/04/21,4.4865,4.5,4.551,4.4645,92.26K,-0.26%
28/04/21,4.498,4.483,4.517,4.4175,2.64K,0.25%
27/04/21,4.487,4.446,4.5225,4.446,1.78K,0.99%
26/04/21,4.443,4.3385,4.4545,4.3355,1.66K,2.37%
23/04/21,4.34,4.27,4.3475,4.27,0.79K,1.45%
22/04/21,4.278,4.294,4.294,4.256,0.90K,-0.15%
21/04/21,4.2845,4.215,4.3,4.215,1.03K,1.55%
20/04/21,4.219,4.246,4.2965,4.2075,0.45K,-0.57%
19/04/21,4.243,4.18,4.28,4.159,0.52K,1.70%
16/04/21,4.172,4.2375,4.2455,4.168,0.28K,-1.21%
15/04/21,4.223,4.1215,4.2345,4.1115,0.73K,2.21%
14/04/21,4.1315,4.0425,4.136,4.0385,0.50K,2.35%
13/04/21,4.0365,4.012,4.0515,4.012,0.42K,0.35%
12/04/21,4.0225,4.057,4.062,3.9965,0.59K,-0.54%
09/04/21,4.0445,4.097,4.1005,4.0425,0.37K,-1.33%
08/04/21,4.099,4.067,4.1,4.05,0.43K,1.02%
07/04/21,4.0575,4.1085,4.116,4.038,0.24K,-1.47%
06/04/21,4.118,4.1365,4.137,4.0815,0.15K,-0.52%
05/04/21,4.1395,4.0345,4.154,4.0345,0.34K,3.64%
01/04/21,3.994,3.99,4.014,3.95,0.15K,-0.15%
31/03/21,4,3.983,4.0135,3.96,0.31K,0.45%
30/03/21,3.982,4.036,4.0465,3.97,0.08K,-1.30%
29/03/21,4.0345,4.08,4.0825,4.008,61.61K,-0.82%
26/03/21,4.068,3.997,4.083,3.994,63.83K,2.26%
25/03/21,3.978,4.026,4.046,3.942,108.97K,-2.12%
24/03/21,4.064,4.0265,4.105,4.017,73.58K,-0.38%
23/03/21,4.0795,4.1445,4.165,4.016,81.75K,-1.45%
22/03/21,4.1395,4.1075,4.148,4.076,58.81K,0.64%
19/03/21,4.113,4.063,4.1215,4.0105,75.17K,0.12%
18/03/21,4.108,4.144,4.157,4.048,67.41K,-0.27%
17/03/21,4.119,4.0625,4.1615,4.046,58.92K,1.17%
16/03/21,4.0715,4.1415,4.1495,4.0405,72.25K,-1.67%
15/03/21,4.1405,4.16,4.19,4.1105,60.22K,0.01%
12/03/21,4.14,4.144,4.158,4.0665,68.50K,0.02%
11/03/21,4.139,4.0355,4.15,4.0095,89.65K,2.64%
10/03/21,4.0325,4.0135,4.0625,3.9815,74.71K,0.60%
09/03/21,4.0085,4.0795,4.121,3.972,105.19K,-2.06%
08/03/21,4.093,4.117,4.1705,3.9965,112.00K,0.43%
05/03/21,4.0755,3.9535,4.1105,3.9015,130.26K,2.44%
04/03/21,3.9785,4.1065,4.1505,3.849,172.33K,-3.95%
03/03/21,4.142,4.208,4.2215,4.102,106.17K,-1.89%
02/03/21,4.222,4.1005,4.2275,4.0415,125.09K,2.65%
01/03/21,4.113,4.106,4.181,4.089,106.83K,0.50%
26/02/21,4.0925,4.2055,4.2555,4.0765,176.04K,-4.01%
25/02/21,4.2635,4.3215,4.3755,4.191,167.03K,-0.88%
24/02/21,4.3015,4.208,4.325,4.146,2.49K,2.78%
23/02/21,4.185,4.1515,4.2295,4.0945,1.41K,0.93%
22/02/21,4.1465,4.075,4.2135,4.075,2.04K,1.70%
19/02/21,4.077,3.911,4.095,3.8915,1.06K,4.40%
18/02/21,3.905,3.8295,3.93,3.829,0.51K,2.13%
17/02/21,3.8235,3.827,3.8375,3.7985,0.50K,-0.29%
16/02/21,3.8345,3.8,3.841,3.8,0.42K,0.33%
15/02/21,3.8218,3.8005,3.834,3.7997,,0.57%
14/02/21,3.8003,3.796,3.8087,3.796,,0.34%
12/02/21,3.7875,3.768,3.7995,3.743,0.21K,0.37%
11/02/21,3.7735,3.754,3.7825,3.754,0.14K,0.01%
10/02/21,3.773,3.7245,3.7865,3.7245,0.13K,1.45%
09/02/21,3.719,3.675,3.7195,3.675,0.26K,1.43%
08/02/21,3.6665,3.6485,3.675,3.6265,0.11K,1.09%
05/02/21,3.627,3.5605,3.636,3.5605,0.09K,2.03%
04/02/21,3.555,3.5665,3.5785,3.5435,0.19K,-0.29%
03/02/21,3.5655,3.5115,3.5625,3.51,0.17K,1.16%
02/02/21,3.5245,3.525,3.5315,3.5145,0.07K,-0.59%
01/02/21,3.5455,3.547,3.581,3.528,0.10K,-0.35%
29/01/21,3.558,3.576,3.6035,3.539,0.30K,-0.61%
28/01/21,3.58,3.542,3.5905,3.501,0.15K,0.63%
27/01/21,3.5575,3.617,3.628,3.5205,105.18K,-1.71%
26/01/21,3.6195,3.6295,3.6415,3.581,60.31K,-0.28%
25/01/21,3.6295,3.6215,3.6405,3.592,63.75K,0.10%
22/01/21,3.626,3.647,3.652,3.5635,82.15K,-0.59%
21/01/21,3.6475,3.644,3.6735,3.6335,54.04K,0.16%
20/01/21,3.6415,3.627,3.664,3.616,52.14K,0.22%
19/01/21,3.6335,3.593,3.6535,3.5585,110.27K,0.46%
18/01/21,3.6168,3.5762,3.6488,3.5737,,1.14%
17/01/21,3.576,3.6,3.606,3.5585,,-0.72%
15/01/21,3.602,3.6735,3.684,3.5865,72.98K,-1.71%
14/01/21,3.6645,3.6105,3.675,3.6015,71.34K,1.31%
13/01/21,3.617,3.646,3.6495,3.605,64.87K,0.32%
12/01/21,3.6055,3.558,3.6485,3.557,78.26K,1.15%
11/01/21,3.5645,3.6925,3.6925,3.5515,95.19K,-2.97%
08/01/21,3.6735,3.706,3.734,3.629,106.39K,-0.61%
07/01/21,3.696,3.6615,3.7115,3.6405,63.68K,1.25%
06/01/21,3.6505,3.6465,3.7075,3.6245,93.05K,0.30%
05/01/21,3.6395,3.556,3.663,3.556,65.95K,2.39%
04/01/21,3.5545,3.527,3.607,3.522,78.59K,0.98%
01/01/21,3.52,3.52,3.52,3.52,,0.03%
31/12/20,3.519,3.5445,3.5595,3.5055,42.98K,-0.85%
30/12/20,3.549,3.5525,3.583,3.5405,39.01K,-0.13%
29/12/20,3.5535,3.5795,3.5805,3.546,0.24K,-0.46%
28/12/20,3.57,3.5815,3.61,3.568,0.08K,0.24%
24/12/20,3.5615,3.5545,3.567,3.5485,0.07K,0.18%
23/12/20,3.555,3.5115,3.5585,3.48,0.11K,1.02%
22/12/20,3.519,3.5775,3.5775,3.5085,0.44K,-1.58%
21/12/20,3.5755,3.628,3.628,3.547,0.11K,-1.50%
18/12/20,3.63,3.6,3.641,3.5945,0.13K,0.83%
17/12/20,3.6,3.5645,3.608,3.5645,0.04K,1.19%
16/12/20,3.5575,3.543,3.57,3.5385,0.09K,0.44%
15/12/20,3.542,3.501,3.5485,3.5,0.16K,0.51%
14/12/20,3.524,3.5355,3.548,3.5065,0.18K,-0.06%
11/12/20,3.526,3.5955,3.618,3.4935,0.09K,-1.30%
10/12/20,3.5725,3.4935,3.5835,3.4855,0.08K,1.77%
09/12/20,3.5105,3.5045,3.5185,3.492,0.10K,0.40%
08/12/20,3.4965,3.4855,3.498,3.4665,0.09K,-0.50%
07/12/20,3.514,3.534,3.5365,3.4775,0.07K,-0.20%
04/12/20,3.521,3.4815,3.527,3.4815,0.06K,0.99%
03/12/20,3.4865,3.482,3.514,3.471,0.09K,0.06%
02/12/20,3.4845,3.4785,3.491,3.4415,0.14K,0.13%
01/12/20,3.48,3.464,3.511,3.4585,0.38K,1.35%
30/11/20,3.4335,3.421,3.4915,3.421,0.16K,0.63%
27/11/20,3.412,3.347,3.416,3.347,0.65K,1.92%
26/11/20,3.3478,3.3117,3.3585,3.309,,0.90%
25/11/20,3.318,3.32,3.338,3.288,1.03K,0.32%
24/11/20,3.3075,3.274,3.322,3.27,0.55K,1.30%
23/11/20,3.265,3.295,3.295,3.243,0.63K,-0.99%
20/11/20,3.2975,3.2125,3.3055,3.2115,0.39K,2.77%
19/11/20,3.2085,3.202,3.222,3.1865,0.28K,0.16%
18/11/20,3.2035,3.21,3.2415,3.202,0.46K,0.02%
17/11/20,3.203,3.227,3.227,3.187,0.27K,-0.68%
16/11/20,3.225,3.2,3.26,3.2,0.25K,1.40%
13/11/20,3.1805,3.14,3.19,3.14,0.07K,1.03%
12/11/20,3.148,3.1345,3.1625,3.1245,0.13K,0.33%
11/11/20,3.1375,3.159,3.173,3.123,0.05K,-0.70%
10/11/20,3.1595,3.159,3.1605,3.105,0.15K,0.00%
09/11/20,3.1595,3.1645,3.2065,3.144,0.21K,0.08%
06/11/20,3.157,3.1125,3.174,3.1085,0.13K,1.40%
05/11/20,3.1135,3.1025,3.1285,3.0875,0.14K,0.13%
04/11/20,3.1095,3.113,3.1165,3.045,0.09K,0.52%
03/11/20,3.0935,3.0905,3.1185,3.0895,0.11K,0.41%
02/11/20,3.081,3.055,3.091,3.052,0.06K,0.97%
30/10/20,3.0515,3.068,3.068,3.045,0.26K,-0.28%
29/10/20,3.06,3.081,3.081,3.0595,0.02K,-0.13%
28/10/20,3.064,3.088,3.1065,3.042,89.55K,-0.95%
27/10/20,3.0935,3.0915,3.1125,3.08,56.27K,0.13%
26/10/20,3.0895,3.1415,3.143,3.077,74.73K,-1.26%
23/10/20,3.129,3.164,3.1645,3.1245,50.62K,-0.78%
22/10/20,3.1535,3.1955,3.196,3.1425,74.34K,-1.41%
21/10/20,3.1985,3.1415,3.218,3.1405,80.17K,1.60%
20/10/20,3.148,3.0835,3.1705,3.073,78.89K,2.01%
19/10/20,3.086,3.0605,3.108,3.057,53.71K,0.60%
16/10/20,3.0675,3.0875,3.096,3.0555,49.49K,-0.58%
15/10/20,3.0855,3.0505,3.0935,3.0245,73.52K,1.15%
14/10/20,3.0505,3.0415,3.0685,3.038,44.20K,0.20%
13/10/20,3.0445,3.0635,3.067,3.0265,60.94K,-0.64%
12/10/20,3.064,3.0795,3.093,3.052,50.42K,-0.60%
09/10/20,3.0825,3.042,3.098,3.039,77.72K,1.33%
08/10/20,3.042,3.0315,3.0475,3.0115,60.11K,0.30%
07/10/20,3.033,2.927,3.055,2.9225,88.20K,2.35%
06/10/20,2.9635,2.9635,2.9765,2.9205,45.41K,0.02%
05/10/20,2.963,2.98,2.9845,2.932,56.24K,-0.49%
02/10/20,2.9775,2.8775,2.9865,2.8345,112.08K,3.91%
01/10/20,2.8655,3.016,3.0465,2.854,116.11K,-5.51%
30/09/20,3.0325,2.9955,3.0415,2.9755,81.63K,1.42%
29/09/20,2.99,3,3.006,2.955,67.93K,0.07%
28/09/20,2.988,2.9885,3.0065,2.9735,0.28K,0.56%
25/09/20,2.9715,2.976,2.992,2.9425,0.48K,0.13%
24/09/20,2.9675,2.96,2.9775,2.9145,0.18K,-0.84%
23/09/20,2.9925,3.06,3.06,2.9495,0.30K,-2.21%
22/09/20,3.06,3.043,3.083,3.0425,0.26K,0.94%
21/09/20,3.0315,3.1,3.11,3.027,0.21K,-2.65%
18/09/20,3.114,3.0845,3.114,3.065,0.16K,1.48%
17/09/20,3.0685,3.036,3.078,3.0195,0.18K,0.33%
16/09/20,3.0585,3.0435,3.0735,3.043,0.20K,-0.08%
15/09/20,3.061,3.0695,3.0805,3.043,0.32K,-0.13%
14/09/20,3.065,3.0485,3.071,3.0265,0.37K,0.96%
11/09/20,3.036,2.9735,3.045,2.9735,0.30K,1.45%
10/09/20,2.9925,3.0515,3.0515,2.9545,0.30K,-1.76%
09/09/20,3.046,3.0055,3.0525,3.0055,0.73K,0.86%
08/09/20,3.02,3.071,3.0775,2.9975,0.17K,-1.62%
07/09/20,3.0697,3.074,3.088,3.0427,,-0.16%
06/09/20,3.0745,3.079,3.079,3.0623,,0.61%
04/09/20,3.056,2.962,3.074,2.962,0.36K,2.91%
03/09/20,2.9695,3.007,3.007,2.955,0.09K,-1.51%
02/09/20,3.015,2.9975,3.0325,2.9955,0.12K,-0.25%
01/09/20,3.0225,3.047,3.083,3.014,0.17K,-1.08%
31/08/20,3.0555,3.0345,3.06,3.0335,0.15K,1.44%
28/08/20,3.012,3.012,3.023,3.0085,0.45K,1.23%
27/08/20,2.9755,2.983,2.9955,2.9415,0.87K,0.24%
26/08/20,2.9685,2.9535,2.983,2.943,0.19K,0.92%
25/08/20,2.9415,2.9335,2.9505,2.9195,0.39K,0.31%
24/08/20,2.9325,2.939,2.969,2.924,0.30K,0.29%
21/08/20,2.924,3,3.0035,2.918,0.40K,-1.91%
20/08/20,2.981,2.9865,3.002,2.959,0.17K,-1.55%
19/08/20,3.028,2.983,3.03,2.983,0.27K,1.59%
18/08/20,2.9805,2.913,2.985,2.899,0.47K,2.46%
17/08/20,2.909,2.8645,2.9235,2.86,0.19K,1.43%
14/08/20,2.868,2.8005,2.8675,2.8005,0.09K,1.85%
13/08/20,2.816,2.8575,2.8675,2.781,0.24K,-2.86%
12/08/20,2.899,2.832,2.906,2.832,0.22K,0.52%
11/08/20,2.884,2.874,2.886,2.858,0.10K,0.47%
10/08/20,2.8705,2.8145,2.885,2.8145,0.10K,2.44%
07/08/20,2.802,2.904,2.904,2.791,0.31K,-4.01%
06/08/20,2.919,2.9045,2.9195,2.9045,0.29K,-0.21%
05/08/20,2.925,2.92,2.941,2.92,0.03K,0.76%
04/08/20,2.903,2.8975,2.907,2.8975,0.05K,-0.60%
03/08/20,2.9205,2.842,2.9215,2.8415,0.04K,1.51%
31/07/20,2.877,2.9105,2.9105,2.8745,0.36K,-1.54%
30/07/20,2.922,2.9215,2.923,2.889,0.31K,0.10%
29/07/20,2.919,2.9145,2.9435,2.895,57.12K,0.05%
28/07/20,2.9175,2.909,2.94,2.879,70.94K,0.69%
27/07/20,2.8975,2.8925,2.92,2.882,59.87K,0.17%
24/07/20,2.8925,2.9215,2.9305,2.8665,80.31K,-1.57%
23/07/20,2.9385,2.9265,2.954,2.899,56.70K,0.48%
22/07/20,2.9245,2.9635,2.982,2.8915,72.71K,-1.13%
21/07/20,2.958,2.921,2.975,2.9195,51.62K,1.46%
20/07/20,2.9155,2.9065,2.944,2.8815,59.31K,0.38%
17/07/20,2.9045,2.898,2.9175,2.88,49.75K,0.10%
16/07/20,2.9015,2.894,2.906,2.845,71.22K,0.57%
15/07/20,2.885,2.939,2.976,2.873,86.43K,-1.62%
14/07/20,2.9325,2.916,2.946,2.898,83.11K,-0.76%
13/07/20,2.955,2.9195,2.993,2.8955,104.54K,1.98%
10/07/20,2.8975,2.8425,2.917,2.8225,81.46K,2.08%
09/07/20,2.8385,2.8285,2.8755,2.8235,78.98K,0.51%
08/07/20,2.824,2.785,2.8255,2.785,59.18K,0.97%
07/07/20,2.797,2.79,2.799,2.746,62.73K,0.81%
06/07/20,2.7745,2.749,2.7925,2.7235,86.67K,2.80%
03/07/20,2.699,2.733,2.737,2.698,,-1.80%
02/07/20,2.7485,2.759,2.769,2.7305,66.23K,0.53%
01/07/20,2.734,2.7305,2.7585,2.7065,76.63K,0.20%
30/06/20,2.7285,2.698,2.737,2.6955,69.03K,1.34%
29/06/20,2.6925,2.67,2.7055,2.668,61.50K,0.79%
26/06/20,2.6715,2.675,2.705,2.665,0.90K,-0.04%
25/06/20,2.6725,2.6445,2.675,2.644,0.27K,0.70%
24/06/20,2.654,2.666,2.684,2.637,0.31K,-0.38%
23/06/20,2.664,2.66,2.6705,2.6305,0.51K,0.24%
22/06/20,2.6575,2.62,2.6625,2.62,0.17K,1.39%
19/06/20,2.621,2.612,2.657,2.607,0.30K,0.75%
18/06/20,2.6015,2.5995,2.633,2.599,0.53K,0.02%
17/06/20,2.601,2.5725,2.6075,2.567,0.36K,0.93%
16/06/20,2.577,2.6035,2.62,2.548,0.78K,-0.06%
15/06/20,2.5785,2.5975,2.609,2.555,0.38K,-1.23%
12/06/20,2.6105,2.575,2.626,2.575,2.17K,0.58%
11/06/20,2.5955,2.6735,2.6735,2.57,0.11K,-2.63%
10/06/20,2.6655,2.6185,2.7025,2.6185,0.12K,2.24%
09/06/20,2.607,2.593,2.611,2.574,0.20K,1.28%
08/06/20,2.574,2.56,2.5915,2.5455,0.61K,0.43%
05/06/20,2.563,2.5015,2.5735,2.499,0.15K,2.66%
04/06/20,2.4965,2.49,2.5085,2.49,0.07K,0.06%
03/06/20,2.495,2.509,2.51,2.4985,0.05K,-0.14%
02/06/20,2.4985,2.4745,2.5025,2.469,0.03K,0.83%
01/06/20,2.478,2.4585,2.48,2.4575,0.11K,1.79%
29/05/20,2.4345,2.426,2.441,2.426,0.08K,0.54%
28/05/20,2.4215,2.408,2.4255,2.408,0.08K,1.66%
27/05/20,2.382,2.411,2.422,2.3585,73.62K,-1.51%
26/05/20,2.4185,2.3975,2.439,2.386,70.77K,0.52%
25/05/20,2.406,2.398,2.414,2.386,,0.38%
24/05/20,2.397,2.393,2.399,2.387,,0.44%
22/05/20,2.3865,2.4275,2.431,2.3715,60.70K,-1.87%
21/05/20,2.432,2.4605,2.468,2.422,56.13K,-1.14%
20/05/20,2.46,2.41,2.465,2.401,54.34K,1.74%
19/05/20,2.418,2.4245,2.4385,2.4035,59.83K,0.58%
18/05/20,2.404,2.3375,2.4285,2.334,65.07K,3.15%
15/05/20,2.3305,2.362,2.3755,2.3285,48.38K,-0.66%
14/05/20,2.346,2.353,2.365,2.314,53.81K,0.00%
13/05/20,2.346,2.3355,2.375,2.3325,43.80K,-0.55%
12/05/20,2.359,2.384,2.3865,2.3305,48.17K,-0.88%
11/05/20,2.38,2.4095,2.43,2.367,59.01K,-1.08%
08/05/20,2.406,2.379,2.43,2.378,34.75K,1.07%
07/05/20,2.3805,2.342,2.391,2.334,52.22K,1.43%
06/05/20,2.347,2.3325,2.3655,2.3185,45.06K,0.62%
05/05/20,2.3325,2.321,2.34,2.307,38.37K,0.86%
04/05/20,2.3125,2.305,2.322,2.284,30.43K,0.02%
01/05/20,2.312,2.34,2.342,2.286,42.86K,-1.37%
30/04/20,2.344,2.377,2.395,2.335,52.27K,-1.12%
29/04/20,2.3705,2.3425,2.386,2.337,46.81K,0.96%
28/04/20,2.348,2.3475,2.3755,2.3315,1.19K,0.02%
27/04/20,2.3475,2.36,2.382,2.323,0.56K,0.43%
24/04/20,2.3375,2.3145,2.3605,2.294,0.85K,0.99%
23/04/20,2.3145,2.2935,2.34,2.2865,0.59K,0.56%
22/04/20,2.3015,2.2725,2.3035,2.234,0.81K,2.33%
21/04/20,2.249,2.321,2.3215,2.197,3.15K,-3.39%
20/04/20,2.328,2.348,2.36,2.305,1.26K,-1.10%
17/04/20,2.354,2.341,2.3645,2.338,0.28K,2.26%
16/04/20,2.302,2.302,2.3245,2.299,0.44K,-0.09%
15/04/20,2.304,2.337,2.337,2.2875,0.33K,-1.45%
14/04/20,2.338,2.3365,2.343,2.321,0.52K,1.10%
13/04/20,2.3125,2.305,2.35,2.2735,1.12K,1.87%
10/04/20,2.27,2.27,2.27,2.27,,0.09%
09/04/20,2.268,2.288,2.288,2.257,0.71K,0.07%
08/04/20,2.2665,2.265,2.289,2.253,0.45K,-0.46%
07/04/20,2.277,2.227,2.2905,2.227,0.30K,2.52%
06/04/20,2.221,2.1895,2.2305,2.1895,0.20K,1.16%
03/04/20,2.1955,2.2115,2.227,2.1895,0.28K,-1.19%
02/04/20,2.222,2.185,2.23,2.185,0.16K,1.97%
01/04/20,2.179,2.215,2.215,2.1635,0.19K,-2.37%
31/03/20,2.232,2.192,2.2365,2.18,0.22K,3.31%
30/03/20,2.1605,2.161,2.171,2.154,0.19K,-0.53%
27/03/20,2.172,2.1845,2.2035,2.158,54.31K,-0.28%
26/03/20,2.178,2.204,2.2155,2.159,60.76K,-1.18%
25/03/20,2.204,2.1995,2.227,2.1495,74.58K,1.10%
24/03/20,2.18,2.087,2.2395,2.0845,91.04K,3.78%
23/03/20,2.1005,2.1465,2.1465,2.0205,84.92K,-3.27%
20/03/20,2.1715,2.1485,2.2365,2.093,88.78K,-0.64%
19/03/20,2.1855,2.1625,2.199,1.9725,101.07K,1.60%
18/03/20,2.151,2.317,2.3415,2.111,105.93K,-7.02%
17/03/20,2.3135,2.386,2.4255,2.302,101.65K,-3.30%
16/03/20,2.3925,2.51,2.5155,2.335,114.11K,-2.90%
13/03/20,2.464,2.443,2.532,2.4015,124.91K,-0.34%
12/03/20,2.4725,2.4775,2.4845,2.428,116.12K,-1.18%
11/03/20,2.502,2.541,2.542,2.4725,74.67K,-0.77%
10/03/20,2.5215,2.487,2.5655,2.482,93.80K,0.44%
09/03/20,2.5105,2.535,2.535,2.4565,120.97K,-1.95%
06/03/20,2.5605,2.57,2.577,2.532,99.17K,-0.49%
05/03/20,2.573,2.5825,2.6,2.561,62.32K,-0.50%
04/03/20,2.586,2.587,2.6,2.57,58.22K,0.51%
03/03/20,2.573,2.6165,2.625,2.5465,100.56K,-0.85%
02/03/20,2.595,2.522,2.613,2.501,106.89K,2.17%
28/02/20,2.54,2.5565,2.5775,2.506,130.45K,-1.22%
27/02/20,2.5715,2.5665,2.582,2.5255,110.45K,-0.08%
26/02/20,2.5735,2.5665,2.581,2.5485,1.25K,-0.27%
25/02/20,2.5805,2.577,2.5945,2.562,0.65K,-0.04%
24/02/20,2.5815,2.593,2.593,2.5645,0.61K,-1.19%
21/02/20,2.6125,2.594,2.62,2.567,0.64K,0.77%
20/02/20,2.5925,2.6175,2.6245,2.585,0.78K,-0.69%
19/02/20,2.6105,2.614,2.6305,2.582,0.61K,0.08%
18/02/20,2.6085,2.6105,2.635,2.598,0.26K,-0.44%
17/02/20,2.62,2.607,2.633,2.602,,0.50%
16/02/20,2.607,2.599,2.61,2.599,,0.12%
14/02/20,2.604,2.6165,2.6205,2.6005,0.31K,-0.52%
13/02/20,2.6175,2.595,2.6305,2.59,0.31K,0.46%
12/02/20,2.6055,2.5875,2.614,2.587,0.83K,0.70%
11/02/20,2.5875,2.5815,2.6095,2.5725,0.23K,1.29%
10/02/20,2.5545,2.548,2.5795,2.546,0.22K,-0.10%
07/02/20,2.557,2.596,2.5965,2.5505,0.36K,-1.52%
06/02/20,2.5965,2.5895,2.6245,2.5895,0.50K,0.70%
05/02/20,2.5785,2.5495,2.604,2.5485,0.37K,1.30%
04/02/20,2.5455,2.5085,2.571,2.5085,0.65K,1.39%
03/02/20,2.5105,2.511,2.5615,2.491,0.54K,-0.38%
31/01/20,2.52,2.5495,2.5655,2.509,0.47K,-0.30%
30/01/20,2.5275,2.5475,2.5525,2.523,0.14K,-1.04%
29/01/20,2.554,2.588,2.6065,2.553,87.19K,-0.99%
28/01/20,2.5795,2.5935,2.6085,2.5775,100.47K,-0.65%
27/01/20,2.5965,2.6675,2.673,2.5915,118.99K,-3.26%
24/01/20,2.684,2.731,2.736,2.6775,72.57K,-1.54%
23/01/20,2.726,2.768,2.7725,2.711,88.85K,-1.41%
22/01/20,2.765,2.788,2.805,2.7635,71.19K,-1.02%
21/01/20,2.7935,2.847,2.861,2.79,103.87K,-1.78%
20/01/20,2.844,2.852,2.861,2.837,,-0.25%
19/01/20,2.851,2.846,2.851,2.845,,0.19%
17/01/20,2.8455,2.852,2.8755,2.8415,59.52K,-0.05%
16/01/20,2.847,2.8625,2.886,2.8415,73.55K,-0.66%
15/01/20,2.866,2.87,2.8705,2.8365,55.20K,-0.26%
14/01/20,2.8735,2.856,2.8745,2.8495,74.97K,0.44%
13/01/20,2.861,2.8055,2.864,2.8055,73.10K,1.69%
10/01/20,2.8135,2.8,2.836,2.7955,60.79K,0.41%
09/01/20,2.802,2.808,2.819,2.7955,53.12K,-0.36%
08/01/20,2.812,2.7955,2.814,2.763,77.70K,0.66%
07/01/20,2.7935,2.789,2.804,2.78,59.47K,0.13%
06/01/20,2.79,2.765,2.7955,2.7645,59.57K,0.11%
03/01/20,2.787,2.825,2.8255,2.7595,74.75K,-1.35%
02/01/20,2.825,2.8035,2.8295,2.794,72.46K,0.68%
01/01/20,2.806,2.798,2.807,2.798,,0.32%
31/12/19,2.797,2.8205,2.822,2.796,42.72K,-1.29%
30/12/19,2.8335,2.8255,2.838,2.819,46.91K,0.21%
27/12/19,2.8275,2.849,2.849,2.816,0.18K,-0.70%
26/12/19,2.8475,2.833,2.855,2.8325,0.14K,0.33%
25/12/19,2.838,2.825,2.842,2.825,,0.41%
24/12/19,2.8265,2.8185,2.83,2.812,0.16K,0.61%
23/12/19,2.8095,2.801,2.807,2.794,0.38K,0.16%
20/12/19,2.805,2.8245,2.8255,2.7975,0.21K,-0.76%
19/12/19,2.8265,2.8005,2.826,2.8005,0.48K,0.55%
18/12/19,2.811,2.7945,2.8105,2.7945,0.62K,-0.05%
17/12/19,2.8125,2.807,2.8165,2.805,0.48K,0.12%
16/12/19,2.809,2.7885,2.8145,2.7855,2.32K,1.13%
13/12/19,2.7775,2.816,2.825,2.7675,0.45K,-0.54%
12/12/19,2.7925,2.778,2.809,2.7675,0.24K,0.25%
11/12/19,2.7855,2.77,2.7915,2.7675,0.29K,0.87%
10/12/19,2.7615,2.7455,2.7625,2.7445,0.26K,0.27%
09/12/19,2.754,2.7355,2.7565,2.7205,0.38K,1.23%
06/12/19,2.7205,2.6705,2.7475,2.665,0.11K,2.33%
05/12/19,2.6585,2.659,2.6655,2.6545,0.33K,0.15%
04/12/19,2.6545,2.6195,2.6605,2.6195,0.19K,1.39%
03/12/19,2.618,2.645,2.645,2.6215,0.08K,-1.04%
02/12/19,2.6455,2.649,2.657,2.644,0.11K,-0.40%
29/11/19,2.656,2.6655,2.6655,2.649,0.24K,-0.52%
28/11/19,2.67,2.694,2.695,2.667,,-0.76%
27/11/19,2.6905,2.6825,2.7025,2.6825,0.66K,0.17%
26/11/19,2.686,2.653,2.687,2.6445,1.48K,1.22%
25/11/19,2.6535,2.65,2.6735,2.6405,0.71K,0.08%
22/11/19,2.6515,2.631,2.653,2.623,0.51K,0.91%
21/11/19,2.6275,2.6495,2.6525,2.6255,0.81K,-0.92%
20/11/19,2.652,2.6535,2.666,2.6455,1.15K,-0.26%
19/11/19,2.659,2.6245,2.663,2.6225,0.91K,1.31%
18/11/19,2.6245,2.642,2.648,2.621,1.03K,-0.68%
15/11/19,2.6425,2.63,2.6465,2.6295,0.42K,0.61%
14/11/19,2.6265,2.645,2.66,2.623,0.76K,-0.64%
13/11/19,2.6435,2.653,2.6545,2.6375,0.76K,-0.25%
12/11/19,2.65,2.664,2.687,2.647,0.47K,-0.67%
11/11/19,2.668,2.692,2.692,2.6625,0.25K,-0.67%
08/11/19,2.686,2.722,2.7245,2.681,0.74K,-1.68%
07/11/19,2.732,2.671,2.7325,2.671,0.59K,2.34%
06/11/19,2.6695,2.703,2.703,2.6675,0.31K,-1.31%
05/11/19,2.705,2.6685,2.714,2.668,0.70K,1.10%
04/11/19,2.6755,2.667,2.6805,2.66,0.35K,0.68%
01/11/19,2.6575,2.6505,2.668,2.642,0.41K,0.57%
31/10/19,2.6425,2.6865,2.689,2.635,0.32K,-1.78%
30/10/19,2.6905,2.686,2.6935,2.6675,0.11K,-0.04%
29/10/19,2.6915,2.682,2.697,2.6725,52.04K,0.32%
28/10/19,2.683,2.685,2.689,2.6735,49.12K,0.28%
25/10/19,2.6755,2.6665,2.6905,2.659,57.34K,0.28%
24/10/19,2.668,2.669,2.6795,2.659,61.06K,-0.13%
23/10/19,2.6715,2.6355,2.6745,2.6145,75.68K,1.46%
22/10/19,2.633,2.645,2.6505,2.6295,46.14K,-0.51%
21/10/19,2.6465,2.6395,2.66,2.6305,54.49K,0.40%
18/10/19,2.636,2.6,2.646,2.585,71.81K,1.48%
17/10/19,2.5975,2.587,2.6175,2.577,53.90K,0.31%
16/10/19,2.5895,2.6125,2.613,2.573,54.26K,-0.94%
15/10/19,2.614,2.632,2.6415,2.606,53.71K,-0.76%
14/10/19,2.634,2.6275,2.6345,2.594,58.73K,0.23%
11/10/19,2.628,2.611,2.6385,2.606,71.34K,0.55%
10/10/19,2.6135,2.569,2.62,2.5475,76.15K,1.77%
09/10/19,2.568,2.567,2.5795,2.5605,46.71K,-0.02%
08/10/19,2.5685,2.573,2.6015,2.5615,62.32K,-0.33%
07/10/19,2.577,2.557,2.5895,2.5525,49.61K,0.57%
04/10/19,2.5625,2.5535,2.566,2.53,48.82K,0.35%
03/10/19,2.5535,2.566,2.582,2.5385,51.49K,-0.66%
02/10/19,2.5705,2.565,2.5855,2.5475,62.20K,0.39%
01/10/19,2.5605,2.574,2.577,2.515,74.86K,-0.70%
30/09/19,2.5785,2.598,2.6185,2.5725,50.07K,-0.73%
27/09/19,2.5975,2.577,2.613,2.5705,59.06K,1.03%
26/09/19,2.571,2.602,2.61,2.5705,0.80K,-1.34%
25/09/19,2.606,2.5985,2.607,2.5825,0.51K,0.17%
24/09/19,2.6015,2.6055,2.615,2.595,0.48K,-0.19%
23/09/19,2.6065,2.5915,2.613,2.57,0.23K,0.19%
20/09/19,2.6015,2.6095,2.623,2.587,0.29K,-0.06%
19/09/19,2.603,2.606,2.615,2.6,0.22K,-0.17%
18/09/19,2.6075,2.6275,2.6305,2.5995,0.13K,-0.53%
17/09/19,2.6215,2.63,2.63,2.6035,0.24K,-0.47%
16/09/19,2.634,2.697,2.697,2.633,0.88K,-2.21%
13/09/19,2.6935,2.64,2.6975,2.64,0.23K,2.22%
12/09/19,2.635,2.6295,2.6575,2.59,0.54K,1.00%
11/09/19,2.609,2.6115,2.631,2.607,0.14K,-0.51%
10/09/19,2.6225,2.63,2.63,2.605,0.15K,0.04%
09/09/19,2.6215,2.617,2.622,2.612,0.24K,-0.27%
06/09/19,2.6285,2.6285,2.642,2.6175,0.29K,-0.30%
05/09/19,2.6365,2.5995,2.6405,2.5835,0.67K,1.80%
04/09/19,2.59,2.5265,2.59,2.5265,0.65K,2.64%
03/09/19,2.5235,2.5365,2.5365,2.4925,0.77K,-0.34%
02/09/19,2.532,2.552,2.567,2.528,,-0.78%
01/09/19,2.552,2.557,2.557,2.547,,0.20%
30/08/19,2.547,2.572,2.577,2.5445,0.33K,-1.03%
29/08/19,2.5735,2.5535,2.588,2.5505,2.56K,0.57%
28/08/19,2.559,2.552,2.5655,2.542,2.10K,0.35%
27/08/19,2.55,2.541,2.572,2.5325,1.23K,0.14%
26/08/19,2.5465,2.52,2.549,2.5,1.24K,0.47%
23/08/19,2.5345,2.563,2.574,2.53,0.28K,-1.05%
22/08/19,2.5615,2.581,2.586,2.552,0.48K,-1.06%
21/08/19,2.589,2.5795,2.592,2.579,0.53K,0.29%
20/08/19,2.5815,2.602,2.6025,2.5755,0.19K,-0.90%
19/08/19,2.605,2.598,2.6175,2.598,0.14K,0.25%
16/08/19,2.5985,2.591,2.596,2.59,0.11K,0.00%
15/08/19,2.5985,2.606,2.606,2.5875,0.29K,0.12%
14/08/19,2.5955,2.6105,2.6105,2.5875,0.29K,-1.44%
13/08/19,2.6335,2.602,2.6395,2.5805,0.50K,1.76%
12/08/19,2.588,2.5965,2.5965,2.5805,0.71K,-0.17%
09/08/19,2.5925,2.616,2.616,2.587,0.57K,-0.69%
08/08/19,2.6105,2.5935,2.616,2.5935,0.17K,1.38%
07/08/19,2.575,2.574,2.592,2.551,0.41K,0.53%
06/08/19,2.5615,2.548,2.572,2.548,0.79K,0.49%
05/08/19,2.549,2.5625,2.565,2.548,0.59K,-1.11%
02/08/19,2.5775,2.6145,2.629,2.567,0.69K,-3.48%
01/08/19,2.6705,2.665,2.67,2.625,0.33K,-0.04%
31/07/19,2.6715,2.688,2.688,2.67,0.86K,-0.43%
30/07/19,2.683,2.7045,2.7045,2.681,0.29K,-1.27%
29/07/19,2.7175,2.6905,2.721,2.6815,55.52K,1.21%
26/07/19,2.685,2.7065,2.712,2.684,58.82K,-0.68%
25/07/19,2.7035,2.7115,2.7385,2.7,63.42K,-0.31%
24/07/19,2.712,2.706,2.7205,2.698,50.45K,0.44%
23/07/19,2.7,2.716,2.73,2.6875,65.12K,-0.81%
22/07/19,2.722,2.753,2.7595,2.718,66.57K,-1.11%
19/07/19,2.7525,2.7195,2.803,2.715,132.64K,1.57%
18/07/19,2.71,2.701,2.7205,2.6925,51.68K,-0.22%
17/07/19,2.716,2.695,2.717,2.682,54.35K,0.59%
16/07/19,2.7,2.715,2.7355,2.694,67.46K,-0.41%
15/07/19,2.711,2.6975,2.728,2.6855,60.29K,0.63%
12/07/19,2.694,2.688,2.7145,2.6725,57.60K,0.24%
11/07/19,2.6875,2.689,2.698,2.6785,62.90K,-0.24%
10/07/19,2.694,2.628,2.6995,2.625,86.28K,2.63%
09/07/19,2.625,2.6575,2.659,2.612,78.23K,-1.28%
08/07/19,2.659,2.6695,2.689,2.6545,58.27K,-0.08%
05/07/19,2.661,2.6845,2.6875,2.6445,69.03K,-0.71%
04/07/19,2.68,2.685,2.687,2.67,,-0.11%
03/07/19,2.683,2.665,2.686,2.6365,52.69K,0.71%
02/07/19,2.664,2.688,2.6965,2.6555,66.39K,-0.89%
01/07/19,2.688,2.75,2.757,2.677,86.27K,-0.94%
28/06/19,2.7135,2.721,2.728,2.7025,53.97K,-0.11%
27/06/19,2.7165,2.7135,2.728,2.7,70.43K,0.04%
26/06/19,2.7155,2.729,2.7525,2.7025,0.90K,-0.77%
25/06/19,2.7365,2.709,2.746,2.702,1.13K,1.11%
24/06/19,2.7065,2.7045,2.7125,2.684,1.48K,0.04%
21/06/19,2.7055,2.716,2.7195,2.688,1.06K,-0.26%
20/06/19,2.7125,2.695,2.73,2.695,0.56K,1.19%
19/06/19,2.6805,2.7035,2.7075,2.6755,0.21K,-0.81%
18/06/19,2.7025,2.645,2.7105,2.645,0.57K,2.15%
17/06/19,2.6455,2.638,2.654,2.6195,0.69K,0.55%
14/06/19,2.631,2.648,2.648,2.6295,0.40K,-1.02%
13/06/19,2.658,2.6535,2.662,2.637,0.55K,0.11%
12/06/19,2.655,2.6715,2.6715,2.641,0.41K,-0.67%
11/06/19,2.673,2.6755,2.698,2.6675,0.46K,0.39%
10/06/19,2.6625,2.6405,2.6665,2.6395,0.36K,1.25%
07/06/19,2.6295,2.6505,2.6525,2.6045,0.43K,-0.83%
06/06/19,2.6515,2.6405,2.6505,2.636,0.24K,1.03%
05/06/19,2.6245,2.669,2.6735,2.6245,0.91K,-1.70%
04/06/19,2.67,2.657,2.6705,2.643,0.29K,0.72%
03/06/19,2.651,2.625,2.6555,2.6235,0.21K,0.40%
31/05/19,2.6405,2.6435,2.653,2.6355,0.52K,-0.60%
30/05/19,2.6565,2.671,2.6715,2.6435,0.41K,-0.28%
29/05/19,2.664,2.696,2.698,2.6585,60.70K,-1.19%
28/05/19,2.696,2.701,2.718,2.6885,63.39K,-0.63%
27/05/19,2.713,2.7,2.717,2.696,,0.44%
26/05/19,2.701,2.699,2.703,2.695,,0.06%
24/05/19,2.6995,2.6815,2.7085,2.6805,54.24K,0.71%
23/05/19,2.6805,2.6755,2.689,2.6545,70.82K,0.09%
22/05/19,2.678,2.715,2.719,2.67,65.88K,-1.36%
21/05/19,2.715,2.7275,2.7425,2.7055,60.84K,-0.40%
20/05/19,2.726,2.7325,2.7505,2.712,47.18K,-0.46%
17/05/19,2.7385,2.748,2.753,2.721,55.66K,-0.35%
16/05/19,2.748,2.7465,2.7775,2.738,60.33K,0.18%
15/05/19,2.743,2.7225,2.7525,2.7155,68.13K,0.66%
14/05/19,2.725,2.72,2.738,2.714,62.62K,0.22%
13/05/19,2.719,2.768,2.7735,2.709,78.97K,-2.00%
10/05/19,2.7745,2.7675,2.797,2.756,91.46K,0.11%
09/05/19,2.7715,2.7695,2.778,2.731,89.88K,-0.11%
08/05/19,2.7745,2.7875,2.81,2.76,94.12K,-0.39%
07/05/19,2.7855,2.8275,2.841,2.7755,103.41K,-1.56%
06/05/19,2.8295,2.799,2.8485,2.7415,89.11K,0.37%
03/05/19,2.819,2.782,2.833,2.775,80.32K,1.42%
02/05/19,2.7795,2.793,2.8065,2.7715,81.05K,-0.79%
01/05/19,2.8015,2.9075,2.9135,2.7865,112.25K,-3.53%
30/04/19,2.904,2.892,2.9235,2.88,64.72K,0.24%
29/04/19,2.897,2.8935,2.907,2.873,70.62K,0.19%
26/04/19,2.8915,2.864,2.8945,2.8625,1.04K,0.92%
25/04/19,2.865,2.912,2.92,2.86,0.56K,-1.66%
24/04/19,2.9135,2.9005,2.9175,2.898,0.86K,0.53%
23/04/19,2.898,2.9085,2.915,2.8825,0.41K,-0.24%
22/04/19,2.905,2.9305,2.932,2.898,0.33K,-0.45%
19/04/19,2.918,2.918,2.918,2.918,,-0.17%
18/04/19,2.923,2.964,2.964,2.914,0.45K,-1.58%
17/04/19,2.97,2.9485,2.996,2.944,0.45K,1.21%
16/04/19,2.9345,2.939,2.9435,2.931,0.77K,-0.14%
15/04/19,2.9385,2.95,2.95,2.921,0.66K,-0.37%
12/04/19,2.9495,2.8995,2.955,2.8995,0.77K,1.99%
11/04/19,2.892,2.9245,2.929,2.89,0.36K,-1.31%
10/04/19,2.9305,2.935,2.9355,2.9205,0.11K,-0.27%
09/04/19,2.9385,2.9355,2.961,2.9335,0.40K,0.05%
08/04/19,2.937,2.9225,2.939,2.914,0.16K,1.28%
05/04/19,2.9,2.922,2.9245,2.8935,0.21K,-0.51%
04/04/19,2.915,2.949,2.954,2.91,0.25K,-1.27%
03/04/19,2.9525,2.911,2.9555,2.9105,0.35K,1.44%
02/04/19,2.9105,2.933,2.9395,2.9045,0.41K,-0.61%
01/04/19,2.9285,2.95,2.99,2.92,0.45K,-0.37%
29/03/19,2.9395,2.908,2.9435,2.903,0.27K,2.17%
28/03/19,2.877,2.8605,2.891,2.86,0.16K,0.49%
27/03/19,2.863,2.863,2.8755,2.8435,58.23K,0.32%
26/03/19,2.854,2.8565,2.867,2.846,62.77K,-0.09%
25/03/19,2.8565,2.843,2.8595,2.8345,68.37K,0.49%
22/03/19,2.8425,2.9105,2.915,2.8395,103.69K,-2.19%
21/03/19,2.906,2.9275,2.969,2.892,92.47K,-0.51%
20/03/19,2.921,2.9195,2.942,2.9075,60.26K,-0.07%
19/03/19,2.923,2.9125,2.944,2.908,63.28K,0.48%
18/03/19,2.909,2.9095,2.9325,2.899,60.30K,0.10%
15/03/19,2.906,2.889,2.9245,2.884,71.26K,0.50%
14/03/19,2.8915,2.9325,2.9345,2.882,68.74K,-1.50%
13/03/19,2.9355,2.9295,2.9395,2.9135,49.40K,0.24%
12/03/19,2.9285,2.9065,2.957,2.905,68.21K,0.95%
11/03/19,2.901,2.8915,2.9115,2.884,43.18K,0.26%
08/03/19,2.8935,2.9145,2.9185,2.8745,66.54K,-0.58%
07/03/19,2.9105,2.9265,2.929,2.8945,59.93K,-0.27%
06/03/19,2.9185,2.9345,2.9445,2.9155,51.45K,-0.51%
05/03/19,2.9335,2.911,2.9515,2.9075,61.97K,0.84%
04/03/19,2.909,2.933,2.955,2.8965,70.59K,-0.78%
01/03/19,2.932,2.9435,2.977,2.9225,75.97K,-0.54%
28/02/19,2.948,2.967,2.968,2.939,70.21K,-0.49%
27/02/19,2.9625,2.9495,2.9725,2.9345,73.98K,0.49%
26/02/19,2.948,2.95,2.9595,2.9365,0.93K,0.03%
25/02/19,2.947,2.9485,2.9755,2.941,0.71K,-0.07%
22/02/19,2.949,2.9015,2.952,2.899,0.68K,1.78%
21/02/19,2.8975,2.91,2.914,2.891,0.64K,-0.77%
20/02/19,2.92,2.875,2.9235,2.875,0.36K,1.48%
19/02/19,2.8775,2.817,2.877,2.8095,0.18K,1.39%
18/02/19,2.838,2.816,2.848,2.803,,0.78%
17/02/19,2.816,2.815,2.817,2.811,,0.48%
15/02/19,2.8025,2.7725,2.823,2.762,0.15K,0.86%
14/02/19,2.7785,2.801,2.8015,2.76,0.19K,0.09%
13/02/19,2.776,2.787,2.787,2.77,0.05K,0.04%
12/02/19,2.775,2.791,2.795,2.7635,0.05K,-0.64%
11/02/19,2.793,2.8125,2.8125,2.7825,0.10K,-0.75%
08/02/19,2.814,2.8235,2.836,2.8125,0.27K,-0.64%
07/02/19,2.832,2.8415,2.851,2.83,0.32K,-0.28%
06/02/19,2.84,2.8265,2.848,2.8255,0.10K,0.69%
05/02/19,2.8205,2.805,2.8235,2.805,0.09K,0.82%
04/02/19,2.7975,2.7735,2.803,2.76,0.49K,0.72%
01/02/19,2.7775,2.7835,2.7845,2.766,0.28K,-0.41%
31/01/19,2.789,2.7785,2.7985,2.7765,0.35K,0.61%
30/01/19,2.772,2.7435,2.7865,2.7435,0.21K,1.72%
29/01/19,2.725,2.6805,2.7255,2.6785,66.81K,1.68%
28/01/19,2.68,2.733,2.7335,2.676,77.15K,-1.80%
25/01/19,2.729,2.645,2.737,2.6445,93.39K,3.20%
24/01/19,2.6445,2.6535,2.664,2.6345,59.05K,-0.38%
23/01/19,2.6545,2.663,2.6765,2.648,59.25K,-0.19%
22/01/19,2.6595,2.715,2.7155,2.6505,92.24K,-0.84%
21/01/19,2.682,2.709,2.71,2.675,,-1.00%
20/01/19,2.709,2.712,2.716,2.709,,-0.37%
18/01/19,2.719,2.697,2.727,2.6865,78.07K,1.46%
17/01/19,2.68,2.6715,2.712,2.6585,65.82K,0.24%
16/01/19,2.6735,2.641,2.68,2.636,72.87K,1.48%
15/01/19,2.6345,2.63,2.664,2.63,65.69K,-0.02%
14/01/19,2.635,2.6535,2.661,2.6165,69.05K,-1.01%
11/01/19,2.662,2.635,2.667,2.6335,66.90K,0.93%
10/01/19,2.6375,2.66,2.6705,2.629,71.64K,-0.73%
09/01/19,2.657,2.6515,2.6865,2.6485,78.68K,0.04%
08/01/19,2.656,2.638,2.658,2.6235,66.00K,0.72%
07/01/19,2.637,2.65,2.6595,2.6315,57.83K,-0.40%
04/01/19,2.6475,2.576,2.655,2.567,83.28K,3.10%
03/01/19,2.568,2.6015,2.6205,2.543,88.58K,-2.10%
02/01/19,2.623,2.642,2.675,2.5945,85.02K,-1.09%
01/01/19,2.652,2.643,2.654,2.638,,0.80%
31/12/18,2.631,2.678,2.7035,2.6245,44.01K,-1.88%
28/12/18,2.6815,2.6815,2.7255,2.671,53.56K,0.39%
27/12/18,2.671,2.704,2.706,2.6695,0.27K,-1.24%
26/12/18,2.7045,2.654,2.7095,2.6535,0.11K,1.63%
25/12/18,2.661,2.664,2.671,2.649,,-0.19%
24/12/18,2.666,2.66,2.67,2.66,0.11K,-0.39%
21/12/18,2.6765,2.7,2.7105,2.675,0.10K,-0.89%
20/12/18,2.7005,2.6825,2.7045,2.657,0.22K,-0.70%
19/12/18,2.7195,2.6635,2.7205,2.6635,0.12K,2.05%
18/12/18,2.665,2.7425,2.75,2.656,0.21K,-3.25%
17/12/18,2.7545,2.748,2.752,2.7195,0.12K,-0.25%
14/12/18,2.7615,2.7595,2.762,2.7335,0.08K,-0.18%
13/12/18,2.7665,2.7885,2.8,2.767,0.17K,-0.18%
12/12/18,2.7715,2.7675,2.772,2.765,0.08K,0.13%
11/12/18,2.768,2.74,2.779,2.74,0.06K,1.76%
10/12/18,2.72,2.7315,2.7515,2.717,0.05K,-1.43%
07/12/18,2.7595,2.7545,2.7735,2.746,0.18K,0.56%
06/12/18,2.744,2.7645,2.7645,2.715,0.27K,-1.12%
05/12/18,2.775,2.7555,2.773,2.7555,0.42K,0.65%
04/12/18,2.757,2.805,2.814,2.7515,0.11K,-1.83%
03/12/18,2.8085,2.83,2.8505,2.79,0.07K,0.79%
30/11/18,2.7865,2.784,2.793,2.7745,0.07K,-0.05%
29/11/18,2.788,2.791,2.793,2.786,0.25K,-0.61%
28/11/18,2.805,2.725,2.808,2.725,1.72K,3.28%
27/11/18,2.716,2.7575,2.758,2.719,1.83K,-1.72%
26/11/18,2.7635,2.7745,2.787,2.75,1.47K,-0.38%
23/11/18,2.774,2.7875,2.8045,2.759,0.41K,-0.86%
22/11/18,2.798,2.783,2.801,2.772,,-0.09%
21/11/18,2.8005,2.7655,2.8015,2.765,0.45K,1.05%
20/11/18,2.7715,2.7985,2.8415,2.757,0.90K,-1.14%
19/11/18,2.8035,2.78,2.8075,2.77,1.16K,0.00%
16/11/18,2.8035,2.7595,2.806,2.7555,0.50K,1.80%
15/11/18,2.754,2.74,2.772,2.74,0.27K,1.32%
14/11/18,2.718,2.675,2.7195,2.675,0.20K,0.85%
13/11/18,2.695,2.678,2.753,2.671,0.24K,0.39%
12/11/18,2.6845,2.6925,2.705,2.68,0.26K,-0.24%
09/11/18,2.691,2.728,2.732,2.689,0.13K,-1.88%
08/11/18,2.7425,2.7325,2.744,2.7205,0.13K,-0.67%
07/11/18,2.761,2.742,2.774,2.742,0.13K,0.78%
06/11/18,2.7395,2.7645,2.768,2.737,0.23K,-0.89%
05/11/18,2.764,2.802,2.802,2.755,0.12K,-1.74%
02/11/18,2.813,2.7235,2.8205,2.7185,0.40K,3.10%
01/11/18,2.7285,2.672,2.731,2.666,0.30K,2.31%
31/10/18,2.667,2.6735,2.683,2.66,0.72K,-0.21%
30/10/18,2.6725,2.7235,2.736,2.672,0.32K,-2.48%
29/10/18,2.7405,2.747,2.78,2.69,83.69K,-0.02%
26/10/18,2.741,2.7525,2.754,2.7075,99.87K,-0.49%
25/10/18,2.7545,2.747,2.7735,2.7155,95.14K,-0.11%
24/10/18,2.7575,2.761,2.804,2.743,81.79K,-0.02%
23/10/18,2.758,2.778,2.785,2.739,89.12K,-0.99%
22/10/18,2.7855,2.777,2.8335,2.7725,85.47K,0.27%
19/10/18,2.778,2.7325,2.788,2.728,87.97K,1.15%
18/10/18,2.7465,2.775,2.782,2.726,102.09K,-1.13%
17/10/18,2.778,2.7815,2.8045,2.754,97.05K,-0.05%
16/10/18,2.7795,2.7795,2.793,2.758,76.62K,-0.32%
15/10/18,2.7885,2.8085,2.839,2.772,87.16K,-0.43%
12/10/18,2.8005,2.7755,2.8325,2.7745,98.63K,-0.09%
11/10/18,2.803,2.749,2.816,2.713,150.78K,0.81%
10/10/18,2.7805,2.814,2.82,2.741,98.41K,-0.93%
09/10/18,2.8065,2.7685,2.8185,2.7505,102.48K,1.43%
08/10/18,2.767,2.7685,2.781,2.735,80.90K,0.14%
05/10/18,2.763,2.7895,2.7945,2.7455,88.55K,-0.52%
04/10/18,2.7775,2.823,2.8665,2.7715,97.91K,-1.99%
03/10/18,2.834,2.8,2.8395,2.7965,81.36K,0.98%
02/10/18,2.8065,2.7845,2.8525,2.76,101.14K,0.68%
01/10/18,2.7875,2.801,2.8225,2.7555,92.44K,-0.62%
28/09/18,2.805,2.774,2.813,2.763,97.88K,0.79%
27/09/18,2.783,2.816,2.828,2.7635,98.38K,-1.26%
26/09/18,2.8185,2.814,2.83,2.808,0.40K,0.14%
25/09/18,2.8145,2.82,2.832,2.794,0.72K,-0.44%
24/09/18,2.827,2.834,2.8565,2.816,0.38K,-0.74%
21/09/18,2.848,2.755,2.851,2.7445,2.31K,4.27%
20/09/18,2.7315,2.721,2.7645,2.707,0.16K,0.37%
19/09/18,2.7215,2.7275,2.7415,2.715,0.71K,-0.06%
18/09/18,2.723,2.5925,2.728,2.5905,1.03K,3.01%
17/09/18,2.6435,2.599,2.646,2.599,0.24K,0.21%
14/09/18,2.638,2.6845,2.6845,2.621,0.25K,-1.42%
13/09/18,2.676,2.6955,2.6985,2.6675,0.17K,0.26%
12/09/18,2.669,2.6035,2.678,2.6035,0.23K,2.07%
11/09/18,2.615,2.617,2.654,2.5795,0.08K,-0.25%
10/09/18,2.6215,2.6265,2.628,2.6185,0.04K,0.21%
07/09/18,2.616,2.6255,2.6415,2.609,0.10K,-0.53%
06/09/18,2.63,2.6155,2.656,2.6065,0.24K,1.00%
05/09/18,2.604,2.597,2.6145,2.5895,0.32K,0.29%
04/09/18,2.5965,2.6505,2.66,2.5755,0.83K,-2.55%
31/08/18,2.6645,2.6875,2.703,2.6565,0.65K,-1.66%
30/08/18,2.7095,2.723,2.7235,2.6805,2.14K,-0.37%
29/08/18,2.7195,2.7345,2.7405,2.705,1.45K,-0.93%
28/08/18,2.745,2.718,2.752,2.699,1.05K,1.03%
27/08/18,2.717,2.705,2.727,2.702,0.29K,0.31%
24/08/18,2.7085,2.6495,2.7205,2.6495,0.45K,1.75%
23/08/18,2.662,2.6725,2.674,2.625,0.66K,-0.67%
22/08/18,2.68,2.6915,2.6945,2.66,0.36K,-0.76%
21/08/18,2.7005,2.674,2.708,2.674,0.22K,0.97%
20/08/18,2.6745,2.663,2.686,2.652,0.40K,1.50%
17/08/18,2.635,2.6245,2.6745,2.6085,0.29K,0.46%
16/08/18,2.623,2.5925,2.6425,2.575,0.32K,2.14%
15/08/18,2.568,2.69,2.69,2.566,0.56K,-4.54%
14/08/18,2.69,2.743,2.743,2.687,0.22K,-1.75%
13/08/18,2.738,2.7515,2.7625,2.7215,0.16K,-0.44%
10/08/18,2.75,2.774,2.774,2.7425,0.10K,-0.81%
09/08/18,2.7725,2.776,2.821,2.769,0.16K,0.54%
08/08/18,2.7575,2.761,2.7755,2.746,0.16K,-0.05%
07/08/18,2.759,2.733,2.771,2.733,0.21K,0.75%
06/08/18,2.7385,2.758,2.7615,2.7185,0.50K,-1.19%
03/08/18,2.7715,2.7375,2.788,2.7235,0.20K,0.95%
02/08/18,2.7455,2.759,2.764,2.7285,0.88K,-0.42%
01/08/18,2.757,2.8325,2.8325,2.7445,0.09K,-2.94%
31/07/18,2.8405,2.796,2.844,2.7785,0.13K,1.41%
30/07/18,2.801,2.8175,2.8175,2.781,0.19K,-0.04%
27/07/18,2.802,2.8075,2.835,2.781,83.19K,-0.57%
26/07/18,2.818,2.8615,2.8645,2.8015,102.28K,0.02%
25/07/18,2.8175,2.804,2.867,2.7935,102.25K,0.25%
24/07/18,2.8105,2.742,2.835,2.7335,143.29K,2.33%
23/07/18,2.7465,2.7515,2.7765,2.734,86.56K,-0.34%
20/07/18,2.756,2.7175,2.761,2.6825,118.94K,2.24%
19/07/18,2.6955,2.7655,2.7785,2.6735,148.36K,-2.34%
18/07/18,2.76,2.7445,2.771,2.7155,106.26K,0.47%
17/07/18,2.747,2.7655,2.7995,2.7415,90.92K,-0.63%
16/07/18,2.7645,2.776,2.798,2.7445,84.32K,-0.40%
13/07/18,2.7755,2.776,2.7885,2.7495,90.76K,-0.05%
12/07/18,2.777,2.7505,2.792,2.731,110.52K,1.22%
11/07/18,2.7435,2.83,2.8305,2.717,165.56K,-3.38%
10/07/18,2.8395,2.87,2.8805,2.8135,98.14K,-0.37%
09/07/18,2.85,2.8235,2.877,2.815,114.51K,0.92%
06/07/18,2.824,2.8305,2.839,2.7825,128.80K,-0.07%
05/07/18,2.826,2.935,2.9405,2.8205,208.62K,-3.12%
03/07/18,2.917,2.945,2.9665,2.908,99.94K,-0.92%
02/07/18,2.944,2.9695,2.973,2.921,91.25K,-0.74%
29/06/18,2.966,2.97,2.997,2.958,87.62K,-0.19%
28/06/18,2.9715,2.998,3.004,2.9515,112.59K,-0.87%
27/06/18,2.9975,3.01,3.016,2.975,2.24K,-0.25%
26/06/18,3.005,2.996,3.011,2.987,3.97K,0.22%
25/06/18,2.9985,3.049,3.053,2.98,2.52K,-1.30%
22/06/18,3.038,3.04,3.056,3.027,1.74K,0.18%
21/06/18,3.0325,3.0545,3.0645,3.03,1.20K,-0.61%
20/06/18,3.051,3.053,3.0755,3.0345,1.83K,-0.23%
19/06/18,3.058,3.1375,3.141,3.049,1.58K,-1.91%
18/06/18,3.1175,3.1455,3.155,3.11,0.24K,-1.20%
15/06/18,3.1555,3.2125,3.2225,3.144,0.62K,-2.37%
14/06/18,3.232,3.262,3.262,3.199,0.39K,-0.97%
13/06/18,3.2635,3.2545,3.2755,3.2355,0.20K,0.12%
12/06/18,3.2595,3.25,3.276,3.246,0.31K,-0.21%
11/06/18,3.2665,3.3075,3.3075,3.256,0.59K,-1.31%
08/06/18,3.31,3.2815,3.3125,3.266,0.39K,0.78%
07/06/18,3.2845,3.28,3.323,3.2715,0.52K,0.38%
06/06/18,3.272,3.209,3.2835,3.209,0.29K,2.00%
05/06/18,3.208,3.1385,3.254,3.1385,0.38K,2.04%
04/06/18,3.144,3.1035,3.15,3.102,0.10K,1.14%
01/06/18,3.1085,3.0775,3.108,3.0725,0.33K,1.09%
31/05/18,3.075,3.0955,3.0955,3.0575,0.16K,-0.15%
30/05/18,3.0795,3.05,3.082,3.0265,0.44K,0.56%
29/05/18,3.0625,3.081,3.1135,3.03,161.46K,-0.49%
25/05/18,3.0775,3.102,3.117,3.069,89.12K,-0.60%
24/05/18,3.096,3.069,3.1025,3.066,85.71K,0.83%
23/05/18,3.0705,3.122,3.132,3.0485,125.18K,-1.96%
22/05/18,3.132,3.1005,3.1485,3.088,112.35K,1.08%
21/05/18,3.0985,3.065,3.1115,3.065,89.59K,1.14%
18/05/18,3.0635,3.0835,3.091,3.0555,74.73K,-0.83%
17/05/18,3.089,3.078,3.101,3.069,81.08K,0.60%
16/05/18,3.0705,3.0605,3.08,3.044,77.78K,0.47%
15/05/18,3.056,3.088,3.103,3.0345,103.72K,-1.20%
14/05/18,3.093,3.111,3.131,3.0765,81.00K,-0.59%
11/05/18,3.1115,3.1095,3.1265,3.1015,78.01K,0.05%
10/05/18,3.11,3.061,3.118,3.052,113.51K,1.72%
09/05/18,3.0575,3.0685,3.0695,3.04,82.87K,-0.05%
08/05/18,3.059,3.0735,3.091,3.014,131.18K,-0.65%
07/05/18,3.079,3.085,3.1045,3.0625,57.38K,-0.21%
04/05/18,3.0855,3.0915,3.105,3.053,80.79K,0.16%
03/05/18,3.0805,3.0635,3.1215,3.0565,110.56K,0.39%
02/05/18,3.0685,3.051,3.088,3.0475,91.64K,1.02%
01/05/18,3.0375,3.0705,3.085,3.0195,97.58K,-1.19%
30/04/18,3.074,3.072,3.089,3.0575,66.65K,0.15%
27/04/18,3.0695,3.14,3.146,3.052,108.79K,-1.82%
26/04/18,3.1265,3.144,3.1505,3.1,1.48K,-0.62%
25/04/18,3.146,3.1445,3.164,3.132,1.59K,-0.21%
24/04/18,3.1525,3.1155,3.176,3.1115,0.62K,1.03%
23/04/18,3.1205,3.1395,3.169,3.09,0.66K,-0.78%
20/04/18,3.145,3.1385,3.156,3.1205,0.74K,0.08%
19/04/18,3.1425,3.17,3.2,3.128,0.95K,-0.87%
18/04/18,3.17,3.097,3.185,3.0915,1.08K,2.54%
17/04/18,3.0915,3.108,3.1095,3.069,1.02K,-0.48%
16/04/18,3.1065,3.074,3.126,3.074,0.52K,0.79%
13/04/18,3.082,3.082,3.1,3.073,0.45K,0.26%
12/04/18,3.074,3.1225,3.1245,3.057,0.40K,-1.68%
11/04/18,3.1265,3.1435,3.1565,3.116,0.32K,-0.62%
10/04/18,3.146,3.11,3.15,3.105,0.22K,1.93%
09/04/18,3.0865,3.0565,3.094,3.0565,0.32K,0.57%
06/04/18,3.069,3.044,3.0685,3.0435,0.14K,-0.52%
05/04/18,3.085,3.0345,3.089,3.033,0.58K,2.12%
04/04/18,3.021,3.075,3.075,2.9835,1.46K,-1.74%
03/04/18,3.0745,3.051,3.076,3.051,0.45K,0.44%
02/04/18,3.061,3.051,3.0825,3.051,0.21K,0.79%
29/03/18,3.037,3.0395,3.055,3.03,0.11K,0.78%
28/03/18,3.0135,2.9985,3.0135,2.9835,0.83K,0.43%
27/03/18,3.0005,2.984,3.024,2.9775,109.83K,1.03%
26/03/18,2.97,2.9795,3.002,2.9375,123.57K,-0.77%
23/03/18,2.993,3.023,3.0305,2.9705,136.92K,-0.89%
22/03/18,3.02,3.0785,3.089,3.003,125.08K,-1.26%
21/03/18,3.0585,3.0385,3.093,3.015,119.31K,0.67%
20/03/18,3.038,3.076,3.094,3.029,108.99K,-1.43%
19/03/18,3.082,3.115,3.1155,3.058,92.06K,-0.82%
16/03/18,3.1075,3.1265,3.1495,3.09,78.95K,-0.64%
15/03/18,3.1275,3.1495,3.166,3.1075,79.32K,-0.98%
14/03/18,3.1585,3.134,3.192,3.1265,113.11K,0.65%
13/03/18,3.138,3.121,3.1445,3.1025,81.59K,0.45%
12/03/18,3.124,3.147,3.1555,3.1095,89.73K,-0.38%
09/03/18,3.136,3.078,3.147,3.0555,117.78K,1.85%
08/03/18,3.079,3.135,3.1395,3.0705,94.99K,-1.82%
07/03/18,3.136,3.155,3.1585,3.1175,92.63K,-0.73%
06/03/18,3.159,3.1285,3.178,3.1265,83.85K,0.99%
05/03/18,3.128,3.1325,3.1385,3.0955,79.05K,0.11%
02/03/18,3.1245,3.1235,3.1455,3.1085,78.42K,0.05%
01/03/18,3.123,3.1285,3.1475,3.098,110.39K,-0.30%
28/02/18,3.1325,3.1835,3.186,3.1255,94.83K,-1.69%
27/02/18,3.1865,3.2235,3.237,3.163,103.01K,-0.78%
26/02/18,3.2115,3.2165,3.245,3.2025,3.34K,-0.36%
23/02/18,3.223,3.244,3.244,3.2055,1.18K,-0.85%
22/02/18,3.2505,3.207,3.2505,3.167,0.85K,0.76%
21/02/18,3.226,3.1935,3.234,3.182,0.42K,0.77%
20/02/18,3.2015,3.2815,3.2815,3.194,0.38K,-1.73%
16/02/18,3.258,3.255,3.275,3.245,0.38K,0.11%
15/02/18,3.2545,3.251,3.2575,3.23,0.24K,0.29%
14/02/18,3.245,3.16,3.2445,3.151,0.24K,2.32%
13/02/18,3.1715,3.09,3.176,3.09,0.17K,2.42%
12/02/18,3.0965,3.0585,3.099,3.058,0.24K,1.74%
09/02/18,3.0435,3.09,3.094,3.0425,0.08K,-1.57%
08/02/18,3.092,3.12,3.12,3.0725,0.20K,-0.19%
07/02/18,3.098,3.19,3.19,3.0985,0.23K,-3.19%
06/02/18,3.2,3.195,3.225,3.1935,0.16K,-0.97%
05/02/18,3.2315,3.1845,3.2625,3.184,0.13K,1.05%
02/02/18,3.198,3.222,3.253,3.1865,0.28K,-0.68%
01/02/18,3.22,3.2165,3.23,3.197,0.98K,0.42%
31/01/18,3.2065,3.2015,3.239,3.2015,0.18K,0.22%
30/01/18,3.1995,3.216,3.216,3.1825,0.24K,0.17%
29/01/18,3.194,3.2,3.2355,3.191,84.80K,-0.16%
26/01/18,3.199,3.204,3.228,3.185,99.41K,-0.54%
25/01/18,3.2165,3.23,3.258,3.196,130.08K,-0.37%
24/01/18,3.2285,3.1185,3.2425,3.114,172.47K,3.78%
23/01/18,3.111,3.1985,3.2125,3.108,173.58K,-2.74%
22/01/18,3.1985,3.1865,3.2185,3.1795,85.89K,0.35%
19/01/18,3.1875,3.201,3.234,3.18,94.36K,-0.36%
18/01/18,3.199,3.192,3.216,3.184,84.68K,0.31%
17/01/18,3.189,3.219,3.221,3.1785,96.40K,-0.95%
16/01/18,3.2195,3.224,3.291,3.1835,230.07K,0.03%
12/01/18,3.2185,3.2255,3.249,3.216,84.10K,-0.45%
11/01/18,3.233,3.236,3.2565,3.2065,96.62K,-0.08%
10/01/18,3.2355,3.2205,3.2745,3.2175,96.99K,0.61%
09/01/18,3.216,3.2305,3.259,3.2125,99.57K,-0.25%
08/01/18,3.224,3.2335,3.2455,3.2205,87.80K,-0.17%
05/01/18,3.2295,3.2585,3.276,3.2225,84.95K,-1.03%
04/01/18,3.263,3.257,3.298,3.245,105.44K,0.17%
03/01/18,3.2575,3.2775,3.28,3.2365,104.30K,-0.63%
02/01/18,3.278,3.2965,3.3095,3.2675,107.29K,-0.68%