Fecha,DGS5,TIPS5,Diferencia
2018-01-03 00:00:00,-0.004444444444444362,-3.0000000000000027,1.8600000000000003
2018-01-04 00:00:00,0.013392857142856984,3.0000000000000027,1.92
2018-01-05 00:00:00,0.004405286343612147,0.9999999999999953,1.9399999999999997
2018-01-08 00:00:00,0.004385964912280826,-3.9999999999999982,1.9100000000000001
2018-01-09 00:00:00,0.017467248908296984,0.0,1.9500000000000002
2018-01-10 00:00:00,0.0,0.0,1.9500000000000002
2018-01-11 00:00:00,-0.0042918454935623185,-4.999999999999999,1.89
2018-01-12 00:00:00,0.012931034482758674,0.0,1.9200000000000002
2018-01-16 00:00:00,0.0,1.0000000000000009,1.9300000000000002
2018-01-17 00:00:00,0.02127659574468077,-7.000000000000001,1.91
2018-01-18 00:00:00,0.008333333333333304,4.999999999999999,1.98
2018-01-19 00:00:00,0.012396694214876103,-1.0000000000000009,2.0
2018-01-22 00:00:00,0.0,-1.0000000000000009,1.9900000000000002
2018-01-23 00:00:00,-0.01224489795918382,-4.999999999999999,1.91
2018-01-24 00:00:00,0.008264462809917328,4.0000000000000036,1.97
2018-01-25 00:00:00,-0.008196721311475419,-3.0000000000000027,1.92
2018-01-26 00:00:00,0.02066115702479343,-4.0000000000000036,1.9300000000000002
2018-01-29 00:00:00,0.012145748987854255,-2.9999999999999916,1.9300000000000002
2018-01-30 00:00:00,0.0040000000000000036,2.9999999999999916,1.9699999999999998
2018-01-31 00:00:00,0.003984063745019917,0.0,1.98
2018-02-01 00:00:00,0.01984126984126977,-8.999999999999996,1.94
2018-02-02 00:00:00,0.0077821011673151474,-2.0000000000000018,1.94
2018-02-05 00:00:00,-0.05791505791505791,9.999999999999998,1.89
2018-02-06 00:00:00,0.040983606557376984,-8.999999999999996,1.9
2018-02-07 00:00:00,0.007874015748031482,-3.0000000000000027,1.8900000000000001
2018-02-08 00:00:00,-0.0078125,-1.0000000000000009,1.8599999999999999
2018-02-09 00:00:00,0.0,-0.9999999999999898,1.85
2018-02-12 00:00:00,0.007874015748031482,-3.0000000000000027,1.84
2018-02-13 00:00:00,-0.003906250000000111,5.999999999999995,1.8899999999999997
2018-02-14 00:00:00,0.03529411764705892,-7.9999999999999964,1.9000000000000001
2018-02-15 00:00:00,0.0037878787878786735,8.999999999999996,2.0
2018-02-16 00:00:00,-0.007547169811320753,2.0000000000000018,2.0
2018-02-20 00:00:00,0.0,2.0000000000000018,2.04
2018-02-21 00:00:00,0.015094339622641506,-2.0000000000000018,2.06
2018-02-22 00:00:00,-0.011152416356877248,3.0000000000000027,2.06
2018-02-23 00:00:00,-0.015037593984962405,2.0000000000000018,2.04
2018-02-26 00:00:00,-0.003816793893129833,4.999999999999993,2.08
2018-02-27 00:00:00,0.019157088122605526,-4.999999999999993,2.08
2018-02-28 00:00:00,-0.007518796992481258,-3.0000000000000027,2.0300000000000002
2018-03-01 00:00:00,-0.022727272727272707,5.999999999999995,2.0300000000000002
2018-03-02 00:00:00,0.019379844961240345,-4.999999999999993,2.03
2018-03-05 00:00:00,0.0038022813688214363,0.0,2.04
2018-03-06 00:00:00,0.0037878787878786735,4.999999999999993,2.0999999999999996
2018-03-07 00:00:00,0.0,0.0,2.0999999999999996
2018-03-08 00:00:00,-0.007547169811320753,0.0,2.08
2018-03-09 00:00:00,0.0076045627376426506,-13.99999999999999,1.96
2018-03-12 00:00:00,-0.0037735849056602655,6.999999999999995,2.02
2018-03-13 00:00:00,-0.007575757575757569,5.000000000000004,2.0500000000000003
2018-03-14 00:00:00,-0.003816793893129833,0.0,2.04
2018-03-15 00:00:00,0.003831417624521105,1.9999999999999907,2.0700000000000003
2018-03-16 00:00:00,0.007633587786259444,-4.999999999999993,2.04
2018-03-19 00:00:00,0.007575757575757569,-1.0000000000000009,2.0500000000000003
2018-03-20 00:00:00,0.015037593984962516,-3.0000000000000027,2.06
2018-03-21 00:00:00,-0.011111111111111183,-8.999999999999996,1.94
2018-03-22 00:00:00,-0.01872659176029956,13.0,2.02
2018-03-23 00:00:00,-0.007633587786259555,0.0,2.0
2018-03-26 00:00:00,0.01538461538461533,-3.0000000000000027,2.0100000000000002
2018-03-27 00:00:00,-0.026515151515151603,-1.0000000000000009,1.9299999999999997
2018-03-28 00:00:00,0.011673151750972943,-4.0000000000000036,1.92
2018-03-29 00:00:00,-0.015384615384615441,4.0000000000000036,1.92
2018-04-02 00:00:00,-0.003906250000000111,7.9999999999999964,1.9899999999999998
2018-04-03 00:00:00,0.019607843137255054,-4.999999999999993,1.9900000000000002
2018-04-04 00:00:00,0.011538461538461497,4.0000000000000036,2.06
2018-04-05 00:00:00,0.0038022813688214363,-14.000000000000002,1.9300000000000002
2018-04-06 00:00:00,-0.018939393939394034,14.000000000000002,2.02
2018-04-09 00:00:00,0.0038610038610038533,-1.0000000000000009,2.02
2018-04-10 00:00:00,0.007692307692307665,-4.0000000000000036,2.0
2018-04-11 00:00:00,-0.003816793893129833,5.999999999999995,2.05
2018-04-12 00:00:00,0.026819923371647514,-5.999999999999995,2.06
2018-04-13 00:00:00,-0.003731343283582156,-4.0000000000000036,2.01
2018-04-16 00:00:00,0.0037453183520599342,5.000000000000004,2.0700000000000003
2018-04-17 00:00:00,0.003731343283581934,-6.000000000000005,2.02
2018-04-18 00:00:00,0.014869888475836479,-1.9999999999999907,2.04
2018-04-19 00:00:00,0.01098901098901095,3.9999999999999925,2.11
2018-04-20 00:00:00,0.01449275362318847,-4.999999999999993,2.0999999999999996
2018-04-23 00:00:00,0.0071428571428571175,-2.0000000000000018,2.0999999999999996
2018-04-24 00:00:00,0.0035460992907803135,-1.0000000000000009,2.1
2018-04-25 00:00:00,0.0035335689045936647,-2.0000000000000018,2.09
2018-04-26 00:00:00,-0.010563380281690127,3.0000000000000027,2.09
2018-04-27 00:00:00,-0.003558718861210064,1.0000000000000009,2.09
2018-04-30 00:00:00,0.0,2.0000000000000018,2.11
2018-05-01 00:00:00,0.0035714285714285587,-4.0000000000000036,2.08
2018-05-02 00:00:00,-0.003558718861210064,2.0000000000000018,2.09
2018-05-03 00:00:00,-0.0071428571428571175,2.0000000000000018,2.09
2018-05-04 00:00:00,0.003597122302158251,0.0,2.1
2018-05-07 00:00:00,0.0,1.9999999999999907,2.12
2018-05-08 00:00:00,0.007168458781362075,-3.9999999999999925,2.1
2018-05-09 00:00:00,0.010676156583629748,0.0,2.13
2018-05-10 00:00:00,-0.0035211267605632646,0.0,2.12
2018-05-11 00:00:00,0.0035335689045936647,0.0,2.13
2018-05-14 00:00:00,0.007042253521126751,-2.0000000000000018,2.13
2018-05-15 00:00:00,0.020979020979021046,-4.0000000000000036,2.15
2018-05-16 00:00:00,0.006849315068493178,-1.0000000000000009,2.16
2018-05-17 00:00:00,0.0,0.0,2.16
2018-05-18 00:00:00,-0.017006802721088343,2.0000000000000018,2.13
2018-05-21 00:00:00,0.0034602076124565784,1.0000000000000009,2.15
2018-05-22 00:00:00,0.0,-2.0000000000000018,2.13
2018-05-23 00:00:00,-0.02758620689655178,6.000000000000005,2.11
2018-05-24 00:00:00,-0.0035460992907800915,0.0,2.1
2018-05-25 00:00:00,-0.017793594306049876,-1.0000000000000009,2.04
2018-05-29 00:00:00,-0.04761904761904756,12.0,2.0
2018-05-30 00:00:00,0.030769230769230882,-7.000000000000006,2.0100000000000002
2018-05-31 00:00:00,0.00746268656716409,2.0000000000000018,2.0500000000000003
2018-06-01 00:00:00,0.01851851851851838,-3.0000000000000027,2.07
2018-06-04 00:00:00,0.018181818181818077,-3.9999999999999925,2.08
2018-06-05 00:00:00,-0.010714285714285676,1.0000000000000009,2.06
2018-06-06 00:00:00,0.014440433212996373,-4.0000000000000036,2.06
2018-06-07 00:00:00,-0.014234875444839923,6.000000000000005,2.08
2018-06-08 00:00:00,0.0072202166064982976,-2.0000000000000018,2.08
2018-06-11 00:00:00,0.0035842293906809264,-1.0000000000000009,2.08
2018-06-12 00:00:00,0.0035714285714285587,-2.0000000000000018,2.0700000000000003
2018-06-13 00:00:00,0.010676156583629748,-2.0000000000000018,2.08
2018-06-14 00:00:00,-0.010563380281690127,2.0000000000000018,2.0700000000000003
2018-06-15 00:00:00,-0.003558718861210064,1.0000000000000009,2.07
2018-06-18 00:00:00,-0.0035714285714284477,1.0000000000000009,2.0700000000000003
2018-06-19 00:00:00,-0.007168458781361964,2.0000000000000018,2.0700000000000003
2018-06-20 00:00:00,0.014440433212996373,-4.0000000000000036,2.0700000000000003
2018-06-21 00:00:00,-0.014234875444839923,2.0000000000000018,2.05
2018-06-22 00:00:00,0.0,2.0000000000000018,2.0700000000000003
2018-06-25 00:00:00,-0.0072202166064981865,1.0000000000000009,2.06
2018-06-26 00:00:00,0.0,0.9999999999999898,2.07
2018-06-27 00:00:00,-0.018181818181818077,4.0000000000000036,2.06
2018-06-28 00:00:00,0.007407407407407307,-2.0000000000000018,2.06
2018-06-29 00:00:00,0.007352941176470562,-1.0000000000000009,2.0700000000000003
2018-07-02 00:00:00,0.007299270072992581,-1.0000000000000009,2.0799999999999996
2018-07-03 00:00:00,-0.014492753623188248,4.0000000000000036,2.08
2018-07-05 00:00:00,0.0,0.0,2.09
2018-07-06 00:00:00,-0.003663003663003539,1.0000000000000009,2.0900000000000003
2018-07-09 00:00:00,0.011029411764705843,-2.0000000000000018,2.1
2018-07-10 00:00:00,0.0036363636363636598,-3.0000000000000027,2.0799999999999996
2018-07-11 00:00:00,-0.007246376811594013,1.0000000000000009,2.0700000000000003
2018-07-12 00:00:00,0.0036496350364962904,-1.9999999999999907,2.06
2018-07-13 00:00:00,-0.0072727272727273196,2.9999999999999916,2.07
2018-07-16 00:00:00,0.0073260073260073,-3.9999999999999925,2.05
2018-07-17 00:00:00,0.0036363636363636598,-3.0000000000000027,2.03
2018-07-18 00:00:00,0.0036231884057971175,-1.0000000000000009,2.0300000000000002
2018-07-19 00:00:00,-0.014440433212996373,1.0000000000000009,2.0
2018-07-20 00:00:00,0.01098901098901095,-2.0000000000000018,2.01
2018-07-23 00:00:00,0.021739130434782705,-6.999999999999995,2.0
2018-07-24 00:00:00,0.0,-1.0000000000000009,1.9899999999999998
2018-07-25 00:00:00,0.010638297872340496,1.9999999999999907,2.04
2018-07-26 00:00:00,0.0035087719298245723,-4.999999999999993,2.0
2018-07-27 00:00:00,-0.0034965034965034336,2.0000000000000018,2.0100000000000002
2018-07-30 00:00:00,0.0,0.0,2.0100000000000002
2018-07-31 00:00:00,0.0,-1.0000000000000009,2.0
2018-08-01 00:00:00,0.010526315789473717,-2.0000000000000018,2.01
2018-08-02 00:00:00,-0.00694444444444442,1.0000000000000009,2.0
2018-08-03 00:00:00,-0.01748251748251739,4.0000000000000036,1.9900000000000002
2018-08-06 00:00:00,0.0,0.0,1.9900000000000002
2018-08-07 00:00:00,0.010676156583629748,-2.0000000000000018,2.0
2018-08-08 00:00:00,0.0,-1.0000000000000009,1.9899999999999998
2018-08-09 00:00:00,-0.010563380281690127,2.0000000000000018,1.98
2018-08-10 00:00:00,-0.02135231316725983,5.999999999999995,1.98
2018-08-13 00:00:00,0.0,1.0000000000000009,1.99
2018-08-14 00:00:00,0.0072727272727273196,-2.0000000000000018,1.99
2018-08-15 00:00:00,-0.010830324909747224,2.0000000000000018,1.9800000000000002
2018-08-16 00:00:00,0.0,-2.0000000000000018,1.9600000000000002
2018-08-17 00:00:00,0.0,-1.0000000000000009,1.9500000000000002
2018-08-20 00:00:00,-0.014598540145985384,4.0000000000000036,1.9500000000000002
2018-08-21 00:00:00,0.011111111111111072,-1.0000000000000009,1.97
2018-08-22 00:00:00,-0.01098901098901095,2.0000000000000018,1.9600000000000002
2018-08-23 00:00:00,0.007407407407407307,1.0000000000000009,1.9900000000000002
2018-08-24 00:00:00,0.0,0.0,1.9900000000000002
2018-08-27 00:00:00,0.007352941176470562,-1.0000000000000009,2.0
2018-08-28 00:00:00,0.014598540145985162,-4.0000000000000036,1.9999999999999998
2018-08-29 00:00:00,0.0,0.0,1.9999999999999998
2018-08-30 00:00:00,-0.010791366906474753,2.0000000000000018,1.99
2018-08-31 00:00:00,-0.0036363636363635488,0.0,1.9800000000000002
2018-09-04 00:00:00,0.010948905109488871,-3.0000000000000027,1.98
2018-09-05 00:00:00,0.0,0.0,1.98
2018-09-06 00:00:00,-0.0072202166064981865,0.0,1.96
2018-09-07 00:00:00,0.025454545454545396,-4.999999999999993,1.98
2018-09-10 00:00:00,0.0,-1.0000000000000009,1.9699999999999998
2018-09-11 00:00:00,0.0177304964539009,-1.0000000000000009,2.0100000000000002
2018-09-12 00:00:00,-0.0034843205574913716,1.0000000000000009,2.01
2018-09-13 00:00:00,0.006993006993007089,-4.0000000000000036,1.9899999999999998
2018-09-14 00:00:00,0.00694444444444442,-1.0000000000000009,2.0
2018-09-17 00:00:00,-0.0034482758620688614,0.0,1.9900000000000002
2018-09-18 00:00:00,0.02076124567474058,-3.0000000000000027,2.02
2018-09-19 00:00:00,0.0,-0.9999999999999898,2.0100000000000002
2018-09-20 00:00:00,0.003389830508474523,0.0,2.02
2018-09-21 00:00:00,-0.0033783783783782884,0.9999999999999898,2.02
2018-09-24 00:00:00,0.006779661016949268,0.0,2.04
2018-09-25 00:00:00,0.0033670033670032407,-0.9999999999999898,2.04
2018-09-26 00:00:00,-0.01342281879194629,1.9999999999999907,2.02
2018-09-27 00:00:00,0.006802721088435382,0.0,2.04
2018-09-28 00:00:00,0.0,1.0000000000000009,2.05
2018-10-01 00:00:00,0.0,-1.0000000000000009,2.04
2018-10-02 00:00:00,-0.0033783783783782884,1.0000000000000009,2.04
2018-10-03 00:00:00,0.03050847457627115,-3.9999999999999925,2.09
2018-10-04 00:00:00,0.0,-4.0000000000000036,2.05
2018-10-05 00:00:00,0.009868421052631415,-3.0000000000000027,2.05
2018-10-09 00:00:00,-0.0032679738562092497,2.0000000000000018,2.05
2018-10-10 00:00:00,-0.013114754098360715,-1.0000000000000009,1.9999999999999998
2018-10-11 00:00:00,-0.0033222591362125353,0.0,1.99
2018-10-12 00:00:00,0.006666666666666599,0.0,2.01
2018-10-15 00:00:00,-0.0033112582781458233,0.0,1.9999999999999998
2018-10-16 00:00:00,0.0033222591362127574,0.0,2.01
2018-10-17 00:00:00,0.013245033112582849,-3.0000000000000027,2.02
2018-10-18 00:00:00,-0.013071895424836666,0.0,1.98
2018-10-19 00:00:00,0.009933774834437026,-3.0000000000000027,1.9799999999999998
2018-10-22 00:00:00,0.0,0.0,1.9799999999999998
2018-10-23 00:00:00,-0.013114754098360715,0.0,1.9399999999999997
2018-10-24 00:00:00,-0.019933554817275656,6.000000000000005,1.9400000000000002
2018-10-25 00:00:00,0.006779661016949268,-6.000000000000005,1.9000000000000001
2018-10-26 00:00:00,-0.02020202020202022,9.000000000000007,1.9300000000000002
2018-10-29 00:00:00,0.0034364261168384758,-1.0000000000000009,1.93
2018-10-30 00:00:00,0.010273972602739878,-4.0000000000000036,1.9200000000000002
2018-10-31 00:00:00,0.010169491525423568,-5.000000000000004,1.9
2018-11-01 00:00:00,-0.006711409395973145,0.0,1.88
2018-11-02 00:00:00,0.027027027027026973,-4.999999999999982,1.9100000000000001
2018-11-05 00:00:00,-0.00328947368421062,0.9999999999999787,1.9099999999999997
2018-11-06 00:00:00,0.00990099009900991,-0.9999999999999787,1.9300000000000002
2018-11-07 00:00:00,0.006535947712418277,-1.0000000000000009,1.9400000000000002
2018-11-08 00:00:00,0.0032467532467532756,-3.0000000000000027,1.92
2018-11-09 00:00:00,-0.016181229773462702,2.0000000000000018,1.8900000000000001
2018-11-13 00:00:00,-0.00666666666666671,3.9999999999999813,1.8699999999999999
2018-11-14 00:00:00,-0.006711409395973145,1.0000000000000009,1.8599999999999999
2018-11-15 00:00:00,-0.006756756756756799,1.0000000000000009,1.8499999999999999
2018-11-16 00:00:00,-0.020408163265306145,7.000000000000006,1.8599999999999999
2018-11-19 00:00:00,-0.003472222222222099,0.0,1.85
2018-11-20 00:00:00,0.0034843205574912606,-4.0000000000000036,1.8199999999999998
2018-11-21 00:00:00,0.003472222222222321,-2.0000000000000018,1.81
2018-11-23 00:00:00,-0.00692041522491349,-3.0000000000000027,1.76
2018-11-26 00:00:00,0.006968641114982521,-1.0000000000000009,1.77
2018-11-27 00:00:00,0.0,-3.9999999999999813,1.7300000000000002
2018-11-28 00:00:00,-0.00692041522491349,3.0000000000000027,1.7400000000000002
2018-11-29 00:00:00,-0.006968641114982632,6.999999999999984,1.79
2018-11-30 00:00:00,-0.010526315789473717,-1.0000000000000009,1.7499999999999998
2018-12-03 00:00:00,0.0,0.0,1.7499999999999998
2018-12-04 00:00:00,-0.010638297872340385,2.0000000000000018,1.74
2018-12-06 00:00:00,-0.017857142857142794,-1.0000000000000009,1.69
2018-12-07 00:00:00,-0.018181818181818077,4.0000000000000036,1.6800000000000002
2018-12-10 00:00:00,0.007407407407407307,-4.0000000000000036,1.6600000000000001
2018-12-11 00:00:00,0.007352941176470562,-6.999999999999984,1.6100000000000003
2018-12-12 00:00:00,0.010948905109488871,-2.0000000000000018,1.62
2018-12-13 00:00:00,-0.0036101083032491488,2.0000000000000018,1.63
2018-12-14 00:00:00,-0.010869565217391242,0.0,1.6
2018-12-17 00:00:00,-0.014652014652014711,1.9999999999999796,1.5799999999999998
2018-12-18 00:00:00,-0.014869888475836479,4.0000000000000036,1.5799999999999998
2018-12-19 00:00:00,-0.007547169811320753,1.0000000000000009,1.5699999999999998
2018-12-20 00:00:00,0.015209125475285079,-6.000000000000005,1.5499999999999998
2018-12-21 00:00:00,-0.011235955056179692,3.0000000000000027,1.55
2018-12-24 00:00:00,-0.026515151515151603,3.0000000000000027,1.5099999999999998
2018-12-26 00:00:00,0.027131782945736482,-4.0000000000000036,1.5499999999999998
2018-12-27 00:00:00,-0.011320754716981019,3.0000000000000027,1.55
2018-12-28 00:00:00,-0.022900763358778664,3.0000000000000027,1.52
2018-12-31 00:00:00,-0.01953125000000011,4.0000000000000036,1.5099999999999998
2019-01-02 00:00:00,-0.015936254980079556,0.0,1.4700000000000002
2019-01-03 00:00:00,-0.044534412955465674,12.0,1.48
2019-01-04 00:00:00,0.05932203389830515,-3.0000000000000027,1.5899999999999999
2019-01-07 00:00:00,0.016000000000000014,-1.0000000000000009,1.62
2019-01-08 00:00:00,0.015748031496062964,0.0,1.6600000000000001
2019-01-09 00:00:00,-0.011627906976744318,3.0000000000000027,1.6599999999999997
2019-01-10 00:00:00,0.007843137254901933,-2.0000000000000018,1.6599999999999997
2019-01-11 00:00:00,-0.015564202334630406,5.000000000000004,1.67
2019-01-14 00:00:00,0.0,-3.0000000000000027,1.6399999999999997
2019-01-15 00:00:00,0.0,-1.0000000000000009,1.63
2019-01-16 00:00:00,0.0039525691699606735,0.0,1.6400000000000001
2019-01-17 00:00:00,0.015748031496062964,-3.9999999999999925,1.6400000000000001
2019-01-18 00:00:00,0.015503875968992276,-1.0000000000000009,1.6700000000000002
2019-01-22 00:00:00,-0.011494252873563093,1.0000000000000009,1.6400000000000001
2019-01-23 00:00:00,0.0,-1.0000000000000009,1.6300000000000001
2019-01-24 00:00:00,-0.011627906976744318,1.9999999999999907,1.6199999999999997
2019-01-25 00:00:00,0.019607843137255054,-1.9999999999999907,1.6500000000000001
2019-01-28 00:00:00,-0.007692307692307665,-1.0000000000000009,1.62
2019-01-29 00:00:00,-0.015503875968992276,2.9999999999999916,1.6099999999999999
2019-01-30 00:00:00,-0.023622047244094557,12.0,1.67
2019-01-31 00:00:00,-0.016129032258064502,8.000000000000007,1.71
2019-02-01 00:00:00,0.024590163934426146,-6.000000000000005,1.71
2019-02-04 00:00:00,0.016000000000000014,-2.0000000000000018,1.73
2019-02-05 00:00:00,-0.007874015748031482,2.0000000000000018,1.73
2019-02-06 00:00:00,-0.003968253968254065,0.0,1.7199999999999998
2019-02-07 00:00:00,-0.019920318725099584,2.0000000000000018,1.69
2019-02-08 00:00:00,-0.008130081300813052,2.0000000000000018,1.69
2019-02-11 00:00:00,0.012295081967213184,-3.0000000000000027,1.6900000000000002
2019-02-12 00:00:00,0.00809716599190291,0.0,1.7100000000000002
2019-02-13 00:00:00,0.016064257028112205,1.0000000000000009,1.7599999999999998
2019-02-14 00:00:00,-0.02371541501976271,3.0000000000000027,1.7300000000000002
2019-02-15 00:00:00,0.00809716599190291,0.0,1.7500000000000002
2019-02-19 00:00:00,-0.016000000000000014,3.0000000000000027,1.75
2019-02-20 00:00:00,0.004065040650406582,2.9999999999999916,1.79
2019-02-21 00:00:00,0.0161943319838056,-2.9999999999999916,1.7999999999999998
2019-02-22 00:00:00,-0.015936254980079556,5.999999999999995,1.8200000000000003
2019-02-25 00:00:00,0.004048582995951344,-1.0000000000000009,1.8199999999999998
2019-02-26 00:00:00,-0.012096774193548265,3.0000000000000027,1.8200000000000003
2019-02-27 00:00:00,0.012244897959183598,-2.0000000000000018,1.83
2019-02-28 00:00:00,0.016129032258064502,-3.0000000000000027,1.8399999999999999
2019-03-01 00:00:00,0.015873015873015817,-2.9999999999999916,1.85
2019-03-04 00:00:00,-0.011718750000000111,2.0000000000000018,1.8399999999999999
2019-03-05 00:00:00,0.0,-1.0000000000000009,1.8299999999999998
2019-03-06 00:00:00,-0.011857707509881354,1.9999999999999907,1.8199999999999998
2019-03-07 00:00:00,-0.02400000000000002,4.0000000000000036,1.7999999999999998
2019-03-08 00:00:00,-0.004098360655737654,2.0000000000000018,1.81
2019-03-11 00:00:00,0.00411522633744843,0.0,1.8199999999999998
2019-03-12 00:00:00,-0.016393442622950838,2.0000000000000018,1.7999999999999998
2019-03-13 00:00:00,0.012500000000000178,2.0000000000000018,1.85
2019-03-14 00:00:00,0.0,0.0,1.85
2019-03-15 00:00:00,-0.012345679012345734,3.9999999999999925,1.8599999999999999
2019-03-18 00:00:00,0.008333333333333304,0.0,1.88
2019-03-19 00:00:00,0.004132231404958775,-2.9999999999999916,1.8600000000000003
2019-03-20 00:00:00,-0.04115226337448563,10.999999999999993,1.87
2019-03-21 00:00:00,0.0042918454935620964,-1.9999999999999962,1.8599999999999999
2019-03-22 00:00:00,-0.04273504273504258,3.9999999999999982,1.8000000000000003
2019-03-25 00:00:00,-0.022321428571428714,0.0,1.75
2019-03-26 00:00:00,0.009132420091324311,1.0000000000000009,1.78
2019-03-27 00:00:00,-0.018099547511312264,-1.0000000000000009,1.73
2019-03-28 00:00:00,0.018433179723502224,-3.9999999999999982,1.73
2019-03-29 00:00:00,0.013574660633484337,2.9999999999999973,1.7900000000000003
2019-04-01 00:00:00,0.0401785714285714,-3.9999999999999982,1.84
2019-04-02 00:00:00,-0.02145922746781126,2.0000000000000018,1.8099999999999998
2019-04-03 00:00:00,0.021929824561403688,-4.0000000000000036,1.82
2019-04-04 00:00:00,-0.0042918454935623185,0.0,1.8099999999999998
2019-04-05 00:00:00,-0.004310344827586077,-1.0000000000000009,1.79
2019-04-08 00:00:00,0.008658008658008587,0.0,1.81
2019-04-09 00:00:00,-0.008583690987124526,1.0000000000000009,1.8
2019-04-10 00:00:00,-0.017316017316017285,6.0,1.82
2019-04-11 00:00:00,0.017621145374449254,-3.9999999999999982,1.82
2019-04-12 00:00:00,0.030303030303030276,-3.0000000000000027,1.8599999999999999
2019-04-15 00:00:00,-0.004201680672268782,0.0,1.85
2019-04-16 00:00:00,0.016877637130801704,-3.0000000000000027,1.86
2019-04-17 00:00:00,-0.004149377593361092,-1.0000000000000009,1.8399999999999999
2019-04-18 00:00:00,-0.012499999999999956,4.0000000000000036,1.85
2019-04-22 00:00:00,0.00421940928270037,0.0,1.8599999999999999
2019-04-23 00:00:00,-0.008403361344537785,3.0000000000000027,1.8699999999999999
2019-04-24 00:00:00,-0.021186440677966045,3.9999999999999982,1.86
2019-04-25 00:00:00,0.008658008658008587,-1.9999999999999962,1.86
2019-04-26 00:00:00,-0.01716738197424894,3.9999999999999982,1.86
2019-04-29 00:00:00,0.008733624454148492,-3.0000000000000027,1.85
2019-04-30 00:00:00,-0.012987012987013102,3.0000000000000027,1.8499999999999999
2019-05-01 00:00:00,0.00877192982456143,-4.999999999999999,1.8199999999999998
2019-05-02 00:00:00,0.021739130434782705,-8.000000000000007,1.79
2019-05-03 00:00:00,-0.008510638297872353,3.0000000000000027,1.8
2019-05-06 00:00:00,-0.01716738197424894,4.0000000000000036,1.8
2019-05-07 00:00:00,-0.017467248908296984,0.0,1.76
2019-05-08 00:00:00,0.017777777777777892,-4.0000000000000036,1.76
2019-05-09 00:00:00,-0.017467248908296984,1.0000000000000009,1.73
2019-05-10 00:00:00,0.008888888888888946,1.0000000000000009,1.76
2019-05-13 00:00:00,-0.03964757709251099,6.0,1.7300000000000002
2019-05-14 00:00:00,0.004587155963302614,0.0,1.74
2019-05-15 00:00:00,-0.0182648401826484,4.0000000000000036,1.74
2019-05-16 00:00:00,0.009302325581395321,-2.0000000000000018,1.74
2019-05-17 00:00:00,0.004608294930875667,-3.0000000000000027,1.7200000000000002
2019-05-20 00:00:00,0.013761467889908063,-3.9999999999999982,1.71
2019-05-21 00:00:00,0.009049773755656076,-1.0000000000000009,1.72
2019-05-22 00:00:00,-0.022421524663677084,0.0,1.6700000000000002
2019-05-23 00:00:00,-0.02752293577981657,2.0000000000000018,1.6300000000000001
2019-05-24 00:00:00,0.0,-1.0000000000000009,1.62
2019-05-28 00:00:00,-0.02358490566037752,2.0000000000000018,1.5899999999999999
2019-05-29 00:00:00,0.0,1.9999999999999962,1.6099999999999999
2019-05-30 00:00:00,-0.02415458937198056,2.0000000000000018,1.58
2019-05-31 00:00:00,-0.04950495049504955,9.000000000000002,1.5699999999999998
2019-06-03 00:00:00,-0.04166666666666663,7.9999999999999964,1.57
2019-06-04 00:00:00,0.02717391304347827,-2.9999999999999973,1.5899999999999999
2019-06-05 00:00:00,-0.01058201058201047,2.9999999999999973,1.6
2019-06-06 00:00:00,0.0053475935828875,-2.9999999999999973,1.5799999999999998
2019-06-07 00:00:00,-0.015957446808510523,6.0,1.61
2019-06-10 00:00:00,0.03783783783783767,-7.000000000000001,1.6099999999999999
2019-06-11 00:00:00,0.0,-3.9999999999999982,1.5699999999999998
2019-06-12 00:00:00,-0.02604166666666663,0.0,1.52
2019-06-13 00:00:00,-0.021390374331550777,1.9999999999999962,1.5
2019-06-14 00:00:00,0.005464480874316946,-3.9999999999999982,1.4700000000000002
2019-06-17 00:00:00,0.005434782608695565,-3.0000000000000027,1.4500000000000002
2019-06-18 00:00:00,-0.010810810810810811,6.0,1.49
2019-06-19 00:00:00,-0.03825136612021862,10.000000000000004,1.52
2019-06-20 00:00:00,0.011363636363636465,7.999999999999999,1.62
2019-06-21 00:00:00,0.011235955056179803,-4.000000000000001,1.6
2019-06-24 00:00:00,-0.02777777777777779,2.0000000000000018,1.57
2019-06-25 00:00:00,-0.011428571428571455,-3.0,1.52
2019-06-26 00:00:00,0.040462427745664886,-3.0,1.56
2019-06-27 00:00:00,-0.01666666666666672,0.9999999999999981,1.54
2019-06-28 00:00:00,0.0,0.0,1.54
2019-07-01 00:00:00,0.016949152542372836,-3.0,1.54
2019-07-02 00:00:00,-0.033333333333333326,1.0000000000000009,1.49
2019-07-03 00:00:00,0.0,1.9999999999999991,1.51
2019-07-05 00:00:00,0.06358381502890187,-5.999999999999997,1.55
2019-07-08 00:00:00,0.005434782608695565,-2.0000000000000018,1.54
2019-07-09 00:00:00,0.021621621621621623,-1.0000000000000009,1.5699999999999998
2019-07-10 00:00:00,-0.03174603174603163,9.0,1.6
2019-07-11 00:00:00,0.0382513661202184,-1.9999999999999991,1.65
2019-07-12 00:00:00,-0.015789473684210464,1.0000000000000009,1.6300000000000001
2019-07-15 00:00:00,-0.010695187165775444,0.9999999999999981,1.62
2019-07-16 00:00:00,0.010810810810810922,-1.9999999999999991,1.62
2019-07-17 00:00:00,-0.03208556149732622,1.9999999999999991,1.58
2019-07-18 00:00:00,-0.02209944751381221,5.000000000000002,1.59
2019-07-19 00:00:00,0.02824858757062154,-2.0000000000000018,1.62
2019-07-22 00:00:00,-0.01098901098901095,-0.9999999999999981,1.59
2019-07-23 00:00:00,0.016666666666666607,-1.0000000000000009,1.61
2019-07-24 00:00:00,-0.005464480874316946,-1.0000000000000009,1.59
2019-07-25 00:00:00,0.0219780219780219,-1.9999999999999991,1.61
2019-07-26 00:00:00,-0.005376344086021501,-3.0000000000000027,1.57
2019-07-29 00:00:00,-0.005405405405405461,1.0000000000000009,1.57
2019-07-30 00:00:00,0.0,1.0000000000000009,1.58
2019-07-31 00:00:00,-0.010869565217391353,-2.0000000000000018,1.54
2019-08-01 00:00:00,-0.07142857142857151,7.0000000000000036,1.48
2019-08-02 00:00:00,-0.017751479289940808,0.0,1.45
2019-08-05 00:00:00,-0.07831325301204817,4.999999999999999,1.37
2019-08-06 00:00:00,0.0,3.0,1.4
2019-08-07 00:00:00,0.006535947712418277,-1.0000000000000009,1.4
2019-08-08 00:00:00,0.0,3.0000000000000013,1.43
2019-08-09 00:00:00,0.025974025974025983,-2.0000000000000004,1.4500000000000002
2019-08-12 00:00:00,-0.05696202531645578,3.0,1.39
2019-08-13 00:00:00,0.06711409395973167,-3.0,1.46
2019-08-14 00:00:00,-0.06289308176100639,-1.9999999999999991,1.34
2019-08-15 00:00:00,-0.06040268456375841,6.999999999999999,1.3199999999999998
2019-08-16 00:00:00,0.014285714285714235,0.0,1.3399999999999999
2019-08-19 00:00:00,0.04225352112676051,-3.0,1.3699999999999999
2019-08-20 00:00:00,-0.03378378378378377,3.0,1.3499999999999999
2019-08-21 00:00:00,0.027972027972027913,-5.0,1.3399999999999999
2019-08-22 00:00:00,0.020408163265306145,-1.9999999999999991,1.35
2019-08-23 00:00:00,-0.06000000000000005,10.0,1.3599999999999999
2019-08-26 00:00:00,0.007092198581560183,-3.9999999999999996,1.3299999999999998
2019-08-27 00:00:00,-0.028169014084507116,5.0,1.3399999999999999
2019-08-28 00:00:00,-0.007246376811594013,3.0,1.36
2019-08-29 00:00:00,0.021897810218977964,0.0,1.39
2019-08-30 00:00:00,-0.0071428571428571175,-3.0,1.3499999999999999
2019-09-03 00:00:00,-0.04316546762589912,-1.9999999999999998,1.27
2019-09-04 00:00:00,-0.007518796992481258,5.0,1.31
2019-09-05 00:00:00,0.08333333333333326,-7.000000000000001,1.3499999999999999
2019-09-06 00:00:00,0.0,0.9999999999999996,1.3599999999999999
2019-09-09 00:00:00,0.04895104895104896,-3.9999999999999996,1.39
2019-09-10 00:00:00,0.06666666666666665,-6.999999999999999,1.4200000000000002
2019-09-11 00:00:00,0.0,-2.0000000000000018,1.4000000000000001
2019-09-12 00:00:00,0.02499999999999991,-1.9999999999999991,1.42
2019-09-13 00:00:00,0.07317073170731714,-6.999999999999998,1.47
2019-09-16 00:00:00,-0.03409090909090917,7.999999999999999,1.49
2019-09-17 00:00:00,-0.02352941176470591,0.9999999999999981,1.46
2019-09-18 00:00:00,0.012048192771084265,-8.000000000000002,1.4
2019-09-19 00:00:00,-0.011904761904761862,3.0000000000000027,1.41
2019-09-20 00:00:00,-0.036144578313252906,6.0,1.4100000000000001
2019-09-23 00:00:00,0.0,1.9999999999999991,1.4300000000000002
2019-09-24 00:00:00,-0.04375000000000007,4.000000000000001,1.4
2019-09-25 00:00:00,0.05228758169934644,-6.0,1.4200000000000002
2019-09-26 00:00:00,-0.018633540372670843,0.0,1.3900000000000001
2019-09-27 00:00:00,-0.012658227848101222,-1.0000000000000009,1.36
2019-09-30 00:00:00,-0.0064102564102563875,0.0,1.35
2019-10-01 00:00:00,-0.03870967741935483,2.0000000000000018,1.31
2019-10-02 00:00:00,-0.033557046979865834,3.9999999999999982,1.2999999999999998
2019-10-03 00:00:00,-0.06249999999999989,5.000000000000002,1.26
2019-10-04 00:00:00,0.0,1.9999999999999991,1.28
2019-10-07 00:00:00,0.03703703703703698,-3.9999999999999996,1.2899999999999998
2019-10-08 00:00:00,-0.02857142857142847,0.0,1.25
2019-10-09 00:00:00,0.03676470588235281,-5.0,1.25
2019-10-10 00:00:00,0.05673758865248235,-3.0,1.3
2019-10-11 00:00:00,0.046979865771812124,-6.0,1.31
2019-10-15 00:00:00,0.032258064516129004,-1.0000000000000009,1.34
2019-10-16 00:00:00,-0.018750000000000044,4.000000000000001,1.35
2019-10-17 00:00:00,0.0,17.0,1.52
2019-10-18 00:00:00,0.0,1.0000000000000002,1.53
2019-10-21 00:00:00,0.02547770700636942,-4.0,1.53
2019-10-22 00:00:00,-0.012422360248447228,0.9999999999999996,1.52
2019-10-23 00:00:00,0.0,1.0000000000000009,1.53
2019-10-24 00:00:00,0.0,0.0,1.53
2019-10-25 00:00:00,0.025157232704402288,-1.0000000000000009,1.5599999999999998
2019-10-28 00:00:00,0.01840490797546024,-6.0,1.5299999999999998
2019-10-29 00:00:00,0.0,-1.9999999999999991,1.51
2019-10-30 00:00:00,-0.030120481927710774,0.9999999999999981,1.4700000000000002
2019-10-31 00:00:00,-0.05590062111801242,7.000000000000001,1.45
2019-11-01 00:00:00,0.013157894736842035,2.0000000000000004,1.49
2019-11-04 00:00:00,0.038961038961039085,1.0000000000000002,1.56
2019-11-05 00:00:00,0.03749999999999987,-4.0,1.5799999999999998
2019-11-06 00:00:00,-0.01807228915662651,2.0000000000000004,1.5699999999999998
2019-11-07 00:00:00,0.06748466257668717,-7.000000000000001,1.6099999999999999
2019-11-08 00:00:00,0.005747126436781658,2.0000000000000004,1.64
2019-11-12 00:00:00,-0.005747126436781658,-2.0000000000000004,1.6
2019-11-13 00:00:00,-0.017341040462427793,2.0000000000000004,1.5899999999999999
2019-11-14 00:00:00,-0.04117647058823537,2.0000000000000004,1.5399999999999998
2019-11-15 00:00:00,0.012269938650306678,-4.000000000000001,1.52
2019-11-18 00:00:00,-0.0060606060606061,4.000000000000001,1.5499999999999998
2019-11-19 00:00:00,-0.012195121951219412,-1.0000000000000009,1.52
2019-11-20 00:00:00,-0.01851851851851849,3.0,1.52
2019-11-21 00:00:00,0.018867924528301883,-1.9999999999999991,1.53
2019-11-22 00:00:00,0.0,0.0,1.53
2019-11-25 00:00:00,-0.006172839506172867,0.0,1.52
2019-11-26 00:00:00,-0.006211180124223614,3.0,1.54
2019-11-27 00:00:00,0.018749999999999822,-3.0,1.5399999999999998
2019-11-29 00:00:00,-0.012195121951219412,-3.0,1.5
2019-12-02 00:00:00,0.012345679012345512,0.9999999999999996,1.5299999999999998
2019-12-03 00:00:00,-0.060975609756097504,8.0,1.51
2019-12-04 00:00:00,0.038961038961039085,-3.0,1.54
2019-12-05 00:00:00,0.018749999999999822,-1.0000000000000009,1.5599999999999998
2019-12-06 00:00:00,0.024539877300613577,-0.9999999999999996,1.5899999999999999
2019-12-09 00:00:00,-0.005988023952095856,0.0,1.5799999999999998
2019-12-10 00:00:00,0.01807228915662651,-0.9999999999999996,1.5999999999999999
2019-12-11 00:00:00,-0.029585798816568087,5.0,1.5999999999999999
2019-12-12 00:00:00,0.054878048780487854,-7.000000000000001,1.6199999999999999
2019-12-13 00:00:00,-0.040462427745664775,7.000000000000001,1.6199999999999999
2019-12-16 00:00:00,0.024096385542168752,-4.0,1.6199999999999999
2019-12-17 00:00:00,0.0,2.0000000000000004,1.64
2019-12-18 00:00:00,0.0235294117647058,0.0,1.68
2019-12-19 00:00:00,0.0,0.9999999999999996,1.69
2019-12-20 00:00:00,-0.005747126436781658,-0.9999999999999996,1.67
2019-12-23 00:00:00,0.005780346820809301,-2.0000000000000004,1.66
2019-12-24 00:00:00,-0.017241379310344862,3.0,1.66
2019-12-26 00:00:00,-0.011494252873563204,-0.9999999999999996,1.66
2019-12-27 00:00:00,-0.023255813953488413,1.9999999999999998,1.64
2019-12-30 00:00:00,0.0,2.0,1.66
2019-12-31 00:00:00,0.005952380952380931,1.0,1.68
2020-01-02 00:00:00,-0.01183431952662728,6.000000000000001,1.72
2020-01-03 00:00:00,-0.0479041916167664,5.0,1.6900000000000002
2020-01-06 00:00:00,0.012578616352201255,-2.0000000000000004,1.6900000000000002
2020-01-07 00:00:00,-0.006211180124223614,-3.0,1.6500000000000001
2020-01-08 00:00:00,0.03749999999999987,-4.0,1.67
2020-01-09 00:00:00,-0.0060240963855421326,1.0,1.67
2020-01-10 00:00:00,-0.012121212121212088,2.0,1.67
2020-01-13 00:00:00,0.012269938650306678,1.0000000000000002,1.7
2020-01-14 00:00:00,-0.018181818181818077,2.0000000000000004,1.6900000000000002
2020-01-15 00:00:00,-0.012345679012345734,0.0,1.6700000000000002
2020-01-16 00:00:00,0.012499999999999956,-2.0000000000000004,1.6700000000000002
2020-01-17 00:00:00,0.0,0.0,1.6700000000000002
2020-01-21 00:00:00,-0.024691358024691357,3.9999999999999996,1.6700000000000002
2020-01-22 00:00:00,0.0,-1.9999999999999991,1.6500000000000001
2020-01-23 00:00:00,-0.025316455696202556,1.9999999999999991,1.6300000000000001
2020-01-24 00:00:00,-0.019480519480519543,2.0000000000000004,1.62
2020-01-27 00:00:00,-0.04635761589403975,0.9999999999999996,1.56
2020-01-28 00:00:00,0.0277777777777779,0.0,1.6
2020-01-29 00:00:00,-0.05405405405405406,5.000000000000002,1.5699999999999998
2020-01-30 00:00:00,0.0071428571428571175,3.0,1.6099999999999999
2020-01-31 00:00:00,-0.06382978723404242,8.000000000000002,1.6
2020-02-03 00:00:00,0.022727272727272707,-7.0000000000000036,1.56
2020-02-04 00:00:00,0.051851851851851816,-4.999999999999999,1.5799999999999998
2020-02-05 00:00:00,0.028169014084507005,-1.0000000000000009,1.6099999999999999
2020-02-06 00:00:00,0.0,1.0000000000000009,1.6199999999999999
2020-02-07 00:00:00,-0.04109589041095896,4.000000000000001,1.5999999999999999
2020-02-10 00:00:00,-0.014285714285714346,3.9999999999999982,1.6199999999999999
2020-02-11 00:00:00,0.02898550724637694,-3.9999999999999982,1.6199999999999999
2020-02-12 00:00:00,0.021126760563380254,-1.0000000000000009,1.64
2020-02-13 00:00:00,-0.006896551724137945,3.0,1.66
2020-02-14 00:00:00,-0.01388888888888895,0.0,1.64
2020-02-18 00:00:00,-0.007092198581560294,3.0,1.65
2020-02-19 00:00:00,0.0071428571428571175,-1.0000000000000009,1.65
2020-02-20 00:00:00,-0.03546099290780125,2.0000000000000018,1.62
2020-02-21 00:00:00,-0.02941176470588236,3.9999999999999982,1.62
2020-02-24 00:00:00,-0.08333333333333337,6.0,1.5699999999999998
2020-02-25 00:00:00,-0.024793388429752095,0.0,1.54
2020-02-26 00:00:00,-0.016949152542372947,0.0,1.52
2020-02-27 00:00:00,-0.06896551724137923,1.0000000000000009,1.4500000000000002
2020-02-28 00:00:00,-0.12037037037037046,7.000000000000001,1.39
2020-03-02 00:00:00,-0.021052631578947323,0.0,1.37
2020-03-03 00:00:00,-0.20430107526881724,12.999999999999995,1.31
2020-03-04 00:00:00,0.06756756756756754,2.0000000000000018,1.38
2020-03-05 00:00:00,-0.1392405063291139,2.0000000000000018,1.29
2020-03-06 00:00:00,-0.10294117647058831,-4.999999999999993,1.17
2020-03-09 00:00:00,-0.180327868852459,-22.000000000000004,0.8400000000000001
2020-03-10 00:00:00,0.3400000000000001,-20.0,0.81
2020-03-11 00:00:00,0.04477611940298498,-11.000000000000002,0.73
2020-03-12 00:00:00,-0.12857142857142856,-6.0,0.58
2020-03-13 00:00:00,0.19672131147540983,-14.000000000000002,0.5599999999999999
2020-03-16 00:00:00,-0.3013698630136986,-1.9999999999999991,0.32
2020-03-17 00:00:00,0.4509803921568627,-31.0,0.24
2020-03-18 00:00:00,0.06756756756756754,-13.0,0.16000000000000003
2020-03-19 00:00:00,-0.10126582278481022,10.999999999999998,0.18999999999999995
2020-03-20 00:00:00,-0.323943661971831,31.000000000000007,0.27
2020-03-23 00:00:00,-0.14583333333333337,20.0,0.39999999999999997
2020-03-24 00:00:00,0.29268292682926833,4.0,0.56
2020-03-25 00:00:00,-0.018867924528301883,10.0,0.65
2020-03-26 00:00:00,0.019230769230769162,7.999999999999999,0.74
2020-03-27 00:00:00,-0.24528301886792447,-7.999999999999999,0.53
2020-03-30 00:00:00,0.04999999999999982,4.999999999999999,0.6
2020-03-31 00:00:00,-0.11904761904761907,-6.0,0.49
2020-04-01 00:00:00,0.0,7.000000000000001,0.56
2020-04-02 00:00:00,0.027027027027026973,15.000000000000002,0.72
2020-04-03 00:00:00,0.026315789473684292,4.999999999999999,0.78
2020-04-06 00:00:00,0.15384615384615374,1.9999999999999962,0.86
2020-04-07 00:00:00,0.04444444444444429,-2.9999999999999973,0.85
2020-04-08 00:00:00,0.0,2.0000000000000018,0.87
2020-04-09 00:00:00,-0.12765957446808507,8.999999999999996,0.8999999999999999
2020-04-13 00:00:00,0.12195121951219523,1.0000000000000009,0.96
2020-04-14 00:00:00,-0.08695652173913049,2.0000000000000018,0.94
2020-04-15 00:00:00,-0.19047619047619035,1.0000000000000009,0.8700000000000001
2020-04-16 00:00:00,0.02941176470588225,-18.000000000000004,0.7
2020-04-17 00:00:00,0.028571428571428692,-3.9999999999999982,0.6699999999999999
2020-04-20 00:00:00,-0.02777777777777779,-10.0,0.5599999999999999
2020-04-21 00:00:00,-0.05714285714285705,3.0,0.5700000000000001
2020-04-22 00:00:00,0.09090909090909083,8.000000000000002,0.6799999999999999
2020-04-23 00:00:00,0.0277777777777779,-2.0000000000000018,0.6699999999999999
2020-04-24 00:00:00,0.027027027027026973,6.0,0.74
2020-04-27 00:00:00,0.05263157894736836,1.0000000000000009,0.77
2020-04-28 00:00:00,-0.050000000000000044,2.0000000000000018,0.77
2020-04-29 00:00:00,-0.02631578947368418,2.9999999999999973,0.79
2020-04-30 00:00:00,0.0,-6.0,0.73
2020-05-01 00:00:00,-0.05405405405405406,-3.9999999999999982,0.6699999999999999
2020-05-04 00:00:00,0.028571428571428692,1.0000000000000009,0.69
2020-05-05 00:00:00,0.05555555555555558,1.9999999999999962,0.73
2020-05-06 00:00:00,-0.02631578947368418,-0.9999999999999953,0.71
2020-05-07 00:00:00,-0.18918918918918926,6.999999999999995,0.71
2020-05-08 00:00:00,0.10000000000000009,0.0,0.74
2020-05-11 00:00:00,0.06060606060606055,-1.9999999999999962,0.74
2020-05-12 00:00:00,-0.05714285714285705,-1.0000000000000009,0.71
2020-05-13 00:00:00,-0.030303030303030276,2.0000000000000018,0.72
2020-05-14 00:00:00,-0.0625,0.0,0.7
2020-05-15 00:00:00,0.03333333333333344,3.9999999999999982,0.75
2020-05-18 00:00:00,0.19354838709677424,2.0000000000000018,0.8300000000000001
2020-05-19 00:00:00,-0.08108108108108103,0.9999999999999953,0.81
2020-05-20 00:00:00,0.0,2.0000000000000018,0.8300000000000001
2020-05-21 00:00:00,0.0,-2.9999999999999973,0.8
2020-05-22 00:00:00,-0.02941176470588236,0.0,0.79
2020-05-26 00:00:00,0.02941176470588225,0.9999999999999953,0.82
2020-05-27 00:00:00,0.0,1.0000000000000009,0.83
2020-05-28 00:00:00,-0.02857142857142847,4.0000000000000036,0.8600000000000001
2020-05-29 00:00:00,-0.11764705882352955,1.0000000000000009,0.8300000000000001
2020-06-01 00:00:00,0.03333333333333344,0.0,0.8400000000000001
2020-06-02 00:00:00,0.032258064516129004,-1.0000000000000009,0.8400000000000001
2020-06-03 00:00:00,0.125,-2.0000000000000018,0.86
2020-06-04 00:00:00,0.13888888888888884,-2.0000000000000018,0.8899999999999999
2020-06-05 00:00:00,0.12195121951219523,0.0,0.94
2020-06-08 00:00:00,-0.021739130434782594,5.000000000000004,0.98
2020-06-09 00:00:00,-0.11111111111111105,4.999999999999993,0.98
2020-06-10 00:00:00,-0.20000000000000007,9.000000000000007,0.99
2020-06-11 00:00:00,0.0,-4.0000000000000036,0.95
2020-06-12 00:00:00,0.03125,-1.0000000000000009,0.95
2020-06-15 00:00:00,0.030303030303030276,3.0000000000000027,0.99
2020-06-16 00:00:00,0.0,3.0000000000000027,1.02
2020-06-17 00:00:00,0.0,-1.0000000000000009,1.01
2020-06-18 00:00:00,-0.02941176470588236,10.999999999999998,1.11
2020-06-19 00:00:00,-0.030303030303030276,-5.000000000000004,1.05
2020-06-22 00:00:00,0.0625,4.0000000000000036,1.11
2020-06-23 00:00:00,-0.02941176470588236,4.0000000000000036,1.1400000000000001
2020-06-24 00:00:00,-0.030303030303030276,-4.0000000000000036,1.09
2020-06-25 00:00:00,0.03125,2.0000000000000018,1.12
2020-06-26 00:00:00,-0.09090909090909094,2.0000000000000018,1.11
2020-06-29 00:00:00,-0.06666666666666654,4.999999999999993,1.1400000000000001
2020-06-30 00:00:00,0.03571428571428559,1.0000000000000009,1.16
2020-07-01 00:00:00,0.06896551724137945,-1.0000000000000009,1.17
2020-07-02 00:00:00,-0.06451612903225812,6.000000000000005,1.21
2020-07-06 00:00:00,0.034482758620689724,4.999999999999993,1.27
2020-07-07 00:00:00,-0.033333333333333326,0.0,1.26
2020-07-08 00:00:00,0.034482758620689724,-2.0000000000000018,1.25
2020-07-09 00:00:00,-0.06666666666666654,-1.0000000000000009,1.22
2020-07-10 00:00:00,0.0714285714285714,1.0000000000000009,1.25
2020-07-13 00:00:00,-0.033333333333333326,2.0000000000000018,1.26
2020-07-14 00:00:00,0.0,2.0000000000000018,1.28
2020-07-15 00:00:00,0.0,1.0000000000000009,1.29
2020-07-16 00:00:00,-0.0344827586206895,2.0000000000000018,1.3
2020-07-17 00:00:00,0.0,4.0000000000000036,1.34
2020-07-20 00:00:00,0.0,2.0000000000000018,1.36
2020-07-21 00:00:00,-0.0357142857142857,4.999999999999982,1.4
2020-07-22 00:00:00,0.03703703703703698,0.0,1.41
2020-07-23 00:00:00,-0.0357142857142857,-2.9999999999999805,1.37
2020-07-24 00:00:00,0.0,-2.0000000000000018,1.35
2020-07-27 00:00:00,0.07407407407407396,0.0,1.37
2020-07-28 00:00:00,-0.06896551724137923,2.0000000000000018,1.37
2020-07-29 00:00:00,-0.03703703703703709,2.9999999999999805,1.39
2020-07-30 00:00:00,-0.11538461538461542,1.0000000000000009,1.3699999999999999
2020-07-31 00:00:00,-0.08695652173913049,5.000000000000004,1.4
2020-08-03 00:00:00,0.04761904761904767,5.000000000000004,1.46
2020-08-04 00:00:00,-0.13636363636363635,2.0000000000000018,1.45
2020-08-05 00:00:00,0.1578947368421053,4.0000000000000036,1.52
2020-08-06 00:00:00,0.0,2.0000000000000018,1.54
2020-08-07 00:00:00,0.045454545454545414,-5.000000000000004,1.5
2020-08-10 00:00:00,0.04347826086956519,-2.0000000000000018,1.49
2020-08-11 00:00:00,0.16666666666666674,-2.0000000000000018,1.51
2020-08-12 00:00:00,0.0714285714285714,3.0000000000000027,1.56
2020-08-13 00:00:00,0.06666666666666665,-2.0000000000000018,1.56
2020-08-14 00:00:00,-0.0625,0.0,1.54
2020-08-17 00:00:00,-0.033333333333333326,1.0000000000000009,1.54
2020-08-18 00:00:00,-0.0344827586206895,3.0000000000000027,1.56
2020-08-19 00:00:00,0.03571428571428559,-2.0000000000000018,1.55
2020-08-20 00:00:00,-0.06896551724137923,-4.0000000000000036,1.49
2020-08-21 00:00:00,0.0,3.0000000000000027,1.52
2020-08-24 00:00:00,0.03703703703703698,4.0000000000000036,1.57
2020-08-25 00:00:00,0.0714285714285714,1.0000000000000009,1.6
2020-08-26 00:00:00,-0.033333333333333326,5.000000000000004,1.6400000000000001
2020-08-27 00:00:00,0.06896551724137945,-1.0000000000000009,1.6500000000000001
2020-08-28 00:00:00,-0.12903225806451601,5.999999999999983,1.67
2020-08-31 00:00:00,0.0,1.0000000000000009,1.68
2020-09-01 00:00:00,-0.03703703703703709,-2.0000000000000018,1.65
2020-09-02 00:00:00,-0.03846153846153855,-3.9999999999999813,1.6
2020-09-03 00:00:00,0.0,-6.000000000000005,1.54
2020-09-04 00:00:00,0.19999999999999996,-2.0000000000000018,1.57
2020-09-08 00:00:00,-0.06896551724137923,0.0,1.54
2020-09-09 00:00:00,0.03703703703703698,2.0000000000000018,1.57
2020-09-10 00:00:00,-0.0357142857142857,-1.0000000000000009,1.55
2020-09-11 00:00:00,-0.07407407407407418,-1.0000000000000009,1.52
2020-09-14 00:00:00,0.040000000000000036,0.0,1.53
2020-09-15 00:00:00,0.03846153846153855,0.0,1.54
2020-09-16 00:00:00,0.03703703703703698,2.0000000000000018,1.57
2020-09-17 00:00:00,0.0,0.0,1.57
2020-09-18 00:00:00,0.0,0.0,1.57
2020-09-21 00:00:00,-0.0357142857142857,-6.000000000000005,1.5
2020-09-22 00:00:00,0.0,0.0,1.5
2020-09-23 00:00:00,0.03703703703703698,-3.0000000000000027,1.48
2020-09-24 00:00:00,0.0,-2.0000000000000018,1.46
2020-09-25 00:00:00,-0.0357142857142857,-1.0000000000000009,1.44
2020-09-28 00:00:00,-0.03703703703703709,5.000000000000004,1.48
2020-09-29 00:00:00,-0.03846153846153855,3.0000000000000027,1.5
2020-09-30 00:00:00,0.1200000000000001,-3.0000000000000027,1.5
2020-10-01 00:00:00,0.0,-1.0000000000000009,1.49
2020-10-02 00:00:00,0.03571428571428559,-1.0000000000000009,1.49
2020-10-05 00:00:00,0.13793103448275867,-1.0000000000000009,1.52
2020-10-06 00:00:00,-0.06060606060606066,0.0,1.5
2020-10-07 00:00:00,0.09677419354838723,0.0,1.53
2020-10-08 00:00:00,-0.02941176470588236,4.0000000000000036,1.56
2020-10-09 00:00:00,0.030303030303030276,-1.0000000000000009,1.56
2020-10-13 00:00:00,-0.06060606060606066,-1.0000000000000009,1.52
2020-10-14 00:00:00,0.0,1.0000000000000009,1.53
2020-10-15 00:00:00,0.032258064516129004,-2.0000000000000018,1.52
2020-10-16 00:00:00,0.0,1.0000000000000009,1.53
2020-10-19 00:00:00,0.0625,-2.0000000000000018,1.53
2020-10-20 00:00:00,0.0,0.0,1.53
2020-10-21 00:00:00,0.0588235294117645,1.0000000000000009,1.56
2020-10-22 00:00:00,0.05555555555555558,10.000000000000009,1.6800000000000002
2020-10-23 00:00:00,-0.02631578947368418,-1.0000000000000009,1.6600000000000001
2020-10-26 00:00:00,-0.05405405405405406,-1.0000000000000009,1.63
2020-10-27 00:00:00,-0.05714285714285705,2.0000000000000018,1.6300000000000001
2020-10-28 00:00:00,0.0,-3.0000000000000027,1.6
2020-10-29 00:00:00,0.15151515151515138,-4.0000000000000036,1.6099999999999999
2020-10-30 00:00:00,0.0,-2.0000000000000018,1.5899999999999999
2020-11-02 00:00:00,0.0,1.0000000000000009,1.6
2020-11-03 00:00:00,0.026315789473684292,1.0000000000000009,1.62
2020-11-04 00:00:00,-0.15384615384615385,0.0,1.56
2020-11-05 00:00:00,0.0,-1.0000000000000009,1.55
2020-11-06 00:00:00,0.09090909090909083,-4.0000000000000036,1.54
2020-11-09 00:00:00,0.19444444444444442,1.0000000000000009,1.6199999999999999
2020-11-10 00:00:00,0.04651162790697683,4.0000000000000036,1.68
2020-11-12 00:00:00,-0.1333333333333333,0.0,1.62
2020-11-13 00:00:00,0.0512820512820511,0.0,1.64
2020-11-16 00:00:00,0.0,0.0,1.64
2020-11-17 00:00:00,-0.07317073170731703,1.0000000000000009,1.62
2020-11-18 00:00:00,0.05263157894736836,-1.0000000000000009,1.63
2020-11-19 00:00:00,-0.050000000000000044,0.0,1.6099999999999999
2020-11-20 00:00:00,-0.02631578947368418,0.0,1.6
2020-11-23 00:00:00,0.05405405405405417,0.0,1.62
2020-11-24 00:00:00,0.025641025641025772,3.0000000000000027,1.6600000000000001
2020-11-25 00:00:00,-0.025000000000000022,2.0000000000000018,1.67
2020-11-27 00:00:00,-0.02631578947368418,2.0000000000000018,1.67
2020-11-30 00:00:00,-0.027027027027027084,2.0000000000000018,1.6800000000000002
2020-12-01 00:00:00,0.16666666666666674,-2.0000000000000018,1.72
2020-12-02 00:00:00,0.0,4.0000000000000036,1.76
2020-12-03 00:00:00,-0.04761904761904756,3.9999999999999813,1.7799999999999998
2020-12-04 00:00:00,0.04999999999999982,3.0000000000000027,1.8299999999999998
2020-12-07 00:00:00,-0.0714285714285714,3.0000000000000027,1.83
2020-12-08 00:00:00,0.0,1.0000000000000009,1.8399999999999999
2020-12-09 00:00:00,0.0512820512820511,-2.0000000000000018,1.8399999999999999
2020-12-10 00:00:00,-0.07317073170731703,1.0000000000000009,1.8199999999999998
2020-12-11 00:00:00,-0.052631578947368474,1.0000000000000009,1.81
2020-12-14 00:00:00,0.0,2.0000000000000018,1.83
2020-12-15 00:00:00,0.0277777777777779,2.0000000000000018,1.8599999999999999
2020-12-16 00:00:00,0.0,4.0000000000000036,1.9
2020-12-17 00:00:00,0.027027027027026973,-1.0000000000000009,1.9
2020-12-18 00:00:00,0.0,1.0000000000000009,1.9100000000000001
2020-12-21 00:00:00,0.0,-2.0000000000000018,1.8900000000000001
2020-12-22 00:00:00,-0.052631578947368474,4.0000000000000036,1.9100000000000001
2020-12-23 00:00:00,0.0277777777777779,0.0,1.92
2020-12-24 00:00:00,-0.027027027027027084,0.0,1.9100000000000001
2020-12-28 00:00:00,0.0,-1.0000000000000009,1.9
2020-12-29 00:00:00,0.05555555555555558,-1.0000000000000009,1.9100000000000001
2020-12-30 00:00:00,-0.02631578947368418,2.0000000000000018,1.92
2020-12-31 00:00:00,-0.027027027027027084,4.0000000000000036,1.9500000000000002
2021-01-04 00:00:00,-0.02777777777777779,3.0000000000000027,1.9700000000000002
2021-01-05 00:00:00,0.08571428571428585,0.9999999999999787,2.01
2021-01-06 00:00:00,0.13157894736842102,-1.9999999999999796,2.04
2021-01-07 00:00:00,0.06976744186046524,1.9999999999999796,2.09
2021-01-08 00:00:00,0.06521739130434767,-4.999999999999982,2.0700000000000003
2021-01-11 00:00:00,0.04081632653061229,-4.0000000000000036,2.05
2021-01-12 00:00:00,-0.019607843137254943,2.0000000000000018,2.06
2021-01-13 00:00:00,-0.040000000000000036,0.0,2.04
2021-01-14 00:00:00,0.0,4.0000000000000036,2.08
2021-01-15 00:00:00,-0.06249999999999989,2.9999999999999805,2.08
2021-01-19 00:00:00,-0.021739130434782594,4.0000000000000036,2.12
2021-01-20 00:00:00,-0.022222222222222254,3.0000000000000027,2.14
2021-01-21 00:00:00,0.022727272727272707,3.0000000000000027,2.18
2021-01-22 00:00:00,-0.04444444444444451,-1.0000000000000009,2.15
2021-01-25 00:00:00,-0.06976744186046502,1.0000000000000009,2.13
2021-01-26 00:00:00,0.02499999999999991,0.0,2.14
2021-01-27 00:00:00,0.0,1.0000000000000009,2.15
2021-01-28 00:00:00,0.04878048780487809,2.0000000000000018,2.19
2021-01-29 00:00:00,0.0,0.0,2.19
2021-02-01 00:00:00,-0.023255813953488413,0.0,2.18
2021-02-02 00:00:00,0.04761904761904767,2.0000000000000018,2.22
2021-02-03 00:00:00,0.045454545454545414,3.0000000000000027,2.27
2021-02-04 00:00:00,0.0,-2.0000000000000018,2.25
2021-02-05 00:00:00,0.021739130434782483,2.0000000000000018,2.2800000000000002
2021-02-08 00:00:00,0.02127659574468077,2.0000000000000018,2.31
2021-02-09 00:00:00,0.0,0.0,2.31
2021-02-10 00:00:00,-0.06249999999999989,2.0000000000000018,2.3000000000000003
2021-02-11 00:00:00,0.022222222222222143,1.0000000000000009,2.3200000000000003
2021-02-12 00:00:00,0.06521739130434767,-1.0000000000000009,2.34
2021-02-16 00:00:00,0.09615384615384603,-5.000000000000004,2.37
2021-02-17 00:00:00,-0.0350877192982455,-2.0000000000000018,2.33
2021-02-18 00:00:00,0.0,-5.000000000000004,2.2800000000000002
2021-02-19 00:00:00,0.05454545454545445,-3.0000000000000027,2.28
2021-02-22 00:00:00,0.034482758620689724,4.0000000000000036,2.34
2021-02-23 00:00:00,-0.050000000000000044,2.0000000000000018,2.33
2021-02-24 00:00:00,0.05263157894736836,0.0,2.36
2021-02-25 00:00:00,0.3666666666666667,-23.0,2.35
2021-02-26 00:00:00,-0.1097560975609756,10.999999999999988,2.37
2021-03-01 00:00:00,-0.04109589041095896,5.000000000000004,2.3899999999999997
2021-03-02 00:00:00,-0.05714285714285705,7.000000000000006,2.42
2021-03-03 00:00:00,0.10606060606060597,-4.0000000000000036,2.45
2021-03-04 00:00:00,0.06849315068493156,-6.000000000000005,2.44
2021-03-05 00:00:00,0.025641025641025772,-2.0000000000000018,2.44
2021-03-08 00:00:00,0.07499999999999996,-7.999999999999985,2.42
2021-03-09 00:00:00,-0.05813953488372081,2.0000000000000018,2.39
2021-03-10 00:00:00,-0.024691358024691357,8.999999999999986,2.46
2021-03-11 00:00:00,0.0,6.000000000000005,2.52
2021-03-12 00:00:00,0.06329113924050622,-7.000000000000006,2.5
2021-03-15 00:00:00,-0.011904761904761862,4.0000000000000036,2.53
2021-03-16 00:00:00,0.0,6.000000000000005,2.59
2021-03-17 00:00:00,-0.036144578313252906,2.0000000000000018,2.58
2021-03-18 00:00:00,0.07499999999999996,-14.000000000000012,2.5
2021-03-19 00:00:00,0.03488372093023262,-2.9999999999999805,2.5
2021-03-22 00:00:00,-0.03370786516853941,2.9999999999999805,2.5
2021-03-23 00:00:00,-0.04651162790697683,1.0000000000000009,2.4699999999999998
2021-03-24 00:00:00,-0.012195121951219412,5.000000000000004,2.51
2021-03-25 00:00:00,0.03703703703703698,2.0000000000000018,2.56
2021-03-26 00:00:00,0.023809523809523725,0.0,2.58
2021-03-29 00:00:00,0.03488372093023262,-5.000000000000004,2.56
2021-03-30 00:00:00,0.011235955056179803,-4.999999999999982,2.52
2021-03-31 00:00:00,0.04444444444444429,0.0,2.56
2021-04-01 00:00:00,-0.031914893617021156,2.9999999999999805,2.56
2021-04-02 00:00:00,0.0,-3.9999999999999813,2.52
2021-04-05 00:00:00,0.0219780219780219,0.0,2.54
2021-04-06 00:00:00,-0.06451612903225812,2.9999999999999805,2.51
2021-04-07 00:00:00,0.0,2.0000000000000018,2.53
2021-04-08 00:00:00,-0.034482758620689724,4.0000000000000036,2.54
2021-04-09 00:00:00,0.03571428571428581,-6.000000000000005,2.51
2021-04-12 00:00:00,0.011494252873563315,-1.0000000000000009,2.51
2021-04-13 00:00:00,-0.045454545454545525,6.000000000000005,2.53
2021-04-14 00:00:00,0.023809523809523725,0.0,2.55
2021-04-15 00:00:00,-0.04651162790697683,5.000000000000004,2.56
2021-04-16 00:00:00,0.024390243902439046,-1.0000000000000009,2.57
2021-04-19 00:00:00,-0.011904761904761862,-2.0000000000000018,2.54
2021-04-20 00:00:00,-0.036144578313252906,0.0,2.51
2021-04-21 00:00:00,0.0,1.0000000000000009,2.52
2021-04-22 00:00:00,-0.012499999999999956,-10.999999999999988,2.4000000000000004
2021-04-23 00:00:00,0.03797468354430378,0.0,2.43
2021-04-26 00:00:00,0.012195121951219523,1.0000000000000009,2.45
2021-04-27 00:00:00,0.06024096385542177,0.9999999999999787,2.51
2021-04-28 00:00:00,-0.03409090909090917,5.000000000000004,2.53
2021-04-29 00:00:00,0.0235294117647058,2.0000000000000018,2.57
2021-04-30 00:00:00,-0.02298850574712641,1.0000000000000009,2.56
2021-05-03 00:00:00,-0.03529411764705881,5.000000000000004,2.58
2021-05-04 00:00:00,0.0,4.0000000000000036,2.62
2021-05-05 00:00:00,-0.024390243902438935,7.999999999999985,2.6799999999999997
2021-05-06 00:00:00,0.0,-2.9999999999999805,2.6500000000000004
2021-05-07 00:00:00,-0.03749999999999998,2.9999999999999805,2.65
2021-05-10 00:00:00,0.012987012987013102,3.0000000000000027,2.69
2021-05-11 00:00:00,0.025641025641025772,-3.0000000000000027,2.6799999999999997
2021-05-12 00:00:00,0.07499999999999996,-2.9999999999999805,2.71
2021-05-13 00:00:00,-0.03488372093023262,-4.0000000000000036,2.64
2021-05-14 00:00:00,-0.012048192771084376,5.000000000000004,2.68
2021-05-17 00:00:00,0.024390243902439046,1.9999999999999796,2.7199999999999998
2021-05-18 00:00:00,-0.023809523809523836,1.0000000000000009,2.71
2021-05-19 00:00:00,0.04878048780487809,-9.999999999999986,2.65
2021-05-20 00:00:00,-0.04651162790697683,-3.0000000000000027,2.58
2021-05-21 00:00:00,0.0,2.0000000000000018,2.6
2021-05-24 00:00:00,-0.024390243902438935,4.0000000000000036,2.62
2021-05-25 00:00:00,-0.03749999999999998,2.0000000000000018,2.6100000000000003
2021-05-26 00:00:00,0.012987012987013102,-4.0000000000000036,2.58
2021-05-27 00:00:00,0.03846153846153855,-2.0000000000000018,2.59
2021-05-28 00:00:00,-0.024691358024691357,0.0,2.5700000000000003
2021-06-01 00:00:00,-0.012345679012345734,1.0000000000000009,2.59
2021-06-02 00:00:00,0.0,0.0,2.59
2021-06-03 00:00:00,0.04999999999999982,-7.000000000000006,2.56
2021-06-04 00:00:00,-0.0714285714285714,4.0000000000000036,2.54
2021-06-07 00:00:00,0.012820512820512775,-4.0000000000000036,2.51
2021-06-08 00:00:00,-0.012658227848101222,-2.0000000000000018,2.48
2021-06-09 00:00:00,-0.03846153846153855,-4.0000000000000036,2.41
2021-06-10 00:00:00,-0.040000000000000036,8.000000000000007,2.46
2021-06-11 00:00:00,0.0277777777777779,-7.000000000000006,2.41
2021-06-14 00:00:00,0.06756756756756754,-3.0000000000000027,2.4299999999999997
2021-06-15 00:00:00,-0.012658227848101222,3.0000000000000027,2.45
2021-06-16 00:00:00,0.15384615384615374,-14.999999999999991,2.42
2021-06-17 00:00:00,-0.022222222222222254,-11.00000000000001,2.29
2021-06-18 00:00:00,0.0,7.000000000000006,2.36
2021-06-21 00:00:00,0.011363636363636465,3.0000000000000027,2.4
2021-06-22 00:00:00,-0.03370786516853941,8.000000000000007,2.45
2021-06-23 00:00:00,0.023255813953488413,0.0,2.47
2021-06-24 00:00:00,0.045454545454545414,-4.0000000000000036,2.47
2021-06-25 00:00:00,0.0,-1.0000000000000009,2.46
2021-06-28 00:00:00,-0.021739130434782594,1.0000000000000009,2.45
2021-06-29 00:00:00,-0.011111111111111072,2.0000000000000018,2.46
2021-06-30 00:00:00,0.0,3.0000000000000027,2.49
2021-07-01 00:00:00,0.0,0.0,2.49
2021-07-02 00:00:00,-0.03370786516853941,2.9999999999999805,2.4899999999999998
2021-07-06 00:00:00,-0.06976744186046502,4.0000000000000036,2.4699999999999998
2021-07-07 00:00:00,-0.025000000000000022,-3.0000000000000027,2.42
2021-07-08 00:00:00,-0.05128205128205132,0.0,2.38
2021-07-09 00:00:00,0.06756756756756754,1.0000000000000009,2.44
2021-07-12 00:00:00,0.012658227848101333,2.0000000000000018,2.4699999999999998
2021-07-13 00:00:00,0.0625,4.0000000000000036,2.56
2021-07-14 00:00:00,-0.07058823529411762,2.0000000000000018,2.52
2021-07-15 00:00:00,-0.012658227848101222,2.0000000000000018,2.5300000000000002
2021-07-16 00:00:00,0.0,-2.0000000000000018,2.51
2021-07-19 00:00:00,-0.08974358974358987,-2.0000000000000018,2.42
2021-07-20 00:00:00,-0.042253521126760396,0.0,2.39
2021-07-21 00:00:00,0.08823529411764697,0.0,2.45
2021-07-22 00:00:00,-0.027027027027027084,4.0000000000000036,2.4699999999999998
2021-07-23 00:00:00,-0.01388888888888895,6.000000000000005,2.52
2021-07-26 00:00:00,0.028169014084507005,5.000000000000004,2.59
2021-07-27 00:00:00,-0.04109589041095896,-2.0000000000000018,2.54
2021-07-28 00:00:00,0.014285714285714235,1.0000000000000009,2.56
2021-07-29 00:00:00,0.028169014084507005,0.0,2.58
2021-07-30 00:00:00,-0.0547945205479452,2.0000000000000018,2.56
2021-08-02 00:00:00,-0.04347826086956508,-2.0000000000000018,2.5100000000000002
2021-08-03 00:00:00,-0.015151515151515138,1.0000000000000009,2.5100000000000002
2021-08-04 00:00:00,0.030769230769230882,-3.0000000000000027,2.5
2021-08-05 00:00:00,0.08955223880596996,-9.000000000000007,2.4699999999999998
2021-08-06 00:00:00,0.0547945205479452,-1.0000000000000009,2.5
2021-08-09 00:00:00,0.038961038961039085,-2.0000000000000018,2.51
2021-08-10 00:00:00,0.03749999999999987,0.0,2.54
2021-08-11 00:00:00,-0.02409638554216853,3.0000000000000027,2.55
2021-08-12 00:00:00,0.024691358024691246,-2.0000000000000018,2.55
2021-08-13 00:00:00,-0.06024096385542166,1.0000000000000009,2.51
2021-08-16 00:00:00,-0.02564102564102566,2.0000000000000018,2.51
2021-08-17 00:00:00,0.013157894736842035,-3.0000000000000027,2.49
2021-08-18 00:00:00,0.0,-3.0000000000000027,2.46
2021-08-19 00:00:00,0.0,-2.0000000000000018,2.44
2021-08-20 00:00:00,0.012987012987013102,-6.999999999999984,2.38
2021-08-23 00:00:00,-0.012820512820512886,4.999999999999982,2.42
2021-08-24 00:00:00,0.038961038961039085,0.0,2.45
2021-08-25 00:00:00,0.02499999999999991,2.0000000000000018,2.4899999999999998
2021-08-26 00:00:00,0.03658536585365857,-1.0000000000000009,2.51
2021-08-27 00:00:00,-0.05882352941176461,8.000000000000007,2.54
2021-08-30 00:00:00,-0.03749999999999998,0.0,2.51
2021-08-31 00:00:00,0.012987012987013102,-3.0000000000000027,2.49
2021-09-01 00:00:00,0.0,-1.0000000000000009,2.48
2021-09-02 00:00:00,-0.012820512820512886,-1.0000000000000009,2.46
2021-09-03 00:00:00,0.012987012987013102,1.0000000000000009,2.48
2021-09-07 00:00:00,0.03797468354430378,-1.0000000000000009,2.51
2021-09-08 00:00:00,-0.012195121951219412,3.0000000000000027,2.5300000000000002
2021-09-09 00:00:00,-0.024691358024691357,4.0000000000000036,2.55
2021-09-10 00:00:00,0.03797468354430378,-3.0000000000000027,2.55
2021-09-13 00:00:00,-0.012195121951219412,-1.0000000000000009,2.5300000000000002
2021-09-14 00:00:00,-0.03703703703703709,-2.0000000000000018,2.48
2021-09-15 00:00:00,0.025641025641025772,0.0,2.5
2021-09-16 00:00:00,0.04999999999999982,-1.0000000000000009,2.53
2021-09-17 00:00:00,0.023809523809523725,-6.000000000000005,2.4899999999999998
2021-09-20 00:00:00,-0.03488372093023262,-2.9999999999999805,2.43
2021-09-21 00:00:00,0.0,0.0,2.43
2021-09-22 00:00:00,0.024096385542168752,-5.000000000000004,2.4
2021-09-23 00:00:00,0.11764705882352944,-1.0000000000000009,2.49
2021-09-24 00:00:00,0.0,-4.0000000000000036,2.45
2021-09-27 00:00:00,0.04210526315789487,2.0000000000000018,2.51
2021-09-28 00:00:00,0.030303030303030276,-1.0000000000000009,2.5300000000000002
2021-09-29 00:00:00,-0.019607843137254943,0.0,2.51
2021-09-30 00:00:00,-0.030000000000000027,2.0000000000000018,2.5
2021-10-01 00:00:00,-0.04123711340206182,5.000000000000004,2.5100000000000002
2021-10-04 00:00:00,0.021505376344086002,0.0,2.5300000000000002
2021-10-05 00:00:00,0.03157894736842115,3.0000000000000027,2.59
2021-10-06 00:00:00,0.010204081632652962,-3.0000000000000027,2.5700000000000003
2021-10-07 00:00:00,0.030303030303030276,1.0000000000000009,2.6100000000000003
2021-10-08 00:00:00,0.03921568627450989,0.0,2.6500000000000004
2021-10-12 00:00:00,-0.01834862385321101,-3.0000000000000027,2.63
2021-10-13 00:00:00,0.0,3.0000000000000027,2.66
2021-10-14 00:00:00,-0.01869158878504673,4.999999999999982,2.69
2021-10-15 00:00:00,0.06666666666666665,-5.999999999999983,2.7
2021-10-18 00:00:00,0.03571428571428559,-3.0000000000000027,2.71
2021-10-19 00:00:00,0.0,-1.0000000000000009,2.7
2021-10-20 00:00:00,0.008620689655172376,7.000000000000006,2.7800000000000002
2021-10-21 00:00:00,0.05982905982905984,9.999999999999986,2.95
2021-10-22 00:00:00,-0.032258064516129115,-2.0000000000000018,2.8899999999999997
2021-10-25 00:00:00,-0.025000000000000022,7.000000000000006,2.9299999999999997
2021-10-26 00:00:00,0.008547008547008517,3.0000000000000027,2.9699999999999998
2021-10-27 00:00:00,-0.025423728813559365,1.0000000000000009,2.95
2021-10-28 00:00:00,0.026086956521739202,-8.000000000000007,2.9
2021-10-29 00:00:00,0.0,-1.0000000000000009,2.8899999999999997
2021-11-01 00:00:00,0.0,-5.000000000000004,2.84
2021-11-02 00:00:00,-0.03389830508474578,3.0000000000000027,2.83
2021-11-03 00:00:00,0.043859649122807154,-2.0000000000000018,2.86
2021-11-04 00:00:00,-0.0672268907563024,11.00000000000001,2.89
2021-11-05 00:00:00,-0.04504504504504503,5.000000000000004,2.89
2021-11-08 00:00:00,0.05660377358490565,-2.0000000000000018,2.93
2021-11-09 00:00:00,-0.0357142857142857,6.999999999999984,2.96
2021-11-10 00:00:00,0.13888888888888884,-2.9999999999999805,3.08
2021-11-12 00:00:00,-0.016000000000000014,2.0000000000000018,3.1
2021-11-15 00:00:00,0.016260162601626105,3.9999999999999813,3.16
2021-11-16 00:00:00,0.016000000000000014,-1.0000000000000009,3.17
2021-11-17 00:00:00,-0.03149606299212604,0.0,3.13
2021-11-18 00:00:00,-0.008130081300813052,-1.0000000000000009,3.11
2021-11-19 00:00:00,0.0,-8.999999999999986,3.02
2021-11-22 00:00:00,0.08196721311475419,-15.000000000000014,2.9699999999999998
2021-11-23 00:00:00,0.015151515151515138,2.0000000000000018,3.01
2021-11-24 00:00:00,0.00746268656716409,2.0000000000000018,3.04
2021-11-26 00:00:00,-0.10000000000000009,7.000000000000006,2.9299999999999997
2021-11-29 00:00:00,-0.008547008547008517,-3.0000000000000027,2.8899999999999997
2021-11-30 00:00:00,0.008620689655172376,-7.000000000000006,2.83
2021-12-01 00:00:00,-0.03418803418803418,-10.999999999999988,2.6799999999999997
2021-12-02 00:00:00,0.06194690265486735,-3.0000000000000027,2.7199999999999998
2021-12-03 00:00:00,-0.050000000000000044,7.000000000000006,2.73
2021-12-06 00:00:00,0.05263157894736836,-1.0000000000000009,2.7800000000000002
2021-12-07 00:00:00,0.050000000000000044,0.0,2.84
2021-12-08 00:00:00,0.015873015873015817,3.0000000000000027,2.89
2021-12-09 00:00:00,-0.0078125,-7.000000000000006,2.81
2021-12-10 00:00:00,-0.015748031496062964,-3.0000000000000027,2.76
2021-12-13 00:00:00,-0.040000000000000036,1.0000000000000009,2.7199999999999998
2021-12-14 00:00:00,0.025000000000000133,-9.000000000000007,2.66
2021-12-15 00:00:00,0.016260162601626105,-2.0000000000000018,2.66
2021-12-16 00:00:00,-0.05600000000000005,10.000000000000009,2.69
2021-12-17 00:00:00,0.0,-4.0000000000000036,2.65
2021-12-20 00:00:00,-0.008474576271186418,1.0000000000000009,2.65
2021-12-21 00:00:00,0.042735042735042805,-3.0000000000000027,2.67
2021-12-22 00:00:00,0.0,2.0000000000000018,2.69
2021-12-23 00:00:00,0.016393442622950838,0.0,2.71
2021-12-27 00:00:00,0.008064516129032251,2.0000000000000018,2.74
2021-12-28 00:00:00,0.0,2.0000000000000018,2.76
2021-12-29 00:00:00,0.040000000000000036,3.0000000000000027,2.84
2021-12-30 00:00:00,-0.03076923076923077,5.000000000000004,2.85
2021-12-31 00:00:00,0.0,2.0000000000000018,2.87
2022-01-03 00:00:00,0.07936507936507953,-3.0000000000000027,2.9400000000000004
2022-01-04 00:00:00,0.0,-2.0000000000000018,2.92
2022-01-05 00:00:00,0.051470588235293935,-12.00000000000001,2.87
2022-01-06 00:00:00,0.027972027972027913,-13.99999999999999,2.77
2022-01-07 00:00:00,0.020408163265306145,-2.0000000000000018,2.7800000000000002
2022-01-10 00:00:00,0.01333333333333342,-4.0000000000000036,2.76
2022-01-11 00:00:00,-0.006578947368421018,12.00000000000001,2.87
2022-01-12 00:00:00,0.0066225165562914245,-4.0000000000000036,2.84
2022-01-13 00:00:00,-0.03289473684210531,-2.0000000000000018,2.77
2022-01-14 00:00:00,0.061224489795918435,-6.000000000000005,2.8
2022-01-18 00:00:00,0.04402515723270439,-9.000000000000007,2.8099999999999996
2022-01-19 00:00:00,-0.012048192771084376,-3.9999999999999813,2.75
2022-01-20 00:00:00,-0.030487804878048697,1.0000000000000009,2.71
2022-01-21 00:00:00,-0.012578616352201255,3.9999999999999813,2.73
2022-01-24 00:00:00,-0.01273885350318471,5.000000000000004,2.76
2022-01-25 00:00:00,0.006451612903225712,1.0000000000000009,2.7800000000000002
2022-01-26 00:00:00,0.08333333333333326,-12.99999999999999,2.7800000000000002
2022-01-27 00:00:00,-0.017751479289940808,1.0000000000000009,2.76
2022-01-28 00:00:00,-0.02409638554216853,8.999999999999986,2.81
2022-01-31 00:00:00,-0.006172839506172867,1.0000000000000009,2.81
2022-02-01 00:00:00,0.006211180124223503,-3.0000000000000027,2.79
2022-02-02 00:00:00,-0.012345679012345734,2.0000000000000018,2.79
2022-02-03 00:00:00,0.043749999999999956,-8.999999999999986,2.77
2022-02-04 00:00:00,0.05988023952095811,-10.000000000000009,2.77
2022-02-07 00:00:00,0.0,-1.0000000000000009,2.76
2022-02-08 00:00:00,0.02824858757062154,-3.0000000000000027,2.7800000000000002
2022-02-09 00:00:00,0.0,0.0,2.7800000000000002
2022-02-10 00:00:00,0.08241758241758235,-10.999999999999998,2.82
2022-02-11 00:00:00,-0.07106598984771573,13.0,2.81
2022-02-14 00:00:00,0.043715846994535346,3.0000000000000027,2.92
2022-02-15 00:00:00,0.015706806282722585,-6.000000000000005,2.8899999999999997
2022-02-16 00:00:00,-0.010309278350515427,2.0000000000000018,2.8899999999999997
2022-02-17 00:00:00,-0.03645833333333326,5.000000000000004,2.87
2022-02-18 00:00:00,-0.016216216216216273,2.0000000000000018,2.8600000000000003
2022-02-22 00:00:00,0.05649717514124308,0.0,2.91
2022-02-23 00:00:00,0.021390374331550666,8.000000000000007,3.0300000000000002
2022-02-24 00:00:00,-0.02617801047120405,8.999999999999986,3.0700000000000003
2022-02-25 00:00:00,0.005376344086021501,-5.000000000000004,3.0300000000000002
2022-02-28 00:00:00,-0.08556149732620333,24.0,3.11
2022-03-01 00:00:00,-0.08187134502923976,18.000000000000014,3.1500000000000004
2022-03-02 00:00:00,0.12101910828025475,-9.000000000000007,3.25
2022-03-03 00:00:00,-0.017045454545454586,-6.000000000000005,3.16
2022-03-04 00:00:00,-0.046242774566474076,11.00000000000001,3.19
2022-03-07 00:00:00,0.030303030303030276,4.0000000000000036,3.2800000000000002
2022-03-08 00:00:00,0.04705882352941182,4.999999999999982,3.41
2022-03-09 00:00:00,0.05617977528089879,-16.999999999999993,3.34
2022-03-10 00:00:00,0.02127659574468077,4.0000000000000036,3.42
2022-03-11 00:00:00,0.015625,6.000000000000005,3.51
2022-03-14 00:00:00,0.0769230769230771,-16.000000000000014,3.5
2022-03-15 00:00:00,0.004761904761904745,-7.999999999999985,3.4299999999999997
2022-03-16 00:00:00,0.03791469194312791,-16.000000000000014,3.3499999999999996
2022-03-17 00:00:00,-0.022831050228310446,18.000000000000014,3.4800000000000004
2022-03-18 00:00:00,0.004672897196261516,0.0,3.49
2022-03-21 00:00:00,0.07906976744186034,-15.000000000000014,3.51
2022-03-22 00:00:00,0.034482758620689724,-6.000000000000005,3.53
2022-03-23 00:00:00,-0.033333333333333326,10.000000000000009,3.55
2022-03-24 00:00:00,0.034482758620689724,-3.0000000000000027,3.5999999999999996
2022-03-25 00:00:00,0.06666666666666665,-15.999999999999993,3.6
2022-03-28 00:00:00,0.0,-2.0000000000000018,3.58
2022-03-29 00:00:00,-0.0234375,-10.999999999999998,3.41
2022-03-30 00:00:00,-0.02400000000000002,5.999999999999995,3.41
2022-03-31 00:00:00,0.008196721311475308,-4.999999999999993,3.38
2022-04-01 00:00:00,0.04065040650406515,-19.000000000000007,3.29
2022-04-04 00:00:00,-0.0078125,-1.0000000000000009,3.26
2022-04-05 00:00:00,0.06299212598425208,-9.999999999999998,3.3200000000000003
2022-04-06 00:00:00,-0.0037037037037037646,-4.0000000000000036,3.27
2022-04-07 00:00:00,0.01115241635687747,-1.9999999999999907,3.2800000000000002
2022-04-08 00:00:00,0.014705882352941124,0.9999999999999898,3.3299999999999996
2022-04-11 00:00:00,0.007246376811594235,1.0000000000000009,3.36
2022-04-12 00:00:00,-0.028776978417266008,7.000000000000006,3.35
2022-04-13 00:00:00,-0.014814814814814836,-6.000000000000005,3.25
2022-04-14 00:00:00,0.048872180451127845,-4.999999999999993,3.33
2022-04-18 00:00:00,0.0,2.9999999999999916,3.36
2022-04-19 00:00:00,0.04659498207885293,-11.999999999999995,3.37
2022-04-20 00:00:00,-0.020547945205479423,3.9999999999999982,3.3499999999999996
2022-04-21 00:00:00,0.034965034965035,-8.000000000000002,3.37
2022-04-22 00:00:00,-0.006756756756756799,2.0000000000000018,3.37
2022-04-25 00:00:00,-0.027210884353741527,0.0,3.29
2022-04-26 00:00:00,-0.04195804195804187,3.0000000000000027,3.2
2022-04-27 00:00:00,0.029197080291970767,0.9999999999999953,3.29
2022-04-28 00:00:00,0.010638297872340496,6.000000000000005,3.38
2022-04-29 00:00:00,0.03859649122807007,-15.000000000000002,3.34
2022-05-02 00:00:00,0.013513513513513598,-18.0,3.2
2022-05-03 00:00:00,0.010000000000000009,0.0,3.23
2022-05-04 00:00:00,-0.03300330033003285,10.999999999999998,3.24
2022-05-05 00:00:00,0.027303754266211566,-9.0,3.23
2022-05-06 00:00:00,0.023255813953488413,-6.0,3.24
2022-05-09 00:00:00,-0.045454545454545525,-5.0,3.05
2022-05-10 00:00:00,-0.010204081632652962,-10.0,2.92
2022-05-11 00:00:00,-0.003436426116838587,10.0,3.01
2022-05-12 00:00:00,-0.020689655172413834,-3.0,2.92
2022-05-13 00:00:00,0.010563380281690238,6.000000000000001,3.0100000000000002
2022-05-16 00:00:00,-0.017421602787456525,6.999999999999998,3.03
2022-05-17 00:00:00,0.05319148936170226,-9.0,3.0900000000000003
2022-05-18 00:00:00,-0.026936026936026924,4.000000000000001,3.0500000000000003
2022-05-19 00:00:00,-0.01730103806228378,-3.0,2.9699999999999998
2022-05-20 00:00:00,-0.010563380281690127,-5.0,2.89
2022-05-23 00:00:00,0.02491103202846978,-4.0,2.92
2022-05-24 00:00:00,-0.04861111111111105,7.000000000000001,2.85
2022-05-25 00:00:00,-0.0036496350364964014,6.000000000000001,2.9
2022-05-26 00:00:00,-0.0073260073260073,9.0,2.9699999999999998
2022-05-27 00:00:00,0.0036900369003691758,-2.0000000000000018,2.96
2022-05-31 00:00:00,0.003558718861209842,-9.0,2.9699999999999998
2022-06-01 00:00:00,0.03546099290780136,-13.0,2.94
2022-06-02 00:00:00,-0.003424657534246478,3.0000000000000004,2.96
2022-06-03 00:00:00,0.010309278350515427,3.9999999999999996,3.03
2022-06-06 00:00:00,0.03401360544217691,-6.999999999999999,3.06
2022-06-07 00:00:00,-0.016447368421052544,2.0,3.0300000000000002
2022-06-08 00:00:00,0.01672240802675584,-1.0000000000000002,3.07
2022-06-09 00:00:00,0.009868421052631415,-1.9999999999999998,3.0799999999999996
2022-06-10 00:00:00,0.061889250814332275,-13.0,3.1399999999999997
2022-06-13 00:00:00,0.06748466257668717,-33.0,3.03
2022-06-14 00:00:00,0.034482758620689724,-27.999999999999996,2.87
2022-06-15 00:00:00,-0.06388888888888888,35.0,2.99
2022-06-16 00:00:00,-0.023738872403560873,-9.999999999999998,2.81
2022-06-17 00:00:00,0.015197568389057725,-6.000000000000005,2.8
2022-06-21 00:00:00,-0.008849557522124019,0.0,2.82
2022-06-22 00:00:00,-0.038690476190476164,6.000000000000005,2.75
2022-06-23 00:00:00,-0.02786377708978327,2.9999999999999973,2.69
2022-06-24 00:00:00,0.015923566878980777,9.000000000000002,2.83
2022-06-27 00:00:00,0.021943573667711602,-9.000000000000002,2.8099999999999996
2022-06-28 00:00:00,-0.006134969325153228,-7.000000000000001,2.72
2022-06-29 00:00:00,-0.030864197530864224,-4.0000000000000036,2.58
2022-06-30 00:00:00,-0.031847133757961776,13.000000000000005,2.61
2022-07-01 00:00:00,-0.052631578947368474,14.999999999999996,2.5999999999999996
2022-07-05 00:00:00,-0.03424657534246578,-2.9999999999999973,2.51
2022-07-06 00:00:00,0.05673758865248235,-17.0,2.5
2022-07-07 00:00:00,0.020134228187919545,-4.0000000000000036,2.52
2022-07-08 00:00:00,0.026315789473684292,1.0000000000000009,2.6100000000000003
2022-07-11 00:00:00,-0.022435897435897578,2.0000000000000018,2.5599999999999996
2022-07-12 00:00:00,-0.00983606557377048,-2.0000000000000018,2.51
2022-07-13 00:00:00,0.0033112582781456013,0.0,2.5199999999999996
2022-07-14 00:00:00,0.00990099009900991,-1.0000000000000009,2.54
2022-07-15 00:00:00,-0.0032679738562092497,6.0,2.59
2022-07-18 00:00:00,0.016393442622950838,3.0000000000000027,2.67
2022-07-19 00:00:00,0.019354838709677358,-3.9999999999999982,2.6900000000000004
2022-07-20 00:00:00,0.0031645569620253333,-4.0000000000000036,2.66
2022-07-21 00:00:00,-0.05678233438485791,6.0,2.54
2022-07-22 00:00:00,-0.04682274247491647,14.000000000000002,2.54
2022-07-25 00:00:00,0.01403508771929829,0.0,2.58
2022-07-26 00:00:00,0.0034602076124565784,-2.0000000000000018,2.57
2022-07-27 00:00:00,-0.020689655172413834,12.000000000000002,2.63
2022-07-28 00:00:00,-0.04929577464788726,19.0,2.68
2022-07-29 00:00:00,-0.007407407407407418,5.0,2.71
2022-08-01 00:00:00,-0.011194029850746356,3.0,2.71
2022-08-02 00:00:00,0.0792452830188679,-22.0,2.6999999999999997
2022-08-03 00:00:00,-0.010489510489510412,1.9999999999999991,2.69
2022-08-04 00:00:00,-0.010600706713780994,2.0000000000000018,2.6799999999999997
2022-08-05 00:00:00,0.05714285714285716,-21.000000000000004,2.63
2022-08-08 00:00:00,-0.016891891891891886,7.000000000000001,2.6500000000000004
2022-08-09 00:00:00,0.01718213058419238,-4.999999999999999,2.65
2022-08-10 00:00:00,-0.010135135135135087,-1.0000000000000009,2.6100000000000003
2022-08-11 00:00:00,0.020477815699658786,1.0000000000000009,2.68
2022-08-12 00:00:00,-0.010033444816053616,1.0000000000000009,2.66
2022-08-15 00:00:00,-0.016891891891891886,1.0000000000000009,2.62
2022-08-16 00:00:00,0.01718213058419238,-5.000000000000004,2.62
2022-08-17 00:00:00,0.03040540540540526,-4.999999999999999,2.6599999999999997
2022-08-18 00:00:00,-0.006557377049180357,7.000000000000001,2.71
2022-08-19 00:00:00,0.02310231023102327,-7.000000000000001,2.71
2022-08-22 00:00:00,0.019354838709677358,-3.9999999999999982,2.73
2022-08-23 00:00:00,0.006329113924050667,2.0000000000000018,2.77
2022-08-24 00:00:00,0.018867924528301883,0.0,2.83
2022-08-25 00:00:00,-0.024691358024691357,2.9999999999999973,2.7800000000000002
2022-08-26 00:00:00,0.009493670886075778,-8.999999999999996,2.7199999999999998
2022-08-29 00:00:00,0.021943573667711602,-9.000000000000007,2.6999999999999997
2022-08-30 00:00:00,0.0030674846625766694,-3.9999999999999925,2.67
2022-08-31 00:00:00,0.024464831804281273,-12.0,2.63
2022-09-01 00:00:00,0.014925373134328401,-15.000000000000002,2.53
2022-09-02 00:00:00,-0.02941176470588236,12.0,2.55
2022-09-06 00:00:00,0.03293413173652704,-12.0,2.58
2022-09-07 00:00:00,-0.026086956521739202,1.0000000000000009,2.5
2022-09-08 00:00:00,0.02083333333333348,-7.000000000000006,2.5
2022-09-09 00:00:00,0.002915451895043608,-0.9999999999999898,2.5
2022-09-12 00:00:00,0.0029069767441860517,-1.0000000000000009,2.5
2022-09-13 00:00:00,0.03768115942028971,-7.000000000000006,2.56
2022-09-14 00:00:00,0.005586592178770999,4.0000000000000036,2.62
2022-09-15 00:00:00,0.016666666666666607,-11.00000000000001,2.5700000000000003
2022-09-16 00:00:00,-0.005464480874316946,-3.9999999999999813,2.5100000000000002
2022-09-19 00:00:00,0.013736263736263687,-12.00000000000001,2.44
2022-09-20 00:00:00,0.016260162601626105,-2.0000000000000018,2.48
2022-09-21 00:00:00,0.005333333333333412,0.0,2.5
2022-09-22 00:00:00,0.04244031830238737,-18.999999999999993,2.47
2022-09-23 00:00:00,0.012722646310432628,-12.00000000000001,2.4
2022-09-26 00:00:00,0.05527638190954787,-24.0,2.38
2022-09-27 00:00:00,0.0,-4.0000000000000036,2.34
2022-09-28 00:00:00,-0.059523809523809534,31.000000000000007,2.4000000000000004
2022-09-29 00:00:00,0.017721518987341645,-25.0,2.2199999999999998
2022-09-30 00:00:00,0.017412935323383172,-11.99999999999999,2.17
2022-10-03 00:00:00,-0.05134474327628358,28.000000000000004,2.24
2022-10-04 00:00:00,-0.0077319587628865705,7.999999999999985,2.29
2022-10-05 00:00:00,0.02857142857142847,-13.99999999999999,2.26
2022-10-06 00:00:00,0.0277777777777779,-6.000000000000005,2.3100000000000005
2022-10-07 00:00:00,0.019656019656019597,-2.0000000000000018,2.37
2022-10-11 00:00:00,0.0,0.0,2.3899999999999997
2022-10-12 00:00:00,-0.011990407673860837,-2.0000000000000018,2.3200000000000003
2022-10-13 00:00:00,0.021844660194174637,-3.0000000000000027,2.38
2022-10-14 00:00:00,0.014251781472683911,2.0000000000000018,2.4599999999999995
2022-10-17 00:00:00,-0.009367681498828828,5.000000000000004,2.4700000000000006
2022-10-18 00:00:00,-0.0023640661938535423,-3.0000000000000027,2.4299999999999997
2022-10-19 00:00:00,0.0331753554502372,-9.999999999999986,2.4700000000000006
2022-10-20 00:00:00,0.020642201834862428,8.999999999999986,2.6500000000000004
2022-10-21 00:00:00,-0.022471910112359716,15.000000000000014,2.6999999999999997
2022-10-24 00:00:00,0.0045977011494253706,1.0000000000000009,2.7300000000000004
2022-10-25 00:00:00,-0.02517162471395884,1.0000000000000009,2.63
2022-10-26 00:00:00,-0.016431924882629012,-1.0000000000000009,2.5500000000000007
2022-10-27 00:00:00,-0.02863961813842486,11.99999999999999,2.5500000000000003
2022-10-28 00:00:00,0.027027027027026973,-5.000000000000004,2.6099999999999994
2022-10-31 00:00:00,0.011961722488038395,-3.0000000000000027,2.6300000000000003
2022-11-01 00:00:00,0.009456264775413503,-2.0000000000000018,2.6499999999999995
2022-11-02 00:00:00,0.007025761124121788,0.0,2.6799999999999997
2022-11-03 00:00:00,0.016279069767441978,-19.999999999999996,2.55
2022-11-04 00:00:00,-0.009153318077803174,10.000000000000009,2.6100000000000003
2022-11-07 00:00:00,0.013856812933025209,0.0,2.67
2022-11-08 00:00:00,-0.02050113895216399,2.0000000000000018,2.5999999999999996
2022-11-09 00:00:00,-0.013953488372092981,-4.0000000000000036,2.5
2022-11-10 00:00:00,-0.07075471698113212,26.0,2.46
2022-11-14 00:00:00,0.015228426395939021,-10.000000000000009,2.42
2022-11-15 00:00:00,-0.025000000000000022,5.000000000000004,2.37
2022-11-16 00:00:00,-0.012820512820512775,5.000000000000004,2.37
2022-11-17 00:00:00,0.023376623376623273,-13.00000000000001,2.33
2022-11-18 00:00:00,0.017766497461928932,-9.999999999999986,2.3
2022-11-21 00:00:00,0.0024937655860348684,8.000000000000007,2.3899999999999997
2022-11-22 00:00:00,-0.01741293532338295,4.999999999999982,2.37
2022-11-23 00:00:00,-0.017721518987341867,3.0000000000000027,2.33
2022-11-25 00:00:00,0.0078125,4.0000000000000036,2.3600000000000003
2022-11-28 00:00:00,0.0,-8.000000000000007,2.2800000000000002
2022-11-29 00:00:00,0.012919896640826822,-3.0000000000000027,2.3
2022-11-30 00:00:00,-0.04336734693877553,21.000000000000018,2.34
2022-12-01 00:00:00,-0.021333333333333315,17.999999999999993,2.44
2022-12-02 00:00:00,-0.0027247956403269047,7.000000000000006,2.5
2022-12-05 00:00:00,0.03551912568306004,-18.000000000000014,2.45
2022-12-06 00:00:00,-0.01055408970976257,-1.0000000000000009,2.4
2022-12-07 00:00:00,-0.03200000000000003,6.000000000000005,2.34
2022-12-08 00:00:00,0.02203856749311295,-6.000000000000005,2.36
2022-12-09 00:00:00,0.016172506738544534,-9.999999999999986,2.3200000000000003
2022-12-12 00:00:00,0.0053050397877985045,0.0,2.34
2022-12-13 00:00:00,-0.03693931398416894,9.999999999999986,2.3
2022-12-14 00:00:00,-0.008219178082191747,-3.9999999999999813,2.2300000000000004
2022-12-15 00:00:00,0.0,-2.0000000000000018,2.21
2022-12-16 00:00:00,0.0,-6.000000000000005,2.1500000000000004
2022-12-19 00:00:00,0.027624309392265234,-4.0000000000000036,2.21
2022-12-20 00:00:00,0.018817204301075252,-2.0000000000000018,2.26
2022-12-21 00:00:00,-0.0026385224274406704,6.000000000000005,2.3099999999999996
2022-12-22 00:00:00,0.007936507936507908,-8.000000000000007,2.26
2022-12-23 00:00:00,0.013123359580052396,-2.0000000000000018,2.29
2022-12-27 00:00:00,0.020725388601036343,-4.0000000000000036,2.33
2022-12-28 00:00:00,0.0076142131979695105,-2.9999999999999805,2.33
2022-12-29 00:00:00,-0.007556675062972307,1.9999999999999796,2.32
2022-12-30 00:00:00,0.015228426395939021,-3.9999999999999813,2.34
2023-01-03 00:00:00,-0.022499999999999964,1.0000000000000009,2.2600000000000002
2023-01-04 00:00:00,-0.017902813299232823,1.0000000000000009,2.2
2023-01-05 00:00:00,0.02083333333333326,-4.0000000000000036,2.24
2023-01-06 00:00:00,-0.05612244897959173,16.999999999999993,2.1900000000000004
2023-01-09 00:00:00,-0.008108108108108136,3.0000000000000027,2.19
2023-01-10 00:00:00,0.013623978201634968,-4.0000000000000036,2.2
2023-01-11 00:00:00,-0.016129032258064502,7.000000000000006,2.21
2023-01-12 00:00:00,-0.032786885245901676,12.99999999999999,2.2199999999999998
2023-01-13 00:00:00,0.016949152542372836,-7.999999999999985,2.2
2023-01-17 00:00:00,0.0,-2.0000000000000018,2.2
2023-01-18 00:00:00,-0.04972375690607744,7.999999999999985,2.0999999999999996
2023-01-19 00:00:00,0.014534883720930258,7.000000000000006,2.22
2023-01-20 00:00:00,0.02005730659025784,-6.000000000000005,2.23
2023-01-23 00:00:00,0.016853932584269593,0.0,2.29
2023-01-24 00:00:00,-0.011049723756906049,4.0000000000000036,2.29
2023-01-25 00:00:00,-0.005586592178770999,3.0000000000000027,2.3
2023-01-26 00:00:00,0.011235955056179803,0.0,2.34
2023-01-27 00:00:00,0.002777777777777768,-3.0000000000000027,2.32
2023-01-30 00:00:00,0.013850415512465464,-8.999999999999986,2.2800000000000002
2023-01-31 00:00:00,-0.010928961748633892,1.9999999999999796,2.26
2023-02-01 00:00:00,-0.03314917127071826,17.000000000000014,2.31
2023-02-02 00:00:00,-0.0028571428571427804,-4.0000000000000036,2.2600000000000002
2023-02-03 00:00:00,0.04584527220630363,-16.999999999999993,2.25
2023-02-06 00:00:00,0.049315068493150704,-8.000000000000007,2.35
2023-02-07 00:00:00,0.0026109660574411553,3.0000000000000027,2.3899999999999997
2023-02-08 00:00:00,-0.01302083333333326,8.999999999999986,2.4299999999999997
2023-02-09 00:00:00,0.01846965699208436,-5.999999999999983,2.44
2023-02-10 00:00:00,0.0181347150259068,-4.0000000000000036,2.47
2023-02-13 00:00:00,-0.0050890585241730735,-3.0000000000000027,2.42
2023-02-14 00:00:00,0.023017902813299296,-6.000000000000005,2.45
2023-02-15 00:00:00,0.010000000000000009,2.0000000000000018,2.51
2023-02-16 00:00:00,0.00990099009900991,-1.0000000000000009,2.54
2023-02-17 00:00:00,-0.01225490196078427,1.0000000000000009,2.5
2023-02-21 00:00:00,0.02457002457002444,-5.000000000000004,2.59
2023-02-22 00:00:00,-0.0023980815347721673,-3.0000000000000027,2.55
2023-02-23 00:00:00,-0.009615384615384581,2.0000000000000018,2.5300000000000002
2023-02-24 00:00:00,0.021844660194174637,-12.99999999999999,2.49
2023-02-27 00:00:00,-0.009501187648456089,4.0000000000000036,2.49
2023-02-28 00:00:00,0.0023980815347721673,7.999999999999985,2.5799999999999996
2023-03-01 00:00:00,0.019138755980861344,-7.999999999999985,2.58
2023-03-02 00:00:00,0.011737089201877993,1.0000000000000009,2.6399999999999997
2023-03-03 00:00:00,-0.013921113689094988,11.99999999999999,2.7
2023-03-06 00:00:00,0.0023529411764704466,-2.0000000000000018,2.6899999999999995
2023-03-07 00:00:00,0.014084507042253724,-19.999999999999996,2.5500000000000003
2023-03-08 00:00:00,0.004629629629629539,-10.000000000000009,2.4699999999999998
2023-03-09 00:00:00,-0.034562211981566726,8.000000000000007,2.4000000000000004
2023-03-10 00:00:00,-0.05250596658711226,16.999999999999993,2.35
2023-03-13 00:00:00,-0.07304785894206545,20.000000000000018,2.2600000000000002
2023-03-14 00:00:00,0.04619565217391308,-1.0000000000000009,2.42
2023-03-15 00:00:00,-0.07532467532467535,16.999999999999993,2.3
2023-03-16 00:00:00,0.047752808988763995,-19.999999999999996,2.27
2023-03-17 00:00:00,-0.05898123324396787,11.99999999999999,2.17
2023-03-20 00:00:00,0.019943019943019946,-7.999999999999985,2.16
2023-03-21 00:00:00,0.04748603351955305,-6.000000000000005,2.27
2023-03-22 00:00:00,-0.058666666666666756,25.0,2.3
2023-03-23 00:00:00,-0.028328611898016942,10.000000000000009,2.3000000000000003
2023-03-24 00:00:00,-0.005830903790087438,-7.000000000000006,2.21
2023-03-27 00:00:00,0.055718475073313734,-12.00000000000001,2.2800000000000002
2023-03-28 00:00:00,0.019444444444444375,3.0000000000000027,2.38
2023-03-29 00:00:00,0.0027247956403271267,0.0,2.39
2023-03-30 00:00:00,0.0,3.0000000000000027,2.42
2023-03-31 00:00:00,-0.02717391304347827,6.000000000000005,2.38
2023-04-03 00:00:00,-0.019553072625698387,7.000000000000006,2.38
2023-04-04 00:00:00,-0.03418803418803407,5.999999999999983,2.3200000000000003
2023-04-05 00:00:00,-0.005899705014749235,0.0,2.3
2023-04-06 00:00:00,0.0,1.0000000000000009,2.31
2023-04-07 00:00:00,0.04451038575667643,-9.999999999999986,2.3600000000000003
2023-04-10 00:00:00,0.0,-2.0000000000000018,2.34
2023-04-11 00:00:00,0.005681818181818121,0.0,2.3600000000000003
2023-04-12 00:00:00,-0.019774011299435013,1.0000000000000009,2.3000000000000003
2023-04-13 00:00:00,0.008645533141210304,-5.000000000000004,2.2800000000000002
2023-04-14 00:00:00,0.028571428571428692,-7.000000000000006,2.31
2023-04-17 00:00:00,0.030555555555555447,-5.000000000000004,2.37
2023-04-18 00:00:00,-0.008086253369272156,-2.0000000000000018,2.3200000000000003
2023-04-19 00:00:00,0.005434782608695565,-1.9999999999999796,2.3200000000000003
2023-04-20 00:00:00,-0.018918918918918948,2.9999999999999805,2.28
2023-04-21 00:00:00,0.008264462809917328,-1.0000000000000009,2.3
2023-04-24 00:00:00,-0.021857923497267784,9.000000000000007,2.31
2023-04-25 00:00:00,-0.03631284916201116,10.000000000000009,2.2800000000000002
2023-04-26 00:00:00,0.011594202898550732,-3.0000000000000027,2.29
2023-04-27 00:00:00,0.03151862464183375,-11.00000000000001,2.29
2023-04-28 00:00:00,-0.02777777777777779,0.0,2.19
2023-05-01 00:00:00,0.037142857142857144,-8.999999999999986,2.23
2023-05-02 00:00:00,-0.044077134986225786,11.99999999999999,2.1900000000000004
2023-05-03 00:00:00,-0.03458213256484155,10.000000000000009,2.17
2023-05-04 00:00:00,-0.008955223880597107,2.0000000000000018,2.16
2023-05-05 00:00:00,0.027108433734939874,-6.000000000000005,2.1900000000000004
2023-05-08 00:00:00,0.02346041055718473,-5.000000000000004,2.22
2023-05-09 00:00:00,0.002865329512893977,-2.0000000000000018,2.21
2023-05-10 00:00:00,-0.034285714285714364,5.000000000000004,2.1399999999999997
2023-05-11 00:00:00,-0.00591715976331364,-2.0000000000000018,2.0999999999999996
2023-05-12 00:00:00,0.026785714285714413,-8.000000000000007,2.1100000000000003
2023-05-15 00:00:00,0.005797101449275477,0.0,2.13
2023-05-16 00:00:00,0.01729106628242061,-6.999999999999984,2.12
2023-05-17 00:00:00,0.016997167138810276,-1.0000000000000009,2.17
2023-05-18 00:00:00,0.027855153203342642,-11.00000000000001,2.16
2023-05-19 00:00:00,0.013550135501354976,-4.0000000000000036,2.17
2023-05-22 00:00:00,0.0053475935828875,-2.0000000000000018,2.17
2023-05-23 00:00:00,-0.005319148936170137,4.0000000000000036,2.1900000000000004
2023-05-24 00:00:00,0.021390374331550666,-6.000000000000005,2.21
2023-05-25 00:00:00,0.02617801047120416,-16.999999999999993,2.1399999999999997
2023-05-26 00:00:00,0.005102040816326481,-1.0000000000000009,2.15
2023-05-30 00:00:00,-0.028061224489795866,10.000000000000009,2.12
2023-05-31 00:00:00,-0.013123359580052618,2.0000000000000018,2.09
2023-06-01 00:00:00,-0.015957446808510523,4.0000000000000036,2.0700000000000003
2023-06-02 00:00:00,0.04054054054054057,-8.000000000000007,2.14
2023-06-05 00:00:00,-0.007792207792207906,4.0000000000000036,2.15
2023-06-06 00:00:00,0.002617801047120505,-4.0000000000000036,2.12
2023-06-07 00:00:00,0.02872062663185382,-7.000000000000006,2.16
2023-06-08 00:00:00,-0.020304568527918843,5.000000000000004,2.13
2023-06-09 00:00:00,0.015544041450777257,-6.000000000000005,2.13
2023-06-12 00:00:00,-0.005102040816326481,-1.0000000000000009,2.0999999999999996
2023-06-13 00:00:00,0.025641025641025772,-8.999999999999986,2.1100000000000003
2023-06-14 00:00:00,-0.0024999999999999467,-2.0000000000000018,2.08
2023-06-15 00:00:00,-0.020050125313283207,15.999999999999993,2.16
2023-06-16 00:00:00,0.020460358056265893,-7.000000000000006,2.17
2023-06-20 00:00:00,-0.022332506203474045,0.0,2.12
2023-06-21 00:00:00,0.0050761421319796,2.0000000000000018,2.16
2023-06-22 00:00:00,0.02020202020202011,-5.000000000000004,2.19
2023-06-23 00:00:00,-0.012376237623762387,2.0000000000000018,2.16
2023-06-26 00:00:00,-0.005012531328320802,0.0,2.14
2023-06-27 00:00:00,0.0176322418136019,-6.999999999999984,2.14
2023-06-28 00:00:00,-0.017326732673267342,4.999999999999982,2.12
2023-06-29 00:00:00,0.04030226700251882,-13.99999999999999,2.1399999999999997
2023-06-30 00:00:00,0.007263922518159882,4.0000000000000036,2.21
2023-07-03 00:00:00,0.007211538461538547,-3.0000000000000027,2.2100000000000004
2023-07-05 00:00:00,0.02163461538461542,-6.999999999999984,2.2
2023-07-06 00:00:00,0.0235294117647058,-10.000000000000009,2.1999999999999997
2023-07-07 00:00:00,0.0022988505747127963,2.0000000000000018,2.2300000000000004
2023-07-10 00:00:00,-0.02752293577981657,6.999999999999984,2.18
2023-07-11 00:00:00,0.0,-2.0000000000000018,2.16
2023-07-12 00:00:00,-0.037735849056603765,19.000000000000018,2.1900000000000004
2023-07-13 00:00:00,-0.031862745098039214,11.99999999999999,2.18
2023-07-14 00:00:00,0.022784810126582178,-11.99999999999999,2.1500000000000004
2023-07-17 00:00:00,-0.004950495049505066,2.9999999999999805,2.1599999999999993
2023-07-18 00:00:00,-0.004975124378109319,-1.0000000000000009,2.13
2023-07-19 00:00:00,-0.0050000000000000044,2.0000000000000018,2.13
2023-07-20 00:00:00,0.03266331658291466,-2.0000000000000018,2.24
2023-07-21 00:00:00,-0.0024330900243311193,1.0000000000000009,2.2399999999999993
2023-07-24 00:00:00,0.014634146341463428,1.0000000000000009,2.31
2023-07-25 00:00:00,0.0024038461538460343,-3.9999999999999813,2.2800000000000002
2023-07-26 00:00:00,-0.011990407673860837,3.9999999999999813,2.27
2023-07-27 00:00:00,0.029126213592232997,-11.99999999999999,2.2700000000000005
2023-07-28 00:00:00,-0.014150943396226578,7.000000000000006,2.28
2023-07-31 00:00:00,0.0,-1.0000000000000009,2.2699999999999996
2023-08-01 00:00:00,0.011961722488038395,-7.000000000000006,2.2500000000000004
2023-08-02 00:00:00,0.0023640661938533203,-1.0000000000000009,2.25
2023-08-03 00:00:00,0.011792452830188704,-7.000000000000006,2.23
2023-08-04 00:00:00,-0.034965034965035,17.000000000000014,2.25
2023-08-07 00:00:00,0.007246376811594235,1.9999999999999796,2.3
2023-08-08 00:00:00,-0.014388489208633004,1.0000000000000009,2.25
2023-08-09 00:00:00,0.007299270072992581,-2.9999999999999805,2.25
2023-08-10 00:00:00,0.021739130434782705,-7.000000000000006,2.2700000000000005
2023-08-11 00:00:00,0.016548463356973908,-4.999999999999982,2.29
2023-08-14 00:00:00,0.016279069767441978,-6.000000000000005,2.3000000000000003
2023-08-15 00:00:00,0.0022883295194506825,-5.000000000000027,2.26
2023-08-16 00:00:00,0.006849315068493178,-6.999999999999984,2.22
2023-08-17 00:00:00,0.0,0.9999999999999787,2.23
2023-08-18 00:00:00,-0.006802721088435382,2.0000000000000018,2.2199999999999998
2023-08-21 00:00:00,0.020547945205479312,-4.999999999999982,2.26
2023-08-22 00:00:00,0.004474272930648837,-1.000000000000023,2.27
2023-08-23 00:00:00,-0.026726057906458767,12.00000000000001,2.27
2023-08-24 00:00:00,0.011441647597253857,-4.999999999999982,2.27
2023-08-25 00:00:00,0.00452488687782826,-4.0000000000000036,2.2500000000000004
2023-08-28 00:00:00,-0.006756756756756799,2.0000000000000018,2.24
2023-08-29 00:00:00,-0.02947845804988658,8.999999999999986,2.2
2023-08-30 00:00:00,-0.00233644859813098,-2.9999999999999805,2.1599999999999997
2023-08-31 00:00:00,-0.004683840749414414,2.9999999999999805,2.17
2023-09-01 00:00:00,0.0117647058823529,-4.0000000000000036,2.1799999999999997
2023-09-05 00:00:00,0.011547344110854452,-4.0000000000000036,2.2199999999999998
2023-09-06 00:00:00,0.013698630136986356,-4.999999999999982,2.2300000000000004
2023-09-07 00:00:00,-0.013513513513513598,6.999999999999984,2.2399999999999998
2023-09-08 00:00:00,0.004566210045662267,1.000000000000023,2.2700000000000005
2023-09-11 00:00:00,0.004545454545454408,-1.000000000000023,2.28
2023-09-12 00:00:00,0.002262443438914019,0.0,2.2899999999999996
2023-09-13 00:00:00,-0.011286681715575564,3.000000000000025,2.27
2023-09-14 00:00:00,0.009132420091324311,-4.0000000000000036,2.27
2023-09-15 00:00:00,0.009049773755656076,-3.000000000000025,2.28
2023-09-18 00:00:00,-0.0022421524663677195,1.000000000000023,2.2800000000000002
2023-09-19 00:00:00,0.01348314606741563,-4.0000000000000036,2.3
2023-09-20 00:00:00,0.01330376940133049,-4.0000000000000036,2.3200000000000003
2023-09-21 00:00:00,0.010940919037199182,-6.999999999999984,2.3000000000000003
2023-09-22 00:00:00,-0.010822510822510734,4.0000000000000036,2.2900000000000005
2023-09-25 00:00:00,0.00875273522975939,-9.00000000000003,2.24
2023-09-26 00:00:00,0.002169197396963085,-4.999999999999982,2.2
2023-09-27 00:00:00,0.01298701298701288,-2.0000000000000018,2.2399999999999998
2023-09-28 00:00:00,-0.010683760683760646,8.999999999999986,2.28
2023-09-29 00:00:00,-0.002159827213822796,-2.9999999999999805,2.24
2023-10-02 00:00:00,0.01948051948051943,-11.000000000000032,2.2199999999999998
2023-10-03 00:00:00,0.019108280254777066,-9.999999999999964,2.21
2023-10-04 00:00:00,-0.01458333333333317,4.999999999999982,2.1900000000000004
2023-10-05 00:00:00,-0.008456659619450302,0.0,2.1500000000000004
2023-10-06 00:00:00,0.012793176972281328,-4.0000000000000036,2.17
2023-10-10 00:00:00,0.00875273522975939,14.000000000000012,2.1700000000000004
2023-10-11 00:00:00,-0.006507592190889477,4.999999999999982,2.19
2023-10-12 00:00:00,0.02401746724890841,-6.999999999999984,2.2300000000000004
2023-10-13 00:00:00,-0.0106609808102347,6.999999999999984,2.2499999999999996
2023-10-16 00:00:00,0.015086206896551824,-2.9999999999999805,2.29
2023-10-17 00:00:00,0.03397027600849256,-12.00000000000001,2.33
2023-10-18 00:00:00,0.012320328542094305,-2.9999999999999805,2.36
2023-10-19 00:00:00,0.0040567951318459805,13.999999999999968,2.52
2023-10-20 00:00:00,-0.020202020202020332,4.0000000000000036,2.4599999999999995
2023-10-23 00:00:00,-0.010309278350515427,-0.9999999999999787,2.4
2023-10-24 00:00:00,0.004166666666666874,-4.0000000000000036,2.3800000000000003
2023-10-25 00:00:00,0.020746887966804906,-5.000000000000027,2.4299999999999997
2023-10-26 00:00:00,-0.024390243902439046,7.000000000000028,2.38
2023-10-27 00:00:00,-0.006250000000000089,4.999999999999982,2.3999999999999995
2023-10-30 00:00:00,0.01048218029350112,-2.9999999999999805,2.4200000000000004
2023-10-31 00:00:00,0.006224066390041472,-2.0000000000000018,2.4299999999999997
2023-11-01 00:00:00,-0.04123711340206171,10.999999999999988,2.3400000000000003
2023-11-02 00:00:00,-0.0021505376344087557,1.000000000000023,2.34
2023-11-03 00:00:00,-0.028017241379310276,12.99999999999999,2.34
2023-11-06 00:00:00,0.017738359201773912,-8.000000000000007,2.34
2023-11-07 00:00:00,-0.010893246187363759,4.0000000000000036,2.33
2023-11-08 00:00:00,-0.0066079295154185536,-1.000000000000023,2.2899999999999996
2023-11-09 00:00:00,0.031042128603104402,-12.99999999999999,2.3000000000000003
2023-11-10 00:00:00,0.006451612903225712,-2.0000000000000018,2.3099999999999996
2023-11-13 00:00:00,-0.004273504273504147,0.0,2.29
2023-11-14 00:00:00,-0.047210300429184504,18.000000000000014,2.2500000000000004
2023-11-15 00:00:00,0.018018018018017834,-8.999999999999986,2.2399999999999998
2023-11-16 00:00:00,-0.019911504424778736,4.999999999999982,2.1999999999999997
2023-11-17 00:00:00,0.004514672686230403,0.9999999999999787,2.23
2023-11-20 00:00:00,0.0,4.0000000000000036,2.27
2023-11-21 00:00:00,-0.008988764044943864,-4.0000000000000036,2.19
2023-11-22 00:00:00,0.0045351473922901064,-0.9999999999999787,2.1999999999999997
2023-11-24 00:00:00,0.0022321428571427937,-4.999999999999982,2.2100000000000004
2023-11-27 00:00:00,-0.017817371937639215,2.0000000000000018,2.1500000000000004
2023-11-28 00:00:00,-0.02947845804988658,11.999999999999966,2.14
2023-11-29 00:00:00,-0.016355140186915973,6.000000000000005,2.13
2023-11-30 00:00:00,0.014251781472683911,-8.000000000000007,2.1099999999999994
2023-12-01 00:00:00,-0.030444964871194302,14.000000000000012,2.1199999999999997
2023-12-04 00:00:00,0.01690821256038655,-8.000000000000007,2.11
2023-12-05 00:00:00,-0.016627078384798155,5.000000000000027,2.09
2023-12-06 00:00:00,-0.007246376811594013,-2.0000000000000018,2.0400000000000005
2023-12-07 00:00:00,0.0048661800486617945,2.0000000000000018,2.08
2023-12-08 00:00:00,0.026634382566586012,-8.000000000000007,2.1100000000000003
2023-12-11 00:00:00,0.002358490566037652,-1.000000000000023,2.11
2023-12-12 00:00:00,-0.004705882352941115,-0.9999999999999787,2.0800000000000005
2023-12-13 00:00:00,-0.05910165484633578,23.0,2.06
2023-12-14 00:00:00,-0.02010050251256279,19.999999999999996,2.1799999999999997
2023-12-15 00:00:00,0.002564102564102555,-2.0000000000000018,2.17
2023-12-18 00:00:00,0.005115089514066584,-2.0000000000000018,2.17
2023-12-19 00:00:00,0.0025445292620864812,-1.0000000000000009,2.17
2023-12-20 00:00:00,-0.022842639593908642,7.000000000000006,2.1500000000000004
2023-12-21 00:00:00,0.007792207792207684,1.0000000000000009,2.19
2023-12-22 00:00:00,0.0,-2.0000000000000018,2.17
2023-12-26 00:00:00,0.002577319587628857,-1.0000000000000009,2.17
2023-12-27 00:00:00,-0.02570694087403602,6.000000000000005,2.13
2023-12-28 00:00:00,0.01319261213720302,-6.000000000000005,2.12
2023-12-29 00:00:00,0.0,0.0,2.12
2024-01-02 00:00:00,0.02083333333333326,-4.0000000000000036,2.16
2024-01-03 00:00:00,-0.005102040816326481,3.0000000000000027,2.17
2024-01-04 00:00:00,0.02051282051282044,-6.000000000000005,2.19
2024-01-05 00:00:00,0.007537688442210921,-4.0000000000000036,2.1799999999999997
2024-01-08 00:00:00,-0.004987531172069737,5.000000000000004,2.21
2024-01-09 00:00:00,-0.005012531328320802,-2.0000000000000018,2.17
2024-01-10 00:00:00,0.0,-1.0000000000000009,2.16
2024-01-11 00:00:00,-0.02015113350125941,9.000000000000007,2.17
2024-01-12 00:00:00,-0.015424164524421635,9.999999999999986,2.21
2024-01-16 00:00:00,0.012886597938144506,-8.999999999999986,2.22
2024-01-17 00:00:00,0.025445292620865256,-7.000000000000006,2.25
2024-01-18 00:00:00,0.002481389578163684,2.0000000000000018,2.2800000000000002
2024-01-19 00:00:00,0.0024752475247524774,-2.0000000000000018,2.2699999999999996
2024-01-22 00:00:00,-0.004938271604938205,2.0000000000000018,2.2700000000000005
2024-01-23 00:00:00,0.002481389578163684,-4.0000000000000036,2.24
2024-01-24 00:00:00,0.012376237623762387,-3.0000000000000027,2.26
2024-01-25 00:00:00,-0.022004889975550057,6.000000000000005,2.23
2024-01-26 00:00:00,0.010000000000000009,-1.0000000000000009,2.26
2024-01-29 00:00:00,-0.012376237623762387,7.000000000000006,2.2800000000000002
2024-01-30 00:00:00,-0.005012531328320802,-4.0000000000000036,2.22
2024-01-31 00:00:00,-0.032745591939546737,8.000000000000007,2.17
2024-02-01 00:00:00,-0.00520833333333337,4.0000000000000036,2.19
2024-02-02 00:00:00,0.04450261780104725,-17.000000000000014,2.1900000000000004
2024-02-05 00:00:00,0.032581453634085156,-7.000000000000006,2.25
2024-02-06 00:00:00,-0.01941747572815533,8.000000000000007,2.25
2024-02-07 00:00:00,0.004950495049504955,-1.0000000000000009,2.26
2024-02-08 00:00:00,0.014778325123152802,-4.0000000000000036,2.2800000000000002
2024-02-09 00:00:00,0.004854368932038833,-2.0000000000000018,2.2799999999999994
2024-02-12 00:00:00,0.0,0.0,2.2799999999999994
2024-02-13 00:00:00,0.04589371980676349,-11.99999999999999,2.35
2024-02-14 00:00:00,-0.020785219399538035,7.000000000000006,2.33
2024-02-15 00:00:00,-0.004716981132075526,3.9999999999999813,2.3499999999999996
2024-02-16 00:00:00,0.014218009478673022,-3.9999999999999813,2.37
2024-02-20 00:00:00,-0.011627906976744096,3.0000000000000027,2.37
2024-02-21 00:00:00,0.0117647058823529,-3.0000000000000027,2.3899999999999997
2024-02-22 00:00:00,0.006976744186046657,-5.000000000000004,2.37
2024-02-23 00:00:00,-0.011547344110854452,2.0000000000000018,2.3400000000000003
2024-02-26 00:00:00,0.004672897196261516,1.0000000000000009,2.37
2024-02-27 00:00:00,0.0023255813953488857,-1.0000000000000009,2.3699999999999997
2024-02-28 00:00:00,-0.011600928074245953,6.000000000000005,2.38
2024-02-29 00:00:00,-0.0023474178403755097,1.9999999999999796,2.3899999999999997
2024-03-01 00:00:00,-0.02117647058823524,9.000000000000007,2.39
2024-03-04 00:00:00,0.012019230769230616,-2.0000000000000018,2.42
2024-03-05 00:00:00,-0.014251781472684022,5.000000000000004,2.41
2024-03-06 00:00:00,-0.0072289156626507145,0.0,2.38
2024-03-07 00:00:00,-0.009708737864077666,1.0000000000000009,2.35
2024-03-08 00:00:00,-0.007352941176470673,1.0000000000000009,2.33
2024-03-11 00:00:00,0.009876543209876631,-4.0000000000000036,2.33
2024-03-12 00:00:00,0.014669926650366927,-4.0000000000000036,2.3500000000000005
2024-03-13 00:00:00,0.009638554216867545,-2.0000000000000018,2.37
2024-03-14 00:00:00,0.02386634844868718,-9.999999999999986,2.37
2024-03-15 00:00:00,0.00932400932400923,-2.0000000000000018,2.39
2024-03-18 00:00:00,0.004618937644341736,-3.0000000000000027,2.38
2024-03-19 00:00:00,-0.011494252873563204,4.0000000000000036,2.37
2024-03-20 00:00:00,-0.011627906976744096,7.999999999999985,2.4
2024-03-21 00:00:00,0.0023529411764704466,2.0000000000000018,2.4299999999999997
2024-03-22 00:00:00,-0.016431924882629012,4.0000000000000036,2.4000000000000004
2024-03-25 00:00:00,0.009546539379474916,-3.0000000000000027,2.41
2024-03-26 00:00:00,-0.0023640661938535423,-2.0000000000000018,2.38
2024-03-27 00:00:00,-0.009478672985781977,3.0000000000000027,2.3699999999999997
2024-03-28 00:00:00,0.009569377990430672,-2.0000000000000018,2.3899999999999997
2024-04-01 00:00:00,0.026066350710900466,-9.999999999999986,2.4000000000000004
2024-04-02 00:00:00,0.002309468822170757,2.0000000000000018,2.4299999999999997
2024-04-03 00:00:00,-0.0023041474654377225,0.0,2.42
2024-04-04 00:00:00,-0.009237875288683584,3.0000000000000027,2.41
2024-04-05 00:00:00,0.023310023310023187,-5.000000000000004,2.46
2024-04-08 00:00:00,0.009111617312072884,-3.0000000000000027,2.4699999999999998
2024-04-09 00:00:00,-0.011286681715575564,3.0000000000000027,2.45
2024-04-10 00:00:00,0.05251141552511429,-19.000000000000018,2.49
2024-04-11 00:00:00,0.00433839479392617,-0.9999999999999787,2.5
2024-04-12 00:00:00,-0.017278617710583144,6.000000000000005,2.48
2024-04-15 00:00:00,0.01758241758241752,-6.000000000000005,2.5
2024-04-16 00:00:00,0.015118790496760237,-4.0000000000000036,2.5300000000000002
2024-04-17 00:00:00,-0.017021276595744705,2.0000000000000018,2.47
2024-04-18 00:00:00,0.01298701298701288,-9.00000000000003,2.4399999999999995
2024-04-19 00:00:00,-0.002136752136752129,2.0000000000000018,2.4499999999999997
2024-04-22 00:00:00,-0.004282655246252598,1.000000000000023,2.4400000000000004
2024-04-23 00:00:00,-0.004301075268817289,2.0000000000000018,2.44
2024-04-24 00:00:00,0.006479481641468832,-3.000000000000025,2.44
2024-04-25 00:00:00,0.012875536480686511,-4.999999999999982,2.4499999999999997
2024-04-26 00:00:00,-0.0063559322033897026,2.9999999999999805,2.45
2024-04-29 00:00:00,-0.0106609808102347,2.0000000000000018,2.4199999999999995
2024-04-30 00:00:00,0.01724137931034475,-6.999999999999984,2.4299999999999997
2024-05-01 00:00:00,-0.012711864406779627,4.0000000000000036,2.41
2024-05-02 00:00:00,-0.01716738197424894,4.999999999999982,2.38
2024-05-03 00:00:00,-0.02183406113537112,7.000000000000028,2.3500000000000005
2024-05-06 00:00:00,0.0022321428571427937,-1.000000000000023,2.35
2024-05-07 00:00:00,-0.0044543429844099425,-2.0000000000000018,2.3099999999999996
2024-05-08 00:00:00,0.006711409395973256,-2.9999999999999805,2.31
2024-05-09 00:00:00,-0.00666666666666671,6.000000000000005,2.34
2024-05-10 00:00:00,0.01118568232662187,-5.000000000000027,2.3399999999999994
2024-05-13 00:00:00,-0.0022123893805309214,1.000000000000023,2.34
2024-05-14 00:00:00,-0.011086474501108556,2.9999999999999805,2.32
2024-05-15 00:00:00,-0.026905829596412634,8.000000000000007,2.28
2024-05-16 00:00:00,0.01382488479262678,-4.0000000000000036,2.3000000000000003
2024-05-17 00:00:00,0.011363636363636243,-2.0000000000000018,2.33
2024-05-20 00:00:00,0.004494382022471877,-0.9999999999999787,2.34
2024-05-21 00:00:00,-0.008948545861297563,2.9999999999999805,2.3299999999999996
2024-05-22 00:00:00,0.009029345372460584,-4.0000000000000036,2.3299999999999996
2024-05-23 00:00:00,0.013422818791946511,-6.999999999999984,2.3200000000000003
2024-05-24 00:00:00,0.0,0.9999999999999787,2.33
2024-05-28 00:00:00,0.015486725663716783,-2.9999999999999805,2.36
2024-05-29 00:00:00,0.008714596949891185,-4.0000000000000036,2.36
2024-05-30 00:00:00,-0.01295896328293733,4.999999999999982,2.35
2024-05-31 00:00:00,-0.013129102844639085,4.0000000000000036,2.3299999999999996
2024-06-03 00:00:00,-0.022172949002217224,7.000000000000028,2.3000000000000003
2024-06-04 00:00:00,-0.013605442176870874,4.0000000000000036,2.28
2024-06-05 00:00:00,-0.013793103448275779,2.9999999999999805,2.25
2024-06-06 00:00:00,0.002331002331002363,0.0,2.26
2024-06-07 00:00:00,0.037209302325581506,-14.000000000000012,2.28
2024-06-10 00:00:00,0.0067264573991032695,-2.9999999999999805,2.2800000000000002
2024-06-11 00:00:00,-0.015590200445434355,4.999999999999982,2.26
2024-06-12 00:00:00,-0.02262443438914019,1.000000000000023,2.1700000000000004
2024-06-13 00:00:00,-0.01620370370370372,4.999999999999982,2.15
2024-06-14 00:00:00,-0.0023529411764705577,-0.9999999999999787,2.1300000000000003
2024-06-17 00:00:00,0.01650943396226401,-3.000000000000025,2.1699999999999995
2024-06-18 00:00:00,-0.016241299303944134,7.000000000000028,2.1700000000000004
2024-06-20 00:00:00,0.0046948356807512415,2.0000000000000018,2.2300000000000004
2024-06-21 00:00:00,-0.00233644859813098,-2.0000000000000018,2.1999999999999997
2024-06-24 00:00:00,-0.0023419203747072626,-2.0000000000000018,2.17
2024-06-25 00:00:00,0.0046948356807512415,0.9999999999999787,2.2
2024-06-26 00:00:00,0.01635514018691575,-4.0000000000000036,2.2299999999999995
2024-06-27 00:00:00,-0.011494252873563204,5.000000000000027,2.23
2024-06-28 00:00:00,0.016279069767441978,-2.0000000000000018,2.2800000000000002
2024-07-01 00:00:00,0.013729977116704761,-6.000000000000005,2.28
2024-07-02 00:00:00,-0.006772009029345272,2.0000000000000018,2.2700000000000005
2024-07-03 00:00:00,-0.018181818181818188,2.9999999999999805,2.22
2024-07-05 00:00:00,-0.025345622119815503,10.000000000000009,2.2300000000000004
2024-07-08 00:00:00,0.0023640661938533203,-0.9999999999999787,2.2300000000000004
2024-07-09 00:00:00,0.0,-2.0000000000000018,2.2100000000000004
2024-07-10 00:00:00,0.0,0.9999999999999787,2.22
2024-07-11 00:00:00,-0.02358490566037752,7.000000000000006,2.1899999999999995
2024-07-12 00:00:00,-0.007246376811594013,0.0,2.16
2024-07-15 00:00:00,0.007299270072992581,2.0000000000000018,2.21
2024-07-16 00:00:00,-0.01449275362318836,4.0000000000000036,2.1900000000000004
2024-07-17 00:00:00,0.0,1.0000000000000009,2.2
2024-07-18 00:00:00,0.009803921568627416,-4.0000000000000036,2.2
2024-07-19 00:00:00,0.012135922330096971,-6.000000000000005,2.19
2024-07-22 00:00:00,0.0023980815347721673,-1.0000000000000009,2.1899999999999995
2024-07-23 00:00:00,-0.0023923444976076125,1.0000000000000009,2.19
2024-07-24 00:00:00,0.0023980815347721673,-1.0000000000000009,2.1899999999999995
2024-07-25 00:00:00,-0.011961722488038284,-1.0000000000000009,2.13
2024-07-26 00:00:00,-0.012106537530266248,7.000000000000006,2.1500000000000004
2024-07-29 00:00:00,-0.002450980392156854,1.0000000000000009,2.1500000000000004
2024-07-30 00:00:00,-0.0073710073710073765,1.0000000000000009,2.13
2024-07-31 00:00:00,-0.02970297029702973,6.999999999999984,2.08
2024-08-01 00:00:00,-0.020408163265306145,6.000000000000005,2.0599999999999996
2024-08-02 00:00:00,-0.05729166666666663,5.000000000000004,1.8900000000000001
2024-08-05 00:00:00,0.0,2.0000000000000018,1.9100000000000001
2024-08-06 00:00:00,0.03314917127071837,-6.000000000000005,1.9700000000000002
2024-08-07 00:00:00,0.010695187165775222,-5.000000000000004,1.9599999999999997
2024-08-08 00:00:00,0.013227513227513255,-3.0000000000000027,1.98
2024-08-09 00:00:00,-0.007832898172323799,1.0000000000000009,1.9599999999999997
2024-08-12 00:00:00,-0.013157894736842035,7.000000000000006,1.98
2024-08-13 00:00:00,-0.01866666666666661,5.000000000000004,1.9600000000000002
2024-08-14 00:00:00,0.0,-2.0000000000000018,1.9400000000000002
2024-08-15 00:00:00,0.032608695652173836,-6.000000000000005,1.9999999999999998
2024-08-16 00:00:00,-0.010526315789473717,0.0,1.9599999999999997
2024-08-19 00:00:00,0.0,-1.0000000000000009,1.9499999999999997
2024-08-20 00:00:00,-0.018617021276595702,6.000000000000005,1.94
2024-08-21 00:00:00,-0.008130081300812941,5.000000000000004,1.9600000000000002
2024-08-22 00:00:00,0.016393442622950838,-6.000000000000005,1.9600000000000002
2024-08-23 00:00:00,-0.021505376344086002,12.00000000000001,2.0
2024-08-26 00:00:00,0.008241758241758212,0.0,2.0300000000000002
2024-08-27 00:00:00,-0.0027247956403269047,0.0,2.0200000000000005
2024-08-28 00:00:00,0.0,0.0,2.0200000000000005
2024-08-29 00:00:00,0.002732240437158362,-1.0000000000000009,2.02
2024-08-30 00:00:00,0.01089918256130784,-5.000000000000004,2.01
2024-09-03 00:00:00,-0.021505376344086002,0.0,1.9400000000000002
2024-09-04 00:00:00,-0.02197802197802201,4.0000000000000036,1.9000000000000001
2024-09-05 00:00:00,-0.005617977528089901,-1.0000000000000009,1.87
2024-09-06 00:00:00,-0.011299435028248594,3.0000000000000027,1.86
2024-09-09 00:00:00,-0.0028571428571427804,2.9999999999999805,1.8800000000000001
2024-09-10 00:00:00,-0.02005730659025795,4.0000000000000036,1.8499999999999999
2024-09-11 00:00:00,0.00877192982456143,2.0000000000000018,1.9000000000000001
2024-09-12 00:00:00,0.005797101449275477,1.0000000000000009,1.9300000000000002
2024-09-13 00:00:00,-0.008645533141210415,6.000000000000005,1.96
2024-09-16 00:00:00,-0.011627906976744207,1.0000000000000009,1.93
2024-09-17 00:00:00,0.0117647058823529,0.0,1.97
2024-09-18 00:00:00,0.014534883720930258,-2.0000000000000018,2.0
2024-09-19 00:00:00,0.0,4.0000000000000036,2.04
2024-09-20 00:00:00,0.002865329512893977,-1.0000000000000009,2.04
2024-09-23 00:00:00,0.0028571428571428914,-1.0000000000000009,2.04
2024-09-24 00:00:00,-0.011396011396011319,6.000000000000005,2.0600000000000005
2024-09-25 00:00:00,0.01729106628242061,-5.000000000000004,2.07
2024-09-26 00:00:00,0.008498583569405138,-6.000000000000005,2.04
2024-09-27 00:00:00,-0.016853932584269704,5.000000000000004,2.0300000000000002
2024-09-30 00:00:00,0.017142857142857126,-4.0000000000000036,2.05
2024-10-01 00:00:00,-0.014044943820224809,7.000000000000006,2.07
2024-10-02 00:00:00,0.01139601139601143,-1.0000000000000009,2.0999999999999996
2024-10-03 00:00:00,0.022535211267605604,-6.000000000000005,2.12
2024-10-04 00:00:00,0.04683195592286493,-15.999999999999993,2.13
2024-10-07 00:00:00,0.018421052631579116,-2.0000000000000018,2.18
2024-10-08 00:00:00,-0.0051679586563307955,0.0,2.16
2024-10-09 00:00:00,0.018181818181818077,-1.0000000000000009,2.2199999999999998
2024-10-10 00:00:00,-0.007653061224489721,5.000000000000004,2.24
2024-10-11 00:00:00,0.0025706940874035134,2.0000000000000018,2.27
2024-10-15 00:00:00,-0.01534526854219953,-1.0000000000000009,2.21
2024-10-16 00:00:00,0.0,-1.0000000000000009,2.2
2024-10-17 00:00:00,0.01298701298701288,-3.0000000000000027,2.2199999999999998
2024-10-18 00:00:00,-0.00512820512820511,3.0000000000000027,2.23
2024-10-21 00:00:00,0.02577319587628879,-10.000000000000009,2.23
2024-10-22 00:00:00,0.007537688442210921,0.0,2.26
2024-10-23 00:00:00,0.012468827930174564,-7.000000000000006,2.2399999999999993
2024-10-24 00:00:00,-0.009852216748768461,12.00000000000001,2.3199999999999994
2024-10-25 00:00:00,0.007462686567164312,-5.000000000000004,2.3
2024-10-28 00:00:00,0.014814814814814836,-5.000000000000004,2.3100000000000005
2024-10-29 00:00:00,-0.0024330900243311193,2.0000000000000018,2.3199999999999994
2024-10-30 00:00:00,0.014634146341463428,1.0000000000000009,2.39
2024-10-31 00:00:00,-0.0024038461538461453,0.0,2.3800000000000003
2024-11-01 00:00:00,0.01927710843373487,-8.000000000000007,2.3800000000000003
2024-11-04 00:00:00,-0.01891252955082745,0.0,2.3000000000000003
2024-11-05 00:00:00,0.00240963855421672,1.0000000000000009,2.3200000000000003
2024-11-06 00:00:00,0.026442307692307487,3.0000000000000027,2.4599999999999995
2024-11-07 00:00:00,-0.023419203747072515,4.0000000000000036,2.4
2024-11-08 00:00:00,0.004796163069544557,0.0,2.4200000000000004
2024-11-12 00:00:00,0.028639618138424527,-11.99999999999999,2.42
2024-11-13 00:00:00,-0.002320185614849146,1.0000000000000009,2.42
2024-11-14 00:00:00,0.006976744186046657,-4.0000000000000036,2.41
2024-11-15 00:00:00,-0.004618937644341958,1.0000000000000009,2.3999999999999995
2024-11-18 00:00:00,-0.006960556844547439,3.9999999999999813,2.41
2024-11-19 00:00:00,-0.004672897196261738,3.0000000000000027,2.42
2024-11-20 00:00:00,0.0046948356807512415,-1.0000000000000009,2.43
2024-11-21 00:00:00,0.004672897196261516,-2.9999999999999805,2.42
2024-11-22 00:00:00,0.0,0.9999999999999787,2.4299999999999997
2024-11-25 00:00:00,-0.027906976744186074,5.000000000000004,2.3599999999999994
2024-11-26 00:00:00,0.0,-2.0000000000000018,2.34
2024-11-27 00:00:00,-0.011961722488038284,5.000000000000004,2.34
2024-11-29 00:00:00,-0.01937046004842613,7.000000000000006,2.33
2024-12-02 00:00:00,0.009876543209876631,-3.0000000000000027,2.34
2024-12-03 00:00:00,0.004889975550122383,0.0,2.3600000000000003
2024-12-04 00:00:00,-0.009732360097323589,5.000000000000004,2.37
2024-12-05 00:00:00,0.0,-2.0000000000000018,2.3500000000000005
2024-12-06 00:00:00,-0.009828009828009798,0.0,2.3100000000000005
2024-12-09 00:00:00,0.012406947890818865,-2.0000000000000018,2.34
2024-12-10 00:00:00,0.004901960784313708,-1.0000000000000009,2.3499999999999996
2024-12-11 00:00:00,0.009756097560975618,0.0,2.3899999999999997
2024-12-12 00:00:00,0.012077294685990614,-4.0000000000000036,2.4000000000000004
2024-12-13 00:00:00,0.014319809069212264,-6.000000000000005,2.4
2024-12-16 00:00:00,0.0023529411764704466,-2.0000000000000018,2.3899999999999997
2024-12-17 00:00:00,0.0,-2.9999999999999805,2.36
2024-12-18 00:00:00,0.032863849765258246,-12.00000000000001,2.3800000000000003
2024-12-19 00:00:00,0.004545454545454408,-6.000000000000005,2.34
2024-12-20 00:00:00,-0.009049773755656076,5.000000000000027,2.35
2024-12-23 00:00:00,0.011415525114155223,-3.000000000000025,2.3699999999999997
2024-12-24 00:00:00,0.0022573363431153126,2.0000000000000018,2.4000000000000004
2024-12-26 00:00:00,-0.0022522522522524513,1.000000000000023,2.4
2024-12-27 00:00:00,0.006772009029345494,-4.0000000000000036,2.39
2024-12-30 00:00:00,-0.022421524663677084,4.999999999999982,2.3400000000000003
2024-12-31 00:00:00,0.004587155963302614,2.0000000000000018,2.38
2025-01-02 00:00:00,-0.0022831050228310223,3.0000000000000027,2.4000000000000004
2025-01-03 00:00:00,0.011441647597253857,-3.9999999999999813,2.41
2025-01-06 00:00:00,0.0,-1.000000000000023,2.4
2025-01-07 00:00:00,0.009049773755656076,0.0,2.44
2025-01-08 00:00:00,0.0,4.0000000000000036,2.48
2025-01-09 00:00:00,-0.0022421524663677195,-2.0000000000000018,2.45
2025-01-10 00:00:00,0.02921348314606731,-8.000000000000007,2.5
2025-01-13 00:00:00,0.0065502183406114245,2.0000000000000018,2.5500000000000003
2025-01-14 00:00:00,-0.002169197396963307,2.0000000000000018,2.5599999999999996
2025-01-15 00:00:00,-0.032608695652173836,11.00000000000001,2.5200000000000005
2025-01-16 00:00:00,-0.013483146067415852,5.000000000000004,2.51
2025-01-17 00:00:00,0.009111617312072884,-2.0000000000000018,2.53
2025-01-21 00:00:00,-0.009029345372460473,-3.0000000000000027,2.46
2025-01-22 00:00:00,0.011389521640091216,-2.0000000000000018,2.49
2025-01-23 00:00:00,0.0022522522522521182,2.0000000000000018,2.5200000000000005
2025-01-24 00:00:00,-0.006741573033707926,2.0000000000000018,2.51
2025-01-27 00:00:00,-0.020361990950226172,7.999999999999985,2.5
2025-01-28 00:00:00,0.0,2.0000000000000018,2.52
2025-01-29 00:00:00,0.002309468822170757,-2.0000000000000018,2.51
2025-01-30 00:00:00,-0.004608294930875445,2.0000000000000018,2.5100000000000002
2025-01-31 00:00:00,0.0023148148148146586,-1.0000000000000009,2.51
2025-02-03 00:00:00,0.006928406466512715,8.000000000000007,2.62
2025-02-04 00:00:00,-0.00917431192660556,2.0000000000000018,2.6000000000000005
2025-02-05 00:00:00,-0.01620370370370372,5.000000000000004,2.58
2025-02-06 00:00:00,0.004705882352941115,-4.0000000000000036,2.5599999999999996
2025-02-07 00:00:00,0.0187353629976581,-4.0000000000000036,2.5999999999999996
2025-02-10 00:00:00,-0.0022988505747125743,1.0000000000000009,2.5999999999999996
2025-02-11 00:00:00,0.00691244239631339,1.0000000000000009,2.64
2025-02-12 00:00:00,0.022883295194507935,-9.000000000000007,2.6499999999999995
2025-02-13 00:00:00,-0.017897091722595126,7.000000000000006,2.6399999999999997
2025-02-14 00:00:00,-0.013667425968109215,4.0000000000000036,2.62
2025-02-18 00:00:00,0.01616628175519641,-4.0000000000000036,2.6500000000000004
2025-02-19 00:00:00,-0.00909090909090915,4.0000000000000036,2.6500000000000004
2025-02-20 00:00:00,-0.002293577981651529,3.0000000000000027,2.67
2025-02-21 00:00:00,-0.01839080459770115,3.0000000000000027,2.6199999999999997
2025-02-24 00:00:00,-0.009367681498828828,2.9999999999999805,2.6100000000000003
2025-02-25 00:00:00,-0.023640661938534424,7.000000000000006,2.58
2025-02-26 00:00:00,-0.012106537530266248,3.0000000000000027,2.56
2025-02-27 00:00:00,0.0,0.0,2.56
2025-02-28 00:00:00,-0.01715686274509809,7.000000000000006,2.5599999999999996
2025-03-03 00:00:00,-0.009975062344139585,7.000000000000006,2.5900000000000003
2025-03-04 00:00:00,0.0176322418136019,-4.0000000000000036,2.62
2025-03-05 00:00:00,0.00990099009900991,-10.000000000000009,2.56
2025-03-06 00:00:00,-0.004901960784313819,-1.0000000000000009,2.5299999999999994
2025-03-07 00:00:00,0.0049261083743843415,-4.0000000000000036,2.51
2025-03-10 00:00:00,-0.026960784313725505,8.000000000000007,2.4800000000000004
2025-03-11 00:00:00,0.0176322418136019,-4.0000000000000036,2.51
2025-03-12 00:00:00,0.007425742574257432,-3.0000000000000027,2.5100000000000002
2025-03-13 00:00:00,-0.009828009828009798,2.0000000000000018,2.49
2025-03-14 00:00:00,0.014888337468982549,-7.000000000000006,2.4799999999999995
2025-03-17 00:00:00,0.0,-1.9999999999999796,2.46
2025-03-18 00:00:00,-0.004889975550122161,1.9999999999999796,2.46
2025-03-19 00:00:00,-0.012285012285012442,8.000000000000007,2.4899999999999993
2025-03-20 00:00:00,-0.0024875621890546595,3.0000000000000027,2.51
2025-03-21 00:00:00,0.0,1.0000000000000009,2.5199999999999996
2025-03-24 00:00:00,0.02244389027431426,-6.000000000000005,2.55
2025-03-25 00:00:00,-0.007317073170731603,4.0000000000000036,2.5600000000000005
2025-03-26 00:00:00,0.007371007371007154,-1.0000000000000009,2.5799999999999996
2025-03-27 00:00:00,-0.0024390243902439046,3.0000000000000027,2.5999999999999996
2025-03-28 00:00:00,-0.02689486552567233,9.000000000000007,2.58
2025-03-31 00:00:00,-0.007537688442211032,4.999999999999982,2.6
2025-04-01 00:00:00,-0.010126582278481067,-2.0000000000000018,2.54
2025-04-02 00:00:00,-0.010230179028132946,-6.999999999999984,2.43
2025-04-03 00:00:00,-0.03359173126614989,18.999999999999993,2.49
2025-04-04 00:00:00,-0.010695187165775444,-12.99999999999999,2.3200000000000003
2025-04-07 00:00:00,0.048648648648648596,-13.00000000000001,2.37
2025-04-08 00:00:00,0.010309278350515427,-2.0000000000000018,2.3899999999999997
2025-04-09 00:00:00,0.03316326530612246,-8.000000000000007,2.4399999999999995
2025-04-10 00:00:00,0.004938271604938427,-10.999999999999988,2.3500000000000005
2025-04-11 00:00:00,0.02457002457002444,-10.000000000000009,2.3499999999999996
2025-04-14 00:00:00,-0.03597122302158284,15.000000000000014,2.3499999999999996
2025-04-15 00:00:00,-0.007462686567163979,0.0,2.3200000000000003
2025-04-16 00:00:00,-0.020050125313283207,4.999999999999982,2.29
2025-04-17 00:00:00,0.007672634271099765,-6.999999999999984,2.25
2025-04-21 00:00:00,0.010152284263959421,-3.0000000000000027,2.26
2025-04-22 00:00:00,0.002512562814070307,4.0000000000000036,2.3100000000000005
2025-04-23 00:00:00,0.007518796992481036,1.0000000000000009,2.3499999999999996
2025-04-24 00:00:00,-0.02238805970149238,10.999999999999988,2.37
2025-04-25 00:00:00,-0.012722646310432628,0.0,2.32
2025-04-28 00:00:00,-0.018041237113401998,7.000000000000006,2.3200000000000003
2025-04-29 00:00:00,-0.01049868766404205,1.0000000000000009,2.29
2025-04-30 00:00:00,-0.010610079575596787,5.000000000000004,2.3
2025-05-01 00:00:00,0.018766756032171594,-8.000000000000007,2.29
2025-05-02 00:00:00,0.03157894736842115,-10.000000000000009,2.3099999999999996
2025-05-05 00:00:00,0.005102040816326481,-1.0000000000000009,2.32
2025-05-06 00:00:00,-0.012690355329949221,6.000000000000005,2.33
2025-05-07 00:00:00,-0.007712082262210873,2.0000000000000018,2.32
2025-05-08 00:00:00,0.03367875647668406,-7.000000000000006,2.38
2025-05-09 00:00:00,0.0025062656641603454,0.0,2.3899999999999997
2025-05-12 00:00:00,0.02750000000000008,-12.99999999999999,2.37
2025-05-13 00:00:00,-0.0024330900243311193,0.0,2.3599999999999994
2025-05-14 00:00:00,0.017073170731707332,1.0000000000000009,2.44
2025-05-15 00:00:00,-0.02877697841726623,7.000000000000006,2.3899999999999997
2025-05-16 00:00:00,0.004938271604938427,2.0000000000000018,2.4300000000000006
2025-05-19 00:00:00,-0.002457002457002644,0.0,2.42
2025-05-20 00:00:00,0.0024630541871923928,-1.0000000000000009,2.4200000000000004
2025-05-21 00:00:00,0.02211302211302213,-7.000000000000006,2.4400000000000004
2025-05-22 00:00:00,-0.016826923076923128,3.0000000000000027,2.4
2025-05-23 00:00:00,-0.0024449877750610804,1.0000000000000009,2.4000000000000004
2025-05-27 00:00:00,-0.01225490196078427,5.000000000000004,2.4000000000000004
2025-05-28 00:00:00,0.007444168734491052,-3.0000000000000027,2.3999999999999995
2025-05-29 00:00:00,-0.01477832512315258,3.9999999999999813,2.38
2025-05-30 00:00:00,-0.010000000000000009,5.000000000000004,2.3899999999999997
2025-06-02 00:00:00,0.010101010101010166,-5.999999999999983,2.37
2025-06-03 00:00:00,0.007500000000000062,-3.0000000000000027,2.37
2025-06-04 00:00:00,-0.027295285359801524,4.999999999999982,2.3099999999999996
2025-06-05 00:00:00,0.017857142857143016,-6.999999999999984,2.3100000000000005
2025-06-06 00:00:00,0.032581453634085156,-10.000000000000009,2.34
2025-06-09 00:00:00,-0.009708737864077666,3.0000000000000027,2.33
2025-06-10 00:00:00,0.002450980392156854,-1.0000000000000009,2.33
2025-06-11 00:00:00,-0.017114914425427896,4.0000000000000036,2.3
2025-06-12 00:00:00,-0.01243781094527352,3.0000000000000027,2.2800000000000002
2025-06-13 00:00:00,0.007556675062972307,-2.0000000000000018,2.29
2025-06-16 00:00:00,0.007500000000000062,-1.0000000000000009,2.3100000000000005
2025-06-17 00:00:00,-0.012406947890818976,8.000000000000007,2.34
2025-06-18 00:00:00,0.0,1.9999999999999796,2.36
2025-06-20 00:00:00,-0.0025188916876575096,3.0000000000000027,2.37
2025-06-23 00:00:00,-0.012626262626262541,1.0000000000000009,2.33
2025-06-24 00:00:00,-0.01278772378516635,2.0000000000000018,2.3
2025-06-25 00:00:00,-0.002590673575129432,1.0000000000000009,2.3
2025-06-26 00:00:00,-0.012987012987013102,5.000000000000004,2.3
2025-06-27 00:00:00,0.007894736842105399,-2.0000000000000018,2.31
2025-06-30 00:00:00,-0.007832898172323799,4.0000000000000036,2.32
2025-07-01 00:00:00,0.007894736842105399,-4.0000000000000036,2.31
2025-07-02 00:00:00,0.010443864229765065,-1.0000000000000009,2.34
2025-07-03 00:00:00,0.018087855297157507,-4.0000000000000036,2.37
2025-07-07 00:00:00,0.0050761421319796,1.0000000000000009,2.4
2025-07-08 00:00:00,0.007575757575757569,-4.0000000000000036,2.39
2025-07-09 00:00:00,-0.01754385964912286,6.000000000000005,2.38
2025-07-10 00:00:00,0.0025510204081633514,0.0,2.39
2025-07-11 00:00:00,0.01526717557251911,-1.0000000000000009,2.4400000000000004
2025-07-14 00:00:00,-0.0025062656641604564,2.0000000000000018,2.45
2025-07-15 00:00:00,0.017587939698492372,-4.0000000000000036,2.4799999999999995
2025-07-16 00:00:00,-0.01728395061728394,7.000000000000006,2.48
2025-07-17 00:00:00,0.007537688442210921,2.0000000000000018,2.53
2025-07-18 00:00:00,-0.012468827930174564,2.0000000000000018,2.5
2025-07-21 00:00:00,-0.012626262626262541,4.0000000000000036,2.49
2025-07-22 00:00:00,-0.007672634271099765,1.0000000000000009,2.4699999999999998
2025-07-23 00:00:00,0.015463917525773141,-9.000000000000007,2.44
2025-07-24 00:00:00,0.0076142131979695105,2.0000000000000018,2.49
2025-07-25 00:00:00,-0.005037783375314908,0.0,2.47
2025-07-28 00:00:00,0.0075949367088608,-1.0000000000000009,2.49
2025-07-29 00:00:00,-0.017587939698492372,7.000000000000006,2.49
2025-07-30 00:00:00,0.012787723785166127,-6.000000000000005,2.48
2025-07-31 00:00:00,0.0,-2.0000000000000018,2.46
2025-08-01 00:00:00,-0.04797979797979801,11.00000000000001,2.38
2025-08-04 00:00:00,-0.007957559681697535,4.999999999999982,2.4000000000000004
2025-08-05 00:00:00,0.0053475935828875,-2.0000000000000018,2.3999999999999995
2025-08-06 00:00:00,0.0,-1.0000000000000009,2.3899999999999997
2025-08-07 00:00:00,0.007978723404255428,-0.9999999999999787,2.41
2025-08-08 00:00:00,0.01055408970976246,0.0,2.45
2025-08-11 00:00:00,-0.0026109660574412663,0.9999999999999787,2.4499999999999997
2025-08-12 00:00:00,0.0,-2.9999999999999805,2.42
2025-08-13 00:00:00,-0.01308900523560208,4.999999999999982,2.42
2025-08-14 00:00:00,0.013262599469495928,-3.9999999999999813,2.4299999999999997
2025-08-15 00:00:00,0.005235602094240788,-4.0000000000000036,2.41
2025-08-18 00:00:00,0.005208333333333259,-1.0000000000000009,2.42
2025-08-19 00:00:00,-0.010362694300518172,1.0000000000000009,2.3899999999999997
2025-08-20 00:00:00,-0.002617801047120394,2.0000000000000018,2.4000000000000004
2025-08-21 00:00:00,0.013123359580052396,-1.0000000000000009,2.44
2025-08-22 00:00:00,-0.025906735751295318,13.99999999999999,2.4799999999999995
2025-08-25 00:00:00,0.007978723404255428,-3.0000000000000027,2.48
2025-08-26 00:00:00,-0.01319261213720313,6.000000000000005,2.49
2025-08-27 00:00:00,-0.010695187165775444,6.000000000000005,2.5100000000000002
2025-08-28 00:00:00,0.0,-1.0000000000000009,2.5
2025-08-29 00:00:00,0.0,-1.0000000000000009,2.49
2025-09-02 00:00:00,0.005376344086021501,-5.000000000000004,2.4800000000000004
2025-09-03 00:00:00,-0.016042780748663166,3.0000000000000027,2.45
2025-09-04 00:00:00,-0.00815217391304357,2.0000000000000018,2.44
2025-09-05 00:00:00,-0.019178082191780743,4.0000000000000036,2.41
2025-09-08 00:00:00,-0.0027932960893854997,1.0000000000000009,2.41
2025-09-09 00:00:00,0.008403361344537785,-2.0000000000000018,2.42
2025-09-10 00:00:00,-0.005555555555555536,0.0,2.4000000000000004
2025-09-11 00:00:00,0.0,0.0,2.4000000000000004
2025-09-12 00:00:00,0.011173184357541999,-3.0000000000000027,2.41
2025-09-15 00:00:00,-0.0055248618784530246,1.0000000000000009,2.4000000000000004
2025-09-16 00:00:00,-0.005555555555555536,3.0000000000000027,2.41
2025-09-17 00:00:00,0.019553072625698276,-2.0000000000000018,2.46
2025-09-18 00:00:00,0.00273972602739736,-4.0000000000000036,2.43
2025-09-19 00:00:00,0.008196721311475308,-2.0000000000000018,2.44
2025-09-22 00:00:00,0.0027100271002711285,-4.0000000000000036,2.41
2025-09-23 00:00:00,-0.005405405405405461,3.0000000000000027,2.42
2025-09-24 00:00:00,0.008152173913043459,-2.0000000000000018,2.4299999999999997
2025-09-25 00:00:00,0.016172506738544534,-5.000000000000004,2.44
2025-09-26 00:00:00,0.0,-1.0000000000000009,2.4299999999999997
2025-09-29 00:00:00,-0.007957559681697535,1.0000000000000009,2.41
2025-09-30 00:00:00,-0.002673796791443861,1.0000000000000009,2.41
2025-10-01 00:00:00,-0.013404825737265313,3.0000000000000027,2.39
2025-10-02 00:00:00,0.0,-1.0000000000000009,2.38
2025-10-03 00:00:00,0.008152173913043459,-4.0000000000000036,2.37
2025-10-06 00:00:00,0.008086253369272267,-3.0000000000000027,2.37
2025-10-07 00:00:00,-0.008021390374331583,5.000000000000004,2.3899999999999997
2025-10-08 00:00:00,0.0026954177897575704,-1.0000000000000009,2.39
2025-10-09 00:00:00,0.005376344086021501,-2.0000000000000018,2.39
2025-10-10 00:00:00,-0.02406417112299475,5.000000000000004,2.3499999999999996
2025-10-14 00:00:00,-0.008264462809917328,3.0000000000000027,2.33
2025-10-15 00:00:00,0.008333333333333304,-3.0000000000000027,2.33
2025-10-16 00:00:00,-0.02203856749311295,4.0000000000000036,2.29
2025-10-17 00:00:00,0.011267605633802802,-4.0000000000000036,2.29
2025-10-20 00:00:00,-0.0027855153203342198,0.0,2.2800000000000002
2025-10-21 00:00:00,-0.005586592178770999,4.0000000000000036,2.3
2025-10-22 00:00:00,-0.002808988764045006,2.0000000000000018,2.3099999999999996
2025-10-23 00:00:00,0.014084507042253502,5.000000000000004,2.41
2025-10-24 00:00:00,0.0,-2.0000000000000018,2.39
2025-10-27 00:00:00,0.005555555555555536,-3.0000000000000027,2.38
2025-10-28 00:00:00,-0.002762430939226568,0.0,2.37
2025-10-29 00:00:00,0.024930747922437657,-9.000000000000007,2.37
2025-10-30 00:00:00,0.00540540540540535,-1.0000000000000009,2.38
2025-10-31 00:00:00,0.0,3.0000000000000027,2.41
2025-11-03 00:00:00,0.0,0.0,2.41
2025-11-04 00:00:00,-0.005376344086021501,0.0,2.39
2025-11-05 00:00:00,0.01621621621621605,-6.000000000000005,2.3899999999999997
2025-11-06 00:00:00,-0.018617021276595702,5.000000000000004,2.37
2025-11-07 00:00:00,-0.0027100271002709064,1.0000000000000009,2.37
2025-11-10 00:00:00,0.008152173913043459,-3.0000000000000027,2.37
2025-11-12 00:00:00,0.002732240437158362,3.0000000000000027,2.36
2025-11-13 00:00:00,0.008174386920980936,-3.0000000000000027,2.3600000000000003
2025-11-14 00:00:00,0.008108108108108025,-2.0000000000000018,2.37
2025-11-17 00:00:00,-0.002680965147452974,1.0000000000000009,2.37
2025-11-18 00:00:00,-0.008064516129032362,1.0000000000000009,2.3499999999999996
2025-11-19 00:00:00,0.005420054200542035,-1.0000000000000009,2.36
2025-11-20 00:00:00,-0.010781671159029615,1.0000000000000009,2.33
2025-11-21 00:00:00,-0.013623978201634857,4.0000000000000036,2.3200000000000003
2025-11-24 00:00:00,-0.0055248618784530246,-1.0000000000000009,2.29
2025-11-25 00:00:00,-0.011111111111111072,3.0000000000000027,2.2800000000000002
2025-11-26 00:00:00,0.002808988764044784,1.0000000000000009,2.3
2025-11-28 00:00:00,0.005586592178770999,-3.0000000000000027,2.3
2025-12-01 00:00:00,0.019444444444444375,-6.000000000000005,2.3099999999999996
2025-12-02 00:00:00,-0.0027247956403269047,0.0,2.3
2025-12-03 00:00:00,-0.010928961748633892,3.0000000000000027,2.29
2025-12-04 00:00:00,0.016574585635359185,-2.0000000000000018,2.33
2025-12-05 00:00:00,0.010869565217391353,-2.9999999999999805,2.3400000000000003
2025-12-08 00:00:00,0.008064516129032251,-5.000000000000004,2.3200000000000003
2025-12-09 00:00:00,0.008000000000000007,-3.0000000000000027,2.32
2025-12-10 00:00:00,-0.005291005291005346,6.000000000000005,2.36
2025-12-11 00:00:00,-0.010638297872340274,0.0,2.3200000000000003
2025-12-12 00:00:00,0.008064516129032251,-3.0000000000000027,2.3200000000000003
2025-12-15 00:00:00,-0.005333333333333301,-1.0000000000000009,2.29
2025-12-16 00:00:00,-0.01072386058981234,0.0,2.25
2025-12-17 00:00:00,0.0027100271002711285,0.0,2.2600000000000002
2025-12-18 00:00:00,-0.010810810810810811,4.0000000000000036,2.2600000000000002
2025-12-19 00:00:00,0.010928961748633892,-3.0000000000000027,2.2700000000000005
2025-12-22 00:00:00,0.00540540540540535,-3.0000000000000027,2.2600000000000002
2025-12-23 00:00:00,0.005376344086021501,-2.0000000000000018,2.2600000000000002
2025-12-24 00:00:00,-0.005347593582887722,2.0000000000000018,2.2600000000000002
2025-12-26 00:00:00,-0.005376344086021501,0.0,2.24
2025-12-29 00:00:00,-0.005405405405405461,2.0000000000000018,2.24
2025-12-30 00:00:00,0.0,1.0000000000000009,2.25
2025-12-31 00:00:00,0.008152173913043459,-4.0000000000000036,2.24
2026-01-02 00:00:00,0.005376344086021501,1.0000000000000009,2.2800000000000002
2026-01-05 00:00:00,-0.008021390374331583,4.0000000000000036,2.29
2026-01-06 00:00:00,0.0026954177897575704,0.0,2.3000000000000003
2026-01-07 00:00:00,-0.008064516129032362,2.0000000000000018,2.29
2026-01-08 00:00:00,0.013550135501354976,-3.0000000000000027,2.3100000000000005
2026-01-09 00:00:00,0.0053475935828875,0.0,2.33
2026-01-12 00:00:00,0.0026595744680850686,2.0000000000000018,2.3600000000000003
2026-01-13 00:00:00,-0.007957559681697535,3.0000000000000027,2.3600000000000003
2026-01-14 00:00:00,-0.005347593582887722,1.9999999999999796,2.3600000000000003
2026-01-15 00:00:00,0.010752688172043001,-4.999999999999982,2.3499999999999996
2026-01-16 00:00:00,0.018617021276595924,-2.0000000000000018,2.4000000000000004
2026-01-20 00:00:00,0.005208333333333259,-3.0000000000000027,2.4
2026-01-21 00:00:00,-0.007772020725388518,5.000000000000004,2.42
2026-01-22 00:00:00,0.005221932114882533,-2.0000000000000018,2.42
2026-01-23 00:00:00,-0.0025974025974027093,5.000000000000004,2.46
2026-01-26 00:00:00,-0.00520833333333337,0.9999999999999787,2.4499999999999997
2026-01-27 00:00:00,-0.002617801047120394,3.0000000000000027,2.4699999999999998
2026-01-28 00:00:00,0.007874015748031482,1.0000000000000009,2.51
2026-01-29 00:00:00,-0.01041666666666663,5.000000000000004,2.5199999999999996
2026-01-30 00:00:00,0.0,2.0000000000000018,2.54
2026-02-02 00:00:00,0.010526315789473717,-5.000000000000004,2.53
2026-02-03 00:00:00,0.0,1.0000000000000009,2.54
2026-02-04 00:00:00,-0.0026041666666666297,-2.0000000000000018,2.51
2026-02-05 00:00:00,-0.02088772845953002,6.000000000000005,2.49
2026-02-06 00:00:00,0.002666666666666595,0.0,2.5
2026-02-09 00:00:00,-0.005319148936170137,1.0000000000000009,2.49
2026-02-10 00:00:00,-0.010695187165775444,2.0000000000000018,2.47
2026-02-11 00:00:00,0.010810810810810922,-3.0000000000000027,2.4800000000000004
2026-02-12 00:00:00,-0.018716577540107027,4.0000000000000036,2.45
2026-02-13 00:00:00,-0.016348773841961872,3.0000000000000027,2.42
2026-02-17 00:00:00,0.005555555555555536,-5.000000000000004,2.38
2026-02-18 00:00:00,0.008287292817679592,1.0000000000000009,2.42
2026-02-19 00:00:00,0.0,1.0000000000000009,2.4299999999999997
2026-02-20 00:00:00,0.0,0.0,2.4299999999999997
2026-02-23 00:00:00,-0.019178082191780743,3.0000000000000027,2.39
2026-02-24 00:00:00,0.005586592178770999,-2.0000000000000018,2.39
2026-02-25 00:00:00,0.005555555555555536,2.0000000000000018,2.43
2026-02-26 00:00:00,-0.011049723756906049,5.000000000000004,2.4400000000000004
2026-02-27 00:00:00,-0.019553072625698387,2.9999999999999805,2.3999999999999995
2026-03-02 00:00:00,0.031339031339031376,-4.999999999999982,2.46
2026-03-03 00:00:00,0.0027624309392264568,-1.0000000000000009,2.46
2026-03-04 00:00:00,0.011019283746556585,-4.0000000000000036,2.46
2026-03-05 00:00:00,0.019073569482289,0.0,2.5300000000000002
2026-03-06 00:00:00,-0.005347593582887722,5.000000000000004,2.5600000000000005
2026-03-09 00:00:00,0.005376344086021501,1.0000000000000009,2.5900000000000003
2026-03-10 00:00:00,-0.005347593582887722,-5.000000000000004,2.5200000000000005
2026-03-11 00:00:00,0.016129032258064502,-1.0000000000000009,2.57
2026-03-12 00:00:00,0.02645502645502651,-4.0000000000000036,2.63
2026-03-13 00:00:00,-0.002577319587628857,-1.0000000000000009,2.6100000000000003
2026-03-16 00:00:00,-0.01808785529715773,4.0000000000000036,2.58
2026-03-17 00:00:00,-0.002631578947368318,5.000000000000004,2.62
2026-03-18 00:00:00,0.01846965699208436,-4.0000000000000036,2.65
2026-03-19 00:00:00,0.015544041450777257,-6.000000000000005,2.65
2026-03-20 00:00:00,0.022959183673469274,-10.999999999999988,2.63
2026-03-23 00:00:00,-0.014962593516209433,-4.0000000000000036,2.5300000000000002
2026-03-24 00:00:00,0.020253164556962133,-6.000000000000005,2.5500000000000003
2026-03-25 00:00:00,-0.01488833746898266,3.0000000000000027,2.5200000000000005
2026-03-26 00:00:00,0.032745591939546514,-7.000000000000006,2.5799999999999996
2026-03-27 00:00:00,-0.007317073170731603,2.0000000000000018,2.5700000000000003
2026-03-30 00:00:00,-0.02211302211302224,10.000000000000009,2.58
2026-03-31 00:00:00,-0.01005025125628145,2.0000000000000018,2.56
2026-04-01 00:00:00,0.0050761421319796,-4.0000000000000036,2.54
2026-04-02 00:00:00,-0.002525252525252486,4.999999999999982,2.58
2026-04-03 00:00:00,0.010126582278481067,-0.9999999999999787,2.6100000000000003
2026-04-06 00:00:00,-0.0025062656641604564,0.0,2.6
2026-04-07 00:00:00,0.0,3.9999999999999813,2.6399999999999997
2026-04-08 00:00:00,-0.015075376884422176,-2.0000000000000018,2.5599999999999996
2026-04-09 00:00:00,0.0,1.0000000000000009,2.57
2026-04-10 00:00:00,0.005102040816326481,-1.0000000000000009,2.58
2026-04-13 00:00:00,-0.005076142131979711,5.000000000000004,2.61
2026-04-14 00:00:00,-0.012755102040816313,3.0000000000000027,2.59
2026-04-15 00:00:00,0.007751937984496138,-1.0000000000000009,2.61
2026-04-16 00:00:00,0.00512820512820511,-2.0000000000000018,2.61
2026-04-17 00:00:00,-0.020408163265306145,3.0000000000000027,2.5599999999999996
2026-04-20 00:00:00,0.0026041666666667407,-1.0000000000000009,2.56
2026-04-21 00:00:00,0.01558441558441559,-2.0000000000000018,2.6
2026-04-22 00:00:00,0.002557544757033181,1.0000000000000009,2.62
2026-04-23 00:00:00,0.007653061224489832,-7.999999999999985,2.5700000000000003
2026-04-24 00:00:00,-0.010126582278481067,16.999999999999993,2.7
