Fecha,real_5_linear,real_5_spline,real_5_ns,real_5_sv,EXP_INF_linear,EXP_INF_spline,EXP_INF_ns,EXP_INF_sv
2018-01-02 00:00:00,2.9285714285714284,2.9285714285714284,3.118386135596993,3.0991807488398506,4.581428571428571,4.581428571428571,4.391613864403007,4.410819251160149
2018-01-03 00:00:00,2.9285714285714284,2.9285714285714284,3.118386135596993,3.0991807488398506,4.531428571428572,4.531428571428572,4.341613864403007,4.36081925116015
2018-01-04 00:00:00,2.9285714285714284,2.9285714285714284,3.118386135596993,3.0991807488398506,4.491428571428571,4.491428571428571,4.3016138644030075,4.320819251160149
2018-01-05 00:00:00,2.9285714285714284,2.9285714285714284,3.118386135596993,3.0991807488398506,4.481428571428571,4.481428571428571,4.291613864403008,4.310819251160149
2018-01-08 00:00:00,2.9285714285714284,2.9285714285714284,3.118386135596993,3.0991807488398506,4.481428571428571,4.481428571428571,4.291613864403008,4.310819251160149
2018-01-09 00:00:00,2.9285714285714284,2.9285714285714284,3.118386135596993,3.0991807488398506,4.531428571428572,4.531428571428572,4.341613864403007,4.36081925116015
2018-01-10 00:00:00,2.9285714285714284,2.9285714285714284,3.118386135596993,3.0991807488398506,4.542428571428571,4.542428571428571,4.352613864403008,4.371819251160149
2018-01-11 00:00:00,2.9285714285714284,2.9285714285714284,3.118386135596993,3.0991807488398506,4.561428571428571,4.561428571428571,4.371613864403008,4.390819251160149
2018-01-12 00:00:00,2.9285714285714284,2.9285714285714284,3.118386135596993,3.0991807488398506,4.541428571428572,4.541428571428572,4.3516138644030065,4.37081925116015
2018-01-15 00:00:00,2.9285714285714284,2.9285714285714284,3.118386135596993,3.0991807488398506,4.491428571428571,4.491428571428571,4.3016138644030075,4.320819251160149
2018-01-16 00:00:00,2.9285714285714284,2.9285714285714284,3.118386135596993,3.0991807488398506,4.502428571428572,4.502428571428572,4.312613864403007,4.33181925116015
2018-01-17 00:00:00,2.9285714285714284,2.9285714285714284,3.118386135596993,3.0991807488398506,4.481428571428571,4.481428571428571,4.291613864403008,4.310819251160149
2018-01-18 00:00:00,2.9285714285714284,2.9285714285714284,3.118386135596993,3.0991807488398506,4.521428571428572,4.521428571428572,4.331613864403007,4.35081925116015
2018-01-19 00:00:00,2.9285714285714284,2.9285714285714284,3.118386135596993,3.0991807488398506,4.551428571428572,4.551428571428572,4.361613864403008,4.380819251160149
2018-01-22 00:00:00,2.9285714285714284,2.9285714285714284,3.118386135596993,3.0991807488398506,4.551428571428572,4.551428571428572,4.361613864403008,4.380819251160149
2018-01-23 00:00:00,2.9285714285714284,2.9285714285714284,3.118386135596993,3.0991807488398506,4.491428571428571,4.491428571428571,4.3016138644030075,4.320819251160149
2018-01-24 00:00:00,2.9285714285714284,2.9285714285714284,3.118386135596993,3.0991807488398506,4.421428571428571,4.421428571428571,4.231613864403007,4.250819251160149
2018-01-25 00:00:00,2.9285714285714284,2.9285714285714284,3.118386135596993,3.0991807488398506,4.451428571428572,4.451428571428572,4.261613864403007,4.28081925116015
2018-01-26 00:00:00,2.9285714285714284,2.9285714285714284,3.118386135596993,3.0991807488398506,4.501428571428571,4.501428571428571,4.311613864403007,4.330819251160149
2018-01-29 00:00:00,2.9285714285714284,2.9285714285714284,3.118386135596993,3.0991807488398506,4.541428571428572,4.541428571428572,4.3516138644030065,4.37081925116015
2018-01-30 00:00:00,2.9285714285714284,2.9285714285714284,3.118386135596993,3.0991807488398506,4.581428571428571,4.581428571428571,4.391613864403007,4.410819251160149
2018-01-31 00:00:00,2.9285714285714284,2.9285714285714284,3.118386135596993,3.0991807488398506,4.521428571428572,4.521428571428572,4.331613864403007,4.35081925116015
2018-02-01 00:00:00,2.9285714285714284,2.9285714285714284,3.118386135596993,3.0991807488398506,4.481428571428571,4.481428571428571,4.291613864403008,4.310819251160149
2018-02-02 00:00:00,2.9285714285714284,2.9285714285714284,3.118386135596993,3.0991807488398506,4.491428571428571,4.491428571428571,4.3016138644030075,4.320819251160149
2018-02-06 00:00:00,2.9285714285714284,2.9285714285714284,3.118386135596993,3.0991807488398506,4.551428571428572,4.551428571428572,4.361613864403008,4.380819251160149
2018-02-07 00:00:00,2.9285714285714284,2.9285714285714284,3.118386135596993,3.0991807488398506,4.521428571428572,4.521428571428572,4.331613864403007,4.35081925116015
2018-02-08 00:00:00,2.9285714285714284,2.9285714285714284,3.118386135596993,3.0991807488398506,4.591428571428571,4.591428571428571,4.401613864403007,4.4208192511601485
2018-02-09 00:00:00,2.9285714285714284,2.9285714285714284,3.118386135596993,3.0991807488398506,4.661428571428571,4.661428571428571,4.4716138644030075,4.490819251160149
2018-02-12 00:00:00,2.9285714285714284,2.9285714285714284,3.118386135596993,3.0991807488398506,4.7214285714285715,4.7214285714285715,4.531613864403008,4.550819251160149
2018-02-13 00:00:00,2.9285714285714284,2.9285714285714284,3.118386135596993,3.0991807488398506,4.751428571428571,4.751428571428571,4.561613864403007,4.580819251160149
2018-02-14 00:00:00,2.9285714285714284,2.9285714285714284,3.118386135596993,3.0991807488398506,4.811428571428571,4.811428571428571,4.621613864403008,4.640819251160149
2018-02-15 00:00:00,2.9285714285714284,2.9285714285714284,3.118386135596993,3.0991807488398506,4.731428571428571,4.731428571428571,4.541613864403008,4.560819251160149
2018-02-16 00:00:00,2.9285714285714284,2.9285714285714284,3.118386135596993,3.0991807488398506,4.711428571428572,4.711428571428572,4.521613864403006,4.5408192511601495
2018-02-19 00:00:00,2.9285714285714284,2.9285714285714284,3.118386135596993,3.0991807488398506,4.702428571428571,4.702428571428571,4.512613864403008,4.531819251160149
2018-02-20 00:00:00,2.9285714285714284,2.9285714285714284,3.118386135596993,3.0991807488398506,4.711428571428572,4.711428571428572,4.521613864403006,4.5408192511601495
2018-02-21 00:00:00,2.9285714285714284,2.9285714285714284,3.118386135596993,3.0991807488398506,4.661428571428571,4.661428571428571,4.4716138644030075,4.490819251160149
2018-02-22 00:00:00,2.9285714285714284,2.9285714285714284,3.118386135596993,3.0991807488398506,4.581428571428571,4.581428571428571,4.391613864403007,4.410819251160149
2018-02-23 00:00:00,2.9285714285714284,2.9285714285714284,3.118386135596993,3.0991807488398506,4.541428571428572,4.541428571428572,4.3516138644030065,4.37081925116015
2018-02-26 00:00:00,2.9285714285714284,2.9285714285714284,3.118386135596993,3.0991807488398506,4.591428571428571,4.591428571428571,4.401613864403007,4.4208192511601485
2018-02-27 00:00:00,2.9285714285714284,2.9285714285714284,3.118386135596993,3.0991807488398506,4.601428571428572,4.601428571428572,4.411613864403007,4.43081925116015
2018-02-28 00:00:00,2.9285714285714284,2.9285714285714284,3.118386135596993,3.0991807488398506,4.561428571428571,4.561428571428571,4.371613864403008,4.390819251160149
2018-03-01 00:00:00,2.9285714285714284,2.9285714285714284,3.118386135596993,3.0991807488398506,4.551428571428572,4.551428571428572,4.361613864403008,4.380819251160149
2018-03-02 00:00:00,2.9285714285714284,2.9285714285714284,3.118386135596993,3.0991807488398506,4.531428571428572,4.531428571428572,4.341613864403007,4.36081925116015
2018-03-05 00:00:00,2.9285714285714284,2.9285714285714284,3.118386135596993,3.0991807488398506,4.551428571428572,4.551428571428572,4.361613864403008,4.380819251160149
2018-03-06 00:00:00,2.9285714285714284,2.9285714285714284,3.118386135596993,3.0991807488398506,4.5114285714285725,4.5114285714285725,4.321613864403007,4.34081925116015
2018-03-07 00:00:00,2.9285714285714284,2.9285714285714284,3.118386135596993,3.0991807488398506,4.491428571428571,4.491428571428571,4.3016138644030075,4.320819251160149
2018-03-08 00:00:00,2.9285714285714284,2.9285714285714284,3.118386135596993,3.0991807488398506,4.491428571428571,4.491428571428571,4.3016138644030075,4.320819251160149
2018-03-09 00:00:00,2.9285714285714284,2.9285714285714284,3.118386135596993,3.0991807488398506,4.491428571428571,4.491428571428571,4.3016138644030075,4.320819251160149
2018-03-12 00:00:00,2.9285714285714284,2.9285714285714284,3.118386135596993,3.0991807488398506,4.4714285714285715,4.4714285714285715,4.281613864403008,4.300819251160149
2018-03-13 00:00:00,2.9285714285714284,2.9285714285714284,3.118386135596993,3.0991807488398506,4.501428571428571,4.501428571428571,4.311613864403007,4.330819251160149
2018-03-14 00:00:00,2.9285714285714284,2.9285714285714284,3.118386135596993,3.0991807488398506,4.501428571428571,4.501428571428571,4.311613864403007,4.330819251160149
2018-03-15 00:00:00,2.9285714285714284,2.9285714285714284,3.118386135596993,3.0991807488398506,4.501428571428571,4.501428571428571,4.311613864403007,4.330819251160149
2018-03-16 00:00:00,2.9285714285714284,2.9285714285714284,3.118386135596993,3.0991807488398506,4.4714285714285715,4.4714285714285715,4.281613864403008,4.300819251160149
2018-03-20 00:00:00,2.9285714285714284,2.9285714285714284,3.118386135596993,3.0991807488398506,4.501428571428571,4.501428571428571,4.311613864403007,4.330819251160149
2018-03-21 00:00:00,2.9285714285714284,2.9285714285714284,3.118386135596993,3.0991807488398506,4.4714285714285715,4.4714285714285715,4.281613864403008,4.300819251160149
2018-03-22 00:00:00,2.9285714285714284,2.9285714285714284,3.118386135596993,3.0991807488398506,4.441428571428572,4.441428571428572,4.251613864403007,4.27081925116015
2018-03-23 00:00:00,2.9285714285714284,2.9285714285714284,3.118386135596993,3.0991807488398506,4.431428571428572,4.431428571428572,4.241613864403007,4.26081925116015
2018-03-26 00:00:00,2.9285714285714284,2.9285714285714284,3.118386135596993,3.0991807488398506,4.361428571428572,4.361428571428572,4.171613864403007,4.19081925116015
2018-03-27 00:00:00,2.9285714285714284,2.9285714285714284,3.118386135596993,3.0991807488398506,4.321428571428571,4.321428571428571,4.131613864403008,4.150819251160149
2018-03-28 00:00:00,2.9285714285714284,2.9285714285714284,3.118386135596993,3.0991807488398506,4.251428571428571,4.251428571428571,4.061613864403007,4.080819251160149
2018-04-02 00:00:00,2.9285714285714284,2.9285714285714284,3.118386135596993,3.0991807488398506,4.321428571428571,4.321428571428571,4.131613864403008,4.150819251160149
2018-04-03 00:00:00,2.9285714285714284,2.9285714285714284,3.118386135596993,3.0991807488398506,4.271428571428572,4.271428571428572,4.081613864403007,4.10081925116015
2018-04-04 00:00:00,2.9285714285714284,2.9285714285714284,3.118386135596993,3.0991807488398506,4.211428571428572,4.211428571428572,4.021613864403006,4.0408192511601495
2018-04-05 00:00:00,2.9285714285714284,2.9285714285714284,3.118386135596993,3.0991807488398506,4.2214285714285715,4.2214285714285715,4.031613864403008,4.050819251160149
2018-04-06 00:00:00,2.9285714285714284,2.9285714285714284,3.118386135596993,3.0991807488398506,4.231428571428571,4.231428571428571,4.041613864403008,4.060819251160149
2018-04-09 00:00:00,2.9285714285714284,2.9285714285714284,3.118386135596993,3.0991807488398506,4.201428571428572,4.201428571428572,4.011613864403007,4.03081925116015
2018-04-10 00:00:00,2.9285714285714284,2.9285714285714284,3.118386135596993,3.0991807488398506,4.231428571428571,4.231428571428571,4.041613864403008,4.060819251160149
2018-04-11 00:00:00,2.9285714285714284,2.9285714285714284,3.118386135596993,3.0991807488398506,4.251428571428571,4.251428571428571,4.061613864403007,4.080819251160149
2018-04-12 00:00:00,2.9285714285714284,2.9285714285714284,3.118386135596993,3.0991807488398506,4.241428571428571,4.241428571428571,4.0516138644030075,4.070819251160149
2018-04-13 00:00:00,2.9285714285714284,2.9285714285714284,3.118386135596993,3.0991807488398506,4.2614285714285725,4.2614285714285725,4.071613864403007,4.09081925116015
2018-04-16 00:00:00,2.9285714285714284,2.9285714285714284,3.118386135596993,3.0991807488398506,4.281428571428572,4.281428571428572,4.091613864403007,4.11081925116015
2018-04-17 00:00:00,2.9285714285714284,2.9285714285714284,3.118386135596993,3.0991807488398506,4.281428571428572,4.281428571428572,4.091613864403007,4.11081925116015
2018-04-18 00:00:00,2.9285714285714284,2.9285714285714284,3.118386135596993,3.0991807488398506,4.281428571428572,4.281428571428572,4.091613864403007,4.11081925116015
2018-04-19 00:00:00,2.9285714285714284,2.9285714285714284,3.118386135596993,3.0991807488398506,4.341428571428571,4.341428571428571,4.151613864403007,4.1708192511601485
2018-04-20 00:00:00,2.9285714285714284,2.9285714285714284,3.118386135596993,3.0991807488398506,4.371428571428572,4.371428571428572,4.1816138644030065,4.20081925116015
2018-04-23 00:00:00,2.9285714285714284,2.9285714285714284,3.118386135596993,3.0991807488398506,4.451428571428572,4.451428571428572,4.261613864403007,4.28081925116015
2018-04-24 00:00:00,2.9285714285714284,2.9285714285714284,3.118386135596993,3.0991807488398506,4.481428571428571,4.481428571428571,4.291613864403008,4.310819251160149
2018-04-25 00:00:00,2.9285714285714284,2.9285714285714284,3.118386135596993,3.0991807488398506,4.441428571428572,4.441428571428572,4.251613864403007,4.27081925116015
2018-04-26 00:00:00,2.9285714285714284,2.9285714285714284,3.118386135596993,3.0991807488398506,4.431428571428572,4.431428571428572,4.241613864403007,4.26081925116015
2018-04-27 00:00:00,2.9285714285714284,2.9285714285714284,3.118386135596993,3.0991807488398506,4.381428571428572,4.381428571428572,4.191613864403006,4.210819251160149
2018-04-30 00:00:00,2.9285714285714284,2.9285714285714284,3.118386135596993,3.0991807488398506,4.411428571428571,4.411428571428571,4.2216138644030075,4.240819251160149
2018-05-02 00:00:00,2.9285714285714284,2.9285714285714284,3.118386135596993,3.0991807488398506,4.441428571428572,4.441428571428572,4.251613864403007,4.27081925116015
2018-05-03 00:00:00,2.9285714285714284,2.9285714285714284,3.118386135596993,3.0991807488398506,4.451428571428572,4.451428571428572,4.261613864403007,4.28081925116015
2018-05-04 00:00:00,2.9285714285714284,2.9285714285714284,3.118386135596993,3.0991807488398506,4.5114285714285725,4.5114285714285725,4.321613864403007,4.34081925116015
2018-05-07 00:00:00,2.9285714285714284,2.9285714285714284,3.118386135596993,3.0991807488398506,4.601428571428572,4.601428571428572,4.411613864403007,4.43081925116015
2018-05-08 00:00:00,2.9285714285714284,2.9285714285714284,3.118386135596993,3.0991807488398506,4.661428571428571,4.661428571428571,4.4716138644030075,4.490819251160149
2018-05-09 00:00:00,2.9285714285714284,2.9285714285714284,3.118386135596993,3.0991807488398506,4.691428571428572,4.691428571428572,4.501613864403007,4.52081925116015
2018-05-10 00:00:00,2.9285714285714284,2.9285714285714284,3.118386135596993,3.0991807488398506,4.561428571428571,4.561428571428571,4.371613864403008,4.390819251160149
2018-05-11 00:00:00,2.9285714285714284,2.9285714285714284,3.118386135596993,3.0991807488398506,4.601428571428572,4.601428571428572,4.411613864403007,4.43081925116015
2018-05-14 00:00:00,2.9285714285714284,2.9285714285714284,3.118386135596993,3.0991807488398506,4.681428571428572,4.681428571428572,4.491613864403007,4.51081925116015
2018-05-15 00:00:00,2.9285714285714284,2.9285714285714284,3.118386135596993,3.0991807488398506,4.781428571428572,4.781428571428572,4.591613864403007,4.61081925116015
2018-05-16 00:00:00,2.9285714285714284,2.9285714285714284,3.118386135596993,3.0991807488398506,4.771428571428572,4.771428571428572,4.581613864403007,4.60081925116015
2018-05-17 00:00:00,2.9285714285714284,2.9285714285714284,3.118386135596993,3.0991807488398506,4.7614285714285725,4.7614285714285725,4.571613864403007,4.59081925116015
2018-05-18 00:00:00,2.9285714285714284,2.9285714285714284,3.118386135596993,3.0991807488398506,4.781428571428572,4.781428571428572,4.591613864403007,4.61081925116015
2018-05-21 00:00:00,2.9285714285714284,2.9285714285714284,3.118386135596993,3.0991807488398506,4.741428571428571,4.741428571428571,4.5516138644030075,4.570819251160149
2018-05-22 00:00:00,2.9285714285714284,2.9285714285714284,3.118386135596993,3.0991807488398506,4.731428571428571,4.731428571428571,4.541613864403008,4.560819251160149
2018-05-23 00:00:00,2.9285714285714284,2.9285714285714284,3.118386135596993,3.0991807488398506,4.681428571428572,4.681428571428572,4.491613864403007,4.51081925116015
2018-05-24 00:00:00,2.9285714285714284,2.9285714285714284,3.118386135596993,3.0991807488398506,4.681428571428572,4.681428571428572,4.491613864403007,4.51081925116015
2018-05-25 00:00:00,2.9285714285714284,2.9285714285714284,3.118386135596993,3.0991807488398506,4.677428571428571,4.677428571428571,4.4876138644030075,4.506819251160149
2018-05-28 00:00:00,2.9285714285714284,2.9285714285714284,3.118386135596993,3.0991807488398506,4.671428571428571,4.671428571428571,4.481613864403007,4.500819251160149
2018-05-29 00:00:00,2.9285714285714284,2.9285714285714284,3.118386135596993,3.0991807488398506,4.681428571428572,4.681428571428572,4.491613864403007,4.51081925116015
2018-05-30 00:00:00,2.9285714285714284,2.9285714285714284,3.118386135596993,3.0991807488398506,4.7614285714285725,4.7614285714285725,4.571613864403007,4.59081925116015
2018-05-31 00:00:00,2.9285714285714284,2.9285714285714284,3.118386135596993,3.0991807488398506,4.831428571428571,4.831428571428571,4.641613864403007,4.660819251160149
2018-06-01 00:00:00,2.9285714285714284,2.9285714285714284,3.118386135596993,3.0991807488398506,4.871428571428572,4.871428571428572,4.6816138644030065,4.70081925116015
2018-06-04 00:00:00,2.9285714285714284,2.9285714285714284,3.118386135596993,3.0991807488398506,4.8914285714285715,4.8914285714285715,4.701613864403008,4.720819251160149
2018-06-05 00:00:00,2.9285714285714284,2.9285714285714284,3.118386135596993,3.0991807488398506,4.881428571428572,4.881428571428572,4.691613864403006,4.710819251160149
2018-06-06 00:00:00,2.9285714285714284,2.9285714285714284,3.118386135596993,3.0991807488398506,4.841428571428571,4.841428571428571,4.651613864403007,4.6708192511601485
2018-06-07 00:00:00,2.9285714285714284,2.9285714285714284,3.118386135596993,3.0991807488398506,4.901428571428571,4.901428571428571,4.711613864403008,4.730819251160149
2018-06-08 00:00:00,2.9285714285714284,2.9285714285714284,3.118386135596993,3.0991807488398506,4.881428571428572,4.881428571428572,4.691613864403006,4.710819251160149
2018-06-11 00:00:00,2.9285714285714284,2.9285714285714284,3.118386135596993,3.0991807488398506,4.921428571428571,4.921428571428571,4.731613864403007,4.750819251160149
2018-06-12 00:00:00,2.9285714285714284,2.9285714285714284,3.118386135596993,3.0991807488398506,4.9714285714285715,4.9714285714285715,4.781613864403008,4.800819251160149
2018-06-13 00:00:00,2.9285714285714284,2.9285714285714284,3.118386135596993,3.0991807488398506,4.9714285714285715,4.9714285714285715,4.781613864403008,4.800819251160149
2018-06-14 00:00:00,2.9285714285714284,2.9285714285714284,3.118386135596993,3.0991807488398506,5.061428571428571,5.061428571428571,4.871613864403008,4.890819251160149
2018-06-15 00:00:00,2.9285714285714284,2.9285714285714284,3.118386135596993,3.0991807488398506,5.131428571428572,5.131428571428572,4.941613864403008,4.960819251160149
2018-06-18 00:00:00,2.9285714285714284,2.9285714285714284,3.118386135596993,3.0991807488398506,5.121428571428572,5.121428571428572,4.931613864403008,4.95081925116015
2018-06-19 00:00:00,2.9285714285714284,2.9285714285714284,3.118386135596993,3.0991807488398506,5.041428571428572,5.041428571428572,4.8516138644030065,4.87081925116015
2018-06-20 00:00:00,2.9285714285714284,2.9285714285714284,3.118386135596993,3.0991807488398506,4.901428571428571,4.901428571428571,4.711613864403008,4.730819251160149
2018-06-21 00:00:00,2.9285714285714284,2.9285714285714284,3.118386135596993,3.0991807488398506,4.8914285714285715,4.8914285714285715,4.701613864403008,4.720819251160149
2018-06-22 00:00:00,2.9285714285714284,2.9285714285714284,3.118386135596993,3.0991807488398506,4.801428571428572,4.801428571428572,4.611613864403008,4.630819251160149
2018-06-25 00:00:00,2.9285714285714284,2.9285714285714284,3.118386135596993,3.0991807488398506,4.831428571428571,4.831428571428571,4.641613864403007,4.660819251160149
2018-06-26 00:00:00,2.9285714285714284,2.9285714285714284,3.118386135596993,3.0991807488398506,4.781428571428572,4.781428571428572,4.591613864403007,4.61081925116015
2018-06-27 00:00:00,2.9285714285714284,2.9285714285714284,3.118386135596993,3.0991807488398506,4.801428571428572,4.801428571428572,4.611613864403008,4.630819251160149
2018-06-28 00:00:00,2.9285714285714284,2.9285714285714284,3.118386135596993,3.0991807488398506,4.745428571428572,4.745428571428572,4.555613864403007,4.57481925116015
2018-06-29 00:00:00,2.9285714285714284,2.9285714285714284,3.118386135596993,3.0991807488398506,4.731428571428571,4.731428571428571,4.541613864403008,4.560819251160149
2018-07-02 00:00:00,2.9285714285714284,2.9285714285714284,3.118386135596993,3.0991807488398506,4.781428571428572,4.781428571428572,4.591613864403007,4.61081925116015
2018-07-03 00:00:00,2.9285714285714284,2.9285714285714284,3.118386135596993,3.0991807488398506,4.661428571428571,4.661428571428571,4.4716138644030075,4.490819251160149
2018-07-04 00:00:00,2.9285714285714284,2.9285714285714284,3.118386135596993,3.0991807488398506,4.701428571428572,4.701428571428572,4.511613864403007,4.53081925116015
2018-07-05 00:00:00,2.9285714285714284,2.9285714285714284,3.118386135596993,3.0991807488398506,4.661428571428571,4.661428571428571,4.4716138644030075,4.490819251160149
2018-07-06 00:00:00,2.9285714285714284,2.9285714285714284,3.118386135596993,3.0991807488398506,4.711428571428572,4.711428571428572,4.521613864403006,4.5408192511601495
2018-07-09 00:00:00,2.9285714285714284,2.9285714285714284,3.118386135596993,3.0991807488398506,4.741428571428571,4.741428571428571,4.5516138644030075,4.570819251160149
2018-07-10 00:00:00,2.9285714285714284,2.9285714285714284,3.118386135596993,3.0991807488398506,4.7214285714285715,4.7214285714285715,4.531613864403008,4.550819251160149
2018-07-11 00:00:00,2.9285714285714284,2.9285714285714284,3.118386135596993,3.0991807488398506,4.7214285714285715,4.7214285714285715,4.531613864403008,4.550819251160149
2018-07-12 00:00:00,2.9285714285714284,2.9285714285714284,3.118386135596993,3.0991807488398506,4.7214285714285715,4.7214285714285715,4.531613864403008,4.550819251160149
2018-07-13 00:00:00,2.9285714285714284,2.9285714285714284,3.118386135596993,3.0991807488398506,4.771428571428572,4.771428571428572,4.581613864403007,4.60081925116015
2018-07-16 00:00:00,2.9285714285714284,2.9285714285714284,3.118386135596993,3.0991807488398506,4.731428571428571,4.731428571428571,4.541613864403008,4.560819251160149
2018-07-17 00:00:00,2.9285714285714284,2.9285714285714284,3.118386135596993,3.0991807488398506,4.701428571428572,4.701428571428572,4.511613864403007,4.53081925116015
2018-07-18 00:00:00,2.9285714285714284,2.9285714285714284,3.118386135596993,3.0991807488398506,4.661428571428571,4.661428571428571,4.4716138644030075,4.490819251160149
2018-07-19 00:00:00,2.9285714285714284,2.9285714285714284,3.118386135596993,3.0991807488398506,4.711428571428572,4.711428571428572,4.521613864403006,4.5408192511601495
2018-07-20 00:00:00,2.9285714285714284,2.9285714285714284,3.118386135596993,3.0991807488398506,4.681428571428572,4.681428571428572,4.491613864403007,4.51081925116015
2018-07-23 00:00:00,2.9285714285714284,2.9285714285714284,3.118386135596993,3.0991807488398506,4.691428571428572,4.691428571428572,4.501613864403007,4.52081925116015
2018-07-24 00:00:00,2.9285714285714284,2.9285714285714284,3.118386135596993,3.0991807488398506,4.781428571428572,4.781428571428572,4.591613864403007,4.61081925116015
2018-07-25 00:00:00,2.9285714285714284,2.9285714285714284,3.118386135596993,3.0991807488398506,4.7614285714285725,4.7614285714285725,4.571613864403007,4.59081925116015
2018-07-26 00:00:00,2.571428571428571,2.571428571428571,2.763157943409828,2.7652901576768967,5.098571428571429,5.098571428571429,4.906842056590172,4.904709842323103
2018-07-27 00:00:00,2.571428571428571,2.571428571428571,2.763157943409828,2.7652901576768967,5.138571428571429,5.138571428571429,4.946842056590172,4.944709842323103
2018-07-30 00:00:00,2.571428571428571,2.571428571428571,2.763157943409828,2.7652901576768967,5.098571428571429,5.098571428571429,4.906842056590172,4.904709842323103
2018-07-31 00:00:00,2.571428571428571,2.571428571428571,2.763157943409828,2.7652901576768967,5.140571428571429,5.140571428571429,4.948842056590172,4.946709842323103
2018-08-01 00:00:00,2.571428571428571,2.571428571428571,2.763157943409828,2.7652901576768967,5.150571428571429,5.150571428571429,4.958842056590172,4.956709842323104
2018-08-02 00:00:00,2.571428571428571,2.571428571428571,2.763157943409828,2.7652901576768967,5.098571428571429,5.098571428571429,4.906842056590172,4.904709842323103
2018-08-03 00:00:00,2.571428571428571,2.571428571428571,2.763157943409828,2.7652901576768967,5.058571428571429,5.058571428571429,4.866842056590172,4.864709842323103
2018-08-06 00:00:00,2.571428571428571,2.571428571428571,2.763157943409828,2.7652901576768967,5.048571428571429,5.048571428571429,4.856842056590172,4.854709842323103
2018-08-07 00:00:00,2.571428571428571,2.571428571428571,2.763157943409828,2.7652901576768967,5.008571428571429,5.008571428571429,4.816842056590172,4.814709842323103
2018-08-08 00:00:00,2.571428571428571,2.571428571428571,2.763157943409828,2.7652901576768967,4.988571428571428,4.988571428571428,4.7968420565901715,4.794709842323103
2018-08-09 00:00:00,2.571428571428571,2.571428571428571,2.763157943409828,2.7652901576768967,5.0285714285714285,5.0285714285714285,4.8368420565901715,4.834709842323103
2018-08-10 00:00:00,2.571428571428571,2.571428571428571,2.763157943409828,2.7652901576768967,5.088571428571429,5.088571428571429,4.896842056590172,4.8947098423231035
2018-08-13 00:00:00,2.571428571428571,2.571428571428571,2.763157943409828,2.7652901576768967,5.138571428571429,5.138571428571429,4.946842056590172,4.944709842323103
2018-08-14 00:00:00,2.571428571428571,2.571428571428571,2.763157943409828,2.7652901576768967,5.148571428571429,5.148571428571429,4.956842056590172,4.954709842323103
2018-08-15 00:00:00,2.571428571428571,2.571428571428571,2.763157943409828,2.7652901576768967,5.266571428571429,5.266571428571429,5.074842056590172,5.072709842323103
2018-08-16 00:00:00,2.571428571428571,2.571428571428571,2.763157943409828,2.7652901576768967,5.258571428571429,5.258571428571429,5.066842056590172,5.064709842323103
2018-08-17 00:00:00,2.571428571428571,2.571428571428571,2.763157943409828,2.7652901576768967,5.218571428571429,5.218571428571429,5.026842056590172,5.024709842323103
2018-08-20 00:00:00,2.571428571428571,2.571428571428571,2.763157943409828,2.7652901576768967,5.238571428571428,5.238571428571428,5.0468420565901715,5.044709842323103
2018-08-21 00:00:00,2.571428571428571,2.571428571428571,2.763157943409828,2.7652901576768967,5.188571428571429,5.188571428571429,4.996842056590172,4.994709842323103
2018-08-22 00:00:00,2.571428571428571,2.571428571428571,2.763157943409828,2.7652901576768967,5.176571428571429,5.176571428571429,4.984842056590172,4.9827098423231035
2018-08-23 00:00:00,2.571428571428571,2.571428571428571,2.763157943409828,2.7652901576768967,5.168571428571429,5.168571428571429,4.976842056590172,4.9747098423231035
2018-08-24 00:00:00,2.571428571428571,2.571428571428571,2.763157943409828,2.7652901576768967,5.128571428571429,5.128571428571429,4.936842056590172,4.9347098423231035
2018-08-27 00:00:00,2.571428571428571,2.571428571428571,2.763157943409828,2.7652901576768967,5.098571428571429,5.098571428571429,4.906842056590172,4.904709842323103
2018-08-28 00:00:00,2.571428571428571,2.571428571428571,2.763157943409828,2.7652901576768967,5.198571428571428,5.198571428571428,5.0068420565901715,5.004709842323103
2018-08-29 00:00:00,2.571428571428571,2.571428571428571,2.763157943409828,2.7652901576768967,5.218571428571429,5.218571428571429,5.026842056590172,5.024709842323103
2018-08-30 00:00:00,2.571428571428571,2.571428571428571,2.763157943409828,2.7652901576768967,5.276571428571429,5.276571428571429,5.084842056590172,5.082709842323103
2018-08-31 00:00:00,2.571428571428571,2.571428571428571,2.763157943409828,2.7652901576768967,5.264571428571429,5.264571428571429,5.072842056590172,5.070709842323104
2018-09-03 00:00:00,2.571428571428571,2.571428571428571,2.763157943409828,2.7652901576768967,5.288571428571429,5.288571428571429,5.096842056590172,5.094709842323104
2018-09-04 00:00:00,2.571428571428571,2.571428571428571,2.763157943409828,2.7652901576768967,5.368571428571429,5.368571428571429,5.176842056590172,5.174709842323104
2018-09-05 00:00:00,2.571428571428571,2.571428571428571,2.763157943409828,2.7652901576768967,5.402571428571429,5.402571428571429,5.210842056590172,5.2087098423231035
2018-09-06 00:00:00,2.571428571428571,2.571428571428571,2.763157943409828,2.7652901576768967,5.338571428571429,5.338571428571429,5.146842056590172,5.1447098423231035
2018-09-07 00:00:00,2.571428571428571,2.571428571428571,2.763157943409828,2.7652901576768967,5.398571428571429,5.398571428571429,5.206842056590172,5.204709842323103
2018-09-10 00:00:00,2.571428571428571,2.571428571428571,2.763157943409828,2.7652901576768967,5.418571428571429,5.418571428571429,5.226842056590172,5.2247098423231035
2018-09-11 00:00:00,2.571428571428571,2.571428571428571,2.763157943409828,2.7652901576768967,5.438571428571429,5.438571428571429,5.246842056590172,5.244709842323103
2018-09-12 00:00:00,2.571428571428571,2.571428571428571,2.763157943409828,2.7652901576768967,5.398571428571429,5.398571428571429,5.206842056590172,5.204709842323103
2018-09-13 00:00:00,2.571428571428571,2.571428571428571,2.763157943409828,2.7652901576768967,5.3185714285714285,5.3185714285714285,5.126842056590172,5.124709842323103
2018-09-14 00:00:00,2.571428571428571,2.571428571428571,2.763157943409828,2.7652901576768967,5.338571428571429,5.338571428571429,5.146842056590172,5.1447098423231035
2018-09-17 00:00:00,2.571428571428571,2.571428571428571,2.763157943409828,2.7652901576768967,5.3585714285714285,5.3585714285714285,5.166842056590172,5.164709842323103
2018-09-18 00:00:00,2.571428571428571,2.571428571428571,2.763157943409828,2.7652901576768967,5.368571428571429,5.368571428571429,5.176842056590172,5.174709842323104
2018-09-19 00:00:00,2.571428571428571,2.571428571428571,2.763157943409828,2.7652901576768967,5.368571428571429,5.368571428571429,5.176842056590172,5.174709842323104
2018-09-20 00:00:00,2.571428571428571,2.571428571428571,2.763157943409828,2.7652901576768967,5.3585714285714285,5.3585714285714285,5.166842056590172,5.164709842323103
2018-09-21 00:00:00,2.571428571428571,2.571428571428571,2.763157943409828,2.7652901576768967,5.3585714285714285,5.3585714285714285,5.166842056590172,5.164709842323103
2018-09-24 00:00:00,2.571428571428571,2.571428571428571,2.763157943409828,2.7652901576768967,5.308571428571429,5.308571428571429,5.116842056590172,5.114709842323103
2018-09-25 00:00:00,2.571428571428571,2.571428571428571,2.763157943409828,2.7652901576768967,5.328571428571429,5.328571428571429,5.136842056590172,5.134709842323104
2018-09-26 00:00:00,2.571428571428571,2.571428571428571,2.763157943409828,2.7652901576768967,5.258571428571429,5.258571428571429,5.066842056590172,5.064709842323103
2018-09-27 00:00:00,2.571428571428571,2.571428571428571,2.763157943409828,2.7652901576768967,5.158571428571429,5.158571428571429,4.966842056590172,4.964709842323104
2018-09-28 00:00:00,2.571428571428571,2.571428571428571,2.763157943409828,2.7652901576768967,5.176571428571429,5.176571428571429,4.984842056590172,4.9827098423231035
2018-10-01 00:00:00,2.571428571428571,2.571428571428571,2.763157943409828,2.7652901576768967,5.172571428571429,5.172571428571429,4.980842056590172,4.978709842323103
2018-10-02 00:00:00,2.571428571428571,2.571428571428571,2.763157943409828,2.7652901576768967,5.206571428571428,5.206571428571428,5.0148420565901715,5.012709842323103
2018-10-03 00:00:00,2.571428571428571,2.571428571428571,2.763157943409828,2.7652901576768967,5.208571428571429,5.208571428571429,5.016842056590172,5.014709842323104
2018-10-04 00:00:00,2.571428571428571,2.571428571428571,2.763157943409828,2.7652901576768967,5.288571428571429,5.288571428571429,5.096842056590172,5.094709842323104
2018-10-05 00:00:00,2.571428571428571,2.571428571428571,2.763157943409828,2.7652901576768967,5.328571428571429,5.328571428571429,5.136842056590172,5.134709842323104
2018-10-08 00:00:00,2.571428571428571,2.571428571428571,2.763157943409828,2.7652901576768967,5.408571428571429,5.408571428571429,5.216842056590172,5.214709842323104
2018-10-09 00:00:00,2.571428571428571,2.571428571428571,2.763157943409828,2.7652901576768967,5.398571428571429,5.398571428571429,5.206842056590172,5.204709842323103
2018-10-10 00:00:00,2.571428571428571,2.571428571428571,2.763157943409828,2.7652901576768967,5.438571428571429,5.438571428571429,5.246842056590172,5.244709842323103
2018-10-11 00:00:00,2.571428571428571,2.571428571428571,2.763157943409828,2.7652901576768967,5.418571428571429,5.418571428571429,5.226842056590172,5.2247098423231035
2018-10-12 00:00:00,2.571428571428571,2.571428571428571,2.763157943409828,2.7652901576768967,5.3585714285714285,5.3585714285714285,5.166842056590172,5.164709842323103
2018-10-15 00:00:00,2.571428571428571,2.571428571428571,2.763157943409828,2.7652901576768967,5.368571428571429,5.368571428571429,5.176842056590172,5.174709842323104
2018-10-16 00:00:00,2.571428571428571,2.571428571428571,2.763157943409828,2.7652901576768967,5.3585714285714285,5.3585714285714285,5.166842056590172,5.164709842323103
2018-10-17 00:00:00,2.571428571428571,2.571428571428571,2.763157943409828,2.7652901576768967,5.398571428571429,5.398571428571429,5.206842056590172,5.204709842323103
2018-10-18 00:00:00,2.571428571428571,2.571428571428571,2.763157943409828,2.7652901576768967,5.438571428571429,5.438571428571429,5.246842056590172,5.244709842323103
2018-10-19 00:00:00,2.571428571428571,2.571428571428571,2.763157943409828,2.7652901576768967,5.4785714285714295,5.4785714285714295,5.286842056590173,5.284709842323104
2018-10-22 00:00:00,2.571428571428571,2.571428571428571,2.763157943409828,2.7652901576768967,5.63857142857143,5.63857142857143,5.446842056590173,5.444709842323104
2018-10-23 00:00:00,2.571428571428571,2.571428571428571,2.763157943409828,2.7652901576768967,5.598571428571429,5.598571428571429,5.406842056590172,5.404709842323103
2018-10-24 00:00:00,2.571428571428571,2.571428571428571,2.763157943409828,2.7652901576768967,5.63857142857143,5.63857142857143,5.446842056590173,5.444709842323104
2018-10-25 00:00:00,2.571428571428571,2.571428571428571,2.763157943409828,2.7652901576768967,5.628571428571428,5.628571428571428,5.436842056590171,5.434709842323103
2018-10-26 00:00:00,2.571428571428571,2.571428571428571,2.763157943409828,2.7652901576768967,5.6085714285714285,5.6085714285714285,5.416842056590172,5.414709842323103
2018-10-29 00:00:00,2.571428571428571,2.571428571428571,2.763157943409828,2.7652901576768967,5.968571428571428,5.968571428571428,5.776842056590171,5.7747098423231025
2018-10-30 00:00:00,2.571428571428571,2.571428571428571,2.763157943409828,2.7652901576768967,5.988571428571429,5.988571428571429,5.796842056590172,5.794709842323104
2018-10-31 00:00:00,2.571428571428571,2.571428571428571,2.763157943409828,2.7652901576768967,6.178571428571429,6.178571428571429,5.986842056590172,5.984709842323103
2018-11-01 00:00:00,2.571428571428571,2.571428571428571,2.763157943409828,2.7652901576768967,6.038571428571428,6.038571428571428,5.846842056590171,5.844709842323103
2018-11-05 00:00:00,2.571428571428571,2.571428571428571,2.763157943409828,2.7652901576768967,5.878571428571428,5.878571428571428,5.686842056590171,5.684709842323103
2018-11-06 00:00:00,2.571428571428571,2.571428571428571,2.763157943409828,2.7652901576768967,5.88857142857143,5.88857142857143,5.696842056590173,5.694709842323104
2018-11-07 00:00:00,2.571428571428571,2.571428571428571,2.763157943409828,2.7652901576768967,5.928571428571429,5.928571428571429,5.736842056590172,5.734709842323103
2018-11-08 00:00:00,2.571428571428571,2.571428571428571,2.763157943409828,2.7652901576768967,6.038571428571428,6.038571428571428,5.846842056590171,5.844709842323103
2018-11-09 00:00:00,2.571428571428571,2.571428571428571,2.763157943409828,2.7652901576768967,6.098571428571429,6.098571428571429,5.906842056590172,5.904709842323103
2018-11-12 00:00:00,2.571428571428571,2.571428571428571,2.763157943409828,2.7652901576768967,6.1085714285714285,6.1085714285714285,5.916842056590172,5.914709842323103
2018-11-13 00:00:00,2.571428571428571,2.571428571428571,2.763157943409828,2.7652901576768967,6.188571428571429,6.188571428571429,5.996842056590172,5.994709842323103
2018-11-14 00:00:00,2.571428571428571,2.571428571428571,2.763157943409828,2.7652901576768967,6.218571428571428,6.218571428571428,6.026842056590171,6.0247098423231025
2018-11-15 00:00:00,2.571428571428571,2.571428571428571,2.763157943409828,2.7652901576768967,6.178571428571429,6.178571428571429,5.986842056590172,5.984709842323103
2018-11-16 00:00:00,2.571428571428571,2.571428571428571,2.763157943409828,2.7652901576768967,6.2285714285714295,6.2285714285714295,6.036842056590173,6.034709842323104
2018-11-20 00:00:00,2.571428571428571,2.571428571428571,2.763157943409828,2.7652901576768967,6.248571428571429,6.248571428571429,6.056842056590172,6.054709842323104
2018-11-21 00:00:00,2.571428571428571,2.571428571428571,2.763157943409828,2.7652901576768967,6.258571428571429,6.258571428571429,6.066842056590172,6.064709842323103
2018-11-22 00:00:00,2.571428571428571,2.571428571428571,2.763157943409828,2.7652901576768967,6.218571428571428,6.218571428571428,6.026842056590171,6.0247098423231025
2018-11-23 00:00:00,2.571428571428571,2.571428571428571,2.763157943409828,2.7652901576768967,6.328571428571429,6.328571428571429,6.136842056590172,6.134709842323104
2018-11-26 00:00:00,2.571428571428571,2.571428571428571,2.763157943409828,2.7652901576768967,6.38857142857143,6.38857142857143,6.196842056590173,6.194709842323104
2018-11-27 00:00:00,2.571428571428571,2.571428571428571,2.763157943409828,2.7652901576768967,6.438571428571429,6.438571428571429,6.246842056590172,6.244709842323103
2018-11-28 00:00:00,2.571428571428571,2.571428571428571,2.763157943409828,2.7652901576768967,6.3985714285714295,6.3985714285714295,6.2068420565901725,6.204709842323104
2018-11-29 00:00:00,2.571428571428571,2.571428571428571,2.763157943409828,2.7652901576768967,6.2785714285714285,6.2785714285714285,6.0868420565901715,6.084709842323103
2018-11-30 00:00:00,2.571428571428571,2.571428571428571,2.763157943409828,2.7652901576768967,6.418571428571429,6.418571428571429,6.226842056590172,6.2247098423231035
2018-12-03 00:00:00,2.571428571428571,2.571428571428571,2.763157943409828,2.7652901576768967,6.30857142857143,6.30857142857143,6.116842056590173,6.114709842323104
2018-12-04 00:00:00,2.571428571428571,2.571428571428571,2.763157943409828,2.7652901576768967,6.378571428571428,6.378571428571428,6.186842056590171,6.184709842323103
2018-12-05 00:00:00,2.571428571428571,2.571428571428571,2.763157943409828,2.7652901576768967,6.368571428571428,6.368571428571428,6.176842056590171,6.174709842323103
2018-12-06 00:00:00,2.571428571428571,2.571428571428571,2.763157943409828,2.7652901576768967,6.38857142857143,6.38857142857143,6.196842056590173,6.194709842323104
2018-12-07 00:00:00,2.571428571428571,2.571428571428571,2.763157943409828,2.7652901576768967,6.338571428571429,6.338571428571429,6.146842056590172,6.1447098423231035
2018-12-10 00:00:00,2.571428571428571,2.571428571428571,2.763157943409828,2.7652901576768967,6.38857142857143,6.38857142857143,6.196842056590173,6.194709842323104
2018-12-11 00:00:00,2.571428571428571,2.571428571428571,2.763157943409828,2.7652901576768967,6.338571428571429,6.338571428571429,6.146842056590172,6.1447098423231035
2018-12-13 00:00:00,2.571428571428571,2.571428571428571,2.763157943409828,2.7652901576768967,6.248571428571429,6.248571428571429,6.056842056590172,6.054709842323104
2018-12-14 00:00:00,2.571428571428571,2.571428571428571,2.763157943409828,2.7652901576768967,6.258571428571429,6.258571428571429,6.066842056590172,6.064709842323103
2018-12-17 00:00:00,2.571428571428571,2.571428571428571,2.763157943409828,2.7652901576768967,6.178571428571429,6.178571428571429,5.986842056590172,5.984709842323103
2018-12-18 00:00:00,2.571428571428571,2.571428571428571,2.763157943409828,2.7652901576768967,6.05857142857143,6.05857142857143,5.866842056590173,5.864709842323104
2018-12-19 00:00:00,2.571428571428571,2.571428571428571,2.763157943409828,2.7652901576768967,6.008571428571429,6.008571428571429,5.816842056590172,5.814709842323103
2018-12-20 00:00:00,2.571428571428571,2.571428571428571,2.763157943409828,2.7652901576768967,5.988571428571429,5.988571428571429,5.796842056590172,5.794709842323104
2018-12-21 00:00:00,2.571428571428571,2.571428571428571,2.763157943409828,2.7652901576768967,6.188571428571429,6.188571428571429,5.996842056590172,5.994709842323103
2018-12-24 00:00:00,2.571428571428571,2.571428571428571,2.763157943409828,2.7652901576768967,6.208571428571428,6.208571428571428,6.016842056590171,6.014709842323103
2018-12-26 00:00:00,2.571428571428571,2.571428571428571,2.763157943409828,2.7652901576768967,6.158571428571429,6.158571428571429,5.966842056590172,5.964709842323104
2018-12-27 00:00:00,2.571428571428571,2.571428571428571,2.763157943409828,2.7652901576768967,6.188571428571429,6.188571428571429,5.996842056590172,5.994709842323103
2018-12-28 00:00:00,2.571428571428571,2.571428571428571,2.763157943409828,2.7652901576768967,6.068571428571429,6.068571428571429,5.8768420565901724,5.874709842323104
2018-12-31 00:00:00,2.571428571428571,2.571428571428571,2.763157943409828,2.7652901576768967,5.938571428571429,5.938571428571429,5.746842056590172,5.744709842323103
2019-01-02 00:00:00,2.571428571428571,2.571428571428571,2.763157943409828,2.7652901576768967,5.938571428571429,5.938571428571429,5.746842056590172,5.744709842323103
2019-01-03 00:00:00,2.571428571428571,2.571428571428571,2.763157943409828,2.7652901576768967,5.88857142857143,5.88857142857143,5.696842056590173,5.694709842323104
2019-01-04 00:00:00,2.571428571428571,2.571428571428571,2.763157943409828,2.7652901576768967,5.768571428571429,5.768571428571429,5.576842056590172,5.574709842323103
2019-01-07 00:00:00,2.571428571428571,2.571428571428571,2.763157943409828,2.7652901576768967,5.88857142857143,5.88857142857143,5.696842056590173,5.694709842323104
2019-01-08 00:00:00,2.571428571428571,2.571428571428571,2.763157943409828,2.7652901576768967,5.928571428571429,5.928571428571429,5.736842056590172,5.734709842323103
2019-01-09 00:00:00,2.571428571428571,2.571428571428571,2.763157943409828,2.7652901576768967,5.938571428571429,5.938571428571429,5.746842056590172,5.744709842323103
2019-01-10 00:00:00,2.571428571428571,2.571428571428571,2.763157943409828,2.7652901576768967,5.918571428571429,5.918571428571429,5.726842056590172,5.7247098423231035
2019-01-11 00:00:00,2.571428571428571,2.571428571428571,2.763157943409828,2.7652901576768967,5.878571428571428,5.878571428571428,5.686842056590171,5.684709842323103
2019-01-14 00:00:00,2.571428571428571,2.571428571428571,2.763157943409828,2.7652901576768967,5.838571428571429,5.838571428571429,5.646842056590172,5.6447098423231035
2019-01-15 00:00:00,2.571428571428571,2.571428571428571,2.763157943409828,2.7652901576768967,5.8585714285714285,5.8585714285714285,5.666842056590172,5.664709842323103
2019-01-16 00:00:00,2.571428571428571,2.571428571428571,2.763157943409828,2.7652901576768967,5.8585714285714285,5.8585714285714285,5.666842056590172,5.664709842323103
2019-01-17 00:00:00,2.571428571428571,2.571428571428571,2.763157943409828,2.7652901576768967,5.908571428571429,5.908571428571429,5.716842056590172,5.714709842323104
2019-01-18 00:00:00,2.571428571428571,2.571428571428571,2.763157943409828,2.7652901576768967,5.88857142857143,5.88857142857143,5.696842056590173,5.694709842323104
2019-01-21 00:00:00,2.571428571428571,2.571428571428571,2.763157943409828,2.7652901576768967,5.918571428571429,5.918571428571429,5.726842056590172,5.7247098423231035
2019-01-22 00:00:00,2.571428571428571,2.571428571428571,2.763157943409828,2.7652901576768967,5.8985714285714295,5.8985714285714295,5.7068420565901725,5.704709842323104
2019-01-23 00:00:00,2.571428571428571,2.571428571428571,2.763157943409828,2.7652901576768967,5.828571428571429,5.828571428571429,5.636842056590172,5.634709842323104
2019-01-24 00:00:00,2.571428571428571,2.571428571428571,2.763157943409828,2.7652901576768967,5.698571428571428,5.698571428571428,5.5068420565901715,5.504709842323103
2019-01-25 00:00:00,2.571428571428571,2.571428571428571,2.763157943409828,2.7652901576768967,5.628571428571428,5.628571428571428,5.436842056590171,5.434709842323103
2019-01-28 00:00:00,2.571428571428571,2.571428571428571,2.763157943409828,2.7652901576768967,5.6485714285714295,5.6485714285714295,5.4568420565901725,5.454709842323104
2019-01-29 00:00:00,2.571428571428571,2.571428571428571,2.763157943409828,2.7652901576768967,5.588571428571429,5.588571428571429,5.396842056590172,5.3947098423231035
2019-01-30 00:00:00,2.571428571428571,2.571428571428571,2.763157943409828,2.7652901576768967,5.658571428571429,5.658571428571429,5.466842056590172,5.464709842323104
2019-01-31 00:00:00,2.571428571428571,2.571428571428571,2.763157943409828,2.7652901576768967,5.63857142857143,5.63857142857143,5.446842056590173,5.444709842323104
2019-02-01 00:00:00,2.571428571428571,2.571428571428571,2.763157943409828,2.7652901576768967,5.6485714285714295,5.6485714285714295,5.4568420565901725,5.454709842323104
2019-02-05 00:00:00,2.571428571428571,2.571428571428571,2.763157943409828,2.7652901576768967,5.6085714285714285,5.6085714285714285,5.416842056590172,5.414709842323103
2019-02-06 00:00:00,2.571428571428571,2.571428571428571,2.763157943409828,2.7652901576768967,5.578571428571429,5.578571428571429,5.386842056590172,5.384709842323104
2019-02-07 00:00:00,2.571428571428571,2.571428571428571,2.763157943409828,2.7652901576768967,5.588571428571429,5.588571428571429,5.396842056590172,5.3947098423231035
2019-02-08 00:00:00,2.571428571428571,2.571428571428571,2.763157943409828,2.7652901576768967,5.508571428571429,5.508571428571429,5.316842056590172,5.314709842323103
2019-02-11 00:00:00,2.571428571428571,2.571428571428571,2.763157943409828,2.7652901576768967,5.6485714285714295,5.6485714285714295,5.4568420565901725,5.454709842323104
2019-02-12 00:00:00,2.571428571428571,2.571428571428571,2.763157943409828,2.7652901576768967,5.6085714285714285,5.6085714285714285,5.416842056590172,5.414709842323103
2019-02-13 00:00:00,2.571428571428571,2.571428571428571,2.763157943409828,2.7652901576768967,5.698571428571428,5.698571428571428,5.5068420565901715,5.504709842323103
2019-02-14 00:00:00,2.571428571428571,2.571428571428571,2.763157943409828,2.7652901576768967,5.628571428571428,5.628571428571428,5.436842056590171,5.434709842323103
2019-02-15 00:00:00,2.571428571428571,2.571428571428571,2.763157943409828,2.7652901576768967,5.568571428571429,5.568571428571429,5.3768420565901724,5.374709842323104
2019-02-18 00:00:00,2.571428571428571,2.571428571428571,2.763157943409828,2.7652901576768967,5.568571428571429,5.568571428571429,5.3768420565901724,5.374709842323104
2019-02-19 00:00:00,2.571428571428571,2.571428571428571,2.763157943409828,2.7652901576768967,5.538571428571428,5.538571428571428,5.346842056590171,5.344709842323103
2019-02-20 00:00:00,2.571428571428571,2.571428571428571,2.763157943409828,2.7652901576768967,5.538571428571428,5.538571428571428,5.346842056590171,5.344709842323103
2019-02-21 00:00:00,2.571428571428571,2.571428571428571,2.763157943409828,2.7652901576768967,5.5285714285714285,5.5285714285714285,5.3368420565901715,5.334709842323103
2019-02-22 00:00:00,2.571428571428571,2.571428571428571,2.763157943409828,2.7652901576768967,5.488571428571429,5.488571428571429,5.296842056590172,5.294709842323104
2019-02-25 00:00:00,2.571428571428571,2.571428571428571,2.763157943409828,2.7652901576768967,5.448571428571428,5.448571428571428,5.2568420565901715,5.254709842323103
2019-02-26 00:00:00,2.571428571428571,2.571428571428571,2.763157943409828,2.7652901576768967,5.418571428571429,5.418571428571429,5.226842056590172,5.2247098423231035
2019-02-27 00:00:00,2.571428571428571,2.571428571428571,2.763157943409828,2.7652901576768967,5.428571428571429,5.428571428571429,5.236842056590172,5.234709842323103
2019-02-28 00:00:00,2.571428571428571,2.571428571428571,2.763157943409828,2.7652901576768967,5.422571428571429,5.422571428571429,5.230842056590172,5.228709842323103
2019-03-01 00:00:00,2.571428571428571,2.571428571428571,2.763157943409828,2.7652901576768967,5.408571428571429,5.408571428571429,5.216842056590172,5.214709842323104
2019-03-04 00:00:00,2.571428571428571,2.571428571428571,2.763157943409828,2.7652901576768967,5.458571428571428,5.458571428571428,5.266842056590171,5.264709842323103
2019-03-05 00:00:00,2.571428571428571,2.571428571428571,2.763157943409828,2.7652901576768967,5.418571428571429,5.418571428571429,5.226842056590172,5.2247098423231035
2019-03-06 00:00:00,2.571428571428571,2.571428571428571,2.763157943409828,2.7652901576768967,5.3745714285714286,5.3745714285714286,5.182842056590172,5.180709842323103
2019-03-07 00:00:00,2.571428571428571,2.571428571428571,2.763157943409828,2.7652901576768967,5.398571428571429,5.398571428571429,5.206842056590172,5.204709842323103
2019-03-08 00:00:00,2.571428571428571,2.571428571428571,2.763157943409828,2.7652901576768967,5.398571428571429,5.398571428571429,5.206842056590172,5.204709842323103
2019-03-11 00:00:00,2.571428571428571,2.571428571428571,2.763157943409828,2.7652901576768967,5.3425714285714285,5.3425714285714285,5.150842056590172,5.148709842323103
2019-03-12 00:00:00,2.571428571428571,2.571428571428571,2.763157943409828,2.7652901576768967,5.324571428571429,5.324571428571429,5.132842056590172,5.130709842323103
2019-03-13 00:00:00,2.571428571428571,2.571428571428571,2.763157943409828,2.7652901576768967,5.3665714285714285,5.3665714285714285,5.174842056590172,5.172709842323103
2019-03-14 00:00:00,2.571428571428571,2.571428571428571,2.763157943409828,2.7652901576768967,5.368571428571429,5.368571428571429,5.176842056590172,5.174709842323104
2019-03-15 00:00:00,2.571428571428571,2.571428571428571,2.763157943409828,2.7652901576768967,5.348571428571429,5.348571428571429,5.156842056590172,5.154709842323103
2019-03-19 00:00:00,2.571428571428571,2.571428571428571,2.763157943409828,2.7652901576768967,5.3585714285714285,5.3585714285714285,5.166842056590172,5.164709842323103
2019-03-20 00:00:00,2.571428571428571,2.571428571428571,2.763157943409828,2.7652901576768967,5.2625714285714285,5.2625714285714285,5.0708420565901715,5.068709842323103
2019-03-21 00:00:00,2.571428571428571,2.571428571428571,2.763157943409828,2.7652901576768967,5.238571428571428,5.238571428571428,5.0468420565901715,5.044709842323103
2019-03-22 00:00:00,2.571428571428571,2.571428571428571,2.763157943409828,2.7652901576768967,5.168571428571429,5.168571428571429,4.976842056590172,4.9747098423231035
2019-03-25 00:00:00,2.571428571428571,2.571428571428571,2.763157943409828,2.7652901576768967,5.098571428571429,5.098571428571429,4.906842056590172,4.904709842323103
2019-03-26 00:00:00,2.571428571428571,2.571428571428571,2.763157943409828,2.7652901576768967,5.158571428571429,5.158571428571429,4.966842056590172,4.964709842323104
2019-03-27 00:00:00,2.571428571428571,2.571428571428571,2.763157943409828,2.7652901576768967,5.188571428571429,5.188571428571429,4.996842056590172,4.994709842323103
2019-03-28 00:00:00,2.571428571428571,2.571428571428571,2.763157943409828,2.7652901576768967,5.208571428571429,5.208571428571429,5.016842056590172,5.014709842323104
2019-03-29 00:00:00,2.571428571428571,2.571428571428571,2.763157943409828,2.7652901576768967,5.238571428571428,5.238571428571428,5.0468420565901715,5.044709842323103
2019-04-01 00:00:00,2.571428571428571,2.571428571428571,2.763157943409828,2.7652901576768967,5.268571428571429,5.268571428571429,5.076842056590172,5.074709842323103
2019-04-02 00:00:00,2.571428571428571,2.571428571428571,2.763157943409828,2.7652901576768967,5.268571428571429,5.268571428571429,5.076842056590172,5.074709842323103
2019-04-03 00:00:00,2.571428571428571,2.571428571428571,2.763157943409828,2.7652901576768967,5.298571428571429,5.298571428571429,5.106842056590172,5.104709842323103
2019-04-04 00:00:00,2.571428571428571,2.571428571428571,2.763157943409828,2.7652901576768967,5.2785714285714285,5.2785714285714285,5.0868420565901715,5.084709842323103
2019-04-05 00:00:00,2.571428571428571,2.571428571428571,2.763157943409828,2.7652901576768967,5.218571428571429,5.218571428571429,5.026842056590172,5.024709842323103
2019-04-08 00:00:00,2.571428571428571,2.571428571428571,2.763157943409828,2.7652901576768967,5.228571428571429,5.228571428571429,5.036842056590172,5.034709842323103
2019-04-09 00:00:00,2.571428571428571,2.571428571428571,2.763157943409828,2.7652901576768967,5.268571428571429,5.268571428571429,5.076842056590172,5.074709842323103
2019-04-10 00:00:00,2.571428571428571,2.571428571428571,2.763157943409828,2.7652901576768967,5.248571428571429,5.248571428571429,5.056842056590172,5.054709842323104
2019-04-11 00:00:00,2.571428571428571,2.571428571428571,2.763157943409828,2.7652901576768967,5.218571428571429,5.218571428571429,5.026842056590172,5.024709842323103
2019-04-12 00:00:00,2.571428571428571,2.571428571428571,2.763157943409828,2.7652901576768967,5.178571428571429,5.178571428571429,4.986842056590172,4.984709842323103
2019-04-15 00:00:00,2.571428571428571,2.571428571428571,2.763157943409828,2.7652901576768967,5.268571428571429,5.268571428571429,5.076842056590172,5.074709842323103
2019-04-16 00:00:00,2.571428571428571,2.571428571428571,2.763157943409828,2.7652901576768967,5.298571428571429,5.298571428571429,5.106842056590172,5.104709842323103
2019-04-17 00:00:00,2.571428571428571,2.571428571428571,2.763157943409828,2.7652901576768967,5.288571428571429,5.288571428571429,5.096842056590172,5.094709842323104
2019-04-22 00:00:00,2.571428571428571,2.571428571428571,2.763157943409828,2.7652901576768967,5.298571428571429,5.298571428571429,5.106842056590172,5.104709842323103
2019-04-23 00:00:00,2.571428571428571,2.571428571428571,2.763157943409828,2.7652901576768967,5.308571428571429,5.308571428571429,5.116842056590172,5.114709842323103
2019-04-24 00:00:00,2.571428571428571,2.571428571428571,2.763157943409828,2.7652901576768967,5.348571428571429,5.348571428571429,5.156842056590172,5.154709842323103
2019-04-25 00:00:00,2.571428571428571,2.571428571428571,2.763157943409828,2.7652901576768967,5.378571428571429,5.378571428571429,5.186842056590172,5.1847098423231035
2019-04-26 00:00:00,2.571428571428571,2.571428571428571,2.763157943409828,2.7652901576768967,5.3185714285714285,5.3185714285714285,5.126842056590172,5.124709842323103
2019-04-29 00:00:00,2.571428571428571,2.571428571428571,2.763157943409828,2.7652901576768967,5.348571428571429,5.348571428571429,5.156842056590172,5.154709842323103
2019-04-30 00:00:00,2.571428571428571,2.571428571428571,2.763157943409828,2.7652901576768967,5.348571428571429,5.348571428571429,5.156842056590172,5.154709842323103
2019-05-02 00:00:00,2.571428571428571,2.571428571428571,2.763157943409828,2.7652901576768967,5.368571428571429,5.368571428571429,5.176842056590172,5.174709842323104
2019-05-03 00:00:00,2.571428571428571,2.571428571428571,2.763157943409828,2.7652901576768967,5.338571428571429,5.338571428571429,5.146842056590172,5.1447098423231035
2019-05-06 00:00:00,2.571428571428571,2.571428571428571,2.763157943409828,2.7652901576768967,5.348571428571429,5.348571428571429,5.156842056590172,5.154709842323103
2019-05-07 00:00:00,2.571428571428571,2.571428571428571,2.763157943409828,2.7652901576768967,5.378571428571429,5.378571428571429,5.186842056590172,5.1847098423231035
2019-05-08 00:00:00,2.571428571428571,2.571428571428571,2.763157943409828,2.7652901576768967,5.376571428571429,5.376571428571429,5.184842056590172,5.182709842323104
2019-05-09 00:00:00,2.571428571428571,2.571428571428571,2.763157943409828,2.7652901576768967,5.328571428571429,5.328571428571429,5.136842056590172,5.134709842323104
2019-05-10 00:00:00,2.571428571428571,2.571428571428571,2.763157943409828,2.7652901576768967,5.322571428571429,5.322571428571429,5.130842056590172,5.1287098423231035
2019-05-13 00:00:00,2.571428571428571,2.571428571428571,2.763157943409828,2.7652901576768967,5.328571428571429,5.328571428571429,5.136842056590172,5.134709842323104
2019-05-14 00:00:00,2.571428571428571,2.571428571428571,2.763157943409828,2.7652901576768967,5.298571428571429,5.298571428571429,5.106842056590172,5.104709842323103
2019-05-15 00:00:00,2.571428571428571,2.571428571428571,2.763157943409828,2.7652901576768967,5.2785714285714285,5.2785714285714285,5.0868420565901715,5.084709842323103
2019-05-16 00:00:00,2.571428571428571,2.571428571428571,2.763157943409828,2.7652901576768967,5.308571428571429,5.308571428571429,5.116842056590172,5.114709842323103
2019-05-17 00:00:00,2.571428571428571,2.571428571428571,2.763157943409828,2.7652901576768967,5.3185714285714285,5.3185714285714285,5.126842056590172,5.124709842323103
2019-05-20 00:00:00,2.571428571428571,2.571428571428571,2.763157943409828,2.7652901576768967,5.338571428571429,5.338571428571429,5.146842056590172,5.1447098423231035
2019-05-21 00:00:00,2.571428571428571,2.571428571428571,2.763157943409828,2.7652901576768967,5.348571428571429,5.348571428571429,5.156842056590172,5.154709842323103
2019-05-22 00:00:00,2.571428571428571,2.571428571428571,2.763157943409828,2.7652901576768967,5.328571428571429,5.328571428571429,5.136842056590172,5.134709842323104
2019-05-23 00:00:00,2.571428571428571,2.571428571428571,2.763157943409828,2.7652901576768967,5.308571428571429,5.308571428571429,5.116842056590172,5.114709842323103
2019-05-24 00:00:00,2.571428571428571,2.571428571428571,2.763157943409828,2.7652901576768967,5.308571428571429,5.308571428571429,5.116842056590172,5.114709842323103
2019-05-27 00:00:00,2.571428571428571,2.571428571428571,2.763157943409828,2.7652901576768967,5.268571428571429,5.268571428571429,5.076842056590172,5.074709842323103
2019-05-28 00:00:00,2.571428571428571,2.571428571428571,2.763157943409828,2.7652901576768967,5.188571428571429,5.188571428571429,4.996842056590172,4.994709842323103
2019-05-29 00:00:00,2.571428571428571,2.571428571428571,2.763157943409828,2.7652901576768967,5.168571428571429,5.168571428571429,4.976842056590172,4.9747098423231035
2019-05-30 00:00:00,2.571428571428571,2.571428571428571,2.763157943409828,2.7652901576768967,5.198571428571428,5.198571428571428,5.0068420565901715,5.004709842323103
2019-05-31 00:00:00,2.571428571428571,2.571428571428571,2.763157943409828,2.7652901576768967,5.298571428571429,5.298571428571429,5.106842056590172,5.104709842323103
2019-06-03 00:00:00,2.571428571428571,2.571428571428571,2.763157943409828,2.7652901576768967,5.308571428571429,5.308571428571429,5.116842056590172,5.114709842323103
2019-06-04 00:00:00,2.571428571428571,2.571428571428571,2.763157943409828,2.7652901576768967,5.268571428571429,5.268571428571429,5.076842056590172,5.074709842323103
2019-06-05 00:00:00,2.571428571428571,2.571428571428571,2.763157943409828,2.7652901576768967,5.248571428571429,5.248571428571429,5.056842056590172,5.054709842323104
2019-06-06 00:00:00,2.571428571428571,2.571428571428571,2.763157943409828,2.7652901576768967,5.298571428571429,5.298571428571429,5.106842056590172,5.104709842323103
2019-06-07 00:00:00,2.571428571428571,2.571428571428571,2.763157943409828,2.7652901576768967,5.218571428571429,5.218571428571429,5.026842056590172,5.024709842323103
2019-06-10 00:00:00,2.571428571428571,2.571428571428571,2.763157943409828,2.7652901576768967,5.048571428571429,5.048571428571429,4.856842056590172,4.854709842323103
2019-06-11 00:00:00,2.571428571428571,2.571428571428571,2.763157943409828,2.7652901576768967,4.988571428571428,4.988571428571428,4.7968420565901715,4.794709842323103
2019-06-12 00:00:00,2.571428571428571,2.571428571428571,2.763157943409828,2.7652901576768967,5.008571428571429,5.008571428571429,4.816842056590172,4.814709842323103
2019-06-13 00:00:00,2.571428571428571,2.571428571428571,2.763157943409828,2.7652901576768967,5.018571428571429,5.018571428571429,4.826842056590172,4.824709842323103
2019-06-14 00:00:00,2.571428571428571,2.571428571428571,2.763157943409828,2.7652901576768967,4.978571428571429,4.978571428571429,4.786842056590172,4.784709842323103
2019-06-17 00:00:00,2.571428571428571,2.571428571428571,2.763157943409828,2.7652901576768967,5.048571428571429,5.048571428571429,4.856842056590172,4.854709842323103
2019-06-18 00:00:00,2.571428571428571,2.571428571428571,2.763157943409828,2.7652901576768967,4.998571428571429,4.998571428571429,4.806842056590172,4.804709842323104
2019-06-19 00:00:00,2.571428571428571,2.571428571428571,2.763157943409828,2.7652901576768967,4.938571428571429,4.938571428571429,4.746842056590172,4.744709842323103
2019-06-20 00:00:00,2.571428571428571,2.571428571428571,2.763157943409828,2.7652901576768967,4.868571428571429,4.868571428571429,4.676842056590172,4.674709842323104
2019-06-21 00:00:00,2.571428571428571,2.571428571428571,2.763157943409828,2.7652901576768967,4.958571428571429,4.958571428571429,4.766842056590172,4.764709842323104
2019-06-24 00:00:00,2.571428571428571,2.571428571428571,2.763157943409828,2.7652901576768967,4.928571428571429,4.928571428571429,4.736842056590172,4.734709842323103
2019-06-25 00:00:00,2.571428571428571,2.571428571428571,2.763157943409828,2.7652901576768967,4.938571428571429,4.938571428571429,4.746842056590172,4.744709842323103
2019-06-26 00:00:00,2.571428571428571,2.571428571428571,2.763157943409828,2.7652901576768967,4.968571428571429,4.968571428571429,4.776842056590172,4.774709842323103
2019-06-27 00:00:00,2.571428571428571,2.571428571428571,2.763157943409828,2.7652901576768967,4.8585714285714285,4.8585714285714285,4.666842056590172,4.664709842323103
2019-06-28 00:00:00,2.571428571428571,2.571428571428571,2.763157943409828,2.7652901576768967,4.768571428571429,4.768571428571429,4.576842056590172,4.574709842323103
2019-07-01 00:00:00,2.571428571428571,2.571428571428571,2.763157943409828,2.7652901576768967,4.708571428571429,4.708571428571429,4.516842056590172,4.514709842323104
2019-07-02 00:00:00,2.571428571428571,2.571428571428571,2.763157943409828,2.7652901576768967,4.668571428571429,4.668571428571429,4.476842056590172,4.4747098423231035
2019-07-03 00:00:00,2.571428571428571,2.571428571428571,2.763157943409828,2.7652901576768967,4.638571428571429,4.638571428571429,4.446842056590172,4.444709842323103
2019-07-04 00:00:00,2.571428571428571,2.571428571428571,2.763157943409828,2.7652901576768967,4.638571428571429,4.638571428571429,4.446842056590172,4.444709842323103
2019-07-05 00:00:00,2.571428571428571,2.571428571428571,2.763157943409828,2.7652901576768967,4.698571428571428,4.698571428571428,4.5068420565901715,4.504709842323103
2019-07-08 00:00:00,2.571428571428571,2.571428571428571,2.763157943409828,2.7652901576768967,4.698571428571428,4.698571428571428,4.5068420565901715,4.504709842323103
2019-07-09 00:00:00,2.571428571428571,2.571428571428571,2.763157943409828,2.7652901576768967,4.8585714285714285,4.8585714285714285,4.666842056590172,4.664709842323103
2019-07-10 00:00:00,2.571428571428571,2.571428571428571,2.763157943409828,2.7652901576768967,4.888571428571429,4.888571428571429,4.696842056590172,4.694709842323103
2019-07-11 00:00:00,2.571428571428571,2.571428571428571,2.763157943409828,2.7652901576768967,4.888571428571429,4.888571428571429,4.696842056590172,4.694709842323103
2019-07-12 00:00:00,2.571428571428571,2.571428571428571,2.763157943409828,2.7652901576768967,4.8185714285714285,4.8185714285714285,4.626842056590172,4.624709842323103
2019-07-15 00:00:00,2.571428571428571,2.571428571428571,2.763157943409828,2.7652901576768967,4.788571428571429,4.788571428571429,4.596842056590172,4.594709842323104
2019-07-16 00:00:00,2.571428571428571,2.571428571428571,2.763157943409828,2.7652901576768967,4.848571428571429,4.848571428571429,4.656842056590172,4.654709842323103
2019-07-17 00:00:00,2.571428571428571,2.571428571428571,2.763157943409828,2.7652901576768967,4.908571428571429,4.908571428571429,4.716842056590172,4.714709842323104
2019-07-18 00:00:00,2.571428571428571,2.571428571428571,2.763157943409828,2.7652901576768967,4.758571428571429,4.758571428571429,4.566842056590172,4.564709842323103
2019-07-19 00:00:00,2.571428571428571,2.571428571428571,2.763157943409828,2.7652901576768967,4.718571428571429,4.718571428571429,4.526842056590172,4.524709842323103
2019-07-22 00:00:00,2.571428571428571,2.571428571428571,2.763157943409828,2.7652901576768967,4.728571428571429,4.728571428571429,4.536842056590172,4.534709842323103
2019-07-23 00:00:00,2.571428571428571,2.571428571428571,2.763157943409828,2.7652901576768967,4.728571428571429,4.728571428571429,4.536842056590172,4.534709842323103
2019-07-24 00:00:00,2.571428571428571,2.571428571428571,2.763157943409828,2.7652901576768967,4.678571428571429,4.678571428571429,4.486842056590172,4.484709842323103
2019-07-25 00:00:00,2.571428571428571,2.571428571428571,2.763157943409828,2.7652901576768967,4.678571428571429,4.678571428571429,4.486842056590172,4.484709842323103
2019-07-26 00:00:00,2.571428571428571,2.571428571428571,2.763157943409828,2.7652901576768967,4.758571428571429,4.758571428571429,4.566842056590172,4.564709842323103
2019-07-29 00:00:00,2.571428571428571,2.571428571428571,2.763157943409828,2.7652901576768967,4.718571428571429,4.718571428571429,4.526842056590172,4.524709842323103
2019-07-30 00:00:00,2.571428571428571,2.571428571428571,2.763157943409828,2.7652901576768967,4.738571428571428,4.738571428571428,4.5468420565901715,4.544709842323103
2019-07-31 00:00:00,2.571428571428571,2.571428571428571,2.763157943409828,2.7652901576768967,4.678571428571429,4.678571428571429,4.486842056590172,4.484709842323103
2019-08-01 00:00:00,2.571428571428571,2.571428571428571,2.763157943409828,2.7652901576768967,4.718571428571429,4.718571428571429,4.526842056590172,4.524709842323103
2019-08-02 00:00:00,2.571428571428571,2.571428571428571,2.763157943409828,2.7652901576768967,4.698571428571428,4.698571428571428,4.5068420565901715,4.504709842323103
2019-08-05 00:00:00,2.571428571428571,2.571428571428571,2.763157943409828,2.7652901576768967,4.718571428571429,4.718571428571429,4.526842056590172,4.524709842323103
2019-08-06 00:00:00,2.571428571428571,2.571428571428571,2.763157943409828,2.7652901576768967,4.748571428571429,4.748571428571429,4.556842056590172,4.554709842323104
2019-08-07 00:00:00,2.571428571428571,2.571428571428571,2.763157943409828,2.7652901576768967,4.638571428571429,4.638571428571429,4.446842056590172,4.444709842323103
2019-08-08 00:00:00,2.571428571428571,2.571428571428571,2.763157943409828,2.7652901576768967,4.6085714285714285,4.6085714285714285,4.416842056590172,4.414709842323103
2019-08-09 00:00:00,2.571428571428571,2.571428571428571,2.763157943409828,2.7652901576768967,4.518571428571429,4.518571428571429,4.326842056590172,4.324709842323103
2019-08-12 00:00:00,2.571428571428571,2.571428571428571,2.763157943409828,2.7652901576768967,4.5285714285714285,4.5285714285714285,4.3368420565901715,4.334709842323103
2019-08-13 00:00:00,2.571428571428571,2.571428571428571,2.763157943409828,2.7652901576768967,4.538571428571429,4.538571428571429,4.346842056590172,4.344709842323104
2019-08-14 00:00:00,2.571428571428571,2.571428571428571,2.763157943409828,2.7652901576768967,4.558571428571429,4.558571428571429,4.366842056590172,4.364709842323103
2019-08-15 00:00:00,2.571428571428571,2.571428571428571,2.763157943409828,2.7652901576768967,4.378571428571429,4.378571428571429,4.186842056590172,4.1847098423231035
2019-08-16 00:00:00,2.571428571428571,2.571428571428571,2.763157943409828,2.7652901576768967,4.268571428571429,4.268571428571429,4.076842056590172,4.074709842323103
2019-08-19 00:00:00,2.571428571428571,2.571428571428571,2.763157943409828,2.7652901576768967,4.368571428571429,4.368571428571429,4.176842056590172,4.174709842323104
2019-08-20 00:00:00,2.571428571428571,2.571428571428571,2.763157943409828,2.7652901576768967,4.408571428571429,4.408571428571429,4.216842056590172,4.214709842323104
2019-08-21 00:00:00,2.571428571428571,2.571428571428571,2.763157943409828,2.7652901576768967,4.3585714285714285,4.3585714285714285,4.166842056590172,4.164709842323103
2019-08-22 00:00:00,2.571428571428571,2.571428571428571,2.763157943409828,2.7652901576768967,4.308571428571429,4.308571428571429,4.116842056590172,4.114709842323103
2019-08-23 00:00:00,2.571428571428571,2.571428571428571,2.763157943409828,2.7652901576768967,4.268571428571429,4.268571428571429,4.076842056590172,4.074709842323103
2019-08-26 00:00:00,2.571428571428571,2.571428571428571,2.763157943409828,2.7652901576768967,4.3185714285714285,4.3185714285714285,4.126842056590172,4.124709842323103
2019-08-27 00:00:00,2.571428571428571,2.571428571428571,2.763157943409828,2.7652901576768967,4.368571428571429,4.368571428571429,4.176842056590172,4.174709842323104
2019-08-28 00:00:00,2.571428571428571,2.571428571428571,2.763157943409828,2.7652901576768967,4.328571428571429,4.328571428571429,4.136842056590172,4.134709842323104
2019-08-29 00:00:00,2.571428571428571,2.571428571428571,2.763157943409828,2.7652901576768967,4.338571428571429,4.338571428571429,4.146842056590172,4.1447098423231035
2019-08-30 00:00:00,2.571428571428571,2.571428571428571,2.763157943409828,2.7652901576768967,4.2785714285714285,4.2785714285714285,4.0868420565901715,4.084709842323103
2019-09-02 00:00:00,2.571428571428571,2.571428571428571,2.763157943409828,2.7652901576768967,4.2785714285714285,4.2785714285714285,4.0868420565901715,4.084709842323103
2019-09-03 00:00:00,2.571428571428571,2.571428571428571,2.763157943409828,2.7652901576768967,4.258571428571429,4.258571428571429,4.066842056590172,4.064709842323103
2019-09-04 00:00:00,2.571428571428571,2.571428571428571,2.763157943409828,2.7652901576768967,4.2785714285714285,4.2785714285714285,4.0868420565901715,4.084709842323103
2019-09-05 00:00:00,2.571428571428571,2.571428571428571,2.763157943409828,2.7652901576768967,4.3185714285714285,4.3185714285714285,4.126842056590172,4.124709842323103
2019-09-06 00:00:00,2.571428571428571,2.571428571428571,2.763157943409828,2.7652901576768967,4.258571428571429,4.258571428571429,4.066842056590172,4.064709842323103
2019-09-09 00:00:00,2.571428571428571,2.571428571428571,2.763157943409828,2.7652901576768967,4.288571428571429,4.288571428571429,4.096842056590172,4.094709842323104
2019-09-10 00:00:00,2.571428571428571,2.571428571428571,2.763157943409828,2.7652901576768967,4.388571428571429,4.388571428571429,4.196842056590172,4.194709842323103
2019-09-11 00:00:00,2.571428571428571,2.571428571428571,2.763157943409828,2.7652901576768967,4.438571428571429,4.438571428571429,4.246842056590172,4.244709842323103
2019-09-12 00:00:00,2.571428571428571,2.571428571428571,2.763157943409828,2.7652901576768967,4.398571428571429,4.398571428571429,4.206842056590172,4.204709842323103
2019-09-13 00:00:00,2.571428571428571,2.571428571428571,2.763157943409828,2.7652901576768967,4.468571428571429,4.468571428571429,4.276842056590172,4.274709842323103
2019-09-17 00:00:00,2.571428571428571,2.571428571428571,2.763157943409828,2.7652901576768967,4.418571428571429,4.418571428571429,4.226842056590172,4.2247098423231035
2019-09-18 00:00:00,2.571428571428571,2.571428571428571,2.763157943409828,2.7652901576768967,4.3585714285714285,4.3585714285714285,4.166842056590172,4.164709842323103
2019-09-19 00:00:00,2.571428571428571,2.571428571428571,2.763157943409828,2.7652901576768967,4.218571428571429,4.218571428571429,4.026842056590172,4.024709842323103
2019-09-20 00:00:00,2.571428571428571,2.571428571428571,2.763157943409828,2.7652901576768967,4.158571428571429,4.158571428571429,3.9668420565901723,3.9647098423231038
2019-09-23 00:00:00,2.571428571428571,2.571428571428571,2.763157943409828,2.7652901576768967,4.098571428571429,4.098571428571429,3.906842056590172,3.9047098423231033
2019-09-24 00:00:00,2.571428571428571,2.571428571428571,2.763157943409828,2.7652901576768967,4.1085714285714285,4.1085714285714285,3.9168420565901716,3.914709842323103
2019-09-25 00:00:00,2.571428571428571,2.571428571428571,2.763157943409828,2.7652901576768967,4.1085714285714285,4.1085714285714285,3.9168420565901716,3.914709842323103
2019-09-26 00:00:00,2.571428571428571,2.571428571428571,2.763157943409828,2.7652901576768967,4.058571428571429,4.058571428571429,3.8668420565901718,3.864709842323103
2019-09-27 00:00:00,2.571428571428571,2.571428571428571,2.763157943409828,2.7652901576768967,4.1085714285714285,4.1085714285714285,3.9168420565901716,3.914709842323103
2019-09-30 00:00:00,2.571428571428571,2.571428571428571,2.763157943409828,2.7652901576768967,4.118571428571429,4.118571428571429,3.9268420565901723,3.9247098423231037
2019-10-01 00:00:00,2.571428571428571,2.571428571428571,2.763157943409828,2.7652901576768967,4.158571428571429,4.158571428571429,3.9668420565901723,3.9647098423231038
2019-10-02 00:00:00,2.571428571428571,2.571428571428571,2.763157943409828,2.7652901576768967,4.1085714285714285,4.1085714285714285,3.9168420565901716,3.914709842323103
2019-10-03 00:00:00,2.571428571428571,2.571428571428571,2.763157943409828,2.7652901576768967,3.998571428571429,3.998571428571429,3.806842056590172,3.8047098423231036
2019-10-04 00:00:00,2.571428571428571,2.571428571428571,2.763157943409828,2.7652901576768967,4.048571428571429,4.048571428571429,3.856842056590172,3.8547098423231034
2019-10-07 00:00:00,2.571428571428571,2.571428571428571,2.763157943409828,2.7652901576768967,4.078571428571429,4.078571428571429,3.8868420565901722,3.8847098423231037
2019-10-08 00:00:00,2.571428571428571,2.571428571428571,2.763157943409828,2.7652901576768967,4.058571428571429,4.058571428571429,3.8668420565901718,3.864709842323103
2019-10-09 00:00:00,2.571428571428571,2.571428571428571,2.763157943409828,2.7652901576768967,4.038571428571429,4.038571428571429,3.846842056590172,3.8447098423231036
2019-10-10 00:00:00,2.571428571428571,2.571428571428571,2.763157943409828,2.7652901576768967,4.078571428571429,4.078571428571429,3.8868420565901722,3.8847098423231037
2019-10-11 00:00:00,2.571428571428571,2.571428571428571,2.763157943409828,2.7652901576768967,4.078571428571429,4.078571428571429,3.8868420565901722,3.8847098423231037
2019-10-14 00:00:00,2.571428571428571,2.571428571428571,2.763157943409828,2.7652901576768967,4.048571428571429,4.048571428571429,3.856842056590172,3.8547098423231034
2019-10-15 00:00:00,2.571428571428571,2.571428571428571,2.763157943409828,2.7652901576768967,4.1085714285714285,4.1085714285714285,3.9168420565901716,3.914709842323103
2019-10-16 00:00:00,2.571428571428571,2.571428571428571,2.763157943409828,2.7652901576768967,4.138571428571429,4.138571428571429,3.946842056590172,3.9447098423231033
2019-10-17 00:00:00,2.571428571428571,2.571428571428571,2.763157943409828,2.7652901576768967,4.158571428571429,4.158571428571429,3.9668420565901723,3.9647098423231038
2019-10-18 00:00:00,2.571428571428571,2.571428571428571,2.763157943409828,2.7652901576768967,4.118571428571429,4.118571428571429,3.9268420565901723,3.9247098423231037
2019-10-21 00:00:00,2.571428571428571,2.571428571428571,2.763157943409828,2.7652901576768967,4.128571428571429,4.128571428571429,3.936842056590172,3.9347098423231035
2019-10-22 00:00:00,2.571428571428571,2.571428571428571,2.763157943409828,2.7652901576768967,4.158571428571429,4.158571428571429,3.9668420565901723,3.9647098423231038
2019-10-23 00:00:00,2.571428571428571,2.571428571428571,2.763157943409828,2.7652901576768967,4.118571428571429,4.118571428571429,3.9268420565901723,3.9247098423231037
2019-10-24 00:00:00,2.571428571428571,2.571428571428571,2.763157943409828,2.7652901576768967,4.048571428571429,4.048571428571429,3.856842056590172,3.8547098423231034
2019-10-25 00:00:00,2.571428571428571,2.571428571428571,2.763157943409828,2.7652901576768967,4.078571428571429,4.078571428571429,3.8868420565901722,3.8847098423231037
2019-10-28 00:00:00,2.571428571428571,2.571428571428571,2.763157943409828,2.7652901576768967,4.118571428571429,4.118571428571429,3.9268420565901723,3.9247098423231037
2019-10-29 00:00:00,2.571428571428571,2.571428571428571,2.763157943409828,2.7652901576768967,4.088571428571429,4.088571428571429,3.896842056590172,3.8947098423231035
2019-10-30 00:00:00,2.571428571428571,2.571428571428571,2.763157943409828,2.7652901576768967,4.018571428571429,4.018571428571429,3.8268420565901717,3.824709842323103
2019-10-31 00:00:00,2.571428571428571,2.571428571428571,2.763157943409828,2.7652901576768967,3.9885714285714284,3.9885714285714284,3.7968420565901715,3.794709842323103
2019-11-01 00:00:00,2.571428571428571,2.571428571428571,2.763157943409828,2.7652901576768967,4.0285714285714285,4.0285714285714285,3.8368420565901715,3.834709842323103
2019-11-04 00:00:00,2.571428571428571,2.571428571428571,2.763157943409828,2.7652901576768967,4.058571428571429,4.058571428571429,3.8668420565901718,3.864709842323103
2019-11-05 00:00:00,2.571428571428571,2.571428571428571,2.763157943409828,2.7652901576768967,4.078571428571429,4.078571428571429,3.8868420565901722,3.8847098423231037
2019-11-06 00:00:00,2.571428571428571,2.571428571428571,2.763157943409828,2.7652901576768967,4.038571428571429,4.038571428571429,3.846842056590172,3.8447098423231036
2019-11-07 00:00:00,2.571428571428571,2.571428571428571,2.763157943409828,2.7652901576768967,4.078571428571429,4.078571428571429,3.8868420565901722,3.8847098423231037
2019-11-08 00:00:00,2.571428571428571,2.571428571428571,2.763157943409828,2.7652901576768967,4.118571428571429,4.118571428571429,3.9268420565901723,3.9247098423231037
2019-11-11 00:00:00,2.571428571428571,2.571428571428571,2.763157943409828,2.7652901576768967,4.1085714285714285,4.1085714285714285,3.9168420565901716,3.914709842323103
2019-11-12 00:00:00,2.571428571428571,2.571428571428571,2.763157943409828,2.7652901576768967,4.168571428571429,4.168571428571429,3.976842056590172,3.9747098423231035
2019-11-13 00:00:00,2.571428571428571,2.571428571428571,2.763157943409828,2.7652901576768967,4.208571428571429,4.208571428571429,4.016842056590172,4.014709842323104
2019-11-14 00:00:00,2.571428571428571,2.571428571428571,2.763157943409828,2.7652901576768967,4.158571428571429,4.158571428571429,3.9668420565901723,3.9647098423231038
2019-11-15 00:00:00,2.571428571428571,2.571428571428571,2.763157943409828,2.7652901576768967,4.118571428571429,4.118571428571429,3.9268420565901723,3.9247098423231037
2019-11-19 00:00:00,2.571428571428571,2.571428571428571,2.763157943409828,2.7652901576768967,4.198571428571428,4.198571428571428,4.0068420565901715,4.004709842323103
2019-11-20 00:00:00,2.571428571428571,2.571428571428571,2.763157943409828,2.7652901576768967,4.288571428571429,4.288571428571429,4.096842056590172,4.094709842323104
2019-11-21 00:00:00,2.571428571428571,2.571428571428571,2.763157943409828,2.7652901576768967,4.268571428571429,4.268571428571429,4.076842056590172,4.074709842323103
2019-11-22 00:00:00,2.571428571428571,2.571428571428571,2.763157943409828,2.7652901576768967,4.258571428571429,4.258571428571429,4.066842056590172,4.064709842323103
2019-11-25 00:00:00,2.571428571428571,2.571428571428571,2.763157943409828,2.7652901576768967,4.308571428571429,4.308571428571429,4.116842056590172,4.114709842323103
2019-11-26 00:00:00,2.571428571428571,2.571428571428571,2.763157943409828,2.7652901576768967,4.408571428571429,4.408571428571429,4.216842056590172,4.214709842323104
2019-11-27 00:00:00,2.571428571428571,2.571428571428571,2.763157943409828,2.7652901576768967,4.368571428571429,4.368571428571429,4.176842056590172,4.174709842323104
2019-11-28 00:00:00,2.571428571428571,2.571428571428571,2.763157943409828,2.7652901576768967,4.378571428571429,4.378571428571429,4.186842056590172,4.1847098423231035
2019-11-29 00:00:00,2.571428571428571,2.571428571428571,2.763157943409828,2.7652901576768967,4.378571428571429,4.378571428571429,4.186842056590172,4.1847098423231035
2019-12-02 00:00:00,2.571428571428571,2.571428571428571,2.763157943409828,2.7652901576768967,4.398571428571429,4.398571428571429,4.206842056590172,4.204709842323103
2019-12-03 00:00:00,2.571428571428571,2.571428571428571,2.763157943409828,2.7652901576768967,4.378571428571429,4.378571428571429,4.186842056590172,4.1847098423231035
2019-12-04 00:00:00,2.571428571428571,2.571428571428571,2.763157943409828,2.7652901576768967,4.348571428571429,4.348571428571429,4.156842056590172,4.154709842323103
2019-12-05 00:00:00,2.571428571428571,2.571428571428571,2.763157943409828,2.7652901576768967,4.3185714285714285,4.3185714285714285,4.126842056590172,4.124709842323103
2019-12-06 00:00:00,2.571428571428571,2.571428571428571,2.763157943409828,2.7652901576768967,4.258571428571429,4.258571428571429,4.066842056590172,4.064709842323103
2019-12-09 00:00:00,2.571428571428571,2.571428571428571,2.763157943409828,2.7652901576768967,4.178571428571429,4.178571428571429,3.986842056590172,3.9847098423231033
2019-12-10 00:00:00,2.571428571428571,2.571428571428571,2.763157943409828,2.7652901576768967,4.178571428571429,4.178571428571429,3.986842056590172,3.9847098423231033
2019-12-11 00:00:00,2.571428571428571,2.571428571428571,2.763157943409828,2.7652901576768967,4.138571428571429,4.138571428571429,3.946842056590172,3.9447098423231033
2019-12-13 00:00:00,2.571428571428571,2.571428571428571,2.763157943409828,2.7652901576768967,4.078571428571429,4.078571428571429,3.8868420565901722,3.8847098423231037
2019-12-16 00:00:00,2.571428571428571,2.571428571428571,2.763157943409828,2.7652901576768967,4.048571428571429,4.048571428571429,3.856842056590172,3.8547098423231034
2019-12-17 00:00:00,2.571428571428571,2.571428571428571,2.763157943409828,2.7652901576768967,4.038571428571429,4.038571428571429,3.846842056590172,3.8447098423231036
2019-12-18 00:00:00,2.571428571428571,2.571428571428571,2.763157943409828,2.7652901576768967,4.078571428571429,4.078571428571429,3.8868420565901722,3.8847098423231037
2019-12-19 00:00:00,2.571428571428571,2.571428571428571,2.763157943409828,2.7652901576768967,4.0685714285714285,4.0685714285714285,3.8768420565901716,3.874709842323103
2019-12-20 00:00:00,2.571428571428571,2.571428571428571,2.763157943409828,2.7652901576768967,4.228571428571429,4.228571428571429,4.036842056590172,4.034709842323103
2019-12-23 00:00:00,2.571428571428571,2.571428571428571,2.763157943409828,2.7652901576768967,4.198571428571428,4.198571428571428,4.0068420565901715,4.004709842323103
2019-12-24 00:00:00,2.571428571428571,2.571428571428571,2.763157943409828,2.7652901576768967,4.198571428571428,4.198571428571428,4.0068420565901715,4.004709842323103
2019-12-26 00:00:00,2.571428571428571,2.571428571428571,2.763157943409828,2.7652901576768967,4.178571428571429,4.178571428571429,3.986842056590172,3.9847098423231033
2019-12-27 00:00:00,2.571428571428571,2.571428571428571,2.763157943409828,2.7652901576768967,4.148571428571429,4.148571428571429,3.9568420565901716,3.954709842323103
2019-12-30 00:00:00,2.571428571428571,2.571428571428571,2.763157943409828,2.7652901576768967,4.148571428571429,4.148571428571429,3.9568420565901716,3.954709842323103
2019-12-31 00:00:00,2.571428571428571,2.571428571428571,2.763157943409828,2.7652901576768967,4.168571428571429,4.168571428571429,3.976842056590172,3.9747098423231035
2020-01-02 00:00:00,2.571428571428571,2.571428571428571,2.763157943409828,2.7652901576768967,4.138571428571429,4.138571428571429,3.946842056590172,3.9447098423231033
2020-01-03 00:00:00,2.571428571428571,2.571428571428571,2.763157943409828,2.7652901576768967,4.098571428571429,4.098571428571429,3.906842056590172,3.9047098423231033
2020-01-06 00:00:00,2.571428571428571,2.571428571428571,2.763157943409828,2.7652901576768967,4.118571428571429,4.118571428571429,3.9268420565901723,3.9247098423231037
2020-01-07 00:00:00,2.571428571428571,2.571428571428571,2.763157943409828,2.7652901576768967,4.178571428571429,4.178571428571429,3.986842056590172,3.9847098423231033
2020-01-08 00:00:00,2.571428571428571,2.571428571428571,2.763157943409828,2.7652901576768967,4.178571428571429,4.178571428571429,3.986842056590172,3.9847098423231033
2020-01-09 00:00:00,2.571428571428571,2.571428571428571,2.763157943409828,2.7652901576768967,4.208571428571429,4.208571428571429,4.016842056590172,4.014709842323104
2020-01-10 00:00:00,2.571428571428571,2.571428571428571,2.763157943409828,2.7652901576768967,4.158571428571429,4.158571428571429,3.9668420565901723,3.9647098423231038
2020-01-13 00:00:00,2.571428571428571,2.571428571428571,2.763157943409828,2.7652901576768967,4.168571428571429,4.168571428571429,3.976842056590172,3.9747098423231035
2020-01-14 00:00:00,2.571428571428571,2.571428571428571,2.763157943409828,2.7652901576768967,4.168571428571429,4.168571428571429,3.976842056590172,3.9747098423231035
2020-01-15 00:00:00,2.571428571428571,2.571428571428571,2.763157943409828,2.7652901576768967,4.148571428571429,4.148571428571429,3.9568420565901716,3.954709842323103
2020-01-16 00:00:00,3.642857142857143,3.642857142857143,3.76112945640502,3.7821501581113526,3.0871428571428576,3.0871428571428576,2.9688705435949805,2.947849841888648
2020-01-17 00:00:00,3.642857142857143,3.642857142857143,3.76112945640502,3.7821501581113526,3.0871428571428576,3.0871428571428576,2.9688705435949805,2.947849841888648
2020-01-20 00:00:00,3.642857142857143,3.642857142857143,3.76112945640502,3.7821501581113526,3.0871428571428576,3.0871428571428576,2.9688705435949805,2.947849841888648
2020-01-21 00:00:00,3.642857142857143,3.642857142857143,3.76112945640502,3.7821501581113526,3.117142857142857,3.117142857142857,2.99887054359498,2.977849841888647
2020-01-22 00:00:00,3.642857142857143,3.642857142857143,3.76112945640502,3.7821501581113526,3.107142857142857,3.107142857142857,2.98887054359498,2.9678498418886474
2020-01-23 00:00:00,3.642857142857143,3.642857142857143,3.76112945640502,3.7821501581113526,3.077142857142857,3.077142857142857,2.95887054359498,2.937849841888647
2020-01-24 00:00:00,3.642857142857143,3.642857142857143,3.76112945640502,3.7821501581113526,3.027142857142857,3.027142857142857,2.90887054359498,2.8878498418886474
2020-01-27 00:00:00,3.642857142857143,3.642857142857143,3.76112945640502,3.7821501581113526,2.997142857142857,2.997142857142857,2.8788705435949797,2.857849841888647
2020-01-28 00:00:00,3.642857142857143,3.642857142857143,3.76112945640502,3.7821501581113526,2.9671428571428575,2.9671428571428575,2.8488705435949804,2.8278498418886477
2020-01-29 00:00:00,3.642857142857143,3.642857142857143,3.76112945640502,3.7821501581113526,2.8871428571428575,2.8871428571428575,2.7688705435949803,2.7478498418886477
2020-01-30 00:00:00,3.642857142857143,3.642857142857143,3.76112945640502,3.7821501581113526,2.8971428571428572,2.8971428571428572,2.77887054359498,2.7578498418886475
2020-01-31 00:00:00,3.642857142857143,3.642857142857143,3.76112945640502,3.7821501581113526,2.877142857142857,2.877142857142857,2.7588705435949796,2.737849841888647
2020-02-04 00:00:00,3.642857142857143,3.642857142857143,3.76112945640502,3.7821501581113526,2.907142857142857,2.907142857142857,2.78887054359498,2.7678498418886472
2020-02-05 00:00:00,3.642857142857143,3.642857142857143,3.76112945640502,3.7821501581113526,2.907142857142857,2.907142857142857,2.78887054359498,2.7678498418886472
2020-02-06 00:00:00,3.642857142857143,3.642857142857143,3.76112945640502,3.7821501581113526,2.877142857142857,2.877142857142857,2.7588705435949796,2.737849841888647
2020-02-07 00:00:00,3.642857142857143,3.642857142857143,3.76112945640502,3.7821501581113526,2.857142857142857,2.857142857142857,2.73887054359498,2.7178498418886474
2020-02-10 00:00:00,3.642857142857143,3.642857142857143,3.76112945640502,3.7821501581113526,2.817142857142857,2.817142857142857,2.69887054359498,2.6778498418886474
2020-02-11 00:00:00,3.642857142857143,3.642857142857143,3.76112945640502,3.7821501581113526,2.8071428571428574,2.8071428571428574,2.6888705435949802,2.6678498418886476
2020-02-12 00:00:00,3.642857142857143,3.642857142857143,3.76112945640502,3.7821501581113526,2.827142857142857,2.827142857142857,2.70887054359498,2.687849841888647
2020-02-13 00:00:00,3.642857142857143,3.642857142857143,3.76112945640502,3.7821501581113526,2.8471428571428574,2.8471428571428574,2.7288705435949803,2.7078498418886476
2020-02-14 00:00:00,3.642857142857143,3.642857142857143,3.76112945640502,3.7821501581113526,2.827142857142857,2.827142857142857,2.70887054359498,2.687849841888647
2020-02-17 00:00:00,3.642857142857143,3.642857142857143,3.76112945640502,3.7821501581113526,2.8371428571428576,2.8371428571428576,2.7188705435949805,2.697849841888648
2020-02-18 00:00:00,3.642857142857143,3.642857142857143,3.76112945640502,3.7821501581113526,2.817142857142857,2.817142857142857,2.69887054359498,2.6778498418886474
2020-02-19 00:00:00,3.642857142857143,3.642857142857143,3.76112945640502,3.7821501581113526,2.777142857142857,2.777142857142857,2.65887054359498,2.6378498418886474
2020-02-20 00:00:00,3.642857142857143,3.642857142857143,3.76112945640502,3.7821501581113526,2.787142857142857,2.787142857142857,2.6688705435949798,2.647849841888647
2020-02-21 00:00:00,3.642857142857143,3.642857142857143,3.76112945640502,3.7821501581113526,2.777142857142857,2.777142857142857,2.65887054359498,2.6378498418886474
2020-02-24 00:00:00,3.642857142857143,3.642857142857143,3.76112945640502,3.7821501581113526,2.7271428571428573,2.7271428571428573,2.60887054359498,2.5878498418886475
2020-02-25 00:00:00,3.642857142857143,3.642857142857143,3.76112945640502,3.7821501581113526,2.707142857142857,2.707142857142857,2.5888705435949797,2.567849841888647
2020-02-26 00:00:00,3.642857142857143,3.642857142857143,3.76112945640502,3.7821501581113526,2.7271428571428573,2.7271428571428573,2.60887054359498,2.5878498418886475
2020-02-27 00:00:00,3.642857142857143,3.642857142857143,3.76112945640502,3.7821501581113526,2.867142857142857,2.867142857142857,2.74887054359498,2.727849841888647
2020-02-28 00:00:00,3.642857142857143,3.642857142857143,3.76112945640502,3.7821501581113526,2.957142857142857,2.957142857142857,2.8388705435949797,2.817849841888647
2020-03-02 00:00:00,3.642857142857143,3.642857142857143,3.76112945640502,3.7821501581113526,2.707142857142857,2.707142857142857,2.5888705435949797,2.567849841888647
2020-03-03 00:00:00,3.642857142857143,3.642857142857143,3.76112945640502,3.7821501581113526,2.537142857142857,2.537142857142857,2.4188705435949798,2.397849841888647
2020-03-04 00:00:00,3.642857142857143,3.642857142857143,3.76112945640502,3.7821501581113526,2.4371428571428573,2.4371428571428573,2.31887054359498,2.2978498418886475
2020-03-05 00:00:00,3.642857142857143,3.642857142857143,3.76112945640502,3.7821501581113526,2.5071428571428576,2.5071428571428576,2.3888705435949804,2.3678498418886478
2020-03-06 00:00:00,3.642857142857143,3.642857142857143,3.76112945640502,3.7821501581113526,2.5171428571428573,2.5171428571428573,2.39887054359498,2.3778498418886476
2020-03-09 00:00:00,3.642857142857143,3.642857142857143,3.76112945640502,3.7821501581113526,2.777142857142857,2.777142857142857,2.65887054359498,2.6378498418886474
2020-03-10 00:00:00,3.642857142857143,3.642857142857143,3.76112945640502,3.7821501581113526,2.957142857142857,2.957142857142857,2.8388705435949797,2.817849841888647
2020-03-11 00:00:00,3.642857142857143,3.642857142857143,3.76112945640502,3.7821501581113526,3.2971428571428576,3.2971428571428576,3.1788705435949804,3.157849841888648
2020-03-12 00:00:00,3.642857142857143,3.642857142857143,3.76112945640502,3.7821501581113526,3.7271428571428573,3.7271428571428573,3.60887054359498,3.5878498418886475
2020-03-13 00:00:00,3.642857142857143,3.642857142857143,3.76112945640502,3.7821501581113526,3.5971428571428574,3.5971428571428574,3.4788705435949803,3.4578498418886476
2020-03-17 00:00:00,3.642857142857143,3.642857142857143,3.76112945640502,3.7821501581113526,3.8471428571428574,3.8471428571428574,3.7288705435949803,3.7078498418886476
2020-03-18 00:00:00,3.642857142857143,3.642857142857143,3.76112945640502,3.7821501581113526,4.177142857142858,4.177142857142858,4.05887054359498,4.037849841888647
2020-03-19 00:00:00,3.642857142857143,3.642857142857143,3.76112945640502,3.7821501581113526,3.8471428571428574,3.8471428571428574,3.7288705435949803,3.7078498418886476
2020-03-20 00:00:00,3.642857142857143,3.642857142857143,3.76112945640502,3.7821501581113526,3.0971428571428574,3.0971428571428574,2.9788705435949803,2.9578498418886476
2020-03-23 00:00:00,3.642857142857143,3.642857142857143,3.76112945640502,3.7821501581113526,3.2271428571428573,3.2271428571428573,3.10887054359498,3.0878498418886475
2020-03-24 00:00:00,3.642857142857143,3.642857142857143,3.76112945640502,3.7821501581113526,3.457142857142857,3.457142857142857,3.3388705435949797,3.317849841888647
2020-03-25 00:00:00,3.642857142857143,3.642857142857143,3.76112945640502,3.7821501581113526,3.377142857142857,3.377142857142857,3.2588705435949796,3.237849841888647
2020-03-26 00:00:00,3.642857142857143,3.642857142857143,3.76112945640502,3.7821501581113526,3.077142857142857,3.077142857142857,2.95887054359498,2.937849841888647
2020-03-27 00:00:00,3.642857142857143,3.642857142857143,3.76112945640502,3.7821501581113526,2.787142857142857,2.787142857142857,2.6688705435949798,2.647849841888647
2020-03-30 00:00:00,3.642857142857143,3.642857142857143,3.76112945640502,3.7821501581113526,2.917142857142857,2.917142857142857,2.7988705435949797,2.777849841888647
2020-03-31 00:00:00,3.642857142857143,3.642857142857143,3.76112945640502,3.7821501581113526,2.6371428571428575,2.6371428571428575,2.5188705435949803,2.4978498418886477
2020-04-01 00:00:00,3.642857142857143,3.642857142857143,3.76112945640502,3.7821501581113526,2.617142857142857,2.617142857142857,2.49887054359498,2.477849841888647
2020-04-02 00:00:00,3.642857142857143,3.642857142857143,3.76112945640502,3.7821501581113526,2.6471428571428572,2.6471428571428572,2.52887054359498,2.5078498418886475
2020-04-03 00:00:00,3.642857142857143,3.642857142857143,3.76112945640502,3.7821501581113526,2.607142857142857,2.607142857142857,2.48887054359498,2.4678498418886474
2020-04-06 00:00:00,3.642857142857143,3.642857142857143,3.76112945640502,3.7821501581113526,2.607142857142857,2.607142857142857,2.48887054359498,2.4678498418886474
2020-04-07 00:00:00,3.642857142857143,3.642857142857143,3.76112945640502,3.7821501581113526,2.5071428571428576,2.5071428571428576,2.3888705435949804,2.3678498418886478
2020-04-08 00:00:00,3.642857142857143,3.642857142857143,3.76112945640502,3.7821501581113526,2.487142857142857,2.487142857142857,2.36887054359498,2.3478498418886473
2020-04-13 00:00:00,3.642857142857143,3.642857142857143,3.76112945640502,3.7821501581113526,2.497142857142857,2.497142857142857,2.3788705435949797,2.357849841888647
2020-04-14 00:00:00,3.642857142857143,3.642857142857143,3.76112945640502,3.7821501581113526,2.357142857142857,2.357142857142857,2.23887054359498,2.2178498418886474
2020-04-15 00:00:00,3.642857142857143,3.642857142857143,3.76112945640502,3.7821501581113526,2.357142857142857,2.357142857142857,2.23887054359498,2.2178498418886474
2020-04-16 00:00:00,3.642857142857143,3.642857142857143,3.76112945640502,3.7821501581113526,2.2571428571428576,2.2571428571428576,2.1388705435949804,2.1178498418886478
2020-04-17 00:00:00,3.642857142857143,3.642857142857143,3.76112945640502,3.7821501581113526,2.2971428571428576,2.2971428571428576,2.1788705435949804,2.157849841888648
2020-04-20 00:00:00,3.642857142857143,3.642857142857143,3.76112945640502,3.7821501581113526,2.317142857142857,2.317142857142857,2.19887054359498,2.1778498418886474
2020-04-21 00:00:00,3.642857142857143,3.642857142857143,3.76112945640502,3.7821501581113526,2.107142857142857,2.107142857142857,1.98887054359498,1.9678498418886474
2020-04-22 00:00:00,3.642857142857143,3.642857142857143,3.76112945640502,3.7821501581113526,1.8771428571428568,1.8771428571428568,1.7588705435949796,1.737849841888647
2020-04-23 00:00:00,3.642857142857143,3.642857142857143,3.76112945640502,3.7821501581113526,1.8171428571428572,1.8171428571428572,1.69887054359498,1.6778498418886474
2020-04-24 00:00:00,3.642857142857143,3.642857142857143,3.76112945640502,3.7821501581113526,1.907142857142857,1.907142857142857,1.7888705435949799,1.7678498418886472
2020-04-27 00:00:00,3.642857142857143,3.642857142857143,3.76112945640502,3.7821501581113526,1.947142857142857,1.947142857142857,1.82887054359498,1.8078498418886473
2020-04-28 00:00:00,3.642857142857143,3.642857142857143,3.76112945640502,3.7821501581113526,1.9271428571428575,1.9271428571428575,1.8088705435949803,1.7878498418886477
2020-04-29 00:00:00,3.642857142857143,3.642857142857143,3.76112945640502,3.7821501581113526,1.827142857142857,1.827142857142857,1.7088705435949798,1.6878498418886472
2020-04-30 00:00:00,3.642857142857143,3.642857142857143,3.76112945640502,3.7821501581113526,1.7071428571428569,1.7071428571428569,1.5888705435949797,1.567849841888647
2020-05-04 00:00:00,3.642857142857143,3.642857142857143,3.76112945640502,3.7821501581113526,1.6771428571428575,1.6771428571428575,1.5588705435949803,1.5378498418886477
2020-05-05 00:00:00,3.642857142857143,3.642857142857143,3.76112945640502,3.7821501581113526,1.6371428571428575,1.6371428571428575,1.5188705435949803,1.4978498418886477
2020-05-06 00:00:00,3.642857142857143,3.642857142857143,3.76112945640502,3.7821501581113526,1.657142857142857,1.657142857142857,1.5388705435949799,1.5178498418886472
2020-05-07 00:00:00,3.642857142857143,3.642857142857143,3.76112945640502,3.7821501581113526,1.3771428571428568,1.3771428571428568,1.2588705435949796,1.237849841888647
2020-05-08 00:00:00,3.642857142857143,3.642857142857143,3.76112945640502,3.7821501581113526,1.2971428571428576,1.2971428571428576,1.1788705435949804,1.1578498418886478
2020-05-11 00:00:00,3.642857142857143,3.642857142857143,3.76112945640502,3.7821501581113526,1.3871428571428575,1.3871428571428575,1.2688705435949803,1.2478498418886477
2020-05-12 00:00:00,3.642857142857143,3.642857142857143,3.76112945640502,3.7821501581113526,1.3971428571428572,1.3971428571428572,1.27887054359498,1.2578498418886475
2020-05-13 00:00:00,3.642857142857143,3.642857142857143,3.76112945640502,3.7821501581113526,1.4371428571428573,1.4371428571428573,1.3188705435949801,1.2978498418886475
2020-05-14 00:00:00,3.642857142857143,3.642857142857143,3.76112945640502,3.7821501581113526,1.3771428571428568,1.3771428571428568,1.2588705435949796,1.237849841888647
2020-05-15 00:00:00,3.642857142857143,3.642857142857143,3.76112945640502,3.7821501581113526,1.4771428571428573,1.4771428571428573,1.3588705435949802,1.3378498418886475
2020-05-18 00:00:00,3.642857142857143,3.642857142857143,3.76112945640502,3.7821501581113526,1.4571428571428569,1.4571428571428569,1.3388705435949797,1.317849841888647
2020-05-19 00:00:00,3.642857142857143,3.642857142857143,3.76112945640502,3.7821501581113526,1.4971428571428569,1.4971428571428569,1.3788705435949797,1.357849841888647
2020-05-20 00:00:00,3.642857142857143,3.642857142857143,3.76112945640502,3.7821501581113526,1.577142857142857,1.577142857142857,1.4588705435949798,1.4378498418886472
2020-05-21 00:00:00,3.642857142857143,3.642857142857143,3.76112945640502,3.7821501581113526,1.6471428571428572,1.6471428571428572,1.52887054359498,1.5078498418886475
2020-05-22 00:00:00,3.642857142857143,3.642857142857143,3.76112945640502,3.7821501581113526,1.7271428571428573,1.7271428571428573,1.6088705435949802,1.5878498418886475
2020-05-25 00:00:00,3.642857142857143,3.642857142857143,3.76112945640502,3.7821501581113526,1.7071428571428569,1.7071428571428569,1.5888705435949797,1.567849841888647
2020-05-26 00:00:00,3.642857142857143,3.642857142857143,3.76112945640502,3.7821501581113526,1.6271428571428568,1.6271428571428568,1.5088705435949796,1.487849841888647
2020-05-27 00:00:00,3.642857142857143,3.642857142857143,3.76112945640502,3.7821501581113526,1.657142857142857,1.657142857142857,1.5388705435949799,1.5178498418886472
2020-05-28 00:00:00,3.642857142857143,3.642857142857143,3.76112945640502,3.7821501581113526,1.6671428571428568,1.6671428571428568,1.5488705435949797,1.527849841888647
2020-05-29 00:00:00,3.642857142857143,3.642857142857143,3.76112945640502,3.7821501581113526,1.657142857142857,1.657142857142857,1.5388705435949799,1.5178498418886472
2020-06-01 00:00:00,3.642857142857143,3.642857142857143,3.76112945640502,3.7821501581113526,1.697142857142857,1.697142857142857,1.57887054359498,1.5578498418886473
2020-06-02 00:00:00,3.642857142857143,3.642857142857143,3.76112945640502,3.7821501581113526,1.697142857142857,1.697142857142857,1.57887054359498,1.5578498418886473
2020-06-03 00:00:00,3.642857142857143,3.642857142857143,3.76112945640502,3.7821501581113526,1.6371428571428575,1.6371428571428575,1.5188705435949803,1.4978498418886477
2020-06-04 00:00:00,3.642857142857143,3.642857142857143,3.76112945640502,3.7821501581113526,1.6771428571428575,1.6771428571428575,1.5588705435949803,1.5378498418886477
2020-06-05 00:00:00,3.642857142857143,3.642857142857143,3.76112945640502,3.7821501581113526,1.787142857142857,1.787142857142857,1.6688705435949798,1.6478498418886471
2020-06-08 00:00:00,3.642857142857143,3.642857142857143,3.76112945640502,3.7821501581113526,1.7571428571428576,1.7571428571428576,1.6388705435949804,1.6178498418886478
2020-06-09 00:00:00,3.642857142857143,3.642857142857143,3.76112945640502,3.7821501581113526,1.657142857142857,1.657142857142857,1.5388705435949799,1.5178498418886472
2020-06-10 00:00:00,3.642857142857143,3.642857142857143,3.76112945640502,3.7821501581113526,1.537142857142857,1.537142857142857,1.4188705435949798,1.3978498418886471
2020-06-11 00:00:00,3.642857142857143,3.642857142857143,3.76112945640502,3.7821501581113526,1.447142857142857,1.447142857142857,1.32887054359498,1.3078498418886473
2020-06-12 00:00:00,3.642857142857143,3.642857142857143,3.76112945640502,3.7821501581113526,1.4371428571428573,1.4371428571428573,1.3188705435949801,1.2978498418886475
2020-06-15 00:00:00,3.642857142857143,3.642857142857143,3.76112945640502,3.7821501581113526,1.4271428571428575,1.4271428571428575,1.3088705435949803,1.2878498418886477
2020-06-16 00:00:00,3.642857142857143,3.642857142857143,3.76112945640502,3.7821501581113526,1.487142857142857,1.487142857142857,1.36887054359498,1.3478498418886473
2020-06-17 00:00:00,3.642857142857143,3.642857142857143,3.76112945640502,3.7821501581113526,1.4571428571428569,1.4571428571428569,1.3388705435949797,1.317849841888647
2020-06-18 00:00:00,3.642857142857143,3.642857142857143,3.76112945640502,3.7821501581113526,1.4171428571428568,1.4171428571428568,1.2988705435949797,1.277849841888647
2020-06-19 00:00:00,3.642857142857143,3.642857142857143,3.76112945640502,3.7821501581113526,1.3571428571428572,1.3571428571428572,1.23887054359498,1.2178498418886474
2020-06-22 00:00:00,3.642857142857143,3.642857142857143,3.76112945640502,3.7821501581113526,1.327142857142857,1.327142857142857,1.2088705435949798,1.1878498418886472
2020-06-23 00:00:00,3.642857142857143,3.642857142857143,3.76112945640502,3.7821501581113526,1.287142857142857,1.287142857142857,1.1688705435949798,1.1478498418886471
2020-06-24 00:00:00,3.642857142857143,3.642857142857143,3.76112945640502,3.7821501581113526,1.3071428571428574,1.3071428571428574,1.1888705435949802,1.1678498418886476
2020-06-25 00:00:00,3.642857142857143,3.642857142857143,3.76112945640502,3.7821501581113526,1.2671428571428573,1.2671428571428573,1.1488705435949802,1.1278498418886476
2020-06-26 00:00:00,3.642857142857143,3.642857142857143,3.76112945640502,3.7821501581113526,1.197142857142857,1.197142857142857,1.07887054359498,1.0578498418886473
2020-06-29 00:00:00,3.642857142857143,3.642857142857143,3.76112945640502,3.7821501581113526,1.1871428571428573,1.1871428571428573,1.0688705435949801,1.0478498418886475
2020-06-30 00:00:00,3.642857142857143,3.642857142857143,3.76112945640502,3.7821501581113526,1.1271428571428568,1.1271428571428568,1.0088705435949796,0.987849841888647
2020-07-01 00:00:00,3.642857142857143,3.642857142857143,3.76112945640502,3.7821501581113526,1.0571428571428574,1.0571428571428574,0.9388705435949802,0.9178498418886476
2020-07-02 00:00:00,3.642857142857143,3.642857142857143,3.76112945640502,3.7821501581113526,1.077142857142857,1.077142857142857,0.9588705435949798,0.9378498418886472
2020-07-03 00:00:00,3.642857142857143,3.642857142857143,3.76112945640502,3.7821501581113526,1.0871428571428576,1.0871428571428576,0.9688705435949805,0.9478498418886478
2020-07-06 00:00:00,3.642857142857143,3.642857142857143,3.76112945640502,3.7821501581113526,1.1071428571428572,1.1071428571428572,0.9888705435949801,0.9678498418886474
2020-07-07 00:00:00,3.642857142857143,3.642857142857143,3.76112945640502,3.7821501581113526,1.1471428571428572,1.1471428571428572,1.02887054359498,1.0078498418886475
2020-07-08 00:00:00,3.642857142857143,3.642857142857143,3.76112945640502,3.7821501581113526,1.2271428571428573,1.2271428571428573,1.1088705435949802,1.0878498418886475
2020-07-09 00:00:00,3.642857142857143,3.642857142857143,3.76112945640502,3.7821501581113526,1.2571428571428576,1.2571428571428576,1.1388705435949804,1.1178498418886478
2020-07-10 00:00:00,3.642857142857143,3.642857142857143,3.76112945640502,3.7821501581113526,1.1771428571428575,1.1771428571428575,1.0588705435949803,1.0378498418886477
2020-07-13 00:00:00,3.642857142857143,3.642857142857143,3.76112945640502,3.7821501581113526,1.1471428571428572,1.1471428571428572,1.02887054359498,1.0078498418886475
2020-07-14 00:00:00,3.642857142857143,3.642857142857143,3.76112945640502,3.7821501581113526,1.157142857142857,1.157142857142857,1.0388705435949799,1.0178498418886472
2020-07-15 00:00:00,3.642857142857143,3.642857142857143,3.76112945640502,3.7821501581113526,1.1671428571428568,1.1671428571428568,1.0488705435949797,1.027849841888647
2020-07-16 00:00:00,3.642857142857143,3.642857142857143,3.76112945640502,3.7821501581113526,1.2171428571428575,1.2171428571428575,1.0988705435949804,1.0778498418886477
2020-07-17 00:00:00,3.642857142857143,3.642857142857143,3.76112945640502,3.7821501581113526,1.2471428571428569,1.2471428571428569,1.1288705435949797,1.107849841888647
2020-07-20 00:00:00,3.642857142857143,3.642857142857143,3.76112945640502,3.7821501581113526,1.287142857142857,1.287142857142857,1.1688705435949798,1.1478498418886471
2020-07-21 00:00:00,3.642857142857143,3.642857142857143,3.76112945640502,3.7821501581113526,1.2271428571428573,1.2271428571428573,1.1088705435949802,1.0878498418886475
2020-07-22 00:00:00,3.642857142857143,3.642857142857143,3.76112945640502,3.7821501581113526,1.197142857142857,1.197142857142857,1.07887054359498,1.0578498418886473
2020-07-23 00:00:00,3.642857142857143,3.642857142857143,3.76112945640502,3.7821501581113526,1.1871428571428573,1.1871428571428573,1.0688705435949801,1.0478498418886475
2020-07-24 00:00:00,3.642857142857143,3.642857142857143,3.76112945640502,3.7821501581113526,1.1871428571428573,1.1871428571428573,1.0688705435949801,1.0478498418886475
2020-07-27 00:00:00,3.642857142857143,3.642857142857143,3.76112945640502,3.7821501581113526,1.1771428571428575,1.1771428571428575,1.0588705435949803,1.0378498418886477
2020-07-28 00:00:00,3.642857142857143,3.642857142857143,3.76112945640502,3.7821501581113526,1.1671428571428568,1.1671428571428568,1.0488705435949797,1.027849841888647
2020-07-29 00:00:00,3.642857142857143,3.642857142857143,3.76112945640502,3.7821501581113526,1.197142857142857,1.197142857142857,1.07887054359498,1.0578498418886473
2020-07-30 00:00:00,3.642857142857143,3.642857142857143,3.76112945640502,3.7821501581113526,1.1871428571428573,1.1871428571428573,1.0688705435949801,1.0478498418886475
2020-07-31 00:00:00,3.642857142857143,3.642857142857143,3.76112945640502,3.7821501581113526,1.1771428571428575,1.1771428571428575,1.0588705435949803,1.0378498418886477
2020-08-03 00:00:00,3.642857142857143,3.642857142857143,3.76112945640502,3.7821501581113526,1.2071428571428569,1.2071428571428569,1.0888705435949797,1.067849841888647
2020-08-04 00:00:00,3.642857142857143,3.642857142857143,3.76112945640502,3.7821501581113526,1.1871428571428573,1.1871428571428573,1.0688705435949801,1.0478498418886475
2020-08-05 00:00:00,3.642857142857143,3.642857142857143,3.76112945640502,3.7821501581113526,1.157142857142857,1.157142857142857,1.0388705435949799,1.0178498418886472
2020-08-06 00:00:00,3.642857142857143,3.642857142857143,3.76112945640502,3.7821501581113526,1.1271428571428568,1.1271428571428568,1.0088705435949796,0.987849841888647
2020-08-07 00:00:00,3.642857142857143,3.642857142857143,3.76112945640502,3.7821501581113526,1.1371428571428575,1.1371428571428575,1.0188705435949803,0.9978498418886477
2020-08-10 00:00:00,3.642857142857143,3.642857142857143,3.76112945640502,3.7821501581113526,1.1671428571428568,1.1671428571428568,1.0488705435949797,1.027849841888647
2020-08-11 00:00:00,3.642857142857143,3.642857142857143,3.76112945640502,3.7821501581113526,1.242142857142857,1.242142857142857,1.1238705435949798,1.1028498418886472
2020-08-12 00:00:00,3.642857142857143,3.642857142857143,3.76112945640502,3.7821501581113526,1.237142857142857,1.237142857142857,1.11887054359498,1.0978498418886473
2020-08-13 00:00:00,3.642857142857143,3.642857142857143,3.76112945640502,3.7821501581113526,1.197142857142857,1.197142857142857,1.07887054359498,1.0578498418886473
2020-08-14 00:00:00,3.642857142857143,3.642857142857143,3.76112945640502,3.7821501581113526,1.2071428571428569,1.2071428571428569,1.0888705435949797,1.067849841888647
2020-08-17 00:00:00,3.642857142857143,3.642857142857143,3.76112945640502,3.7821501581113526,1.2221428571428574,1.2221428571428574,1.1038705435949803,1.0828498418886476
2020-08-18 00:00:00,3.642857142857143,3.642857142857143,3.76112945640502,3.7821501581113526,1.2271428571428573,1.2271428571428573,1.1088705435949802,1.0878498418886475
2020-08-19 00:00:00,3.642857142857143,3.642857142857143,3.76112945640502,3.7821501581113526,1.2171428571428575,1.2171428571428575,1.0988705435949804,1.0778498418886477
2020-08-20 00:00:00,3.642857142857143,3.642857142857143,3.76112945640502,3.7821501581113526,1.242142857142857,1.242142857142857,1.1238705435949798,1.1028498418886472
2020-08-21 00:00:00,3.642857142857143,3.642857142857143,3.76112945640502,3.7821501581113526,1.2671428571428573,1.2671428571428573,1.1488705435949802,1.1278498418886476
2020-08-24 00:00:00,3.642857142857143,3.642857142857143,3.76112945640502,3.7821501581113526,1.3121428571428573,1.3121428571428573,1.1938705435949801,1.1728498418886475
2020-08-25 00:00:00,3.642857142857143,3.642857142857143,3.76112945640502,3.7821501581113526,1.3071428571428574,1.3071428571428574,1.1888705435949802,1.1678498418886476
2020-08-26 00:00:00,3.642857142857143,3.642857142857143,3.76112945640502,3.7821501581113526,1.327142857142857,1.327142857142857,1.2088705435949798,1.1878498418886472
2020-08-27 00:00:00,3.642857142857143,3.642857142857143,3.76112945640502,3.7821501581113526,1.2971428571428576,1.2971428571428576,1.1788705435949804,1.1578498418886478
2020-08-28 00:00:00,3.642857142857143,3.642857142857143,3.76112945640502,3.7821501581113526,1.2671428571428573,1.2671428571428573,1.1488705435949802,1.1278498418886476
2020-08-31 00:00:00,3.642857142857143,3.642857142857143,3.76112945640502,3.7821501581113526,1.2571428571428576,1.2571428571428576,1.1388705435949804,1.1178498418886478
2020-09-01 00:00:00,3.642857142857143,3.642857142857143,3.76112945640502,3.7821501581113526,1.2221428571428574,1.2221428571428574,1.1038705435949803,1.0828498418886476
2020-09-02 00:00:00,3.642857142857143,3.642857142857143,3.76112945640502,3.7821501581113526,1.197142857142857,1.197142857142857,1.07887054359498,1.0578498418886473
2020-09-03 00:00:00,3.642857142857143,3.642857142857143,3.76112945640502,3.7821501581113526,1.197142857142857,1.197142857142857,1.07887054359498,1.0578498418886473
2020-09-04 00:00:00,3.642857142857143,3.642857142857143,3.76112945640502,3.7821501581113526,1.2071428571428569,1.2071428571428569,1.0888705435949797,1.067849841888647
2020-09-07 00:00:00,3.642857142857143,3.642857142857143,3.76112945640502,3.7821501581113526,1.197142857142857,1.197142857142857,1.07887054359498,1.0578498418886473
2020-09-08 00:00:00,3.642857142857143,3.642857142857143,3.76112945640502,3.7821501581113526,1.2171428571428575,1.2171428571428575,1.0988705435949804,1.0778498418886477
2020-09-09 00:00:00,3.642857142857143,3.642857142857143,3.76112945640502,3.7821501581113526,1.2071428571428569,1.2071428571428569,1.0888705435949797,1.067849841888647
2020-09-10 00:00:00,3.642857142857143,3.642857142857143,3.76112945640502,3.7821501581113526,1.2071428571428569,1.2071428571428569,1.0888705435949797,1.067849841888647
2020-09-11 00:00:00,3.642857142857143,3.642857142857143,3.76112945640502,3.7821501581113526,1.1871428571428573,1.1871428571428573,1.0688705435949801,1.0478498418886475
2020-09-14 00:00:00,3.642857142857143,3.642857142857143,3.76112945640502,3.7821501581113526,1.1471428571428572,1.1471428571428572,1.02887054359498,1.0078498418886475
2020-09-15 00:00:00,3.642857142857143,3.642857142857143,3.76112945640502,3.7821501581113526,1.117142857142857,1.117142857142857,0.9988705435949798,0.9778498418886472
2020-09-17 00:00:00,3.642857142857143,3.642857142857143,3.76112945640502,3.7821501581113526,1.0971428571428574,1.0971428571428574,0.9788705435949803,0.9578498418886476
2020-09-18 00:00:00,3.642857142857143,3.642857142857143,3.76112945640502,3.7821501581113526,1.0971428571428574,1.0971428571428574,0.9788705435949803,0.9578498418886476
2020-09-21 00:00:00,3.642857142857143,3.642857142857143,3.76112945640502,3.7821501581113526,1.117142857142857,1.117142857142857,0.9988705435949798,0.9778498418886472
2020-09-22 00:00:00,3.642857142857143,3.642857142857143,3.76112945640502,3.7821501581113526,1.157142857142857,1.157142857142857,1.0388705435949799,1.0178498418886472
2020-09-23 00:00:00,3.642857142857143,3.642857142857143,3.76112945640502,3.7821501581113526,1.1771428571428575,1.1771428571428575,1.0588705435949803,1.0378498418886477
2020-09-24 00:00:00,3.642857142857143,3.642857142857143,3.76112945640502,3.7821501581113526,1.1471428571428572,1.1471428571428572,1.02887054359498,1.0078498418886475
2020-09-25 00:00:00,3.642857142857143,3.642857142857143,3.76112945640502,3.7821501581113526,1.1371428571428575,1.1371428571428575,1.0188705435949803,0.9978498418886477
2020-09-28 00:00:00,3.642857142857143,3.642857142857143,3.76112945640502,3.7821501581113526,1.1671428571428568,1.1671428571428568,1.0488705435949797,1.027849841888647
2020-09-29 00:00:00,3.642857142857143,3.642857142857143,3.76112945640502,3.7821501581113526,1.2171428571428575,1.2171428571428575,1.0988705435949804,1.0778498418886477
2020-09-30 00:00:00,3.642857142857143,3.642857142857143,3.76112945640502,3.7821501581113526,1.2271428571428573,1.2271428571428573,1.1088705435949802,1.0878498418886475
2020-10-01 00:00:00,3.642857142857143,3.642857142857143,3.76112945640502,3.7821501581113526,1.2271428571428573,1.2271428571428573,1.1088705435949802,1.0878498418886475
2020-10-02 00:00:00,3.642857142857143,3.642857142857143,3.76112945640502,3.7821501581113526,1.2171428571428575,1.2171428571428575,1.0988705435949804,1.0778498418886477
2020-10-05 00:00:00,3.642857142857143,3.642857142857143,3.76112945640502,3.7821501581113526,1.2071428571428569,1.2071428571428569,1.0888705435949797,1.067849841888647
2020-10-06 00:00:00,3.642857142857143,3.642857142857143,3.76112945640502,3.7821501581113526,1.2071428571428569,1.2071428571428569,1.0888705435949797,1.067849841888647
2020-10-07 00:00:00,3.642857142857143,3.642857142857143,3.76112945640502,3.7821501581113526,1.1871428571428573,1.1871428571428573,1.0688705435949801,1.0478498418886475
2020-10-08 00:00:00,3.642857142857143,3.642857142857143,3.76112945640502,3.7821501581113526,1.1821428571428574,1.1821428571428574,1.0638705435949802,1.0428498418886476
2020-10-09 00:00:00,3.642857142857143,3.642857142857143,3.76112945640502,3.7821501581113526,1.1071428571428572,1.1071428571428572,0.9888705435949801,0.9678498418886474
2020-10-12 00:00:00,3.642857142857143,3.642857142857143,3.76112945640502,3.7821501581113526,1.1071428571428572,1.1071428571428572,0.9888705435949801,0.9678498418886474
2020-10-13 00:00:00,3.642857142857143,3.642857142857143,3.76112945640502,3.7821501581113526,1.1271428571428568,1.1271428571428568,1.0088705435949796,0.987849841888647
2020-10-14 00:00:00,3.642857142857143,3.642857142857143,3.76112945640502,3.7821501581113526,1.1371428571428575,1.1371428571428575,1.0188705435949803,0.9978498418886477
2020-10-15 00:00:00,3.642857142857143,3.642857142857143,3.76112945640502,3.7821501581113526,1.1671428571428568,1.1671428571428568,1.0488705435949797,1.027849841888647
2020-10-16 00:00:00,3.642857142857143,3.642857142857143,3.76112945640502,3.7821501581113526,1.197142857142857,1.197142857142857,1.07887054359498,1.0578498418886473
2020-10-19 00:00:00,3.642857142857143,3.642857142857143,3.76112945640502,3.7821501581113526,1.2221428571428574,1.2221428571428574,1.1038705435949803,1.0828498418886476
2020-10-20 00:00:00,3.642857142857143,3.642857142857143,3.76112945640502,3.7821501581113526,1.197142857142857,1.197142857142857,1.07887054359498,1.0578498418886473
2020-10-21 00:00:00,3.642857142857143,3.642857142857143,3.76112945640502,3.7821501581113526,1.202142857142857,1.202142857142857,1.0838705435949798,1.0628498418886472
2020-10-22 00:00:00,3.642857142857143,3.642857142857143,3.76112945640502,3.7821501581113526,1.2721428571428572,1.2721428571428572,1.15387054359498,1.1328498418886475
2020-10-23 00:00:00,3.642857142857143,3.642857142857143,3.76112945640502,3.7821501581113526,1.2671428571428573,1.2671428571428573,1.1488705435949802,1.1278498418886476
2020-10-26 00:00:00,3.642857142857143,3.642857142857143,3.76112945640502,3.7821501581113526,1.2571428571428576,1.2571428571428576,1.1388705435949804,1.1178498418886478
2020-10-27 00:00:00,3.642857142857143,3.642857142857143,3.76112945640502,3.7821501581113526,1.237142857142857,1.237142857142857,1.11887054359498,1.0978498418886473
2020-10-28 00:00:00,3.642857142857143,3.642857142857143,3.76112945640502,3.7821501581113526,1.2771428571428571,1.2771428571428571,1.15887054359498,1.1378498418886474
2020-10-29 00:00:00,3.642857142857143,3.642857142857143,3.76112945640502,3.7821501581113526,1.2671428571428573,1.2671428571428573,1.1488705435949802,1.1278498418886476
2020-10-30 00:00:00,3.642857142857143,3.642857142857143,3.76112945640502,3.7821501581113526,1.3421428571428575,1.3421428571428575,1.2238705435949804,1.2028498418886477
2020-11-03 00:00:00,3.642857142857143,3.642857142857143,3.76112945640502,3.7821501581113526,1.367142857142857,1.367142857142857,1.2488705435949798,1.2278498418886472
2020-11-04 00:00:00,3.642857142857143,3.642857142857143,3.76112945640502,3.7821501581113526,1.242142857142857,1.242142857142857,1.1238705435949798,1.1028498418886472
2020-11-05 00:00:00,3.642857142857143,3.642857142857143,3.76112945640502,3.7821501581113526,1.117142857142857,1.117142857142857,0.9988705435949798,0.9778498418886472
2020-11-06 00:00:00,3.642857142857143,3.642857142857143,3.76112945640502,3.7821501581113526,1.0871428571428576,1.0871428571428576,0.9688705435949805,0.9478498418886478
2020-11-09 00:00:00,3.642857142857143,3.642857142857143,3.76112945640502,3.7821501581113526,1.0971428571428574,1.0971428571428574,0.9788705435949803,0.9578498418886476
2020-11-10 00:00:00,3.642857142857143,3.642857142857143,3.76112945640502,3.7821501581113526,1.0971428571428574,1.0971428571428574,0.9788705435949803,0.9578498418886476
2020-11-11 00:00:00,3.642857142857143,3.642857142857143,3.76112945640502,3.7821501581113526,1.077142857142857,1.077142857142857,0.9588705435949798,0.9378498418886472
2020-11-12 00:00:00,3.642857142857143,3.642857142857143,3.76112945640502,3.7821501581113526,1.0571428571428574,1.0571428571428574,0.9388705435949802,0.9178498418886476
2020-11-13 00:00:00,3.642857142857143,3.642857142857143,3.76112945640502,3.7821501581113526,1.2171428571428575,1.2171428571428575,1.0988705435949804,1.0778498418886477
2020-11-17 00:00:00,3.642857142857143,3.642857142857143,3.76112945640502,3.7821501581113526,1.2771428571428571,1.2771428571428571,1.15887054359498,1.1378498418886474
2020-11-18 00:00:00,3.642857142857143,3.642857142857143,3.76112945640502,3.7821501581113526,1.2171428571428575,1.2171428571428575,1.0988705435949804,1.0778498418886477
2020-11-19 00:00:00,3.642857142857143,3.642857142857143,3.76112945640502,3.7821501581113526,1.157142857142857,1.157142857142857,1.0388705435949799,1.0178498418886472
2020-11-20 00:00:00,3.642857142857143,3.642857142857143,3.76112945640502,3.7821501581113526,1.1271428571428568,1.1271428571428568,1.0088705435949796,0.987849841888647
2020-11-23 00:00:00,3.642857142857143,3.642857142857143,3.76112945640502,3.7821501581113526,1.077142857142857,1.077142857142857,0.9588705435949798,0.9378498418886472
2020-11-24 00:00:00,3.642857142857143,3.642857142857143,3.76112945640502,3.7821501581113526,1.037142857142857,1.037142857142857,0.9188705435949798,0.8978498418886471
2020-11-25 00:00:00,3.642857142857143,3.642857142857143,3.76112945640502,3.7821501581113526,1.0871428571428576,1.0871428571428576,0.9688705435949805,0.9478498418886478
2020-11-26 00:00:00,3.642857142857143,3.642857142857143,3.76112945640502,3.7821501581113526,1.0971428571428574,1.0971428571428574,0.9788705435949803,0.9578498418886476
2020-11-27 00:00:00,3.642857142857143,3.642857142857143,3.76112945640502,3.7821501581113526,1.1071428571428572,1.1071428571428572,0.9888705435949801,0.9678498418886474
2020-11-30 00:00:00,3.642857142857143,3.642857142857143,3.76112945640502,3.7821501581113526,1.0671428571428572,1.0671428571428572,0.94887054359498,0.9278498418886474
2020-12-01 00:00:00,3.642857142857143,3.642857142857143,3.76112945640502,3.7821501581113526,1.077142857142857,1.077142857142857,0.9588705435949798,0.9378498418886472
2020-12-02 00:00:00,3.642857142857143,3.642857142857143,3.76112945640502,3.7821501581113526,1.0471428571428576,1.0471428571428576,0.9288705435949804,0.9078498418886478
2020-12-03 00:00:00,3.642857142857143,3.642857142857143,3.76112945640502,3.7821501581113526,1.0171428571428573,1.0171428571428573,0.8988705435949802,0.8778498418886476
2020-12-04 00:00:00,3.642857142857143,3.642857142857143,3.76112945640502,3.7821501581113526,1.0071428571428576,1.0071428571428576,0.8888705435949804,0.8678498418886478
2020-12-07 00:00:00,3.642857142857143,3.642857142857143,3.76112945640502,3.7821501581113526,0.9771428571428573,0.9771428571428573,0.8588705435949802,0.8378498418886475
2020-12-08 00:00:00,3.642857142857143,3.642857142857143,3.76112945640502,3.7821501581113526,0.9171428571428568,0.9171428571428568,0.7988705435949797,0.777849841888647
2020-12-09 00:00:00,3.642857142857143,3.642857142857143,3.76112945640502,3.7821501581113526,0.8871428571428575,0.8871428571428575,0.7688705435949803,0.7478498418886477
2020-12-10 00:00:00,3.642857142857143,3.642857142857143,3.76112945640502,3.7821501581113526,0.9371428571428573,0.9371428571428573,0.8188705435949801,0.7978498418886475
2020-12-11 00:00:00,3.642857142857143,3.642857142857143,3.76112945640502,3.7821501581113526,0.9471428571428571,0.9471428571428571,0.8288705435949799,0.8078498418886473
2020-12-14 00:00:00,3.642857142857143,3.642857142857143,3.76112945640502,3.7821501581113526,0.9671428571428575,0.9671428571428575,0.8488705435949804,0.8278498418886477
2020-12-15 00:00:00,3.642857142857143,3.642857142857143,3.76112945640502,3.7821501581113526,0.9571428571428569,0.9571428571428569,0.8388705435949797,0.8178498418886471
2020-12-16 00:00:00,3.642857142857143,3.642857142857143,3.76112945640502,3.7821501581113526,0.907142857142857,0.907142857142857,0.7888705435949799,0.7678498418886472
2020-12-17 00:00:00,3.642857142857143,3.642857142857143,3.76112945640502,3.7821501581113526,0.8771428571428568,0.8771428571428568,0.7588705435949796,0.737849841888647
2020-12-18 00:00:00,3.642857142857143,3.642857142857143,3.76112945640502,3.7821501581113526,0.7971428571428576,0.7971428571428576,0.6788705435949804,0.6578498418886478
2020-12-21 00:00:00,3.642857142857143,3.642857142857143,3.76112945640502,3.7821501581113526,0.7771428571428571,0.7771428571428571,0.65887054359498,0.6378498418886474
2020-12-22 00:00:00,3.642857142857143,3.642857142857143,3.76112945640502,3.7821501581113526,0.7771428571428571,0.7771428571428571,0.65887054359498,0.6378498418886474
2020-12-23 00:00:00,3.642857142857143,3.642857142857143,3.76112945640502,3.7821501581113526,0.7921428571428568,0.7921428571428568,0.6738705435949797,0.652849841888647
2020-12-24 00:00:00,3.642857142857143,3.642857142857143,3.76112945640502,3.7821501581113526,0.8071428571428574,0.8071428571428574,0.6888705435949802,0.6678498418886476
2020-12-28 00:00:00,3.642857142857143,3.642857142857143,3.76112945640502,3.7821501581113526,0.8071428571428574,0.8071428571428574,0.6888705435949802,0.6678498418886476
2020-12-29 00:00:00,3.642857142857143,3.642857142857143,3.76112945640502,3.7821501581113526,0.8171428571428572,0.8171428571428572,0.69887054359498,0.6778498418886474
2020-12-30 00:00:00,3.642857142857143,3.642857142857143,3.76112945640502,3.7821501581113526,0.8471428571428574,0.8471428571428574,0.7288705435949803,0.7078498418886476
2020-12-31 00:00:00,3.642857142857143,3.642857142857143,3.76112945640502,3.7821501581113526,0.8571428571428572,0.8571428571428572,0.7388705435949801,0.7178498418886474
2021-01-04 00:00:00,3.642857142857143,3.642857142857143,3.76112945640502,3.7821501581113526,0.8471428571428574,0.8471428571428574,0.7288705435949803,0.7078498418886476
2021-01-05 00:00:00,3.642857142857143,3.642857142857143,3.76112945640502,3.7821501581113526,0.8071428571428574,0.8071428571428574,0.6888705435949802,0.6678498418886476
2021-01-06 00:00:00,3.642857142857143,3.642857142857143,3.76112945640502,3.7821501581113526,0.7971428571428576,0.7971428571428576,0.6788705435949804,0.6578498418886478
2021-01-07 00:00:00,3.642857142857143,3.642857142857143,3.76112945640502,3.7821501581113526,0.7671428571428573,0.7671428571428573,0.6488705435949802,0.6278498418886476
2021-01-08 00:00:00,3.642857142857143,3.642857142857143,3.76112945640502,3.7821501581113526,0.7671428571428573,0.7671428571428573,0.6488705435949802,0.6278498418886476
2021-01-11 00:00:00,3.642857142857143,3.642857142857143,3.76112945640502,3.7821501581113526,0.7771428571428571,0.7771428571428571,0.65887054359498,0.6378498418886474
2021-01-12 00:00:00,3.642857142857143,3.642857142857143,3.76112945640502,3.7821501581113526,0.7871428571428569,0.7871428571428569,0.6688705435949798,0.6478498418886471
2021-01-13 00:00:00,3.642857142857143,3.642857142857143,3.76112945640502,3.7821501581113526,0.827142857142857,0.827142857142857,0.7088705435949798,0.6878498418886472
2021-01-14 00:00:00,3.642857142857143,3.642857142857143,3.76112945640502,3.7821501581113526,0.8471428571428574,0.8471428571428574,0.7288705435949803,0.7078498418886476
2021-01-15 00:00:00,3.642857142857143,3.642857142857143,3.76112945640502,3.7821501581113526,0.8121428571428573,0.8121428571428573,0.6938705435949801,0.6728498418886475
2021-01-18 00:00:00,3.642857142857143,3.642857142857143,3.76112945640502,3.7821501581113526,0.8021428571428575,0.8021428571428575,0.6838705435949803,0.6628498418886477
2021-01-19 00:00:00,3.642857142857143,3.642857142857143,3.76112945640502,3.7821501581113526,0.8121428571428573,0.8121428571428573,0.6938705435949801,0.6728498418886475
2021-01-20 00:00:00,3.642857142857143,3.642857142857143,3.76112945640502,3.7821501581113526,0.7621428571428575,0.7621428571428575,0.6438705435949803,0.6228498418886477
2021-01-21 00:00:00,3.642857142857143,3.642857142857143,3.76112945640502,3.7821501581113526,0.7471428571428569,0.7471428571428569,0.6288705435949797,0.6078498418886471
2021-01-22 00:00:00,3.642857142857143,3.642857142857143,3.76112945640502,3.7821501581113526,0.7471428571428569,0.7471428571428569,0.6288705435949797,0.6078498418886471
2021-01-25 00:00:00,3.642857142857143,3.642857142857143,3.76112945640502,3.7821501581113526,0.7371428571428571,0.7371428571428571,0.61887054359498,0.5978498418886473
2021-01-26 00:00:00,3.642857142857143,3.642857142857143,3.76112945640502,3.7821501581113526,0.6971428571428571,0.6971428571428571,0.5788705435949799,0.5578498418886473
2021-01-27 00:00:00,3.642857142857143,3.642857142857143,3.76112945640502,3.7821501581113526,0.6971428571428571,0.6971428571428571,0.5788705435949799,0.5578498418886473
2021-01-28 00:00:00,3.642857142857143,3.642857142857143,3.76112945640502,3.7821501581113526,0.6971428571428571,0.6971428571428571,0.5788705435949799,0.5578498418886473
2021-01-29 00:00:00,3.642857142857143,3.642857142857143,3.76112945640502,3.7821501581113526,0.6971428571428571,0.6971428571428571,0.5788705435949799,0.5578498418886473
2021-02-02 00:00:00,3.642857142857143,3.642857142857143,3.76112945640502,3.7821501581113526,0.657142857142857,0.657142857142857,0.5388705435949799,0.5178498418886472
2021-02-03 00:00:00,3.642857142857143,3.642857142857143,3.76112945640502,3.7821501581113526,0.6771428571428575,0.6771428571428575,0.5588705435949803,0.5378498418886477
2021-02-04 00:00:00,3.642857142857143,3.642857142857143,3.76112945640502,3.7821501581113526,0.6971428571428571,0.6971428571428571,0.5788705435949799,0.5578498418886473
2021-02-05 00:00:00,3.642857142857143,3.642857142857143,3.76112945640502,3.7821501581113526,0.7071428571428569,0.7071428571428569,0.5888705435949797,0.5678498418886471
2021-02-08 00:00:00,3.642857142857143,3.642857142857143,3.76112945640502,3.7821501581113526,0.7771428571428571,0.7771428571428571,0.65887054359498,0.6378498418886474
2021-02-09 00:00:00,3.642857142857143,3.642857142857143,3.76112945640502,3.7821501581113526,0.7771428571428571,0.7771428571428571,0.65887054359498,0.6378498418886474
2021-02-10 00:00:00,3.642857142857143,3.642857142857143,3.76112945640502,3.7821501581113526,0.7871428571428569,0.7871428571428569,0.6688705435949798,0.6478498418886471
2021-02-11 00:00:00,3.642857142857143,3.642857142857143,3.76112945640502,3.7821501581113526,0.6771428571428575,0.6771428571428575,0.5588705435949803,0.5378498418886477
2021-02-12 00:00:00,3.642857142857143,3.642857142857143,3.76112945640502,3.7821501581113526,0.7071428571428569,0.7071428571428569,0.5888705435949797,0.5678498418886471
2021-02-15 00:00:00,3.642857142857143,3.642857142857143,3.76112945640502,3.7821501581113526,0.7071428571428569,0.7071428571428569,0.5888705435949797,0.5678498418886471
2021-02-16 00:00:00,3.642857142857143,3.642857142857143,3.76112945640502,3.7821501581113526,0.7871428571428569,0.7871428571428569,0.6688705435949798,0.6478498418886471
2021-02-17 00:00:00,3.642857142857143,3.642857142857143,3.76112945640502,3.7821501581113526,0.7971428571428576,0.7971428571428576,0.6788705435949804,0.6578498418886478
2021-02-18 00:00:00,3.642857142857143,3.642857142857143,3.76112945640502,3.7821501581113526,0.8571428571428572,0.8571428571428572,0.7388705435949801,0.7178498418886474
2021-02-19 00:00:00,3.642857142857143,3.642857142857143,3.76112945640502,3.7821501581113526,0.8871428571428575,0.8871428571428575,0.7688705435949803,0.7478498418886477
2021-02-22 00:00:00,3.642857142857143,3.642857142857143,3.76112945640502,3.7821501581113526,0.9671428571428575,0.9671428571428575,0.8488705435949804,0.8278498418886477
2021-02-23 00:00:00,3.642857142857143,3.642857142857143,3.76112945640502,3.7821501581113526,0.867142857142857,0.867142857142857,0.7488705435949798,0.7278498418886472
2021-02-24 00:00:00,3.642857142857143,3.642857142857143,3.76112945640502,3.7821501581113526,0.907142857142857,0.907142857142857,0.7888705435949799,0.7678498418886472
2021-02-25 00:00:00,3.642857142857143,3.642857142857143,3.76112945640502,3.7821501581113526,1.077142857142857,1.077142857142857,0.9588705435949798,0.9378498418886472
2021-02-26 00:00:00,3.642857142857143,3.642857142857143,3.76112945640502,3.7821501581113526,1.0471428571428576,1.0471428571428576,0.9288705435949804,0.9078498418886478
2021-03-01 00:00:00,3.642857142857143,3.642857142857143,3.76112945640502,3.7821501581113526,0.9771428571428573,0.9771428571428573,0.8588705435949802,0.8378498418886475
2021-03-02 00:00:00,3.642857142857143,3.642857142857143,3.76112945640502,3.7821501581113526,0.9771428571428573,0.9771428571428573,0.8588705435949802,0.8378498418886475
2021-03-03 00:00:00,3.642857142857143,3.642857142857143,3.76112945640502,3.7821501581113526,1.0471428571428576,1.0471428571428576,0.9288705435949804,0.9078498418886478
2021-03-04 00:00:00,3.642857142857143,3.642857142857143,3.76112945640502,3.7821501581113526,1.157142857142857,1.157142857142857,1.0388705435949799,1.0178498418886472
2021-03-05 00:00:00,3.642857142857143,3.642857142857143,3.76112945640502,3.7821501581113526,1.237142857142857,1.237142857142857,1.11887054359498,1.0978498418886473
2021-03-08 00:00:00,3.642857142857143,3.642857142857143,3.76112945640502,3.7821501581113526,1.237142857142857,1.237142857142857,1.11887054359498,1.0978498418886473
2021-03-09 00:00:00,3.642857142857143,3.642857142857143,3.76112945640502,3.7821501581113526,1.2671428571428573,1.2671428571428573,1.1488705435949802,1.1278498418886476
2021-03-10 00:00:00,3.642857142857143,3.642857142857143,3.76112945640502,3.7821501581113526,1.3071428571428574,1.3071428571428574,1.1888705435949802,1.1678498418886476
2021-03-11 00:00:00,3.642857142857143,3.642857142857143,3.76112945640502,3.7821501581113526,1.287142857142857,1.287142857142857,1.1688705435949798,1.1478498418886471
2021-03-12 00:00:00,3.642857142857143,3.642857142857143,3.76112945640502,3.7821501581113526,1.3571428571428572,1.3571428571428572,1.23887054359498,1.2178498418886474
2021-03-16 00:00:00,3.642857142857143,3.642857142857143,3.76112945640502,3.7821501581113526,1.447142857142857,1.447142857142857,1.32887054359498,1.3078498418886473
2021-03-17 00:00:00,3.642857142857143,3.642857142857143,3.76112945640502,3.7821501581113526,1.3871428571428575,1.3871428571428575,1.2688705435949803,1.2478498418886477
2021-03-18 00:00:00,3.642857142857143,3.642857142857143,3.76112945640502,3.7821501581113526,1.5171428571428573,1.5171428571428573,1.3988705435949802,1.3778498418886476
2021-03-19 00:00:00,3.642857142857143,3.642857142857143,3.76112945640502,3.7821501581113526,1.577142857142857,1.577142857142857,1.4588705435949798,1.4378498418886472
2021-03-22 00:00:00,3.642857142857143,3.642857142857143,3.76112945640502,3.7821501581113526,1.6371428571428575,1.6371428571428575,1.5188705435949803,1.4978498418886477
2021-03-23 00:00:00,3.642857142857143,3.642857142857143,3.76112945640502,3.7821501581113526,1.7271428571428573,1.7271428571428573,1.6088705435949802,1.5878498418886475
2021-03-24 00:00:00,3.642857142857143,3.642857142857143,3.76112945640502,3.7821501581113526,1.9971428571428569,1.9971428571428569,1.8788705435949797,1.857849841888647
2021-03-25 00:00:00,3.642857142857143,3.642857142857143,3.76112945640502,3.7821501581113526,1.862142857142857,1.862142857142857,1.74387054359498,1.7228498418886473
2021-03-26 00:00:00,3.642857142857143,3.642857142857143,3.76112945640502,3.7821501581113526,1.862142857142857,1.862142857142857,1.74387054359498,1.7228498418886473
2021-03-29 00:00:00,3.642857142857143,3.642857142857143,3.76112945640502,3.7821501581113526,1.9821428571428572,1.9821428571428572,1.86387054359498,1.8428498418886474
2021-03-30 00:00:00,3.2857142857142856,3.2857142857142856,3.106877499033857,3.1375357891638207,2.3642857142857148,2.3642857142857148,2.5431225009661436,2.5124642108361797
2021-03-31 00:00:00,3.2857142857142856,3.2857142857142856,3.106877499033857,3.1375357891638207,2.3042857142857143,2.3042857142857143,2.483122500966143,2.452464210836179
2021-04-05 00:00:00,3.2857142857142856,3.2857142857142856,3.106877499033857,3.1375357891638207,2.279285714285715,2.279285714285715,2.4581225009661436,2.4274642108361797
2021-04-06 00:00:00,3.2857142857142856,3.2857142857142856,3.106877499033857,3.1375357891638207,2.1032857142857146,2.1032857142857146,2.2821225009661434,2.2514642108361795
2021-04-07 00:00:00,3.2857142857142856,3.2857142857142856,3.106877499033857,3.1375357891638207,1.9332857142857147,1.9332857142857147,2.1121225009661435,2.0814642108361796
2021-04-08 00:00:00,3.2857142857142856,3.2857142857142856,3.106877499033857,3.1375357891638207,1.8942857142857141,1.8942857142857141,2.073122500966143,2.042464210836179
2021-04-09 00:00:00,3.2857142857142856,3.2857142857142856,3.106877499033857,3.1375357891638207,2.0142857142857142,2.0142857142857142,2.193122500966143,2.162464210836179
2021-04-12 00:00:00,3.2857142857142856,3.2857142857142856,3.106877499033857,3.1375357891638207,2.0792857142857146,2.0792857142857146,2.2581225009661434,2.2274642108361795
2021-04-13 00:00:00,3.2857142857142856,3.2857142857142856,3.106877499033857,3.1375357891638207,2.144285714285714,2.144285714285714,2.323122500966143,2.292464210836179
2021-04-14 00:00:00,3.2857142857142856,3.2857142857142856,3.106877499033857,3.1375357891638207,2.064285714285714,2.064285714285714,2.243122500966143,2.212464210836179
2021-04-15 00:00:00,3.2857142857142856,3.2857142857142856,3.106877499033857,3.1375357891638207,1.9742857142857142,1.9742857142857142,2.153122500966143,2.122464210836179
2021-04-16 00:00:00,3.2857142857142856,3.2857142857142856,3.106877499033857,3.1375357891638207,2.024285714285714,2.024285714285714,2.203122500966143,2.172464210836179
2021-04-19 00:00:00,3.2857142857142856,3.2857142857142856,3.106877499033857,3.1375357891638207,2.019285714285714,2.019285714285714,2.198122500966143,2.167464210836179
2021-04-20 00:00:00,3.2857142857142856,3.2857142857142856,3.106877499033857,3.1375357891638207,2.1142857142857148,2.1142857142857148,2.2931225009661436,2.2624642108361797
2021-04-21 00:00:00,3.2857142857142856,3.2857142857142856,3.106877499033857,3.1375357891638207,2.1342857142857143,2.1342857142857143,2.313122500966143,2.2824642108361792
2021-04-22 00:00:00,3.2857142857142856,3.2857142857142856,3.106877499033857,3.1375357891638207,2.224285714285714,2.224285714285714,2.403122500966143,2.372464210836179
2021-04-23 00:00:00,3.2857142857142856,3.2857142857142856,3.106877499033857,3.1375357891638207,2.194285714285715,2.194285714285715,2.3731225009661436,2.3424642108361797
2021-04-26 00:00:00,3.2857142857142856,3.2857142857142856,3.106877499033857,3.1375357891638207,2.154285714285715,2.154285714285715,2.3331225009661436,2.3024642108361797
2021-04-27 00:00:00,3.2857142857142856,3.2857142857142856,3.106877499033857,3.1375357891638207,2.2142857142857144,2.2142857142857144,2.393122500966143,2.3624642108361793
2021-04-28 00:00:00,3.2857142857142856,3.2857142857142856,3.106877499033857,3.1375357891638207,2.2142857142857144,2.2142857142857144,2.393122500966143,2.3624642108361793
2021-04-29 00:00:00,3.2857142857142856,3.2857142857142856,3.106877499033857,3.1375357891638207,2.234285714285714,2.234285714285714,2.413122500966143,2.382464210836179
2021-04-30 00:00:00,3.2857142857142856,3.2857142857142856,3.106877499033857,3.1375357891638207,2.279285714285715,2.279285714285715,2.4581225009661436,2.4274642108361797
2021-05-03 00:00:00,3.2857142857142856,3.2857142857142856,3.106877499033857,3.1375357891638207,2.224285714285714,2.224285714285714,2.403122500966143,2.372464210836179
2021-05-04 00:00:00,3.2857142857142856,3.2857142857142856,3.106877499033857,3.1375357891638207,2.229285714285714,2.229285714285714,2.408122500966143,2.377464210836179
2021-05-05 00:00:00,3.2857142857142856,3.2857142857142856,3.106877499033857,3.1375357891638207,2.2032857142857143,2.2032857142857143,2.382122500966143,2.351464210836179
2021-05-06 00:00:00,3.2857142857142856,3.2857142857142856,3.106877499033857,3.1375357891638207,2.1432857142857147,2.1432857142857147,2.3221225009661435,2.2914642108361796
2021-05-07 00:00:00,3.2857142857142856,3.2857142857142856,3.106877499033857,3.1375357891638207,2.1022857142857143,2.1022857142857143,2.281122500966143,2.250464210836179
2021-05-10 00:00:00,3.2857142857142856,3.2857142857142856,3.106877499033857,3.1375357891638207,2.1532857142857145,2.1532857142857145,2.3321225009661433,2.3014642108361794
2021-05-11 00:00:00,3.2857142857142856,3.2857142857142856,3.106877499033857,3.1375357891638207,2.293285714285714,2.293285714285714,2.472122500966143,2.441464210836179
2021-05-12 00:00:00,3.2857142857142856,3.2857142857142856,3.106877499033857,3.1375357891638207,2.4832857142857145,2.4832857142857145,2.6621225009661433,2.6314642108361794
2021-05-13 00:00:00,3.2857142857142856,3.2857142857142856,3.106877499033857,3.1375357891638207,2.4132857142857143,2.4132857142857143,2.592122500966143,2.561464210836179
2021-05-14 00:00:00,3.2857142857142856,3.2857142857142856,3.106877499033857,3.1375357891638207,2.373285714285714,2.373285714285714,2.552122500966143,2.521464210836179
2021-05-17 00:00:00,3.2857142857142856,3.2857142857142856,3.106877499033857,3.1375357891638207,2.4132857142857143,2.4132857142857143,2.592122500966143,2.561464210836179
2021-05-18 00:00:00,3.2857142857142856,3.2857142857142856,3.106877499033857,3.1375357891638207,2.4432857142857145,2.4432857142857145,2.6221225009661433,2.5914642108361794
2021-05-19 00:00:00,3.2857142857142856,3.2857142857142856,3.106877499033857,3.1375357891638207,2.543285714285714,2.543285714285714,2.722122500966143,2.691464210836179
2021-05-20 00:00:00,3.2857142857142856,3.2857142857142856,3.106877499033857,3.1375357891638207,2.553285714285715,2.553285714285715,2.7321225009661436,2.7014642108361797
2021-05-21 00:00:00,3.2857142857142856,3.2857142857142856,3.106877499033857,3.1375357891638207,2.519285714285714,2.519285714285714,2.698122500966143,2.667464210836179
2021-05-24 00:00:00,3.2857142857142856,3.2857142857142856,3.106877499033857,3.1375357891638207,2.4882857142857144,2.4882857142857144,2.6671225009661432,2.6364642108361793
2021-05-25 00:00:00,3.2857142857142856,3.2857142857142856,3.106877499033857,3.1375357891638207,2.4482857142857144,2.4482857142857144,2.627122500966143,2.5964642108361793
2021-05-26 00:00:00,3.2857142857142856,3.2857142857142856,3.106877499033857,3.1375357891638207,2.498285714285714,2.498285714285714,2.677122500966143,2.646464210836179
2021-05-27 00:00:00,3.2857142857142856,3.2857142857142856,3.106877499033857,3.1375357891638207,2.4782857142857146,2.4782857142857146,2.6571225009661434,2.6264642108361795
2021-05-28 00:00:00,3.2857142857142856,3.2857142857142856,3.106877499033857,3.1375357891638207,2.4082857142857144,2.4082857142857144,2.587122500966143,2.5564642108361793
2021-05-31 00:00:00,3.2857142857142856,3.2857142857142856,3.106877499033857,3.1375357891638207,2.3282857142857143,2.3282857142857143,2.507122500966143,2.476464210836179
2021-06-01 00:00:00,3.2857142857142856,3.2857142857142856,3.106877499033857,3.1375357891638207,2.383285714285714,2.383285714285714,2.562122500966143,2.531464210836179
2021-06-02 00:00:00,3.2857142857142856,3.2857142857142856,3.106877499033857,3.1375357891638207,2.3682857142857143,2.3682857142857143,2.547122500966143,2.516464210836179
2021-06-03 00:00:00,3.2857142857142856,3.2857142857142856,3.106877499033857,3.1375357891638207,2.458285714285714,2.458285714285714,2.637122500966143,2.606464210836179
2021-06-04 00:00:00,3.2857142857142856,3.2857142857142856,3.106877499033857,3.1375357891638207,2.3692857142857147,2.3692857142857147,2.5481225009661435,2.5174642108361796
2021-06-07 00:00:00,3.2857142857142856,3.2857142857142856,3.106877499033857,3.1375357891638207,2.319285714285715,2.319285714285715,2.4981225009661436,2.4674642108361797
2021-06-08 00:00:00,3.2857142857142856,3.2857142857142856,3.106877499033857,3.1375357891638207,2.2682857142857147,2.2682857142857147,2.4471225009661435,2.4164642108361796
2021-06-09 00:00:00,3.2857142857142856,3.2857142857142856,3.106877499033857,3.1375357891638207,2.3582857142857145,2.3582857142857145,2.5371225009661433,2.5064642108361794
2021-06-10 00:00:00,3.2857142857142856,3.2857142857142856,3.106877499033857,3.1375357891638207,2.3182857142857145,2.3182857142857145,2.4971225009661433,2.4664642108361794
2021-06-11 00:00:00,3.2857142857142856,3.2857142857142856,3.106877499033857,3.1375357891638207,2.378285714285714,2.378285714285714,2.557122500966143,2.526464210836179
2021-06-14 00:00:00,3.2857142857142856,3.2857142857142856,3.106877499033857,3.1375357891638207,2.3082857142857147,2.3082857142857147,2.4871225009661435,2.4564642108361796
2021-06-15 00:00:00,3.2857142857142856,3.2857142857142856,3.106877499033857,3.1375357891638207,2.2992857142857144,2.2992857142857144,2.478122500966143,2.4474642108361793
2021-06-16 00:00:00,3.2857142857142856,3.2857142857142856,3.106877499033857,3.1375357891638207,2.4492857142857147,2.4492857142857147,2.6281225009661435,2.5974642108361796
2021-06-17 00:00:00,3.2857142857142856,3.2857142857142856,3.106877499033857,3.1375357891638207,2.4892857142857148,2.4892857142857148,2.6681225009661436,2.6374642108361797
2021-06-18 00:00:00,3.2857142857142856,3.2857142857142856,3.106877499033857,3.1375357891638207,2.569285714285715,2.569285714285715,2.7481225009661436,2.7174642108361797
2021-06-21 00:00:00,3.2857142857142856,3.2857142857142856,3.106877499033857,3.1375357891638207,2.6392857142857142,2.6392857142857142,2.818122500966143,2.787464210836179
2021-06-22 00:00:00,3.2857142857142856,3.2857142857142856,3.106877499033857,3.1375357891638207,2.6592857142857147,2.6592857142857147,2.8381225009661435,2.8074642108361796
2021-06-23 00:00:00,3.2857142857142856,3.2857142857142856,3.106877499033857,3.1375357891638207,2.6792857142857143,2.6792857142857143,2.858122500966143,2.827464210836179
2021-06-24 00:00:00,3.2857142857142856,3.2857142857142856,3.106877499033857,3.1375357891638207,3.0792857142857146,3.0792857142857146,3.2581225009661434,3.2274642108361795
2021-06-25 00:00:00,3.2857142857142856,3.2857142857142856,3.106877499033857,3.1375357891638207,3.029285714285715,3.029285714285715,3.2081225009661436,3.1774642108361797
2021-06-28 00:00:00,3.2857142857142856,3.2857142857142856,3.106877499033857,3.1375357891638207,2.899285714285714,2.899285714285714,3.078122500966143,3.047464210836179
2021-06-29 00:00:00,3.2857142857142856,3.2857142857142856,3.106877499033857,3.1375357891638207,2.8292857142857146,2.8292857142857146,3.0081225009661434,2.9774642108361795
2021-06-30 00:00:00,3.2857142857142856,3.2857142857142856,3.106877499033857,3.1375357891638207,2.814285714285714,2.814285714285714,2.993122500966143,2.962464210836179
2021-07-01 00:00:00,3.2857142857142856,3.2857142857142856,3.106877499033857,3.1375357891638207,2.8642857142857148,2.8642857142857148,3.0431225009661436,3.0124642108361797
2021-07-02 00:00:00,3.2857142857142856,3.2857142857142856,3.106877499033857,3.1375357891638207,2.854285714285714,2.854285714285714,3.033122500966143,3.002464210836179
2021-07-05 00:00:00,3.2857142857142856,3.2857142857142856,3.106877499033857,3.1375357891638207,2.859285714285714,2.859285714285714,3.038122500966143,3.007464210836179
2021-07-06 00:00:00,3.2857142857142856,3.2857142857142856,3.106877499033857,3.1375357891638207,2.904285714285715,2.904285714285715,3.0831225009661436,3.0524642108361797
2021-07-07 00:00:00,3.2857142857142856,3.2857142857142856,3.106877499033857,3.1375357891638207,2.974285714285714,2.974285714285714,3.153122500966143,3.122464210836179
2021-07-08 00:00:00,3.2857142857142856,3.2857142857142856,3.106877499033857,3.1375357891638207,2.944285714285715,2.944285714285715,3.1231225009661436,3.0924642108361797
2021-07-09 00:00:00,3.2857142857142856,3.2857142857142856,3.106877499033857,3.1375357891638207,2.8642857142857148,2.8642857142857148,3.0431225009661436,3.0124642108361797
2021-07-12 00:00:00,3.2857142857142856,3.2857142857142856,3.106877499033857,3.1375357891638207,2.814285714285714,2.814285714285714,2.993122500966143,2.962464210836179
2021-07-13 00:00:00,3.2857142857142856,3.2857142857142856,3.106877499033857,3.1375357891638207,2.8742857142857146,2.8742857142857146,3.0531225009661433,3.0224642108361794
2021-07-14 00:00:00,3.2857142857142856,3.2857142857142856,3.106877499033857,3.1375357891638207,2.8242857142857147,2.8242857142857147,3.0031225009661435,2.9724642108361796
2021-07-15 00:00:00,3.2857142857142856,3.2857142857142856,3.106877499033857,3.1375357891638207,2.8392857142857144,2.8392857142857144,3.018122500966143,2.9874642108361793
2021-07-16 00:00:00,3.2857142857142856,3.2857142857142856,3.106877499033857,3.1375357891638207,2.8442857142857143,2.8442857142857143,3.023122500966143,2.992464210836179
2021-07-19 00:00:00,3.2857142857142856,3.2857142857142856,3.106877499033857,3.1375357891638207,2.8442857142857143,2.8442857142857143,3.023122500966143,2.992464210836179
2021-07-20 00:00:00,3.2857142857142856,3.2857142857142856,3.106877499033857,3.1375357891638207,2.859285714285714,2.859285714285714,3.038122500966143,3.007464210836179
2021-07-21 00:00:00,3.2857142857142856,3.2857142857142856,3.106877499033857,3.1375357891638207,2.8892857142857142,2.8892857142857142,3.068122500966143,3.037464210836179
2021-07-22 00:00:00,3.2857142857142856,3.2857142857142856,3.106877499033857,3.1375357891638207,2.9142857142857146,2.9142857142857146,3.0931225009661434,3.0624642108361795
2021-07-23 00:00:00,3.2857142857142856,3.2857142857142856,3.106877499033857,3.1375357891638207,2.9542857142857146,2.9542857142857146,3.1331225009661434,3.1024642108361795
2021-07-26 00:00:00,3.2857142857142856,3.2857142857142856,3.106877499033857,3.1375357891638207,2.9542857142857146,2.9542857142857146,3.1331225009661434,3.1024642108361795
2021-07-27 00:00:00,3.2857142857142856,3.2857142857142856,3.106877499033857,3.1375357891638207,2.934285714285714,2.934285714285714,3.113122500966143,3.082464210836179
2021-07-28 00:00:00,3.2857142857142856,3.2857142857142856,3.106877499033857,3.1375357891638207,2.8842857142857143,2.8842857142857143,3.063122500966143,3.0324642108361792
2021-07-29 00:00:00,3.2857142857142856,3.2857142857142856,3.106877499033857,3.1375357891638207,2.8842857142857143,2.8842857142857143,3.063122500966143,3.0324642108361792
2021-07-30 00:00:00,3.2857142857142856,3.2857142857142856,3.106877499033857,3.1375357891638207,2.8232857142857144,2.8232857142857144,3.002122500966143,2.9714642108361793
2021-08-02 00:00:00,3.2857142857142856,3.2857142857142856,3.106877499033857,3.1375357891638207,2.8132857142857146,2.8132857142857146,2.9921225009661434,2.9614642108361795
2021-08-03 00:00:00,3.2857142857142856,3.2857142857142856,3.106877499033857,3.1375357891638207,2.8232857142857144,2.8232857142857144,3.002122500966143,2.9714642108361793
2021-08-04 00:00:00,3.2857142857142856,3.2857142857142856,3.106877499033857,3.1375357891638207,2.8182857142857145,2.8182857142857145,2.9971225009661433,2.9664642108361794
2021-08-05 00:00:00,3.2857142857142856,3.2857142857142856,3.106877499033857,3.1375357891638207,2.8372857142857146,2.8372857142857146,3.0161225009661434,2.9854642108361795
2021-08-06 00:00:00,3.2857142857142856,3.2857142857142856,3.106877499033857,3.1375357891638207,2.8922857142857143,2.8922857142857143,3.071122500966143,3.0404642108361792
2021-08-09 00:00:00,3.2857142857142856,3.2857142857142856,3.106877499033857,3.1375357891638207,2.8522857142857143,2.8522857142857143,3.031122500966143,3.000464210836179
2021-08-10 00:00:00,3.2857142857142856,3.2857142857142856,3.106877499033857,3.1375357891638207,2.902285714285714,2.902285714285714,3.081122500966143,3.050464210836179
2021-08-11 00:00:00,3.2857142857142856,3.2857142857142856,3.106877499033857,3.1375357891638207,2.8922857142857143,2.8922857142857143,3.071122500966143,3.0404642108361792
2021-08-12 00:00:00,3.2857142857142856,3.2857142857142856,3.106877499033857,3.1375357891638207,2.822285714285714,2.822285714285714,3.001122500966143,2.970464210836179
2021-08-13 00:00:00,3.2857142857142856,3.2857142857142856,3.106877499033857,3.1375357891638207,2.8022857142857145,2.8022857142857145,2.9811225009661433,2.9504642108361794
2021-08-16 00:00:00,3.2857142857142856,3.2857142857142856,3.106877499033857,3.1375357891638207,2.8822857142857146,2.8822857142857146,3.0611225009661434,3.0304642108361795
2021-08-17 00:00:00,3.2857142857142856,3.2857142857142856,3.106877499033857,3.1375357891638207,2.862285714285714,2.862285714285714,3.041122500966143,3.010464210836179
2021-08-18 00:00:00,3.2857142857142856,3.2857142857142856,3.106877499033857,3.1375357891638207,2.8522857142857143,2.8522857142857143,3.031122500966143,3.000464210836179
2021-08-19 00:00:00,3.2857142857142856,3.2857142857142856,3.106877499033857,3.1375357891638207,2.862285714285714,2.862285714285714,3.041122500966143,3.010464210836179
2021-08-20 00:00:00,3.2857142857142856,3.2857142857142856,3.106877499033857,3.1375357891638207,2.8322857142857147,2.8322857142857147,3.0111225009661435,2.9804642108361796
2021-08-23 00:00:00,3.2857142857142856,3.2857142857142856,3.106877499033857,3.1375357891638207,2.8242857142857147,2.8242857142857147,3.0031225009661435,2.9724642108361796
2021-08-24 00:00:00,3.2857142857142856,3.2857142857142856,3.106877499033857,3.1375357891638207,2.8342857142857145,2.8342857142857145,3.0131225009661433,2.9824642108361794
2021-08-25 00:00:00,3.2857142857142856,3.2857142857142856,3.106877499033857,3.1375357891638207,2.8442857142857143,2.8442857142857143,3.023122500966143,2.992464210836179
2021-08-26 00:00:00,3.2857142857142856,3.2857142857142856,3.106877499033857,3.1375357891638207,2.822285714285714,2.822285714285714,3.001122500966143,2.970464210836179
2021-08-27 00:00:00,3.2857142857142856,3.2857142857142856,3.106877499033857,3.1375357891638207,2.7672857142857143,2.7672857142857143,2.946122500966143,2.9154642108361792
2021-08-30 00:00:00,3.2857142857142856,3.2857142857142856,3.106877499033857,3.1375357891638207,2.7672857142857143,2.7672857142857143,2.946122500966143,2.9154642108361792
2021-08-31 00:00:00,3.2857142857142856,3.2857142857142856,3.106877499033857,3.1375357891638207,2.7922857142857147,2.7922857142857147,2.9711225009661435,2.9404642108361796
2021-09-01 00:00:00,3.2857142857142856,3.2857142857142856,3.106877499033857,3.1375357891638207,2.822285714285714,2.822285714285714,3.001122500966143,2.970464210836179
2021-09-02 00:00:00,3.2857142857142856,3.2857142857142856,3.106877499033857,3.1375357891638207,2.8422857142857145,2.8422857142857145,3.0211225009661433,2.9904642108361794
2021-09-03 00:00:00,3.2857142857142856,3.2857142857142856,3.106877499033857,3.1375357891638207,2.8922857142857143,2.8922857142857143,3.071122500966143,3.0404642108361792
2021-09-06 00:00:00,3.2857142857142856,3.2857142857142856,3.106877499033857,3.1375357891638207,2.9242857142857144,2.9242857142857144,3.103122500966143,3.0724642108361793
2021-09-07 00:00:00,3.2857142857142856,3.2857142857142856,3.106877499033857,3.1375357891638207,2.9222857142857146,2.9222857142857146,3.1011225009661434,3.0704642108361795
2021-09-08 00:00:00,3.2857142857142856,3.2857142857142856,3.106877499033857,3.1375357891638207,2.8822857142857146,2.8822857142857146,3.0611225009661434,3.0304642108361795
2021-09-09 00:00:00,3.2857142857142856,3.2857142857142856,3.106877499033857,3.1375357891638207,2.8642857142857148,2.8642857142857148,3.0431225009661436,3.0124642108361797
2021-09-10 00:00:00,3.2857142857142856,3.2857142857142856,3.106877499033857,3.1375357891638207,2.936285714285715,2.936285714285715,3.1151225009661436,3.0844642108361797
2021-09-13 00:00:00,3.2857142857142856,3.2857142857142856,3.106877499033857,3.1375357891638207,2.936285714285715,2.936285714285715,3.1151225009661436,3.0844642108361797
2021-09-14 00:00:00,3.2857142857142856,3.2857142857142856,3.106877499033857,3.1375357891638207,2.9212857142857143,2.9212857142857143,3.100122500966143,3.069464210836179
2021-09-15 00:00:00,3.2857142857142856,3.2857142857142856,3.106877499033857,3.1375357891638207,2.9212857142857143,2.9212857142857143,3.100122500966143,3.069464210836179
2021-09-17 00:00:00,3.2857142857142856,3.2857142857142856,3.106877499033857,3.1375357891638207,2.944285714285715,2.944285714285715,3.1231225009661436,3.0924642108361797
2021-09-20 00:00:00,3.2857142857142856,3.2857142857142856,3.106877499033857,3.1375357891638207,2.984285714285714,2.984285714285714,3.163122500966143,3.132464210836179
2021-09-21 00:00:00,3.2857142857142856,3.2857142857142856,3.106877499033857,3.1375357891638207,3.0462857142857143,3.0462857142857143,3.225122500966143,3.194464210836179
2021-09-22 00:00:00,3.2857142857142856,3.2857142857142856,3.106877499033857,3.1375357891638207,3.0902857142857147,3.0902857142857147,3.2691225009661435,3.2384642108361796
2021-09-23 00:00:00,3.2857142857142856,3.2857142857142856,3.106877499033857,3.1375357891638207,3.1502857142857144,3.1502857142857144,3.329122500966143,3.2984642108361792
2021-09-24 00:00:00,3.2857142857142856,3.2857142857142856,3.106877499033857,3.1375357891638207,3.210285714285715,3.210285714285715,3.3891225009661436,3.3584642108361797
2021-09-27 00:00:00,3.2857142857142856,3.2857142857142856,3.106877499033857,3.1375357891638207,3.240285714285714,3.240285714285714,3.419122500966143,3.388464210836179
2021-09-28 00:00:00,3.2857142857142856,3.2857142857142856,3.106877499033857,3.1375357891638207,3.3102857142857145,3.3102857142857145,3.4891225009661433,3.4584642108361794
2021-09-29 00:00:00,3.2857142857142856,3.2857142857142856,3.106877499033857,3.1375357891638207,3.2702857142857145,3.2702857142857145,3.4491225009661433,3.4184642108361794
2021-09-30 00:00:00,3.2857142857142856,3.2857142857142856,3.106877499033857,3.1375357891638207,3.290285714285714,3.290285714285714,3.469122500966143,3.438464210836179
2021-10-01 00:00:00,3.2857142857142856,3.2857142857142856,3.106877499033857,3.1375357891638207,3.2702857142857145,3.2702857142857145,3.4491225009661433,3.4184642108361794
2021-10-04 00:00:00,3.2857142857142856,3.2857142857142856,3.106877499033857,3.1375357891638207,3.3402857142857147,3.3402857142857147,3.5191225009661435,3.4884642108361796
2021-10-05 00:00:00,3.2857142857142856,3.2857142857142856,3.106877499033857,3.1375357891638207,3.420285714285715,3.420285714285715,3.5991225009661436,3.5684642108361797
2021-10-06 00:00:00,3.2857142857142856,3.2857142857142856,3.106877499033857,3.1375357891638207,3.4302857142857146,3.4302857142857146,3.6091225009661434,3.5784642108361795
2021-10-07 00:00:00,3.2857142857142856,3.2857142857142856,3.106877499033857,3.1375357891638207,3.3902857142857146,3.3902857142857146,3.5691225009661434,3.5384642108361795
2021-10-08 00:00:00,3.2857142857142856,3.2857142857142856,3.106877499033857,3.1375357891638207,3.3902857142857146,3.3902857142857146,3.5691225009661434,3.5384642108361795
2021-10-11 00:00:00,3.2857142857142856,3.2857142857142856,3.106877499033857,3.1375357891638207,3.4252857142857147,3.4252857142857147,3.6041225009661435,3.5734642108361796
2021-10-12 00:00:00,3.2857142857142856,3.2857142857142856,3.106877499033857,3.1375357891638207,3.420285714285715,3.420285714285715,3.5991225009661436,3.5684642108361797
2021-10-13 00:00:00,3.2857142857142856,3.2857142857142856,3.106877499033857,3.1375357891638207,3.3602857142857143,3.3602857142857143,3.539122500966143,3.508464210836179
2021-10-14 00:00:00,3.2857142857142856,3.2857142857142856,3.106877499033857,3.1375357891638207,3.359285714285714,3.359285714285714,3.538122500966143,3.507464210836179
2021-10-15 00:00:00,3.2857142857142856,3.2857142857142856,3.106877499033857,3.1375357891638207,3.4192857142857145,3.4192857142857145,3.5981225009661433,3.5674642108361794
2021-10-18 00:00:00,3.2857142857142856,3.2857142857142856,3.106877499033857,3.1375357891638207,3.5092857142857143,3.5092857142857143,3.688122500966143,3.6574642108361792
2021-10-19 00:00:00,3.2857142857142856,3.2857142857142856,3.106877499033857,3.1375357891638207,3.519285714285714,3.519285714285714,3.698122500966143,3.667464210836179
2021-10-20 00:00:00,3.2857142857142856,3.2857142857142856,3.106877499033857,3.1375357891638207,3.5492857142857144,3.5492857142857144,3.728122500966143,3.6974642108361793
2021-10-21 00:00:00,3.2857142857142856,3.2857142857142856,3.106877499033857,3.1375357891638207,3.6192857142857147,3.6192857142857147,3.7981225009661435,3.7674642108361796
2021-10-22 00:00:00,3.2857142857142856,3.2857142857142856,3.106877499033857,3.1375357891638207,3.612285714285714,3.612285714285714,3.791122500966143,3.760464210836179
2021-10-25 00:00:00,3.2857142857142856,3.2857142857142856,3.106877499033857,3.1375357891638207,3.745285714285714,3.745285714285714,3.924122500966143,3.893464210836179
2021-10-26 00:00:00,3.2857142857142856,3.2857142857142856,3.106877499033857,3.1375357891638207,3.710285714285715,3.710285714285715,3.8891225009661436,3.8584642108361797
2021-10-27 00:00:00,3.2857142857142856,3.2857142857142856,3.106877499033857,3.1375357891638207,3.6802857142857146,3.6802857142857146,3.8591225009661434,3.8284642108361795
2021-10-28 00:00:00,3.2857142857142856,3.2857142857142856,3.106877499033857,3.1375357891638207,3.7602857142857147,3.7602857142857147,3.9391225009661435,3.9084642108361796
2021-10-29 00:00:00,3.2857142857142856,3.2857142857142856,3.106877499033857,3.1375357891638207,3.8002857142857147,3.8002857142857147,3.9791225009661435,3.9484642108361796
2021-11-01 00:00:00,3.2857142857142856,3.2857142857142856,3.106877499033857,3.1375357891638207,3.875285714285714,3.875285714285714,4.054122500966143,4.023464210836179
2021-11-03 00:00:00,3.2857142857142856,3.2857142857142856,3.106877499033857,3.1375357891638207,3.9052857142857142,3.9052857142857142,4.084122500966143,4.053464210836179
2021-11-04 00:00:00,3.2857142857142856,3.2857142857142856,3.106877499033857,3.1375357891638207,3.7702857142857145,3.7702857142857145,3.9491225009661433,3.9184642108361794
2021-11-05 00:00:00,3.2857142857142856,3.2857142857142856,3.106877499033857,3.1375357891638207,3.660285714285714,3.660285714285714,3.839122500966143,3.808464210836179
2021-11-08 00:00:00,3.2857142857142856,3.2857142857142856,3.106877499033857,3.1375357891638207,3.7202857142857146,3.7202857142857146,3.8991225009661434,3.8684642108361795
2021-11-09 00:00:00,3.2857142857142856,3.2857142857142856,3.106877499033857,3.1375357891638207,3.745285714285714,3.745285714285714,3.924122500966143,3.893464210836179
2021-11-10 00:00:00,3.2857142857142856,3.2857142857142856,3.106877499033857,3.1375357891638207,3.830285714285714,3.830285714285714,4.009122500966143,3.978464210836179
2021-11-11 00:00:00,3.2857142857142856,3.2857142857142856,3.106877499033857,3.1375357891638207,3.620285714285714,3.620285714285714,3.799122500966143,3.768464210836179
2021-11-12 00:00:00,3.2857142857142856,3.2857142857142856,3.106877499033857,3.1375357891638207,3.700285714285714,3.700285714285714,3.879122500966143,3.848464210836179
2021-11-16 00:00:00,3.2857142857142856,3.2857142857142856,3.106877499033857,3.1375357891638207,3.700285714285714,3.700285714285714,3.879122500966143,3.848464210836179
2021-11-17 00:00:00,3.2857142857142856,3.2857142857142856,3.106877499033857,3.1375357891638207,3.7442857142857147,3.7442857142857147,3.9231225009661435,3.8924642108361796
2021-11-18 00:00:00,3.2857142857142856,3.2857142857142856,3.106877499033857,3.1375357891638207,3.8402857142857147,3.8402857142857147,4.0191225009661435,3.9884642108361796
2021-11-19 00:00:00,3.2857142857142856,3.2857142857142856,3.106877499033857,3.1375357891638207,3.830285714285714,3.830285714285714,4.009122500966143,3.978464210836179
2021-11-22 00:00:00,3.2857142857142856,3.2857142857142856,3.106877499033857,3.1375357891638207,3.950285714285714,3.950285714285714,4.129122500966143,4.098464210836179
2021-11-23 00:00:00,3.2857142857142856,3.2857142857142856,3.106877499033857,3.1375357891638207,4.3102857142857145,4.3102857142857145,4.489122500966143,4.45846421083618
2021-11-24 00:00:00,3.2857142857142856,3.2857142857142856,3.106877499033857,3.1375357891638207,4.405285714285714,4.405285714285714,4.584122500966143,4.553464210836179
2021-11-25 00:00:00,3.2857142857142856,3.2857142857142856,3.106877499033857,3.1375357891638207,4.3102857142857145,4.3102857142857145,4.489122500966143,4.45846421083618
2021-11-26 00:00:00,3.2857142857142856,3.2857142857142856,3.106877499033857,3.1375357891638207,4.140285714285715,4.140285714285715,4.319122500966143,4.28846421083618
2021-11-29 00:00:00,3.2857142857142856,3.2857142857142856,3.106877499033857,3.1375357891638207,4.150285714285714,4.150285714285714,4.329122500966143,4.29846421083618
2021-11-30 00:00:00,3.2857142857142856,3.2857142857142856,3.106877499033857,3.1375357891638207,4.000285714285714,4.000285714285714,4.179122500966143,4.148464210836179
2021-12-01 00:00:00,3.2857142857142856,3.2857142857142856,3.106877499033857,3.1375357891638207,4.050285714285715,4.050285714285715,4.2291225009661435,4.19846421083618
2021-12-02 00:00:00,3.2857142857142856,3.2857142857142856,3.106877499033857,3.1375357891638207,4.010285714285715,4.010285714285715,4.1891225009661435,4.158464210836179
2021-12-03 00:00:00,3.2857142857142856,3.2857142857142856,3.106877499033857,3.1375357891638207,3.9142857142857146,3.9142857142857146,4.093122500966143,4.062464210836179
2021-12-06 00:00:00,3.2857142857142856,3.2857142857142856,3.106877499033857,3.1375357891638207,3.920285714285715,3.920285714285715,4.099122500966144,4.068464210836179
2021-12-07 00:00:00,3.2857142857142856,3.2857142857142856,3.106877499033857,3.1375357891638207,3.904285714285715,3.904285714285715,4.083122500966144,4.052464210836179
2021-12-08 00:00:00,3.2857142857142856,3.2857142857142856,3.106877499033857,3.1375357891638207,3.8902857142857146,3.8902857142857146,4.069122500966143,4.03846421083618
2021-12-09 00:00:00,3.2857142857142856,3.2857142857142856,3.106877499033857,3.1375357891638207,3.9002857142857144,3.9002857142857144,4.079122500966143,4.04846421083618
2021-12-10 00:00:00,3.2857142857142856,3.2857142857142856,3.106877499033857,3.1375357891638207,3.9002857142857144,3.9002857142857144,4.079122500966143,4.04846421083618
2021-12-13 00:00:00,3.2857142857142856,3.2857142857142856,3.106877499033857,3.1375357891638207,3.880285714285715,3.880285714285715,4.059122500966144,4.02846421083618
2021-12-14 00:00:00,3.2857142857142856,3.2857142857142856,3.106877499033857,3.1375357891638207,3.910285714285714,3.910285714285714,4.089122500966143,4.0584642108361795
2021-12-15 00:00:00,3.2857142857142856,3.2857142857142856,3.106877499033857,3.1375357891638207,3.9002857142857144,3.9002857142857144,4.079122500966143,4.04846421083618
2021-12-16 00:00:00,3.2857142857142856,3.2857142857142856,3.106877499033857,3.1375357891638207,3.9802857142857144,3.9802857142857144,4.159122500966143,4.12846421083618
2021-12-17 00:00:00,3.2857142857142856,3.2857142857142856,3.106877499033857,3.1375357891638207,3.950285714285714,3.950285714285714,4.129122500966143,4.098464210836179
2021-12-20 00:00:00,3.2857142857142856,3.2857142857142856,3.106877499033857,3.1375357891638207,3.9702857142857146,3.9702857142857146,4.149122500966143,4.11846421083618
2021-12-21 00:00:00,3.2857142857142856,3.2857142857142856,3.106877499033857,3.1375357891638207,4.050285714285715,4.050285714285715,4.2291225009661435,4.19846421083618
2021-12-22 00:00:00,3.2857142857142856,3.2857142857142856,3.106877499033857,3.1375357891638207,4.0602857142857145,4.0602857142857145,4.239122500966143,4.20846421083618
2021-12-23 00:00:00,3.2857142857142856,3.2857142857142856,3.106877499033857,3.1375357891638207,4.0602857142857145,4.0602857142857145,4.239122500966143,4.20846421083618
2021-12-24 00:00:00,3.2857142857142856,3.2857142857142856,3.106877499033857,3.1375357891638207,3.9402857142857144,3.9402857142857144,4.119122500966143,4.088464210836179
2021-12-27 00:00:00,3.2857142857142856,3.2857142857142856,3.106877499033857,3.1375357891638207,4.130285714285715,4.130285714285715,4.309122500966144,4.27846421083618
2021-12-28 00:00:00,3.2857142857142856,3.2857142857142856,3.106877499033857,3.1375357891638207,4.090285714285715,4.090285714285715,4.2691225009661435,4.238464210836179
2021-12-29 00:00:00,3.2857142857142856,3.2857142857142856,3.106877499033857,3.1375357891638207,4.130285714285715,4.130285714285715,4.309122500966144,4.27846421083618
2021-12-30 00:00:00,3.2857142857142856,3.2857142857142856,3.106877499033857,3.1375357891638207,4.120285714285714,4.120285714285714,4.299122500966143,4.2684642108361786
2021-12-31 00:00:00,3.2857142857142856,3.2857142857142856,3.106877499033857,3.1375357891638207,4.130285714285715,4.130285714285715,4.309122500966144,4.27846421083618
2022-01-03 00:00:00,3.2857142857142856,3.2857142857142856,3.106877499033857,3.1375357891638207,4.250285714285714,4.250285714285714,4.429122500966143,4.398464210836179
2022-01-04 00:00:00,3.2857142857142856,3.2857142857142856,3.106877499033857,3.1375357891638207,4.390285714285715,4.390285714285715,4.569122500966143,4.53846421083618
2022-01-05 00:00:00,3.2857142857142856,3.2857142857142856,3.106877499033857,3.1375357891638207,4.424285714285714,4.424285714285714,4.603122500966143,4.572464210836179
2022-01-06 00:00:00,3.2857142857142856,3.2857142857142856,3.106877499033857,3.1375357891638207,4.430285714285715,4.430285714285715,4.609122500966143,4.578464210836179
2022-01-07 00:00:00,3.2857142857142856,3.2857142857142856,3.106877499033857,3.1375357891638207,4.7382857142857135,4.7382857142857135,4.917122500966142,4.886464210836179
2022-01-10 00:00:00,3.2857142857142856,3.2857142857142856,3.106877499033857,3.1375357891638207,4.420285714285715,4.420285714285715,4.599122500966144,4.568464210836179
2022-01-11 00:00:00,3.2857142857142856,3.2857142857142856,3.106877499033857,3.1375357891638207,4.410285714285714,4.410285714285714,4.589122500966143,4.5584642108361795
2022-01-12 00:00:00,3.2857142857142856,3.2857142857142856,3.106877499033857,3.1375357891638207,4.375285714285714,4.375285714285714,4.554122500966143,4.523464210836179
2022-01-13 00:00:00,3.2857142857142856,3.2857142857142856,3.106877499033857,3.1375357891638207,4.420285714285715,4.420285714285715,4.599122500966144,4.568464210836179
2022-01-14 00:00:00,3.2857142857142856,3.2857142857142856,3.106877499033857,3.1375357891638207,4.300285714285715,4.300285714285715,4.4791225009661435,4.44846421083618
2022-01-17 00:00:00,3.2857142857142856,3.2857142857142856,3.106877499033857,3.1375357891638207,4.340285714285715,4.340285714285715,4.5191225009661435,4.488464210836179
2022-01-18 00:00:00,3.2857142857142856,3.2857142857142856,3.106877499033857,3.1375357891638207,4.385285714285715,4.385285714285715,4.5641225009661435,4.533464210836179
2022-01-19 00:00:00,3.2857142857142856,3.2857142857142856,3.106877499033857,3.1375357891638207,4.324285714285715,4.324285714285715,4.5031225009661435,4.472464210836179
2022-01-20 00:00:00,3.2857142857142856,3.2857142857142856,3.106877499033857,3.1375357891638207,4.260285714285715,4.260285714285715,4.4391225009661435,4.408464210836179
2022-01-21 00:00:00,3.2857142857142856,3.2857142857142856,3.106877499033857,3.1375357891638207,4.200285714285714,4.200285714285714,4.379122500966143,4.348464210836179
2022-01-24 00:00:00,3.2857142857142856,3.2857142857142856,3.106877499033857,3.1375357891638207,4.190285714285714,4.190285714285714,4.369122500966143,4.338464210836179
2022-01-25 00:00:00,3.2857142857142856,3.2857142857142856,3.106877499033857,3.1375357891638207,4.200285714285714,4.200285714285714,4.379122500966143,4.348464210836179
2022-01-26 00:00:00,3.2857142857142856,3.2857142857142856,3.106877499033857,3.1375357891638207,4.180285714285715,4.180285714285715,4.359122500966143,4.328464210836179
2022-01-27 00:00:00,3.2857142857142856,3.2857142857142856,3.106877499033857,3.1375357891638207,4.330285714285714,4.330285714285714,4.509122500966143,4.478464210836179
2022-01-28 00:00:00,3.2857142857142856,3.2857142857142856,3.106877499033857,3.1375357891638207,4.330285714285714,4.330285714285714,4.509122500966143,4.478464210836179
2022-01-31 00:00:00,3.2857142857142856,3.2857142857142856,3.106877499033857,3.1375357891638207,4.250285714285714,4.250285714285714,4.429122500966143,4.398464210836179
2022-02-01 00:00:00,3.2857142857142856,3.2857142857142856,3.106877499033857,3.1375357891638207,4.230285714285714,4.230285714285714,4.409122500966143,4.37846421083618
2022-02-02 00:00:00,3.2857142857142856,3.2857142857142856,3.106877499033857,3.1375357891638207,4.210285714285715,4.210285714285715,4.389122500966144,4.35846421083618
2022-02-03 00:00:00,3.2857142857142856,3.2857142857142856,3.106877499033857,3.1375357891638207,4.200285714285714,4.200285714285714,4.379122500966143,4.348464210836179
2022-02-04 00:00:00,3.2857142857142856,3.2857142857142856,3.106877499033857,3.1375357891638207,4.2542857142857144,4.2542857142857144,4.433122500966143,4.402464210836179
2022-02-08 00:00:00,3.2857142857142856,3.2857142857142856,3.106877499033857,3.1375357891638207,4.300285714285715,4.300285714285715,4.4791225009661435,4.44846421083618
2022-02-09 00:00:00,3.2857142857142856,3.2857142857142856,3.106877499033857,3.1375357891638207,4.320285714285714,4.320285714285714,4.499122500966143,4.46846421083618
2022-02-10 00:00:00,3.2857142857142856,3.2857142857142856,3.106877499033857,3.1375357891638207,4.460285714285715,4.460285714285715,4.639122500966144,4.60846421083618
2022-02-11 00:00:00,3.2857142857142856,3.2857142857142856,3.106877499033857,3.1375357891638207,4.470285714285715,4.470285714285715,4.649122500966143,4.61846421083618
2022-02-14 00:00:00,3.2857142857142856,3.2857142857142856,3.106877499033857,3.1375357891638207,4.510285714285715,4.510285714285715,4.6891225009661435,4.658464210836179
2022-02-15 00:00:00,3.2857142857142856,3.2857142857142856,3.106877499033857,3.1375357891638207,4.500285714285714,4.500285714285714,4.679122500966143,4.648464210836179
2022-02-16 00:00:00,3.2857142857142856,3.2857142857142856,3.106877499033857,3.1375357891638207,4.460285714285715,4.460285714285715,4.639122500966144,4.60846421083618
2022-02-17 00:00:00,3.2857142857142856,3.2857142857142856,3.106877499033857,3.1375357891638207,4.450285714285714,4.450285714285714,4.629122500966143,4.598464210836179
2022-02-18 00:00:00,3.2857142857142856,3.2857142857142856,3.106877499033857,3.1375357891638207,4.470285714285715,4.470285714285715,4.649122500966143,4.61846421083618
2022-02-21 00:00:00,3.2857142857142856,3.2857142857142856,3.106877499033857,3.1375357891638207,4.470285714285715,4.470285714285715,4.649122500966143,4.61846421083618
2022-02-22 00:00:00,3.2857142857142856,3.2857142857142856,3.106877499033857,3.1375357891638207,4.444285714285715,4.444285714285715,4.623122500966144,4.59246421083618
2022-02-23 00:00:00,3.2857142857142856,3.2857142857142856,3.106877499033857,3.1375357891638207,4.484285714285714,4.484285714285714,4.663122500966143,4.632464210836179
2022-02-24 00:00:00,3.2857142857142856,3.2857142857142856,3.106877499033857,3.1375357891638207,4.5442857142857145,4.5442857142857145,4.723122500966143,4.69246421083618
2022-02-25 00:00:00,3.2857142857142856,3.2857142857142856,3.106877499033857,3.1375357891638207,4.534285714285715,4.534285714285715,4.7131225009661435,4.68246421083618
2022-02-28 00:00:00,3.2857142857142856,3.2857142857142856,3.106877499033857,3.1375357891638207,4.486285714285715,4.486285714285715,4.6651225009661434,4.63446421083618
2022-03-01 00:00:00,3.2857142857142856,3.2857142857142856,3.106877499033857,3.1375357891638207,4.506285714285714,4.506285714285714,4.685122500966143,4.65446421083618
2022-03-02 00:00:00,3.2857142857142856,3.2857142857142856,3.106877499033857,3.1375357891638207,4.564285714285714,4.564285714285714,4.743122500966143,4.712464210836179
2022-03-03 00:00:00,3.2857142857142856,3.2857142857142856,3.106877499033857,3.1375357891638207,4.574285714285715,4.574285714285715,4.7531225009661435,4.722464210836179
2022-03-04 00:00:00,3.2857142857142856,3.2857142857142856,3.106877499033857,3.1375357891638207,4.664285714285715,4.664285714285715,4.843122500966143,4.812464210836179
2022-03-07 00:00:00,3.2857142857142856,3.2857142857142856,3.106877499033857,3.1375357891638207,4.854285714285715,4.854285714285715,5.033122500966144,5.00246421083618
2022-03-08 00:00:00,3.2857142857142856,3.2857142857142856,3.106877499033857,3.1375357891638207,5.014285714285715,5.014285714285715,5.193122500966144,5.1624642108361805
2022-03-09 00:00:00,3.2857142857142856,3.2857142857142856,3.106877499033857,3.1375357891638207,4.959285714285714,4.959285714285714,5.138122500966142,5.107464210836179
2022-03-10 00:00:00,3.2857142857142856,3.2857142857142856,3.106877499033857,3.1375357891638207,5.104285714285715,5.104285714285715,5.283122500966144,5.25246421083618
2022-03-11 00:00:00,3.2857142857142856,3.2857142857142856,3.106877499033857,3.1375357891638207,5.164285714285714,5.164285714285714,5.3431225009661425,5.312464210836179
2022-03-14 00:00:00,3.2857142857142856,3.2857142857142856,3.106877499033857,3.1375357891638207,5.274285714285715,5.274285714285715,5.453122500966144,5.42246421083618
2022-03-15 00:00:00,3.2857142857142856,3.2857142857142856,3.106877499033857,3.1375357891638207,5.274285714285715,5.274285714285715,5.453122500966144,5.42246421083618
2022-03-16 00:00:00,3.2857142857142856,3.2857142857142856,3.106877499033857,3.1375357891638207,5.224285714285714,5.224285714285714,5.403122500966143,5.3724642108361795
2022-03-17 00:00:00,3.2857142857142856,3.2857142857142856,3.106877499033857,3.1375357891638207,5.134285714285714,5.134285714285714,5.313122500966143,5.28246421083618
2022-03-18 00:00:00,3.2857142857142856,3.2857142857142856,3.106877499033857,3.1375357891638207,5.014285714285715,5.014285714285715,5.193122500966144,5.1624642108361805
2022-03-22 00:00:00,3.2857142857142856,3.2857142857142856,3.106877499033857,3.1375357891638207,5.234285714285714,5.234285714285714,5.413122500966143,5.382464210836179
2022-03-23 00:00:00,3.2857142857142856,3.2857142857142856,3.106877499033857,3.1375357891638207,5.279285714285714,5.279285714285714,5.458122500966143,5.427464210836179
2022-03-24 00:00:00,3.2857142857142856,3.2857142857142856,3.106877499033857,3.1375357891638207,5.288285714285714,5.288285714285714,5.467122500966143,5.43646421083618
2022-03-25 00:00:00,3.2857142857142856,3.2857142857142856,3.106877499033857,3.1375357891638207,5.459285714285714,5.459285714285714,5.638122500966142,5.607464210836179
2022-03-28 00:00:00,3.2857142857142856,3.2857142857142856,3.106877499033857,3.1375357891638207,5.404285714285714,5.404285714285714,5.583122500966143,5.552464210836179
2022-03-29 00:00:00,3.2857142857142856,3.2857142857142856,3.106877499033857,3.1375357891638207,5.264285714285715,5.264285714285715,5.443122500966144,5.4124642108361805
2022-03-30 00:00:00,3.2857142857142856,3.2857142857142856,3.106877499033857,3.1375357891638207,5.1242857142857146,5.1242857142857146,5.303122500966143,5.27246421083618
2022-03-31 00:00:00,3.2857142857142856,3.2857142857142856,3.106877499033857,3.1375357891638207,5.114285714285715,5.114285714285715,5.293122500966144,5.26246421083618
2022-04-01 00:00:00,3.2857142857142856,3.2857142857142856,3.106877499033857,3.1375357891638207,5.144285714285714,5.144285714285714,5.323122500966143,5.2924642108361795
2022-04-04 00:00:00,3.2857142857142856,3.2857142857142856,3.106877499033857,3.1375357891638207,5.149285714285715,5.149285714285715,5.328122500966144,5.29746421083618
2022-04-05 00:00:00,3.2857142857142856,3.2857142857142856,3.106877499033857,3.1375357891638207,5.160285714285714,5.160285714285714,5.339122500966143,5.3084642108361795
2022-04-06 00:00:00,3.2857142857142856,3.2857142857142856,3.106877499033857,3.1375357891638207,5.234285714285714,5.234285714285714,5.413122500966143,5.382464210836179
2022-04-07 00:00:00,3.2857142857142856,3.2857142857142856,3.106877499033857,3.1375357891638207,5.349285714285714,5.349285714285714,5.528122500966143,5.4974642108361795
2022-04-08 00:00:00,3.2857142857142856,3.2857142857142856,3.106877499033857,3.1375357891638207,5.348285714285715,5.348285714285715,5.5271225009661435,5.49646421083618
2022-04-11 00:00:00,3.2857142857142856,3.2857142857142856,3.106877499033857,3.1375357891638207,5.524285714285715,5.524285714285715,5.703122500966144,5.67246421083618
2022-04-12 00:00:00,3.2857142857142856,3.2857142857142856,3.106877499033857,3.1375357891638207,5.484285714285714,5.484285714285714,5.663122500966143,5.632464210836179
2022-04-13 00:00:00,3.2857142857142856,3.2857142857142856,3.106877499033857,3.1375357891638207,5.524285714285715,5.524285714285715,5.703122500966144,5.67246421083618
2022-04-18 00:00:00,3.2857142857142856,3.2857142857142856,3.106877499033857,3.1375357891638207,5.574285714285714,5.574285714285714,5.753122500966143,5.722464210836179
2022-04-19 00:00:00,3.2857142857142856,3.2857142857142856,3.106877499033857,3.1375357891638207,5.634285714285714,5.634285714285714,5.813122500966143,5.78246421083618
2022-04-20 00:00:00,3.2857142857142856,3.2857142857142856,3.106877499033857,3.1375357891638207,5.594285714285715,5.594285714285715,5.773122500966144,5.7424642108361805
2022-04-21 00:00:00,3.2857142857142856,3.2857142857142856,3.106877499033857,3.1375357891638207,5.579285714285715,5.579285714285715,5.758122500966143,5.72746421083618
2022-04-22 00:00:00,3.2857142857142856,3.2857142857142856,3.106877499033857,3.1375357891638207,5.629285714285714,5.629285714285714,5.808122500966142,5.777464210836179
2022-04-25 00:00:00,3.2857142857142856,3.2857142857142856,3.106877499033857,3.1375357891638207,5.634285714285714,5.634285714285714,5.813122500966143,5.78246421083618
2022-04-26 00:00:00,3.2857142857142856,3.2857142857142856,3.106877499033857,3.1375357891638207,5.724285714285714,5.724285714285714,5.903122500966143,5.8724642108361795
2022-04-27 00:00:00,3.2857142857142856,3.2857142857142856,3.106877499033857,3.1375357891638207,5.734285714285714,5.734285714285714,5.913122500966143,5.882464210836179
2022-04-28 00:00:00,3.2857142857142856,3.2857142857142856,3.106877499033857,3.1375357891638207,5.779285714285714,5.779285714285714,5.958122500966143,5.927464210836179
2022-04-29 00:00:00,3.2857142857142856,3.2857142857142856,3.106877499033857,3.1375357891638207,5.773285714285714,5.773285714285714,5.9521225009661425,5.921464210836179
2022-05-02 00:00:00,3.2857142857142856,3.2857142857142856,3.106877499033857,3.1375357891638207,5.844285714285715,5.844285714285715,6.023122500966144,5.9924642108361805
2022-05-03 00:00:00,3.2857142857142856,3.2857142857142856,3.106877499033857,3.1375357891638207,5.824285714285714,5.824285714285714,6.003122500966143,5.972464210836179
2022-05-04 00:00:00,3.2857142857142856,3.2857142857142856,3.106877499033857,3.1375357891638207,5.807285714285714,5.807285714285714,5.986122500966143,5.95546421083618
2022-05-05 00:00:00,3.2857142857142856,3.2857142857142856,3.106877499033857,3.1375357891638207,5.734285714285714,5.734285714285714,5.913122500966143,5.882464210836179
2022-05-06 00:00:00,3.2857142857142856,3.2857142857142856,3.106877499033857,3.1375357891638207,5.755285714285715,5.755285714285715,5.934122500966144,5.90346421083618
2022-05-09 00:00:00,3.2857142857142856,3.2857142857142856,3.106877499033857,3.1375357891638207,5.684285714285715,5.684285714285715,5.863122500966144,5.83246421083618
2022-05-10 00:00:00,3.2857142857142856,3.2857142857142856,3.106877499033857,3.1375357891638207,5.684285714285715,5.684285714285715,5.863122500966144,5.83246421083618
2022-05-11 00:00:00,3.2857142857142856,3.2857142857142856,3.106877499033857,3.1375357891638207,5.539285714285714,5.539285714285714,5.7181225009661425,5.687464210836179
2022-05-12 00:00:00,3.2857142857142856,3.2857142857142856,3.106877499033857,3.1375357891638207,5.580285714285714,5.580285714285714,5.759122500966143,5.728464210836179
2022-05-13 00:00:00,3.2857142857142856,3.2857142857142856,3.106877499033857,3.1375357891638207,5.697285714285715,5.697285714285715,5.876122500966144,5.84546421083618
2022-05-16 00:00:00,3.2857142857142856,3.2857142857142856,3.106877499033857,3.1375357891638207,5.574285714285714,5.574285714285714,5.753122500966143,5.722464210836179
2022-05-17 00:00:00,3.2857142857142856,3.2857142857142856,3.106877499033857,3.1375357891638207,5.704285714285715,5.704285714285715,5.883122500966143,5.85246421083618
2022-05-18 00:00:00,3.2857142857142856,3.2857142857142856,3.106877499033857,3.1375357891638207,5.614285714285715,5.614285714285715,5.793122500966144,5.76246421083618
2022-05-19 00:00:00,3.2857142857142856,3.2857142857142856,3.106877499033857,3.1375357891638207,5.584285714285714,5.584285714285714,5.763122500966142,5.732464210836179
2022-05-20 00:00:00,3.2857142857142856,3.2857142857142856,3.106877499033857,3.1375357891638207,5.474285714285714,5.474285714285714,5.653122500966143,5.6224642108361795
2022-05-23 00:00:00,3.2857142857142856,3.2857142857142856,3.106877499033857,3.1375357891638207,5.444285714285715,5.444285714285715,5.623122500966144,5.59246421083618
2022-05-24 00:00:00,3.2857142857142856,3.2857142857142856,3.106877499033857,3.1375357891638207,5.384285714285714,5.384285714285714,5.563122500966143,5.53246421083618
2022-05-25 00:00:00,3.2857142857142856,3.2857142857142856,3.106877499033857,3.1375357891638207,5.314285714285714,5.314285714285714,5.493122500966143,5.462464210836179
2022-05-26 00:00:00,3.2857142857142856,3.2857142857142856,3.106877499033857,3.1375357891638207,5.414285714285714,5.414285714285714,5.5931225009661425,5.562464210836179
2022-05-27 00:00:00,3.2857142857142856,3.2857142857142856,3.106877499033857,3.1375357891638207,5.414285714285714,5.414285714285714,5.5931225009661425,5.562464210836179
2022-05-30 00:00:00,3.2857142857142856,3.2857142857142856,3.106877499033857,3.1375357891638207,5.424285714285715,5.424285714285715,5.603122500966144,5.572464210836181
2022-05-31 00:00:00,3.2857142857142856,3.2857142857142856,3.106877499033857,3.1375357891638207,5.5442857142857145,5.5442857142857145,5.723122500966143,5.69246421083618
2022-06-01 00:00:00,3.2857142857142856,3.2857142857142856,3.106877499033857,3.1375357891638207,5.604285714285715,5.604285714285715,5.783122500966144,5.75246421083618
2022-06-02 00:00:00,3.2857142857142856,3.2857142857142856,3.106877499033857,3.1375357891638207,5.614285714285715,5.614285714285715,5.793122500966144,5.76246421083618
2022-06-03 00:00:00,3.2857142857142856,3.2857142857142856,3.106877499033857,3.1375357891638207,5.664285714285714,5.664285714285714,5.8431225009661425,5.812464210836179
2022-06-06 00:00:00,3.2857142857142856,3.2857142857142856,3.106877499033857,3.1375357891638207,5.804285714285714,5.804285714285714,5.983122500966143,5.95246421083618
2022-06-07 00:00:00,3.2857142857142856,3.2857142857142856,3.106877499033857,3.1375357891638207,5.784285714285715,5.784285714285715,5.9631225009661435,5.93246421083618
2022-06-08 00:00:00,3.2857142857142856,3.2857142857142856,3.106877499033857,3.1375357891638207,5.854285714285715,5.854285714285715,6.033122500966144,6.00246421083618
2022-06-09 00:00:00,3.2857142857142856,3.2857142857142856,3.106877499033857,3.1375357891638207,5.832285714285715,5.832285714285715,6.0111225009661435,5.98046421083618
2022-06-10 00:00:00,3.2857142857142856,3.2857142857142856,3.106877499033857,3.1375357891638207,5.974285714285714,5.974285714285714,6.153122500966143,6.1224642108361795
2022-06-13 00:00:00,3.2857142857142856,3.2857142857142856,3.106877499033857,3.1375357891638207,6.134285714285714,6.134285714285714,6.313122500966143,6.28246421083618
2022-06-14 00:00:00,3.2857142857142856,3.2857142857142856,3.106877499033857,3.1375357891638207,6.254285714285714,6.254285714285714,6.433122500966142,6.402464210836179
2022-06-15 00:00:00,3.2857142857142856,3.2857142857142856,3.106877499033857,3.1375357891638207,6.171285714285715,6.171285714285715,6.350122500966144,6.3194642108361805
2022-06-16 00:00:00,3.2857142857142856,3.2857142857142856,3.106877499033857,3.1375357891638207,6.117285714285715,6.117285714285715,6.296122500966144,6.26546421083618
2022-06-17 00:00:00,3.2857142857142856,3.2857142857142856,3.106877499033857,3.1375357891638207,6.164285714285714,6.164285714285714,6.3431225009661425,6.312464210836179
2022-06-20 00:00:00,3.2857142857142856,3.2857142857142856,3.106877499033857,3.1375357891638207,6.134285714285714,6.134285714285714,6.313122500966143,6.28246421083618
2022-06-21 00:00:00,3.2857142857142856,3.2857142857142856,3.106877499033857,3.1375357891638207,6.164285714285714,6.164285714285714,6.3431225009661425,6.312464210836179
2022-06-22 00:00:00,3.2857142857142856,3.2857142857142856,3.106877499033857,3.1375357891638207,6.054285714285714,6.054285714285714,6.233122500966143,6.20246421083618
2022-06-23 00:00:00,3.2857142857142856,3.2857142857142856,3.106877499033857,3.1375357891638207,5.904285714285714,5.904285714285714,6.083122500966143,6.052464210836179
2022-06-24 00:00:00,3.2857142857142856,3.2857142857142856,3.106877499033857,3.1375357891638207,5.904285714285714,5.904285714285714,6.083122500966143,6.052464210836179
2022-06-27 00:00:00,3.2857142857142856,3.2857142857142856,3.106877499033857,3.1375357891638207,5.914285714285714,5.914285714285714,6.0931225009661425,6.062464210836179
2022-06-28 00:00:00,3.2857142857142856,3.2857142857142856,3.106877499033857,3.1375357891638207,5.934285714285715,5.934285714285715,6.113122500966144,6.08246421083618
2022-06-29 00:00:00,3.2857142857142856,3.2857142857142856,3.106877499033857,3.1375357891638207,5.984285714285714,5.984285714285714,6.163122500966143,6.132464210836179
2022-06-30 00:00:00,3.2857142857142856,3.2857142857142856,3.106877499033857,3.1375357891638207,5.954285714285715,5.954285714285715,6.133122500966143,6.10246421083618
2022-07-01 00:00:00,3.2857142857142856,3.2857142857142856,3.106877499033857,3.1375357891638207,5.834285714285714,5.834285714285714,6.013122500966142,5.982464210836179
2022-07-04 00:00:00,3.2857142857142856,3.2857142857142856,3.106877499033857,3.1375357891638207,5.8742857142857146,5.8742857142857146,6.053122500966143,6.02246421083618
2022-07-05 00:00:00,3.2857142857142856,3.2857142857142856,3.106877499033857,3.1375357891638207,5.814285714285714,5.814285714285714,5.993122500966143,5.962464210836179
2022-07-06 00:00:00,3.2857142857142856,3.2857142857142856,3.106877499033857,3.1375357891638207,5.904285714285714,5.904285714285714,6.083122500966143,6.052464210836179
2022-07-07 00:00:00,3.2857142857142856,3.2857142857142856,3.106877499033857,3.1375357891638207,5.904285714285714,5.904285714285714,6.083122500966143,6.052464210836179
2022-07-08 00:00:00,3.2857142857142856,3.2857142857142856,3.106877499033857,3.1375357891638207,5.8742857142857146,5.8742857142857146,6.053122500966143,6.02246421083618
2022-07-11 00:00:00,3.2857142857142856,3.2857142857142856,3.106877499033857,3.1375357891638207,5.904285714285714,5.904285714285714,6.083122500966143,6.052464210836179
2022-07-12 00:00:00,3.2857142857142856,3.2857142857142856,3.106877499033857,3.1375357891638207,5.944285714285715,5.944285714285715,6.123122500966144,6.09246421083618
2022-07-13 00:00:00,3.2857142857142856,3.2857142857142856,3.106877499033857,3.1375357891638207,5.944285714285715,5.944285714285715,6.123122500966144,6.09246421083618
2022-07-14 00:00:00,3.2857142857142856,3.2857142857142856,3.106877499033857,3.1375357891638207,6.014285714285715,6.014285714285715,6.193122500966144,6.1624642108361805
2022-07-15 00:00:00,3.2857142857142856,3.2857142857142856,3.106877499033857,3.1375357891638207,5.974285714285714,5.974285714285714,6.153122500966143,6.1224642108361795
2022-07-18 00:00:00,3.2857142857142856,3.2857142857142856,3.106877499033857,3.1375357891638207,6.024285714285715,6.024285714285715,6.203122500966144,6.17246421083618
2022-07-19 00:00:00,3.2857142857142856,3.2857142857142856,3.106877499033857,3.1375357891638207,6.074285714285714,6.074285714285714,6.253122500966143,6.222464210836179
2022-07-20 00:00:00,3.2857142857142856,3.2857142857142856,3.106877499033857,3.1375357891638207,6.034285714285715,6.034285714285715,6.2131225009661435,6.18246421083618
2022-07-21 00:00:00,3.2857142857142856,3.2857142857142856,3.106877499033857,3.1375357891638207,5.954285714285715,5.954285714285715,6.133122500966143,6.10246421083618
2022-07-22 00:00:00,3.2857142857142856,3.2857142857142856,3.106877499033857,3.1375357891638207,5.704285714285715,5.704285714285715,5.883122500966143,5.85246421083618
2022-07-25 00:00:00,3.2857142857142856,3.2857142857142856,3.106877499033857,3.1375357891638207,5.634285714285714,5.634285714285714,5.813122500966143,5.78246421083618
2022-07-26 00:00:00,3.2857142857142856,3.2857142857142856,3.106877499033857,3.1375357891638207,5.654285714285714,5.654285714285714,5.833122500966143,5.802464210836179
2022-07-27 00:00:00,3.2857142857142856,3.2857142857142856,3.106877499033857,3.1375357891638207,5.634285714285714,5.634285714285714,5.813122500966143,5.78246421083618
2022-07-28 00:00:00,3.2857142857142856,3.2857142857142856,3.106877499033857,3.1375357891638207,5.454285714285715,5.454285714285715,5.633122500966143,5.60246421083618
2022-07-29 00:00:00,3.2857142857142856,3.2857142857142856,3.106877499033857,3.1375357891638207,5.324285714285714,5.324285714285714,5.503122500966143,5.472464210836179
2022-08-01 00:00:00,3.2857142857142856,3.2857142857142856,3.106877499033857,3.1375357891638207,5.184285714285715,5.184285714285715,5.363122500966144,5.33246421083618
2022-08-02 00:00:00,3.2857142857142856,3.2857142857142856,3.106877499033857,3.1375357891638207,5.304285714285714,5.304285714285714,5.483122500966143,5.45246421083618
2022-08-03 00:00:00,3.2857142857142856,3.2857142857142856,3.106877499033857,3.1375357891638207,5.214285714285714,5.214285714285714,5.393122500966143,5.36246421083618
2022-08-04 00:00:00,3.2857142857142856,3.2857142857142856,3.106877499033857,3.1375357891638207,5.184285714285715,5.184285714285715,5.363122500966144,5.33246421083618
2022-08-05 00:00:00,3.2857142857142856,3.2857142857142856,3.106877499033857,3.1375357891638207,5.254285714285714,5.254285714285714,5.433122500966142,5.402464210836179
2022-08-08 00:00:00,3.2857142857142856,3.2857142857142856,3.106877499033857,3.1375357891638207,5.187285714285715,5.187285714285715,5.366122500966144,5.3354642108361805
2022-08-09 00:00:00,3.2857142857142856,3.2857142857142856,3.106877499033857,3.1375357891638207,5.2942857142857145,5.2942857142857145,5.473122500966143,5.44246421083618
2022-08-10 00:00:00,3.2857142857142856,3.2857142857142856,3.106877499033857,3.1375357891638207,5.204285714285715,5.204285714285715,5.383122500966143,5.35246421083618
2022-08-11 00:00:00,3.2857142857142856,3.2857142857142856,3.106877499033857,3.1375357891638207,5.234285714285714,5.234285714285714,5.413122500966143,5.382464210836179
2022-08-12 00:00:00,3.2857142857142856,3.2857142857142856,3.106877499033857,3.1375357891638207,5.274285714285715,5.274285714285715,5.453122500966144,5.42246421083618
2022-08-15 00:00:00,3.2857142857142856,3.2857142857142856,3.106877499033857,3.1375357891638207,5.244285714285714,5.244285714285714,5.423122500966143,5.392464210836179
2022-08-16 00:00:00,3.2857142857142856,3.2857142857142856,3.106877499033857,3.1375357891638207,5.234285714285714,5.234285714285714,5.413122500966143,5.382464210836179
2022-08-17 00:00:00,3.2857142857142856,3.2857142857142856,3.106877499033857,3.1375357891638207,5.304285714285714,5.304285714285714,5.483122500966143,5.45246421083618
2022-08-18 00:00:00,3.2857142857142856,3.2857142857142856,3.106877499033857,3.1375357891638207,5.424285714285715,5.424285714285715,5.603122500966144,5.572464210836181
2022-08-19 00:00:00,3.2857142857142856,3.2857142857142856,3.106877499033857,3.1375357891638207,5.5442857142857145,5.5442857142857145,5.723122500966143,5.69246421083618
2022-08-22 00:00:00,3.2857142857142856,3.2857142857142856,3.106877499033857,3.1375357891638207,5.629285714285714,5.629285714285714,5.808122500966142,5.777464210836179
2022-08-23 00:00:00,3.2857142857142856,3.2857142857142856,3.106877499033857,3.1375357891638207,5.604285714285715,5.604285714285715,5.783122500966144,5.75246421083618
2022-08-24 00:00:00,3.2857142857142856,3.2857142857142856,3.106877499033857,3.1375357891638207,5.654285714285714,5.654285714285714,5.833122500966143,5.802464210836179
2022-08-25 00:00:00,3.2857142857142856,3.2857142857142856,3.106877499033857,3.1375357891638207,5.604285714285715,5.604285714285715,5.783122500966144,5.75246421083618
2022-08-26 00:00:00,3.2857142857142856,3.2857142857142856,3.106877499033857,3.1375357891638207,5.714285714285714,5.714285714285714,5.893122500966143,5.86246421083618
2022-08-29 00:00:00,3.2857142857142856,3.2857142857142856,3.106877499033857,3.1375357891638207,5.7942857142857145,5.7942857142857145,5.973122500966143,5.94246421083618
2022-08-30 00:00:00,3.2857142857142856,3.2857142857142856,3.106877499033857,3.1375357891638207,5.864285714285715,5.864285714285715,6.043122500966144,6.01246421083618
2022-08-31 00:00:00,3.2857142857142856,3.2857142857142856,3.106877499033857,3.1375357891638207,5.824285714285714,5.824285714285714,6.003122500966143,5.972464210836179
2022-09-01 00:00:00,3.2857142857142856,3.2857142857142856,3.106877499033857,3.1375357891638207,5.8742857142857146,5.8742857142857146,6.053122500966143,6.02246421083618
2022-09-02 00:00:00,3.2857142857142856,3.2857142857142856,3.106877499033857,3.1375357891638207,5.754285714285714,5.754285714285714,5.933122500966142,5.902464210836179
2022-09-05 00:00:00,3.2857142857142856,3.2857142857142856,3.106877499033857,3.1375357891638207,5.784285714285715,5.784285714285715,5.9631225009661435,5.93246421083618
2022-09-06 00:00:00,3.2857142857142856,3.2857142857142856,3.106877499033857,3.1375357891638207,5.884285714285714,5.884285714285714,6.063122500966143,6.03246421083618
2022-09-07 00:00:00,3.2857142857142856,3.2857142857142856,3.106877499033857,3.1375357891638207,5.814285714285714,5.814285714285714,5.993122500966143,5.962464210836179
2022-09-08 00:00:00,3.2857142857142856,3.2857142857142856,3.106877499033857,3.1375357891638207,5.784285714285715,5.784285714285715,5.9631225009661435,5.93246421083618
2022-09-09 00:00:00,3.2857142857142856,3.2857142857142856,3.106877499033857,3.1375357891638207,5.734285714285714,5.734285714285714,5.913122500966143,5.882464210836179
2022-09-12 00:00:00,3.2857142857142856,3.2857142857142856,3.106877499033857,3.1375357891638207,5.734285714285714,5.734285714285714,5.913122500966143,5.882464210836179
2022-09-13 00:00:00,3.2857142857142856,3.2857142857142856,3.106877499033857,3.1375357891638207,5.944285714285715,5.944285714285715,6.123122500966144,6.09246421083618
2022-09-14 00:00:00,3.2857142857142856,3.2857142857142856,3.106877499033857,3.1375357891638207,6.024285714285715,6.024285714285715,6.203122500966144,6.17246421083618
2022-09-15 00:00:00,3.2857142857142856,3.2857142857142856,3.106877499033857,3.1375357891638207,6.1242857142857146,6.1242857142857146,6.303122500966143,6.27246421083618
2022-09-19 00:00:00,3.2857142857142856,3.2857142857142856,3.106877499033857,3.1375357891638207,6.1242857142857146,6.1242857142857146,6.303122500966143,6.27246421083618
2022-09-20 00:00:00,3.2857142857142856,3.2857142857142856,3.106877499033857,3.1375357891638207,6.194285714285715,6.194285714285715,6.373122500966144,6.34246421083618
2022-09-21 00:00:00,3.2857142857142856,3.2857142857142856,3.106877499033857,3.1375357891638207,6.179285714285714,6.179285714285714,6.358122500966143,6.32746421083618
2022-09-22 00:00:00,2.9285714285714284,2.9285714285714284,2.8730829804120837,2.929453654672481,6.621428571428572,6.621428571428572,6.676917019587917,6.6205463453275195
2022-09-23 00:00:00,2.9285714285714284,2.9285714285714284,2.8730829804120837,2.929453654672481,6.681428571428571,6.681428571428571,6.736917019587915,6.680546345327518
2022-09-26 00:00:00,2.9285714285714284,2.9285714285714284,2.8730829804120837,2.929453654672481,6.981428571428571,6.981428571428571,7.036917019587916,6.980546345327519
2022-09-27 00:00:00,2.9285714285714284,2.9285714285714284,2.8730829804120837,2.929453654672481,6.951428571428572,6.951428571428572,7.006917019587917,6.95054634532752
2022-09-28 00:00:00,2.9285714285714284,2.9285714285714284,2.8730829804120837,2.929453654672481,6.791428571428572,6.791428571428572,6.8469170195879165,6.790546345327519
2022-09-29 00:00:00,2.9285714285714284,2.9285714285714284,2.8730829804120837,2.929453654672481,6.841428571428571,6.841428571428571,6.8969170195879155,6.840546345327518
2022-09-30 00:00:00,2.9285714285714284,2.9285714285714284,2.8730829804120837,2.929453654672481,6.831428571428571,6.831428571428571,6.886917019587916,6.830546345327519
2022-10-03 00:00:00,2.9285714285714284,2.9285714285714284,2.8730829804120837,2.929453654672481,6.7214285714285715,6.7214285714285715,6.776917019587916,6.720546345327519
2022-10-04 00:00:00,2.9285714285714284,2.9285714285714284,2.8730829804120837,2.929453654672481,6.7214285714285715,6.7214285714285715,6.776917019587916,6.720546345327519
2022-10-05 00:00:00,2.9285714285714284,2.9285714285714284,2.8730829804120837,2.929453654672481,6.741428571428571,6.741428571428571,6.796917019587916,6.740546345327519
2022-10-06 00:00:00,2.9285714285714284,2.9285714285714284,2.8730829804120837,2.929453654672481,6.761428571428571,6.761428571428571,6.816917019587915,6.760546345327518
2022-10-07 00:00:00,2.9285714285714284,2.9285714285714284,2.8730829804120837,2.929453654672481,6.836428571428572,6.836428571428572,6.8919170195879165,6.835546345327519
2022-10-10 00:00:00,2.9285714285714284,2.9285714285714284,2.8730829804120837,2.929453654672481,6.951428571428572,6.951428571428572,7.006917019587917,6.95054634532752
2022-10-11 00:00:00,2.9285714285714284,2.9285714285714284,2.8730829804120837,2.929453654672481,6.961428571428572,6.961428571428572,7.0169170195879165,6.960546345327519
2022-10-12 00:00:00,2.9285714285714284,2.9285714285714284,2.8730829804120837,2.929453654672481,6.901428571428571,6.901428571428571,6.956917019587916,6.900546345327519
2022-10-13 00:00:00,2.9285714285714284,2.9285714285714284,2.8730829804120837,2.929453654672481,6.966428571428571,6.966428571428571,7.0219170195879155,6.965546345327518
2022-10-14 00:00:00,2.9285714285714284,2.9285714285714284,2.8730829804120837,2.929453654672481,7.031428571428572,7.031428571428572,7.086917019587917,7.03054634532752
2022-10-17 00:00:00,2.9285714285714284,2.9285714285714284,2.8730829804120837,2.929453654672481,7.0214285714285705,7.0214285714285705,7.076917019587915,7.020546345327518
2022-10-18 00:00:00,2.9285714285714284,2.9285714285714284,2.8730829804120837,2.929453654672481,7.031428571428572,7.031428571428572,7.086917019587917,7.03054634532752
2022-10-19 00:00:00,2.9285714285714284,2.9285714285714284,2.8730829804120837,2.929453654672481,7.1014285714285705,7.1014285714285705,7.156917019587915,7.100546345327518
2022-10-20 00:00:00,2.9285714285714284,2.9285714285714284,2.8730829804120837,2.929453654672481,7.131428571428572,7.131428571428572,7.186917019587916,7.130546345327519
2022-10-21 00:00:00,2.9285714285714284,2.9285714285714284,2.8730829804120837,2.929453654672481,7.061428571428571,7.061428571428571,7.116917019587916,7.060546345327519
2022-10-24 00:00:00,2.9285714285714284,2.9285714285714284,2.8730829804120837,2.929453654672481,7.11142857142857,7.11142857142857,7.166917019587915,7.110546345327518
2022-10-25 00:00:00,2.9285714285714284,2.9285714285714284,2.8730829804120837,2.929453654672481,7.001428571428571,7.001428571428571,7.056917019587916,7.0005463453275185
2022-10-26 00:00:00,2.9285714285714284,2.9285714285714284,2.8730829804120837,2.929453654672481,6.911428571428571,6.911428571428571,6.966917019587916,6.910546345327519
2022-10-27 00:00:00,2.9285714285714284,2.9285714285714284,2.8730829804120837,2.929453654672481,6.841428571428571,6.841428571428571,6.8969170195879155,6.840546345327518
2022-10-28 00:00:00,2.9285714285714284,2.9285714285714284,2.8730829804120837,2.929453654672481,6.841428571428571,6.841428571428571,6.8969170195879155,6.840546345327518
2022-10-31 00:00:00,2.9285714285714284,2.9285714285714284,2.8730829804120837,2.929453654672481,6.931428571428571,6.931428571428571,6.986917019587915,6.930546345327518
2022-11-01 00:00:00,2.9285714285714284,2.9285714285714284,2.8730829804120837,2.929453654672481,6.901428571428571,6.901428571428571,6.956917019587916,6.900546345327519
2022-11-03 00:00:00,2.9285714285714284,2.9285714285714284,2.8730829804120837,2.929453654672481,6.931428571428571,6.931428571428571,6.986917019587915,6.930546345327518
2022-11-04 00:00:00,2.9285714285714284,2.9285714285714284,2.8730829804120837,2.929453654672481,6.881428571428572,6.881428571428572,6.936917019587916,6.880546345327519
2022-11-07 00:00:00,2.9285714285714284,2.9285714285714284,2.8730829804120837,2.929453654672481,6.881428571428572,6.881428571428572,6.936917019587916,6.880546345327519
2022-11-08 00:00:00,2.9285714285714284,2.9285714285714284,2.8730829804120837,2.929453654672481,6.7714285714285705,6.7714285714285705,6.826917019587915,6.770546345327518
2022-11-09 00:00:00,2.9285714285714284,2.9285714285714284,2.8730829804120837,2.929453654672481,6.661428571428571,6.661428571428571,6.716917019587916,6.660546345327519
2022-11-10 00:00:00,2.9285714285714284,2.9285714285714284,2.8730829804120837,2.929453654672481,6.251428571428571,6.251428571428571,6.306917019587916,6.2505463453275185
2022-11-11 00:00:00,2.9285714285714284,2.9285714285714284,2.8730829804120837,2.929453654672481,6.201428571428572,6.201428571428572,6.256917019587917,6.20054634532752
2022-11-14 00:00:00,2.9285714285714284,2.9285714285714284,2.8730829804120837,2.929453654672481,6.261428571428571,6.261428571428571,6.316917019587915,6.260546345327518
2022-11-15 00:00:00,2.9285714285714284,2.9285714285714284,2.8730829804120837,2.929453654672481,6.211428571428572,6.211428571428572,6.2669170195879165,6.210546345327519
2022-11-16 00:00:00,2.9285714285714284,2.9285714285714284,2.8730829804120837,2.929453654672481,6.19142857142857,6.19142857142857,6.246917019587915,6.190546345327518
2022-11-17 00:00:00,2.9285714285714284,2.9285714285714284,2.8730829804120837,2.929453654672481,6.3514285714285705,6.3514285714285705,6.406917019587915,6.350546345327518
2022-11-18 00:00:00,2.9285714285714284,2.9285714285714284,2.8730829804120837,2.929453654672481,6.321428571428571,6.321428571428571,6.376917019587916,6.320546345327519
2022-11-22 00:00:00,2.9285714285714284,2.9285714285714284,2.8730829804120837,2.929453654672481,6.291428571428572,6.291428571428572,6.3469170195879165,6.290546345327519
2022-11-23 00:00:00,2.9285714285714284,2.9285714285714284,2.8730829804120837,2.929453654672481,6.2714285714285705,6.2714285714285705,6.326917019587915,6.270546345327518
2022-11-24 00:00:00,2.9285714285714284,2.9285714285714284,2.8730829804120837,2.929453654672481,6.2714285714285705,6.2714285714285705,6.326917019587915,6.270546345327518
2022-11-25 00:00:00,2.9285714285714284,2.9285714285714284,2.8730829804120837,2.929453654672481,6.301428571428572,6.301428571428572,6.356917019587916,6.300546345327519
2022-11-28 00:00:00,2.9285714285714284,2.9285714285714284,2.8730829804120837,2.929453654672481,6.431428571428571,6.431428571428571,6.486917019587915,6.430546345327518
2022-11-29 00:00:00,2.9285714285714284,2.9285714285714284,2.8730829804120837,2.929453654672481,6.44142857142857,6.44142857142857,6.496917019587915,6.440546345327518
2022-11-30 00:00:00,2.9285714285714284,2.9285714285714284,2.8730829804120837,2.929453654672481,6.36142857142857,6.36142857142857,6.416917019587915,6.360546345327518
2022-12-01 00:00:00,2.9285714285714284,2.9285714285714284,2.8730829804120837,2.929453654672481,6.19142857142857,6.19142857142857,6.246917019587915,6.190546345327518
2022-12-02 00:00:00,2.9285714285714284,2.9285714285714284,2.8730829804120837,2.929453654672481,6.131428571428572,6.131428571428572,6.186917019587916,6.130546345327519
2022-12-05 00:00:00,2.9285714285714284,2.9285714285714284,2.8730829804120837,2.929453654672481,6.211428571428572,6.211428571428572,6.2669170195879165,6.210546345327519
2022-12-06 00:00:00,2.9285714285714284,2.9285714285714284,2.8730829804120837,2.929453654672481,6.211428571428572,6.211428571428572,6.2669170195879165,6.210546345327519
2022-12-07 00:00:00,2.9285714285714284,2.9285714285714284,2.8730829804120837,2.929453654672481,6.041428571428572,6.041428571428572,6.0969170195879165,6.040546345327519
2022-12-08 00:00:00,2.9285714285714284,2.9285714285714284,2.8730829804120837,2.929453654672481,6.011428571428571,6.011428571428571,6.066917019587915,6.010546345327518
2022-12-09 00:00:00,2.9285714285714284,2.9285714285714284,2.8730829804120837,2.929453654672481,5.946428571428571,5.946428571428571,6.001917019587916,5.945546345327519
2022-12-13 00:00:00,2.9285714285714284,2.9285714285714284,2.8730829804120837,2.929453654672481,5.791428571428572,5.791428571428572,5.8469170195879165,5.790546345327519
2022-12-14 00:00:00,2.9285714285714284,2.9285714285714284,2.8730829804120837,2.929453654672481,5.7714285714285705,5.7714285714285705,5.826917019587915,5.770546345327518
2022-12-15 00:00:00,2.9285714285714284,2.9285714285714284,2.8730829804120837,2.929453654672481,5.801428571428572,5.801428571428572,5.856917019587916,5.800546345327519
2022-12-16 00:00:00,2.9285714285714284,2.9285714285714284,2.8730829804120837,2.929453654672481,5.86142857142857,5.86142857142857,5.916917019587915,5.860546345327518
2022-12-19 00:00:00,2.9285714285714284,2.9285714285714284,2.8730829804120837,2.929453654672481,5.761428571428571,5.761428571428571,5.816917019587915,5.760546345327518
2022-12-20 00:00:00,2.9285714285714284,2.9285714285714284,2.8730829804120837,2.929453654672481,6.011428571428571,6.011428571428571,6.066917019587915,6.010546345327518
2022-12-21 00:00:00,2.9285714285714284,2.9285714285714284,2.8730829804120837,2.929453654672481,5.94142857142857,5.94142857142857,5.996917019587915,5.940546345327518
2022-12-22 00:00:00,2.9285714285714284,2.9285714285714284,2.8730829804120837,2.929453654672481,5.981428571428571,5.981428571428571,6.036917019587916,5.980546345327519
2022-12-23 00:00:00,2.9285714285714284,2.9285714285714284,2.8730829804120837,2.929453654672481,6.061428571428571,6.061428571428571,6.116917019587916,6.060546345327519
2022-12-26 00:00:00,2.9285714285714284,2.9285714285714284,2.8730829804120837,2.929453654672481,6.061428571428571,6.061428571428571,6.116917019587916,6.060546345327519
2022-12-27 00:00:00,2.9285714285714284,2.9285714285714284,2.8730829804120837,2.929453654672481,6.121428571428572,6.121428571428572,6.176917019587917,6.1205463453275195
2022-12-28 00:00:00,2.9285714285714284,2.9285714285714284,2.8730829804120837,2.929453654672481,6.1414285714285715,6.1414285714285715,6.196917019587916,6.140546345327519
2022-12-29 00:00:00,2.9285714285714284,2.9285714285714284,2.8730829804120837,2.929453654672481,6.211428571428572,6.211428571428572,6.2669170195879165,6.210546345327519
2022-12-30 00:00:00,2.9285714285714284,2.9285714285714284,2.8730829804120837,2.929453654672481,6.261428571428571,6.261428571428571,6.316917019587915,6.260546345327518
2023-01-02 00:00:00,2.9285714285714284,2.9285714285714284,2.8730829804120837,2.929453654672481,6.211428571428572,6.211428571428572,6.2669170195879165,6.210546345327519
2023-01-03 00:00:00,2.9285714285714284,2.9285714285714284,2.8730829804120837,2.929453654672481,6.161428571428571,6.161428571428571,6.216917019587916,6.160546345327519
2023-01-04 00:00:00,2.9285714285714284,2.9285714285714284,2.8730829804120837,2.929453654672481,6.051428571428572,6.051428571428572,6.106917019587916,6.050546345327519
2023-01-05 00:00:00,2.9285714285714284,2.9285714285714284,2.8730829804120837,2.929453654672481,5.981428571428571,5.981428571428571,6.036917019587916,5.980546345327519
2023-01-06 00:00:00,2.9285714285714284,2.9285714285714284,2.8730829804120837,2.929453654672481,5.731428571428571,5.731428571428571,5.786917019587916,5.730546345327519
2023-01-09 00:00:00,2.9285714285714284,2.9285714285714284,2.8730829804120837,2.929453654672481,5.711428571428572,5.711428571428572,5.7669170195879165,5.710546345327519
2023-01-10 00:00:00,2.9285714285714284,2.9285714285714284,2.8730829804120837,2.929453654672481,5.761428571428571,5.761428571428571,5.816917019587915,5.760546345327518
2023-01-11 00:00:00,2.9285714285714284,2.9285714285714284,2.8730829804120837,2.929453654672481,5.741428571428571,5.741428571428571,5.796917019587916,5.740546345327519
2023-01-12 00:00:00,2.9285714285714284,2.9285714285714284,2.8730829804120837,2.929453654672481,5.631428571428572,5.631428571428572,5.686917019587916,5.630546345327519
2023-01-13 00:00:00,2.9285714285714284,2.9285714285714284,2.8730829804120837,2.929453654672481,5.681428571428571,5.681428571428571,5.736917019587915,5.680546345327518
2023-01-16 00:00:00,2.9285714285714284,2.9285714285714284,2.8730829804120837,2.929453654672481,5.7214285714285715,5.7214285714285715,5.776917019587916,5.720546345327519
2023-01-17 00:00:00,2.9285714285714284,2.9285714285714284,2.8730829804120837,2.929453654672481,5.821428571428571,5.821428571428571,5.876917019587916,5.820546345327519
2023-01-18 00:00:00,2.9285714285714284,2.9285714285714284,2.8730829804120837,2.929453654672481,5.781428571428572,5.781428571428572,5.836917019587917,5.78054634532752
2023-01-19 00:00:00,2.9285714285714284,2.9285714285714284,2.8730829804120837,2.929453654672481,5.821428571428571,5.821428571428571,5.876917019587916,5.820546345327519
2023-01-20 00:00:00,2.9285714285714284,2.9285714285714284,2.8730829804120837,2.929453654672481,5.911428571428571,5.911428571428571,5.966917019587916,5.910546345327519
2023-01-23 00:00:00,2.9285714285714284,2.9285714285714284,2.8730829804120837,2.929453654672481,5.921428571428571,5.921428571428571,5.9769170195879155,5.9205463453275184
2023-01-24 00:00:00,2.9285714285714284,2.9285714285714284,2.8730829804120837,2.929453654672481,5.981428571428571,5.981428571428571,6.036917019587916,5.980546345327519
2023-01-25 00:00:00,2.9285714285714284,2.9285714285714284,2.8730829804120837,2.929453654672481,5.981428571428571,5.981428571428571,6.036917019587916,5.980546345327519
2023-01-26 00:00:00,2.9285714285714284,2.9285714285714284,2.8730829804120837,2.929453654672481,5.981428571428571,5.981428571428571,6.036917019587916,5.980546345327519
2023-01-27 00:00:00,2.9285714285714284,2.9285714285714284,2.8730829804120837,2.929453654672481,6.061428571428571,6.061428571428571,6.116917019587916,6.060546345327519
2023-01-30 00:00:00,2.9285714285714284,2.9285714285714284,2.8730829804120837,2.929453654672481,6.081428571428571,6.081428571428571,6.136917019587916,6.080546345327519
2023-01-31 00:00:00,2.9285714285714284,2.9285714285714284,2.8730829804120837,2.929453654672481,6.031428571428572,6.031428571428572,6.086917019587917,6.03054634532752
2023-02-01 00:00:00,2.9285714285714284,2.9285714285714284,2.8730829804120837,2.929453654672481,5.951428571428572,5.951428571428572,6.006917019587917,5.95054634532752
2023-02-02 00:00:00,2.9285714285714284,2.9285714285714284,2.8730829804120837,2.929453654672481,5.871428571428572,5.871428571428572,5.926917019587917,5.8705463453275195
2023-02-03 00:00:00,2.9285714285714284,2.9285714285714284,2.8730829804120837,2.929453654672481,5.981428571428571,5.981428571428571,6.036917019587916,5.980546345327519
2023-02-07 00:00:00,2.9285714285714284,2.9285714285714284,2.8730829804120837,2.929453654672481,6.102428571428572,6.102428571428572,6.1579170195879165,6.101546345327519
2023-02-08 00:00:00,2.9285714285714284,2.9285714285714284,2.8730829804120837,2.929453654672481,6.192428571428572,6.192428571428572,6.247917019587916,6.191546345327519
2023-02-09 00:00:00,2.9285714285714284,2.9285714285714284,2.8730829804120837,2.929453654672481,6.442428571428572,6.442428571428572,6.497917019587916,6.441546345327519
2023-02-10 00:00:00,2.9285714285714284,2.9285714285714284,2.8730829804120837,2.929453654672481,6.552428571428571,6.552428571428571,6.607917019587916,6.551546345327519
2023-02-13 00:00:00,2.9285714285714284,2.9285714285714284,2.8730829804120837,2.929453654672481,6.672428571428572,6.672428571428572,6.727917019587917,6.67154634532752
2023-02-14 00:00:00,2.9285714285714284,2.9285714285714284,2.8730829804120837,2.929453654672481,6.7824285714285715,6.7824285714285715,6.837917019587916,6.781546345327519
2023-02-15 00:00:00,2.9285714285714284,2.9285714285714284,2.8730829804120837,2.929453654672481,6.682428571428572,6.682428571428572,6.737917019587917,6.6815463453275195
2023-02-16 00:00:00,2.9285714285714284,2.9285714285714284,2.8730829804120837,2.929453654672481,6.672428571428572,6.672428571428572,6.727917019587917,6.67154634532752
2023-02-17 00:00:00,2.9285714285714284,2.9285714285714284,2.8730829804120837,2.929453654672481,6.712428571428571,6.712428571428571,6.767917019587916,6.711546345327519
2023-02-20 00:00:00,2.9285714285714284,2.9285714285714284,2.8730829804120837,2.929453654672481,6.812428571428571,6.812428571428571,6.867917019587916,6.8115463453275185
2023-02-21 00:00:00,2.9285714285714284,2.9285714285714284,2.8730829804120837,2.929453654672481,7.062428571428571,7.062428571428571,7.117917019587916,7.0615463453275185
2023-02-22 00:00:00,2.9285714285714284,2.9285714285714284,2.8730829804120837,2.929453654672481,7.072428571428571,7.072428571428571,7.127917019587915,7.071546345327518
2023-02-23 00:00:00,2.9285714285714284,2.9285714285714284,2.8730829804120837,2.929453654672481,6.952428571428571,6.952428571428571,7.007917019587916,6.951546345327519
2023-02-24 00:00:00,2.9285714285714284,2.9285714285714284,2.8730829804120837,2.929453654672481,7.042428571428571,7.042428571428571,7.097917019587916,7.041546345327519
2023-02-27 00:00:00,2.9285714285714284,2.9285714285714284,2.8730829804120837,2.929453654672481,7.012428571428572,7.012428571428572,7.067917019587917,7.0115463453275195
2023-02-28 00:00:00,2.9285714285714284,2.9285714285714284,2.8730829804120837,2.929453654672481,7.026428571428571,7.026428571428571,7.081917019587916,7.025546345327519
2023-03-01 00:00:00,2.9285714285714284,2.9285714285714284,2.8730829804120837,2.929453654672481,7.052428571428571,7.052428571428571,7.107917019587916,7.051546345327519
2023-03-02 00:00:00,2.9285714285714284,2.9285714285714284,2.8730829804120837,2.929453654672481,7.051428571428572,7.051428571428572,7.106917019587916,7.050546345327519
2023-03-03 00:00:00,2.9285714285714284,2.9285714285714284,2.8730829804120837,2.929453654672481,6.962428571428571,6.962428571428571,7.017917019587916,6.961546345327519
2023-03-06 00:00:00,2.9285714285714284,2.9285714285714284,2.8730829804120837,2.929453654672481,6.911428571428571,6.911428571428571,6.966917019587916,6.910546345327519
2023-03-07 00:00:00,2.9285714285714284,2.9285714285714284,2.8730829804120837,2.929453654672481,7.022428571428572,7.022428571428572,7.077917019587916,7.021546345327519
2023-03-08 00:00:00,2.9285714285714284,2.9285714285714284,2.8730829804120837,2.929453654672481,7.091428571428571,7.091428571428571,7.1469170195879155,7.090546345327518
2023-03-09 00:00:00,2.9285714285714284,2.9285714285714284,2.8730829804120837,2.929453654672481,6.821428571428571,6.821428571428571,6.876917019587916,6.820546345327519
2023-03-10 00:00:00,2.9285714285714284,2.9285714285714284,2.8730829804120837,2.929453654672481,6.622428571428571,6.622428571428571,6.677917019587916,6.621546345327519
2023-03-13 00:00:00,2.9285714285714284,2.9285714285714284,2.8730829804120837,2.929453654672481,6.6014285714285705,6.6014285714285705,6.656917019587915,6.600546345327518
2023-03-14 00:00:00,2.9285714285714284,2.9285714285714284,2.8730829804120837,2.929453654672481,6.732428571428571,6.732428571428571,6.7879170195879155,6.731546345327518
2023-03-15 00:00:00,2.9285714285714284,2.9285714285714284,2.8730829804120837,2.929453654672481,6.592428571428572,6.592428571428572,6.647917019587917,6.59154634532752
2023-03-16 00:00:00,2.9285714285714284,2.9285714285714284,2.8730829804120837,2.929453654672481,6.652428571428571,6.652428571428571,6.707917019587915,6.651546345327518
2023-03-17 00:00:00,2.9285714285714284,2.9285714285714284,2.8730829804120837,2.929453654672481,6.472428571428571,6.472428571428571,6.527917019587916,6.471546345327519
2023-03-21 00:00:00,2.9285714285714284,2.9285714285714284,2.8730829804120837,2.929453654672481,6.592428571428572,6.592428571428572,6.647917019587917,6.59154634532752
2023-03-22 00:00:00,2.9285714285714284,2.9285714285714284,2.8730829804120837,2.929453654672481,6.402428571428571,6.402428571428571,6.457917019587915,6.401546345327518
2023-03-23 00:00:00,2.9285714285714284,2.9285714285714284,2.8730829804120837,2.929453654672481,6.312428571428571,6.312428571428571,6.367917019587916,6.3115463453275185
2023-03-24 00:00:00,2.9285714285714284,2.9285714285714284,2.8730829804120837,2.929453654672481,6.2824285714285715,6.2824285714285715,6.337917019587916,6.281546345327519
2023-03-27 00:00:00,2.9285714285714284,2.9285714285714284,2.8730829804120837,2.929453654672481,6.372428571428571,6.372428571428571,6.427917019587916,6.371546345327519
2023-03-28 00:00:00,2.9285714285714284,2.9285714285714284,2.8730829804120837,2.929453654672481,6.4124285714285705,6.4124285714285705,6.467917019587915,6.411546345327518
2023-03-29 00:00:00,2.9285714285714284,2.9285714285714284,2.8730829804120837,2.929453654672481,6.3624285714285715,6.3624285714285715,6.417917019587916,6.361546345327519
2023-03-30 00:00:00,2.9285714285714284,2.9285714285714284,2.8730829804120837,2.929453654672481,6.2424285714285705,6.2424285714285705,6.297917019587915,6.241546345327518
2023-03-31 00:00:00,2.9285714285714284,2.9285714285714284,2.8730829804120837,2.929453654672481,6.1624285714285705,6.1624285714285705,6.217917019587915,6.161546345327518
2023-04-03 00:00:00,2.9285714285714284,2.9285714285714284,2.8730829804120837,2.929453654672481,6.212428571428571,6.212428571428571,6.267917019587916,6.211546345327519
2023-04-04 00:00:00,2.9285714285714284,2.9285714285714284,2.8730829804120837,2.929453654672481,6.152428571428571,6.152428571428571,6.207917019587915,6.151546345327518
2023-04-05 00:00:00,2.9285714285714284,2.9285714285714284,2.8730829804120837,2.929453654672481,6.121428571428572,6.121428571428572,6.176917019587917,6.1205463453275195
2023-04-10 00:00:00,2.9285714285714284,2.9285714285714284,2.8730829804120837,2.929453654672481,6.2214285714285715,6.2214285714285715,6.276917019587916,6.220546345327519
2023-04-11 00:00:00,2.9285714285714284,2.9285714285714284,2.8730829804120837,2.929453654672481,6.231428571428571,6.231428571428571,6.286917019587916,6.230546345327519
2023-04-12 00:00:00,2.9285714285714284,2.9285714285714284,2.8730829804120837,2.929453654672481,6.201428571428572,6.201428571428572,6.256917019587917,6.20054634532752
2023-04-13 00:00:00,2.9285714285714284,2.9285714285714284,2.8730829804120837,2.929453654672481,6.241428571428571,6.241428571428571,6.296917019587916,6.240546345327519
2023-04-14 00:00:00,2.9285714285714284,2.9285714285714284,2.8730829804120837,2.929453654672481,6.291428571428572,6.291428571428572,6.3469170195879165,6.290546345327519
2023-04-17 00:00:00,2.9285714285714284,2.9285714285714284,2.8730829804120837,2.929453654672481,6.381428571428572,6.381428571428572,6.436917019587916,6.380546345327519
2023-04-18 00:00:00,2.9285714285714284,2.9285714285714284,2.8730829804120837,2.929453654672481,6.3514285714285705,6.3514285714285705,6.406917019587915,6.350546345327518
2023-04-19 00:00:00,2.9285714285714284,2.9285714285714284,2.8730829804120837,2.929453654672481,6.431428571428571,6.431428571428571,6.486917019587915,6.430546345327518
2023-04-20 00:00:00,2.9285714285714284,2.9285714285714284,2.8730829804120837,2.929453654672481,6.381428571428572,6.381428571428572,6.436917019587916,6.380546345327519
2023-04-21 00:00:00,2.9285714285714284,2.9285714285714284,2.8730829804120837,2.929453654672481,6.331428571428571,6.331428571428571,6.386917019587916,6.330546345327519
2023-04-24 00:00:00,2.9285714285714284,2.9285714285714284,2.8730829804120837,2.929453654672481,6.241428571428571,6.241428571428571,6.296917019587916,6.240546345327519
2023-04-25 00:00:00,2.9285714285714284,2.9285714285714284,2.8730829804120837,2.929453654672481,6.1414285714285715,6.1414285714285715,6.196917019587916,6.140546345327519
2023-04-26 00:00:00,2.9285714285714284,2.9285714285714284,2.8730829804120837,2.929453654672481,6.121428571428572,6.121428571428572,6.176917019587917,6.1205463453275195
2023-04-27 00:00:00,2.9285714285714284,2.9285714285714284,2.8730829804120837,2.929453654672481,6.171428571428571,6.171428571428571,6.2269170195879155,6.1705463453275184
2023-04-28 00:00:00,2.9285714285714284,2.9285714285714284,2.8730829804120837,2.929453654672481,6.1414285714285715,6.1414285714285715,6.196917019587916,6.140546345327519
2023-05-02 00:00:00,2.9285714285714284,2.9285714285714284,2.8730829804120837,2.929453654672481,6.161428571428571,6.161428571428571,6.216917019587916,6.160546345327519
2023-05-03 00:00:00,2.9285714285714284,2.9285714285714284,2.8730829804120837,2.929453654672481,6.151428571428571,6.151428571428571,6.206917019587916,6.150546345327519
2023-05-04 00:00:00,2.9285714285714284,2.9285714285714284,2.8730829804120837,2.929453654672481,6.11142857142857,6.11142857142857,6.166917019587915,6.110546345327518
2023-05-05 00:00:00,2.9285714285714284,2.9285714285714284,2.8730829804120837,2.929453654672481,6.151428571428571,6.151428571428571,6.206917019587916,6.150546345327519
2023-05-08 00:00:00,2.9285714285714284,2.9285714285714284,2.8730829804120837,2.929453654672481,6.19142857142857,6.19142857142857,6.246917019587915,6.190546345327518
2023-05-09 00:00:00,2.9285714285714284,2.9285714285714284,2.8730829804120837,2.929453654672481,6.171428571428571,6.171428571428571,6.2269170195879155,6.1705463453275184
2023-05-10 00:00:00,2.9285714285714284,2.9285714285714284,2.8730829804120837,2.929453654672481,6.11142857142857,6.11142857142857,6.166917019587915,6.110546345327518
2023-05-11 00:00:00,2.9285714285714284,2.9285714285714284,2.8730829804120837,2.929453654672481,6.11142857142857,6.11142857142857,6.166917019587915,6.110546345327518
2023-05-12 00:00:00,2.9285714285714284,2.9285714285714284,2.8730829804120837,2.929453654672481,6.171428571428571,6.171428571428571,6.2269170195879155,6.1705463453275184
2023-05-15 00:00:00,2.9285714285714284,2.9285714285714284,2.8730829804120837,2.929453654672481,6.1014285714285705,6.1014285714285705,6.156917019587915,6.100546345327518
2023-05-16 00:00:00,2.9285714285714284,2.9285714285714284,2.8730829804120837,2.929453654672481,6.161428571428571,6.161428571428571,6.216917019587916,6.160546345327519
2023-05-17 00:00:00,2.9285714285714284,2.9285714285714284,2.8730829804120837,2.929453654672481,6.161428571428571,6.161428571428571,6.216917019587916,6.160546345327519
2023-05-18 00:00:00,2.9285714285714284,2.9285714285714284,2.8730829804120837,2.929453654672481,6.206428571428571,6.206428571428571,6.261917019587916,6.205546345327519
2023-05-19 00:00:00,2.9285714285714284,2.9285714285714284,2.8730829804120837,2.929453654672481,6.286428571428571,6.286428571428571,6.341917019587916,6.285546345327519
2023-05-22 00:00:00,2.9285714285714284,2.9285714285714284,2.8730829804120837,2.929453654672481,6.336428571428572,6.336428571428572,6.3919170195879165,6.335546345327519
2023-05-23 00:00:00,2.9285714285714284,2.9285714285714284,2.8730829804120837,2.929453654672481,6.356428571428571,6.356428571428571,6.411917019587916,6.355546345327519
2023-05-24 00:00:00,2.9285714285714284,2.9285714285714284,2.8730829804120837,2.929453654672481,6.386428571428571,6.386428571428571,6.441917019587915,6.385546345327518
2023-05-25 00:00:00,2.9285714285714284,2.9285714285714284,2.8730829804120837,2.929453654672481,6.466428571428571,6.466428571428571,6.5219170195879155,6.465546345327518
2023-05-26 00:00:00,2.9285714285714284,2.9285714285714284,2.8730829804120837,2.929453654672481,6.3964285714285705,6.3964285714285705,6.451917019587915,6.395546345327518
2023-05-29 00:00:00,2.9285714285714284,2.9285714285714284,2.8730829804120837,2.929453654672481,6.356428571428571,6.356428571428571,6.411917019587916,6.355546345327519
2023-05-30 00:00:00,2.9285714285714284,2.9285714285714284,2.8730829804120837,2.929453654672481,6.326428571428572,6.326428571428572,6.381917019587917,6.32554634532752
2023-05-31 00:00:00,2.9285714285714284,2.9285714285714284,2.8730829804120837,2.929453654672481,6.307428571428572,6.307428571428572,6.362917019587917,6.3065463453275195
2023-06-01 00:00:00,2.9285714285714284,2.9285714285714284,2.8730829804120837,2.929453654672481,6.357428571428571,6.357428571428571,6.4129170195879155,6.356546345327518
2023-06-02 00:00:00,2.9285714285714284,2.9285714285714284,2.8730829804120837,2.929453654672481,6.447428571428571,6.447428571428571,6.502917019587915,6.446546345327518
2023-06-05 00:00:00,2.9285714285714284,2.9285714285714284,2.8730829804120837,2.929453654672481,6.427428571428571,6.427428571428571,6.482917019587916,6.426546345327519
2023-06-06 00:00:00,2.9285714285714284,2.9285714285714284,2.8730829804120837,2.929453654672481,6.357428571428571,6.357428571428571,6.4129170195879155,6.356546345327518
2023-06-07 00:00:00,2.9285714285714284,2.9285714285714284,2.8730829804120837,2.929453654672481,6.387428571428572,6.387428571428572,6.442917019587917,6.3865463453275195
2023-06-08 00:00:00,2.9285714285714284,2.9285714285714284,2.8730829804120837,2.929453654672481,6.277428571428571,6.277428571428571,6.332917019587915,6.276546345327518
2023-06-09 00:00:00,2.9285714285714284,2.9285714285714284,2.8730829804120837,2.929453654672481,6.307428571428572,6.307428571428572,6.362917019587917,6.3065463453275195
2023-06-12 00:00:00,2.9285714285714284,2.9285714285714284,2.8730829804120837,2.929453654672481,6.297428571428572,6.297428571428572,6.352917019587917,6.29654634532752
2023-06-13 00:00:00,2.9285714285714284,2.9285714285714284,2.8730829804120837,2.929453654672481,6.307428571428572,6.307428571428572,6.362917019587917,6.3065463453275195
2023-06-14 00:00:00,2.9285714285714284,2.9285714285714284,2.8730829804120837,2.929453654672481,6.317428571428572,6.317428571428572,6.372917019587916,6.316546345327519
2023-06-15 00:00:00,2.9285714285714284,2.9285714285714284,2.8730829804120837,2.929453654672481,6.277428571428571,6.277428571428571,6.332917019587915,6.276546345327518
2023-06-16 00:00:00,2.9285714285714284,2.9285714285714284,2.8730829804120837,2.929453654672481,6.2874285714285705,6.2874285714285705,6.342917019587915,6.286546345327518
2023-06-19 00:00:00,2.9285714285714284,2.9285714285714284,2.8730829804120837,2.929453654672481,6.2874285714285705,6.2874285714285705,6.342917019587915,6.286546345327518
2023-06-20 00:00:00,2.9285714285714284,2.9285714285714284,2.8730829804120837,2.929453654672481,6.2374285714285715,6.2374285714285715,6.292917019587916,6.236546345327519
2023-06-21 00:00:00,2.9285714285714284,2.9285714285714284,2.8730829804120837,2.929453654672481,6.227428571428572,6.227428571428572,6.2829170195879165,6.226546345327519
2023-06-22 00:00:00,2.9285714285714284,2.9285714285714284,2.8730829804120837,2.929453654672481,6.137428571428572,6.137428571428572,6.192917019587917,6.1365463453275195
2023-06-23 00:00:00,2.9285714285714284,2.9285714285714284,2.8730829804120837,2.929453654672481,6.027428571428571,6.027428571428571,6.082917019587915,6.026546345327518
2023-06-26 00:00:00,2.9285714285714284,2.9285714285714284,2.8730829804120837,2.929453654672481,5.967428571428572,5.967428571428572,6.022917019587917,5.96654634532752
2023-06-27 00:00:00,2.9285714285714284,2.9285714285714284,2.8730829804120837,2.929453654672481,6.017428571428571,6.017428571428571,6.072917019587916,6.0165463453275185
2023-06-28 00:00:00,2.9285714285714284,2.9285714285714284,2.8730829804120837,2.929453654672481,6.027428571428571,6.027428571428571,6.082917019587915,6.026546345327518
2023-06-29 00:00:00,2.9285714285714284,2.9285714285714284,2.8730829804120837,2.929453654672481,6.137428571428572,6.137428571428572,6.192917019587917,6.1365463453275195
2023-06-30 00:00:00,2.9285714285714284,2.9285714285714284,2.8730829804120837,2.929453654672481,6.187428571428571,6.187428571428571,6.242917019587916,6.1865463453275185
2023-07-03 00:00:00,2.9285714285714284,2.9285714285714284,2.8730829804120837,2.929453654672481,6.227428571428572,6.227428571428572,6.2829170195879165,6.226546345327519
2023-07-04 00:00:00,2.9285714285714284,2.9285714285714284,2.8730829804120837,2.929453654672481,6.277428571428571,6.277428571428571,6.332917019587915,6.276546345327518
2023-07-05 00:00:00,2.9285714285714284,2.9285714285714284,2.8730829804120837,2.929453654672481,6.327428571428571,6.327428571428571,6.382917019587916,6.326546345327519
2023-07-06 00:00:00,2.9285714285714284,2.9285714285714284,2.8730829804120837,2.929453654672481,6.376428571428571,6.376428571428571,6.431917019587916,6.3755463453275185
2023-07-07 00:00:00,2.9285714285714284,2.9285714285714284,2.8730829804120837,2.929453654672481,6.517428571428571,6.517428571428571,6.572917019587916,6.5165463453275185
2023-07-10 00:00:00,2.9285714285714284,2.9285714285714284,2.8730829804120837,2.929453654672481,6.557428571428572,6.557428571428572,6.612917019587917,6.5565463453275195
2023-07-11 00:00:00,2.9285714285714284,2.9285714285714284,2.8730829804120837,2.929453654672481,6.5374285714285705,6.5374285714285705,6.592917019587915,6.536546345327518
2023-07-12 00:00:00,2.9285714285714284,2.9285714285714284,2.8730829804120837,2.929453654672481,6.317428571428572,6.317428571428572,6.372917019587916,6.316546345327519
2023-07-13 00:00:00,2.9285714285714284,2.9285714285714284,2.8730829804120837,2.929453654672481,6.227428571428572,6.227428571428572,6.2829170195879165,6.226546345327519
2023-07-14 00:00:00,2.9285714285714284,2.9285714285714284,2.8730829804120837,2.929453654672481,6.277428571428571,6.277428571428571,6.332917019587915,6.276546345327518
2023-07-17 00:00:00,2.9285714285714284,2.9285714285714284,2.8730829804120837,2.929453654672481,6.257428571428571,6.257428571428571,6.312917019587916,6.256546345327519
2023-07-18 00:00:00,2.9285714285714284,2.9285714285714284,2.8730829804120837,2.929453654672481,6.257428571428571,6.257428571428571,6.312917019587916,6.256546345327519
2023-07-19 00:00:00,2.9285714285714284,2.9285714285714284,2.8730829804120837,2.929453654672481,6.347428571428571,6.347428571428571,6.402917019587916,6.346546345327519
2023-07-20 00:00:00,2.9285714285714284,2.9285714285714284,2.8730829804120837,2.929453654672481,6.392428571428571,6.392428571428571,6.447917019587916,6.3915463453275185
2023-07-21 00:00:00,2.9285714285714284,2.9285714285714284,2.8730829804120837,2.929453654672481,6.3514285714285705,6.3514285714285705,6.406917019587915,6.350546345327518
2023-07-24 00:00:00,2.9285714285714284,2.9285714285714284,2.8730829804120837,2.929453654672481,6.397428571428572,6.397428571428572,6.452917019587916,6.396546345327519
2023-07-25 00:00:00,2.9285714285714284,2.9285714285714284,2.8730829804120837,2.929453654672481,6.45742857142857,6.45742857142857,6.512917019587915,6.456546345327518
2023-07-26 00:00:00,2.9285714285714284,2.9285714285714284,2.8730829804120837,2.929453654672481,6.45742857142857,6.45742857142857,6.512917019587915,6.456546345327518
2023-07-27 00:00:00,2.9285714285714284,2.9285714285714284,2.8730829804120837,2.929453654672481,6.497428571428571,6.497428571428571,6.552917019587916,6.496546345327519
2023-07-28 00:00:00,2.9285714285714284,2.9285714285714284,2.8730829804120837,2.929453654672481,6.4874285714285715,6.4874285714285715,6.542917019587916,6.486546345327519
2023-07-31 00:00:00,2.9285714285714284,2.9285714285714284,2.8730829804120837,2.929453654672481,6.4074285714285715,6.4074285714285715,6.462917019587916,6.406546345327519
2023-08-01 00:00:00,2.9285714285714284,2.9285714285714284,2.8730829804120837,2.929453654672481,6.411428571428571,6.411428571428571,6.466917019587916,6.410546345327519
2023-08-02 00:00:00,2.9285714285714284,2.9285714285714284,2.8730829804120837,2.929453654672481,6.417428571428571,6.417428571428571,6.472917019587916,6.416546345327519
2023-08-03 00:00:00,2.9285714285714284,2.9285714285714284,2.8730829804120837,2.929453654672481,6.45742857142857,6.45742857142857,6.512917019587915,6.456546345327518
2023-08-04 00:00:00,2.9285714285714284,2.9285714285714284,2.8730829804120837,2.929453654672481,6.4874285714285715,6.4874285714285715,6.542917019587916,6.486546345327519
2023-08-07 00:00:00,2.9285714285714284,2.9285714285714284,2.8730829804120837,2.929453654672481,6.547428571428572,6.547428571428572,6.602917019587917,6.54654634532752
2023-08-08 00:00:00,2.9285714285714284,2.9285714285714284,2.8730829804120837,2.929453654672481,6.517428571428571,6.517428571428571,6.572917019587916,6.5165463453275185
2023-08-09 00:00:00,2.9285714285714284,2.9285714285714284,2.8730829804120837,2.929453654672481,6.437428571428571,6.437428571428571,6.492917019587916,6.4365463453275185
2023-08-10 00:00:00,2.9285714285714284,2.9285714285714284,2.8730829804120837,2.929453654672481,6.45742857142857,6.45742857142857,6.512917019587915,6.456546345327518
2023-08-11 00:00:00,2.9285714285714284,2.9285714285714284,2.8730829804120837,2.929453654672481,6.5374285714285705,6.5374285714285705,6.592917019587915,6.536546345327518
2023-08-14 00:00:00,2.9285714285714284,2.9285714285714284,2.8730829804120837,2.929453654672481,6.647428571428572,6.647428571428572,6.702917019587916,6.646546345327519
2023-08-15 00:00:00,2.9285714285714284,2.9285714285714284,2.8730829804120837,2.929453654672481,6.661428571428571,6.661428571428571,6.716917019587916,6.660546345327519
2023-08-16 00:00:00,2.9285714285714284,2.9285714285714284,2.8730829804120837,2.929453654672481,6.697428571428571,6.697428571428571,6.752917019587915,6.696546345327518
2023-08-17 00:00:00,2.9285714285714284,2.9285714285714284,2.8730829804120837,2.929453654672481,6.797428571428572,6.797428571428572,6.852917019587917,6.79654634532752
2023-08-18 00:00:00,2.9285714285714284,2.9285714285714284,2.8730829804120837,2.929453654672481,6.847428571428571,6.847428571428571,6.902917019587916,6.846546345327519
2023-08-21 00:00:00,2.9285714285714284,2.9285714285714284,2.8730829804120837,2.929453654672481,6.927428571428571,6.927428571428571,6.982917019587916,6.926546345327519
2023-08-22 00:00:00,2.9285714285714284,2.9285714285714284,2.8730829804120837,2.929453654672481,6.9074285714285715,6.9074285714285715,6.962917019587916,6.906546345327519
2023-08-23 00:00:00,2.9285714285714284,2.9285714285714284,2.8730829804120837,2.929453654672481,6.697428571428571,6.697428571428571,6.752917019587915,6.696546345327518
2023-08-24 00:00:00,2.9285714285714284,2.9285714285714284,2.8730829804120837,2.929453654672481,6.7374285714285715,6.7374285714285715,6.792917019587916,6.736546345327519
2023-08-25 00:00:00,2.9285714285714284,2.9285714285714284,2.8730829804120837,2.929453654672481,6.767428571428571,6.767428571428571,6.822917019587916,6.7665463453275185
2023-08-28 00:00:00,2.9285714285714284,2.9285714285714284,2.8730829804120837,2.929453654672481,6.731428571428571,6.731428571428571,6.786917019587916,6.730546345327519
2023-08-29 00:00:00,2.9285714285714284,2.9285714285714284,2.8730829804120837,2.929453654672481,6.667428571428571,6.667428571428571,6.722917019587916,6.666546345327519
2023-08-30 00:00:00,2.9285714285714284,2.9285714285714284,2.8730829804120837,2.929453654672481,6.7874285714285705,6.7874285714285705,6.842917019587915,6.786546345327518
2023-08-31 00:00:00,2.9285714285714284,2.9285714285714284,2.8730829804120837,2.929453654672481,6.757428571428571,6.757428571428571,6.812917019587916,6.756546345327519
2023-09-01 00:00:00,2.9285714285714284,2.9285714285714284,2.8730829804120837,2.929453654672481,6.7874285714285705,6.7874285714285705,6.842917019587915,6.786546345327518
2023-09-04 00:00:00,2.9285714285714284,2.9285714285714284,2.8730829804120837,2.929453654672481,6.807428571428572,6.807428571428572,6.862917019587917,6.8065463453275195
2023-09-05 00:00:00,2.9285714285714284,2.9285714285714284,2.8730829804120837,2.929453654672481,6.9074285714285715,6.9074285714285715,6.962917019587916,6.906546345327519
2023-09-06 00:00:00,2.9285714285714284,2.9285714285714284,2.8730829804120837,2.929453654672481,6.997428571428571,6.997428571428571,7.052917019587916,6.996546345327519
2023-09-07 00:00:00,2.9285714285714284,2.9285714285714284,2.8730829804120837,2.929453654672481,6.929428571428572,6.929428571428572,6.984917019587916,6.928546345327519
2023-09-08 00:00:00,2.9285714285714284,2.9285714285714284,2.8730829804120837,2.929453654672481,6.9234285714285715,6.9234285714285715,6.978917019587916,6.922546345327519
2023-09-11 00:00:00,2.9285714285714284,2.9285714285714284,2.8730829804120837,2.929453654672481,7.167428571428571,7.167428571428571,7.222917019587916,7.166546345327519
2023-09-12 00:00:00,2.9285714285714284,2.9285714285714284,2.8730829804120837,2.929453654672481,7.087428571428571,7.087428571428571,7.142917019587916,7.086546345327519
2023-09-13 00:00:00,2.9285714285714284,2.9285714285714284,2.8730829804120837,2.929453654672481,6.947428571428571,6.947428571428571,7.002917019587915,6.946546345327518
2023-09-14 00:00:00,2.9285714285714284,2.9285714285714284,2.8730829804120837,2.929453654672481,6.95742857142857,6.95742857142857,7.012917019587915,6.956546345327518
2023-09-15 00:00:00,2.9285714285714284,2.9285714285714284,2.8730829804120837,2.929453654672481,6.967428571428572,6.967428571428572,7.022917019587917,6.96654634532752
2023-09-18 00:00:00,2.9285714285714284,2.9285714285714284,2.8730829804120837,2.929453654672481,6.997428571428571,6.997428571428571,7.052917019587916,6.996546345327519
2023-09-19 00:00:00,2.9285714285714284,2.9285714285714284,2.8730829804120837,2.929453654672481,7.107428571428571,7.107428571428571,7.1629170195879155,7.106546345327518
2023-09-20 00:00:00,2.9285714285714284,2.9285714285714284,2.8730829804120837,2.929453654672481,7.097428571428571,7.097428571428571,7.152917019587916,7.096546345327519
2023-09-21 00:00:00,2.9285714285714284,2.9285714285714284,2.8730829804120837,2.929453654672481,7.167428571428571,7.167428571428571,7.222917019587916,7.166546345327519
2023-09-22 00:00:00,2.9285714285714284,2.9285714285714284,2.8730829804120837,2.929453654672481,7.20742857142857,7.20742857142857,7.262917019587915,7.206546345327518
2023-09-25 00:00:00,2.9285714285714284,2.9285714285714284,2.8730829804120837,2.929453654672481,7.327428571428571,7.327428571428571,7.382917019587916,7.326546345327519
2023-09-26 00:00:00,2.9285714285714284,2.9285714285714284,2.8730829804120837,2.929453654672481,7.306428571428571,7.306428571428571,7.361917019587915,7.305546345327518
2023-09-27 00:00:00,2.9285714285714284,2.9285714285714284,2.8730829804120837,2.929453654672481,7.597428571428571,7.597428571428571,7.652917019587916,7.596546345327519
2023-09-28 00:00:00,2.9285714285714284,2.9285714285714284,2.8730829804120837,2.929453654672481,7.417428571428571,7.417428571428571,7.472917019587916,7.416546345327519
2023-09-29 00:00:00,2.9285714285714284,2.9285714285714284,2.8730829804120837,2.929453654672481,7.37742857142857,7.37742857142857,7.432917019587915,7.376546345327518
2023-10-02 00:00:00,2.9285714285714284,2.9285714285714284,2.8730829804120837,2.929453654672481,7.387428571428572,7.387428571428572,7.442917019587917,7.3865463453275195
2023-10-03 00:00:00,2.9285714285714284,2.9285714285714284,2.8730829804120837,2.929453654672481,7.394428571428572,7.394428571428572,7.449917019587916,7.393546345327519
2023-10-04 00:00:00,2.9285714285714284,2.9285714285714284,2.8730829804120837,2.929453654672481,7.317428571428572,7.317428571428572,7.372917019587916,7.316546345327519
2023-10-05 00:00:00,2.9285714285714284,2.9285714285714284,2.8730829804120837,2.929453654672481,7.317428571428572,7.317428571428572,7.372917019587916,7.316546345327519
2023-10-06 00:00:00,2.9285714285714284,2.9285714285714284,2.8730829804120837,2.929453654672481,7.307428571428572,7.307428571428572,7.362917019587917,7.3065463453275195
2023-10-09 00:00:00,2.9285714285714284,2.9285714285714284,2.8730829804120837,2.929453654672481,7.267428571428571,7.267428571428571,7.322917019587916,7.2665463453275185
2023-10-10 00:00:00,2.9285714285714284,2.9285714285714284,2.8730829804120837,2.929453654672481,7.197428571428571,7.197428571428571,7.252917019587915,7.196546345327518
2023-10-11 00:00:00,2.9285714285714284,2.9285714285714284,2.8730829804120837,2.929453654672481,7.227428571428572,7.227428571428572,7.2829170195879165,7.226546345327519
2023-10-12 00:00:00,2.9285714285714284,2.9285714285714284,2.8730829804120837,2.929453654672481,7.357428571428571,7.357428571428571,7.4129170195879155,7.356546345327518
2023-10-13 00:00:00,2.9285714285714284,2.9285714285714284,2.8730829804120837,2.929453654672481,7.347428571428571,7.347428571428571,7.402917019587916,7.346546345327519
2023-10-16 00:00:00,2.9285714285714284,2.9285714285714284,2.8730829804120837,2.929453654672481,7.397428571428572,7.397428571428572,7.452917019587916,7.396546345327519
2023-10-17 00:00:00,2.9285714285714284,2.9285714285714284,2.8730829804120837,2.929453654672481,7.45742857142857,7.45742857142857,7.512917019587915,7.456546345327518
2023-10-18 00:00:00,2.9285714285714284,2.9285714285714284,2.8730829804120837,2.929453654672481,7.477428571428572,7.477428571428572,7.5329170195879165,7.476546345327519
2023-10-19 00:00:00,2.9285714285714284,2.9285714285714284,2.8730829804120837,2.929453654672481,7.437428571428571,7.437428571428571,7.492917019587916,7.4365463453275185
2023-10-20 00:00:00,2.9285714285714284,2.9285714285714284,2.8730829804120837,2.929453654672481,7.347428571428571,7.347428571428571,7.402917019587916,7.346546345327519
2023-10-23 00:00:00,2.9285714285714284,2.9285714285714284,2.8730829804120837,2.929453654672481,7.3674285714285705,7.3674285714285705,7.422917019587915,7.366546345327518
2023-10-24 00:00:00,2.9285714285714284,2.9285714285714284,2.8730829804120837,2.929453654672481,7.417428571428571,7.417428571428571,7.472917019587916,7.416546345327519
2023-10-25 00:00:00,2.9285714285714284,2.9285714285714284,2.8730829804120837,2.929453654672481,7.5374285714285705,7.5374285714285705,7.592917019587915,7.536546345327518
2023-10-26 00:00:00,2.9285714285714284,2.9285714285714284,2.8730829804120837,2.929453654672481,7.381428571428572,7.381428571428572,7.436917019587916,7.380546345327519
2023-10-27 00:00:00,2.9285714285714284,2.9285714285714284,2.8730829804120837,2.929453654672481,7.331428571428571,7.331428571428571,7.386917019587916,7.330546345327519
2023-10-30 00:00:00,2.9285714285714284,2.9285714285714284,2.8730829804120837,2.929453654672481,7.427428571428571,7.427428571428571,7.482917019587916,7.426546345327519
2023-10-31 00:00:00,2.9285714285714284,2.9285714285714284,2.8730829804120837,2.929453654672481,7.427428571428571,7.427428571428571,7.482917019587916,7.426546345327519
2023-11-01 00:00:00,2.9285714285714284,2.9285714285714284,2.8730829804120837,2.929453654672481,7.331428571428571,7.331428571428571,7.386917019587916,7.330546345327519
2023-11-03 00:00:00,2.9285714285714284,2.9285714285714284,2.8730829804120837,2.929453654672481,7.067428571428572,7.067428571428572,7.122917019587916,7.066546345327519
2023-11-06 00:00:00,2.9285714285714284,2.9285714285714284,2.8730829804120837,2.929453654672481,7.057428571428572,7.057428571428572,7.112917019587917,7.0565463453275195
2023-11-07 00:00:00,2.9285714285714284,2.9285714285714284,2.8730829804120837,2.929453654672481,7.097428571428571,7.097428571428571,7.152917019587916,7.096546345327519
2023-11-08 00:00:00,2.9285714285714284,2.9285714285714284,2.8730829804120837,2.929453654672481,7.017428571428571,7.017428571428571,7.072917019587916,7.0165463453275185
2023-11-09 00:00:00,2.9285714285714284,2.9285714285714284,2.8730829804120837,2.929453654672481,6.937428571428571,6.937428571428571,6.992917019587916,6.9365463453275185
2023-11-10 00:00:00,2.9285714285714284,2.9285714285714284,2.8730829804120837,2.929453654672481,6.817428571428572,6.817428571428572,6.872917019587916,6.816546345327519
2023-11-13 00:00:00,2.9285714285714284,2.9285714285714284,2.8730829804120837,2.929453654672481,6.847428571428571,6.847428571428571,6.902917019587916,6.846546345327519
2023-11-14 00:00:00,2.9285714285714284,2.9285714285714284,2.8730829804120837,2.929453654672481,6.6574285714285715,6.6574285714285715,6.712917019587916,6.656546345327519
2023-11-15 00:00:00,2.9285714285714284,2.9285714285714284,2.8730829804120837,2.929453654672481,6.667428571428571,6.667428571428571,6.722917019587916,6.666546345327519
2023-11-16 00:00:00,2.9285714285714284,2.9285714285714284,2.8730829804120837,2.929453654672481,6.62742857142857,6.62742857142857,6.682917019587915,6.626546345327518
2023-11-17 00:00:00,2.9285714285714284,2.9285714285714284,2.8730829804120837,2.929453654672481,6.727428571428572,6.727428571428572,6.7829170195879165,6.726546345327519
2023-11-21 00:00:00,2.9285714285714284,2.9285714285714284,2.8730829804120837,2.929453654672481,6.811428571428571,6.811428571428571,6.866917019587916,6.810546345327519
2023-11-22 00:00:00,2.9285714285714284,2.9285714285714284,2.8730829804120837,2.929453654672481,6.8914285714285715,6.8914285714285715,6.946917019587916,6.890546345327519
2023-11-23 00:00:00,2.9285714285714284,2.9285714285714284,2.8730829804120837,2.929453654672481,6.856428571428571,6.856428571428571,6.911917019587916,6.855546345327519
2023-11-24 00:00:00,2.9285714285714284,2.9285714285714284,2.8730829804120837,2.929453654672481,6.897428571428572,6.897428571428572,6.952917019587916,6.896546345327519
2023-11-27 00:00:00,2.9285714285714284,2.9285714285714284,2.8730829804120837,2.929453654672481,6.827428571428571,6.827428571428571,6.882917019587916,6.826546345327519
2023-11-28 00:00:00,2.9285714285714284,2.9285714285714284,2.8730829804120837,2.929453654672481,6.647428571428572,6.647428571428572,6.702917019587916,6.646546345327519
2023-11-29 00:00:00,2.9285714285714284,2.9285714285714284,2.8730829804120837,2.929453654672481,6.547428571428572,6.547428571428572,6.602917019587917,6.54654634532752
2023-11-30 00:00:00,2.9285714285714284,2.9285714285714284,2.8730829804120837,2.929453654672481,6.717428571428572,6.717428571428572,6.772917019587917,6.71654634532752
2023-12-01 00:00:00,2.9285714285714284,2.9285714285714284,2.8730829804120837,2.929453654672481,6.597428571428571,6.597428571428571,6.652917019587916,6.596546345327519
2023-12-04 00:00:00,2.9285714285714284,2.9285714285714284,2.8730829804120837,2.929453654672481,6.62742857142857,6.62742857142857,6.682917019587915,6.626546345327518
2023-12-05 00:00:00,2.9285714285714284,2.9285714285714284,2.8730829804120837,2.929453654672481,6.587428571428571,6.587428571428571,6.642917019587916,6.586546345327519
2023-12-06 00:00:00,2.9285714285714284,2.9285714285714284,2.8730829804120837,2.929453654672481,6.531428571428572,6.531428571428572,6.586917019587917,6.53054634532752
2023-12-07 00:00:00,2.9285714285714284,2.9285714285714284,2.8730829804120837,2.929453654672481,6.547428571428572,6.547428571428572,6.602917019587917,6.54654634532752
2023-12-08 00:00:00,2.9285714285714284,2.9285714285714284,2.8730829804120837,2.929453654672481,6.6174285714285705,6.6174285714285705,6.672917019587915,6.616546345327518
2023-12-11 00:00:00,2.9285714285714284,2.9285714285714284,2.8730829804120837,2.929453654672481,6.717428571428572,6.717428571428572,6.772917019587917,6.71654634532752
2023-12-13 00:00:00,2.9285714285714284,2.9285714285714284,2.8730829804120837,2.929453654672481,6.527428571428571,6.527428571428571,6.582917019587915,6.526546345327518
2023-12-14 00:00:00,2.9285714285714284,2.9285714285714284,2.8730829804120837,2.929453654672481,6.307428571428572,6.307428571428572,6.362917019587917,6.3065463453275195
2023-12-15 00:00:00,2.9285714285714284,2.9285714285714284,2.8730829804120837,2.929453654672481,6.477428571428572,6.477428571428572,6.5329170195879165,6.476546345327519
2023-12-18 00:00:00,2.9285714285714284,2.9285714285714284,2.8730829804120837,2.929453654672481,6.509428571428572,6.509428571428572,6.5649170195879165,6.508546345327519
2023-12-19 00:00:00,2.9285714285714284,2.9285714285714284,2.8730829804120837,2.929453654672481,6.547428571428572,6.547428571428572,6.602917019587917,6.54654634532752
2023-12-20 00:00:00,2.9285714285714284,2.9285714285714284,2.8730829804120837,2.929453654672481,6.467428571428572,6.467428571428572,6.522917019587917,6.46654634532752
2023-12-21 00:00:00,2.9285714285714284,2.9285714285714284,2.8730829804120837,2.929453654672481,6.507428571428571,6.507428571428571,6.562917019587916,6.506546345327519
2023-12-22 00:00:00,2.9285714285714284,2.9285714285714284,2.8730829804120837,2.929453654672481,6.517428571428571,6.517428571428571,6.572917019587916,6.5165463453275185
2023-12-26 00:00:00,2.9285714285714284,2.9285714285714284,2.8730829804120837,2.929453654672481,6.527428571428571,6.527428571428571,6.582917019587915,6.526546345327518
2023-12-27 00:00:00,2.9285714285714284,2.9285714285714284,2.8730829804120837,2.929453654672481,6.437428571428571,6.437428571428571,6.492917019587916,6.4365463453275185
2023-12-28 00:00:00,2.9285714285714284,2.9285714285714284,2.8730829804120837,2.929453654672481,6.3914285714285715,6.3914285714285715,6.446917019587916,6.390546345327519
2023-12-29 00:00:00,2.9285714285714284,2.9285714285714284,2.8730829804120837,2.929453654672481,6.3464285714285715,6.3464285714285715,6.401917019587916,6.345546345327519
2024-01-02 00:00:00,2.9285714285714284,2.9285714285714284,2.8730829804120837,2.929453654672481,6.5374285714285705,6.5374285714285705,6.592917019587915,6.536546345327518
2024-01-03 00:00:00,2.9285714285714284,2.9285714285714284,2.8730829804120837,2.929453654672481,6.511428571428571,6.511428571428571,6.566917019587915,6.510546345327518
2024-01-04 00:00:00,2.9285714285714284,2.9285714285714284,2.8730829804120837,2.929453654672481,6.591428571428571,6.591428571428571,6.6469170195879155,6.590546345327518
2024-01-05 00:00:00,2.9285714285714284,2.9285714285714284,2.8730829804120837,2.929453654672481,6.587428571428571,6.587428571428571,6.642917019587916,6.586546345327519
2024-01-08 00:00:00,2.9285714285714284,2.9285714285714284,2.8730829804120837,2.929453654672481,6.517428571428571,6.517428571428571,6.572917019587916,6.5165463453275185
2024-01-09 00:00:00,2.9285714285714284,2.9285714285714284,2.8730829804120837,2.929453654672481,6.567428571428572,6.567428571428572,6.622917019587916,6.566546345327519
2024-01-10 00:00:00,2.9285714285714284,2.9285714285714284,2.8730829804120837,2.929453654672481,6.527428571428571,6.527428571428571,6.582917019587915,6.526546345327518
2024-01-11 00:00:00,2.9285714285714284,2.9285714285714284,2.8730829804120837,2.929453654672481,6.45742857142857,6.45742857142857,6.512917019587915,6.456546345327518
2024-01-12 00:00:00,2.9285714285714284,2.9285714285714284,2.8730829804120837,2.929453654672481,6.327428571428571,6.327428571428571,6.382917019587916,6.326546345327519
2024-01-15 00:00:00,2.9285714285714284,2.9285714285714284,2.8730829804120837,2.929453654672481,6.308428571428571,6.308428571428571,6.363917019587916,6.307546345327519
2024-01-16 00:00:00,2.9285714285714284,2.9285714285714284,2.8730829804120837,2.929453654672481,6.31642857142857,6.31642857142857,6.371917019587915,6.315546345327518
2024-01-17 00:00:00,2.9285714285714284,2.9285714285714284,2.8730829804120837,2.929453654672481,6.511428571428571,6.511428571428571,6.566917019587915,6.510546345327518
2024-01-18 00:00:00,2.9285714285714284,2.9285714285714284,2.8730829804120837,2.929453654672481,6.5164285714285715,6.5164285714285715,6.571917019587916,6.515546345327519
2024-01-19 00:00:00,2.9285714285714284,2.9285714285714284,2.8730829804120837,2.929453654672481,6.511428571428571,6.511428571428571,6.566917019587915,6.510546345327518
2024-01-22 00:00:00,2.9285714285714284,2.9285714285714284,2.8730829804120837,2.929453654672481,6.506428571428572,6.506428571428572,6.561917019587916,6.505546345327519
2024-01-23 00:00:00,2.9285714285714284,2.9285714285714284,2.8730829804120837,2.929453654672481,6.528428571428572,6.528428571428572,6.583917019587917,6.5275463453275195
2024-01-24 00:00:00,2.9285714285714284,2.9285714285714284,2.8730829804120837,2.929453654672481,6.547428571428572,6.547428571428572,6.602917019587917,6.54654634532752
2024-01-25 00:00:00,2.9285714285714284,2.9285714285714284,2.8730829804120837,2.929453654672481,6.507428571428571,6.507428571428571,6.562917019587916,6.506546345327519
2024-01-26 00:00:00,2.9285714285714284,2.9285714285714284,2.8730829804120837,2.929453654672481,6.527428571428571,6.527428571428571,6.582917019587915,6.526546345327518
2024-01-29 00:00:00,2.9285714285714284,2.9285714285714284,2.8730829804120837,2.929453654672481,6.527428571428571,6.527428571428571,6.582917019587915,6.526546345327518
2024-01-30 00:00:00,2.9285714285714284,2.9285714285714284,2.8730829804120837,2.929453654672481,6.597428571428571,6.597428571428571,6.652917019587916,6.596546345327519
2024-01-31 00:00:00,2.9285714285714284,2.9285714285714284,2.8730829804120837,2.929453654672481,6.477428571428572,6.477428571428572,6.5329170195879165,6.476546345327519
2024-02-01 00:00:00,2.9285714285714284,2.9285714285714284,2.8730829804120837,2.929453654672481,6.381428571428572,6.381428571428572,6.436917019587916,6.380546345327519
2024-02-02 00:00:00,2.9285714285714284,2.9285714285714284,2.8730829804120837,2.929453654672481,6.607428571428571,6.607428571428571,6.6629170195879155,6.606546345327518
2024-02-06 00:00:00,2.9285714285714284,2.9285714285714284,2.8730829804120837,2.929453654672481,6.70742857142857,6.70742857142857,6.762917019587915,6.706546345327518
2024-02-07 00:00:00,2.9285714285714284,2.9285714285714284,2.8730829804120837,2.929453654672481,6.62742857142857,6.62742857142857,6.682917019587915,6.626546345327518
2024-02-08 00:00:00,2.9285714285714284,2.9285714285714284,2.8730829804120837,2.929453654672481,6.5374285714285705,6.5374285714285705,6.592917019587915,6.536546345327518
2024-02-09 00:00:00,2.9285714285714284,2.9285714285714284,2.8730829804120837,2.929453654672481,6.477428571428572,6.477428571428572,6.5329170195879165,6.476546345327519
2024-02-12 00:00:00,2.9285714285714284,2.9285714285714284,2.8730829804120837,2.929453654672481,6.45742857142857,6.45742857142857,6.512917019587915,6.456546345327518
2024-02-13 00:00:00,2.9285714285714284,2.9285714285714284,2.8730829804120837,2.929453654672481,6.647428571428572,6.647428571428572,6.702917019587916,6.646546345327519
2024-02-14 00:00:00,2.9285714285714284,2.9285714285714284,2.8730829804120837,2.929453654672481,6.567428571428572,6.567428571428572,6.622917019587916,6.566546345327519
2024-02-15 00:00:00,2.9285714285714284,2.9285714285714284,2.8730829804120837,2.929453654672481,6.527428571428571,6.527428571428571,6.582917019587915,6.526546345327518
2024-02-16 00:00:00,2.9285714285714284,2.9285714285714284,2.8730829804120837,2.929453654672481,6.637428571428572,6.637428571428572,6.692917019587917,6.6365463453275195
2024-02-19 00:00:00,2.9285714285714284,2.9285714285714284,2.8730829804120837,2.929453654672481,6.637428571428572,6.637428571428572,6.692917019587917,6.6365463453275195
2024-02-20 00:00:00,2.9285714285714284,2.9285714285714284,2.8730829804120837,2.929453654672481,6.62742857142857,6.62742857142857,6.682917019587915,6.626546345327518
2024-02-21 00:00:00,2.9285714285714284,2.9285714285714284,2.8730829804120837,2.929453654672481,6.514428571428571,6.514428571428571,6.5699170195879155,6.513546345327518
2024-02-22 00:00:00,2.9285714285714284,2.9285714285714284,2.8730829804120837,2.929453654672481,6.45742857142857,6.45742857142857,6.512917019587915,6.456546345327518
2024-02-23 00:00:00,2.9285714285714284,2.9285714285714284,2.8730829804120837,2.929453654672481,6.447428571428571,6.447428571428571,6.502917019587915,6.446546345327518
2024-02-26 00:00:00,2.9285714285714284,2.9285714285714284,2.8730829804120837,2.929453654672481,6.447428571428571,6.447428571428571,6.502917019587915,6.446546345327518
2024-02-27 00:00:00,2.9285714285714284,2.9285714285714284,2.8730829804120837,2.929453654672481,6.567428571428572,6.567428571428572,6.622917019587916,6.566546345327519
2024-02-28 00:00:00,2.9285714285714284,2.9285714285714284,2.8730829804120837,2.929453654672481,6.547428571428572,6.547428571428572,6.602917019587917,6.54654634532752
2024-02-29 00:00:00,2.9285714285714284,2.9285714285714284,2.8730829804120837,2.929453654672481,6.5214285714285705,6.5214285714285705,6.576917019587915,6.520546345327518
2024-03-01 00:00:00,2.9285714285714284,2.9285714285714284,2.8730829804120837,2.929453654672481,6.547428571428572,6.547428571428572,6.602917019587917,6.54654634532752
2024-03-04 00:00:00,2.9285714285714284,2.9285714285714284,2.8730829804120837,2.929453654672481,6.577428571428571,6.577428571428571,6.632917019587916,6.576546345327519
2024-03-05 00:00:00,2.9285714285714284,2.9285714285714284,2.8730829804120837,2.929453654672481,6.527428571428571,6.527428571428571,6.582917019587915,6.526546345327518
2024-03-06 00:00:00,2.9285714285714284,2.9285714285714284,2.8730829804120837,2.929453654672481,6.467428571428572,6.467428571428572,6.522917019587917,6.46654634532752
2024-03-07 00:00:00,2.9285714285714284,2.9285714285714284,2.8730829804120837,2.929453654672481,6.567428571428572,6.567428571428572,6.622917019587916,6.566546345327519
2024-03-08 00:00:00,2.9285714285714284,2.9285714285714284,2.8730829804120837,2.929453654672481,6.461428571428572,6.461428571428572,6.5169170195879165,6.460546345327519
2024-03-11 00:00:00,2.9285714285714284,2.9285714285714284,2.8730829804120837,2.929453654672481,6.527428571428571,6.527428571428571,6.582917019587915,6.526546345327518
2024-03-12 00:00:00,2.9285714285714284,2.9285714285714284,2.8730829804120837,2.929453654672481,6.577428571428571,6.577428571428571,6.632917019587916,6.576546345327519
2024-03-13 00:00:00,2.9285714285714284,2.9285714285714284,2.8730829804120837,2.929453654672481,6.547428571428572,6.547428571428572,6.602917019587917,6.54654634532752
2024-03-14 00:00:00,2.9285714285714284,2.9285714285714284,2.8730829804120837,2.929453654672481,6.607428571428571,6.607428571428571,6.6629170195879155,6.606546345327518
2024-03-15 00:00:00,2.9285714285714284,2.9285714285714284,2.8730829804120837,2.929453654672481,6.687428571428571,6.687428571428571,6.742917019587916,6.6865463453275185
2024-03-19 00:00:00,2.9285714285714284,2.9285714285714284,2.8730829804120837,2.929453654672481,6.687428571428571,6.687428571428571,6.742917019587916,6.6865463453275185
2024-03-20 00:00:00,2.9285714285714284,2.9285714285714284,2.8730829804120837,2.929453654672481,6.687428571428571,6.687428571428571,6.742917019587916,6.6865463453275185
2024-03-21 00:00:00,2.9285714285714284,2.9285714285714284,2.8730829804120837,2.929453654672481,6.467428571428572,6.467428571428572,6.522917019587917,6.46654634532752
2024-03-22 00:00:00,2.9285714285714284,2.9285714285714284,2.8730829804120837,2.929453654672481,6.577428571428571,6.577428571428571,6.632917019587916,6.576546345327519
2024-03-25 00:00:00,2.9285714285714284,2.9285714285714284,2.8730829804120837,2.929453654672481,6.607428571428571,6.607428571428571,6.6629170195879155,6.606546345327518
2024-03-26 00:00:00,2.9285714285714284,2.9285714285714284,2.8730829804120837,2.929453654672481,6.567428571428572,6.567428571428572,6.622917019587916,6.566546345327519
2024-03-27 00:00:00,2.9285714285714284,2.9285714285714284,2.8730829804120837,2.929453654672481,6.507428571428571,6.507428571428571,6.562917019587916,6.506546345327519
2024-04-01 00:00:00,2.9285714285714284,2.9285714285714284,2.8730829804120837,2.929453654672481,6.637428571428572,6.637428571428572,6.692917019587917,6.6365463453275195
2024-04-02 00:00:00,2.9285714285714284,2.9285714285714284,2.8730829804120837,2.929453654672481,6.70742857142857,6.70742857142857,6.762917019587915,6.706546345327518
2024-04-03 00:00:00,2.9285714285714284,2.9285714285714284,2.8730829804120837,2.929453654672481,6.747428571428571,6.747428571428571,6.802917019587916,6.746546345327519
2024-04-04 00:00:00,2.9285714285714284,2.9285714285714284,2.8730829804120837,2.929453654672481,6.767428571428571,6.767428571428571,6.822917019587916,6.7665463453275185
2024-04-05 00:00:00,2.9285714285714284,2.9285714285714284,2.8730829804120837,2.929453654672481,6.9074285714285715,6.9074285714285715,6.962917019587916,6.906546345327519
2024-04-08 00:00:00,2.9285714285714284,2.9285714285714284,2.8730829804120837,2.929453654672481,6.967428571428572,6.967428571428572,7.022917019587917,6.96654634532752
2024-04-09 00:00:00,2.9285714285714284,2.9285714285714284,2.8730829804120837,2.929453654672481,6.897428571428572,6.897428571428572,6.952917019587916,6.896546345327519
2024-04-10 00:00:00,2.9285714285714284,2.9285714285714284,2.8730829804120837,2.929453654672481,7.197428571428571,7.197428571428571,7.252917019587915,7.196546345327518
2024-04-11 00:00:00,2.9285714285714284,2.9285714285714284,2.8730829804120837,2.929453654672481,7.12742857142857,7.12742857142857,7.182917019587915,7.126546345327518
2024-04-12 00:00:00,2.9285714285714284,2.9285714285714284,2.8730829804120837,2.929453654672481,7.097428571428571,7.097428571428571,7.152917019587916,7.096546345327519
2024-04-15 00:00:00,2.9285714285714284,2.9285714285714284,2.8730829804120837,2.929453654672481,7.227428571428572,7.227428571428572,7.2829170195879165,7.226546345327519
2024-04-16 00:00:00,2.9285714285714284,2.9285714285714284,2.8730829804120837,2.929453654672481,7.397428571428572,7.397428571428572,7.452917019587916,7.396546345327519
2024-04-17 00:00:00,2.9285714285714284,2.9285714285714284,2.8730829804120837,2.929453654672481,7.2874285714285705,7.2874285714285705,7.342917019587915,7.286546345327518
2024-04-18 00:00:00,2.9285714285714284,2.9285714285714284,2.8730829804120837,2.929453654672481,7.337428571428571,7.337428571428571,7.392917019587916,7.336546345327519
2024-04-19 00:00:00,2.9285714285714284,2.9285714285714284,2.8730829804120837,2.929453654672481,7.057428571428572,7.057428571428572,7.112917019587917,7.0565463453275195
2024-04-22 00:00:00,2.9285714285714284,2.9285714285714284,2.8730829804120837,2.929453654672481,6.997428571428571,6.997428571428571,7.052917019587916,6.996546345327519
2024-04-23 00:00:00,2.9285714285714284,2.9285714285714284,2.8730829804120837,2.929453654672481,6.977428571428572,6.977428571428572,7.0329170195879165,6.976546345327519
2024-04-24 00:00:00,2.9285714285714284,2.9285714285714284,2.8730829804120837,2.929453654672481,7.067428571428572,7.067428571428572,7.122917019587916,7.066546345327519
2024-04-25 00:00:00,2.9285714285714284,2.9285714285714284,2.8730829804120837,2.929453654672481,7.067428571428572,7.067428571428572,7.122917019587916,7.066546345327519
2024-04-26 00:00:00,2.9285714285714284,2.9285714285714284,2.8730829804120837,2.929453654672481,7.137428571428572,7.137428571428572,7.192917019587917,7.1365463453275195
2024-04-29 00:00:00,2.9285714285714284,2.9285714285714284,2.8730829804120837,2.929453654672481,7.137428571428572,7.137428571428572,7.192917019587917,7.1365463453275195
2024-04-30 00:00:00,2.9285714285714284,2.9285714285714284,2.8730829804120837,2.929453654672481,7.137428571428572,7.137428571428572,7.192917019587917,7.1365463453275195
2024-05-02 00:00:00,2.9285714285714284,2.9285714285714284,2.8730829804120837,2.929453654672481,6.9074285714285715,6.9074285714285715,6.962917019587916,6.906546345327519
2024-05-03 00:00:00,2.9285714285714284,2.9285714285714284,2.8730829804120837,2.929453654672481,6.747428571428571,6.747428571428571,6.802917019587916,6.746546345327519
2024-05-06 00:00:00,2.9285714285714284,2.9285714285714284,2.8730829804120837,2.929453654672481,6.767428571428571,6.767428571428571,6.822917019587916,6.7665463453275185
2024-05-07 00:00:00,2.9285714285714284,2.9285714285714284,2.8730829804120837,2.929453654672481,6.7874285714285705,6.7874285714285705,6.842917019587915,6.786546345327518
2024-05-08 00:00:00,2.9285714285714284,2.9285714285714284,2.8730829804120837,2.929453654672481,6.797428571428572,6.797428571428572,6.852917019587917,6.79654634532752
2024-05-09 00:00:00,2.9285714285714284,2.9285714285714284,2.8730829804120837,2.929453654672481,6.777428571428571,6.777428571428571,6.832917019587915,6.776546345327518
2024-05-10 00:00:00,2.9285714285714284,2.9285714285714284,2.8730829804120837,2.929453654672481,6.927428571428571,6.927428571428571,6.982917019587916,6.926546345327519
2024-05-13 00:00:00,2.9285714285714284,2.9285714285714284,2.8730829804120837,2.929453654672481,6.927428571428571,6.927428571428571,6.982917019587916,6.926546345327519
2024-05-14 00:00:00,2.9285714285714284,2.9285714285714284,2.8730829804120837,2.929453654672481,6.8674285714285705,6.8674285714285705,6.922917019587915,6.866546345327518
2024-05-15 00:00:00,2.9285714285714284,2.9285714285714284,2.8730829804120837,2.929453654672481,6.757428571428571,6.757428571428571,6.812917019587916,6.756546345327519
2024-05-16 00:00:00,2.9285714285714284,2.9285714285714284,2.8730829804120837,2.929453654672481,6.807428571428572,6.807428571428572,6.862917019587917,6.8065463453275195
2024-05-17 00:00:00,2.9285714285714284,2.9285714285714284,2.8730829804120837,2.929453654672481,6.831428571428571,6.831428571428571,6.886917019587916,6.830546345327519
2024-05-20 00:00:00,2.9285714285714284,2.9285714285714284,2.8730829804120837,2.929453654672481,6.837428571428571,6.837428571428571,6.892917019587916,6.836546345327519
2024-05-21 00:00:00,2.9285714285714284,2.9285714285714284,2.8730829804120837,2.929453654672481,6.857428571428571,6.857428571428571,6.9129170195879155,6.856546345327518
2024-05-22 00:00:00,2.9285714285714284,2.9285714285714284,2.8730829804120837,2.929453654672481,6.887428571428572,6.887428571428572,6.942917019587917,6.8865463453275195
2024-05-23 00:00:00,2.9285714285714284,2.9285714285714284,2.8730829804120837,2.929453654672481,6.927428571428571,6.927428571428571,6.982917019587916,6.926546345327519
2024-05-24 00:00:00,2.9285714285714284,2.9285714285714284,2.8730829804120837,2.929453654672481,6.897428571428572,6.897428571428572,6.952917019587916,6.896546345327519
2024-05-27 00:00:00,2.9285714285714284,2.9285714285714284,2.8730829804120837,2.929453654672481,6.897428571428572,6.897428571428572,6.952917019587916,6.896546345327519
2024-05-28 00:00:00,2.9285714285714284,2.9285714285714284,2.8730829804120837,2.929453654672481,6.947428571428571,6.947428571428571,7.002917019587915,6.946546345327518
2024-05-29 00:00:00,2.9285714285714284,2.9285714285714284,2.8730829804120837,2.929453654672481,6.997428571428571,6.997428571428571,7.052917019587916,6.996546345327519
2024-05-30 00:00:00,2.9285714285714284,2.9285714285714284,2.8730829804120837,2.929453654672481,6.9874285714285715,6.9874285714285715,7.042917019587916,6.986546345327519
2024-05-31 00:00:00,2.9285714285714284,2.9285714285714284,2.8730829804120837,2.929453654672481,6.937428571428571,6.937428571428571,6.992917019587916,6.9365463453275185
2024-06-03 00:00:00,2.9285714285714284,2.9285714285714284,2.8730829804120837,2.929453654672481,7.077428571428571,7.077428571428571,7.132917019587916,7.076546345327519
2024-06-04 00:00:00,2.9285714285714284,2.9285714285714284,2.8730829804120837,2.929453654672481,7.107428571428571,7.107428571428571,7.1629170195879155,7.106546345327518
2024-06-05 00:00:00,2.9285714285714284,2.9285714285714284,2.8730829804120837,2.929453654672481,6.9874285714285715,6.9874285714285715,7.042917019587916,6.986546345327519
2024-06-06 00:00:00,2.9285714285714284,2.9285714285714284,2.8730829804120837,2.929453654672481,6.9074285714285715,6.9074285714285715,6.962917019587916,6.906546345327519
2024-06-07 00:00:00,2.9285714285714284,2.9285714285714284,2.8730829804120837,2.929453654672481,7.317428571428572,7.317428571428572,7.372917019587916,7.316546345327519
2024-06-10 00:00:00,2.9285714285714284,2.9285714285714284,2.8730829804120837,2.929453654672481,7.327428571428571,7.327428571428571,7.382917019587916,7.326546345327519
2024-06-11 00:00:00,2.9285714285714284,2.9285714285714284,2.8730829804120837,2.929453654672481,7.5374285714285705,7.5374285714285705,7.592917019587915,7.536546345327518
2024-06-12 00:00:00,2.9285714285714284,2.9285714285714284,2.8730829804120837,2.929453654672481,7.5374285714285705,7.5374285714285705,7.592917019587915,7.536546345327518
2024-06-13 00:00:00,2.9285714285714284,2.9285714285714284,2.8730829804120837,2.929453654672481,7.417428571428571,7.417428571428571,7.472917019587916,7.416546345327519
2024-06-14 00:00:00,2.9285714285714284,2.9285714285714284,2.8730829804120837,2.929453654672481,7.291428571428572,7.291428571428572,7.3469170195879165,7.290546345327519
2024-06-17 00:00:00,2.9285714285714284,2.9285714285714284,2.8730829804120837,2.929453654672481,7.417428571428571,7.417428571428571,7.472917019587916,7.416546345327519
2024-06-18 00:00:00,2.9285714285714284,2.9285714285714284,2.8730829804120837,2.929453654672481,7.247428571428571,7.247428571428571,7.302917019587916,7.246546345327519
2024-06-19 00:00:00,2.9285714285714284,2.9285714285714284,2.8730829804120837,2.929453654672481,7.247428571428571,7.247428571428571,7.302917019587916,7.246546345327519
2024-06-20 00:00:00,2.9285714285714284,2.9285714285714284,2.8730829804120837,2.929453654672481,7.167428571428571,7.167428571428571,7.222917019587916,7.166546345327519
2024-06-21 00:00:00,2.9285714285714284,2.9285714285714284,2.8730829804120837,2.929453654672481,7.187428571428571,7.187428571428571,7.242917019587916,7.1865463453275185
2024-06-24 00:00:00,2.9285714285714284,2.9285714285714284,2.8730829804120837,2.929453654672481,7.107428571428571,7.107428571428571,7.1629170195879155,7.106546345327518
2024-06-25 00:00:00,2.9285714285714284,2.9285714285714284,2.8730829804120837,2.929453654672481,7.107428571428571,7.107428571428571,7.1629170195879155,7.106546345327518
2024-06-26 00:00:00,2.9285714285714284,2.9285714285714284,2.8730829804120837,2.929453654672481,7.137428571428572,7.137428571428572,7.192917019587917,7.1365463453275195
2024-06-27 00:00:00,2.9285714285714284,2.9285714285714284,2.8730829804120837,2.929453654672481,7.0534285714285705,7.0534285714285705,7.108917019587915,7.052546345327518
2024-06-28 00:00:00,2.9285714285714284,2.9285714285714284,2.8730829804120837,2.929453654672481,6.946428571428571,6.946428571428571,7.001917019587916,6.945546345327519
2024-07-01 00:00:00,2.9285714285714284,2.9285714285714284,2.8730829804120837,2.929453654672481,7.139428571428571,7.139428571428571,7.1949170195879155,7.138546345327518
2024-07-02 00:00:00,2.9285714285714284,2.9285714285714284,2.8730829804120837,2.929453654672481,7.121428571428572,7.121428571428572,7.176917019587917,7.1205463453275195
2024-07-03 00:00:00,2.9285714285714284,2.9285714285714284,2.8730829804120837,2.929453654672481,7.122428571428571,7.122428571428571,7.177917019587916,7.121546345327519
2024-07-04 00:00:00,2.9285714285714284,2.9285714285714284,2.8730829804120837,2.929453654672481,7.031428571428572,7.031428571428572,7.086917019587917,7.03054634532752
2024-07-05 00:00:00,2.9285714285714284,2.9285714285714284,2.8730829804120837,2.929453654672481,7.121428571428572,7.121428571428572,7.176917019587917,7.1205463453275195
2024-07-08 00:00:00,2.9285714285714284,2.9285714285714284,2.8730829804120837,2.929453654672481,7.137428571428572,7.137428571428572,7.192917019587917,7.1365463453275195
2024-07-09 00:00:00,2.9285714285714284,2.9285714285714284,2.8730829804120837,2.929453654672481,7.1414285714285715,7.1414285714285715,7.196917019587916,7.140546345327519
2024-07-10 00:00:00,2.9285714285714284,2.9285714285714284,2.8730829804120837,2.929453654672481,7.051428571428572,7.051428571428572,7.106917019587916,7.050546345327519
2024-07-11 00:00:00,2.9285714285714284,2.9285714285714284,2.8730829804120837,2.929453654672481,6.854428571428571,6.854428571428571,6.909917019587915,6.853546345327518
2024-07-12 00:00:00,2.9285714285714284,2.9285714285714284,2.8730829804120837,2.929453654672481,6.806428571428571,6.806428571428571,6.861917019587915,6.805546345327518
2024-07-15 00:00:00,2.9285714285714284,2.9285714285714284,2.8730829804120837,2.929453654672481,6.821428571428571,6.821428571428571,6.876917019587916,6.820546345327519
2024-07-16 00:00:00,2.9285714285714284,2.9285714285714284,2.8730829804120837,2.929453654672481,6.81642857142857,6.81642857142857,6.871917019587915,6.815546345327518
2024-07-17 00:00:00,2.9285714285714284,2.9285714285714284,2.8730829804120837,2.929453654672481,6.809428571428571,6.809428571428571,6.8649170195879154,6.808546345327518
2024-07-18 00:00:00,2.9285714285714284,2.9285714285714284,2.8730829804120837,2.929453654672481,6.886428571428571,6.886428571428571,6.941917019587915,6.885546345327518
2024-07-19 00:00:00,2.9285714285714284,2.9285714285714284,2.8730829804120837,2.929453654672481,6.991428571428571,6.991428571428571,7.046917019587916,6.990546345327519
2024-07-22 00:00:00,2.9285714285714284,2.9285714285714284,2.8730829804120837,2.929453654672481,7.0964285714285715,7.0964285714285715,7.151917019587916,7.095546345327519
2024-07-23 00:00:00,2.9285714285714284,2.9285714285714284,2.8730829804120837,2.929453654672481,7.039428571428571,7.039428571428571,7.094917019587916,7.038546345327519
2024-07-24 00:00:00,2.9285714285714284,2.9285714285714284,2.8730829804120837,2.929453654672481,7.031428571428572,7.031428571428572,7.086917019587917,7.03054634532752
2024-07-25 00:00:00,2.9285714285714284,2.9285714285714284,2.8730829804120837,2.929453654672481,6.978428571428571,6.978428571428571,7.033917019587916,6.977546345327519
2024-07-26 00:00:00,2.9285714285714284,2.9285714285714284,2.8730829804120837,2.929453654672481,6.914428571428571,6.914428571428571,6.969917019587916,6.913546345327519
2024-07-29 00:00:00,2.9285714285714284,2.9285714285714284,2.8730829804120837,2.929453654672481,6.888428571428571,6.888428571428571,6.943917019587916,6.887546345327519
2024-07-30 00:00:00,2.9285714285714284,2.9285714285714284,2.8730829804120837,2.929453654672481,6.826428571428572,6.826428571428572,6.881917019587917,6.82554634532752
2024-07-31 00:00:00,2.9285714285714284,2.9285714285714284,2.8730829804120837,2.929453654672481,6.78442857142857,6.78442857142857,6.839917019587915,6.783546345327518
2024-08-01 00:00:00,2.9285714285714284,2.9285714285714284,2.8730829804120837,2.929453654672481,6.8464285714285715,6.8464285714285715,6.901917019587916,6.845546345327519
2024-08-02 00:00:00,2.9285714285714284,2.9285714285714284,2.8730829804120837,2.929453654672481,6.676428571428572,6.676428571428572,6.731917019587916,6.675546345327519
2024-08-05 00:00:00,2.9285714285714284,2.9285714285714284,2.8730829804120837,2.929453654672481,6.7664285714285715,6.7664285714285715,6.821917019587916,6.765546345327519
2024-08-06 00:00:00,2.9285714285714284,2.9285714285714284,2.8730829804120837,2.929453654672481,6.748428571428571,6.748428571428571,6.8039170195879155,6.747546345327518
2024-08-07 00:00:00,2.9285714285714284,2.9285714285714284,2.8730829804120837,2.929453654672481,6.7214285714285715,6.7214285714285715,6.776917019587916,6.720546345327519
2024-08-08 00:00:00,2.9285714285714284,2.9285714285714284,2.8730829804120837,2.929453654672481,6.711428571428572,6.711428571428572,6.7669170195879165,6.710546345327519
2024-08-09 00:00:00,2.9285714285714284,2.9285714285714284,2.8730829804120837,2.929453654672481,6.411428571428571,6.411428571428571,6.466917019587916,6.410546345327519
2024-08-12 00:00:00,2.9285714285714284,2.9285714285714284,2.8730829804120837,2.929453654672481,6.4924285714285705,6.4924285714285705,6.547917019587915,6.491546345327518
2024-08-13 00:00:00,2.9285714285714284,2.9285714285714284,2.8730829804120837,2.929453654672481,6.491428571428571,6.491428571428571,6.546917019587916,6.490546345327519
2024-08-14 00:00:00,2.9285714285714284,2.9285714285714284,2.8730829804120837,2.929453654672481,6.4444285714285705,6.4444285714285705,6.499917019587915,6.443546345327518
2024-08-15 00:00:00,2.9285714285714284,2.9285714285714284,2.8730829804120837,2.929453654672481,6.558428571428571,6.558428571428571,6.613917019587916,6.557546345327519
2024-08-16 00:00:00,2.9285714285714284,2.9285714285714284,2.8730829804120837,2.929453654672481,6.53442857142857,6.53442857142857,6.589917019587915,6.533546345327518
2024-08-19 00:00:00,2.9285714285714284,2.9285714285714284,2.8730829804120837,2.929453654672481,6.443428571428571,6.443428571428571,6.498917019587916,6.442546345327519
2024-08-20 00:00:00,2.9285714285714284,2.9285714285714284,2.8730829804120837,2.929453654672481,6.536428571428571,6.536428571428571,6.591917019587916,6.535546345327519
2024-08-21 00:00:00,2.9285714285714284,2.9285714285714284,2.8730829804120837,2.929453654672481,6.529428571428571,6.529428571428571,6.584917019587916,6.528546345327519
2024-08-22 00:00:00,2.9285714285714284,2.9285714285714284,2.8730829804120837,2.929453654672481,6.6414285714285715,6.6414285714285715,6.696917019587916,6.640546345327519
2024-08-23 00:00:00,2.9285714285714284,2.9285714285714284,2.8730829804120837,2.929453654672481,6.541428571428572,6.541428571428572,6.5969170195879165,6.540546345327519
2024-08-26 00:00:00,2.9285714285714284,2.9285714285714284,2.8730829804120837,2.929453654672481,6.511428571428571,6.511428571428571,6.566917019587915,6.510546345327518
2024-08-27 00:00:00,2.9285714285714284,2.9285714285714284,2.8730829804120837,2.929453654672481,6.701428571428572,6.701428571428572,6.756917019587917,6.70054634532752
2024-08-28 00:00:00,2.9285714285714284,2.9285714285714284,2.8730829804120837,2.929453654672481,6.654428571428571,6.654428571428571,6.709917019587916,6.653546345327519
2024-08-29 00:00:00,2.9285714285714284,2.9285714285714284,2.8730829804120837,2.929453654672481,6.731428571428571,6.731428571428571,6.786917019587916,6.730546345327519
2024-08-30 00:00:00,2.9285714285714284,2.9285714285714284,2.8730829804120837,2.929453654672481,6.70742857142857,6.70742857142857,6.762917019587915,6.706546345327518
2024-09-02 00:00:00,2.9285714285714284,2.9285714285714284,2.8730829804120837,2.929453654672481,6.648428571428571,6.648428571428571,6.703917019587916,6.647546345327519
2024-09-03 00:00:00,2.9285714285714284,2.9285714285714284,2.8730829804120837,2.929453654672481,6.757428571428571,6.757428571428571,6.812917019587916,6.756546345327519
2024-09-04 00:00:00,2.9285714285714284,2.9285714285714284,2.8730829804120837,2.929453654672481,6.6174285714285705,6.6174285714285705,6.672917019587915,6.616546345327518
2024-09-05 00:00:00,2.9285714285714284,2.9285714285714284,2.8730829804120837,2.929453654672481,6.547428571428572,6.547428571428572,6.602917019587917,6.54654634532752
2024-09-06 00:00:00,2.9285714285714284,2.9285714285714284,2.8730829804120837,2.929453654672481,6.4874285714285715,6.4874285714285715,6.542917019587916,6.486546345327519
2024-09-09 00:00:00,3.2857142857142856,3.2857142857142856,3.4408085633839876,3.45031545780184,6.089285714285714,6.089285714285714,5.934191436616013,5.92468454219816
2024-09-10 00:00:00,3.2857142857142856,3.2857142857142856,3.4408085633839876,3.45031545780184,6.160285714285714,6.160285714285714,6.005191436616013,5.99568454219816
2024-09-11 00:00:00,3.2857142857142856,3.2857142857142856,3.4408085633839876,3.45031545780184,6.080285714285714,6.080285714285714,5.9251914366160126,5.91568454219816
2024-09-12 00:00:00,3.2857142857142856,3.2857142857142856,3.4408085633839876,3.45031545780184,6.080285714285714,6.080285714285714,5.9251914366160126,5.91568454219816
2024-09-13 00:00:00,3.2857142857142856,3.2857142857142856,3.4408085633839876,3.45031545780184,5.910285714285714,5.910285714285714,5.755191436616013,5.74568454219816
2024-09-17 00:00:00,3.2857142857142856,3.2857142857142856,3.4408085633839876,3.45031545780184,5.850285714285714,5.850285714285714,5.695191436616012,5.685684542198159
2024-09-18 00:00:00,3.2857142857142856,3.2857142857142856,3.4408085633839876,3.45031545780184,5.800285714285715,5.800285714285715,5.645191436616013,5.6356845421981605
2024-09-19 00:00:00,3.2857142857142856,3.2857142857142856,3.4408085633839876,3.45031545780184,5.774285714285715,5.774285714285715,5.619191436616013,5.609684542198161
2024-09-20 00:00:00,3.2857142857142856,3.2857142857142856,3.4408085633839876,3.45031545780184,5.780285714285715,5.780285714285715,5.625191436616014,5.615684542198161
2024-09-23 00:00:00,3.2857142857142856,3.2857142857142856,3.4408085633839876,3.45031545780184,5.760285714285714,5.760285714285714,5.605191436616012,5.59568454219816
2024-09-24 00:00:00,3.2857142857142856,3.2857142857142856,3.4408085633839876,3.45031545780184,5.694285714285715,5.694285714285715,5.539191436616013,5.529684542198161
2024-09-25 00:00:00,3.2857142857142856,3.2857142857142856,3.4408085633839876,3.45031545780184,5.7942857142857145,5.7942857142857145,5.639191436616013,5.62968454219816
2024-09-26 00:00:00,3.2857142857142856,3.2857142857142856,3.4408085633839876,3.45031545780184,5.820285714285714,5.820285714285714,5.665191436616013,5.65568454219816
2024-09-27 00:00:00,3.2857142857142856,3.2857142857142856,3.4408085633839876,3.45031545780184,5.834285714285714,5.834285714285714,5.679191436616012,5.669684542198159
2024-09-30 00:00:00,3.2857142857142856,3.2857142857142856,3.4408085633839876,3.45031545780184,5.814285714285714,5.814285714285714,5.6591914366160125,5.64968454219816
2024-10-02 00:00:00,3.2857142857142856,3.2857142857142856,3.4408085633839876,3.45031545780184,5.900285714285714,5.900285714285714,5.745191436616013,5.73568454219816
2024-10-03 00:00:00,3.2857142857142856,3.2857142857142856,3.4408085633839876,3.45031545780184,5.944285714285715,5.944285714285715,5.789191436616013,5.779684542198161
2024-10-04 00:00:00,3.2857142857142856,3.2857142857142856,3.4408085633839876,3.45031545780184,6.120285714285715,6.120285714285715,5.9651914366160135,5.955684542198161
2024-10-07 00:00:00,3.2857142857142856,3.2857142857142856,3.4408085633839876,3.45031545780184,6.210285714285715,6.210285714285715,6.055191436616013,6.045684542198161
2024-10-08 00:00:00,3.2857142857142856,3.2857142857142856,3.4408085633839876,3.45031545780184,6.154285714285714,6.154285714285714,5.999191436616012,5.98968454219816
2024-10-09 00:00:00,3.2857142857142856,3.2857142857142856,3.4408085633839876,3.45031545780184,6.230285714285714,6.230285714285714,6.075191436616013,6.06568454219816
2024-10-10 00:00:00,3.2857142857142856,3.2857142857142856,3.4408085633839876,3.45031545780184,6.3102857142857145,6.3102857142857145,6.155191436616013,6.14568454219816
2024-10-11 00:00:00,3.2857142857142856,3.2857142857142856,3.4408085633839876,3.45031545780184,6.240285714285714,6.240285714285714,6.085191436616013,6.07568454219816
2024-10-14 00:00:00,3.2857142857142856,3.2857142857142856,3.4408085633839876,3.45031545780184,6.240285714285714,6.240285714285714,6.085191436616013,6.07568454219816
2024-10-15 00:00:00,3.2857142857142856,3.2857142857142856,3.4408085633839876,3.45031545780184,6.3102857142857145,6.3102857142857145,6.155191436616013,6.14568454219816
2024-10-16 00:00:00,3.2857142857142856,3.2857142857142856,3.4408085633839876,3.45031545780184,6.417285714285714,6.417285714285714,6.262191436616012,6.25268454219816
2024-10-17 00:00:00,3.2857142857142856,3.2857142857142856,3.4408085633839876,3.45031545780184,6.449285714285714,6.449285714285714,6.294191436616012,6.28468454219816
2024-10-18 00:00:00,3.2857142857142856,3.2857142857142856,3.4408085633839876,3.45031545780184,6.480285714285714,6.480285714285714,6.325191436616013,6.31568454219816
2024-10-21 00:00:00,3.2857142857142856,3.2857142857142856,3.4408085633839876,3.45031545780184,6.577285714285714,6.577285714285714,6.422191436616012,6.41268454219816
2024-10-22 00:00:00,3.2857142857142856,3.2857142857142856,3.4408085633839876,3.45031545780184,6.680285714285714,6.680285714285714,6.525191436616012,6.5156845421981595
2024-10-23 00:00:00,3.2857142857142856,3.2857142857142856,3.4408085633839876,3.45031545780184,6.690285714285715,6.690285714285715,6.535191436616014,6.525684542198161
2024-10-24 00:00:00,3.2857142857142856,3.2857142857142856,3.4408085633839876,3.45031545780184,6.630285714285715,6.630285714285715,6.475191436616013,6.465684542198161
2024-10-25 00:00:00,3.2857142857142856,3.2857142857142856,3.4408085633839876,3.45031545780184,6.680285714285714,6.680285714285714,6.525191436616012,6.5156845421981595
2024-10-28 00:00:00,3.2857142857142856,3.2857142857142856,3.4408085633839876,3.45031545780184,6.680285714285714,6.680285714285714,6.525191436616012,6.5156845421981595
2024-10-29 00:00:00,3.2857142857142856,3.2857142857142856,3.4408085633839876,3.45031545780184,6.5602857142857145,6.5602857142857145,6.405191436616013,6.39568454219816
2024-10-30 00:00:00,3.2857142857142856,3.2857142857142856,3.4408085633839876,3.45031545780184,6.524285714285715,6.524285714285715,6.369191436616013,6.359684542198161
2024-10-31 00:00:00,3.2857142857142856,3.2857142857142856,3.4408085633839876,3.45031545780184,6.5602857142857145,6.5602857142857145,6.405191436616013,6.39568454219816
2024-11-01 00:00:00,3.2857142857142856,3.2857142857142856,3.4408085633839876,3.45031545780184,6.697285714285715,6.697285714285715,6.542191436616013,6.532684542198161
2024-11-04 00:00:00,3.2857142857142856,3.2857142857142856,3.4408085633839876,3.45031545780184,6.670285714285714,6.670285714285714,6.515191436616012,6.50568454219816
2024-11-05 00:00:00,3.2857142857142856,3.2857142857142856,3.4408085633839876,3.45031545780184,6.590285714285714,6.590285714285714,6.435191436616012,6.42568454219816
2024-11-06 00:00:00,3.2857142857142856,3.2857142857142856,3.4408085633839876,3.45031545780184,6.520285714285714,6.520285714285714,6.365191436616012,6.355684542198159
2024-11-07 00:00:00,3.2857142857142856,3.2857142857142856,3.4408085633839876,3.45031545780184,6.440285714285715,6.440285714285715,6.285191436616014,6.275684542198161
2024-11-08 00:00:00,3.2857142857142856,3.2857142857142856,3.4408085633839876,3.45031545780184,6.484285714285714,6.484285714285714,6.3291914366160125,6.31968454219816
2024-11-11 00:00:00,3.2857142857142856,3.2857142857142856,3.4408085633839876,3.45031545780184,6.600285714285714,6.600285714285714,6.445191436616012,6.435684542198159
2024-11-12 00:00:00,3.2857142857142856,3.2857142857142856,3.4408085633839876,3.45031545780184,6.614285714285715,6.614285714285715,6.459191436616013,6.449684542198161
2024-11-13 00:00:00,3.2857142857142856,3.2857142857142856,3.4408085633839876,3.45031545780184,6.585285714285715,6.585285714285715,6.430191436616013,6.420684542198161
2024-11-14 00:00:00,3.2857142857142856,3.2857142857142856,3.4408085633839876,3.45031545780184,6.524285714285715,6.524285714285715,6.369191436616013,6.359684542198161
2024-11-15 00:00:00,3.2857142857142856,3.2857142857142856,3.4408085633839876,3.45031545780184,6.480285714285714,6.480285714285714,6.325191436616013,6.31568454219816
2024-11-19 00:00:00,3.2857142857142856,3.2857142857142856,3.4408085633839876,3.45031545780184,6.354285714285715,6.354285714285715,6.1991914366160135,6.189684542198161
2024-11-20 00:00:00,3.2857142857142856,3.2857142857142856,3.4408085633839876,3.45031545780184,6.344285714285715,6.344285714285715,6.189191436616014,6.179684542198161
2024-11-21 00:00:00,3.2857142857142856,3.2857142857142856,3.4408085633839876,3.45031545780184,6.470285714285715,6.470285714285715,6.315191436616013,6.30568454219816
2024-11-22 00:00:00,3.2857142857142856,3.2857142857142856,3.4408085633839876,3.45031545780184,6.480285714285714,6.480285714285714,6.325191436616013,6.31568454219816
2024-11-25 00:00:00,3.2857142857142856,3.2857142857142856,3.4408085633839876,3.45031545780184,6.420285714285714,6.420285714285714,6.265191436616012,6.25568454219816
2024-11-26 00:00:00,3.2857142857142856,3.2857142857142856,3.4408085633839876,3.45031545780184,6.540285714285715,6.540285714285715,6.385191436616013,6.375684542198161
2024-11-27 00:00:00,3.2857142857142856,3.2857142857142856,3.4408085633839876,3.45031545780184,6.439285714285714,6.439285714285714,6.2841914366160125,6.27468454219816
2024-11-28 00:00:00,3.2857142857142856,3.2857142857142856,3.4408085633839876,3.45031545780184,6.367285714285715,6.367285714285715,6.212191436616013,6.202684542198161
2024-11-29 00:00:00,3.2857142857142856,3.2857142857142856,3.4408085633839876,3.45031545780184,6.390285714285715,6.390285714285715,6.235191436616013,6.22568454219816
2024-12-02 00:00:00,3.2857142857142856,3.2857142857142856,3.4408085633839876,3.45031545780184,6.434285714285715,6.434285714285715,6.2791914366160135,6.269684542198161
2024-12-03 00:00:00,3.2857142857142856,3.2857142857142856,3.4408085633839876,3.45031545780184,6.410285714285714,6.410285714285714,6.255191436616013,6.24568454219816
2024-12-04 00:00:00,3.2857142857142856,3.2857142857142856,3.4408085633839876,3.45031545780184,6.452285714285714,6.452285714285714,6.297191436616012,6.28768454219816
2024-12-05 00:00:00,3.2857142857142856,3.2857142857142856,3.4408085633839876,3.45031545780184,6.470285714285715,6.470285714285715,6.315191436616013,6.30568454219816
2024-12-06 00:00:00,3.2857142857142856,3.2857142857142856,3.4408085633839876,3.45031545780184,6.391285714285714,6.391285714285714,6.2361914366160125,6.22668454219816
2024-12-09 00:00:00,3.2857142857142856,3.2857142857142856,3.4408085633839876,3.45031545780184,6.504285714285714,6.504285714285714,6.349191436616012,6.339684542198159
2024-12-10 00:00:00,3.2857142857142856,3.2857142857142856,3.4408085633839876,3.45031545780184,6.350285714285714,6.350285714285714,6.195191436616012,6.185684542198159
2024-12-11 00:00:00,3.2857142857142856,3.2857142857142856,3.4408085633839876,3.45031545780184,6.289285714285714,6.289285714285714,6.134191436616012,6.1246845421981595
2024-12-13 00:00:00,3.2857142857142856,3.2857142857142856,3.4408085633839876,3.45031545780184,6.500285714285714,6.500285714285714,6.3451914366160125,6.33568454219816
2024-12-16 00:00:00,3.2857142857142856,3.2857142857142856,3.4408085633839876,3.45031545780184,6.424285714285715,6.424285714285715,6.269191436616014,6.259684542198161
2024-12-17 00:00:00,3.2857142857142856,3.2857142857142856,3.4408085633839876,3.45031545780184,6.460285714285715,6.460285714285715,6.305191436616013,6.295684542198161
2024-12-18 00:00:00,3.2857142857142856,3.2857142857142856,3.4408085633839876,3.45031545780184,6.450285714285715,6.450285714285715,6.2951914366160135,6.285684542198161
2024-12-19 00:00:00,3.2857142857142856,3.2857142857142856,3.4408085633839876,3.45031545780184,6.590285714285714,6.590285714285714,6.435191436616012,6.42568454219816
2024-12-20 00:00:00,3.2857142857142856,3.2857142857142856,3.4408085633839876,3.45031545780184,6.670285714285714,6.670285714285714,6.515191436616012,6.50568454219816
2024-12-23 00:00:00,3.2857142857142856,3.2857142857142856,3.4408085633839876,3.45031545780184,6.760285714285714,6.760285714285714,6.605191436616012,6.59568454219816
2024-12-24 00:00:00,3.2857142857142856,3.2857142857142856,3.4408085633839876,3.45031545780184,6.710285714285715,6.710285714285715,6.555191436616013,6.545684542198161
2024-12-26 00:00:00,3.2857142857142856,3.2857142857142856,3.4408085633839876,3.45031545780184,6.720285714285715,6.720285714285715,6.565191436616013,6.55568454219816
2024-12-27 00:00:00,3.2857142857142856,3.2857142857142856,3.4408085633839876,3.45031545780184,6.750285714285714,6.750285714285714,6.5951914366160125,6.58568454219816
2024-12-30 00:00:00,3.2857142857142856,3.2857142857142856,3.4408085633839876,3.45031545780184,6.720285714285715,6.720285714285715,6.565191436616013,6.55568454219816
2024-12-31 00:00:00,3.2857142857142856,3.2857142857142856,3.4408085633839876,3.45031545780184,6.680285714285714,6.680285714285714,6.525191436616012,6.5156845421981595
2025-01-02 00:00:00,3.2857142857142856,3.2857142857142856,3.4408085633839876,3.45031545780184,6.650285714285714,6.650285714285714,6.495191436616013,6.48568454219816
2025-01-03 00:00:00,3.2857142857142856,3.2857142857142856,3.4408085633839876,3.45031545780184,6.710285714285715,6.710285714285715,6.555191436616013,6.545684542198161
2025-01-06 00:00:00,3.2857142857142856,3.2857142857142856,3.4408085633839876,3.45031545780184,6.700285714285715,6.700285714285715,6.5451914366160135,6.535684542198161
2025-01-07 00:00:00,3.2857142857142856,3.2857142857142856,3.4408085633839876,3.45031545780184,6.630285714285715,6.630285714285715,6.475191436616013,6.465684542198161
2025-01-08 00:00:00,3.2857142857142856,3.2857142857142856,3.4408085633839876,3.45031545780184,6.580285714285714,6.580285714285714,6.4251914366160126,6.41568454219816
2025-01-09 00:00:00,3.2857142857142856,3.2857142857142856,3.4408085633839876,3.45031545780184,6.494285714285714,6.494285714285714,6.339191436616012,6.32968454219816
2025-01-10 00:00:00,3.2857142857142856,3.2857142857142856,3.4408085633839876,3.45031545780184,6.660285714285714,6.660285714285714,6.505191436616013,6.49568454219816
2025-01-13 00:00:00,3.2857142857142856,3.2857142857142856,3.4408085633839876,3.45031545780184,6.740285714285714,6.740285714285714,6.585191436616013,6.57568454219816
2025-01-14 00:00:00,3.2857142857142856,3.2857142857142856,3.4408085633839876,3.45031545780184,6.707285714285715,6.707285714285715,6.552191436616013,6.5426845421981605
2025-01-15 00:00:00,3.2857142857142856,3.2857142857142856,3.4408085633839876,3.45031545780184,6.604285714285715,6.604285714285715,6.4491914366160135,6.439684542198161
2025-01-16 00:00:00,3.2857142857142856,3.2857142857142856,3.4408085633839876,3.45031545780184,6.569285714285715,6.569285714285715,6.414191436616013,6.404684542198161
2025-01-17 00:00:00,3.2857142857142856,3.2857142857142856,3.4408085633839876,3.45031545780184,6.690285714285715,6.690285714285715,6.535191436616014,6.525684542198161
2025-01-21 00:00:00,3.2857142857142856,3.2857142857142856,3.4408085633839876,3.45031545780184,6.500285714285714,6.500285714285714,6.3451914366160125,6.33568454219816
2025-01-22 00:00:00,3.2857142857142856,3.2857142857142856,3.4408085633839876,3.45031545780184,6.380285714285715,6.380285714285715,6.225191436616013,6.215684542198161
2025-01-23 00:00:00,3.2857142857142856,3.2857142857142856,3.4408085633839876,3.45031545780184,6.394285714285714,6.394285714285714,6.239191436616013,6.22968454219816
2025-01-24 00:00:00,3.2857142857142856,3.2857142857142856,3.4408085633839876,3.45031545780184,6.370285714285715,6.370285714285715,6.2151914366160135,6.205684542198161
2025-01-27 00:00:00,3.2857142857142856,3.2857142857142856,3.4408085633839876,3.45031545780184,6.400285714285714,6.400285714285714,6.245191436616013,6.23568454219816
2025-01-28 00:00:00,3.2857142857142856,3.2857142857142856,3.4408085633839876,3.45031545780184,6.279285714285714,6.279285714285714,6.124191436616012,6.11468454219816
2025-01-29 00:00:00,3.2857142857142856,3.2857142857142856,3.4408085633839876,3.45031545780184,6.329285714285715,6.329285714285715,6.174191436616013,6.16468454219816
2025-01-30 00:00:00,3.2857142857142856,3.2857142857142856,3.4408085633839876,3.45031545780184,6.324285714285714,6.324285714285714,6.169191436616012,6.15968454219816
2025-01-31 00:00:00,3.2857142857142856,3.2857142857142856,3.4408085633839876,3.45031545780184,6.324285714285714,6.324285714285714,6.169191436616012,6.15968454219816
2025-02-04 00:00:00,3.2857142857142856,3.2857142857142856,3.4408085633839876,3.45031545780184,6.330285714285714,6.330285714285714,6.1751914366160126,6.16568454219816
2025-02-05 00:00:00,3.2857142857142856,3.2857142857142856,3.4408085633839876,3.45031545780184,6.260285714285714,6.260285714285714,6.105191436616012,6.09568454219816
2025-02-06 00:00:00,3.2857142857142856,3.2857142857142856,3.4408085633839876,3.45031545780184,6.144285714285714,6.144285714285714,5.989191436616013,5.97968454219816
2025-02-07 00:00:00,3.2857142857142856,3.2857142857142856,3.4408085633839876,3.45031545780184,6.051285714285714,6.051285714285714,5.896191436616013,5.88668454219816
2025-02-10 00:00:00,3.2857142857142856,3.2857142857142856,3.4408085633839876,3.45031545780184,6.0972857142857135,6.0972857142857135,5.942191436616012,5.932684542198159
2025-02-11 00:00:00,3.2857142857142856,3.2857142857142856,3.4408085633839876,3.45031545780184,6.220285714285715,6.220285714285715,6.065191436616013,6.05568454219816
2025-02-13 00:00:00,3.2857142857142856,3.2857142857142856,3.4408085633839876,3.45031545780184,6.240285714285714,6.240285714285714,6.085191436616013,6.07568454219816
2025-02-14 00:00:00,3.2857142857142856,3.2857142857142856,3.4408085633839876,3.45031545780184,6.220285714285715,6.220285714285715,6.065191436616013,6.05568454219816
2025-02-17 00:00:00,3.2857142857142856,3.2857142857142856,3.4408085633839876,3.45031545780184,6.250285714285714,6.250285714285714,6.0951914366160125,6.08568454219816
2025-02-18 00:00:00,3.2857142857142856,3.2857142857142856,3.4408085633839876,3.45031545780184,6.190285714285715,6.190285714285715,6.035191436616014,6.025684542198161
2025-02-19 00:00:00,3.2857142857142856,3.2857142857142856,3.4408085633839876,3.45031545780184,6.224285714285714,6.224285714285714,6.069191436616013,6.05968454219816
2025-02-20 00:00:00,3.2857142857142856,3.2857142857142856,3.4408085633839876,3.45031545780184,6.111285714285715,6.111285714285715,5.956191436616013,5.9466845421981605
2025-02-21 00:00:00,3.2857142857142856,3.2857142857142856,3.4408085633839876,3.45031545780184,6.070285714285714,6.070285714285714,5.915191436616013,5.90568454219816
2025-02-24 00:00:00,3.2857142857142856,3.2857142857142856,3.4408085633839876,3.45031545780184,6.074285714285714,6.074285714285714,5.919191436616012,5.90968454219816
2025-02-26 00:00:00,3.2857142857142856,3.2857142857142856,3.4408085633839876,3.45031545780184,5.944285714285715,5.944285714285715,5.789191436616013,5.779684542198161
2025-02-27 00:00:00,3.2857142857142856,3.2857142857142856,3.4408085633839876,3.45031545780184,5.883285714285715,5.883285714285715,5.728191436616013,5.718684542198161
2025-02-28 00:00:00,3.2857142857142856,3.2857142857142856,3.4408085633839876,3.45031545780184,5.894285714285714,5.894285714285714,5.739191436616013,5.72968454219816
2025-03-03 00:00:00,3.2857142857142856,3.2857142857142856,3.4408085633839876,3.45031545780184,5.854285714285715,5.854285714285715,5.6991914366160135,5.689684542198161
2025-03-04 00:00:00,3.2857142857142856,3.2857142857142856,3.4408085633839876,3.45031545780184,5.914285714285714,5.914285714285714,5.759191436616012,5.7496845421981595
2025-03-05 00:00:00,3.2857142857142856,3.2857142857142856,3.4408085633839876,3.45031545780184,5.834285714285714,5.834285714285714,5.679191436616012,5.669684542198159
2025-03-06 00:00:00,3.2857142857142856,3.2857142857142856,3.4408085633839876,3.45031545780184,5.824285714285714,5.824285714285714,5.669191436616012,5.65968454219816
2025-03-07 00:00:00,3.2857142857142856,3.2857142857142856,3.4408085633839876,3.45031545780184,5.765285714285715,5.765285714285715,5.610191436616013,5.60068454219816
2025-03-10 00:00:00,3.2857142857142856,3.2857142857142856,3.4408085633839876,3.45031545780184,5.834285714285714,5.834285714285714,5.679191436616012,5.669684542198159
2025-03-11 00:00:00,3.2857142857142856,3.2857142857142856,3.4408085633839876,3.45031545780184,5.787285714285715,5.787285714285715,5.632191436616013,5.622684542198161
2025-03-12 00:00:00,3.2857142857142856,3.2857142857142856,3.4408085633839876,3.45031545780184,5.894285714285714,5.894285714285714,5.739191436616013,5.72968454219816
2025-03-13 00:00:00,3.2857142857142856,3.2857142857142856,3.4408085633839876,3.45031545780184,5.814285714285714,5.814285714285714,5.6591914366160125,5.64968454219816
2025-03-14 00:00:00,3.2857142857142856,3.2857142857142856,3.4408085633839876,3.45031545780184,5.804285714285714,5.804285714285714,5.649191436616013,5.63968454219816
2025-03-18 00:00:00,3.2857142857142856,3.2857142857142856,3.4408085633839876,3.45031545780184,5.756285714285714,5.756285714285714,5.601191436616013,5.59168454219816
2025-03-20 00:00:00,3.2857142857142856,3.2857142857142856,3.4408085633839876,3.45031545780184,5.684285714285715,5.684285714285715,5.5291914366160135,5.519684542198161
2025-03-21 00:00:00,3.2857142857142856,3.2857142857142856,3.4408085633839876,3.45031545780184,5.714285714285714,5.714285714285714,5.559191436616013,5.54968454219816
2025-03-24 00:00:00,3.2857142857142856,3.2857142857142856,3.4408085633839876,3.45031545780184,5.744285714285714,5.744285714285714,5.589191436616012,5.57968454219816
2025-03-25 00:00:00,3.2857142857142856,3.2857142857142856,3.4408085633839876,3.45031545780184,5.716285714285715,5.716285714285715,5.561191436616014,5.551684542198161
2025-03-26 00:00:00,3.2857142857142856,3.2857142857142856,3.4408085633839876,3.45031545780184,5.704285714285715,5.704285714285715,5.549191436616013,5.53968454219816
2025-03-27 00:00:00,3.2857142857142856,3.2857142857142856,3.4408085633839876,3.45031545780184,5.702285714285714,5.702285714285714,5.547191436616012,5.53768454219816
2025-03-28 00:00:00,3.2857142857142856,3.2857142857142856,3.4408085633839876,3.45031545780184,5.6242857142857146,5.6242857142857146,5.469191436616013,5.45968454219816
2025-03-31 00:00:00,3.2857142857142856,3.2857142857142856,3.4408085633839876,3.45031545780184,5.537285714285715,5.537285714285715,5.382191436616013,5.372684542198161
2025-04-01 00:00:00,3.2857142857142856,3.2857142857142856,3.4408085633839876,3.45031545780184,5.5442857142857145,5.5442857142857145,5.389191436616013,5.37968454219816
2025-04-02 00:00:00,3.2857142857142856,3.2857142857142856,3.4408085633839876,3.45031545780184,5.440285714285715,5.440285714285715,5.285191436616014,5.275684542198161
2025-04-03 00:00:00,3.2857142857142856,3.2857142857142856,3.4408085633839876,3.45031545780184,5.234285714285714,5.234285714285714,5.0791914366160125,5.06968454219816
2025-04-04 00:00:00,3.2857142857142856,3.2857142857142856,3.4408085633839876,3.45031545780184,5.344285714285715,5.344285714285715,5.189191436616014,5.179684542198161
2025-04-07 00:00:00,3.2857142857142856,3.2857142857142856,3.4408085633839876,3.45031545780184,5.394285714285714,5.394285714285714,5.239191436616013,5.22968454219816
2025-04-08 00:00:00,3.2857142857142856,3.2857142857142856,3.4408085633839876,3.45031545780184,5.504285714285714,5.504285714285714,5.349191436616012,5.339684542198159
2025-04-09 00:00:00,3.2857142857142856,3.2857142857142856,3.4408085633839876,3.45031545780184,5.504285714285714,5.504285714285714,5.349191436616012,5.339684542198159
2025-04-10 00:00:00,3.2857142857142856,3.2857142857142856,3.4408085633839876,3.45031545780184,5.434285714285715,5.434285714285715,5.2791914366160135,5.269684542198161
2025-04-11 00:00:00,3.2857142857142856,3.2857142857142856,3.4408085633839876,3.45031545780184,5.584285714285714,5.584285714285714,5.429191436616012,5.419684542198159
2025-04-14 00:00:00,3.2857142857142856,3.2857142857142856,3.4408085633839876,3.45031545780184,5.564285714285714,5.564285714285714,5.4091914366160125,5.39968454219816
2025-04-15 00:00:00,3.2857142857142856,3.2857142857142856,3.4408085633839876,3.45031545780184,5.474285714285714,5.474285714285714,5.319191436616013,5.30968454219816
2025-04-16 00:00:00,3.2857142857142856,3.2857142857142856,3.4408085633839876,3.45031545780184,5.444285714285715,5.444285714285715,5.289191436616013,5.279684542198161
2025-04-21 00:00:00,3.2857142857142856,3.2857142857142856,3.4408085633839876,3.45031545780184,5.504285714285714,5.504285714285714,5.349191436616012,5.339684542198159
2025-04-22 00:00:00,3.2857142857142856,3.2857142857142856,3.4408085633839876,3.45031545780184,5.489285714285715,5.489285714285715,5.334191436616013,5.324684542198161
2025-04-23 00:00:00,3.2857142857142856,3.2857142857142856,3.4408085633839876,3.45031545780184,5.514285714285715,5.514285714285715,5.359191436616014,5.349684542198161
2025-04-24 00:00:00,3.2857142857142856,3.2857142857142856,3.4408085633839876,3.45031545780184,5.424285714285715,5.424285714285715,5.269191436616014,5.259684542198161
2025-04-25 00:00:00,3.2857142857142856,3.2857142857142856,3.4408085633839876,3.45031545780184,5.414285714285714,5.414285714285714,5.259191436616012,5.2496845421981595
2025-04-28 00:00:00,3.2857142857142856,3.2857142857142856,3.4408085633839876,3.45031545780184,5.381285714285714,5.381285714285714,5.226191436616013,5.21668454219816
2025-04-29 00:00:00,3.2857142857142856,3.2857142857142856,3.4408085633839876,3.45031545780184,5.426285714285714,5.426285714285714,5.271191436616013,5.26168454219816
2025-04-30 00:00:00,3.2857142857142856,3.2857142857142856,3.4408085633839876,3.45031545780184,5.394285714285714,5.394285714285714,5.239191436616013,5.22968454219816
2025-05-02 00:00:00,3.2857142857142856,3.2857142857142856,3.4408085633839876,3.45031545780184,5.439285714285714,5.439285714285714,5.2841914366160125,5.27468454219816
2025-05-05 00:00:00,3.2857142857142856,3.2857142857142856,3.4408085633839876,3.45031545780184,5.424285714285715,5.424285714285715,5.269191436616014,5.259684542198161
2025-05-06 00:00:00,3.2857142857142856,3.2857142857142856,3.4408085633839876,3.45031545780184,5.354285714285715,5.354285714285715,5.1991914366160135,5.189684542198161
2025-05-07 00:00:00,3.2857142857142856,3.2857142857142856,3.4408085633839876,3.45031545780184,5.314285714285714,5.314285714285714,5.1591914366160125,5.14968454219816
2025-05-08 00:00:00,3.2857142857142856,3.2857142857142856,3.4408085633839876,3.45031545780184,5.3742857142857146,5.3742857142857146,5.219191436616013,5.20968454219816
2025-05-09 00:00:00,3.2857142857142856,3.2857142857142856,3.4408085633839876,3.45031545780184,5.404285714285714,5.404285714285714,5.249191436616012,5.23968454219816
2025-05-12 00:00:00,3.2857142857142856,3.2857142857142856,3.4408085633839876,3.45031545780184,5.449285714285714,5.449285714285714,5.294191436616012,5.28468454219816
2025-05-13 00:00:00,3.2857142857142856,3.2857142857142856,3.4408085633839876,3.45031545780184,5.504285714285714,5.504285714285714,5.349191436616012,5.339684542198159
2025-05-14 00:00:00,3.2857142857142856,3.2857142857142856,3.4408085633839876,3.45031545780184,5.5122857142857145,5.5122857142857145,5.357191436616013,5.34768454219816
2025-05-15 00:00:00,3.2857142857142856,3.2857142857142856,3.4408085633839876,3.45031545780184,5.6082857142857145,5.6082857142857145,5.453191436616013,5.44368454219816
2025-05-16 00:00:00,4.0,4.0,4.014484217061823,4.059525948655342,4.710000000000001,4.710000000000001,4.695515782938178,4.650474051344659
2025-05-19 00:00:00,4.0,4.0,4.014484217061823,4.059525948655342,4.91,4.91,4.895515782938177,4.8504740513446585
2025-05-20 00:00:00,4.0,4.0,4.014484217061823,4.059525948655342,4.752000000000001,4.752000000000001,4.7375157829381775,4.692474051344659
2025-05-21 00:00:00,4.0,4.0,4.014484217061823,4.059525948655342,4.800000000000001,4.800000000000001,4.785515782938178,4.740474051344659
2025-05-22 00:00:00,4.0,4.0,4.014484217061823,4.059525948655342,4.77,4.77,4.7555157829381765,4.710474051344658
2025-05-23 00:00:00,4.0,4.0,4.014484217061823,4.059525948655342,4.7620000000000005,4.7620000000000005,4.747515782938177,4.702474051344659
2025-05-26 00:00:00,4.0,4.0,4.014484217061823,4.059525948655342,4.789999999999999,4.789999999999999,4.775515782938176,4.7304740513446575
2025-05-27 00:00:00,4.0,4.0,4.014484217061823,4.059525948655342,4.789999999999999,4.789999999999999,4.775515782938176,4.7304740513446575
2025-05-28 00:00:00,4.0,4.0,4.014484217061823,4.059525948655342,4.77,4.77,4.7555157829381765,4.710474051344658
2025-05-29 00:00:00,4.0,4.0,4.014484217061823,4.059525948655342,4.712,4.712,4.697515782938177,4.652474051344658
2025-05-30 00:00:00,4.0,4.0,4.014484217061823,4.059525948655342,4.68,4.68,4.665515782938177,4.620474051344658
2025-06-02 00:00:00,4.0,4.0,4.014484217061823,4.059525948655342,4.677,4.677,4.6625157829381765,4.617474051344658
2025-06-03 00:00:00,4.0,4.0,4.014484217061823,4.059525948655342,4.645,4.645,4.6305157829381765,4.585474051344658
2025-06-04 00:00:00,4.0,4.0,4.014484217061823,4.059525948655342,4.529999999999999,4.529999999999999,4.515515782938176,4.470474051344658
2025-06-05 00:00:00,4.0,4.0,4.014484217061823,4.059525948655342,4.513999999999999,4.513999999999999,4.499515782938176,4.454474051344658
2025-06-06 00:00:00,4.0,4.0,4.014484217061823,4.059525948655342,4.5120000000000005,4.5120000000000005,4.497515782938177,4.452474051344659
2025-06-09 00:00:00,4.0,4.0,4.014484217061823,4.059525948655342,4.568,4.568,4.5535157829381765,4.508474051344658
2025-06-10 00:00:00,4.0,4.0,4.014484217061823,4.059525948655342,4.58,4.58,4.565515782938177,4.520474051344658
2025-06-11 00:00:00,4.0,4.0,4.014484217061823,4.059525948655342,4.65,4.65,4.635515782938177,4.590474051344659
2025-06-12 00:00:00,4.0,4.0,4.014484217061823,4.059525948655342,4.644,4.644,4.629515782938177,4.5844740513446585
2025-06-13 00:00:00,4.0,4.0,4.014484217061823,4.059525948655342,4.755000000000001,4.755000000000001,4.740515782938178,4.695474051344659
2025-06-16 00:00:00,4.0,4.0,4.014484217061823,4.059525948655342,4.677,4.677,4.6625157829381765,4.617474051344658
2025-06-17 00:00:00,4.0,4.0,4.014484217061823,4.059525948655342,4.663,4.663,4.648515782938177,4.603474051344659
2025-06-18 00:00:00,4.0,4.0,4.014484217061823,4.059525948655342,4.619999999999999,4.619999999999999,4.605515782938176,4.5604740513446576
2025-06-19 00:00:00,4.0,4.0,4.014484217061823,4.059525948655342,4.615,4.615,4.600515782938177,4.5554740513446585
2025-06-20 00:00:00,4.0,4.0,4.014484217061823,4.059525948655342,4.630000000000001,4.630000000000001,4.615515782938178,4.570474051344659
2025-06-23 00:00:00,4.0,4.0,4.014484217061823,4.059525948655342,4.656000000000001,4.656000000000001,4.6415157829381775,4.596474051344659
2025-06-24 00:00:00,4.0,4.0,4.014484217061823,4.059525948655342,4.800000000000001,4.800000000000001,4.785515782938178,4.740474051344659
2025-06-25 00:00:00,4.0,4.0,4.014484217061823,4.059525948655342,4.5649999999999995,4.5649999999999995,4.550515782938176,4.505474051344658
2025-06-26 00:00:00,4.0,4.0,4.014484217061823,4.059525948655342,4.571,4.571,4.556515782938177,4.511474051344658
2025-06-27 00:00:00,4.0,4.0,4.014484217061823,4.059525948655342,4.5600000000000005,4.5600000000000005,4.545515782938177,4.500474051344659
2025-06-30 00:00:00,4.0,4.0,4.014484217061823,4.059525948655342,4.582000000000001,4.582000000000001,4.567515782938178,4.522474051344659
2025-07-01 00:00:00,4.0,4.0,4.014484217061823,4.059525948655342,4.542999999999999,4.542999999999999,4.528515782938176,4.483474051344658
2025-07-02 00:00:00,4.0,4.0,4.014484217061823,4.059525948655342,4.526,4.526,4.511515782938177,4.466474051344658
2025-07-03 00:00:00,4.0,4.0,4.014484217061823,4.059525948655342,4.538,4.538,4.523515782938177,4.478474051344659
2025-07-04 00:00:00,4.0,4.0,4.014484217061823,4.059525948655342,4.583,4.583,4.568515782938177,4.5234740513446585
2025-07-08 00:00:00,4.0,4.0,4.014484217061823,4.059525948655342,4.804,4.804,4.789515782938177,4.744474051344659
2025-07-09 00:00:00,4.0,4.0,4.014484217061823,4.059525948655342,4.667,4.667,4.652515782938177,4.607474051344658
2025-07-10 00:00:00,4.0,4.0,4.014484217061823,4.059525948655342,4.564,4.564,4.549515782938177,4.504474051344658
2025-07-11 00:00:00,4.0,4.0,4.014484217061823,4.059525948655342,4.555999999999999,4.555999999999999,4.541515782938176,4.4964740513446575
2025-07-15 00:00:00,4.0,4.0,4.014484217061823,4.059525948655342,4.804,4.804,4.789515782938177,4.744474051344659
2025-07-23 00:00:00,4.0,4.0,4.014484217061823,4.059525948655342,4.804,4.804,4.789515782938177,4.744474051344659
2025-07-29 00:00:00,4.0,4.0,4.014484217061823,4.059525948655342,4.804,4.804,4.789515782938177,4.744474051344659
2025-08-01 00:00:00,4.0,4.0,4.014484217061823,4.059525948655342,4.523999999999999,4.523999999999999,4.509515782938176,4.4644740513446575
2025-08-05 00:00:00,4.0,4.0,4.014484217061823,4.059525948655342,4.454000000000001,4.454000000000001,4.4395157829381775,4.394474051344659
2025-08-08 00:00:00,4.0,4.0,4.014484217061823,4.059525948655342,4.3740000000000006,4.3740000000000006,4.359515782938177,4.314474051344659
2025-08-12 00:00:00,4.0,4.0,4.014484217061823,4.059525948655342,4.404,4.404,4.389515782938177,4.344474051344658
2025-08-13 00:00:00,4.0,4.0,4.014484217061823,4.059525948655342,4.314,4.314,4.299515782938177,4.254474051344658
2025-08-15 00:00:00,4.0,4.0,4.014484217061823,4.059525948655342,4.384,4.384,4.369515782938177,4.324474051344659
2025-08-19 00:00:00,4.0,4.0,4.014484217061823,4.059525948655342,4.3740000000000006,4.3740000000000006,4.359515782938177,4.314474051344659
2025-08-22 00:00:00,4.0,4.0,4.014484217061823,4.059525948655342,4.284000000000001,4.284000000000001,4.269515782938178,4.224474051344659
2025-08-28 00:00:00,4.0,4.0,4.014484217061823,4.059525948655342,4.254,4.254,4.239515782938176,4.194474051344658
2025-09-02 00:00:00,4.0,4.0,4.014484217061823,4.059525948655342,4.224,4.224,4.209515782938177,4.1644740513446585
2025-09-03 00:00:00,4.0,4.0,4.014484217061823,4.059525948655342,4.244,4.244,4.229515782938177,4.184474051344658
2025-09-05 00:00:00,4.0,4.0,4.014484217061823,4.059525948655342,4.144,4.144,4.129515782938177,4.0844740513446585
2025-09-08 00:00:00,4.0,4.0,4.014484217061823,4.059525948655342,4.134,4.134,4.119515782938177,4.074474051344659
2025-09-10 00:00:00,4.0,4.0,4.014484217061823,4.059525948655342,4.164,4.164,4.149515782938177,4.104474051344658
2025-09-12 00:00:00,4.0,4.0,4.014484217061823,4.059525948655342,4.064,4.064,4.049515782938177,4.004474051344658
2025-09-18 00:00:00,4.0,4.0,4.014484217061823,4.059525948655342,4.114000000000001,4.114000000000001,4.099515782938178,4.054474051344659
2025-09-22 00:00:00,4.0,4.0,4.014484217061823,4.059525948655342,4.004,4.004,3.9895157829381764,3.944474051344658
2025-09-23 00:00:00,4.0,4.0,4.014484217061823,4.059525948655342,4.0,4.0,3.985515782938177,3.9404740513446583
2025-09-24 00:00:00,4.0,4.0,4.014484217061823,4.059525948655342,4.0,4.0,3.985515782938177,3.9404740513446583
2025-09-25 00:00:00,4.0,4.0,4.014484217061823,4.059525948655342,4.0,4.0,3.985515782938177,3.9404740513446583
2025-09-26 00:00:00,4.0,4.0,4.014484217061823,4.059525948655342,4.01,4.01,3.9955157829381767,3.950474051344658
2025-09-29 00:00:00,4.0,4.0,4.014484217061823,4.059525948655342,4.08,4.08,4.065515782938177,4.020474051344658
2025-09-30 00:00:00,4.0,4.0,4.014484217061823,4.059525948655342,4.064,4.064,4.049515782938177,4.004474051344658
2025-10-01 00:00:00,4.0,4.0,4.014484217061823,4.059525948655342,4.0600000000000005,4.0600000000000005,4.045515782938177,4.000474051344659
2025-10-02 00:00:00,4.0,4.0,4.014484217061823,4.059525948655342,4.0440000000000005,4.0440000000000005,4.029515782938177,3.984474051344659
2025-10-03 00:00:00,4.0,4.0,4.014484217061823,4.059525948655342,4.039999999999999,4.039999999999999,4.025515782938176,3.9804740513446575
2025-10-06 00:00:00,4.0,4.0,4.014484217061823,4.059525948655342,4.034000000000001,4.034000000000001,4.019515782938178,3.974474051344659
2025-10-07 00:00:00,4.0,4.0,4.014484217061823,4.059525948655342,4.064,4.064,4.049515782938177,4.004474051344658
2025-10-08 00:00:00,4.0,4.0,4.014484217061823,4.059525948655342,4.050000000000001,4.050000000000001,4.035515782938178,3.990474051344659
2025-10-09 00:00:00,4.0,4.0,4.014484217061823,4.059525948655342,4.0600000000000005,4.0600000000000005,4.045515782938177,4.000474051344659
2025-10-10 00:00:00,4.0,4.0,4.014484217061823,4.059525948655342,4.0,4.0,3.985515782938177,3.9404740513446583
2025-10-13 00:00:00,4.0,4.0,4.014484217061823,4.059525948655342,3.944,3.944,3.929515782938177,3.8844740513446583
2025-10-14 00:00:00,4.0,4.0,4.014484217061823,4.059525948655342,3.9640000000000004,3.9640000000000004,3.9495157829381773,3.9044740513446587
2025-10-15 00:00:00,4.0,4.0,4.014484217061823,4.059525948655342,3.96,3.96,3.945515782938177,3.9004740513446583
2025-10-16 00:00:00,4.0,4.0,4.014484217061823,4.059525948655342,3.9000000000000004,3.9000000000000004,3.8855157829381772,3.8404740513446587
2025-10-17 00:00:00,4.0,4.0,4.014484217061823,4.059525948655342,3.87,3.87,3.855515782938177,3.8104740513446584
2025-10-20 00:00:00,4.0,4.0,4.014484217061823,4.059525948655342,3.8899999999999997,3.8899999999999997,3.8755157829381766,3.830474051344658
2025-10-21 00:00:00,4.0,4.0,4.014484217061823,4.059525948655342,3.8899999999999997,3.8899999999999997,3.8755157829381766,3.830474051344658
2025-10-22 00:00:00,4.0,4.0,4.014484217061823,4.059525948655342,3.8440000000000003,3.8440000000000003,3.829515782938177,3.7844740513446586
2025-10-23 00:00:00,4.0,4.0,4.014484217061823,4.059525948655342,3.84,3.84,3.8255157829381767,3.780474051344658
2025-10-24 00:00:00,4.0,4.0,4.014484217061823,4.059525948655342,3.8840000000000003,3.8840000000000003,3.869515782938177,3.8244740513446587
2025-10-27 00:00:00,4.0,4.0,4.014484217061823,4.059525948655342,3.88,3.88,3.8655157829381768,3.8204740513446582
2025-10-28 00:00:00,4.0,4.0,4.014484217061823,4.059525948655342,3.8600000000000003,3.8600000000000003,3.845515782938177,3.8004740513446587
2025-10-29 00:00:00,4.0,4.0,4.014484217061823,4.059525948655342,3.8600000000000003,3.8600000000000003,3.845515782938177,3.8004740513446587
2025-10-30 00:00:00,4.0,4.0,4.014484217061823,4.059525948655342,3.91,3.91,3.895515782938177,3.8504740513446585
2025-10-31 00:00:00,4.0,4.0,4.014484217061823,4.059525948655342,3.8899999999999997,3.8899999999999997,3.8755157829381766,3.830474051344658
2025-11-03 00:00:00,4.0,4.0,4.014484217061823,4.059525948655342,3.9000000000000004,3.9000000000000004,3.8855157829381772,3.8404740513446587
2025-11-04 00:00:00,4.0,4.0,4.014484217061823,4.059525948655342,3.9400000000000004,3.9400000000000004,3.9255157829381773,3.8804740513446587
2025-11-05 00:00:00,4.0,4.0,4.014484217061823,4.059525948655342,3.96,3.96,3.945515782938177,3.9004740513446583
2025-11-06 00:00:00,4.0,4.0,4.014484217061823,4.059525948655342,3.9699999999999998,3.9699999999999998,3.9555157829381766,3.910474051344658
2025-11-07 00:00:00,4.0,4.0,4.014484217061823,4.059525948655342,4.0,4.0,3.985515782938177,3.9404740513446583
2025-11-10 00:00:00,4.0,4.0,4.014484217061823,4.059525948655342,4.0600000000000005,4.0600000000000005,4.045515782938177,4.000474051344659
2025-11-11 00:00:00,4.0,4.0,4.014484217061823,4.059525948655342,4.0600000000000005,4.0600000000000005,4.045515782938177,4.000474051344659
2025-11-12 00:00:00,4.0,4.0,4.014484217061823,4.059525948655342,4.09,4.09,4.075515782938177,4.030474051344658
2025-11-13 00:00:00,4.0,4.0,4.014484217061823,4.059525948655342,4.0600000000000005,4.0600000000000005,4.045515782938177,4.000474051344659
2025-11-14 00:00:00,4.0,4.0,4.014484217061823,4.059525948655342,4.0600000000000005,4.0600000000000005,4.045515782938177,4.000474051344659
2025-11-18 00:00:00,4.0,4.0,4.014484217061823,4.059525948655342,4.07,4.07,4.055515782938177,4.010474051344659
2025-11-19 00:00:00,4.0,4.0,4.014484217061823,4.059525948655342,4.050000000000001,4.050000000000001,4.035515782938178,3.990474051344659
2025-11-20 00:00:00,4.0,4.0,4.014484217061823,4.059525948655342,4.050000000000001,4.050000000000001,4.035515782938178,3.990474051344659
2025-11-21 00:00:00,4.0,4.0,4.014484217061823,4.059525948655342,4.08,4.08,4.065515782938177,4.020474051344658
2025-11-24 00:00:00,4.0,4.0,4.014484217061823,4.059525948655342,4.109999999999999,4.109999999999999,4.095515782938176,4.050474051344658
2025-11-25 00:00:00,4.0,4.0,4.014484217061823,4.059525948655342,4.08,4.08,4.065515782938177,4.020474051344658
2025-11-26 00:00:00,4.0,4.0,4.014484217061823,4.059525948655342,4.08,4.08,4.065515782938177,4.020474051344658
2025-11-27 00:00:00,4.0,4.0,4.014484217061823,4.059525948655342,4.004,4.004,3.9895157829381764,3.944474051344658
2025-11-28 00:00:00,4.0,4.0,4.014484217061823,4.059525948655342,4.0,4.0,3.985515782938177,3.9404740513446583
2025-12-01 00:00:00,4.0,4.0,4.014484217061823,4.059525948655342,4.01,4.01,3.9955157829381767,3.950474051344658
2025-12-02 00:00:00,4.0,4.0,4.014484217061823,4.059525948655342,4.01,4.01,3.9955157829381767,3.950474051344658
2025-12-03 00:00:00,4.0,4.0,4.014484217061823,4.059525948655342,4.0,4.0,3.985515782938177,3.9404740513446583
2025-12-04 00:00:00,4.0,4.0,4.014484217061823,4.059525948655342,3.9800000000000004,3.9800000000000004,3.9655157829381773,3.9204740513446588
2025-12-05 00:00:00,4.0,4.0,4.014484217061823,4.059525948655342,4.029999999999999,4.029999999999999,4.015515782938176,3.9704740513446577
2025-12-08 00:00:00,4.0,4.0,4.014484217061823,4.059525948655342,4.17,4.17,4.155515782938177,4.110474051344658
2025-12-09 00:00:00,4.0,4.0,4.014484217061823,4.059525948655342,4.15,4.15,4.135515782938177,4.090474051344659
2025-12-10 00:00:00,4.0,4.0,4.014484217061823,4.059525948655342,4.334,4.334,4.3195157829381765,4.274474051344658
2025-12-11 00:00:00,4.0,4.0,4.014484217061823,4.059525948655342,4.364000000000001,4.364000000000001,4.349515782938178,4.304474051344659
2025-12-15 00:00:00,4.0,4.0,4.014484217061823,4.059525948655342,4.3740000000000006,4.3740000000000006,4.359515782938177,4.314474051344659
2025-12-16 00:00:00,4.0,4.0,4.014484217061823,4.059525948655342,4.369999999999999,4.369999999999999,4.355515782938176,4.3104740513446576
2025-12-17 00:00:00,4.0,4.0,4.014484217061823,4.059525948655342,4.279999999999999,4.279999999999999,4.265515782938176,4.220474051344658
2025-12-18 00:00:00,4.0,4.0,4.014484217061823,4.059525948655342,4.220000000000001,4.220000000000001,4.2055157829381775,4.160474051344659
2025-12-19 00:00:00,4.0,4.0,4.014484217061823,4.059525948655342,4.18,4.18,4.165515782938177,4.120474051344658
2025-12-22 00:00:00,4.0,4.0,4.014484217061823,4.059525948655342,4.4,4.4,4.385515782938177,4.340474051344659
2025-12-23 00:00:00,4.0,4.0,4.014484217061823,4.059525948655342,4.26,4.26,4.245515782938177,4.200474051344658
2025-12-24 00:00:00,4.0,4.0,4.014484217061823,4.059525948655342,4.24,4.24,4.225515782938177,4.1804740513446585
2025-12-26 00:00:00,4.0,4.0,4.014484217061823,4.059525948655342,4.24,4.24,4.225515782938177,4.1804740513446585
2025-12-29 00:00:00,4.0,4.0,4.014484217061823,4.059525948655342,4.24,4.24,4.225515782938177,4.1804740513446585
2025-12-30 00:00:00,4.0,4.0,4.014484217061823,4.059525948655342,4.23,4.23,4.215515782938177,4.170474051344659
2025-12-31 00:00:00,4.0,4.0,4.014484217061823,4.059525948655342,4.199999999999999,4.199999999999999,4.185515782938176,4.140474051344658
2026-01-02 00:00:00,4.0,4.0,4.014484217061823,4.059525948655342,4.16,4.16,4.145515782938177,4.1004740513446585
2026-01-05 00:00:00,4.0,4.0,4.014484217061823,4.059525948655342,4.16,4.16,4.145515782938177,4.1004740513446585
2026-01-06 00:00:00,4.0,4.0,4.014484217061823,4.059525948655342,4.023999999999999,4.023999999999999,4.009515782938176,3.9644740513446575
2026-01-07 00:00:00,4.0,4.0,4.014484217061823,4.059525948655342,4.02,4.02,4.0055157829381765,3.960474051344658
2026-01-08 00:00:00,4.0,4.0,4.014484217061823,4.059525948655342,4.064,4.064,4.049515782938177,4.004474051344658
2026-01-09 00:00:00,4.0,4.0,4.014484217061823,4.059525948655342,4.41,4.41,4.395515782938177,4.3504740513446585
2026-01-12 00:00:00,4.0,4.0,4.014484217061823,4.059525948655342,4.444000000000001,4.444000000000001,4.429515782938178,4.384474051344659
2026-01-13 00:00:00,4.0,4.0,4.014484217061823,4.059525948655342,4.4399999999999995,4.4399999999999995,4.425515782938176,4.380474051344658
2026-01-14 00:00:00,4.0,4.0,4.014484217061823,4.059525948655342,4.460000000000001,4.460000000000001,4.445515782938178,4.400474051344659
2026-01-15 00:00:00,4.0,4.0,4.014484217061823,4.059525948655342,4.41,4.41,4.395515782938177,4.3504740513446585
2026-01-16 00:00:00,4.0,4.0,4.014484217061823,4.059525948655342,4.513999999999999,4.513999999999999,4.499515782938176,4.454474051344658
2026-01-19 00:00:00,4.0,4.0,4.014484217061823,4.059525948655342,4.51,4.51,4.495515782938177,4.450474051344658
2026-01-20 00:00:00,4.0,4.0,4.014484217061823,4.059525948655342,4.550000000000001,4.550000000000001,4.535515782938178,4.490474051344659
2026-01-21 00:00:00,4.0,4.0,4.014484217061823,4.059525948655342,4.630000000000001,4.630000000000001,4.615515782938178,4.570474051344659
2026-01-22 00:00:00,4.0,4.0,4.014484217061823,4.059525948655342,4.529999999999999,4.529999999999999,4.515515782938176,4.470474051344658
2026-01-23 00:00:00,4.0,4.0,4.014484217061823,4.059525948655342,4.464,4.464,4.449515782938177,4.404474051344659
2026-01-26 00:00:00,4.0,4.0,4.014484217061823,4.059525948655342,4.460000000000001,4.460000000000001,4.445515782938178,4.400474051344659
2026-01-27 00:00:00,4.0,4.0,4.014484217061823,4.059525948655342,4.404,4.404,4.389515782938177,4.344474051344658
2026-01-28 00:00:00,4.0,4.0,4.014484217061823,4.059525948655342,4.4,4.4,4.385515782938177,4.340474051344659
2026-01-29 00:00:00,4.0,4.0,4.014484217061823,4.059525948655342,4.359999999999999,4.359999999999999,4.345515782938176,4.300474051344658
2026-01-30 00:00:00,4.0,4.0,4.014484217061823,4.059525948655342,4.279999999999999,4.279999999999999,4.265515782938176,4.220474051344658
2026-02-03 00:00:00,4.0,4.0,4.014484217061823,4.059525948655342,4.32,4.32,4.305515782938177,4.260474051344659
2026-02-04 00:00:00,4.0,4.0,4.014484217061823,4.059525948655342,4.34,4.34,4.325515782938177,4.280474051344658
2026-02-05 00:00:00,4.0,4.0,4.014484217061823,4.059525948655342,4.380000000000001,4.380000000000001,4.365515782938178,4.320474051344659
2026-02-06 00:00:00,4.0,4.0,4.014484217061823,4.059525948655342,4.273999999999999,4.273999999999999,4.259515782938176,4.2144740513446575
2026-02-09 00:00:00,4.0,4.0,4.014484217061823,4.059525948655342,4.27,4.27,4.2555157829381765,4.210474051344658
2026-02-10 00:00:00,4.0,4.0,4.014484217061823,4.059525948655342,4.25,4.25,4.235515782938177,4.190474051344658
2026-02-11 00:00:00,4.0,4.0,4.014484217061823,4.059525948655342,4.199999999999999,4.199999999999999,4.185515782938176,4.140474051344658
2026-02-12 00:00:00,4.0,4.0,4.014484217061823,4.059525948655342,4.1240000000000006,4.1240000000000006,4.109515782938177,4.064474051344659
2026-02-13 00:00:00,4.0,4.0,4.014484217061823,4.059525948655342,4.119999999999999,4.119999999999999,4.105515782938176,4.0604740513446576
2026-02-16 00:00:00,4.0,4.0,4.014484217061823,4.059525948655342,4.144,4.144,4.129515782938177,4.0844740513446585
2026-02-17 00:00:00,4.0,4.0,4.014484217061823,4.059525948655342,4.18,4.18,4.165515782938177,4.120474051344658
2026-02-18 00:00:00,4.0,4.0,4.014484217061823,4.059525948655342,4.16,4.16,4.145515782938177,4.1004740513446585
2026-02-19 00:00:00,4.0,4.0,4.014484217061823,4.059525948655342,4.15,4.15,4.135515782938177,4.090474051344659
2026-02-20 00:00:00,4.0,4.0,4.014484217061823,4.059525948655342,4.1739999999999995,4.1739999999999995,4.159515782938176,4.114474051344658
2026-02-23 00:00:00,4.0,4.0,4.014484217061823,4.059525948655342,4.1739999999999995,4.1739999999999995,4.159515782938176,4.114474051344658
2026-02-24 00:00:00,4.0,4.0,4.014484217061823,4.059525948655342,4.1240000000000006,4.1240000000000006,4.109515782938177,4.064474051344659
2026-02-25 00:00:00,4.0,4.0,4.014484217061823,4.059525948655342,4.054,4.054,4.039515782938177,3.9944740513446586
2026-02-26 00:00:00,4.0,4.0,4.014484217061823,4.059525948655342,4.050000000000001,4.050000000000001,4.035515782938178,3.990474051344659
2026-02-27 00:00:00,4.0,4.0,4.014484217061823,4.059525948655342,4.0440000000000005,4.0440000000000005,4.029515782938177,3.984474051344659
2026-03-02 00:00:00,4.0,4.0,4.014484217061823,4.059525948655342,4.134,4.134,4.119515782938177,4.074474051344659
2026-03-03 00:00:00,4.0,4.0,4.014484217061823,4.059525948655342,4.130000000000001,4.130000000000001,4.115515782938178,4.070474051344659
2026-03-04 00:00:00,4.0,4.0,4.014484217061823,4.059525948655342,4.214,4.214,4.199515782938177,4.154474051344659
2026-03-05 00:00:00,4.0,4.0,4.014484217061823,4.059525948655342,4.210000000000001,4.210000000000001,4.195515782938178,4.150474051344659
2026-03-06 00:00:00,4.0,4.0,4.014484217061823,4.059525948655342,4.41,4.41,4.395515782938177,4.3504740513446585
2026-03-09 00:00:00,4.0,4.0,4.014484217061823,4.059525948655342,4.449999999999999,4.449999999999999,4.435515782938176,4.390474051344658
2026-03-10 00:00:00,4.0,4.0,4.014484217061823,4.059525948655342,4.529999999999999,4.529999999999999,4.515515782938176,4.470474051344658
2026-03-11 00:00:00,4.0,4.0,4.014484217061823,4.059525948655342,4.42,4.42,4.405515782938177,4.360474051344658
2026-03-12 00:00:00,4.0,4.0,4.014484217061823,4.059525948655342,4.704000000000001,4.704000000000001,4.6895157829381775,4.644474051344659
2026-03-13 00:00:00,4.0,4.0,4.014484217061823,4.059525948655342,4.8740000000000006,4.8740000000000006,4.859515782938177,4.814474051344659
2026-03-17 00:00:00,4.0,4.0,4.014484217061823,4.059525948655342,4.960000000000001,4.960000000000001,4.945515782938178,4.900474051344659
2026-03-18 00:00:00,4.0,4.0,4.014484217061823,4.059525948655342,4.83,4.83,4.815515782938177,4.770474051344658
2026-03-19 00:00:00,4.0,4.0,4.014484217061823,4.059525948655342,4.93,4.93,4.915515782938177,4.870474051344658
2026-03-20 00:00:00,4.0,4.0,4.014484217061823,4.059525948655342,4.93,4.93,4.915515782938177,4.870474051344658
2026-03-23 00:00:00,4.0,4.0,4.014484217061823,4.059525948655342,5.130000000000001,5.130000000000001,5.115515782938178,5.070474051344659
2026-03-24 00:00:00,4.0,4.0,4.014484217061823,4.059525948655342,4.970000000000001,4.970000000000001,4.9555157829381775,4.910474051344659
2026-03-25 00:00:00,4.0,4.0,4.014484217061823,4.059525948655342,4.99,4.99,4.975515782938177,4.9304740513446585
2026-03-26 00:00:00,4.0,4.0,4.014484217061823,4.059525948655342,4.77,4.77,4.7555157829381765,4.710474051344658
2026-03-27 00:00:00,4.0,4.0,4.014484217061823,4.059525948655342,4.994,4.994,4.979515782938177,4.934474051344658
