Fecha,Cierre,Apertura,Máximo,Mínimo,Vol.,% var.
01/05/26,480.25,473.75,483.5,472.75,217.09K,1.16%
30/04/26,474.75,477,480,471.25,210.63K,-0.63%
29/04/26,477.75,474.75,479,474,317.25K,0.47%
28/04/26,475.5,469,476,468.75,326.47K,1.33%
27/04/26,469.25,463,469.75,462.5,273.75K,1.24%
24/04/26,463.5,464,466.25,462,156.41K,-0.05%
23/04/26,463.75,462,465.25,461,157.03K,0.22%
22/04/26,462.75,461.75,466,461,175.21K,0.16%
21/04/26,462,460.25,463.5,458.75,183.20K,0.38%
20/04/26,460.25,458,462.25,455.5,175.04K,0.60%
17/04/26,457.5,457.5,460,452.25,149.72K,-0.05%
16/04/26,457.75,460.25,462.5,456.75,168.56K,-0.60%
15/04/26,460.5,452.5,461.25,452.25,210.46K,1.77%
14/04/26,452.5,451,456.25,451,201.11K,0.33%
13/04/26,451,455.5,456,450.75,226.19K,2.27%
10/04/26,441,444.75,446.25,438,237.02K,-0.68%
09/04/26,444,447.25,450.25,442.25,247.65K,-0.73%
08/04/26,447.25,447,448.25,442.25,295.03K,-0.39%
07/04/26,449,454,455,448.25,172.65K,-1.10%
06/04/26,454,453,454.5,448.25,126.75K,0.39%
03/04/26,452.25,454,460.5,451.25,,0.00%
02/04/26,452.25,454,460.5,451.25,165.40K,-0.44%
01/04/26,454.25,457.5,460,448.5,203.13K,-0.76%
31/03/26,457.75,455.5,462,451.25,288.87K,0.44%
30/03/26,455.75,462.75,465.75,455,165.88K,-1.35%
27/03/26,462,466,470.5,460.75,179.46K,-1.07%
26/03/26,467,466.75,468.75,462,164.12K,-0.05%
25/03/26,467.25,461.25,468.5,458,155.91K,1.03%
24/03/26,462.5,460,465.75,459,184.11K,0.65%
23/03/26,459.5,465.25,473.75,456.5,253.11K,-1.29%
20/03/26,465.5,469,469.25,464,161.72K,-0.90%
19/03/26,469.75,463.25,470,463.25,214.41K,1.40%
18/03/26,463.25,454.75,464.5,451.5,190.61K,2.04%
17/03/26,454,453.75,459,449.25,200.11K,0.00%
16/03/26,454,464.75,466,452,279.25K,0.33%
13/03/26,452.5,446,453.5,446,0.16K,0.95%
12/03/26,448.25,448.5,453.5,448.5,0.14K,0.90%
11/03/26,444.25,441,446.5,439,0.29K,1.83%
10/03/26,436.25,434.75,437.75,432,0.60K,-0.29%
09/03/26,437.5,447.25,459,439,1.33K,-4.99%
06/03/26,460.5,452.75,462,452.25,355.15K,1.54%
05/03/26,453.5,442.5,454.5,442.5,253.07K,2.20%
04/03/26,443.75,446,447,440.25,177.85K,-0.62%
03/03/26,446.5,445.75,451.75,444.25,246.77K,0.17%
02/03/26,445.75,451,452.5,443.5,242.89K,-0.61%
27/02/26,448.5,443,450,442,253.88K,1.13%
26/02/26,443.5,441,445.75,440.25,272.86K,0.34%
25/02/26,442,438.5,442.75,438,215.17K,0.80%
24/02/26,438.5,440,441,437.25,216.42K,-0.40%
23/02/26,440.25,439,445,437.75,279.57K,0.11%
20/02/26,439.75,436,440.25,435.25,250.52K,0.80%
19/02/26,436.25,436.5,437.75,434.25,183.75K,-0.11%
18/02/26,436.75,435.5,438,435.25,157.67K,0.23%
17/02/26,435.75,441,441.25,435.25,156.52K,1.10%
16/02/26,431,431.25,431.25,431,,-0.17%
13/02/26,431.75,431,432.75,429.5,236.78K,0.12%
12/02/26,431.25,428,431.5,427,339.18K,0.88%
11/02/26,427.5,428.75,429.5,425.25,252.15K,-0.29%
10/02/26,428.75,428,431,427.75,222.72K,0.00%
09/02/26,428.75,428.75,430,427.25,182.32K,-0.35%
06/02/26,430.25,434.5,436,428.75,240.38K,-1.09%
05/02/26,435,429,435.75,427,224.62K,1.28%
04/02/26,429.5,428.5,432.75,425.25,240.66K,0.23%
03/02/26,428.5,425.75,429.25,425.5,158.96K,0.65%
02/02/26,425.75,428.25,428.25,424,153.89K,-0.58%
30/01/26,428.25,430.75,431.75,425.25,193.27K,-0.58%
29/01/26,430.75,430,434,428,180.15K,0.17%
28/01/26,430,427,433.25,426.75,200.20K,0.82%
27/01/26,426.5,428.25,429.75,426,124.21K,-0.41%
26/01/26,428.25,430,431.5,427.25,158.11K,-0.52%
23/01/26,430.5,423.75,431.25,422.5,257.32K,1.53%
22/01/26,424,422.5,424.25,421,147.10K,0.53%
21/01/26,421.75,423.75,427.75,421.25,155.62K,-0.47%
20/01/26,423.75,423.5,425.5,422,174.84K,-0.18%
19/01/26,424.5,424.75,424.75,424.5,,-0.06%
16/01/26,424.75,420.25,427.25,420,200.73K,1.07%
15/01/26,420.25,422.5,425,420,193.93K,-0.41%
14/01/26,422,420,425,419.5,232.73K,0.54%
13/01/26,419.75,421.75,422.75,417.25,357.20K,-0.42%
12/01/26,421.5,445,448.75,420,570.23K,-5.44%
09/01/26,445.75,445.25,447.5,443.75,171.30K,-0.06%
08/01/26,446,446,448,445.5,169.48K,-0.17%
07/01/26,446.75,443.75,447.25,443.75,155.46K,0.62%
06/01/26,444,444,447,443.5,185.04K,-0.11%
05/01/26,444.5,437.25,445.5,436.25,183.50K,1.60%
02/01/26,437.5,440.75,440.75,437,143.95K,-0.62%
31/12/25,440.25,440.5,442.5,439,98.19K,-0.06%
30/12/25,440.5,442,443,439.75,121.25K,-0.40%
29/12/25,442.25,450,451,442,169.68K,-1.72%
26/12/25,450,451,453,448.75,100.52K,-0.22%
24/12/25,451,447,451.25,446.75,95.80K,0.78%
23/12/25,447.5,446.5,449,446.25,123.70K,0.11%
22/12/25,447,443.25,447.75,443,136.62K,0.73%
19/12/25,443.75,444,444.75,442.5,129.52K,-0.17%
18/12/25,444.5,440.5,446,440.5,178.97K,0.91%
17/12/25,440.5,436,441.5,436,164.26K,0.92%
16/12/25,436.5,439.75,440,435.5,146.74K,-0.74%
15/12/25,439.75,440.25,441.25,436.75,182.67K,1.91%
12/12/25,431.5,433.25,437,428.25,0.05K,-0.86%
11/12/25,435.25,436.75,440,432.5,0.26K,0.12%
10/12/25,434.75,440.5,440.5,434,0.70K,-1.36%
09/12/25,440.75,437,441.75,434.5,1.09K,1.03%
08/12/25,436.25,437.25,439.75,432.5,1.74K,-1.91%
05/12/25,444.75,446.25,448,444,112.55K,-0.56%
04/12/25,447.25,443,448,441.75,151.43K,0.85%
03/12/25,443.5,449.25,450,442.75,187.59K,-1.44%
02/12/25,450,445,452.25,442.25,211.53K,1.12%
01/12/25,445,447.25,449,444,168.99K,-0.61%
28/11/25,447.75,445.25,448.5,443.5,87.64K,0.62%
27/11/25,445,445.25,445.25,445,,-0.06%
26/11/25,445.25,437.75,446.75,437.5,310.05K,1.60%
25/11/25,438.25,436.5,439.25,436.5,281.86K,0.34%
24/11/25,436.75,437.75,439.25,434.5,259.74K,-0.17%
21/11/25,437.5,437.5,439,435.25,195.24K,-0.06%
20/11/25,437.75,442,443.25,436.75,227.07K,-0.85%
19/11/25,441.5,448.5,449.25,440.5,178.33K,-1.78%
18/11/25,449.5,447.75,451.75,446.25,140.86K,0.33%
17/11/25,448,443.5,450.5,442.25,173.67K,4.13%
14/11/25,430.25,441.5,442.75,429.5,411.59K,-2.55%
13/11/25,441.5,434.75,442.75,434,400.92K,1.44%
12/11/25,435.25,431.5,436,431,271.70K,0.75%
11/11/25,432,429,432.75,428.5,221.85K,0.52%
10/11/25,429.75,426.75,431.25,426.25,220.39K,0.59%
07/11/25,427.25,428.5,430.5,426.75,186.07K,-0.35%
06/11/25,428.75,434.5,434.75,428.25,228.27K,-1.49%
05/11/25,435.25,430.5,436,428.75,201.31K,0.87%
04/11/25,431.5,434,434.5,429.25,183.03K,-0.63%
03/11/25,434.25,431,435,427.75,207.96K,0.64%
31/10/25,431.5,429.25,432.25,426.5,214.31K,0.29%
30/10/25,430.25,434,437,427.75,301.18K,-0.86%
29/10/25,434,431.25,435,430,239.88K,0.46%
28/10/25,432,428,436.25,427.25,378.02K,0.76%
27/10/25,428.75,427,431.75,426,295.62K,1.30%
24/10/25,423.25,427.25,427.5,423,211.85K,-1.11%
23/10/25,428,423,428.5,421,206.57K,1.18%
22/10/25,423,419.75,424,418.5,186.82K,0.77%
21/10/25,419.75,423.25,424.5,418.5,181.05K,-0.83%
20/10/25,423.25,422.5,424,419.5,179.47K,0.18%
17/10/25,422.5,421.25,424.75,421,185.45K,0.18%
16/10/25,421.75,416.75,423.5,416.25,304.26K,1.20%
15/10/25,416.75,412.75,418.5,411.25,195.17K,0.91%
14/10/25,413,410.75,413.5,409.25,192.43K,0.55%
13/10/25,410.75,413,415,410.5,157.49K,-0.54%
10/10/25,413,418.25,419.25,412.25,233.65K,-1.26%
09/10/25,418.25,422,423.25,418,207.21K,-0.89%
08/10/25,422,419.25,422.75,418.5,167.36K,0.54%
07/10/25,419.75,421.5,424.5,419,219.83K,-0.47%
06/10/25,421.75,419,422.5,417.25,141.86K,0.66%
03/10/25,419,420.75,423,418.5,179.52K,-0.65%
02/10/25,421.75,417.25,422.5,414.75,192.90K,1.26%
01/10/25,416.5,415.75,419.5,410.5,285.17K,0.24%
30/09/25,415.5,421.25,421.5,414,279.18K,-1.42%
29/09/25,421.5,421,422.75,418.75,146.15K,-0.12%
26/09/25,422,425.25,425.75,421.25,131.81K,-0.88%
25/09/25,425.75,423.75,428.25,423.5,146.85K,0.35%
24/09/25,424.25,425,427.5,423.5,134.26K,-0.47%
23/09/25,426.25,421.75,426.5,418.75,145.93K,1.07%
22/09/25,421.75,424,424.75,418.25,189.77K,-0.53%
19/09/25,424,424,429.75,422.25,162.41K,0.06%
18/09/25,423.75,426.5,428,423.5,113.26K,-0.70%
17/09/25,426.75,428.75,431.25,425.5,146.85K,-0.64%
16/09/25,429.5,423,431.25,423,178.78K,1.48%
15/09/25,423.25,426.25,428.5,422,192.79K,6.08%
12/09/25,399,402.5,405.25,398.5,0.04K,0.00%
11/09/25,399,398.25,398.25,396.75,0.12K,0.44%
10/09/25,397.25,401,401.25,395.5,0.06K,-1.00%
09/09/25,401.25,402,403.5,398.75,0.15K,-0.43%
08/09/25,403,398,403.75,394,0.55K,-3.59%
05/09/25,418,420,424.75,417.25,166.15K,-0.42%
04/09/25,419.75,418,421,414.25,153.76K,0.42%
03/09/25,418,423,424.25,416.25,187.05K,-1.18%
02/09/25,423,418,423.5,414,246.41K,1.20%
01/09/25,418,419.5,419.5,418,,-0.54%
29/08/25,420.25,410,420.5,409.75,277.56K,2.50%
28/08/25,410,406,411,403.5,208.71K,0.99%
27/08/25,406,409.25,410,405.25,204.08K,-0.85%
26/08/25,409.5,412,414.5,408.5,266.96K,-0.67%
25/08/25,412.25,413,416.5,411.25,195.06K,0.18%
22/08/25,411.5,411.75,413.5,409.75,180.16K,-0.06%
21/08/25,411.75,403.5,413.75,403.25,256.77K,1.92%
20/08/25,404,403.5,406,401.25,143.81K,0.19%
19/08/25,403.25,406,406,401.5,141.71K,-0.80%
18/08/25,406.5,404.5,408,401.25,167.86K,0.31%
15/08/25,405.25,397.75,405.75,397,202.74K,2.01%
14/08/25,397.25,397,399,392.5,186.63K,0.00%
13/08/25,397.25,394,398.5,393.5,249.12K,0.70%
12/08/25,394.5,407.75,407.75,392,418.57K,-3.25%
11/08/25,407.75,405,409.25,403,222.15K,0.55%
08/08/25,405.5,406.75,411,404.25,218.13K,-0.37%
07/08/25,407,401.5,408,401.25,209.90K,1.43%
06/08/25,401.25,402,402,396.75,188.25K,-0.19%
05/08/25,402,406,406.75,401.5,205.90K,-1.23%
04/08/25,407,411,412.75,406.75,165.95K,-0.91%
01/08/25,410.75,413.25,416,410,137.74K,-0.73%
31/07/25,413.75,412,414.25,408.75,167.47K,0.36%
30/07/25,412.25,411,414.5,410,148.31K,0.30%
29/07/25,411,412.5,415,409.25,209.24K,-0.72%
28/07/25,414,419,419.75,412.75,160.91K,-1.19%
25/07/25,419,420.5,422,417.75,92.31K,-0.42%
24/07/25,420.75,417.5,423,417.5,119.51K,0.78%
23/07/25,417.5,418,420.25,415.75,95.25K,-0.12%
22/07/25,418,423.25,424.75,416.75,121.71K,-1.01%
21/07/25,422.25,425,427.75,420,137.08K,-1.29%
18/07/25,427.75,421.5,430.25,421.5,156.90K,1.60%
17/07/25,421,423.5,425.75,419.5,122.21K,-0.71%
16/07/25,424,419,425.75,418.75,186.72K,1.01%
15/07/25,419.75,417.75,424,413,210.30K,4.94%
14/07/25,400,394.5,401,391.25,185.26K,-2.97%
11/07/25,412.25,416,418,411.5,157.23K,-1.02%
10/07/25,416.5,415,417,412.5,154.05K,0.24%
09/07/25,415.5,414,416.5,411.75,201.14K,0.30%
08/07/25,414.25,420.75,420.75,413.25,229.02K,-1.54%
07/07/25,420.75,429.5,429.75,419.75,211.23K,-3.72%
03/07/25,437,433,442.25,432.75,201.52K,0.81%
02/07/25,433.5,422.25,434,417.5,192.16K,2.73%
01/07/25,422,424,425,416.5,179.74K,-0.82%
30/06/25,425.5,426.5,429.5,422.25,201.10K,3.40%
27/06/25,411.5,404.25,412.25,404.25,189.08K,1.86%
26/06/25,404,405,408.75,402.25,205.56K,-0.25%
25/06/25,405,412,413.75,404,192.10K,-1.76%
24/06/25,412.25,417.75,418.5,411.75,185.36K,-1.26%
23/06/25,417.5,427.75,428.5,416.75,165.84K,-2.62%
20/06/25,428.75,433,435,428.25,189.74K,-1.04%
19/06/25,433.25,432.5,433.5,432.5,,-0.06%
18/06/25,433.5,431.5,434.5,430,225.88K,0.46%
17/06/25,431.5,434.75,437.5,429.5,231.17K,-0.75%
16/06/25,434.75,444,446.5,431.25,177.62K,-2.19%
13/06/25,444.5,438.25,445.25,435,179.12K,1.37%
12/06/25,438.5,436.5,441.75,435.25,190.44K,0.34%
11/06/25,437,439,444.75,436,201.68K,-0.40%
10/06/25,438.75,433.5,439.5,429.25,245.10K,1.21%
09/06/25,433.5,442.25,445.75,432.75,228.60K,-2.03%
06/06/25,442.5,438.25,445,435,229.80K,0.68%
05/06/25,439.5,438.5,442.75,433.25,217.52K,0.17%
04/06/25,438.75,438.5,446,437.5,220.75K,0.06%
03/06/25,438.5,438.25,442.5,434.25,209.49K,0.06%
02/06/25,438.25,444,451,437.75,211.15K,-1.30%
30/05/25,444,447,449.5,443,140.11K,-0.67%
29/05/25,447,452.25,453,443.5,157.59K,-0.89%
28/05/25,451,459.5,463,450,196.40K,-1.85%
27/05/25,459.5,459,463,456,153.15K,0.11%
26/05/25,459,459.25,459.25,458.75,167.36K,-0.11%
23/05/25,459.5,462.75,464.5,455,167.36K,-0.76%
22/05/25,463,459.25,464.75,456.5,192.80K,0.43%
21/05/25,461,454.5,462,453.5,201.43K,1.43%
20/05/25,454.5,446.75,455.5,444.75,194.89K,1.56%
19/05/25,447.5,443.5,449.75,443,179.62K,0.90%
16/05/25,443.5,449,451.5,442.75,173.41K,-1.11%
15/05/25,448.5,444.75,450.5,443.5,191.18K,2.28%
14/05/25,438.5,440.25,440.25,436.75,0.04K,0.57%
13/05/25,436,433.5,434.5,430.75,0.07K,-0.97%
12/05/25,440.25,444,447.5,438.5,0.21K,-2.11%
09/05/25,449.75,449,455,447,179.57K,0.50%
08/05/25,447.5,450,452,442.25,256.17K,-0.39%
07/05/25,449.25,457,463.5,448.5,248.11K,-1.37%
06/05/25,455.5,454.75,457.25,452.5,218.02K,0.28%
05/05/25,454.25,469,470.75,453.25,270.57K,-3.14%
02/05/25,469,472.25,477,468.25,163.66K,-0.69%
01/05/25,472.25,475,480,470,163.17K,-0.68%
30/04/25,475.5,470.75,478.5,468.5,196.43K,1.12%
29/04/25,470.25,482.75,485.25,469.75,318.62K,-2.69%
28/04/25,483.25,483.75,485.75,476.25,281.19K,-0.46%
25/04/25,485.5,483.25,487.5,483.25,172.39K,0.31%
24/04/25,484,479.5,485.25,479,183.15K,0.99%
23/04/25,479.25,483.75,484.75,477.25,165.33K,-0.83%
22/04/25,483.25,490,491.75,482.5,162.01K,-1.38%
21/04/25,490,491.25,495,489.5,132.43K,1.61%
17/04/25,482.25,483.25,486.5,481.5,117.57K,-0.41%
16/04/25,484.25,481.25,487,479.25,136.22K,0.62%
15/04/25,481.25,485,488.75,479,178.41K,-0.77%
14/04/25,485,489,490.25,484.25,201.39K,-1.07%
11/04/25,490.25,482,490.75,481.75,284.34K,1.50%
10/04/25,483,473.25,484,473,326.27K,1.90%
09/04/25,474,468,475.5,465.75,257.17K,1.07%
08/04/25,469,464.5,469.75,462.75,255.18K,0.97%
07/04/25,464.5,456,467.5,454.25,216.78K,0.92%
04/04/25,460.25,457.75,462.5,449.25,212.89K,0.60%
03/04/25,457.5,450,462.25,447.5,203.15K,-0.05%
02/04/25,457.75,460.25,460.75,454,159.59K,-0.87%
01/04/25,461.75,457.75,465,454,179.57K,0.98%
31/03/25,457.25,453,459.25,444,282.80K,0.88%
28/03/25,453.25,450.25,454,442,206.96K,0.72%
27/03/25,450,451.75,452.75,447.25,170.19K,-0.28%
26/03/25,451.25,458.75,461,450.75,154.49K,-1.42%
25/03/25,457.75,464.5,464.75,457,148.19K,-1.45%
24/03/25,464.5,465,466.25,459.5,125.18K,0.05%
21/03/25,464.25,467.25,469.75,461.25,182.43K,-1.01%
20/03/25,469,462,470.25,462,219.75K,1.52%
19/03/25,462,458.25,463,455.75,185.23K,0.71%
18/03/25,458.75,461,462.5,455.25,177.17K,-0.49%
17/03/25,461,460,465.5,457.25,180.88K,3.48%
14/03/25,445.5,443.25,443.25,443.25,0.03K,-1.76%
13/03/25,453.5,450,459.25,450,0.10K,1.06%
12/03/25,448.75,455,455,444,0.23K,-1.70%
11/03/25,456.5,458,464,458,0.08K,-0.49%
10/03/25,458.75,458,459.5,454,0.48K,-2.24%
07/03/25,469.25,464.75,471,460.75,191.87K,1.13%
06/03/25,464,457,473.5,452.75,313.86K,1.81%
05/03/25,455.75,454.5,460.5,448.5,277.83K,0.94%
04/03/25,451.5,456,459.25,442.5,391.27K,-1.04%
03/03/25,456.25,469.75,472.75,454.5,353.21K,-2.82%
28/02/25,469.5,481.25,483.75,469,287.88K,-2.39%
27/02/25,481,493.5,496.25,480,323.81K,-2.53%
26/02/25,493.5,495,500,492.25,221.42K,-0.15%
25/02/25,494.25,497.5,498.5,488.5,233.37K,-0.55%
24/02/25,497,504.5,505.25,495.25,280.98K,-1.58%
21/02/25,505,512.25,513.75,504.25,235.05K,-1.51%
20/02/25,512.75,512,518,511.75,167.19K,0.10%
19/02/25,512.25,515.25,518.75,511,185.42K,-0.68%
18/02/25,515.75,508,517.75,505.5,173.58K,3.93%
14/02/25,496.25,493,499.75,492.5,195.60K,0.56%
13/02/25,493.5,489.75,494.25,485.25,269.32K,0.66%
12/02/25,490.25,483.75,492.25,481.5,271.39K,1.29%
11/02/25,484,491.75,497,483.25,311.26K,-1.53%
10/02/25,491.5,485.75,492.75,482.25,250.90K,0.82%
07/02/25,487.5,495.5,496.5,485.5,287.30K,-1.56%
06/02/25,495.25,493.25,496.5,486,299.13K,0.41%
05/02/25,493.25,494,498.5,489.75,226.00K,-0.25%
04/02/25,494.5,488,497.25,487.25,279.78K,1.18%
03/02/25,488.75,476.75,491,472.5,322.17K,1.40%
31/01/25,482,488.25,488.75,479.25,318.48K,-1.68%
30/01/25,490.25,496.25,497,490,218.11K,-1.36%
29/01/25,497,485,497.5,485,277.21K,2.42%
28/01/25,485.25,482.25,489.25,481,225.86K,0.67%
27/01/25,482,484.5,484.75,477.75,216.23K,-0.92%
24/01/25,486.5,487,489.5,483.5,208.96K,-0.66%
23/01/25,489.75,484.25,494.5,480.5,250.55K,1.14%
22/01/25,484.25,489.5,492.25,482.5,264.54K,-1.17%
21/01/25,490,484.25,490.5,482.5,295.11K,1.19%
17/01/25,484.25,474,485,474,305.01K,2.05%
16/01/25,474.5,478.75,479,473.25,209.82K,-0.89%
15/01/25,478.75,474.25,479.5,474,218.14K,0.90%
14/01/25,474.5,475.5,479.75,473.5,278.02K,-0.42%
13/01/25,476.5,469.75,477,469.25,376.88K,1.28%
10/01/25,470.5,456,472.5,455.75,467.09K,3.18%
09/01/25,456,454,457.25,453.5,157.71K,0.44%
08/01/25,454,457.75,459.25,453.5,192.59K,-0.87%
07/01/25,458,456,458.5,453,211.63K,0.05%
06/01/25,457.75,451.5,460.25,451.5,227.40K,1.55%
03/01/25,450.75,459.5,459.75,449.25,199.34K,-1.90%
02/01/25,459.5,457.25,459.75,456.25,163.45K,0.16%
01/01/25,458.75,458.75,458.75,458.75,,0.05%
31/12/24,458.5,452.25,459,452,172.88K,1.38%
30/12/24,452.25,453.75,458.5,449.75,217.07K,-0.39%
27/12/24,454,453.25,455,452.25,162.02K,0.06%
26/12/24,453.75,448.5,454.25,448.5,176.17K,1.17%
25/12/24,448.5,448.5,448.5,448.5,,0.00%
24/12/24,448.5,447.25,448.75,446.75,88.15K,0.17%
23/12/24,447.75,446,448.25,445.25,132.88K,0.34%
20/12/24,446.25,439.75,447.5,439.5,191.42K,1.25%
19/12/24,440.75,437,441,435.75,182.52K,0.80%
18/12/24,437.25,443.75,446.5,437,176.18K,-1.41%
17/12/24,443.5,445,446.75,441.25,164.42K,-0.34%
16/12/24,445,441.25,445.75,441.25,157.17K,3.49%
13/12/24,430,434.25,434.25,426.25,0.02K,-0.41%
12/12/24,431.75,436.5,439,431.75,0.33K,-3.68%
11/12/24,448.25,448,451.25,447.75,265.28K,-0.17%
10/12/24,449,441,450,440.75,296.08K,1.64%
09/12/24,441.75,439.25,442,437.5,228.24K,0.40%
06/12/24,440,435,440.5,434.5,216.79K,1.15%
05/12/24,435,429.5,436,428.25,164.27K,1.16%
04/12/24,430,432,433.5,429.5,138.43K,-0.52%
03/12/24,432.25,433,436,431,150.61K,-0.06%
02/12/24,432.5,433,435,429.75,173.21K,-0.12%
29/11/24,433,428,433.75,427.25,124.10K,1.17%
27/11/24,428,427.75,431,427.5,264.98K,0.00%
26/11/24,428,432.5,434,425.5,323.71K,-1.15%
25/11/24,433,434.75,435.75,431.75,271.40K,-0.52%
22/11/24,435.25,436.25,439,434.5,175.79K,-0.23%
21/11/24,436.25,439.75,442.25,435.75,184.04K,-0.85%
20/11/24,440,437.25,441.75,435,184.19K,0.51%
19/11/24,437.75,439,441.75,437,165.89K,-0.45%
18/11/24,439.75,434.75,440,433,149.25K,3.71%
15/11/24,424,418.75,425,417,218.57K,1.19%
14/11/24,419,426,428,418.25,292.27K,-1.76%
13/11/24,426.5,428.5,429.75,424.25,235.17K,-0.47%
12/11/24,428.5,429.75,433.5,426.75,250.50K,-0.35%
11/11/24,430,430,432,426.5,250.21K,-0.23%
08/11/24,431,427.5,434.75,426.75,347.31K,0.82%
07/11/24,427.5,425.75,428.5,422.25,310.58K,0.29%
06/11/24,426.25,418,426.75,414.25,283.19K,1.85%
05/11/24,418.5,416.25,419.75,415.25,167.93K,0.48%
04/11/24,416.5,414,420,413,219.14K,0.48%
01/11/24,414.5,410.75,415.75,410.5,197.41K,0.91%
31/10/24,410.75,411.5,412.75,409.25,238.81K,-0.18%
30/10/24,411.5,413.25,414.25,411,170.09K,-0.54%
29/10/24,413.75,410,414.75,410,197.43K,0.73%
28/10/24,410.75,413.25,414.75,410,251.36K,-1.08%
25/10/24,415.25,420.5,421,414.5,247.61K,-1.48%
24/10/24,421.5,418.75,424,418.25,287.99K,0.60%
23/10/24,419,416,420,414,246.01K,0.60%
22/10/24,416.5,409,417,408.25,267.22K,1.71%
21/10/24,409.5,403.75,411.75,403,241.76K,1.17%
18/10/24,404.75,406.75,409.5,403.75,193.54K,-0.49%
17/10/24,406.75,404.5,407.5,399,255.48K,0.49%
16/10/24,404.75,401.25,406.75,401,214.29K,0.87%
15/10/24,401.25,408,408,400.5,305.40K,-1.71%
14/10/24,408.25,415,415.25,407.5,257.78K,-1.80%
11/10/24,415.75,418.5,422.75,415.25,224.07K,-0.66%
10/10/24,418.5,421,424,418,171.36K,-0.59%
09/10/24,421,420.25,423.5,420,148.82K,0.06%
08/10/24,420.75,426,428,419.25,229.66K,-1.23%
07/10/24,426,424,427,421.25,161.44K,0.29%
04/10/24,424.75,427.5,427.5,423,165.35K,-0.82%
03/10/24,428.25,431.5,433.25,427.5,181.33K,-0.98%
02/10/24,432.5,428.5,434.25,428.5,239.75K,0.82%
01/10/24,429,423.5,432.5,421.75,262.76K,1.00%
30/09/24,424.75,416.5,427.75,415.5,272.93K,1.61%
27/09/24,418,413,419.75,410.75,218.58K,1.15%
26/09/24,413.25,414.75,419.25,412.5,204.87K,-0.48%
25/09/24,415.25,411.75,415.5,408.5,158.96K,0.85%
24/09/24,411.75,413,418.25,410,210.50K,-0.42%
23/09/24,413.5,401.5,414.25,401.25,228.07K,2.92%
20/09/24,401.75,406,407.25,401.5,178.23K,-0.99%
19/09/24,405.75,412.25,413,405.25,166.20K,-1.70%
18/09/24,412.75,412,415,411,134.64K,0.06%
17/09/24,412.5,410,413,408.5,123.97K,0.43%
16/09/24,410.75,413,413,408.5,150.82K,5.12%
13/09/24,390.75,381.25,394,381,0.04K,1.17%
12/09/24,386.25,380.5,387.5,380.5,0.12K,1.51%
11/09/24,380.5,379.75,381.25,377,0.12K,0.26%
10/09/24,379.5,382.75,382.75,380,0.30K,-1.24%
09/09/24,384.25,383.75,385.25,381,0.38K,-5.42%
06/09/24,406.25,410,416,405.5,174.63K,-1.10%
05/09/24,410.75,412.75,413.25,406.75,162.78K,-0.48%
04/09/24,412.75,408.75,413.5,407.5,205.92K,0.86%
03/09/24,409.25,400.5,410,398.5,238.85K,2.06%
30/08/24,401,395,401.75,394.5,187.44K,1.26%
29/08/24,396,390,396.25,389.25,236.85K,1.34%
28/08/24,390.75,392.25,394,388.75,270.54K,-0.51%
27/08/24,392.75,385.75,394.5,385,283.62K,1.62%
26/08/24,386.5,390.75,391,385,251.69K,-1.15%
23/08/24,391,393.25,396.25,390.75,190.43K,-0.64%
22/08/24,393.5,398.5,399,393,189.30K,-1.19%
21/08/24,398.25,397.75,400.5,396.5,148.03K,0.06%
20/08/24,398,400,401,397.75,156.42K,-0.56%
19/08/24,400.25,392,400.75,391.75,201.01K,1.97%
16/08/24,392.5,396,397.5,390,215.49K,-1.13%
15/08/24,397,400.75,403.75,396.25,217.11K,-0.94%
14/08/24,400.75,397,401.75,395.5,175.72K,0.88%
13/08/24,397.25,401,403,395.25,212.08K,-1.06%
12/08/24,401.5,394.75,403,390.25,295.71K,1.65%
09/08/24,395,396.75,399,393.5,182.30K,-0.50%
08/08/24,397,401,403.75,396.25,184.32K,-0.94%
07/08/24,400.75,404.25,404.75,399,207.13K,-1.11%
06/08/24,405.25,407,409,402,135.71K,-0.43%
05/08/24,407,402.25,407.75,396,172.74K,0.93%
02/08/24,403.25,399.25,404.75,398.5,150.81K,1.19%
01/08/24,398.5,399.75,400.75,395,152.32K,-0.31%
31/07/24,399.75,404.5,406.5,397.75,207.18K,-1.30%
30/07/24,405,412,412.75,404,136.87K,-1.76%
29/07/24,412.25,407.5,413,405.5,169.46K,0.55%
26/07/24,410,421,421.75,409.25,161.57K,-2.55%
25/07/24,420.75,417.25,423.5,416.25,155.68K,0.66%
24/07/24,418,416.5,423.75,414.5,166.66K,0.18%
23/07/24,417.25,413.75,422.5,411.75,175.65K,0.54%
22/07/24,415,405.25,415.5,405.25,170.64K,2.53%
19/07/24,404.75,405,410.75,404,113.81K,-0.06%
18/07/24,405,412,413,404.25,123.13K,-1.64%
17/07/24,411.75,408.75,413.25,408.25,136.92K,0.73%
16/07/24,408.75,403.25,411,403.25,146.69K,1.11%
15/07/24,404.25,416,416,403.25,168.50K,0.56%
12/07/24,402,400,404.75,391,211.32K,0.44%
11/07/24,400.25,395.25,403,394.75,197.07K,1.14%
10/07/24,395.75,393.75,398,390.75,221.92K,0.44%
09/07/24,394,393.5,398.75,391.75,158.71K,0.19%
08/07/24,393.25,409.5,410,391.25,183.88K,-4.20%
05/07/24,410.5,405.5,412.25,405,90.32K,1.23%
03/07/24,405.5,407.75,409.75,404,110.94K,-0.61%
02/07/24,408,408,413.75,405.75,121.58K,0.25%
01/07/24,407,407.5,410,401,158.70K,-0.12%
28/06/24,407.5,422.5,429,399.5,314.60K,-3.55%
27/06/24,422.5,425.5,427.5,422.25,257.43K,-0.71%
26/06/24,425.5,431.5,436,424.25,234.61K,-1.45%
25/06/24,431.75,439.5,440.5,429.25,177.84K,-1.76%
24/06/24,439.5,441,442,430.5,162.49K,-0.23%
21/06/24,440.5,444.75,447.5,440.25,163.09K,-0.96%
20/06/24,444.75,453.75,454.5,444,147.82K,-2.41%
18/06/24,455.75,450.25,457.25,449.5,106.45K,1.28%
17/06/24,450,455.25,456.75,449.25,87.76K,0.00%
14/06/24,450,458,459.5,448,228.39K,-1.85%
13/06/24,458.5,453.5,460.5,453.5,296.25K,0.94%
12/06/24,454.25,449,455,448.5,276.47K,1.06%
11/06/24,449.5,450.75,456.25,449,271.96K,-0.50%
10/06/24,451.75,448.75,452.75,447.75,230.93K,0.67%
07/06/24,448.75,452,454.25,444.25,238.07K,-0.72%
06/06/24,452,439.25,453.25,438.75,261.54K,2.90%
05/06/24,439.25,442.5,444.25,438.25,183.31K,-0.73%
04/06/24,442.5,442.5,448.25,440,221.27K,-0.23%
03/06/24,443.5,445.75,449,439,262.80K,-0.62%
31/05/24,446.25,449,453.75,445.5,174.86K,-0.56%
30/05/24,448.75,455.25,457,447.5,225.18K,-1.43%
29/05/24,455.25,462.5,463,454.25,166.32K,-1.57%
28/05/24,462.5,467,471,460,166.13K,-0.48%
24/05/24,464.75,464.5,466.75,460.75,169.18K,0.16%
23/05/24,464,461.25,467.25,458.5,166.86K,0.60%
22/05/24,461.25,458.5,463.25,458,175.90K,0.71%
21/05/24,458,460,461.25,455,168.07K,-0.54%
20/05/24,460.5,452.75,463.5,452.25,185.09K,1.77%
17/05/24,452.5,457.25,460.5,451,217.85K,-0.98%
16/05/24,457,462.25,465.25,456,200.53K,-1.19%
15/05/24,462.5,467.75,473.25,461.5,222.34K,1.93%
14/05/24,453.75,461,461,453.25,0.03K,-1.04%
13/05/24,458.5,453.5,461.5,453.5,0.32K,0.60%
10/05/24,455.75,443.25,455.5,443.25,0.32K,2.94%
09/05/24,442.75,447.25,447.5,441,0.57K,-0.62%
08/05/24,445.5,452.75,452.75,444.25,0.63K,-1.82%
07/05/24,453.75,457,459.5,453.75,1.02K,-0.71%
06/05/24,457,447,458.5,444.5,1.91K,-0.71%
03/05/24,460.25,459.5,468,457.25,303.31K,0.11%
02/05/24,459.75,450,460.5,449.75,240.17K,2.00%
01/05/24,450.75,446.75,451.5,443.75,151.38K,0.90%
30/04/24,446.75,449,450,444.5,149.01K,-0.56%
29/04/24,449.25,450,451.25,445.5,211.47K,-0.17%
26/04/24,450,451.75,454,449.25,225.50K,2.04%
25/04/24,441,437.75,442,436,168.02K,-1.67%
24/04/24,448.5,452.25,454.25,448,228.27K,-0.88%
23/04/24,452.5,449.5,453.25,448.25,173.81K,2.90%
22/04/24,439.75,432.25,441,431,192.56K,-0.73%
19/04/24,443,436.75,443.5,436,152.76K,3.81%
18/04/24,426.75,429.5,431,426.25,180.78K,-3.23%
17/04/24,441,442.75,444.25,440.75,122.10K,2.32%
16/04/24,431,431.25,432.25,428.5,148.12K,-0.12%
15/04/24,431.5,434.5,435,430.25,152.25K,-0.92%
12/04/24,435.5,428.25,437.5,427,202.05K,1.57%
11/04/24,428.75,434,437.5,427.5,250.70K,-1.27%
10/04/24,434.25,431,435.75,430.75,210.26K,0.70%
09/04/24,431.25,435,435.75,429.75,219.30K,-0.98%
08/04/24,435.5,433.75,437.5,431.5,215.99K,0.29%
05/04/24,434.25,435,438.5,432.25,192.94K,-0.23%
04/04/24,435.25,432.25,436,429.75,153.81K,0.81%
03/04/24,431.75,428.25,433,425.75,187.68K,1.23%
02/04/24,426.5,435.75,436.75,424.5,235.50K,-2.07%
01/04/24,435.5,441.75,442,432.25,200.47K,-1.53%
29/03/24,442.25,442.25,442.25,442.25,,0.06%
28/03/24,442,426.75,448,426,360.09K,3.57%
27/03/24,426.75,432,432.25,426.25,165.19K,-1.33%
26/03/24,432.5,437.25,440.75,432,155.31K,-1.20%
25/03/24,437.75,439,441.25,437,118.61K,-0.34%
22/03/24,439.25,440.25,441.5,436,132.90K,-0.34%
21/03/24,440.75,439,445.75,437.5,158.79K,0.40%
20/03/24,439,439,439.5,435.5,131.97K,-0.11%
19/03/24,439.5,436.5,440,435,115.12K,0.80%
18/03/24,436,437,440.5,434,121.82K,-0.17%
15/03/24,436.75,433.75,440,431.75,140.24K,3.37%
14/03/24,422.5,426,426,423,0.05K,-0.94%
13/03/24,426.5,430,432.5,430,0.08K,-0.58%
12/03/24,429,425,435,424.75,0.53K,0.18%
11/03/24,428.25,421.75,428.5,419.75,0.62K,0.47%
08/03/24,426.25,424.25,426.5,420.5,0.76K,0.06%
07/03/24,426,418.25,427.5,418.25,1.65K,1.91%
06/03/24,418,413.25,416.25,412,2.54K,1.09%
05/03/24,413.5,417.25,418,412.5,1.54K,-0.96%
04/03/24,417.5,412,420.75,412,2.21K,1.27%
01/03/24,412.25,415.5,418,409.25,3.48K,-4.02%
29/02/24,429.5,429.25,432,423.75,145.91K,0.23%
28/02/24,428.5,423.75,430.5,421.75,227.19K,1.18%
27/02/24,423.5,421,426.5,421,223.74K,4.05%
26/02/24,407,399.75,407.75,394.5,227.18K,1.81%
23/02/24,399.75,406,409.25,398.5,218.22K,-1.54%
22/02/24,406,410,415.5,404.25,199.94K,-1.22%
21/02/24,411,418.5,419.5,410,180.05K,-1.85%
20/02/24,418.75,416.25,421.5,414.75,217.84K,0.54%
16/02/24,416.5,417.5,421.5,415,176.97K,-0.30%
15/02/24,417.75,424,425,417.25,217.73K,-1.53%
14/02/24,424.25,430.75,431,422.25,230.22K,-1.51%
13/02/24,430.75,430.25,434.75,428.75,182.68K,0.06%
12/02/24,430.5,430.25,432.75,427.75,198.80K,0.35%
09/02/24,429,433,437,428.25,206.27K,-0.98%
08/02/24,433.25,434.5,437,429.75,222.88K,-0.23%
07/02/24,434.25,438.5,439.25,432.75,245.42K,-1.03%
06/02/24,438.75,442.75,445.5,438.25,193.36K,-0.90%
05/02/24,442.75,442.75,445,439.5,137.66K,0.00%
02/02/24,442.75,446.5,448.75,442,129.45K,-1.01%
01/02/24,447.25,448,448,443.5,153.72K,-0.22%
31/01/24,448.25,447.25,448.75,443.25,135.49K,0.11%
30/01/24,447.75,439.75,448.25,436.5,194.90K,1.70%
29/01/24,440.25,446.25,447.5,437.5,203.57K,-1.34%
26/01/24,446.25,451,451.75,445.5,135.73K,-1.22%
25/01/24,451.75,451.5,453.25,447.5,169.29K,-0.11%
24/01/24,452.25,446.5,452.75,446.25,156.00K,1.29%
23/01/24,446.5,445.75,450.5,444,152.30K,0.17%
22/01/24,445.75,445.5,448,444,112.77K,0.06%
19/01/24,445.5,443.5,449.5,443,148.10K,0.34%
18/01/24,444,442,445,436.75,180.95K,0.40%
17/01/24,442.25,443.5,448.25,440,205.71K,-0.28%
16/01/24,443.5,447.75,451.25,442,175.65K,-0.78%
12/01/24,447,457,460,441,314.10K,-2.35%
11/01/24,457.75,459,461.5,455.75,165.19K,-0.38%
10/01/24,459.5,459,461.75,454.5,193.51K,0.05%
09/01/24,459.25,454.75,460.5,451.75,215.15K,0.93%
08/01/24,455,461,462.5,452,214.32K,-1.25%
05/01/24,460.75,466.5,467.75,460,151.59K,-1.23%
04/01/24,466.5,465,469,463.5,127.03K,0.27%
03/01/24,465.25,464.75,466,461.75,147.91K,0.32%
02/01/24,463.75,470.5,470.75,462.5,187.19K,-1.59%
29/12/23,471.25,473.75,475,470.5,109.65K,-0.63%
28/12/23,474.25,476,478.75,474,99.40K,-0.47%
27/12/23,476.5,479.75,480.25,474.5,107.95K,-0.78%
26/12/23,480.25,473,481,471.5,114.20K,1.53%
22/12/23,473,472.5,474,471.5,80.48K,0.11%
21/12/23,472.5,470,474,469.25,108.60K,0.59%
20/12/23,469.75,472.75,475.5,468.25,131.03K,-0.63%
19/12/23,472.75,477.25,478.25,471.5,130.03K,-0.89%
18/12/23,477,482.5,482.75,475.5,129.45K,-1.24%
15/12/23,483,479.25,484,477.75,108.55K,5.75%
14/12/23,456.75,459,460,456.75,0.01K,0.00%
13/12/23,456.75,462.5,462.5,455,0.26K,-1.24%
12/12/23,462.5,459.25,467,459.25,0.27K,0.43%
11/12/23,460.5,465.5,466.25,461,0.38K,-1.13%
08/12/23,465.75,468,472,466.25,0.32K,-0.53%
07/12/23,468.25,465,469.25,465,0.32K,0.75%
06/12/23,464.75,467.75,473,463.75,0.35K,-0.80%
05/12/23,468.5,460.25,468.5,460.25,0.64K,1.79%
04/12/23,460.25,461.25,463.75,457,1.93K,-0.91%
01/12/23,464.5,460.25,469.5,458.25,3.31K,-3.78%
30/11/23,482.75,475.25,484.5,475,189.36K,1.47%
29/11/23,475.75,473.5,477.25,470.5,257.32K,0.48%
28/11/23,473.5,475.25,476.75,471,263.24K,-0.37%
27/11/23,475.25,483.25,485,473,211.13K,-1.50%
24/11/23,482.5,487.5,489.25,481.75,109.60K,-1.08%
22/11/23,487.75,488.25,493.25,487,131.96K,-0.26%
21/11/23,489,487.5,493.25,486,142.28K,0.31%
20/11/23,487.5,485.5,488.25,482.5,111.05K,0.46%
17/11/23,485.25,493.25,493.5,485,106.98K,-1.62%
16/11/23,493.25,488.75,494.25,483.5,139.10K,0.97%
15/11/23,488.5,493.75,496.5,485,188.61K,2.14%
14/11/23,478.25,477,480,473,183.14K,0.21%
13/11/23,477.25,463.25,477.75,461,249.73K,2.86%
10/11/23,464,468,469,461.75,230.54K,-0.85%
09/11/23,468,475,476,466.5,257.16K,-1.68%
08/11/23,476,469,480.5,468.5,322.78K,1.60%
07/11/23,468.5,477,477.5,468,215.81K,-1.83%
06/11/23,477.25,477.25,480.75,476.75,131.65K,0.00%
03/11/23,477.25,470,481.25,468,200.22K,1.54%
02/11/23,470,475,477,469.5,202.19K,-1.05%
01/11/23,475,478.75,480,472.5,180.12K,-0.78%
31/10/23,478.75,478.25,483,477.5,136.05K,0.10%
30/10/23,478.25,480,484.25,477.5,136.57K,-0.52%
27/10/23,480.75,479.25,484,478.25,126.30K,0.31%
26/10/23,479.25,480,484.25,477.5,190.73K,-0.16%
25/10/23,480,483.5,486,476.75,177.28K,-0.83%
24/10/23,484,490.75,491.5,482.75,161.08K,-1.27%
23/10/23,490.25,494.25,497,490.25,126.44K,-1.06%
20/10/23,495.5,504,509.5,495,264.54K,-1.88%
19/10/23,505,492,505.5,490.25,279.44K,2.64%
18/10/23,492,488.5,494,488.5,119.27K,0.61%
17/10/23,489,490,492.75,487.75,102.03K,-0.20%
16/10/23,490,493.5,496.75,489.5,113.49K,-0.66%
13/10/23,493.25,495,498.75,490.5,138.23K,-0.55%
12/10/23,496,487.75,498.75,482.25,208.37K,1.64%
11/10/23,488,485.5,488.5,483.5,102.59K,0.51%
10/10/23,485.5,488,488.25,484.25,110.08K,-0.56%
09/10/23,488.25,492,497,487.25,115.53K,-0.76%
06/10/23,492,496,499,491.5,125.23K,-1.11%
05/10/23,497.5,486,498.5,482.5,186.34K,2.37%
04/10/23,486,487.5,489.75,482.5,129.88K,-0.31%
03/10/23,487.5,488,489.25,484.25,138.10K,-0.26%
02/10/23,488.75,477,489.75,476,159.22K,2.52%
29/09/23,476.75,487.5,490,475.5,209.42K,-2.41%
28/09/23,488.5,483.75,489.25,481,114.32K,1.09%
27/09/23,483.25,479.75,486.75,479,125.71K,0.73%
26/09/23,479.75,481,483.5,476.5,117.59K,-0.31%
25/09/23,481.25,475.25,482.5,473.75,101.59K,0.84%
22/09/23,477.25,475,478.5,474.25,88.61K,0.42%
21/09/23,475.25,481,482.5,474,115.20K,-1.45%
20/09/23,482.25,476,483,474.5,162.30K,1.26%
19/09/23,476.25,471.25,477,467.75,139.65K,1.01%
18/09/23,471.5,475.25,478.75,469,143.32K,-1.00%
15/09/23,476.25,480,483.5,475,110.38K,2.97%
14/09/23,462.5,455.75,459.25,455.75,0.09K,-0.32%
13/09/23,464,466.75,467.75,462.5,0.12K,0.16%
12/09/23,463.25,473.5,473.5,462.75,0.17K,-1.70%
11/09/23,471.25,470.25,471.5,468,0.43K,0.59%
08/09/23,468.5,471.25,472.25,467,0.23K,-0.48%
07/09/23,470.75,471.25,474,468.5,0.74K,-0.16%
06/09/23,471.5,473.5,476.25,471.25,0.84K,0.11%
05/09/23,471,466,473.75,462.5,1.55K,1.34%
01/09/23,464.75,461,468.25,460.25,3.31K,0.81%
31/08/23,461,461.75,468,459,12.07K,-0.16%
30/08/23,461.75,469,474.75,460.25,74.61K,-1.65%
29/08/23,469.5,476.5,483,468.5,98.80K,-1.88%
28/08/23,478.5,476.25,480,472.25,87.58K,1.65%
25/08/23,470.75,471.25,477,469,84.41K,-0.32%
24/08/23,472.25,476.25,480.5,468.5,85.16K,-0.84%
23/08/23,476.25,467,478.25,465.5,84.52K,2.09%
22/08/23,466.5,469.25,472.5,461,72.98K,-0.59%
21/08/23,469.25,486,493,468,74.71K,-2.14%
18/08/23,479.5,473.75,482.5,472.5,66.48K,1.37%
17/08/23,473,470,475,464.75,69.17K,0.75%
16/08/23,469.5,463,473,462,70.84K,1.19%
15/08/23,464,474,474,462,89.97K,-2.47%
14/08/23,475.75,476.25,479.75,468.75,73.61K,0.26%
11/08/23,474.5,483,494.75,470.5,174.43K,-1.81%
10/08/23,483.25,481.5,485.5,480,93.32K,0.47%
09/08/23,481,485.75,490,479,120.22K,-0.98%
08/08/23,485.75,482,488.75,477.25,124.55K,0.73%
07/08/23,482.25,484.75,488.5,476,164.88K,-0.41%
04/08/23,484.25,482.5,493.5,480.25,96.91K,0.73%
03/08/23,480.75,486.25,489.75,480.25,101.38K,-1.54%
02/08/23,488.25,497.25,512.25,485.75,158.41K,-1.76%
01/08/23,497,504,508,496.5,116.23K,-1.39%
31/07/23,504,516.25,516.25,498.5,111.16K,-3.26%
28/07/23,521,533,538.5,516.75,90.55K,-2.30%
27/07/23,533.25,540.25,547,532.25,95.91K,-1.30%
26/07/23,540.25,557,557.25,536.75,106.98K,-3.09%
25/07/23,557.5,559.75,563.75,545.5,104.80K,-0.54%
24/07/23,560.5,534,564.5,531.5,115.44K,6.36%
21/07/23,527,536.5,538.75,522.5,121.03K,-1.91%
20/07/23,537.25,545,554.5,533,123.96K,-1.51%
19/07/23,545.5,526.75,557.5,525.75,193.39K,3.17%
18/07/23,528.75,497.75,534.75,495.25,132.50K,5.91%
17/07/23,499.25,512,519.75,496.25,87.97K,-16.76%
14/07/23,599.75,609.75,614.75,604.75,0.08K,1.05%
13/07/23,593.5,547.5,593.75,547.5,0.13K,7.96%
12/07/23,549.75,573,574.5,547.25,0.71K,-3.85%
11/07/23,571.75,567.5,585.5,567.5,0.79K,0.18%
10/07/23,570.75,561,572,561,0.52K,1.83%
07/07/23,560.5,567,571.75,560,1.32K,-1.10%
06/07/23,566.75,547.25,569.25,547.25,1.41K,3.37%
05/07/23,548.25,558,564.25,545.5,1.92K,-1.62%
03/07/23,557.25,558.5,568.25,553.25,1.61K,0.50%
30/06/23,554.5,585,595,552,6.46K,-4.56%
29/06/23,581,591.75,603.5,574,42.59K,-1.53%
28/06/23,590,625,630.75,582,89.62K,-5.30%
27/06/23,623,643,644.5,622.25,93.04K,-2.24%
26/06/23,637.25,634.5,649.75,621,117.53K,1.03%
23/06/23,630.75,655.75,657.5,629,142.97K,-4.50%
22/06/23,660.5,668.25,670.25,653,117.76K,-1.56%
21/06/23,671,650,672.5,647.25,150.76K,4.23%
20/06/23,643.75,640.75,647,635.5,151.99K,0.55%
16/06/23,640.25,623,641,622.25,223.69K,2.73%
15/06/23,623.25,608,626.5,607.25,194.03K,2.55%
14/06/23,607.75,610.25,618.75,601.5,187.54K,-0.78%
13/06/23,612.5,617,625,610.75,202.99K,-0.77%
12/06/23,617.25,609,623.75,608.75,208.16K,2.15%
09/06/23,604.25,608.25,609,597.5,174.69K,-0.98%
08/06/23,610.25,600,613.25,595.25,178.77K,0.99%
07/06/23,604.25,605,612.5,601.75,174.30K,-0.62%
06/06/23,608,599.75,610.75,599.75,185.93K,1.76%
05/06/23,597.5,609,614,595,168.38K,-1.89%
02/06/23,609,592.5,610.5,581.25,199.86K,2.78%
01/06/23,592.5,594,606,591.75,153.59K,-0.25%
31/05/23,594,594.25,594.75,577.5,170.16K,0.00%
30/05/23,594,603.75,605,591.5,176.21K,-1.66%
26/05/23,604,590.25,606.75,588.25,178.64K,2.24%
25/05/23,590.75,587.5,593,583.5,145.55K,0.60%
24/05/23,587.25,577,589.75,574,152.82K,1.69%
23/05/23,577.5,570.25,580.75,564,133.38K,1.14%
22/05/23,571,554.75,575.5,553.25,148.54K,2.98%
19/05/23,554.5,555,571.75,551.5,183.02K,-0.14%
18/05/23,555.25,561.25,561.75,547,181.02K,-1.11%
17/05/23,561.5,581.75,582.75,554.25,265.00K,-3.40%
16/05/23,581.25,592,593,578.25,133.85K,-1.90%
15/05/23,592.5,581.5,598.75,581.5,164.17K,-6.44%
12/05/23,633.25,634.75,638.75,623.5,0.24K,0.12%
11/05/23,632.5,641.75,648,632,0.99K,-2.01%
10/05/23,645.5,642,649.75,637.25,1.07K,0.51%
09/05/23,642.25,654.75,654.75,639.5,1.59K,-2.17%
08/05/23,656.5,652.75,658.5,651.5,0.68K,0.50%
05/05/23,653.25,644,656.25,644,1.22K,1.04%
04/05/23,646.5,642.25,649.5,637.5,2.27K,0.19%
03/05/23,645.25,636.5,646,626.5,2.08K,1.14%
02/05/23,638,641.75,652,635.5,5.51K,-0.23%
01/05/23,639.5,632.5,641,628,2.75K,0.55%
28/04/23,636,628.25,639,622,13.72K,1.44%
27/04/23,627,642,644.25,621.75,59.71K,-2.26%
26/04/23,641.5,648,652.25,641,65.29K,-0.77%
25/04/23,646.5,651.25,653,641.5,100.63K,-0.73%
24/04/23,651.25,663.25,667.5,648.5,134.98K,-1.81%
21/04/23,663.25,664.25,665.5,656.5,127.47K,-0.08%
20/04/23,663.75,672,674,661.5,120.92K,-1.26%
19/04/23,672.25,675.75,680,671,114.51K,-0.77%
18/04/23,677.5,676,682.5,669.75,130.89K,0.15%
17/04/23,676.5,666,677,662.25,146.90K,1.54%
14/04/23,666.25,653.75,668,651,154.00K,2.15%
13/04/23,652.25,656,661.75,651.5,147.15K,-0.57%
12/04/23,656,651,658.5,648.75,150.11K,0.77%
11/04/23,651,653.5,657.75,646.75,200.26K,-0.46%
10/04/23,654,644.5,655,640.25,150.10K,1.63%
07/04/23,643.5,643.5,643.5,643.5,,0.00%
06/04/23,643.5,652.25,652.5,641.75,132.98K,-1.42%
05/04/23,652.75,653.75,660,646.5,143.56K,-0.15%
04/04/23,653.75,657,657.5,648.5,140.10K,-0.61%
03/04/23,657.75,659.5,668.5,656,153.87K,-0.42%
31/03/23,660.5,648.75,664.5,647.25,201.89K,1.69%
30/03/23,649.5,649.75,654.75,648,119.49K,-0.15%
29/03/23,650.5,646.25,655.5,645.75,156.69K,0.50%
28/03/23,647.25,646.75,651.25,644.5,135.24K,-0.15%
27/03/23,648.25,643,648.75,637,145.57K,0.82%
24/03/23,643,631,645,627.5,191.26K,1.78%
23/03/23,631.75,633,644,627.25,186.44K,-0.28%
22/03/23,633.5,631.25,636,623.25,154.75K,0.56%
21/03/23,630,632.75,638.25,628.75,133.31K,-0.47%
20/03/23,633,633,634,625,115.79K,-0.20%
17/03/23,634.25,633.25,638.75,630.25,141.48K,0.24%
16/03/23,632.75,626,635,624.75,167.31K,1.00%
15/03/23,626.5,623.75,629,619.25,156.41K,-0.16%
14/03/23,627.5,624,627.5,624,0.12K,0.48%
13/03/23,624.5,622.25,629,622.25,0.54K,0.04%
10/03/23,624.25,620,626.75,618.5,0.54K,2.09%
09/03/23,611.5,625.5,629.75,610.25,223.65K,-2.24%
08/03/23,625.5,635,637.5,624.5,161.08K,-1.38%
07/03/23,634.25,637.5,638.75,633.25,101.17K,-0.43%
06/03/23,637,639,640.25,634,110.48K,-1.28%
03/03/23,645.25,639.75,648.25,638.25,1.04K,1.18%
02/03/23,637.75,641,647.25,636,1.87K,-0.43%
01/03/23,640.5,630,641.5,623.5,5.43K,1.75%
28/02/23,629.5,642,644.75,629.25,15.55K,-2.06%
27/02/23,642.75,650.75,654,642.25,105.66K,-1.00%
24/02/23,649.25,660,662,649,265.19K,-1.52%
23/02/23,659.25,674.75,676,657.5,267.75K,-2.22%
22/02/23,674.25,679.75,681,674,125.72K,-0.92%
21/02/23,680.5,678.5,683,675.5,156.08K,0.41%
17/02/23,677.75,676,679,675,144.08K,0.26%
16/02/23,676,676.5,677.25,673.25,134.97K,-0.04%
15/02/23,676.25,682,682.5,675.5,116.55K,-0.88%
14/02/23,682.25,684,688.25,681.75,137.23K,-0.40%
13/02/23,685,680,686.5,676.75,193.01K,0.66%
10/02/23,680.5,670.75,682.75,669.25,226.65K,1.45%
09/02/23,670.75,678.25,681,670.25,214.28K,-1.14%
08/02/23,678.5,673.75,679.5,672.75,223.79K,0.67%
07/02/23,674,677,678.5,673.5,149.45K,-0.74%
06/02/23,679,677.25,679.25,672.25,123.61K,0.22%
03/02/23,677.5,674.25,680,671.5,124.85K,0.33%
02/02/23,675.25,681,686,674.25,149.91K,-0.84%
01/02/23,681,679.25,682,672.75,144.37K,0.18%
31/01/23,679.75,683.5,688.5,678,161.23K,-0.59%
30/01/23,683.75,685,687.25,678.5,127.94K,0.11%
27/01/23,683,681.75,686,678.25,141.24K,0.07%
26/01/23,682.5,674,685.5,673,146.55K,1.15%
25/01/23,674.75,676.75,681,673.75,126.03K,-0.33%
24/01/23,677,667,677.5,666.25,165.29K,1.61%
23/01/23,666.25,674,674.75,661.25,184.77K,-1.48%
20/01/23,676.25,675.5,678,672.5,134.98K,-0.15%
19/01/23,677.25,680,685.25,676,149.96K,-0.59%
18/01/23,681.25,684.25,688.75,678,175.37K,-0.58%
17/01/23,685.25,671.5,687,668.75,179.92K,1.52%
13/01/23,675,670.75,676.75,669.75,158.82K,0.60%
12/01/23,671,656,673.5,649.25,242.53K,2.29%
11/01/23,656,654.5,659,652.75,110.88K,0.15%
10/01/23,655,651.75,664,648.25,181.16K,0.34%
09/01/23,652.75,655.5,657,650.75,112.24K,-0.19%
06/01/23,654,653.75,659.5,651.75,114.16K,0.19%
05/01/23,652.75,654.5,657.75,648.5,138.83K,-0.15%
04/01/23,653.75,670.75,671.75,652.5,175.76K,-2.50%
03/01/23,670.5,677.25,681.25,668,155.54K,-1.18%
30/12/22,678.5,679.5,685,676.5,90.32K,-0.15%
29/12/22,679.5,681.75,682.25,677.25,104.94K,-0.48%
28/12/22,682.75,673.25,683.5,672.75,122.19K,1.19%
27/12/22,674.75,669,675.75,667.25,123.17K,1.28%
23/12/22,666.25,659.5,667.75,659.25,94.50K,0.87%
22/12/22,660.5,662,664.75,658.75,79.92K,-0.26%
21/12/22,662.25,651.5,663,651,125.59K,1.57%
20/12/22,652,647.75,654.25,646.75,91.46K,0.73%
19/12/22,647.25,650.5,650.75,644,83.17K,-0.88%
16/12/22,653,653.5,655.75,650,66.40K,-0.08%
15/12/22,653.5,650.25,654.25,647.75,93.74K,2.27%
14/12/22,639,644.25,644.25,639,0.04K,-0.74%
13/12/22,643.75,642.5,650.5,639.25,0.18K,0.39%
12/12/22,641.25,634.5,644.5,634.5,0.26K,1.02%
09/12/22,634.75,631.5,639.75,631.5,0.45K,0.44%
08/12/22,632,628,632.5,626,0.43K,0.68%
07/12/22,627.75,626.5,632.5,624,0.66K,0.36%
06/12/22,625.5,630.75,635.5,623,0.51K,-0.52%
05/12/22,628.75,635.5,638.25,625.5,0.76K,-0.98%
02/12/22,635,650.25,650.25,629,5.68K,-2.31%
01/12/22,650,661.75,663.75,647,8.57K,-1.81%
30/11/22,662,665.75,667,660,18.20K,-0.56%
29/11/22,665.75,667.5,671.25,665.25,110.38K,-0.45%
28/11/22,668.75,665,670,661,149.23K,0.11%
25/11/22,668,661.25,669.75,661,71.24K,0.72%
23/11/22,663.25,657.75,663.75,655.75,104.57K,0.99%
22/11/22,656.75,659.5,663,656.25,107.55K,-0.42%
21/11/22,659.5,666.5,666.75,657.25,143.72K,-1.24%
18/11/22,667.75,667.5,672.75,665.25,131.28K,0.04%
17/11/22,667.5,665,668.25,654.75,138.56K,0.34%
16/11/22,665.25,665.25,666,657.5,121.44K,-0.22%
15/11/22,666.75,657,675,651.25,234.10K,1.45%
14/11/22,657.25,657,662,652.25,181.57K,-0.11%
11/11/22,658,653.75,661,653.5,233.36K,0.73%
10/11/22,653.25,664.5,667.25,652.75,229.08K,-1.69%
09/11/22,664.5,667,671.75,658,246.97K,-0.45%
08/11/22,667.5,675.75,677,666.25,227.16K,-1.22%
07/11/22,675.75,679,680.75,675.25,162.56K,-0.77%
04/11/22,681,679.25,685.25,678.5,112.56K,0.26%
03/11/22,679.25,686,686.5,678.5,123.35K,-1.20%
02/11/22,687.5,696.5,697.25,680,168.33K,-1.47%
01/11/22,697.75,689,698.5,687.25,146.47K,0.90%
31/10/22,691.5,696.5,700,684.25,226.70K,1.58%
28/10/22,680.75,681.25,683.75,676.25,115.07K,-0.22%
27/10/22,682.25,685,689.25,679.25,112.30K,-0.40%
26/10/22,685,684.25,689.75,683.25,106.23K,-0.18%
25/10/22,686.25,681.5,687.5,677.75,116.66K,0.70%
24/10/22,681.5,682.25,686.5,677.25,119.46K,-0.40%
21/10/22,684.25,683.5,688,677.75,109.02K,0.04%
20/10/22,684,678,687,676.75,134.82K,0.85%
19/10/22,678.25,681,684.5,674,112.23K,-0.40%
18/10/22,681,683,683.75,674.5,147.46K,-0.37%
17/10/22,683.5,689,692.25,681.25,106.16K,-0.91%
14/10/22,689.75,697,699.5,688.5,108.82K,-1.15%
13/10/22,697.75,692.25,699.5,684,167.24K,0.69%
12/10/22,693,693.25,700,680,180.21K,0.00%
11/10/22,693,697,702,690.75,140.43K,-0.75%
10/10/22,698.25,683.75,706.5,683.5,201.82K,2.20%
07/10/22,683.25,675.5,684.5,671.5,113.58K,1.15%
06/10/22,675.5,683.75,685.75,672,128.78K,-1.24%
05/10/22,684,683,687.5,675.75,114.32K,0.15%
04/10/22,683,680.75,691.5,676.5,119.21K,0.33%
03/10/22,680.75,680,687.5,672.5,132.39K,0.48%
30/09/22,677.5,669.5,696.25,669.25,253.85K,1.19%
29/09/22,669.5,670.5,676.75,666,139.45K,-0.15%
28/09/22,670.5,668.25,673.25,661.5,137.43K,0.45%
27/09/22,667.5,666.25,678,666.25,163.17K,0.19%
26/09/22,666.25,673.25,679,665.5,140.73K,-1.55%
23/09/22,676.75,687,688,669.5,154.39K,-1.67%
22/09/22,688.25,683.5,691,681.5,97.07K,0.40%
21/09/22,685.5,692,698.5,679.25,127.22K,-0.94%
20/09/22,692,677.75,693.5,677.5,123.23K,2.03%
19/09/22,678.25,675.75,680,668.25,96.69K,0.15%
16/09/22,677.25,676.25,680.5,667.5,121.33K,-0.04%
15/09/22,677.5,681.75,690,676.25,111.79K,-4.44%
14/09/22,709,690.75,692.75,681.5,0.15K,0.00%
13/09/22,709,721.25,725,710,0.61K,-0.46%
12/09/22,712.25,690.25,721.5,689,1.33K,1.97%
09/09/22,698.5,678.75,700.5,678.75,1.44K,4.49%
08/09/22,668.5,671,675.25,659,,-1.22%
07/09/22,676.75,678.5,690,675.25,1.27K,-0.59%
06/09/22,680.75,670.75,682,667.5,1.29K,2.00%
05/09/22,667.38,667.38,667.38,667.38,,-0.24%
02/09/22,669,657,671,656.75,2.14K,1.63%
01/09/22,658.25,671,673.75,655,9.01K,-2.30%
31/08/22,673.75,680.75,683,664.25,7.83K,-0.88%
30/08/22,679.75,681.25,682.75,671.25,48.46K,-0.59%
29/08/22,683.75,675,684.25,668.5,86.64K,2.24%
26/08/22,668.75,657,671,654.75,75.54K,1.71%
25/08/22,657.5,665,674.25,656.75,78.32K,-1.24%
24/08/22,665.75,659.75,675.5,655.75,76.02K,0.87%
23/08/22,660,637,666.75,635.75,95.35K,4.18%
22/08/22,633.5,622.75,635.25,618,67.38K,1.20%
19/08/22,626,619,627.75,616,51.22K,1.01%
18/08/22,619.75,615,624,608.25,52.15K,0.77%
17/08/22,615,611,618.5,608,49.24K,0.65%
16/08/22,611,624,628.25,608,67.19K,-2.51%
15/08/22,626.75,630.5,635.25,616.5,56.71K,-2.03%
12/08/22,639.75,629.25,640.5,616,98.63K,1.67%
11/08/22,629.25,621,630.75,618.75,112.04K,1.29%
10/08/22,621.25,615,632.5,613,134.33K,0.93%
09/08/22,615.5,614.5,626,613.5,142.24K,1.15%
08/08/22,608.5,603,616,601.75,155.07K,-0.29%
05/08/22,610.25,602,614,597,125.02K,1.33%
04/08/22,602.25,591.5,607,585.75,83.78K,1.82%
03/08/22,591.5,587,597,583,101.91K,0.04%
02/08/22,591.25,604,605.25,589.25,107.01K,-2.59%
01/08/22,607,619.75,621.5,594.25,91.87K,-1.50%
29/07/22,616.25,615,632,611.5,99.16K,0.20%
28/07/22,615,603.75,618,601.25,72.68K,2.46%
27/07/22,600.25,597,604.25,591.75,80.96K,0.54%
26/07/22,597,587.75,599.75,586.25,95.70K,2.93%
25/07/22,580,574.25,580.75,566.25,103.45K,2.79%
22/07/22,564.25,575,582.75,561.5,95.96K,-2.00%
21/07/22,575.75,592.75,593.5,572.75,76.76K,-2.79%
20/07/22,592.25,595.5,600.5,589,76.18K,-0.75%
19/07/22,596.75,610.5,611,585.75,94.16K,-2.53%
18/07/22,612.25,610.75,623.5,601.5,75.98K,1.32%
15/07/22,604.25,606.75,612,596,81.57K,-13.06%
14/07/22,695,738.25,746.5,694,0.03K,-6.08%
13/07/22,740,726,756.5,725,0.49K,0.99%
12/07/22,732.75,781,785.25,732,1.32K,-6.21%
11/07/22,781.25,783.25,800,780.75,1.34K,0.39%
08/07/22,778.25,750.75,781,744,,4.18%
07/07/22,747,749.5,763.5,740,0.78K,0.37%
06/07/22,744.25,746,761,726,2.70K,1.12%
05/07/22,736,750.25,765,726,3.78K,-2.45%
01/07/22,754.5,748,760,743.75,5.49K,1.45%
30/06/22,743.75,770,775.25,742.25,14.48K,-3.44%
29/06/22,770.25,758.25,780,755.5,63.70K,1.42%
28/06/22,759.5,747.5,762.75,744.25,86.04K,2.05%
27/06/22,744.25,740,746.25,731,121.83K,-0.80%
24/06/22,750.25,745,762.25,735,155.99K,0.47%
23/06/22,746.75,767.25,767.25,734.5,215.84K,-2.77%
22/06/22,768,762,770.5,754.5,167.78K,0.95%
21/06/22,760.75,777.5,778.25,752.25,192.14K,-3.03%
17/06/22,784.5,787.5,800,782.25,116.06K,-0.48%
16/06/22,788.25,774,792,773,121.54K,1.84%
15/06/22,774,767,779.75,762,105.91K,0.75%
14/06/22,768.25,765.75,771,759,125.80K,-0.13%
13/06/22,769.25,781,782.25,758.5,170.04K,-0.52%
10/06/22,773.25,772.25,781,765.75,156.10K,0.03%
09/06/22,773,764.5,782.75,758,226.33K,1.11%
08/06/22,764.5,757,774,756,223.85K,0.99%
07/06/22,757,739,765,735,227.58K,1.95%
06/06/22,742.5,732.25,744.25,731.5,131.92K,2.13%
03/06/22,727,730.25,736,725.75,105.54K,-0.45%
02/06/22,730.25,731.25,739.25,726.25,127.14K,-0.14%
01/06/22,731.25,753.75,756.25,720.5,210.39K,-2.95%
31/05/22,753.5,777,777.25,747.25,175.46K,-2.85%
30/05/22,775.62,776,777.12,775.62,,-0.21%
27/05/22,777.25,765,780.5,761,101.09K,1.60%
26/05/22,765,762.75,772.5,757.5,104.92K,-0.94%
25/05/22,772.25,770,773,755,127.43K,0.06%
24/05/22,771.75,785,787,762,147.02K,-1.84%
23/05/22,786.25,780.25,788,774.5,88.36K,0.96%
20/05/22,778.75,781.25,782,774.5,88.00K,-0.57%
19/05/22,783.25,782,789.75,773.25,106.42K,0.22%
18/05/22,781.5,800.75,802.25,778,120.12K,-2.40%
17/05/22,800.75,808,809.25,797.25,98.32K,-1.08%
16/05/22,809.5,795,810.25,792.75,138.86K,1.89%
13/05/22,794.5,808,808,808,0.03K,-2.34%
12/05/22,813.5,802.5,814,798.75,0.91K,1.40%
11/05/22,802.25,788,802.75,788,0.65K,2.00%
10/05/22,786.5,787.5,790.75,782.5,0.60K,0.25%
09/05/22,784.5,792.25,792.25,782,0.75K,-0.98%
06/05/22,792.25,800,800,784.25,1.25K,-1.43%
05/05/22,803.75,799.75,804.75,796,0.41K,0.66%
04/05/22,798.5,801,808.75,796,1.27K,-0.28%
03/05/22,800.75,817.5,822,799.75,2.21K,-1.51%
02/05/22,813,811.5,814,798,2.85K,-0.64%
29/04/22,818.25,816.25,827,814,11.14K,0.28%
28/04/22,816,816.25,823.5,811,47.63K,0.06%
27/04/22,815.5,802.75,820.25,797.5,70.67K,1.53%
26/04/22,803.25,800.25,812.25,795,85.31K,0.37%
25/04/22,800.25,796.75,802,784.75,114.12K,0.91%
22/04/22,793,798.75,807.5,783.5,140.80K,-0.78%
21/04/22,799.25,814,814.25,797.5,111.00K,-2.02%
20/04/22,815.75,803.5,816.5,796.75,128.91K,1.46%
19/04/22,804,813.25,819.75,799.75,133.53K,-1.14%
18/04/22,813.25,791,816.75,790.25,114.98K,2.81%
15/04/22,791,791,791,791,,0.09%
14/04/22,790.25,783.5,793,781,108.88K,0.86%
13/04/22,783.5,775,786.25,767.25,182.92K,0.93%
12/04/22,776.25,765.5,779,765,154.27K,1.54%
11/04/22,764.5,767,778,762,170.23K,-0.55%
08/04/22,768.75,757,773,752.75,170.87K,1.45%
07/04/22,757.75,755.75,759.25,748.5,149.46K,0.17%
06/04/22,756.5,759.75,761.5,750.25,110.92K,-0.43%
05/04/22,759.75,750.75,768,749.25,123.89K,1.23%
04/04/22,750.5,737,752.25,734.75,112.65K,2.11%
01/04/22,735,748.5,751.5,730.25,155.93K,-1.84%
31/03/22,748.75,739.25,770,732.5,173.74K,1.46%
30/03/22,738,727,748.75,726.75,109.72K,1.62%
29/03/22,726.25,746.25,747.5,713.5,180.17K,-2.97%
28/03/22,748.5,749,750.25,740.5,89.18K,-0.73%
25/03/22,754,748.5,755.25,742.5,73.85K,0.77%
24/03/22,748.25,757,762.5,745,100.95K,-1.25%
23/03/22,757.75,752.25,770.5,749,112.40K,0.63%
22/03/22,753,756.75,761,744,104.19K,-0.43%
21/03/22,756.25,746.5,765,743,93.78K,1.95%
18/03/22,741.75,753.75,755,736.5,84.41K,-1.69%
17/03/22,754.5,730,757.5,728.5,90.27K,3.36%
16/03/22,730,756.75,757,726.75,106.54K,-3.69%
15/03/22,758,745.25,759,736,89.35K,4.09%
14/03/22,728.25,745,752,725.5,0.07K,-4.74%
11/03/22,764.5,758,768.5,755,0.23K,0.89%
10/03/22,757.75,738.5,768,738.5,0.07K,3.10%
09/03/22,735,756.25,757.25,734,0.19K,-2.58%
08/03/22,754.5,747.5,759,724,0.55K,0.70%
07/03/22,749.25,782.75,782.75,742.75,1.31K,-0.96%
04/03/22,756.5,761.75,800,741,2.19K,0.70%
03/03/22,751.25,745,778.5,745,3.45K,1.66%
02/03/22,739,741.75,760,723,3.35K,-0.10%
01/03/22,739.75,699.75,744.25,699.75,7.26K,6.06%
28/02/22,697.5,688,704.75,679,15.65K,5.76%
25/02/22,659.5,696.75,707,657,94.80K,-5.11%
24/02/22,695,683.5,718.75,682,161.61K,1.65%
23/02/22,683.75,674,685,669.25,154.73K,1.33%
22/02/22,674.75,657.75,676.75,657.75,168.82K,3.13%
18/02/22,654.25,648.5,658,647,154.05K,0.65%
17/02/22,650,645.5,652,642.75,121.28K,0.46%
16/02/22,647,637.75,647.75,636.25,126.55K,1.41%
15/02/22,638,655,655.5,635.5,177.96K,-2.71%
14/02/22,655.75,651.25,656.75,642.5,144.92K,0.73%
11/02/22,651,641,657.75,637.75,243.97K,1.44%
10/02/22,641.75,646,662.75,638.75,372.99K,-0.77%
09/02/22,646.75,632.25,647.75,630.5,320.41K,2.29%
08/02/22,632.25,636.5,636.75,627.25,200.58K,-0.47%
07/02/22,635.25,628.75,636.75,624.75,232.61K,2.38%
04/02/22,620.5,618.5,623.25,613.25,181.43K,0.61%
03/02/22,616.75,622.5,624.25,610.25,215.87K,-0.92%
02/02/22,622.5,634.5,640.75,616.75,275.66K,-1.93%
01/02/22,634.75,626,639.5,624.5,196.30K,1.40%
31/01/22,626,635.75,642.5,622.5,243.89K,-1.57%
28/01/22,636,623.25,637.25,623,188.66K,1.72%
27/01/22,625.25,625,627.75,621.25,151.70K,-0.28%
26/01/22,627,619,627.75,615,172.72K,1.13%
25/01/22,620,620,631,618.5,298.40K,-0.16%
24/01/22,621,617.5,621.5,609.25,194.81K,0.77%
21/01/22,616.25,607.5,618.5,604.25,187.47K,0.86%
20/01/22,611,609,614.25,606.25,127.68K,0.08%
19/01/22,610.5,600,614.5,600,179.94K,1.83%
18/01/22,599.5,592.75,600.75,588.25,141.74K,0.55%
14/01/22,596.25,587.5,598.25,585.25,140.63K,1.49%
13/01/22,587.5,599,599.75,585.25,186.55K,-1.92%
12/01/22,599,601,604,591,181.63K,-0.33%
11/01/22,601,599.75,604.75,598,128.31K,0.21%
10/01/22,599.75,605.25,608,596.25,135.27K,-1.15%
07/01/22,606.75,605.25,608.25,599,140.37K,0.50%
06/01/22,603.75,601.25,605.75,596,151.44K,0.25%
05/01/22,602.25,608.5,609.75,601.25,148.50K,-1.19%
04/01/22,609.5,591.75,611.25,591.5,210.27K,3.44%
03/01/22,589.25,599,603.5,584.75,146.02K,-0.67%
31/12/21,593.25,595.75,599.25,592.5,69.87K,-0.46%
30/12/21,596,605.5,606,592.75,122.78K,-1.57%
29/12/21,605.5,604,610.75,599.5,117.57K,0.12%
28/12/21,604.75,614.25,617.75,603.75,134.21K,-1.63%
27/12/21,614.75,608.25,615.5,607,123.21K,1.48%
24/12/21,605.8,606.75,606.75,605.8,,0.01%
23/12/21,605.75,601.5,607,600.5,108.57K,0.54%
22/12/21,602.5,597.5,606.75,597,154.97K,0.71%
21/12/21,598.25,591,599,589.5,119.31K,1.23%
20/12/21,591,595,595.75,587,106.04K,-0.38%
17/12/21,593.25,591,598.75,589.25,129.57K,0.34%
16/12/21,591.25,587.5,592,584.5,101.26K,0.94%
15/12/21,585.75,590,596.5,582,138.52K,-0.51%
14/12/21,588.75,583.25,591,576.75,0.12K,0.77%
13/12/21,584.25,587.5,588,580.75,0.93K,-0.72%
10/12/21,588.5,588.5,592,585,0.86K,0.00%
09/12/21,588.5,585.75,591.25,576.75,2.08K,0.64%
08/12/21,584.75,585,589,584,2.37K,-0.26%
07/12/21,586.25,584,589.5,579.5,1.89K,0.47%
06/12/21,583.5,586,586,578,2.21K,-0.43%
03/12/21,586,576.25,588.75,576.25,3.44K,1.56%
02/12/21,577,571.25,583,570,6.24K,0.87%
01/12/21,572,568,576,567,6.27K,0.88%
30/11/21,567,581,582,562,24.99K,-2.41%
29/11/21,581,586,588.25,576.5,158.23K,-0.98%
26/11/21,586.75,571.5,588,566.75,180.22K,1.21%
24/11/21,579.75,580.25,589,575.5,265.93K,-0.13%
23/11/21,580.5,576.25,581,572.5,179.30K,0.65%
22/11/21,576.75,570.5,579,569.75,172.30K,1.05%
19/11/21,570.75,573,576,568,130.52K,-0.39%
18/11/21,573,575,583,572,171.42K,-0.39%
17/11/21,575.25,570.75,584,570,185.38K,0.74%
16/11/21,571,576,577.5,570,137.34K,-0.95%
15/11/21,576.5,576.25,578.75,569.75,128.06K,-0.13%
12/11/21,577.25,569.25,582,566.75,163.54K,1.36%
11/11/21,569.5,567.75,579,566,264.52K,0.04%
10/11/21,569.25,555.5,571.75,555,209.27K,2.61%
09/11/21,554.75,551,564,547.75,246.90K,0.59%
08/11/21,551.5,552,554.75,549.5,166.98K,-0.27%
05/11/21,553,560,562.75,552.25,192.12K,-1.12%
04/11/21,559.25,563.75,569.75,556.5,149.48K,-0.84%
03/11/21,564,572,573.25,563,149.89K,-1.57%
02/11/21,573,578.25,586,572,174.07K,-1.04%
01/11/21,579,568,582,565.25,197.41K,1.89%
29/10/21,568.25,562.5,569.25,558.75,135.20K,0.98%
28/10/21,562.75,556.5,568.75,554,164.26K,0.99%
27/10/21,557.25,542.5,563.25,539.5,241.14K,2.53%
26/10/21,543.5,538,547.25,533,147.00K,1.02%
25/10/21,538,537,542,535,107.05K,0.00%
22/10/21,538,533,540,532,109.35K,1.08%
21/10/21,532.25,539,540,530.75,119.39K,-1.30%
20/10/21,539.25,530,540,528.5,129.88K,1.70%
19/10/21,530.25,532,537,529.5,119.08K,-0.47%
18/10/21,532.75,525.75,533.75,523,119.58K,1.33%
15/10/21,525.75,516.25,528.5,514.25,130.24K,1.74%
14/10/21,516.75,512.25,518.25,511,140.34K,0.88%
13/10/21,512.25,523,525.25,506.75,203.33K,-1.96%
12/10/21,522.5,532.75,533,519.25,196.60K,-1.97%
11/10/21,533,530,534,528.75,104.17K,0.47%
08/10/21,530.5,533.25,538.75,530,95.48K,-0.66%
07/10/21,534,532.75,535.25,527.5,105.00K,0.33%
06/10/21,532.25,537,544.75,531.5,126.94K,-0.98%
05/10/21,537.5,540,543,535.25,119.60K,-0.60%
04/10/21,540.75,540,547.5,536,132.92K,-0.14%
01/10/21,541.5,536.75,545.25,532,135.60K,0.88%
30/09/21,536.75,539,548.5,527.25,222.14K,-0.42%
29/09/21,539,533.5,541,533.5,107.22K,1.22%
28/09/21,532.5,538.75,541.75,532,125.83K,-1.30%
27/09/21,539.5,524.75,540,524,144.95K,2.42%
24/09/21,526.75,528.5,528.75,524,93.10K,-0.47%
23/09/21,529.25,524.5,531,520.25,95.99K,0.71%
22/09/21,525.5,517,526.25,516,112.33K,1.64%
21/09/21,517,522,522.75,512.75,119.15K,-0.91%
20/09/21,521.75,527,527,515.25,125.36K,-1.04%
17/09/21,527.25,529,530.5,521.75,109.53K,-0.42%
16/09/21,529.5,533.5,537.5,528,118.91K,-0.75%
15/09/21,533.5,520.75,534.5,520.5,152.83K,6.06%
14/09/21,503,497,502.25,497,0.08K,1.26%
13/09/21,496.75,503.5,503.5,493,0.31K,-1.19%
10/09/21,502.75,499,505,487.75,0.37K,1.36%
09/09/21,496,498.5,500,494.5,0.16K,-0.45%
08/09/21,498.25,497.5,504,495,0.45K,0.50%
07/09/21,495.75,509,509,496,0.73K,-5.44%
06/09/21,524.25,524.25,524.25,524.25,,3.20%
03/09/21,508,516.75,518.25,506.75,0.97K,-1.60%
02/09/21,516.25,515.5,521,510,1.32K,0.15%
01/09/21,515.5,534,535,514.25,5.19K,-3.46%
31/08/21,534,540,542,524,8.14K,-1.16%
30/08/21,540.25,557.25,560,531.5,73.57K,-3.18%
27/08/21,558,553,558.75,548.75,107.36K,0.95%
26/08/21,552.75,550,555.75,548,73.86K,0.27%
25/08/21,551.25,544.5,555,541.25,80.08K,1.24%
24/08/21,544.5,539.5,546.5,537,82.65K,1.21%
23/08/21,538,536,544.25,531.5,50.27K,-0.14%
20/08/21,538.75,550.25,554.25,533.25,83.00K,-2.05%
19/08/21,550,560.5,560.5,546.75,90.49K,-2.09%
18/08/21,561.75,559,563.5,556.5,64.05K,0.63%
17/08/21,558.25,567.5,569.5,556.25,67.74K,-1.15%
16/08/21,564.75,568.25,572,561,60.69K,-0.62%
13/08/21,568.25,566.75,575,559,97.47K,0.22%
12/08/21,567,554.75,589.5,548.5,247.37K,1.93%
11/08/21,556.25,548.75,558.5,548.25,184.26K,1.27%
10/08/21,549.25,548.5,550.25,544,143.63K,-0.18%
09/08/21,550.25,554,556,547,144.34K,-0.86%
06/08/21,555,555,560.5,548.75,142.76K,-0.13%
05/08/21,555.75,546.75,560.75,545.75,92.97K,1.83%
04/08/21,545.75,550.5,555.25,540.25,70.05K,-0.86%
03/08/21,550.5,555.75,563.5,546.75,95.21K,-1.48%
02/08/21,558.75,547.25,559.25,540.25,83.84K,2.15%
30/07/21,547,557,557.75,546.5,65.20K,-1.97%
29/07/21,558,549.25,559,546.5,71.56K,1.59%
28/07/21,549.25,554,554.25,545,62.38K,0.09%
27/07/21,548.75,554,564,544.25,67.24K,-0.18%
26/07/21,549.75,549.25,551.25,536.75,72.95K,0.46%
23/07/21,547.25,564.75,569.25,544.5,81.45K,-3.06%
22/07/21,564.5,571.5,571.75,555,81.02K,-1.27%
21/07/21,571.75,572,579,567.75,79.00K,0.00%
20/07/21,571.75,558,576.25,557.25,77.00K,2.83%
19/07/21,556,570,571.5,548.75,67.34K,0.00%
16/07/21,556,564,570.5,553.25,83.02K,-1.46%
15/07/21,564.25,568.5,571.5,561,69.36K,-17.39%
14/07/21,683,682,687,682,0.03K,0.89%
13/07/21,677,669.5,750.5,664,0.33K,1.16%
12/07/21,669.25,629.75,666,619.5,0.43K,6.27%
09/07/21,629.75,640.75,643.5,620,0.53K,-1.29%
08/07/21,638,657.5,659.5,636,0.50K,-2.22%
07/07/21,652.5,656,666,645,0.59K,-0.53%
06/07/21,656,685.25,685.25,645.5,1.71K,-5.92%
02/07/21,697.25,720,727,683,4.75K,-3.13%
01/07/21,719.75,719.75,744.5,712.25,4.71K,-0.03%
30/06/21,720,694,743.25,675.5,18.23K,3.67%
29/06/21,694.5,678.25,700,668,58.73K,2.81%
28/06/21,675.5,637.75,676.5,636.75,83.83K,6.13%
25/06/21,636.5,653.25,659.5,634,123.02K,-2.56%
24/06/21,653.25,664,664,650.75,143.75K,-1.66%
23/06/21,664.25,660.5,666.25,659.25,127.09K,0.68%
22/06/21,659.75,662.75,668,653.75,145.93K,0.08%
21/06/21,659.25,640.25,665,636,127.44K,0.61%
18/06/21,655.25,631,663.5,629.5,184.52K,3.52%
17/06/21,633,672.75,674.25,633,192.03K,-5.94%
16/06/21,673,670,687.75,663.75,169.91K,0.82%
15/06/21,667.5,662.75,668.5,646.75,176.45K,1.25%
14/06/21,659.25,675.75,676.25,653,159.57K,-3.69%
11/06/21,684.5,699.5,703,673,233.95K,-2.07%
10/06/21,699,691,717.5,687.75,256.32K,1.19%
09/06/21,690.75,682.5,695.5,669.5,214.26K,1.58%
08/06/21,680,682,698,677.5,224.00K,0.11%
07/06/21,679.25,695,706.25,674.5,254.04K,-0.51%
04/06/21,682.75,663.5,685.75,660.75,142.30K,3.13%
03/06/21,662,675.5,685,652.75,166.36K,-1.93%
02/06/21,675,683.25,694.25,666,163.86K,-2.00%
01/06/21,688.75,666,696.75,660.75,163.97K,3.28%
31/05/21,666.88,666.88,666.88,666.88,,1.54%
28/05/21,656.75,666.25,672.75,651.25,150.33K,-1.17%
27/05/21,664.5,626,664.5,621.25,160.61K,6.41%
26/05/21,624.5,621,629,602.75,182.61K,0.69%
25/05/21,620.25,660,661.75,617.25,211.65K,-5.63%
24/05/21,657.25,652.25,658.5,645.5,106.87K,-0.34%
21/05/21,659.5,664.75,666.75,653.5,109.62K,-0.75%
20/05/21,664.5,662.25,671.25,656.5,119.73K,0.95%
19/05/21,658.25,660.5,663,637,136.69K,0.00%
18/05/21,658.25,653.5,669.5,652.5,161.91K,0.88%
17/05/21,652.5,642.25,656.75,633,185.35K,-4.74%
14/05/21,685,717.25,718.75,685,0.03K,-4.73%
13/05/21,719,757.5,769,717.5,0.31K,-5.08%
12/05/21,757.5,764.25,769.25,750,0.33K,-0.26%
11/05/21,759.5,747.25,771.5,747.25,0.40K,1.54%
10/05/21,748,766.75,770.5,744.75,0.81K,-3.20%
07/05/21,772.75,763.25,775,755,0.68K,1.74%
06/05/21,759.5,761,768,746.25,2.42K,0.83%
05/05/21,753.25,750,756,740.75,1.78K,1.14%
04/05/21,744.75,732,758.25,730,1.83K,1.71%
03/05/21,732.25,740,758.25,724,3.09K,-1.05%
30/04/21,740,702.5,746.25,699.25,9.86K,5.41%
29/04/21,702,683.75,704.5,681,30.79K,2.30%
28/04/21,686.25,697.75,720.5,676.25,107.99K,-1.33%
27/04/21,695.5,688.5,720.5,680.5,166.14K,2.20%
26/04/21,680.5,661,680.5,661,157.51K,3.81%
23/04/21,655.5,653,658.5,638.25,157.73K,0.77%
22/04/21,650.5,624.25,650.5,623.5,147.25K,4.00%
21/04/21,625.5,609.5,628.5,604.5,163.26K,3.13%
20/04/21,606.5,593,611.75,592.75,180.19K,2.45%
19/04/21,592,588.75,596.75,588.25,105.99K,1.11%
16/04/21,585.5,590.5,594.75,583.25,165.26K,-0.76%
15/04/21,590,594.25,601.5,587.75,176.86K,-0.67%
14/04/21,594,579.75,597.75,578.75,242.72K,2.41%
13/04/21,580,569,584.5,565.5,225.72K,1.93%
12/04/21,569,577.75,586,567.25,198.64K,-1.43%
09/04/21,577.25,579,595,575.5,249.74K,-0.43%
08/04/21,579.75,560.75,583,559.25,258.79K,3.43%
07/04/21,560.5,555.75,562.25,553.75,158.00K,1.13%
06/04/21,554.25,553.75,561.5,552.25,134.85K,0.18%
05/04/21,553.25,561.25,564.5,549.75,143.68K,-1.16%
01/04/21,559.75,575,585,556.5,249.75K,-0.80%
31/03/21,564.25,538.25,564.25,536.25,145.90K,4.64%
30/03/21,539.25,546.25,547.5,533.75,136.03K,-1.37%
29/03/21,546.75,551.75,552,542.25,119.80K,-1.04%
26/03/21,552.5,546.5,554,544,124.03K,1.10%
25/03/21,546.5,552.25,552.5,541.5,142.18K,-1.22%
24/03/21,553.25,551,553.75,548.25,92.01K,0.36%
23/03/21,551.25,551.25,556,547.75,122.09K,0.41%
22/03/21,549,558,558.75,546.75,129.30K,-1.57%
19/03/21,557.75,546.25,559,545.5,158.52K,2.06%
18/03/21,546.5,556.75,558,545.25,157.91K,-2.06%
17/03/21,558,554,558.5,552,129.65K,0.68%
16/03/21,554.25,549.5,555.5,546.75,132.71K,0.86%
15/03/21,549.5,537,550.75,532.75,140.62K,0.05%
12/03/21,549.25,545,551.5,544.5,0.07K,-1.04%
11/03/21,555,547,556.25,547,0.67K,1.32%
10/03/21,547.75,564.5,564.5,547.5,1.99K,-2.54%
09/03/21,562,565,565,554.25,2.22K,-0.53%
08/03/21,565,565.25,571.25,557,2.32K,0.53%
05/03/21,562,545,564.75,544.5,1.44K,2.88%
04/03/21,546.25,550.25,554.25,546,2.13K,-0.73%
03/03/21,550.25,560,560,548,3.81K,-1.87%
02/03/21,560.75,547.25,564,542,8.11K,2.42%
01/03/21,547.5,560.5,562.5,547,6.53K,-1.44%
26/02/21,555.5,554.5,556.5,546.25,21.40K,0.14%
25/02/21,554.75,559,560.5,542.5,128.54K,-0.80%
24/02/21,559.25,553.5,560.75,552,174.40K,0.99%
23/02/21,553.75,550.75,559.5,550,134.97K,0.50%
22/02/21,551,544.25,551.5,543.5,140.63K,1.52%
19/02/21,542.75,549.25,555.5,540.75,203.47K,-1.36%
18/02/21,550.25,552.75,554.5,548,123.41K,-0.50%
17/02/21,553,552,554.75,547.5,121.35K,0.14%
16/02/21,552.25,547,552.75,538.5,146.17K,2.34%
15/02/21,539.62,539.38,539.62,539.38,,0.02%
14/02/21,539.5,539.5,539.5,539.5,,0.14%
12/02/21,538.75,541,546.25,536.75,117.97K,-0.42%
11/02/21,541,532.25,546.5,524.75,261.05K,1.22%
10/02/21,534.5,556,556.25,531.75,285.72K,-3.91%
09/02/21,556.25,565,574.25,545,390.74K,-1.33%
08/02/21,563.75,548.75,565.75,548.75,267.65K,2.78%
05/02/21,548.5,548.5,552.25,545.5,216.45K,-0.27%
04/02/21,550,552,558,547,217.08K,-0.36%
03/02/21,552,543.25,552.5,536.5,210.14K,1.66%
02/02/21,543,549.75,552.5,540.25,175.74K,-1.14%
01/02/21,549.25,549,555.75,539,219.07K,0.41%
29/01/21,547,534.5,553.75,533.25,279.61K,2.34%
28/01/21,534.5,533.25,550.5,529,252.54K,0.09%
27/01/21,534,532.5,543.75,529.5,223.89K,0.33%
26/01/21,532.25,513,534.25,508,232.26K,4.06%
25/01/21,511.5,500,515.5,492.5,264.76K,2.20%
22/01/21,500.5,522.5,522.75,499.25,289.55K,-4.53%
21/01/21,524.25,521,531.5,519.25,169.57K,0.43%
20/01/21,522,525,526.5,512.75,217.78K,-0.76%
19/01/21,526,531.5,534.25,523.25,188.56K,-1.03%
15/01/21,531.5,534,536.5,527.75,167.50K,-0.51%
14/01/21,534.25,523,536.5,519,210.37K,1.86%
13/01/21,524.5,524,541.5,522.25,327.69K,1.40%
12/01/21,517.25,491.5,517.25,489.25,248.45K,5.08%
11/01/21,492.25,496.5,500.5,490.25,176.56K,-0.81%
08/01/21,496.25,494,499.5,492.5,163.27K,0.46%
07/01/21,494,495,496,487.25,185.78K,-0.20%
06/01/21,495,492.5,502.75,491.5,202.37K,0.66%
05/01/21,491.75,484.5,496,482.5,219.65K,1.65%
04/01/21,483.75,487.25,497.75,479.5,265.16K,-0.41%
01/01/21,485.75,485.75,485.75,485.75,,0.36%
31/12/20,484,474,485.75,473,168.46K,2.00%
30/12/20,474.5,466,476,462,163.37K,1.82%
29/12/20,466,455.75,467.25,453.5,191.30K,2.08%
28/12/20,456.5,452,457.5,448,145.22K,1.22%
24/12/20,451,446.75,451.5,446.5,74.88K,0.84%
23/12/20,447.25,442.75,449.75,441.5,147.65K,0.85%
22/12/20,443.5,440,444.25,437.25,140.99K,0.80%
21/12/20,440,438,440.75,430.25,141.95K,0.57%
18/12/20,437.5,432.25,438.5,432,128.81K,1.16%
17/12/20,432.5,426.25,433,424.25,119.66K,1.23%
16/12/20,427.25,425.25,429.25,423.75,111.65K,0.59%
15/12/20,424.75,424,425.25,420.5,98.61K,1.31%
14/12/20,419.25,424.75,429.75,422,0.20K,-1.18%
11/12/20,424.25,422,424.5,417.5,1.72K,0.95%
10/12/20,420.25,422,425.75,420,1.26K,-0.41%
09/12/20,422,418,422.25,418,1.08K,1.20%
08/12/20,417,418.75,419,415.5,1.76K,-0.60%
07/12/20,419.5,415.25,421,412,1.16K,0.60%
04/12/20,417,422.25,422.75,415.75,1.68K,-1.30%
03/12/20,422.5,419.25,423.25,417.75,2.38K,0.84%
02/12/20,419,414.5,419.75,409,3.55K,1.02%
01/12/20,414.75,420,423,414,5.32K,-1.19%
30/11/20,419.75,427.5,430.5,418.25,14.70K,-1.35%
27/11/20,425.5,420.25,426.25,418.5,68.26K,1.31%
25/11/20,420,426,427.5,420,124.26K,-1.35%
24/11/20,425.75,425.75,426.5,416.5,144.30K,-0.18%
23/11/20,426.5,427.5,429.75,423.5,153.80K,0.77%
20/11/20,423.25,422.25,428,421.5,137.24K,0.18%
19/11/20,422.5,424.5,425.5,418.75,133.31K,-0.76%
18/11/20,425.75,419,428.5,418.5,205.43K,1.31%
17/11/20,420.25,417.5,422,417.25,156.57K,0.96%
16/11/20,416.25,409,416.75,409,132.12K,1.40%
13/11/20,410.5,407.5,413.25,403.75,188.49K,0.55%
12/11/20,408.25,417.25,418.5,406.25,234.33K,-2.16%
11/11/20,417.25,422.5,428,416.25,306.43K,-1.36%
10/11/20,423,407,427.25,406.25,355.81K,3.80%
09/11/20,407.5,405.75,410,401.75,204.11K,0.18%
06/11/20,406.75,409,412,405.75,200.68K,-0.61%
05/11/20,409.25,405,417.25,404,245.19K,0.99%
04/11/20,405.25,400,406,396.5,176.33K,1.06%
03/11/20,401,396.25,403.25,395.25,184.36K,0.88%
02/11/20,397.5,396,397.75,393,165.15K,-0.25%
30/10/20,398.5,397.25,400,394.25,209.48K,0.00%
29/10/20,398.5,401,404.25,393,279.41K,-0.75%
28/10/20,401.5,415,415.25,400.5,320.26K,-3.49%
27/10/20,416,416.75,422.25,415.5,207.08K,-0.42%
26/10/20,417.75,419.25,419.75,412.75,206.16K,-0.36%
23/10/20,419.25,415,420,414,168.92K,0.72%
22/10/20,416.25,413.75,419,410.75,196.23K,0.60%
21/10/20,413.75,408.25,415.25,407.75,216.17K,1.22%
20/10/20,408.75,404.25,409.75,403.5,179.89K,0.86%
19/10/20,405.25,401.75,406.75,400.75,167.47K,0.81%
16/10/20,402,403.25,409,401.75,226.81K,-0.43%
15/10/20,403.75,396,404.25,393.5,245.38K,1.83%
14/10/20,396.5,391,397.5,388,183.51K,1.34%
13/10/20,391.25,389,392.75,388,130.27K,0.58%
12/10/20,389,395.5,399.25,387.25,193.54K,-1.52%
09/10/20,395,387,398.25,386.5,280.95K,2.07%
08/10/20,387,389,394.5,386.5,202.96K,-0.45%
07/10/20,388.75,384.5,392,384,186.78K,0.97%
06/10/20,385,378.5,389.25,378.5,213.44K,1.45%
05/10/20,379.5,378.75,382.5,377.75,119.04K,-0.07%
02/10/20,379.75,381.5,383.25,377.25,164.09K,-0.78%
01/10/20,382.75,379,385.5,378,216.36K,0.99%
30/09/20,379,364.25,382.75,362,337.54K,3.91%
29/09/20,364.75,366.75,367.75,361,137.62K,-0.55%
28/09/20,366.75,364.25,369.75,360.5,162.09K,0.41%
25/09/20,365.25,363.25,367.5,363,130.07K,0.48%
24/09/20,363.5,368,368.25,363,152.37K,-1.36%
23/09/20,368.5,368.25,370.25,365.75,122.19K,-0.20%
22/09/20,369.25,369.75,373.25,365.75,159.15K,-0.14%
21/09/20,369.75,377.5,378.25,368.25,209.55K,-2.31%
18/09/20,378.5,374.25,379.25,373.25,180.03K,0.87%
17/09/20,375.25,371.5,377.25,368,235.21K,0.94%
16/09/20,371.75,365.5,372,361.75,158.94K,1.57%
15/09/20,366,369,369.5,365.25,133.02K,2.38%
14/09/20,357.5,366.75,366.75,359,0.22K,-2.05%
11/09/20,365,355.5,366,355.5,0.68K,2.17%
10/09/20,357.25,349.75,357.75,349.75,0.67K,2.07%
09/09/20,350,349.75,351.25,348.5,0.11K,-0.28%
08/09/20,351,348,353,346,0.87K,1.89%
07/09/20,344.5,344.5,344.5,344.5,,-0.79%
04/09/20,347.25,344,349,343.5,1.68K,0.80%
03/09/20,344.5,349.75,350,343.75,1.45K,-1.50%
02/09/20,349.75,349.25,350.5,345.25,2.61K,0.07%
01/09/20,349.5,347.75,350,343.25,3.70K,0.29%
31/08/20,348.5,348.75,353,346,11.03K,0.72%
28/08/20,346,343.25,347.75,340.75,94.06K,0.51%
27/08/20,344.25,340,344.75,339,123.79K,1.10%
26/08/20,340.5,340.25,341.25,337.25,89.22K,-0.07%
25/08/20,340.75,335,341.5,334.75,147.00K,2.71%
24/08/20,331.75,328,332.5,327.5,126.82K,1.45%
21/08/20,327,324.75,327.75,324.25,134.88K,0.77%
20/08/20,324.5,324.25,325.75,320.75,92.74K,-0.15%
19/08/20,325,326,327.25,323.5,87.62K,-0.61%
18/08/20,327,330,332,325.75,130.09K,-1.21%
17/08/20,331,327,331,326.5,111.93K,2.00%
14/08/20,324.5,324.5,325.25,321.5,160.38K,-0.23%
13/08/20,325.25,315,327.5,314.75,317.36K,3.42%
12/08/20,314.5,311.25,315,308,209.80K,0.96%
11/08/20,311.5,311.25,315,310.25,170.71K,0.32%
10/08/20,310.5,307.5,311.75,307.5,167.51K,0.89%
07/08/20,307.75,311,311.75,307.25,124.48K,-1.12%
06/08/20,311.25,310.5,312.75,309.5,106.03K,0.08%
05/08/20,311,309,311.25,309,103.36K,0.89%
04/08/20,308.25,316.5,316.75,308.25,161.83K,-2.91%
03/08/20,317.5,315,318.25,315,83.19K,0.47%
31/07/20,316,315.75,317.5,314.5,77.06K,0.08%
30/07/20,315.75,315.5,319.25,315.25,120.45K,0.08%
29/07/20,315.5,320,321.5,315.25,136.66K,-1.41%
28/07/20,320,323,323.5,320,110.74K,-1.54%
27/07/20,325,325.25,327.5,323.25,96.02K,-0.38%
24/07/20,326.25,328,329.75,325.5,144.24K,-0.53%
23/07/20,328,327.25,329.5,325,92.65K,0.15%
22/07/20,327.5,323,328,322.25,122.91K,1.47%
21/07/20,322.75,327.75,327.75,322,132.25K,-1.68%
20/07/20,328.25,333,333.5,326,105.21K,-1.43%
17/07/20,333,330.25,334.75,330.25,83.69K,0.83%
16/07/20,330.25,326,333.25,326,109.53K,1.23%
15/07/20,326.25,326,328.75,322.75,101.70K,-2.54%
14/07/20,334.75,334,336.5,324.5,0.15K,0.22%
13/07/20,334,337.25,337.25,332,0.44K,-1.91%
10/07/20,340.5,350.25,352,340,0.81K,-3.06%
09/07/20,351.25,349,356.5,348.25,0.50K,0.86%
08/07/20,348.25,343.5,348.5,341,0.35K,0.94%
07/07/20,345,347.5,347.5,341.75,1.27K,-0.43%
06/07/20,346.5,348.25,349,345.25,2.09K,1.17%
02/07/20,342.5,347.5,350.25,342.25,2.49K,-1.65%
01/07/20,348.25,338.5,351.25,337.5,4.58K,2.88%
30/06/20,338.5,325.25,342,323.75,21.41K,3.75%
29/06/20,326.25,316.75,326.5,316,150.22K,2.92%
26/06/20,317,317,319.75,313.5,216.58K,-0.08%
25/06/20,317.25,323.5,324.25,315,194.69K,-2.16%
24/06/20,324.25,324.5,329,323.75,180.31K,-0.23%
23/06/20,325,327.5,327.5,321.25,185.86K,-0.99%
22/06/20,328.25,332,332.25,328,134.48K,-1.28%
19/06/20,332.5,329.75,333.75,327.5,170.57K,0.45%
18/06/20,331,329.75,333.75,328.75,201.44K,0.23%
17/06/20,330.25,328,331.25,325,225.64K,0.38%
16/06/20,329,331.75,334.5,328,229.10K,-0.08%
15/06/20,329.25,329.25,330,325.5,170.74K,-0.23%
12/06/20,330,329.5,333,328.25,236.62K,0.08%
11/06/20,329.75,326,331,325.25,272.98K,1.07%
10/06/20,326.25,327.25,328,324.25,243.29K,-0.38%
09/06/20,327.5,332.25,334,326.75,253.63K,-1.87%
08/06/20,333.75,333.5,334.75,331,206.34K,0.75%
05/06/20,331.25,328.75,332.5,328.25,215.91K,0.68%
04/06/20,329,324.25,329.5,324,155.61K,1.54%
03/06/20,324,324.25,324.5,321.25,128.01K,-0.08%
02/06/20,324.25,323.5,325.25,322,130.47K,0.31%
01/06/20,323.25,325.5,327.75,319.25,151.32K,-0.77%
29/05/20,325.75,327.5,329.5,323.25,192.31K,-0.53%
28/05/20,327.5,320.25,330.75,319.5,246.97K,2.18%
27/05/20,320.5,320,321.75,319.25,78.42K,0.47%
26/05/20,319,316.75,323,316.5,145.18K,0.67%
25/05/20,316.88,316.88,316.88,316.88,,-0.35%
22/05/20,318,317.75,319,316,97.19K,0.08%
21/05/20,317.75,319,320.25,316.25,115.12K,-0.55%
20/05/20,319.5,321.25,321.5,317.25,154.47K,-0.54%
19/05/20,321.25,320.75,325.5,320.5,126.38K,0.16%
18/05/20,320.75,320,322,318,99.37K,0.47%
15/05/20,319.25,317.75,320.5,316.75,101.61K,-0.31%
14/05/20,320.25,318.25,319.25,315.5,0.06K,0.00%
13/05/20,320.25,323.5,323.5,320,0.09K,-1.08%
12/05/20,323.75,318.75,324.5,312.75,0.27K,1.65%
11/05/20,318.5,320,322.25,318,0.33K,-0.16%
08/05/20,319,317.75,321.75,317.5,1.07K,0.95%
07/05/20,316,313.5,318,313.25,1.08K,1.36%
06/05/20,311.75,315,315,311,0.52K,-0.40%
05/05/20,313,310.5,314.75,310.5,0.87K,0.72%
04/05/20,310.75,309.5,310,305.5,2.62K,-0.24%
01/05/20,311.5,311,311.5,308,3.51K,0.00%
30/04/20,311.5,305.25,313,303.5,11.09K,2.30%
29/04/20,304.5,302.75,308.75,300.25,121.80K,0.58%
28/04/20,302.75,305,308.5,301.25,138.10K,-0.90%
27/04/20,305.5,315,315.75,304.25,108.69K,-3.25%
24/04/20,315.75,319.25,320.75,312,113.48K,-1.10%
23/04/20,319.25,317,323.5,315,136.85K,0.55%
22/04/20,317.5,310,320.25,308.25,146.97K,2.67%
21/04/20,309.25,314.25,316.25,301,197.93K,-1.59%
20/04/20,314.25,322.5,323.25,313.5,150.68K,-2.48%
17/04/20,322.25,319.75,325.5,319.5,99.36K,0.78%
16/04/20,319.75,318.75,323,317.75,136.58K,0.16%
15/04/20,319.25,326,326.75,317.5,161.44K,-2.07%
14/04/20,326,331.25,332,325.75,191.91K,-1.66%
13/04/20,331.5,332.25,334,326.5,147.09K,-0.23%
10/04/20,332.25,332.25,332.25,332.25,,0.15%
09/04/20,331.75,330.75,333.5,328,169.67K,0.53%
08/04/20,330,332,334,328.25,151.31K,-0.45%
07/04/20,331.5,328,335.5,328,157.37K,1.14%
06/04/20,327.75,329.75,331.75,325.5,111.04K,-0.91%
03/04/20,330.75,334.5,338.5,328,158.65K,-0.82%
02/04/20,333.5,335,343.25,333,151.69K,-0.37%
01/04/20,334.75,341.25,342.75,333.5,151.93K,-1.76%
31/03/20,340.75,341.75,344.75,333.5,208.19K,-0.15%
30/03/20,341.25,343,346.75,340,108.49K,-1.37%
27/03/20,346,348.5,350,342.5,114.03K,-0.79%
26/03/20,348.75,348.25,349.25,343.75,113.53K,0.07%
25/03/20,348.5,347.5,352.75,345.75,118.83K,0.36%
24/03/20,347.25,343.5,350.5,338,126.66K,1.09%
23/03/20,343.5,340.25,345.5,338.25,114.73K,-0.07%
20/03/20,343.75,346.5,356.75,342.25,189.07K,-0.51%
19/03/20,345.5,336.5,354.75,336.5,223.25K,3.06%
18/03/20,335.25,344,345.25,332,255.11K,-2.54%
17/03/20,344,355.25,356.75,342.75,219.22K,-3.03%
16/03/20,354.75,362.5,367.75,354,188.79K,-4.32%
13/03/20,370.75,370,375.5,370,0.12K,0.27%
12/03/20,369.75,377.5,377.5,367,0.34K,-2.50%
11/03/20,379.25,380.25,380.5,377,0.94K,-0.20%
10/03/20,380,379,381.5,377.5,0.61K,1.54%
09/03/20,374.25,372,377.5,368.5,0.92K,-0.80%
06/03/20,377.25,383.75,385.5,377,1.28K,-1.89%
05/03/20,384.5,387.5,387.5,382,1.83K,-0.65%
04/03/20,387,382,388.5,380,3.28K,1.38%
03/03/20,381.75,375.75,383.75,375.75,3.19K,1.87%
02/03/20,374.75,366.5,375.75,366,6.09K,2.25%
28/02/20,366.5,364.5,367.25,362.75,18.81K,0.55%
27/02/20,364.5,369.75,370,361.75,156.14K,-1.62%
26/02/20,370.5,372,374,368.25,268.80K,-0.54%
25/02/20,372.5,373,374.75,371.25,119.87K,0.07%
24/02/20,372.25,376.25,376.25,370,170.53K,-1.26%
21/02/20,377,378.25,380.5,376.25,169.07K,-0.40%
20/02/20,378.5,380.75,381.25,378,173.14K,-0.53%
19/02/20,380.5,382.25,382.75,378.5,172.27K,-0.65%
18/02/20,383,378.5,383.25,378,215.11K,1.39%
14/02/20,377.75,379.5,381.5,376.25,216.86K,-0.46%
13/02/20,379.5,382.25,382.75,379,202.46K,-0.91%
12/02/20,383,379.75,383.75,378.25,241.46K,0.86%
11/02/20,379.75,381,382,378,200.41K,-0.52%
10/02/20,381.75,383.25,383.5,379,219.02K,-0.46%
07/02/20,383.5,380.25,385,380,256.72K,1.12%
06/02/20,379.25,380.25,381.75,376,191.89K,-0.39%
05/02/20,380.75,381.5,383.25,379.5,122.10K,-0.39%
04/02/20,382.25,378.25,383.5,378.25,176.00K,0.92%
03/02/20,378.75,380.5,382,376.5,216.44K,-0.66%
31/01/20,381.25,381.5,382.75,378.75,151.81K,0.46%
30/01/20,379.5,384.5,385,378.5,160.21K,-1.24%
29/01/20,384.25,385.5,388.25,382.75,136.81K,-0.58%
28/01/20,386.5,382.5,387,378.5,243.27K,1.58%
27/01/20,380.5,384.25,384.75,377.25,264.47K,-1.74%
24/01/20,387.25,393.25,393.25,386.5,196.12K,-1.65%
23/01/20,393.75,388.5,394,387.5,256.30K,1.29%
22/01/20,388.75,387.5,391,386.75,155.60K,0.32%
21/01/20,387.5,389,389.25,384.25,182.96K,-0.45%
17/01/20,389.25,377,389.5,376.75,293.12K,3.66%
16/01/20,375.5,387.25,387.75,375.25,230.56K,-3.10%
15/01/20,387.5,388.75,390.25,386.5,141.48K,-0.39%
14/01/20,389,389.25,390.5,388.25,115.96K,-0.13%
13/01/20,389.5,386.5,389.5,385.5,139.99K,0.97%
10/01/20,385.75,383.25,386.75,376.5,226.66K,0.65%
09/01/20,383.25,383.75,387,382.25,130.94K,-0.26%
08/01/20,384.25,384,385.5,382.25,135.52K,-0.07%
07/01/20,384.5,385,385.75,383.5,93.54K,-0.06%
06/01/20,384.75,386.25,387.75,382.75,112.13K,-0.45%
03/01/20,386.5,391.5,392,385.5,125.93K,-1.28%
02/01/20,391.5,387.75,392,387.25,103.99K,1.10%
01/01/20,387.25,387.25,387.25,387.25,,-0.13%
31/12/19,387.75,388.25,389.75,386.25,85.10K,-0.13%
30/12/19,388.25,389.25,392,386.75,123.53K,-0.45%
27/12/19,390,388,391,388,85.21K,0.39%
26/12/19,388.5,388,389,386.5,49.93K,0.06%
25/12/19,388.25,388.25,388.25,388.25,,0.19%
24/12/19,387.5,388.5,389,387,50.42K,-0.32%
23/12/19,388.75,388,390.25,387.25,82.26K,0.26%
20/12/19,387.75,386.5,389.5,386,85.33K,0.32%
19/12/19,386.5,387,389,385,99.13K,-0.13%
18/12/19,387,389.25,390,385.75,125.53K,-0.77%
17/12/19,390,387.5,390.5,386.25,118.24K,0.52%
16/12/19,388,383.5,389.5,383.25,180.90K,5.94%
13/12/19,366.25,373.75,374.5,366.25,0.09K,-0.20%
12/12/19,367,358.25,368.75,358.25,0.66K,2.59%
11/12/19,357.75,363,363,357,0.26K,-1.51%
10/12/19,363.25,365.75,367,362.5,0.89K,-0.68%
09/12/19,365.75,366.5,368,365,0.64K,-0.20%
06/12/19,366.5,364.75,368.75,364.75,0.96K,0.27%
05/12/19,365.5,368.5,369.75,365.25,3.03K,-0.88%
04/12/19,368.75,371.75,373.5,367.75,2.99K,-0.87%
03/12/19,372,373.75,376.25,371.5,4.94K,-0.40%
02/12/19,373.5,371.75,375.5,370,6.28K,0.61%
29/11/19,371.25,365.75,372.25,365,15.51K,-0.60%
28/11/19,373.5,373.5,373.5,373.5,,2.96%
27/11/19,362.75,367.25,368.75,362.25,163.97K,-1.29%
26/11/19,367.5,369.75,370.5,367,207.68K,-0.81%
25/11/19,370.5,368.75,372.75,368.25,199.30K,0.47%
22/11/19,368.75,368,370.25,367.5,228.11K,0.07%
21/11/19,368.5,366.75,369.75,366.25,158.70K,0.48%
20/11/19,366.75,369.75,370.5,365.75,297.02K,-0.88%
19/11/19,370,367.75,373,367.75,202.02K,0.61%
18/11/19,367.75,371,371.75,367.5,206.27K,-0.94%
15/11/19,371.25,375.5,376.5,370.75,140.18K,-1.20%
14/11/19,375.75,375.25,377.5,374.5,144.89K,0.13%
13/11/19,375.25,377,377.75,375,195.98K,-0.66%
12/11/19,377.75,373.5,378,372.75,220.51K,1.21%
11/11/19,373.25,376,377,372.5,211.22K,-1.06%
08/11/19,377.25,375.25,383.75,372.5,343.77K,0.53%
07/11/19,375.25,379.25,380,373.75,219.15K,-0.92%
06/11/19,378.75,382.25,385,377.5,185.34K,-0.79%
05/11/19,381.75,383.25,384.75,380.5,157.13K,-0.39%
04/11/19,383.25,386.75,387.75,383,145.37K,-1.54%
01/11/19,389.25,389.25,391.75,386.25,151.94K,-0.19%
31/10/19,390,390.25,391,384.75,176.19K,-0.19%
30/10/19,390.75,385.75,391.25,385.25,177.03K,1.17%
29/10/19,386.25,383.5,387.5,382,153.73K,0.59%
28/10/19,384,386,386.5,383.25,122.79K,-0.71%
25/10/19,386.75,387,390,385.75,131.68K,0.00%
24/10/19,386.75,388.5,390.75,385.25,130.66K,-0.26%
23/10/19,387.75,387.75,389.5,384,117.56K,-0.06%
22/10/19,388,387,392.5,385,136.69K,0.19%
21/10/19,387.25,390,393.75,386.5,150.19K,-0.96%
18/10/19,391,394,395.75,389.75,122.01K,-0.95%
17/10/19,394.75,391.75,397.25,391.5,141.53K,0.77%
16/10/19,391.75,392,392.75,387.5,139.68K,-0.38%
15/10/19,393.25,397,398.5,392.5,143.68K,-1.13%
14/10/19,397.75,401.25,402.5,393.25,170.71K,0.00%
11/10/19,397.75,380.75,398.75,380.5,272.44K,4.60%
10/10/19,380.25,392.75,395,378.25,297.05K,-3.55%
09/10/19,394.25,395.5,397.25,393,140.85K,-0.38%
08/10/19,395.75,387.5,396.5,386,200.46K,2.26%
07/10/19,387,387.5,387.75,385,100.42K,0.58%
04/10/19,384.75,388,389,383.75,116.34K,-1.03%
03/10/19,388.75,387,390.75,385.5,125.49K,0.26%
02/10/19,387.75,390.5,391.75,385.5,158.92K,-1.21%
01/10/19,392.5,386.75,392.75,385.25,227.07K,1.16%
30/09/19,388,372,388.25,371.5,337.25K,4.44%
27/09/19,371.5,371.25,373,369.75,90.80K,-0.27%
26/09/19,372.5,373.5,375.75,368.25,175.42K,-0.47%
25/09/19,374.25,375.25,377.5,372.25,119.19K,-0.13%
24/09/19,374.75,372,376,370.25,144.29K,0.40%
23/09/19,373.25,371.25,374.5,371,100.44K,0.67%
20/09/19,370.75,372.75,374.5,369.5,133.00K,-0.54%
19/09/19,372.75,371.5,373.75,369.5,117.07K,0.40%
18/09/19,371.25,367.75,372,365.75,126.83K,0.88%
17/09/19,368,374,374.25,366,154.63K,-1.60%
16/09/19,374,372,374.75,367.5,133.44K,5.20%
13/09/19,355.5,358.5,358.5,358.5,0.12K,0.28%
12/09/19,354.5,349.75,353.75,349.5,0.15K,1.79%
11/09/19,348.25,349.75,349.75,344.75,0.33K,-0.07%
10/09/19,348.5,344,349.5,344,0.31K,2.27%
09/09/19,340.75,343.25,343.25,340,0.94K,-0.51%
06/09/19,342.5,347.5,348.25,341.5,1.36K,-1.15%
05/09/19,346.5,346.5,349.75,346.5,1.81K,0.14%
04/09/19,346,350.5,351,344.5,3.85K,-1.07%
03/09/19,349.75,358.75,359,349,5.34K,-2.30%
30/08/19,358,359.75,364.5,356.75,11.24K,-0.49%
29/08/19,359.75,363,369,357.5,122.79K,-0.83%
28/08/19,362.75,357.25,365.5,355.25,172.93K,1.61%
27/08/19,357,359,360,356.75,129.89K,-0.42%
26/08/19,358.5,358,362,357,122.54K,-0.35%
23/08/19,359.75,362.75,363,357.5,169.87K,-0.96%
22/08/19,363.25,363,366.5,359,99.25K,0.21%
21/08/19,362.5,360,364,357,125.86K,0.83%
20/08/19,359.5,366.5,370.25,359.25,89.47K,-1.51%
19/08/19,365,367.25,368.25,363.25,78.54K,-1.62%
16/08/19,371,361.5,371.25,361.25,104.81K,2.84%
15/08/19,360.75,360.25,363.75,358.25,108.78K,0.49%
14/08/19,359,366.25,370.5,358.5,185.09K,-1.91%
13/08/19,366,379,379,365.5,312.97K,-5.00%
12/08/19,385.25,409.75,410,385.25,248.13K,-6.09%
09/08/19,410.25,410.75,417,407.25,185.37K,-0.18%
08/08/19,411,407.25,412,405.5,184.79K,1.11%
07/08/19,406.5,404.75,407.5,400.5,167.53K,0.62%
06/08/19,404,405.75,408,400.75,113.07K,-0.31%
05/08/19,405.25,400,406.75,391,109.69K,1.44%
02/08/19,399.5,394.75,400,393.5,90.36K,1.72%
01/08/19,392.75,401.75,403,387.25,145.33K,-1.87%
31/07/19,400.25,410.75,413.75,400,151.79K,-2.67%
30/07/19,411.25,417,417,410.25,81.03K,-1.38%
29/07/19,417,413.25,419.5,412,90.11K,0.60%
26/07/19,414.5,418.25,419.5,413,120.75K,-0.96%
25/07/19,418.5,424,425.75,418,172.28K,-1.30%
24/07/19,424,425,430.5,421.5,93.16K,-0.35%
23/07/19,425.5,423.75,426.5,418.25,131.11K,0.77%
22/07/19,422.25,430.75,432.25,421,110.95K,-1.97%
19/07/19,430.75,425.5,434,423.75,114.52K,1.47%
18/07/19,424.5,435,436,423.25,156.00K,-2.64%
17/07/19,436,435.25,441.5,431.5,125.87K,0.17%
16/07/19,435.25,437.75,440.75,429,144.49K,-1.30%
15/07/19,441,459.25,460,439.75,164.47K,-1.89%
12/07/19,449.5,447.75,457,447.75,0.27K,0.39%
11/07/19,447.75,433.25,448,433.25,0.60K,3.11%
10/07/19,434.25,430,434.75,428,0.49K,0.58%
09/07/19,431.75,437.25,437.75,429.25,0.45K,-1.54%
08/07/19,438.5,440.75,442.75,432,2.08K,1.04%
05/07/19,434,433,435.5,427,2.13K,0.23%
03/07/19,433,417,433.75,417,3.47K,4.72%
02/07/19,413.5,412.5,415.5,408.25,6.53K,0.36%
01/07/19,412,424.25,424.75,410.25,13.48K,-1.96%
28/06/19,420.25,439,455,411,34.51K,-4.49%
27/06/19,440,443,445.5,438.5,141.13K,-0.73%
26/06/19,443.25,447,447.25,440.75,158.88K,-0.95%
25/06/19,447.5,451,453,446.5,158.43K,0.17%
24/06/19,446.75,442.25,447.75,440.25,172.09K,1.02%
21/06/19,442.25,452,454,441.75,251.09K,-1.72%
20/06/19,450,441.5,450.75,436.5,198.63K,2.04%
19/06/19,441,449.75,451.75,438.25,193.33K,-1.95%
18/06/19,449.75,455.5,458,442.75,221.47K,-1.10%
17/06/19,454.75,458.25,464.25,450.5,279.48K,0.39%
14/06/19,453,442,457.25,441.75,312.81K,2.49%
13/06/19,442,429.75,442.75,429.5,402.15K,2.79%
12/06/19,430,427.75,434.5,424,331.36K,0.53%
11/06/19,427.75,415,430.25,408.25,360.32K,2.89%
10/06/19,415.75,413,416.5,409,279.95K,0.00%
07/06/19,415.75,421,423.5,415,227.75K,-1.13%
06/06/19,420.5,414.5,421.5,407,279.01K,1.39%
05/06/19,414.75,424.25,424.75,412.25,231.86K,-2.47%
04/06/19,425.25,435,436,421.25,306.70K,0.24%
03/06/19,424.25,426.25,430.75,418.25,288.44K,-0.64%
31/05/19,427,435,437.5,423.25,302.17K,-2.12%
30/05/19,436.25,416.5,436.75,413.25,324.91K,4.18%
29/05/19,418.75,429.25,438,412.25,484.44K,-0.36%
28/05/19,420.25,408,421,407.5,417.68K,3.96%
24/05/19,404.25,390.5,404.75,389.75,299.95K,3.72%
23/05/19,389.75,394,399,387,340.12K,-1.20%
22/05/19,394.5,393.25,396.5,386.25,291.26K,0.06%
21/05/19,394.25,393.25,399,391.25,451.26K,1.35%
20/05/19,389,386,391.5,385.75,358.73K,1.50%
17/05/19,383.25,380,384.75,380,319.50K,1.12%
16/05/19,379,368.75,380.75,368.75,248.51K,2.57%
15/05/19,369.5,369,380,368,336.99K,2.50%
14/05/19,360.5,354.25,360.75,353.5,0.20K,3.74%
13/05/19,347.5,335.5,348.25,335.5,0.29K,1.46%
10/05/19,342.5,346.5,346.5,338.25,0.31K,-0.58%
09/05/19,344.5,350,350,344,0.66K,-3.03%
08/05/19,355.25,356.5,356.5,353.25,0.86K,-0.77%
07/05/19,358,357,359.25,355,1.16K,0.63%
06/05/19,355.75,352.5,356,349,1.71K,-2.00%
03/05/19,363,362.25,363.25,359.5,1.65K,0.28%
02/05/19,362,361,362.5,358.5,4.31K,0.56%
01/05/19,360,353.5,360.5,353.5,8.29K,1.91%
30/04/19,353.25,352.25,354,349.25,14.38K,0.36%
29/04/19,352,353.25,356,351.25,250.77K,0.21%
26/04/19,351.25,347.25,353.5,347,166.75K,1.08%
25/04/19,347.5,346,351,342.25,236.88K,0.22%
24/04/19,346.75,351,352.5,345.5,241.39K,-1.28%
23/04/19,351.25,354.75,355,350.25,194.77K,-0.99%
22/04/19,354.75,359,359,354.25,144.71K,-1.05%
19/04/19,358.5,358.5,358.5,358.5,,0.00%
18/04/19,358.5,358,359.25,357,102.30K,0.07%
17/04/19,358.25,358.25,360,356.75,148.18K,-0.21%
16/04/19,359,362.5,362.5,357.25,192.35K,-1.03%
15/04/19,362.75,361.25,364.25,361,208.54K,0.48%
12/04/19,361,360.25,361.5,358.5,95.87K,0.28%
11/04/19,360,361.25,363,358.5,264.73K,-0.48%
10/04/19,361.75,360.25,362.75,360,253.30K,0.49%
09/04/19,360,359.75,362.25,355.25,275.45K,0.00%
08/04/19,360,362.25,363.5,359.5,269.56K,-0.69%
05/04/19,362.5,364.5,364.75,360.5,273.06K,-0.75%
04/04/19,365.25,362.75,366.25,362.75,159.33K,0.69%
03/04/19,362.75,361.25,364.75,360.5,135.85K,0.35%
02/04/19,361.5,362.25,363.5,359.25,117.19K,-0.07%
01/04/19,361.75,356.5,363,356.5,239.35K,1.47%
29/03/19,356.5,373.75,375,356,441.01K,-4.68%
28/03/19,374,373.75,374.75,372,105.83K,0.07%
27/03/19,373.75,376.75,377,372,127.92K,-0.93%
26/03/19,377.25,379.25,380.5,375.5,165.18K,-0.66%
25/03/19,379.75,378.75,380.75,376.75,155.85K,0.40%
22/03/19,378.25,375.75,380.75,375.5,222.58K,0.53%
21/03/19,376.25,371,377.5,370.5,220.23K,1.28%
20/03/19,371.5,371.5,372.5,368.75,101.48K,0.07%
19/03/19,371.25,372,373.75,367.75,159.38K,-0.07%
18/03/19,371.5,374,375.5,370.25,169.24K,-0.47%
15/03/19,373.25,369.25,373.75,369,197.27K,3.25%
14/03/19,361.5,360.25,363.25,360,0.39K,1.19%
13/03/19,357.25,357.25,359.5,355,0.32K,0.21%
12/03/19,356.5,353.25,357.75,352.75,0.80K,1.13%
11/03/19,352.5,357.5,357.5,353,1.75K,-0.63%
08/03/19,354.75,357.75,358.25,354,2.27K,-0.35%
07/03/19,356,362.25,362.25,355.75,2.48K,-1.79%
06/03/19,362.5,366,366,361,2.92K,-0.96%
05/03/19,366,366,367.25,364.5,4.57K,0.27%
04/03/19,365,365.25,368,364.5,5.27K,0.27%
01/03/19,364,361.75,364,357.5,12.36K,0.55%
28/02/19,362,363.75,364.75,361.25,23.51K,-0.48%
27/02/19,363.75,366,368.25,362.5,189.22K,-0.68%
26/02/19,366.25,370.75,371.25,365.5,242.77K,-1.15%
25/02/19,370.5,377.75,378.5,370,344.71K,-1.27%
22/02/19,375.25,374.75,377.75,374.5,316.66K,-0.07%
21/02/19,375.5,371,378.5,370.5,257.19K,1.28%
20/02/19,370.75,371.5,373.5,368.5,310.67K,0.27%
19/02/19,369.75,374.25,376.25,369,230.71K,-1.40%
18/02/19,375,374.75,375,374.75,,0.07%
17/02/19,374.75,374.75,374.75,374.75,,0.00%
15/02/19,374.75,374.75,376.5,373,209.10K,0.00%
14/02/19,374.75,378.75,379,374,225.29K,-1.06%
13/02/19,378.75,377.5,379,376.25,243.88K,0.13%
12/02/19,378.25,373.5,378.75,373,291.26K,1.48%
11/02/19,372.75,374.5,375,371.75,309.36K,-0.40%
08/02/19,374.25,376.5,381.75,374,340.78K,-0.60%
07/02/19,376.5,379.75,380.25,376.25,259.74K,-0.92%
06/02/19,380,380.5,380.75,379,145.15K,-0.20%
05/02/19,380.75,379.5,381.25,377,171.95K,0.40%
04/02/19,379.25,377.75,379.75,376.5,145.83K,0.26%
01/02/19,378.25,376.5,380.75,376.5,151.47K,0.46%
31/01/19,376.5,381,381.5,375.75,205.75K,-1.25%
30/01/19,381.25,377.75,381.5,377.5,198.90K,1.06%
29/01/19,377.25,379.75,380.75,376,187.02K,-0.66%
28/01/19,379.75,379.5,381,378,102.14K,-0.13%
25/01/19,380.25,377,380.5,376,134.09K,0.86%
24/01/19,377,378.75,379.75,375.75,124.11K,-0.46%
23/01/19,378.75,379.5,381.75,378,127.61K,-0.07%
22/01/19,379,380.75,382.25,376.75,211.43K,-0.72%
18/01/19,381.75,379.75,383,377.75,191.03K,0.46%
17/01/19,380,374,381.5,373.75,207.63K,1.60%
16/01/19,374,372.75,375,372.5,164.72K,0.74%
15/01/19,371.25,379.5,381,371,251.26K,-1.92%
14/01/19,378.5,378.5,381,377,144.74K,0.07%
11/01/19,378.25,377,379.25,376.75,131.82K,0.53%
10/01/19,376.25,381.5,382.75,376,181.39K,-1.51%
09/01/19,382,380.5,383.5,380.5,192.06K,0.53%
08/01/19,380,382.5,384.5,379,172.29K,-0.59%
07/01/19,382.25,382.25,384,381.75,110.62K,-0.20%
04/01/19,383,380,383.5,379.75,178.17K,0.86%
03/01/19,379.75,375.5,380.5,374.75,101.46K,1.06%
02/01/19,375.75,375.25,377.75,374,104.72K,0.20%
31/12/18,375,375.5,377,372.75,91.13K,-0.13%
28/12/18,375.5,374.5,377.5,374.5,89.17K,0.27%
27/12/18,374.5,373.25,376.5,373.25,96.24K,0.33%
26/12/18,373.25,378.25,379.25,372.5,97.15K,-1.19%
24/12/18,377.75,378.25,379,375.25,54.84K,-0.20%
21/12/18,378.5,375.5,379.5,374.75,138.73K,0.87%
20/12/18,375.25,381.75,382.75,375,205.50K,-1.70%
19/12/18,381.75,385,385.25,381.5,107.24K,-0.97%
18/12/18,385.5,383.75,386.5,383.25,131.88K,0.39%
17/12/18,384,384.25,386,383.25,97.62K,1.92%
14/12/18,376.75,378,379,374.25,0.36K,0.33%
13/12/18,375.5,375,377.5,374,0.23K,-0.20%
12/12/18,376.25,375.5,378,375.5,0.63K,0.33%
11/12/18,375,373.75,376.5,372.75,1.37K,0.20%
10/12/18,374.25,374.25,376,372.75,1.66K,0.07%
07/12/18,374,371.75,374.75,371.5,2.24K,0.54%
06/12/18,372,374,374.5,369.25,2.30K,-0.60%
05/12/18,374.25,373.5,376,372.5,2.09K,0.00%
04/12/18,374.25,370,374.25,369.5,2.93K,0.81%
03/12/18,371.25,372.75,374,369.5,7.58K,1.30%
30/11/18,366.5,360.75,366.75,360.5,17.99K,1.73%
29/11/18,360.25,360.5,363,359,186.62K,-0.07%
28/11/18,360.5,356.25,361.5,356,221.95K,1.12%
27/11/18,356.5,356,358.5,355.5,248.13K,0.14%
26/11/18,356,359.5,360.5,355.25,331.20K,-0.84%
23/11/18,359,361,361.75,358.75,174.04K,-0.62%
22/11/18,361.25,361.25,361.25,361.25,,-0.14%
21/11/18,361.75,361.25,363.25,360,184.08K,0.14%
20/11/18,361.25,362.75,363.5,361.25,146.93K,-0.28%
19/11/18,362.25,364.75,366.25,361.25,179.46K,-0.69%
16/11/18,364.75,367.25,368.75,363.25,180.97K,-0.75%
15/11/18,367.5,366.75,371.75,366.5,182.15K,0.14%
14/11/18,367,366,368,365.75,121.77K,0.14%
13/11/18,366.5,369.5,370.75,365.5,178.86K,-1.28%
12/11/18,371.25,369,372.5,368,176.02K,0.41%
09/11/18,369.75,372.75,374,368.25,212.42K,-1.00%
08/11/18,373.5,372,379,366,432.34K,0.34%
07/11/18,372.25,372.25,373.25,371,233.52K,-0.27%
06/11/18,373.25,373.75,374.5,372,206.08K,-0.20%
05/11/18,374,371,374.25,369.5,191.62K,0.74%
02/11/18,371.25,366.25,373,365.25,242.63K,1.23%
01/11/18,366.75,363.25,371,363,304.75K,0.96%
31/10/18,363.25,364.75,365.25,362.5,163.23K,-0.41%
30/10/18,364.75,366.75,368,364.25,137.33K,-0.55%
29/10/18,366.75,368,371.5,365.5,142.75K,-0.27%
26/10/18,367.75,361.75,369.75,361.75,220.03K,1.87%
25/10/18,361,367.75,368.25,360.5,262.81K,-1.97%
24/10/18,368.25,369.5,369.75,367.75,114.26K,-0.54%
23/10/18,370.25,369.25,372.5,368,136.63K,0.20%
22/10/18,369.5,365.5,370.5,365.5,140.54K,0.68%
19/10/18,367,370.5,371,366,165.33K,-1.01%
18/10/18,370.75,373,373.25,369.5,137.27K,-0.94%
17/10/18,374.25,375,376.25,373.25,106.45K,-0.27%
16/10/18,375.25,377.25,377.5,373.5,185.90K,-0.79%
15/10/18,378.25,373,378.5,371.75,227.94K,1.20%
12/10/18,373.75,369,374,368.5,185.82K,1.22%
11/10/18,369.25,362,373,360.25,233.12K,1.79%
10/10/18,362.75,364.5,365.25,362,121.04K,-0.48%
09/10/18,364.5,366.5,368,363.75,119.57K,-0.55%
08/10/18,366.5,368.5,369.5,364.25,122.01K,-0.48%
05/10/18,368.25,367.5,369.5,363,204.82K,0.20%
04/10/18,367.5,364.75,368.5,364.75,130.83K,0.75%
03/10/18,364.75,367.75,369,364.5,139.28K,-0.75%
02/10/18,367.5,365,369,363.25,206.15K,0.48%
01/10/18,365.75,356.75,366.5,356.5,214.37K,2.67%
28/09/18,356.25,364.5,366.75,354.5,237.21K,-2.33%
27/09/18,364.75,363,365.75,361.25,113.91K,0.48%
26/09/18,363,363.5,364.75,361.25,137.90K,-0.21%
25/09/18,363.75,360.25,364.25,357.5,187.87K,0.90%
24/09/18,360.5,357.25,362,355.75,148.37K,0.91%
21/09/18,357.25,352.5,357.75,352.25,156.11K,1.35%
20/09/18,352.5,345.25,356.25,344.75,266.80K,1.95%
19/09/18,345.75,343,346.75,343,151.07K,0.73%
18/09/18,343.25,348,348.75,342.5,199.08K,-1.36%
17/09/18,348,351,351.75,347.75,145.27K,3.26%
14/09/18,337,338.5,338.75,337.5,0.06K,0.22%
13/09/18,336.25,344.5,344.5,337,0.13K,-1.54%
12/09/18,341.5,354.25,354.5,340.5,0.41K,-3.87%
11/09/18,355.25,357.25,357.25,354.75,0.29K,-0.07%
10/09/18,355.5,353.25,356,353,1.26K,0.35%
07/09/18,354.25,352.75,355.75,351,0.69K,0.21%
06/09/18,353.5,353.5,354.5,350.75,2.16K,0.50%
05/09/18,351.75,356,356,351,3.51K,-0.78%
04/09/18,354.5,351.5,355.25,347.25,4.87K,-3.08%
03/09/18,365.75,365.25,366,365.25,,4.20%
31/08/18,351,341,352,340.75,17.11K,2.93%
30/08/18,341,341.5,344,340.5,122.61K,-0.07%
29/08/18,341.25,341,344,340.25,113.20K,0.07%
28/08/18,341,345.75,347.75,340.75,143.20K,-1.66%
27/08/18,346.75,348.5,348.75,343,139.29K,-0.50%
24/08/18,348.5,346.5,350,346.25,124.75K,0.50%
23/08/18,346.75,353,355,346.25,144.61K,-1.63%
22/08/18,352.5,359.25,359.25,352.25,102.51K,-2.02%
21/08/18,359.75,362.75,363.75,358.5,98.59K,-0.62%
20/08/18,362,365.25,366,359.5,88.31K,-0.62%
17/08/18,364.25,365,367.75,361.75,82.45K,-0.27%
16/08/18,365.25,361.5,367.5,360.5,79.36K,1.04%
15/08/18,361.5,362.25,363.5,359,102.54K,-0.21%
14/08/18,362.25,356.5,363,356.5,101.21K,1.61%
13/08/18,356.5,357.5,358,352.25,178.69K,-0.35%
10/08/18,357.75,368.5,369.75,357,182.40K,-3.11%
09/08/18,369.25,371,372.75,366.5,148.24K,-0.54%
08/08/18,371.25,370.5,373.75,370,123.37K,0.13%
07/08/18,370.75,371,373.25,368.75,167.09K,-0.07%
06/08/18,371,370,371.75,368.25,80.95K,0.34%
03/08/18,369.75,366.75,371.25,364.75,77.99K,0.82%
02/08/18,366.75,365,372.75,364.75,161.08K,0.48%
01/08/18,365,372,373,364,120.05K,-1.95%
31/07/18,372.25,367,374.25,366.25,141.81K,1.36%
30/07/18,367.25,364,369.25,363.5,127.46K,1.45%
27/07/18,362,361,363.75,359.5,133.49K,0.14%
26/07/18,361.5,361,365.75,360.25,146.38K,0.63%
25/07/18,359.25,352.25,360,352,121.59K,2.06%
24/07/18,352,355.25,356.5,351.5,105.61K,-1.47%
23/07/18,357.25,356,358.5,354.5,75.40K,0.56%
20/07/18,355.25,351.25,355.75,349.75,69.61K,1.14%
19/07/18,351.25,347,352,345,81.41K,1.15%
18/07/18,347.25,346.25,349,346,81.87K,0.29%
17/07/18,346.25,345,348.75,344.25,100.12K,1.32%
16/07/18,341.75,340,345.75,338.75,95.29K,3.48%
13/07/18,330.25,332.25,332.5,332.25,0.27K,-1.86%
12/07/18,336.5,332.25,340.75,329.75,0.53K,1.58%
11/07/18,331.25,336,337,331.5,1.53K,-2.50%
10/07/18,339.75,344.25,344.75,336.25,2.74K,-1.74%
09/07/18,345.75,346,348.5,342.5,3.26K,-1.71%
06/07/18,351.75,342,352.25,342,3.07K,2.40%
05/07/18,343.5,345.5,348.75,341.5,3.30K,0.22%
03/07/18,342.75,340.25,345.25,339.25,3.05K,1.56%
02/07/18,337.5,352.25,352.25,337,7.67K,-3.64%
29/06/18,350.25,345.75,355.5,345.5,19.39K,1.52%
28/06/18,345,351.5,352.5,344.5,143.97K,-2.13%
27/06/18,352.5,352,356.5,351.5,163.32K,0.00%
26/06/18,352.5,350.5,355.5,348,227.15K,0.57%
25/06/18,350.5,358.5,359.5,349.25,203.16K,-1.89%
22/06/18,357.25,358,359.75,355,141.68K,0.07%
21/06/18,357,354.25,359,349.25,168.57K,0.78%
20/06/18,354.25,354,357,347.5,200.17K,0.14%
19/06/18,353.75,355.75,357.75,338.75,334.34K,-0.63%
18/06/18,356,359.5,362,354,177.75K,-1.45%
15/06/18,361.25,364.5,368.25,355.25,297.48K,-0.48%
14/06/18,363,374,374.75,362.5,357.60K,-3.46%
13/06/18,376,377.5,379.75,373.25,227.65K,-0.40%
12/06/18,377.5,368,379.5,367.25,310.11K,2.79%
11/06/18,367.25,376.5,379,366.75,294.91K,-2.78%
08/06/18,377.75,376.25,379,373.5,177.41K,0.40%
07/06/18,376.25,379,382,374.25,300.59K,-0.53%
06/06/18,378.25,384.25,386.5,378,227.30K,-1.43%
05/06/18,383.75,380.75,385.25,380,212.44K,0.79%
04/06/18,380.75,389.75,389.75,380.5,266.55K,-2.75%
01/06/18,391.5,393.75,397,390.75,172.12K,-0.63%
31/05/18,394,393.5,398.5,393.25,195.81K,0.13%
30/05/18,393.5,398.25,398.5,390.75,293.00K,-1.63%
29/05/18,400,408.75,410,397.5,242.71K,-2.14%
28/05/18,408.75,409,409,408.75,,0.68%
25/05/18,406,404,406.75,403.25,129.41K,0.43%
24/05/18,404.25,408.25,412.25,403.75,236.84K,-1.04%
23/05/18,408.5,404.5,409,403,163.38K,0.93%
22/05/18,404.75,402.25,407,401,166.30K,0.50%
21/05/18,402.75,405.5,407.5,401.25,181.09K,0.06%
18/05/18,402.5,395.25,403.5,395,181.91K,1.83%
17/05/18,395.25,399,402,395,147.54K,-1.00%
16/05/18,399.25,401.75,404.75,398,171.92K,-0.75%
15/05/18,402.25,396.25,402.5,396,190.99K,3.41%
14/05/18,389,388.5,388.75,387.5,0.20K,-0.19%
11/05/18,389.75,394,394.75,389.75,0.50K,-1.27%
10/05/18,394.75,395.5,399.75,393.25,0.60K,0.00%
09/05/18,394.75,396.25,397,394,0.91K,-0.19%
08/05/18,395.5,392.75,396,391.25,2.02K,0.57%
07/05/18,393.25,397.25,397.5,393.25,1.96K,-1.38%
04/05/18,398.75,399.5,400,397.5,2.09K,-0.19%
03/05/18,399.5,396,399.5,395,1.32K,0.88%
02/05/18,396,396.25,397.25,395,3.18K,-0.19%
01/05/18,396.75,393,397,391.5,7.50K,1.08%
30/04/18,392.5,390.75,395.75,390.5,19.34K,0.77%
27/04/18,389.5,385.25,390.5,385.25,165.58K,0.91%
26/04/18,386,386,387,384,132.00K,-0.13%
25/04/18,386.5,381,387.25,380.5,148.79K,1.38%
24/04/18,381.25,378.5,381.5,377,115.02K,0.73%
23/04/18,378.5,376.5,379.25,376.25,151.35K,0.53%
20/04/18,376.5,381.25,381.75,376.25,156.69K,-1.44%
19/04/18,382,382.75,383.5,380.75,113.02K,-0.26%
18/04/18,383,380.75,383.5,380,142.85K,0.72%
17/04/18,380.25,383,384.5,379.75,239.87K,-0.59%
16/04/18,382.5,385,386.25,382,175.61K,-0.97%
13/04/18,386.25,388.5,389.25,385,233.79K,-0.64%
12/04/18,388.75,386.5,389.25,385,201.80K,0.45%
11/04/18,387,389.25,390.5,385.75,158.05K,-0.58%
10/04/18,389.25,390,392.25,388.5,272.80K,-0.38%
09/04/18,390.75,389.75,392.5,388.75,215.39K,0.58%
06/04/18,388.5,382,390,382,309.02K,-0.26%
05/04/18,389.5,382,389.5,380.75,263.91K,2.23%
04/04/18,381,388,389,372,367.00K,-1.93%
03/04/18,388.5,387,392,386.75,211.50K,0.32%
02/04/18,387.25,389.25,392.5,387,207.53K,-0.13%
29/03/18,387.75,373.75,389.25,373.75,377.91K,3.82%
28/03/18,373.5,374.25,375,372,173.54K,-0.13%
27/03/18,374,374,376,372.25,134.33K,0.00%
26/03/18,374,378.5,380.75,373.5,183.53K,-0.86%
23/03/18,377.25,376.25,378.25,369.25,279.20K,0.33%
22/03/18,376,375.5,377.5,374,161.68K,0.27%
21/03/18,375,375,375.75,373.75,149.27K,0.13%
20/03/18,374.5,375.25,377,373.25,204.62K,-0.13%
19/03/18,375,382,382,374.75,245.78K,-2.02%
16/03/18,382.75,386.25,387.5,382.5,150.93K,-1.03%
15/03/18,386.75,388.25,390.75,385.5,182.45K,0.85%
14/03/18,383.5,386.5,386.5,384.25,0.24K,-0.52%
13/03/18,385.5,383.75,388.75,383.5,2.04K,0.33%
12/03/18,384.25,382.75,384.25,380.5,1.46K,0.33%
09/03/18,383,385,385.25,382.5,2.98K,-0.71%
08/03/18,385.75,378.5,385.75,378,2.39K,1.71%
07/03/18,379.25,378.75,380.75,378.5,4.26K,-0.13%
06/03/18,379.75,377.75,380.25,377.25,2.30K,0.40%
05/03/18,378.25,376.25,378.5,374.75,8.18K,0.27%
02/03/18,377.25,377.75,380.25,376,5.92K,-0.40%
01/03/18,378.75,374,379,372,8.65K,1.13%
28/02/18,374.5,370.5,376.75,369.75,20.80K,1.08%
27/02/18,370.5,368.25,371,367.75,240.12K,0.54%
26/02/18,368.5,366.5,370,366.5,318.91K,0.61%
23/02/18,366.25,366.25,367.75,365.25,212.35K,-0.14%
22/02/18,366.75,365.5,367,364.25,229.12K,0.27%
21/02/18,365.75,365.75,368.5,364.25,266.66K,0.07%
20/02/18,365.5,369,370,365.25,319.32K,-0.48%
19/02/18,367.25,367.25,367.25,367.25,,0.00%
18/02/18,367.25,367.25,367.25,367.25,,-0.07%
16/02/18,367.5,368,368.5,366.5,185.26K,-0.07%
15/02/18,367.75,367,368.75,365.5,193.48K,0.14%
14/02/18,367.25,366.5,368.5,364.75,173.64K,0.14%
13/02/18,366.75,366.5,368.5,366,257.67K,-0.07%
12/02/18,367,365,367,364.25,264.08K,1.38%
09/02/18,362,364.75,365.5,361.5,254.70K,-1.03%
08/02/18,365.75,365,367.75,364.5,341.48K,0.14%
07/02/18,365.25,363.75,365.75,362.5,478.33K,0.48%
06/02/18,363.5,358.75,364,356.25,236.19K,1.32%
05/02/18,358.75,359.5,360.75,357.25,260.35K,-0.76%
02/02/18,361.5,361,362.5,359.5,198.99K,-0.07%
01/02/18,361.75,360.75,362,358.5,254.88K,0.07%
31/01/18,361.5,361.5,362,359.5,180.49K,0.00%
30/01/18,361.5,359.5,362.25,359,223.19K,0.77%
29/01/18,358.75,356.75,359.25,356.75,179.93K,0.63%
26/01/18,356.5,355,357,354.5,140.79K,0.35%
25/01/18,355.25,356,358,354.5,223.61K,-0.35%
24/01/18,356.5,351.25,357,349.75,326.30K,1.49%
23/01/18,351.25,351.75,352,349.5,204.57K,-0.21%
22/01/18,352,353.5,354.5,351.25,177.59K,-0.14%
19/01/18,352.5,351.5,354,351.25,145.95K,0.28%
18/01/18,351.5,352.5,354,350.5,186.65K,-0.42%
17/01/18,353,348.5,353.25,348.25,236.71K,1.36%
16/01/18,348.25,347.25,349.25,346,179.43K,0.58%
12/01/18,346.25,348.75,350,345.5,216.39K,-0.72%
11/01/18,348.75,349,350.5,348,159.18K,-0.07%
10/01/18,349,348.75,350,348,145.55K,0.00%
09/01/18,349,347.5,350,347.25,150.41K,0.50%
08/01/18,347.25,350.75,351.5,346.75,274.88K,-1.14%
05/01/18,351.25,350.75,352.25,350.25,143.91K,0.07%
04/01/18,351,353,353.5,350.25,179.97K,-0.57%
03/01/18,353,353,354.75,352.25,138.59K,-0.07%
02/01/18,353.25,351.25,354,350.5,150.14K,0.71%