Fecha,Cierre,Apertura,Máximo,Mínimo,Vol.,% var.
01/05/26,637.75,637.75,644.75,632.75,75.23K,0.16%
30/04/26,636.75,652.25,657.75,634.75,124.40K,-2.49%
29/04/26,653,657,671.5,652.25,145.72K,-0.72%
28/04/26,657.75,629,659.5,627,140.67K,4.45%
27/04/26,629.75,618,631.5,617,85.38K,2.11%
24/04/26,616.75,622,625.25,611,75.98K,-0.56%
23/04/26,620.25,608,622.25,607.25,83.92K,2.18%
22/04/26,607,614,620.5,606.5,49.92K,-0.94%
21/04/26,612.75,607,614.5,601.5,72.13K,1.11%
20/04/26,606,604.25,611.75,598.5,78.07K,1.13%
17/04/26,599.25,605,610,590.5,84.15K,-1.20%
16/04/26,606.5,599.75,616.75,598,91.04K,0.79%
15/04/26,601.75,600.75,604.5,593.75,80.59K,0.08%
14/04/26,601.25,590.5,602.75,587.5,99.27K,1.69%
13/04/26,591.25,589.5,598.25,586,97.46K,3.55%
10/04/26,571,572.75,577.75,567.5,84.55K,-0.61%
09/04/26,574.5,580,588.75,570,103.13K,-0.99%
08/04/26,580.25,589,589,577,103.58K,-2.97%
07/04/26,598,595.75,600.5,588,60.07K,0.46%
06/04/26,595.25,599,600.5,588.5,38.11K,-0.50%
03/04/26,598.25,597.5,609.25,594,,0.00%
02/04/26,598.25,597.5,609.25,594,89.29K,0.13%
01/04/26,597.5,618,622.75,593.25,106.12K,-3.04%
31/03/26,616.25,609.75,625,605.25,101.06K,1.52%
30/03/26,607,607.75,612,597.75,60.14K,0.33%
27/03/26,605,605,613.25,599.25,52.79K,0.00%
26/03/26,605,599.5,607.75,593,55.17K,1.21%
25/03/26,597.75,589,599.5,579.25,65.53K,1.31%
24/03/26,590,591,596,582.5,70.07K,0.38%
23/03/26,587.75,596.5,606.5,577.75,97.32K,-1.26%
20/03/26,595.25,608,609.25,594.75,64.99K,-2.10%
19/03/26,608,608.25,616,600.5,85.89K,0.62%
18/03/26,604.25,590,607.75,586,78.22K,2.46%
17/03/26,589.75,597.25,607.25,586.75,76.81K,-1.26%
16/03/26,597.25,609.25,613.75,594.5,82.22K,-3.44%
13/03/26,618.5,618.5,618.5,618.5,0.00K,4.43%
12/03/26,592.25,597.5,597.5,597.5,0.03K,0.64%
11/03/26,588.5,588.5,588.5,588.5,0.01K,0.64%
10/03/26,584.75,587.75,588,586.5,0.05K,-2.22%
09/03/26,598,635,635,609.75,0.08K,-3.04%
06/03/26,616.75,585.25,618.5,583.75,177.09K,5.65%
05/03/26,583.75,568.25,586,568,85.00K,2.73%
04/03/26,568.25,574,577,564.5,67.60K,-1.00%
03/03/26,574,576,585.75,569,98.76K,-0.56%
02/03/26,577.25,600.5,603.75,574.75,120.59K,-2.41%
27/02/26,591.5,574,597,573.25,114.29K,2.96%
26/02/26,574.5,569.75,575.75,567.75,72.75K,0.83%
25/02/26,569.75,572.25,575.75,563.5,78.19K,-0.61%
24/02/26,573.25,574,579,570.25,79.01K,-0.09%
23/02/26,573.75,578,583.5,573,101.35K,-1.12%
20/02/26,580.25,567.5,582,564.5,128.97K,2.38%
19/02/26,566.75,552,570,550.5,105.04K,2.58%
18/02/26,552.5,542.5,554,542.25,91.04K,1.84%
17/02/26,542.5,548,548,538.75,121.25K,-1.14%
16/02/26,548.75,548.75,548.75,548.5,,0.00%
13/02/26,548.75,552,553,545.75,166.51K,-0.68%
12/02/26,552.5,537.25,553.5,536,159.02K,2.84%
11/02/26,537.25,529.75,540,528,138.47K,1.70%
10/02/26,528.25,527.25,531.25,524.5,96.74K,-0.09%
09/02/26,528.75,530.5,531.5,525.5,84.95K,-0.19%
06/02/26,529.75,534.75,539.25,527.5,104.16K,-1.03%
05/02/26,535.25,527,536.5,522.75,70.98K,1.61%
04/02/26,526.75,529.25,531.75,522.25,78.50K,-0.38%
03/02/26,528.75,528.25,531,525,61.67K,0.19%
02/02/26,527.75,539.5,540,525.75,85.99K,-1.91%
30/01/26,538,541.25,544.75,533.5,87.41K,-0.65%
29/01/26,541.5,536,544.25,533.75,91.93K,1.03%
28/01/26,536,523.25,541.25,523,121.76K,2.44%
27/01/26,523.25,522.5,525.5,519.25,62.55K,0.14%
26/01/26,522.5,532,533.25,521.5,79.40K,-1.32%
23/01/26,529.5,515,530.5,514.75,85.09K,2.72%
22/01/26,515.5,508.25,517,507.75,53.20K,1.53%
21/01/26,507.75,510.75,516.75,507,56.71K,-0.49%
20/01/26,510.25,518.25,520.25,509.5,65.16K,-1.54%
19/01/26,518.25,518.25,518.25,518.25,,0.05%
16/01/26,518,511,521,510.25,56.61K,1.47%
15/01/26,510.5,512.5,517.25,509.75,49.93K,-0.39%
14/01/26,512.5,512,514.5,508,58.15K,0.39%
13/01/26,510.5,512.25,513.75,507,68.03K,-0.15%
12/01/26,511.25,517.25,528,507,109.42K,-1.16%
09/01/26,517.25,519.75,521.25,513.75,56.77K,-0.14%
08/01/26,518,518.75,522.75,515.75,70.50K,0.00%
07/01/26,518,510.5,520.25,509.25,74.48K,1.47%
06/01/26,510.5,512.75,515,510,53.56K,-0.39%
05/01/26,512.5,507.25,514.5,505.75,65.96K,1.18%
02/01/26,506.5,506.5,508.5,501.5,59.10K,-0.10%
31/12/25,507,510.25,512,506,40.23K,-0.73%
30/12/25,510.75,512.75,515.5,510,36.30K,-0.44%
29/12/25,513,518,521,512,43.20K,-1.16%
26/12/25,519,522.5,524.5,517,38.02K,-0.53%
24/12/25,521.75,518.5,525,518,33.00K,0.92%
23/12/25,517,514.25,518.75,513.75,41.46K,0.29%
22/12/25,515.5,511,518.25,510,43.61K,1.13%
19/12/25,509.75,507.75,511.25,505.5,58.22K,0.39%
18/12/25,507.75,507.75,510.75,505.5,82.03K,0.30%
17/12/25,506.25,510.75,511.5,504,93.08K,-0.64%
16/12/25,509.5,521,522.25,507.5,116.62K,-2.16%
15/12/25,520.75,529.5,529.5,519.5,79.49K,-2.57%
12/12/25,534.5,534.5,534.5,534.5,0.00K,0.00%
11/12/25,534.5,534.5,534.5,534.5,0.01K,0.61%
10/12/25,531.25,526.5,530.25,526.5,0.03K,-0.93%
09/12/25,536.25,535.5,535.5,535,0.01K,0.05%
08/12/25,536,536,541.25,536,0.03K,0.05%
05/12/25,535.75,539.75,541.75,534.25,48.90K,-0.83%
04/12/25,540.25,538.75,541.75,531.5,57.14K,0.37%
03/12/25,538.25,541,542.5,537.25,46.73K,-0.51%
02/12/25,541,535,544.5,529.75,75.31K,1.12%
01/12/25,535,539,541.75,532.5,61.05K,-0.65%
28/11/25,538.5,540.5,542.75,534.75,23.91K,-0.46%
27/11/25,541,541,541.25,541,,0.09%
26/11/25,540.5,538.5,544.75,535.75,72.21K,0.23%
25/11/25,539.25,534.75,540.5,532.5,69.58K,0.84%
24/11/25,534.75,540.75,541.75,531.75,61.42K,-0.93%
21/11/25,539.75,541.5,545,535.75,69.72K,-0.18%
20/11/25,540.75,549.25,555.25,539.75,76.65K,-1.59%
19/11/25,549.5,558.75,562.5,548.5,68.04K,-1.70%
18/11/25,559,558,563.25,554.5,75.64K,0.09%
17/11/25,558.5,541,559.75,540.5,91.65K,5.93%
14/11/25,527.25,535.75,544.5,524.5,85.22K,-1.59%
13/11/25,535.75,536.25,539.25,530.75,92.76K,-0.05%
12/11/25,536,536,536.75,527.5,95.69K,0.00%
11/11/25,536,535.75,539,531.25,80.36K,0.05%
10/11/25,535.75,528,537.25,527.5,92.41K,1.52%
07/11/25,527.75,535.5,537.5,526.25,127.66K,-1.45%
06/11/25,535.5,552.75,554.5,534.5,119.14K,-3.47%
05/11/25,554.75,549.5,555,546.25,72.20K,0.82%
04/11/25,550.25,542.75,550.5,539.75,116.42K,1.24%
03/11/25,543.5,534,545,531.25,145.87K,1.78%
31/10/25,534,524.25,534.25,517.25,111.38K,1.86%
30/10/25,524.25,533.25,535.5,520.25,101.55K,-1.50%
29/10/25,532.25,528.5,533.75,526.75,90.09K,0.61%
28/10/25,529,524,535,524,105.30K,0.57%
27/10/25,526,517,530.5,516.75,109.47K,2.63%
24/10/25,512.5,512,515.5,509.75,59.01K,-0.10%
23/10/25,513,504.75,513.5,502.5,58.19K,1.84%
22/10/25,503.75,501.75,505.5,498.25,45.47K,0.70%
21/10/25,500.25,504.75,506.25,498,41.04K,-0.89%
20/10/25,504.75,505,507.25,502,37.58K,0.20%
17/10/25,503.75,502.25,505,500.25,38.18K,0.25%
16/10/25,502.5,500,503.75,495.25,53.29K,0.75%
15/10/25,498.75,501,501.25,494.75,57.00K,-0.30%
14/10/25,500.25,498.5,501.75,492.25,65.74K,0.70%
13/10/25,496.75,499.25,501.75,494.5,,-0.35%
10/10/25,498.5,508.5,509.5,496.75,63.51K,-1.58%
09/10/25,506.5,508,513.5,506.5,79.09K,-0.15%
08/10/25,507.25,507,508.75,503.75,44.07K,0.10%
07/10/25,506.75,513,514.25,505.75,53.56K,-1.17%
06/10/25,512.75,515.25,518.25,512,49.99K,-0.49%
03/10/25,515.25,514,518.5,512.75,47.46K,0.10%
02/10/25,514.75,509,516,508.25,57.22K,1.08%
01/10/25,509.25,508,510.25,502,82.92K,0.25%
30/09/25,508,519.5,519.75,506.75,85.75K,-2.21%
29/09/25,519.5,519,522.5,516.75,44.89K,-0.05%
26/09/25,519.75,526.25,527.75,518.75,52.73K,-1.38%
25/09/25,527,520.5,527.5,518.25,56.45K,1.44%
24/09/25,519.5,520.5,524.5,519,53.33K,-0.19%
23/09/25,520.5,511,521,507.25,71.97K,1.91%
22/09/25,510.75,522.25,523,508.5,86.79K,-2.25%
19/09/25,522.5,525,526.75,520.25,45.05K,-0.33%
18/09/25,524.25,528.25,532.25,523,39.93K,-0.76%
17/09/25,528.25,533.5,535.75,526,49.32K,-1.08%
16/09/25,534,525,534.5,524,46.74K,1.71%
15/09/25,525,522.75,529.25,520.25,55.50K,4.37%
12/09/25,503,503,503,503,0.00K,0.00%
11/09/25,503,501.75,501.75,496.25,0.00K,1.62%
10/09/25,495,498,498,498,0.02K,-1.15%
09/09/25,500.75,503.75,506.75,503,0.03K,-0.94%
08/09/25,505.5,503.25,503.25,502,0.01K,-2.65%
05/09/25,519.25,520.25,523.5,518,41.62K,-0.05%
04/09/25,519.5,522,522.5,514.5,70.09K,-0.48%
03/09/25,522,528.25,530,521.75,62.62K,-1.18%
02/09/25,528.25,530.5,532,522.25,83.34K,-0.38%
01/09/25,530.25,533.75,533.75,529.75,,-0.75%
29/08/25,534.25,529,534.75,527,68.84K,0.99%
28/08/25,529,524.25,530,520.25,68.52K,0.91%
27/08/25,524.25,531.25,532.75,523.25,82.27K,-1.41%
26/08/25,531.75,529.75,534.5,527,71.02K,0.38%
25/08/25,529.75,527.75,535.5,526.75,70.07K,0.47%
22/08/25,527.25,529.25,532,526.5,72.52K,-0.47%
21/08/25,529.75,529,534.25,525.25,96.78K,0.28%
20/08/25,528.25,521,530.75,517.25,94.30K,1.34%
19/08/25,521.25,525,525,519.5,71.07K,-0.71%
18/08/25,525,526.5,530,521.75,80.76K,-0.38%
15/08/25,527,525,529,523,61.36K,0.48%
14/08/25,524.5,527,529.75,521.5,72.67K,-0.71%
13/08/25,528.25,525.5,531,523.25,78.03K,0.43%
12/08/25,526,534.5,535.5,524,104.88K,-1.77%
11/08/25,535.5,536.5,542.75,533.75,69.68K,4.08%
08/08/25,514.5,518,521.75,513.75,78.25K,-0.72%
07/08/25,518.25,508.5,520,508.5,81.83K,1.92%
06/08/25,508.5,508.25,509.5,504,65.19K,0.05%
05/08/25,508.25,516.75,517.5,507,67.61K,-1.64%
04/08/25,516.75,517.5,523,513,71.05K,0.00%
01/08/25,516.75,523,526,516.25,62.48K,-1.24%
31/07/25,523.25,523.25,525.75,516.75,77.08K,-0.10%
30/07/25,523.75,529.75,532,523.25,64.99K,-1.13%
29/07/25,529.75,538.25,539,526,80.22K,-1.62%
28/07/25,538.5,536.5,540,532.25,45.18K,0.05%
25/07/25,538.25,541,544,534,37.48K,-0.60%
24/07/25,541.5,540.75,546,535,56.77K,0.19%
23/07/25,540.5,548.25,552.25,540,49.14K,-1.64%
22/07/25,549.5,541.75,552.75,536.75,62.60K,1.34%
21/07/25,542.25,546,549.5,541,43.97K,-0.73%
18/07/25,546.25,533.5,550.25,533,82.55K,2.39%
17/07/25,533.5,541,542.75,532,55.43K,-1.43%
16/07/25,541.25,538.25,543.5,533.5,59.09K,0.60%
15/07/25,538,541.5,545.25,535.5,56.17K,0.75%
14/07/25,534,534,534,534,0.01K,-2.02%
11/07/25,545,554.5,557.5,544,67.75K,-1.71%
10/07/25,554.5,547,555.5,541,52.22K,1.37%
09/07/25,547,547,551.25,541.75,46.11K,-0.14%
08/07/25,547.75,548.5,550,542,57.57K,-0.14%
07/07/25,548.5,553,553.75,541.5,65.51K,-1.48%
03/07/25,556.75,563,568.75,556.25,77.29K,-1.29%
02/07/25,564,549.75,565.5,544.75,86.57K,2.73%
01/07/25,549,537.25,550.25,535.75,96.79K,2.00%
30/06/25,538.25,540.25,545.25,534.75,65.97K,-0.46%
27/06/25,540.75,537,545.25,536.5,59.26K,0.75%
26/06/25,536.75,543.75,547.75,536.25,73.66K,-1.42%
25/06/25,544.5,551.75,553.5,542.5,68.31K,-1.36%
24/06/25,552,569.5,569.5,551.5,91.12K,-3.07%
23/06/25,569.5,583,585.75,566.25,95.61K,0.31%
20/06/25,567.75,573,578.25,565.5,49.12K,-1.00%
19/06/25,573.5,573.25,573.5,572,,-0.13%
18/06/25,574.25,549,575,547,105.22K,4.60%
17/06/25,549,536.25,552.25,536.25,71.24K,2.33%
16/06/25,536.5,545,546.75,531.75,77.42K,-1.33%
13/06/25,543.75,526.75,544.75,522.25,102.19K,3.28%
12/06/25,526.5,534.25,537,526,93.65K,-1.45%
11/06/25,534.25,535,539.25,532,72.45K,-0.05%
10/06/25,534.5,540,542,530.75,90.16K,-1.38%
09/06/25,542,556,557.75,540,102.60K,-2.30%
06/06/25,554.75,545.25,555.75,540.25,97.20K,1.70%
05/06/25,545.5,543.5,549.25,540.5,68.30K,0.41%
04/06/25,543.25,535.5,547.5,533.5,73.11K,1.35%
03/06/25,536,538,545.5,531.75,80.64K,-0.56%
02/06/25,539,534,549.5,533.25,82.57K,0.94%
30/05/25,534,534.25,538.5,531.25,49.02K,0.00%
29/05/25,534,533,534.75,527.25,48.25K,0.71%
28/05/25,530.25,531,535.75,526.75,60.15K,0.33%
27/05/25,528.5,543.5,544,527.5,66.90K,-2.76%
26/05/25,543.5,544,544,543.5,61.67K,0.18%
23/05/25,542.5,545,548.5,538.5,61.67K,-0.37%
22/05/25,544.5,548.25,552,541.25,85.21K,-0.86%
21/05/25,549.25,546,556.25,545,85.81K,0.60%
20/05/25,546,530,547.5,528.75,86.59K,3.21%
19/05/25,529,527,536,524.5,64.29K,0.76%
16/05/25,525,533.5,533.5,523.5,49.36K,-1.45%
15/05/25,532.75,524.5,533.25,521.75,69.75K,4.72%
14/05/25,508.75,508.75,508.75,508.75,0.03K,1.45%
13/05/25,501.5,501.5,501.5,501.5,0.02K,0.50%
12/05/25,499,499,499,499,0.02K,-4.36%
09/05/25,521.75,531.5,533.75,520.75,57.37K,-1.42%
08/05/25,529.25,532.5,538.5,525.5,53.54K,-0.94%
07/05/25,534.25,536,545,533,58.19K,-0.33%
06/05/25,536,533.25,538.75,528.25,54.83K,0.89%
05/05/25,531.25,545.25,548,530.75,63.84K,-2.16%
02/05/25,543,530.75,546.75,530.5,67.58K,2.26%
01/05/25,531,532.5,537.75,528.5,55.49K,0.05%
30/04/25,530.75,526.25,539.75,523.25,87.62K,1.00%
29/04/25,525.5,533,537,523.75,77.07K,-1.04%
28/04/25,531,544,544,527.25,99.54K,-2.57%
25/04/25,545,545.25,549.75,542.5,54.39K,0.09%
24/04/25,544.5,545,545.5,539.25,61.55K,0.18%
23/04/25,543.5,550.75,552.25,543,51.82K,-1.23%
22/04/25,550.25,554.25,555.25,545.5,62.53K,-0.36%
21/04/25,552.25,562,566.5,551.25,41.09K,-1.78%
17/04/25,562.25,562,569.25,561.25,52.32K,0.22%
16/04/25,561,556.5,564.5,550.75,70.93K,0.90%
15/04/25,556,561.25,565,554.5,68.27K,-1.02%
14/04/25,561.75,568.75,570,557.75,75.76K,1.08%
11/04/25,555.75,537.5,556.75,536.5,123.04K,3.30%
10/04/25,538,543.75,547.5,534.5,112.11K,-0.78%
09/04/25,542.25,539.75,546,536.5,85.23K,0.42%
08/04/25,540,537.5,545.75,533.75,92.72K,0.65%
07/04/25,536.5,530.75,546.5,525.75,96.85K,1.42%
04/04/25,529,536.75,539.5,520.5,82.63K,-1.31%
03/04/25,536,526.75,542,525.25,80.92K,-0.60%
02/04/25,539.25,541.75,543,532.5,58.99K,-0.23%
01/04/25,540.5,539,544,533.25,62.41K,0.65%
31/03/25,537,529.5,539.25,523.5,83.02K,1.66%
28/03/25,528.25,531.75,533,517.5,81.82K,-0.70%
27/03/25,532,536.25,537.25,526.5,73.56K,-0.61%
26/03/25,535.25,544,545.75,535,57.62K,-1.47%
25/03/25,543.25,548,549.5,541,57.05K,-0.91%
24/03/25,548.25,561.25,563,545.25,53.65K,-1.79%
21/03/25,558.25,557.75,563,553.25,47.01K,0.18%
20/03/25,557.25,565.25,568,552.25,62.33K,-1.11%
19/03/25,563.5,564.25,568.5,558,62.18K,-0.27%
18/03/25,565,568.75,574.75,563.5,64.45K,-0.62%
17/03/25,568.5,559,575.25,559,78.72K,4.17%
14/03/25,545.75,545.75,545.75,545.75,0.01K,-0.27%
13/03/25,547.25,549,551.25,549,0.02K,1.58%
12/03/25,538.75,534,534,534,0.00K,-0.42%
11/03/25,541,543.75,544,542.5,0.02K,-0.78%
10/03/25,545.25,548.25,548.25,545,0.01K,-1.09%
07/03/25,551.25,554,555.5,544.5,62.47K,-0.50%
06/03/25,554,550.25,562,544.75,84.19K,1.05%
05/03/25,548.25,539,551,537,84.23K,2.14%
04/03/25,536.75,547.75,551.75,530,112.38K,-2.01%
03/03/25,547.75,557.5,563.5,545.25,89.70K,-1.44%
28/02/25,555.75,563,570.25,555,74.06K,-1.20%
27/02/25,562.5,579.25,580.25,560,87.52K,-2.98%
26/02/25,579.75,588.75,592.75,577.5,75.49K,-1.36%
25/02/25,587.75,593.75,595.75,579.5,84.45K,-0.97%
24/02/25,593.5,603.75,604,589.25,73.40K,-1.74%
21/02/25,604,600,608,599.75,60.21K,0.62%
20/02/25,600.25,607,609.75,598.25,56.78K,-1.03%
19/02/25,606.5,617.75,621.25,603.5,77.01K,-1.82%
18/02/25,617.75,612,621.75,606.5,95.07K,2.96%
14/02/25,600,577.25,602.75,577.25,103.50K,3.85%
13/02/25,577.75,574,581,571.5,91.31K,0.61%
12/02/25,574.25,576.25,584.5,572.75,113.05K,-0.48%
11/02/25,577,579,588,575.75,110.23K,-0.43%
10/02/25,579.5,581.25,586,576.25,105.43K,-0.56%
07/02/25,582.75,587.75,592.5,579.75,106.33K,-0.85%
06/02/25,587.75,572.25,588.75,566.5,109.41K,2.71%
05/02/25,572.25,577.25,584.25,569.5,108.67K,-0.82%
04/02/25,577,566.5,579,558,89.54K,1.81%
03/02/25,566.75,555,573.75,550.5,90.75K,1.30%
31/01/25,559.5,569,569,551.75,87.92K,-1.24%
30/01/25,566.5,560.75,569.75,559,96.80K,0.71%
29/01/25,562.5,544.5,564.75,544.5,90.60K,3.16%
28/01/25,545.25,535.75,548.5,533.5,77.12K,1.82%
27/01/25,535.5,543,543,532,68.35K,-1.56%
24/01/25,544,550,552.25,541.25,81.68K,-1.81%
23/01/25,554,554,559,548,64.14K,0.00%
22/01/25,554,558.5,566.75,551.5,91.51K,-0.85%
21/01/25,558.75,542,561.75,542,112.88K,3.71%
17/01/25,538.75,537.5,542,533.25,50.29K,0.23%
16/01/25,537.5,547,547,536.75,52.99K,-1.74%
15/01/25,547,546.75,551.5,542,56.05K,0.14%
14/01/25,546.25,546.25,552.25,542.75,70.10K,0.23%
13/01/25,545,530.5,545.75,528.5,84.28K,2.68%
10/01/25,530.75,533,541.25,526,104.60K,-0.61%
09/01/25,534,535.5,539.25,529.25,45.71K,-0.42%
08/01/25,536.25,542.75,544.75,534.5,58.10K,-1.15%
07/01/25,542.5,540.5,544.25,535.25,46.90K,0.37%
06/01/25,540.5,530.25,543.75,530.25,64.94K,2.13%
03/01/25,529.25,545.5,547,527.5,87.54K,-3.02%
02/01/25,545.75,551.75,552.75,542.5,44.33K,-1.04%
31/12/24,551.5,548.75,552.75,546.75,33.83K,0.59%
30/12/24,548.25,547.25,554.75,544.5,46.87K,0.32%
27/12/24,546.5,542,547.75,537.25,43.05K,1.02%
26/12/24,541,534.75,544,533.75,28.46K,1.17%
24/12/24,534.75,539.5,541.5,533.5,25.22K,-1.06%
23/12/24,540.5,533,544,533,57.51K,1.41%
20/12/24,533,532.5,537.25,529.25,55.08K,0.00%
19/12/24,533,541,541.75,530.5,87.29K,-1.52%
18/12/24,541.25,545,554.25,540,63.25K,-0.69%
17/12/24,545,550.75,552.5,542.5,72.66K,-0.91%
16/12/24,550,552.25,559.25,548.5,68.01K,4.46%
13/12/24,526.5,526.5,526.5,526.5,0.01K,-2.27%
12/12/24,538.75,535,538.25,533.25,0.02K,-0.87%
11/12/24,543.5,544,552.5,544,0.06K,0.28%
10/12/24,542,545,545,545,0.00K,0.14%
09/12/24,541.25,541.25,541.25,541.25,0.01K,-0.23%
06/12/24,542.5,544.75,546,544.75,0.03K,-0.78%
05/12/24,546.75,537.5,537.5,535.5,0.02K,1.63%
04/12/24,538,537.25,541,535.75,0.04K,0.23%
03/12/24,536.75,539,544.75,539,0.05K,-0.14%
02/12/24,537.5,536.25,539.5,531.25,0.06K,0.99%
29/11/24,532.25,535,545.25,531.75,1.25K,-1.02%
27/11/24,537.75,538.25,542.75,531,18.86K,-0.32%
26/11/24,539.5,535.75,543.5,532.75,34.12K,0.70%
25/11/24,535.75,544.75,547.5,529.5,30.01K,-1.56%
22/11/24,544.25,548,550.5,542.5,36.56K,-0.82%
21/11/24,548.75,552.5,557.5,547.75,34.97K,-0.68%
20/11/24,552.5,549.5,555.25,543.5,41.28K,0.50%
19/11/24,549.75,547.75,558.75,545.5,57.49K,0.46%
18/11/24,547.25,541,551,536.75,68.14K,2.00%
15/11/24,536.5,532,541.25,530.5,73.59K,1.18%
14/11/24,530.25,540,544.25,528,89.91K,-1.99%
13/11/24,541,553.25,553.75,536.25,113.24K,-2.04%
12/11/24,552.25,564.75,568.75,549,105.73K,-2.34%
11/11/24,565.5,572.75,572.75,551.75,125.71K,-1.22%
08/11/24,572.5,572.5,578.75,566.5,112.15K,0.17%
07/11/24,571.5,574.5,579.5,565,105.86K,-0.31%
06/11/24,573.25,571,577.75,562,67.95K,0.13%
05/11/24,572.5,569.5,574.5,565.25,58.64K,0.66%
04/11/24,568.75,569,575.75,565,55.48K,0.13%
01/11/24,568,571.5,577.75,564.25,54.16K,-0.44%
31/10/24,570.5,572.75,573.75,563.5,61.59K,-0.48%
30/10/24,573.25,571.25,580.5,564,68.18K,0.48%
29/10/24,570.5,559,572.75,558,67.42K,2.10%
28/10/24,558.75,564.25,571.5,557.75,61.30K,-1.80%
25/10/24,569,581.25,585.5,566,75.99K,-2.15%
24/10/24,581.5,579,584.25,575,49.88K,0.52%
23/10/24,578.5,575.75,582.75,566.25,57.25K,0.43%
22/10/24,576,574,578.75,565.75,49.87K,0.66%
21/10/24,572.25,572.75,584.25,570.75,74.09K,-0.09%
18/10/24,572.75,590,595.5,570.25,82.03K,-2.84%
17/10/24,589.5,584.25,591.75,576.25,75.30K,0.77%
16/10/24,585,581.25,587.5,575.25,57.51K,0.95%
15/10/24,579.5,585.5,586.75,578,69.76K,-0.98%
14/10/24,585.25,598.5,601,584.25,55.97K,-2.30%
11/10/24,599,603.75,611.25,592.5,75.59K,-0.79%
10/10/24,603.75,600.75,609.25,598.5,60.99K,0.79%
09/10/24,599,594.75,604.75,594.25,55.19K,0.71%
08/10/24,594.75,593.75,599,587.5,59.04K,0.38%
07/10/24,592.5,590.25,595.25,584,55.58K,0.47%
04/10/24,589.75,603.75,604.25,587,76.33K,-2.28%
03/10/24,603.5,614.25,617.25,601.25,78.99K,-1.91%
02/10/24,615.25,596.25,617.25,596.25,116.43K,2.71%
01/10/24,599,584,602.5,577,84.58K,2.57%
30/09/24,584,579.75,590.75,575.5,58.87K,0.69%
27/09/24,580,583,583.5,575.5,46.19K,-0.73%
26/09/24,584.25,590.5,596.25,582.75,69.06K,-0.85%
25/09/24,589.25,579,591.25,573.75,52.96K,1.95%
24/09/24,578,581.25,589.25,575.25,52.27K,-0.77%
23/09/24,582.5,570.5,586.5,569,63.33K,2.46%
20/09/24,568.5,566.25,575.75,565.25,60.49K,0.53%
19/09/24,565.5,575.75,577.25,564,51.65K,-1.78%
18/09/24,575.75,576,582.75,573,47.04K,0.00%
17/09/24,575.75,578.5,584.25,571.25,45.71K,-0.48%
16/09/24,578.5,594.75,596,574.25,80.58K,1.27%
13/09/24,571.25,571.25,571.25,571.25,,1.47%
12/09/24,563,563,563,563,0.00K,-0.13%
11/09/24,563.75,563.75,563.75,563.75,0.01K,0.89%
10/09/24,558.75,554.75,554.75,554.75,0.01K,0.59%
09/09/24,555.5,555.5,555.5,555.5,0.00K,0.41%
06/09/24,553.25,565.75,565.75,552.25,0.43K,-1.38%
05/09/24,561,565.5,565.5,557,0.12K,-0.75%
04/09/24,565.25,551.5,568.75,551.5,0.16K,2.40%
03/09/24,552,531.5,551.75,530.5,0.43K,3.61%
30/08/24,532.75,522.5,534.75,522.5,0.83K,1.48%
29/08/24,525,513,524,508.25,12.49K,2.09%
28/08/24,514.25,507,516,505.5,19.34K,1.18%
27/08/24,508.25,497.25,510.75,493.5,31.51K,2.06%
26/08/24,498,505.25,506,495.5,39.32K,-0.85%
23/08/24,502.25,512,513.75,501.25,48.97K,-1.71%
22/08/24,511,521.25,524,502.5,44.56K,-1.68%
21/08/24,519.75,533.75,536.5,519,35.07K,-2.49%
20/08/24,533,528,535.5,525.75,43.75K,0.90%
19/08/24,528.25,530.5,531.25,521.75,46.03K,-0.33%
16/08/24,530,527.25,533.5,523.25,52.85K,0.33%
15/08/24,528.25,535.75,547.75,527,69.56K,-1.22%
14/08/24,534.75,529.25,537.25,524,84.25K,1.13%
13/08/24,528.75,538,538.25,525,67.77K,-1.49%
12/08/24,536.75,542.75,547,528,84.75K,-1.06%
09/08/24,542.5,537.25,552,536.25,82.40K,0.93%
08/08/24,537.5,537.75,544.5,532.5,67.63K,-0.14%
07/08/24,538.25,544,548.75,534.75,79.91K,-0.92%
06/08/24,543.25,540,548.75,531.5,59.18K,0.70%
05/08/24,539.5,540.25,541.5,519.75,60.22K,0.09%
02/08/24,539,532,540.5,528.5,51.48K,1.32%
01/08/24,532,526.75,534.75,519.75,56.99K,0.90%
31/07/24,527.25,523,534,515.5,60.81K,0.62%
30/07/24,524,528.75,529.5,517,50.33K,-1.32%
29/07/24,531,523.5,532.75,514.25,53.53K,1.43%
26/07/24,523.5,537,541.25,522,56.59K,-2.65%
25/07/24,537.75,546.75,549.75,536.25,44.81K,-1.69%
24/07/24,547,542.5,555.5,537.25,51.66K,0.78%
23/07/24,542.75,547.75,552,540.5,41.16K,-0.96%
22/07/24,548,545.25,553.5,540.25,48.55K,0.97%
19/07/24,542.75,534.75,556.25,530.5,67.05K,1.40%
18/07/24,535.25,540.75,546.5,533,50.52K,-0.74%
17/07/24,539.25,530.5,546.5,528,52.56K,1.60%
16/07/24,530.75,531.25,537.5,525.25,63.37K,-0.33%
15/07/24,532.5,551,552.5,531,76.57K,-1.02%
12/07/24,538,538,538,538,0.09K,-2.93%
11/07/24,554.25,543.5,561.25,543.5,0.03K,1.98%
10/07/24,543.5,542,547.25,542,0.08K,-1.94%
09/07/24,554.25,554.25,554.25,554.25,0.05K,0.23%
08/07/24,553,552.25,553,552.25,0.07K,-3.36%
05/07/24,572.25,573,573,573,0.13K,3.20%
03/07/24,554.5,563.75,563.75,558.5,0.19K,-1.25%
02/07/24,561.5,562,562,562,0.28K,-1.36%
01/07/24,569.25,556.5,568,552.75,0.34K,2.85%
28/06/24,553.5,559.25,565,547,1.45K,-1.12%
27/06/24,559.75,540.5,562.5,539.5,18.21K,3.42%
26/06/24,541.25,539.75,552.75,538,19.70K,-0.09%
25/06/24,541.75,552.5,556,539.75,29.81K,-1.95%
24/06/24,552.5,562,563,546.5,36.64K,-1.60%
21/06/24,561.5,571.25,579.25,557.75,67.57K,-1.96%
20/06/24,572.75,582,582.75,565.5,66.90K,-1.59%
18/06/24,582,590,595.25,580,59.96K,-1.61%
17/06/24,591.5,607.75,610.25,590.25,71.03K,-3.47%
14/06/24,612.75,618.25,622.5,611,73.73K,-1.17%
13/06/24,620,614.5,627.25,612.5,77.15K,0.49%
12/06/24,617,626,627.75,610.5,84.29K,-1.52%
11/06/24,626.5,606.75,633,605.5,132.29K,3.13%
10/06/24,607.5,626,627,606.25,119.71K,-3.19%
07/06/24,627.5,639.5,639.5,618.25,131.16K,-1.88%
06/06/24,639.5,649.75,654,638.25,83.05K,-1.12%
05/06/24,646.75,659.25,664.25,642.75,84.83K,-1.75%
04/06/24,658.25,672.5,681.25,657.75,82.16K,-2.16%
03/06/24,672.75,678,697.75,667.5,84.11K,-0.85%
31/05/24,678.5,680.5,691.5,673.75,54.29K,-0.37%
30/05/24,681,692.75,693.75,673.25,68.98K,-1.70%
29/05/24,692.75,701.5,706.25,688.5,63.29K,-1.07%
28/05/24,700.25,713,720,693.75,73.68K,0.43%
24/05/24,697.25,701.25,706,689,70.62K,-0.11%
23/05/24,698,694,702.5,682.5,68.18K,0.72%
22/05/24,693,697.25,716.75,688.5,89.82K,-0.65%
21/05/24,697.5,687.5,700.75,682,88.26K,1.27%
20/05/24,688.75,654,691.25,654,93.31K,5.76%
17/05/24,651.25,662.5,676.5,650.25,62.41K,-1.81%
16/05/24,663.25,664.25,681.5,656.75,68.48K,-0.38%
15/05/24,665.75,674.25,697,662.25,89.54K,1.33%
14/05/24,657,657,657,657,0.02K,-1.98%
13/05/24,670.25,648,648,645.75,0.03K,3.79%
10/05/24,645.75,645.25,647,645.25,0.06K,4.20%
09/05/24,619.75,624.25,624.25,624,0.13K,0.61%
08/05/24,616,616,616,616,0.02K,-1.40%
07/05/24,624.75,635,635,632.75,0.05K,-1.19%
06/05/24,632.25,627.5,630,627.5,0.15K,4.33%
03/05/24,606,603.25,632.5,603,0.23K,3.32%
02/05/24,586.5,592.75,592.75,580.75,0.07K,0.86%
01/05/24,581.5,580.25,582.25,579,0.51K,-0.60%
30/04/24,585,587,587,577.75,1.41K,-0.89%
29/04/24,590.25,595.75,604.75,582.75,17.08K,-2.15%
26/04/24,603.25,602,614.5,598.25,28.60K,0.17%
25/04/24,602.25,594,605,593.5,25.97K,1.30%
24/04/24,594.5,583.25,598.5,578.75,27.55K,1.62%
23/04/24,585,572,586,565.75,42.55K,2.59%
22/04/24,570.25,549,579.5,548.75,50.92K,3.63%
19/04/24,550.25,536.75,558.75,536,29.39K,2.52%
18/04/24,536.75,538,544,534.25,35.42K,-0.05%
17/04/24,537,550.5,555,536,38.90K,-2.32%
16/04/24,549.75,550.75,557,542.5,53.01K,-0.36%
15/04/24,551.75,555.25,556,544.25,46.71K,-0.76%
12/04/24,556,552.5,562.5,549.5,63.72K,0.77%
11/04/24,551.75,558,559.75,548.25,73.57K,-1.21%
10/04/24,558.5,558.5,567.25,555.75,68.51K,0.13%
09/04/24,557.75,563,564.25,553.5,73.16K,-1.41%
08/04/24,565.75,570.25,573.75,559.5,90.13K,-0.26%
05/04/24,567.25,556,574.75,555,106.58K,1.98%
04/04/24,556.25,556,562.5,549.5,61.30K,0.04%
03/04/24,556,545,559.75,540.25,58.69K,1.97%
02/04/24,545.25,557.5,562.75,543.5,64.53K,-2.11%
01/04/24,557,562,562.75,547.25,43.70K,-0.80%
29/03/24,561.5,561.5,561.5,561.5,,0.22%
28/03/24,560.25,546.5,568.5,544.5,72.67K,2.33%
27/03/24,547.5,543.25,549.5,538.5,40.13K,0.74%
26/03/24,543.5,555,557.5,542.75,39.84K,-2.07%
25/03/24,555,559,567,549.5,63.15K,0.05%
22/03/24,554.75,548.5,559.25,539.5,58.44K,1.46%
21/03/24,546.75,546,552.5,540.25,43.72K,0.32%
20/03/24,545,551.75,553,537,52.84K,-1.36%
19/03/24,552.5,542.75,553.75,539,52.07K,1.80%
18/03/24,542.75,531.25,544,527,57.98K,2.70%
15/03/24,528.5,532,537.5,526.75,40.45K,1.73%
14/03/24,519.5,519.5,519.5,519.5,0.02K,-2.40%
13/03/24,532.25,534.5,535.25,534,0.02K,-0.61%
12/03/24,535.5,541,544.75,538,0.04K,-0.37%
11/03/24,537.5,526.75,526.75,526,0.03K,2.04%
08/03/24,526.75,528.5,528.5,528.5,0.02K,1.15%
07/03/24,520.75,526.5,526.5,523.25,0.25K,-0.10%
06/03/24,521.25,519.75,519.75,519.75,0.21K,-4.49%
05/03/24,545.75,554.75,554.75,547.5,0.03K,-3.15%
04/03/24,563.5,564,564,564,0.11K,0.63%
01/03/24,560,577.75,577.75,558.25,0.55K,-3.03%
29/02/24,577.5,570,582,567,1.25K,1.14%
28/02/24,571,586.5,588,569.75,13.39K,-2.56%
27/02/24,586,576,591.75,575.5,15.96K,1.52%
26/02/24,577.25,573.5,578.75,562,23.80K,0.65%
23/02/24,573.5,584.75,592.5,572.5,30.81K,-1.67%
22/02/24,583.25,582,600,579.75,40.23K,0.00%
21/02/24,583.25,581.75,584.75,574,35.04K,0.09%
20/02/24,582.75,558.5,585,555.25,53.10K,3.97%
16/02/24,560.5,566,571.75,556.75,53.03K,-1.15%
15/02/24,567,585.75,585.75,565.25,79.70K,-3.16%
14/02/24,585.5,597.25,597.75,577.5,84.59K,-2.01%
13/02/24,597.5,597,603.5,592.25,82.48K,0.00%
12/02/24,597.5,596.25,603,588.5,69.03K,0.13%
09/02/24,596.75,591.25,605.5,588,100.82K,1.40%
08/02/24,588.5,601.25,602,583.75,78.67K,-2.24%
07/02/24,602,594.75,606.75,590.75,79.58K,1.18%
06/02/24,595,590.5,597.5,588,47.58K,0.80%
05/02/24,590.25,600,601.75,586.75,51.24K,-1.58%
02/02/24,599.75,601.5,611.5,595.75,66.72K,-0.29%
01/02/24,601.5,595.25,603,587,62.58K,1.05%
31/01/24,595.25,605,605,591.75,43.15K,-1.69%
30/01/24,605.5,593.5,606.75,584.5,51.99K,2.02%
29/01/24,593.5,601.25,601.75,587.5,41.48K,-1.12%
26/01/24,600.25,612,614,592.25,69.59K,-1.96%
25/01/24,612.25,611.5,617.25,606.5,54.71K,0.25%
24/01/24,610.75,598,612.25,596.5,56.70K,2.39%
23/01/24,596.5,596,606.75,593.75,42.18K,0.00%
22/01/24,596.5,593.5,600.25,587,36.37K,0.55%
19/01/24,593.25,586.25,598,584.75,48.39K,1.32%
18/01/24,585.5,583.5,587,573.25,50.95K,0.52%
17/01/24,582.5,581.5,595.75,577.75,69.55K,0.09%
16/01/24,582,596,602.25,576.75,61.37K,-2.35%
12/01/24,596,604,611.75,587.25,82.71K,-1.28%
11/01/24,603.75,610,614.75,602,38.91K,-1.15%
10/01/24,610.75,610.25,612,603.75,40.39K,0.12%
09/01/24,610,596,613.75,594,57.13K,2.31%
08/01/24,596.25,617,617.25,593,70.38K,-3.21%
05/01/24,616,613,621.5,611.5,43.10K,0.41%
04/01/24,613.5,601.5,614.5,591.25,63.69K,2.21%
03/01/24,600.25,608,609.75,598.25,64.00K,-1.07%
02/01/24,606.75,628.75,628.75,604.75,61.47K,-3.38%
29/12/23,628,631,633.5,621.5,34.75K,-0.55%
28/12/23,631.5,624.25,636.25,621.75,32.25K,1.36%
27/12/23,623,636,637.5,619.25,38.06K,-2.08%
26/12/23,636.25,615,639.75,611.5,40.67K,3.25%
22/12/23,616.25,612.5,618.25,610.75,26.13K,0.61%
21/12/23,612.5,611.5,617.25,610.25,33.65K,0.41%
20/12/23,610,622.5,625.25,609,39.37K,-2.05%
19/12/23,622.75,618.25,624.25,611.25,42.92K,0.93%
18/12/23,617,629.75,632,614.75,43.59K,-1.95%
15/12/23,629.25,616,630,610.75,52.71K,5.93%
14/12/23,594,608,619.5,606.5,0.15K,1.50%
13/12/23,585.25,624.25,626.5,602.5,0.21K,-3.58%
12/12/23,607,609.75,628.75,608.25,0.15K,2.66%
11/12/23,591.25,632,633.25,607.25,0.20K,-3.86%
08/12/23,615,618.75,619,618,0.02K,-1.76%
07/12/23,626,622.75,622.75,622.75,0.09K,1.66%
06/12/23,615.75,625.75,634,621.75,0.05K,-0.81%
05/12/23,620.75,601,619.25,597.75,0.58K,4.20%
04/12/23,595.75,583,583,583,0.37K,3.25%
01/12/23,577,569.25,577.5,569.25,0.67K,1.18%
30/11/23,570.25,557.5,570.25,555.5,1.56K,2.56%
29/11/23,556,544.5,559,542.75,19.77K,2.25%
28/11/23,543.75,534,545.5,528,31.63K,1.78%
27/11/23,534.25,550,552.75,527.5,41.48K,-2.64%
24/11/23,548.75,555,555.75,546.5,26.20K,-1.26%
22/11/23,555.75,556,563.5,554.5,29.11K,0.14%
21/11/23,555,544,557,541.75,43.24K,2.12%
20/11/23,543.5,550.75,554,541,42.77K,-1.32%
17/11/23,550.75,555.75,557.75,547,51.40K,-0.50%
16/11/23,553.5,562.25,562.5,547,57.40K,-1.25%
15/11/23,560.5,572.75,579.25,557,83.31K,-2.01%
14/11/23,572,581,585,570.25,65.17K,-1.21%
13/11/23,579,575,582,567.25,80.61K,0.65%
10/11/23,575.25,581.75,583,570.75,68.74K,-0.95%
09/11/23,580.75,590,592.5,573,85.08K,-1.94%
08/11/23,592.25,571.5,598.75,570.25,144.37K,3.86%
07/11/23,570.25,574,582.25,564.5,106.30K,-0.96%
06/11/23,575.75,573,577.75,566.5,68.70K,0.57%
03/11/23,572.5,565.75,574.5,563.75,41.97K,1.24%
02/11/23,565.5,562.25,569.5,557.25,53.49K,0.67%
01/11/23,561.75,557.5,564.75,554.75,58.78K,0.99%
31/10/23,556.25,568.25,568.5,554.5,72.02K,-1.72%
30/10/23,566,576,577,565.25,60.51K,-1.65%
27/10/23,575.5,580.25,582.5,571,48.61K,-0.69%
26/10/23,579.5,569.25,580.5,563.25,72.44K,1.93%
25/10/23,568.5,580,586.25,567,57.95K,-2.07%
24/10/23,580.5,587.75,588,572.75,47.63K,-1.15%
23/10/23,587.25,586.5,595.25,582,48.39K,0.21%
20/10/23,586,594,604.5,583.25,81.52K,-1.35%
19/10/23,594,579.75,594.5,576.5,65.38K,2.37%
18/10/23,580.25,572.5,584,571.25,52.74K,1.71%
17/10/23,570.5,577,582.25,568.5,53.41K,-1.17%
16/10/23,577.25,580,588.5,575.25,56.77K,-0.43%
13/10/23,579.75,572,586.25,569.5,87.48K,1.44%
12/10/23,571.5,557.25,574.5,547.25,83.01K,2.79%
11/10/23,556,559,560.75,551,43.90K,-0.45%
10/10/23,558.5,573.75,574.75,555.5,48.42K,-2.49%
09/10/23,572.75,573.25,581.5,570,46.09K,0.79%
06/10/23,568.25,576,580.25,566.5,50.14K,-1.73%
05/10/23,578.25,559.75,580.25,559,69.81K,3.26%
04/10/23,560,567.5,569.75,551.75,66.48K,-1.50%
03/10/23,568.5,568.25,575,562.75,75.41K,0.66%
02/10/23,564.75,545,567,541.25,96.36K,4.29%
29/09/23,541.5,579.5,585.5,540,123.78K,-6.44%
28/09/23,578.75,580.5,583.5,575.25,43.97K,-0.13%
27/09/23,579.5,589.25,594.5,578.5,55.81K,-1.61%
26/09/23,589,589,596.75,583.25,48.88K,0.00%
25/09/23,589,577,590,573.75,44.70K,1.64%
22/09/23,579.5,576.5,582.5,572.75,45.56K,0.65%
21/09/23,575.75,589,590.25,575,50.33K,-2.21%
20/09/23,588.75,585.25,596.25,581.5,63.64K,0.81%
19/09/23,584,588,592.75,581,58.59K,-1.23%
18/09/23,591.25,604,604.25,587,64.92K,-2.15%
15/09/23,604.25,594.25,607.5,591.75,65.39K,6.48%
14/09/23,567.5,595.5,597.75,583.5,0.10K,-0.26%
13/09/23,569,562.5,565.5,562.5,0.04K,1.56%
12/09/23,560.25,557.25,557.25,548,0.17K,0.76%
11/09/23,556,561.5,561.5,558,0.19K,-1.98%
08/09/23,567.25,600,602.75,590.5,0.05K,-0.74%
07/09/23,571.5,578.25,585,578.25,0.15K,-1.64%
06/09/23,581,577.5,587,576.5,0.31K,1.48%
05/09/23,572.5,569.25,575,567,0.10K,0.88%
01/09/23,567.5,574,585,571,0.73K,-0.96%
31/08/23,573,574,582.75,566,1.70K,-0.65%
30/08/23,576.75,572.75,579.5,564.5,12.82K,1.23%
29/08/23,569.75,588,589,568.75,27.77K,-3.10%
28/08/23,588,593.5,599.25,584,21.64K,-0.88%
25/08/23,593.25,604.5,609.75,587.5,29.00K,-1.78%
24/08/23,604,614.75,615,598.25,21.79K,-1.39%
23/08/23,612.5,604.25,617,598.25,22.59K,1.79%
22/08/23,601.75,599,610.75,594.5,26.01K,0.42%
21/08/23,599.25,618,620.75,595.75,24.48K,-2.28%
18/08/23,613.25,589,615.75,588.5,32.90K,4.03%
17/08/23,589.5,599.75,601.25,586.25,31.44K,-1.38%
16/08/23,597.75,598.75,607.5,591.5,41.34K,-0.13%
15/08/23,598.5,618.5,619,595.75,52.40K,-2.84%
14/08/23,616,632.75,635,605.25,56.04K,-1.72%
11/08/23,626.75,638,639.75,624.25,72.25K,-1.72%
10/08/23,637.75,637.25,644,635,67.43K,0.43%
09/08/23,635,655.5,658.25,633.5,70.50K,-3.24%
08/08/23,656.25,657.5,662.25,643,81.63K,-0.19%
07/08/23,657.5,646,663.75,636,104.53K,3.87%
04/08/23,633,627.75,653.75,627.25,70.99K,0.96%
03/08/23,627,639.25,648.25,626.25,65.70K,-2.03%
02/08/23,640,654.5,684,636,90.38K,-1.88%
01/08/23,652.25,670,675,643.25,69.42K,-2.03%
31/07/23,665.75,702.5,703,660.25,104.58K,-5.47%
28/07/23,704.25,714.75,720.25,689,74.61K,-1.19%
27/07/23,712.75,723.25,740,711.75,75.10K,-1.01%
26/07/23,720,757,757.5,709,105.76K,-5.29%
25/07/23,760.25,754.25,777.25,736.5,107.92K,0.36%
24/07/23,757.5,702,757.5,698.75,96.76K,8.60%
21/07/23,697.5,724.75,733.25,693.5,95.07K,-4.06%
20/07/23,727,725,750.75,711.25,136.38K,-0.10%
19/07/23,727.75,669,730.75,664,148.75K,8.50%
18/07/23,670.75,649.25,675,642.25,54.95K,2.60%
17/07/23,653.75,666,689.25,651,73.58K,1.91%
14/07/23,641.5,639.5,663.25,637.75,0.05K,2.23%
13/07/23,627.5,614.25,625,614.25,0.02K,1.01%
12/07/23,621.25,645,645,625,0.01K,-4.35%
11/07/23,649.5,645,650,642.75,0.12K,2.08%
10/07/23,636.25,641.75,645.75,637.5,0.02K,-0.51%
07/07/23,639.5,642.75,646.75,642.75,0.06K,-1.16%
06/07/23,647,654.5,654.75,640.75,0.19K,-2.27%
05/07/23,662,640,658,635,0.29K,5.33%
03/07/23,628.5,630,642.25,628.25,0.69K,-1.22%
30/06/23,636.25,654,663.75,634.25,1.37K,-2.57%
29/06/23,653,655.5,663.75,650.75,13.94K,-0.42%
28/06/23,655.75,684.75,692.5,653.25,19.74K,-4.27%
27/06/23,685,724.25,725.75,681.5,21.84K,-5.42%
26/06/23,724.25,734.25,756.75,719,37.36K,-1.23%
23/06/23,733.25,737,737.75,718.75,52.47K,-0.78%
22/06/23,739,730.25,747,725.5,49.75K,0.61%
21/06/23,734.5,700.5,735.5,699.25,59.23K,5.57%
20/06/23,695.75,687,700,676.25,76.04K,1.13%
16/06/23,688,659.75,697,656,99.94K,4.01%
15/06/23,661.5,629,665.25,628.25,72.09K,4.96%
14/06/23,630.25,638,639,625,70.76K,-0.94%
13/06/23,636.25,634.5,649.25,626.75,106.16K,0.39%
12/06/23,633.75,629.75,638.75,622.25,91.97K,0.56%
09/06/23,630.25,624.5,632.25,618.5,113.04K,0.64%
08/06/23,626.25,616,629,611.25,98.91K,1.54%
07/06/23,616.75,626.5,635.5,613.25,89.27K,-1.75%
06/06/23,627.75,624.25,648,621.25,113.88K,0.60%
05/06/23,624,621.5,631.5,615.5,69.49K,0.81%
02/06/23,619,610.25,622.5,602.25,69.36K,1.35%
01/06/23,610.75,594.25,617.5,593,80.03K,2.78%
31/05/23,594.25,591.5,595,573.25,73.77K,0.55%
30/05/23,591,616.75,616.75,588.75,74.48K,-4.06%
26/05/23,616,606,618.5,602.5,48.35K,1.94%
25/05/23,604.25,607,616.5,599,53.31K,-0.33%
24/05/23,606.25,621,624.5,602.25,61.47K,-2.57%
23/05/23,622.25,607.5,624.75,594.25,57.43K,2.64%
22/05/23,606.25,607.75,613.75,596.25,60.94K,0.21%
19/05/23,605,611,620.75,602,62.74K,-1.10%
18/05/23,611.75,626.25,626.5,605.5,59.51K,-2.20%
17/05/23,625.5,646.75,654.25,616,98.46K,-3.40%
16/05/23,647.5,661.75,664.25,640,62.56K,-2.01%
15/05/23,660.75,635,663.75,632.5,67.50K,5.80%
12/05/23,624.5,628,654,626,0.07K,1.67%
11/05/23,614.25,617.5,617.5,617.5,0.02K,-2.23%
10/05/23,628.25,643.75,647.75,629.75,0.04K,-0.36%
09/05/23,630.5,628,628,628,0.01K,-1.64%
08/05/23,641,647.5,647.5,641,0.02K,-0.93%
05/05/23,647,646,663.5,643.75,0.08K,2.45%
04/05/23,631.5,624,625.25,624,0.19K,0.84%
03/05/23,626.25,596,620.75,596,0.35K,5.16%
02/05/23,595.5,612,612.75,596.5,0.41K,-1.37%
01/05/23,603.75,620,620,599.5,1.11K,-2.58%
28/04/23,619.75,611.75,623,610.25,1.02K,0.81%
27/04/23,614.75,628.75,630.75,610.5,18.40K,-1.99%
26/04/23,627.25,639.75,643,626.5,18.04K,-1.80%
25/04/23,638.75,643.5,646.75,628.25,26.65K,-0.74%
24/04/23,643.5,669.25,669.5,643.25,25.97K,-2.76%
21/04/23,661.75,667.75,673.25,658,34.37K,-0.90%
20/04/23,667.75,683,684.75,666.5,36.94K,-2.05%
19/04/23,681.75,699,699,680.75,31.37K,-2.33%
18/04/23,698,693.5,707,689.25,44.59K,0.22%
17/04/23,696.5,686.25,697,674.5,71.09K,2.05%
14/04/23,682.5,668.75,685.25,661.25,81.45K,2.32%
13/04/23,667,680.75,680.75,664.5,91.66K,-1.84%
12/04/23,679.5,673,683.75,673,111.54K,0.82%
11/04/23,674,680.25,686,666.25,114.95K,-0.66%
10/04/23,678.5,684.5,687.5,668.25,67.55K,0.44%
07/04/23,675.5,675.5,675.5,675.5,,0.00%
06/04/23,675.5,682.25,685,671.25,55.62K,-0.95%
05/04/23,682,693,693.25,675,56.29K,-1.37%
04/04/23,691.5,697,701.5,688,44.90K,-0.29%
03/04/23,693.5,697,710,691.5,51.07K,0.18%
31/03/23,692.25,692.5,701.25,681,58.01K,0.00%
30/03/23,692.25,705.25,710,690.25,45.51K,-1.77%
29/03/23,704.75,698.25,724,696.5,77.19K,0.71%
28/03/23,699.75,698.5,704.75,691.5,51.08K,0.25%
27/03/23,698,691,706.5,680.25,58.96K,1.38%
24/03/23,688.5,660.25,700.5,656.25,114.50K,4.00%
23/03/23,662,663,675.5,657.25,56.07K,-0.23%
22/03/23,663.5,682.5,684,654,89.22K,-2.89%
21/03/23,683.25,700,705.5,680.25,68.06K,-2.50%
20/03/23,700.75,708.5,708.5,695.25,61.28K,-1.37%
17/03/23,710.5,697.25,712.5,697.25,58.01K,1.65%
16/03/23,699,704,704,691.5,43.89K,-0.53%
15/03/23,702.75,697.25,706,692.75,50.73K,2.37%
14/03/23,686.5,683,699.75,677.5,0.04K,2.12%
13/03/23,672.25,660.5,660.75,660.5,0.03K,0.82%
10/03/23,666.75,662.25,662.25,662.25,0.04K,2.03%
09/03/23,653.5,689,691.5,664.25,0.04K,-3.11%
08/03/23,674.5,698,699.5,684.25,0.03K,-1.50%
07/03/23,684.75,696.5,703.5,689.5,0.06K,0.33%
06/03/23,682.5,690.75,692.25,684.75,0.02K,-1.90%
03/03/23,695.75,698.75,698.75,696.75,0.13K,-0.78%
02/03/23,701.25,702.5,706.5,702.5,0.17K,0.61%
01/03/23,697,691.25,698.75,691.25,0.21K,0.80%
28/02/23,691.5,694,699.5,687,1.97K,-0.65%
27/02/23,696,708.25,710,691.25,24.59K,-1.73%
24/02/23,708.25,740.5,741,703,29.66K,-4.06%
23/02/23,738.25,735.5,745,734.25,29.84K,0.24%
22/02/23,736.5,751.75,754,733,38.93K,-1.87%
21/02/23,750.5,765.75,773.25,749.5,49.78K,-1.86%
20/02/23,764.75,764.75,764.75,764.75,,0.00%
19/02/23,764.75,764.75,764.75,764.75,,-0.10%
17/02/23,765.5,765,771.5,759.5,32.06K,0.07%
16/02/23,765,767.5,771.5,762.25,34.05K,-0.55%
15/02/23,769.25,786,787.25,766.75,55.48K,-2.13%
14/02/23,786,790,797.5,783.5,64.64K,-0.76%
13/02/23,792,789,796,776,88.27K,0.76%
10/02/23,786,755,790,755,109.95K,3.80%
09/02/23,757.25,764.75,770.5,754.75,75.20K,-0.98%
08/02/23,764.75,750,766,747.75,90.20K,2.00%
07/02/23,749.75,750,757,744.25,70.66K,-0.07%
06/02/23,750.25,758,766.5,745.5,56.43K,-0.86%
03/02/23,756.75,759.75,776.5,750.75,72.37K,-0.56%
02/02/23,761,757.5,770.75,750.5,59.11K,0.16%
01/02/23,759.75,760.75,762.5,744.5,60.03K,-0.20%
31/01/23,761.25,752.5,766.75,742,59.64K,1.16%
30/01/23,752.5,753,762.5,743.5,43.81K,0.33%
27/01/23,750,752.25,753.25,744.25,41.13K,-0.33%
26/01/23,752.5,741,758,738,47.21K,1.52%
25/01/23,741.25,735,746.5,734.75,41.25K,0.92%
24/01/23,734.5,720.5,739,719.75,44.24K,2.01%
23/01/23,720,738,740.5,712.5,64.00K,-2.90%
20/01/23,741.5,735,743,727.75,35.44K,0.95%
19/01/23,734.5,741.75,748.75,733.5,39.22K,-1.08%
18/01/23,742.5,749,760.25,740.25,45.15K,-1.23%
17/01/23,751.75,742.5,755.75,728.75,48.65K,1.08%
13/01/23,743.75,743.5,748.5,737.25,34.23K,0.13%
12/01/23,742.75,739,747.25,723,64.69K,0.37%
11/01/23,740,730.25,742.25,724.5,37.16K,1.23%
10/01/23,731,741.25,742.5,720.5,59.34K,-1.42%
09/01/23,741.5,748,758,740.25,45.49K,-0.27%
06/01/23,743.5,748.5,756.75,742.5,28.67K,-0.44%
05/01/23,746.75,746,752,736,36.79K,0.17%
04/01/23,745.5,780.5,780.5,744.25,51.98K,-3.87%
03/01/23,775.5,786,794.5,769.75,50.14K,-2.08%
30/12/22,792,775.5,799,771.5,34.78K,2.33%
29/12/22,774,785,786.5,765.5,35.94K,-1.46%
28/12/22,785.5,774.5,787.5,770.75,33.18K,1.42%
27/12/22,774.5,781.25,784.5,769,28.36K,-0.19%
23/12/22,776,762,778,758,25.95K,1.80%
22/12/22,762.25,766.75,777,758,34.65K,-0.72%
21/12/22,767.75,750,774.5,748.75,52.90K,2.30%
20/12/22,750.5,747.25,761.5,744.75,38.34K,0.27%
19/12/22,748.5,755,759.75,738.75,39.78K,-0.66%
16/12/22,753.5,758.25,764.25,750.75,32.61K,-0.50%
15/12/22,757.25,749.75,767,745,51.21K,3.98%
14/12/22,728.25,750,751.75,737.75,0.07K,-0.07%
13/12/22,728.75,741,742.5,741,0.10K,-0.58%
12/12/22,733,741.75,760,738.25,0.26K,2.84%
09/12/22,712.75,749.75,752.5,730.75,0.05K,-1.59%
08/12/22,724.25,721,726.75,721,0.23K,-0.38%
07/12/22,727,727.25,728.75,727.25,0.41K,3.05%
06/12/22,705.5,715.75,715.75,702.5,0.24K,-1.40%
05/12/22,715.5,730.5,730.5,722.25,0.13K,-2.95%
02/12/22,737.25,750,750,738.5,0.52K,-2.83%
01/12/22,758.75,767.5,767.5,757.25,0.84K,-1.65%
30/11/22,771.5,760,772.75,757.25,2.25K,1.81%
29/11/22,757.75,755.5,769,753.75,16.74K,0.13%
28/11/22,756.75,771.25,774.25,750.25,41.78K,-2.42%
25/11/22,775.5,790.75,799.75,771,22.50K,-2.13%
24/11/22,792.38,793.25,793.25,791.62,,-0.14%
23/11/22,793.5,791.75,797.5,781.25,21.45K,0.25%
22/11/22,791.5,799,806.75,790,22.21K,-0.97%
21/11/22,799.25,805.25,808.75,786,32.91K,-0.50%
18/11/22,803.25,806.75,816.5,800.25,30.56K,-0.43%
17/11/22,806.75,818.25,818.25,793.75,40.77K,-1.31%
16/11/22,817.5,829.5,829.75,801.5,48.02K,-1.30%
15/11/22,828.25,818.5,843,799.25,73.69K,1.19%
14/11/22,818.5,813,828.75,804.75,45.11K,0.58%
11/11/22,813.75,804.25,819.5,799.5,75.49K,1.28%
10/11/22,803.5,806.75,815.75,795.5,77.22K,-0.37%
09/11/22,806.5,829.25,834,805.25,95.23K,-2.57%
08/11/22,827.75,847.75,855,824.75,72.92K,-2.13%
07/11/22,845.75,851,863.75,834,76.86K,-0.24%
04/11/22,847.75,842,855.5,834,43.97K,0.86%
03/11/22,840.5,844.75,849,827.75,48.03K,-0.65%
02/11/22,846,898.5,902,837.75,96.13K,-6.26%
01/11/22,902.5,878.5,904,867.75,74.35K,2.30%
31/10/22,882.25,884.5,893.25,853.75,98.98K,6.39%
28/10/22,829.25,839.75,840.25,822.5,33.95K,-1.10%
27/10/22,838.5,843.5,858,833.5,36.09K,-0.24%
26/10/22,840.5,836.25,846.5,824,39.25K,0.69%
25/10/22,834.75,840,844.75,826.75,40.78K,-0.48%
24/10/22,838.75,853.75,856.5,833.5,38.01K,-1.41%
21/10/22,850.75,850.25,863,833,41.91K,0.18%
20/10/22,849.25,844.5,855.75,836.75,34.08K,0.95%
19/10/22,841.25,847,862.75,835.5,39.81K,-0.97%
18/10/22,849.5,862,866,832.75,46.28K,-1.34%
17/10/22,861,860,877.75,855.25,42.65K,0.15%
14/10/22,859.75,894.25,898.75,857.25,45.07K,-3.64%
13/10/22,892.25,883.75,906.25,863,63.57K,1.13%
12/10/22,882.25,902,903.75,876.25,44.74K,-2.08%
11/10/22,901,934,936.75,898,65.15K,-3.94%
10/10/22,938,895.25,949.75,891.5,77.24K,6.56%
07/10/22,880.25,883.25,896.75,872.5,38.14K,0.14%
06/10/22,879,905.75,907.75,873.25,46.42K,-2.55%
05/10/22,902,903.25,919.75,894.25,39.96K,-0.11%
04/10/22,903,916.25,927,897.5,50.52K,-0.99%
03/10/22,912,930,938.75,908.5,52.40K,-1.03%
30/09/22,921.5,899.75,945.75,892.75,78.14K,2.82%
29/09/22,896.25,902.5,914.5,887.75,41.36K,-0.77%
28/09/22,903.25,874.25,905,862,51.30K,3.64%
27/09/22,871.5,857.5,894.5,857,48.80K,1.57%
26/09/22,858,877,890.75,854.25,48.79K,-2.56%
23/09/22,880.5,908.75,913,876,54.24K,-3.32%
22/09/22,910.75,896.5,922.5,891,59.59K,0.77%
21/09/22,903.75,886.5,919.5,873,91.30K,1.12%
20/09/22,893.75,827.75,896.75,825.5,72.77K,7.62%
19/09/22,830.5,857.25,861.25,819.25,46.38K,-3.40%
16/09/22,859.75,846.75,866.5,830.75,47.24K,1.75%
15/09/22,845,874,884.75,843.25,52.97K,-1.02%
14/09/22,853.75,862.5,874.75,849.25,0.03K,1.31%
13/09/22,842.75,850,850,839,0.03K,0.18%
12/09/22,841.25,852.5,852.5,837,0.05K,-1.41%
09/09/22,853.25,810,849.75,810,0.04K,5.27%
08/09/22,810.5,815,816.5,805.5,0.31K,-1.94%
07/09/22,826.5,802.25,855,802.25,0.39K,3.31%
06/09/22,800,795.5,800.75,794.25,0.39K,-1.51%
05/09/22,812.25,812.25,812.25,812.25,,0.53%
04/09/22,808,808,808,808,,1.89%
02/09/22,793,793.75,795.25,790,0.44K,2.26%
01/09/22,775.5,802.75,806,773,1.05K,-4.14%
31/08/22,809,794.75,812.25,788.75,1.71K,1.35%
30/08/22,798.25,818.5,824,794,12.22K,-2.65%
29/08/22,820,785.75,827,774.75,23.87K,4.49%
26/08/22,784.75,764.5,792.25,764,28.06K,1.95%
25/08/22,769.75,794.75,803.5,766.5,18.25K,-3.18%
24/08/22,795,782.25,799.75,775,23.60K,1.56%
23/08/22,782.75,770,802.5,767.25,26.88K,1.59%
22/08/22,770.5,754,774,744.5,22.52K,2.29%
19/08/22,753.25,733,756.75,727.25,18.90K,2.97%
18/08/22,731.5,764.75,766.5,725.75,38.27K,-4.16%
17/08/22,763.25,785.25,797,759.5,29.95K,-2.89%
16/08/22,786,799,810.5,782.5,25.48K,-1.84%
15/08/22,800.75,802,804.5,778,29.78K,-0.65%
12/08/22,806,811.25,811.25,782.25,40.65K,-0.59%
11/08/22,810.75,800,820.75,794.5,63.67K,1.38%
10/08/22,799.75,781.5,808.5,780.25,68.23K,2.34%
09/08/22,781.5,785.75,801.25,772.75,59.02K,0.22%
08/08/22,779.75,776.5,793.75,760.75,64.41K,0.52%
05/08/22,775.75,782,796.75,769.75,51.60K,-0.86%
04/08/22,782.5,768,789.5,758.25,46.77K,2.45%
03/08/22,763.75,774,790.25,752,51.39K,-1.42%
02/08/22,774.75,795,795.75,772.75,47.23K,-3.19%
01/08/22,800.25,812.75,820.25,781.25,41.08K,-0.93%
29/07/22,807.75,817,845.75,801,47.27K,-1.13%
28/07/22,817,786.25,824.25,786.25,37.42K,3.39%
27/07/22,790.25,802.5,818.75,782,41.49K,-1.68%
26/07/22,803.75,773,806,772.25,43.80K,4.38%
25/07/22,770,787,793.5,760.5,47.49K,1.45%
22/07/22,759,803.25,807.25,754,66.19K,-5.86%
21/07/22,806.25,819.5,834,795.5,43.05K,-1.62%
20/07/22,819.5,810.25,843.5,801,38.89K,0.89%
19/07/22,812.25,808.5,822.25,792.5,45.98K,-0.06%
18/07/22,812.75,787.25,825,778.5,42.33K,4.63%
15/07/22,776.75,798,804.75,765.75,44.62K,-2.20%
14/07/22,794.25,812.75,829.5,792,0.04K,-0.50%
13/07/22,798.25,810,819.25,810,0.03K,-0.41%
12/07/22,801.5,835,839.25,807.25,0.07K,-5.01%
11/07/22,843.75,888,888,849.25,0.10K,-4.04%
08/07/22,879.25,843.5,872.25,841.75,0.11K,6.64%
07/07/22,824.5,816,825.25,816,0.19K,4.07%
06/07/22,792.25,791,813,779,0.38K,-0.19%
05/07/22,793.75,829,829,797.5,0.08K,-4.51%
01/07/22,831.25,876,878,832.75,0.42K,-4.32%
30/06/22,868.75,914.25,917.75,869.5,2.29K,-5.11%
29/06/22,915.5,922,940,913.75,12.31K,-0.62%
28/06/22,921.25,908,935,907.25,23.64K,1.91%
27/06/22,904,922,940,900.5,26.82K,-2.14%
24/06/22,923.75,936.25,962.5,921.75,28.75K,-1.44%
23/06/22,937.25,973.25,974.5,934.5,32.88K,-4.02%
22/06/22,976.5,977.25,"1,007.25",960,35.05K,0.13%
21/06/22,975.25,"1,032.00","1,033.25",973.5,54.69K,-5.70%
17/06/22,"1,034.25","1,078.25","1,083.75","1,030.25",42.37K,-4.08%
16/06/22,"1,078.25","1,050.25","1,084.75","1,047.00",38.17K,2.69%
15/06/22,"1,050.00","1,055.00","1,058.75","1,036.50",32.82K,-0.02%
14/06/22,"1,050.25","1,071.00","1,072.75","1,046.50",34.01K,-1.94%
13/06/22,"1,071.00","1,073.00","1,093.50","1,053.50",62.61K,0.02%
10/06/22,"1,070.75","1,074.50","1,081.25","1,053.00",62.71K,-0.05%
09/06/22,"1,071.25","1,076.25","1,082.00","1,044.25",70.95K,-0.33%
08/06/22,"1,074.75","1,073.00","1,089.00","1,061.75",68.01K,0.28%
07/06/22,"1,071.75","1,093.00","1,101.00","1,058.50",84.92K,-1.94%
06/06/22,"1,093.00","1,060.00","1,108.75","1,060.00",60.71K,5.10%
03/06/22,"1,040.00","1,061.50","1,069.25","1,036.25",40.84K,-1.72%
02/06/22,"1,058.25","1,043.25","1,075.00","1,037.25",58.14K,1.63%
01/06/22,"1,041.25","1,091.00","1,098.00","1,027.25",81.45K,-4.25%
31/05/22,"1,087.50","1,157.00","1,157.25","1,087.50",68.16K,-5.88%
30/05/22,"1,155.38","1,157.50","1,157.50","1,155.38",,-0.18%
27/05/22,"1,157.50","1,143.25","1,170.25","1,133.50",25.54K,1.25%
26/05/22,"1,143.25","1,133.00","1,160.25","1,115.00",38.51K,-0.44%
25/05/22,"1,148.25","1,154.50","1,158.50","1,114.50",51.66K,-0.56%
24/05/22,"1,154.75","1,196.00","1,208.75","1,138.00",52.75K,-2.96%
23/05/22,"1,190.00","1,181.75","1,196.75","1,174.75",38.14K,1.82%
20/05/22,"1,168.75","1,208.00","1,208.00","1,168.00",40.07K,-2.64%
19/05/22,"1,200.50","1,222.00","1,247.75","1,193.50",54.78K,-2.46%
18/05/22,"1,230.75","1,278.50","1,280.00","1,211.50",57.09K,-3.66%
17/05/22,"1,277.50","1,268.00","1,284.00","1,200.75",73.67K,2.40%
16/05/22,"1,247.50","1,234.25","1,247.50","1,222.25",53.77K,6.88%
13/05/22,"1,167.25","1,172.75","1,198.50","1,158.50",0.00K,-0.62%
12/05/22,"1,174.50","1,107.75","1,128.75","1,103.25",0.16K,5.93%
11/05/22,"1,108.75","1,109.25","1,115.00","1,100.00",0.05K,2.35%
10/05/22,"1,083.25","1,096.75","1,098.50","1,092.00",0.04K,0.00%
09/05/22,"1,083.25","1,084.00","1,086.00","1,081.50",0.09K,-1.25%
06/05/22,"1,097.00","1,098.50","1,098.50","1,098.50",0.07K,0.09%
05/05/22,"1,096.00","1,084.50","1,087.25","1,084.50",0.18K,2.81%
04/05/22,"1,066.00","1,042.25","1,069.75","1,042.25",0.29K,3.12%
03/05/22,"1,033.75","1,045.00","1,056.00","1,039.50",0.18K,-0.93%
02/05/22,"1,043.50","1,037.50","1,050.25","1,029.25",0.34K,-0.02%
29/04/22,"1,043.75","1,071.25","1,085.00","1,043.75",0.58K,-2.82%
28/04/22,"1,074.00","1,082.50","1,094.00","1,070.00",6.97K,-0.56%
27/04/22,"1,080.00","1,081.25","1,087.00","1,067.75",7.09K,-0.30%
26/04/22,"1,083.25","1,069.75","1,096.00","1,066.75",9.54K,2.00%
25/04/22,"1,062.00","1,065.75","1,080.00","1,045.75",12.08K,-0.33%
22/04/22,"1,065.50","1,070.00","1,076.00","1,052.50",15.26K,-0.23%
21/04/22,"1,068.00","1,094.25","1,094.25","1,052.50",11.17K,-1.84%
20/04/22,"1,088.00","1,094.75","1,109.75","1,066.75",15.11K,-1.00%
19/04/22,"1,099.00","1,123.25","1,135.00","1,096.00",18.10K,-1.92%
18/04/22,"1,120.50","1,099.25","1,134.75","1,098.25",13.17K,2.26%
15/04/22,"1,095.75","1,095.75","1,095.75","1,095.75",,-0.07%
14/04/22,"1,096.50","1,113.00","1,127.50","1,094.25",20.65K,-1.53%
13/04/22,"1,113.50","1,102.50","1,124.25","1,078.00",53.46K,0.88%
12/04/22,"1,103.75","1,077.75","1,117.50","1,075.00",50.43K,2.08%
11/04/22,"1,081.25","1,056.00","1,091.75","1,055.00",55.25K,2.83%
08/04/22,"1,051.50","1,020.00","1,054.25","1,017.00",47.60K,3.09%
07/04/22,"1,020.00","1,040.25","1,044.50","1,017.75",50.50K,-1.76%
06/04/22,"1,038.25","1,049.50","1,056.25","1,023.50",27.91K,-0.67%
05/04/22,"1,045.25","1,020.50","1,074.00","1,020.00",26.92K,3.46%
04/04/22,"1,010.25",989.5,"1,014.50",984.75,26.35K,2.62%
01/04/22,984.5,"1,007.25","1,032.75",982.5,33.85K,-2.14%
31/03/22,"1,006.00","1,030.25","1,075.00","1,003.50",36.85K,-2.07%
30/03/22,"1,027.25","1,015.00","1,041.75","1,002.25",26.34K,1.28%
29/03/22,"1,014.25","1,047.00","1,068.25",972,45.99K,-4.04%
28/03/22,"1,057.00","1,092.75","1,096.00","1,047.00",26.16K,-4.11%
25/03/22,"1,102.25","1,089.50","1,109.00","1,064.75",27.91K,1.52%
24/03/22,"1,085.75","1,105.75","1,115.00","1,080.50",22.42K,-1.81%
23/03/22,"1,105.75","1,119.25","1,139.00","1,101.00",24.46K,-1.12%
22/03/22,"1,118.25","1,119.25","1,169.25","1,102.25",29.01K,-0.09%
21/03/22,"1,119.25","1,075.00","1,148.75","1,061.75",37.04K,5.22%
18/03/22,"1,063.75","1,095.00","1,106.00","1,055.75",19.39K,-3.12%
17/03/22,"1,098.00","1,051.00","1,108.25","1,031.75",31.16K,2.69%
16/03/22,"1,069.25","1,157.25","1,159.50","1,069.25",37.91K,-7.36%
15/03/22,"1,154.25","1,106.00","1,160.75","1,088.25",30.96K,5.89%
14/03/22,"1,090.00","1,123.50","1,147.30","1,064.25",0.02K,0.00%
11/03/22,"1,090.00","1,035.75","1,044.75","1,030.75",0.01K,1.51%
10/03/22,"1,073.75","1,142.50","1,220.62","1,080.10",0.01K,-10.48%
09/03/22,"1,199.50","1,284.38","1,284.38","1,200.75",0.01K,-5.77%
08/03/22,"1,273.00","1,319.25","1,319.25","1,275.50",0.03K,-10.68%
07/03/22,"1,425.25","1,311.25","1,311.25","1,311.25",0.08K,5.73%
04/03/22,"1,348.00","1,340.00","1,340.00","1,201.50",0.15K,4.58%
03/03/22,"1,289.00","1,124.25","1,221.00","1,119.00",0.37K,21.78%
02/03/22,"1,058.50","1,009.25","1,132.00",997.5,0.46K,5.67%
01/03/22,"1,001.75",951,"1,004.50",951,0.51K,7.95%
28/02/22,928,920.25,930.5,885.5,1.09K,10.08%
25/02/22,843,923.25,951.25,841.5,8.87K,-8.96%
24/02/22,926,882.75,926,877.25,26.66K,5.71%
23/02/22,876,841,880,834,28.03K,3.76%
22/02/22,844.25,815,846.25,803,47.22K,5.93%
18/02/22,797,797.5,812.25,790,43.50K,-0.13%
17/02/22,798,780,799.25,775.5,47.68K,2.24%
16/02/22,780.5,779.75,786.75,773.25,33.01K,0.10%
15/02/22,779.75,801.25,801.75,773,55.71K,-2.44%
14/02/22,799.25,801.5,813.5,780.75,69.68K,0.19%
11/02/22,797.75,770.25,806.25,764.75,101.60K,3.40%
10/02/22,771.5,785.5,801.75,765.75,95.10K,-1.72%
09/02/22,785,779.5,788.25,770.5,100.11K,0.80%
08/02/22,778.75,771.25,782,754,99.52K,1.30%
07/02/22,768.75,776,776.5,760,81.45K,0.72%
04/02/22,763.25,754.75,767.25,748.25,50.59K,1.53%
03/02/22,751.75,754,756.5,740,52.59K,-0.43%
02/02/22,755,770,778.5,749.25,67.58K,-1.82%
01/02/22,769,762.5,776.75,760.5,52.16K,1.02%
31/01/22,761.25,793,798.5,756.75,71.47K,-3.18%
28/01/22,786.25,777.25,793.5,774.75,49.08K,1.19%
27/01/22,777,794.25,795.5,774,60.15K,-2.26%
26/01/22,795,817.25,817.5,787,73.39K,-2.81%
25/01/22,818,801,831.5,800.5,76.14K,2.19%
24/01/22,800.5,794,802.5,775.75,58.62K,2.63%
21/01/22,780,788,791,778,47.70K,-1.30%
20/01/22,790.25,794,802.75,783.75,58.58K,-0.78%
19/01/22,796.5,772,797.25,769.5,68.43K,3.58%
18/01/22,769,742.25,771.5,741.25,70.56K,3.71%
14/01/22,741.5,746,747.25,737,44.59K,-0.70%
13/01/22,746.75,757,757.75,741,49.46K,-1.45%
12/01/22,757.75,768,770,753.5,51.64K,-1.62%
11/01/22,770.25,761.75,770.5,758.25,43.84K,1.08%
10/01/22,762,760.75,767.5,748,46.68K,0.46%
07/01/22,758.5,748,760.75,735.5,58.46K,1.68%
06/01/22,746,761.75,762,736,64.43K,-1.94%
05/01/22,760.75,771,771.5,756,40.24K,-1.20%
04/01/22,770,758,771.5,756.25,43.22K,1.58%
03/01/22,758,774,782.25,752.75,42.12K,-1.65%
31/12/21,770.75,782.5,787.75,769.5,25.06K,-1.15%
30/12/21,779.75,789.5,791.75,776,29.56K,-1.02%
29/12/21,787.75,785.25,793,774,40.94K,0.54%
28/12/21,783.5,805.75,808,781.75,41.88K,-2.55%
27/12/21,804,817.5,824,802.5,30.21K,-1.45%
24/12/21,815.8,815.25,815.8,815.25,,0.13%
23/12/21,814.75,812.5,820.5,808.25,36.62K,0.09%
22/12/21,814,796.75,817,792,48.74K,1.88%
21/12/21,799,778.5,799.75,772.5,46.15K,2.73%
20/12/21,777.75,777.5,778.75,757.75,38.68K,0.35%
17/12/21,775,770,780.25,765.25,38.05K,0.58%
16/12/21,770.5,757.5,773,751.25,50.77K,1.92%
15/12/21,756,787,787,751,77.46K,-3.76%
14/12/21,785.5,788.75,792,778,,0.00%
13/12/21,785.5,779.25,791,779.25,0.07K,0.45%
10/12/21,782,769.25,783.25,769,0.03K,1.10%
09/12/21,773.5,793.5,793.5,777,0.06K,-2.24%
08/12/21,791.25,799.25,800,787.75,0.04K,-1.00%
07/12/21,799.25,811,812,796,0.07K,0.28%
06/12/21,797,799.75,799.75,784.5,0.07K,0.31%
03/12/21,794.5,809.5,814.75,799,0.10K,-1.49%
02/12/21,806.5,779.5,809.25,779.5,0.19K,3.60%
01/12/21,778.5,784,785.5,774.75,0.48K,0.61%
30/11/21,773.75,808.25,808.25,770.5,2.66K,-4.18%
29/11/21,807.5,837.75,840.5,805,20.04K,-2.18%
26/11/21,825.5,821.25,830.5,810,29.47K,-1.34%
24/11/21,836.75,856.5,863.25,833.5,46.27K,-2.25%
23/11/21,856,846.5,856.5,838.25,29.30K,1.21%
22/11/21,845.75,827.5,848.5,826,40.43K,2.76%
19/11/21,823,821,830.75,813.5,42.70K,0.37%
18/11/21,820,824.25,843.25,819.25,63.59K,-0.27%
17/11/21,822.25,812,835,810.5,63.82K,1.48%
16/11/21,810.25,827.5,827.5,810,58.36K,-1.94%
15/11/21,826.25,819.75,829.5,813.25,57.38K,1.13%
12/11/21,817,814.25,826.75,805.5,63.15K,0.55%
11/11/21,812.5,803,824.75,798.25,107.50K,1.18%
10/11/21,803,783,803.75,778,85.82K,3.15%
09/11/21,778.5,769.25,783.25,764.5,81.30K,1.37%
08/11/21,768,768.25,773,762.5,75.81K,0.20%
05/11/21,766.5,774.75,781.5,765.5,83.64K,-0.94%
04/11/21,773.75,782,794.25,772.25,51.27K,-0.93%
03/11/21,781,790.5,796.75,777.5,53.18K,-1.33%
02/11/21,791.5,798.5,807,789.75,65.89K,-0.72%
01/11/21,797.25,774.5,800.5,768.25,73.03K,3.17%
29/10/21,772.75,773.25,780,763.5,48.73K,0.03%
28/10/21,772.5,760,780,751.5,57.33K,1.68%
27/10/21,759.75,750.5,762.75,745,49.84K,1.00%
26/10/21,752.25,763,765,747.5,53.54K,-0.95%
25/10/21,759.5,759.75,767,753.25,42.58K,0.46%
22/10/21,756,743.75,759.5,743.5,52.33K,1.99%
21/10/21,741.25,749.75,752.5,738.25,33.63K,-1.07%
20/10/21,749.25,737,750,736.5,35.08K,1.80%
19/10/21,736,736,745.25,735.25,37.74K,-0.03%
18/10/21,736.25,734,738.75,728.5,31.46K,0.31%
15/10/21,734,725,740.5,722.25,40.53K,1.28%
14/10/21,724.75,718.75,729.5,718.5,39.59K,0.83%
13/10/21,718.75,736,737.75,712.75,57.90K,-2.08%
12/10/21,734,731.75,743.75,718,57.86K,0.31%
11/10/21,731.75,734,739.5,731,32.21K,-0.31%
08/10/21,734,739.25,746.5,731.75,47.84K,-0.98%
07/10/21,741.25,746,752.5,739.5,42.61K,-0.64%
06/10/21,746,744.75,756.75,742.25,44.64K,0.17%
05/10/21,744.75,756.25,757,743.75,49.15K,-1.55%
04/10/21,756.5,752.25,763.5,748.5,54.75K,0.17%
01/10/21,755.25,725,758.5,722.75,85.70K,4.10%
30/09/21,725.5,711.25,732.75,701.25,71.33K,2.15%
29/09/21,710.25,709.25,717.75,708.25,38.93K,0.53%
28/09/21,706.5,722,726.75,706,54.40K,-2.18%
27/09/21,722.25,723.5,728.5,720.25,32.06K,-0.21%
24/09/21,723.75,718.5,725.75,711.5,47.32K,0.84%
23/09/21,717.75,708.5,719.5,704,46.80K,1.70%
22/09/21,705.75,689.5,706.75,688,37.48K,2.25%
21/09/21,690.25,700.25,701,686,43.20K,-1.50%
20/09/21,700.75,708,710.75,695.75,37.45K,-1.13%
17/09/21,708.75,713.75,716,706.5,33.38K,-0.60%
16/09/21,713,711.25,716.75,705,40.25K,0.11%
15/09/21,712.25,700,714.75,695.25,51.08K,3.98%
14/09/21,685,677.25,677.25,677.25,0.00K,1.56%
13/09/21,674.5,671.5,671.5,671.5,0.01K,-0.07%
10/09/21,675,682.5,683.75,673.25,0.07K,-0.95%
09/09/21,681.5,700,700,683.5,0.11K,-2.40%
08/09/21,698.25,704.5,704.5,698.25,0.06K,-1.48%
07/09/21,708.75,718.5,718.5,704.25,0.17K,-2.11%
06/09/21,724,724,724,724,,1.33%
03/09/21,714.5,702,715,701,0.43K,1.49%
02/09/21,704,694,708,694,0.37K,0.43%
01/09/21,701,708.25,710.25,699.25,0.55K,-0.81%
31/08/21,706.75,706.5,707.5,690.25,1.67K,-0.28%
30/08/21,708.75,720.5,728.5,707.5,18.32K,-1.36%
27/08/21,718.5,725.75,731.25,717.75,24.92K,-0.93%
26/08/21,725.25,712.5,727,709.25,17.85K,1.97%
25/08/21,711.25,718,719.75,704.25,21.99K,-0.94%
24/08/21,718,722.75,723.25,710.75,28.50K,-0.24%
23/08/21,719.75,712.75,730.75,710.25,21.09K,0.77%
20/08/21,714.25,727.5,732.75,709.25,37.21K,-1.82%
19/08/21,727.5,737,737,716,37.06K,-1.32%
18/08/21,737.25,734.25,740.5,721.75,33.61K,0.37%
17/08/21,734.5,762.5,763.75,732.25,63.61K,-3.42%
16/08/21,760.5,762.5,770.25,757.75,62.05K,-0.23%
13/08/21,762.25,753,774.75,747.5,87.10K,1.16%
12/08/21,753.5,724,762,723,109.43K,3.65%
11/08/21,727,726.75,732.25,718.75,98.74K,0.00%
10/08/21,727,711,730,708.5,85.50K,2.21%
09/08/21,711.25,719,723.75,708.25,84.30K,-1.08%
06/08/21,719,712.75,724.75,709.25,85.12K,0.88%
05/08/21,712.75,714.75,725.5,709.75,62.60K,-0.63%
04/08/21,717.25,724.25,738.75,714.5,75.46K,-1.00%
03/08/21,724.5,727.5,734.75,717.75,73.89K,-0.69%
02/08/21,729.5,704,731.75,704,62.79K,3.66%
30/07/21,703.75,705,711.5,695,53.64K,-0.21%
29/07/21,705.25,689.75,706.75,689,45.52K,2.40%
28/07/21,688.75,675,696.25,673.75,49.23K,2.11%
27/07/21,674.5,680.25,690,671.75,50.03K,-0.37%
26/07/21,677,684,684,665.5,43.68K,-1.02%
23/07/21,684,688,696.75,677.5,42.54K,-1.19%
22/07/21,692.25,708.25,709,681.75,63.08K,-2.60%
21/07/21,710.75,701,712,700,52.75K,1.46%
20/07/21,700.5,698.75,718,698.25,64.01K,0.39%
19/07/21,697.75,702.75,709.5,694.25,74.22K,0.76%
16/07/21,692.5,671.75,696.25,670.75,75.89K,3.05%
15/07/21,672,653.75,673.5,651.25,56.84K,4.19%
14/07/21,645,635.88,657.5,632.5,0.03K,2.58%
13/07/21,628.75,636.5,639.5,626,0.06K,-0.98%
12/07/21,635,610.75,634.75,604.5,0.03K,4.35%
09/07/21,608.5,608,612.25,606.5,0.10K,-0.61%
08/07/21,612.25,615,618,611.75,0.10K,-0.41%
07/07/21,614.75,626,626,613.75,0.17K,-0.85%
06/07/21,620,634.75,634.75,611,0.09K,-3.99%
02/07/21,645.75,661,662,643.75,0.40K,-1.94%
01/07/21,658.5,667.75,683,663,0.56K,-1.94%
30/06/21,671.5,640.5,673,627.5,1.83K,4.96%
29/06/21,639.75,651,657.75,638.25,13.02K,-0.97%
28/06/21,646,638,655,637,29.18K,1.41%
25/06/21,637,650.5,656.75,634.5,38.80K,-2.19%
24/06/21,651.25,660.25,660.75,642,29.17K,-1.51%
23/06/21,661.25,653.25,668.25,653.25,40.59K,1.57%
22/06/21,651,666.25,672.75,650.75,35.94K,-1.59%
21/06/21,661.5,657,673.5,646.5,38.19K,-0.19%
18/06/21,662.75,639,668.5,639,53.57K,3.72%
17/06/21,639,663.75,667,637.25,68.26K,-3.58%
16/06/21,662.75,662,672.75,658.75,61.56K,0.19%
15/06/21,661.5,674.5,676.25,649,68.47K,-1.93%
14/06/21,674.5,680.5,680.75,657,67.69K,-0.92%
11/06/21,680.75,682.25,688,669.5,80.62K,-0.44%
10/06/21,683.75,684,689.25,672.75,103.90K,0.22%
09/06/21,682.25,685,686,673.5,91.32K,-0.40%
08/06/21,685,682.5,699.25,680.25,91.99K,0.74%
07/06/21,680,694.25,704,678.5,103.02K,-1.13%
04/06/21,687.75,678.5,690.25,676.25,55.84K,1.70%
03/06/21,676.25,689.5,699.25,669.25,60.41K,-1.64%
02/06/21,687.5,692,701.5,681.5,65.96K,-0.87%
01/06/21,693.5,673.25,702,672,75.70K,2.95%
31/05/21,673.62,673.62,673.62,673.62,,1.43%
30/05/21,664.12,664.12,664.12,664.12,,0.09%
28/05/21,663.5,676,679.75,661.25,56.12K,-1.89%
27/05/21,676.25,648.25,679.5,648,65.47K,4.28%
26/05/21,648.5,657,657.75,639.5,59.95K,-1.22%
25/05/21,656.5,663.25,667.5,646.75,64.77K,-0.87%
24/05/21,662.25,667,668.75,653.25,57.25K,-1.78%
21/05/21,674.25,675.5,677.5,665.75,57.46K,-0.15%
20/05/21,675.25,682.25,688,672.25,55.31K,-0.59%
19/05/21,679.25,698,699,671.5,77.67K,-2.69%
18/05/21,698,702.5,718.5,692.5,61.42K,-0.25%
17/05/21,699.75,704,707.5,692,53.09K,-3.78%
14/05/21,727.25,730.25,730.25,727.25,0.04K,0.10%
13/05/21,726.5,750,756.5,737,0.06K,-3.74%
12/05/21,754.75,763,763,746.5,0.08K,-0.66%
11/05/21,759.75,742.75,765,742.75,0.06K,2.32%
10/05/21,742.5,768.5,769,746,0.23K,-4.01%
07/05/21,773.5,771,771,760.5,0.03K,1.21%
06/05/21,764.25,761,763.5,745,0.02K,1.12%
05/05/21,755.75,737.75,754.5,737.5,0.50K,2.54%
04/05/21,737,731.25,737.5,730,0.30K,1.59%
03/05/21,725.5,753.25,753.25,726.75,0.41K,-2.29%
30/04/21,742.5,741,745.5,728.5,0.41K,0.68%
29/04/21,737.5,722.25,738.75,712.75,9.42K,1.69%
28/04/21,725.25,734.25,743.75,713.5,12.76K,-1.16%
27/04/21,733.75,737,773,726.75,16.10K,-0.78%
26/04/21,739.5,712.75,745.25,712.75,34.38K,4.12%
23/04/21,710.25,709.75,714.75,701,29.09K,0.00%
22/04/21,710.25,673.75,713.25,672,45.27K,5.50%
21/04/21,673.25,662.75,678.75,658.75,30.05K,2.05%
20/04/21,659.75,651.5,679,650.25,43.16K,1.15%
19/04/21,652.25,653,660.75,651,28.59K,-0.04%
16/04/21,652.5,652.5,659.75,648.25,36.53K,-0.19%
15/04/21,653.75,647.25,657.75,639,61.43K,0.89%
14/04/21,648,630.75,655.75,630.75,117.77K,2.90%
13/04/21,629.75,630.25,637.25,628.25,78.36K,0.28%
12/04/21,628,638,639,623,101.81K,-1.68%
09/04/21,638.75,628.75,646.5,627.25,113.07K,1.59%
08/04/21,628.75,618,631.5,616,87.00K,2.03%
07/04/21,616.25,615,619.75,609.75,73.52K,0.12%
06/04/21,615.5,622,627.5,613.75,58.04K,-0.40%
05/04/21,618,607,625,607,52.00K,1.15%
01/04/21,611,623,625.75,601.25,73.41K,-1.13%
31/03/21,618,603.25,631.75,593.25,90.27K,2.70%
30/03/21,601.75,616.25,616.75,600.5,52.67K,-2.43%
29/03/21,616.75,615.75,617.75,607.25,38.59K,0.57%
26/03/21,613.25,611,619,608.25,45.62K,0.12%
25/03/21,612.5,624.75,625.5,609,60.63K,-1.96%
24/03/21,624.75,635,638.75,624,45.58K,-1.58%
23/03/21,634.75,628,644.5,621,68.77K,1.20%
22/03/21,627.25,627.5,630.75,621.25,36.12K,0.04%
19/03/21,627,629,635.5,621.75,51.67K,-0.56%
18/03/21,630.5,640,641,629,47.13K,-1.48%
17/03/21,640,646.25,649.5,639.25,36.15K,-1.08%
16/03/21,647,645.5,648,631.75,51.10K,0.31%
15/03/21,645,637.75,647.75,636,40.09K,2.10%
12/03/21,631.75,642.88,645.6,637.6,0.01K,-0.71%
11/03/21,636.25,650,650,636.75,0.03K,-2.23%
10/03/21,650.75,653.25,653.75,643.5,0.13K,-0.88%
09/03/21,656.5,654.75,655,650.75,0.01K,1.55%
08/03/21,646.5,659.5,659.5,642.5,0.35K,-1.15%
05/03/21,654,649.5,657.5,647,0.40K,0.65%
04/03/21,649.75,653,658,648.75,0.58K,-0.35%
03/03/21,652,658.25,658.25,645.75,0.18K,-1.70%
02/03/21,663.25,645.5,663.25,640,0.24K,3.03%
01/03/21,643.75,661,661,643,0.39K,-1.72%
26/02/21,655,665,665.75,653,1.45K,-2.49%
25/02/21,671.75,677.25,680.5,658.75,13.33K,-1.25%
24/02/21,680.25,665.5,683.5,665,23.40K,2.18%
23/02/21,665.75,666.5,667.75,656.5,24.55K,0.26%
22/02/21,664,653.75,665.25,651,26.46K,2.04%
19/02/21,650.75,665,669,649,51.92K,-1.77%
18/02/21,662.5,644,665.75,641.5,56.68K,2.87%
17/02/21,644,660,661.25,638.5,35.18K,-2.05%
16/02/21,657.5,648,660.25,640.5,50.20K,3.10%
15/02/21,637.75,637.5,637.75,637.5,,0.08%
14/02/21,637.25,637.5,637.5,637.25,,0.08%
12/02/21,636.75,632.5,643,632,64.75K,0.51%
11/02/21,633.5,636.5,644.75,632,79.70K,-0.31%
10/02/21,635.5,649.5,650.5,626.75,98.58K,-2.16%
09/02/21,649.5,657.75,660.5,639.75,124.15K,-0.95%
08/02/21,655.75,643,657.5,642.5,102.71K,2.26%
05/02/21,641.25,634.75,647.5,632.25,78.45K,0.59%
04/02/21,637.5,647.25,650.5,633,66.02K,-1.66%
03/02/21,648.25,646.25,649.75,625.75,77.13K,0.54%
02/02/21,644.75,655,656.75,640.5,46.87K,-0.96%
01/02/21,651,663.5,671,646,55.80K,-1.81%
29/01/21,663,646.25,664.75,643,60.15K,2.47%
28/01/21,647,655,664.5,643.5,65.43K,-1.71%
27/01/21,658.25,663.25,672.75,652.5,54.19K,-1.05%
26/01/21,665.25,646.75,667.75,641.25,68.36K,2.58%
25/01/21,648.5,633,651.5,624.25,64.72K,2.21%
22/01/21,634.5,658.5,659,633,76.81K,-3.97%
21/01/21,660.75,666.5,674.75,657.75,50.21K,-1.05%
20/01/21,667.75,675.25,676,656.5,66.03K,-0.67%
19/01/21,672.25,683.75,691.25,668.75,63.50K,-0.48%
15/01/21,675.5,671,693,664.5,77.45K,0.82%
14/01/21,670,660,673.25,653,63.30K,1.44%
13/01/21,660.5,665,680.75,656.25,80.72K,-0.68%
12/01/21,665,636.25,670,634,80.42K,4.77%
11/01/21,634.75,639,651.5,628.75,58.07K,-0.63%
08/01/21,638.75,644.75,649.5,634,56.14K,-0.54%
07/01/21,642.25,646.75,648.25,638,47.49K,-0.81%
06/01/21,647.5,654,660.25,646,60.85K,-0.99%
05/01/21,654,641.5,664.5,639.5,81.17K,1.87%
04/01/21,642,643,650.25,634,66.78K,0.04%
01/01/21,641.75,641.75,641.75,641.75,,0.20%
31/12/20,640.5,640,644.5,632.5,44.93K,-0.04%
30/12/20,640.75,620,643.5,614,71.65K,3.60%
29/12/20,618.5,614.25,623.25,611.5,35.42K,0.69%
28/12/20,614.25,627,631.5,607,53.53K,-2.05%
25/12/20,627.1,627.1,627.1,627.1,,0.02%
24/12/20,627,631,633.75,623.5,35.66K,-0.44%
23/12/20,629.75,615.25,633.75,610.5,69.51K,2.07%
22/12/20,617,615.5,619.75,603,55.03K,0.94%
21/12/20,611.25,610.25,615.25,596.5,48.42K,0.49%
18/12/20,608.25,611.5,614.75,604.5,42.17K,-0.08%
17/12/20,608.75,599.75,610,598.5,43.43K,1.71%
16/12/20,598.5,602.25,607.75,589.75,56.48K,-0.21%
15/12/20,599.75,597.25,605.75,594.25,51.42K,1.05%
14/12/20,593.5,615.5,615.5,615.5,0.02K,-2.42%
11/12/20,608.25,598.12,619.12,590.25,0.01K,3.05%
10/12/20,590.25,590,592.5,587,0.01K,2.30%
09/12/20,577,568.5,581,568.5,0.01K,2.35%
08/12/20,563.75,566.75,574,566.75,0.02K,-1.31%
07/12/20,571.25,560,575.75,560,0.02K,0.84%
04/12/20,566.5,563.75,564.75,563.75,0.06K,-0.92%
03/12/20,571.75,573.5,576,568,0.16K,-1.08%
02/12/20,578,565.5,578.75,565.5,0.08K,2.21%
01/12/20,565.5,580.75,580.75,563.5,0.54K,-2.54%
30/11/20,580.25,599.5,600,579.5,1.05K,-2.72%
27/11/20,596.5,592.25,600.25,589.25,7.30K,1.47%
26/11/20,587.88,587.75,587.88,587.62,,-0.06%
25/11/20,588.25,612.75,616.5,587,23.90K,-3.76%
24/11/20,611.25,599.5,612.25,594,19.74K,2.09%
23/11/20,598.75,596,604.75,595.75,22.14K,0.93%
20/11/20,593.25,590,598.25,590,36.85K,0.25%
19/11/20,591.75,598.75,600.25,589.75,42.21K,-1.00%
18/11/20,597.75,595.75,604.25,592.5,61.56K,0.42%
17/11/20,595.25,598,603.25,592.5,73.20K,-0.46%
16/11/20,598,593.75,601,586,87.08K,0.76%
13/11/20,593.5,586.25,596.25,580.25,77.40K,0.89%
12/11/20,588.25,596.25,598.75,587,91.05K,-1.63%
11/11/20,598,607,613.5,595.5,107.81K,-1.73%
10/11/20,608.5,597.25,613,594,134.34K,1.84%
09/11/20,597.5,602.25,607,595,91.44K,-0.75%
06/11/20,602,607.75,615.75,601.75,105.36K,-1.19%
05/11/20,609.25,606.5,626.25,606,97.07K,0.54%
04/11/20,606,607.75,610.5,597.75,66.08K,-0.33%
03/11/20,608,607,616.5,604,70.89K,0.08%
02/11/20,607.5,593.25,609.5,591,75.09K,1.50%
30/10/20,598.5,602,607.25,595.25,72.81K,-0.87%
29/10/20,603.75,609.75,611.25,598.5,69.89K,-0.82%
28/10/20,608.75,614.5,614.5,600.75,72.24K,-1.14%
27/10/20,615.75,618.75,627,614.75,63.49K,-0.69%
26/10/20,620,632.75,633,616,66.90K,-2.02%
23/10/20,632.75,623,635.5,619.5,64.24K,1.61%
22/10/20,622.75,628.5,632.25,621.25,63.70K,-1.11%
21/10/20,629.75,634.5,637.5,628.75,61.38K,-0.36%
20/10/20,632,628.5,638.25,623.5,78.90K,0.80%
19/10/20,627,631,636.75,620.25,86.96K,0.28%
16/10/20,625.25,618.5,630.75,615.5,90.62K,1.13%
15/10/20,618.25,596.75,619.5,596.5,90.30K,3.60%
14/10/20,596.75,594.75,600.25,587.25,58.37K,0.46%
13/10/20,594,596.25,604.25,590.75,56.42K,-0.04%
12/10/20,594.25,592.5,599,587,63.84K,0.08%
09/10/20,593.75,594,606.75,588.75,88.06K,-0.25%
08/10/20,595.25,608.75,616.75,593.25,95.30K,-2.02%
07/10/20,607.5,591.25,611.5,588.5,102.22K,2.49%
06/10/20,592.75,585,601.75,579.75,83.09K,1.45%
05/10/20,584.25,574.5,587.75,573,60.42K,1.92%
02/10/20,573.25,569.25,576.5,561.25,54.24K,0.53%
01/10/20,570.25,574,584,568.5,76.22K,-1.34%
30/09/20,578,548.75,587,547,122.16K,5.19%
29/09/20,549.5,551,553.25,546,45.64K,-0.14%
28/09/20,550.25,545.25,551.75,537.75,60.68K,1.10%
25/09/20,544.25,552.25,552.5,543.75,48.64K,-1.00%
24/09/20,549.75,548,554.25,541,71.79K,0.14%
23/09/20,549,558.5,560.25,547.25,59.47K,-1.61%
22/09/20,558,553.5,567,550.25,75.82K,0.59%
21/09/20,554.75,576.5,578.25,550.5,96.69K,-3.52%
18/09/20,575,555.75,578,555.5,96.51K,3.37%
17/09/20,556.25,542,557.25,537.25,76.82K,2.63%
16/09/20,542,535.5,543,533.25,47.77K,0.70%
15/09/20,538.25,546,547,533.75,60.56K,-1.87%
14/09/20,548.5,525,549.25,525,0.26K,2.76%
11/09/20,533.75,543,543,535.5,0.01K,-1.16%
10/09/20,540,544.75,548.5,539.5,0.03K,1.12%
09/09/20,534,533.5,536.5,533.25,0.03K,0.14%
08/09/20,533.25,536.25,539.5,533.5,0.06K,-1.20%
04/09/20,539.75,542,544,539,0.09K,-0.64%
03/09/20,543.25,550.25,550.25,542.5,0.12K,-0.82%
02/09/20,547.75,554.5,554.5,545,0.19K,-1.44%
01/09/20,555.75,542.5,559.25,539.25,0.25K,2.11%
31/08/20,544.25,539.25,551.75,538,1.10K,0.93%
28/08/20,539.25,543,547.25,536.75,17.69K,-0.60%
27/08/20,542.5,531.75,543.75,531,18.37K,1.97%
26/08/20,532,527,532.75,523.25,25.93K,0.90%
25/08/20,527.25,521.25,533.75,520.75,26.56K,1.25%
24/08/20,520.75,527.75,533.25,516.5,30.51K,-1.23%
21/08/20,527.25,520,527.75,515,58.90K,1.49%
20/08/20,519.5,511.75,520.25,506.5,37.92K,1.46%
19/08/20,512,507.25,514.25,506.25,49.51K,0.89%
18/08/20,507.5,516.25,517.5,503,50.26K,-1.74%
17/08/20,516.5,500.5,517.5,500,66.20K,3.30%
14/08/20,500,495.5,507.75,493.5,75.82K,0.65%
13/08/20,496.75,490,500.75,489,82.62K,1.12%
12/08/20,491.25,495.75,498,488,90.88K,-0.76%
11/08/20,495,491,498.75,490.5,83.77K,0.81%
10/08/20,491,495.25,497.25,490,76.70K,-0.91%
07/08/20,495.5,501.25,503.75,490.5,93.52K,-1.15%
06/08/20,501.25,510.75,515,500.75,86.50K,-1.86%
05/08/20,510.75,508.25,512.75,506,67.34K,0.49%
04/08/20,508.25,521,521.25,507.75,82.32K,-2.45%
03/08/20,521,527,528.25,517,71.43K,-1.93%
31/07/20,531.25,528.5,535.25,528.5,48.27K,0.33%
30/07/20,529.5,531.75,534.5,525,47.62K,-0.61%
29/07/20,532.75,523.5,533.25,523.5,42.24K,1.77%
28/07/20,523.5,526.5,529.75,519.25,51.35K,-0.81%
27/07/20,527.75,538.75,539,526.25,47.27K,-2.18%
24/07/20,539.5,530.75,544,530,63.63K,1.89%
23/07/20,529.5,534.75,536,527,46.72K,-0.94%
22/07/20,534.5,525.75,540.25,523.75,59.56K,1.28%
21/07/20,527.75,520.5,531.5,518.5,62.30K,1.10%
20/07/20,522,535,535.25,517,84.62K,-2.38%
17/07/20,534.75,535.75,540,530.75,52.66K,-0.09%
16/07/20,535.25,550,551.5,534,96.90K,-2.81%
15/07/20,550.75,527,551.75,526.75,97.65K,4.95%
14/07/20,524.75,524,533.38,522.88,0.00K,0.00%
13/07/20,524.75,536,536,528,0.06K,-2.05%
10/07/20,535.75,536.75,543,536.75,0.02K,1.81%
09/07/20,526.25,530,537.75,520.75,0.02K,1.69%
08/07/20,517.5,495.25,517.38,494.75,0.08K,5.13%
07/07/20,492.25,492.75,495,491.5,0.10K,0.56%
06/07/20,489.5,489,489.25,485.75,0.08K,-0.10%
02/07/20,490,498.25,499,486.5,0.29K,-1.75%
01/07/20,498.75,489.75,498.75,489.75,0.72K,1.79%
30/06/20,490,483.75,495.5,478.5,2.72K,0.93%
29/06/20,485.5,473.5,488.75,473,16.75K,2.43%
26/06/20,474,486.5,487,468.25,64.06K,-2.62%
25/06/20,486.75,480,489.25,478.75,46.25K,1.14%
24/06/20,481.25,486.75,488,480,22.22K,-0.98%
23/06/20,486,485.25,488.75,479.25,38.40K,0.21%
22/06/20,485,480.5,486,477.75,35.48K,0.78%
19/06/20,481.25,482.75,485.5,476,58.29K,-0.47%
18/06/20,483.5,488.5,492,480.5,51.88K,-1.07%
17/06/20,488.75,494.5,495.75,487.25,60.13K,-1.46%
16/06/20,496,506.5,507.25,491,67.27K,-1.73%
15/06/20,504.75,499.75,505.5,497.5,51.22K,0.55%
12/06/20,502,499,504.75,495.25,71.17K,0.55%
11/06/20,499.25,508.75,509,498.5,90.88K,-1.38%
10/06/20,506.25,505,509.25,502.5,77.13K,0.35%
09/06/20,504.5,512,514,500.75,105.09K,-1.37%
08/06/20,511.5,517,517.75,508.5,89.83K,-0.73%
05/06/20,515.25,526.75,527.75,513.25,100.26K,-1.62%
04/06/20,523.75,512.25,529,512,76.24K,2.29%
03/06/20,512,509.75,515.5,506.5,70.05K,0.79%
02/06/20,508,517,517.25,506.75,76.98K,-1.41%
01/06/20,515.25,520,520.75,511.5,62.14K,-1.06%
29/05/20,520.75,513.5,522.25,511.75,56.41K,1.21%
28/05/20,514.5,505.25,518.75,503.75,64.13K,1.98%
27/05/20,504.5,507.75,511.75,501.25,41.18K,-0.44%
26/05/20,506.75,504.25,512.25,504.25,48.96K,0.37%
25/05/20,504.88,504.88,504.88,504.88,,-0.64%
24/05/20,508.12,508.25,508.25,508.12,,-0.12%
22/05/20,508.75,515,516.25,503.25,59.25K,-1.41%
21/05/20,516,515,524,512,75.22K,0.44%
20/05/20,513.75,499.5,517.75,496,87.80K,3.01%
19/05/20,498.75,496.75,501.5,496.25,43.78K,0.35%
18/05/20,497,501.5,502.75,493.75,42.22K,-0.65%
15/05/20,500.25,502.5,508,497.5,49.77K,-2.01%
14/05/20,510.5,500.12,506,496.88,0.01K,0.00%
13/05/20,510.5,513.38,513.5,500.38,0.02K,-2.16%
12/05/20,521.75,517.62,518.12,507.88,0.01K,-0.57%
11/05/20,524.75,537.75,537.75,529,0.01K,-0.90%
08/05/20,529.5,533,533,533,0.02K,0.09%
07/05/20,529,531,531,531,0.04K,0.81%
06/05/20,524.75,521.25,524,521.25,0.08K,-0.14%
05/05/20,525.5,519,527,519,0.03K,0.24%
04/05/20,524.25,516,526.75,516,0.04K,0.53%
01/05/20,521.5,528.75,528.75,520.5,0.12K,-1.56%
30/04/20,529.75,517,527.5,511,0.89K,1.97%
29/04/20,519.5,525,525,512.75,5.25K,-1.38%
28/04/20,526.75,523,528,517.25,9.16K,1.10%
27/04/20,521,529.5,530,518.25,12.03K,-1.09%
24/04/20,526.75,549.25,550.75,526,44.70K,-3.70%
23/04/20,547,542,551.5,538.5,22.94K,0.74%
22/04/20,543,547.75,549.75,538,18.84K,-0.69%
21/04/20,546.75,551.5,557,541.75,18.72K,-0.36%
20/04/20,548.75,536,562,535.25,40.95K,2.86%
17/04/20,533.5,528.5,536,524.5,23.90K,0.71%
16/04/20,529.75,538.75,545.25,528,31.46K,-1.94%
15/04/20,540.25,546.5,548.75,529.75,67.69K,-1.55%
14/04/20,548.75,555.75,556.75,546,53.93K,-1.13%
13/04/20,555,560.75,564.5,552.5,53.25K,-0.58%
10/04/20,558.25,558.25,558.25,558.25,,0.31%
09/04/20,556.5,549.25,558.75,546.75,63.61K,1.50%
08/04/20,548.25,551,554.5,545,57.53K,-0.18%
07/04/20,549.25,555.25,555.75,545.25,67.15K,-1.17%
06/04/20,555.75,550,561.75,549.75,44.55K,1.18%
03/04/20,549.25,541.75,556.5,541.5,44.94K,1.38%
02/04/20,541.75,550.25,553.25,538.25,46.93K,-1.54%
01/04/20,550.25,567.25,571.75,546.5,67.31K,-3.25%
31/03/20,568.75,569.75,575.25,564.25,66.20K,-0.13%
30/03/20,569.5,572.25,580.75,562.75,59.62K,-0.31%
27/03/20,571.25,569.5,587,563.5,87.58K,0.40%
26/03/20,569,579.5,583,564.5,76.66K,-1.90%
25/03/20,580,560,583.25,556.75,97.56K,3.29%
24/03/20,561.5,560.5,562.5,549.75,67.26K,-0.18%
23/03/20,562.5,539.5,563.25,537.25,86.81K,4.31%
20/03/20,539.25,534.5,547,533,71.44K,0.79%
19/03/20,535,508.5,540.5,508.5,103.08K,5.26%
18/03/20,508.25,500.75,512,494.5,68.78K,1.80%
17/03/20,499.25,496.25,506.5,494.5,65.54K,0.25%
16/03/20,498,503,507.25,491.75,78.98K,-3.25%
13/03/20,514.75,509.75,509.75,506.5,0.08K,1.28%
12/03/20,508.25,506.75,508.75,506.75,0.02K,-1.74%
11/03/20,517.25,527.25,527.5,521,0.03K,-1.80%
10/03/20,526.75,524.25,524.25,519.25,0.06K,0.86%
09/03/20,522.25,516,524,513.5,0.12K,0.19%
06/03/20,521.25,520,522.75,516.25,0.03K,-0.57%
05/03/20,524.25,521.25,528.5,518.5,0.11K,0.53%
04/03/20,521.5,528,528,521.25,0.21K,-1.37%
03/03/20,528.75,523,534.5,523,0.30K,0.48%
02/03/20,526.25,523.5,526.25,521.5,0.67K,-0.52%
28/02/20,529,531,531.25,515.5,2.19K,-0.05%
27/02/20,529.25,538.75,539.25,528.25,20.81K,-2.04%
26/02/20,540.25,539.25,542.75,534.75,19.75K,0.23%
25/02/20,539,539,541.25,530.75,29.43K,0.51%
24/02/20,536.25,550.25,550.5,534,53.34K,-2.68%
21/02/20,551,559.75,569,550.5,81.11K,-1.61%
20/02/20,560,565.25,567.5,558.25,55.43K,-0.93%
19/02/20,565.25,563,565.75,553,68.27K,-0.26%
18/02/20,566.75,549.25,570.75,548,123.53K,4.42%
14/02/20,542.75,544.75,549.5,542,63.12K,-0.28%
13/02/20,544.25,548.5,550.5,540.75,85.05K,-0.59%
12/02/20,547.5,541,549,538.25,91.90K,1.01%
11/02/20,542,551.5,551.75,539,166.63K,-1.81%
10/02/20,552,558.75,560.75,551,100.46K,-1.21%
07/02/20,558.75,557,563,553.25,64.89K,0.45%
06/02/20,556.25,563.75,565.5,555.75,51.96K,-1.02%
05/02/20,562,559.25,563.75,555.5,52.87K,0.85%
04/02/20,557.25,554.25,564.25,553.5,69.49K,0.32%
03/02/20,555.5,551.25,558,546.5,83.00K,0.32%
31/01/20,553.75,562.5,566,552.75,63.92K,-1.20%
30/01/20,560.5,562.5,562.5,550.75,77.79K,-0.31%
29/01/20,562.25,571,573.25,561,55.03K,-1.32%
28/01/20,569.75,573,576.5,565.5,56.86K,-0.44%
27/01/20,572.25,567.75,573.25,559.5,78.99K,-0.22%
24/01/20,573.5,581.75,581.75,569.5,58.50K,-1.21%
23/01/20,580.5,577.75,583,575.25,55.85K,0.48%
22/01/20,577.75,581.5,592.5,574.5,84.47K,-0.64%
21/01/20,581.5,572.5,582.75,566.75,69.90K,2.06%
20/01/20,569.75,569.5,569.75,569.5,,-0.18%
19/01/20,570.75,571.12,571.12,570.75,,0.04%
17/01/20,570.5,565.5,572.5,564.25,54.67K,0.93%
16/01/20,565.25,573.5,573.5,560,58.19K,-1.40%
15/01/20,573.25,569,578.75,568.25,78.78K,0.84%
14/01/20,568.5,562.25,573,559.25,69.29K,1.11%
13/01/20,562.25,565.25,565.75,558.5,51.06K,-0.40%
10/01/20,564.5,562.75,568.5,555.75,92.63K,0.40%
09/01/20,562.25,553.75,564,552.75,66.46K,1.72%
08/01/20,552.75,549.5,555.75,545.25,51.32K,0.45%
07/01/20,550.25,549.5,551,545.5,41.35K,0.05%
06/01/20,550,552.5,555.25,546.75,47.90K,-0.81%
03/01/20,554.5,560.75,562,551.75,44.18K,-1.03%
02/01/20,560.25,559.5,567.5,558.25,49.93K,0.13%
01/01/20,559.5,559.5,559.5,559.5,,0.13%
31/12/19,558.75,555,559.75,553,38.47K,0.49%
30/12/19,556,560,564.5,551.5,42.49K,-0.04%
27/12/19,556.25,549.75,561,549.25,52.11K,1.32%
26/12/19,549,540.75,552,540.25,30.24K,1.48%
25/12/19,541,541,541,541,,0.00%
24/12/19,541,539.5,545,538.5,21.56K,0.28%
23/12/19,539.5,543,547,538.75,33.26K,-0.51%
20/12/19,542.25,545.25,549,538.75,44.10K,-0.55%
19/12/19,545.25,547.5,553.5,544,39.72K,-0.55%
18/12/19,548.25,553.25,555,545.25,56.33K,-1.44%
17/12/19,556.25,553.25,557.25,545,68.51K,1.18%
16/12/19,549.75,534.75,556.75,534.75,95.74K,1.95%
13/12/19,539.25,533.38,536.38,525.62,0.08K,0.00%
12/12/19,539.25,529.75,544,528.75,0.06K,1.60%
11/12/19,530.75,534.5,534.5,528,0.14K,-0.75%
10/12/19,534.75,532.25,537.5,529.75,0.29K,0.52%
09/12/19,532,532.5,533.25,531,0.17K,-0.09%
06/12/19,532.5,532.75,532.75,529,0.36K,0.09%
05/12/19,532,535.25,537.5,531.75,0.40K,-0.56%
04/12/19,535,531,535.5,529.5,0.35K,0.85%
03/12/19,530.5,545.75,548,532,0.92K,-2.35%
02/12/19,543.25,549.5,549.75,542.75,0.78K,-0.78%
29/11/19,547.5,532.5,550.5,532.5,3.36K,4.06%
28/11/19,526.12,526.25,526.25,526.12,,-0.45%
27/11/19,528.5,530,533,525.75,19.20K,-0.33%
26/11/19,530.25,530.75,531.75,525.5,28.01K,-0.14%
25/11/19,531,515,532.5,515,44.72K,3.06%
22/11/19,515.25,509.25,518.5,508.25,46.92K,1.23%
21/11/19,509,515,519.5,508.25,35.38K,-1.26%
20/11/19,515.5,512,515.75,508,38.14K,0.68%
19/11/19,512,506.25,515.25,506,69.37K,0.94%
18/11/19,507.25,503.25,510.75,498.5,59.87K,0.90%
15/11/19,502.75,507.75,508.5,501.5,50.34K,-0.98%
14/11/19,507.75,508.75,512,505.5,53.54K,-0.25%
13/11/19,509,516.5,516.75,506.5,72.65K,-1.55%
12/11/19,517,506.25,517.25,505.25,78.05K,2.22%
11/11/19,505.75,508,510.5,503.75,78.29K,-0.88%
08/11/19,510.25,512.5,517.75,505.5,79.54K,-0.44%
07/11/19,512.5,517.5,519.75,511,71.05K,-0.82%
06/11/19,516.75,515.5,521.75,513.5,62.21K,0.29%
05/11/19,515.25,511,516,509,51.55K,1.08%
04/11/19,509.75,514.25,515.25,508,39.53K,-1.21%
01/11/19,516,508.75,516.5,506.75,53.60K,1.43%
31/10/19,508.75,510,512.25,501,63.62K,-0.10%
30/10/19,509.25,511.25,514,507,35.34K,-0.44%
29/10/19,511.5,513,516,508.25,51.56K,-0.05%
28/10/19,511.75,518,518.5,510,50.22K,-1.16%
25/10/19,517.75,517.25,522,514.5,40.23K,0.34%
24/10/19,516,522.5,523.75,515.5,36.21K,-0.91%
23/10/19,520.75,518,523.75,515.75,42.80K,0.53%
22/10/19,518,523,532.25,517.25,52.26K,-1.05%
21/10/19,523.5,532,535,522.75,53.54K,-1.64%
18/10/19,532.25,526,532.75,521,56.24K,1.28%
17/10/19,525.5,514.25,527,512.75,66.63K,2.39%
16/10/19,513.25,505.75,514.25,504.5,49.00K,1.23%
15/10/19,507,510,511.25,504.25,38.05K,-0.78%
14/10/19,511,513,515,506.75,52.20K,0.59%
11/10/19,508,491.75,512.75,491.25,84.74K,3.04%
10/10/19,493,499.5,504.25,487.5,68.28K,-1.45%
09/10/19,500.25,500.5,504.5,497.25,46.02K,0.00%
08/10/19,500.25,489.75,502.25,486.75,58.66K,2.25%
07/10/19,489.25,492,494.5,488.5,35.06K,-0.25%
04/10/19,490.5,489.25,492.25,486.5,28.76K,0.36%
03/10/19,488.75,488,493,485.75,31.84K,-0.05%
02/10/19,489,496.5,499,485.25,55.28K,-1.95%
01/10/19,498.75,496.5,499.25,489.75,59.42K,0.61%
30/09/19,495.75,488,501,483.25,78.10K,1.74%
27/09/19,487.25,486,490.5,482.5,36.02K,0.62%
26/09/19,484.25,477,486.75,476.75,47.41K,1.47%
25/09/19,477.25,481,482.25,476.25,34.84K,-0.93%
24/09/19,481.75,481.75,484.25,477.5,38.23K,-0.26%
23/09/19,483,485,487.5,481.25,28.54K,-0.26%
20/09/19,484.25,486.5,491.25,483.5,39.95K,-0.77%
19/09/19,488,489.25,492,484.5,49.57K,-0.31%
18/09/19,489.5,484.25,492.5,481.75,49.98K,1.08%
17/09/19,484.25,487.75,487.75,480.75,49.22K,-0.92%
16/09/19,488.75,488,490,482.25,48.64K,0.62%
13/09/19,485.75,485.38,490.88,480.62,0.01K,0.00%
12/09/19,485.75,484.25,489,482,0.01K,1.73%
11/09/19,477.5,489,489,479.25,0.03K,-1.44%
10/09/19,484.5,476.75,485.5,468,0.10K,2.11%
09/09/19,474.5,458.5,475,458.5,0.06K,3.10%
06/09/19,460.25,458.5,461,458.5,0.01K,-0.81%
05/09/19,464,462.25,465.75,462,0.09K,1.70%
04/09/19,456.25,450.5,459,448.5,0.35K,2.01%
03/09/19,447.25,451.5,451.5,443.5,0.71K,-0.89%
30/08/19,451.25,467.5,467.5,450,4.87K,-3.94%
29/08/19,469.75,472.25,474,468.5,11.22K,-0.53%
28/08/19,472.25,473.75,475,465.75,15.98K,-0.32%
27/08/19,473.75,472.75,477.5,470.75,22.70K,0.16%
26/08/19,473,474,480,470.75,26.10K,-0.47%
23/08/19,475.25,466.75,475.75,461.25,50.83K,1.71%
22/08/19,467.25,462.75,470.5,460.75,28.82K,1.03%
21/08/19,462.5,460,463,456,29.73K,0.54%
20/08/19,460,464.5,468.75,456.75,36.77K,-1.18%
19/08/19,465.5,469,470.5,464,37.68K,-1.12%
16/08/19,470.75,470.25,473,467.25,43.36K,0.37%
15/08/19,469,475.75,477.25,468.5,50.56K,-1.00%
14/08/19,473.75,474.75,480,471.25,54.94K,0.37%
13/08/19,472,471,478.75,465.5,80.02K,0.05%
12/08/19,471.75,500,502,466.5,102.00K,-5.56%
09/08/19,499.5,498.25,505.25,496,80.31K,0.20%
08/08/19,498.5,489.5,502.75,486,93.53K,2.10%
07/08/19,488.25,484,490.25,477.5,69.55K,0.88%
06/08/19,484,493,495.75,482.75,58.66K,-2.12%
05/08/19,494.5,490.25,495,479.25,70.66K,0.76%
02/08/19,490.75,479.25,491.5,476,76.64K,3.15%
01/08/19,475.75,486.75,488.5,471.75,79.62K,-2.36%
31/07/19,487.25,497.5,500.5,484.5,64.06K,-2.01%
30/07/19,497.25,502.25,503.25,495,47.67K,-1.24%
29/07/19,503.5,495.25,507.25,492.5,63.10K,1.51%
26/07/19,496,499.5,500.25,493.5,41.87K,-0.70%
25/07/19,499.5,497.75,507.5,492.25,66.90K,0.35%
24/07/19,497.75,487.25,498.75,487.25,61.74K,2.15%
23/07/19,487.25,487.75,493.5,483.25,57.81K,0.00%
22/07/19,487.25,505.25,505.25,487,69.56K,-3.03%
19/07/19,502.5,494.75,516.75,492.5,67.72K,1.82%
18/07/19,493.5,504,505.25,493,59.02K,-2.37%
17/07/19,505.5,507.25,514,502,40.00K,-0.39%
16/07/19,507.5,507.75,510,501,51.26K,-0.05%
15/07/19,507.75,524.25,531.5,506,68.19K,-5.31%
12/07/19,536.25,535,538.5,535,0.05K,0.00%
11/07/19,536.25,514.25,535.5,514.25,0.07K,4.79%
10/07/19,511.75,506,512.5,506,0.14K,0.39%
09/07/19,509.75,513.75,513.75,508.5,0.15K,-1.35%
08/07/19,516.75,520,521.5,513,0.19K,-0.48%
05/07/19,519.25,511.5,520.5,511.5,0.46K,0.24%
03/07/19,518,504,518.5,503.75,0.87K,2.88%
02/07/19,503.5,514,514.75,502,0.62K,-2.04%
01/07/19,514,532,532,511.75,0.86K,-2.65%
28/06/19,528,547.75,558,525.75,2.99K,-3.56%
27/06/19,547.5,545.25,555.25,541.25,19.41K,0.69%
26/06/19,543.75,535.5,545.25,532.25,38.79K,1.49%
25/06/19,535.75,540.25,545.5,534,35.00K,-0.42%
24/06/19,538,526,540,522.25,35.35K,2.28%
21/06/19,526,527.5,529.75,523,43.12K,-0.09%
20/06/19,526.5,520.75,529,515.5,43.11K,0.81%
19/06/19,522.25,530.25,531,514.25,73.04K,-1.74%
18/06/19,531.5,539.75,541,525.25,62.46K,-1.48%
17/06/19,539.5,540.25,549.25,537.5,66.17K,0.19%
14/06/19,538.5,535.5,544,530.75,80.19K,0.56%
13/06/19,535.5,526,536.5,524.75,80.27K,1.76%
12/06/19,526.25,519.75,528,513,98.89K,1.59%
11/06/19,518,504,518.75,500.25,93.40K,2.07%
10/06/19,507.5,505.25,508.5,493.25,70.59K,0.59%
07/06/19,504.5,511,512.75,502,95.65K,-1.08%
06/06/19,510,492,514,487.75,126.52K,3.92%
05/06/19,490.75,507,508.5,488.5,95.35K,-3.25%
04/06/19,507.25,526,529,501.25,116.94K,-2.41%
03/06/19,519.75,505.75,522.75,503,92.33K,3.33%
31/05/19,503,514.5,520,500.75,107.97K,-2.24%
30/05/19,514.5,488.75,515,482,101.11K,4.89%
29/05/19,490.5,515,521.75,487.5,126.55K,-2.82%
28/05/19,504.75,495,509.25,494.5,107.85K,3.12%
24/05/19,489.5,469.75,490.75,467.25,74.19K,4.09%
23/05/19,470.25,473,485.5,466.25,78.86K,-0.53%
22/05/19,472.75,475.75,481,468.5,65.95K,-1.25%
21/05/19,478.75,486.25,492.75,474,99.49K,0.10%
20/05/19,478.25,469.75,484,468,86.58K,2.85%
17/05/19,465,469,473.25,462.5,74.17K,-0.43%
16/05/19,467,446.25,468.5,446.25,75.27K,4.07%
15/05/19,448.75,451.5,464,447,85.02K,2.16%
14/05/19,439.25,440.12,450.5,437.88,0.00K,1.86%
13/05/19,431.25,422.75,428.5,422.75,0.24K,2.92%
10/05/19,419,420.5,420.5,417.75,0.20K,-0.65%
09/05/19,421.75,425.5,425.5,424.25,0.02K,-2.20%
08/05/19,431.25,430,430,430,0.05K,0.17%
07/05/19,430.5,422.75,432,422.75,0.09K,0.58%
06/05/19,428,424.75,426.25,422,0.03K,0.00%
03/05/19,428,427.5,437,426,0.11K,-1.21%
02/05/19,433.25,428.5,438.25,428.25,0.28K,1.94%
01/05/19,425,420,426.5,419.5,0.85K,1.55%
30/04/19,418.5,424,426,416.25,5.05K,-1.93%
29/04/19,426.75,436.25,439.75,425,31.18K,-1.90%
26/04/19,435,433.5,439,433.25,31.93K,0.06%
25/04/19,434.75,430.75,437.5,428.25,37.53K,0.58%
24/04/19,432.25,438,439.5,429.75,37.32K,-1.48%
23/04/19,438.75,435.25,441.25,433,47.31K,0.69%
22/04/19,435.75,444.25,444.25,435.25,39.27K,-2.19%
19/04/19,445.5,445.5,445.5,445.5,,0.28%
18/04/19,444.25,447.25,448.25,439.25,44.04K,-0.62%
17/04/19,447,446.5,450,444.75,42.63K,0.45%
16/04/19,445,458.75,460.25,442.25,90.38K,-3.16%
15/04/19,459.5,463.75,464,457.75,79.73K,-1.08%
12/04/19,464.5,462,465.25,457.5,64.97K,0.87%
11/04/19,460.5,457,462.5,456.75,78.54K,0.55%
10/04/19,458,459,461.75,455.5,65.28K,-0.33%
09/04/19,459.5,462,462.5,456.25,89.06K,-1.24%
08/04/19,465.25,467.25,471,461.75,83.29K,-0.53%
05/04/19,467.75,469,469.5,464.25,89.21K,-0.64%
04/04/19,470.75,471,477.5,468,70.27K,-0.05%
03/04/19,471,463,472.75,463,61.89K,1.51%
02/04/19,464,463.5,465.75,456,48.16K,0.27%
01/04/19,462.75,459.5,468.25,456,61.27K,1.09%
29/03/19,457.75,463.75,464.75,452.5,72.18K,-1.45%
28/03/19,464.5,468.5,469.25,459.5,49.57K,-1.06%
27/03/19,469.5,470,471.75,466.5,61.16K,0.05%
26/03/19,469.25,470,478,467,83.74K,-0.05%
25/03/19,469.5,466.5,471.75,463,59.71K,0.75%
22/03/19,466,465.5,473.75,463.75,73.01K,-0.11%
21/03/19,466.5,464.5,467.5,458,62.81K,0.38%
20/03/19,464.75,456.75,465,454.75,53.59K,1.81%
19/03/19,456.5,458.5,462.5,453.75,53.50K,-0.05%
18/03/19,456.75,463.25,464,454.5,58.39K,-1.19%
15/03/19,462.25,452.5,463,448.5,67.72K,2.21%
14/03/19,452.25,447.88,460.62,446.88,,2.73%
13/03/19,440.25,439.75,441.5,438.5,0.01K,-1.34%
12/03/19,446.25,424,443,424,0.02K,5.68%
11/03/19,422.25,430.25,430.25,427.75,0.03K,-2.43%
08/03/19,432.75,435.5,437,435.5,0.03K,0.29%
07/03/19,431.5,435.25,437.25,435.25,0.07K,-2.04%
06/03/19,440.5,449.25,450.5,443.5,0.15K,-3.03%
05/03/19,454.25,446,454.25,445.75,0.33K,1.68%
04/03/19,446.75,454.75,454.75,446,0.88K,-1.60%
01/03/19,454,452.5,457.75,440.5,2.21K,0.33%
28/02/19,452.5,460.25,461,452.25,4.22K,-1.84%
27/02/19,461,460.25,467.75,458.25,15.76K,0.16%
26/02/19,460.25,467,468,456.25,35.05K,-1.39%
25/02/19,466.75,489.75,490,466.25,45.91K,-4.11%
22/02/19,486.75,488.5,493,484.5,50.63K,0.05%
21/02/19,486.5,480.5,491.5,480.25,49.59K,1.20%
20/02/19,480.75,490,493.5,475.75,78.09K,-1.84%
19/02/19,489.75,502.5,505.25,488.5,74.21K,-2.78%
18/02/19,503.75,503.25,503.75,503,,0.10%
17/02/19,503.25,503.5,503.5,502.88,,-0.20%
15/02/19,504.25,507.75,508.75,499.25,79.76K,-0.54%
14/02/19,507,521.5,522.5,506,103.16K,-2.92%
13/02/19,522.25,519.75,524,518.75,74.96K,0.43%
12/02/19,520,518.5,520.75,514.5,82.84K,0.34%
11/02/19,518.25,517.25,519,512,85.56K,0.19%
08/02/19,517.25,514.75,522.25,513.5,112.34K,0.78%
07/02/19,513.25,525.25,525.25,512.5,112.35K,-2.42%
06/02/19,526,527,531.25,524.25,73.14K,-0.24%
05/02/19,527.25,525.25,528.25,520.5,73.34K,0.29%
04/02/19,525.75,524.75,529,521.25,74.71K,0.29%
01/02/19,524.25,515.75,526.5,515.25,83.42K,1.50%
31/01/19,516.5,517.75,520,513.5,56.31K,-0.05%
30/01/19,516.75,513.25,518,511.75,46.57K,0.68%
29/01/19,513.25,517.75,522,510.75,77.73K,-1.06%
28/01/19,518.75,520.75,523.5,516,44.01K,-0.24%
25/01/19,520,520.5,523,516.75,51.10K,-0.29%
24/01/19,521.5,527,529,521,50.94K,-0.86%
23/01/19,526,522.5,527,521.75,45.10K,0.91%
22/01/19,521.25,518,526,514.25,75.78K,0.82%
21/01/19,517,517.5,520.5,515.25,,0.00%
20/01/19,517,517.5,517.5,517,,-0.14%
18/01/19,517.75,519.75,522.75,515.25,50.53K,0.00%
17/01/19,517.75,511.5,522.5,509,65.57K,1.02%
16/01/19,512.5,511,516.75,511,43.24K,0.29%
15/01/19,511,514.75,518.25,508,55.27K,-0.63%
14/01/19,514.25,520,523.5,513.25,49.12K,-1.01%
11/01/19,519.5,513.75,523.75,512.75,73.29K,1.12%
10/01/19,513.75,519.5,520.25,512,59.32K,-1.20%
09/01/19,520,519.75,523.75,518.25,57.34K,0.43%
08/01/19,517.75,516.5,524.5,513.75,71.73K,0.19%
07/01/19,516.75,518,518.5,513.5,41.55K,-0.05%
04/01/19,517,513.75,518.75,513,44.05K,0.63%
03/01/19,513.75,506.75,516,506,48.80K,1.38%
02/01/19,506.75,502.5,510.75,501.25,46.44K,0.70%
31/12/18,503.25,512.75,513.5,503,41.28K,-1.61%
28/12/18,511.5,511.75,514,509.5,25.16K,0.20%
27/12/18,510.5,511.5,513,507.25,32.66K,0.10%
26/12/18,510,516,520.75,509,32.52K,-1.26%
24/12/18,516.5,512,518,511,22.53K,0.49%
21/12/18,514,522,524,512.25,62.69K,-1.81%
20/12/18,523.5,524,527.75,521.25,45.09K,0.19%
19/12/18,522.5,532.75,533,521.5,49.71K,-1.92%
18/12/18,532.75,534,536,530,40.25K,-0.47%
17/12/18,535.25,531,537.5,530,37.08K,1.42%
14/12/18,527.75,536.38,537.62,527.75,0.02K,0.00%
13/12/18,527.75,526.25,526.25,526.25,0.04K,2.43%
12/12/18,515.25,520.75,520.75,517.75,0.01K,1.08%
11/12/18,509.75,511,511,511,0.01K,-0.97%
10/12/18,514.75,522.75,522.75,521.5,0.01K,-0.91%
07/12/18,519.5,505.25,519,505.25,0.06K,2.82%
06/12/18,505.25,510,510,499.5,0.52K,-1.80%
05/12/18,514.5,515,515.5,513.25,0.05K,-0.91%
04/12/18,519.25,514.75,520.75,514.75,0.33K,0.68%
03/12/18,515.75,524.25,525.25,514,2.39K,0.00%
30/11/18,515.75,497.25,517.75,497.25,2.39K,3.88%
29/11/18,496.5,497.75,501.5,492,16.13K,-0.20%
28/11/18,497.5,497.25,501,494.75,20.28K,-0.10%
27/11/18,498,506.75,510,497.5,27.09K,-1.87%
26/11/18,507.5,503,508,501.75,39.28K,1.55%
23/11/18,499.75,500.75,507.5,499,49.83K,0.35%
22/11/18,498,498,498,498,,-0.15%
21/11/18,498.75,500.5,504.25,497.75,30.01K,-0.40%
20/11/18,500.75,497.5,502.5,495.5,39.18K,0.45%
19/11/18,498.5,506.5,507.25,496,51.16K,-1.63%
16/11/18,506.75,505.25,508.75,502.75,41.46K,0.25%
15/11/18,505.5,503,509,503,71.99K,0.50%
14/11/18,503,507.75,511,501,80.90K,-0.94%
13/11/18,507.75,518.25,520.75,506,104.44K,-2.31%
12/11/18,519.75,502.5,520.75,501.25,115.47K,3.54%
09/11/18,502,507.5,508,500.75,92.76K,-1.13%
08/11/18,507.75,509.5,517,503.25,110.06K,-0.49%
07/11/18,510.25,512.5,514.25,507.25,70.29K,-0.34%
06/11/18,512,507.25,514,505.5,51.33K,0.94%
05/11/18,507.25,511.25,512.25,503.75,54.25K,-0.29%
02/11/18,508.75,507,509.75,502.75,56.56K,0.15%
01/11/18,508,500.5,510,500.5,85.22K,1.50%
31/10/18,500.5,499.75,501.75,490,82.42K,0.15%
30/10/18,499.75,505.5,507.5,497,69.05K,-1.48%
29/10/18,507.25,510.25,515,502.75,66.04K,0.40%
26/10/18,505.25,487.25,506.75,486.75,143.20K,3.69%
25/10/18,487.25,499.75,499.75,485.5,84.39K,-2.45%
24/10/18,499.5,510,510.75,496.75,76.18K,-1.87%
23/10/18,509,508,511.25,505.25,47.85K,0.20%
22/10/18,508,514,514.25,507.25,47.98K,-1.31%
19/10/18,514.75,513,518.5,510.75,45.87K,0.34%
18/10/18,513,516,519.5,511,42.08K,-0.87%
17/10/18,517.5,524,524.5,516,39.43K,-1.15%
16/10/18,523.5,525.75,527,521,50.82K,-0.29%
15/10/18,525,518.5,526,514.75,53.49K,1.50%
12/10/18,517.25,507.75,519,507.25,54.23K,1.82%
11/10/18,508,510.75,521,506.5,71.25K,-0.49%
10/10/18,510.5,516.75,518,510.25,42.67K,-0.87%
09/10/18,515,513.5,520.5,511.25,47.60K,0.19%
08/10/18,514,524,525.5,512.75,54.16K,-1.34%
05/10/18,521,518,524.5,517.25,49.35K,0.58%
04/10/18,518,515.75,520.75,513.75,53.59K,0.53%
03/10/18,515.25,521.25,527.25,514.25,65.96K,-0.77%
02/10/18,519.25,510.5,524.75,505.25,92.44K,1.91%
01/10/18,509.5,510,515.25,505.5,69.14K,0.10%
28/09/18,509,513,518,505.5,74.08K,-0.78%
27/09/18,513,517.75,522,511.25,58.59K,-0.87%
26/09/18,517.5,521.25,527,516.75,46.39K,-0.62%
25/09/18,520.75,525.25,525.75,516.25,62.77K,-1.19%
24/09/18,527,522,531.25,520,55.28K,1.01%
21/09/18,521.75,521,524.25,515,43.33K,-0.43%
20/09/18,524,523,525.75,516,58.42K,0.29%
19/09/18,522.5,511,523.25,510.5,59.63K,2.35%
18/09/18,510.5,506.25,514.25,506.25,58.18K,0.84%
17/09/18,506.25,513.5,517.75,505.5,72.04K,5.47%
14/09/18,480,478.5,479.75,478.5,0.26K,1.75%
13/09/18,471.75,473,473,473,0.00K,-2.08%
12/09/18,481.75,500.5,503.5,478,0.03K,-2.43%
11/09/18,493.75,497.25,497.25,497.25,0.00K,-2.03%
10/09/18,504,488,498.5,488,0.05K,3.65%
07/09/18,486.25,487,487.25,487,0.10K,0.05%
06/09/18,486,490,492.25,487.75,0.24K,-1.57%
05/09/18,493.75,501,507.5,495,0.84K,-1.79%
04/09/18,502.75,507.25,507.25,491.75,2.25K,-6.68%
03/09/18,538.75,537.75,539,537.75,,3.91%
31/08/18,518.5,509.5,522.25,509.5,0.67K,2.07%
30/08/18,508,517.5,525,502.5,15.48K,-1.50%
29/08/18,515.75,498,520,496,21.64K,3.51%
28/08/18,498.25,500.25,504.25,494.75,22.07K,-0.20%
27/08/18,499.25,513.75,513.75,499,23.19K,-3.01%
24/08/18,514.75,522,522,513,52.01K,-1.39%
23/08/18,522,529,535.5,515.5,35.63K,-0.76%
22/08/18,526,526.5,533,520.5,35.80K,-0.24%
21/08/18,527.25,544,544.25,526.25,38.08K,-2.77%
20/08/18,542.25,562,562.75,540.75,42.93K,-3.26%
17/08/18,560.5,542.25,563,535,66.48K,3.37%
16/08/18,542.25,532.5,547.75,531,45.52K,1.88%
15/08/18,532.25,541,542.75,528.25,70.67K,-1.75%
14/08/18,541.75,534.75,544.25,532.25,58.39K,1.55%
13/08/18,533.5,546.5,549.75,530.5,94.16K,-2.42%
10/08/18,546.75,564.75,574,545.75,113.92K,-3.14%
09/08/18,564.5,570.5,573.75,561.75,87.22K,-0.96%
08/08/18,570,569.75,578,564.5,91.81K,0.31%
07/08/18,568.25,575.25,586.25,564,106.03K,-1.09%
06/08/18,574.5,555,576.25,551.5,75.85K,3.28%
03/08/18,556.25,563.25,567.75,554,78.47K,-0.76%
02/08/18,560.5,559.5,593,559,150.99K,0.40%
01/08/18,558.25,555.25,566,550.75,100.63K,0.81%
31/07/18,553.75,545.5,565,540.5,97.01K,1.33%
30/07/18,546.5,533.5,551.75,532.75,72.66K,3.02%
27/07/18,530.5,536,542,525.25,95.00K,-1.12%
26/07/18,536.5,544.75,553.75,532,128.99K,-1.15%
25/07/18,542.75,511.5,545.25,511.25,145.91K,6.37%
24/07/18,510.25,511.5,516.25,505.25,66.28K,-0.68%
23/07/18,513.75,518,522.5,512,74.23K,-0.44%
20/07/18,516,503.5,519.75,503,76.74K,2.33%
19/07/18,504.25,493.75,505.75,490.25,57.47K,1.97%
18/07/18,494.5,498.25,505,493.75,54.26K,-0.65%
17/07/18,497.75,491,504.25,487.75,70.28K,1.89%
16/07/18,488.5,495.25,498.5,486.75,62.01K,1.45%
13/07/18,481.5,484.5,497.5,481.25,0.01K,-0.21%
12/07/18,482.5,484.25,484.25,484.25,0.07K,2.71%
11/07/18,469.75,488,490.5,471.25,0.01K,-4.03%
10/07/18,489.5,503,503,485.75,0.05K,-3.59%
09/07/18,507.75,509.5,509.75,504.25,0.06K,-0.98%
06/07/18,512.75,500.25,513.25,500.25,0.16K,1.74%
05/07/18,504,507,508.75,503.25,0.17K,2.54%
03/07/18,491.5,480.75,495,480.5,0.72K,2.34%
02/07/18,480.25,497.25,505,477.25,0.88K,-3.47%
29/06/18,497.5,479.5,504,479.5,2.49K,3.75%
28/06/18,479.5,478,485.25,474.25,13.88K,0.00%
27/06/18,479.5,470,482.25,468.75,30.82K,2.13%
26/06/18,469.5,477.5,481.75,466.75,27.50K,-1.52%
25/06/18,476.75,490.25,491,473.75,28.21K,-2.95%
22/06/18,491.25,495.75,497.5,487,38.62K,-0.81%
21/06/18,495.25,490.75,498.75,482.25,51.25K,1.43%
20/06/18,488.25,477.75,490,474.75,55.87K,2.20%
19/06/18,477.75,489.5,490.5,467.5,102.77K,-2.50%
18/06/18,490,495.5,499,487.75,75.22K,-1.90%
15/06/18,499.5,502.5,508.75,487,98.17K,-0.40%
14/06/18,501.5,515.75,517,498.25,113.60K,-2.90%
13/06/18,516.5,535,538.75,514.5,123.83K,-3.37%
12/06/18,534.5,514.75,538.25,510.25,145.45K,3.89%
11/06/18,514.5,520,528.25,511.75,95.72K,-1.06%
08/06/18,520,528.25,533.5,513.25,128.28K,-1.28%
07/06/18,526.75,522.25,537,519.25,121.87K,1.35%
06/06/18,519.75,509.75,531.25,507.5,102.30K,1.91%
05/06/18,510,507,518.75,506,106.92K,0.94%
04/06/18,505.25,520.25,521.25,503.25,104.59K,-3.44%
01/06/18,523.25,524.5,528,518.25,84.22K,-0.57%
31/05/18,526.25,522,531.75,515.25,86.99K,0.81%
30/05/18,522,534.75,534.75,516.5,106.72K,-2.70%
29/05/18,536.5,547.5,554,531.5,140.35K,-2.10%
28/05/18,548,548,548,548,,0.92%
25/05/18,543,530,544.75,528.25,86.02K,2.40%
24/05/18,530.25,531,545.25,529.25,136.82K,-0.14%
23/05/18,531,520.75,531.75,517.25,91.16K,1.82%
22/05/18,521.5,505.5,530.25,502.75,121.34K,2.81%
21/05/18,507.25,523,525.5,504.25,101.86K,-2.12%
18/05/18,518.25,497.5,518.75,495.25,98.78K,4.17%
17/05/18,497.5,496,505,495,68.13K,0.66%
16/05/18,494.25,493.75,498.75,491,56.23K,0.15%
15/05/18,493.5,490.5,496.25,486.25,74.72K,2.71%
14/05/18,480.5,479.25,479.25,479.25,0.02K,-1.84%
11/05/18,489.5,503.25,505.25,497,0.03K,-3.59%
10/05/18,507.75,515.75,515.75,515.75,0.06K,-1.31%
09/05/18,514.5,508,511,508,0.03K,-0.63%
08/05/18,517.75,515.5,516.5,515.5,0.01K,0.73%
07/05/18,514,515,515,515,0.07K,-2.56%
04/05/18,527.5,537,537,529.5,0.12K,-2.41%
03/05/18,540.5,525.75,540,521.5,0.19K,2.81%
02/05/18,525.75,525,533.25,522.5,0.17K,-0.76%
01/05/18,529.75,511.25,529.75,510.25,0.55K,3.37%
30/04/18,512.5,500,515.5,499.75,2.35K,3.43%
27/04/18,495.5,484,495.75,480.25,16.63K,3.07%
26/04/18,480.75,485.25,491.5,476.5,23.00K,-1.13%
25/04/18,486.25,473,488.5,472.25,28.84K,2.91%
24/04/18,472.5,461.25,473,455.5,29.31K,2.38%
23/04/18,461.5,464.25,469,458.75,56.90K,-0.38%
20/04/18,463.25,476.25,476.75,462.25,47.33K,-2.83%
19/04/18,476.75,477.5,480,471.75,43.87K,0.32%
18/04/18,475.25,466.25,476,465.5,51.50K,1.93%
17/04/18,466.25,463.75,470.75,461.5,55.33K,0.87%
16/04/18,462.25,466.5,470.25,461.5,81.26K,-2.17%
13/04/18,472.5,480.25,481.25,469.5,63.77K,-1.77%
12/04/18,481,483.5,484.75,474.75,80.17K,-1.28%
11/04/18,487.25,491,492,483,101.29K,-0.97%
10/04/18,492,492,494,481.75,130.24K,0.25%
09/04/18,490.75,478,493.75,474.75,133.94K,3.92%
06/04/18,472.25,461.5,472.75,459.25,76.59K,1.61%
05/04/18,464.75,458,466,456.5,73.15K,1.97%
04/04/18,455.75,457,461.5,447,94.46K,-0.38%
03/04/18,457.5,448.5,463.5,448.25,99.83K,2.52%
02/04/18,446.25,454.25,457.25,445.75,67.07K,-1.05%
29/03/18,451,447.5,455.75,441.5,89.82K,1.23%
28/03/18,445.5,449.5,452.5,444.5,55.98K,-0.78%
27/03/18,449,454.25,457.5,448.75,57.98K,-1.16%
26/03/18,454.25,462.5,463.75,451.25,65.96K,-1.30%
23/03/18,460.25,455.25,461.75,446.5,78.52K,0.99%
22/03/18,455.75,453.5,459.75,451.25,64.10K,0.50%
21/03/18,453.5,453.5,454.5,446.75,79.01K,0.11%
20/03/18,453,452.5,457.5,450,92.60K,0.50%
19/03/18,450.75,465,466,450.25,109.99K,-3.63%
16/03/18,467.75,478.75,482.25,467,83.13K,-2.30%
15/03/18,478.75,488.75,493.25,476,76.23K,-3.43%
14/03/18,495.75,485,496.5,485,0.01K,2.11%
13/03/18,485.5,494.5,503.25,493,0.04K,-0.87%
12/03/18,489.75,486,486,483.5,0.06K,0.15%
09/03/18,489,495,495,486,0.29K,-1.16%
08/03/18,494.75,495.25,495.75,491,0.12K,0.35%
07/03/18,493,505,505,493,0.22K,-1.79%
06/03/18,502,498.75,501.75,494,0.20K,-0.05%
05/03/18,502.25,497,501.75,493,0.37K,2.08%
02/03/18,492,506.25,506.25,489,0.50K,-2.67%
01/03/18,505.5,491.25,506.25,482.75,0.91K,4.33%
28/02/18,484.5,464.5,487.5,464,5.72K,4.59%
27/02/18,463.25,462,465.75,460.25,32.83K,0.82%
26/02/18,459.5,458.5,464,455.75,51.73K,1.60%
23/02/18,452.25,452,456.25,451.5,51.46K,0.22%
22/02/18,451.25,447.75,452,444.75,47.64K,0.89%
21/02/18,447.25,450,452,445.5,76.89K,-0.45%
20/02/18,449.25,459.75,463.25,449,86.76K,-1.91%
19/02/18,458,458,458,458,,0.00%
18/02/18,458,458,458,458,,0.05%
16/02/18,457.75,463.5,464.5,456.75,69.87K,-0.87%
15/02/18,461.75,455.75,463.5,452.25,79.65K,1.32%
14/02/18,455.75,458,460.75,453.75,92.77K,-1.09%
13/02/18,460.75,465,467.25,459,139.47K,-0.70%
12/02/18,464,452,465,451.5,130.18K,3.34%
09/02/18,449,454.25,456,448.25,119.90K,-1.59%
08/02/18,456.25,461.75,464.5,451.25,133.04K,-0.92%
07/02/18,460.5,449,461.75,447.75,149.04K,3.19%
06/02/18,446.25,442,447.75,438.75,80.12K,1.36%
05/02/18,440.25,443.25,445.75,438.75,100.97K,-1.45%
02/02/18,446.75,449.75,451,445,69.04K,-0.94%
01/02/18,451,451,451.5,443.25,112.72K,-0.17%
31/01/18,451.75,458.5,458.75,447.5,121.25K,-1.20%
30/01/18,457.25,454,458.5,449.75,130.21K,1.78%
29/01/18,449.25,443,449.75,443,109.24K,1.87%
26/01/18,441,435,442.5,434.25,83.10K,1.50%
25/01/18,434.5,433,438.75,429.5,91.60K,0.35%
24/01/18,433,422.25,433.75,420.75,113.54K,2.73%
23/01/18,421.5,423.5,425,419.75,57.49K,-1.00%
22/01/18,425.75,424.5,427.5,423.25,51.15K,0.71%
19/01/18,422.75,425.25,427.25,421.5,39.94K,-0.59%
18/01/18,425.25,422.25,425.75,421.25,53.11K,0.89%
17/01/18,421.5,416.75,423.25,415.5,53.02K,1.20%
16/01/18,416.5,420.25,422.75,413.25,83.27K,-0.95%
12/01/18,420.5,433.25,436,418.75,131.03K,-2.94%
11/01/18,433.25,434.25,434.5,428.5,73.17K,-0.23%
10/01/18,434.25,432.25,435,431.5,62.13K,0.46%
09/01/18,432.25,427.75,433.75,425.25,63.52K,1.05%
08/01/18,427.75,430.25,432.25,425.75,71.82K,-0.70%
05/01/18,430.75,433,433.75,427.5,62.55K,-0.75%
04/01/18,434,435.75,436,431,58.73K,-0.46%
03/01/18,436,435.25,437,432,70.97K,0.58%
02/01/18,433.5,428.25,436.25,428.25,71.35K,1.52%