Fecha,Cierre,Apertura,Máximo,Mínimo,Vol.,% var.,Volumen
14/05/26,186.0,193.0,197.0,185.0,7.00M,-3.79%,7000000.0
13/05/26,193.19,192.5,195.89,191.57,5.36M,0.57%,5360000.0
12/05/26,192.1,192.33,193.19,190.02,4.04M,-0.03%,4040000.0
11/05/26,192.15,192.04,195.32,191.82,3.20M,-0.44%,3200000.0
08/05/26,193.0,195.48,195.58,192.76,4.43M,-0.95%,4430000.0
07/05/26,194.85,192.85,197.01,192.01,7.31M,0.79%,7310000.0
06/05/26,193.33,191.48,193.51,189.18,5.09M,2.22%,5090000.0
05/05/26,189.13,190.05,190.46,188.53,6.17M,-0.21%,6170000.0
04/05/26,189.53,190.98,192.61,189.01,4.18M,-0.08%,4179999.9999999995
30/04/26,189.68,189.0,193.0,188.5,5.84M,-0.19%,5840000.0
29/04/26,190.04,192.45,192.61,188.39,5.63M,-1.22%,5630000.0
28/04/26,192.38,191.01,193.36,190.41,4.34M,0.24%,4340000.0
27/04/26,191.92,194.81,194.81,191.5,6.45M,-1.39%,6450000.0
24/04/26,194.62,193.59,197.44,193.33,3.74M,0.65%,3740000.0
23/04/26,193.37,195.0,196.93,192.51,5.78M,-0.71%,5780000.0
22/04/26,194.76,196.31,197.27,194.01,5.27M,-0.73%,5270000.0
21/04/26,196.19,200.89,200.9,195.0,5.48M,-2.01%,5480000.0
20/04/26,200.21,196.29,201.5,194.24,6.01M,2.61%,6010000.0
17/04/26,195.11,198.09,198.98,193.01,6.07M,-0.96%,6070000.0
16/04/26,197.0,197.51,198.74,194.87,9.11M,-0.57%,9110000.0
15/04/26,198.12,196.29,198.7,194.01,7.39M,1.19%,7390000.0
14/04/26,195.79,196.99,199.02,194.25,10.16M,-0.29%,10160000.0
13/04/26,196.36,198.95,199.5,196.01,10.21M,-1.30%,10210000.0
10/04/26,198.95,200.99,202.92,198.13,7.70M,-0.71%,7700000.0
09/04/26,200.37,200.13,203.28,198.4,9.30M,-0.22%,9300000.0
08/04/26,200.81,200.19,205.24,200.06,5.84M,1.44%,5840000.0
07/04/26,197.95,198.61,200.83,196.64,6.03M,-0.87%,6030000.0
06/04/26,199.69,202.19,202.5,198.51,1.76M,-0.96%,1760000.0
01/04/26,201.62,198.99,203.0,198.28,5.71M,1.43%,5710000.0
31/03/26,198.78,192.69,201.48,191.06,8.70M,3.63%,8700000.0
30/03/26,191.81,190.02,193.32,190.02,3.62M,1.00%,3620000.0
27/03/26,189.91,191.89,193.49,189.21,4.76M,-0.66%,4760000.0
26/03/26,191.17,194.41,194.81,191.0,5.93M,-2.43%,5930000.0
25/03/26,195.93,189.65,199.74,188.01,7.56M,3.39%,7560000.0
24/03/26,189.5,185.17,190.13,184.4,7.20M,2.09%,7200000.0
23/03/26,185.62,185.0,188.43,184.46,3.67M,0.76%,3670000.0
20/03/26,184.22,187.81,189.28,183.67,14.50M,-2.87%,14500000.0
19/03/26,189.66,191.21,191.68,186.89,3.50M,-1.15%,3500000.0
18/03/26,191.86,192.49,194.0,190.65,5.13M,-0.19%,5130000.0
17/03/26,192.23,190.0,194.76,189.12,5.38M,1.70%,5380000.0
13/03/26,189.02,188.28,191.79,187.4,5.61M,0.60%,5610000.0
12/03/26,187.9,193.19,194.88,187.51,4.95M,-3.27%,4950000.0
11/03/26,194.25,193.24,196.43,192.71,5.70M,-0.12%,5700000.0
10/03/26,194.49,189.3,196.5,189.3,7.78M,2.76%,7780000.0
09/03/26,189.27,190.0,191.39,184.74,5.32M,-0.39%,5320000.0
06/03/26,190.01,191.42,193.38,188.4,5.79M,-1.49%,5790000.0
05/03/26,192.88,195.41,197.98,191.24,6.05M,-2.29%,6050000.0
04/03/26,197.41,188.49,197.89,188.49,8.43M,4.21%,8430000.0
03/03/26,189.44,190.91,191.01,181.61,7.07M,-0.83%,7070000.0
02/03/26,191.03,195.2,195.4,190.01,5.63M,-2.73%,5630000.0
27/02/26,196.39,197.41,198.91,193.81,12.41M,-1.23%,12410000.0
26/02/26,198.83,197.31,200.0,197.31,6.67M,-0.02%,6670000.0
25/02/26,198.87,200.29,200.54,196.43,6.78M,-0.47%,6780000.0
24/02/26,199.8,198.61,200.5,197.68,10.43M,0.46%,10430000.0
23/02/26,198.88,199.1,201.55,196.84,8.83M,-0.56%,8830000.0
20/02/26,200.0,199.5,201.93,199.23,4.49M,-0.17%,4490000.0
19/02/26,200.34,201.41,202.89,199.69,6.07M,-0.71%,6070000.0
18/02/26,201.78,203.7,204.59,201.41,7.04M,-0.94%,7040000.0
17/02/26,203.7,202.75,204.22,199.81,2.97M,0.77%,2970000.0
16/02/26,202.14,203.84,205.12,201.78,500.79K,-1.33%,500790.0
13/02/26,204.87,202.39,205.49,199.61,4.14M,1.75%,4139999.9999999995
12/02/26,201.35,203.99,206.96,198.91,7.61M,-1.02%,7610000.0
11/02/26,203.43,209.19,209.19,200.59,7.18M,-2.25%,7180000.0
10/02/26,208.11,207.5,210.0,207.34,6.78M,0.47%,6780000.0
09/02/26,207.13,209.1,209.64,206.13,6.28M,-0.78%,6280000.0
06/02/26,208.76,200.21,209.66,200.21,7.15M,4.08%,7150000.0
05/02/26,200.58,200.18,201.29,195.49,5.68M,0.41%,5680000.0
04/02/26,199.76,205.95,209.65,198.1,7.48M,-3.04%,7480000.0
03/02/26,206.02,198.79,207.49,195.09,10.76M,4.28%,10760000.0
30/01/26,197.57,203.01,204.0,196.61,9.81M,-3.55%,9810000.0
29/01/26,204.85,199.84,205.79,198.45,12.78M,2.51%,12780000.0
28/01/26,199.84,190.7,199.99,189.43,9.50M,5.14%,9500000.0
27/01/26,190.07,186.3,191.69,185.61,6.69M,1.31%,6690000.0
26/01/26,187.62,186.89,188.08,185.0,5.10M,0.72%,5100000.0
23/01/26,186.27,185.88,187.01,182.09,5.61M,0.23%,5610000.0
22/01/26,185.84,185.88,188.89,183.61,6.85M,-0.52%,6850000.0
21/01/26,186.82,182.98,189.53,182.92,7.88M,2.06%,7880000.0
20/01/26,183.05,181.38,183.69,180.21,5.80M,0.41%,5800000.0
19/01/26,182.3,183.8,183.8,180.81,1.28M,-0.82%,1280000.0
16/01/26,183.8,179.76,185.09,179.76,8.45M,2.09%,8450000.0
15/01/26,180.04,179.5,182.58,177.38,8.89M,0.78%,8890000.0
14/01/26,178.64,170.19,179.0,169.01,8.45M,5.18%,8450000.0
13/01/26,169.84,169.0,170.29,168.2,10.11M,0.55%,10110000.0
12/01/26,168.91,169.5,169.81,168.01,6.14M,-0.08%,6140000.0
09/01/26,169.05,169.58,169.86,166.61,8.23M,0.11%,8230000.0
08/01/26,168.86,168.89,171.44,167.0,7.65M,-0.35%,7650000.0
07/01/26,169.46,169.61,172.78,168.18,4.80M,-0.44%,4800000.0
06/01/26,170.21,174.48,174.74,169.87,4.90M,-2.05%,4900000.0
05/01/26,173.78,171.99,174.5,171.2,4.37M,1.53%,4370000.0
02/01/26,171.16,167.77,172.25,167.77,7.15M,2.53%,7150000.0
31/12/25,166.94,167.38,168.31,166.21,1.81M,-0.04%,1810000.0
30/12/25,167.0,171.41,171.41,166.38,3.05M,-2.35%,3050000.0
29/12/25,171.02,172.56,172.59,170.81,1.74M,-0.40%,1740000.0
26/12/25,171.71,171.68,172.69,171.01,708.30K,-0.17%,708300.0
24/12/25,172.0,170.77,172.48,169.62,568.66K,0.94%,568660.0
23/12/25,170.4,169.61,171.35,168.5,3.60M,0.35%,3600000.0
22/12/25,169.8,168.91,170.39,167.39,4.72M,0.53%,4720000.0
19/12/25,168.91,169.59,171.0,168.01,22.12M,-0.40%,22120000.0
18/12/25,169.59,164.91,170.15,164.0,5.45M,3.13%,5450000.0
17/12/25,164.44,167.89,168.09,164.0,6.83M,-1.45%,6830000.0
16/12/25,166.86,175.39,175.39,166.18,6.49M,-4.37%,6490000.0
15/12/25,174.49,175.39,177.23,174.01,5.26M,-0.31%,5260000.0
11/12/25,175.03,169.35,175.56,169.35,5.87M,3.42%,5870000.0
10/12/25,169.25,169.5,172.19,169.02,4.23M,-0.85%,4230000.0
09/12/25,170.7,169.96,172.87,168.75,10.66M,0.93%,10660000.0
08/12/25,169.12,174.01,174.18,168.41,5.89M,-3.39%,5890000.0
05/12/25,175.06,174.81,176.89,174.01,5.95M,0.14%,5950000.0
04/12/25,174.81,174.41,176.63,173.14,6.86M,-0.69%,6860000.0
03/12/25,176.02,177.3,178.76,174.99,8.35M,-0.71%,8350000.0
02/12/25,177.27,176.44,178.18,174.84,8.94M,0.78%,8940000.0
01/12/25,175.9,174.04,176.86,173.8,6.22M,0.52%,6220000.0
28/11/25,174.99,176.0,177.39,173.01,3.05M,-0.66%,3050000.0
27/11/25,176.15,177.24,177.94,174.65,1.19M,-0.31%,1190000.0
26/11/25,176.7,176.23,178.81,175.84,6.19M,-0.11%,6190000.0
25/11/25,176.89,171.8,177.27,171.8,7.89M,2.60%,7890000.0
24/11/25,172.4,172.86,174.29,171.81,12.72M,-0.27%,12720000.0
21/11/25,172.86,175.99,176.19,171.48,5.16M,-1.60%,5160000.0
20/11/25,175.67,173.55,176.47,173.46,3.75M,1.27%,3750000.0
19/11/25,173.47,172.65,173.99,172.0,3.31M,0.48%,3310000.0
18/11/25,172.64,174.44,175.88,171.0,5.51M,-1.39%,5510000.0
14/11/25,175.08,174.35,178.41,174.02,4.68M,-0.27%,4680000.0
13/11/25,175.55,178.89,179.48,174.02,4.80M,-1.84%,4800000.0
12/11/25,178.84,184.25,185.18,177.61,7.08M,-3.42%,7080000.0
11/11/25,185.18,179.22,186.44,178.03,8.22M,3.30%,8220000.000000001
10/11/25,179.26,178.3,179.8,177.3,6.35M,0.77%,6350000.0
07/11/25,177.89,177.5,179.32,176.43,4.21M,0.45%,4210000.0
06/11/25,177.1,177.19,178.81,175.25,5.04M,0.29%,5040000.0
05/11/25,176.59,176.01,179.1,172.88,9.55M,-0.55%,9550000.0
04/11/25,177.57,173.01,177.93,172.88,4.36M,1.91%,4360000.0
03/11/25,174.25,174.85,174.85,172.6,2.49M,-0.34%,2490000.0
31/10/25,174.85,173.18,175.37,172.3,7.41M,0.96%,7410000.0
30/10/25,173.18,171.01,175.35,171.01,5.79M,-1.03%,5790000.0
29/10/25,174.99,173.46,175.47,172.5,4.24M,1.01%,4240000.0
28/10/25,173.24,170.62,173.89,170.62,8.02M,0.52%,8020000.0
27/10/25,172.35,173.98,174.0,171.88,5.25M,0.53%,5250000.0
24/10/25,171.44,174.95,174.95,170.45,6.88M,-0.22%,6880000.0
23/10/25,171.82,171.43,173.37,170.66,6.10M,-0.56%,6100000.0
22/10/25,172.79,172.99,173.96,171.36,10.00M,-0.22%,10000000.0
21/10/25,173.17,170.39,175.0,170.39,5.94M,1.14%,5940000.0
20/10/25,171.21,174.79,174.79,169.5,4.85M,-1.06%,4850000.0
17/10/25,173.04,176.69,178.1,169.14,4.31M,-2.82%,4310000.0
16/10/25,178.07,175.01,179.5,175.01,4.43M,1.03%,4430000.0
15/10/25,176.26,173.89,177.42,172.2,28.77M,1.70%,28770000.0
14/10/25,173.31,176.12,177.36,172.7,4.88M,-2.06%,4880000.0
13/10/25,176.96,175.01,177.15,174.0,5.04M,1.28%,5040000.0
10/10/25,174.73,177.55,177.8,174.14,4.00M,-1.32%,4000000.0
09/10/25,177.07,177.1,177.99,174.91,7.50M,0.12%,7500000.0
08/10/25,176.85,175.08,177.19,174.21,7.33M,1.04%,7330000.0
07/10/25,175.03,174.01,178.5,174.01,5.19M,-0.26%,5190000.0
06/10/25,175.48,179.21,180.5,174.12,7.27M,-2.58%,7270000.0
03/10/25,180.12,181.69,182.2,179.21,3.84M,-0.39%,3840000.0
02/10/25,180.82,182.58,183.46,180.0,3.93M,-0.80%,3930000.0
01/10/25,182.27,184.11,185.07,179.3,5.40M,-1.20%,5400000.0
30/09/25,184.48,181.39,186.0,177.81,7.45M,1.97%,7450000.0
29/09/25,180.92,179.36,182.88,179.34,4.09M,0.56%,4090000.0
26/09/25,179.91,175.99,182.43,174.23,5.41M,2.70%,5410000.0
25/09/25,175.18,179.01,179.13,175.01,7.79M,-2.67%,7790000.0
24/09/25,179.98,182.5,185.39,179.45,6.23M,-1.83%,6230000.0
23/09/25,183.34,183.01,185.68,182.67,4.90M,-0.59%,4900000.0
22/09/25,184.43,182.09,184.9,180.49,2.93M,1.67%,2930000.0
19/09/25,181.4,183.99,183.99,180.0,18.25M,-1.41%,18250000.0
18/09/25,183.99,186.02,186.12,182.36,7.37M,-1.38%,7370000.0
17/09/25,186.57,185.0,187.29,183.19,11.44M,0.91%,11440000.0
15/09/25,184.89,182.26,185.48,181.41,4.79M,1.59%,4790000.0
12/09/25,182.0,179.12,182.45,179.01,3.42M,1.03%,3420000.0
11/09/25,180.14,176.88,182.0,176.23,7.02M,2.39%,7020000.0
10/09/25,175.93,174.4,178.99,174.4,5.54M,0.43%,5540000.0
09/09/25,175.17,173.83,176.43,172.11,5.16M,0.96%,5160000.0
08/09/25,173.51,176.19,176.29,173.01,4.12M,-1.21%,4120000.0
05/09/25,175.63,173.49,177.69,172.28,4.71M,1.85%,4710000.0
04/09/25,172.44,172.09,172.74,170.0,2.97M,-0.19%,2970000.0
03/09/25,172.76,174.16,175.75,171.91,7.81M,-0.80%,7810000.0
02/09/25,174.16,168.99,174.44,168.52,10.27M,3.21%,10270000.0
01/09/25,168.74,170.05,170.67,167.1,979.99K,-1.15%,979990.0
29/08/25,170.7,170.69,171.28,167.55,6.98M,-0.52%,6980000.0
28/08/25,171.59,168.99,172.99,167.72,8.82M,1.89%,8820000.0
27/08/25,168.41,165.46,169.21,164.0,4.37M,1.35%,4370000.0
26/08/25,166.17,165.85,166.98,163.33,9.93M,-0.03%,9930000.0
25/08/25,166.22,169.25,169.25,165.54,3.26M,-1.79%,3260000.0
22/08/25,169.25,165.15,170.33,165.15,2.48M,2.02%,2480000.0
21/08/25,165.9,165.99,167.37,163.61,5.29M,0.47%,5290000.0
20/08/25,165.13,166.28,167.17,163.21,4.72M,-0.99%,4720000.0
19/08/25,166.78,165.9,167.58,165.2,5.00M,0.77%,5000000.0
18/08/25,165.5,167.79,167.87,165.01,2.89M,-0.92%,2890000.0
15/08/25,167.03,167.96,169.21,166.8,1.65M,-0.72%,1650000.0
14/08/25,168.24,167.42,169.83,166.41,2.88M,-0.23%,2880000.0
13/08/25,168.62,170.48,170.48,167.82,4.61M,-0.73%,4610000.0
12/08/25,169.86,168.01,170.56,168.01,6.57M,0.27%,6570000.0
11/08/25,169.4,169.09,170.61,168.25,3.57M,0.59%,3570000.0
08/08/25,168.4,167.89,169.84,166.01,3.05M,0.75%,3050000.0
07/08/25,167.14,167.01,168.51,165.41,8.00M,-0.55%,8000000.0
06/08/25,168.07,167.01,170.9,167.01,3.55M,-0.20%,3550000.0
05/08/25,168.41,164.71,169.03,164.71,3.45M,2.45%,3450000.0
04/08/25,164.38,164.28,166.25,163.21,2.99M,-0.45%,2990000.0
01/08/25,165.12,168.89,168.89,164.51,5.69M,-1.78%,5690000.0
31/07/25,168.12,168.0,169.49,166.01,4.73M,0.38%,4730000.0
30/07/25,167.49,165.56,169.3,163.61,6.07M,1.01%,6070000.0
29/07/25,165.82,164.88,166.66,160.0,3.56M,0.84%,3560000.0
28/07/25,164.44,166.66,168.36,162.81,5.61M,-2.05%,5610000.0
25/07/25,167.88,168.65,169.99,166.61,3.36M,-1.07%,3360000.0
24/07/25,169.7,165.32,170.43,164.97,6.90M,2.82%,6900000.0
23/07/25,165.04,160.33,165.4,159.67,9.77M,3.44%,9770000.0
22/07/25,159.55,159.86,160.53,155.5,7.40M,-0.19%,7400000.0
21/07/25,159.86,161.72,162.49,159.52,6.07M,-0.87%,6070000.0
18/07/25,161.27,163.49,164.19,161.01,4.57M,-1.06%,4570000.0
17/07/25,162.99,164.76,167.2,162.75,6.48M,-1.08%,6480000.0
16/07/25,164.77,163.22,165.22,162.51,5.47M,0.95%,5470000.0
15/07/25,163.22,161.69,163.7,161.31,6.24M,1.42%,6240000.0
14/07/25,160.93,163.0,163.32,160.61,6.41M,-1.14%,6410000.0
11/07/25,162.79,165.82,166.35,161.68,7.42M,-1.83%,7420000.0
10/07/25,165.82,171.17,172.03,165.54,7.39M,-3.80%,7390000.0
09/07/25,172.37,174.17,175.21,171.62,3.25M,-1.23%,3250000.0
08/07/25,174.51,172.01,174.83,170.41,3.68M,0.74%,3680000.0
07/07/25,173.22,173.0,174.99,171.61,3.81M,0.41%,3810000.0
04/07/25,172.51,173.89,174.49,171.97,814.97K,-0.40%,814970.0
03/07/25,173.2,173.92,177.5,171.06,4.02M,-1.06%,4019999.9999999995
02/07/25,175.05,173.09,175.82,172.74,6.34M,1.55%,6340000.0
01/07/25,172.38,171.52,173.08,170.15,4.45M,0.50%,4450000.0
30/06/25,171.52,173.02,176.49,170.21,5.78M,-1.89%,5780000.0
27/06/25,174.82,174.38,176.79,173.5,5.71M,0.76%,5710000.0
26/06/25,173.5,174.2,174.94,170.3,6.20M,-0.38%,6200000.0
25/06/25,174.16,171.25,174.86,171.14,4.34M,1.63%,4340000.0
24/06/25,171.36,166.9,172.4,166.9,3.61M,2.41%,3610000.0
23/06/25,167.33,167.0,169.23,165.0,5.40M,-1.13%,5400000.0
20/06/25,169.24,168.96,170.08,167.5,19.11M,0.15%,19110000.0
19/06/25,168.98,170.58,173.0,168.21,1.10M,-0.61%,1100000.0
18/06/25,170.02,170.48,171.79,169.12,4.47M,0.16%,4470000.0
17/06/25,169.75,170.6,172.47,169.01,3.23M,-0.45%,3230000.0
16/06/25,170.51,174.01,175.3,170.01,5.76M,-1.79%,5760000.0
13/06/25,173.61,175.49,175.5,171.01,5.25M,-0.78%,5250000.0
12/06/25,174.98,173.09,175.86,172.1,4.62M,1.31%,4620000.0
11/06/25,172.71,175.39,178.39,172.18,5.10M,-1.22%,5100000.0
10/06/25,174.84,172.88,175.01,172.81,4.33M,0.63%,4330000.0
09/06/25,173.75,172.63,174.99,172.63,2.50M,0.18%,2500000.0
06/06/25,173.44,170.83,174.0,168.81,5.33M,1.53%,5330000.0
05/06/25,170.83,171.25,172.29,170.04,5.26M,-0.31%,5260000.0
04/06/25,171.36,172.69,173.81,170.85,4.56M,-0.41%,4560000.0
03/06/25,172.07,171.05,173.48,171.04,5.45M,-0.16%,5450000.0
02/06/25,172.34,172.1,174.84,171.18,7.57M,0.51%,7570000.0
30/05/25,171.46,175.41,175.7,170.77,21.15M,-2.46%,21150000.0
29/05/25,175.79,177.06,178.09,175.26,9.70M,-0.55%,9700000.0
28/05/25,176.77,176.2,177.71,175.01,7.88M,0.63%,7880000.0
27/05/25,175.67,172.26,179.93,172.26,8.48M,1.98%,8480000.0
26/05/25,172.26,172.02,172.89,169.01,750.88K,-0.67%,750880.0
23/05/25,173.43,170.0,173.79,165.08,5.72M,1.37%,5720000.0
22/05/25,171.08,170.45,172.0,169.61,5.33M,0.16%,5330000.0
21/05/25,170.81,172.56,173.21,169.0,7.33M,-1.28%,7330000.0
20/05/25,173.03,177.0,178.09,172.51,9.13M,-2.29%,9130000.0
19/05/25,177.08,173.98,180.82,173.98,6.33M,1.43%,6330000.0
16/05/25,174.58,174.5,175.5,172.76,6.78M,0.11%,6780000.0
15/05/25,174.38,171.0,174.98,168.81,7.59M,2.27%,7590000.0
14/05/25,170.51,168.6,171.38,167.41,6.76M,0.63%,6760000.0
13/05/25,169.45,164.59,170.49,163.74,9.79M,3.20%,9790000.0
12/05/25,164.2,162.89,166.7,161.5,7.28M,1.48%,7280000.0
09/05/25,161.81,161.82,166.5,161.0,9.18M,-0.20%,9180000.0
08/05/25,162.13,169.79,173.01,161.5,9.12M,-4.09%,9120000.0
07/05/25,169.04,169.05,173.96,167.81,9.27M,-0.18%,9270000.0
06/05/25,169.34,162.39,170.01,160.86,7.59M,4.59%,7590000.0
05/05/25,161.91,163.58,163.67,160.23,3.84M,-1.08%,3840000.0
02/05/25,163.67,163.0,164.97,158.62,8.10M,-2.88%,8100000.0
30/04/25,168.52,165.99,168.99,163.41,12.28M,1.93%,12280000.0
29/04/25,165.33,167.5,169.18,164.14,9.74M,-1.12%,9740000.0
28/04/25,167.2,164.29,170.0,163.13,9.18M,2.11%,9180000.0
25/04/25,163.75,161.49,164.26,159.28,7.32M,1.78%,7320000.0
24/04/25,160.88,159.79,162.79,159.32,7.66M,0.68%,7660000.0
23/04/25,159.79,157.26,166.2,157.06,11.37M,1.61%,11370000.0
22/04/25,157.26,150.99,158.5,150.08,7.15M,4.47%,7150000.0
21/04/25,150.53,147.99,151.2,147.94,5.16M,2.26%,5160000.0
16/04/25,147.21,148.25,148.88,146.36,7.39M,-0.57%,7390000.0
15/04/25,148.05,144.98,150.48,144.98,5.45M,2.12%,5450000.0
14/04/25,144.98,142.5,146.01,142.5,2.48M,2.37%,2480000.0
11/04/25,141.62,144.39,148.0,141.3,6.78M,-2.46%,6780000.0
10/04/25,145.19,149.01,149.99,144.01,7.67M,-3.48%,7670000.0
09/04/25,150.42,138.16,151.62,135.95,12.20M,8.87%,12200000.0
08/04/25,138.16,137.0,140.31,137.0,7.53M,1.59%,7530000.0
07/04/25,136.0,143.91,143.91,134.61,6.56M,-5.51%,6560000.0
04/04/25,143.93,153.01,153.03,141.07,7.05M,-6.79%,7050000.0
03/04/25,154.41,144.28,156.08,144.0,12.78M,6.48%,12780000.0
02/04/25,145.01,144.1,145.86,143.04,4.44M,0.41%,4440000.0
01/04/25,144.42,142.49,145.31,141.11,5.37M,1.75%,5370000.0
31/03/25,141.93,146.0,146.0,141.61,6.56M,-2.73%,6560000.0
28/03/25,145.91,146.02,147.34,144.41,3.96M,-0.95%,3960000.0
27/03/25,147.31,144.35,147.7,144.33,7.94M,2.08%,7940000.0
26/03/25,144.31,147.36,148.99,143.86,6.14M,-2.33%,6140000.0
25/03/25,147.76,149.37,150.79,146.87,4.70M,-1.08%,4700000.0
24/03/25,149.37,151.2,151.3,149.0,5.00M,-1.09%,5000000.0
21/03/25,151.01,150.8,151.35,148.21,16.66M,0.46%,16660000.0
20/03/25,150.32,150.08,150.81,148.41,3.83M,0.58%,3830000.0
19/03/25,149.45,149.07,150.44,147.41,7.15M,0.34%,7150000.0
18/03/25,148.94,147.34,151.0,145.01,8.13M,1.58%,8130000.000000001
14/03/25,146.63,145.32,149.75,145.32,8.82M,0.96%,8820000.0
13/03/25,145.24,144.96,148.24,142.31,6.93M,-0.58%,6930000.0
12/03/25,146.08,144.29,146.99,143.14,7.92M,1.79%,7920000.0
11/03/25,143.51,142.99,145.11,141.89,5.44M,0.77%,5440000.0
10/03/25,142.41,147.67,147.88,141.81,8.01M,-3.78%,8010000.0
07/03/25,148.01,147.62,148.33,143.78,6.02M,0.77%,6020000.0
06/03/25,146.88,147.77,150.76,145.56,6.88M,-0.60%,6880000.0
05/03/25,147.77,149.58,149.58,145.86,7.08M,-1.41%,7080000.0
04/03/25,149.88,146.75,151.02,141.25,6.92M,1.88%,6920000.0
03/03/25,147.11,145.49,150.97,144.98,5.17M,1.57%,5170000.0
28/02/25,144.84,146.24,148.0,144.23,24.58M,-1.65%,24580000.0
27/02/25,147.27,151.79,151.79,144.56,7.85M,-2.51%,7850000.0
26/02/25,151.06,147.01,153.4,147.01,9.28M,2.39%,9280000.0
25/02/25,147.54,150.73,152.04,147.03,11.36M,-2.59%,11360000.0
24/02/25,151.46,153.48,153.59,151.01,4.39M,-0.90%,4390000.0
21/02/25,152.83,155.1,155.99,152.17,3.51M,-1.46%,3510000.0
20/02/25,155.1,155.8,156.7,154.11,8.50M,-0.39%,8500000.0
19/02/25,155.7,157.39,157.49,154.61,5.52M,-0.80%,5520000.0
18/02/25,156.95,153.29,157.39,153.0,7.33M,2.89%,7330000.0
17/02/25,152.54,150.0,154.97,150.0,1.22M,0.57%,1220000.0
14/02/25,151.67,149.46,152.85,148.18,4.10M,1.34%,4099999.9999999995
13/02/25,149.67,149.39,150.4,148.08,7.55M,0.23%,7550000.0
12/02/25,149.32,147.5,150.72,147.01,7.79M,-0.75%,7790000.0
11/02/25,150.45,148.47,152.12,146.24,5.60M,1.79%,5600000.0
10/02/25,147.8,147.15,148.7,145.03,4.68M,0.67%,4680000.0
07/02/25,146.81,146.38,148.29,146.0,6.69M,0.23%,6690000.0
06/02/25,146.48,145.64,147.05,143.17,6.14M,0.69%,6140000.0
05/02/25,145.47,148.2,149.69,145.0,12.80M,-1.49%,12800000.0
04/02/25,147.67,144.0,148.15,143.51,14.51M,3.12%,14510000.0
31/01/25,143.2,145.97,146.35,142.81,9.48M,-2.39%,9480000.0
30/01/25,146.71,146.29,148.99,146.27,5.04M,0.56%,5040000.0
29/01/25,145.89,148.0,148.0,145.21,6.12M,-1.36%,6120000.0
28/01/25,147.9,150.0,150.59,146.88,4.79M,-1.14%,4790000.0
27/01/25,149.6,147.01,150.54,146.61,5.54M,0.75%,5540000.0
24/01/25,148.48,147.98,149.0,146.01,4.57M,-0.17%,4570000.0
23/01/25,148.73,145.57,150.0,145.02,7.68M,1.90%,7680000.0
22/01/25,145.95,144.99,146.36,143.4,14.50M,1.21%,14500000.0
21/01/25,144.21,146.07,146.68,143.81,6.52M,-1.27%,6520000.0
20/01/25,146.07,144.39,146.88,143.35,4.06M,1.51%,4059999.9999999995
17/01/25,143.9,144.09,144.41,143.31,4.61M,0.22%,4610000.0
16/01/25,143.59,146.78,147.06,142.02,8.25M,-2.03%,8250000.0
15/01/25,146.57,144.3,147.25,143.28,9.15M,1.97%,9150000.0
14/01/25,143.74,142.29,145.36,141.7,11.72M,1.36%,11720000.0
13/01/25,141.81,139.6,142.65,138.81,5.01M,1.54%,5010000.0
10/01/25,139.66,139.6,140.45,138.25,5.65M,-0.49%,5650000.0
09/01/25,140.35,140.41,143.6,139.63,2.92M,0.16%,2920000.0
08/01/25,140.13,141.59,141.59,139.14,6.61M,-0.73%,6610000.0
07/01/25,141.16,142.95,143.89,140.73,5.36M,-1.25%,5360000.0
06/01/25,142.94,138.29,144.47,137.93,9.06M,4.11%,9060000.0
03/01/25,137.3,136.24,139.0,135.51,5.03M,0.27%,5030000.0
02/01/25,136.93,134.79,138.32,134.77,3.53M,2.21%,3530000.0
31/12/24,133.97,133.5,134.79,133.5,1.90M,0.39%,1900000.0
30/12/24,133.45,134.8,135.99,133.08,3.06M,-0.92%,3060000.0
27/12/24,134.69,136.75,138.48,133.9,2.65M,-1.58%,2650000.0
26/12/24,136.85,136.35,137.09,136.01,683.06K,0.86%,683060.0
24/12/24,135.68,137.0,138.0,135.26,942.20K,-1.55%,942200.0
23/12/24,137.81,137.29,138.08,135.61,2.26M,0.38%,2260000.0
20/12/24,137.29,132.0,138.5,131.78,25.32M,4.01%,25320000.0
19/12/24,132.0,135.36,136.79,131.6,7.38M,-2.52%,7380000.0
18/12/24,135.41,135.69,138.12,133.5,5.74M,0.21%,5740000.0
17/12/24,135.13,139.4,139.48,134.65,5.98M,-4.25%,5980000.0
16/12/24,141.13,143.36,143.36,140.52,7.70M,-1.51%,7700000.0
13/12/24,143.3,138.01,144.75,138.01,8.05M,2.42%,8050000.000000001
11/12/24,139.92,139.0,140.69,138.51,6.63M,0.63%,6630000.0
10/12/24,139.05,142.1,143.69,138.8,6.94M,-2.44%,6940000.0
09/12/24,142.53,142.89,146.52,142.18,6.69M,0.20%,6690000.0
06/12/24,142.25,139.25,143.95,139.11,5.99M,1.35%,5990000.0
05/12/24,140.35,142.05,142.49,139.69,6.97M,-1.51%,6970000.0
04/12/24,142.5,141.79,143.9,141.5,6.75M,0.51%,6750000.0
03/12/24,141.78,138.0,143.77,137.21,8.44M,3.30%,8440000.0
02/12/24,137.25,135.38,137.65,134.9,6.28M,1.42%,6280000.0
29/11/24,135.33,135.07,136.65,133.81,9.63M,-0.31%,9630000.0
28/11/24,135.75,134.01,136.25,133.13,3.97M,1.64%,3970000.0
27/11/24,133.56,134.88,134.92,132.76,10.17M,-0.37%,10170000.0
26/11/24,134.05,139.09,139.09,133.5,9.66M,-3.30%,9660000.0
25/11/24,138.63,140.15,141.55,138.25,12.81M,-1.28%,12810000.0
22/11/24,140.43,142.01,142.42,138.25,14.09M,-1.90%,14090000.0
21/11/24,143.15,141.85,145.95,140.51,5.62M,0.77%,5620000.0
20/11/24,142.06,140.01,142.52,140.01,6.23M,0.46%,6230000.0
19/11/24,141.41,140.88,143.49,138.61,6.90M,0.84%,6900000.0
15/11/24,140.23,142.01,144.69,139.97,4.49M,-2.47%,4490000.0
14/11/24,143.78,144.0,144.59,139.81,13.01M,-0.15%,13010000.0
13/11/24,144.0,145.45,146.79,143.64,5.79M,-1.32%,5790000.0
12/11/24,145.93,144.03,146.87,144.03,4.80M,0.41%,4800000.0
11/11/24,145.33,146.0,146.97,144.96,5.58M,-0.68%,5580000.0
08/11/24,146.33,148.02,149.08,144.21,4.16M,-2.07%,4160000.0
07/11/24,149.43,148.99,150.29,147.01,8.19M,0.18%,8189999.999999999
06/11/24,149.16,141.92,149.68,136.0,8.99M,4.64%,8990000.0
05/11/24,142.55,142.01,143.99,140.21,6.70M,-0.47%,6700000.0
04/11/24,143.22,142.48,144.19,141.04,6.27M,1.02%,6270000.0
01/11/24,141.78,139.33,143.96,139.31,10.50M,1.76%,10500000.0
31/10/24,139.33,137.01,140.28,137.01,9.93M,1.00%,9930000.0
30/10/24,137.95,139.89,139.89,137.01,7.91M,-0.82%,7910000.0
29/10/24,139.09,140.01,141.09,138.77,6.85M,-1.35%,6850000.0
28/10/24,140.99,141.27,141.67,139.56,5.22M,0.26%,5220000.0
25/10/24,140.62,142.01,142.69,140.41,3.59M,-1.04%,3590000.0
24/10/24,142.1,143.46,144.49,141.22,4.46M,-1.62%,4460000.0
23/10/24,144.44,141.61,144.71,140.01,7.13M,1.66%,7130000.0
22/10/24,142.08,144.26,144.72,139.55,7.84M,-1.52%,7840000.0
21/10/24,144.28,146.66,146.66,142.57,4.34M,-1.37%,4340000.0
18/10/24,146.28,144.05,146.69,144.01,4.21M,1.02%,4210000.0
17/10/24,144.81,144.8,145.39,143.9,7.83M,-0.01%,7830000.0
16/10/24,144.83,148.21,149.49,144.0,15.08M,-2.80%,15080000.0
15/10/24,149.0,145.7,149.59,145.22,9.43M,2.34%,9430000.0
14/10/24,145.59,149.52,149.52,145.28,5.56M,-2.63%,5560000.0
11/10/24,149.52,150.66,151.14,148.55,3.11M,-0.76%,3110000.0
10/10/24,150.66,150.73,152.09,148.99,5.27M,0.08%,5270000.0
09/10/24,150.54,150.49,155.59,150.01,5.06M,-0.11%,5060000.0
08/10/24,150.71,153.19,156.83,150.35,5.96M,-1.26%,5960000.0
07/10/24,152.63,155.01,157.47,151.5,13.06M,-2.34%,13060000.0
04/10/24,156.28,150.05,156.8,149.95,8.86M,4.25%,8860000.0
03/10/24,149.91,149.1,150.58,148.61,8.86M,0.04%,8860000.0
02/10/24,149.85,139.5,150.29,137.21,8.06M,7.42%,8060000.000000001
30/09/24,139.5,140.42,141.05,139.19,12.14M,-0.79%,12140000.0
27/09/24,140.61,145.11,145.49,140.24,7.01M,-2.76%,7010000.0
26/09/24,144.6,142.01,148.96,142.01,8.36M,0.76%,8359999.999999999
25/09/24,143.51,142.02,144.97,140.7,7.42M,-0.49%,7420000.0
24/09/24,144.22,138.49,144.95,138.48,6.63M,4.69%,6630000.0
23/09/24,137.76,136.97,139.43,135.76,8.67M,0.85%,8670000.0
20/09/24,136.6,139.83,140.69,135.36,22.30M,-2.12%,22300000.0
19/09/24,139.56,140.39,142.48,139.3,5.12M,-0.89%,5120000.0
18/09/24,140.81,140.75,141.25,139.82,3.65M,0.05%,3650000.0
17/09/24,140.74,142.0,143.12,138.76,5.99M,-0.94%,5990000.0
13/09/24,142.08,138.93,143.5,138.93,5.82M,2.27%,5820000.0
12/09/24,138.93,134.08,139.55,133.96,10.14M,3.62%,10140000.0
11/09/24,134.08,134.93,135.09,132.63,11.33M,0.00%,11330000.0
10/09/24,134.08,135.1,137.18,133.8,9.43M,-0.70%,9430000.0
09/09/24,135.02,136.67,138.98,134.21,5.09M,-1.22%,5090000.0
06/09/24,136.69,139.05,140.09,136.44,5.31M,-1.70%,5310000.0
05/09/24,139.05,139.0,141.88,138.5,8.12M,-0.37%,8119999.999999999
04/09/24,139.57,137.03,140.4,137.03,7.29M,0.98%,7290000.0
03/09/24,138.22,138.25,139.66,136.01,5.96M,0.10%,5960000.0
02/09/24,138.08,136.45,139.59,136.31,1.82M,1.37%,1820000.0
30/08/24,136.21,135.59,138.34,134.65,12.92M,-0.05%,12920000.0
29/08/24,136.28,133.14,138.23,132.0,9.30M,2.83%,9300000.0
28/08/24,132.53,132.86,134.59,132.11,10.13M,0.26%,10130000.0
27/08/24,132.19,134.98,136.05,131.22,6.07M,-1.48%,6070000.0
26/08/24,134.17,136.36,137.59,134.05,10.71M,-1.86%,10710000.0
23/08/24,136.71,136.0,138.04,135.79,5.92M,0.57%,5920000.0
22/08/24,135.93,141.01,141.58,135.71,7.81M,-4.06%,7810000.0
21/08/24,141.68,144.0,144.18,141.25,9.40M,-1.32%,9400000.0
20/08/24,143.58,142.28,143.97,141.89,7.17M,1.28%,7170000.0
19/08/24,141.77,143.6,143.6,140.41,4.62M,-1.27%,4620000.0
16/08/24,143.6,143.1,144.73,142.81,4.01M,0.01%,4010000.0
15/08/24,143.59,141.83,144.75,141.5,4.85M,1.48%,4850000.0
14/08/24,141.5,140.47,142.0,139.01,4.99M,1.09%,4990000.0
13/08/24,139.98,138.3,140.27,137.81,9.42M,1.57%,9420000.0
12/08/24,137.81,136.37,138.79,136.37,4.03M,0.58%,4030000.0000000005
09/08/24,137.01,135.78,138.25,135.08,5.26M,1.23%,5260000.0
08/08/24,135.35,137.9,138.19,135.03,7.04M,-1.43%,7040000.0
07/08/24,137.31,134.25,138.7,133.0,6.74M,2.42%,6740000.0
06/08/24,134.06,134.09,134.79,130.04,6.81M,0.87%,6810000.0
05/08/24,132.91,135.8,135.8,132.01,6.35M,-2.21%,6350000.0
02/08/24,135.91,139.0,139.0,134.1,8.85M,-2.57%,8850000.0
01/08/24,139.49,140.19,141.51,136.85,9.10M,-0.09%,9100000.0
31/07/24,139.61,139.61,142.85,139.0,2.47M,-0.35%,2470000.0
30/07/24,140.1,140.88,141.45,137.62,10.38M,0.17%,10380000.0
29/07/24,139.86,142.65,142.67,139.28,6.03M,-1.74%,6030000.0
26/07/24,142.33,143.3,143.3,140.01,7.64M,-0.68%,7640000.0
25/07/24,143.3,144.54,145.39,141.62,6.54M,-1.07%,6540000.0
24/07/24,144.85,148.61,149.0,144.22,9.90M,-2.92%,9900000.0
23/07/24,149.21,149.41,151.39,148.04,5.88M,-0.85%,5880000.0
22/07/24,150.49,150.05,150.94,148.61,3.94M,0.45%,3940000.0
19/07/24,149.81,147.38,150.97,147.01,4.77M,1.66%,4770000.0
18/07/24,147.36,147.44,149.29,146.5,5.74M,0.08%,5740000.0
17/07/24,147.24,148.8,148.8,146.12,6.49M,-0.82%,6490000.0
16/07/24,148.46,148.49,148.95,146.3,5.95M,0.40%,5950000.0
15/07/24,147.87,149.99,151.0,147.05,5.29M,-1.10%,5290000.0
12/07/24,149.52,148.61,150.99,146.41,5.94M,0.31%,5940000.0
11/07/24,149.06,149.45,151.0,148.82,7.85M,-0.49%,7850000.0
10/07/24,149.79,147.0,150.3,147.0,8.78M,1.88%,8780000.0
09/07/24,147.02,147.02,148.59,146.01,6.90M,-0.22%,6900000.0
08/07/24,147.35,147.21,148.32,146.21,10.11M,-0.59%,10110000.0
05/07/24,148.22,147.84,149.12,146.0,6.69M,0.45%,6690000.0
04/07/24,147.56,146.56,148.69,146.54,878.60K,0.17%,878600.0
03/07/24,147.31,146.0,149.9,145.81,4.80M,0.61%,4800000.0
02/07/24,146.42,146.69,149.57,145.8,8.92M,-0.06%,8920000.0
01/07/24,146.51,141.62,148.78,141.62,8.31M,2.77%,8310000.000000001
28/06/24,142.56,143.19,147.23,141.81,8.46M,-0.15%,8460000.0
27/06/24,142.78,142.98,143.55,141.02,10.73M,-4.35%,10730000.0
26/06/24,149.28,152.49,152.5,148.81,10.53M,-1.89%,10530000.0
25/06/24,152.16,149.41,152.92,148.01,10.51M,1.41%,10510000.0
24/06/24,150.04,150.61,152.98,149.21,10.32M,-1.17%,10320000.0
21/06/24,151.81,146.9,154.43,146.9,34.20M,3.33%,34200000.0
20/06/24,146.92,145.69,147.66,144.01,8.42M,0.23%,8420000.0
19/06/24,146.59,144.74,147.74,144.1,3.06M,1.37%,3060000.0
18/06/24,144.61,139.9,145.62,138.71,11.10M,3.23%,11100000.0
17/06/24,140.09,137.58,141.0,137.4,18.29M,1.94%,18290000.0
14/06/24,137.43,133.08,138.16,131.5,20.39M,3.58%,20390000.0
13/06/24,132.68,136.59,136.99,131.78,29.22M,-2.58%,29220000.0
12/06/24,136.19,136.99,137.5,135.82,18.71M,-0.52%,18710000.0
11/06/24,136.9,139.75,139.75,135.17,21.03M,-1.23%,21030000.0
10/06/24,138.61,139.7,141.29,138.42,13.05M,-0.50%,13050000.0
07/06/24,139.31,149.79,150.39,138.12,15.64M,-6.52%,15640000.0
06/06/24,149.03,155.0,156.1,144.92,18.53M,-3.85%,18530000.0
05/06/24,155.0,149.49,155.92,147.0,13.76M,3.94%,13760000.0
04/06/24,149.12,143.99,149.54,143.6,17.96M,3.99%,17960000.0
03/06/24,143.4,159.9,159.9,135.0,31.77M,-11.14%,31770000.0
31/05/24,161.37,155.13,163.57,153.27,26.76M,3.69%,26760000.0
30/05/24,155.62,161.0,161.0,155.25,19.86M,-3.20%,19860000.0
29/05/24,160.76,162.89,163.22,159.01,14.03M,-1.51%,14030000.0
28/05/24,163.22,166.22,166.59,161.11,6.03M,-2.22%,6030000.0
27/05/24,166.92,164.99,167.0,164.88,1.64M,1.51%,1640000.0
24/05/24,164.44,160.57,165.44,159.81,5.10M,2.64%,5100000.0
23/05/24,160.21,165.83,167.03,160.0,10.69M,-3.39%,10690000.0
22/05/24,165.83,167.76,168.09,164.41,7.81M,-0.98%,7810000.0
21/05/24,167.47,169.66,169.71,167.14,10.29M,-1.29%,10290000.0
20/05/24,169.66,174.21,174.77,169.2,5.81M,-2.87%,5810000.0
17/05/24,174.67,175.6,177.39,174.0,2.94M,-0.33%,2940000.0
16/05/24,175.25,174.99,177.36,174.21,4.31M,-0.03%,4310000.0
15/05/24,175.31,174.48,177.56,174.11,5.65M,0.78%,5650000.0
14/05/24,173.96,178.89,178.89,173.62,7.29M,-2.40%,7290000.0
13/05/24,178.23,175.62,179.13,175.51,4.87M,1.42%,4870000.0
10/05/24,175.73,175.89,177.01,174.95,4.62M,0.27%,4620000.0
09/05/24,175.25,175.43,177.09,173.41,4.35M,0.08%,4350000.0
08/05/24,175.11,173.37,175.7,170.1,4.97M,1.06%,4970000.0
07/05/24,173.27,173.79,174.8,172.01,4.83M,0.12%,4830000.0
06/05/24,173.07,173.99,174.59,172.47,3.75M,-0.15%,3750000.0
03/05/24,173.33,172.61,174.59,172.51,3.54M,0.42%,3540000.0
02/05/24,172.6,169.99,173.29,168.81,4.85M,1.80%,4850000.0
30/04/24,169.55,169.21,173.29,168.81,9.93M,0.20%,9930000.0
29/04/24,169.22,173.3,173.78,168.02,5.98M,-2.30%,5980000.0
26/04/24,173.2,175.09,175.58,172.58,3.69M,-1.08%,3690000.0
25/04/24,175.09,175.49,176.09,171.37,4.63M,0.21%,4630000.0
24/04/24,174.73,178.45,179.29,174.35,4.45M,-1.84%,4450000.0
23/04/24,178.0,181.59,181.89,176.4,4.74M,-1.70%,4740000.0
22/04/24,181.08,174.19,182.0,174.01,4.89M,4.45%,4890000.0
19/04/24,173.36,174.82,174.99,170.86,3.24M,-0.69%,3240000.0
18/04/24,174.57,171.51,175.29,171.51,5.69M,1.81%,5690000.0
17/04/24,171.46,170.99,176.2,170.13,3.98M,0.80%,3980000.0
16/04/24,170.1,174.09,175.89,169.89,6.57M,-1.81%,6570000.0
15/04/24,173.24,174.9,179.75,172.23,3.12M,-1.32%,3120000.0
12/04/24,175.55,174.77,177.99,174.28,6.62M,0.42%,6620000.0
11/04/24,174.81,173.75,177.22,172.82,3.50M,0.82%,3500000.0
10/04/24,173.38,173.41,174.78,171.01,4.27M,-0.30%,4270000.0
09/04/24,173.91,178.46,178.99,173.09,4.37M,-2.55%,4370000.0
08/04/24,178.46,181.82,182.99,178.0,4.18M,-1.87%,4179999.9999999995
05/04/24,181.87,180.7,182.89,180.21,3.05M,0.01%,3050000.0
04/04/24,181.86,177.62,184.28,177.26,6.63M,2.42%,6630000.0
03/04/24,177.57,178.01,179.38,176.74,7.35M,-0.60%,7350000.0
02/04/24,178.64,176.0,180.49,176.0,5.88M,1.27%,5880000.0
01/04/24,176.4,176.99,178.19,173.93,7.26M,0.02%,7260000.0
27/03/24,176.37,177.85,178.19,174.52,4.74M,-0.52%,4740000.0
26/03/24,177.3,170.01,177.79,169.83,5.98M,4.29%,5980000.0
25/03/24,170.01,172.01,172.99,169.74,3.30M,-1.49%,3300000.0
22/03/24,172.59,175.04,175.96,172.1,2.75M,-1.70%,2750000.0
21/03/24,175.58,174.41,177.57,174.0,3.32M,0.34%,3320000.0
20/03/24,174.98,170.19,177.29,169.41,5.26M,2.85%,5260000.0
19/03/24,170.13,169.02,170.99,166.01,5.25M,0.15%,5250000.0
15/03/24,169.87,173.79,173.89,168.75,25.85M,-1.96%,25850000.0
14/03/24,173.26,175.85,175.99,172.62,4.89M,-1.08%,4890000.0
13/03/24,175.15,170.2,175.55,168.63,5.66M,2.90%,5660000.0
12/03/24,170.22,174.49,174.49,169.02,4.94M,-2.05%,4940000.0
11/03/24,173.79,172.28,175.02,171.61,1.88M,1.02%,1880000.0
08/03/24,172.03,176.22,177.93,171.61,3.24M,-2.31%,3240000.0
07/03/24,176.09,179.13,180.53,175.22,3.63M,-1.49%,3630000.0
06/03/24,178.76,179.98,180.98,178.41,5.38M,-0.72%,5380000.0
05/03/24,180.05,178.62,181.59,176.81,4.50M,0.55%,4500000.0
04/03/24,179.06,176.61,180.86,176.61,3.85M,1.22%,3850000.0
01/03/24,176.9,176.59,180.49,175.01,2.95M,0.39%,2950000.0
29/02/24,176.22,176.84,178.59,175.1,7.40M,-0.36%,7400000.0
28/02/24,176.86,178.68,179.68,175.47,3.76M,-1.02%,3760000.0
27/02/24,178.68,178.67,181.12,177.01,4.43M,-0.05%,4430000.0
26/02/24,178.77,182.62,182.73,177.06,5.35M,-2.36%,5350000.0
23/02/24,183.09,183.61,185.29,182.21,3.71M,-0.03%,3710000.0
22/02/24,183.14,184.59,185.99,182.83,3.88M,-0.45%,3880000.0
21/02/24,183.96,186.61,186.66,183.51,4.93M,-1.61%,4930000.0
20/02/24,186.97,186.71,189.79,185.67,4.33M,-0.33%,4330000.0
19/02/24,187.59,187.4,188.6,185.81,1.45M,0.01%,1450000.0
16/02/24,187.58,184.89,187.79,183.42,2.07M,1.83%,2069999.9999999998
15/02/24,184.21,183.97,187.48,183.38,3.62M,-0.05%,3620000.0
14/02/24,184.3,182.12,184.99,182.12,4.27M,1.06%,4270000.0
13/02/24,182.36,184.03,184.21,181.01,3.50M,-1.00%,3500000.0
12/02/24,184.21,184.36,185.46,183.35,1.95M,0.05%,1950000.0
09/02/24,184.12,184.33,185.1,182.85,3.95M,-0.11%,3950000.0
08/02/24,184.33,189.87,189.87,183.0,6.64M,-2.91%,6640000.0
07/02/24,189.85,185.0,190.12,184.23,6.48M,2.44%,6480000.0
06/02/24,185.33,181.89,186.89,181.44,10.31M,2.31%,10310000.0
02/02/24,181.14,177.69,181.99,177.03,7.65M,2.53%,7650000.0
01/02/24,176.67,175.0,177.99,174.28,6.51M,0.92%,6510000.0
31/01/24,175.06,175.81,176.5,171.64,6.89M,-0.83%,6890000.0
30/01/24,176.52,171.19,177.31,171.0,6.43M,3.36%,6430000.0
29/01/24,170.78,170.89,173.5,169.63,4.55M,0.13%,4550000.0
26/01/24,170.56,169.99,171.99,169.23,2.16M,0.67%,2160000.0
25/01/24,169.42,167.81,171.6,164.21,5.73M,0.66%,5730000.0
24/01/24,168.31,167.51,170.31,167.41,4.55M,0.27%,4550000.0
23/01/24,167.86,167.29,168.2,165.44,4.95M,0.57%,4950000.0
22/01/24,166.91,166.51,168.44,165.75,3.41M,-0.08%,3410000.0
19/01/24,167.05,163.17,167.55,163.17,10.33M,2.14%,10330000.0
18/01/24,163.55,165.09,165.29,161.56,10.19M,-0.69%,10190000.0
17/01/24,164.69,164.48,165.38,163.53,8.45M,0.31%,8450000.0
16/01/24,164.18,164.56,165.64,163.49,4.93M,-0.44%,4930000.0
15/01/24,164.9,165.79,165.79,164.46,294.61K,-0.37%,294610.0
12/01/24,165.51,165.79,167.29,164.91,5.52M,0.16%,5520000.0
11/01/24,165.24,165.79,166.79,164.19,2.61M,-0.11%,2610000.0
10/01/24,165.42,164.51,167.28,164.51,3.50M,0.28%,3500000.0
09/01/24,164.96,166.64,166.64,163.67,3.77M,-1.19%,3770000.0
08/01/24,166.95,169.89,170.6,164.62,2.92M,-2.14%,2920000.0
05/01/24,170.6,164.51,170.89,164.36,4.02M,3.63%,4019999.9999999995
04/01/24,164.62,163.21,165.54,163.21,3.91M,0.86%,3910000.0
03/01/24,163.21,168.49,168.49,162.31,2.46M,-2.90%,2460000.0
02/01/24,168.08,171.19,171.19,166.82,2.02M,-1.57%,2020000.0
29/12/23,170.76,171.6,172.09,169.11,1.26M,-0.50%,1260000.0
28/12/23,171.62,168.75,171.99,166.76,1.78M,2.00%,1780000.0
27/12/23,168.25,173.3,173.99,168.05,2.49M,-3.10%,2490000.0
26/12/23,173.64,167.5,174.57,167.46,1.41M,3.80%,1410000.0
22/12/23,167.29,171.89,173.59,167.03,2.08M,-2.43%,2080000.0
21/12/23,171.46,170.99,172.96,170.81,2.46M,0.52%,2460000.0
20/12/23,170.57,173.31,174.89,170.11,4.23M,-1.99%,4230000.0
19/12/23,174.03,174.01,178.19,171.94,5.16M,-0.37%,5160000.0
18/12/23,174.68,170.71,175.0,168.96,3.32M,2.06%,3320000.0
15/12/23,171.15,171.37,174.48,168.54,13.21M,-0.60%,13210000.0
14/12/23,172.19,169.75,176.1,168.37,9.07M,1.77%,9070000.0
13/12/23,169.2,165.01,170.0,160.59,7.52M,1.75%,7520000.0
11/12/23,166.29,166.99,167.39,164.4,2.93M,0.14%,2930000.0
08/12/23,166.06,163.0,167.0,162.0,3.77M,1.39%,3770000.0
07/12/23,163.79,159.41,164.11,159.11,6.37M,2.13%,6370000.0
06/12/23,160.38,159.65,161.99,159.39,5.90M,0.31%,5900000.0
05/12/23,159.88,159.03,160.29,156.81,9.70M,0.00%,9700000.0
04/12/23,159.88,160.09,161.79,158.07,5.66M,0.17%,5660000.0
01/12/23,159.61,161.89,162.39,158.41,4.66M,-1.18%,4660000.0
30/11/23,161.51,157.31,162.35,157.31,13.75M,2.38%,13750000.0
29/11/23,157.75,159.01,160.19,156.41,4.48M,-1.29%,4480000.0
28/11/23,159.81,158.7,160.49,158.51,4.16M,0.25%,4160000.0
27/11/23,159.41,162.17,162.99,158.31,5.89M,-1.78%,5890000.0
24/11/23,162.3,163.01,164.89,161.51,3.77M,-0.99%,3770000.0
23/11/23,163.92,161.9,164.0,161.9,461.23K,1.15%,461230.0
22/11/23,162.05,162.69,163.41,160.17,3.57M,-0.07%,3570000.0
21/11/23,162.17,159.01,164.22,157.32,6.34M,0.73%,6340000.0
17/11/23,161.0,161.2,162.18,160.38,4.27M,-0.51%,4270000.0
16/11/23,161.82,161.92,163.01,160.0,4.59M,-0.28%,4590000.0
15/11/23,162.28,159.0,162.78,158.61,4.30M,1.55%,4300000.0
14/11/23,159.8,155.49,160.01,155.45,5.57M,2.98%,5570000.0
13/11/23,155.18,157.47,157.47,154.71,3.68M,-1.45%,3680000.0
10/11/23,157.47,153.0,158.44,152.72,4.88M,2.95%,4880000.0
09/11/23,152.96,152.61,153.72,151.91,2.91M,-0.27%,2910000.0
08/11/23,153.38,152.81,156.66,149.98,4.56M,0.19%,4560000.0
07/11/23,153.09,153.54,153.92,151.19,4.49M,-0.32%,4490000.0
06/11/23,153.58,158.45,158.45,152.41,5.17M,-2.52%,5170000.0
03/11/23,157.55,152.19,163.92,152.01,10.07M,3.89%,10070000.0
01/11/23,151.65,146.89,152.99,146.79,4.15M,3.64%,4150000.0000000005
31/10/23,146.32,150.6,150.6,146.01,5.34M,-2.68%,5340000.0
30/10/23,150.35,146.41,150.79,146.41,5.70M,2.50%,5700000.0
27/10/23,146.69,145.54,148.86,144.94,4.62M,0.60%,4620000.0
26/10/23,145.81,147.51,147.51,141.63,5.27M,-1.84%,5270000.0
25/10/23,148.54,145.65,148.99,144.91,3.78M,1.89%,3780000.0
24/10/23,145.78,143.79,147.77,143.6,4.59M,1.65%,4590000.0
23/10/23,143.41,143.0,144.29,141.81,2.60M,0.43%,2600000.0
20/10/23,142.8,147.11,147.83,142.3,5.89M,-3.42%,5890000.0
19/10/23,147.85,149.23,149.49,146.52,3.30M,-0.65%,3300000.0
18/10/23,148.82,147.51,150.5,146.21,14.30M,0.30%,14300000.0
17/10/23,148.37,149.31,149.69,146.1,4.84M,-0.94%,4840000.0
16/10/23,149.78,150.01,151.29,149.41,4.70M,-0.60%,4700000.0
13/10/23,150.68,148.21,151.29,147.61,7.71M,1.20%,7710000.0
12/10/23,148.89,148.99,149.76,147.77,4.19M,-2.65%,4190000.0000000005
11/10/23,152.95,150.61,153.88,149.79,7.01M,1.23%,7010000.0
10/10/23,151.09,147.5,151.63,147.15,7.02M,2.40%,7020000.0
09/10/23,147.55,144.51,149.48,144.01,3.04M,2.10%,3040000.0
06/10/23,144.51,141.1,144.89,138.31,4.33M,2.56%,4330000.0
05/10/23,140.9,143.21,143.35,137.75,10.31M,-1.81%,10310000.0
04/10/23,143.5,143.31,144.89,142.05,7.41M,-0.40%,7410000.0
03/10/23,144.07,149.95,149.95,142.82,6.18M,-3.83%,6180000.0
02/10/23,149.81,146.63,150.32,146.11,3.55M,2.53%,3550000.0
29/09/23,146.11,148.0,148.0,145.71,4.25M,-1.25%,4250000.0
28/09/23,147.96,147.55,150.09,147.41,3.41M,0.49%,3410000.0
27/09/23,147.24,144.69,148.47,144.5,5.55M,2.07%,5550000.0
26/09/23,144.25,143.2,144.99,143.2,5.06M,0.55%,5060000.0
25/09/23,143.46,146.99,146.99,143.22,4.60M,-2.15%,4600000.0
22/09/23,146.61,148.56,149.14,145.55,3.07M,-1.31%,3070000.0
21/09/23,148.56,151.0,151.06,147.0,4.18M,-1.91%,4179999.9999999995
20/09/23,151.45,148.11,154.15,147.81,6.64M,1.90%,6640000.0
19/09/23,148.63,146.92,149.08,144.97,4.50M,0.97%,4500000.0
18/09/23,147.2,145.91,147.4,144.34,4.61M,-0.14%,4610000.0
15/09/23,147.4,145.81,147.8,144.0,18.19M,0.92%,18190000.0
14/09/23,146.05,143.58,146.47,142.76,5.45M,2.14%,5450000.0
13/09/23,142.99,143.59,144.22,142.4,4.05M,-0.07%,4050000.0
12/09/23,143.09,142.81,143.51,142.26,4.35M,-0.11%,4350000.0
11/09/23,143.25,143.99,144.19,142.37,2.31M,-0.15%,2310000.0
08/09/23,143.47,142.41,144.57,142.02,8.04M,0.46%,8039999.999999999
07/09/23,142.82,145.39,145.39,142.31,4.15M,-1.39%,4150000.0000000005
06/09/23,144.84,144.61,145.6,142.58,4.18M,-0.21%,4179999.9999999995
05/09/23,145.15,145.66,147.09,144.37,4.33M,-0.02%,4330000.0
04/09/23,145.18,145.6,145.99,144.41,541.95K,-0.24%,541950.0
01/09/23,145.53,145.29,146.09,143.21,3.25M,0.77%,3250000.0
31/08/23,144.42,148.85,149.39,143.84,16.05M,-2.71%,16050000.0
30/08/23,148.44,147.59,149.59,147.59,3.14M,0.20%,3140000.0
29/08/23,148.15,145.8,148.69,145.34,3.57M,1.59%,3570000.0
28/08/23,145.83,145.03,147.49,145.01,1.33M,0.56%,1330000.0
25/08/23,145.02,143.61,146.59,143.22,2.58M,0.42%,2580000.0
24/08/23,144.41,146.74,148.14,142.82,3.95M,-2.07%,3950000.0
23/08/23,147.46,147.08,147.75,145.43,7.08M,0.46%,7080000.0
22/08/23,146.78,146.69,148.03,145.8,2.16M,0.38%,2160000.0
21/08/23,146.22,144.9,146.6,142.95,3.44M,0.72%,3440000.0
18/08/23,145.17,146.01,146.65,144.12,4.06M,-0.59%,4059999.9999999995
17/08/23,146.03,149.29,149.29,145.4,8.02M,-1.76%,8020000.0
16/08/23,148.65,149.42,151.45,147.99,4.92M,-0.78%,4920000.0
15/08/23,149.82,149.41,151.28,149.21,3.40M,-0.03%,3400000.0
14/08/23,149.86,148.44,150.04,146.89,3.89M,0.96%,3890000.0
11/08/23,148.44,150.04,150.8,147.8,3.20M,-1.30%,3200000.0
10/08/23,150.39,149.67,151.45,149.5,5.29M,0.58%,5290000.0
09/08/23,149.52,146.79,149.79,145.71,4.82M,2.12%,4820000.0
08/08/23,146.42,149.01,149.5,145.0,4.31M,-2.00%,4310000.0
07/08/23,149.41,152.62,153.42,149.03,3.20M,-2.10%,3200000.0
04/08/23,152.62,149.49,153.03,149.02,4.76M,2.60%,4760000.0
03/08/23,148.75,150.91,150.92,147.3,5.54M,-1.58%,5540000.0
02/08/23,151.14,155.49,155.49,151.0,6.90M,-2.62%,6900000.0
01/08/23,155.21,158.3,158.59,154.81,6.59M,-2.21%,6590000.0
31/07/23,158.71,156.8,159.02,155.96,7.19M,1.52%,7190000.0
28/07/23,156.34,156.27,156.89,154.71,6.62M,0.04%,6620000.0
27/07/23,156.27,154.0,156.6,153.38,6.24M,0.88%,6240000.0
26/07/23,154.91,151.14,155.39,150.9,7.42M,2.22%,7420000.0
25/07/23,151.55,148.51,152.0,147.91,5.19M,2.05%,5190000.0
24/07/23,148.51,146.31,149.4,145.31,7.12M,1.74%,7120000.0
21/07/23,145.97,148.69,149.01,143.99,3.44M,-1.47%,3440000.0
20/07/23,148.15,150.39,150.48,147.89,3.75M,-1.28%,3750000.0
19/07/23,150.07,147.56,150.89,147.56,5.54M,1.46%,5540000.0
18/07/23,147.91,147.6,149.62,146.51,3.86M,0.53%,3860000.0
17/07/23,147.13,147.51,148.13,146.41,3.44M,-0.26%,3440000.0
14/07/23,147.51,146.99,148.01,146.45,4.53M,0.54%,4530000.0
13/07/23,146.72,146.58,147.69,145.71,5.48M,0.38%,5480000.0
12/07/23,146.17,147.19,147.68,144.76,6.30M,-0.31%,6300000.0
11/07/23,146.63,145.8,147.09,144.3,5.00M,0.38%,5000000.0
10/07/23,146.07,147.3,147.3,145.21,3.94M,-0.96%,3940000.0
07/07/23,147.48,144.11,149.23,143.81,4.70M,2.06%,4700000.0
06/07/23,144.51,146.64,146.64,143.13,5.83M,-1.12%,5830000.0
05/07/23,146.15,141.59,146.65,140.83,4.91M,3.62%,4910000.0
04/07/23,141.05,142.2,142.59,140.65,577.51K,-0.79%,577510.0
03/07/23,142.18,141.2,142.64,140.11,2.56M,0.69%,2560000.0
30/06/23,141.21,141.7,142.67,139.78,6.12M,-0.58%,6120000.0
29/06/23,142.04,139.8,142.76,139.01,3.67M,1.85%,3670000.0
28/06/23,139.46,139.99,141.46,139.02,2.66M,-0.06%,2660000.0
27/06/23,139.55,137.67,140.37,137.11,6.99M,1.42%,6990000.0
26/06/23,137.6,137.98,138.47,136.73,3.91M,-0.27%,3910000.0
23/06/23,137.97,137.88,138.44,136.55,6.28M,0.50%,6280000.0
22/06/23,137.29,139.01,139.73,136.51,4.48M,-1.44%,4480000.0
21/06/23,139.3,140.11,140.45,138.11,3.12M,-1.00%,3120000.0
20/06/23,140.7,143.74,144.06,139.86,4.04M,-2.24%,4040000.0
19/06/23,143.92,143.51,144.27,143.21,833.22K,-0.01%,833220.0
16/06/23,143.94,145.49,145.49,143.44,18.35M,-0.81%,18350000.0
15/06/23,145.11,143.04,145.59,142.59,6.55M,1.25%,6550000.0
14/06/23,143.32,142.91,143.88,141.65,6.62M,0.11%,6620000.0
13/06/23,143.16,142.0,144.2,141.6,11.62M,0.85%,11620000.0
12/06/23,141.95,140.02,143.29,140.02,4.24M,0.77%,4240000.0
09/06/23,140.87,139.79,141.29,139.71,5.11M,0.77%,5110000.0
08/06/23,139.79,137.29,140.51,135.01,8.23M,-2.60%,8230000.0
07/06/23,143.52,147.09,147.29,143.13,6.44M,-1.77%,6440000.0
06/06/23,146.11,142.68,146.43,142.47,6.08M,2.75%,6080000.0
05/06/23,142.2,141.89,143.67,141.41,7.27M,0.65%,7270000.0
02/06/23,141.28,141.49,143.18,140.7,4.76M,0.29%,4760000.0
01/06/23,140.87,142.79,143.93,140.05,6.70M,-0.65%,6700000.0
31/05/23,141.79,147.91,148.5,141.54,30.48M,-4.51%,30480000.0
30/05/23,148.48,150.91,151.0,147.91,8.43M,-1.83%,8430000.0
29/05/23,151.25,151.11,151.99,150.88,979.35K,-0.15%,979350.0
26/05/23,151.47,147.66,152.5,147.42,5.00M,2.75%,5000000.0
25/05/23,147.42,144.42,148.37,144.42,7.43M,1.35%,7430000.0
24/05/23,145.45,143.59,146.47,143.59,9.82M,2.35%,9820000.0
23/05/23,142.11,143.5,144.99,141.05,8.31M,-0.97%,8310000.000000001
22/05/23,143.5,146.96,148.59,142.23,6.74M,-1.26%,6740000.0
19/05/23,145.33,150.29,150.79,144.21,8.53M,-2.95%,8530000.0
18/05/23,149.75,148.99,150.99,148.51,7.58M,0.89%,7580000.0
17/05/23,148.43,149.09,150.09,148.0,6.31M,-0.05%,6310000.0
16/05/23,148.5,152.69,154.69,148.0,5.99M,-2.53%,5990000.0
15/05/23,152.35,149.3,153.43,149.01,6.99M,2.04%,6990000.0
12/05/23,149.3,152.72,152.8,148.51,7.18M,-2.02%,7180000.0
11/05/23,152.38,157.77,158.39,151.89,5.27M,-3.04%,5270000.0
10/05/23,157.15,157.53,157.98,155.11,5.18M,-0.26%,5180000.0
09/05/23,157.56,154.61,157.89,154.61,2.21M,1.51%,2210000.0
08/05/23,155.21,153.29,155.56,153.15,1.98M,1.50%,1980000.0
05/05/23,152.91,154.0,155.55,152.22,5.05M,-0.36%,5050000.0
04/05/23,153.46,156.29,157.5,153.03,4.22M,-1.48%,4220000.0
03/05/23,155.77,155.87,158.44,155.14,4.01M,0.04%,4010000.0
02/05/23,155.71,155.3,156.36,153.81,4.05M,0.15%,4050000.0
28/04/23,155.48,153.27,155.99,153.11,7.74M,1.39%,7740000.0
27/04/23,153.35,151.28,154.45,151.08,2.85M,1.47%,2850000.0
26/04/23,151.13,156.41,157.49,150.6,5.36M,-3.60%,5360000.0
25/04/23,156.78,157.51,159.38,156.47,4.45M,-0.78%,4450000.0
24/04/23,158.01,152.09,158.7,151.72,5.19M,4.17%,5190000.0
21/04/23,151.69,153.19,153.19,148.61,6.87M,-0.42%,6870000.0
20/04/23,152.33,152.01,153.36,150.01,3.58M,-0.23%,3580000.0
19/04/23,152.68,149.31,153.4,149.31,5.28M,1.96%,5280000.0
18/04/23,149.74,150.54,150.94,148.61,2.69M,-0.36%,2690000.0
17/04/23,150.28,147.41,151.29,147.41,4.61M,1.66%,4610000.0
14/04/23,147.83,147.58,148.31,146.36,3.26M,0.17%,3260000.0
13/04/23,147.58,146.19,148.29,145.5,5.02M,1.30%,5020000.0
12/04/23,145.69,149.52,150.85,144.61,5.12M,-2.65%,5120000.0
11/04/23,149.66,149.79,150.62,148.51,3.43M,0.26%,3430000.0
10/04/23,149.27,149.45,150.88,148.28,3.20M,-0.23%,3200000.0
05/04/23,149.61,152.44,153.21,148.27,2.69M,-1.86%,2690000.0
04/04/23,152.44,151.21,153.5,149.31,4.11M,1.15%,4110000.0000000005
03/04/23,150.71,151.37,152.0,149.42,3.08M,-0.78%,3080000.0
31/03/23,151.9,149.06,152.7,148.81,8.51M,1.83%,8510000.0
30/03/23,149.17,149.11,149.99,148.21,7.68M,-0.09%,7680000.0
29/03/23,149.31,142.77,149.91,142.07,8.73M,4.73%,8730000.0
28/03/23,142.56,143.99,147.43,141.58,10.08M,-0.77%,10080000.0
27/03/23,143.66,149.1,150.29,143.13,8.78M,-3.59%,8780000.0
24/03/23,149.01,152.03,152.03,147.81,5.82M,-2.08%,5820000.0
23/03/23,152.17,151.09,152.78,149.99,9.61M,1.39%,9610000.0
22/03/23,150.09,150.74,152.19,149.21,4.74M,-0.37%,4740000.0
21/03/23,150.64,146.0,151.99,144.46,10.07M,4.23%,10070000.0
17/03/23,144.52,149.49,150.19,144.06,20.02M,-3.03%,20020000.0
16/03/23,149.03,138.88,149.45,138.69,9.29M,7.77%,9290000.0
15/03/23,138.28,144.55,145.79,137.35,13.78M,-4.77%,13780000.0
14/03/23,145.2,149.28,150.5,144.72,8.40M,-2.62%,8400000.0
13/03/23,149.11,151.91,152.09,144.33,11.35M,-2.17%,11350000.0
10/03/23,152.42,162.61,163.15,151.2,8.01M,-6.54%,8010000.0
09/03/23,163.08,160.7,163.75,160.0,4.94M,1.66%,4940000.0
08/03/23,160.42,158.01,160.96,158.01,4.43M,1.61%,4430000.0
07/03/23,157.88,161.79,161.85,157.49,5.41M,-1.86%,5410000.0
06/03/23,160.87,159.8,161.34,159.74,3.87M,0.64%,3870000.0
03/03/23,159.84,158.99,160.98,158.17,4.54M,0.86%,4540000.0
02/03/23,158.47,161.51,161.64,157.02,6.71M,-2.14%,6710000.0
01/03/23,161.94,154.44,162.28,154.44,4.62M,4.86%,4620000.0
28/02/23,154.44,155.71,156.49,152.33,9.84M,-1.10%,9840000.0
27/02/23,156.16,157.19,157.19,154.26,5.46M,-0.36%,5460000.0
24/02/23,156.72,157.59,158.0,155.82,3.66M,-0.61%,3660000.0
23/02/23,157.68,154.9,157.98,152.31,5.25M,1.93%,5250000.0
22/02/23,154.7,158.75,159.63,154.21,5.03M,-2.64%,5030000.0
21/02/23,158.89,162.61,163.28,158.32,6.59M,-2.56%,6590000.0
20/02/23,163.06,163.09,165.98,162.7,1.36M,0.19%,1360000.0
17/02/23,162.75,163.11,163.32,161.37,4.49M,-0.80%,4490000.0
16/02/23,164.06,162.31,164.51,161.61,6.29M,0.65%,6290000.0
15/02/23,163.0,155.92,163.45,155.91,9.27M,4.28%,9270000.0
14/02/23,156.31,156.17,158.99,155.9,11.00M,0.14%,11000000.0
13/02/23,156.09,154.57,158.49,154.57,3.72M,0.98%,3720000.0
10/02/23,154.57,153.01,155.73,153.01,5.95M,0.73%,5950000.0
09/02/23,153.45,153.0,154.99,152.61,3.81M,0.19%,3810000.0
08/02/23,153.16,153.71,155.19,151.01,6.32M,-0.60%,6320000.0
07/02/23,154.09,153.99,155.11,151.01,7.60M,0.22%,7600000.0
03/02/23,153.75,153.32,155.18,152.95,4.75M,0.56%,4750000.0
02/02/23,152.9,157.51,157.89,152.14,8.07M,-2.95%,8070000.0
01/02/23,157.54,156.14,158.0,156.14,5.04M,0.86%,5040000.0
31/01/23,156.19,155.5,157.29,154.54,8.77M,0.35%,8770000.0
30/01/23,155.64,156.69,156.69,154.13,6.97M,-0.37%,6970000.0
27/01/23,156.22,155.69,156.86,154.86,6.88M,0.55%,6880000.0
26/01/23,155.37,157.69,157.69,153.72,3.64M,-1.18%,3640000.0
25/01/23,157.23,159.01,159.15,155.0,4.03M,-1.31%,4030000.0000000005
24/01/23,159.32,156.82,159.79,155.71,6.38M,1.98%,6380000.0
23/01/23,156.23,154.63,159.67,153.81,6.10M,0.98%,6100000.0
20/01/23,154.71,154.39,157.44,152.14,5.01M,0.49%,5010000.0
19/01/23,153.96,152.9,155.39,152.9,6.32M,0.67%,6320000.0
18/01/23,152.93,156.28,156.28,152.42,3.94M,-1.87%,3940000.0
17/01/23,155.85,155.39,156.5,151.23,4.01M,0.48%,4010000.0
16/01/23,155.1,157.79,157.95,153.7,1.95M,-1.51%,1950000.0
13/01/23,157.47,156.27,158.95,155.01,4.63M,0.76%,4630000.0
12/01/23,156.28,154.37,157.5,153.34,4.01M,0.99%,4010000.0
11/01/23,154.75,153.08,157.19,153.08,5.29M,0.87%,5290000.0
10/01/23,153.42,154.01,154.9,151.31,5.39M,-0.80%,5390000.0
09/01/23,154.65,151.09,154.82,149.87,3.12M,2.61%,3120000.0
06/01/23,150.72,146.39,151.44,145.21,3.14M,3.28%,3140000.0
05/01/23,145.94,145.71,147.48,144.22,4.45M,0.35%,4450000.0
04/01/23,145.43,141.31,146.88,141.31,4.04M,2.20%,4040000.0
03/01/23,142.3,142.51,144.58,142.0,1.41M,-0.39%,1410000.0
02/01/23,142.86,139.91,143.49,139.91,438.98K,2.11%,438980.0
30/12/22,139.91,143.65,144.49,139.3,4.87M,-2.62%,4870000.0
29/12/22,143.68,144.71,145.89,143.17,1.48M,-0.91%,1480000.0
28/12/22,145.0,147.2,147.21,144.51,2.31M,-1.23%,2310000.0
27/12/22,146.8,146.61,149.0,146.41,1.69M,-0.35%,1690000.0
26/12/22,147.31,148.43,148.54,146.68,121.51K,-0.77%,121510.0
23/12/22,148.46,146.31,149.6,146.0,2.06M,1.34%,2060000.0
22/12/22,146.49,146.81,148.48,144.71,2.70M,-0.41%,2700000.0
21/12/22,147.1,147.97,149.09,146.7,2.98M,-0.27%,2980000.0
20/12/22,147.5,148.75,148.99,146.16,6.45M,-0.81%,6450000.0
19/12/22,148.71,146.39,148.99,145.0,2.80M,1.88%,2800000.0
16/12/22,145.96,143.48,146.2,142.81,9.50M,1.98%,9500000.0
15/12/22,143.13,143.68,144.28,141.81,10.84M,-0.15%,10840000.0
14/12/22,143.35,144.18,145.47,141.7,8.43M,-0.47%,8430000.0
13/12/22,144.03,144.29,145.39,141.49,12.86M,0.50%,12860000.0
09/12/22,143.32,147.89,147.89,142.48,8.49M,-2.72%,8490000.0
08/12/22,147.32,145.59,148.08,145.18,4.59M,1.30%,4590000.0
07/12/22,145.43,147.57,149.19,144.62,4.88M,-1.45%,4880000.0
06/12/22,147.57,146.66,149.0,145.0,4.13M,-1.84%,4130000.0
05/12/22,150.33,149.51,151.49,149.03,4.99M,0.34%,4990000.0
02/12/22,149.82,152.33,153.49,149.36,5.63M,-1.47%,5630000.0
01/12/22,152.06,154.69,155.34,151.06,6.17M,-1.45%,6170000.0
30/11/22,154.3,150.77,155.0,147.22,19.87M,3.11%,19870000.0
29/11/22,149.64,152.81,154.24,148.8,7.11M,-2.34%,7110000.0
28/11/22,153.22,155.91,159.36,152.73,4.43M,-2.12%,4430000.0
25/11/22,156.54,153.21,157.19,149.88,3.07M,1.99%,3070000.0
24/11/22,153.49,154.15,154.46,150.43,828.00K,-0.30%,828000.0
23/11/22,153.95,153.08,155.5,153.0,5.15M,1.01%,5150000.0
22/11/22,152.41,152.9,157.29,152.07,11.02M,-0.28%,11020000.0
18/11/22,152.84,149.39,154.0,149.12,4.91M,2.46%,4910000.0
17/11/22,149.17,150.41,153.99,148.61,7.08M,-1.03%,7080000.0
16/11/22,150.72,152.76,152.76,149.51,5.16M,-1.45%,5160000.0
15/11/22,152.94,150.7,154.59,150.07,6.89M,1.66%,6890000.0
14/11/22,150.44,151.21,153.09,148.19,6.73M,-0.73%,6730000.0
11/11/22,151.54,154.01,155.29,149.14,6.88M,-1.74%,6880000.0
10/11/22,154.22,153.69,156.72,153.63,7.89M,0.84%,7890000.0
09/11/22,152.94,156.14,158.49,151.21,5.69M,-2.09%,5690000.0
08/11/22,156.2,160.09,160.4,155.01,5.67M,-2.56%,5670000.0
07/11/22,160.31,166.58,167.79,159.56,3.26M,-3.62%,3260000.0
04/11/22,166.33,163.89,167.37,163.89,4.81M,1.81%,4810000.0
03/11/22,163.38,163.89,166.41,158.96,8.83M,-0.06%,8830000.0
01/11/22,163.48,161.11,164.55,161.11,5.99M,1.51%,5990000.0
31/10/22,161.05,157.58,164.51,157.01,8.94M,2.20%,8940000.0
28/10/22,157.58,156.46,159.01,155.13,5.06M,0.81%,5060000.0
27/10/22,156.31,160.2,160.24,153.96,12.82M,-2.19%,12820000.0
26/10/22,159.81,165.02,165.31,158.16,19.01M,-3.16%,19010000.0
25/10/22,165.02,160.61,165.97,159.51,9.81M,2.41%,9810000.0
24/10/22,161.14,155.51,161.97,155.51,9.68M,3.10%,9680000.0
21/10/22,156.3,153.0,157.99,153.0,12.32M,2.73%,12320000.0
20/10/22,152.14,150.99,152.51,149.71,10.29M,1.03%,10290000.0
19/10/22,150.59,151.05,151.87,150.13,14.41M,-0.68%,14410000.0
18/10/22,151.62,152.98,153.77,150.01,13.42M,-1.07%,13420000.0
17/10/22,153.26,148.09,153.69,148.03,10.61M,3.84%,10610000.0
14/10/22,147.59,147.01,149.69,146.24,6.84M,0.56%,6840000.0
13/10/22,146.77,144.31,147.89,141.74,10.48M,1.20%,10480000.0
12/10/22,145.03,143.41,147.79,141.99,6.65M,0.81%,6650000.0
11/10/22,143.87,140.44,145.49,138.81,8.79M,2.16%,8790000.0
10/10/22,140.83,140.11,141.91,137.77,2.37M,0.02%,2370000.0
07/10/22,140.8,138.01,141.49,137.88,6.84M,1.64%,6840000.0
06/10/22,138.53,133.29,138.89,132.7,4.21M,3.89%,4210000.0
05/10/22,133.34,132.01,133.69,131.53,2.43M,0.69%,2430000.0
04/10/22,132.42,131.5,133.29,129.61,6.57M,0.70%,6570000.0
03/10/22,131.5,129.49,131.86,128.81,4.99M,1.69%,4990000.0
30/09/22,129.32,129.19,131.34,128.62,7.49M,0.51%,7490000.0
29/09/22,128.66,131.91,132.37,128.0,5.01M,-2.64%,5010000.0
28/09/22,132.15,130.09,133.08,129.35,5.25M,2.10%,5250000.0
27/09/22,129.43,130.8,130.99,128.9,7.12M,-0.80%,7120000.0
26/09/22,130.48,131.65,131.65,129.29,5.01M,-0.65%,5010000.0
23/09/22,131.33,133.61,134.2,128.55,6.08M,-2.18%,6080000.0
22/09/22,134.26,135.71,135.95,132.19,5.02M,-1.49%,5020000.0
21/09/22,136.29,136.0,137.9,135.21,4.91M,0.66%,4910000.0
20/09/22,135.39,138.45,138.45,134.48,9.38M,-2.34%,9380000.0
19/09/22,138.64,133.61,139.93,132.91,16.42M,3.51%,16420000.000000002
15/09/22,133.94,129.57,134.42,129.5,22.18M,3.48%,22180000.0
14/09/22,129.43,125.33,129.99,125.0,5.88M,3.51%,5880000.0
13/09/22,125.04,127.0,127.98,124.7,4.31M,-2.04%,4310000.0
12/09/22,127.64,125.29,128.49,125.22,3.28M,2.12%,3280000.0
09/09/22,124.99,122.69,125.96,122.69,2.90M,2.22%,2900000.0
08/09/22,122.28,123.3,123.81,121.81,5.30M,-0.91%,5300000.0
07/09/22,123.4,121.7,124.56,120.61,4.45M,1.43%,4450000.0
06/09/22,121.66,123.99,123.99,120.52,3.57M,-1.78%,3570000.0
05/09/22,123.86,122.23,124.49,117.0,330.85K,1.29%,330850.0
02/09/22,122.28,121.75,124.73,119.75,4.10M,1.93%,4099999.9999999995
01/09/22,119.97,118.98,121.5,115.73,4.89M,0.83%,4890000.0
31/08/22,118.98,121.68,122.89,118.63,14.57M,-2.00%,14570000.0
30/08/22,121.41,121.11,122.37,119.05,4.02M,0.25%,4019999.9999999995
29/08/22,121.11,122.55,122.67,120.01,4.30M,-2.22%,4300000.0
26/08/22,123.86,125.51,125.71,121.53,3.46M,-1.54%,3460000.0
25/08/22,125.8,126.0,127.56,124.71,5.39M,-0.32%,5390000.0
24/08/22,126.21,126.12,127.83,125.71,6.98M,-0.82%,6980000.0
23/08/22,127.25,126.89,127.79,125.42,6.48M,0.58%,6480000.0
22/08/22,126.52,126.71,128.2,124.57,9.24M,-0.46%,9240000.0
19/08/22,127.11,124.81,128.0,124.61,4.80M,1.51%,4800000.0
18/08/22,125.22,125.64,126.29,123.01,6.26M,-0.60%,6260000.0
17/08/22,125.98,123.76,126.39,123.0,4.33M,1.71%,4330000.0
16/08/22,123.86,124.43,124.89,123.18,6.61M,-0.31%,6610000.0
15/08/22,124.25,123.0,124.69,121.72,3.93M,0.62%,3930000.0
12/08/22,123.49,121.7,124.12,120.62,5.19M,1.76%,5190000.0
11/08/22,121.36,120.93,121.8,116.84,5.76M,0.51%,5760000.0
10/08/22,120.75,116.39,123.37,116.39,9.62M,4.06%,9620000.0
09/08/22,116.04,114.51,117.39,113.94,6.09M,0.65%,6090000.0
08/08/22,115.29,110.2,115.59,110.2,9.60M,4.62%,9600000.0
05/08/22,110.2,110.53,111.79,109.01,9.10M,-0.66%,9100000.0
04/08/22,110.93,112.69,114.99,110.5,6.14M,-0.96%,6140000.0
03/08/22,112.01,111.74,112.49,110.51,4.88M,0.57%,4880000.0
02/08/22,111.37,112.2,113.89,109.71,5.33M,-0.73%,5330000.0
01/08/22,112.19,115.81,118.09,112.01,5.06M,-3.28%,5060000.0
29/07/22,115.99,117.65,119.82,115.71,8.31M,-1.41%,8310000.000000001
28/07/22,117.65,113.22,118.52,113.22,6.61M,4.11%,6610000.0
27/07/22,113.01,114.79,114.79,112.0,9.42M,-1.13%,9420000.0
26/07/22,114.3,116.63,117.04,113.92,7.34M,-1.61%,7340000.0
25/07/22,116.17,113.88,117.39,113.6,8.24M,2.30%,8240000.0
22/07/22,113.56,119.89,119.93,113.21,5.42M,-5.06%,5420000.0
21/07/22,119.61,117.64,120.88,115.42,6.36M,1.73%,6360000.0
20/07/22,117.58,113.71,118.05,113.71,7.63M,2.89%,7630000.0
19/07/22,114.28,111.89,114.6,111.76,9.07M,2.40%,9070000.0
18/07/22,111.6,113.79,114.59,111.0,5.41M,-1.29%,5410000.0
15/07/22,113.06,113.99,114.59,112.59,5.45M,-0.42%,5450000.0
14/07/22,113.54,114.01,114.34,112.91,6.47M,-1.24%,6470000.0
13/07/22,114.96,114.51,117.21,114.51,7.57M,-0.08%,7570000.0
12/07/22,115.05,111.64,115.68,110.61,8.89M,3.12%,8890000.0
11/07/22,111.57,113.0,113.0,111.14,6.54M,-1.90%,6540000.0
08/07/22,113.73,111.88,114.17,110.25,9.69M,1.38%,9690000.0
07/07/22,112.18,112.89,113.99,111.76,8.66M,-0.63%,8660000.0
06/07/22,112.89,111.86,113.5,111.15,4.53M,0.74%,4530000.0
05/07/22,112.06,112.01,112.49,108.54,8.24M,-0.44%,8240000.0
04/07/22,112.56,112.14,114.07,111.51,1.16M,-0.13%,1160000.0
01/07/22,112.71,112.0,114.4,110.51,4.98M,0.48%,4980000.0
30/06/22,112.17,113.21,113.49,110.48,12.58M,-1.53%,12580000.0
29/06/22,113.91,116.65,116.95,113.41,9.42M,-2.39%,9420000.0
28/06/22,116.7,117.77,117.99,115.42,6.97M,-0.49%,6970000.0
27/06/22,117.28,115.16,117.68,113.51,3.51M,2.35%,3510000.0
24/06/22,114.59,111.12,116.0,106.12,8.48M,2.60%,8480000.0
23/06/22,111.69,112.76,112.91,110.3,6.93M,-1.23%,6930000.0
22/06/22,113.08,118.41,118.58,112.82,5.81M,-4.79%,5810000.0
21/06/22,118.77,115.3,119.8,115.3,4.85M,3.27%,4850000.0
20/06/22,115.01,117.48,117.66,114.55,2.74M,-2.28%,2740000.0
17/06/22,117.69,116.73,119.73,114.45,16.06M,0.90%,16059999.999999998
16/06/22,116.64,117.5,118.39,115.02,9.62M,-1.10%,9620000.0
15/06/22,117.94,119.28,119.39,117.51,7.89M,-0.71%,7890000.0
14/06/22,118.78,118.99,120.7,117.1,8.84M,0.44%,8840000.0
13/06/22,118.26,116.68,119.58,113.06,8.79M,0.50%,8790000.0
10/06/22,117.67,119.82,120.06,117.06,4.99M,-2.63%,4990000.0
09/06/22,120.85,122.19,123.98,118.74,5.70M,0.09%,5700000.0
08/06/22,120.74,121.99,123.86,120.0,7.16M,-0.89%,7160000.0
07/06/22,121.83,120.75,122.0,117.38,7.69M,0.32%,7690000.0
06/06/22,121.44,123.49,124.48,121.01,8.32M,-1.36%,8320000.0
03/06/22,123.12,124.17,125.29,122.5,4.62M,-1.12%,4620000.0
02/06/22,124.52,125.8,126.39,123.69,4.82M,-1.04%,4820000.0
01/06/22,125.83,127.54,127.65,124.61,5.51M,-1.38%,5510000.0
31/05/22,127.59,129.59,129.59,126.01,17.95M,-1.12%,17950000.0
30/05/22,129.04,131.1,131.99,128.81,2.68M,-1.51%,2680000.0
27/05/22,131.02,128.7,133.33,128.7,7.07M,-2.41%,7070000.0
26/05/22,134.25,131.0,134.51,133.21,4.14M,2.47%,4139999.9999999995
25/05/22,131.01,129.51,133.0,128.81,6.77M,0.81%,6770000.0
24/05/22,129.96,127.31,130.23,126.81,7.38M,1.73%,7380000.0
23/05/22,127.75,127.59,129.65,126.31,6.78M,0.66%,6780000.0
20/05/22,126.91,129.09,129.71,126.76,6.33M,-1.21%,6330000.0
19/05/22,128.47,126.01,129.34,125.0,6.61M,1.14%,6610000.0
18/05/22,127.02,134.0,134.0,125.5,10.64M,-5.13%,10640000.0
17/05/22,133.89,133.01,135.57,131.83,7.03M,0.37%,7030000.0
16/05/22,133.39,128.91,135.4,127.24,7.45M,2.96%,7450000.0
13/05/22,129.56,120.69,130.7,120.68,10.27M,7.94%,10270000.0
12/05/22,120.03,126.21,127.12,119.83,14.69M,-5.05%,14690000.0
11/05/22,126.42,130.05,130.99,125.69,9.07M,-3.13%,9070000.0
10/05/22,130.5,132.91,135.25,130.01,8.69M,-1.99%,8690000.0
09/05/22,133.15,135.41,136.18,130.51,8.34M,-1.94%,8340000.0
06/05/22,135.78,137.71,138.96,135.31,7.78M,-1.65%,7780000.0
05/05/22,138.06,140.01,142.19,136.54,10.60M,-2.45%,10600000.0
04/05/22,141.53,137.49,143.97,136.66,7.72M,2.94%,7720000.0
03/05/22,137.49,141.24,141.24,136.5,8.71M,-2.54%,8710000.0
02/05/22,141.08,135.09,143.44,133.41,7.06M,4.73%,7060000.0
29/04/22,134.71,139.88,140.59,133.73,8.95M,-3.78%,8950000.0
28/04/22,140.0,139.79,140.59,137.5,6.10M,0.55%,6100000.0
27/04/22,139.23,138.69,141.32,137.55,4.57M,0.56%,4570000.0
26/04/22,138.45,141.18,141.41,137.91,5.95M,-1.96%,5950000.0
25/04/22,141.22,147.11,147.11,139.45,9.36M,-4.78%,9360000.0
22/04/22,148.31,137.89,148.63,137.65,12.30M,8.17%,12300000.0
21/04/22,137.11,136.5,140.19,136.15,16.01M,0.53%,16010000.000000002
20/04/22,136.39,137.25,137.29,136.03,10.48M,-0.29%,10480000.0
19/04/22,136.78,137.26,139.09,136.26,9.39M,-0.12%,9390000.0
18/04/22,136.94,136.56,137.69,136.54,4.23M,0.12%,4230000.0
13/04/22,136.77,137.81,138.69,136.5,5.78M,-0.96%,5780000.0
12/04/22,138.1,137.6,138.79,137.55,8.89M,0.79%,8890000.0
11/04/22,137.02,139.0,139.19,136.21,14.07M,-1.64%,14070000.0
08/04/22,139.31,143.18,143.18,139.0,8.94M,-2.80%,8940000.0
07/04/22,143.32,147.46,147.63,142.88,8.94M,-2.88%,8940000.0
06/04/22,147.57,145.25,148.81,143.71,12.10M,2.00%,12100000.0
05/04/22,144.67,146.21,146.65,142.15,4.61M,-1.29%,4610000.0
04/04/22,146.56,147.97,148.59,145.36,4.52M,-1.01%,4520000.0
01/04/22,148.06,149.99,150.69,147.41,7.00M,-1.00%,7000000.0
31/03/22,149.55,150.25,152.29,149.28,7.93M,-0.74%,7930000.0
30/03/22,150.66,152.32,152.32,149.2,12.26M,-1.27%,12260000.0
29/03/22,152.6,151.27,153.26,149.59,10.06M,0.89%,10060000.0
28/03/22,151.26,150.29,151.77,149.51,10.53M,0.89%,10530000.0
25/03/22,149.93,152.31,152.36,148.12,10.02M,-1.79%,10020000.0
24/03/22,152.66,148.99,154.4,147.31,7.43M,2.58%,7430000.0
23/03/22,148.82,148.97,152.99,147.14,10.48M,-0.35%,10480000.0
22/03/22,149.34,156.3,159.98,148.79,12.60M,-7.20%,12600000.0
18/03/22,160.93,150.0,162.28,148.41,30.52M,7.31%,30520000.0
17/03/22,149.97,142.1,150.7,141.71,12.91M,5.53%,12910000.0
16/03/22,142.11,139.81,142.9,139.81,13.47M,1.54%,13470000.0
15/03/22,139.95,140.87,141.88,138.15,12.22M,-0.89%,12220000.0
14/03/22,141.2,140.89,142.96,139.91,11.11M,0.74%,11110000.0
11/03/22,140.16,137.19,141.0,136.93,8.08M,2.56%,8080000.0
10/03/22,136.66,139.51,141.2,136.2,9.61M,-2.32%,9610000.0
09/03/22,139.91,136.49,141.5,136.49,9.81M,2.84%,9810000.0
08/03/22,136.04,132.09,136.86,130.0,11.64M,3.22%,11640000.0
07/03/22,131.79,133.21,133.21,130.13,7.51M,-1.19%,7510000.0
04/03/22,133.38,133.41,133.98,130.28,6.96M,-0.30%,6960000.0
03/03/22,133.78,130.99,134.9,130.8,6.45M,2.64%,6450000.0
02/03/22,130.34,138.1,138.18,129.94,9.41M,-5.21%,9410000.0
01/03/22,137.51,137.93,140.17,135.88,8.88M,-0.74%,8880000.0
28/02/22,138.54,132.01,139.0,131.61,16.78M,4.80%,16780000.0
25/02/22,132.2,129.31,133.25,129.31,3.58M,2.01%,3580000.0
24/02/22,129.59,124.9,130.89,120.6,9.21M,1.11%,9210000.0
23/02/22,128.17,132.52,132.75,127.25,9.65M,-3.47%,9650000.0
22/02/22,132.78,131.88,134.53,131.0,7.52M,1.04%,7520000.0
21/02/22,131.41,130.0,133.0,130.0,1.13M,0.89%,1130000.0
18/02/22,130.25,133.19,134.39,130.01,4.35M,-2.21%,4350000.0
17/02/22,133.19,136.21,137.77,132.59,6.19M,-2.76%,6190000.0
16/02/22,136.97,137.01,138.48,134.32,6.73M,-0.31%,6730000.0
15/02/22,137.39,135.89,140.29,135.43,11.57M,1.35%,11570000.0
14/02/22,135.56,138.41,138.8,134.11,6.43M,-2.61%,6430000.0
11/02/22,139.2,137.91,142.99,137.15,7.37M,0.56%,7370000.0
10/02/22,138.43,133.81,139.39,133.81,8.91M,3.11%,8910000.0
09/02/22,134.26,135.86,136.79,133.36,10.40M,-0.83%,10400000.0
08/02/22,135.39,129.66,136.09,128.81,12.52M,4.00%,12520000.0
04/02/22,130.18,131.64,132.92,129.54,3.96M,-1.14%,3960000.0
03/02/22,131.68,129.48,132.39,129.17,7.98M,1.79%,7980000.0
02/02/22,129.37,131.46,132.79,128.83,7.00M,-1.40%,7000000.0
01/02/22,131.21,131.5,131.67,128.5,6.80M,0.36%,6800000.0
31/01/22,130.74,131.07,131.75,129.52,6.48M,-0.25%,6480000.0
28/01/22,131.07,130.73,133.29,129.91,7.52M,0.46%,7520000.0
27/01/22,130.47,131.85,131.9,128.01,12.36M,-0.64%,12360000.0
26/01/22,131.31,130.49,132.75,130.24,5.91M,1.04%,5910000.0
25/01/22,129.96,129.61,131.69,128.56,9.88M,-0.07%,9880000.0
24/01/22,130.05,134.81,135.1,125.91,9.84M,-3.74%,9840000.0
21/01/22,135.1,140.89,140.89,133.98,6.24M,-3.95%,6240000.0
20/01/22,140.65,141.39,141.49,138.4,8.29M,-0.30%,8289999.999999999
19/01/22,141.08,143.69,143.77,140.05,7.95M,-1.42%,7950000.0
18/01/22,143.11,147.66,149.1,142.71,9.14M,-3.28%,9140000.0
17/01/22,147.97,146.36,150.5,146.27,1.76M,1.35%,1760000.0
14/01/22,146.0,149.62,149.67,144.81,3.94M,-2.64%,3940000.0
13/01/22,149.96,148.68,150.5,147.41,8.28M,1.45%,8279999.999999999
12/01/22,147.81,142.9,148.59,142.9,8.21M,3.37%,8210000.000000001
11/01/22,142.99,145.88,146.79,142.31,8.21M,-2.16%,8210000.000000001
10/01/22,146.14,148.34,148.34,144.27,6.51M,-1.24%,6510000.0
07/01/22,147.98,141.69,148.26,141.3,9.46M,5.21%,9460000.0
06/01/22,140.65,136.98,141.39,135.61,10.33M,3.09%,10330000.0
05/01/22,136.43,135.99,136.99,134.57,5.70M,0.61%,5700000.0
04/01/22,135.6,135.75,137.49,134.37,4.32M,0.36%,4320000.0
03/01/22,135.11,133.49,138.4,133.49,3.69M,1.57%,3690000.0
31/12/21,133.02,133.51,134.39,132.91,1.62M,-0.63%,1620000.0
30/12/21,133.86,132.99,134.99,132.27,2.30M,0.79%,2300000.0
29/12/21,132.81,133.78,134.59,132.01,1.47M,-0.40%,1470000.0
28/12/21,133.34,131.61,134.39,131.61,2.27M,0.79%,2270000.0
27/12/21,132.29,129.71,132.5,129.52,2.26M,1.74%,2260000.0
24/12/21,130.03,129.99,130.76,129.51,87.35K,-0.08%,87350.0
23/12/21,130.14,129.85,131.5,129.11,3.79M,0.40%,3790000.0
22/12/21,129.62,129.31,130.29,128.0,4.92M,0.49%,4920000.0
21/12/21,128.99,128.77,129.55,127.18,2.96M,0.84%,2960000.0
20/12/21,127.91,129.11,129.25,125.16,4.04M,-1.53%,4040000.0
17/12/21,129.9,128.21,130.39,126.7,13.11M,1.06%,13110000.0
16/12/21,128.54,124.99,128.89,124.72,6.95M,3.23%,6950000.0
15/12/21,124.52,125.94,126.19,121.88,9.62M,-1.27%,9620000.0
14/12/21,126.12,126.8,127.69,123.8,8.42M,-0.40%,8420000.0
13/12/21,126.63,132.16,133.65,125.9,9.79M,-4.42%,9790000.0
10/12/21,132.49,135.73,135.9,132.17,4.19M,-2.16%,4190000.0000000005
09/12/21,135.42,130.01,136.72,130.01,7.63M,3.79%,7630000.0
08/12/21,130.47,131.29,132.19,130.13,9.82M,-0.34%,9820000.0
07/12/21,130.92,130.61,132.09,129.24,12.97M,0.60%,12970000.0
06/12/21,130.14,133.98,134.09,129.81,4.45M,-2.13%,4450000.0
03/12/21,132.97,134.7,137.5,132.37,6.44M,-1.41%,6440000.0
02/12/21,134.87,128.99,135.09,128.14,6.60M,4.80%,6600000.0
01/12/21,128.69,129.21,131.43,127.27,5.98M,0.44%,5980000.0
30/11/21,128.13,125.61,130.0,124.71,17.06M,1.72%,17060000.0
29/11/21,125.96,125.98,126.52,122.95,10.02M,0.61%,10020000.0
26/11/21,125.2,133.31,133.31,122.31,11.75M,-6.53%,11750000.0
25/11/21,133.95,135.97,135.97,133.73,1.05M,-1.13%,1050000.0
24/11/21,135.48,137.01,137.01,133.54,7.21M,-1.39%,7210000.0
23/11/21,137.39,135.31,137.92,134.31,4.51M,1.82%,4510000.0
22/11/21,134.93,137.4,137.4,134.31,3.44M,-1.89%,3440000.0
19/11/21,137.53,136.3,138.0,136.16,6.12M,0.66%,6120000.0
18/11/21,136.63,134.41,137.96,133.47,8.85M,1.39%,8850000.0
17/11/21,134.76,131.45,135.06,130.01,5.11M,2.42%,5110000.0
16/11/21,131.57,128.41,131.98,128.16,11.34M,2.10%,11340000.0
12/11/21,128.86,131.0,131.54,128.41,5.02M,-1.77%,5020000.0
11/11/21,131.18,129.74,131.5,128.18,5.05M,1.21%,5050000.0
10/11/21,129.61,134.2,134.35,129.41,5.31M,-3.51%,5310000.0
09/11/21,134.33,132.46,134.9,132.4,5.42M,1.41%,5420000.0
08/11/21,132.46,133.99,133.99,131.57,5.16M,-0.74%,5160000.0
05/11/21,133.45,131.99,134.5,131.87,4.89M,1.21%,4890000.0
04/11/21,131.86,133.49,133.75,129.57,6.50M,-0.78%,6500000.0
03/11/21,132.9,127.89,133.39,127.38,8.55M,4.65%,8550000.0
01/11/21,127.0,130.99,131.04,126.81,5.35M,-2.57%,5350000.0
29/10/21,130.35,130.82,131.91,130.03,5.36M,-0.30%,5360000.0
28/10/21,130.74,133.57,133.58,130.45,5.87M,-1.78%,5870000.0
27/10/21,133.11,139.61,140.06,132.81,5.32M,-5.00%,5320000.0
26/10/21,140.11,138.49,140.38,136.72,7.83M,2.20%,7830000.0
25/10/21,137.1,138.37,139.48,136.46,2.96M,-1.26%,2960000.0
22/10/21,138.85,139.79,140.08,137.55,6.20M,-0.30%,6200000.0
21/10/21,139.27,139.85,140.7,138.78,5.63M,-0.55%,5630000.0
20/10/21,140.04,138.6,141.59,138.6,9.31M,0.81%,9310000.0
19/10/21,138.92,138.89,139.56,138.45,5.39M,0.36%,5390000.0
18/10/21,138.42,139.51,140.48,137.71,4.58M,-1.10%,4580000.0
15/10/21,139.96,136.19,140.49,136.0,5.02M,2.93%,5020000.0
14/10/21,135.97,138.39,138.95,133.18,5.68M,-1.56%,5680000.0
13/10/21,138.13,137.49,138.29,136.27,6.14M,0.71%,6140000.0
12/10/21,137.16,136.49,137.65,135.88,6.72M,0.76%,6720000.0
11/10/21,136.12,135.2,136.5,134.74,6.54M,0.86%,6540000.0
08/10/21,134.96,132.5,135.25,132.5,6.10M,1.61%,6100000.0
07/10/21,132.82,135.5,135.82,131.84,8.09M,-1.96%,8090000.0
06/10/21,135.47,135.16,135.5,132.35,9.48M,0.11%,9480000.0
05/10/21,135.32,134.4,135.5,133.63,7.01M,0.91%,7010000.0
04/10/21,134.1,133.0,134.83,131.31,5.64M,0.40%,5640000.0
01/10/21,133.56,132.57,133.84,131.8,4.52M,0.75%,4520000.0
30/09/21,132.57,132.54,133.0,131.03,6.45M,0.52%,6450000.0
29/09/21,131.89,130.81,132.92,129.08,7.29M,1.00%,7290000.0
28/09/21,130.58,132.52,132.52,129.11,5.72M,-1.54%,5720000.0
27/09/21,132.62,128.89,133.37,128.32,7.75M,3.24%,7750000.0
24/09/21,128.46,125.88,128.83,125.65,5.46M,1.91%,5460000.0
23/09/21,126.05,126.69,126.8,125.66,5.02M,-0.24%,5020000.0
22/09/21,126.35,123.49,127.0,123.49,3.67M,2.61%,3670000.0
21/09/21,123.14,123.3,125.49,121.04,5.10M,0.17%,5100000.0
20/09/21,122.93,125.78,125.78,122.79,3.89M,-2.50%,3890000.0
17/09/21,126.08,131.0,131.34,126.0,11.89M,-3.57%,11890000.0
15/09/21,130.75,128.25,131.28,128.12,7.52M,1.74%,7520000.0
14/09/21,128.52,127.89,129.26,127.01,4.79M,0.74%,4790000.0
13/09/21,127.58,127.99,129.19,127.1,4.54M,0.08%,4540000.0
10/09/21,127.48,126.49,128.08,126.35,4.97M,1.09%,4970000.0
09/09/21,126.11,125.9,126.9,125.01,3.62M,0.53%,3620000.0
08/09/21,125.45,128.01,128.56,125.01,4.33M,-2.59%,4330000.0
07/09/21,128.79,127.59,129.2,126.61,3.74M,1.11%,3740000.0
06/09/21,127.38,126.36,127.98,125.93,612.06K,1.17%,612060.0
03/09/21,125.91,126.28,128.29,125.79,3.02M,-0.29%,3020000.0
02/09/21,126.28,127.81,128.56,124.6,5.10M,-1.39%,5100000.0
01/09/21,128.06,132.88,132.93,127.49,4.27M,-3.41%,4270000.0
31/08/21,132.58,128.89,133.05,128.89,13.92M,3.15%,13920000.0
30/08/21,128.53,127.97,130.0,127.5,5.27M,0.08%,5270000.0
27/08/21,128.43,129.77,130.75,127.7,4.88M,-0.53%,4880000.0
26/08/21,129.11,128.65,130.0,127.91,7.92M,0.61%,7920000.0
25/08/21,128.33,125.99,129.49,125.86,4.76M,2.19%,4760000.0
24/08/21,125.58,128.14,128.9,124.88,3.91M,-1.84%,3910000.0
23/08/21,127.94,125.68,128.7,124.83,3.56M,2.33%,3560000.0
20/08/21,125.03,126.99,126.99,124.66,3.29M,-1.23%,3290000.0
19/08/21,126.59,130.61,130.84,125.31,5.22M,-3.36%,5220000.0
18/08/21,130.99,133.09,133.81,130.53,6.02M,-1.44%,6020000.0
17/08/21,132.91,130.83,133.31,130.01,6.99M,1.81%,6990000.0
16/08/21,130.55,131.0,131.69,129.29,2.42M,-0.56%,2420000.0
13/08/21,131.29,130.16,131.75,128.61,3.63M,0.93%,3630000.0
12/08/21,130.08,129.75,130.42,129.31,2.94M,0.39%,2940000.0
11/08/21,129.57,129.98,130.49,128.95,4.85M,-0.04%,4850000.0
10/08/21,129.62,128.83,130.19,128.21,2.33M,0.46%,2330000.0
09/08/21,129.03,129.05,129.99,128.61,2.48M,-0.15%,2480000.0
06/08/21,129.22,128.89,130.69,128.36,4.05M,0.69%,4050000.0
05/08/21,128.34,129.43,130.09,127.71,7.03M,-0.58%,7030000.0
04/08/21,129.09,132.71,132.84,127.72,9.95M,-3.14%,9950000.0
03/08/21,133.28,129.59,133.88,129.06,8.65M,3.17%,8650000.0
02/08/21,129.18,129.59,130.19,127.69,5.73M,0.10%,5730000.0
30/07/21,129.05,131.0,131.62,128.59,9.10M,-1.96%,9100000.0
29/07/21,131.63,130.26,132.1,129.51,9.51M,1.27%,9510000.0
28/07/21,129.98,130.19,130.19,129.51,7.72M,0.05%,7720000.0
27/07/21,129.92,129.89,130.23,128.51,6.10M,0.36%,6100000.0
26/07/21,129.46,127.04,130.85,127.04,4.28M,1.68%,4280000.0
23/07/21,127.32,127.99,131.0,126.98,3.88M,-0.10%,3880000.0
22/07/21,127.45,127.57,128.17,126.61,5.40M,0.01%,5400000.0
21/07/21,127.44,124.49,128.0,124.0,2.55M,2.63%,2550000.0
20/07/21,124.17,123.02,124.8,123.0,5.81M,0.80%,5810000.0
19/07/21,123.18,126.31,126.32,122.1,4.58M,-2.85%,4580000.0
16/07/21,126.8,126.99,127.09,126.01,3.48M,0.02%,3480000.0
15/07/21,126.78,126.12,127.29,125.31,4.29M,0.77%,4290000.0
14/07/21,125.81,125.55,126.07,123.81,3.33M,-0.20%,3330000.0
13/07/21,126.06,127.85,128.17,125.51,4.44M,-1.13%,4440000.0
12/07/21,127.5,127.52,128.29,126.76,2.73M,-0.02%,2730000.0
09/07/21,127.52,125.14,128.17,125.11,4.29M,2.00%,4290000.0
08/07/21,125.02,128.71,128.8,123.91,5.56M,-3.28%,5560000.0
07/07/21,129.26,128.61,129.51,127.61,3.40M,0.48%,3400000.0
06/07/21,128.64,129.71,129.79,127.6,2.60M,-1.07%,2600000.0
05/07/21,130.03,130.75,130.79,129.8,434.61K,-0.27%,434610.0
02/07/21,130.38,131.6,131.6,129.78,2.88M,-1.06%,2880000.0
01/07/21,131.78,128.3,132.28,128.3,4.25M,2.35%,4250000.0
30/06/21,128.76,128.81,129.7,128.21,5.00M,-0.46%,5000000.0
29/06/21,129.35,129.65,130.19,128.06,7.21M,0.09%,7210000.0
28/06/21,129.23,131.0,131.0,126.41,4.27M,-1.13%,4270000.0
25/06/21,130.71,129.5,131.5,129.26,6.02M,0.87%,6020000.0
24/06/21,129.58,129.06,129.89,128.07,6.94M,0.15%,6940000.0
23/06/21,129.38,128.77,130.81,128.01,7.72M,0.64%,7720000.0
22/06/21,128.56,129.64,129.98,127.0,6.15M,-0.73%,6150000.0
21/06/21,129.51,131.31,131.89,129.12,4.31M,-1.66%,4310000.0
18/06/21,131.69,130.71,132.29,130.15,9.90M,0.34%,9900000.0
17/06/21,131.24,132.89,133.77,130.33,5.15M,-0.97%,5150000.0
16/06/21,132.52,132.37,133.03,130.18,6.33M,0.31%,6330000.0
15/06/21,132.11,130.41,132.94,129.55,5.12M,1.10%,5120000.0
14/06/21,130.67,130.98,131.78,129.51,3.66M,-0.02%,3660000.0
11/06/21,130.7,131.51,132.5,130.2,3.76M,-0.71%,3760000.0
10/06/21,131.63,132.99,136.45,131.41,4.82M,-0.87%,4820000.0
09/06/21,132.79,132.58,138.53,131.81,5.95M,-0.02%,5950000.0
08/06/21,132.81,138.41,138.63,132.31,6.68M,-4.45%,6680000.0
07/06/21,138.99,131.6,144.0,131.6,7.34M,5.43%,7340000.0
04/06/21,131.83,133.0,133.29,130.48,3.76M,-0.85%,3760000.0
03/06/21,132.96,134.0,135.5,131.24,5.93M,-0.71%,5930000.0
02/06/21,133.91,132.53,136.63,132.53,5.39M,1.36%,5390000.0
01/06/21,132.11,136.79,137.89,131.59,6.91M,-3.91%,6910000.0
31/05/21,137.48,136.54,138.59,136.44,2.05M,0.94%,2049999.9999999998
28/05/21,136.2,137.68,138.0,135.29,5.51M,-1.32%,5510000.0
27/05/21,138.02,131.89,139.11,131.08,27.68M,5.06%,27680000.0
26/05/21,131.37,131.33,133.25,130.8,5.07M,0.20%,5070000.0
25/05/21,131.11,130.61,132.42,128.83,6.01M,0.51%,6010000.0
24/05/21,130.45,137.29,137.29,129.66,5.42M,-4.99%,5420000.0
21/05/21,137.3,136.0,138.52,131.2,6.49M,0.96%,6490000.0
20/05/21,136.0,129.79,136.49,128.53,11.93M,5.19%,11930000.0
19/05/21,129.29,128.61,129.93,125.22,5.85M,-0.12%,5850000.0
18/05/21,129.44,125.59,131.09,125.45,7.14M,2.81%,7140000.0
17/05/21,125.9,123.56,126.09,122.21,4.67M,2.14%,4670000.0
14/05/21,123.26,118.08,123.39,118.08,6.09M,4.36%,6090000.0
13/05/21,118.11,117.39,118.54,116.31,5.18M,1.31%,5180000.0
12/05/21,116.58,117.99,119.23,116.01,4.96M,-0.92%,4960000.0
11/05/21,117.66,119.41,119.88,117.01,3.09M,-2.03%,3090000.0
10/05/21,120.1,119.86,120.46,118.83,3.63M,0.44%,3630000.0
07/05/21,119.57,118.93,122.0,118.38,4.96M,0.34%,4960000.0
06/05/21,119.16,118.2,119.79,118.07,6.25M,0.91%,6250000.0
05/05/21,118.08,120.0,120.1,117.64,3.60M,-1.44%,3600000.0
04/05/21,119.81,120.0,120.75,118.05,3.52M,-0.40%,3520000.0
03/05/21,120.29,116.0,120.8,115.82,3.35M,4.37%,3350000.0
30/04/21,115.25,118.0,119.06,114.73,6.21M,-4.95%,6210000.0
29/04/21,121.25,119.45,123.5,118.92,5.39M,1.69%,5390000.0
28/04/21,119.23,118.42,119.91,118.21,3.18M,0.35%,3180000.0
27/04/21,118.81,121.39,122.09,118.41,5.00M,-1.54%,5000000.0
26/04/21,120.67,122.1,123.0,120.51,3.33M,-1.06%,3330000.0
23/04/21,121.96,121.01,123.0,120.12,4.59M,-0.02%,4590000.0
22/04/21,121.99,118.46,122.3,118.46,5.20M,2.75%,5200000.0
21/04/21,118.72,118.6,119.18,118.09,3.05M,0.10%,3050000.0
20/04/21,118.6,119.71,120.03,118.14,3.82M,-0.97%,3820000.0
19/04/21,119.76,121.43,122.19,119.15,6.17M,-1.57%,6170000.0
16/04/21,121.67,121.65,122.29,120.81,4.02M,-0.04%,4019999.9999999995
15/04/21,121.72,120.5,121.9,120.5,6.79M,0.60%,6790000.0
14/04/21,120.99,117.69,121.5,116.45,4.79M,3.22%,4790000.0
13/04/21,117.21,116.66,117.69,116.01,3.32M,0.36%,3320000.0
12/04/21,116.79,117.28,117.36,115.88,5.52M,-0.02%,5520000.0
09/04/21,116.81,118.8,118.91,116.16,7.97M,-1.75%,7970000.0
08/04/21,118.89,118.01,119.23,118.01,7.18M,0.32%,7180000.0
07/04/21,118.51,119.31,120.0,115.29,6.64M,-1.31%,6640000.0
06/04/21,120.08,122.42,122.65,119.51,4.12M,-2.15%,4120000.0
05/04/21,122.72,116.5,123.56,116.48,10.44M,6.59%,10440000.0
31/03/21,115.13,116.57,117.79,114.85,7.70M,-1.87%,7700000.0
30/03/21,117.32,116.7,117.88,116.21,3.75M,0.19%,3750000.0
29/03/21,117.1,114.54,117.23,114.41,7.09M,1.72%,7090000.0
26/03/21,115.12,118.0,118.19,113.67,9.07M,-2.13%,9070000.0
25/03/21,117.63,112.01,117.96,112.01,6.86M,4.64%,6860000.0
24/03/21,112.41,112.68,114.39,111.61,7.21M,0.04%,7210000.0
23/03/21,112.36,116.09,116.19,112.0,6.50M,-3.10%,6500000.0
22/03/21,115.95,111.69,116.46,111.5,5.92M,4.15%,5920000.0
19/03/21,111.33,116.01,116.16,109.99,24.69M,-4.37%,24690000.0
18/03/21,116.42,116.99,117.0,116.01,4.11M,-0.02%,4110000.0000000005
17/03/21,116.44,119.25,120.38,115.9,6.29M,-2.89%,6290000.0
16/03/21,119.9,118.0,121.79,117.41,11.11M,1.31%,11110000.0
12/03/21,118.35,118.0,118.8,116.64,7.48M,0.47%,7480000.0
11/03/21,117.8,119.1,119.17,117.61,7.33M,-1.38%,7330000.0
10/03/21,119.45,113.96,119.75,113.33,9.44M,5.08%,9440000.0
09/03/21,113.68,111.94,114.5,111.24,10.56M,1.30%,10560000.0
08/03/21,112.22,105.89,112.59,105.79,13.02M,6.23%,13020000.0
05/03/21,105.64,108.38,109.59,105.51,10.54M,-2.41%,10540000.0
04/03/21,108.25,112.99,114.99,107.7,10.01M,-4.05%,10010000.0
03/03/21,112.82,108.49,113.8,108.29,7.01M,4.66%,7010000.0
02/03/21,107.8,104.7,109.99,104.49,4.63M,2.34%,4630000.0
01/03/21,105.34,105.69,106.22,102.16,5.65M,0.27%,5650000.0
26/02/21,105.06,104.0,106.09,103.65,10.21M,1.02%,10210000.0
25/02/21,104.0,109.69,110.34,103.12,8.20M,-4.70%,8199999.999999999
24/02/21,109.13,109.71,113.48,108.75,4.60M,-1.04%,4600000.0
23/02/21,110.28,105.71,112.0,104.81,8.29M,3.70%,8289999.999999999
22/02/21,106.35,106.02,107.24,104.01,10.48M,0.30%,10480000.0
19/02/21,106.03,109.29,109.52,105.81,9.51M,-2.64%,9510000.0
18/02/21,108.9,109.02,110.38,108.48,4.36M,-0.98%,4360000.0
17/02/21,109.98,108.0,110.33,107.91,5.30M,2.07%,5300000.0
16/02/21,107.75,108.6,108.97,107.51,4.54M,-0.22%,4540000.0
15/02/21,107.99,109.83,110.18,107.76,1.04M,-1.68%,1040000.0
12/02/21,109.83,109.62,111.48,109.01,3.82M,0.26%,3820000.0
11/02/21,109.54,112.23,113.0,108.88,7.79M,-2.64%,7790000.0
10/02/21,112.51,114.48,114.48,112.0,7.52M,-1.82%,7520000.0
09/02/21,114.6,109.51,115.03,109.51,15.76M,4.13%,15760000.0
08/02/21,110.05,109.47,110.99,108.81,9.55M,0.33%,9550000.0
05/02/21,109.69,107.49,111.52,107.49,5.34M,1.98%,5340000.0
04/02/21,107.56,107.09,108.39,106.38,5.36M,0.70%,5360000.0
03/02/21,106.81,103.2,107.14,101.97,9.65M,3.40%,9650000.0
02/02/21,103.3,102.1,107.53,102.1,10.20M,1.70%,10200000.0
29/01/21,101.57,106.09,106.09,100.9,12.38M,-4.58%,12380000.0
28/01/21,106.45,103.55,107.69,101.9,7.16M,2.57%,7160000.0
27/01/21,103.78,105.6,105.61,101.27,18.54M,-1.48%,18540000.0
26/01/21,105.34,105.71,106.28,103.03,11.51M,-0.41%,11510000.0
25/01/21,105.77,107.44,107.44,104.99,7.72M,-1.81%,7720000.0
22/01/21,107.72,109.32,109.32,104.79,14.51M,-1.22%,14510000.0
21/01/21,109.05,110.76,110.76,107.55,7.31M,-1.44%,7310000.0
20/01/21,110.64,115.29,115.29,110.11,10.56M,-3.83%,10560000.0
19/01/21,115.05,117.7,118.59,113.7,5.81M,-2.06%,5810000.0
18/01/21,117.47,116.53,117.89,116.01,2.14M,0.56%,2140000.0
15/01/21,116.82,117.51,118.0,116.0,10.55M,-1.53%,10550000.0
14/01/21,118.63,117.49,118.89,116.11,5.43M,1.38%,5430000.0
13/01/21,117.02,115.99,117.39,114.82,4.78M,1.28%,4780000.0
12/01/21,115.54,118.61,118.94,115.01,4.57M,-2.54%,4570000.0
11/01/21,118.55,117.01,118.91,116.4,5.40M,0.78%,5400000.0
08/01/21,117.63,117.59,118.98,116.44,7.74M,0.33%,7740000.0
07/01/21,117.24,111.79,117.53,111.76,6.68M,5.43%,6680000.0
06/01/21,111.2,109.0,112.89,108.0,5.44M,1.52%,5440000.0
05/01/21,109.54,111.64,112.49,108.65,4.91M,-1.68%,4910000.0
04/01/21,111.41,110.06,117.51,110.06,3.71M,1.35%,3710000.0
31/12/20,109.93,110.81,111.38,109.63,1.41M,-0.96%,1410000.0
30/12/20,110.99,114.29,114.99,110.49,4.41M,-2.49%,4410000.0
29/12/20,113.82,108.09,114.24,108.09,4.79M,5.16%,4790000.0
28/12/20,108.23,108.83,109.29,107.6,2.17M,-0.05%,2170000.0
24/12/20,108.28,110.95,110.97,108.12,1.95M,-1.85%,1950000.0
23/12/20,110.32,104.68,110.9,104.19,4.67M,5.73%,4670000.0
22/12/20,104.34,107.77,107.77,103.1,6.86M,-3.02%,6860000.0
21/12/20,107.59,108.31,109.71,107.44,3.60M,-0.73%,3600000.0
18/12/20,108.38,114.7,115.0,106.37,19.51M,-5.71%,19510000.0
17/12/20,114.94,109.64,115.0,109.25,9.40M,4.81%,9400000.0
16/12/20,109.67,108.33,110.12,106.81,5.04M,1.34%,5040000.0
15/12/20,108.22,111.09,111.51,108.05,4.23M,-2.31%,4230000.0
14/12/20,110.78,111.3,113.0,108.17,6.70M,-0.09%,6700000.0
11/12/20,110.88,112.68,112.68,109.13,7.17M,-1.65%,7170000.0
10/12/20,112.74,107.99,113.19,107.72,7.01M,4.60%,7010000.0
09/12/20,107.78,106.11,108.37,104.88,6.42M,1.29%,6420000.0
08/12/20,106.41,105.11,108.68,105.11,8.62M,0.61%,8620000.0
07/12/20,105.76,108.51,108.9,105.35,6.18M,-3.02%,6180000.0
04/12/20,109.05,111.24,113.41,107.79,7.79M,-1.49%,7790000.0
03/12/20,110.7,108.91,114.31,108.86,12.17M,1.04%,12170000.0
02/12/20,109.56,106.88,109.79,106.57,13.26M,2.45%,13260000.0
01/12/20,106.94,101.59,111.19,101.15,16.52M,5.68%,16520000.0
30/11/20,101.19,105.34,105.39,100.63,27.45M,-3.67%,27450000.0
27/11/20,105.05,108.89,109.09,104.5,3.11M,-3.07%,3110000.0
26/11/20,108.38,109.29,109.39,108.01,3.14M,-0.35%,3140000.0
25/11/20,108.76,114.51,114.96,108.52,7.88M,-5.52%,7880000.0
24/11/20,115.11,114.49,117.19,113.16,12.36M,0.81%,12360000.0
23/11/20,114.18,109.71,114.5,109.71,5.81M,3.92%,5810000.0
20/11/20,109.87,108.48,110.0,108.48,4.50M,1.11%,4500000.0
19/11/20,108.66,107.69,110.0,103.37,8.90M,0.83%,8900000.0
18/11/20,107.77,105.9,110.09,104.81,9.97M,1.77%,9970000.0
17/11/20,105.9,102.59,108.26,102.45,31.98M,4.43%,31980000.0
13/11/20,101.41,102.59,103.39,101.14,10.97M,-0.41%,10970000.0
12/11/20,101.83,107.74,108.24,101.5,18.93M,-6.16%,18930000.0
11/11/20,108.51,106.41,110.6,106.3,23.19M,2.47%,23190000.0
10/11/20,105.89,103.34,106.73,102.88,20.31M,2.84%,20310000.0
09/11/20,102.97,98.07,103.69,98.07,14.29M,5.89%,14290000.0
06/11/20,97.24,95.22,97.59,94.98,11.34M,1.90%,11340000.0
05/11/20,95.43,93.13,95.5,93.09,12.43M,2.76%,12430000.0
04/11/20,92.87,92.76,94.26,92.76,4.28M,0.12%,4280000.0
03/11/20,92.76,94.99,95.0,89.81,12.07M,-1.84%,12070000.0
30/10/20,94.5,89.34,94.98,89.34,14.01M,5.78%,14010000.0
29/10/20,89.34,89.28,89.85,89.06,7.52M,-0.47%,7520000.0
28/10/20,89.76,91.99,91.99,86.97,9.31M,-2.71%,9310000.0
27/10/20,92.26,93.43,93.89,91.91,10.25M,-1.53%,10250000.0
26/10/20,93.69,92.92,94.1,92.92,8.39M,0.44%,8390000.0
23/10/20,93.28,92.99,94.29,92.01,4.75M,0.41%,4750000.0
22/10/20,92.9,92.57,93.33,92.0,17.71M,0.61%,17710000.0
21/10/20,92.34,90.0,93.1,89.01,8.99M,2.87%,8990000.0
20/10/20,89.76,90.15,91.4,89.46,7.65M,-0.20%,7650000.0
19/10/20,89.94,89.67,90.79,89.42,8.93M,0.55%,8930000.0
16/10/20,89.45,88.31,90.63,88.13,20.43M,0.73%,20430000.0
15/10/20,88.8,86.51,88.9,86.27,10.43M,2.15%,10430000.0
14/10/20,86.93,86.35,87.17,85.63,5.57M,0.75%,5570000.0
13/10/20,86.28,86.61,87.23,86.01,4.14M,-0.88%,4139999.9999999995
12/10/20,87.05,85.84,87.29,84.61,5.67M,1.40%,5670000.0
09/10/20,85.85,83.81,86.2,83.51,2.28M,1.96%,2280000.0
08/10/20,84.2,80.04,84.44,79.83,7.80M,5.24%,7800000.0
07/10/20,80.01,78.3,80.19,78.21,5.47M,2.41%,5470000.0
06/10/20,78.13,76.39,78.5,75.5,5.57M,2.82%,5570000.0
05/10/20,75.99,76.99,77.6,75.51,3.60M,-0.55%,3600000.0
02/10/20,76.41,75.11,77.36,75.05,1.18M,0.83%,1180000.0
01/10/20,75.78,76.87,76.87,75.54,2.39M,-1.10%,2390000.0
30/09/20,76.62,75.7,77.39,75.7,6.01M,1.12%,6010000.0
29/09/20,75.77,77.37,77.37,75.0,6.21M,-1.58%,6210000.0
28/09/20,76.99,74.89,77.43,74.3,3.77M,3.65%,3770000.0
25/09/20,74.28,74.01,74.83,72.51,3.62M,-0.11%,3620000.0
24/09/20,74.36,73.16,74.7,72.7,3.68M,1.39%,3680000.0
23/09/20,73.34,74.99,75.09,73.0,5.23M,-1.58%,5230000.0
22/09/20,74.52,74.29,75.26,74.28,4.16M,0.17%,4160000.0
21/09/20,74.39,76.89,76.89,74.23,4.62M,-3.94%,4620000.0
18/09/20,77.44,75.36,78.49,75.25,16.74M,3.43%,16739999.999999998
17/09/20,74.87,77.9,78.49,74.13,7.88M,-3.67%,7880000.0
15/09/20,77.72,77.7,78.09,77.01,4.06M,0.21%,4059999.9999999995
14/09/20,77.56,75.79,77.87,75.61,4.51M,3.10%,4510000.0
11/09/20,75.23,75.24,76.02,74.64,12.54M,0.23%,12540000.0
10/09/20,75.06,74.15,75.37,73.11,6.64M,1.23%,6640000.0
09/09/20,74.15,74.59,74.88,73.63,3.41M,0.12%,3410000.0
08/09/20,74.06,75.01,75.01,72.2,4.86M,-1.50%,4860000.0
07/09/20,75.19,75.2,75.49,75.0,133.82K,0.63%,133820.0
04/09/20,74.72,73.73,75.55,72.67,3.99M,1.10%,3990000.0
03/09/20,73.91,74.5,76.0,73.59,6.89M,-1.16%,6890000.0
02/09/20,74.78,76.81,77.61,74.53,8.36M,-2.88%,8359999.999999999
01/09/20,77.0,75.85,79.08,75.85,5.77M,1.76%,5770000.0
31/08/20,75.67,78.05,78.71,75.1,15.53M,-3.37%,15530000.0
28/08/20,78.31,78.34,78.79,77.61,4.59M,-0.08%,4590000.0
27/08/20,78.37,78.28,78.64,77.65,4.68M,0.36%,4680000.0
26/08/20,78.09,78.99,79.79,77.91,3.54M,-1.11%,3540000.0
25/08/20,78.97,78.2,79.4,77.5,5.71M,0.93%,5710000.0
24/08/20,78.24,80.99,80.99,78.15,3.75M,-2.92%,3750000.0
21/08/20,80.59,83.47,83.47,80.0,3.86M,-3.66%,3860000.0
20/08/20,83.65,84.01,84.58,83.41,4.53M,-0.37%,4530000.0
19/08/20,83.96,84.14,85.0,83.33,5.89M,-0.43%,5890000.0
18/08/20,84.32,83.44,84.44,81.61,4.34M,1.85%,4340000.0
17/08/20,82.79,81.62,83.96,81.62,5.29M,0.78%,5290000.0
14/08/20,82.15,81.69,82.79,81.47,3.54M,0.28%,3540000.0
13/08/20,81.92,82.3,83.19,81.01,5.92M,-0.55%,5920000.0
12/08/20,82.37,80.96,82.69,80.13,5.07M,2.30%,5070000.0
11/08/20,80.52,78.89,80.96,78.81,4.25M,2.61%,4250000.0
10/08/20,78.47,78.81,79.79,78.22,4.92M,-0.95%,4920000.0
07/08/20,79.22,78.01,79.49,78.01,3.70M,1.42%,3700000.0
06/08/20,78.11,78.59,78.59,77.21,4.55M,-0.20%,4550000.0
05/08/20,78.27,77.53,78.92,77.31,7.29M,0.92%,7290000.0
04/08/20,77.56,79.81,80.31,76.47,7.10M,-3.36%,7100000.0
03/08/20,80.26,80.29,81.27,79.71,5.02M,0.45%,5020000.0
31/07/20,79.9,82.29,82.74,79.5,11.94M,-2.86%,11940000.0
30/07/20,82.25,83.31,84.69,82.01,8.59M,-2.36%,8590000.0
29/07/20,84.24,82.9,84.55,82.01,10.50M,1.62%,10500000.0
28/07/20,82.9,79.1,83.0,79.0,5.61M,4.58%,5610000.0
27/07/20,79.27,79.8,80.09,78.86,4.73M,-0.64%,4730000.0
24/07/20,79.78,78.4,79.88,77.76,3.50M,2.37%,3500000.0
23/07/20,77.93,79.24,79.44,77.76,4.68M,-1.45%,4680000.0
22/07/20,79.08,76.96,79.25,76.96,8.25M,3.33%,8250000.0
21/07/20,76.53,75.57,78.9,75.53,6.51M,1.67%,6510000.0
20/07/20,75.27,75.48,75.91,74.47,4.65M,-0.49%,4650000.0
17/07/20,75.64,78.33,78.34,75.25,4.71M,-3.40%,4710000.0
16/07/20,78.3,79.73,80.09,77.61,6.99M,-2.03%,6990000.0
15/07/20,79.92,80.03,81.59,79.17,6.18M,0.18%,6180000.0
14/07/20,79.78,79.6,80.09,79.6,6.86M,-0.40%,6860000.0
13/07/20,80.1,80.09,80.25,79.26,6.25M,0.89%,6250000.0
10/07/20,79.39,80.96,81.06,78.29,6.17M,-2.31%,6170000.0
09/07/20,81.27,81.13,82.09,80.91,5.30M,-0.60%,5300000.0
08/07/20,81.76,82.49,82.58,81.44,6.85M,-0.41%,6850000.0
07/07/20,82.1,80.99,82.49,80.84,5.46M,0.76%,5460000.0
06/07/20,81.48,81.49,81.78,80.04,6.32M,0.72%,6320000.0
03/07/20,80.9,80.66,81.28,80.1,1.25M,0.30%,1250000.0
02/07/20,80.66,80.4,82.15,80.31,6.65M,0.99%,6650000.0
01/07/20,79.87,79.53,80.29,78.14,4.88M,0.19%,4880000.0
30/06/20,79.72,78.2,81.89,78.0,12.61M,1.70%,12610000.0
29/06/20,78.39,79.8,79.89,77.39,7.40M,-0.90%,7400000.0
26/06/20,79.1,80.71,81.48,78.81,5.53M,-2.75%,5530000.0
25/06/20,81.34,81.88,82.49,81.01,4.83M,-0.73%,4830000.0
24/06/20,81.94,81.51,82.27,81.01,6.64M,-0.45%,6640000.0
23/06/20,82.31,83.19,84.39,81.5,5.20M,-0.28%,5200000.0
22/06/20,82.54,85.47,85.9,82.51,6.79M,-3.90%,6790000.0
19/06/20,85.89,81.84,86.71,81.84,23.92M,5.52%,23920000.0
18/06/20,81.4,83.0,83.35,81.2,9.40M,-2.48%,9400000.0
17/06/20,83.47,80.0,83.87,79.84,9.11M,4.95%,9110000.0
16/06/20,79.53,79.09,79.89,77.33,6.87M,2.09%,6870000.0
15/06/20,77.9,77.51,78.43,76.01,5.65M,-0.52%,5650000.0
12/06/20,78.31,75.63,78.76,75.61,7.63M,4.86%,7630000.0
11/06/20,74.68,80.76,80.76,73.94,7.90M,-8.51%,7900000.0
10/06/20,81.63,84.92,84.92,81.41,8.29M,-3.81%,8289999.999999999
09/06/20,84.86,85.39,85.39,80.53,12.32M,-0.25%,12320000.0
08/06/20,85.07,80.99,85.6,80.41,9.00M,5.76%,9000000.0
05/06/20,80.44,79.0,80.89,79.0,14.84M,2.85%,14840000.0
04/06/20,78.21,77.71,78.79,76.42,16.30M,0.94%,16300000.0
03/06/20,77.48,72.3,77.93,72.3,10.53M,7.45%,10530000.0
02/06/20,72.11,70.0,72.29,69.12,6.23M,3.40%,6230000.0
01/06/20,69.74,67.4,69.89,66.9,3.39M,3.70%,3390000.0
29/05/20,67.25,69.95,69.95,66.5,20.02M,-3.96%,20020000.0
28/05/20,70.02,71.05,71.86,69.66,8.80M,-1.45%,8800000.0
27/05/20,71.05,68.79,71.57,67.61,10.90M,3.95%,10900000.0
26/05/20,68.35,67.19,69.48,67.05,5.39M,2.72%,5390000.0
25/05/20,66.54,67.98,67.98,66.11,854.91K,-1.63%,854910.0
22/05/20,67.64,66.13,68.0,65.51,4.06M,2.33%,4059999.9999999995
21/05/20,66.1,66.34,66.9,65.01,8.84M,-0.38%,8840000.0
20/05/20,66.35,67.49,67.56,66.01,7.76M,-1.06%,7760000.0
19/05/20,67.06,68.61,69.05,66.0,16.84M,-2.85%,16840000.0
18/05/20,69.03,68.5,69.5,68.5,9.81M,2.30%,9810000.0
15/05/20,67.48,69.81,70.08,67.11,7.03M,-3.71%,7030000.0
14/05/20,70.08,69.0,70.69,67.06,7.17M,0.89%,7170000.0
13/05/20,69.46,72.31,72.59,69.14,7.24M,-4.65%,7240000.0
12/05/20,72.85,76.05,76.99,72.6,10.51M,-4.47%,10510000.0
11/05/20,76.26,75.51,77.03,73.71,7.51M,0.82%,7510000.0
08/05/20,75.64,70.74,76.18,70.74,8.23M,7.52%,8230000.0
07/05/20,70.35,69.42,70.57,68.45,6.65M,2.49%,6650000.0
06/05/20,68.64,68.92,69.69,67.89,7.29M,0.12%,7290000.0
05/05/20,68.56,67.72,70.02,67.72,9.31M,1.24%,9310000.0
04/05/20,67.72,65.5,67.9,63.4,9.55M,2.75%,9550000.0
30/04/20,65.91,65.81,66.12,64.71,10.85M,-0.15%,10850000.0
29/04/20,66.01,63.62,66.29,63.6,14.49M,4.35%,14490000.0
28/04/20,63.26,61.75,64.8,61.75,22.76M,2.48%,22760000.0
27/04/20,61.73,61.69,62.94,60.34,11.20M,1.00%,11200000.0
24/04/20,61.12,59.99,61.39,59.1,17.09M,3.47%,17090000.0
23/04/20,59.07,60.89,61.49,58.85,6.76M,-2.62%,6760000.0
22/04/20,60.66,60.09,61.26,60.0,9.84M,1.86%,9840000.0
21/04/20,59.55,61.23,61.31,59.05,9.54M,-3.15%,9540000.0
20/04/20,61.49,62.7,64.49,61.16,8.73M,-3.12%,8730000.0
17/04/20,63.47,60.69,64.5,60.69,10.77M,5.92%,10770000.0
16/04/20,59.92,59.0,61.97,58.01,15.61M,0.52%,15610000.0
15/04/20,59.61,63.81,64.0,59.41,16.07M,-7.51%,16070000.0
14/04/20,64.45,67.0,67.49,63.21,8.97M,-3.33%,8970000.0
13/04/20,66.67,67.49,67.79,66.21,16.72M,-0.73%,16719999.999999998
08/04/20,67.16,67.59,67.81,66.56,20.23M,0.63%,20230000.0
07/04/20,66.74,67.4,70.39,66.1,8.56M,0.06%,8560000.0
06/04/20,66.7,62.89,68.26,62.83,11.58M,8.40%,11580000.0
03/04/20,61.53,62.62,64.5,60.29,8.60M,-1.58%,8600000.0
02/04/20,62.52,60.74,63.96,60.74,16.33M,3.17%,16329999.999999998
01/04/20,60.6,63.01,65.29,60.0,20.86M,-6.77%,20860000.0
31/03/20,65.0,64.24,68.14,64.0,11.43M,1.31%,11430000.0
30/03/20,64.16,63.9,64.47,63.13,7.76M,1.62%,7760000.0
27/03/20,63.14,68.92,68.92,62.78,17.72M,-11.54%,17720000.0
26/03/20,71.38,72.57,76.41,71.01,11.48M,-1.88%,11480000.0
25/03/20,72.75,69.99,76.39,69.52,9.05M,4.83%,9050000.0
24/03/20,69.4,67.0,70.43,66.99,13.67M,7.70%,13670000.0
23/03/20,64.44,66.24,66.99,60.0,11.05M,-3.43%,11050000.0
20/03/20,66.73,70.4,71.59,66.25,21.86M,-5.08%,21860000.0
19/03/20,70.3,73.5,73.5,66.04,14.55M,-4.12%,14550000.0
18/03/20,73.32,76.31,76.65,73.11,11.36M,-6.88%,11360000.0
17/03/20,78.74,85.0,86.5,77.0,21.38M,-13.45%,21380000.0
13/03/20,90.98,88.1,92.29,88.1,16.60M,6.52%,16600000.000000002
12/03/20,85.41,88.5,89.97,77.66,17.45M,-5.13%,17450000.0
11/03/20,90.03,94.31,94.32,89.2,13.57M,-5.04%,13570000.0
10/03/20,94.81,93.79,95.29,92.41,9.76M,2.04%,9760000.0
09/03/20,92.91,99.98,99.98,92.41,9.45M,-9.30%,9450000.0
06/03/20,102.44,105.7,105.7,100.7,8.95M,-3.89%,8950000.0
05/03/20,106.59,112.1,112.1,105.5,5.99M,-5.14%,5990000.0
04/03/20,112.37,111.59,112.79,111.58,4.37M,1.23%,4370000.0
03/03/20,111.01,112.09,114.29,110.03,7.96M,-0.68%,7960000.0
02/03/20,111.77,106.9,112.43,106.9,8.75M,4.81%,8750000.0
28/02/20,106.64,107.71,108.05,103.0,13.23M,-1.79%,13230000.0
27/02/20,108.58,111.81,111.88,106.1,9.39M,-3.35%,9390000.0
26/02/20,112.34,113.0,113.03,111.81,7.99M,-0.22%,7990000.0
25/02/20,112.59,113.2,113.43,111.91,5.56M,-0.28%,5560000.0
24/02/20,112.91,114.61,115.5,111.06,8.55M,-2.09%,8550000.0
21/02/20,115.32,116.06,116.09,115.01,3.01M,-0.66%,3010000.0
20/02/20,116.09,116.25,117.18,115.0,6.12M,-0.39%,6120000.0
19/02/20,116.54,116.29,116.99,115.64,6.21M,0.50%,6210000.0
18/02/20,115.96,116.41,116.54,115.61,3.35M,-0.80%,3350000.0
17/02/20,116.89,115.29,117.05,115.19,404.20K,1.68%,404200.0
14/02/20,114.96,116.21,116.3,114.56,4.58M,-0.92%,4580000.0
13/02/20,116.03,117.0,117.38,114.65,3.79M,-0.93%,3790000.0
12/02/20,117.12,115.29,117.57,115.06,5.81M,1.78%,5810000.0
11/02/20,115.07,114.29,118.32,114.29,5.36M,0.97%,5360000.0
10/02/20,113.97,113.98,114.17,112.01,4.02M,0.03%,4019999.9999999995
07/02/20,113.94,115.9,116.08,113.02,7.27M,-1.69%,7270000.0
06/02/20,115.9,116.59,116.89,115.71,10.15M,-0.15%,10150000.0
05/02/20,116.07,117.09,117.49,115.91,5.19M,-0.27%,5190000.0
04/02/20,116.39,117.01,118.61,115.21,9.61M,0.26%,9610000.0
31/01/20,116.09,116.39,116.59,115.21,17.49M,0.04%,17490000.0
30/01/20,116.04,116.0,116.59,114.91,11.60M,0.26%,11600000.0
29/01/20,115.74,113.79,116.0,113.35,6.85M,1.93%,6850000.0
28/01/20,113.55,113.5,113.79,113.0,5.70M,0.21%,5700000.0
27/01/20,113.31,114.54,114.54,112.9,8.12M,-0.99%,8119999.999999999
24/01/20,114.44,112.74,114.71,112.02,6.75M,0.87%,6750000.0
23/01/20,113.45,113.52,113.69,112.03,11.68M,-0.67%,11680000.0
22/01/20,114.22,113.49,114.6,113.45,6.13M,0.89%,6130000.0
21/01/20,113.21,113.02,113.76,111.91,6.38M,-0.19%,6380000.0
20/01/20,113.42,112.45,113.89,111.81,1.76M,0.61%,1760000.0
17/01/20,112.73,111.49,113.2,111.34,5.34M,1.52%,5340000.0
16/01/20,111.04,108.4,111.4,107.5,6.09M,2.94%,6090000.0
15/01/20,107.87,108.21,111.19,107.21,10.36M,-1.02%,10360000.0
14/01/20,108.98,109.91,110.49,107.93,5.27M,-0.92%,5270000.0
13/01/20,109.99,110.06,110.54,108.77,3.93M,0.04%,3930000.0
10/01/20,109.95,112.53,113.37,109.71,7.90M,-2.54%,7900000.0
09/01/20,112.81,109.39,113.15,109.39,8.70M,3.70%,8700000.0
08/01/20,108.78,106.87,109.5,106.76,5.92M,1.78%,5920000.0
07/01/20,106.88,110.15,110.39,106.51,3.76M,-2.85%,3760000.0
06/01/20,110.01,109.31,110.22,108.61,3.20M,0.05%,3200000.0
03/01/20,109.96,109.01,111.08,108.61,2.69M,0.27%,2690000.0
02/01/20,109.66,106.39,109.99,106.33,1.98M,3.80%,1980000.0
31/12/19,105.65,105.93,106.97,105.3,2.32M,0.62%,2320000.0
30/12/19,105.0,109.69,109.69,103.51,2.62M,-3.60%,2620000.0
27/12/19,108.92,109.98,110.07,108.52,3.02M,-0.65%,3020000.0
26/12/19,109.63,110.2,110.25,109.02,1.58M,-0.52%,1580000.0
24/12/19,110.2,110.56,110.56,109.9,199.23K,-0.14%,199230.0
23/12/19,110.36,109.58,110.59,108.93,3.32M,1.50%,3320000.0
20/12/19,108.73,111.49,112.61,108.5,13.73M,-2.13%,13730000.0
19/12/19,111.1,116.79,116.79,110.81,9.32M,-4.65%,9320000.0
18/12/19,116.52,116.0,117.38,115.57,18.65M,-0.07%,18650000.0
17/12/19,116.6,114.23,116.88,113.31,12.18M,2.37%,12180000.0
16/12/19,113.9,110.48,114.29,109.71,10.21M,3.35%,10210000.0
13/12/19,110.21,106.59,110.69,106.55,9.90M,3.72%,9900000.0
11/12/19,106.26,103.13,106.45,103.05,5.96M,2.81%,5960000.0
10/12/19,103.36,100.98,103.53,100.23,6.85M,2.77%,6850000.0
09/12/19,100.57,99.72,102.29,99.59,4.90M,0.69%,4900000.0
06/12/19,99.88,101.15,101.77,99.6,4.61M,-1.18%,4610000.0
05/12/19,101.07,100.95,101.59,100.62,4.54M,-0.03%,4540000.0
04/12/19,101.1,100.98,101.52,100.5,4.64M,0.55%,4640000.0
03/12/19,100.55,100.12,101.39,99.6,2.35M,0.20%,2350000.0
02/12/19,100.35,103.28,103.3,100.09,4.79M,-2.52%,4790000.0
29/11/19,102.94,103.99,104.15,102.61,2.04M,-0.76%,2040000.0
28/11/19,103.73,103.44,103.95,102.71,568.53K,0.30%,568530.0
27/11/19,103.42,102.53,103.77,101.91,2.68M,1.48%,2680000.0
26/11/19,101.91,106.46,106.46,101.46,14.22M,-4.50%,14220000.0
25/11/19,106.71,107.29,108.21,106.56,3.83M,-0.43%,3830000.0
22/11/19,107.17,106.68,107.38,106.11,3.19M,0.40%,3190000.0
21/11/19,106.74,105.73,107.0,104.05,3.88M,0.84%,3880000.0
20/11/19,105.85,105.74,106.26,104.91,4.21M,0.00%,4210000.0
19/11/19,105.85,102.61,106.0,102.61,6.40M,2.68%,6400000.0
15/11/19,103.09,99.3,103.41,99.3,9.62M,4.03%,9620000.0
14/11/19,99.1,99.59,99.79,98.12,7.46M,-0.24%,7460000.0
13/11/19,99.34,99.49,100.0,99.01,11.08M,-0.43%,11080000.0
12/11/19,99.77,102.46,102.46,99.56,3.62M,-2.78%,3620000.0
11/11/19,102.62,102.51,103.48,102.32,3.58M,-0.32%,3580000.0
08/11/19,102.95,105.02,105.79,102.58,2.62M,-2.36%,2620000.0
07/11/19,105.44,104.28,105.77,104.08,4.66M,1.39%,4660000.0
06/11/19,103.99,104.09,104.44,103.11,3.37M,0.13%,3370000.0
05/11/19,103.85,103.8,104.19,102.51,5.62M,-0.20%,5620000.0
04/11/19,104.06,105.48,106.79,103.71,3.37M,-1.35%,3370000.0
01/11/19,105.48,105.26,105.99,104.51,7.96M,0.46%,7960000.0
31/10/19,105.0,102.99,105.32,102.41,7.18M,1.92%,7180000.0
30/10/19,103.02,101.89,103.38,101.51,5.09M,1.55%,5090000.0
29/10/19,101.45,103.03,104.85,101.1,4.91M,-1.59%,4910000.0
28/10/19,103.09,102.05,103.49,102.01,6.21M,1.39%,6210000.0
25/10/19,101.68,111.76,111.76,101.31,11.65M,-9.08%,11650000.0
24/10/19,111.84,109.99,112.36,109.92,6.88M,1.85%,6880000.0
23/10/19,109.81,108.03,109.98,107.48,4.86M,1.87%,4860000.0
22/10/19,107.79,107.19,108.48,107.02,5.26M,0.75%,5260000.0
21/10/19,106.99,107.59,108.99,106.83,2.76M,-0.06%,2760000.0
18/10/19,107.05,108.01,109.82,106.56,5.97M,-1.25%,5970000.0
17/10/19,108.4,108.6,108.87,107.31,4.95M,-0.03%,4950000.0
16/10/19,108.43,110.48,111.06,107.94,5.57M,-1.86%,5570000.0
15/10/19,110.48,110.68,111.19,110.01,4.57M,-0.15%,4570000.0
14/10/19,110.65,108.54,110.99,108.54,3.27M,1.28%,3270000.0
11/10/19,109.25,108.59,111.0,108.3,5.14M,1.22%,5140000.0
10/10/19,107.93,105.73,108.45,105.73,5.00M,1.83%,5000000.0
09/10/19,105.99,106.31,107.29,105.33,4.92M,0.17%,4920000.0
08/10/19,105.81,110.5,110.62,105.51,9.37M,-3.84%,9370000.0
07/10/19,110.03,109.62,110.89,109.57,4.88M,-0.35%,4880000.0
04/10/19,110.42,108.17,110.58,108.11,5.16M,2.04%,5160000.0
03/10/19,108.21,104.0,108.39,104.0,4.23M,3.93%,4230000.0
02/10/19,104.12,105.71,106.28,103.95,4.87M,-1.95%,4870000.0
01/10/19,106.19,105.87,106.75,105.81,3.23M,0.11%,3230000.0
30/09/19,106.07,106.21,106.99,105.91,5.60M,-0.76%,5600000.0
27/09/19,106.88,107.0,107.17,106.11,3.50M,0.07%,3500000.0
26/09/19,106.8,105.3,106.89,104.71,6.55M,1.71%,6550000.0
25/09/19,105.0,106.7,106.8,104.51,9.65M,-1.33%,9650000.0
24/09/19,106.42,108.87,109.47,105.62,8.29M,-2.59%,8289999.999999999
23/09/19,109.25,109.4,109.99,109.1,3.38M,-0.12%,3380000.0
20/09/19,109.38,108.5,110.89,107.92,40.40M,1.02%,40400000.0
19/09/19,108.28,108.88,109.39,108.01,2.70M,-0.07%,2700000.0
18/09/19,108.36,110.8,110.96,107.61,7.58M,-2.34%,7580000.0
17/09/19,110.96,107.26,111.17,106.91,7.52M,3.58%,7520000.0
13/09/19,107.13,108.75,108.75,107.0,3.94M,-1.04%,3940000.0
12/09/19,108.26,111.82,111.94,107.6,5.34M,-2.71%,5340000.0
11/09/19,111.27,109.3,111.91,109.01,6.45M,1.74%,6450000.0
10/09/19,109.37,109.05,109.59,108.11,4.46M,0.28%,4460000.0
09/09/19,109.07,108.49,109.5,108.31,4.99M,0.69%,4990000.0
06/09/19,108.32,108.49,109.94,107.96,6.30M,0.05%,6300000.0
05/09/19,108.27,107.49,108.5,106.8,5.61M,1.18%,5610000.0
04/09/19,107.01,105.6,107.47,105.03,8.94M,1.50%,8940000.0
03/09/19,105.43,106.1,106.19,104.52,8.11M,-0.54%,8109999.999999999
02/09/19,106.0,107.5,107.59,102.91,2.01M,-1.69%,2009999.9999999998
30/08/19,107.82,105.8,108.2,105.31,12.62M,2.02%,12620000.0
29/08/19,105.68,103.4,107.5,103.37,9.79M,2.52%,9790000.0
28/08/19,103.08,103.5,104.19,102.98,7.33M,-0.83%,7330000.0
27/08/19,103.94,103.33,104.09,103.15,17.18M,0.69%,17180000.0
26/08/19,103.23,102.5,103.69,102.5,7.80M,1.20%,7800000.0
23/08/19,102.01,101.81,102.59,101.5,8.47M,-0.12%,8470000.0
22/08/19,102.13,99.36,102.59,99.35,14.66M,2.14%,14660000.0
21/08/19,99.99,99.54,100.49,98.51,6.35M,0.72%,6350000.0
20/08/19,99.28,99.28,99.79,97.91,3.97M,0.25%,3970000.0
19/08/19,99.03,97.64,99.49,97.62,7.73M,1.51%,7730000.0
16/08/19,97.56,94.99,99.11,94.21,10.62M,3.21%,10620000.0
15/08/19,94.53,94.01,95.49,92.21,5.82M,0.17%,5820000.0
14/08/19,94.37,95.71,95.78,92.8,8.27M,-1.72%,8270000.0
13/08/19,96.02,97.21,98.0,95.95,8.05M,-1.37%,8050000.000000001
12/08/19,97.35,97.01,98.55,96.81,5.13M,-0.07%,5130000.0
09/08/19,97.42,95.71,97.94,95.71,5.07M,1.35%,5070000.0
08/08/19,96.12,95.8,97.88,95.8,4.59M,0.11%,4590000.0
07/08/19,96.01,94.11,96.23,93.77,10.83M,1.18%,10830000.0
06/08/19,94.89,91.01,95.16,91.01,10.29M,4.47%,10290000.0
05/08/19,90.83,90.91,92.32,89.91,7.13M,-0.69%,7130000.0
02/08/19,91.46,92.34,92.57,88.72,7.59M,-1.20%,7590000.0
01/08/19,92.57,96.42,96.64,92.4,6.73M,-4.05%,6730000.0
31/07/19,96.48,98.04,99.0,95.87,13.15M,-1.35%,13150000.0
30/07/19,97.8,95.93,98.09,95.56,4.98M,2.09%,4980000.0
29/07/19,95.8,95.53,96.78,95.53,7.80M,0.78%,7800000.0
26/07/19,95.06,98.24,98.69,94.72,7.97M,-3.00%,7970000.0
25/07/19,98.0,99.96,100.0,97.14,5.79M,-2.21%,5790000.0
24/07/19,100.21,98.07,100.45,97.82,5.67M,2.52%,5670000.0
23/07/19,97.75,100.07,100.07,97.3,10.49M,-2.56%,10490000.0
22/07/19,100.32,101.99,101.99,99.7,5.20M,0.03%,5200000.0
19/07/19,100.29,101.0,101.77,99.8,8.44M,-0.12%,8440000.0
18/07/19,100.41,103.43,103.61,99.61,11.04M,-2.95%,11040000.0
17/07/19,103.46,106.48,107.24,103.15,7.90M,-3.42%,7900000.0
16/07/19,107.12,108.47,109.2,105.51,5.76M,-1.47%,5760000.0
15/07/19,108.72,106.15,109.98,105.77,5.00M,2.46%,5000000.0
12/07/19,106.11,105.39,106.39,104.71,3.53M,0.63%,3530000.0
11/07/19,105.45,105.21,106.0,104.53,5.77M,0.62%,5770000.0
10/07/19,104.8,109.47,109.47,104.48,7.50M,-3.17%,7500000.0
09/07/19,108.23,112.2,113.28,108.01,8.99M,-4.02%,8990000.0
08/07/19,112.76,111.31,113.44,111.11,3.41M,0.62%,3410000.0
05/07/19,112.06,111.41,112.19,110.71,2.39M,0.34%,2390000.0
04/07/19,111.68,112.43,112.47,111.47,539.27K,-0.67%,539270.0
03/07/19,112.43,111.58,112.68,110.51,3.00M,0.97%,3000000.0
02/07/19,111.35,111.89,111.99,110.33,4.31M,0.07%,4310000.0
01/07/19,111.27,111.11,111.99,110.35,3.46M,-0.08%,3460000.0
28/06/19,111.36,111.51,112.39,111.01,7.83M,-0.66%,7830000.0
27/06/19,112.1,112.36,112.5,111.35,5.31M,0.02%,5310000.0
26/06/19,112.08,111.0,112.42,110.5,4.73M,0.89%,4730000.0
25/06/19,111.09,110.01,111.59,110.0,4.55M,0.09%,4550000.0
24/06/19,110.99,110.31,111.2,109.11,3.87M,0.86%,3870000.0
21/06/19,110.04,107.71,110.68,107.71,14.81M,1.79%,14810000.0
20/06/19,108.1,107.09,109.0,106.87,8.39M,1.30%,8390000.0
19/06/19,106.71,107.38,107.72,106.41,4.26M,-0.38%,4260000.0
18/06/19,107.12,107.65,109.14,106.76,4.34M,-0.49%,4340000.0
17/06/19,107.65,105.61,109.19,105.51,4.99M,1.37%,4990000.0
14/06/19,106.2,106.14,106.49,105.21,3.99M,-0.27%,3990000.0
13/06/19,106.49,105.43,106.89,105.27,5.31M,1.35%,5310000.0
12/06/19,105.07,107.34,107.34,104.8,6.25M,-1.68%,6250000.0
11/06/19,106.86,107.66,107.72,106.02,4.31M,-0.35%,4310000.0
10/06/19,107.24,103.49,107.51,103.49,10.83M,5.19%,10830000.0
07/06/19,101.95,103.63,103.65,100.71,6.79M,-1.49%,6790000.0
06/06/19,103.49,104.4,106.02,103.28,6.98M,-2.47%,6980000.0
05/06/19,106.11,104.9,106.48,103.39,6.82M,-1.02%,6820000.0
04/06/19,107.2,107.9,108.65,107.01,6.39M,0.24%,6390000.0
03/06/19,106.94,106.9,108.32,106.14,9.67M,0.33%,9670000.0
31/05/19,106.59,110.95,110.95,105.98,16.47M,-6.03%,16469999.999999998
30/05/19,113.43,110.8,113.68,110.32,5.13M,2.36%,5130000.0
29/05/19,110.82,107.01,111.49,107.01,7.07M,3.36%,7070000.0
28/05/19,107.22,107.35,109.45,106.34,16.33M,-0.05%,16329999.999999998
27/05/19,107.27,107.98,107.98,107.0,1.51M,-0.21%,1510000.0
24/05/19,107.5,109.56,109.57,106.48,3.81M,-1.62%,3810000.0
23/05/19,109.27,108.83,109.8,108.01,4.45M,0.16%,4450000.0
22/05/19,109.1,109.42,109.79,107.3,5.48M,-0.30%,5480000.0
21/05/19,109.43,111.57,111.89,109.01,5.74M,-1.33%,5740000.0
20/05/19,110.9,111.53,112.54,110.61,3.79M,-0.78%,3790000.0
17/05/19,111.77,110.99,112.29,110.81,5.35M,0.47%,5350000.0
16/05/19,111.25,111.36,112.59,110.81,5.13M,-0.32%,5130000.0
15/05/19,111.61,111.51,112.73,111.31,8.48M,-0.45%,8480000.0
14/05/19,112.12,111.75,112.69,111.07,6.04M,0.08%,6040000.0
13/05/19,112.03,112.81,112.81,110.2,4.38M,-1.28%,4380000.0
10/05/19,113.48,110.75,114.19,109.5,5.36M,2.24%,5360000.0
09/05/19,110.99,113.32,113.6,110.74,5.76M,-2.74%,5760000.0
08/05/19,114.12,113.32,115.24,110.8,10.05M,0.48%,10050000.0
07/05/19,113.58,115.61,116.79,113.5,3.30M,-2.17%,3300000.0
06/05/19,116.1,114.21,117.69,114.0,2.86M,1.04%,2860000.0
03/05/19,114.9,114.22,115.29,114.11,9.54M,0.60%,9540000.0
02/05/19,114.22,119.65,119.66,113.33,9.42M,-4.68%,9420000.0
30/04/19,119.83,123.01,123.43,115.08,10.12M,-3.12%,10120000.0
29/04/19,123.69,121.71,124.19,121.36,3.46M,1.32%,3460000.0
26/04/19,122.08,122.44,122.89,121.11,4.41M,-0.05%,4410000.0
25/04/19,122.14,122.13,122.59,120.85,6.75M,0.25%,6750000.0
24/04/19,121.83,123.33,123.79,119.41,7.11M,-1.02%,7110000.0
23/04/19,123.08,123.0,123.49,122.21,5.46M,-0.06%,5460000.0
22/04/19,123.16,122.22,123.48,122.11,4.36M,0.20%,4360000.0
17/04/19,122.92,117.6,123.18,117.57,10.55M,4.50%,10550000.0
16/04/19,117.63,117.93,118.96,116.21,6.21M,-0.50%,6210000.0
15/04/19,118.22,120.32,120.32,117.57,3.87M,-1.92%,3870000.0
12/04/19,120.53,118.31,121.0,118.31,7.36M,2.96%,7360000.0
11/04/19,117.06,117.04,117.8,113.41,5.78M,0.02%,5780000.0
10/04/19,117.04,118.77,118.77,116.87,13.46M,-1.32%,13460000.0
09/04/19,118.6,117.61,119.0,117.31,8.77M,-0.19%,8770000.0
08/04/19,118.83,115.99,119.5,115.51,11.38M,2.31%,11380000.0
05/04/19,116.15,113.4,117.69,113.37,12.43M,3.01%,12430000.0
04/04/19,112.76,108.13,114.92,108.13,12.88M,3.50%,12880000.0
03/04/19,108.95,107.89,109.09,106.81,5.03M,1.35%,5030000.0
02/04/19,107.5,105.51,107.76,105.51,4.99M,1.22%,4990000.0
01/04/19,106.2,106.09,107.49,105.62,7.40M,0.63%,7400000.0
29/03/19,105.54,106.77,107.19,105.01,5.49M,-0.49%,5490000.0
28/03/19,106.06,105.4,106.51,104.38,4.51M,0.60%,4510000.0
27/03/19,105.43,105.5,106.1,104.31,5.12M,0.24%,5120000.0
26/03/19,105.18,104.86,106.14,104.21,6.74M,0.17%,6740000.0
25/03/19,105.0,101.81,105.28,101.8,4.29M,3.71%,4290000.0
22/03/19,101.24,104.71,105.89,100.02,5.82M,-4.00%,5820000.0
21/03/19,105.46,104.61,105.69,103.81,5.77M,0.12%,5770000.0
20/03/19,105.33,102.6,107.49,101.21,8.52M,2.65%,8520000.0
19/03/19,102.61,101.25,103.39,100.82,10.10M,1.80%,10100000.0
15/03/19,100.8,99.71,102.0,99.71,18.01M,1.10%,18010000.0
14/03/19,99.7,98.74,100.5,97.63,4.13M,0.58%,4130000.0
13/03/19,99.13,98.3,99.19,98.03,4.87M,1.24%,4870000.0
12/03/19,97.92,99.35,99.89,97.86,7.10M,-1.16%,7100000.0
11/03/19,99.07,98.39,99.49,97.93,5.16M,1.25%,5160000.0
08/03/19,97.85,100.0,100.0,97.51,9.17M,-3.01%,9170000.0
07/03/19,100.89,103.5,103.5,100.62,3.72M,-2.40%,3720000.0
06/03/19,103.37,106.99,108.56,102.98,11.06M,-3.07%,11060000.0
05/03/19,106.64,105.71,107.04,105.65,6.61M,0.53%,6610000.0
04/03/19,106.08,105.75,106.46,104.01,4.64M,0.30%,4640000.0
01/03/19,105.76,104.99,106.52,102.95,9.28M,0.87%,9280000.0
28/02/19,104.85,103.37,105.23,101.56,10.82M,1.19%,10820000.0
27/02/19,103.62,104.97,105.79,102.02,7.99M,-1.53%,7990000.0
26/02/19,105.23,106.75,108.19,104.44,7.86M,-1.66%,7860000.0
25/02/19,107.01,107.23,108.5,106.43,7.93M,0.00%,7930000.0
22/02/19,107.01,105.55,107.4,104.83,4.78M,1.44%,4780000.0
21/02/19,105.49,102.17,105.75,102.17,4.19M,3.02%,4190000.0000000005
20/02/19,102.4,102.21,104.43,101.99,5.89M,-0.56%,5890000.0
19/02/19,102.98,103.81,104.0,101.91,7.98M,-0.77%,7980000.0
18/02/19,103.78,101.45,104.49,100.84,3.35M,2.94%,3350000.0
15/02/19,100.82,100.88,101.9,100.5,8.43M,0.48%,8430000.0
14/02/19,100.34,101.87,101.99,99.68,7.59M,-1.02%,7590000.0
13/02/19,101.37,105.69,105.99,101.0,5.62M,-3.80%,5620000.0
12/02/19,105.37,105.08,106.19,104.39,7.58M,0.23%,7580000.0
11/02/19,105.13,104.58,105.98,104.01,4.71M,0.53%,4710000.0
08/02/19,104.58,105.39,105.66,103.51,4.46M,-0.52%,4460000.0
07/02/19,105.13,106.61,107.89,104.57,5.72M,-1.68%,5720000.0
06/02/19,106.93,107.91,107.98,106.31,10.25M,-0.67%,10250000.0
05/02/19,107.65,105.0,107.79,105.0,16.83M,2.40%,16830000.0
01/02/19,105.13,106.79,106.81,104.71,5.23M,-0.97%,5230000.0
31/01/19,106.16,107.09,107.29,105.49,8.06M,-0.64%,8060000.000000001
30/01/19,106.84,107.99,109.79,104.62,5.43M,-0.85%,5430000.0
29/01/19,107.76,107.2,107.89,105.71,8.11M,0.60%,8109999.999999999
28/01/19,107.12,107.93,108.39,106.41,7.56M,-1.00%,7560000.0
25/01/19,108.2,108.85,108.95,107.71,12.19M,-0.85%,12190000.0
24/01/19,109.13,108.98,110.0,107.91,11.71M,0.43%,11710000.0
23/01/19,108.66,107.69,110.01,107.01,9.06M,1.40%,9060000.0
22/01/19,107.16,108.25,108.49,106.79,7.31M,-0.79%,7310000.0
21/01/19,108.01,109.36,109.57,107.16,4.90M,-0.99%,4900000.0
18/01/19,109.09,107.33,109.5,107.33,11.45M,2.56%,11450000.0
17/01/19,106.37,103.32,106.64,103.3,12.80M,2.61%,12800000.0
16/01/19,103.66,101.51,103.87,101.51,10.43M,1.60%,10430000.0
15/01/19,102.03,103.33,103.58,100.62,7.90M,-1.02%,7900000.0
14/01/19,103.08,106.22,106.25,102.81,8.55M,-3.19%,8550000.0
11/01/19,106.48,103.86,106.9,103.5,13.20M,2.77%,13200000.0
10/01/19,103.61,100.09,104.21,99.02,9.00M,3.92%,9000000.0
09/01/19,99.7,97.4,101.49,97.38,10.71M,2.64%,10710000.0
08/01/19,97.14,95.26,97.84,95.24,10.22M,2.73%,10220000.0
07/01/19,94.56,95.32,95.59,94.11,6.77M,-1.04%,6770000.0
04/01/19,95.55,96.4,97.04,95.2,6.61M,-1.13%,6610000.0
03/01/19,96.64,97.98,98.25,95.71,8.39M,-1.61%,8390000.0
02/01/19,98.22,95.97,98.72,95.3,3.84M,2.55%,3840000.0
31/12/18,95.78,93.3,95.99,93.03,2.82M,2.24%,2820000.0
28/12/18,93.68,93.2,94.53,92.9,2.25M,0.12%,2250000.0
27/12/18,93.57,93.97,95.49,92.5,2.93M,-0.87%,2930000.0
26/12/18,94.39,92.83,95.09,92.83,2.19M,1.71%,2190000.0
24/12/18,92.8,93.51,94.49,92.61,1.53M,-1.10%,1530000.0
21/12/18,93.83,92.31,94.35,90.5,9.67M,1.10%,9670000.0
20/12/18,92.81,95.79,95.79,92.37,5.36M,-2.70%,5360000.0
19/12/18,95.39,92.78,97.72,91.81,9.41M,3.07%,9410000.0
18/12/18,92.55,88.65,93.09,88.5,6.04M,4.48%,6040000.0
17/12/18,88.58,91.65,93.28,88.3,5.00M,-3.70%,5000000.0
14/12/18,91.98,91.79,93.89,91.01,5.68M,0.33%,5680000.0
13/12/18,91.68,89.91,96.96,89.91,9.59M,1.20%,9590000.0
11/12/18,90.59,93.76,94.56,89.85,8.48M,-2.75%,8480000.0
10/12/18,93.15,96.69,96.69,92.72,7.00M,-2.81%,7000000.0
07/12/18,95.84,98.13,99.19,95.6,7.41M,-2.57%,7410000.0
06/12/18,98.37,96.71,98.6,96.29,13.03M,1.01%,13030000.0
05/12/18,97.39,98.86,99.09,96.5,8.18M,-1.49%,8180000.0
04/12/18,98.86,97.98,99.09,97.39,18.66M,1.56%,18660000.0
03/12/18,97.34,94.52,98.0,94.51,23.46M,4.50%,23460000.0
30/11/18,93.15,91.9,93.9,91.7,25.50M,1.33%,25500000.0
29/11/18,91.93,90.7,92.2,90.42,24.53M,1.47%,24530000.0
28/11/18,90.6,85.37,92.84,84.5,24.09M,6.70%,24090000.0
27/11/18,84.91,84.01,87.89,84.01,18.67M,1.53%,18670000.0
26/11/18,83.63,97.0,97.0,82.77,16.84M,-12.95%,16840000.0
23/11/18,96.07,97.39,97.87,95.51,4.28M,-0.96%,4280000.0
22/11/18,97.0,97.0,97.67,96.01,1.76M,0.32%,1760000.0
21/11/18,96.69,98.48,99.42,95.96,7.06M,-0.79%,7060000.0
20/11/18,97.46,97.51,101.09,97.21,11.85M,-0.79%,11850000.0
16/11/18,98.24,96.0,99.29,95.95,9.41M,1.86%,9410000.0
15/11/18,96.45,99.99,99.99,95.51,7.29M,-4.01%,7290000.0
14/11/18,100.48,98.1,101.99,98.1,12.67M,3.01%,12670000.0
13/11/18,97.54,98.74,98.74,96.4,10.33M,-1.22%,10330000.0
12/11/18,98.74,104.09,104.09,95.5,14.31M,-6.33%,14310000.0
09/11/18,105.41,109.01,112.28,94.09,34.49M,-1.43%,34490000.0
08/11/18,106.94,121.02,121.88,106.01,22.56M,-11.90%,22560000.0
07/11/18,121.39,122.28,122.99,121.02,9.31M,-0.33%,9310000.0
06/11/18,121.79,123.49,124.97,120.98,9.10M,-1.58%,9100000.0
05/11/18,123.74,118.71,124.09,118.71,19.86M,4.25%,19860000.0
01/11/18,118.69,112.03,121.75,111.74,18.52M,6.20%,18520000.0
31/10/18,111.76,110.89,112.79,110.55,22.51M,1.55%,22510000.0
30/10/18,110.05,115.0,115.0,108.48,24.83M,-4.46%,24830000.0
29/10/18,115.19,125.96,125.96,112.67,15.39M,-8.55%,15390000.0
26/10/18,125.96,127.1,127.91,125.37,10.66M,-1.53%,10660000.0
25/10/18,127.92,126.89,129.44,126.83,11.09M,1.25%,11090000.0
24/10/18,126.34,129.5,129.66,125.81,5.88M,-1.89%,5880000.0
23/10/18,128.77,131.21,131.5,128.52,9.37M,-2.34%,9370000.0
22/10/18,131.86,133.49,133.49,131.21,4.30M,-0.98%,4300000.0
19/10/18,133.16,131.98,133.79,131.18,7.64M,1.79%,7640000.0
18/10/18,130.82,132.85,133.38,130.51,7.12M,-1.64%,7120000.0
17/10/18,133.0,132.5,133.19,131.41,6.60M,0.32%,6600000.0
16/10/18,132.58,132.79,133.19,131.82,6.94M,0.30%,6940000.0
15/10/18,132.18,131.15,132.48,130.91,4.98M,0.46%,4980000.0
12/10/18,131.57,132.68,132.99,130.51,6.82M,-0.39%,6820000.0
11/10/18,132.08,133.18,133.18,128.9,13.65M,-0.83%,13650000.0
10/10/18,133.18,132.09,134.01,130.71,8.02M,0.96%,8020000.0
09/10/18,131.92,129.5,132.0,129.31,3.81M,1.62%,3810000.0
08/10/18,129.82,131.35,131.35,129.58,4.08M,-1.52%,4080000.0
05/10/18,131.82,132.34,133.09,131.11,4.73M,-0.21%,4730000.0
04/10/18,132.1,133.57,133.57,131.72,6.24M,-0.86%,6240000.0
03/10/18,133.24,132.35,133.59,130.93,14.87M,0.75%,14870000.0
02/10/18,132.25,136.48,136.98,132.06,5.44M,-3.03%,5440000.0
01/10/18,136.38,135.1,138.74,134.95,6.71M,0.80%,6710000.0
28/09/18,135.3,134.13,135.51,134.12,7.77M,0.45%,7770000.0
27/09/18,134.7,133.77,135.0,133.66,6.20M,0.63%,6200000.0
26/09/18,133.86,133.99,134.85,133.14,6.21M,0.15%,6210000.0
25/09/18,133.66,131.58,133.75,131.57,4.00M,1.46%,4000000.0
24/09/18,131.74,129.39,132.0,129.34,8.18M,1.42%,8180000.0
21/09/18,129.9,129.51,130.89,129.19,22.31M,-0.02%,22310000.0
20/09/18,129.93,131.42,131.98,129.09,6.61M,-0.85%,6610000.0
19/09/18,131.05,134.05,134.2,130.91,3.76M,-1.98%,3760000.0
18/09/18,133.7,133.58,134.29,132.99,5.28M,0.51%,5280000.0
17/09/18,133.02,133.5,134.19,132.88,3.90M,-0.49%,3900000.0
14/09/18,133.67,133.3,134.1,133.16,7.50M,-0.25%,7500000.0
13/09/18,134.0,132.16,134.39,131.62,11.40M,1.10%,11400000.0
12/09/18,132.54,130.12,132.69,129.53,7.75M,1.28%,7750000.0
11/09/18,130.86,127.92,131.5,127.92,11.55M,1.96%,11550000.0
10/09/18,128.34,130.4,130.69,126.42,3.20M,-1.32%,3200000.0
07/09/18,130.06,129.02,130.39,126.41,2.75M,0.12%,2750000.0
06/09/18,129.91,130.39,130.39,128.31,3.80M,-0.25%,3800000.0
05/09/18,130.24,125.81,130.71,125.81,5.92M,3.18%,5920000.0
04/09/18,126.22,128.91,129.55,125.71,5.36M,-2.25%,5360000.0
03/09/18,129.13,130.23,131.09,128.5,502.22K,-1.32%,502220.0
31/08/18,130.86,129.92,131.63,128.61,6.86M,0.67%,6860000.0
30/08/18,129.99,130.59,131.49,127.78,8.53M,-0.70%,8530000.0
29/08/18,130.91,132.88,133.79,129.33,6.92M,-1.74%,6920000.0
28/08/18,133.23,135.0,135.29,132.51,3.33M,-1.07%,3330000.0
27/08/18,134.67,132.58,135.59,132.52,3.20M,1.77%,3200000.0
24/08/18,132.33,135.16,135.16,132.05,2.99M,-2.27%,2990000.0
23/08/18,135.41,133.81,136.09,133.01,5.91M,0.88%,5910000.0
22/08/18,134.23,131.36,134.71,129.01,7.48M,1.64%,7480000.0
21/08/18,132.06,128.6,132.25,128.6,5.42M,2.77%,5420000.0
20/08/18,128.5,126.09,129.15,125.23,2.85M,2.08%,2850000.0
17/08/18,125.88,125.49,126.49,124.51,4.91M,0.60%,4910000.0
16/08/18,125.13,128.18,128.99,123.23,7.64M,-2.39%,7640000.0
15/08/18,128.2,129.91,130.38,126.01,3.13M,-1.07%,3130000.0
14/08/18,129.59,127.8,130.25,127.62,6.21M,1.58%,6210000.0
13/08/18,127.58,126.29,128.06,126.19,5.87M,1.36%,5870000.0
10/08/18,125.87,131.33,131.33,125.0,5.52M,-4.40%,5520000.0
09/08/18,131.67,134.02,134.05,129.96,7.38M,-1.99%,7380000.0
08/08/18,134.35,133.0,135.0,132.11,5.97M,1.03%,5970000.0
07/08/18,132.98,127.39,133.49,127.39,8.17M,4.67%,8170000.0
06/08/18,127.05,125.99,127.29,124.91,2.98M,1.14%,2980000.0
03/08/18,125.62,127.79,127.89,125.05,9.49M,-1.21%,9490000.0
02/08/18,127.16,128.24,128.78,126.14,3.45M,-1.33%,3450000.0
01/08/18,128.87,130.56,130.56,127.91,3.85M,-0.84%,3850000.0
31/07/18,129.96,129.87,130.79,128.81,5.24M,0.07%,5240000.0
30/07/18,129.87,129.83,130.74,129.21,4.89M,0.04%,4890000.0
27/07/18,129.82,129.59,131.49,129.49,6.38M,0.43%,6380000.0
26/07/18,129.26,127.08,129.78,126.12,6.64M,1.72%,6640000.0
25/07/18,127.08,128.49,128.79,124.65,5.88M,-0.77%,5880000.0
24/07/18,128.06,127.29,128.37,126.27,5.30M,0.85%,5300000.0
23/07/18,126.98,126.98,127.11,125.01,3.16M,0.30%,3160000.0
20/07/18,126.6,125.31,128.01,124.0,10.42M,1.29%,10420000.0
19/07/18,124.99,124.26,125.29,123.21,3.74M,0.34%,3740000.0
18/07/18,124.57,122.25,124.8,121.41,8.10M,1.90%,8100000.0
17/07/18,122.25,122.37,123.0,120.61,6.21M,0.27%,6210000.0
16/07/18,121.92,119.67,122.39,119.46,6.25M,1.63%,6250000.0
13/07/18,119.96,121.23,121.99,118.91,13.62M,-1.29%,13620000.0
12/07/18,121.53,120.09,123.0,120.02,12.12M,1.38%,12120000.0
11/07/18,119.87,118.61,120.08,118.51,10.68M,0.93%,10680000.0
10/07/18,118.77,122.6,123.28,118.36,7.12M,-2.99%,7120000.0
09/07/18,122.43,124.89,124.9,120.08,7.20M,-1.78%,7200000.0
06/07/18,124.65,123.05,126.99,122.31,14.09M,1.58%,14090000.0
05/07/18,122.71,117.0,123.8,116.11,8.63M,5.29%,8630000.0
04/07/18,116.55,114.78,117.07,114.71,1.42M,0.94%,1420000.0
03/07/18,115.46,112.29,115.97,112.23,3.84M,3.14%,3840000.0
02/07/18,111.94,116.71,116.71,111.22,8.55M,-4.38%,8550000.0
29/06/18,117.07,113.74,117.36,112.81,8.03M,3.29%,8029999.999999999
28/06/18,113.34,111.96,114.25,111.68,8.54M,0.98%,8540000.0
27/06/18,112.24,112.5,113.09,111.6,8.17M,-0.73%,8170000.0
26/06/18,113.06,112.49,113.39,111.11,6.00M,1.05%,6000000.0
25/06/18,111.89,111.79,112.7,110.61,5.05M,0.50%,5050000.0
22/06/18,111.33,111.2,111.94,110.69,5.32M,-0.13%,5320000.0
21/06/18,111.47,111.66,112.48,111.04,8.19M,-0.76%,8189999.999999999
20/06/18,112.32,109.69,112.82,109.11,8.92M,2.73%,8920000.0
19/06/18,109.33,109.11,109.69,108.61,6.82M,-0.37%,6820000.0
18/06/18,109.74,108.69,110.15,107.11,5.57M,0.93%,5570000.0
15/06/18,108.73,110.93,110.93,107.45,24.15M,-1.74%,24150000.0
14/06/18,110.66,109.11,111.5,109.11,5.51M,0.95%,5510000.0
13/06/18,109.62,109.81,110.78,109.21,4.65M,-0.90%,4650000.0
12/06/18,110.62,110.35,111.31,109.41,5.52M,0.34%,5520000.0
11/06/18,110.25,107.18,110.96,107.18,7.10M,2.62%,7100000.0
08/06/18,107.44,107.42,107.88,106.21,6.78M,0.02%,6780000.0
07/06/18,107.42,104.28,107.64,103.21,10.04M,0.02%,10040000.0
06/06/18,107.4,107.45,108.5,107.04,4.90M,0.04%,4900000.0
05/06/18,107.36,106.88,108.08,106.8,4.81M,-0.01%,4810000.0
04/06/18,107.37,106.55,107.99,106.5,6.16M,0.63%,6160000.0
01/06/18,106.7,105.93,107.09,105.01,4.36M,0.47%,4360000.0
31/05/18,106.2,107.11,108.17,105.2,13.68M,-1.15%,13680000.0
30/05/18,107.44,106.7,108.0,106.34,5.41M,0.44%,5410000.0
29/05/18,106.97,108.59,108.59,106.4,4.05M,-0.86%,4050000.0
28/05/18,107.9,106.76,108.09,106.47,959.58K,0.77%,959580.0
25/05/18,107.08,108.31,108.33,106.71,3.25M,-0.70%,3250000.0
24/05/18,107.84,109.84,109.84,107.6,3.98M,-1.41%,3980000.0
23/05/18,109.38,106.91,109.7,106.41,4.90M,1.87%,4900000.0
22/05/18,107.37,107.0,107.89,106.41,2.53M,0.32%,2530000.0
21/05/18,107.03,107.4,108.82,106.5,3.50M,-0.34%,3500000.0
18/05/18,107.4,109.98,110.01,107.21,6.27M,-2.45%,6270000.0
17/05/18,110.1,111.74,112.12,109.31,4.87M,-1.77%,4870000.0
16/05/18,112.08,113.47,113.77,111.01,3.45M,-1.16%,3450000.0
15/05/18,113.39,112.95,113.99,112.11,7.06M,0.00%,7060000.0
14/05/18,113.39,112.16,113.99,112.15,4.06M,0.98%,4059999.9999999995
11/05/18,112.29,113.37,113.82,110.3,3.65M,-0.50%,3650000.0
10/05/18,112.85,112.01,114.5,112.0,4.22M,0.56%,4220000.0
09/05/18,112.22,111.14,113.49,110.51,5.76M,0.73%,5760000.0
08/05/18,111.41,110.94,111.57,109.91,7.52M,0.54%,7520000.0
07/05/18,110.81,111.32,111.92,110.55,7.62M,-0.67%,7620000.0
04/05/18,111.56,113.42,113.61,111.19,5.03M,-1.91%,5030000.0
03/05/18,113.73,117.36,117.39,112.59,4.76M,-3.04%,4760000.0
02/05/18,117.29,116.7,117.5,116.31,5.77M,0.23%,5770000.0
30/04/18,117.02,116.73,117.38,116.22,6.42M,0.03%,6420000.0
27/04/18,116.99,115.13,117.33,115.12,6.78M,1.37%,6780000.0
26/04/18,115.41,115.12,115.74,114.36,4.72M,-0.12%,4720000.0
25/04/18,115.55,114.87,116.0,114.37,3.64M,0.36%,3640000.0
24/04/18,115.13,115.48,115.58,113.91,4.90M,0.38%,4900000.0
23/04/18,114.69,115.03,115.79,114.21,5.19M,-0.54%,5190000.0
20/04/18,115.31,116.75,117.13,114.76,3.92M,-1.48%,3920000.0
19/04/18,117.04,118.72,119.49,116.04,5.45M,-1.95%,5450000.0
18/04/18,119.37,119.49,120.1,118.69,7.61M,0.04%,7610000.0
17/04/18,119.32,119.99,120.0,118.11,6.15M,-0.26%,6150000.0
16/04/18,119.63,118.01,120.38,118.01,7.25M,0.46%,7250000.0
13/04/18,119.08,119.44,119.79,118.7,6.33M,-0.18%,6330000.0
12/04/18,119.3,117.77,120.15,117.71,6.80M,0.80%,6800000.0
11/04/18,118.35,116.2,118.5,116.2,6.32M,1.14%,6320000.0
10/04/18,117.02,114.85,117.49,114.85,8.35M,1.71%,8350000.0
09/04/18,115.05,114.83,116.49,114.71,3.35M,-0.51%,3350000.0
06/04/18,115.64,114.63,116.31,114.63,2.43M,0.35%,2430000.0
05/04/18,115.24,115.19,116.0,114.22,5.47M,0.26%,5470000.0
04/04/18,114.94,112.0,115.1,111.51,6.14M,2.40%,6140000.0
03/04/18,112.25,110.21,112.59,110.11,4.65M,1.68%,4650000.0
02/04/18,110.4,111.4,114.24,109.7,4.78M,-0.66%,4780000.0
28/03/18,111.13,113.25,113.89,109.71,6.04M,-1.85%,6040000.0
27/03/18,113.23,114.89,115.68,112.83,3.38M,-1.68%,3380000.0
26/03/18,115.17,114.49,115.28,113.41,3.77M,1.36%,3770000.0
23/03/18,113.63,115.59,115.87,113.19,7.10M,-1.11%,7100000.0
22/03/18,114.91,114.99,115.26,114.11,3.50M,0.17%,3500000.0
21/03/18,114.71,115.88,116.19,113.6,9.14M,-0.77%,9140000.0
20/03/18,115.6,115.5,116.3,114.61,14.14M,0.12%,14140000.0
16/03/18,115.46,114.7,115.8,114.25,18.47M,0.91%,18470000.0
15/03/18,114.42,115.41,116.59,114.04,4.01M,-1.51%,4010000.0
14/03/18,116.17,116.74,117.18,115.51,4.82M,-0.33%,4820000.0
13/03/18,116.56,118.32,119.24,116.41,7.02M,-1.84%,7020000.0
12/03/18,118.74,119.45,120.39,118.53,8.30M,-0.32%,8300000.000000001
09/03/18,119.12,117.29,120.38,117.19,6.28M,1.65%,6280000.0
08/03/18,117.19,114.42,117.42,114.25,6.96M,2.85%,6960000.0
07/03/18,113.94,114.58,114.69,112.61,4.88M,-0.33%,4880000.0
06/03/18,114.32,113.25,114.88,113.25,7.68M,1.13%,7680000.0
05/03/18,113.04,113.22,113.48,111.61,6.03M,0.10%,6030000.0
02/03/18,112.93,112.17,113.88,111.41,5.47M,0.49%,5470000.0
01/03/18,112.38,113.44,113.88,111.1,6.25M,-0.69%,6250000.0
28/02/18,113.16,113.5,114.3,112.41,9.55M,0.05%,9550000.0
27/02/18,113.1,115.4,115.8,112.11,5.79M,-1.99%,5790000.0
26/02/18,115.4,115.58,115.89,114.81,5.72M,-0.14%,5720000.0
23/02/18,115.56,115.75,115.85,114.41,4.21M,0.38%,4210000.0
22/02/18,115.12,114.21,115.41,114.11,8.31M,0.28%,8310000.000000001
21/02/18,114.8,115.08,115.49,114.15,5.85M,0.38%,5850000.0
20/02/18,114.36,117.06,117.06,114.01,6.39M,-2.06%,6390000.0
19/02/18,116.77,116.0,117.29,116.0,784.64K,0.66%,784640.0
16/02/18,116.0,118.1,118.1,115.88,3.66M,-1.30%,3660000.0
15/02/18,117.53,116.49,118.09,116.46,4.86M,1.05%,4860000.0
14/02/18,116.31,115.05,116.46,114.91,3.43M,0.85%,3430000.0
13/02/18,115.33,116.19,116.19,114.89,6.10M,-0.19%,6100000.0
12/02/18,115.55,116.27,116.59,115.0,4.32M,-0.38%,4320000.0
09/02/18,115.99,115.59,116.19,113.08,5.09M,1.06%,5090000.0
08/02/18,114.77,115.5,116.58,114.01,6.35M,-1.22%,6350000.0
07/02/18,116.19,115.16,117.03,115.0,8.79M,0.89%,8790000.0
06/02/18,115.16,116.7,116.93,115.0,13.17M,-3.77%,13170000.0
02/02/18,119.67,118.01,119.94,117.69,8.77M,1.18%,8770000.0
01/02/18,118.28,119.29,119.88,118.13,5.19M,-1.09%,5190000.0
31/01/18,119.58,119.31,120.0,117.73,10.56M,0.47%,10560000.0
30/01/18,119.02,118.9,120.0,117.61,8.60M,-0.06%,8600000.0
29/01/18,119.09,119.89,119.89,118.61,11.59M,-0.45%,11590000.0
26/01/18,119.63,116.29,119.89,115.89,20.12M,3.55%,20120000.0
25/01/18,115.53,116.84,118.0,115.0,12.62M,-1.12%,12620000.0
24/01/18,116.84,113.42,117.01,113.42,8.07M,3.02%,8070000.0
23/01/18,113.42,110.61,113.99,110.61,6.41M,1.97%,6410000.0
22/01/18,111.23,110.67,111.38,109.86,5.73M,1.21%,5730000.0
19/01/18,109.9,110.55,111.58,109.69,5.14M,-1.37%,5140000.0
18/01/18,111.43,109.01,111.62,109.01,2.92M,1.34%,2920000.0
17/01/18,109.96,108.31,110.29,107.81,4.99M,1.57%,4990000.0
16/01/18,108.26,110.46,110.49,108.15,7.91M,-2.23%,7910000.0
15/01/18,110.73,109.29,111.0,108.35,2.02M,1.48%,2020000.0
12/01/18,109.11,106.59,109.75,106.01,10.84M,2.74%,10840000.0
11/01/18,106.2,108.49,108.69,105.05,7.35M,-1.53%,7350000.0
10/01/18,107.85,110.73,110.77,106.96,5.71M,-2.54%,5710000.0
09/01/18,110.66,110.0,111.5,110.0,5.11M,1.13%,5110000.0
08/01/18,109.42,109.21,112.21,108.9,3.97M,-0.56%,3970000.0
05/01/18,110.04,109.79,111.72,108.72,5.51M,0.47%,5510000.0
04/01/18,109.52,108.9,110.59,108.9,5.30M,0.08%,5300000.0
03/01/18,109.43,107.11,109.77,107.0,4.33M,1.92%,4330000.0
02/01/18,107.37,108.0,108.3,106.89,4.63M,-0.43%,4630000.0
