Fecha,Cierre,Apertura,Máximo,Mínimo,Vol.,% var.,Volumen
13.05.2026,18.59,18.73,18.73,18.325,6.66M,0.32%,6660000.0
12.05.2026,18.53,18.465,18.705,18.445,9.68M,-1.23%,9680000.0
11.05.2026,18.76,18.94,19.125,18.69,7.20M,-0.87%,7200000.0
08.05.2026,18.925,18.655,19.135,18.6,8.31M,-0.26%,8310000.000000001
07.05.2026,18.975,18.915,19.065,18.8,10.62M,0.53%,10620000.0
06.05.2026,18.875,18.485,19.115,18.445,11.36M,3.51%,11360000.0
05.05.2026,18.235,17.875,18.26,17.705,6.90M,1.90%,6900000.0
04.05.2026,17.895,18.635,18.85,17.78,11.70M,-4.86%,11700000.0
30.04.2026,18.81,18.33,18.84,18.15,12.36M,1.81%,12360000.0
29.04.2026,18.475,18.92,18.985,18.475,12.25M,-1.62%,12250000.0
28.04.2026,18.78,18.69,18.935,18.66,5.85M,0.35%,5850000.0
27.04.2026,18.715,18.62,18.885,18.56,4.86M,0.73%,4860000.0
24.04.2026,18.58,18.44,18.675,18.34,7.52M,-0.43%,7520000.0
23.04.2026,18.66,18.845,18.925,18.535,10.11M,-2.12%,10110000.0
22.04.2026,19.065,19.3,19.38,18.97,7.92M,-0.86%,7920000.0
21.04.2026,19.23,19.7,19.74,19.225,8.28M,-1.96%,8279999.999999999
20.04.2026,19.615,19.8,19.945,19.53,10.13M,-3.42%,10130000.0
17.04.2026,20.31,19.525,20.43,19.505,13.51M,3.78%,13510000.0
16.04.2026,19.57,19.73,19.83,19.535,12.78M,-0.94%,12780000.0
15.04.2026,19.755,19.885,19.975,19.69,8.48M,-1.57%,8480000.0
14.04.2026,20.07,19.81,20.12,19.695,10.31M,1.88%,10310000.0
13.04.2026,19.7,19.3,19.715,19.28,9.67M,-0.03%,9670000.0
10.04.2026,19.705,19.345,19.805,19.245,12.97M,2.58%,12970000.0
09.04.2026,19.21,19.49,19.58,19.1,11.85M,-1.69%,11850000.0
08.04.2026,19.54,19.5,19.835,19.305,18.97M,3.44%,18970000.0
07.04.2026,18.89,18.95,19.335,18.73,14.62M,0.64%,14620000.0
02.04.2026,18.77,18.355,18.785,18.285,11.45M,-0.53%,11450000.0
01.04.2026,18.87,18.9,19.06,18.735,13.44M,3.40%,13440000.0
31.03.2026,18.25,17.96,18.375,17.95,15.45M,1.45%,15450000.0
30.03.2026,17.99,17.845,18.095,17.79,10.12M,0.45%,10120000.0
27.03.2026,17.91,18.36,18.405,17.815,12.15M,-2.10%,12150000.0
26.03.2026,18.295,18.53,18.625,18.215,10.21M,-2.06%,10210000.0
25.03.2026,18.68,18.73,18.84,18.515,9.30M,2.16%,9300000.0
24.03.2026,18.285,18.5,18.575,17.955,11.81M,-0.84%,11810000.0
23.03.2026,18.44,17.5,18.92,17.375,19.92M,2.87%,19920000.0
20.03.2026,17.925,18.265,18.435,17.685,29.10M,0.06%,29100000.0
19.03.2026,17.915,17.925,18.05,17.67,17.80M,-2.18%,17800000.0
18.03.2026,18.315,18.375,18.57,18.12,12.27M,1.02%,12270000.0
17.03.2026,18.13,18.035,18.44,18.0,7.41M,0.17%,7410000.0
16.03.2026,18.1,17.965,18.26,17.72,7.70M,0.50%,7700000.0
13.03.2026,18.01,17.93,18.375,17.745,10.69M,-0.96%,10690000.0
12.03.2026,18.185,18.75,18.76,17.825,14.25M,-3.53%,14250000.0
11.03.2026,18.85,18.73,19.045,18.675,9.43M,-1.26%,9430000.0
10.03.2026,19.09,18.975,19.16,18.585,13.29M,4.77%,13290000.0
09.03.2026,18.22,17.71,18.31,17.58,11.97M,-0.82%,11970000.0
06.03.2026,18.37,18.68,18.81,18.025,14.11M,-0.97%,14110000.0
05.03.2026,18.55,18.85,19.38,18.485,16.28M,-1.51%,16280000.000000002
04.03.2026,18.835,18.065,18.93,17.765,17.08M,4.26%,17080000.0
03.03.2026,18.065,18.6,18.7,17.775,25.50M,-4.85%,25500000.0
02.03.2026,18.985,18.9,19.28,18.78,16.06M,-3.87%,16059999.999999998
27.02.2026,19.75,20.06,20.21,19.585,13.19M,-1.74%,13190000.0
26.02.2026,20.1,20.0,20.12,19.885,5.36M,-0.30%,5360000.0
25.02.2026,20.16,20.03,20.16,19.94,5.89M,1.92%,5890000.0
24.02.2026,19.78,19.98,20.01,19.555,9.84M,-1.40%,9840000.0
23.02.2026,20.06,19.98,20.36,19.93,8.61M,1.03%,8610000.0
20.02.2026,19.855,19.88,19.925,19.575,11.38M,0.23%,11380000.0
19.02.2026,19.81,20.0,20.03,19.575,8.75M,-0.95%,8750000.0
18.02.2026,20.0,19.585,20.0,19.58,9.88M,2.35%,9880000.0
17.02.2026,19.54,19.4,19.65,19.34,6.88M,0.15%,6880000.0
16.02.2026,19.51,19.3,19.545,19.28,6.12M,2.07%,6120000.0
13.02.2026,19.115,19.7,20.0,19.0,17.04M,-3.44%,17040000.0
12.02.2026,19.795,20.48,20.52,19.765,10.84M,-2.00%,10840000.0
11.02.2026,20.2,20.58,20.8,20.03,10.52M,-1.94%,10520000.0
10.02.2026,20.6,20.65,20.89,20.44,9.93M,-0.15%,9930000.0
09.02.2026,20.63,20.5,20.65,20.34,9.00M,2.18%,9000000.0
06.02.2026,20.19,19.9,20.68,19.82,15.54M,1.05%,15540000.0
05.02.2026,19.98,20.92,21.2,19.98,25.44M,-8.81%,25440000.0
04.02.2026,21.91,22.03,22.24,21.79,8.28M,-0.54%,8279999.999999999
03.02.2026,22.03,22.09,22.33,21.9,7.34M,0.55%,7340000.0
02.02.2026,21.91,21.23,21.98,21.2,7.41M,2.14%,7410000.0
30.01.2026,21.45,21.19,21.61,21.17,8.07M,2.00%,8070000.0
29.01.2026,21.03,21.28,21.57,20.9,8.70M,0.05%,8700000.0
28.01.2026,21.02,21.53,21.62,21.02,10.60M,-2.82%,10600000.0
27.01.2026,21.63,21.47,21.74,21.37,6.84M,1.41%,6840000.0
26.01.2026,21.33,21.08,21.39,21.08,4.83M,1.19%,4830000.0
23.01.2026,21.08,21.25,21.31,20.99,6.23M,-1.13%,6230000.0
22.01.2026,21.32,21.1,21.36,20.93,8.42M,2.21%,8420000.0
21.01.2026,20.86,20.66,20.92,20.4,6.24M,0.38%,6240000.0
20.01.2026,20.78,20.77,20.94,20.46,6.96M,-0.72%,6960000.0
19.01.2026,20.93,20.82,21.01,20.56,6.67M,-0.10%,6670000.0
16.01.2026,20.95,20.79,20.95,20.71,8.20M,0.19%,8199999.999999999
15.01.2026,20.91,21.08,21.16,20.85,7.55M,-0.48%,7550000.0
14.01.2026,21.01,21.3,21.3,21.01,8.34M,0.00%,8340000.0
13.01.2026,21.01,20.76,21.07,20.73,8.23M,1.45%,8230000.0
12.01.2026,20.71,20.28,20.71,20.1,7.73M,1.27%,7730000.0
09.01.2026,20.45,20.36,20.45,20.08,9.62M,1.89%,9620000.0
08.01.2026,20.07,19.68,20.07,19.61,7.26M,1.01%,7260000.0
07.01.2026,19.87,20.1,20.15,19.835,10.27M,-2.36%,10270000.0
06.01.2026,20.35,20.62,20.82,20.2,9.21M,-1.31%,9210000.0
05.01.2026,20.62,20.64,20.78,20.29,9.15M,1.18%,9150000.0
02.01.2026,20.38,19.95,20.43,19.885,6.85M,1.65%,6850000.0
31.12.2025,20.05,19.855,20.13,19.855,3.74M,-0.15%,3740000.0
30.12.2025,20.08,19.675,20.12,19.675,6.13M,1.47%,6130000.0
29.12.2025,19.79,19.79,19.89,19.695,8.26M,0.20%,8260000.0
24.12.2025,19.75,19.63,19.84,19.63,2.19M,-0.10%,2190000.0
23.12.2025,19.77,19.75,19.875,19.49,7.07M,-0.05%,7070000.0
22.12.2025,19.78,19.785,20.03,19.73,6.16M,0.03%,6160000.0
19.12.2025,19.775,19.7,19.93,19.48,20.18M,1.07%,20180000.0
18.12.2025,19.565,19.205,19.565,19.135,8.20M,1.95%,8199999.999999999
17.12.2025,19.19,19.38,19.445,19.11,7.70M,-0.60%,7700000.0
16.12.2025,19.305,19.37,19.72,19.305,7.40M,-1.30%,7400000.0
15.12.2025,19.56,19.415,19.56,19.385,6.80M,1.85%,6800000.0
12.12.2025,19.205,19.5,19.56,19.135,8.03M,-1.13%,8029999.999999999
11.12.2025,19.425,19.065,19.565,18.9,7.10M,2.34%,7100000.0
10.12.2025,18.98,18.83,19.125,18.83,7.15M,0.24%,7150000.0
09.12.2025,18.935,18.95,19.07,18.79,6.75M,-0.13%,6750000.0
08.12.2025,18.96,18.8,18.96,18.73,5.13M,0.45%,5130000.0
05.12.2025,18.875,19.095,19.255,18.85,6.33M,-1.15%,6330000.0
04.12.2025,19.095,18.96,19.095,18.645,9.61M,2.19%,9610000.0
03.12.2025,18.685,18.795,19.075,18.685,9.58M,-0.69%,9580000.0
02.12.2025,18.815,18.78,18.98,18.75,8.39M,0.29%,8390000.0
01.12.2025,18.76,18.57,18.76,18.45,6.92M,1.05%,6920000.0
28.11.2025,18.565,18.53,18.665,18.48,4.31M,0.22%,4310000.0
27.11.2025,18.525,18.625,18.64,18.48,3.48M,-0.40%,3480000.0
26.11.2025,18.6,18.315,18.6,18.31,6.53M,1.72%,6530000.0
25.11.2025,18.285,17.93,18.41,17.9,5.26M,1.70%,5260000.0
24.11.2025,17.98,17.775,18.085,17.775,12.76M,1.55%,12760000.0
21.11.2025,17.705,17.54,17.805,17.465,9.77M,-1.42%,9770000.0
20.11.2025,17.96,17.96,18.15,17.855,7.52M,1.13%,7520000.0
19.11.2025,17.76,17.665,17.885,17.49,10.14M,0.91%,10140000.0
18.11.2025,17.6,17.715,17.895,17.485,9.11M,-2.82%,9110000.0
17.11.2025,18.11,18.335,18.46,18.02,7.67M,-1.50%,7670000.0
14.11.2025,18.385,18.5,18.69,18.225,11.02M,-2.62%,11020000.0
13.11.2025,18.88,18.88,19.085,18.87,8.92M,-0.13%,8920000.0
12.11.2025,18.905,18.57,18.91,18.56,10.48M,1.94%,10480000.0
11.11.2025,18.545,18.28,18.57,18.23,8.20M,1.87%,8199999.999999999
10.11.2025,18.205,17.81,18.21,17.715,9.86M,4.21%,9860000.0
07.11.2025,17.47,17.94,18.005,17.46,11.93M,-2.59%,11930000.0
06.11.2025,17.935,17.58,18.045,17.57,9.55M,1.67%,9550000.0
05.11.2025,17.64,17.15,17.64,17.125,7.06M,0.57%,7060000.0
04.11.2025,17.54,17.21,17.62,17.1,7.82M,1.39%,7820000.0
03.11.2025,17.3,17.565,17.79,17.3,8.86M,-0.77%,8860000.0
31.10.2025,17.435,17.35,17.7,17.255,9.38M,0.90%,9380000.0
30.10.2025,17.28,17.39,17.41,17.05,10.57M,-1.71%,10570000.0
29.10.2025,17.58,17.21,17.585,17.055,10.60M,2.27%,10600000.0
28.10.2025,17.19,17.07,17.215,17.04,5.31M,-0.06%,5310000.0
27.10.2025,17.2,17.05,17.235,17.005,6.47M,1.78%,6470000.0
24.10.2025,16.9,17.015,17.1,16.735,6.49M,-0.35%,6490000.0
23.10.2025,16.96,17.0,17.175,16.9,4.72M,-0.24%,4720000.0
22.10.2025,17.0,16.9,17.18,16.85,7.02M,-0.38%,7020000.0
21.10.2025,17.065,17.27,17.3,17.005,7.20M,-1.33%,7200000.0
20.10.2025,17.295,16.87,17.32,16.79,10.87M,3.84%,10870000.0
17.10.2025,16.655,16.655,17.38,16.395,30.41M,5.98%,30410000.0
16.10.2025,15.715,15.72,15.825,15.395,8.99M,-0.44%,8990000.0
15.10.2025,15.785,15.985,16.14,15.785,5.17M,-1.25%,5170000.0
14.10.2025,15.985,15.8,16.02,15.73,4.32M,0.72%,4320000.0
13.10.2025,15.87,15.8,15.895,15.685,3.45M,0.51%,3450000.0
10.10.2025,15.79,16.03,16.23,15.755,6.73M,-1.71%,6730000.0
09.10.2025,16.065,16.36,16.36,16.025,4.84M,-1.80%,4840000.0
08.10.2025,16.36,16.06,16.41,16.06,5.88M,1.90%,5880000.0
07.10.2025,16.055,16.1,16.24,16.05,6.00M,-0.74%,6000000.0
06.10.2025,16.175,16.31,16.4,16.045,5.37M,-1.49%,5370000.0
03.10.2025,16.42,16.42,16.59,16.36,5.92M,0.55%,5920000.0
02.10.2025,16.33,16.45,16.595,16.23,7.21M,-0.27%,7210000.0
01.10.2025,16.375,16.3,16.44,16.045,8.29M,0.21%,8289999.999999999
30.09.2025,16.34,16.285,16.445,16.2,7.13M,0.62%,7130000.0
29.09.2025,16.24,16.47,16.48,16.22,5.90M,-1.37%,5900000.0
26.09.2025,16.465,16.185,16.48,16.13,6.73M,2.24%,6730000.0
25.09.2025,16.105,16.365,16.38,16.045,6.89M,-1.71%,6890000.0
24.09.2025,16.385,16.15,16.385,15.935,7.40M,1.30%,7400000.0
23.09.2025,16.175,16.12,16.255,15.93,6.24M,1.25%,6240000.0
22.09.2025,15.975,16.335,16.36,15.86,8.13M,-2.65%,8130000.000000001
19.09.2025,16.41,16.3,16.535,16.225,21.83M,1.17%,21830000.0
18.09.2025,16.22,16.2,16.27,16.035,5.60M,1.03%,5600000.0
17.09.2025,16.055,16.25,16.285,15.975,6.22M,-0.80%,6220000.0
16.09.2025,16.185,16.305,16.345,16.065,8.19M,-1.07%,8189999.999999999
15.09.2025,16.36,16.3,16.385,16.175,4.63M,0.89%,4630000.0
12.09.2025,16.215,16.19,16.26,16.04,6.39M,0.03%,6390000.0
11.09.2025,16.21,16.16,16.27,16.005,5.72M,0.37%,5720000.0
10.09.2025,16.15,15.96,16.26,15.89,9.58M,1.35%,9580000.0
09.09.2025,15.935,15.835,15.96,15.61,6.91M,1.05%,6910000.0
08.09.2025,15.77,15.65,15.82,15.595,4.47M,1.06%,4470000.0
05.09.2025,15.605,15.895,16.03,15.55,6.65M,-1.30%,6650000.0
04.09.2025,15.81,15.51,15.815,15.385,6.62M,2.46%,6620000.0
03.09.2025,15.43,15.465,15.5,15.28,4.52M,-0.06%,4520000.0
02.09.2025,15.44,15.635,15.675,15.29,5.34M,-1.03%,5340000.0
01.09.2025,15.6,15.565,15.6,15.475,2.46M,0.71%,2460000.0
29.08.2025,15.49,15.51,15.585,15.375,5.45M,-0.42%,5450000.0
28.08.2025,15.555,15.53,15.615,15.415,5.84M,0.16%,5840000.0
27.08.2025,15.53,15.825,15.84,15.48,7.22M,-1.99%,7220000.0
26.08.2025,15.845,15.95,16.04,15.84,9.77M,-1.86%,9770000.0
25.08.2025,16.145,16.31,16.45,16.09,4.97M,-1.88%,4970000.0
22.08.2025,16.455,16.335,16.53,16.325,4.54M,0.24%,4540000.0
21.08.2025,16.415,16.19,16.425,16.15,5.51M,1.02%,5510000.0
20.08.2025,16.25,16.29,16.395,16.19,4.26M,-0.91%,4260000.0
19.08.2025,16.4,16.355,16.43,16.28,5.63M,0.24%,5630000.0
18.08.2025,16.36,16.4,16.445,16.2,5.22M,-0.73%,5220000.0
15.08.2025,16.48,16.63,16.7,16.445,7.03M,0.83%,7030000.0
14.08.2025,16.345,16.03,16.39,16.015,6.65M,2.00%,6650000.0
13.08.2025,16.025,15.785,16.055,15.785,7.06M,1.68%,7060000.0
12.08.2025,15.76,16.05,16.16,15.76,8.77M,-1.87%,8770000.0
11.08.2025,16.06,15.95,16.07,15.755,6.09M,0.75%,6090000.0
08.08.2025,15.94,15.5,16.01,15.485,9.57M,2.87%,9570000.0
07.08.2025,15.495,15.455,15.6,15.375,8.91M,1.67%,8910000.0
06.08.2025,15.24,14.99,15.265,14.895,8.64M,2.08%,8640000.0
05.08.2025,14.93,14.845,14.965,14.585,6.65M,0.88%,6650000.0
04.08.2025,14.8,14.47,14.835,14.335,6.76M,3.10%,6760000.0
01.08.2025,14.355,14.585,14.645,14.205,11.82M,-1.95%,11820000.0
31.07.2025,14.64,14.0,14.79,13.965,21.01M,7.96%,21010000.0
30.07.2025,13.56,13.495,13.565,13.29,8.23M,0.44%,8230000.0
29.07.2025,13.5,13.21,13.5,13.2,8.20M,2.43%,8199999.999999999
28.07.2025,13.18,13.26,13.375,13.11,8.13M,1.15%,8130000.000000001
25.07.2025,13.03,13.0,13.07,12.895,5.72M,0.27%,5720000.0
24.07.2025,12.995,13.0,13.09,12.93,9.79M,1.13%,9790000.0
23.07.2025,12.85,12.795,12.915,12.7,10.89M,1.78%,10890000.0
22.07.2025,12.625,12.63,12.74,12.515,4.82M,-0.32%,4820000.0
21.07.2025,12.665,12.7,12.74,12.55,5.87M,-0.74%,5870000.0
18.07.2025,12.76,12.85,12.86,12.72,5.76M,-0.08%,5760000.0
17.07.2025,12.77,12.8,12.88,12.695,6.02M,0.59%,6020000.0
16.07.2025,12.695,12.7,12.845,12.655,5.90M,-0.39%,5900000.0
15.07.2025,12.745,13.045,13.055,12.71,5.78M,-1.96%,5780000.0
14.07.2025,13.0,12.8,13.03,12.78,4.39M,0.50%,4390000.0
11.07.2025,12.935,13.24,13.285,12.915,6.94M,-3.11%,6940000.0
10.07.2025,13.35,13.6,13.615,13.35,6.75M,-1.84%,6750000.0
09.07.2025,13.6,13.45,13.67,13.425,10.19M,1.76%,10190000.0
08.07.2025,13.365,13.255,13.48,13.23,9.13M,1.63%,9130000.0
07.07.2025,13.15,12.875,13.15,12.86,5.78M,1.82%,5780000.0
04.07.2025,12.915,13.165,13.25,12.85,5.81M,-2.57%,5810000.0
03.07.2025,13.255,13.06,13.285,13.03,4.91M,1.69%,4910000.0
02.07.2025,13.035,12.975,13.115,12.89,5.93M,1.44%,5930000.0
01.07.2025,12.85,13.03,13.06,12.785,5.51M,-1.57%,5510000.0
30.06.2025,13.055,13.08,13.1,12.7,6.84M,0.35%,6840000.0
27.06.2025,13.01,12.85,13.01,12.74,5.67M,1.96%,5670000.0
26.06.2025,12.76,12.8,12.89,12.72,5.28M,0.39%,5280000.0
25.06.2025,12.71,13.175,13.175,12.685,8.50M,-3.09%,8500000.0
24.06.2025,13.115,13.14,13.24,12.99,7.71M,2.54%,7710000.0
23.06.2025,12.79,12.86,12.92,12.645,4.47M,-0.93%,4470000.0
20.06.2025,12.91,12.835,13.085,12.835,16.18M,0.55%,16180000.0
19.06.2025,12.84,12.99,13.07,12.84,5.42M,-1.80%,5420000.0
18.06.2025,13.075,13.01,13.115,12.9,5.03M,0.19%,5030000.0
17.06.2025,13.05,13.145,13.175,12.87,8.01M,-1.21%,8010000.0
16.06.2025,13.21,13.035,13.29,13.0,10.26M,1.97%,10260000.0
13.06.2025,12.955,12.995,13.05,12.85,7.83M,-1.97%,7830000.0
12.06.2025,13.215,13.12,13.265,13.0,5.68M,-0.30%,5680000.0
11.06.2025,13.255,13.22,13.315,13.095,8.90M,0.53%,8900000.0
10.06.2025,13.185,13.23,13.265,13.135,7.46M,-0.49%,7460000.0
09.06.2025,13.25,13.2,13.31,13.165,7.02M,0.08%,7020000.0
06.06.2025,13.24,13.18,13.35,13.16,4.69M,0.30%,4690000.0
05.06.2025,13.2,13.015,13.2,12.96,10.59M,0.61%,10590000.0
04.06.2025,13.12,13.24,13.275,12.975,6.50M,-0.34%,6500000.0
03.06.2025,13.165,13.24,13.27,12.9,8.42M,-0.42%,8420000.0
02.06.2025,13.22,13.15,13.335,13.085,4.69M,0.08%,4690000.0
30.05.2025,13.21,13.25,13.375,13.2,13.85M,-0.30%,13850000.0
29.05.2025,13.25,13.455,13.465,13.215,4.69M,0.08%,4690000.0
28.05.2025,13.24,13.525,13.64,13.24,9.32M,-2.25%,9320000.0
27.05.2025,13.545,13.365,13.585,13.365,6.77M,0.82%,6770000.0
26.05.2025,13.435,13.585,13.61,13.415,5.20M,1.28%,5200000.0
23.05.2025,13.265,13.625,13.785,12.915,11.95M,-3.03%,11950000.0
22.05.2025,13.68,13.615,13.73,13.365,6.38M,-0.11%,6380000.0
21.05.2025,13.695,13.665,13.9,13.645,7.10M,-0.54%,7100000.0
20.05.2025,13.77,13.5,13.805,13.5,7.50M,2.27%,7500000.0
19.05.2025,13.465,13.42,13.55,13.35,5.88M,0.49%,5880000.0
16.05.2025,13.4,13.34,13.42,13.305,7.46M,0.41%,7460000.0
15.05.2025,13.345,13.3,13.375,13.28,6.09M,-0.45%,6090000.0
14.05.2025,13.405,13.25,13.405,13.145,9.67M,1.32%,9670000.0
13.05.2025,13.23,13.0,13.245,12.945,8.56M,1.42%,8560000.0
12.05.2025,13.045,12.92,13.09,12.885,9.60M,1.79%,9600000.0
09.05.2025,12.815,12.84,12.86,12.69,11.49K,0.08%,11490.0
08.05.2025,12.805,12.6,12.805,12.57,8.58M,2.03%,8580000.0
07.05.2025,12.55,12.475,12.565,12.39,10.71K,0.28%,10710.0
06.05.2025,12.515,12.44,12.53,12.175,39.88K,0.60%,39880.0
05.05.2025,12.44,12.21,12.44,12.195,14.77K,1.80%,14770.0
02.05.2025,12.22,12.3,12.335,12.04,0.48K,1.33%,480.0
30.04.2025,12.06,12.43,12.48,11.775,38.56K,-2.27%,38560.0
29.04.2025,12.34,12.74,12.79,12.17,11.77M,-2.02%,11770000.0
28.04.2025,12.595,12.5,12.7,12.5,63.10K,1.12%,63100.0
25.04.2025,12.455,12.37,12.5,12.295,20.47K,1.67%,20470.0
24.04.2025,12.25,12.275,12.335,12.155,6.12M,-0.85%,6120000.0
23.04.2025,12.355,12.085,12.405,12.055,9.68M,3.69%,9680000.0
22.04.2025,11.915,11.765,11.955,11.725,1.46K,0.42%,1460.0
17.04.2025,11.865,12.0,12.025,11.735,10.44M,-0.71%,10440000.0
16.04.2025,11.95,11.795,11.95,11.61,11.09M,0.34%,11090000.0
15.04.2025,11.91,11.7,11.94,11.605,7.98M,2.19%,7980000.0
14.04.2025,11.655,11.615,11.68,11.46,18.05K,3.32%,18050.0
11.04.2025,11.28,11.42,11.56,11.02,10.33K,-0.88%,10330.0
10.04.2025,11.38,11.825,12.53,11.38,7.95K,6.36%,7950.0
09.04.2025,10.7,10.45,10.825,10.385,14.65M,-1.11%,14650000.0
08.04.2025,10.82,10.735,11.04,10.345,27.20K,0.09%,27200.0
07.04.2025,10.81,10.685,11.355,10.11,106.22K,-4.84%,106220.0
04.04.2025,11.36,12.315,12.32,11.035,27.83M,-9.37%,27830000.0
03.04.2025,12.535,12.4,12.805,12.285,20.00K,-1.53%,20000.0
02.04.2025,12.73,12.67,12.77,12.565,7.13M,-0.20%,7130000.0
01.04.2025,12.755,12.615,12.85,12.565,178.30K,1.67%,178300.0
31.03.2025,12.545,12.6,12.64,12.335,10.94M,-1.41%,10940000.0
28.03.2025,12.725,12.92,13.045,12.7,7.64K,-3.23%,7640.0
27.03.2025,13.15,13.06,13.26,12.9,6.62M,-1.31%,6620000.0
26.03.2025,13.325,13.445,13.54,13.24,5.86M,-0.86%,5860000.0
25.03.2025,13.44,13.18,13.445,13.13,7.74M,2.32%,7740000.0
24.03.2025,13.135,13.255,13.345,13.07,6.66M,0.46%,6660000.0
21.03.2025,13.075,12.97,13.17,12.855,0.66K,-0.04%,660.0
20.03.2025,13.08,13.44,13.505,12.965,71.60K,-2.71%,71600.0
19.03.2025,13.445,13.26,13.47,13.17,10.19M,-1.03%,10190000.0
18.03.2025,13.585,13.31,13.59,13.27,54.07K,2.34%,54070.0
17.03.2025,13.275,13.14,13.38,13.065,6.57K,0.72%,6570.0
14.03.2025,13.18,12.74,13.23,12.695,8.49M,3.21%,8490000.0
13.03.2025,12.77,12.74,12.925,12.655,7.15M,-0.82%,7150000.0
12.03.2025,12.875,12.645,12.985,12.62,7.58M,2.71%,7580000.0
11.03.2025,12.535,12.76,12.89,12.45,10.68M,-1.76%,10680000.0
10.03.2025,12.76,13.11,13.19,12.715,16.94K,-3.04%,16940.0
07.03.2025,13.16,12.965,13.195,12.88,12.60M,0.23%,12600000.0
06.03.2025,13.13,12.995,13.205,12.835,6.96K,2.26%,6960.0
05.03.2025,12.84,12.6,12.93,12.6,1.55K,4.82%,1550.0
04.03.2025,12.25,12.7,12.76,12.115,45.21K,-5.26%,45210.0
03.03.2025,12.93,12.775,13.095,12.66,1.41K,0.82%,1410.0
28.02.2025,12.825,12.745,12.825,12.615,2.63K,-0.50%,2630.0
27.02.2025,12.89,12.9,12.995,12.72,8.78M,-0.35%,8780000.0
26.02.2025,12.935,12.605,12.935,12.585,2.48K,2.86%,2480.0
25.02.2025,12.575,12.31,12.765,12.305,42.67K,1.37%,42670.0
24.02.2025,12.405,12.29,12.425,12.24,6.38M,0.94%,6380000.0
21.02.2025,12.29,12.145,12.305,12.1,0.43K,0.99%,430.0
20.02.2025,12.17,12.09,12.31,12.07,23.75K,0.37%,23750.0
19.02.2025,12.125,12.405,12.49,12.105,13.05K,-2.61%,13050.0
18.02.2025,12.45,12.24,12.465,12.205,44.45K,2.09%,44450.0
17.02.2025,12.195,12.03,12.21,12.025,3.66K,1.20%,3660.0
14.02.2025,12.05,11.91,12.11,11.88,8.61M,0.79%,8610000.0
13.02.2025,11.955,11.99,12.0,11.855,1.62K,-0.04%,1620.0
12.02.2025,11.96,11.8,11.99,11.765,9.36M,2.18%,9360000.0
11.02.2025,11.705,11.5,11.705,11.45,6.10M,1.74%,6100000.0
10.02.2025,11.505,11.615,11.635,11.455,7.08M,-1.24%,7080000.0
07.02.2025,11.65,11.615,11.685,11.52,47.03K,0.13%,47030.0
06.02.2025,11.635,11.14,11.68,11.08,1.51K,5.49%,1510.0
05.02.2025,11.03,11.0,11.13,10.975,2.37K,0.27%,2370.0
04.02.2025,11.0,10.885,11.015,10.765,9.37M,2.37%,9370000.0
03.02.2025,10.745,10.56,10.85,10.48,1.44K,-2.76%,1440.0
31.01.2025,11.05,11.23,11.305,11.025,7.14K,-1.47%,7140.0
30.01.2025,11.215,11.275,11.435,11.07,10.80M,1.36%,10800000.0
29.01.2025,11.065,10.96,11.09,10.945,9.12M,1.14%,9120000.0
28.01.2025,10.94,10.765,10.985,10.72,11.07K,1.44%,11070.0
27.01.2025,10.785,10.575,10.845,10.56,10.14M,0.61%,10140000.0
24.01.2025,10.72,10.7,10.76,10.625,7.14M,0.80%,7140000.0
23.01.2025,10.635,10.415,10.67,10.395,8.36M,2.70%,8359999.999999999
22.01.2025,10.355,10.5,10.5,10.27,7.09M,-0.81%,7090000.0
21.01.2025,10.44,10.305,10.44,10.2,9.82M,0.14%,9820000.0
20.01.2025,10.425,10.39,10.5,10.315,7.86M,0.87%,7860000.0
17.01.2025,10.335,10.42,10.455,10.285,10.63M,0.05%,10630000.0
16.01.2025,10.33,10.5,10.55,10.285,8.49M,-0.77%,8490000.0
15.01.2025,10.41,10.365,10.49,10.265,64.48K,0.63%,64480.00000000001
14.01.2025,10.345,10.3,10.525,10.285,9.52M,0.98%,9520000.0
13.01.2025,10.245,9.99,10.245,9.98,33.20K,3.11%,33200.0
10.01.2025,9.936,9.994,10.07,9.88,33.66K,-0.58%,33660.0
09.01.2025,9.994,9.8,9.994,9.754,1.19K,0.93%,1190.0
08.01.2025,9.902,9.882,10.075,9.782,10.06M,0.28%,10060000.0
07.01.2025,9.874,9.744,9.926,9.606,12.69M,1.33%,12690000.0
06.01.2025,9.744,9.378,9.75,9.342,10.52M,4.57%,10520000.0
03.01.2025,9.318,9.298,9.348,9.236,5.63M,0.22%,5630000.0
02.01.2025,9.298,9.43,9.452,8.966,9.43M,-1.63%,9430000.0
31.12.2024,9.452,9.368,9.452,9.368,2.04M,0.88%,2040000.0
30.12.2024,9.37,9.246,9.44,9.246,4.31M,-0.17%,4310000.0
27.12.2024,9.386,9.24,9.396,9.24,4.33M,1.30%,4330000.0
24.12.2024,9.266,9.29,9.32,9.252,1.46M,-0.37%,1460000.0
23.12.2024,9.3,9.328,9.366,9.206,3.73M,-0.02%,3730000.0
20.12.2024,9.302,9.286,9.318,9.132,35.47K,-0.77%,35470.0
19.12.2024,9.374,9.4,9.476,9.32,20.00K,-1.95%,20000.0
18.12.2024,9.56,9.506,9.65,9.458,6.17M,0.42%,6170000.0
17.12.2024,9.52,9.712,9.782,9.502,6.08M,-2.54%,6080000.0
16.12.2024,9.768,9.71,9.818,9.71,7.58M,0.66%,7580000.0
13.12.2024,9.704,9.666,9.834,9.666,7.35M,0.39%,7350000.0
12.12.2024,9.666,9.556,9.672,9.556,8.62M,1.66%,8620000.0
11.12.2024,9.508,9.578,9.656,9.484,7.80M,-0.88%,7800000.0
10.12.2024,9.592,9.556,9.656,9.526,5.08M,0.10%,5080000.0
09.12.2024,9.582,9.608,9.662,9.568,5.41M,0.29%,5410000.0
06.12.2024,9.554,9.576,9.678,9.518,7.16M,-0.81%,7160000.0
05.12.2024,9.632,9.236,9.65,9.23,12.94M,4.22%,12940000.0
04.12.2024,9.242,9.17,9.262,9.162,6.73M,1.01%,6730000.0
03.12.2024,9.15,9.0,9.176,8.99,8.22M,1.94%,8220000.000000001
02.12.2024,8.976,8.85,8.984,8.83,6.55M,0.45%,6550000.0
29.11.2024,8.936,8.81,8.958,8.7,6.92M,0.74%,6920000.0
28.11.2024,8.87,8.93,8.96,8.862,4.88M,0.86%,4880000.0
27.11.2024,8.794,8.92,8.934,8.724,9.08M,-1.70%,9080000.0
26.11.2024,8.946,9.064,9.102,8.926,11.50M,-3.31%,11500000.0
25.11.2024,9.252,9.276,9.32,9.166,19.54M,0.89%,19540000.0
22.11.2024,9.17,9.274,9.336,8.942,10.46M,-0.91%,10460000.0
21.11.2024,9.254,9.24,9.272,9.114,5.51M,0.26%,5510000.0
20.11.2024,9.23,9.4,9.464,9.188,7.38M,-1.05%,7380000.0
19.11.2024,9.328,9.434,9.442,9.122,8.12M,-1.06%,8119999.999999999
18.11.2024,9.428,9.324,9.43,9.288,6.52M,0.55%,6520000.0
15.11.2024,9.376,9.02,9.392,9.016,17.64M,3.19%,17640000.0
14.11.2024,9.086,8.92,9.11,8.888,7.40M,2.34%,7400000.0
13.11.2024,8.878,8.9,8.986,8.768,8.25M,-0.40%,8250000.0
12.11.2024,8.914,9.01,9.164,8.914,8.67M,-2.30%,8670000.0
11.11.2024,9.124,9.18,9.246,9.122,7.87M,0.24%,7870000.0
08.11.2024,9.102,9.24,9.298,9.05,8.69M,-2.57%,8690000.0
07.11.2024,9.342,9.17,9.4,9.098,19.18M,4.15%,19180000.0
06.11.2024,8.97,9.364,9.44,8.894,25.26M,-6.62%,25260000.0
05.11.2024,9.606,9.552,9.624,9.506,7.14M,0.57%,7140000.0
04.11.2024,9.552,9.41,9.612,9.39,11.28M,1.44%,11280000.0
01.11.2024,9.416,9.152,9.416,9.11,10.20M,2.91%,10200000.0
31.10.2024,9.15,8.9,9.214,8.82,13.41M,0.62%,13410000.0
30.10.2024,9.094,8.96,9.1,8.922,8.08M,0.84%,8080000.0
29.10.2024,9.018,9.12,9.13,8.99,7.33M,-0.44%,7330000.0
28.10.2024,9.058,9.104,9.146,8.912,6.67M,0.18%,6670000.0
25.10.2024,9.042,9.046,9.134,9.006,5.13M,0.13%,5130000.0
24.10.2024,9.03,9.132,9.194,9.03,4.87M,-1.38%,4870000.0
23.10.2024,9.156,9.12,9.178,9.072,7.28M,0.15%,7280000.0
22.10.2024,9.142,9.082,9.172,8.974,7.48M,0.75%,7480000.0
21.10.2024,9.074,9.182,9.23,9.04,6.09M,-2.33%,6090000.0
18.10.2024,9.29,9.1,9.364,9.07,11.94M,2.09%,11940000.0
17.10.2024,9.1,9.314,9.37,9.088,11.20M,-2.02%,11200000.0
16.10.2024,9.288,9.39,9.428,9.24,7.07M,-1.63%,7070000.0
15.10.2024,9.442,9.422,9.47,9.306,8.02M,0.45%,8020000.0
14.10.2024,9.4,9.28,9.404,9.268,5.27M,1.21%,5270000.0
11.10.2024,9.288,9.216,9.316,9.204,6.42M,0.63%,6420000.0
10.10.2024,9.23,9.274,9.316,9.136,8.60M,-0.45%,8600000.0
09.10.2024,9.272,9.29,9.302,9.166,5.32M,-0.43%,5320000.0
08.10.2024,9.312,9.362,9.364,9.216,8.78M,-3.52%,8780000.0
07.10.2024,9.652,9.652,9.76,9.554,12.03M,1.05%,12030000.0
04.10.2024,9.552,9.354,9.668,9.342,11.02M,2.34%,11020000.0
03.10.2024,9.334,9.228,9.418,9.164,7.98M,0.86%,7980000.0
02.10.2024,9.254,9.31,9.388,9.19,9.44M,-0.49%,9440000.0
01.10.2024,9.3,9.754,9.754,9.23,14.24M,-4.20%,14240000.0
30.09.2024,9.708,9.872,9.958,9.708,14.11M,-2.29%,14110000.0
27.09.2024,9.936,9.91,9.976,9.834,7.30M,-0.18%,7300000.0
26.09.2024,9.954,9.778,9.97,9.772,7.93M,3.00%,7930000.0
25.09.2024,9.664,9.65,9.788,9.596,5.06M,-0.62%,5060000.0
24.09.2024,9.724,9.804,9.878,9.648,5.20M,-0.16%,5200000.0
23.09.2024,9.74,9.71,9.802,9.552,5.30M,0.00%,5300000.0
20.09.2024,9.74,9.77,9.872,9.72,18.64M,-0.33%,18640000.0
19.09.2024,9.772,9.578,9.772,9.5,10.95M,3.28%,10950000.0
18.09.2024,9.462,9.426,9.5,9.42,6.96M,0.55%,6960000.0
17.09.2024,9.41,9.354,9.49,9.352,6.89M,0.94%,6890000.0
16.09.2024,9.322,9.23,9.38,9.218,4.62M,0.76%,4620000.0
13.09.2024,9.252,9.058,9.254,9.02,7.90M,2.03%,7900000.0
12.09.2024,9.068,9.006,9.116,8.956,10.93M,1.96%,10930000.0
11.09.2024,8.894,8.956,9.048,8.796,6.07M,-0.31%,6070000.0
10.09.2024,8.922,9.016,9.134,8.902,6.65M,-1.24%,6650000.0
09.09.2024,9.034,8.962,9.1,8.962,4.98M,1.37%,4980000.0
06.09.2024,8.912,9.028,9.15,8.912,7.82M,-2.13%,7820000.0
05.09.2024,9.106,9.0,9.234,8.952,5.21M,0.66%,5210000.0
04.09.2024,9.046,9.086,9.16,9.002,8.14M,-2.48%,8140000.000000001
03.09.2024,9.276,9.532,9.572,9.268,7.79M,-2.89%,7790000.0
02.09.2024,9.552,9.6,9.654,9.5,4.47M,-0.40%,4470000.0
30.08.2024,9.59,9.52,9.592,9.52,10.43M,0.82%,10430000.0
29.08.2024,9.512,9.468,9.552,9.452,4.20M,0.46%,4200000.0
28.08.2024,9.468,9.496,9.504,9.318,9.72M,0.02%,9720000.0
27.08.2024,9.466,9.412,9.498,9.396,7.60M,0.53%,7600000.0
26.08.2024,9.416,9.434,9.47,9.356,3.34M,-0.25%,3340000.0
23.08.2024,9.44,9.392,9.468,9.356,5.29M,0.98%,5290000.0
22.08.2024,9.348,9.336,9.42,9.306,5.54M,-0.13%,5540000.0
21.08.2024,9.36,9.296,9.442,9.27,3.56M,0.26%,3560000.0
20.08.2024,9.336,9.43,9.448,9.284,4.49M,-0.68%,4490000.0
19.08.2024,9.4,9.256,9.456,9.254,5.22M,1.82%,5220000.0
16.08.2024,9.232,9.164,9.254,9.154,4.09M,0.54%,4090000.0
15.08.2024,9.182,9.0,9.192,8.93,5.82M,2.50%,5820000.0
14.08.2024,8.958,9.004,9.016,8.922,2.91M,-0.13%,2910000.0
13.08.2024,8.97,8.97,8.986,8.88,3.92M,0.52%,3920000.0
12.08.2024,8.924,8.938,8.982,8.848,4.59M,0.29%,4590000.0
09.08.2024,8.898,8.9,9.004,8.82,5.00M,0.93%,5000000.0
08.08.2024,8.816,8.784,8.886,8.648,5.66M,-0.50%,5660000.0
07.08.2024,8.86,8.748,8.95,8.67,10.75M,2.78%,10750000.0
06.08.2024,8.62,8.802,8.826,8.518,10.73M,-0.85%,10730000.0
05.08.2024,8.694,8.554,8.752,8.464,14.94M,-2.03%,14940000.0
02.08.2024,8.874,9.122,9.218,8.844,16.57M,-3.65%,16570000.0
01.08.2024,9.21,9.512,9.642,9.168,14.64M,-5.09%,14640000.0
31.07.2024,9.704,9.958,10.05,9.668,20.95M,-4.63%,20950000.0
30.07.2024,10.175,10.015,10.225,10.005,6.28M,1.45%,6280000.0
29.07.2024,10.03,10.1,10.175,9.954,5.08M,-0.05%,5080000.0
26.07.2024,10.035,9.99,10.045,9.928,7.26M,0.10%,7260000.0
25.07.2024,10.025,10.0,10.04,9.818,6.27M,-0.74%,6270000.0
24.07.2024,10.1,10.215,10.22,10.035,7.52M,-0.93%,7520000.0
23.07.2024,10.195,10.1,10.24,10.02,9.11M,1.09%,9110000.0
22.07.2024,10.085,9.94,10.09,9.902,7.41M,2.07%,7410000.0
19.07.2024,9.88,9.894,9.932,9.824,11.02M,-0.68%,11020000.0
18.07.2024,9.948,9.894,10.005,9.83,7.22M,1.32%,7220000.0
17.07.2024,9.818,9.704,9.852,9.654,6.59M,1.43%,6590000.0
16.07.2024,9.68,9.78,9.78,9.62,5.59M,-1.37%,5590000.0
15.07.2024,9.814,9.752,9.85,9.684,4.61M,0.29%,4610000.0
12.07.2024,9.786,9.708,9.806,9.704,5.61M,0.78%,5610000.0
11.07.2024,9.71,9.71,9.74,9.622,4.73M,0.50%,4730000.0
10.07.2024,9.662,9.52,9.662,9.458,6.50M,1.71%,6500000.0
09.07.2024,9.5,9.55,9.55,9.408,6.43M,-0.77%,6430000.0
08.07.2024,9.574,9.59,9.716,9.55,8.28M,-0.42%,8279999.999999999
05.07.2024,9.614,9.646,9.674,9.492,6.30M,0.08%,6300000.0
04.07.2024,9.606,9.646,9.682,9.572,4.81M,0.13%,4810000.0
03.07.2024,9.594,9.476,9.61,9.42,6.97M,2.06%,6970000.0
02.07.2024,9.4,9.45,9.452,9.266,7.01M,-1.05%,7010000.0
01.07.2024,9.5,9.528,9.624,9.434,7.02M,1.58%,7020000.0
28.06.2024,9.352,9.32,9.364,9.22,8.22M,1.21%,8220000.000000001
27.06.2024,9.24,9.216,9.284,9.15,6.07M,0.43%,6070000.0
26.06.2024,9.2,9.29,9.36,9.108,13.00M,-0.86%,13000000.0
25.06.2024,9.28,9.448,9.48,9.224,7.14M,-1.19%,7140000.0
24.06.2024,9.392,9.18,9.42,9.178,7.03M,2.20%,7030000.0
21.06.2024,9.19,9.378,9.378,9.068,29.51M,-1.71%,29510000.0
20.06.2024,9.35,9.284,9.35,9.222,7.56M,1.08%,7560000.0
19.06.2024,9.25,9.222,9.332,9.176,8.72M,0.30%,8720000.0
18.06.2024,9.222,9.2,9.236,9.094,11.85M,1.63%,11850000.0
17.06.2024,9.074,9.09,9.174,8.958,7.22M,0.60%,7220000.0
14.06.2024,9.02,9.05,9.1,8.79,21.52M,-1.05%,21520000.0
13.06.2024,9.116,9.288,9.352,9.076,21.32M,-2.44%,21320000.0
12.06.2024,9.344,9.51,9.56,9.308,13.22M,-2.54%,13220000.0
11.06.2024,9.588,9.802,9.802,9.528,8.06M,-1.76%,8060000.000000001
10.06.2024,9.76,9.888,9.888,9.724,9.06M,-1.35%,9060000.0
07.06.2024,9.894,9.73,9.934,9.7,10.30M,0.98%,10300000.0
06.06.2024,9.798,9.572,9.798,9.502,8.98M,2.60%,8980000.0
05.06.2024,9.55,9.504,9.56,9.416,7.92M,0.99%,7920000.0
04.06.2024,9.456,9.754,9.764,9.29,20.69M,-3.19%,20690000.0
03.06.2024,9.768,10.01,10.11,9.75,10.84M,-1.73%,10840000.0
31.05.2024,9.94,9.97,9.998,9.904,35.36M,-0.30%,35360000.0
30.05.2024,9.97,9.74,9.986,9.74,17.19M,2.09%,17190000.0
29.05.2024,9.766,9.92,9.95,9.74,11.27M,-1.71%,11270000.0
28.05.2024,9.936,9.97,10.05,9.86,6.46M,-0.44%,6460000.0
27.05.2024,9.98,9.984,10.05,9.94,35.08M,0.16%,35080000.0
24.05.2024,9.964,9.95,10.0,9.906,6.65M,-0.71%,6650000.0
23.05.2024,10.035,10.025,10.16,9.994,5.91M,0.25%,5910000.0
22.05.2024,10.01,10.005,10.085,9.986,6.74M,0.24%,6740000.0
21.05.2024,9.986,9.914,10.02,9.894,7.02M,0.54%,7020000.0
20.05.2024,9.932,9.974,10.025,9.912,7.30M,-0.88%,7300000.0
17.05.2024,10.02,9.9,10.06,9.88,11.83M,0.46%,11830000.0
16.05.2024,9.974,10.2,10.235,9.962,9.47M,-2.22%,9470000.0
15.05.2024,10.2,9.94,10.235,9.88,12.53M,3.03%,12530000.0
14.05.2024,9.9,9.698,9.932,9.68,40.47M,1.81%,40470000.0
13.05.2024,9.724,9.724,9.746,9.65,7.23M,0.14%,7230000.0
10.05.2024,9.71,9.638,9.818,9.62,12.16M,1.15%,12160000.0
09.05.2024,9.6,9.848,9.848,9.6,25.56M,-6.71%,25560000.0
08.05.2024,10.29,10.395,10.425,10.225,12.93M,0.93%,12930000.0
07.05.2024,10.195,10.0,10.195,9.91,17.40M,3.61%,17400000.0
06.05.2024,9.84,9.856,9.89,9.728,11.44M,-0.10%,11440000.0
03.05.2024,9.85,9.88,9.964,9.728,16.79M,0.67%,16790000.0
02.05.2024,9.784,10.0,10.08,9.77,27.70M,-3.84%,27700000.0
30.04.2024,10.175,10.92,10.975,10.06,29.09M,-6.65%,29090000.0
29.04.2024,10.9,11.0,11.25,10.63,17.90M,-0.77%,17900000.0
26.04.2024,10.985,10.545,11.0,10.53,13.57M,4.57%,13570000.0
25.04.2024,10.505,10.585,10.67,10.405,9.16M,-0.43%,9160000.0
24.04.2024,10.55,10.68,10.71,10.46,6.26M,-1.03%,6260000.0
23.04.2024,10.66,10.48,10.66,10.46,10.34M,2.21%,10340000.0
22.04.2024,10.43,10.295,10.435,10.195,6.36M,2.20%,6360000.0
19.04.2024,10.205,10.165,10.27,10.135,50.91M,-2.06%,50910000.0
18.04.2024,10.42,10.29,10.42,10.27,9.50M,1.96%,9500000.0
17.04.2024,10.22,9.966,10.295,9.96,8.58M,2.59%,8580000.0
16.04.2024,9.962,10.035,10.12,9.906,25.64M,-2.05%,25640000.0
15.04.2024,10.17,9.94,10.25,9.91,10.93M,1.19%,10930000.0
12.04.2024,10.05,10.055,10.135,9.924,12.24M,-0.69%,12240000.0
11.04.2024,10.12,10.3,10.395,9.986,14.91M,-2.93%,14910000.0
10.04.2024,10.425,10.48,10.495,10.26,11.37M,-0.52%,11370000.0
09.04.2024,10.48,10.65,10.67,10.48,9.20M,-1.60%,9200000.0
08.04.2024,10.65,10.62,10.72,10.57,10.50M,-3.23%,10500000.0
05.04.2024,11.005,11.135,11.14,10.905,63.57M,-2.05%,63570000.0
04.04.2024,11.235,11.1,11.275,11.085,36.69M,1.67%,36690000.0
03.04.2024,11.05,11.015,11.13,11.01,46.47M,0.73%,46470000.0
02.04.2024,10.97,11.05,11.09,10.91,9.89M,-0.63%,9890000.0
28.03.2024,11.04,10.905,11.14,10.885,15.04M,1.24%,15040000.0
27.03.2024,10.905,10.82,10.98,10.81,13.88M,0.60%,13880000.0
26.03.2024,10.84,10.835,10.875,10.74,10.37M,-0.14%,10370000.0
25.03.2024,10.855,10.81,10.99,10.81,8.34M,-0.41%,8340000.0
22.03.2024,10.9,10.8,10.945,10.78,11.58M,0.93%,11580000.0
21.03.2024,10.8,10.62,10.87,10.62,14.00M,2.61%,14000000.0
20.03.2024,10.525,10.515,10.535,10.42,9.73M,0.19%,9730000.0
19.03.2024,10.505,10.385,10.535,10.385,10.83M,1.16%,10830000.0
18.03.2024,10.385,10.42,10.55,10.385,12.85M,-0.29%,12850000.0
15.03.2024,10.415,10.18,10.515,10.165,42.05M,2.21%,42050000.0
14.03.2024,10.19,10.275,10.32,10.175,11.59M,-0.78%,11590000.0
13.03.2024,10.27,10.175,10.355,10.17,14.89M,0.74%,14890000.0
12.03.2024,10.195,9.952,10.22,9.952,14.80M,2.61%,14800000.0
11.03.2024,9.936,9.86,9.974,9.83,11.52M,0.38%,11520000.0
08.03.2024,9.898,9.872,10.04,9.862,11.94M,0.51%,11940000.0
07.03.2024,9.848,9.638,9.868,9.638,17.13M,1.93%,17130000.0
06.03.2024,9.662,9.47,9.72,9.466,12.86M,1.83%,12860000.0
05.03.2024,9.488,9.416,9.498,9.394,7.71M,0.79%,7710000.0
04.03.2024,9.414,9.358,9.454,9.35,7.26M,0.56%,7260000.0
01.03.2024,9.362,9.198,9.422,9.174,8.38M,1.92%,8380000.000000001
29.02.2024,9.186,9.294,9.348,9.146,30.98M,-1.44%,30980000.0
28.02.2024,9.32,9.342,9.442,9.254,9.86M,-0.53%,9860000.0
27.02.2024,9.37,9.432,9.518,9.32,10.84M,-0.91%,10840000.0
26.02.2024,9.456,9.41,9.49,9.408,5.68M,0.28%,5680000.0
23.02.2024,9.43,9.344,9.43,9.312,8.38M,1.05%,8380000.000000001
22.02.2024,9.332,9.324,9.406,9.274,8.88M,0.41%,8880000.0
21.02.2024,9.294,9.13,9.296,9.11,10.04M,2.15%,10040000.0
20.02.2024,9.098,9.02,9.11,8.954,7.39M,0.80%,7390000.0
19.02.2024,9.026,9.0,9.062,8.948,5.83M,0.11%,5830000.0
16.02.2024,9.016,9.1,9.122,8.954,10.98M,-0.29%,10980000.0
15.02.2024,9.042,9.202,9.202,8.96,10.93M,-1.57%,10930000.0
14.02.2024,9.186,9.274,9.36,9.18,9.46M,-0.95%,9460000.0
13.02.2024,9.274,9.29,9.306,9.202,9.05M,0.26%,9050000.0
12.02.2024,9.25,9.17,9.254,9.156,18.35M,1.07%,18350000.0
09.02.2024,9.152,9.098,9.162,9.074,13.67M,0.39%,13670000.0
08.02.2024,9.116,9.05,9.154,9.018,10.12M,1.45%,10120000.0
07.02.2024,8.986,9.04,9.046,8.848,12.63M,-1.30%,12630000.0
06.02.2024,9.104,8.99,9.158,8.98,13.93M,1.90%,13930000.0
05.02.2024,8.934,8.99,9.03,8.904,13.38M,-0.31%,13380000.0
02.02.2024,8.962,8.784,8.988,8.714,13.33M,3.32%,13330000.0
01.02.2024,8.674,8.65,8.848,8.622,11.35M,-0.02%,11350000.0
31.01.2024,8.676,8.67,8.74,8.608,16.26M,0.72%,16260000.000000002
30.01.2024,8.614,8.182,8.636,8.086,17.78M,6.16%,17780000.0
29.01.2024,8.114,8.106,8.154,7.998,7.39M,0.27%,7390000.0
26.01.2024,8.092,8.112,8.128,8.052,6.22M,0.02%,6220000.0
25.01.2024,8.09,8.186,8.188,8.01,7.48M,-1.65%,7480000.0
24.01.2024,8.226,8.142,8.226,8.106,5.78M,1.13%,5780000.0
23.01.2024,8.134,8.184,8.198,8.064,7.53M,-0.47%,7530000.0
22.01.2024,8.172,8.094,8.172,8.046,8.14M,2.20%,8140000.000000001
19.01.2024,7.996,8.14,8.14,7.974,7.69M,-1.09%,7690000.0
18.01.2024,8.084,8.1,8.156,8.038,12.72M,-0.12%,12720000.0
17.01.2024,8.094,8.05,8.112,7.994,9.19M,-0.59%,9190000.0
16.01.2024,8.142,8.2,8.202,8.086,9.40M,-1.33%,9400000.0
15.01.2024,8.252,8.338,8.376,8.216,4.90M,-0.43%,4900000.0
12.01.2024,8.288,8.314,8.386,8.268,5.66M,0.10%,5660000.0
11.01.2024,8.28,8.454,8.506,8.28,6.98M,-1.45%,6980000.0
10.01.2024,8.402,8.404,8.436,8.348,7.74M,-0.14%,7740000.0
09.01.2024,8.414,8.528,8.53,8.316,11.06M,-2.19%,11060000.0
08.01.2024,8.602,8.5,8.628,8.446,6.90M,1.03%,6900000.0
05.01.2024,8.514,8.44,8.554,8.37,7.36M,0.64%,7360000.0
04.01.2024,8.46,8.348,8.472,8.336,6.04M,1.68%,6040000.0
03.01.2024,8.32,8.46,8.5,8.3,7.95M,-1.26%,7950000.0
02.01.2024,8.426,8.28,8.482,8.272,12.88M,2.43%,12880000.0
29.12.2023,8.226,8.194,8.266,8.182,4.49M,0.42%,4490000.0
28.12.2023,8.192,8.248,8.258,8.162,4.26M,-0.61%,4260000.0
27.12.2023,8.242,8.25,8.284,8.202,5.99M,0.05%,5990000.0
22.12.2023,8.238,8.234,8.278,8.186,5.92M,0.07%,5920000.0
21.12.2023,8.232,8.168,8.242,8.158,4.61M,0.76%,4610000.0
20.12.2023,8.17,8.29,8.29,8.128,12.58M,-1.11%,12580000.0
19.12.2023,8.262,8.226,8.288,8.17,8.94M,0.15%,8940000.0
18.12.2023,8.25,8.266,8.308,8.228,11.06M,-0.41%,11060000.0
15.12.2023,8.284,8.394,8.418,8.232,24.88M,-1.05%,24880000.0
14.12.2023,8.372,8.49,8.508,8.294,14.78M,-0.64%,14780000.0
13.12.2023,8.426,8.402,8.46,8.324,15.79M,0.07%,15790000.0
12.12.2023,8.42,8.5,8.518,8.384,8.91M,-0.85%,8910000.0
11.12.2023,8.492,8.51,8.55,8.476,13.26M,-0.16%,13260000.0
08.12.2023,8.506,8.476,8.524,8.406,7.54M,0.57%,7540000.0
07.12.2023,8.458,8.58,8.632,8.356,10.04M,-1.74%,10040000.0
06.12.2023,8.608,8.66,8.68,8.594,7.14M,-0.23%,7140000.0
05.12.2023,8.628,8.656,8.718,8.576,8.09M,-0.37%,8090000.0
04.12.2023,8.66,8.618,8.688,8.554,6.39M,1.22%,6390000.0
01.12.2023,8.556,8.572,8.61,8.534,8.05M,0.59%,8050000.000000001
30.11.2023,8.506,8.704,8.726,8.48,22.89M,-2.18%,22890000.0
29.11.2023,8.696,8.58,8.708,8.578,11.60M,1.28%,11600000.0
28.11.2023,8.586,8.404,8.586,8.388,12.85M,2.21%,12850000.0
27.11.2023,8.4,8.388,8.426,8.368,11.36M,0.12%,11360000.0
24.11.2023,8.39,8.44,8.514,8.39,11.54M,-0.64%,11540000.0
23.11.2023,8.444,8.33,8.49,8.324,11.42M,0.86%,11420000.0
22.11.2023,8.372,8.3,8.386,8.298,11.23M,0.92%,11230000.0
21.11.2023,8.296,8.26,8.336,8.23,10.61M,0.12%,10610000.0
20.11.2023,8.286,8.28,8.332,8.27,12.60M,0.02%,12600000.0
17.11.2023,8.284,8.2,8.302,8.192,24.37M,1.42%,24370000.0
16.11.2023,8.168,8.22,8.26,8.166,10.86M,-0.66%,10860000.0
15.11.2023,8.222,8.2,8.3,8.172,11.85M,0.05%,11850000.0
14.11.2023,8.218,8.0,8.24,7.996,18.86M,2.67%,18860000.0
13.11.2023,8.004,7.898,8.024,7.898,12.74M,1.32%,12740000.0
10.11.2023,7.9,7.9,7.99,7.9,10.27M,-0.90%,10270000.0
09.11.2023,7.972,7.84,7.978,7.814,13.50M,1.79%,13500000.0
08.11.2023,7.832,7.666,7.862,7.662,17.02M,1.40%,17020000.0
07.11.2023,7.724,7.688,7.786,7.66,8.73M,0.08%,8730000.0
06.11.2023,7.718,7.708,7.766,7.652,10.69M,-0.21%,10690000.0
03.11.2023,7.734,7.684,7.746,7.624,13.74M,1.28%,13740000.0
02.11.2023,7.636,7.622,7.666,7.55,11.45M,0.61%,11450000.0
01.11.2023,7.59,7.478,7.648,7.426,11.48M,2.26%,11480000.0
31.10.2023,7.422,7.094,7.516,7.05,18.35M,-1.09%,18350000.0
30.10.2023,7.504,7.466,7.536,7.406,11.14M,0.83%,11140000.0
27.10.2023,7.442,7.516,7.624,7.414,11.43M,-0.27%,11430000.0
26.10.2023,7.462,7.378,7.474,7.306,15.55M,0.43%,15550000.0
25.10.2023,7.43,7.37,7.47,7.322,16.91M,0.51%,16910000.0
24.10.2023,7.392,7.522,7.528,7.36,19.72M,-1.73%,19720000.0
23.10.2023,7.522,7.522,7.544,7.43,9.43M,-0.24%,9430000.0
20.10.2023,7.54,7.59,7.618,7.52,14.94M,-1.10%,14940000.0
19.10.2023,7.624,7.666,7.68,7.566,15.06M,-0.83%,15060000.0
18.10.2023,7.688,7.766,7.798,7.668,14.54M,-0.72%,14540000.0
17.10.2023,7.744,7.698,7.758,7.654,24.42M,0.57%,24420000.0
16.10.2023,7.7,7.73,7.756,7.63,10.28M,0.23%,10280000.0
13.10.2023,7.682,7.78,7.808,7.65,12.67M,-1.49%,12670000.0
12.10.2023,7.798,7.792,7.846,7.748,14.34M,0.21%,14340000.0
11.10.2023,7.782,7.604,7.792,7.58,37.24M,1.73%,37240000.0
10.10.2023,7.65,7.492,7.708,7.492,12.84M,3.07%,12840000.0
09.10.2023,7.422,7.484,7.55,7.396,10.81M,-3.31%,10810000.0
06.10.2023,7.676,7.692,7.718,7.584,15.80M,0.44%,15800000.0
05.10.2023,7.642,7.686,7.746,7.576,12.88M,0.21%,12880000.0
04.10.2023,7.626,7.71,7.76,7.566,38.07M,-1.37%,38070000.0
03.10.2023,7.732,7.636,7.882,7.618,81.70M,0.52%,81700000.0
02.10.2023,7.692,7.72,7.822,7.666,79.61M,-0.23%,79610000.0
29.09.2023,7.71,7.678,7.756,7.636,19.30M,0.29%,19300000.0
28.09.2023,7.688,7.476,7.688,7.462,17.71M,3.25%,17710000.0
27.09.2023,7.446,7.354,7.47,7.33,9.51M,1.03%,9510000.0
26.09.2023,7.37,7.38,7.43,7.304,9.14M,-0.27%,9140000.0
25.09.2023,7.39,7.45,7.548,7.35,6.97M,-1.02%,6970000.0
22.09.2023,7.466,7.468,7.524,7.434,24.34M,-0.35%,24340000.0
21.09.2023,7.492,7.41,7.504,7.376,10.73M,-0.03%,10730000.0
20.09.2023,7.494,7.33,7.508,7.3,17.89M,2.46%,17890000.0
19.09.2023,7.314,7.134,7.314,7.084,9.90M,2.21%,9900000.0
18.09.2023,7.156,7.208,7.244,7.106,7.86M,-0.75%,7860000.0
15.09.2023,7.21,7.28,7.318,7.176,22.77M,-0.47%,22770000.0
14.09.2023,7.244,7.1,7.26,7.062,19.02M,1.77%,19020000.0
13.09.2023,7.118,7.092,7.158,7.056,6.35M,0.37%,6350000.0
12.09.2023,7.092,7.078,7.12,7.05,9.63M,0.31%,9630000.0
11.09.2023,7.07,7.028,7.12,7.012,7.85M,1.43%,7850000.0
08.09.2023,6.97,7.0,7.0,6.826,8.84M,0.37%,8840000.0
07.09.2023,6.944,7.0,7.068,6.942,9.17M,-1.08%,9170000.0
06.09.2023,7.02,7.148,7.152,6.996,15.10M,-1.90%,15100000.0
05.09.2023,7.156,7.224,7.254,7.144,12.93M,-1.81%,12930000.0
04.09.2023,7.288,7.302,7.358,7.262,3.65M,0.33%,3650000.0
01.09.2023,7.264,7.304,7.414,7.264,10.12M,-0.03%,10120000.0
31.08.2023,7.266,7.414,7.434,7.264,16.22M,-1.73%,16219999.999999998
30.08.2023,7.394,7.38,7.5,7.378,11.95M,0.60%,11950000.0
29.08.2023,7.35,7.312,7.382,7.274,10.42M,0.96%,10420000.0
28.08.2023,7.28,7.28,7.292,7.202,nan,1.82%,nan
25.08.2023,7.15,7.166,7.232,7.124,5.39M,-0.31%,5390000.0
24.08.2023,7.172,7.13,7.186,7.07,11.10M,1.33%,11100000.0
23.08.2023,7.078,7.142,7.214,7.044,6.37M,-0.70%,6370000.0
22.08.2023,7.128,7.142,7.208,7.116,6.79M,0.45%,6790000.0
21.08.2023,7.096,7.064,7.17,7.062,5.13M,0.51%,5130000.0
18.08.2023,7.06,7.034,7.072,6.99,6.68M,-0.25%,6680000.0
17.08.2023,7.078,7.066,7.17,7.034,7.48M,-0.17%,7480000.0
16.08.2023,7.09,7.064,7.156,7.048,11.53M,-0.31%,11530000.0
15.08.2023,7.112,7.204,7.222,7.042,5.89M,-1.25%,5890000.0
14.08.2023,7.202,7.164,7.302,7.164,8.07M,0.31%,8070000.0
11.08.2023,7.18,7.142,7.214,7.134,10.82M,0.20%,10820000.0
10.08.2023,7.166,6.964,7.2,6.95,21.91M,3.70%,21910000.0
09.08.2023,6.91,6.964,6.984,6.862,6.61M,1.11%,6610000.0
08.08.2023,6.834,6.87,6.896,6.69,13.06M,-1.92%,13060000.0
07.08.2023,6.968,6.948,6.99,6.856,6.15M,0.64%,6150000.0
04.08.2023,6.924,6.928,6.99,6.864,12.48M,0.76%,12480000.0
03.08.2023,6.872,6.83,6.884,6.762,12.33M,-0.09%,12330000.0
02.08.2023,6.878,6.9,6.964,6.822,15.65M,-1.74%,15650000.0
01.08.2023,7.0,7.21,7.24,6.97,11.74M,-2.91%,11740000.0
31.07.2023,7.21,7.376,7.386,7.186,11.52M,-1.66%,11520000.0
28.07.2023,7.332,7.25,7.438,7.162,21.80M,1.55%,21800000.0
27.07.2023,7.22,7.15,7.22,7.094,13.24M,1.52%,13240000.0
26.07.2023,7.112,7.12,7.144,7.016,9.33M,-0.25%,9330000.0
25.07.2023,7.13,7.12,7.162,7.088,4.84M,0.17%,4840000.0
24.07.2023,7.118,6.968,7.118,6.91,6.61M,-0.11%,6610000.0
21.07.2023,7.126,7.19,7.19,7.062,10.15M,-0.95%,10150000.0
20.07.2023,7.194,7.126,7.228,7.118,7.86M,1.27%,7860000.0
19.07.2023,7.104,7.18,7.206,7.05,7.15M,-0.81%,7150000.0
18.07.2023,7.162,7.146,7.174,7.064,7.15M,0.90%,7150000.0
17.07.2023,7.098,7.078,7.134,7.036,4.28M,0.25%,4280000.0
14.07.2023,7.08,7.09,7.176,7.062,6.84M,-0.17%,6840000.0
13.07.2023,7.092,7.076,7.154,7.04,8.37M,-0.20%,8369999.999999999
12.07.2023,7.106,6.954,7.128,6.954,10.06M,2.36%,10060000.0
11.07.2023,6.942,6.916,6.97,6.834,7.17M,0.93%,7170000.0
10.07.2023,6.878,6.854,6.964,6.844,5.72M,-0.23%,5720000.0
07.07.2023,6.894,6.848,6.926,6.792,7.85M,0.79%,7850000.0
06.07.2023,6.84,6.896,6.938,6.794,9.64M,-1.70%,9640000.0
05.07.2023,6.958,6.99,7.03,6.932,8.77M,-0.94%,8770000.0
04.07.2023,7.024,7.1,7.136,7.022,5.44M,-0.93%,5440000.0
03.07.2023,7.09,7.03,7.164,7.03,7.88M,0.82%,7880000.0
30.06.2023,7.032,6.98,7.128,6.96,18.40M,1.06%,18400000.0
29.06.2023,6.958,6.86,6.972,6.858,12.20M,1.52%,12200000.0
28.06.2023,6.854,6.794,6.86,6.782,8.46M,1.03%,8460000.0
27.06.2023,6.784,6.76,6.812,6.682,9.76M,0.53%,9760000.0
26.06.2023,6.748,6.662,6.754,6.534,9.44M,1.44%,9440000.0
23.06.2023,6.652,6.658,6.71,6.55,11.66M,-1.19%,11660000.0
22.06.2023,6.732,6.674,6.738,6.586,9.19M,-0.56%,9190000.0
21.06.2023,6.77,6.744,6.858,6.72,7.12M,0.45%,7120000.0
20.06.2023,6.74,6.764,6.808,6.714,5.88M,-0.85%,5880000.0
19.06.2023,6.798,6.772,6.856,6.758,5.92M,0.12%,5920000.0
16.06.2023,6.79,6.758,6.838,6.716,31.48M,0.83%,31480000.0
15.06.2023,6.734,6.75,6.796,6.686,11.10M,-0.62%,11100000.0
14.06.2023,6.776,6.546,6.814,6.54,17.04M,3.74%,17040000.0
13.06.2023,6.532,6.554,6.56,6.408,14.65M,-0.34%,14650000.0
12.06.2023,6.554,6.554,6.606,6.498,7.50M,0.68%,7500000.0
09.06.2023,6.51,6.594,6.634,6.426,7.31M,-1.15%,7310000.0
08.06.2023,6.586,6.54,6.686,6.522,11.15M,1.51%,11150000.0
07.06.2023,6.488,6.492,6.51,6.364,9.04M,0.15%,9040000.0
06.06.2023,6.478,6.434,6.486,6.398,8.16M,0.22%,8160000.0
05.06.2023,6.464,6.516,6.57,6.398,21.45M,-0.40%,21450000.0
02.06.2023,6.49,6.332,6.498,6.288,12.19M,3.74%,12190000.0
01.06.2023,6.256,6.216,6.324,6.182,8.46M,2.22%,8460000.0
31.05.2023,6.12,6.3,6.36,6.058,83.95M,-3.74%,83950000.0
30.05.2023,6.358,6.382,6.492,6.314,10.62M,-0.66%,10620000.0
29.05.2023,6.4,6.55,6.55,6.36,5.25M,-1.23%,5250000.0
26.05.2023,6.48,6.41,6.504,6.296,8.26M,1.00%,8260000.0
25.05.2023,6.416,6.33,6.462,6.286,13.07M,1.20%,13070000.0
24.05.2023,6.34,6.39,6.414,6.296,17.61M,-2.34%,17610000.0
23.05.2023,6.492,6.51,6.51,6.462,6.75M,-0.18%,6750000.0
22.05.2023,6.504,6.46,6.568,6.46,11.12M,0.18%,11120000.0
19.05.2023,6.492,6.5,6.544,6.466,13.64M,0.43%,13640000.0
18.05.2023,6.464,6.44,6.504,6.406,8.61M,1.51%,8610000.0
17.05.2023,6.368,6.25,6.368,6.25,7.95M,1.08%,7950000.0
16.05.2023,6.3,6.316,6.35,6.244,8.07M,-0.35%,8070000.0
15.05.2023,6.322,6.466,6.528,6.276,15.65M,-4.18%,15650000.0
12.05.2023,6.598,6.576,6.652,6.568,15.09M,0.92%,15090000.0
11.05.2023,6.538,6.3,6.57,6.298,17.82M,3.74%,17820000.0
10.05.2023,6.302,6.37,6.422,6.256,7.76M,-0.13%,7760000.0
09.05.2023,6.31,6.376,6.424,6.266,6.91M,-1.22%,6910000.0
08.05.2023,6.388,6.34,6.406,6.336,5.45M,1.56%,5450000.0
05.05.2023,6.29,6.238,6.298,6.134,14.12M,1.78%,14120000.0
04.05.2023,6.18,6.268,6.312,6.114,11.03M,-1.75%,11030000.0
03.05.2023,6.29,6.5,6.516,6.218,23.86M,-1.78%,23860000.0
02.05.2023,6.404,6.698,6.698,6.386,12.24M,-3.70%,12240000.0
28.04.2023,6.65,6.95,6.95,6.614,13.84M,-3.48%,13840000.0
27.04.2023,6.89,6.704,6.896,6.658,12.62M,3.11%,12620000.0
26.04.2023,6.682,6.6,6.694,6.484,11.34M,0.51%,11340000.0
25.04.2023,6.648,6.716,6.724,6.614,9.04M,-2.44%,9040000.0
24.04.2023,6.814,6.732,6.838,6.702,10.99M,0.47%,10990000.0
21.04.2023,6.782,6.752,6.782,6.678,14.78M,-0.47%,14780000.0
20.04.2023,6.814,6.99,7.048,6.756,10.68M,-1.50%,10680000.0
19.04.2023,6.918,6.848,6.944,6.816,12.20M,0.82%,12200000.0
18.04.2023,6.862,6.78,6.928,6.772,15.65M,2.23%,15650000.0
17.04.2023,6.712,6.832,6.86,6.68,18.79M,-1.38%,18790000.0
14.04.2023,6.806,6.65,6.806,6.616,64.72M,2.69%,64720000.0
13.04.2023,6.628,6.598,6.664,6.586,51.06M,0.45%,51060000.0
12.04.2023,6.598,6.486,6.678,6.486,61.37M,1.79%,61370000.0
11.04.2023,6.482,6.624,6.686,6.476,170.54M,-1.49%,170540000.0
06.04.2023,6.58,6.496,6.604,6.49,12.54M,1.86%,12540000.0
05.04.2023,6.46,6.406,6.492,6.376,14.63M,1.16%,14630000.0
04.04.2023,6.386,6.288,6.508,6.288,11.83M,1.75%,11830000.0
03.04.2023,6.276,6.28,6.418,6.272,14.52M,-4.49%,14520000.0
31.03.2023,6.571,6.66,6.695,6.543,43.52M,-0.73%,43520000.0
30.03.2023,6.619,6.599,6.69,6.547,71.77M,2.13%,71770000.0
29.03.2023,6.481,6.38,6.497,6.36,70.32M,2.16%,70320000.0
28.03.2023,6.344,6.35,6.399,6.241,137.23M,1.41%,137230000.0
27.03.2023,6.256,6.252,6.332,6.122,72.70M,2.07%,72700000.0
24.03.2023,6.129,6.35,6.35,6.021,28.08M,-4.43%,28080000.0
23.03.2023,6.413,6.45,6.579,6.374,20.91M,-2.61%,20910000.0
22.03.2023,6.585,6.538,6.754,6.489,29.35M,0.27%,29350000.0
21.03.2023,6.567,6.358,6.632,6.356,24.75M,5.39%,24750000.0
20.03.2023,6.231,5.99,6.329,5.735,35.74M,3.23%,35740000.0
17.03.2023,6.036,6.275,6.405,5.967,34.55M,-3.49%,34550000.0
16.03.2023,6.254,6.39,6.398,6.042,27.26M,3.41%,27260000.0
15.03.2023,6.048,6.681,6.687,5.929,49.37M,-9.60%,49370000.0
14.03.2023,6.69,6.43,6.729,6.371,24.00M,3.42%,24000000.0
13.03.2023,6.469,7.05,7.05,6.374,43.02M,-8.24%,43020000.0
10.03.2023,7.05,7.04,7.1,6.94,20.60M,-3.41%,20600000.0
09.03.2023,7.299,7.3,7.33,7.278,7.43M,-0.30%,7430000.0
08.03.2023,7.321,7.253,7.353,7.183,8.37M,0.47%,8369999.999999999
07.03.2023,7.287,7.45,7.555,7.287,14.56M,-2.14%,14560000.0
06.03.2023,7.446,7.4,7.454,7.37,6.98M,0.92%,6980000.0
03.03.2023,7.378,7.276,7.388,7.258,8.31M,1.63%,8310000.000000001
02.03.2023,7.26,7.205,7.262,7.135,9.82M,0.48%,9820000.0
01.03.2023,7.225,7.412,7.431,7.2,15.33M,-2.01%,15330000.0
28.02.2023,7.373,7.151,7.45,7.129,35.46M,2.59%,35460000.0
27.02.2023,7.187,7.07,7.22,7.064,11.03M,2.26%,11030000.0
24.02.2023,7.028,7.037,7.109,7.02,16.49M,-0.07%,16489999.999999998
23.02.2023,7.033,6.963,7.052,6.961,9.96M,1.24%,9960000.0
22.02.2023,6.947,6.923,6.95,6.878,11.97M,-0.30%,11970000.0
21.02.2023,6.968,6.958,6.989,6.842,8.37M,-0.07%,8369999.999999999
20.02.2023,6.973,7.001,7.023,6.964,5.04M,-0.04%,5040000.0
17.02.2023,6.976,6.953,7.015,6.927,24.01M,-0.49%,24010000.0
16.02.2023,7.01,6.915,7.015,6.914,18.85M,1.86%,18850000.0
15.02.2023,6.882,6.856,6.904,6.811,11.76M,0.10%,11760000.0
14.02.2023,6.875,6.849,6.957,6.809,12.32M,0.64%,12320000.0
13.02.2023,6.831,6.75,6.841,6.749,20.10M,1.35%,20100000.0
10.02.2023,6.74,6.78,6.818,6.696,9.95M,-0.88%,9950000.0
09.02.2023,6.8,6.798,6.828,6.65,11.73M,0.70%,11730000.0
08.02.2023,6.753,6.82,6.82,6.721,14.73M,-0.35%,14730000.0
07.02.2023,6.777,6.812,6.849,6.735,11.21M,-0.19%,11210000.0
06.02.2023,6.79,6.844,6.848,6.772,10.80M,-1.69%,10800000.0
03.02.2023,6.907,6.784,6.928,6.765,16.18M,1.60%,16180000.0
02.02.2023,6.798,6.723,6.96,6.7,21.94M,0.46%,21940000.0
01.02.2023,6.767,6.5,6.79,6.482,32.23M,4.70%,32229999.999999996
31.01.2023,6.463,6.46,6.482,6.375,13.75M,0.37%,13750000.0
30.01.2023,6.439,6.41,6.466,6.372,6.88M,0.08%,6880000.0
27.01.2023,6.434,6.45,6.507,6.404,18.64M,0.26%,18640000.0
26.01.2023,6.417,6.332,6.447,6.329,19.02M,1.99%,19020000.0
25.01.2023,6.292,6.356,6.381,6.264,16.92M,-2.16%,16920000.0
24.01.2023,6.431,6.461,6.507,6.35,9.18M,-0.29%,9180000.0
23.01.2023,6.45,6.387,6.508,6.34,11.26M,1.30%,11260000.0
20.01.2023,6.367,6.369,6.402,6.315,16.92M,0.90%,16920000.0
19.01.2023,6.31,6.39,6.413,6.191,18.79M,-2.06%,18790000.0
18.01.2023,6.443,6.404,6.486,6.404,15.19M,0.44%,15190000.0
17.01.2023,6.415,6.398,6.449,6.388,11.52M,0.27%,11520000.0
16.01.2023,6.398,6.37,6.414,6.34,7.11M,0.57%,7110000.0
13.01.2023,6.362,6.337,6.412,6.287,12.72M,0.65%,12720000.0
12.01.2023,6.321,6.295,6.357,6.252,13.22M,0.77%,13220000.0
11.01.2023,6.273,6.33,6.333,6.251,12.18M,-0.59%,12180000.0
10.01.2023,6.31,6.25,6.329,6.237,12.86M,0.53%,12860000.0
09.01.2023,6.277,6.21,6.286,6.201,19.67M,1.08%,19670000.0
06.01.2023,6.21,6.17,6.228,6.155,12.50M,0.91%,12500000.0
05.01.2023,6.154,6.07,6.168,6.04,15.48M,0.89%,15480000.0
04.01.2023,6.1,5.9,6.1,5.899,24.33M,3.94%,24330000.0
03.01.2023,5.869,5.763,5.899,5.74,13.86M,1.50%,13860000.0
02.01.2023,5.782,5.691,5.786,5.669,7.79M,2.63%,7790000.0
30.12.2022,5.634,5.683,5.688,5.63,7.80M,-1.19%,7800000.0
29.12.2022,5.702,5.628,5.72,5.61,8.44M,0.83%,8440000.0
28.12.2022,5.655,5.656,5.687,5.636,5.82M,0.11%,5820000.0
27.12.2022,5.649,5.667,5.69,5.629,6.96M,-0.30%,6960000.0
23.12.2022,5.666,5.65,5.693,5.622,6.92M,0.44%,6920000.0
22.12.2022,5.641,5.689,5.72,5.625,12.37M,-0.81%,12370000.0
21.12.2022,5.687,5.577,5.687,5.538,13.72M,2.34%,13720000.0
20.12.2022,5.557,5.374,5.583,5.355,17.60M,2.83%,17600000.0
19.12.2022,5.404,5.4,5.428,5.374,9.29M,0.11%,9290000.0
16.12.2022,5.398,5.316,5.425,5.301,34.32M,1.16%,34320000.0
15.12.2022,5.336,5.532,5.534,5.317,18.17M,-3.63%,18170000.0
14.12.2022,5.537,5.527,5.537,5.463,10.76M,-0.34%,10760000.0
13.12.2022,5.556,5.5,5.629,5.485,17.16M,1.22%,17160000.0
12.12.2022,5.489,5.513,5.531,5.463,10.47M,-0.80%,10470000.0
09.12.2022,5.533,5.52,5.539,5.473,10.82M,0.38%,10820000.0
08.12.2022,5.512,5.53,5.546,5.497,8.17M,-0.09%,8170000.0
07.12.2022,5.517,5.519,5.555,5.488,9.47M,-0.47%,9470000.0
06.12.2022,5.543,5.52,5.568,5.453,11.07M,-0.20%,11070000.0
05.12.2022,5.554,5.582,5.612,5.544,8.40M,-1.03%,8400000.0
02.12.2022,5.612,5.552,5.619,5.518,11.73M,0.83%,11730000.0
01.12.2022,5.566,5.64,5.665,5.564,15.28M,-0.82%,15280000.0
30.11.2022,5.612,5.611,5.642,5.535,70.04M,-0.21%,70040000.0
29.11.2022,5.624,5.561,5.663,5.525,12.41M,1.52%,12410000.0
28.11.2022,5.54,5.593,5.628,5.54,10.05M,-1.79%,10050000.0
25.11.2022,5.641,5.59,5.644,5.572,11.96M,1.09%,11960000.0
24.11.2022,5.58,5.536,5.598,5.524,8.36M,0.79%,8359999.999999999
23.11.2022,5.536,5.517,5.559,5.465,12.08M,0.31%,12080000.0
22.11.2022,5.519,5.46,5.557,5.459,13.24M,1.17%,13240000.0
21.11.2022,5.455,5.41,5.498,5.41,13.63M,0.13%,13630000.0
18.11.2022,5.448,5.38,5.448,5.354,16.37M,2.18%,16370000.000000002
17.11.2022,5.332,5.38,5.39,5.292,21.51M,-0.56%,21510000.0
16.11.2022,5.362,5.396,5.425,5.351,10.82M,-0.91%,10820000.0
15.11.2022,5.411,5.381,5.444,5.339,14.25M,0.78%,14250000.0
14.11.2022,5.369,5.3,5.385,5.267,9.24M,1.36%,9240000.0
11.11.2022,5.297,5.29,5.335,5.223,12.20M,-0.17%,12200000.0
10.11.2022,5.306,5.26,5.347,5.207,16.91M,0.36%,16910000.0
09.11.2022,5.287,5.294,5.392,5.286,20.35M,-0.62%,20350000.0
08.11.2022,5.32,5.34,5.357,5.299,8.61M,-0.32%,8610000.0
07.11.2022,5.337,5.283,5.37,5.255,9.77M,0.62%,9770000.0
04.11.2022,5.304,5.285,5.338,5.227,12.71M,1.47%,12710000.0
03.11.2022,5.227,5.253,5.253,5.154,12.19M,-1.12%,12190000.0
02.11.2022,5.286,5.298,5.333,5.261,12.86M,0.59%,12860000.0
01.11.2022,5.255,5.249,5.299,5.229,11.44M,0.88%,11440000.0
31.10.2022,5.209,5.24,5.272,5.172,15.56M,-0.71%,15560000.0
28.10.2022,5.246,5.197,5.248,5.021,20.86M,-0.23%,20860000.0
27.10.2022,5.258,5.206,5.258,5.127,13.73M,0.71%,13730000.0
26.10.2022,5.221,5.269,5.29,5.183,12.92M,-0.17%,12920000.0
25.10.2022,5.23,5.204,5.265,5.134,15.24M,0.79%,15240000.0
24.10.2022,5.189,5.06,5.207,5.027,19.20M,3.79%,19200000.0
21.10.2022,4.999,5.01,5.032,4.903,14.47M,-0.94%,14470000.0
20.10.2022,5.047,4.94,5.074,4.935,14.98M,1.65%,14980000.0
19.10.2022,4.965,4.96,4.988,4.89,16.02M,0.43%,16020000.0
18.10.2022,4.944,4.883,5.016,4.869,87.79M,1.76%,87790000.0
17.10.2022,4.858,4.747,4.891,4.718,104.74M,2.35%,104740000.0
14.10.2022,4.747,4.791,4.84,4.727,14.57M,0.54%,14570000.0
13.10.2022,4.721,4.55,4.74,4.532,14.50M,3.01%,14500000.0
12.10.2022,4.583,4.556,4.6,4.506,9.11M,0.12%,9110000.0
11.10.2022,4.577,4.596,4.6,4.521,9.57M,-0.92%,9570000.0
10.10.2022,4.62,4.58,4.655,4.577,9.59M,0.00%,9590000.0
07.10.2022,4.62,4.674,4.728,4.594,13.69M,-3.74%,13690000.0
06.10.2022,4.799,4.854,4.864,4.78,11.13M,-0.43%,11130000.0
05.10.2022,4.82,4.869,4.905,4.792,19.75M,-1.67%,19750000.0
04.10.2022,4.902,4.76,4.938,4.719,76.39M,4.69%,76390000.0
03.10.2022,4.682,4.568,4.691,4.512,32.50M,1.34%,32500000.0
30.09.2022,4.621,4.598,4.632,4.543,19.08M,1.49%,19080000.0
29.09.2022,4.552,4.606,4.634,4.502,38.24M,-1.96%,38240000.0
28.09.2022,4.643,4.6,4.667,4.517,15.61M,0.03%,15610000.0
27.09.2022,4.642,4.82,4.826,4.582,17.43M,-2.10%,17430000.0
26.09.2022,4.741,4.702,4.801,4.675,14.38M,-0.35%,14380000.0
23.09.2022,4.758,4.883,4.887,4.67,17.83M,-2.90%,17830000.0
22.09.2022,4.9,4.86,5.006,4.834,11.70M,-0.63%,11700000.0
21.09.2022,4.931,4.861,4.988,4.837,13.23M,0.41%,13230000.0
20.09.2022,4.911,4.929,4.985,4.881,12.26M,-0.05%,12260000.0
19.09.2022,4.913,4.912,4.957,4.861,10.50M,-0.28%,10500000.0
16.09.2022,4.927,4.896,4.959,4.841,52.70M,-1.19%,52700000.0
15.09.2022,4.987,4.907,5.023,4.904,19.26M,2.23%,19260000.0
14.09.2022,4.878,4.854,4.956,4.831,13.57M,-0.18%,13570000.0
13.09.2022,4.887,4.965,4.995,4.851,18.77M,-1.39%,18770000.0
12.09.2022,4.956,4.894,4.979,4.876,43.15M,2.14%,43150000.0
09.09.2022,4.852,4.74,4.878,4.707,19.01M,4.91%,19010000.0
08.09.2022,4.625,4.547,4.668,4.493,22.87M,3.00%,22870000.0
07.09.2022,4.49,4.444,4.502,4.409,8.85M,-0.04%,8850000.0
06.09.2022,4.492,4.459,4.519,4.42,8.13M,0.51%,8130000.000000001
05.09.2022,4.47,4.431,4.471,4.395,8.44M,-2.00%,8440000.0
02.09.2022,4.561,4.507,4.574,4.449,10.37M,2.82%,10370000.0
01.09.2022,4.436,4.45,4.509,4.399,11.20M,-1.25%,11200000.0
31.08.2022,4.491,4.5,4.542,4.467,16.89M,0.11%,16890000.0
30.08.2022,4.486,4.46,4.606,4.43,11.89M,1.20%,11890000.0
29.08.2022,4.433,4.403,4.468,4.356,8.92M,-0.44%,8920000.0
26.08.2022,4.453,4.56,4.587,4.431,10.32M,-1.51%,10320000.0
25.08.2022,4.522,4.596,4.596,4.481,7.55M,-0.51%,7550000.0
24.08.2022,4.544,4.558,4.58,4.503,8.19M,-0.89%,8189999.999999999
23.08.2022,4.585,4.531,4.617,4.515,9.61M,0.76%,9610000.0
22.08.2022,4.551,4.656,4.672,4.508,15.59M,-3.07%,15590000.0
19.08.2022,4.695,4.826,4.851,4.659,17.91M,-3.36%,17910000.0
18.08.2022,4.858,4.824,4.911,4.819,12.41M,0.70%,12410000.0
17.08.2022,4.824,4.887,4.947,4.819,14.58M,-0.68%,14580000.0
16.08.2022,4.857,4.82,4.871,4.799,15.47M,1.25%,15470000.0
15.08.2022,4.797,4.798,4.8,4.737,14.91M,0.42%,14910000.0
12.08.2022,4.777,4.75,4.801,4.747,15.00M,1.02%,15000000.0
11.08.2022,4.729,4.733,4.749,4.709,13.04M,0.42%,13040000.0
10.08.2022,4.709,4.681,4.71,4.655,14.16M,0.66%,14160000.0
09.08.2022,4.678,4.642,4.719,4.635,13.75M,0.68%,13750000.0
08.08.2022,4.647,4.668,4.681,4.595,13.27M,0.55%,13270000.0
05.08.2022,4.621,4.576,4.65,4.568,13.91M,0.25%,13910000.0
04.08.2022,4.609,4.56,4.664,4.557,14.94M,1.12%,14940000.0
03.08.2022,4.558,4.432,4.565,4.395,21.06M,3.24%,21060000.0
02.08.2022,4.416,4.365,4.456,4.36,18.14M,1.15%,18140000.0
01.08.2022,4.365,4.417,4.511,4.36,16.47M,-1.17%,16469999.999999998
29.07.2022,4.417,4.312,4.445,4.28,37.56M,5.97%,37560000.0
28.07.2022,4.168,4.194,4.209,4.121,20.74M,0.19%,20740000.0
27.07.2022,4.16,4.126,4.176,4.11,13.79M,1.32%,13790000.0
26.07.2022,4.106,4.162,4.167,4.087,16.09M,-2.17%,16090000.0
25.07.2022,4.197,4.14,4.218,4.138,12.69M,1.18%,12690000.0
22.07.2022,4.148,4.17,4.232,4.13,16.41M,-1.25%,16410000.0
21.07.2022,4.201,4.135,4.3,4.122,21.15M,0.73%,21150000.0
20.07.2022,4.17,4.286,4.31,4.109,23.88M,-2.12%,23880000.0
19.07.2022,4.26,4.073,4.279,4.06,20.50M,3.91%,20500000.0
18.07.2022,4.1,4.17,4.19,4.064,23.01M,-0.02%,23010000.0
15.07.2022,4.101,4.0,4.118,3.972,24.92M,2.54%,24920000.0
14.07.2022,4.0,4.104,4.137,3.986,20.21M,-3.11%,20210000.0
13.07.2022,4.128,4.175,4.175,4.06,21.97M,0.11%,21970000.0
12.07.2022,4.123,4.251,4.271,3.993,31.61M,-3.77%,31610000.0
11.07.2022,4.285,4.307,4.38,4.264,24.86M,-2.55%,24860000.0
08.07.2022,4.397,4.352,4.44,4.306,15.26M,0.79%,15260000.0
07.07.2022,4.363,4.295,4.408,4.282,20.15M,3.63%,20150000.0
06.07.2022,4.209,4.266,4.305,4.161,19.66M,-0.13%,19660000.0
05.07.2022,4.215,4.415,4.439,4.215,17.45M,-3.62%,17450000.0
04.07.2022,4.373,4.366,4.407,4.317,17.81M,1.39%,17810000.0
01.07.2022,4.313,4.302,4.424,4.275,16.96M,-0.39%,16960000.0
30.06.2022,4.331,4.3,4.344,4.202,19.58M,0.30%,19580000.0
29.06.2022,4.318,4.357,4.403,4.31,10.37M,-2.08%,10370000.0
28.06.2022,4.409,4.45,4.498,4.401,11.80M,-0.11%,11800000.0
27.06.2022,4.414,4.36,4.457,4.36,18.76M,1.63%,18760000.0
24.06.2022,4.343,4.265,4.354,4.212,29.51M,2.36%,29510000.0
23.06.2022,4.243,4.316,4.375,4.213,16.54M,-2.96%,16540000.0
22.06.2022,4.372,4.24,4.416,4.205,19.04M,1.50%,19040000.0
21.06.2022,4.308,4.337,4.42,4.288,16.31M,-0.50%,16309999.999999998
20.06.2022,4.33,4.293,4.354,4.24,14.58M,1.33%,14580000.0
17.06.2022,4.273,4.228,4.381,4.195,61.43M,2.41%,61430000.0
16.06.2022,4.172,4.25,4.252,4.128,24.82M,-2.10%,24820000.0
15.06.2022,4.261,4.346,4.347,4.258,25.68M,1.61%,25680000.0
14.06.2022,4.194,4.232,4.261,4.143,24.18M,0.96%,24180000.0
13.06.2022,4.154,4.31,4.315,4.154,35.46M,-3.63%,35460000.0
10.06.2022,4.311,4.686,4.686,4.311,51.19M,-9.13%,51190000.0
09.06.2022,4.744,4.946,4.95,4.744,27.64M,-4.69%,27640000.0
08.06.2022,4.977,5.05,5.051,4.948,11.90M,-1.23%,11900000.0
07.06.2022,5.039,5.075,5.107,5.036,8.67M,-1.27%,8670000.0
06.06.2022,5.104,4.994,5.119,4.992,9.49M,2.96%,9490000.0
03.06.2022,4.957,5.021,5.034,4.942,7.83M,-0.62%,7830000.0
02.06.2022,4.989,5.035,5.052,4.968,9.12M,-0.39%,9120000.0
01.06.2022,5.008,5.11,5.139,5.001,13.53M,-1.40%,13530000.0
31.05.2022,5.079,5.123,5.16,5.046,24.68M,-1.32%,24680000.0
30.05.2022,5.147,5.08,5.147,5.061,24.52M,2.10%,24520000.0
27.05.2022,5.041,5.012,5.044,4.968,14.88M,0.68%,14880000.0
26.05.2022,5.007,4.928,5.019,4.916,17.37M,2.29%,17370000.0
25.05.2022,4.895,4.9,4.951,4.828,15.40M,1.04%,15400000.0
24.05.2022,4.845,4.818,4.91,4.795,16.52M,-0.54%,16520000.0
23.05.2022,4.871,4.841,4.871,4.786,13.31M,2.60%,13310000.0
20.05.2022,4.747,4.816,4.828,4.735,24.91M,-0.40%,24910000.0
19.05.2022,4.766,4.814,4.82,4.701,13.75M,-1.80%,13750000.0
18.05.2022,4.854,4.91,4.968,4.832,19.25M,-0.95%,19250000.0
17.05.2022,4.9,4.9,4.929,4.873,11.19M,1.08%,11190000.0
16.05.2022,4.848,4.804,4.87,4.769,14.41M,-0.04%,14410000.0
13.05.2022,4.85,4.763,4.857,4.754,22.72M,3.01%,22720000.0
12.05.2022,4.708,4.627,4.755,4.613,23.75M,-0.82%,23750000.0
11.05.2022,4.747,4.677,4.797,4.576,26.42M,2.32%,26420000.0
10.05.2022,4.64,4.648,4.813,4.633,24.83M,1.33%,24830000.0
09.05.2022,4.579,4.633,4.695,4.579,20.68M,-0.22%,20680000.0
06.05.2022,4.589,4.6,4.662,4.505,26.66M,-0.02%,26660000.0
05.05.2022,4.59,4.88,4.902,4.59,38.66M,-3.77%,38660000.0
04.05.2022,4.77,4.918,4.924,4.756,nan,-2.55%,nan
03.05.2022,4.895,4.9,4.977,4.865,25.17M,1.03%,25170000.0
02.05.2022,4.845,4.972,5.031,4.844,nan,-4.23%,nan
29.04.2022,5.059,4.891,5.059,4.86,24.73M,6.55%,24730000.0
28.04.2022,4.748,4.805,4.821,4.681,17.79M,1.13%,17790000.0
27.04.2022,4.695,4.776,4.78,4.64,24.34M,0.27%,24340000.0
26.04.2022,4.682,4.926,4.926,4.682,36.77M,-2.66%,36770000.0
25.04.2022,4.811,4.9,4.943,4.811,26.41M,-3.91%,26410000.0
22.04.2022,5.006,5.105,5.168,5.006,15.31M,-2.83%,15310000.0
21.04.2022,5.152,5.122,5.178,5.108,11.78M,1.20%,11780000.0
20.04.2022,5.091,5.105,5.202,5.085,19.70M,0.18%,19700000.0
19.04.2022,5.082,5.02,5.115,4.971,176.77M,0.95%,176770000.0
14.04.2022,5.034,4.955,5.073,4.936,48.49M,1.63%,48490000.0
13.04.2022,4.953,4.952,4.994,4.912,71.75M,-0.33%,71750000.0
12.04.2022,4.97,4.873,5.054,4.841,23.14M,0.16%,23140000.0
11.04.2022,4.962,4.929,5.054,4.906,49.22M,1.41%,49220000.0
08.04.2022,4.893,4.929,4.999,4.892,24.40M,0.98%,24400000.0
07.04.2022,4.845,4.885,4.995,4.833,61.46M,-0.23%,61460000.0
06.04.2022,4.857,5.098,5.122,4.808,39.50M,-7.50%,39500000.0
05.04.2022,5.25,5.319,5.319,5.204,42.62M,-1.35%,42620000.0
04.04.2022,5.322,5.343,5.343,5.22,79.98M,0.60%,79980000.0
01.04.2022,5.29,5.263,5.321,5.235,35.33M,1.54%,35330000.0
31.03.2022,5.21,5.344,5.422,5.21,59.68M,-3.34%,59680000.0
30.03.2022,5.39,5.461,5.471,5.357,16.88M,-2.02%,16880000.0
29.03.2022,5.501,5.23,5.553,5.208,35.11M,6.71%,35110000.0
28.03.2022,5.155,5.12,5.292,5.12,33.03M,0.78%,33030000.0
25.03.2022,5.115,5.11,5.137,5.055,18.06M,-0.10%,18060000.0
24.03.2022,5.12,5.26,5.265,5.12,58.15M,-1.52%,58150000.0
23.03.2022,5.199,5.356,5.382,5.199,26.56M,-3.09%,26560000.0
22.03.2022,5.365,5.328,5.4,5.327,20.70M,1.42%,20700000.0
21.03.2022,5.29,5.271,5.384,5.268,13.79M,0.19%,13790000.0
18.03.2022,5.28,5.303,5.324,5.225,35.21M,-0.23%,35210000.0
17.03.2022,5.292,5.389,5.42,5.221,24.82M,-1.49%,24820000.0
16.03.2022,5.372,5.275,5.45,5.244,28.73M,4.64%,28730000.0
15.03.2022,5.134,5.046,5.194,5.002,20.20M,0.57%,20200000.0
14.03.2022,5.105,5.0,5.155,4.985,25.81M,2.24%,25810000.0
11.03.2022,4.993,5.023,5.29,4.924,29.31M,0.03%,29310000.0
10.03.2022,4.991,5.0,5.111,4.898,30.09M,-0.07%,30090000.0
09.03.2022,4.995,4.775,5.001,4.742,42.28M,8.67%,42280000.0
08.03.2022,4.596,4.4,4.742,4.384,38.63M,2.47%,38630000.0
07.03.2022,4.485,4.598,4.655,4.445,51.00M,-6.54%,51000000.0
04.03.2022,4.799,5.05,5.115,4.792,47.43M,-5.71%,47430000.0
03.03.2022,5.09,5.226,5.268,5.055,33.18M,-1.89%,33180000.0
02.03.2022,5.188,5.069,5.246,4.97,45.36M,2.05%,45360000.0
01.03.2022,5.084,5.269,5.372,5.084,47.11M,-3.89%,47110000.0
28.02.2022,5.29,5.258,5.321,5.162,43.88M,-2.67%,43880000.0
25.02.2022,5.435,5.3,5.486,5.213,43.03M,2.57%,43030000.0
24.02.2022,5.299,5.344,5.45,5.234,59.14M,-6.28%,59140000.0
23.02.2022,5.654,5.7,5.766,5.634,19.44M,0.19%,19440000.0
22.02.2022,5.643,5.476,5.732,5.45,29.67M,0.39%,29670000.0
21.02.2022,5.621,5.772,5.806,5.592,20.44M,-1.59%,20440000.0
18.02.2022,5.712,5.757,5.814,5.689,18.10M,-0.63%,18100000.0
17.02.2022,5.748,5.779,5.833,5.71,23.50M,-1.17%,23500000.0
16.02.2022,5.816,5.9,5.941,5.741,21.10M,-0.99%,21100000.0
15.02.2022,5.874,5.681,5.881,5.665,20.90M,2.50%,20900000.0
14.02.2022,5.731,5.75,5.823,5.676,28.73M,-3.96%,28730000.0
11.02.2022,5.967,6.0,6.035,5.934,19.10M,-1.47%,19100000.0
10.02.2022,6.056,5.945,6.12,5.941,37.01M,0.68%,37010000.0
09.02.2022,6.015,5.9,6.015,5.86,24.24M,2.21%,24240000.0
08.02.2022,5.885,5.75,5.893,5.745,22.75M,2.35%,22750000.0
07.02.2022,5.75,5.745,5.771,5.649,37.76M,1.13%,37760000.0
04.02.2022,5.686,5.74,5.78,5.587,30.49M,-0.16%,30490000.0
03.02.2022,5.695,5.649,5.787,5.505,55.90M,-2.06%,55900000.0
02.02.2022,5.815,5.8,5.9,5.753,33.29M,1.10%,33290000.0
01.02.2022,5.752,5.685,5.753,5.645,24.69M,2.09%,24690000.0
31.01.2022,5.634,5.704,5.72,5.608,17.20M,-0.18%,17200000.0
28.01.2022,5.644,5.63,5.668,5.581,16.61M,-0.69%,16610000.0
27.01.2022,5.683,5.543,5.759,5.543,16.40M,1.09%,16399999.999999998
26.01.2022,5.622,5.52,5.681,5.52,33.49M,2.29%,33490000.000000004
25.01.2022,5.496,5.42,5.543,5.419,24.16M,1.20%,24160000.0
24.01.2022,5.431,5.574,5.595,5.387,28.26M,-3.47%,28260000.0
21.01.2022,5.626,5.61,5.7,5.586,21.12M,-1.35%,21120000.0
20.01.2022,5.703,5.664,5.758,5.642,15.41M,0.19%,15410000.0
19.01.2022,5.692,5.77,5.821,5.692,28.35M,-1.54%,28350000.0
18.01.2022,5.781,5.738,5.81,5.73,17.00M,0.00%,17000000.0
17.01.2022,5.781,5.8,5.833,5.768,23.02M,0.26%,23020000.0
14.01.2022,5.766,5.706,5.782,5.698,15.74M,0.12%,15740000.0
13.01.2022,5.759,5.705,5.771,5.66,17.30M,1.07%,17300000.0
12.01.2022,5.698,5.654,5.719,5.631,15.03M,1.84%,15030000.0
11.01.2022,5.595,5.58,5.655,5.577,18.27M,0.32%,18270000.0
10.01.2022,5.577,5.611,5.68,5.553,20.40M,-0.18%,20400000.0
07.01.2022,5.587,5.482,5.587,5.458,19.76M,2.36%,19760000.0
06.01.2022,5.458,5.31,5.458,5.291,19.91M,1.45%,19910000.0
05.01.2022,5.38,5.401,5.43,5.38,14.65M,-0.24%,14650000.0
04.01.2022,5.393,5.3,5.44,5.291,17.06M,2.53%,17060000.0
03.01.2022,5.26,5.27,5.32,5.22,12.90M,0.19%,12900000.0
30.12.2021,5.25,5.246,5.282,5.233,13.97M,-0.30%,13970000.0
29.12.2021,5.266,5.222,5.266,5.206,11.36M,0.34%,11360000.0
28.12.2021,5.248,5.212,5.275,5.201,13.65M,0.34%,13650000.0
27.12.2021,5.23,5.1,5.252,5.091,11.19M,1.16%,11190000.0
23.12.2021,5.17,5.121,5.206,5.109,13.67M,1.43%,13670000.0
22.12.2021,5.097,5.062,5.107,5.027,13.81M,0.69%,13810000.0
21.12.2021,5.062,5.06,5.07,4.989,19.77M,2.35%,19770000.0
20.12.2021,4.946,4.8,4.998,4.78,23.76M,-1.03%,23760000.0
17.12.2021,4.997,5.06,5.154,4.827,54.09M,-2.73%,54090000.0
16.12.2021,5.138,5.162,5.212,5.107,20.20M,0.86%,20200000.0
15.12.2021,5.094,5.125,5.175,5.093,14.83M,-0.51%,14830000.0
14.12.2021,5.12,5.126,5.203,5.062,19.82M,0.20%,19820000.0
13.12.2021,5.11,5.11,5.204,5.09,23.53M,0.00%,23530000.0
10.12.2021,5.11,5.1,5.146,5.041,27.87M,-0.87%,27870000.0
09.12.2021,5.155,5.176,5.235,5.142,18.45M,-0.92%,18450000.0
08.12.2021,5.203,5.102,5.287,5.096,36.77M,1.36%,36770000.0
07.12.2021,5.133,5.074,5.14,5.026,27.70M,2.64%,27700000.0
06.12.2021,5.001,4.848,5.008,4.82,24.52M,4.42%,24520000.0
03.12.2021,4.79,4.845,4.87,4.753,25.70M,0.37%,25700000.0
02.12.2021,4.772,4.765,4.81,4.719,29.92M,-0.94%,29920000.0
01.12.2021,4.818,4.756,4.839,4.73,29.66M,2.45%,29660000.0
30.11.2021,4.702,4.75,4.805,4.667,44.52M,-2.08%,44520000.0
29.11.2021,4.802,4.959,4.973,4.801,27.51M,-0.90%,27510000.0
26.11.2021,4.846,4.996,5.054,4.846,43.91M,-7.34%,43910000.0
25.11.2021,5.23,5.216,5.253,5.167,14.47M,0.77%,14470000.0
24.11.2021,5.19,5.303,5.36,5.19,35.45M,-1.95%,35450000.0
23.11.2021,5.293,5.327,5.403,5.267,32.98M,-2.42%,32979999.999999996
22.11.2021,5.424,5.465,5.501,5.314,23.67M,0.39%,23670000.0
19.11.2021,5.403,5.495,5.578,5.3,34.34M,-0.59%,34340000.0
18.11.2021,5.435,5.75,5.78,5.355,47.15M,-5.51%,47150000.0
17.11.2021,5.752,5.8,5.813,5.749,15.79M,-0.81%,15790000.0
16.11.2021,5.799,5.884,5.9,5.785,19.19M,-1.13%,19190000.0
15.11.2021,5.865,5.929,5.95,5.705,24.49M,-4.28%,24490000.0
12.11.2021,6.127,6.18,6.186,6.073,14.89M,0.77%,14890000.0
11.11.2021,6.08,6.04,6.118,6.03,23.86M,0.80%,23860000.0
10.11.2021,6.032,5.976,6.047,5.967,10.65M,0.99%,10650000.0
09.11.2021,5.973,5.991,6.04,5.936,9.69M,-0.80%,9690000.0
08.11.2021,6.021,6.006,6.089,5.995,17.91M,-0.08%,17910000.0
05.11.2021,6.026,6.028,6.107,5.997,17.15M,-0.23%,17150000.0
04.11.2021,6.04,6.22,6.26,6.005,37.12M,-2.31%,37120000.0
03.11.2021,6.183,6.155,6.189,6.064,14.96M,0.34%,14960000.0
02.11.2021,6.162,6.202,6.254,6.141,14.29M,-1.86%,14290000.0
01.11.2021,6.279,6.052,6.292,6.03,19.04M,3.58%,19040000.0
29.10.2021,6.062,5.76,6.099,5.76,45.39M,7.46%,45390000.0
28.10.2021,5.641,5.599,5.674,5.501,15.38M,0.46%,15380000.0
27.10.2021,5.615,5.68,5.744,5.562,17.13M,-1.20%,17130000.0
26.10.2021,5.683,5.701,5.735,5.611,13.94M,-0.32%,13940000.0
25.10.2021,5.701,5.65,5.734,5.586,15.57M,0.26%,15570000.0
22.10.2021,5.686,5.671,5.727,5.632,15.53M,0.44%,15530000.0
21.10.2021,5.661,5.777,5.787,5.637,49.57M,-2.90%,49570000.0
20.10.2021,5.83,5.763,5.862,5.717,84.65M,0.93%,84650000.0
19.10.2021,5.776,5.801,5.857,5.754,66.67M,-0.81%,66670000.0
18.10.2021,5.823,5.747,5.823,5.736,142.72M,0.94%,142720000.0
15.10.2021,5.769,5.68,5.835,5.675,49.38M,2.34%,49380000.0
14.10.2021,5.637,5.71,5.754,5.58,20.40M,-0.93%,20400000.0
13.10.2021,5.69,5.875,5.92,5.69,18.62M,-3.62%,18620000.0
12.10.2021,5.904,5.81,5.904,5.757,44.78M,-0.17%,44780000.0
11.10.2021,5.914,5.913,5.983,5.883,25.59M,-0.27%,25590000.0
08.10.2021,5.93,5.964,6.002,5.9,15.03M,-1.82%,15030000.0
07.10.2021,6.04,6.0,6.078,5.925,59.83M,1.60%,59830000.0
06.10.2021,5.945,5.97,5.999,5.87,96.66M,-0.92%,96660000.0
05.10.2021,6.0,5.603,6.0,5.6,75.91M,6.50%,75910000.0
04.10.2021,5.634,5.6,5.71,5.557,159.27M,0.02%,159270000.0
01.10.2021,5.633,5.61,5.646,5.511,72.59M,-1.47%,72590000.0
30.09.2021,5.717,5.79,5.812,5.7,24.47M,-0.44%,24470000.0
29.09.2021,5.742,5.719,5.745,5.618,16.79M,0.97%,16790000.0
28.09.2021,5.687,5.795,5.83,5.684,22.09M,-1.61%,22090000.0
27.09.2021,5.78,5.678,5.79,5.618,21.28M,2.10%,21280000.0
24.09.2021,5.661,5.529,5.691,5.49,27.44M,1.63%,27440000.0
23.09.2021,5.57,5.483,5.572,5.441,29.09M,2.81%,29090000.0
22.09.2021,5.418,5.369,5.46,5.29,19.99M,2.59%,19990000.0
21.09.2021,5.281,5.319,5.363,5.25,31.22M,0.63%,31220000.0
20.09.2021,5.248,5.582,5.589,5.248,51.90M,-7.48%,51900000.0
17.09.2021,5.672,5.779,5.859,5.666,222.75M,-0.91%,222750000.0
16.09.2021,5.724,5.63,5.757,5.618,22.51M,2.18%,22510000.0
15.09.2021,5.602,5.583,5.668,5.551,21.02M,0.39%,21020000.0
14.09.2021,5.58,5.602,5.685,5.569,21.58M,-0.30%,21580000.0
13.09.2021,5.597,5.519,5.602,5.482,14.22M,1.76%,14220000.0
10.09.2021,5.5,5.548,5.599,5.479,12.13M,-0.22%,12130000.0
09.09.2021,5.512,5.49,5.545,5.43,12.71M,-0.14%,12710000.0
08.09.2021,5.52,5.56,5.602,5.469,19.84M,-1.31%,19840000.0
07.09.2021,5.593,5.564,5.628,5.556,9.86M,0.52%,9860000.0
06.09.2021,5.564,5.589,5.636,5.556,4.13M,-0.07%,4130000.0
03.09.2021,5.568,5.64,5.666,5.565,15.22M,-0.73%,15220000.0
02.09.2021,5.609,5.65,5.673,5.56,15.79M,-0.50%,15790000.0
01.09.2021,5.637,5.624,5.688,5.602,13.23M,1.62%,13230000.0
31.08.2021,5.547,5.535,5.575,5.471,18.69M,0.22%,18690000.0
30.08.2021,5.535,5.589,5.62,5.527,5.22M,-0.81%,5220000.0
27.08.2021,5.58,5.6,5.612,5.508,7.95M,-0.59%,7950000.0
26.08.2021,5.613,5.684,5.709,5.603,10.04M,-1.65%,10040000.0
25.08.2021,5.707,5.514,5.723,5.508,16.09M,3.76%,16090000.0
24.08.2021,5.5,5.6,5.614,5.454,13.38M,-1.49%,13380000.0
23.08.2021,5.583,5.602,5.626,5.555,10.26M,0.52%,10260000.0
20.08.2021,5.554,5.585,5.629,5.508,15.86M,-0.63%,15860000.0
19.08.2021,5.589,5.65,5.686,5.54,12.71M,-3.55%,12710000.0
18.08.2021,5.795,5.67,5.806,5.656,19.42M,2.15%,19420000.0
17.08.2021,5.673,5.753,5.775,5.672,18.24M,-2.46%,18240000.0
16.08.2021,5.816,5.79,5.904,5.75,8.09M,-0.77%,8090000.0
13.08.2021,5.861,5.9,5.913,5.845,19.24M,-0.48%,19240000.0
12.08.2021,5.889,5.892,5.932,5.854,10.57M,-0.27%,10570000.0
11.08.2021,5.905,5.84,5.91,5.807,11.16M,1.36%,11160000.0
10.08.2021,5.826,5.735,5.831,5.722,11.82M,1.15%,11820000.0
09.08.2021,5.76,5.747,5.794,5.713,10.19M,-0.03%,10190000.0
06.08.2021,5.762,5.65,5.783,5.632,13.85M,1.93%,13850000.0
05.08.2021,5.653,5.582,5.686,5.581,14.13M,-0.19%,14130000.0
04.08.2021,5.664,5.59,5.67,5.569,14.05M,1.69%,14050000.0
03.08.2021,5.57,5.48,5.622,5.456,18.61M,2.20%,18610000.0
02.08.2021,5.45,5.42,5.563,5.403,29.05M,0.72%,29050000.0
30.07.2021,5.411,5.353,5.455,5.301,17.91M,-0.02%,17910000.0
29.07.2021,5.412,5.389,5.492,5.388,13.77M,0.74%,13770000.0
28.07.2021,5.372,5.464,5.491,5.358,21.23M,-1.30%,21230000.0
27.07.2021,5.443,5.428,5.479,5.392,11.60M,-0.68%,11600000.0
26.07.2021,5.48,5.306,5.49,5.236,18.13M,2.12%,18130000.0
23.07.2021,5.366,5.23,5.39,5.23,13.84M,2.19%,13840000.0
22.07.2021,5.251,5.24,5.333,5.223,13.18M,0.52%,13180000.0
21.07.2021,5.224,5.034,5.226,5.013,15.86M,3.94%,15860000.0
20.07.2021,5.026,4.964,5.039,4.909,12.43M,2.28%,12430000.0
19.07.2021,4.914,5.011,5.053,4.853,16.70M,-3.46%,16700000.0
16.07.2021,5.09,5.215,5.245,5.043,13.60M,-2.04%,13600000.0
15.07.2021,5.196,5.156,5.21,5.108,7.79M,0.50%,7790000.0
14.07.2021,5.17,5.142,5.246,5.127,10.06M,0.43%,10060000.0
13.07.2021,5.148,5.26,5.285,5.118,12.50M,-2.09%,12500000.0
12.07.2021,5.258,5.243,5.268,5.126,13.77M,0.59%,13770000.0
09.07.2021,5.227,5.08,5.227,5.045,12.22M,3.53%,12220000.0
08.07.2021,5.049,5.15,5.159,5.018,20.12M,-3.28%,20120000.0
07.07.2021,5.22,5.29,5.306,5.162,16.90M,-1.21%,16900000.0
06.07.2021,5.284,5.406,5.438,5.276,14.09M,-2.67%,14090000.0
05.07.2021,5.429,5.295,5.439,5.295,7.49M,2.53%,7490000.0
02.07.2021,5.295,5.4,5.424,5.286,9.68M,-2.11%,9680000.0
01.07.2021,5.409,5.29,5.409,5.284,12.90M,3.46%,12900000.0
30.06.2021,5.228,5.255,5.287,5.188,21.85M,-1.21%,21850000.0
29.06.2021,5.292,5.277,5.338,5.264,8.64M,0.28%,8640000.0
28.06.2021,5.277,5.426,5.44,5.277,14.76M,-2.84%,14760000.0
25.06.2021,5.431,5.37,5.437,5.329,15.90M,1.89%,15900000.0
24.06.2021,5.33,5.289,5.393,5.283,20.44M,1.14%,20440000.0
23.06.2021,5.27,5.3,5.34,5.27,12.68M,-0.15%,12680000.0
22.06.2021,5.278,5.298,5.298,5.188,13.83M,0.76%,13830000.0
21.06.2021,5.238,5.12,5.265,5.09,23.52M,0.31%,23520000.0
18.06.2021,5.222,5.32,5.381,5.183,51.82M,-3.24%,51820000.0
17.06.2021,5.397,5.36,5.548,5.359,25.14M,1.66%,25140000.0
16.06.2021,5.309,5.413,5.44,5.286,15.06M,-1.14%,15060000.0
15.06.2021,5.37,5.345,5.378,5.292,22.56M,0.51%,22560000.0
14.06.2021,5.343,5.258,5.343,5.258,17.29M,1.85%,17290000.0
11.06.2021,5.246,5.25,5.276,5.224,8.09M,-0.51%,8090000.0
10.06.2021,5.273,5.271,5.351,5.24,15.08M,0.15%,15080000.0
09.06.2021,5.265,5.291,5.301,5.196,10.98M,-0.90%,10980000.0
08.06.2021,5.313,5.35,5.398,5.26,14.75M,-0.28%,14750000.0
07.06.2021,5.328,5.219,5.341,5.21,13.03M,2.13%,13030000.0
04.06.2021,5.217,5.29,5.293,5.21,28.10M,-1.31%,28100000.0
03.06.2021,5.286,5.228,5.295,5.222,17.18M,0.70%,17180000.0
02.06.2021,5.249,5.217,5.28,5.168,31.79M,0.44%,31790000.0
01.06.2021,5.226,5.153,5.247,5.141,15.34M,1.75%,15340000.0
31.05.2021,5.136,5.151,5.172,5.131,5.86M,0.20%,5860000.0
28.05.2021,5.126,5.2,5.2,5.09,17.13M,-0.33%,17130000.0
27.05.2021,5.143,5.08,5.197,5.073,28.76M,1.16%,28760000.0
26.05.2021,5.084,5.095,5.126,5.011,20.12M,-0.51%,20120000.0
25.05.2021,5.11,5.1,5.153,5.078,13.12M,0.20%,13120000.0
24.05.2021,5.1,5.126,5.143,5.053,23.69M,-0.41%,23690000.0
21.05.2021,5.121,5.01,5.14,5.009,17.70M,2.36%,17700000.0
20.05.2021,5.003,5.011,5.039,4.929,12.77M,0.15%,12770000.0
19.05.2021,4.996,5.05,5.107,4.928,21.94M,-2.53%,21940000.0
18.05.2021,5.125,5.05,5.129,5.044,15.20M,2.34%,15200000.0
17.05.2021,5.008,5.0,5.044,4.951,12.02M,-0.40%,12020000.0
14.05.2021,5.028,4.93,5.028,4.925,23.65M,2.78%,23650000.0
13.05.2021,4.892,4.835,4.923,4.801,15.50M,-0.22%,15500000.0
12.05.2021,4.903,4.89,4.948,4.826,17.76M,-0.12%,17760000.0
11.05.2021,4.909,4.876,4.95,4.846,13.87M,-0.39%,13870000.0
10.05.2021,4.928,4.87,4.965,4.845,19.67M,2.21%,19670000.0
07.05.2021,4.821,4.82,4.86,4.727,13.97M,0.31%,13970000.0
06.05.2021,4.806,4.77,4.806,4.71,15.46M,0.71%,15460000.0
05.05.2021,4.773,4.735,4.795,4.7,17.00M,2.30%,17000000.0
04.05.2021,4.665,4.7,4.795,4.643,22.50M,-0.24%,22500000.0
03.05.2021,4.676,4.653,4.71,4.63,11.35M,0.12%,11350000.0
30.04.2021,4.67,4.541,4.72,4.47,23.62M,2.64%,23620000.0
29.04.2021,4.55,4.52,4.621,4.495,18.17M,1.29%,18170000.0
28.04.2021,4.492,4.57,4.66,4.424,32.28M,0.17%,32280000.0
27.04.2021,4.485,4.434,4.49,4.36,19.34M,0.15%,19340000.0
26.04.2021,4.478,4.364,4.482,4.32,18.71M,3.36%,18710000.0
23.04.2021,4.333,4.39,4.447,4.32,10.24M,-1.53%,10240000.0
22.04.2021,4.4,4.299,4.418,4.28,15.76M,2.68%,15760000.0
21.04.2021,4.286,4.324,4.386,4.224,28.40M,-0.63%,28400000.0
20.04.2021,4.313,4.501,4.524,4.303,27.01M,-4.45%,27010000.0
19.04.2021,4.514,4.38,4.538,4.358,24.01M,3.46%,24010000.0
16.04.2021,4.363,4.373,4.41,4.326,25.20M,0.58%,25200000.0
15.04.2021,4.338,4.491,4.506,4.338,16.77M,-3.30%,16770000.0
14.04.2021,4.485,4.429,4.496,4.405,11.58M,1.46%,11580000.0
13.04.2021,4.421,4.457,4.512,4.388,16.12M,-1.25%,16120000.000000002
12.04.2021,4.477,4.41,4.478,4.36,14.22M,1.04%,14220000.0
09.04.2021,4.431,4.535,4.562,4.431,16.94M,-2.37%,16940000.0
08.04.2021,4.538,4.556,4.564,4.444,15.85M,0.45%,15850000.0
07.04.2021,4.518,4.509,4.566,4.489,11.16M,-0.19%,11160000.0
06.04.2021,4.527,4.531,4.593,4.5,15.07M,1.82%,15070000.0
01.04.2021,4.445,4.457,4.484,4.428,9.41M,0.44%,9410000.0
31.03.2021,4.426,4.46,4.522,4.426,12.79M,-1.62%,12790000.0
30.03.2021,4.499,4.424,4.51,4.424,17.18M,3.02%,17180000.0
29.03.2021,4.367,4.4,4.462,4.365,16.58M,-1.49%,16579999.999999998
26.03.2021,4.433,4.42,4.48,4.378,18.25M,1.77%,18250000.0
25.03.2021,4.356,4.38,4.381,4.273,12.28M,-0.89%,12280000.0
24.03.2021,4.395,4.29,4.395,4.225,16.67M,1.34%,16670000.000000002
23.03.2021,4.337,4.328,4.384,4.301,24.11M,0.46%,24110000.0
22.03.2021,4.317,4.438,4.453,4.312,48.75M,-7.72%,48750000.0
19.03.2021,4.678,4.806,4.808,4.67,32.88M,-3.82%,32880000.000000004
18.03.2021,4.864,4.81,4.897,4.747,22.26M,1.95%,22260000.0
17.03.2021,4.771,4.695,4.812,4.67,19.99M,2.08%,19990000.0
16.03.2021,4.674,4.725,4.79,4.634,18.25M,-0.53%,18250000.0
15.03.2021,4.699,4.779,4.823,4.64,15.63M,-1.59%,15630000.0
12.03.2021,4.775,4.68,4.81,4.679,15.18M,2.16%,15180000.0
11.03.2021,4.674,4.731,4.764,4.585,16.52M,0.52%,16520000.0
10.03.2021,4.65,4.7,4.784,4.647,21.38M,-1.32%,21380000.0
09.03.2021,4.712,4.78,4.782,4.607,25.52M,-1.83%,25520000.0
08.03.2021,4.8,4.79,4.838,4.744,16.96M,2.06%,16960000.0
05.03.2021,4.703,4.65,4.789,4.581,20.25M,0.64%,20250000.0
04.03.2021,4.673,4.63,4.699,4.611,15.82M,-0.55%,15820000.0
03.03.2021,4.699,4.597,4.737,4.596,18.29M,2.98%,18290000.0
02.03.2021,4.563,4.572,4.639,4.534,13.27M,-1.02%,13270000.0
01.03.2021,4.61,4.669,4.7,4.581,14.45M,0.15%,14450000.0
26.02.2021,4.603,4.594,4.69,4.541,23.37M,-2.15%,23370000.0
25.02.2021,4.704,4.7,4.808,4.672,27.43M,1.60%,27430000.0
24.02.2021,4.63,4.59,4.63,4.542,15.65M,0.87%,15650000.0
23.02.2021,4.59,4.482,4.62,4.482,28.84M,2.59%,28840000.0
22.02.2021,4.474,4.48,4.507,4.41,17.05M,-0.69%,17050000.0
19.02.2021,4.505,4.446,4.538,4.391,15.34M,1.26%,15340000.0
18.02.2021,4.449,4.426,4.499,4.385,19.76M,0.02%,19760000.0
17.02.2021,4.448,4.495,4.551,4.404,16.27M,-1.31%,16270000.0
16.02.2021,4.507,4.52,4.544,4.446,18.29M,-1.29%,18290000.0
15.02.2021,4.566,4.488,4.587,4.458,15.31M,3.77%,15310000.0
12.02.2021,4.4,4.367,4.406,4.257,16.97M,0.41%,16970000.0
11.02.2021,4.382,4.394,4.416,4.322,11.09M,-0.27%,11090000.0
10.02.2021,4.394,4.4,4.461,4.362,30.18M,0.37%,30180000.0
09.02.2021,4.378,4.484,4.489,4.361,14.28M,-2.47%,14280000.0
08.02.2021,4.489,4.472,4.524,4.41,21.64M,1.54%,21640000.0
05.02.2021,4.421,4.301,4.442,4.26,35.81M,2.41%,35810000.0
04.02.2021,4.317,4.1,4.34,4.064,40.88M,7.50%,40880000.0
03.02.2021,4.016,4.103,4.15,3.925,24.66M,0.80%,24660000.0
02.02.2021,3.984,3.801,3.984,3.763,34.45M,6.01%,34450000.0
01.02.2021,3.758,3.846,3.848,3.736,22.71M,-0.24%,22710000.0
29.01.2021,3.767,3.883,3.908,3.767,26.87M,-4.42%,26870000.0
28.01.2021,3.941,3.782,3.956,3.782,22.51M,2.76%,22510000.0
27.01.2021,3.835,3.945,3.962,3.788,30.12M,-2.76%,30120000.0
26.01.2021,3.944,3.912,3.976,3.891,16.33M,1.47%,16329999.999999998
25.01.2021,3.887,4.05,4.088,3.863,14.12M,-2.87%,14120000.0
22.01.2021,4.002,3.99,4.066,3.958,23.88M,-0.82%,23880000.0
21.01.2021,4.035,4.07,4.099,4.02,24.09M,-0.39%,24090000.0
20.01.2021,4.051,4.027,4.074,4.014,18.62M,0.72%,18620000.0
19.01.2021,4.022,4.16,4.195,4.022,14.23M,-2.85%,14230000.0
18.01.2021,4.14,4.07,4.152,4.057,8.69M,1.27%,8690000.0
15.01.2021,4.088,4.159,4.216,4.02,47.29M,-2.06%,47290000.0
14.01.2021,4.174,4.19,4.225,4.136,15.36M,-0.52%,15360000.0
13.01.2021,4.196,4.25,4.264,4.191,15.75M,-1.41%,15750000.0
12.01.2021,4.256,4.284,4.295,4.243,13.92M,0.12%,13920000.0
11.01.2021,4.251,4.275,4.309,4.213,18.71M,-0.58%,18710000.0
08.01.2021,4.276,4.375,4.375,4.243,18.00M,-1.75%,18000000.0
07.01.2021,4.352,4.331,4.364,4.236,16.39M,1.00%,16390000.0
06.01.2021,4.309,4.155,4.36,4.155,23.84M,5.77%,23840000.0
05.01.2021,4.074,4.04,4.093,4.022,10.36M,-0.10%,10360000.0
04.01.2021,4.078,4.098,4.098,3.983,17.70M,1.07%,17700000.0
31.12.2020,4.035,4.051,4.082,4.035,6.32M,-0.96%,6320000.0
30.12.2020,4.074,4.07,4.148,4.062,9.54M,0.15%,9540000.0
29.12.2020,4.068,4.104,4.12,4.039,9.93M,-0.25%,9930000.0
28.12.2020,4.078,4.136,4.15,4.001,9.91M,-0.54%,9910000.0
24.12.2020,4.1,4.093,4.105,4.06,3.84M,0.47%,3840000.0
23.12.2020,4.081,3.968,4.095,3.956,29.16M,2.90%,29160000.0
22.12.2020,3.966,3.895,3.999,3.893,12.28M,2.19%,12280000.0
21.12.2020,3.881,3.912,3.958,3.796,21.39M,-4.27%,21390000.0
18.12.2020,4.054,4.033,4.097,4.013,43.55M,-0.12%,43550000.0
17.12.2020,4.059,4.069,4.088,4.006,23.50M,0.07%,23500000.0
16.12.2020,4.056,4.062,4.118,4.016,17.86M,-1.05%,17860000.0
15.12.2020,4.099,4.03,4.108,3.983,18.94M,1.76%,18940000.0
14.12.2020,4.028,4.02,4.114,4.013,27.26M,1.44%,27260000.0
11.12.2020,3.971,4.026,4.058,3.864,41.36M,-2.05%,41360000.0
10.12.2020,4.054,4.196,4.196,4.003,24.86M,-2.43%,24860000.0
09.12.2020,4.155,4.177,4.197,4.139,16.87M,0.00%,16870000.0
08.12.2020,4.155,4.179,4.238,4.154,14.25M,-1.07%,14250000.0
07.12.2020,4.2,4.25,4.301,4.173,24.37M,-2.42%,24370000.0
04.12.2020,4.304,4.067,4.304,4.055,53.90M,5.54%,53900000.0
03.12.2020,4.078,4.08,4.103,3.989,26.35M,-0.05%,26350000.0
02.12.2020,4.08,3.983,4.08,3.945,43.62M,1.87%,43620000.0
01.12.2020,4.005,3.865,4.007,3.837,45.13M,1.91%,45130000.0
30.11.2020,3.93,3.865,3.966,3.815,51.85M,-0.71%,51850000.0
27.11.2020,3.958,3.74,3.958,3.738,45.25M,4.99%,45250000.0
26.11.2020,3.77,3.795,3.813,3.675,30.27M,-0.40%,30270000.0
25.11.2020,3.785,3.81,3.84,3.683,23.85M,0.24%,23850000.0
24.11.2020,3.776,3.68,3.776,3.644,23.39M,4.02%,23390000.0
23.11.2020,3.63,3.63,3.675,3.612,22.38M,0.86%,22380000.0
20.11.2020,3.599,3.598,3.624,3.571,27.37M,0.76%,27370000.0
19.11.2020,3.572,3.433,3.598,3.429,25.85M,1.74%,25850000.0
18.11.2020,3.511,3.49,3.552,3.429,28.29M,0.40%,28290000.0
17.11.2020,3.497,3.624,3.64,3.393,53.35M,-4.40%,53350000.0
16.11.2020,3.658,3.8,3.837,3.58,89.22M,15.25%,89220000.0
13.11.2020,3.174,3.05,3.195,3.049,29.84M,2.72%,29840000.0
12.11.2020,3.09,3.05,3.116,3.01,46.62M,-1.69%,46620000.0
11.11.2020,3.143,3.078,3.165,3.061,38.88M,1.68%,38880000.0
10.11.2020,3.091,2.907,3.091,2.884,65.83M,6.59%,65830000.0
09.11.2020,2.9,2.536,2.9,2.514,79.15M,16.65%,79150000.0
06.11.2020,2.486,2.56,2.62,2.482,21.94M,-2.89%,21940000.0
05.11.2020,2.56,2.486,2.569,2.422,36.10M,4.23%,36100000.0
04.11.2020,2.456,2.49,2.53,2.426,65.11M,-6.65%,65110000.0
03.11.2020,2.631,2.527,2.641,2.51,33.53M,5.28%,33530000.0
02.11.2020,2.499,2.5,2.518,2.453,25.43M,1.50%,25430000.0
30.10.2020,2.462,2.34,2.462,2.332,23.55M,5.26%,23550000.0
29.10.2020,2.339,2.37,2.412,2.305,18.55M,-1.14%,18550000.0
28.10.2020,2.366,2.35,2.404,2.305,29.53M,-1.66%,29530000.0
27.10.2020,2.406,2.491,2.54,2.38,30.71M,-1.23%,30710000.0
26.10.2020,2.436,2.41,2.489,2.384,21.05M,-2.36%,21050000.0
23.10.2020,2.495,2.442,2.503,2.431,20.24M,2.80%,20240000.0
22.10.2020,2.427,2.366,2.44,2.332,17.17M,1.38%,17170000.0
21.10.2020,2.394,2.461,2.501,2.394,19.86M,-1.40%,19860000.0
20.10.2020,2.428,2.343,2.468,2.333,24.55M,3.06%,24550000.0
19.10.2020,2.356,2.343,2.382,2.32,17.28M,0.94%,17280000.0
16.10.2020,2.334,2.278,2.347,2.21,20.03M,3.41%,20030000.0
15.10.2020,2.257,2.223,2.269,2.183,19.41M,-0.49%,19410000.0
14.10.2020,2.268,2.26,2.313,2.248,38.18M,0.44%,38180000.0
13.10.2020,2.258,2.348,2.348,2.252,24.96M,-4.00%,24960000.0
12.10.2020,2.352,2.388,2.399,2.34,14.48M,-1.59%,14480000.0
09.10.2020,2.39,2.43,2.451,2.373,18.34M,-1.85%,18340000.0
08.10.2020,2.435,2.43,2.473,2.419,16.23M,0.91%,16230000.0
07.10.2020,2.413,2.45,2.461,2.404,19.12M,-2.58%,19120000.0
06.10.2020,2.477,2.41,2.51,2.384,33.37M,3.04%,33369999.999999996
05.10.2020,2.404,2.411,2.444,2.373,18.27M,1.09%,18270000.0
02.10.2020,2.378,2.342,2.394,2.316,16.12M,0.04%,16120000.000000002
01.10.2020,2.377,2.401,2.42,2.355,23.10M,0.21%,23100000.0
30.09.2020,2.372,2.293,2.416,2.279,21.11M,1.76%,21110000.0
29.09.2020,2.331,2.372,2.372,2.321,30.94M,-2.22%,30940000.0
28.09.2020,2.384,2.344,2.384,2.314,24.08M,4.01%,24080000.0
25.09.2020,2.292,2.312,2.389,2.288,43.01M,0.35%,43010000.0
24.09.2020,2.284,2.15,2.295,2.128,46.04M,5.30%,46040000.0
23.09.2020,2.169,2.199,2.279,2.168,33.87M,0.42%,33870000.0
22.09.2020,2.16,2.204,2.226,2.146,40.05M,-0.18%,40050000.0
21.09.2020,2.164,2.289,2.289,2.15,49.64M,-6.36%,49640000.0
18.09.2020,2.311,2.405,2.413,2.298,253.93M,-4.43%,253930000.0
17.09.2020,2.418,2.391,2.435,2.341,39.64M,-0.45%,39640000.0
16.09.2020,2.429,2.412,2.43,2.351,29.90M,0.66%,29900000.0
15.09.2020,2.413,2.467,2.476,2.4,28.19M,-3.09%,28190000.0
14.09.2020,2.49,2.464,2.499,2.427,20.74M,2.26%,20740000.0
11.09.2020,2.435,2.501,2.503,2.429,27.16M,-3.14%,27160000.0
10.09.2020,2.514,2.518,2.547,2.471,20.56M,-0.12%,20560000.0
09.09.2020,2.517,2.489,2.524,2.457,35.71M,1.12%,35710000.0
08.09.2020,2.489,2.526,2.578,2.475,39.31M,-1.43%,39310000.0
07.09.2020,2.525,2.591,2.617,2.502,21.00M,-1.25%,21000000.0
04.09.2020,2.557,2.456,2.592,2.445,44.38M,5.23%,44380000.0
03.09.2020,2.43,2.417,2.505,2.406,29.29M,1.97%,29290000.0
02.09.2020,2.383,2.458,2.477,2.372,32.24M,-3.25%,32240000.000000004
01.09.2020,2.463,2.497,2.5,2.42,26.99M,0.41%,26990000.0
31.08.2020,2.453,2.62,2.631,2.449,22.98M,-5.65%,22980000.0
28.08.2020,2.6,2.557,2.629,2.546,25.57M,2.60%,25570000.0
27.08.2020,2.534,2.525,2.545,2.466,18.90M,-0.28%,18900000.0
26.08.2020,2.541,2.491,2.57,2.48,26.36M,1.44%,26360000.0
25.08.2020,2.505,2.51,2.584,2.503,28.03M,0.85%,28030000.0
24.08.2020,2.484,2.453,2.484,2.415,15.74M,2.39%,15740000.0
21.08.2020,2.426,2.485,2.488,2.388,24.42M,-1.54%,24420000.0
20.08.2020,2.464,2.49,2.498,2.448,19.49M,-3.49%,19490000.0
19.08.2020,2.553,2.47,2.553,2.458,14.46M,3.03%,14460000.0
18.08.2020,2.478,2.5,2.557,2.464,16.49M,-1.47%,16489999.999999998
17.08.2020,2.515,2.527,2.556,2.482,27.86M,-0.47%,27860000.0
14.08.2020,2.527,2.551,2.551,2.436,32.83M,-1.29%,32830000.0
13.08.2020,2.56,2.61,2.674,2.555,17.97M,-2.77%,17970000.0
12.08.2020,2.633,2.698,2.762,2.63,24.45M,-2.30%,24450000.0
11.08.2020,2.695,2.607,2.695,2.605,27.50M,4.54%,27500000.0
10.08.2020,2.578,2.575,2.617,2.524,19.30M,2.10%,19300000.0
07.08.2020,2.525,2.569,2.592,2.462,36.81M,-3.03%,36810000.0
06.08.2020,2.604,2.66,2.7,2.582,30.31M,-2.33%,30310000.0
05.08.2020,2.666,2.796,2.821,2.661,23.36M,-3.93%,23360000.0
04.08.2020,2.775,2.751,2.829,2.722,42.76M,1.87%,42760000.0
03.08.2020,2.724,2.617,2.728,2.584,32.14M,3.30%,32140000.0
31.07.2020,2.637,2.714,2.74,2.637,32.18M,-2.26%,32180000.0
30.07.2020,2.698,2.905,2.905,2.632,45.68M,-8.07%,45680000.0
29.07.2020,2.935,3.05,3.056,2.875,19.80M,-3.68%,19800000.0
28.07.2020,3.047,3.024,3.09,3.005,17.02M,0.96%,17020000.0
27.07.2020,3.018,3.104,3.107,2.992,18.81M,-3.18%,18810000.0
24.07.2020,3.117,3.11,3.157,3.098,12.24M,-0.80%,12240000.0
23.07.2020,3.142,3.2,3.206,3.122,19.13M,-1.29%,19130000.0
22.07.2020,3.183,3.197,3.229,3.15,13.86M,0.00%,13860000.0
21.07.2020,3.183,3.23,3.319,3.163,20.64M,-0.34%,20640000.0
20.07.2020,3.194,3.204,3.205,3.133,21.22M,-0.68%,21220000.0
17.07.2020,3.216,3.263,3.265,3.178,25.21M,-1.41%,25210000.0
16.07.2020,3.262,3.25,3.283,3.216,18.98M,0.37%,18980000.0
15.07.2020,3.25,3.205,3.283,3.109,25.05M,2.56%,25050000.0
14.07.2020,3.169,3.179,3.207,3.117,21.83M,-1.12%,21830000.0
13.07.2020,3.205,3.21,3.233,3.15,12.12M,1.88%,12120000.0
10.07.2020,3.146,3.047,3.162,3.026,14.64M,2.31%,14640000.0
09.07.2020,3.075,3.149,3.165,3.06,13.38M,-1.41%,13380000.0
08.07.2020,3.119,3.187,3.196,3.106,16.94M,-3.32%,16940000.0
07.07.2020,3.226,3.263,3.283,3.207,13.73M,-2.45%,13730000.0
06.07.2020,3.307,3.259,3.369,3.256,22.84M,5.08%,22840000.0
03.07.2020,3.147,3.227,3.242,3.123,15.33M,-2.48%,15330000.0
02.07.2020,3.227,3.054,3.258,3.045,31.44M,7.28%,31440000.0
01.07.2020,3.008,3.065,3.096,2.975,20.19M,-1.83%,20190000.0
30.06.2020,3.064,3.07,3.094,2.995,21.81M,-0.58%,21810000.0
29.06.2020,3.082,3.0,3.113,2.964,18.48M,2.80%,18480000.0
26.06.2020,2.998,3.11,3.13,2.998,24.64M,-2.38%,24640000.0
25.06.2020,3.071,3.0,3.084,2.96,59.82M,1.29%,59820000.0
24.06.2020,3.032,3.15,3.195,3.026,18.47M,-4.80%,18470000.0
23.06.2020,3.185,3.095,3.229,3.081,32.44M,3.98%,32439999.999999996
22.06.2020,3.063,3.076,3.112,3.026,16.09M,-1.38%,16090000.0
19.06.2020,3.106,3.147,3.189,3.093,76.08M,0.16%,76080000.0
18.06.2020,3.101,3.135,3.217,3.055,42.08M,-1.84%,42080000.0
17.06.2020,3.159,3.15,3.244,3.122,25.48M,0.19%,25480000.0
16.06.2020,3.153,3.19,3.228,3.084,29.12M,3.21%,29120000.0
15.06.2020,3.055,2.978,3.103,2.973,30.68M,-2.36%,30680000.0
12.06.2020,3.129,3.036,3.21,3.024,37.84M,1.10%,37840000.0
11.06.2020,3.095,3.17,3.238,3.087,35.11M,-6.58%,35110000.0
10.06.2020,3.313,3.45,3.496,3.309,46.92M,-2.79%,46920000.0
09.06.2020,3.408,3.501,3.529,3.327,38.35M,-4.00%,38350000.0
08.06.2020,3.55,3.485,3.646,3.465,45.13M,0.65%,45130000.0
05.06.2020,3.527,3.3,3.539,3.277,51.92M,9.81%,51920000.0
04.06.2020,3.212,3.117,3.27,3.093,48.97M,1.65%,48970000.0
03.06.2020,3.16,3.05,3.171,3.038,32.90M,5.16%,32900000.0
02.06.2020,3.005,2.872,3.044,2.841,31.19M,5.03%,31190000.0
01.06.2020,2.861,2.871,2.889,2.796,18.14M,2.43%,18140000.0
29.05.2020,2.793,2.88,2.897,2.782,40.20M,-4.71%,40200000.0
28.05.2020,2.931,2.986,2.999,2.861,30.62M,0.34%,30620000.0
27.05.2020,2.921,2.85,2.978,2.842,52.07M,3.40%,52070000.0
26.05.2020,2.825,2.69,2.826,2.685,37.51M,6.60%,37510000.0
25.05.2020,2.65,2.64,2.653,2.59,13.93M,2.36%,13930000.0
22.05.2020,2.589,2.522,2.657,2.495,32.62M,0.90%,32619999.999999996
21.05.2020,2.566,2.544,2.618,2.505,21.85M,-0.66%,21850000.0
20.05.2020,2.583,2.547,2.599,2.457,35.36M,-0.62%,35360000.0
19.05.2020,2.599,2.8,2.82,2.532,42.37M,-4.52%,42370000.0
18.05.2020,2.722,2.619,2.744,2.601,23.86M,5.59%,23860000.0
15.05.2020,2.578,2.615,2.678,2.558,19.86M,-1.19%,19860000.0
14.05.2020,2.609,2.527,2.623,2.475,28.31M,2.68%,28310000.0
13.05.2020,2.541,2.62,2.641,2.541,35.93M,-4.55%,35930000.0
12.05.2020,2.662,2.628,2.729,2.618,16.54M,0.57%,16540000.0
11.05.2020,2.647,2.75,2.78,2.621,18.14M,-2.93%,18140000.0
08.05.2020,2.727,2.72,2.735,2.646,13.91M,1.26%,13910000.0
07.05.2020,2.693,2.738,2.744,2.672,18.70M,-0.96%,18700000.0
06.05.2020,2.719,2.801,2.82,2.698,27.12M,-2.89%,27120000.0
05.05.2020,2.8,2.858,2.908,2.754,24.41M,0.00%,24410000.0
04.05.2020,2.8,2.881,2.881,2.795,47.35M,-6.26%,47350000.0
30.04.2020,2.987,3.05,3.114,2.929,52.46M,-5.53%,52460000.0
29.04.2020,3.162,2.924,3.162,2.903,37.33M,8.03%,37330000.0
28.04.2020,2.927,2.679,2.927,2.661,33.08M,8.97%,33080000.0
27.04.2020,2.686,2.69,2.706,2.621,20.91M,3.59%,20910000.0
24.04.2020,2.593,2.618,2.655,2.582,35.73M,-4.11%,35730000.0
23.04.2020,2.704,2.626,2.756,2.611,38.27M,4.60%,38270000.0
22.04.2020,2.585,2.508,2.585,2.483,29.27M,4.28%,29270000.0
21.04.2020,2.479,2.586,2.597,2.479,31.76M,-6.73%,31760000.0
20.04.2020,2.658,2.675,2.689,2.553,22.94M,-0.23%,22940000.0
17.04.2020,2.664,2.789,2.789,2.634,47.71M,1.52%,47710000.0
16.04.2020,2.624,2.785,2.82,2.607,246.18M,-3.92%,246180000.0
15.04.2020,2.731,2.906,2.906,2.713,252.45M,-6.95%,252450000.0
14.04.2020,2.935,3.044,3.05,2.919,32.08M,-2.30%,32080000.0
09.04.2020,3.004,3.015,3.068,2.923,22.52M,1.52%,22520000.0
08.04.2020,2.959,2.861,2.976,2.819,31.90M,1.09%,31900000.0
07.04.2020,2.927,2.93,3.066,2.839,28.05M,-1.48%,28050000.0
06.04.2020,2.971,2.886,2.995,2.83,31.79M,8.11%,31790000.0
03.04.2020,2.748,2.675,2.769,2.64,38.61M,2.77%,38610000.0
02.04.2020,2.674,2.75,2.76,2.604,286.13M,-1.94%,286130000.0
01.04.2020,2.727,2.78,2.798,2.714,272.03M,-6.47%,272030000.0
31.03.2020,2.915,2.962,2.987,2.836,37.38M,-0.15%,37380000.0
30.03.2020,2.92,3.04,3.08,2.886,26.93M,-5.94%,26930000.0
27.03.2020,3.105,3.158,3.2,3.029,46.22M,-5.34%,46220000.0
26.03.2020,3.28,3.12,3.322,3.094,19.79M,0.49%,19790000.0
25.03.2020,3.263,3.389,3.45,3.01,33.89M,5.58%,33890000.0
24.03.2020,3.091,2.904,3.091,2.85,28.73M,11.01%,28730000.0
23.03.2020,2.784,2.707,2.94,2.69,28.91M,-3.52%,28910000.0
20.03.2020,2.886,2.924,3.0,2.723,47.09M,2.94%,47090000.0
19.03.2020,2.803,2.714,2.84,2.649,36.97M,3.53%,36970000.0
18.03.2020,2.708,2.779,2.973,2.66,44.61M,-3.97%,44610000.0
17.03.2020,2.82,2.881,2.89,2.644,67.53M,6.90%,67530000.0
16.03.2020,2.638,2.91,2.98,2.561,62.76M,-13.37%,62760000.0
13.03.2020,3.045,3.31,3.436,2.949,44.19M,1.23%,44190000.0
12.03.2020,3.008,3.341,3.402,2.954,71.57M,-15.08%,71570000.0
11.03.2020,3.542,3.538,3.715,3.465,48.94M,2.64%,48940000.0
10.03.2020,3.451,3.581,3.769,3.412,49.46M,-1.37%,49460000.0
09.03.2020,3.499,3.75,3.75,3.46,66.37M,-13.22%,66370000.00000001
06.03.2020,4.032,4.025,4.088,3.955,31.92M,-2.21%,31920000.0
05.03.2020,4.123,4.362,4.364,4.094,36.71M,-4.71%,36710000.0
04.03.2020,4.327,4.278,4.359,4.19,34.59M,1.84%,34590000.0
03.03.2020,4.249,4.37,4.454,4.226,36.43M,-0.86%,36430000.0
02.03.2020,4.286,4.42,4.431,4.142,41.82M,-1.13%,41820000.0
28.02.2020,4.335,4.42,4.42,4.235,68.81M,-4.66%,68810000.0
27.02.2020,4.547,4.665,4.697,4.492,49.77M,-4.11%,49770000.0
26.02.2020,4.742,4.739,4.787,4.629,32.62M,-0.25%,32619999.999999996
25.02.2020,4.754,4.95,4.95,4.738,34.67M,-3.22%,34670000.0
24.02.2020,4.912,5.0,5.0,4.903,37.14M,-3.87%,37140000.0
21.02.2020,5.11,5.083,5.125,5.05,22.85M,0.12%,22850000.0
20.02.2020,5.104,5.159,5.213,5.104,19.88M,-1.35%,19880000.0
19.02.2020,5.174,5.198,5.21,5.145,13.89M,0.12%,13890000.0
18.02.2020,5.168,5.222,5.249,5.159,15.64M,-1.15%,15640000.0
17.02.2020,5.228,5.248,5.268,5.205,10.32M,-0.29%,10320000.0
14.02.2020,5.243,5.308,5.313,5.233,12.77M,-1.04%,12770000.0
13.02.2020,5.298,5.28,5.305,5.192,21.91M,-0.58%,21910000.0
12.02.2020,5.329,5.25,5.339,5.238,19.49M,1.83%,19490000.0
11.02.2020,5.233,5.25,5.282,5.175,18.21M,-0.17%,18210000.0
10.02.2020,5.242,5.202,5.29,5.197,27.47M,0.29%,27470000.0
07.02.2020,5.227,5.08,5.23,5.071,27.16M,2.49%,27160000.0
06.02.2020,5.1,4.981,5.137,4.97,49.68M,3.51%,49680000.0
05.02.2020,4.927,4.76,4.927,4.755,39.88M,2.97%,39880000.0
04.02.2020,4.785,4.7,4.816,4.697,18.49M,2.57%,18490000.0
03.02.2020,4.665,4.7,4.718,4.612,19.11M,-0.06%,19110000.0
31.01.2020,4.668,4.82,4.85,4.65,31.43M,-0.85%,31430000.0
30.01.2020,4.708,4.619,4.708,4.598,30.49M,0.86%,30490000.0
29.01.2020,4.668,4.64,4.692,4.609,25.61M,1.46%,25610000.0
28.01.2020,4.601,4.55,4.63,4.508,15.91M,1.52%,15910000.0
27.01.2020,4.532,4.554,4.586,4.497,19.36M,-1.63%,19360000.0
24.01.2020,4.607,4.717,4.746,4.604,16.47M,-1.22%,16469999.999999998
23.01.2020,4.664,4.704,4.739,4.631,29.64M,-0.72%,29640000.0
22.01.2020,4.698,4.747,4.758,4.677,15.59M,-1.05%,15590000.0
21.01.2020,4.748,4.728,4.765,4.713,35.38M,-0.34%,35380000.0
20.01.2020,4.764,4.814,4.814,4.75,9.24M,-0.87%,9240000.0
17.01.2020,4.806,4.819,4.854,4.8,28.09M,0.40%,28090000.0
16.01.2020,4.787,4.776,4.826,4.723,36.28M,0.21%,36280000.0
15.01.2020,4.777,4.846,4.852,4.771,18.95M,-1.69%,18950000.0
14.01.2020,4.859,4.913,4.915,4.825,31.27M,-1.30%,31270000.0
13.01.2020,4.923,4.998,5.004,4.896,17.67M,-1.48%,17670000.0
10.01.2020,4.997,5.07,5.078,4.997,12.67M,-1.63%,12670000.0
09.01.2020,5.08,5.096,5.117,5.063,19.15M,0.43%,19150000.0
08.01.2020,5.058,4.968,5.069,4.961,12.83M,0.96%,12830000.0
07.01.2020,5.01,5.051,5.079,4.983,10.19M,-0.44%,10190000.0
06.01.2020,5.032,5.0,5.039,4.944,11.34M,-0.44%,11340000.0
03.01.2020,5.054,5.078,5.078,5.016,13.40M,-1.10%,13400000.0
02.01.2020,5.11,5.031,5.124,5.021,11.85M,2.55%,11850000.0
31.12.2019,4.983,4.995,5.004,4.953,5.62M,-0.44%,5620000.0
30.12.2019,5.005,5.013,5.045,5.005,9.53M,-0.67%,9530000.0
27.12.2019,5.039,5.02,5.084,4.92,10.07M,-0.43%,10070000.0
24.12.2019,5.061,5.042,5.07,5.031,2.89M,-0.57%,2890000.0
23.12.2019,5.09,5.1,5.123,5.067,36.28M,-1.01%,36280000.0
20.12.2019,5.142,5.112,5.166,5.106,51.16M,-0.23%,51160000.0
19.12.2019,5.154,5.087,5.154,5.078,79.88M,1.16%,79880000.0
18.12.2019,5.095,5.042,5.11,5.042,25.78M,0.93%,25780000.0
17.12.2019,5.048,5.047,5.062,5.016,14.76M,-0.34%,14760000.0
16.12.2019,5.065,4.973,5.068,4.968,19.83M,2.34%,19830000.0
13.12.2019,4.949,5.04,5.069,4.945,51.16M,0.57%,51160000.0
12.12.2019,4.921,4.782,4.939,4.745,37.28M,3.30%,37280000.0
11.12.2019,4.764,4.739,4.809,4.732,25.84M,0.08%,25840000.0
10.12.2019,4.76,4.76,4.772,4.682,19.88M,0.08%,19880000.0
09.12.2019,4.756,4.79,4.837,4.756,22.68M,-0.56%,22680000.0
06.12.2019,4.783,4.738,4.798,4.715,13.33M,1.25%,13330000.0
05.12.2019,4.724,4.738,4.785,4.716,30.11M,-0.11%,30110000.0
04.12.2019,4.729,4.641,4.75,4.641,28.08M,1.55%,28080000.0
03.12.2019,4.657,4.707,4.729,4.633,46.60M,-0.79%,46600000.0
02.12.2019,4.694,4.788,4.843,4.691,26.56M,-1.84%,26560000.0
29.11.2019,4.782,4.798,4.832,4.768,15.58M,-0.52%,15580000.0
28.11.2019,4.807,4.798,4.819,4.782,12.72M,-0.46%,12720000.0
27.11.2019,4.829,4.795,4.849,4.775,18.11M,0.77%,18110000.0
26.11.2019,4.792,4.824,4.824,4.763,19.03M,-0.50%,19030000.0
25.11.2019,4.816,4.824,4.867,4.798,10.70M,0.38%,10700000.0
22.11.2019,4.798,4.782,4.854,4.764,19.15M,0.78%,19150000.0
21.11.2019,4.761,4.703,4.772,4.678,13.93M,0.74%,13930000.0
20.11.2019,4.726,4.718,4.741,4.66,12.88M,-0.76%,12880000.0
19.11.2019,4.762,4.76,4.823,4.745,12.41M,0.55%,12410000.0
18.11.2019,4.736,4.793,4.822,4.691,16.59M,-0.67%,16590000.0
15.11.2019,4.768,4.782,4.806,4.732,18.03M,0.59%,18030000.0
14.11.2019,4.74,4.764,4.774,4.713,13.96M,-0.34%,13960000.0
13.11.2019,4.756,4.865,4.88,4.715,26.06M,-3.27%,26060000.0
12.11.2019,4.917,4.971,5.002,4.907,18.79M,-0.55%,18790000.0
11.11.2019,4.944,4.925,4.965,4.892,14.02M,-0.28%,14020000.0
08.11.2019,4.958,4.96,5.004,4.916,24.55M,-0.62%,24550000.0
07.11.2019,4.989,4.904,4.998,4.885,18.90M,1.73%,18900000.0
06.11.2019,4.904,4.98,5.035,4.885,19.11M,-1.01%,19110000.0
05.11.2019,4.954,4.9,4.973,4.881,29.80M,1.56%,29800000.0
04.11.2019,4.878,4.793,4.89,4.76,20.21M,3.06%,20210000.0
01.11.2019,4.733,4.72,4.738,4.63,22.49M,0.21%,22490000.0
31.10.2019,4.723,4.737,4.755,4.606,24.07M,-0.23%,24070000.0
30.10.2019,4.734,4.851,4.864,4.69,33.39M,-2.51%,33390000.0
29.10.2019,4.856,4.879,4.894,4.819,23.96M,-0.53%,23960000.0
28.10.2019,4.882,4.886,4.905,4.85,12.04M,-0.06%,12040000.0
25.10.2019,4.885,4.892,4.93,4.842,13.78M,-0.02%,13780000.0
24.10.2019,4.886,4.93,4.967,4.865,16.25M,-0.45%,16250000.0
23.10.2019,4.908,4.838,4.924,4.822,14.90M,0.43%,14900000.0
22.10.2019,4.887,4.893,4.919,4.818,16.74M,-0.10%,16739999.999999998
21.10.2019,4.892,4.8,4.909,4.788,18.28M,2.36%,18280000.0
18.10.2019,4.779,4.705,4.79,4.705,18.97M,1.10%,18970000.0
17.10.2019,4.727,4.779,4.876,4.727,22.81M,-1.68%,22810000.0
16.10.2019,4.808,4.731,4.837,4.654,22.52M,1.24%,22520000.0
15.10.2019,4.749,4.689,4.753,4.632,23.39M,2.46%,23390000.0
14.10.2019,4.635,4.67,4.682,4.587,14.38M,-1.72%,14380000.0
11.10.2019,4.716,4.542,4.719,4.542,23.30M,1.90%,23300000.0
10.10.2019,4.628,4.516,4.628,4.51,18.48M,2.71%,18480000.0
09.10.2019,4.506,4.52,4.555,4.481,12.99M,0.02%,12990000.0
08.10.2019,4.505,4.607,4.62,4.462,16.22M,-1.79%,16219999.999999998
07.10.2019,4.587,4.543,4.614,4.487,13.64M,1.15%,13640000.0
04.10.2019,4.535,4.546,4.56,4.484,15.36M,0.35%,15360000.0
03.10.2019,4.519,4.555,4.555,4.463,17.38M,0.00%,17380000.0
02.10.2019,4.519,4.686,4.706,4.519,21.27M,-3.85%,21270000.0
01.10.2019,4.7,4.82,4.828,4.7,16.18M,-1.67%,16180000.0
30.09.2019,4.78,4.78,4.806,4.739,21.03M,0.70%,21030000.0
27.09.2019,4.747,4.71,4.769,4.681,12.39M,1.13%,12390000.0
26.09.2019,4.694,4.652,4.711,4.635,13.01M,0.38%,13010000.0
25.09.2019,4.676,4.638,4.683,4.561,15.39M,0.13%,15390000.0
24.09.2019,4.67,4.703,4.726,4.654,15.26M,-0.34%,15260000.0
23.09.2019,4.686,4.841,4.85,4.674,26.23M,-4.37%,26230000.0
20.09.2019,4.9,4.77,4.9,4.752,56.44M,2.40%,56440000.0
19.09.2019,4.785,4.722,4.785,4.694,15.00M,1.98%,15000000.0
18.09.2019,4.692,4.72,4.743,4.646,16.20M,-0.11%,16200000.0
17.09.2019,4.697,4.771,4.782,4.669,18.44M,-2.04%,18440000.0
16.09.2019,4.795,4.825,4.846,4.758,15.76M,-1.44%,15760000.0
13.09.2019,4.865,4.77,4.872,4.758,27.14M,2.88%,27140000.0
12.09.2019,4.729,4.678,4.775,4.554,26.76M,1.13%,26760000.0
11.09.2019,4.676,4.74,4.772,4.653,19.60M,-0.43%,19600000.0
10.09.2019,4.696,4.6,4.702,4.542,23.78M,2.04%,23780000.0
09.09.2019,4.602,4.508,4.602,4.501,15.19M,2.49%,15190000.0
06.09.2019,4.49,4.483,4.56,4.46,15.55M,-0.13%,15550000.0
05.09.2019,4.496,4.359,4.497,4.35,24.41M,4.24%,24410000.0
04.09.2019,4.313,4.338,4.363,4.303,12.70M,0.63%,12700000.0
03.09.2019,4.286,4.268,4.319,4.242,14.72M,0.21%,14720000.0
02.09.2019,4.277,4.296,4.33,4.277,8.06M,-0.74%,8060000.000000001
30.08.2019,4.309,4.332,4.359,4.292,12.93M,-0.30%,12930000.0
29.08.2019,4.322,4.266,4.368,4.263,14.91M,1.12%,14910000.0
28.08.2019,4.274,4.29,4.312,4.244,11.51M,-0.37%,11510000.0
27.08.2019,4.29,4.295,4.333,4.261,16.22M,0.33%,16219999.999999998
26.08.2019,4.276,4.213,4.308,4.213,10.22M,0.85%,10220000.0
23.08.2019,4.24,4.354,4.373,4.24,15.94M,-1.97%,15940000.0
22.08.2019,4.325,4.229,4.371,4.229,15.13M,2.22%,15130000.0
21.08.2019,4.231,4.204,4.261,4.204,9.79M,0.57%,9790000.0
20.08.2019,4.207,4.25,4.258,4.19,16.55M,-1.45%,16550000.0
19.08.2019,4.269,4.396,4.425,4.269,18.29M,-2.20%,18290000.0
16.08.2019,4.365,4.234,4.375,4.208,41.08M,3.09%,41080000.0
15.08.2019,4.234,4.281,4.298,4.187,20.11M,-0.24%,20110000.0
14.08.2019,4.244,4.322,4.325,4.215,22.63M,-2.50%,22630000.0
13.08.2019,4.353,4.263,4.395,4.23,23.50M,1.80%,23500000.0
12.08.2019,4.276,4.444,4.451,4.276,20.75M,-3.61%,20750000.0
09.08.2019,4.436,4.457,4.484,4.42,17.87M,-1.81%,17870000.0
08.08.2019,4.518,4.47,4.538,4.423,17.72M,2.52%,17720000.0
07.08.2019,4.407,4.447,4.485,4.368,20.66M,-0.16%,20660000.0
06.08.2019,4.414,4.478,4.487,4.407,18.28M,-1.03%,18280000.0
05.08.2019,4.46,4.474,4.502,4.435,20.46M,-1.37%,20460000.0
02.08.2019,4.522,4.53,4.588,4.492,27.34M,-2.46%,27340000.0
01.08.2019,4.636,4.601,4.723,4.59,20.29M,0.80%,20290000.0
31.07.2019,4.599,4.68,4.725,4.57,25.00M,-1.25%,25000000.0
30.07.2019,4.657,4.787,4.793,4.622,24.45M,-3.02%,24450000.0
29.07.2019,4.802,4.821,4.848,4.777,11.45M,-0.64%,11450000.0
26.07.2019,4.833,4.867,4.887,4.816,14.39M,-1.25%,14390000.0
25.07.2019,4.894,4.878,5.046,4.86,27.63M,0.33%,27630000.0
24.07.2019,4.878,4.851,4.905,4.83,13.45M,-0.04%,13450000.0
23.07.2019,4.88,4.787,4.902,4.771,18.14M,2.85%,18140000.0
22.07.2019,4.745,4.777,4.792,4.711,16.09M,-0.73%,16090000.0
19.07.2019,4.78,4.861,4.901,4.758,21.04M,-1.57%,21040000.0
18.07.2019,4.856,4.879,4.894,4.812,16.70M,-1.00%,16700000.0
17.07.2019,4.905,4.952,4.965,4.9,14.72M,-1.33%,14720000.0
16.07.2019,4.971,4.947,5.008,4.913,16.47M,0.91%,16469999.999999998
15.07.2019,4.926,4.915,4.941,4.873,14.56M,0.59%,14560000.0
12.07.2019,4.897,4.952,4.985,4.897,17.76M,-0.67%,17760000.0
11.07.2019,4.93,4.963,4.973,4.883,16.83M,-0.28%,16830000.0
10.07.2019,4.944,4.93,5.004,4.888,19.73M,-0.14%,19730000.0
09.07.2019,4.951,4.965,4.973,4.91,17.03M,-0.68%,17030000.0
08.07.2019,4.985,5.05,5.082,4.961,15.37M,-1.83%,15370000.0
05.07.2019,5.078,5.083,5.135,5.034,15.02M,-0.18%,15020000.0
04.07.2019,5.087,5.009,5.098,5.009,16.73M,1.19%,16730000.0
03.07.2019,5.027,4.903,5.027,4.886,14.53M,1.97%,14530000.0
02.07.2019,4.93,4.976,4.992,4.888,13.68M,-0.86%,13680000.0
01.07.2019,4.973,4.981,5.026,4.973,14.33M,1.14%,14330000.0
28.06.2019,4.917,4.91,4.934,4.888,13.44M,0.29%,13440000.0
27.06.2019,4.903,4.912,4.972,4.865,15.37M,0.18%,15370000.0
26.06.2019,4.894,4.861,4.93,4.834,18.47M,0.33%,18470000.0
25.06.2019,4.878,4.887,4.893,4.831,13.83M,-0.79%,13830000.0
24.06.2019,4.917,4.921,4.974,4.883,11.18M,-0.02%,11180000.0
21.06.2019,4.918,4.96,5.014,4.891,44.32M,-0.43%,44320000.0
20.06.2019,4.939,5.01,5.029,4.939,25.41M,-1.42%,25410000.0
19.06.2019,5.01,4.921,5.01,4.892,20.10M,2.20%,20100000.0
18.06.2019,4.902,4.861,4.922,4.801,23.27M,0.72%,23270000.0
17.06.2019,4.867,4.918,4.939,4.867,13.57M,-0.23%,13570000.0
14.06.2019,4.878,4.905,4.915,4.862,13.66M,-0.75%,13660000.0
13.06.2019,4.915,4.92,4.968,4.894,13.84M,-0.49%,13840000.0
12.06.2019,4.939,4.95,4.96,4.878,20.46M,-1.22%,20460000.0
11.06.2019,5.0,5.041,5.062,5.0,15.17M,-1.34%,15170000.0
10.06.2019,5.068,5.015,5.08,4.989,16.54M,2.95%,16540000.0
07.06.2019,4.923,4.949,4.974,4.88,15.41M,-0.42%,15410000.0
06.06.2019,4.944,4.96,5.079,4.896,27.26M,-0.72%,27260000.0
05.06.2019,4.98,5.0,5.017,4.905,19.12M,-0.60%,19120000.0
04.06.2019,5.01,4.843,5.016,4.84,26.55M,3.04%,26550000.0
03.06.2019,4.862,4.817,4.865,4.778,20.28M,-0.10%,20280000.0
31.05.2019,4.867,4.923,4.949,4.843,43.42M,-4.10%,43420000.0
30.05.2019,5.075,5.049,5.093,5.033,11.76M,1.56%,11760000.0
29.05.2019,4.997,4.996,5.028,4.948,17.14M,-0.99%,17140000.0
28.05.2019,5.047,5.041,5.047,4.956,21.31M,0.22%,21310000.0
27.05.2019,5.036,5.083,5.097,5.011,6.30M,0.24%,6300000.0
24.05.2019,5.024,4.992,5.05,4.969,12.90M,1.03%,12900000.0
23.05.2019,4.973,4.99,5.026,4.955,18.66M,-1.05%,18660000.0
22.05.2019,5.026,5.115,5.14,5.0,19.37M,-1.78%,19370000.0
21.05.2019,5.117,5.108,5.148,5.071,13.68M,0.85%,13680000.0
20.05.2019,5.074,5.13,5.207,5.053,19.55M,-1.51%,19550000.0
17.05.2019,5.152,5.15,5.179,5.09,22.67M,-0.77%,22670000.0
16.05.2019,5.192,5.076,5.192,5.045,17.28M,1.98%,17280000.0
15.05.2019,5.091,5.064,5.117,5.008,17.46M,0.16%,17460000.0
14.05.2019,5.083,5.023,5.083,5.001,17.21M,2.03%,17210000.0
13.05.2019,4.982,5.084,5.093,4.966,17.58M,-1.89%,17580000.0
10.05.2019,5.078,5.138,5.158,5.04,13.74M,-0.31%,13740000.0
09.05.2019,5.094,5.128,5.173,5.065,19.14M,-2.04%,19140000.0
08.05.2019,5.2,5.155,5.2,5.105,18.16M,1.09%,18160000.0
07.05.2019,5.144,5.256,5.265,5.141,23.50M,-2.56%,23500000.0
06.05.2019,5.279,5.23,5.298,5.206,15.01M,-1.07%,15010000.0
03.05.2019,5.336,5.374,5.407,5.286,12.55M,-0.24%,12550000.0
02.05.2019,5.349,5.41,5.469,5.342,17.10M,-1.27%,17100000.0
30.04.2019,5.418,5.385,5.418,5.303,19.21M,0.06%,19210000.0
29.04.2019,5.415,5.396,5.434,5.354,13.33M,0.71%,13330000.0
26.04.2019,5.377,5.375,5.391,5.303,17.17M,0.24%,17170000.0
25.04.2019,5.364,5.415,5.422,5.324,16.90M,-0.83%,16900000.0
24.04.2019,5.409,5.45,5.504,5.362,17.82M,-1.22%,17820000.0
23.04.2019,5.476,5.577,5.589,5.446,21.17M,-2.11%,21170000.0
18.04.2019,5.594,5.62,5.633,5.505,25.78M,-0.09%,25780000.0
17.04.2019,5.599,5.546,5.679,5.525,21.25M,1.32%,21250000.0
16.04.2019,5.526,5.494,5.546,5.453,13.37M,0.82%,13370000.0
15.04.2019,5.481,5.51,5.568,5.425,18.84M,-0.56%,18840000.0
12.04.2019,5.512,5.368,5.522,5.325,25.89M,2.64%,25890000.0
11.04.2019,5.37,5.318,5.409,5.27,16.80M,1.44%,16800000.0
10.04.2019,5.294,5.363,5.382,5.268,14.77M,-0.97%,14770000.0
09.04.2019,5.346,5.319,5.415,5.316,14.64M,0.24%,14640000.0
08.04.2019,5.333,5.34,5.372,5.308,13.31M,-2.95%,13310000.0
05.04.2019,5.495,5.501,5.535,5.481,22.15M,-0.05%,22150000.0
04.04.2019,5.498,5.406,5.507,5.382,22.00M,1.57%,22000000.0
03.04.2019,5.413,5.407,5.446,5.386,20.60M,1.60%,20600000.0
02.04.2019,5.328,5.31,5.381,5.282,20.88M,0.41%,20880000.0
01.04.2019,5.306,5.197,5.337,5.156,31.48M,4.18%,31480000.0
29.03.2019,5.093,5.096,5.123,5.051,22.46M,0.91%,22460000.0
28.03.2019,5.047,5.07,5.094,5.005,21.81M,-1.35%,21810000.0
27.03.2019,5.116,5.165,5.284,5.093,28.28M,-0.52%,28280000.0
26.03.2019,5.143,5.213,5.228,5.127,16.78M,-1.10%,16780000.0
25.03.2019,5.2,5.163,5.264,5.119,17.72M,0.23%,17720000.0
22.03.2019,5.188,5.406,5.411,5.163,25.64M,-3.43%,25640000.0
21.03.2019,5.372,5.388,5.408,5.341,16.57M,-0.87%,16570000.0
20.03.2019,5.419,5.47,5.49,5.418,15.97M,-1.20%,15970000.0
19.03.2019,5.485,5.439,5.55,5.412,17.40M,1.18%,17400000.0
18.03.2019,5.421,5.397,5.472,5.39,14.84M,0.89%,14840000.0
15.03.2019,5.373,5.299,5.382,5.27,44.04M,1.72%,44040000.0
14.03.2019,5.282,5.275,5.342,5.264,14.89M,0.13%,14890000.0
13.03.2019,5.275,5.191,5.299,5.18,19.22M,1.81%,19220000.0
12.03.2019,5.181,5.233,5.246,5.15,14.31M,-0.38%,14310000.0
11.03.2019,5.201,5.172,5.225,5.13,12.87M,1.27%,12870000.0
08.03.2019,5.136,5.165,5.19,5.093,18.74M,-1.59%,18740000.0
07.03.2019,5.219,5.388,5.437,5.172,26.44M,-2.85%,26440000.0
06.03.2019,5.372,5.3,5.426,5.29,15.18M,1.22%,15180000.0
05.03.2019,5.307,5.338,5.39,5.245,22.12M,-0.54%,22120000.0
04.03.2019,5.336,5.422,5.45,5.321,15.31M,-0.80%,15310000.0
01.03.2019,5.379,5.496,5.51,5.379,20.43M,-1.74%,20430000.0
28.02.2019,5.474,5.344,5.492,5.319,23.93M,1.80%,23930000.0
27.02.2019,5.377,5.232,5.385,5.226,23.09M,2.44%,23090000.0
26.02.2019,5.249,5.228,5.255,5.177,11.31M,-0.11%,11310000.0
25.02.2019,5.255,5.265,5.289,5.23,10.92M,0.54%,10920000.0
22.02.2019,5.227,5.21,5.28,5.204,13.46M,0.06%,13460000.0
21.02.2019,5.224,5.245,5.256,5.19,13.55M,-0.25%,13550000.0
20.02.2019,5.237,5.199,5.251,5.178,13.59M,0.93%,13590000.0
19.02.2019,5.189,5.2,5.248,5.128,13.58M,-0.73%,13580000.0
18.02.2019,5.227,5.208,5.259,5.203,10.81M,0.64%,10810000.0
15.02.2019,5.194,5.025,5.218,4.998,31.05M,3.30%,31050000.0
14.02.2019,5.028,5.122,5.125,4.99,19.69M,-1.43%,19690000.0
13.02.2019,5.101,5.189,5.216,5.101,18.85M,-1.92%,18850000.0
12.02.2019,5.201,5.165,5.209,5.1,19.01M,1.68%,19010000.0
11.02.2019,5.115,5.102,5.174,5.089,12.29M,1.13%,12290000.0
08.02.2019,5.058,5.07,5.116,5.017,16.81M,-0.37%,16810000.0
07.02.2019,5.077,5.21,5.235,5.068,19.90M,-3.13%,19900000.0
06.02.2019,5.241,5.171,5.245,5.164,17.10M,0.34%,17100000.0
05.02.2019,5.223,5.183,5.23,5.156,22.47M,1.01%,22470000.0
04.02.2019,5.171,5.178,5.222,5.11,15.84M,-0.50%,15840000.0
01.02.2019,5.197,5.205,5.261,5.062,23.99M,0.52%,23990000.0
31.01.2019,5.17,5.284,5.293,5.087,24.38M,-1.67%,24380000.0
30.01.2019,5.258,5.27,5.299,5.235,13.68M,-0.04%,13680000.0
29.01.2019,5.26,5.256,5.281,5.211,13.28M,0.29%,13280000.0
28.01.2019,5.245,5.275,5.331,5.234,14.76M,-1.11%,14760000.0
25.01.2019,5.304,5.253,5.309,5.22,17.98M,1.90%,17980000.0
24.01.2019,5.205,5.247,5.27,5.145,19.26M,-0.42%,19260000.0
23.01.2019,5.227,5.158,5.265,5.141,15.68M,1.10%,15680000.0
22.01.2019,5.17,5.155,5.178,5.134,14.20M,-0.69%,14200000.0
21.01.2019,5.206,5.2,5.21,5.156,8.29M,0.12%,8289999.999999999
18.01.2019,5.2,5.089,5.2,5.074,30.15M,3.24%,30150000.0
17.01.2019,5.037,5.065,5.11,5.024,18.76M,-1.43%,18760000.0
16.01.2019,5.11,5.013,5.11,5.0,22.12M,2.43%,22120000.0
15.01.2019,4.989,5.013,5.069,4.911,16.05M,0.00%,16050000.0
14.01.2019,4.989,4.999,5.016,4.927,19.46M,-0.93%,19460000.0
11.01.2019,5.036,4.98,5.049,4.944,19.02M,1.04%,19020000.0
10.01.2019,4.984,4.908,5.005,4.883,15.95M,0.87%,15950000.0
09.01.2019,4.941,4.92,5.027,4.899,21.94M,1.35%,21940000.0
08.01.2019,4.875,4.86,4.923,4.835,16.37M,0.87%,16370000.000000002
07.01.2019,4.833,4.883,4.894,4.801,15.31M,-0.37%,15310000.0
04.01.2019,4.851,4.739,4.878,4.722,23.42M,3.74%,23420000.0
03.01.2019,4.676,4.626,4.739,4.626,16.78M,0.28%,16780000.0
02.01.2019,4.663,4.574,4.696,4.51,15.43M,0.58%,15430000.0
31.12.2018,4.636,4.635,4.663,4.62,6.38M,-0.11%,6380000.0
28.12.2018,4.641,4.559,4.648,4.55,18.32M,2.11%,18320000.0
27.12.2018,4.545,4.6,4.638,4.476,31.74M,-0.29%,31740000.0
24.12.2018,4.558,4.574,4.599,4.543,5.46M,-1.32%,5460000.0
21.12.2018,4.619,4.633,4.66,4.534,45.31M,-0.75%,45310000.0
20.12.2018,4.654,4.65,4.715,4.623,21.87M,-1.57%,21870000.0
19.12.2018,4.728,4.705,4.784,4.704,20.01M,0.96%,20010000.0
18.12.2018,4.683,4.702,4.764,4.671,23.96M,-0.49%,23960000.0
17.12.2018,4.706,4.705,4.758,4.692,17.93M,-0.15%,17930000.0
14.12.2018,4.713,4.702,4.724,4.601,17.83M,-0.51%,17830000.0
13.12.2018,4.737,4.707,4.811,4.666,25.13M,1.87%,25130000.0
12.12.2018,4.65,4.52,4.681,4.52,27.56M,2.49%,27560000.0
11.12.2018,4.537,4.598,4.623,4.53,33.37M,-0.83%,33369999.999999996
10.12.2018,4.575,4.676,4.71,4.565,21.30M,-2.47%,21300000.0
07.12.2018,4.691,4.721,4.783,4.689,19.75M,0.00%,19750000.0
06.12.2018,4.691,4.812,4.836,4.661,28.34M,-3.58%,28340000.0
05.12.2018,4.865,4.888,4.902,4.81,19.43M,-1.30%,19430000.0
04.12.2018,4.929,5.056,5.074,4.929,20.30M,-3.18%,20300000.0
03.12.2018,5.091,5.1,5.16,5.091,20.25M,1.45%,20250000.0
30.11.2018,5.018,5.003,5.019,4.947,20.58M,0.56%,20580000.0
29.11.2018,4.99,5.03,5.07,4.981,15.20M,0.24%,15200000.0
28.11.2018,4.978,4.925,5.01,4.925,18.45M,1.22%,18450000.0
27.11.2018,4.918,5.02,5.059,4.855,40.23M,-3.28%,40230000.0
26.11.2018,5.085,4.961,5.098,4.95,25.98M,3.46%,25980000.0
23.11.2018,4.915,4.923,4.962,4.895,9.09M,0.20%,9090000.0
22.11.2018,4.905,4.9,4.944,4.873,11.78M,-0.67%,11780000.0
21.11.2018,4.938,4.88,4.963,4.865,18.93M,1.77%,18930000.0
20.11.2018,4.852,4.9,4.9,4.822,20.44M,-1.18%,20440000.0
19.11.2018,4.91,4.921,4.984,4.903,15.89M,-0.02%,15890000.0
16.11.2018,4.911,5.003,5.015,4.909,34.33M,-1.33%,34330000.0
15.11.2018,4.977,4.993,5.029,4.912,21.29M,0.10%,21290000.0
14.11.2018,4.972,4.974,5.029,4.95,15.71M,-0.56%,15710000.0
13.11.2018,5.0,4.925,5.009,4.925,21.56M,1.79%,21560000.0
12.11.2018,4.912,5.025,5.049,4.9,28.96M,0.00%,28960000.0
09.11.2018,4.912,5.05,5.05,4.852,66.48M,-5.85%,66480000.00000001
08.11.2018,5.217,5.267,5.29,5.2,14.72M,-0.51%,14720000.0
07.11.2018,5.244,5.4,5.4,5.237,27.36M,1.73%,27360000.0
06.11.2018,5.155,5.199,5.205,5.101,13.58M,-1.00%,13580000.0
05.11.2018,5.207,5.166,5.255,5.165,15.85M,0.83%,15850000.0
02.11.2018,5.164,5.094,5.194,5.081,26.60M,2.62%,26600000.0
01.11.2018,5.032,4.895,5.036,4.885,23.28M,3.01%,23280000.0
31.10.2018,4.885,5.016,5.022,4.866,54.11M,-1.75%,54110000.0
30.10.2018,4.972,5.2,5.226,4.969,37.18M,-3.14%,37180000.0
29.10.2018,5.133,5.168,5.201,5.076,17.63M,0.88%,17630000.0
26.10.2018,5.088,5.072,5.093,5.008,21.73M,-0.35%,21730000.0
25.10.2018,5.106,4.985,5.134,4.972,25.40M,2.84%,25400000.0
24.10.2018,4.965,5.077,5.077,4.965,19.63M,-2.03%,19630000.0
23.10.2018,5.068,5.02,5.123,5.007,24.75M,-0.53%,24750000.0
22.10.2018,5.095,5.285,5.321,5.094,19.65M,-2.13%,19650000.0
19.10.2018,5.206,5.13,5.245,5.016,38.52M,0.99%,38520000.0
18.10.2018,5.155,5.28,5.339,5.092,34.30M,-2.70%,34300000.0
17.10.2018,5.298,5.38,5.407,5.276,15.65M,-1.18%,15650000.0
16.10.2018,5.361,5.346,5.384,5.303,17.60M,0.79%,17600000.0
15.10.2018,5.319,5.249,5.343,5.233,15.93M,1.04%,15930000.0
12.10.2018,5.264,5.37,5.39,5.264,20.86M,-0.47%,20860000.0
11.10.2018,5.289,5.193,5.356,5.182,35.63M,-0.08%,35630000.0
10.10.2018,5.293,5.257,5.358,5.247,22.11M,-0.04%,22110000.0
09.10.2018,5.295,5.242,5.303,5.181,26.33M,1.53%,26330000.0
08.10.2018,5.215,5.2,5.242,5.103,20.47M,-0.91%,20470000.0
05.10.2018,5.263,5.3,5.308,5.245,19.36M,-0.64%,19360000.0
04.10.2018,5.297,5.345,5.398,5.29,26.76M,-0.88%,26760000.0
03.10.2018,5.344,5.426,5.44,5.341,24.03M,-0.47%,24030000.0
02.10.2018,5.369,5.458,5.468,5.369,30.68M,-2.65%,30680000.0
01.10.2018,5.515,5.477,5.605,5.467,20.13M,0.46%,20130000.0
28.09.2018,5.49,5.548,5.549,5.384,29.79M,-2.12%,29790000.0
27.09.2018,5.609,5.536,5.609,5.462,19.11M,0.57%,19110000.0
26.09.2018,5.577,5.601,5.624,5.561,13.86M,-0.38%,13860000.0
25.09.2018,5.598,5.63,5.678,5.595,21.86M,0.09%,21860000.0
24.09.2018,5.593,5.6,5.635,5.568,18.07M,-0.76%,18070000.0
21.09.2018,5.636,5.742,5.785,5.605,56.16M,-0.74%,56160000.0
20.09.2018,5.678,5.617,5.755,5.617,35.16M,1.47%,35160000.0
19.09.2018,5.596,5.505,5.606,5.475,26.57M,2.01%,26570000.0
18.09.2018,5.486,5.502,5.509,5.443,16.85M,-0.31%,16850000.0
17.09.2018,5.503,5.43,5.528,5.428,20.38M,0.99%,20380000.0
14.09.2018,5.449,5.478,5.479,5.384,21.20M,0.20%,21200000.0
13.09.2018,5.438,5.213,5.461,5.209,40.25M,4.28%,40250000.0
12.09.2018,5.215,5.21,5.22,5.137,15.33M,0.12%,15330000.0
11.09.2018,5.209,5.229,5.255,5.155,17.24M,0.19%,17240000.0
10.09.2018,5.199,5.166,5.275,5.15,15.87M,0.37%,15870000.0
07.09.2018,5.18,5.23,5.257,5.118,22.85M,-0.92%,22850000.0
06.09.2018,5.228,5.32,5.32,5.221,24.13M,-2.52%,24130000.0
05.09.2018,5.363,5.347,5.426,5.297,21.83M,-0.09%,21830000.0
04.09.2018,5.368,5.354,5.422,5.298,17.46M,0.26%,17460000.0
03.09.2018,5.354,5.37,5.395,5.328,10.06M,-0.30%,10060000.0
31.08.2018,5.37,5.394,5.411,5.353,21.15M,-0.20%,21150000.0
30.08.2018,5.381,5.501,5.51,5.378,24.68M,-2.75%,24680000.0
29.08.2018,5.533,5.51,5.545,5.455,11.76M,0.78%,11760000.0
28.08.2018,5.49,5.59,5.608,5.49,17.66M,-1.45%,17660000.0
27.08.2018,5.571,5.551,5.587,5.506,8.30M,0.69%,8300000.000000001
24.08.2018,5.533,5.502,5.567,5.502,9.14M,0.20%,9140000.0
23.08.2018,5.522,5.57,5.597,5.52,11.93M,-0.52%,11930000.0
22.08.2018,5.551,5.489,5.582,5.48,16.37M,1.00%,16370000.000000002
21.08.2018,5.496,5.4,5.539,5.39,13.45M,1.48%,13450000.0
20.08.2018,5.416,5.469,5.514,5.394,13.64M,-0.44%,13640000.0
17.08.2018,5.44,5.514,5.514,5.379,20.37M,-0.86%,20370000.0
16.08.2018,5.487,5.466,5.516,5.41,21.23M,1.63%,21230000.0
15.08.2018,5.399,5.479,5.53,5.335,27.48M,-0.99%,27480000.0
14.08.2018,5.453,5.484,5.568,5.385,30.67M,-0.09%,30670000.0
13.08.2018,5.458,5.478,5.528,5.4,40.65M,-3.23%,40650000.0
10.08.2018,5.64,5.82,5.825,5.6,56.78M,-5.16%,56780000.0
09.08.2018,5.947,6.0,6.005,5.917,15.87M,-0.92%,15870000.0
08.08.2018,6.002,6.025,6.051,5.966,11.07M,-0.63%,11070000.0
07.08.2018,6.04,6.06,6.086,6.025,11.52M,-0.02%,11520000.0
06.08.2018,6.041,6.073,6.1,6.006,10.23M,-0.36%,10230000.0
03.08.2018,6.063,6.054,6.11,6.01,10.24M,0.21%,10240000.0
02.08.2018,6.05,6.189,6.19,6.022,27.51M,-2.80%,27510000.0
01.08.2018,6.224,6.294,6.33,6.204,11.76M,-0.99%,11760000.0
31.07.2018,6.286,6.21,6.33,6.21,19.23M,0.93%,19230000.0
30.07.2018,6.228,6.166,6.255,6.152,13.19M,0.44%,13190000.0
27.07.2018,6.201,6.19,6.328,6.159,18.50M,1.31%,18500000.0
26.07.2018,6.121,6.074,6.168,6.07,16.65M,1.21%,16649999.999999998
25.07.2018,6.048,6.156,6.16,6.034,16.13M,-1.75%,16129999.999999998
24.07.2018,6.156,6.08,6.2,6.077,21.02M,2.16%,21020000.0
23.07.2018,6.026,5.939,6.043,5.916,12.06M,0.92%,12060000.0
20.07.2018,5.971,5.95,5.999,5.916,17.42M,-0.08%,17420000.0
19.07.2018,5.976,6.0,6.071,5.949,13.39M,-0.47%,13390000.0
18.07.2018,6.004,5.921,6.004,5.871,18.03M,1.16%,18030000.0
17.07.2018,5.935,6.0,6.046,5.921,23.56M,-0.97%,23560000.0
16.07.2018,5.993,6.014,6.064,5.967,11.42M,-0.66%,11420000.0
13.07.2018,6.033,6.083,6.083,5.994,12.50M,-0.40%,12500000.0
12.07.2018,6.057,6.079,6.09,5.984,13.76M,0.20%,13760000.0
11.07.2018,6.045,6.14,6.16,6.045,19.28M,-2.69%,19280000.0
10.07.2018,6.212,6.35,6.353,6.175,27.85M,-2.45%,27850000.0
09.07.2018,6.368,6.4,6.439,6.364,12.69M,-0.02%,12690000.0
06.07.2018,6.369,6.36,6.41,6.302,19.57M,0.95%,19570000.0
05.07.2018,6.309,6.16,6.359,6.16,23.10M,2.82%,23100000.0
04.07.2018,6.136,6.0,6.155,5.998,16.01M,1.93%,16010000.000000002
03.07.2018,6.02,5.976,6.059,5.915,15.27M,1.24%,15270000.0
02.07.2018,5.946,5.98,5.987,5.881,23.52M,-2.11%,23520000.0
29.06.2018,6.074,6.05,6.16,6.037,22.52M,1.81%,22520000.0
28.06.2018,5.966,5.92,6.005,5.911,13.27M,-0.03%,13270000.0
27.06.2018,5.968,6.008,6.018,5.886,19.26M,-0.76%,19260000.0
26.06.2018,6.014,6.002,6.044,5.916,17.66M,0.99%,17660000.0
25.06.2018,5.955,5.998,6.04,5.945,17.63M,-1.73%,17630000.0
22.06.2018,6.06,6.014,6.078,5.975,15.97M,1.47%,15970000.0
21.06.2018,5.972,6.046,6.076,5.909,14.86M,-0.63%,14860000.0
20.06.2018,6.01,6.02,6.08,6.0,18.49M,0.82%,18490000.0
19.06.2018,5.961,5.85,5.994,5.8,16.78M,0.71%,16780000.0
18.06.2018,5.919,5.95,6.015,5.906,13.92M,-0.97%,13920000.0
15.06.2018,5.977,6.103,6.114,5.905,42.12M,-1.92%,42120000.0
14.06.2018,6.094,6.08,6.11,6.03,19.68M,-0.10%,19680000.0
13.06.2018,6.1,6.176,6.212,6.096,20.60M,-1.45%,20600000.0
12.06.2018,6.19,6.25,6.269,6.19,17.66M,-0.26%,17660000.0
11.06.2018,6.206,6.177,6.232,6.1,26.17M,2.11%,26170000.0
08.06.2018,6.078,6.039,6.078,6.004,18.71M,-0.59%,18710000.0
07.06.2018,6.114,6.05,6.188,6.05,25.06M,2.02%,25060000.0
06.06.2018,5.993,5.924,5.999,5.845,23.06M,1.32%,23060000.0
05.06.2018,5.915,6.037,6.075,5.914,22.45M,-2.34%,22450000.0
04.06.2018,6.057,6.087,6.147,6.02,23.00M,0.65%,23000000.0
01.06.2018,6.018,5.971,6.074,5.89,30.42M,3.07%,30420000.0
31.05.2018,5.839,5.981,6.066,5.783,39.90M,-1.30%,39900000.0
30.05.2018,5.916,5.95,6.022,5.825,36.05M,0.65%,36050000.0
29.05.2018,5.878,6.07,6.087,5.85,42.31M,-4.17%,42310000.0
28.05.2018,6.134,6.307,6.338,6.09,18.76M,-1.19%,18760000.0
25.05.2018,6.208,6.408,6.416,6.124,33.72M,-2.79%,33720000.0
24.05.2018,6.386,6.484,6.524,6.347,19.41M,-1.25%,19410000.0
23.05.2018,6.467,6.572,6.572,6.392,24.41M,-2.24%,24410000.0
22.05.2018,6.615,6.526,6.649,6.513,16.62M,1.64%,16620000.000000002
21.05.2018,6.508,6.61,6.623,6.489,12.76M,-1.09%,12760000.0
18.05.2018,6.58,6.7,6.706,6.546,30.18M,-1.89%,30180000.0
17.05.2018,6.707,6.64,6.708,6.61,15.46M,1.31%,15460000.0
16.05.2018,6.62,6.708,6.743,6.558,22.78M,-1.62%,22780000.0
15.05.2018,6.729,6.828,6.855,6.669,17.99M,-1.52%,17990000.0
14.05.2018,6.833,6.845,6.886,6.796,9.13M,-0.31%,9130000.0
11.05.2018,6.854,6.852,6.885,6.838,9.56M,0.03%,9560000.0
10.05.2018,6.852,6.82,6.852,6.789,11.12M,0.68%,11120000.0
09.05.2018,6.806,6.768,6.81,6.735,10.88M,0.74%,10880000.0
08.05.2018,6.756,6.791,6.817,6.73,14.45M,-0.47%,14450000.0
07.05.2018,6.788,6.77,6.812,6.753,9.30M,0.68%,9300000.0
04.05.2018,6.742,6.68,6.752,6.63,15.40M,1.14%,15400000.0
03.05.2018,6.666,6.76,6.76,6.638,18.40M,-1.46%,18400000.0
02.05.2018,6.765,6.718,6.782,6.718,12.19M,0.52%,12190000.0
30.04.2018,6.73,6.684,6.745,6.682,14.89M,0.64%,14890000.0
27.04.2018,6.687,6.595,6.74,6.58,23.03M,2.22%,23030000.0
26.04.2018,6.542,6.544,6.59,6.5,10.49M,-0.17%,10490000.0
25.04.2018,6.553,6.538,6.553,6.473,11.98M,-0.44%,11980000.0
24.04.2018,6.582,6.593,6.593,6.514,11.76M,0.00%,11760000.0
23.04.2018,6.582,6.592,6.593,6.541,12.06M,0.06%,12060000.0
20.04.2018,6.578,6.521,6.585,6.501,15.24M,0.92%,15240000.0
19.04.2018,6.518,6.476,6.538,6.476,11.28M,0.40%,11280000.0
18.04.2018,6.492,6.411,6.513,6.383,17.09M,1.41%,17090000.0
17.04.2018,6.402,6.432,6.485,6.402,12.20M,-0.20%,12200000.0
16.04.2018,6.415,6.408,6.452,6.395,9.88M,0.08%,9880000.0
13.04.2018,6.41,6.353,6.498,6.338,18.26M,1.28%,18260000.0
12.04.2018,6.329,6.347,6.372,6.315,12.61M,-0.30%,12610000.0
11.04.2018,6.348,6.405,6.431,6.34,15.94M,-1.14%,15940000.0
10.04.2018,6.421,6.48,6.495,6.408,14.38M,-0.16%,14380000.0
09.04.2018,6.431,6.4,6.467,6.381,12.94M,1.34%,12940000.0
06.04.2018,6.346,6.35,6.408,6.324,14.95M,-2.52%,14950000.0
05.04.2018,6.51,6.427,6.549,6.42,24.95M,2.52%,24950000.0
04.04.2018,6.35,6.364,6.373,6.245,26.54M,-0.25%,26540000.0
03.04.2018,6.366,6.38,6.419,6.322,14.73M,-0.98%,14730000.0
29.03.2018,6.429,6.36,6.485,6.354,19.66M,1.37%,19660000.0
28.03.2018,6.342,6.222,6.342,6.209,20.42M,0.84%,20420000.0
27.03.2018,6.289,6.368,6.37,6.257,17.64M,0.45%,17640000.0
26.03.2018,6.261,6.3,6.319,6.225,20.30M,-0.21%,20300000.0
23.03.2018,6.274,6.333,6.382,6.254,30.74M,-2.65%,30740000.0
22.03.2018,6.445,6.501,6.595,6.375,22.15M,-1.32%,22150000.0
21.03.2018,6.531,6.635,6.661,6.5,14.56M,-1.00%,14560000.0
20.03.2018,6.597,6.573,6.617,6.549,10.98M,0.67%,10980000.0
19.03.2018,6.553,6.629,6.652,6.527,13.66M,-1.47%,13660000.0
16.03.2018,6.651,6.557,6.678,6.524,37.07M,1.88%,37070000.0
15.03.2018,6.528,6.585,6.604,6.505,14.09M,-0.64%,14090000.0
14.03.2018,6.57,6.67,6.697,6.552,15.71M,-1.50%,15710000.0
13.03.2018,6.67,6.674,6.764,6.647,14.58M,-0.06%,14580000.0
12.03.2018,6.674,6.691,6.7,6.643,10.86M,0.42%,10860000.0
09.03.2018,6.646,6.668,6.702,6.637,13.51M,-0.09%,13510000.0
08.03.2018,6.652,6.657,6.717,6.618,13.65M,0.33%,13650000.0
07.03.2018,6.63,6.632,6.649,6.6,13.67M,-0.30%,13670000.0
06.03.2018,6.65,6.668,6.764,6.647,17.12M,0.61%,17120000.0
05.03.2018,6.61,6.607,6.673,6.571,17.13M,-0.48%,17130000.0
02.03.2018,6.642,6.75,6.75,6.64,25.50M,-2.18%,25500000.0
01.03.2018,6.79,6.851,6.88,6.78,17.49M,-1.45%,17490000.0
28.02.2018,6.89,6.91,6.94,6.871,17.07M,-0.86%,17070000.0
27.02.2018,6.95,6.981,6.998,6.922,13.23M,-0.13%,13230000.0
26.02.2018,6.959,6.945,6.96,6.9,13.31M,0.71%,13310000.0
23.02.2018,6.91,6.967,6.968,6.89,18.45M,-0.86%,18450000.0
22.02.2018,6.97,6.93,6.978,6.852,20.96M,0.00%,20960000.0
21.02.2018,6.97,7.012,7.03,6.936,14.14M,-0.80%,14140000.0
20.02.2018,7.026,7.011,7.071,6.975,16.49M,0.06%,16489999.999999998
19.02.2018,7.022,7.085,7.117,7.022,10.23M,-0.52%,10230000.0
16.02.2018,7.059,7.057,7.077,6.974,20.08M,0.94%,20080000.0
15.02.2018,6.993,7.06,7.14,6.968,17.16M,0.36%,17160000.0
14.02.2018,6.968,7.061,7.077,6.915,18.54M,-0.43%,18540000.0
13.02.2018,6.998,7.102,7.124,6.984,16.12M,-1.39%,16120000.000000002
12.02.2018,7.097,7.084,7.153,7.053,17.87M,1.26%,17870000.0
09.02.2018,7.009,7.067,7.098,6.928,29.36M,-1.71%,29360000.0
08.02.2018,7.131,7.193,7.287,7.098,23.71M,-1.33%,23710000.0
07.02.2018,7.227,7.195,7.268,7.087,23.09M,2.00%,23090000.0
06.02.2018,7.085,7.1,7.23,7.03,31.71M,-2.34%,31710000.0
05.02.2018,7.255,7.286,7.322,7.212,18.56M,-1.35%,18560000.0
02.02.2018,7.354,7.45,7.467,7.292,18.03M,-1.39%,18030000.0
01.02.2018,7.458,7.68,7.73,7.42,23.91M,-1.45%,23910000.0
31.01.2018,7.568,7.569,7.632,7.511,18.41M,0.07%,18410000.0
30.01.2018,7.563,7.59,7.617,7.512,19.81M,-1.05%,19810000.0
29.01.2018,7.643,7.659,7.674,7.594,14.15M,0.12%,14150000.0
26.01.2018,7.634,7.59,7.65,7.565,12.50M,0.43%,12500000.0
25.01.2018,7.601,7.483,7.601,7.481,17.01M,1.62%,17010000.0
24.01.2018,7.48,7.478,7.533,7.455,12.64M,-0.13%,12640000.0
23.01.2018,7.49,7.53,7.569,7.45,15.62M,-0.07%,15620000.0
22.01.2018,7.495,7.423,7.535,7.375,16.02M,1.28%,16020000.0
19.01.2018,7.4,7.375,7.448,7.354,14.38M,0.28%,14380000.0
18.01.2018,7.379,7.42,7.429,7.345,13.56M,-0.26%,13560000.0
17.01.2018,7.398,7.4,7.457,7.331,17.96M,-1.06%,17960000.0
16.01.2018,7.477,7.478,7.51,7.439,15.20M,-0.05%,15200000.0
15.01.2018,7.481,7.465,7.516,7.428,15.06M,0.44%,15060000.0
12.01.2018,7.448,7.391,7.448,7.359,20.46M,1.42%,20460000.0
11.01.2018,7.344,7.349,7.45,7.297,20.97M,-0.08%,20970000.0
10.01.2018,7.35,7.28,7.38,7.259,25.98M,1.21%,25980000.0
09.01.2018,7.262,7.227,7.284,7.217,12.95M,0.37%,12950000.0
08.01.2018,7.235,7.274,7.293,7.22,13.42M,-0.25%,13420000.0
05.01.2018,7.253,7.259,7.282,7.203,13.58M,0.44%,13580000.0
04.01.2018,7.221,7.113,7.274,7.104,20.79M,1.79%,20790000.0
03.01.2018,7.094,7.113,7.12,7.055,13.32M,0.17%,13320000.0
02.01.2018,7.082,7.139,7.169,7.05,15.96M,-0.42%,15960000.0
