Fecha,Cierre,Apertura,Máximo,Mínimo,Vol.,% var.
01/01/18,60.24,60.26,60.28,60.15,,-0.33%
02/01/18,60.38,60.21,60.75,60.14,132.94K,0.23%
03/01/18,61.55,60.37,61.83,60.28,283.96K,1.94%
04/01/18,61.9,61.83,62.05,61.49,255.67K,0.57%
05/01/18,61.41,61.8,61.96,61.07,190.82K,-0.79%
08/01/18,61.72,61.59,61.93,61.35,296.58K,0.50%
09/01/18,62.87,61.89,63.36,61.78,365.11K,1.86%
10/01/18,63.42,63.31,63.54,62.95,316.42K,0.87%
11/01/18,63.68,63.34,64.53,63.27,466.04K,0.41%
12/01/18,64.23,63.5,64.41,62.98,323.62K,0.86%
14/01/18,64.28,64.42,64.44,64.19,,0.08%
15/01/18,64.73,64.28,64.89,64.11,,0.70%
16/01/18,63.67,64.33,64.83,63.34,458.60K,-1.64%
17/01/18,63.92,63.82,64.14,63.25,369.42K,0.39%
18/01/18,63.89,64,64.28,63.44,511.53K,-0.05%
19/01/18,63.31,63.68,63.73,62.78,674.50K,-0.91%
22/01/18,63.57,63.5,64.13,63.05,625.66K,0.41%
23/01/18,64.31,63.85,64.69,63.56,131.41K,1.16%
24/01/18,65.36,64.25,65.79,64.18,231.91K,1.63%
25/01/18,65.37,65.65,66.39,64.96,212.87K,0.02%
26/01/18,65.97,65.18,66.17,64.77,178.24K,0.92%
29/01/18,65.39,66.01,66.23,64.81,162.52K,-0.88%
30/01/18,64.35,65.39,65.39,63.78,175.05K,-1.59%
31/01/18,64.56,63.68,64.73,63.54,155.55K,0.33%
01/02/18,65.55,64.53,65.96,64.43,226.70K,1.53%
02/02/18,65.07,65.78,66,64.17,312.49K,-0.73%
05/02/18,63.83,64.69,64.97,63.12,330.34K,-1.91%
06/02/18,63.11,63.15,63.94,62.8,257.00K,-1.13%
07/02/18,61.55,63.63,63.86,61.07,368.47K,-2.47%
08/02/18,60.94,61.45,61.82,60.09,375.40K,-0.99%
09/02/18,58.99,60.3,60.6,57.9,309.83K,-3.20%
12/02/18,59.08,58.77,60.61,58.77,298.90K,0.15%
13/02/18,59.03,59.24,59.53,58.23,320.33K,-0.08%
14/02/18,60.51,58.88,60.79,58.09,451.59K,2.51%
15/02/18,61.17,60.55,61.46,59.59,576.51K,1.09%
16/02/18,61.55,61.28,61.87,60.76,524.97K,0.62%
18/02/18,61.72,61.51,61.74,61.51,,0.28%
19/02/18,62.38,61.71,62.49,61.67,,1.07%
20/02/18,61.79,61.51,62.65,61.43,794.48K,-0.95%
21/02/18,61.52,61.38,61.67,60.72,104.67K,-0.44%
22/02/18,62.6,61.17,62.87,60.61,153.23K,1.76%
23/02/18,63.41,62.44,63.54,62.16,102.52K,1.29%
26/02/18,63.77,63.47,64.07,62.91,84.48K,0.57%
27/02/18,62.9,63.85,63.92,62.52,128.97K,-1.36%
28/02/18,61.47,62.7,63.29,61.2,197.82K,-2.27%
01/03/18,60.8,61.39,61.64,60.02,200.03K,-1.09%
02/03/18,61.09,61.2,61.41,59.99,153.17K,0.48%
05/03/18,62.39,61.37,62.61,60.94,120.24K,2.13%
06/03/18,62.45,62.43,63.05,62.03,197.58K,0.10%
07/03/18,61.02,62.13,62.46,60.48,269.07K,-2.29%
08/03/18,60.06,61.22,61.25,59.91,359.79K,-1.57%
09/03/18,61.92,60.26,62.04,60.08,286.79K,3.10%
12/03/18,61.33,61.95,62.22,60.63,191.75K,-0.95%
13/03/18,60.75,61.33,61.97,60.29,325.78K,-0.95%
14/03/18,61.02,60.88,61.34,60.18,316.24K,0.44%
15/03/18,61.25,61,61.6,60.86,321.84K,0.38%
16/03/18,62.41,61.24,62.6,61.14,437.18K,1.89%
19/03/18,62.13,62.3,62.44,61.45,557.26K,-0.45%
20/03/18,63.54,62.2,63.98,62.13,717.71K,2.27%
21/03/18,64.95,63.53,65.35,63.35,192.77K,2.22%
22/03/18,64.18,65.29,65.52,64,205.32K,-1.19%
23/03/18,65.71,64.2,65.82,63.98,172.41K,2.38%
26/03/18,65.41,65.81,66.37,64.94,116.65K,-0.46%
27/03/18,65.18,65.41,66.27,64.49,156.31K,-0.35%
28/03/18,64.35,64.65,65.08,63.68,169.97K,-1.27%
29/03/18,64.87,64.7,65.19,64.12,155.61K,0.81%
02/04/18,62.99,64.84,65.35,62.8,134.94K,-2.90%
03/04/18,63.46,62.82,63.8,62.82,136.62K,0.75%
04/04/18,63.33,63.53,63.61,62.06,215.05K,-0.20%
05/04/18,63.54,63.63,64.1,63.06,167.18K,0.33%
06/04/18,62.1,63.77,63.77,61.86,313.82K,-2.27%
09/04/18,63.43,62.03,63.62,62.01,268.23K,2.14%
10/04/18,65.44,63.31,65.77,63.18,347.17K,3.17%
11/04/18,66.74,65.42,67.38,65.09,411.99K,1.99%
12/04/18,66.95,66.69,67.22,65.94,267.76K,0.31%
13/04/18,67.33,67.11,67.63,66.59,290.83K,0.57%
16/04/18,66.2,67.29,67.68,66.09,370.37K,-1.68%
17/04/18,66.51,66.4,66.72,65.59,471.09K,0.47%
18/04/18,68.47,66.69,68.9,66.54,674.70K,2.95%
19/04/18,68.33,68.73,69.55,68,860.39K,-0.20%
20/04/18,68.4,68.22,68.66,67.49,724.91K,0.10%
23/04/18,68.47,68.05,68.85,67.02,214.76K,0.10%
24/04/18,67.57,68.78,69.19,67.38,150.59K,-1.31%
25/04/18,67.92,67.64,68.03,66.97,164.74K,0.52%
26/04/18,68.08,67.89,68.66,67.64,155.32K,0.24%
27/04/18,67.98,68.08,68.24,67.53,112.37K,-0.15%
30/04/18,68.48,68.04,69.25,67.09,190.00K,0.74%
01/05/18,67.13,68.51,68.78,66.77,167.99K,-1.97%
02/05/18,67.77,67.34,67.96,66.8,230.12K,0.95%
03/05/18,68.26,67.57,68.43,67.1,165.85K,0.72%
04/05/18,69.58,68.31,69.82,67.97,160.91K,1.93%
07/05/18,70.62,69.69,70.73,69.42,229.75K,1.49%
08/05/18,68.97,69.93,70.3,67.57,312.74K,-2.34%
09/05/18,71.05,69.97,71.28,69.79,268.13K,3.02%
10/05/18,71.31,71.15,71.8,70.5,231.76K,0.37%
11/05/18,70.68,71.39,71.56,70.44,222.41K,-0.88%
14/05/18,70.99,70.5,71.24,70.24,243.62K,0.44%
15/05/18,71.37,71.22,71.95,70.48,349.96K,0.54%
16/05/18,71.56,71.14,71.67,70.75,320.92K,0.27%
17/05/18,71.57,71.62,72.37,71.22,460.64K,0.01%
18/05/18,71.37,71.64,71.86,71.09,462.17K,-0.28%
21/05/18,72.35,71.5,72.68,71.32,579.27K,1.37%
22/05/18,72.2,72.62,72.9,71.82,723.46K,-0.21%
23/05/18,71.71,71.93,72.05,70.99,143.17K,-0.68%
24/05/18,70.58,71.76,71.85,70.4,119.99K,-1.58%
25/05/18,67.78,70.53,70.67,67.33,180.12K,-3.97%
27/05/18,67.36,67.44,67.48,67.02,,-0.62%
28/05/18,67.05,67.39,67.41,65.81,,-0.46%
29/05/18,66.62,67.29,67.42,65.72,179.22K,-0.64%
30/05/18,68.08,66.7,68.52,66.25,149.26K,2.19%
31/05/18,66.91,68.1,68.15,66.44,235.53K,-1.72%
01/06/18,65.77,66.96,67.19,65.48,231.16K,-1.70%
04/06/18,64.68,65.65,65.99,64.54,179.15K,-1.66%
05/06/18,65.46,64.93,65.49,64.15,168.07K,1.21%
06/06/18,64.7,65.43,65.91,64.22,167.64K,-1.16%
07/06/18,65.89,65.03,66.03,64.78,228.72K,1.84%
08/06/18,65.67,65.95,66.16,65.1,182.49K,-0.33%
11/06/18,66.03,65.5,66.28,64.79,156.89K,0.55%
12/06/18,66.28,66.03,66.62,65.8,159.49K,0.38%
13/06/18,66.52,65.94,66.78,65.44,258.19K,0.36%
14/06/18,66.69,66.49,67.03,66.18,294.35K,0.26%
15/06/18,64.85,66.82,66.89,64.09,387.35K,-2.76%
18/06/18,65.69,64.22,65.82,63.4,543.02K,1.30%
19/06/18,64.9,65.7,65.74,64.23,629.99K,-1.20%
20/06/18,65.71,64.93,66.35,64.79,801.63K,1.25%
21/06/18,64.86,64.9,65.56,63.9,230.13K,-1.29%
22/06/18,67.63,65.14,68.25,64.99,456.82K,4.27%
25/06/18,67.04,67.55,67.76,66.81,278.84K,-0.87%
26/06/18,69.28,67.23,69.58,66.77,214.87K,3.34%
27/06/18,71.26,69.46,71.48,69.28,199.73K,2.86%
28/06/18,71.81,70.7,72.31,70.69,188.22K,0.77%
29/06/18,72.46,71.66,72.8,71.33,143.60K,0.91%
02/07/18,71.62,72,72.4,70.74,207.69K,-1.16%
03/07/18,71.59,71.75,72.85,70.43,200.26K,-0.04%
04/07/18,74.13,74.62,74.76,73.52,,3.55%
05/07/18,70.63,71.68,72.34,70.35,213.33K,-4.72%
06/07/18,71.57,70.86,71.68,69.93,179.03K,1.33%
09/07/18,71.98,71.59,72.18,71.13,197.88K,0.57%
10/07/18,72.56,72.19,72.98,72.08,211.60K,0.81%
11/07/18,68.86,72.67,72.76,68.4,311.20K,-5.10%
12/07/18,69.35,69.21,69.81,68.09,292.14K,0.71%
13/07/18,69.95,69.38,70.6,68.76,234.00K,0.87%
16/07/18,67.07,69.52,69.78,66.7,298.48K,-4.12%
17/07/18,67.16,67.11,67.61,66.35,362.13K,0.13%
18/07/18,67.75,66.72,68.01,66.29,472.61K,0.88%
19/07/18,68.24,67.96,68.79,66.62,719.52K,0.72%
20/07/18,68.26,68.03,68.91,67.69,500.97K,0.03%
23/07/18,66.75,66.59,67.64,66.26,104.68K,-2.21%
24/07/18,67.19,66.68,67.64,66.44,80.64K,0.66%
25/07/18,68.01,67.43,68.23,66.97,108.41K,1.22%
26/07/18,68.43,68.05,68.64,67.73,78.39K,0.62%
27/07/18,67.73,68.43,68.63,67.38,96.06K,-1.02%
30/07/18,68.95,67.86,69.19,67.81,95.96K,1.80%
31/07/18,67.63,68.83,68.95,66.97,106.27K,-1.91%
01/08/18,66.5,67.34,67.47,66.19,123.66K,-1.67%
02/08/18,67.66,66.63,68.05,65.82,106.91K,1.74%
03/08/18,67.35,67.69,67.94,66.68,80.14K,-0.46%
06/08/18,67.94,67.55,68.73,67.38,119.01K,0.88%
07/08/18,68.33,67.89,68.86,67.77,145.59K,0.57%
08/08/18,66.25,68.26,68.55,65.64,226.33K,-3.04%
09/08/18,66.14,65.95,66.75,65.87,164.00K,-0.17%
10/08/18,66.94,66.06,67.17,65.49,174.04K,1.21%
13/08/18,66.57,67.07,67.19,65.09,204.72K,-0.55%
14/08/18,66.33,66.75,67.72,65.9,170.90K,-0.36%
15/08/18,64.46,65.92,66.22,63.93,291.03K,-2.82%
16/08/18,64.88,64.35,64.95,63.89,233.78K,0.65%
17/08/18,65.21,64.85,65.76,64.69,309.21K,0.51%
20/08/18,65.42,65.21,65.62,64.85,496.52K,0.32%
21/08/18,65.84,65.44,66.49,65.31,437.16K,0.64%
22/08/18,67.51,65.72,67.78,65.63,76.33K,2.54%
23/08/18,67.53,67.72,67.75,67.01,82.89K,0.03%
24/08/18,68.36,67.58,68.96,67.47,90.81K,1.23%
27/08/18,68.54,68.2,68.62,68.02,46.53K,0.26%
28/08/18,68.22,68.6,68.85,67.91,64.79K,-0.47%
29/08/18,69.17,68.23,69.39,68.04,65.27K,1.39%
30/08/18,69.81,69.37,70.07,69.21,85.73K,0.93%
31/08/18,69.37,69.64,69.91,69.22,68.32K,-0.63%
02/09/18,69.92,69.91,69.99,69.88,,0.79%
03/09/18,70.12,69.91,70.2,69.54,,0.29%
04/09/18,69.56,69.49,70.98,68.78,140.85K,-0.80%
05/09/18,68.42,69.09,69.27,68.27,97.37K,-1.64%
06/09/18,67.52,68.34,68.72,66.72,135.40K,-1.32%
07/09/18,67.55,67.66,67.85,66.67,121.68K,0.04%
10/09/18,67.41,67.64,68.33,67.19,180.45K,-0.21%
11/09/18,69.04,67.41,69.74,67.37,249.45K,2.42%
12/09/18,70.16,69.61,70.89,69.24,311.69K,1.62%
13/09/18,68.41,70.02,70.04,68.16,247.84K,-2.49%
14/09/18,68.77,68.63,69.7,67.79,225.31K,0.53%
17/09/18,68.68,68.7,69.5,68.31,235.31K,-0.13%
18/09/18,69.59,68.58,70.17,68.29,513.86K,1.32%
19/09/18,70.77,69.46,71.07,69.36,606.34K,1.70%
20/09/18,70.32,70.98,71.35,70.03,607.52K,-0.64%
21/09/18,70.37,69.99,71.38,69.62,307.24K,0.07%
24/09/18,71.76,70.75,72.24,70.68,168.96K,1.98%
25/09/18,72.1,71.94,72.46,71.7,157.77K,0.47%
26/09/18,71.41,71.91,72.21,71.31,101.11K,-0.96%
27/09/18,71.96,71.86,72.42,71.57,99.47K,0.77%
28/09/18,73.06,72.02,73.56,71.75,140.98K,1.53%
01/10/18,75.14,73.07,75.58,72.77,140.27K,2.85%
02/10/18,75.04,75.12,75.72,74.78,115.24K,-0.13%
03/10/18,76.24,74.95,76.72,74.05,173.87K,1.60%
04/10/18,74.25,76.05,76.31,73.8,228.83K,-2.61%
05/10/18,74.26,74.5,75.14,73.76,175.28K,0.01%
08/10/18,74.17,74.4,74.49,72.98,174.36K,-0.12%
09/10/18,74.81,74.14,75.16,73.91,192.73K,0.86%
10/10/18,73.03,74.65,74.94,72.27,220.78K,-2.38%
11/10/18,70.81,72.54,72.63,70.37,263.44K,-3.04%
12/10/18,71.18,70.89,71.89,70.47,218.95K,0.52%
15/10/18,71.61,71.66,72.53,70.7,211.95K,0.60%
16/10/18,71.76,71.54,72.14,70.87,249.39K,0.21%
17/10/18,69.7,72.07,72.29,69.38,431.86K,-2.87%
18/10/18,68.71,69.94,69.99,68.53,531.31K,-1.42%
19/10/18,69.28,68.76,69.9,68.62,547.54K,0.83%
22/10/18,69.36,69.6,69.84,68.46,513.77K,0.12%
23/10/18,66.62,69.61,69.76,65.94,116.40K,-3.95%
24/10/18,66.96,66.32,67.84,66.22,113.22K,0.51%
25/10/18,67.44,66.47,67.76,66.15,97.09K,0.72%
26/10/18,67.75,67.1,67.99,66.34,86.33K,0.46%
29/10/18,67.21,67.66,68.09,66.48,67.94K,-0.80%
30/10/18,66.31,66.81,67.41,65.51,98.15K,-1.34%
31/10/18,65.44,66.41,67.14,64.95,124.59K,-1.31%
01/11/18,63.81,65.03,65.53,63.23,141.56K,-2.49%
02/11/18,63.28,63.66,64.09,62.77,142.20K,-0.83%
05/11/18,63.21,63.02,64.24,62.67,127.24K,-0.11%
06/11/18,62.34,62.84,63.42,61.45,172.78K,-1.38%
07/11/18,61.82,61.87,63.34,61.36,225.40K,-0.83%
08/11/18,60.86,61.82,62.56,60.6,220.85K,-1.55%
09/11/18,60.36,60.92,60.98,59.45,235.67K,-0.82%
12/11/18,60.08,60.85,61.44,58.83,252.37K,-0.46%
13/11/18,55.84,59.03,59.51,54.9,422.82K,-7.06%
14/11/18,56.44,55.49,57.55,55.3,417.86K,1.07%
15/11/18,56.68,56.24,57.48,55.8,589.35K,0.43%
16/11/18,56.68,56.78,58.16,56.12,715.91K,0.00%
19/11/18,57.2,57.03,57.58,55.28,699.68K,0.92%
20/11/18,53.57,57.51,57.56,52.94,123.43K,-6.35%
21/11/18,54.8,53.52,55.98,53.52,91.61K,2.30%
22/11/18,54.02,54.64,54.82,53.53,,-1.42%
23/11/18,50.59,54.8,55,50.33,80.97K,-6.35%
26/11/18,51.8,50.71,52.41,50.25,73.81K,2.39%
27/11/18,51.73,51.72,52.53,50.49,65.37K,-0.14%
28/11/18,50.49,52.3,52.7,50.27,86.18K,-2.40%
29/11/18,51.62,50.48,52.34,49.6,76.23K,2.24%
30/11/18,51.09,51.31,51.95,49.83,95.04K,-1.03%
03/12/18,53.14,51.93,54,51.93,116.87K,4.01%
04/12/18,53.46,53.31,54.77,52.67,133.28K,0.60%
05/12/18,53.12,52.79,54.67,52.37,101.47K,-0.64%
06/12/18,51.7,53.15,53.53,50.31,163.00K,-2.67%
07/12/18,52.81,51.98,54.44,50.83,213.57K,2.15%
10/12/18,51.2,52.21,53.01,50.73,184.11K,-3.05%
11/12/18,51.84,51.1,52.61,50.89,215.76K,1.25%
12/12/18,51.36,52.14,53.06,51.16,230.13K,-0.93%
13/12/18,52.83,51.43,53.5,50.6,261.44K,2.86%
14/12/18,51.47,53.04,53.19,51.11,271.68K,-2.57%
17/12/18,50.2,51.52,52.15,49.32,563.28K,-2.47%
18/12/18,46.6,49.46,49.9,46.11,949.32K,-7.17%
19/12/18,48.17,46.31,48.36,46.3,817.72K,3.37%
20/12/18,46.19,47.77,47.84,46,97.13K,-4.11%
21/12/18,45.89,46.53,47.06,45.4,106.70K,-0.65%
24/12/18,42.82,45.74,46.51,42.67,55.88K,-6.69%
25/12/18,43.16,43,43.25,42.88,,0.79%
26/12/18,46.54,43.07,47.31,42.81,95.75K,7.83%
27/12/18,44.9,46.87,47.01,44.65,79.70K,-3.52%
28/12/18,45.6,45.73,46.5,44.7,86.78K,1.56%
31/12/18,45.72,45.43,46.8,45.03,78.64K,0.26%
01/01/19,45.89,45.77,45.95,45.73,,0.37%
02/01/19,46.86,46.12,48.1,44.67,149.76K,2.11%
03/01/19,47.4,46.56,47.81,45.7,135.80K,1.15%
04/01/19,48.28,47.17,49.53,46.97,146.54K,1.86%
07/01/19,48.82,48.61,50.11,48.44,155.86K,1.12%
08/01/19,50.11,49.09,50.25,48.62,213.14K,2.64%
09/01/19,52.69,50.16,52.87,50.05,249.46K,5.15%
10/01/19,52.91,52.5,53.09,51.72,219.26K,0.42%
11/01/19,51.91,52.61,53.61,51.48,205.03K,-1.89%
14/01/19,50.8,52.03,52.42,50.66,243.31K,-2.14%
15/01/19,52.39,51.08,52.58,50.93,220.63K,3.13%
16/01/19,52.61,52.29,52.81,51.55,280.99K,0.42%
17/01/19,52.36,52.6,52.88,51.29,530.18K,-0.48%
18/01/19,54.04,52.53,54.14,52.37,669.50K,3.21%
20/01/19,53.65,53.97,54.05,53.59,,-0.72%
21/01/19,54.24,53.66,54.48,53.58,,1.10%
22/01/19,53.01,53.95,54.51,52.04,951.16K,-2.27%
23/01/19,52.92,53.28,53.92,52.15,81.27K,-0.17%
24/01/19,53.42,52.76,53.73,52.36,96.97K,0.94%
25/01/19,53.98,53.45,54.21,53.19,78.93K,1.05%
28/01/19,52.29,53.91,53.91,51.62,90.02K,-3.13%
29/01/19,53.6,52.37,54.21,52.14,87.48K,2.51%
30/01/19,54.47,53.54,55.17,53.39,147.36K,1.62%
31/01/19,54.04,54.44,55.61,53.87,161.05K,-0.79%
01/02/19,55.55,54.44,55.92,53.64,110.68K,2.79%
04/02/19,54.89,55.6,56.05,53.62,132.90K,-1.19%
05/02/19,54,55.13,55.53,53.83,117.78K,-1.62%
06/02/19,54.34,54.05,54.64,53.21,154.06K,0.63%
07/02/19,53,54.26,54.55,52.15,249.43K,-2.47%
08/02/19,53.09,52.96,53.35,52.44,196.42K,0.17%
11/02/19,52.78,53.04,53.11,51.62,287.88K,-0.58%
12/02/19,53.47,52.78,54.41,52.67,245.52K,1.31%
13/02/19,54.31,53.71,54.98,53.65,307.07K,1.57%
14/02/19,54.79,54.31,55.08,53.51,306.67K,0.88%
15/02/19,55.98,54.86,56.26,54.62,503.86K,2.17%
17/02/19,56.33,56.17,56.39,56.11,,0.63%
18/02/19,56.27,56.33,56.73,56.12,,-0.11%
19/02/19,56.45,56.15,56.73,55.66,838.30K,0.32%
20/02/19,57.16,56.39,57.6,55.77,685.11K,1.26%
21/02/19,57.46,57.66,58.04,57.14,92.64K,0.52%
22/02/19,57.75,57.35,58.28,57.22,110.19K,0.50%
25/02/19,55.92,57.62,58,55.55,111.78K,-3.17%
26/02/19,55.97,55.9,56.54,55.47,74.98K,0.09%
27/02/19,57.37,56.35,57.83,56.18,99.45K,2.50%
28/02/19,57.61,57.43,57.83,56.86,89.12K,0.42%
01/03/19,56.19,57.6,58.26,55.97,113.83K,-2.46%
04/03/19,56.97,56.15,57.39,56.15,107.42K,1.39%
05/03/19,56.94,56.93,57.56,56.47,101.46K,-0.05%
06/03/19,56.62,56.65,56.81,55.83,164.86K,-0.56%
07/03/19,57.03,56.57,57.37,56.48,176.81K,0.72%
08/03/19,56.43,56.74,56.84,54.87,212.99K,-1.05%
11/03/19,57.12,56.43,57.35,56.32,181.51K,1.22%
12/03/19,57.2,57.1,57.87,57.08,184.75K,0.14%
13/03/19,58.59,57.4,58.8,57.34,257.20K,2.43%
14/03/19,58.91,58.65,59.06,58.32,248.50K,0.55%
15/03/19,58.82,58.82,59.25,58.03,261.23K,-0.15%
18/03/19,59.38,58.75,59.54,58.37,512.12K,0.95%
19/03/19,59.29,59.31,59.86,58.89,602.72K,-0.15%
20/03/19,60.23,59.29,60.28,58.56,786.34K,1.59%
21/03/19,60.2,60.25,60.61,59.92,138.51K,-0.05%
22/03/19,59.29,60.09,60.29,58.52,125.19K,-1.51%
25/03/19,59.08,59.24,59.58,58.45,129.81K,-0.35%
26/03/19,60.1,59.22,60.5,59.22,210.85K,1.73%
27/03/19,59.61,60.16,60.35,59.01,153.54K,-0.82%
28/03/19,59.48,59.61,59.73,58.41,120.08K,-0.22%
29/03/19,60.28,59.67,60.87,59.6,140.05K,1.34%
01/04/19,61.71,60.36,61.9,60.36,172.80K,2.37%
02/04/19,62.61,61.92,62.8,61.71,314.02K,1.46%
03/04/19,62.52,62.7,63.04,62.11,205.84K,-0.14%
04/04/19,62.19,62.56,62.84,61.99,198.61K,-0.53%
05/04/19,63.15,62.23,63.38,61.92,187.72K,1.54%
08/04/19,64.33,63.37,64.4,63.18,407.31K,1.87%
09/04/19,63.96,64.4,64.69,63.64,249.48K,-0.58%
10/04/19,64.65,64.2,64.71,64.01,265.38K,1.08%
11/04/19,63.67,64.51,64.55,63.39,279.41K,-1.52%
12/04/19,64.02,63.81,64.7,63.74,210.95K,0.55%
15/04/19,63.56,63.9,63.96,63.2,230.46K,-0.72%
16/04/19,64.19,63.72,64.5,63.15,255.95K,0.99%
17/04/19,63.87,64.46,64.72,63.76,466.68K,-0.50%
18/04/19,64.07,63.85,64.24,63.55,508.98K,0.31%
22/04/19,65.55,64.07,65.99,64.05,763.53K,2.31%
23/04/19,66.24,65.75,66.44,65.55,138.84K,1.05%
24/04/19,65.89,66.13,66.37,65.7,133.18K,-0.53%
25/04/19,65.28,65.85,66.3,64.98,116.59K,-0.93%
26/04/19,63.38,65.25,65.25,62.36,132.10K,-2.91%
29/04/19,63.57,62.98,63.76,62.56,113.37K,0.30%
30/04/19,63.98,63.5,64.81,63.35,117.93K,0.64%
01/05/19,63.69,63.53,64.01,62.88,86.96K,-0.45%
02/05/19,61.9,63.7,63.76,61.06,151.23K,-2.81%
03/05/19,62.04,61.63,62.61,61.39,92.36K,0.23%
06/05/19,62.37,61.54,63.05,60.1,101.99K,0.53%
07/05/19,61.51,62.15,62.59,60.77,164.32K,-1.38%
08/05/19,62.22,61.58,62.47,61.17,166.73K,1.15%
09/05/19,61.81,62.13,62.32,61.05,160.90K,-0.66%
10/05/19,61.8,61.74,62.59,61.54,167.01K,-0.02%
13/05/19,61.21,61.8,63.48,60.81,212.38K,-0.95%
14/05/19,61.96,61.06,62.28,60.87,192.36K,1.23%
15/05/19,62.24,61.56,62.57,61.05,235.84K,0.45%
16/05/19,63.06,62.33,63.69,62.31,312.35K,1.32%
17/05/19,62.92,63.3,63.82,62.7,537.03K,-0.22%
20/05/19,63.21,63.09,63.96,62.6,678.77K,0.46%
21/05/19,63.13,63.3,63.78,62.78,641.68K,-0.13%
22/05/19,61.5,63.04,63.08,61.1,110.30K,-2.58%
23/05/19,57.99,61.35,61.48,57.42,142.98K,-5.71%
24/05/19,58.71,58.3,59.17,57.58,99.29K,1.24%
26/05/19,58.77,58.94,59,58.67,,0.10%
27/05/19,59.16,58.77,59.26,58.14,,0.66%
28/05/19,59.35,59.01,59.7,58.26,243.44K,0.32%
29/05/19,58.95,59.29,59.29,57.22,355.56K,-0.67%
30/05/19,56.74,59.21,59.8,56.49,130.18K,-3.75%
31/05/19,53.64,56.67,56.77,53.19,151.76K,-5.46%
03/06/19,53.38,53.54,54.73,52.22,138.15K,-0.48%
04/06/19,53.63,53,53.94,52.56,122.91K,0.47%
05/06/19,51.83,53.01,53.56,50.79,139.00K,-3.36%
06/06/19,52.73,51.8,53.43,51.33,132.88K,1.74%
07/06/19,54.16,53.24,54.45,52.77,162.42K,2.71%
10/06/19,53.48,54.4,54.99,53.26,151.79K,-1.26%
11/06/19,53.52,53.6,54.25,53.18,162.28K,0.07%
12/06/19,51.37,53.3,53.3,50.98,209.21K,-4.02%
13/06/19,52.54,51.31,53.67,51.18,277.80K,2.28%
14/06/19,52.77,52.44,53.26,51.95,166.40K,0.44%
17/06/19,52.17,52.71,53,51.82,235.03K,-1.14%
18/06/19,54.11,52.15,54.53,51.72,618.30K,3.72%
19/06/19,53.97,54.3,54.65,53.5,667.51K,-0.26%
20/06/19,57.07,54.38,57.37,54.35,854.51K,5.74%
21/06/19,57.5,57.3,58.04,56.71,105.86K,0.75%
24/06/19,57.93,57.8,58.26,56.82,90.44K,0.75%
25/06/19,57.89,57.8,58.86,57.24,100.69K,-0.07%
26/06/19,59.43,58.86,59.95,58.69,143.20K,2.66%
27/06/19,59.49,59.3,59.76,58.66,89.55K,0.10%
28/06/19,58.52,59.28,59.84,57.8,78.96K,-1.63%
01/07/19,59.14,59.14,60.32,58.4,116.36K,1.06%
02/07/19,56.34,59.23,59.48,56.18,150.55K,-4.73%
03/07/19,57.44,56.59,57.57,56.13,126.68K,1.95%
04/07/19,56.8,57.41,57.57,56.48,,-1.11%
05/07/19,57.59,57.51,57.88,56.38,94.39K,1.39%
08/07/19,57.76,57.89,58.55,57.4,127.04K,0.30%
09/07/19,57.94,57.69,59,57.42,136.81K,0.31%
10/07/19,60.52,58.45,60.62,58.45,220.59K,4.45%
11/07/19,60.28,60.5,61.02,60.22,195.35K,-0.40%
12/07/19,60.3,60.5,60.82,60.03,169.14K,0.03%
15/07/19,59.68,60.36,60.99,59.3,201.71K,-1.03%
16/07/19,57.74,59.39,60.17,57.19,303.56K,-3.25%
17/07/19,56.92,57.65,58.49,56.36,375.22K,-1.42%
18/07/19,55.42,56.72,57.45,54.85,764.49K,-2.64%
19/07/19,55.76,55.84,56.49,55.12,734.39K,0.61%
22/07/19,56.22,56.2,57.04,55.83,619.48K,0.82%
23/07/19,56.85,56.28,57.54,55.82,64.91K,1.12%
24/07/19,56,57.26,57.74,55.45,127.54K,-1.50%
25/07/19,56.16,56,57.11,55.94,98.78K,0.29%
26/07/19,56.33,56.05,56.69,55.83,68.93K,0.30%
29/07/19,56.96,56.31,57.19,55.94,72.79K,1.12%
30/07/19,58.11,57.07,58.51,57.05,106.38K,2.02%
31/07/19,58.63,58.42,58.86,57.85,130.34K,0.89%
01/08/19,54.01,57.96,58.05,53.67,172.78K,-7.88%
02/08/19,55.67,54.83,56.09,54.22,156.65K,3.07%
05/08/19,54.58,55.36,55.51,54.22,227.25K,-1.96%
06/08/19,53.59,54.8,55.28,53.28,190.87K,-1.81%
07/08/19,51.03,53.37,53.74,50.5,289.72K,-4.78%
08/08/19,52.46,52.24,52.97,51.84,288.28K,2.80%
09/08/19,54.37,52.72,54.75,52.31,293.44K,3.64%
12/08/19,54.85,54.22,55.05,53.46,270.69K,0.88%
13/08/19,57.1,54.68,57.4,54.13,322.70K,4.10%
14/08/19,55.25,56.73,56.84,54,307.93K,-3.24%
15/08/19,54.42,54.92,55.32,53.77,373.77K,-1.50%
16/08/19,54.81,54.61,55.62,54.22,395.16K,0.72%
19/08/19,56.14,54.95,56.32,54.79,584.01K,2.43%
20/08/19,56.13,56.13,56.6,55.16,659.26K,-0.02%
21/08/19,55.49,55.78,56.85,55.35,163.40K,-1.14%
22/08/19,55.16,55.7,56.23,54.7,99.66K,-0.59%
23/08/19,54.02,55.16,55.41,53.12,119.11K,-2.07%
26/08/19,53.5,53.16,55.06,52.84,94.84K,-0.96%
27/08/19,54.77,53.65,55.54,53.57,93.59K,2.37%
28/08/19,55.6,55.54,56.51,55.15,140.05K,1.52%
29/08/19,56.45,55.69,56.62,55.23,137.59K,1.53%
30/08/19,54.89,56.32,56.46,54.34,126.35K,-2.76%
01/09/19,54.8,55,55,54.56,,-0.16%
02/09/19,54.66,54.81,55.22,54.36,,-0.26%
03/09/19,53.76,54.76,55.01,52.71,164.95K,-1.65%
04/09/19,56.1,53.75,56.39,53.65,120.85K,4.35%
05/09/19,56.16,55.77,57.59,55.6,108.84K,0.11%
06/09/19,56.43,56.01,56.84,54.75,141.72K,0.48%
09/09/19,57.73,56.68,58.05,56.51,164.54K,2.30%
10/09/19,57.29,57.91,58.64,57.09,167.40K,-0.76%
11/09/19,55.67,57.76,58.19,55.54,226.63K,-2.83%
12/09/19,55.05,55.85,56.28,53.93,236.13K,-1.11%
13/09/19,54.8,55.11,55.61,54.38,207.13K,-0.45%
16/09/19,62.67,60.16,63.89,58.62,733.51K,14.36%
17/09/19,59.1,61.72,62.39,58.27,722.00K,-5.70%
18/09/19,58.04,58.62,59.27,57.58,654.34K,-1.79%
19/09/19,58.19,58.17,59.49,58.02,722.34K,0.26%
20/09/19,58.09,58.69,59.24,57.93,576.02K,-0.17%
23/09/19,58.42,58.98,59.11,57.13,111.66K,0.57%
24/09/19,57.08,58.21,58.26,56.47,135.65K,-2.29%
25/09/19,56.32,56.45,56.8,55.37,119.73K,-1.33%
26/09/19,56.28,56.55,56.65,55.25,140.39K,-0.07%
27/09/19,55.79,56.3,56.61,54.64,162.93K,-0.87%
30/09/19,53.98,56.39,56.4,53.89,135.51K,-3.24%
01/10/19,53.5,54.13,54.73,52.95,158.30K,-0.89%
02/10/19,52.51,53.85,54.28,52.05,162.10K,-1.85%
03/10/19,52.36,52.31,52.77,50.89,183.88K,-0.29%
04/10/19,52.74,52.19,53.26,51.98,132.86K,0.73%
07/10/19,52.71,52.59,53.96,52.52,191.66K,-0.06%
08/10/19,52.62,52.7,53.22,51.78,232.32K,-0.17%
09/10/19,52.61,52.57,53.71,52.3,215.92K,-0.02%
10/10/19,53.56,52.61,53.98,51.4,219.64K,1.81%
11/10/19,54.78,53.87,54.99,53.67,328.28K,2.28%
14/10/19,53.65,54.97,54.99,52.86,186.99K,-2.06%
15/10/19,52.88,53.56,53.84,52.46,239.81K,-1.44%
16/10/19,53.45,52.98,53.82,52.6,233.70K,1.08%
17/10/19,54.03,53.08,54.26,52.73,316.37K,1.09%
18/10/19,53.87,54.2,54.69,53.44,472.56K,-0.30%
21/10/19,53.51,53.83,54.17,52.85,509.43K,-0.67%
22/10/19,54.48,53.6,54.81,53.23,506.57K,1.81%
23/10/19,55.99,54.31,56.1,53.69,123.07K,2.77%
24/10/19,56.27,55.9,56.55,55.46,99.43K,0.50%
25/10/19,56.71,56.13,56.79,55.65,60.70K,0.78%
28/10/19,55.9,56.7,56.99,55.68,88.18K,-1.43%
29/10/19,55.68,55.88,56.04,54.74,107.44K,-0.39%
30/10/19,55.1,55.62,55.88,54.58,235.05K,-1.04%
31/10/19,54.25,54.99,55.64,53.84,183.13K,-1.54%
01/11/19,56.27,54.19,56.39,54.14,110.91K,3.72%
04/11/19,56.6,56.47,57.45,55.92,140.31K,0.59%
05/11/19,57.29,56.6,57.55,56.36,95.62K,1.22%
06/11/19,56.38,57.3,57.87,56.16,136.88K,-1.59%
07/11/19,57.15,56.37,57.85,56.31,254.73K,1.37%
08/11/19,57.26,57.11,57.48,55.77,195.40K,0.19%
11/11/19,56.9,57.38,57.4,56.28,179.07K,-0.63%
12/11/19,56.85,56.91,57.59,56.59,214.64K,-0.09%
13/11/19,57.2,56.83,57.6,56.27,212.62K,0.62%
14/11/19,56.88,57.42,57.85,56.76,238.30K,-0.56%
15/11/19,57.83,57.01,58.09,56.53,269.45K,1.67%
18/11/19,57.14,57.97,58.17,56.64,420.05K,-1.19%
19/11/19,55.35,57,57.21,55.16,566.26K,-3.13%
20/11/19,57.01,55.26,57.37,54.85,674.89K,3.00%
21/11/19,58.41,56.91,58.5,56.46,122.17K,2.46%
22/11/19,57.66,58.22,58.56,57.39,78.27K,-1.28%
25/11/19,57.91,57.83,58.02,57.12,68.81K,0.43%
26/11/19,58.32,57.85,58.47,57.66,76.46K,0.71%
27/11/19,58.05,58.2,58.6,57.46,86.58K,-0.46%
28/11/19,58.08,57.97,58.29,57.64,,0.05%
29/11/19,55.14,58.08,58.24,55.01,123.68K,-5.06%
02/12/19,55.91,55.45,56.64,55.39,146.30K,1.40%
03/12/19,56.03,56,56.72,55.32,125.74K,0.21%
04/12/19,58.34,56.33,58.56,56.21,175.81K,4.12%
05/12/19,58.34,58.3,59,58.01,149.07K,0.00%
06/12/19,59.1,58.26,59.74,57.62,190.65K,1.30%
09/12/19,58.92,59.03,59.14,58.18,176.14K,-0.30%
10/12/19,59.14,58.8,59.4,58.46,199.40K,0.37%
11/12/19,58.65,58.98,59.1,58.02,194.37K,-0.83%
12/12/19,59.06,58.77,59.61,58.67,200.56K,0.70%
13/12/19,59.98,59.26,60.39,59.19,243.57K,1.56%
16/12/19,60.14,59.83,60.29,59.62,234.08K,0.27%
17/12/19,60.87,60.16,60.97,59.97,416.42K,1.21%
18/12/19,60.85,60.49,61.11,60.24,553.57K,-0.03%
19/12/19,61.18,60.81,61.4,60.69,426.34K,0.54%
20/12/19,60.25,60.84,60.93,59.85,201.74K,-1.52%
23/12/19,60.35,60.19,60.59,59.95,74.62K,0.17%
24/12/19,60.94,60.49,60.99,60.33,34.21K,0.98%
25/12/19,61.19,61.45,61.52,61.17,,0.41%
26/12/19,61.48,61.07,61.6,60.9,47.13K,0.47%
27/12/19,61.53,61.51,61.76,61.06,71.75K,0.08%
30/12/19,61.44,61.49,62.14,60.84,88.44K,-0.15%
31/12/19,60.77,61.41,61.61,60.43,91.86K,-1.09%
01/01/20,61.33,61.52,61.54,61.33,,0.92%
02/01/20,60.95,61.29,61.32,60.42,101.52K,-0.62%
03/01/20,62.82,60.96,63.8,60.91,236.06K,3.07%
06/01/20,63.04,63.43,64.45,62.43,176.99K,0.35%
07/01/20,62.51,62.67,62.92,61.96,173.85K,-0.84%
08/01/20,59.46,62.63,65.4,58.99,436.61K,-4.88%
09/01/20,59.44,59.85,60.17,58.55,268.85K,-0.03%
10/01/20,58.99,59.51,59.67,58.79,256.06K,-0.76%
13/01/20,58.08,59.08,59.21,57.93,295.82K,-1.54%
14/01/20,58.26,58.06,58.73,57.74,262.79K,0.31%
15/01/20,57.84,58.23,58.41,57.42,271.20K,-0.72%
16/01/20,58.53,58.12,58.88,57.6,426.33K,1.19%
17/01/20,58.58,58.61,59,58.31,415.85K,0.09%
19/01/20,59.27,59.36,59.66,59.2,,1.18%
20/01/20,58.73,59.28,59.32,58.56,,-0.91%
21/01/20,58.38,59.35,59.77,57.71,648.34K,-0.60%
22/01/20,56.76,58.24,58.35,56.07,124.61K,-2.77%
23/01/20,55.61,56.13,56.43,54.82,149.95K,-2.03%
24/01/20,54.2,55.72,55.97,53.88,82.34K,-2.54%
27/01/20,53.18,53.57,53.72,52.16,101.53K,-1.88%
28/01/20,53.52,52.72,54.08,52.72,107.71K,0.64%
29/01/20,53.41,54,54.39,52.87,110.23K,-0.21%
30/01/20,52.23,53.1,53.27,51.75,140.67K,-2.21%
31/01/20,51.68,52.97,53.42,51.09,154.05K,-1.05%
03/02/20,50.28,51.15,52.05,49.98,195.73K,-2.71%
04/02/20,49.8,50.04,51.7,49.5,161.51K,-0.95%
05/02/20,50.92,49.68,52.01,49.64,172.74K,2.25%
06/02/20,51.14,51.35,52.34,50.42,146.70K,0.43%
07/02/20,50.55,51.31,51.66,50.32,230.88K,-1.15%
10/02/20,49.78,50.34,50.71,49.63,206.92K,-1.52%
11/02/20,50.17,49.78,50.86,49.78,252.29K,0.78%
12/02/20,51.41,50.16,51.93,50.16,292.20K,2.47%
13/02/20,51.66,51.87,52.19,50.82,311.01K,0.49%
14/02/20,52.32,51.73,52.56,51.55,281.39K,1.28%
16/02/20,52.36,52.45,52.63,52.34,,0.08%
17/02/20,52.2,52.34,52.59,52.05,,-0.31%
18/02/20,52.29,52.49,52.65,51.15,723.14K,0.17%
19/02/20,53.49,52.36,53.87,52.16,655.50K,2.29%
20/02/20,53.88,53.7,54.66,53.44,676.18K,0.73%
21/02/20,53.5,53.93,54.02,52.72,142.13K,-0.71%
24/02/20,51.58,52.79,52.79,50.61,137.67K,-3.59%
25/02/20,50.06,51.5,52.15,49.85,144.47K,-2.95%
26/02/20,48.88,50.22,50.57,48.44,179.52K,-2.36%
27/02/20,47.29,48.7,48.9,46.1,195.82K,-3.25%
28/02/20,44.94,46.68,47.2,44.07,230.76K,-4.97%
02/03/20,46.92,43.93,47.71,43.4,190.39K,4.41%
03/03/20,47.33,47.98,48.82,46.64,199.81K,0.87%
04/03/20,46.95,47.1,48.56,46.82,155.22K,-0.80%
05/03/20,46.06,47.38,47.72,45.82,164.22K,-1.90%
06/03/20,41.51,46.22,46.53,41.29,398.33K,-9.88%
09/03/20,31.47,32.87,35.19,27.83,673.03K,-24.19%
10/03/20,34.73,30.75,35.35,30.58,415.57K,10.36%
11/03/20,33.39,35,36.7,32.97,321.92K,-3.86%
12/03/20,31.98,33.43,34.05,30.5,506.87K,-4.22%
13/03/20,32.11,31.35,34.38,30.8,355.35K,0.41%
16/03/20,29,32.69,33.8,28.5,443.05K,-9.69%
17/03/20,27.33,28.99,30.61,27.06,520.08K,-5.76%
18/03/20,20.83,27.3,27.6,20.52,1.00M,-23.78%
19/03/20,25.91,22.82,28.28,21.77,1.19M,24.39%
20/03/20,22.63,25.59,28.49,22.39,1.13M,-12.66%
23/03/20,25.48,24.4,26.12,22.74,198.60K,12.59%
24/03/20,26.2,25.87,27.28,25.44,191.67K,2.83%
25/03/20,27.16,26.64,27.59,25.56,183.31K,3.66%
26/03/20,25.71,27.04,27.46,25.47,219.09K,-5.34%
27/03/20,25.15,26.23,26.43,24.59,199.03K,-2.18%
30/03/20,24.09,24.68,25.01,23.31,276.61K,-4.21%
31/03/20,24.51,24.25,25.73,24.06,209.61K,1.74%
01/04/20,23.74,24.18,24.72,23.63,276.33K,-3.14%
02/04/20,28.05,24.19,30.16,23.92,447.84K,18.16%
03/04/20,30.9,27.34,31.62,26.53,317.83K,10.16%
06/04/20,29.98,29.2,31.27,28.13,209.52K,-2.98%
07/04/20,28.69,30.21,31.3,28.53,317.26K,-4.30%
08/04/20,30.17,29.21,31.05,29.05,393.26K,5.16%
09/04/20,28.82,30.82,33.15,28.63,438.04K,-4.47%
13/04/20,29.26,30.3,30.57,28.26,399.07K,1.53%
14/04/20,27.4,29.2,29.95,27.25,436.46K,-6.36%
15/04/20,26.04,27.84,28.14,25.84,367.57K,-4.96%
16/04/20,25.53,26.26,27,24.93,439.67K,-1.96%
17/04/20,25.03,26.42,26.78,24.57,712.98K,-1.96%
20/04/20,20.43,24.76,24.92,20.19,1.32M,-18.38%
21/04/20,11.57,21.32,22.58,6.5,2.29M,-43.37%
22/04/20,20.69,20.26,22.79,17.43,530.40K,78.82%
23/04/20,21.44,20.99,23.4,20.32,344.88K,3.62%
24/04/20,21.22,21.85,22.96,20.73,362.38K,-1.03%
27/04/20,18.08,21.13,21.45,17.78,367.14K,-14.80%
28/04/20,17.6,18.24,19.66,17.27,613.95K,-2.65%
29/04/20,19.12,18.01,20.36,17.4,380.71K,8.64%
30/04/20,21.85,19.33,22.3,19.15,434.79K,14.28%
01/05/20,22.29,22.04,23.4,20.86,330.61K,2.01%
04/05/20,22.78,21.87,23.79,20.84,274.82K,2.20%
05/05/20,26.49,23.56,27.4,23.38,405.07K,16.29%
06/05/20,25.62,27.45,27.98,24.55,414.93K,-3.28%
07/05/20,24.83,25.56,27.79,24.38,497.36K,-3.08%
08/05/20,26.17,24.81,26.29,24.73,392.79K,5.40%
11/05/20,25.08,25.91,26.73,24.79,436.58K,-4.17%
12/05/20,26.33,25.39,26.87,25.15,459.49K,4.98%
13/05/20,25.68,25.8,26.96,25.25,460.74K,-2.47%
14/05/20,27.88,25.97,28.27,25.56,413.44K,8.57%
15/05/20,29.52,28.02,29.82,27.53,425.17K,5.88%
18/05/20,31.65,29.81,33.1,29.55,561.53K,7.22%
19/05/20,31.96,32.39,32.91,31.13,430.82K,0.98%
20/05/20,33.94,32.41,34.22,32.11,128.95K,6.20%
21/05/20,34.34,33.93,35.05,33.78,127.18K,1.18%
22/05/20,33.65,34.41,34.48,31.28,137.02K,-2.01%
24/05/20,32.9,33.38,33.42,32.5,,-2.23%
25/05/20,33.92,32.92,34.18,32.72,,3.10%
26/05/20,34.77,33.77,35.16,32.9,137.75K,2.51%
27/05/20,33.23,34.54,34.7,32.2,127.38K,-4.43%
28/05/20,34.06,32.48,34.57,31.63,141.69K,2.50%
29/05/20,35.84,34.06,36.11,32.76,162.34K,5.23%
01/06/20,35.79,35.62,36.23,34.65,140.98K,-0.14%
02/06/20,37.06,35.94,37.29,35.64,123.23K,3.55%
03/06/20,37.59,37.09,38.4,36.24,160.90K,1.43%
04/06/20,37.72,37.06,37.91,36.71,109.72K,0.35%
05/06/20,39.8,37.64,39.89,37.35,139.94K,5.51%
08/06/20,38.43,39.67,40.69,38.24,151.63K,-3.44%
09/06/20,39.16,38.51,39.31,37.33,140.18K,1.90%
10/06/20,39.78,38.72,40.07,37.98,136.50K,1.58%
11/06/20,36.57,39.25,39.25,35.68,231.68K,-8.07%
12/06/20,36.51,36.46,37.22,34.74,203.85K,-0.16%
15/06/20,37.43,36.26,37.54,34.66,262.24K,2.52%
16/06/20,38.65,37.38,39.36,36.67,299.66K,3.26%
17/06/20,38.21,38.21,39.01,37.48,289.58K,-1.14%
18/06/20,39.05,38,39.17,37.4,341.48K,2.20%
19/06/20,39.83,39.03,40.6,38.51,497.18K,2.00%
22/06/20,40.73,39.02,40.77,39,315.26K,2.26%
23/06/20,40.51,40.78,41.74,39.9,102.60K,-0.54%
24/06/20,38.21,40.16,40.68,37.52,163.08K,-5.68%
25/06/20,38.91,38.26,39.38,37.32,136.44K,1.83%
26/06/20,38.65,39.23,39.5,37.96,130.78K,-0.67%
29/06/20,39.81,38.12,39.99,37.69,145.18K,3.00%
30/06/20,39.34,39.76,40.12,38.96,228.32K,-1.18%
01/07/20,39.92,39.88,40.61,39.11,207.27K,1.47%
02/07/20,40.76,39.85,40.84,39.57,151.37K,2.10%
03/07/20,40.28,40.23,40.5,39.86,,-1.18%
06/07/20,40.73,40.43,41.19,39.95,166.94K,1.12%
07/07/20,40.7,40.75,41.01,40,96.87K,-0.07%
08/07/20,41.04,40.57,41.16,40.4,130.35K,0.84%
09/07/20,39.83,41.03,41.12,39.45,170.99K,-2.95%
10/07/20,40.76,39.83,40.92,38.77,185.49K,2.33%
13/07/20,40.32,40.57,40.91,39.7,207.20K,-1.08%
14/07/20,40.55,39.84,40.8,39.31,238.30K,0.57%
15/07/20,41.4,40.79,41.46,40.32,248.30K,2.10%
16/07/20,40.93,41.19,41.38,40.69,203.85K,-1.14%
17/07/20,40.75,40.9,41.05,40.18,272.44K,-0.44%
20/07/20,40.92,40.77,41.02,39.97,329.77K,0.42%
21/07/20,41.92,40.8,42.51,40.74,389.12K,2.44%
22/07/20,42.04,41.68,42.16,41.31,93.95K,0.29%
23/07/20,41.21,42.1,42.51,40.99,104.70K,-1.97%
24/07/20,41.45,41.23,41.81,40.83,83.04K,0.58%
27/07/20,41.8,41.45,41.99,40.69,119.48K,0.84%
28/07/20,41.28,41.88,42.12,41.08,74.00K,-1.24%
29/07/20,41.54,41.29,41.81,41.19,109.96K,0.63%
30/07/20,40.24,41.59,41.64,39,162.72K,-3.13%
31/07/20,40.57,40.65,40.86,39.96,102.57K,0.82%
03/08/20,41.31,40.7,41.49,39.89,120.59K,1.82%
04/08/20,41.91,41.08,42.28,40.43,191.80K,1.45%
05/08/20,42.43,41.8,43.68,41.66,224.29K,1.24%
06/08/20,42.2,42.42,42.87,41.89,115.16K,-0.54%
07/08/20,41.49,42.19,42.44,41.33,143.40K,-1.68%
10/08/20,42.17,41.63,42.54,41.43,142.80K,1.64%
11/08/20,41.87,42.21,43.14,41.75,160.19K,-0.71%
12/08/20,42.95,41.92,43.17,41.8,198.19K,2.58%
13/08/20,42.52,42.88,43.1,42.37,179.53K,-1.00%
14/08/20,42.31,42.62,42.84,41.93,180.37K,-0.49%
17/08/20,43.17,42.45,43.25,42.09,193.11K,2.03%
18/08/20,43.12,43.05,43.29,42.4,285.14K,-0.12%
19/08/20,43.11,42.81,43.21,42.55,304.94K,-0.02%
20/08/20,42.82,42.95,42.98,41.63,377.07K,-0.67%
21/08/20,42.62,43.01,43.22,41.74,84.77K,-0.47%
24/08/20,42.93,42.72,43.13,42.51,84.97K,0.73%
25/08/20,43.65,42.71,43.84,42.63,108.41K,1.68%
26/08/20,43.69,43.74,44.05,43.32,80.80K,0.09%
27/08/20,43.31,43.78,43.81,42.68,93.85K,-0.87%
28/08/20,43.29,43.27,43.69,43.03,102.45K,-0.05%
31/08/20,42.9,43.3,43.89,42.84,77.85K,-0.90%
01/09/20,43.08,43.12,43.7,43.04,110.25K,0.42%
02/09/20,41.85,43.35,43.51,41.59,120.08K,-2.86%
03/09/20,41.72,41.96,42.14,40.61,114.48K,-0.31%
04/09/20,40.15,41.6,42.19,39.75,115.67K,-3.76%
06/09/20,38.75,39.47,39.48,38.57,,-3.49%
07/09/20,39.2,38.77,39.53,38.77,,1.16%
08/09/20,37.19,39.86,39.96,36.58,269.13K,-5.13%
09/09/20,38.41,37.18,38.78,36.6,197.32K,3.28%
10/09/20,37.66,38.16,38.53,37.27,171.07K,-1.95%
11/09/20,37.65,37.34,38.12,37.02,152.70K,-0.03%
14/09/20,37.56,37.6,37.97,37.12,185.19K,-0.24%
15/09/20,38.55,37.6,38.82,37.36,217.08K,2.64%
16/09/20,40.41,38.65,40.59,38.62,283.42K,4.82%
17/09/20,41.22,40.41,41.48,39.67,270.18K,2.00%
18/09/20,41.32,41.2,41.72,40.52,269.71K,0.24%
21/09/20,39.54,41.19,41.49,38.87,405.21K,-4.31%
22/09/20,39.8,39.84,40.27,39.19,287.81K,0.66%
23/09/20,40.22,40.03,41.04,39.56,87.56K,1.06%
24/09/20,40.58,39.87,40.64,39.41,78.41K,0.90%
25/09/20,40.51,40.35,40.89,40,79.14K,-0.17%
28/09/20,40.87,40.24,41.06,40.05,61.39K,0.89%
29/09/20,39.56,40.84,40.94,38.7,152.53K,-3.21%
30/09/20,40.47,39.43,40.61,38.95,155.54K,2.30%
01/10/20,39.01,40.15,40.7,37.92,171.20K,-3.61%
02/10/20,37.34,38.92,38.93,36.93,162.58K,-4.28%
05/10/20,39.5,37.34,39.96,37.32,163.79K,5.78%
06/10/20,40.93,39.62,41.11,39.37,198.24K,3.62%
07/10/20,40.23,40.12,40.61,39.57,229.63K,-1.71%
08/10/20,41.47,40.23,41.59,40.05,263.97K,3.08%
09/10/20,40.91,41.6,41.74,40.68,173.38K,-1.35%
12/10/20,39.73,40.72,40.75,39.36,186.65K,-2.88%
13/10/20,40.49,39.8,40.79,39.65,248.71K,1.91%
14/10/20,41.34,40.49,41.43,40.12,264.49K,2.10%
15/10/20,41.24,41.43,41.57,39.52,281.94K,-0.24%
16/10/20,41.12,41.16,41.3,40.34,256.54K,-0.29%
19/10/20,41.06,40.92,41.46,40.77,314.65K,-0.15%
20/10/20,41.7,40.93,41.9,40.46,360.57K,1.56%
21/10/20,40.31,41.45,41.85,40.07,101.48K,-3.33%
22/10/20,40.94,40.31,41.31,40,86.93K,1.56%
23/10/20,40.15,40.91,41.21,39.88,68.68K,-1.93%
26/10/20,38.89,39.98,40.04,38.61,102.22K,-3.14%
27/10/20,39.87,38.95,40.13,38.83,93.88K,2.52%
28/10/20,37.72,39.3,39.33,37.32,163.97K,-5.39%
29/10/20,36.51,37.76,38.1,35.28,185.12K,-3.21%
30/10/20,36.15,36.41,36.93,35.57,125.09K,-0.99%
02/11/20,37.18,35.5,37.5,34.04,156.51K,2.85%
03/11/20,37.99,37.37,38.63,36.93,171.28K,2.18%
04/11/20,39.47,38.46,39.56,37.59,156.10K,3.90%
05/11/20,39.11,39.42,39.67,38.6,97.35K,-0.91%
06/11/20,37.49,38.82,38.92,37.4,182.65K,-4.14%
09/11/20,40.62,37.64,41.63,37.52,281.67K,8.35%
10/11/20,41.67,40.19,42.12,39.72,214.04K,2.58%
11/11/20,41.74,42.08,43.33,41.61,216.25K,0.17%
12/11/20,41.41,41.72,42.45,41.16,180.09K,-0.79%
13/11/20,40.4,41.21,41.21,40.33,201.43K,-2.44%
16/11/20,41.57,40.44,42.35,40.4,238.44K,2.90%
17/11/20,41.65,41.65,41.93,40.81,236.67K,0.19%
18/11/20,42.01,41.55,42.68,41.3,322.65K,0.86%
19/11/20,41.9,41.87,42.15,41.26,313.38K,-0.26%
20/11/20,42.42,41.88,42.54,41.61,276.34K,1.24%
23/11/20,43.28,42.64,43.56,42.52,98.45K,2.03%
24/11/20,45.11,43.04,45.38,43.04,150.46K,4.23%
25/11/20,45.91,45.05,46.44,44.87,120.32K,1.77%
26/11/20,44.98,45.77,46.09,44.73,,-2.03%
27/11/20,45.74,46.12,46.27,44.77,77.04K,1.69%
30/11/20,45.51,45.57,45.98,44.64,105.31K,-0.50%
01/12/20,44.73,45.25,45.86,44.32,95.00K,-1.71%
02/12/20,45.44,44.54,46.04,44.1,119.96K,1.59%
03/12/20,45.79,45.14,45.98,44.84,104.00K,0.77%
04/12/20,46.42,45.76,46.8,45.76,118.56K,1.38%
07/12/20,45.95,46.24,46.7,45.54,138.58K,-1.01%
08/12/20,45.8,45.82,46.09,45.32,141.09K,-0.33%
09/12/20,45.72,45.75,46.43,45.14,149.40K,-0.17%
10/12/20,46.96,45.87,47.88,45.72,172.15K,2.71%
11/12/20,46.75,47.15,47.46,46.51,181.85K,-0.45%
14/12/20,47.15,46.92,47.57,45.88,203.13K,0.86%
15/12/20,47.78,47.18,47.89,46.72,219.99K,1.34%
16/12/20,48,47.77,48.12,47.34,226.21K,0.46%
17/12/20,48.54,48.07,48.8,48,243.86K,1.13%
18/12/20,49.24,48.57,49.43,48.27,300.14K,1.44%
21/12/20,47.97,49.26,49.31,46.25,478.10K,-2.58%
22/12/20,47.16,48,48.06,46.72,63.09K,-1.69%
23/12/20,48.24,46.93,48.6,46.3,78.58K,2.29%
24/12/20,48.35,48.2,48.72,47.69,31.48K,0.23%
28/12/20,47.77,48.39,49.07,47.63,67.47K,-1.20%
29/12/20,48.14,47.87,48.49,47.82,61.07K,0.77%
30/12/20,48.5,48.26,48.78,47.76,71.10K,0.75%
31/12/20,48.63,48.41,48.68,47.88,53.38K,0.27%
04/01/21,47.76,48.49,49.94,47.31,172.92K,-1.79%
05/01/21,50.01,47.54,50.27,47.39,277.27K,4.71%
06/01/21,50.69,49.93,50.98,49.53,255.40K,1.36%
07/01/21,50.87,50.55,51.3,50.44,177.01K,0.36%
08/01/21,52.26,50.9,52.74,50.86,256.96K,2.73%
11/01/21,52.27,52.55,52.69,51.51,216.27K,0.02%
12/01/21,53.24,52.19,53.47,52.08,231.07K,1.86%
13/01/21,52.96,53.34,53.94,52.6,269.31K,-0.53%
14/01/21,53.62,52.89,53.79,52.3,320.72K,1.25%
15/01/21,52.42,53.77,53.86,51.89,391.29K,-2.24%
17/01/21,52.2,52.09,52.38,52.09,,-0.42%
18/01/21,52.36,52.2,52.61,51.83,,0.31%
19/01/21,52.98,52,53.18,51.81,533.78K,1.18%
20/01/21,53.31,53.06,53.83,52.83,400.30K,0.62%
21/01/21,53.05,52.81,53.3,52.64,131.54K,-0.49%
22/01/21,52.19,53.01,53.08,51.38,110.82K,-1.62%
25/01/21,52.67,52.08,52.84,51.75,94.90K,0.92%
26/01/21,52.52,52.81,53.12,52.2,90.35K,-0.28%
27/01/21,52.73,52.67,53.16,51.77,131.52K,0.40%
28/01/21,52.24,52.54,53.43,51.94,114.94K,-0.93%
29/01/21,52.08,52.03,53.13,51.85,99.60K,-0.31%
01/02/21,53.42,51.9,53.6,51.53,126.46K,2.57%
02/02/21,54.62,53.35,55.09,53.32,182.83K,2.25%
03/02/21,55.54,54.96,56.16,54.66,173.15K,1.68%
04/02/21,56.07,55.8,56.41,55.16,147.93K,0.95%
05/02/21,56.7,56.32,57.11,56.32,170.65K,1.12%
08/02/21,57.83,56.95,57.98,56.86,152.37K,1.99%
09/02/21,58.25,57.99,58.49,57.17,246.49K,0.73%
10/02/21,58.57,58.33,58.77,57.98,186.03K,0.55%
11/02/21,58.14,58.26,58.57,57.75,187.76K,-0.73%
12/02/21,59.38,57.82,59.72,57.31,272.11K,2.13%
14/02/21,60.37,60.01,60.75,60.01,,1.67%
15/02/21,60.09,60.36,60.95,59.96,,-0.46%
16/02/21,60.08,59.83,60.78,59.34,485.73K,-0.02%
17/02/21,61.16,60.28,61.75,59.56,383.87K,1.80%
18/02/21,60.53,61.71,62.29,59.81,538.43K,-1.03%
19/02/21,59.26,60.18,60.32,58.6,608.59K,-2.10%
22/02/21,61.7,58.93,62.22,58.82,505.77K,4.12%
23/02/21,61.43,61.9,62.71,60.44,150.92K,-0.44%
24/02/21,63,61.07,63.28,60.77,149.43K,2.56%
25/02/21,63.22,63.22,63.56,62.45,180.38K,0.35%
26/02/21,61.23,63.17,63.24,61.04,124.26K,-3.15%
01/03/21,60.42,61.42,62.67,59.77,153.33K,-1.32%
02/03/21,59.57,60.04,60.98,59.2,149.34K,-1.41%
03/03/21,61.1,59.4,61.75,59.08,170.70K,2.57%
04/03/21,63.62,60.93,64.62,60.36,241.24K,4.12%
05/03/21,65.92,63.94,66.23,63.59,231.06K,3.62%
08/03/21,64.93,66.5,67.79,64.45,203.12K,-1.50%
09/03/21,63.99,64.6,65.87,63.6,275.96K,-1.45%
10/03/21,64.42,63.81,64.9,63.1,217.20K,0.67%
11/03/21,66,64.62,66.17,64.49,217.43K,2.45%
12/03/21,65.64,65.95,66.22,65.4,166.57K,-0.55%
15/03/21,65.44,65.56,66.44,64.22,193.97K,-0.30%
16/03/21,64.86,65.34,65.48,63.87,213.77K,-0.89%
17/03/21,64.63,64.87,65.4,63.64,300.15K,-0.35%
18/03/21,60.06,64.44,64.88,58.28,728.88K,-7.07%
19/03/21,61.44,59.65,61.8,59.01,723.88K,2.30%
22/03/21,61.56,61.6,62.04,60.35,404.37K,0.20%
23/03/21,57.78,61.18,61.25,57.29,310.15K,-6.14%
24/03/21,61.16,57.42,61.31,57.33,190.27K,5.85%
25/03/21,58.57,60.8,60.84,57.46,198.97K,-4.23%
26/03/21,60.96,58.44,61.34,58.33,183.90K,4.08%
29/03/21,61.53,60.94,61.74,59.42,142.06K,0.94%
30/03/21,60.56,61.92,62.22,59.95,134.61K,-1.58%
31/03/21,59.18,60.4,61.17,58.88,145.02K,-2.28%
01/04/21,61.48,59.48,61.75,58.91,224.08K,3.89%
05/04/21,58.68,61.48,61.48,57.68,162.51K,-4.55%
06/04/21,59.37,58.87,60.89,58.66,211.41K,1.18%
07/04/21,59.81,59.28,60.06,58.16,193.63K,0.74%
08/04/21,59.63,59.56,59.93,58.85,232.13K,-0.30%
09/04/21,59.35,59.78,59.94,59.13,207.85K,-0.47%
12/04/21,59.75,59.43,60.78,58.77,200.51K,0.67%
13/04/21,60.24,59.69,60.63,59.69,198.23K,0.82%
14/04/21,63.22,60.52,63.51,60.43,318.18K,4.95%
15/04/21,63.51,62.97,63.62,62.61,243.64K,0.46%
16/04/21,63.19,63.35,63.94,62.88,265.80K,-0.50%
19/04/21,63.43,63.01,63.69,62.67,279.37K,0.38%
20/04/21,62.67,63.53,64.38,61.49,476.05K,-1.20%
21/04/21,61.27,62.33,62.47,60.79,123.25K,-2.23%
22/04/21,61.34,61.05,61.79,60.55,99.27K,0.11%
23/04/21,62.02,61.56,62.3,61.14,104.73K,1.11%
26/04/21,61.8,62.03,62.18,60.56,103.53K,-0.35%
27/04/21,62.8,61.8,63.15,61.8,111.62K,1.62%
28/04/21,63.75,62.92,64.37,62.54,127.27K,1.51%
29/04/21,64.88,63.59,65.32,63.53,119.35K,1.77%
30/04/21,63.48,64.76,64.83,63,159.45K,-2.16%
03/05/21,64.41,63.48,64.58,62.82,86.70K,1.47%
04/05/21,65.61,64.43,66.12,64.21,148.65K,1.86%
05/05/21,65.59,66.2,66.67,64.89,187.51K,-0.03%
06/05/21,64.67,65.26,65.93,64.47,117.49K,-1.40%
07/05/21,64.88,64.86,65.2,63.89,168.37K,0.32%
10/05/21,64.93,65.25,66,63.96,193.20K,0.08%
11/05/21,65.3,64.94,65.51,63.71,195.32K,0.57%
12/05/21,66.1,65.44,66.63,64.98,256.70K,1.23%
13/05/21,63.84,65.78,65.83,63.12,247.68K,-3.42%
14/05/21,65.36,63.84,65.6,63.35,246.22K,2.38%
17/05/21,66.28,65.44,66.42,64.83,229.56K,1.41%
18/05/21,65.5,66.31,67.02,64.14,484.42K,-1.18%
19/05/21,63.35,65.3,65.35,61.95,615.26K,-3.28%
20/05/21,61.94,63.35,63.95,61.67,524.17K,-2.23%
21/05/21,63.36,61.73,63.82,61.36,187.39K,2.29%
24/05/21,65.78,63.61,65.87,63.45,155.50K,3.82%
25/05/21,65.79,65.76,66.18,65.14,229.42K,0.02%
26/05/21,65.96,65.75,66.15,65.02,122.47K,0.26%
27/05/21,66.6,65.93,66.66,65.23,113.06K,0.97%
28/05/21,66.1,66.68,67.28,65.95,186.24K,-0.75%
30/05/21,66.59,66.7,66.75,66.53,,0.74%
31/05/21,66.96,66.58,67.41,66.41,,0.56%
01/06/21,67.52,66.45,68.64,66.19,148.83K,0.84%
02/06/21,68.63,67.8,68.77,67.59,110.81K,1.64%
03/06/21,68.6,68.59,69.18,67.98,108.64K,-0.04%
04/06/21,69.39,68.71,69.51,68.12,138.05K,1.15%
07/06/21,69.04,69.25,69.76,68.71,156.70K,-0.50%
08/06/21,69.87,69.08,70.08,68.29,166.36K,1.20%
09/06/21,69.79,69.81,70.43,69.29,168.12K,-0.11%
10/06/21,70.09,69.61,70.46,68.51,205.08K,0.43%
11/06/21,70.6,69.91,70.86,69.47,396.29K,0.73%
14/06/21,70.63,70.36,71.4,70.36,163.55K,0.04%
15/06/21,71.86,70.91,72.2,70.54,195.70K,1.74%
16/06/21,71.95,72.13,72.74,71.42,281.18K,0.13%
17/06/21,70.78,71.48,72.1,69.54,343.67K,-1.63%
18/06/21,71.29,70.8,71.82,69.87,420.11K,0.72%
21/06/21,73.12,71.15,73.28,70.78,591.31K,2.57%
22/06/21,72.85,73.04,73.47,72.47,498.56K,-0.37%
23/06/21,72.36,72.1,73.33,72.01,170.19K,-0.67%
24/06/21,72.63,72.56,72.86,71.64,131.48K,0.37%
25/06/21,73.33,72.65,73.4,72.11,144.56K,0.96%
28/06/21,72.2,73.27,73.7,71.92,104.66K,-1.54%
29/06/21,72.31,72.04,73.07,71.28,113.12K,0.15%
30/06/21,72.77,72.77,73.45,72.1,146.95K,0.64%
01/07/21,74.33,72.78,75.23,72.66,289.38K,2.14%
02/07/21,74.36,74.07,74.67,73.57,163.67K,0.04%
04/07/21,75.14,75.22,75.28,75,,1.05%
05/07/21,76.25,75.15,76.4,74.75,,1.48%
06/07/21,72.58,74.43,76.07,72.16,254.31K,-4.81%
07/07/21,71.5,73,74.06,70.44,223.71K,-1.49%
08/07/21,72.22,71.55,72.51,70.1,247.36K,1.01%
09/07/21,73.81,72.51,73.98,71.97,185.31K,2.20%
12/07/21,73.44,73.92,74.15,72.45,221.74K,-0.50%
13/07/21,74.69,73.51,74.9,73.07,286.33K,1.70%
14/07/21,72.64,74.58,74.89,71.7,375.43K,-2.74%
15/07/21,71.38,72.43,72.48,71.02,329.01K,-1.73%
16/07/21,71.56,71.21,72.04,70.16,359.21K,0.25%
19/07/21,66.35,71.09,71.4,65.56,731.96K,-7.28%
20/07/21,67.2,66.61,67.61,65.01,561.63K,1.28%
21/07/21,69.57,65.86,69.75,65.86,151.83K,3.53%
22/07/21,71.14,69.5,71.26,69.11,134.22K,2.26%
23/07/21,71.38,70.97,71.48,70.69,73.54K,0.34%
26/07/21,71.34,71.46,71.71,69.9,105.91K,-0.06%
27/07/21,71.14,71.61,71.76,70.62,114.13K,-0.28%
28/07/21,71.79,71.36,72,71.16,96.97K,0.91%
29/07/21,72.98,71.8,73.02,71.66,110.60K,1.66%
30/07/21,73.23,72.75,73.52,72.3,97.78K,0.34%
02/08/21,70.61,73.11,73.19,69.96,138.72K,-3.58%
03/08/21,70.03,70.86,71.29,68.65,174.91K,-0.82%
04/08/21,67.79,69.88,70.31,67.52,243.60K,-3.20%
05/08/21,68.74,67.64,68.97,67.22,146.62K,1.40%
06/08/21,68.1,68.77,69.87,67.62,273.91K,-0.93%
09/08/21,66.3,67.62,67.67,65,247.22K,-2.64%
10/08/21,68.06,66.62,68.66,66.29,188.99K,2.65%
11/08/21,69.02,68.28,69.19,66.47,223.82K,1.41%
12/08/21,68.9,69.15,69.39,68.24,182.54K,-0.17%
13/08/21,68.21,68.75,68.99,67.55,145.27K,-1.00%
16/08/21,67.05,67.63,68.03,65.51,205.58K,-1.70%
17/08/21,66.34,67.17,67.46,66.09,232.41K,-1.06%
18/08/21,65.21,66.34,67.23,64.17,386.36K,-1.70%
19/08/21,63.5,64.45,64.57,62.41,494.97K,-2.62%
20/08/21,62.14,63.65,64.04,61.82,365.01K,-2.14%
23/08/21,65.34,61.75,65.66,61.5,106.60K,5.15%
24/08/21,67.25,65.24,67.49,65.15,91.59K,2.92%
25/08/21,68.06,67.33,68.23,66.63,107.20K,1.20%
26/08/21,67.1,67.78,67.97,66.71,102.00K,-1.41%
27/08/21,68.48,67.47,68.69,67.18,107.41K,2.06%
30/08/21,68.93,68.94,69.36,67.53,129.09K,0.66%
31/08/21,68.26,68.89,69.07,67.92,90.70K,-0.97%
01/09/21,68.32,68.31,68.98,66.92,124.27K,0.09%
02/09/21,69.73,67.99,70.31,67.58,137.71K,2.06%
03/09/21,69.07,69.51,70.27,68.87,101.34K,-0.95%
05/09/21,68.75,69.22,69.23,68.73,,-0.46%
06/09/21,68.8,68.75,69.47,68.27,,0.07%
07/09/21,68.13,68.9,69.24,67.44,139.43K,-0.97%
08/09/21,69.05,68.13,69.49,68.08,186.53K,1.35%
09/09/21,67.92,69.11,69.61,67.35,238.50K,-1.64%
10/09/21,69.47,67.73,69.71,67.48,199.52K,2.28%
13/09/21,70.19,69.35,70.68,69.26,194.03K,1.04%
14/09/21,70.23,70.38,70.97,69.75,242.42K,0.06%
15/09/21,72.33,70.47,72.87,70.43,268.43K,2.99%
16/09/21,72.37,72.42,72.72,71.29,232.72K,0.06%
17/09/21,71.82,72.33,72.5,71.03,288.46K,-0.76%
20/09/21,70.14,71.81,71.93,69.71,377.95K,-2.34%
21/09/21,70.49,70.43,71.48,69.39,393.40K,0.50%
22/09/21,71.89,70.48,71.96,70.27,146.90K,1.99%
23/09/21,72.95,71.6,73.1,71.29,185.63K,1.47%
24/09/21,73.61,72.91,73.86,72.47,152.84K,0.90%
27/09/21,75.08,73.83,75.35,73.79,207.11K,2.00%
28/09/21,74.9,75.05,76.26,73.86,177.68K,-0.24%
29/09/21,74.5,73.95,75.39,73.37,169.91K,-0.53%
30/09/21,74.7,74.47,75.72,72.82,239.15K,0.27%
01/10/21,75.58,74.74,75.68,73.92,169.25K,1.18%
04/10/21,77.33,75.63,78.07,75.03,216.82K,2.32%
05/10/21,78.57,77.29,79.09,77.17,238.92K,1.60%
06/10/21,77.06,78.58,79.39,76.48,200.17K,-1.92%
07/10/21,77.96,76.63,78.54,74.67,265.13K,1.17%
08/10/21,78.76,78.47,79.62,78.2,446.50K,1.03%
11/10/21,79.92,79.01,81.08,78.95,452.23K,1.47%
12/10/21,79.92,79.89,80.79,78.88,358.20K,0.00%
13/10/21,79.82,79.83,80.36,78.78,304.96K,-0.13%
14/10/21,80.77,79.94,81.14,79.79,300.57K,1.19%
15/10/21,81.73,80.93,82,80.86,284.73K,1.19%
18/10/21,81.69,82,83.18,81.21,501.07K,-0.05%
19/10/21,82.44,81.58,82.99,81.08,531.47K,0.92%
20/10/21,83.42,82.46,83.65,80.78,530.69K,1.19%
21/10/21,81.36,82.45,82.71,79.79,169.88K,-2.47%
22/10/21,82.5,81.43,82.92,80.62,173.25K,1.40%
25/10/21,82.61,82.64,83.83,82.24,255.20K,0.13%
26/10/21,83.36,82.61,83.51,81.97,171.17K,0.91%
27/10/21,81.48,83.11,83.21,80.84,142.73K,-2.26%
28/10/21,81.46,81.05,81.85,79.37,155.20K,-0.02%
29/10/21,81.78,81.71,81.96,80.14,173.71K,0.39%
01/11/21,82.45,81.58,83.07,81.05,150.56K,0.82%
02/11/21,82.44,82.3,82.86,81.49,147.57K,-0.01%
03/11/21,79.57,81.7,81.7,78.52,189.15K,-3.48%
04/11/21,77.7,78.93,82.05,77.23,249.20K,-2.35%
05/11/21,80.13,78.32,80.51,77.78,184.24K,3.13%
08/11/21,80.74,80,81.42,79.95,165.37K,0.76%
09/11/21,82.56,80.87,82.99,80.56,249.60K,2.25%
10/11/21,80.06,82.89,83.3,79.53,242.72K,-3.03%
11/11/21,80.42,80.1,80.95,78.98,209.70K,0.45%
12/11/21,79.69,80.08,80.36,78.67,185.20K,-0.91%
15/11/21,79.75,79.59,80.04,78.28,185.74K,0.08%
16/11/21,79.74,79.8,80.68,78.97,208.60K,-0.01%
17/11/21,77.55,79.6,79.71,76.93,504.94K,-2.75%
18/11/21,78.41,77.49,78.8,76.44,426.77K,1.11%
19/11/21,75.94,78.29,79.33,75.09,623.45K,-3.15%
22/11/21,76.12,75.07,76.47,74.06,112.64K,0.24%
23/11/21,77.94,75.81,78.23,74.77,171.03K,2.39%
24/11/21,77.81,77.9,78.59,77.41,83.84K,-0.17%
25/11/21,77.41,78.38,78.65,77.28,,-0.51%
26/11/21,67.84,77.75,78.07,67.14,239.79K,-12.36%
29/11/21,69.62,68.93,72.48,68.4,169.53K,2.62%
30/11/21,65.85,69.69,70.86,64.16,184.46K,-5.42%
01/12/21,65.37,66.68,69.18,64.62,164.81K,-0.73%
02/12/21,66.27,65.38,67.23,62.26,188.62K,1.38%
03/12/21,66.1,67.17,68.96,65.45,136.24K,-0.26%
06/12/21,69.3,66.85,69.95,66.62,109.15K,4.84%
07/12/21,71.84,69.28,72.72,69.28,176.32K,3.67%
08/12/21,72.18,71.62,72.75,70.74,162.64K,0.47%
09/12/21,70.79,72.36,73.13,70.23,144.30K,-1.93%
10/12/21,71.48,70.52,72.15,70.19,185.50K,0.97%
13/12/21,71.06,71.84,72.82,70.54,209.97K,-0.59%
14/12/21,70.52,70.91,71.79,69.32,177.57K,-0.76%
15/12/21,70.66,70.12,71.45,69.21,191.20K,0.20%
16/12/21,72.15,71.28,72.74,70.87,329.08K,2.11%
17/12/21,70.72,71.79,72.05,69.7,351.30K,-1.98%
20/12/21,68.61,69.88,69.98,66.12,492.22K,-2.98%
21/12/21,70.82,68.94,71.21,68.27,99.77K,3.22%
22/12/21,72.33,70.97,72.71,70.48,94.30K,2.13%
23/12/21,73.42,72.59,73.6,71.84,95.32K,1.51%
27/12/21,75.18,73,75.68,72.22,76.67K,2.40%
28/12/21,75.6,75.58,76.5,75.12,66.33K,0.56%
29/12/21,76.18,75.71,76.99,75.01,78.61K,0.77%
30/12/21,76.61,76.2,77.06,75.42,61.02K,0.56%
31/12/21,74.88,76.12,76.68,74.63,63.14K,-2.26%
03/01/22,75.85,75.53,76.18,74.01,112.23K,1.30%
04/01/22,76.74,75.8,77.4,75.47,156.45K,1.17%
05/01/22,77.47,76.88,78.16,76.25,197.97K,0.95%
06/01/22,78.88,76.79,79.56,76.28,244.00K,1.82%
07/01/22,78.44,79,79.82,78.07,229.28K,-0.56%
10/01/22,77.7,78.51,78.92,77.34,210.84K,-0.94%
11/01/22,80.67,77.87,80.95,77.83,270.56K,3.82%
12/01/22,82.02,80.71,82.41,80.55,303.16K,1.67%
13/01/22,81.62,82.12,82.29,80.91,289.31K,-0.49%
14/01/22,83.3,81.21,83.79,81.1,323.11K,2.06%
16/01/22,83.83,83.78,84.09,83.68,,0.64%
17/01/22,83.69,83.84,83.95,82.94,,-0.17%
18/01/22,84.83,83.77,85.98,82.93,494.00K,1.36%
19/01/22,85.8,85.89,86.79,84.99,511.05K,1.14%
20/01/22,85.55,85.06,87.1,84.2,532.20K,-0.29%
21/01/22,84.14,83.65,84.53,81.96,159.57K,-1.65%
24/01/22,82.41,83.84,85.1,81.06,153.83K,-2.06%
25/01/22,84.37,83.32,84.54,82.14,223.59K,2.38%
26/01/22,85.96,84.1,86.51,83.84,175.93K,1.88%
27/01/22,85.29,85.71,87.08,84.9,153.94K,-0.78%
28/01/22,85.43,86,87.36,85.06,144.85K,0.16%
31/01/22,86.49,85.92,86.68,84.96,144.70K,1.24%
01/02/22,86.46,86.45,87.12,84.92,151.60K,-0.03%
02/02/22,86.69,86.64,87.93,85.56,189.90K,0.27%
03/02/22,88.45,86.4,88.59,85.24,220.87K,2.03%
04/02/22,90.33,88.33,90.98,88.18,175.47K,2.13%
07/02/22,89.77,89.88,90.97,89.08,247.67K,-0.62%
08/02/22,87.9,89.98,90.07,87.07,188.54K,-2.08%
09/02/22,88.53,88.4,89.17,87.15,255.17K,0.72%
10/02/22,88.56,88.84,90.26,87.87,255.08K,0.03%
11/02/22,91.42,88.56,92.74,87.79,310.81K,3.23%
14/02/22,93.5,92.06,93.83,90.45,213.15K,2.28%
15/02/22,90.21,92.84,93.16,88.94,258.03K,-3.52%
16/02/22,91.83,90.31,93.07,88.2,351.33K,1.80%
17/02/22,90.04,89.25,91.51,88.83,442.04K,-1.95%
18/02/22,90.21,90.06,91.07,87.46,566.36K,0.19%
20/02/22,91.62,91.22,91.74,91.08,,1.56%
21/02/22,92.65,91.62,93.91,89.08,,1.12%
22/02/22,91.91,91.32,94.95,89.06,789.04K,-0.80%
23/02/22,90.69,90.31,92.36,89.34,150.13K,-1.33%
24/02/22,90.94,91.08,98.44,89.65,289.12K,0.28%
25/02/22,89.89,91.48,93.73,88.49,160.46K,-1.15%
28/02/22,93.5,92.97,96.92,92.42,176.43K,4.02%
01/03/22,100.21,93.88,103.06,93.21,285.55K,7.18%
02/03/22,107.06,103.43,108.91,101.86,219.17K,6.84%
03/03/22,104.61,107.27,112.65,103.14,190.66K,-2.29%
04/03/22,112.11,105.04,112.54,104.36,167.99K,7.17%
07/03/22,115.8,116.03,126.42,111.87,202.56K,3.29%
08/03/22,119.65,116.98,124.98,113.66,200.16K,3.32%
09/03/22,105.05,120.66,122.73,99.55,249.98K,-12.20%
10/03/22,102.99,106.59,110.91,102.38,203.84K,-1.96%
11/03/22,106.3,103,107.17,101.27,166.35K,3.21%
14/03/22,101.18,106.64,106.65,97.89,162.18K,-4.82%
15/03/22,94.79,100.55,100.92,92.2,205.70K,-6.32%
16/03/22,93.59,93.7,97.93,92.68,163.42K,-1.27%
17/03/22,101.65,94.08,102.69,93.41,221.54K,8.61%
18/03/22,103.09,102.23,104.67,100.96,207.44K,1.42%
21/03/22,109.97,103.62,111.08,102.47,279.31K,6.67%
22/03/22,109.27,110.91,113.35,107.1,318.63K,-0.64%
23/03/22,111.99,105.84,112.34,105.69,120.34K,2.49%
24/03/22,109.43,111.41,113.51,107.79,106.02K,-2.29%
25/03/22,111.06,108.29,111.26,105.86,103.66K,1.49%
28/03/22,103.42,110.22,110.22,100.43,125.75K,-6.88%
29/03/22,102.05,101.29,105.45,96.52,119.63K,-1.32%
30/03/22,105.68,103.04,106.44,102.41,83.36K,3.56%
31/03/22,98.52,105.3,105.64,97.88,185.64K,-6.78%
01/04/22,97.9,99.77,100,96.22,132.55K,-0.63%
04/04/22,101.84,97.68,102.44,96.83,123.55K,4.02%
05/04/22,100.68,102.16,104.07,98.63,107.31K,-1.14%
06/04/22,95.41,99.95,102.63,94.93,159.99K,-5.23%
07/04/22,95.51,96.29,97.95,93.21,168.76K,0.10%
08/04/22,97.73,96.31,98.12,94.72,135.35K,2.32%
11/04/22,93.92,97.84,97.95,92.6,156.57K,-3.90%
12/04/22,100.15,94.84,100.82,94.52,168.89K,6.63%
13/04/22,103.79,100.35,104,99.51,186.11K,3.63%
14/04/22,106.38,103.79,107,101.69,159.77K,2.50%
18/04/22,107.61,106.46,109.2,105.43,202.72K,1.16%
19/04/22,102.05,107.06,108.37,101.51,339.81K,-5.17%
20/04/22,102.19,102.38,103.96,99.88,299.03K,0.14%
21/04/22,102.96,101.66,104.47,101.25,74.66K,0.75%
22/04/22,101.05,102.01,103.34,100.08,60.24K,-1.86%
25/04/22,97.67,100.38,100.48,94.47,87.65K,-3.34%
26/04/22,100.41,97.77,101.5,96.37,100.12K,2.81%
27/04/22,100.68,100.76,101.68,98.65,76.99K,0.27%
28/04/22,103.47,100.59,103.77,98.75,104.93K,2.77%
29/04/22,102.94,103.12,105.99,102.14,98.35K,-0.51%
02/05/22,103.42,102.15,104.19,98.87,89.43K,0.47%
03/05/22,100.9,103.19,104.06,100.58,97.51K,-2.44%
04/05/22,106.22,101.99,107,101.41,92.05K,5.27%
05/05/22,106.74,106.07,109.77,104.95,97.44K,0.49%
06/05/22,108.33,107.07,109.53,105.72,119.33K,1.49%
09/05/22,101.77,108.97,109,100.81,148.44K,-6.06%
10/05/22,98.45,100.96,102.78,97.61,156.44K,-3.26%
11/05/22,104.03,97.74,104.74,96.93,179.72K,5.67%
12/05/22,104.4,103.94,105.55,101.11,179.61K,0.36%
13/05/22,108.63,104.91,108.77,104.64,134.31K,4.05%
16/05/22,111.82,109,112.47,106.27,166.04K,2.94%
17/05/22,109.63,111.61,113.2,108.96,204.75K,-1.96%
18/05/22,107.04,110.77,112.39,106.06,311.84K,-2.36%
19/05/22,109.89,106.96,110.16,103.24,340.08K,2.66%
20/05/22,110.28,109.26,111.04,108.13,229.93K,0.35%
23/05/22,107.54,107.34,108.76,106.32,70.51K,-2.48%
24/05/22,107.2,107.68,108.76,105.94,65.22K,-0.32%
25/05/22,107.75,107.68,108.97,106.71,56.92K,0.51%
26/05/22,111.25,108.05,111.88,107.6,78.22K,3.25%
27/05/22,112.23,111.25,112.42,110.06,57.72K,0.88%
29/05/22,115.61,115.3,115.81,115.2,,3.01%
30/05/22,117.61,115.58,117.79,115.39,,1.73%
31/05/22,111.91,112.1,117.07,111.5,113.51K,-4.85%
01/06/22,112.72,112.74,115,111.86,91.07K,0.72%
02/06/22,114.3,112.27,115.1,108.94,114.86K,1.40%
03/06/22,116.23,114.9,117.77,112.73,74.48K,1.69%
06/06/22,116.06,118.17,118.28,115.15,77.61K,-0.15%
07/06/22,117.1,116.66,118,115.04,140.80K,0.90%
08/06/22,119.78,117.7,120.75,117.02,131.93K,2.29%
09/06/22,119.09,120.11,120.4,118.52,122.09K,-0.58%
10/06/22,118.12,119.07,120.15,115.84,133.85K,-0.81%
13/06/22,118.25,117.71,119.57,114.9,150.05K,0.11%
14/06/22,116.26,118.45,120.88,114.2,203.95K,-1.68%
15/06/22,113.09,116.41,116.93,112.37,198.93K,-2.73%
16/06/22,115.25,114.09,115.73,110.43,291.85K,1.91%
17/06/22,107.99,114.74,116.58,106.4,426.00K,-6.30%
19/06/22,108.94,108.97,109.34,108.78,,0.88%
20/06/22,108.84,108.97,109.17,106.84,,-0.09%
21/06/22,109.52,108.75,111.16,106.82,427.26K,0.62%
22/06/22,103.99,107.33,107.56,99.66,141.20K,-5.05%
23/06/22,101.58,102.53,104.62,100.24,120.06K,-2.32%
24/06/22,104.45,101.31,105.44,100.84,116.65K,2.83%
27/06/22,106.38,104.37,107.28,102.48,90.13K,1.85%
28/06/22,108.89,107,109.31,106.59,107.61K,2.36%
29/06/22,107.01,109,111.14,106.45,101.28K,-1.73%
30/06/22,103.1,106.67,107.76,102.68,156.01K,-3.65%
01/07/22,105.39,103.33,106.26,101.94,99.69K,2.22%
03/07/22,108.19,108.67,108.81,108.14,,2.66%
04/07/22,110.4,108.17,110.77,107.25,,2.04%
05/07/22,96.52,105.6,108.28,94.62,199.37K,-12.57%
06/07/22,94.98,97.44,99.11,92.18,166.60K,-1.60%
07/07/22,99.25,94.62,100.78,93,144.92K,4.50%
08/07/22,101.53,98.92,101.97,98.4,124.09K,2.30%
11/07/22,101.21,101.33,102,97.94,142.49K,-0.32%
12/07/22,93.31,100.57,100.57,92.83,191.25K,-7.81%
13/07/22,93.83,93.3,95.34,91.14,187.17K,0.56%
14/07/22,92.83,94.14,94.49,88.23,255.52K,-1.07%
15/07/22,94.57,93.51,96.05,91.64,189.25K,1.87%
18/07/22,99.42,94.34,99.62,92.88,291.70K,5.13%
19/07/22,100.74,98.86,100.99,96.52,327.21K,1.33%
20/07/22,99.88,100.34,100.72,98.16,315.62K,-0.85%
21/07/22,93.78,96.88,96.93,91.84,106.70K,-6.11%
22/07/22,92.43,93.78,95.24,91.77,106.60K,-1.44%
25/07/22,94.42,92.83,94.62,90.79,92.70K,2.15%
26/07/22,92.88,93.95,96.6,92.64,89.07K,-1.63%
27/07/22,95.29,93.51,96.53,92.3,105.40K,2.59%
28/07/22,94.65,96.09,97.82,94.28,96.14K,-0.67%
29/07/22,96.75,95.42,99.75,94.59,116.64K,2.22%
01/08/22,92.39,96.44,96.68,90.96,144.82K,-4.51%
02/08/22,93.22,92.2,95.09,91.11,133.90K,0.90%
03/08/22,89.74,92.69,95.33,89.47,141.60K,-3.73%
04/08/22,87.56,89.99,90.88,86.62,107.06K,-2.43%
05/08/22,88.08,87.04,89.72,86.06,134.18K,0.59%
08/08/22,89.93,87.52,90.06,86.33,130.08K,2.10%
09/08/22,89.67,89.87,91.8,88.29,130.89K,-0.29%
10/08/22,91.2,89.71,91.63,87.04,157.22K,1.71%
11/08/22,93.53,90.82,94.17,90.57,162.98K,2.55%
12/08/22,91.46,93.33,94.02,90.53,132.28K,-2.21%
15/08/22,88.85,91.3,91.47,86.29,134.21K,-2.85%
16/08/22,86.16,87.39,90.07,85.37,191.53K,-3.03%
17/08/22,87.69,86.71,88.66,85.48,187.60K,1.78%
18/08/22,90.11,87.1,91.03,86.92,247.56K,2.76%
19/08/22,90.44,90,91.69,87.95,255.42K,0.37%
22/08/22,90.36,89.63,91.03,86.28,352.67K,-0.09%
23/08/22,93.25,90.1,93.65,90.1,92.18K,3.20%
24/08/22,94.4,93.23,94.92,92.36,92.60K,1.23%
25/08/22,92.19,94.82,95.3,91.95,81.50K,-2.34%
26/08/22,92.39,92.68,93.62,90.69,100.62K,0.22%
29/08/22,96.19,92.28,96.46,91.66,85.04K,4.11%
30/08/22,91.17,95.8,96.82,90.06,120.37K,-5.22%
31/08/22,89.03,91.85,92.26,87.92,99.45K,-2.35%
01/09/22,86.22,88.31,89.1,85.62,85.18K,-3.16%
02/09/22,86.48,85.99,89.15,85.93,81.80K,0.30%
04/09/22,88.25,86.91,88.28,86.91,,2.05%
05/09/22,88.96,88.27,90.37,87.98,,0.80%
06/09/22,86.51,86.49,89.99,85.88,104.66K,-2.75%
07/09/22,81.63,86.53,87.33,81.18,123.25K,-5.64%
08/09/22,83.07,81.57,83.72,80.89,131.42K,1.76%
09/09/22,86.36,82.3,86.68,82.23,139.12K,3.96%
12/09/22,87.41,85.84,88.64,84.78,133.78K,1.22%
13/09/22,86.89,87.82,88.9,84.66,183.48K,-0.59%
14/09/22,88.05,87.24,89.63,85.75,208.02K,1.34%
15/09/22,84.65,88.7,88.7,84.09,182.29K,-3.86%
16/09/22,84.76,84.66,86.18,83.86,231.14K,0.13%
19/09/22,85.36,84.81,85.88,81.73,262.90K,0.71%
20/09/22,83.94,85.02,86.12,83.01,279.81K,-1.66%
21/09/22,82.43,83.6,85.99,82,144.13K,-1.80%
22/09/22,83.03,82.54,85.44,81.89,121.08K,0.73%
23/09/22,78.25,83.15,83.45,77.64,143.23K,-5.76%
26/09/22,76.18,78.75,79.76,75.7,106.23K,-2.65%
27/09/22,77.81,75.9,78.92,75.88,123.82K,2.14%
28/09/22,81.24,77.38,81.4,75.84,156.31K,4.41%
29/09/22,80.42,81,81.99,79.45,127.46K,-1.01%
30/09/22,78.72,80.86,81.72,78.36,95.34K,-2.11%
03/10/22,82.7,80.29,83.61,80.19,135.99K,5.06%
04/10/22,85.5,82.57,85.98,82.33,156.00K,3.39%
05/10/22,86.84,85.3,87.42,84.53,160.03K,1.57%
06/10/22,87.59,87.12,88.2,86.15,108.49K,0.86%
07/10/22,91.35,88.12,92,87.15,242.27K,4.29%
10/10/22,89.84,92.23,92.34,89.29,156.09K,-1.65%
11/10/22,87.97,89.75,90.15,86.59,187.52K,-2.08%
12/10/22,86.06,87.25,88.66,85.05,211.34K,-2.17%
13/10/22,87.95,86.01,88.38,84.43,185.66K,2.20%
14/10/22,84.65,88.15,88.52,84.22,161.13K,-3.75%
17/10/22,84.53,84.63,86.18,83.7,174.19K,-0.14%
18/10/22,82.07,84.8,85.53,81.3,367.50K,-2.91%
19/10/22,84.52,82.91,85.02,81.72,357.72K,2.99%
20/10/22,84.51,84.91,87.14,84.16,338.34K,-0.01%
21/10/22,83.95,83.78,84.64,82.05,83.09K,-0.66%
24/10/22,83.59,84.05,84.8,81.61,58.38K,-0.43%
25/10/22,84.31,83.93,85,82.14,77.80K,0.86%
26/10/22,86.68,84.03,87.17,83.17,80.03K,2.81%
27/10/22,87.83,87.06,88.45,86.12,110.53K,1.33%
28/10/22,86.61,87.41,87.51,85.86,78.71K,-1.39%
31/10/22,85.4,87.06,87.36,84.16,81.40K,-1.40%
01/11/22,87.19,85.2,88.27,84.85,81.92K,2.10%
02/11/22,88.86,87.42,89.14,86.6,86.74K,1.92%
03/11/22,87.18,88.32,88.53,86.55,80.43K,-1.89%
04/11/22,91.45,86.92,91.67,86.84,104.87K,4.90%
07/11/22,90.73,90.5,92.53,89.31,143.34K,-0.79%
08/11/22,88,90.82,91.1,87.63,162.91K,-3.01%
09/11/22,85,87.73,88.26,84.69,200.28K,-3.41%
10/11/22,85.66,84.96,86.49,83.9,160.49K,0.78%
11/11/22,88.16,85.4,89.2,85.36,154.79K,2.92%
14/11/22,85.16,88.24,89.03,84.51,183.53K,-3.40%
15/11/22,86.25,84.62,88.05,83.54,239.60K,1.28%
16/11/22,85,86.23,86.9,83.67,191.29K,-1.45%
17/11/22,81.4,84.98,84.98,81.19,390.06K,-4.24%
18/11/22,80.11,81.86,82.43,77.59,480.54K,-1.58%
21/11/22,80.04,80.26,80.5,75.27,475.10K,-0.09%
22/11/22,80.73,80.14,82.03,79.74,85.20K,0.86%
23/11/22,78.07,80.86,81.7,76.95,120.39K,-3.29%
24/11/22,77.95,77.53,78.19,76.92,,-0.15%
25/11/22,76.43,77.57,79.92,76.37,59.52K,-1.95%
28/11/22,77.33,76.19,77.89,73.77,132.62K,1.18%
29/11/22,78.28,76.66,79.73,76.4,109.11K,1.23%
30/11/22,80.66,78.98,81.41,78.48,90.29K,3.04%
01/12/22,81.14,80.61,83.27,80.07,116.20K,0.60%
02/12/22,80.05,81.35,82.12,79.73,96.43K,-1.34%
05/12/22,77.08,80.03,82.75,76.92,105.02K,-3.71%
06/12/22,74.46,77.46,78.05,73.62,120.67K,-3.40%
07/12/22,72.28,74.73,75.53,72.06,148.54K,-2.93%
08/12/22,71.58,72.65,75.19,71.27,245.39K,-0.97%
09/12/22,71.21,71.92,73,70.31,146.59K,-0.52%
12/12/22,73.28,72.02,74,70.48,148.97K,2.91%
13/12/22,75.44,73.43,76.3,73.33,190.74K,2.95%
14/12/22,77.31,75.22,77.76,74.96,185.52K,2.48%
15/12/22,76.15,77.4,77.83,75.41,188.50K,-1.50%
16/12/22,74.46,76.33,76.58,73.4,271.86K,-2.22%
19/12/22,75.38,74.62,76.64,74.03,257.46K,1.24%
20/12/22,76.23,75.77,76.96,74.46,254.79K,1.13%
21/12/22,78.24,76,78.56,75.81,65.19K,2.64%
22/12/22,77.42,78.28,79.77,77.01,62.70K,-1.05%
23/12/22,79.64,78.14,80.19,77.87,79.46K,2.87%
26/12/22,80.97,79.92,81.06,79.92,,1.67%
27/12/22,79.64,79.99,81.21,79.28,67.69K,-1.64%
28/12/22,79.08,80.02,80.02,77.45,62.68K,-0.70%
29/12/22,78.5,79.01,79.01,76.94,53.32K,-0.73%
30/12/22,80.45,78.75,80.81,77.85,72.81K,2.48%
02/01/23,80.47,80.57,80.61,80.18,,0.02%
03/01/23,77.12,80.66,81.62,76.81,139.84K,-4.16%
04/01/23,73.1,77.41,77.62,73.01,149.77K,-5.21%
05/01/23,73.92,73.51,75.15,72.74,112.45K,1.12%
06/01/23,74.04,74.18,75.71,73.52,95.22K,0.16%
09/01/23,74.92,73.87,76.97,73.79,154.20K,1.19%
10/01/23,75.37,75.16,76.16,74.16,164.98K,0.60%
11/01/23,77.68,75.06,78.06,74.56,179.83K,3.06%
12/01/23,78.65,77.9,79.37,77.35,188.06K,1.25%
13/01/23,80.11,78.58,80.37,78.23,189.32K,1.86%
15/01/23,79.78,80.17,80.19,79.78,,-0.41%
16/01/23,79.04,79.78,79.92,78.8,,-0.93%
17/01/23,80.45,80.34,81.51,78.8,267.91K,1.78%
18/01/23,79.8,81.34,82.66,79.21,326.23K,-0.81%
19/01/23,80.61,79.43,81.49,78.45,321.13K,1.02%
20/01/23,81.64,80.84,81.91,79.91,300.15K,1.28%
23/01/23,81.93,82.12,82.89,81.32,104.29K,0.36%
24/01/23,80.44,81.94,82.51,79.98,93.04K,-1.82%
25/01/23,80.44,80.44,81.5,79.77,101.06K,0.00%
26/01/23,81.28,80.44,82.38,80.21,98.18K,1.04%
27/01/23,79.96,81.44,82.69,79.32,123.92K,-1.62%
30/01/23,78.18,80.12,80.78,77.96,101.70K,-2.23%
31/01/23,79.17,78.19,79.53,76.85,88.38K,1.27%
01/02/23,76.73,79.35,80.01,76.37,113.87K,-3.08%
02/02/23,76.2,77.06,77.54,75.3,94.84K,-0.69%
03/02/23,73.74,76.25,78.28,73.47,126.22K,-3.23%
06/02/23,74.47,73.64,74.87,72.64,120.92K,0.99%
07/02/23,77.39,74.83,77.82,74.71,186.67K,3.92%
08/02/23,78.69,77.7,78.78,77.32,155.18K,1.68%
09/02/23,78.27,78.69,79.04,76.76,132.72K,-0.53%
10/02/23,79.92,77.81,80.5,77.68,151.98K,2.11%
13/02/23,80.33,80.05,80.78,78.67,155.59K,0.51%
14/02/23,79.24,79.5,79.84,77.71,192.27K,-1.36%
15/02/23,78.83,79.04,79.37,77.47,150.59K,-0.52%
16/02/23,78.74,78.68,79.76,78.18,204.09K,-0.11%
17/02/23,76.55,78.35,78.5,75.32,343.63K,-2.78%
19/02/23,76.67,76.69,76.82,76.53,,0.16%
20/02/23,77.3,76.69,77.74,76.33,,0.82%
21/02/23,76.36,76.64,77.74,75.9,402.35K,-1.22%
22/02/23,74.19,76.29,76.72,74.05,98.82K,-2.84%
23/02/23,75.6,74.19,76.17,74.07,99.17K,1.90%
24/02/23,76.47,75.85,76.75,74.3,101.33K,1.15%
27/02/23,75.81,76.61,76.95,75.14,79.74K,-0.86%
28/02/23,77.19,75.87,77.93,75.68,88.93K,1.82%
01/03/23,77.83,76.93,78,76.3,104.50K,0.83%
02/03/23,78.31,77.9,78.72,77.39,61.37K,0.62%
03/03/23,79.79,78.02,80,76,99.09K,1.89%
06/03/23,80.56,80.04,80.72,78.44,80.13K,0.97%
07/03/23,77.72,80.59,81.04,77.18,163.00K,-3.53%
08/03/23,76.81,77.36,77.88,76.26,136.03K,-1.17%
09/03/23,75.84,76.65,78.17,75.57,147.72K,-1.26%
10/03/23,76.78,75.78,77.2,74.92,143.19K,1.24%
13/03/23,74.91,76.77,77.56,72.44,167.40K,-2.44%
14/03/23,71.49,74.77,75.02,70.94,216.69K,-4.57%
15/03/23,67.74,71.69,72.71,65.79,356.42K,-5.25%
16/03/23,68.52,68.38,69.53,65.89,251.50K,1.15%
17/03/23,66.93,68.47,69.83,65.38,482.49K,-2.32%
20/03/23,67.82,66.9,67.9,64.36,418.54K,1.33%
21/03/23,69.67,67.83,69.77,66.9,409.50K,2.73%
22/03/23,71.02,69.57,71.43,69.03,148.11K,1.94%
23/03/23,70.12,70.07,71.79,69.3,166.52K,-1.27%
24/03/23,69.41,69.67,70.53,67.02,153.65K,-1.01%
27/03/23,72.93,69.75,73.2,69.27,125.01K,5.07%
28/03/23,73.34,72.93,74.04,72.33,138.51K,0.56%
29/03/23,73.12,73.74,74.48,72.92,133.99K,-0.30%
30/03/23,74.49,73.07,74.72,72.76,99.83K,1.87%
31/03/23,75.8,74.44,75.83,73.89,125.24K,1.76%
03/04/23,80.44,80.6,81.77,79.04,287.98K,6.12%
04/04/23,80.72,80.49,81.81,79.64,148.22K,0.35%
05/04/23,80.63,81.01,81.25,79.75,109.75K,-0.11%
06/04/23,80.68,80.45,80.97,79.69,103.59K,0.06%
10/04/23,79.77,80.5,81.19,79.65,120.66K,-1.13%
11/04/23,81.49,79.87,81.55,79.4,158.75K,2.16%
12/04/23,83.09,81.38,83.38,81.21,220.62K,1.96%
13/04/23,82.04,83.07,83.27,82,155.56K,-1.26%
14/04/23,82.43,82.3,82.99,81.64,205.48K,0.48%
17/04/23,80.83,82.42,82.62,80.46,229.97K,-1.94%
18/04/23,80.9,81,81.52,79.91,311.78K,0.09%
19/04/23,79.24,80.96,81.24,78.53,350.78K,-2.05%
20/04/23,77.37,79.03,79.07,76.97,361.41K,-2.36%
21/04/23,77.71,76.85,78.14,76.49,109.19K,0.44%
24/04/23,78.6,77.82,79,76.57,103.04K,1.15%
25/04/23,76.87,78.55,78.9,76.33,134.66K,-2.20%
26/04/23,74.19,76.93,77.7,73.94,180.08K,-3.49%
27/04/23,74.58,74.3,75.12,73.88,125.42K,0.53%
28/04/23,76.61,74.71,76.74,73.8,111.02K,2.72%
01/05/23,75.51,76.47,76.49,74.4,64.06K,-1.44%
02/05/23,71.55,75.55,75.96,71.32,152.45K,-5.24%
03/05/23,68.55,71.43,71.67,67.9,188.01K,-4.19%
04/05/23,68.51,68.27,69.76,63.9,160.32K,-0.06%
05/05/23,71.27,68.63,71.72,68.46,115.12K,4.03%
08/05/23,73.07,71.27,73.56,70.96,125.43K,2.53%
09/05/23,73.62,72.72,73.69,71.28,135.29K,0.75%
10/05/23,72.52,73.48,73.81,71.78,172.14K,-1.49%
11/05/23,70.88,72.54,73.47,70.65,172.29K,-2.26%
12/05/23,70.02,71.47,71.74,69.93,115.90K,-1.21%
15/05/23,71.09,70.02,71.67,69.39,159.52K,1.53%
16/05/23,70.84,71.28,71.76,70.44,153.07K,-0.35%
17/05/23,72.89,70.6,73.3,70.05,219.09K,2.89%
18/05/23,71.94,72.82,72.97,71.52,239.92K,-1.30%
19/05/23,71.69,72.06,73.58,71.18,312.43K,-0.35%
22/05/23,72.05,71.87,72.53,70.67,263.98K,0.50%
23/05/23,72.85,72,73.72,71.63,92.34K,1.11%
24/05/23,74.29,73.68,74.65,73.09,121.83K,1.98%
25/05/23,71.93,74.18,74.34,71.03,154.73K,-3.18%
26/05/23,72.76,71.99,73.12,71.59,77.58K,1.15%
28/05/23,73.22,73.11,73.45,73.06,,0.63%
29/05/23,72.87,73.22,73.55,72.05,,-0.48%
30/05/23,69.6,73.22,73.62,69.16,117.50K,-4.49%
31/05/23,68.24,69.67,69.81,67.21,157.34K,-1.95%
01/06/23,70.2,67.81,71.14,67.67,135.27K,2.87%
02/06/23,71.84,70.25,72.24,70.1,110.94K,2.34%
05/06/23,72.26,75.1,75.7,71.85,148.98K,0.58%
06/06/23,71.85,72.09,72.42,70.29,118.29K,-0.57%
07/06/23,72.64,71.7,73.29,71.14,109.56K,1.10%
08/06/23,71.44,72.57,73.37,69.21,236.21K,-1.65%
09/06/23,70.33,71.11,71.93,70.26,160.29K,-1.55%
12/06/23,67.29,70.42,70.49,66.96,223.62K,-4.32%
13/06/23,69.58,67.45,69.97,67.31,253.16K,3.40%
14/06/23,68.46,69.51,70.64,68.26,212.22K,-1.61%
15/06/23,70.81,68.92,71.15,68.14,262.83K,3.43%
16/06/23,71.93,70.81,72.03,70.18,297.84K,1.58%
18/06/23,71.47,71.59,71.67,71.42,,-0.64%
19/06/23,71.31,71.47,72.25,70.83,,-0.22%
20/06/23,71.19,71.69,72.38,69.76,430.49K,-0.17%
21/06/23,72.52,70.86,72.69,70.8,97.51K,1.87%
22/06/23,69.63,72.4,72.62,69.07,234.79K,-3.99%
23/06/23,69.32,69.66,69.77,67.52,113.92K,-0.45%
26/06/23,69.54,69.93,70.24,68.88,94.21K,0.32%
27/06/23,67.9,69.63,70.29,67.71,170.46K,-2.36%
28/06/23,69.73,68.2,69.9,67.27,159.54K,2.70%
29/06/23,70.02,69.37,70.73,69.11,106.17K,0.42%
30/06/23,70.78,69.95,71.17,69.69,136.64K,1.09%
03/07/23,69.91,70.61,71.88,69.82,107.16K,-1.23%
04/07/23,71.06,70.08,71.34,69.91,,1.64%
05/07/23,71.88,70.25,72.25,70.03,214.79K,1.15%
06/07/23,71.79,71.85,72.37,70.28,217.75K,-0.13%
07/07/23,73.77,71.85,73.82,71.22,178.32K,2.76%
10/07/23,72.95,73.76,74.06,72.63,143.74K,-1.11%
11/07/23,74.71,73.13,74.82,72.94,193.29K,2.41%
12/07/23,75.54,74.7,75.94,74.53,251.40K,1.11%
13/07/23,76.76,75.64,77.15,75.23,297.92K,1.62%
14/07/23,75.32,77.02,77.11,75.06,204.78K,-1.88%
17/07/23,74.08,74.88,76,73.78,248.26K,-1.65%
18/07/23,75.66,74.08,75.9,73.82,388.37K,2.13%
19/07/23,75.29,75.75,76.87,75.02,385.60K,-0.49%
20/07/23,75.65,75.33,76.15,74.52,340.96K,0.48%
21/07/23,76.78,75.45,76.98,75.45,106.73K,1.49%
24/07/23,78.4,76.62,78.89,76.16,109.57K,2.11%
25/07/23,79.2,78.47,79.46,77.93,122.79K,1.02%
26/07/23,78.4,78.88,79.31,78.17,112.97K,-1.01%
27/07/23,79.63,78.49,80.08,78.47,138.78K,1.57%
28/07/23,80.18,79.33,80.29,78.67,101.33K,0.69%
31/07/23,81.32,80.23,81.5,79.72,92.51K,1.42%
01/08/23,80.92,81.25,81.74,80.17,105.36K,-0.49%
02/08/23,79.13,81.54,81.95,78.68,135.80K,-2.21%
03/08/23,81.08,79.4,81.4,78.33,150.29K,2.46%
04/08/23,82.27,81.22,82.66,81.04,108.12K,1.47%
07/08/23,81.49,82.27,82.73,81.08,123.01K,-0.95%
08/08/23,82.36,82.04,82.52,79.52,187.84K,1.07%
09/08/23,83.69,82.34,83.91,82.11,279.75K,1.61%
10/08/23,82.29,83.51,84.16,82.04,166.86K,-1.67%
11/08/23,82.57,82.33,83.16,81.75,174.30K,0.34%
14/08/23,81.92,82.46,82.51,81.19,126.69K,-0.79%
15/08/23,80.5,81.98,82.33,79.95,198.94K,-1.73%
16/08/23,79.02,80.74,80.97,78.68,237.71K,-1.84%
17/08/23,79.9,78.91,80.61,78.6,239.17K,1.11%
18/08/23,80.66,79.58,80.97,79.02,377.45K,0.95%
21/08/23,80.12,80.76,81.75,79.97,361.84K,-0.67%
22/08/23,79.64,80.25,80.37,79.46,287.49K,-0.60%
23/08/23,78.59,79.35,79.6,77.34,127.19K,-1.32%
24/08/23,78.66,78.3,78.95,77.32,149.90K,0.09%
25/08/23,79.49,78.49,79.98,77.82,165.22K,1.06%
28/08/23,79.67,79.69,80.44,79.25,71.33K,0.23%
29/08/23,80.68,79.55,80.91,78.94,88.15K,1.27%
30/08/23,81.12,80.78,81.54,80.43,80.26K,0.55%
31/08/23,82.96,81.14,83.02,81,150.23K,2.27%
01/09/23,84.75,82.9,85.19,82.78,169.83K,2.16%
03/09/23,85.85,86.06,86.06,85.73,,1.30%
04/09/23,85.82,85.85,86.14,85.28,,-0.03%
05/09/23,86.01,85.19,87.25,84.29,154.05K,0.22%
06/09/23,86.79,86.02,87.27,85.31,135.35K,0.91%
07/09/23,86.15,86.8,86.99,85.68,111.07K,-0.74%
08/09/23,86.81,86.01,87.2,85.49,125.62K,0.77%
11/09/23,86.66,86.74,87.49,86.12,179.00K,-0.17%
12/09/23,88.16,86.62,88.62,86.58,217.68K,1.73%
13/09/23,87.88,88.07,88.92,87.66,250.86K,-0.32%
14/09/23,89.61,88.19,90.2,88.04,257.68K,1.97%
15/09/23,90.02,90.07,90.56,88.65,321.84K,0.46%
18/09/23,90.58,90.41,91.36,89.91,414.19K,0.62%
19/09/23,90.48,90.97,92.43,90.31,537.52K,-0.11%
20/09/23,89.66,90.63,91.07,88.97,457.85K,-0.91%
21/09/23,88.32,88.07,89.5,87.15,162.03K,-1.49%
22/09/23,88.35,88.27,89.65,87.82,253.89K,0.03%
25/09/23,88.17,88.83,89.07,87.52,161.52K,-0.20%
26/09/23,88.78,88.3,89.09,86.74,137.24K,0.69%
27/09/23,91.3,88.92,91.73,88.8,293.27K,2.84%
28/09/23,89.59,91.44,92.48,89.31,226.83K,-1.87%
29/09/23,88.8,89.7,90.96,88.45,156.93K,-0.88%
02/10/23,87.17,88.83,89.89,86.83,161.57K,-1.84%
03/10/23,87.44,87.01,88.25,86.17,204.06K,0.31%
04/10/23,82.55,87.44,87.76,82.5,217.23K,-5.59%
05/10/23,80.81,82.85,83.23,80.61,234.18K,-2.11%
06/10/23,81.28,81.05,81.69,80.2,277.71K,0.58%
09/10/23,84.6,83.2,85.56,82.95,246.68K,4.08%
10/10/23,84.13,84.7,84.94,83.39,246.75K,-0.56%
11/10/23,82.07,84.16,84.72,81.63,286.84K,-2.45%
12/10/23,81.8,81.84,83.75,81.31,296.21K,-0.33%
13/10/23,86.35,82.27,86.51,82.17,290.38K,5.56%
16/10/23,85.26,86.37,86.94,85,205.58K,-1.26%
17/10/23,85.44,85.69,86.44,84.39,229.52K,0.21%
18/10/23,87.27,86.41,88.57,86.25,384.53K,2.14%
19/10/23,88.37,87.22,89.54,85.44,384.03K,1.26%
20/10/23,88.08,89.09,89.85,87.53,311.92K,-0.33%
23/10/23,84.42,86.69,87,84.3,101.18K,-4.16%
24/10/23,82.97,85.05,85.22,82.16,136.15K,-1.72%
25/10/23,84.69,82.99,84.85,81.44,141.32K,2.07%
26/10/23,82.54,84.58,84.85,81.97,107.55K,-2.54%
27/10/23,84.7,82.88,85,82.41,101.15K,2.62%
30/10/23,81.68,84.25,84.39,81.16,119.75K,-3.57%
31/10/23,80.5,81.96,82.77,80.26,135.89K,-1.44%
01/11/23,80.1,80.98,82.82,79.96,160.14K,-0.50%
02/11/23,82.16,80.44,82.44,80.01,158.21K,2.57%
03/11/23,80.23,82.25,83.2,79.84,213.05K,-2.35%
06/11/23,80.6,80.76,81.9,80.33,131.58K,0.46%
07/11/23,77.21,80.69,80.79,76.99,198.96K,-4.21%
08/11/23,75.31,77.03,77.43,74.92,219.20K,-2.46%
09/11/23,75.75,75.63,77.12,75.18,172.86K,0.58%
10/11/23,77.15,75.65,77.71,75.36,159.39K,1.85%
13/11/23,78.19,77.18,78.54,76.19,157.42K,1.35%
14/11/23,78.17,78.48,79.65,77.73,166.18K,-0.03%
15/11/23,76.79,78.1,78.69,76.45,253.17K,-1.77%
16/11/23,73.09,76.71,76.8,72.37,428.82K,-4.82%
17/11/23,76.04,73.11,76.19,72.91,368.48K,4.04%
20/11/23,77.83,75.8,78.46,75.41,270.64K,2.35%
21/11/23,77.92,77.69,78.04,77.04,69.05K,0.12%
22/11/23,77.25,77.92,78.11,73.98,99.86K,-0.86%
23/11/23,76.34,76.69,76.81,75.31,,-1.18%
24/11/23,75.77,76.94,77.25,75.32,74.98K,-0.75%
27/11/23,75.09,75.57,76.42,74.35,84.35K,-0.90%
28/11/23,76.59,75.32,77.13,74.88,121.44K,2.00%
29/11/23,77.99,76.67,78.18,75.87,112.41K,1.83%
30/11/23,76.05,77.79,79.67,75.16,209.44K,-2.49%
01/12/23,74.25,75.71,76.81,74.13,127.63K,-2.37%
04/12/23,73.32,74.76,75.2,72.87,158.42K,-1.25%
05/12/23,72.53,73.59,74.34,72.24,142.71K,-1.08%
06/12/23,69.65,72.33,72.84,69.39,183.91K,-3.97%
07/12/23,69.59,69.57,70.7,69.08,144.37K,-0.09%
08/12/23,71.44,70,71.81,69.75,124.73K,2.66%
11/12/23,71.56,71.36,72.03,70.61,119.85K,0.17%
12/12/23,68.85,71.67,72.2,68.49,189.45K,-3.79%
13/12/23,69.72,68.99,70.15,67.98,185.24K,1.26%
14/12/23,71.91,70.08,72.73,69.82,224.16K,3.14%
15/12/23,71.78,71.91,72.56,70.64,262.87K,-0.18%
18/12/23,72.82,72.05,74.61,70.99,354.89K,1.45%
19/12/23,73.94,72.93,74.45,72.14,230.04K,1.54%
20/12/23,74.45,74.31,75.56,73.87,98.97K,0.69%
21/12/23,74.06,73.99,74.78,72.65,81.11K,-0.52%
22/12/23,73.73,74.07,75.11,73.55,76.79K,-0.45%
25/12/23,73.79,73.49,73.94,73.48,,0.08%
26/12/23,75.71,73.74,76.31,73.32,56.76K,2.60%
27/12/23,74.34,75.57,75.81,74.01,80.38K,-1.81%
28/12/23,71.97,74.04,74.62,71.92,94.29K,-3.19%
29/12/23,71.84,72.15,72.8,71.47,63.48K,-0.18%
01/01/24,71.97,71.67,72.24,71.67,,0.18%
02/01/24,70.62,71.9,73.8,70.32,108.52K,-1.88%
03/01/24,72.89,70.77,73.36,69.56,129.06K,3.21%
04/01/24,72.36,73.2,74.12,71.24,144.60K,-0.73%
05/01/24,73.86,72.51,74.3,72.35,164.95K,2.07%
08/01/24,70.92,73.6,73.98,70.25,193.27K,-3.98%
09/01/24,72.29,70.92,72.99,70.63,204.37K,1.93%
10/01/24,71.44,72.2,73.55,71.09,198.04K,-1.18%
11/01/24,72.09,71.35,73.81,71.24,240.34K,0.91%
12/01/24,72.79,73.16,75.28,72.48,244.20K,0.97%
15/01/24,72.79,72.69,73.09,71.41,,0.00%
16/01/24,72.52,72.73,73.68,71.39,312.94K,-0.37%
17/01/24,72.48,72.11,72.86,70.62,348.48K,-0.06%
18/01/24,73.95,72.73,74.19,72.1,396.28K,2.03%
19/01/24,73.25,73.92,74.63,72.99,360.03K,-0.95%
22/01/24,74.76,73.6,75.46,72.56,372.28K,2.06%
23/01/24,74.27,74.62,75.1,73.35,107.72K,-0.66%
24/01/24,74.98,74.47,75.7,73.85,100.36K,0.96%
25/01/24,77.19,75.3,77.32,75.05,89.28K,2.95%
26/01/24,77.86,77.1,78.09,75.92,135.88K,0.87%
29/01/24,76.67,78.72,79.09,76.3,103.54K,-1.53%
30/01/24,77.65,76.75,77.95,75.73,118.71K,1.28%
31/01/24,75.71,77.66,77.91,75.38,104.94K,-2.50%
01/02/24,73.79,75.54,76.75,73.68,238.84K,-2.54%
02/02/24,72.3,73.9,74.46,71.84,216.06K,-2.02%
05/02/24,72.85,72.7,73.3,71.49,151.30K,0.76%
06/02/24,73.37,72.81,73.88,72.48,123.62K,0.71%
07/02/24,73.91,73.53,74.25,73.29,133.42K,0.74%
08/02/24,76.19,74.12,76.49,73.65,229.89K,3.08%
09/02/24,76.77,76.32,77.17,75.88,172.00K,0.76%
12/02/24,76.82,76.54,77,75.49,169.64K,0.07%
13/02/24,77.56,76.9,78.1,76.77,253.50K,0.96%
14/02/24,76.36,77.48,78.43,76.12,276.33K,-1.55%
15/02/24,77.59,76.33,78.07,75.52,342.33K,1.61%
16/02/24,78.46,77.63,78.52,76.69,451.36K,1.12%
19/02/24,78.11,78.16,78.56,77.64,,-0.45%
20/02/24,77.04,78.34,78.56,76.8,435.24K,-1.37%
21/02/24,77.31,76.74,77.45,75.95,133.71K,0.35%
22/02/24,77.93,77.46,78.17,76.62,145.39K,0.80%
23/02/24,76.08,77.71,77.74,75.89,134.05K,-2.37%
26/02/24,77.09,76.04,77.55,75.5,117.05K,1.33%
27/02/24,78.23,77.11,78.33,76.67,98.88K,1.48%
28/02/24,77.83,77.88,78.83,77.17,142.99K,-0.51%
29/02/24,77.45,77.5,78.35,77.2,154.80K,-0.49%
01/03/24,79.09,77.49,79.87,77.3,175.93K,2.12%
04/03/24,78.17,79.24,79.53,77.93,154.86K,-1.16%
05/03/24,77.41,78.19,78.64,77.05,220.43K,-0.97%
06/03/24,78.41,77.44,79.69,77.25,200.04K,1.29%
07/03/24,78.32,78.41,78.89,77.47,215.58K,-0.11%
08/03/24,77.5,78.77,79.29,77.05,175.73K,-1.05%
11/03/24,77.53,77.24,78.03,76.43,175.74K,0.04%
12/03/24,77.25,77.71,78.31,77.01,178.80K,-0.36%
13/03/24,79.3,77.72,79.46,77.31,209.24K,2.65%
14/03/24,80.74,79.24,81.03,79.15,248.80K,1.82%
15/03/24,80.58,80.58,80.89,80.01,215.80K,-0.20%
18/03/24,82.16,80.58,82.5,80.56,323.92K,1.96%
19/03/24,82.73,82.21,83.12,81.81,341.70K,0.69%
20/03/24,81.27,82.53,82.65,80.83,351.16K,-1.76%
21/03/24,80.64,81,81.38,79.91,115.75K,-0.78%
22/03/24,80.17,80.39,80.97,79.99,103.44K,-0.58%
25/03/24,81.38,80.4,81.84,80.13,153.14K,1.51%
26/03/24,81.04,81.44,81.77,80.63,118.75K,-0.42%
27/03/24,80.78,80.71,81.12,79.99,109.07K,-0.32%
28/03/24,82.42,81.11,82.46,80.91,148.49K,2.03%
01/04/24,82.82,82.36,83.46,81.84,199.89K,0.49%
02/04/24,84.22,83.14,84.56,82.96,197.83K,1.69%
03/04/24,84.61,84.54,85.27,83.99,190.90K,0.46%
04/04/24,85.81,84.82,86.41,83.94,218.70K,1.42%
05/04/24,86.1,85.98,86.83,85.62,211.84K,0.34%
08/04/24,85.53,85.19,86.21,83.93,207.99K,-0.66%
09/04/24,84.46,85.69,86.07,84.29,198.56K,-1.25%
10/04/24,85.44,84.57,85.6,83.86,233.96K,1.16%
11/04/24,84.45,85.6,85.89,84.25,249.97K,-1.16%
12/04/24,85.08,85,86.97,84.67,245.33K,0.75%
15/04/24,84.86,84.99,85.5,83.49,253.34K,-0.26%
16/04/24,84.83,85.16,85.6,84.22,217.44K,-0.04%
17/04/24,82.15,84.82,84.97,82.01,387.63K,-3.16%
18/04/24,82.1,82.28,82.84,81.06,366.75K,-0.06%
19/04/24,82.22,81.99,85.64,81.13,556.46K,0.15%
22/04/24,81.9,81.84,82.29,80.7,313.91K,-0.39%
23/04/24,82.56,81.43,82.62,80.25,172.23K,0.81%
24/04/24,82.09,82.6,82.9,81.71,142.45K,-0.57%
25/04/24,82.75,82.09,83,81.27,132.56K,0.80%
26/04/24,83.13,82.97,83.63,82.59,98.78K,0.46%
29/04/24,82.03,82.99,83.19,81.81,170.81K,-1.32%
30/04/24,81.28,82.16,82.65,80.34,233.66K,-0.91%
01/05/24,78.44,80.86,80.9,78.28,235.28K,-3.49%
02/05/24,78.48,78.6,79.34,77.91,174.67K,0.05%
03/05/24,77.76,78.61,79.17,77.62,217.26K,-0.92%
06/05/24,78.14,77.88,78.68,77.56,152.59K,0.49%
07/05/24,78.06,78.39,78.8,77.29,192.57K,-0.10%
08/05/24,78.56,77.96,78.8,76.63,228.44K,0.64%
09/05/24,78.8,78.79,79.32,78.46,184.46K,0.31%
10/05/24,77.84,79.11,79.47,77.73,164.35K,-1.22%
13/05/24,78.6,77.76,78.99,77.35,200.28K,0.98%
14/05/24,77.65,78.72,78.86,77.26,259.53K,-1.21%
15/05/24,78.16,78.03,78.43,76.36,299.56K,0.66%
16/05/24,78.74,78.36,79.3,77.75,277.25K,0.74%
17/05/24,79.58,78.92,79.66,78.58,321.03K,1.07%
20/05/24,79.3,79.58,80.11,78.67,342.09K,-0.35%
21/05/24,78.66,79.23,79.3,77.65,371.67K,-0.81%
22/05/24,77.15,77.9,78.03,76.85,139.45K,-1.92%
23/05/24,76.46,76.9,78.21,76.03,125.72K,-0.89%
24/05/24,77.23,76.62,77.55,75.75,139.52K,1.01%
27/05/24,78.65,77.84,78.8,77.75,,1.84%
28/05/24,79.35,77.36,79.79,77.24,121.48K,0.89%
29/05/24,78.8,79.78,80.11,78.57,123.48K,-0.69%
30/05/24,77.54,78.87,78.97,77.3,176.67K,-1.60%
31/05/24,76.73,77.5,78.27,76.37,157.56K,-1.04%
03/06/24,74.09,76.73,77.23,73.84,219.93K,-3.44%
04/06/24,73.06,73.89,73.99,72.44,209.68K,-1.39%
05/06/24,73.82,72.72,74.07,72.69,159.60K,1.04%
06/06/24,75.24,74.03,75.47,73.82,145.06K,1.92%
07/06/24,75.22,75.38,75.9,74.93,139.59K,-0.03%
10/06/24,77.33,74.97,77.85,74.94,181.84K,2.81%
11/06/24,77.55,77.65,77.99,76.86,202.57K,0.28%
12/06/24,78.15,77.8,78.94,77.56,209.18K,0.77%
13/06/24,78.26,78.01,78.54,77.35,301.73K,0.14%
14/06/24,78.05,77.65,78.8,77.42,316.38K,-0.27%
17/06/24,79.72,78.12,80.01,77.58,402.74K,2.14%
18/06/24,80.71,79.92,80.85,79.17,485.71K,1.24%
19/06/24,80.59,80.78,81.16,80.31,,-0.15%
20/06/24,81.29,80.75,81.52,80.3,420.50K,0.87%
21/06/24,79.96,80.44,80.94,79.59,163.22K,-1.64%
24/06/24,80.86,79.77,80.99,79.52,158.61K,1.13%
25/06/24,80.07,80.97,81.12,79.8,173.57K,-0.98%
26/06/24,80.19,79.97,80.85,79.5,147.98K,0.15%
27/06/24,80.83,80.14,81.21,79.81,158.90K,0.80%
28/06/24,80.64,80.96,81.78,80.15,110.62K,-0.24%
01/07/24,82.32,80.56,82.58,80.49,214.49K,2.08%
02/07/24,81.91,82.39,83.22,81.83,225.17K,-0.50%
03/07/24,83.02,82.25,83.07,81.59,156.73K,1.36%
04/07/24,83.94,83.61,84.2,83.03,,1.11%
05/07/24,82.26,82.75,83.58,82.19,168.80K,-2.00%
08/07/24,81.52,82.36,82.5,81.29,143.02K,-0.90%
09/07/24,80.56,81.45,81.65,80.42,166.79K,-1.18%
10/07/24,81.07,80.92,81.6,79.95,193.21K,0.63%
11/07/24,81.38,81.35,81.83,80.6,205.10K,0.38%
12/07/24,81.02,81.55,82.29,80.91,276.67K,-0.44%
15/07/24,80.84,80.96,81.35,80.36,216.42K,-0.22%
16/07/24,79.71,80.85,80.87,79.22,272.20K,-1.40%
17/07/24,81.44,79.82,81.63,79.43,419.58K,2.17%
18/07/24,81.3,81.68,82.27,80.61,398.37K,-0.17%
19/07/24,78.64,80.88,81.34,78.59,427.06K,-3.27%
22/07/24,78.4,78.95,79.13,77.55,345.24K,-0.31%
23/07/24,75.92,77.15,77.63,75.45,191.99K,-3.16%
24/07/24,76.58,76.35,77.08,75.93,184.20K,0.87%
25/07/24,77.11,76.43,77.28,75.05,224.03K,0.69%
26/07/24,76,77.18,77.41,75.08,161.41K,-1.44%
29/07/24,74.8,76.02,76.52,74.34,178.81K,-1.58%
30/07/24,73.88,74.87,74.92,73.73,229.37K,-1.23%
31/07/24,76.84,74.37,77.54,74.27,239.72K,4.01%
01/08/24,75.4,77.47,77.72,75.32,182.47K,-1.87%
02/08/24,72.59,75.89,76.3,72.12,216.86K,-3.73%
05/08/24,72.2,73.26,73.53,70.88,228.05K,-0.54%
06/08/24,72.34,73.14,73.77,71.46,175.21K,0.19%
07/08/24,74.17,72,74.73,71.75,215.90K,2.53%
08/08/24,75.04,74.37,75.27,73.53,205.55K,1.17%
09/08/24,75.61,74.86,75.79,74.7,143.83K,0.76%
12/08/24,78.46,75.62,78.54,75.44,244.98K,3.77%
13/08/24,76.8,78.09,78.43,76.65,283.20K,-2.12%
14/08/24,75.84,77.1,77.52,75.66,344.94K,-1.25%
15/08/24,76.99,76.07,77.38,75.7,237.54K,1.52%
16/08/24,75.54,76.81,76.98,74.52,317.68K,-1.88%
19/08/24,73.66,75.47,75.73,73.45,422.10K,-2.49%
20/08/24,73.17,73.74,74.38,72.54,329.28K,-0.67%
21/08/24,71.3,72.42,73.39,70.88,178.98K,-2.56%
22/08/24,72.28,71.36,72.77,71,143.77K,1.37%
23/08/24,73.93,72.21,74.17,72.12,131.32K,2.28%
26/08/24,76.17,74.13,76.4,74.08,209.30K,3.03%
27/08/24,74.46,75.93,76.21,74.34,154.88K,-2.24%
28/08/24,73.44,74.71,74.88,72.92,131.59K,-1.37%
29/08/24,74.67,73.31,75.51,72.92,224.37K,1.67%
30/08/24,72.65,74.69,75.31,72.46,210.33K,-2.71%
01/09/24,72.98,73.33,73.42,72.97,,0.45%
02/09/24,73.78,73,74.39,72.89,,1.10%
03/09/24,69.59,72.64,73.35,69.37,231.78K,-5.68%
04/09/24,68.52,69.54,70.61,68.16,235.03K,-1.54%
05/09/24,68.5,68.52,70.01,68.13,210.22K,-0.03%
06/09/24,66.98,68.66,69.41,66.51,165.62K,-2.22%
09/09/24,67.91,67.42,68.14,66.61,163.36K,1.39%
10/09/24,65.14,67.97,68.3,64.61,257.97K,-4.08%
11/09/24,66.6,65.73,67.14,64.99,237.20K,2.24%
12/09/24,68.15,66.68,68.93,66.55,221.59K,2.33%
13/09/24,67.75,68.35,69.35,67.58,230.30K,-0.59%
16/09/24,69.02,68.22,69.61,67.7,235.88K,1.87%
17/09/24,69.96,69.35,70.65,68.51,289.93K,1.36%
18/09/24,69.88,69.98,70.31,68.58,367.19K,-0.11%
19/09/24,71.16,69.15,71.53,69.13,354.93K,1.83%
20/09/24,71,71.18,71.45,70.37,307.00K,-0.22%
23/09/24,69.61,70.43,70.94,68.73,185.35K,-1.96%
24/09/24,70.84,69.96,71.6,69.69,167.02K,1.77%
25/09/24,69.13,70.84,71.04,68.69,272.17K,-2.41%
26/09/24,67.19,69.3,69.47,66.49,274.69K,-2.81%
27/09/24,67.67,66.95,68.13,66.58,169.90K,0.71%
30/09/24,67.77,68.08,68.83,67.14,189.29K,0.15%
01/10/24,69.39,68.05,71.36,65.99,353.03K,2.39%
02/10/24,69.69,70.3,71.95,69.45,241.14K,0.43%
03/10/24,73.17,70.49,73.51,70.08,275.08K,4.99%
04/10/24,73.68,73.35,74.84,72.94,262.04K,0.70%
07/10/24,76.47,73.76,76.7,73.01,257.21K,3.79%
08/10/24,72.98,76.63,77.7,72.12,329.53K,-4.56%
09/10/24,72.59,73.27,73.82,71,228.02K,-0.53%
10/10/24,75.11,72.73,75.45,72.62,206.39K,3.47%
11/10/24,74.85,75,75.28,73.85,217.34K,-0.35%
14/10/24,73.24,74.26,74.35,71.24,174.47K,-2.15%
15/10/24,70.01,71.14,71.57,69.2,244.86K,-4.41%
16/10/24,69.82,70.39,70.69,69.12,181.55K,-0.27%
17/10/24,70.09,70.11,70.53,68.89,228.84K,0.39%
18/10/24,68.69,70.17,70.67,68.17,335.56K,-2.00%
21/10/24,70.04,68.94,70.39,68.46,302.75K,1.97%
22/10/24,71.74,69.96,72.09,69.35,330.46K,2.43%
23/10/24,70.37,70.94,71.29,69.76,119.31K,-1.91%
24/10/24,69.84,70.62,71.87,69.41,83.73K,-0.75%
25/10/24,71.35,70.02,71.52,69.63,99.41K,2.16%
28/10/24,66.98,68.58,68.6,66.59,141.39K,-6.12%
29/10/24,66.81,67.63,68.09,66.32,93.13K,-0.25%
30/10/24,68.18,66.97,68.73,66.88,92.73K,2.05%
31/10/24,68.81,68.65,70.31,67.87,109.20K,0.92%
01/11/24,69.08,69.96,70.95,68.9,110.38K,0.39%
04/11/24,71.03,69.87,71.36,69.84,108.26K,2.82%
05/11/24,71.56,71.17,72.2,70.86,108.65K,0.75%
06/11/24,71.24,71.57,72.18,69.35,158.53K,-0.45%
07/11/24,71.96,71.41,72.41,70.27,187.30K,1.01%
08/11/24,70.11,71.8,71.87,69.67,211.74K,-2.57%
11/11/24,67.92,69.99,70.3,67.79,215.31K,-3.12%
12/11/24,67.97,68.04,68.97,67.65,181.18K,0.07%
13/11/24,68.26,67.82,68.69,66.8,254.21K,0.43%
14/11/24,68.53,67.97,69.24,67.77,176.09K,0.40%
15/11/24,66.92,68.45,68.51,66.71,200.77K,-2.35%
18/11/24,69.17,66.77,69.37,66.53,300.55K,3.36%
19/11/24,69.24,69.08,69.74,68.48,349.70K,0.10%
20/11/24,68.75,69.28,69.96,68.64,235.64K,-0.71%
21/11/24,69.77,68.83,70.09,68.62,131.44K,1.48%
22/11/24,70.77,69.85,71.02,68.96,209.42K,1.43%
25/11/24,68.58,70.96,70.96,68.36,146.70K,-3.09%
26/11/24,68.44,68.7,69.91,67.73,98.59K,-0.20%
27/11/24,68.35,68.57,69.01,67.81,87.85K,-0.13%
29/11/24,67.72,68.39,69.32,67.6,106.39K,-0.92%
02/12/24,67.84,67.77,68.83,67.44,95.00K,0.18%
03/12/24,69.54,67.89,69.83,67.65,134.42K,2.51%
04/12/24,68.19,69.58,70.11,68.14,141.67K,-1.94%
05/12/24,67.96,68.38,68.77,67.66,129.14K,-0.34%
06/12/24,66.98,68.08,68.13,66.71,207.12K,-1.44%
09/12/24,68.09,66.93,68.59,66.85,176.71K,1.66%
10/12/24,68.27,67.86,68.72,67.45,157.46K,0.26%
11/12/24,69.87,68.15,70.08,68.12,231.68K,2.34%
12/12/24,69.66,69.97,70.27,68.74,231.02K,-0.30%
13/12/24,70.82,69.64,70.94,69.51,201.26K,1.67%
16/12/24,70.29,71,71,69.98,210.75K,-0.75%
17/12/24,69.65,70.23,70.54,68.81,280.90K,-0.91%
18/12/24,70.02,69.82,70.8,69.39,326.61K,0.53%
19/12/24,69.38,69.6,70.58,69.1,291.66K,-0.91%
20/12/24,69.02,68.83,69.38,68.05,114.62K,-0.52%
23/12/24,68.81,68.97,69.5,68.22,90.95K,-0.30%
24/12/24,69.64,69.04,69.94,68.95,40.39K,1.21%
26/12/24,69.23,69.72,70.25,68.94,69.64K,-0.59%
27/12/24,70.18,69.27,70.32,69.06,79.13K,1.37%
30/12/24,70.53,70,71.05,69.75,93.10K,0.50%
31/12/24,71.25,70.69,71.52,70.43,63.63K,1.02%
02/01/25,72.5,71.45,73.12,71.31,182.49K,1.75%
03/01/25,73.21,72.46,73.5,72.1,220.66K,0.98%
06/01/25,72.92,73.31,74.18,72.54,221.84K,-0.40%
07/01/25,73.57,72.81,73.82,72.51,188.74K,0.89%
08/01/25,72.67,73.81,74.44,72.51,261.48K,-1.22%
09/01/25,73.24,72.66,73.61,72.2,162.00K,0.78%
10/01/25,75.75,73.57,76.89,73.33,448.29K,3.43%
13/01/25,77.3,75.68,77.64,75.67,493.44K,2.05%
14/01/25,76.37,77.24,77.51,76.2,338.20K,-1.20%
15/01/25,78.71,76.84,79.39,76.16,355.67K,3.06%
16/01/25,78.68,80.4,80.59,77.87,159.95K,-0.04%
17/01/25,77.88,78.75,79.44,77.76,112.41K,-1.02%
21/01/25,75.89,78.19,78.47,75.49,28.41K,-2.56%
22/01/25,75.44,75.88,76.45,75.28,315.33K,-0.59%
23/01/25,74.62,75.39,76,74.14,350.69K,-1.09%
24/01/25,74.66,74.3,75.21,74.01,319.68K,0.05%
27/01/25,73.17,74.54,75.15,72.38,334.42K,-2.00%
28/01/25,73.77,73.15,74.31,72.93,326.08K,0.82%
29/01/25,72.62,73.95,74.08,72.33,312.73K,-1.56%
30/01/25,72.73,73,73.84,72.02,336.48K,0.15%
31/01/25,72.53,73.2,73.84,71.94,376.34K,-0.27%
03/02/25,73.16,74.14,75.18,72.05,517.85K,0.87%
04/02/25,72.7,72.35,73.35,70.67,452.96K,-0.63%
05/02/25,71.03,72.76,72.97,70.96,289.90K,-2.30%
06/02/25,70.61,71.18,71.85,70.43,299.04K,-0.59%
07/02/25,71,70.56,71.41,70.47,273.77K,0.55%
10/02/25,72.01,70.77,72.2,70.61,160.44K,1.42%
11/02/25,73.08,72.11,73.33,72,195.49K,1.49%
12/02/25,71.24,72.98,73,71.03,221.77K,-2.52%
13/02/25,71.14,71.08,71.46,70.16,220.02K,-0.14%
14/02/25,70.71,71.38,71.88,70.5,213.47K,-0.60%
18/02/25,71.85,70.7,72.07,70.12,130.94K,1.61%
19/02/25,72.25,71.78,73.04,71.71,69.01K,0.56%
20/02/25,72.57,72.18,73.25,71.85,26.71K,0.44%
21/02/25,70.4,72.58,72.77,70.17,268.47K,-2.99%
24/02/25,70.7,69.8,70.94,69.8,205.47K,0.43%
25/02/25,68.93,70.92,71.26,68.68,267.31K,-2.50%
26/02/25,68.62,69.11,69.28,68.36,255.60K,-0.45%
27/02/25,70.35,68.82,70.54,68.61,265.93K,2.52%
28/02/25,69.76,70.17,70.29,69.14,250.07K,-0.84%
03/03/25,68.37,69.95,70.6,67.89,332.75K,-1.99%
04/03/25,68.26,68.46,68.56,66.77,386.75K,-0.16%
05/03/25,66.31,68.08,68.1,65.22,382.49K,-2.86%
06/03/25,66.36,66.39,67.09,65.59,341.63K,0.08%
07/03/25,67.04,66.34,68.22,66.12,329.71K,1.02%
10/03/25,65.68,66.78,67.24,65.45,173.46K,-2.03%
11/03/25,65.93,65.6,66.79,65,134.71K,0.38%
12/03/25,67.38,66.31,67.53,65.83,175.05K,2.20%
13/03/25,66.27,67.38,67.65,66.08,212.01K,-1.65%
14/03/25,66.91,66.48,67.19,66.33,161.84K,0.97%
17/03/25,67.37,67.1,68.1,67.01,210.19K,0.69%
18/03/25,66.9,67.4,68.72,66.56,110.34K,-0.70%
19/03/25,67.16,66.72,67.63,66.21,73.08K,0.39%
20/03/25,68.26,67.29,68.47,66.88,25.12K,1.64%
21/03/25,68.28,68.35,68.65,67.65,198.96K,0.03%
24/03/25,69.11,68.35,69.33,67.95,247.02K,1.22%
25/03/25,69,69.16,69.68,68.52,258.41K,-0.16%
26/03/25,69.65,69.16,70.22,69.06,262.41K,0.94%
27/03/25,69.92,69.96,69.97,69.12,211.83K,0.39%
28/03/25,69.36,69.91,70.09,68.87,246.65K,-0.80%
31/03/25,71.48,69.43,71.83,68.81,313.09K,3.06%
01/04/25,71.2,71.39,72.1,71.03,272.83K,-0.39%
02/04/25,71.71,71.2,72.28,70.59,286.50K,0.72%
03/04/25,66.95,70.38,70.41,65.98,459.24K,-6.64%
04/04/25,61.99,66.64,66.9,60.45,559.64K,-7.41%
07/04/25,60.7,61.12,63.9,58.95,597.62K,-2.08%
08/04/25,59.58,61.03,61.75,57.88,557.66K,-1.85%
09/04/25,62.35,58.32,62.93,55.12,592.25K,4.65%
10/04/25,60.07,62.71,63.34,58.76,391.83K,-3.66%
11/04/25,61.5,60.2,61.87,59.43,306.23K,2.38%
14/04/25,61.05,61.15,62.07,60.12,224.09K,-0.73%
15/04/25,60.75,61.09,61.57,60.38,206.48K,-0.49%
16/04/25,62.47,61.54,62.98,60.44,213.19K,2.83%
17/04/25,64.68,62.63,64.86,62.61,111.48K,3.54%
21/04/25,63.08,64.3,64.42,62.45,82.67K,-2.47%
22/04/25,64.31,63.43,65.09,63.43,34.95K,1.95%
23/04/25,62.27,64,64.87,61.53,397.84K,-3.17%
24/04/25,62.79,62.34,63.31,61.99,264.91K,0.84%
25/04/25,63.02,62.86,63.41,61.8,283.76K,0.37%
28/04/25,62.05,63.49,63.92,61.48,276.12K,-1.54%
29/04/25,60.42,61.87,62.07,60.12,312.37K,-2.63%
30/04/25,58.21,60.16,60.43,57.91,419.55K,-3.66%
01/05/25,59.24,58.16,59.5,56.39,364.22K,1.77%
02/05/25,58.29,58.99,59.87,57.74,322.10K,-1.60%
05/05/25,57.13,56.76,57.7,55.3,308.39K,-1.99%
06/05/25,59.09,57.25,59.84,57.03,343.89K,3.43%
07/05/25,58.07,58.98,60.26,57.81,295.24K,-1.73%
08/05/25,59.91,57.93,60.29,57.74,281.00K,3.17%
09/05/25,61.02,60.25,61.45,59.89,239.64K,1.85%
12/05/25,61.56,60.97,63.13,60.56,243.29K,0.88%
13/05/25,63.25,61.55,63.44,61.23,203.23K,2.75%
14/05/25,62.68,63.2,63.23,62.31,203.84K,-0.90%
15/05/25,61.15,62.4,62.46,60.08,264.08K,-2.44%
16/05/25,61.97,61.22,62.18,60.78,250.32K,1.34%
19/05/25,62.69,62.75,63.4,61.57,95.57K,1.16%
20/05/25,62.56,62.68,63.17,62.19,25.62K,-0.21%
21/05/25,61.57,62.27,64.19,61.28,302.70K,-1.58%
22/05/25,61.2,61.33,61.75,60.25,258.55K,-0.60%
23/05/25,61.53,60.81,61.88,60.02,273.39K,0.54%
25/05/25,61.93,61.73,62.15,61.58,,0.65%
26/05/25,61.49,61.53,62.03,61.26,49.02K,-0.71%
27/05/25,60.89,61.7,62.14,60.26,291.32K,-0.98%
28/05/25,61.84,61.04,62.54,60.85,260.37K,1.56%
29/05/25,60.94,61.83,63.07,60.55,299.86K,-1.46%
30/05/25,60.79,60.94,61.72,59.74,384.93K,-0.25%
02/06/25,62.52,61.11,63.88,61.06,403.58K,2.85%
03/06/25,63.41,63.02,63.89,62.4,291.26K,1.42%
04/06/25,62.85,63.36,63.96,62.17,321.13K,-0.88%
05/06/25,63.37,62.76,63.98,62.5,232.42K,0.83%
06/06/25,64.58,63.33,64.8,62.82,310.13K,1.91%
09/06/25,64.22,63.81,64.34,63.27,137.42K,-0.56%
10/06/25,63.91,64.1,65.1,63.51,207.74K,-0.48%
11/06/25,66.9,63.67,67.11,63.54,260.69K,4.68%
12/06/25,66.64,67.68,67.93,65.51,297.70K,-0.39%
13/06/25,71.29,67.5,74.63,67.11,715.81K,6.98%
16/06/25,71.77,76.54,77.49,69.38,367.31K,0.67%
17/06/25,74.84,71.11,75.54,71,154.26K,4.28%
18/06/25,75.14,75.61,76.07,72.94,524.54K,0.40%
19/06/25,73.82,73.88,75.73,72.65,250.83K,-1.76%
20/06/25,74.93,74.6,77.58,74.3,34.05K,1.50%
23/06/25,68.51,78,78.4,66.6,728.87K,-8.57%
24/06/25,64.37,67.74,67.83,64,541.48K,-6.04%
25/06/25,64.92,65.12,66.03,64.51,278.50K,0.85%
26/06/25,65.24,64.98,66.42,64.66,233.77K,0.49%
27/06/25,65.52,65.3,66.09,64.8,236.28K,0.43%
30/06/25,65.11,65.15,65.82,64.5,193.29K,-0.63%
01/07/25,65.45,64.96,65.98,64.67,193.16K,0.52%
02/07/25,67.45,65.56,67.58,65.23,265.20K,3.06%
03/07/25,67,67.5,67.58,66.53,220.44K,-0.67%
04/07/25,66.49,67.13,67.16,66.05,56.22K,-0.76%
07/07/25,67.93,65.7,68.32,65.4,332.95K,2.17%
08/07/25,68.33,67.96,68.91,67.33,219.88K,0.59%
09/07/25,68.38,68.18,68.94,67.7,223.95K,0.07%
10/07/25,66.57,68.29,68.65,66.45,258.65K,-2.65%
11/07/25,68.45,66.85,68.77,66.5,226.30K,2.82%
14/07/25,65.81,67.35,68.16,65.64,229.76K,-3.86%
15/07/25,65.37,65.67,66.06,65.18,236.06K,-0.67%
16/07/25,66.38,66.73,67.01,65.42,248.35K,1.55%
17/07/25,67.54,66.6,67.69,66.29,188.80K,1.75%
18/07/25,67.34,67.6,68.96,67.2,107.63K,-0.30%
21/07/25,67.2,67.32,67.76,66.46,81.19K,-0.21%
22/07/25,66.21,67.12,67.13,65.99,18.61K,-1.47%
23/07/25,65.25,65.49,65.78,64.71,251.83K,-1.45%
24/07/25,66.03,65.42,66.39,65.33,281.21K,1.20%
25/07/25,65.16,66.15,66.74,65,234.28K,-1.32%
28/07/25,66.71,65.15,67.14,65.05,262.04K,2.38%
29/07/25,69.21,67.04,69.76,66.53,329.11K,3.75%
30/07/25,70,69.34,70.51,68.45,345.34K,1.14%
31/07/25,69.26,70.3,70.41,68.56,247.03K,-1.06%
01/08/25,67.33,69.35,69.58,67.05,355.82K,-2.79%
04/08/25,66.29,66.85,67.74,65.46,277.38K,-1.54%
05/08/25,65.16,66.21,66.39,65.03,279.03K,-1.70%
06/08/25,64.35,65.15,66.75,63.64,353.83K,-1.24%
07/08/25,63.88,64.36,65.11,63.7,300.52K,-0.73%
08/08/25,63.88,63.85,64.58,62.77,322.94K,0.00%
11/08/25,63.09,62.65,63.54,62.21,146.96K,-1.24%
12/08/25,62.48,63.2,63.48,62.35,205.01K,-0.97%
13/08/25,61.93,62.38,62.59,61.29,211.24K,-0.88%
14/08/25,63.96,62.79,64.1,62.58,251.65K,3.28%
15/08/25,62.8,63.91,64.15,62.68,197.39K,-1.81%
18/08/25,63.42,63,63.79,62.18,95.11K,0.99%
19/08/25,62.35,63.27,63.39,62.25,99.48K,-1.69%
20/08/25,63.21,62.6,63.55,62.39,27.16K,1.38%
21/08/25,63.52,62.85,63.67,62.52,250.17K,0.49%
22/08/25,63.66,63.5,63.93,63.31,223.17K,0.22%
25/08/25,64.8,63.88,65.1,63.53,185.27K,1.79%
26/08/25,63.25,64.75,64.76,63.13,199.10K,-2.39%
27/08/25,64.15,63.31,64.23,62.95,193.48K,1.42%
28/08/25,64.6,63.87,64.7,63.35,208.93K,0.70%
29/08/25,64.01,64.26,64.55,63.88,183.26K,-0.91%
31/08/25,63.96,63.98,64.01,63.92,,-0.08%
01/09/25,64.64,64.61,64.88,63.67,60.13K,1.06%
02/09/25,65.59,63.95,66.03,63.66,320.22K,1.47%
03/09/25,63.97,65.62,65.72,63.72,298.74K,-2.47%
04/09/25,63.48,63.82,63.84,62.72,251.69K,-0.77%
05/09/25,61.87,63.33,63.49,61.45,294.54K,-2.54%
08/09/25,62.26,62,63.34,61.85,237.29K,0.63%
09/09/25,62.63,62.43,63.67,62.37,268.53K,0.59%
10/09/25,63.67,62.74,64.08,62.72,260.68K,1.66%
11/09/25,62.37,63.8,63.8,62.21,222.66K,-2.04%
12/09/25,62.69,62.27,63.98,61.69,313.27K,0.51%
15/09/25,63.02,62.69,63.38,62.26,143.25K,0.53%
16/09/25,64.52,63.31,64.76,62.89,234.25K,2.38%
17/09/25,64.05,64.59,64.67,63.69,165.43K,-0.73%
18/09/25,63.57,63.99,64.55,63.33,82.32K,-0.75%
19/09/25,62.68,63.59,63.65,62.6,87.17K,-1.40%
22/09/25,62.64,62.74,63.18,61.98,18.65K,-0.06%
23/09/25,63.41,62.33,63.89,61.85,265.95K,1.23%
24/09/25,64.99,63.64,65.05,63.25,282.72K,2.49%
25/09/25,64.98,64.8,65.34,64.06,258.35K,-0.02%
26/09/25,65.72,65.2,66.42,64.66,284.99K,1.14%
29/09/25,63.45,65.07,65.4,62.98,294.29K,-3.45%
30/09/25,62.37,63.14,63.26,62.03,271.65K,-1.70%
01/10/25,61.78,62.46,62.89,61.4,274.34K,-0.95%
02/10/25,60.48,61.78,62.54,60.4,290.51K,-2.10%
03/10/25,60.88,60.7,61.38,60.55,240.04K,0.66%
06/10/25,61.69,61.14,62.12,61.04,224.68K,1.33%
07/10/25,61.73,61.73,62.11,60.72,245.12K,0.06%
08/10/25,62.55,62.05,62.92,62.05,273.32K,1.33%
09/10/25,61.51,62.31,62.87,61.25,259.17K,-1.66%
10/10/25,58.9,61.49,61.67,58.22,339.10K,-4.24%
13/10/25,59.07,58.65,59.69,58.41,0.64K,0.29%
14/10/25,58.27,59.17,59.39,57.29,232.45K,-1.35%
15/10/25,58.27,58.6,59.42,58.2,224.92K,0.00%
16/10/25,57.46,58.77,59.11,57.26,203.87K,-1.39%
17/10/25,57.54,57.5,57.72,56.6,108.75K,0.14%
20/10/25,57.52,57.73,57.81,56.35,108.15K,-0.03%
21/10/25,57.82,57.37,58.28,56.99,27.73K,0.52%
22/10/25,58.5,57.59,59.83,57.34,378.64K,1.18%
23/10/25,61.79,59.94,62.2,59.64,735.19K,5.62%
24/10/25,61.5,61.79,62.59,61.21,373.74K,-0.47%
27/10/25,61.31,61.82,62.17,60.67,272.19K,-0.31%
28/10/25,60.15,61.5,61.5,59.76,307.57K,-1.89%
29/10/25,60.48,60.18,61.02,59.7,276.88K,0.55%
30/10/25,60.57,60.39,60.79,59.64,247.92K,0.15%
31/10/25,60.98,60.3,61.38,59.99,278.60K,0.68%
03/11/25,61.05,61.4,61.5,60.51,236.25K,0.11%
04/11/25,60.56,61.03,61.03,59.94,219.30K,-0.80%
05/11/25,59.6,60.43,61.09,59.52,292.52K,-1.59%
06/11/25,59.43,59.68,60.51,58.83,277.77K,-0.29%
07/11/25,59.75,59.65,60.46,59.32,259.45K,0.54%
10/11/25,60.03,59.73,60.31,59.3,135.13K,0.47%
11/11/25,60.99,59.94,61.18,59.59,184.22K,1.60%
12/11/25,58.49,60.96,61.01,58.3,224.00K,-4.10%
13/11/25,58.64,58.49,59.15,58.11,203.34K,0.26%
14/11/25,59.95,58.66,60.47,58.66,324.82K,2.23%
17/11/25,59.91,59.8,60.44,59.32,189.64K,-0.07%
18/11/25,60.74,59.74,60.93,59.31,105.33K,1.39%
19/11/25,59.44,60.62,60.79,58.77,79.62K,-2.14%
20/11/25,59.14,59.63,60.33,58.86,27.58K,-0.50%
21/11/25,58.06,58.8,58.8,57.38,345.01K,-1.83%
24/11/25,58.84,58.05,59.06,57.42,238.14K,1.34%
25/11/25,57.95,58.89,58.96,57.1,334.44K,-1.51%
26/11/25,58.65,58.05,58.72,57.66,228.29K,1.21%
27/11/25,59,59.1,59.16,58.29,61.45K,0.60%
28/11/25,58.55,58.58,59.64,58.27,153.76K,-0.76%
01/12/25,59.32,58.96,59.97,58.83,232.77K,1.32%
02/12/25,58.64,59.52,59.67,58.28,255.51K,-1.15%
03/12/25,58.95,58.65,59.64,58.37,260.97K,0.53%
04/12/25,59.67,59.09,60.02,58.81,264.99K,1.22%
05/12/25,60.08,59.7,60.5,59.42,255.08K,0.69%
08/12/25,58.63,59.88,60.01,58.43,162.27K,-2.41%
09/12/25,58.08,58.67,58.93,57.95,178.89K,-0.94%
10/12/25,58.3,58.23,58.83,57.52,166.34K,0.38%
11/12/25,57.45,58.72,58.76,56.85,193.56K,-1.46%
12/12/25,57.24,57.74,58.01,56.97,186.59K,-0.37%
15/12/25,56.82,57.5,57.8,56.4,229.31K,-0.73%
16/12/25,55.27,56.68,56.7,54.98,230.93K,-2.73%
17/12/25,55.94,55.23,56.98,55.2,125.61K,1.21%
18/12/25,56.15,56.9,57.03,55.88,85.74K,0.38%
19/12/25,56.66,56.03,56.9,55.82,196.88K,0.91%
22/12/25,58.01,56.63,58.13,56.6,221.58K,2.38%
23/12/25,58.38,57.95,58.56,57.74,183.63K,0.64%
24/12/25,58.35,58.47,58.75,58.13,111.76K,-0.05%
26/12/25,56.74,58.35,58.88,56.65,166.67K,-2.76%
29/12/25,58.08,57.04,58.3,56.91,178.59K,2.36%
30/12/25,57.95,57.81,58.47,57.6,143.80K,-0.22%
31/12/25,57.42,57.95,58.55,57.2,157.16K,-0.91%
02/01/26,57.32,57.41,57.93,56.6,189.50K,-0.17%
05/01/26,58.08,57.25,58.23,56.13,163.00K,1.33%
06/01/26,56.94,58.1,58.6,56.66,187.86K,-1.96%
07/01/26,55.99,57,57.17,55.76,383.13K,-1.67%
08/01/26,57.76,56.42,58.74,55.97,334.13K,3.16%
09/01/26,59.12,58.4,59.77,57.61,360.31K,2.35%
12/01/26,59.32,58.89,59.72,58.32,282.48K,0.34%
13/01/26,60.93,59.75,61.23,59.29,410.80K,2.71%
14/01/26,62.02,61.12,62.36,59.19,410.26K,1.79%
15/01/26,59.19,61.06,61.14,58.88,113.64K,-4.56%
16/01/26,59.44,59.26,60.18,58.94,113.79K,0.42%
18/01/26,58.97,58.98,59.18,58.86,,-0.79%
19/01/26,59.39,59.43,59.56,58.57,120.74K,0.71%
20/01/26,60.34,59.01,60.68,58.7,31.29K,1.60%
21/01/26,60.62,59.57,60.89,59.22,333.06K,0.46%
22/01/26,59.36,60.68,60.82,58.96,324.35K,-2.08%
23/01/26,61.07,59.66,61.36,59.52,283.42K,2.88%
26/01/26,60.63,61.22,61.71,60.32,281.06K,-0.72%
27/01/26,62.39,60.78,62.63,60.14,360.21K,2.90%
28/01/26,63.21,62.58,63.57,62.07,354.86K,1.31%
29/01/26,65.42,63.5,66.48,63.28,560.01K,3.50%
30/01/26,65.21,65.52,66.11,63.64,449.33K,-0.32%
02/02/26,62.14,64.72,64.74,61.39,414.08K,-4.71%
03/02/26,63.21,62.28,64.21,61.12,381.14K,1.72%
04/02/26,65.14,63.8,65.53,62.86,446.59K,3.05%
05/02/26,63.29,64.49,64.67,62.65,389.76K,-2.84%
06/02/26,63.55,63.1,64.58,62.2,448.92K,0.41%
09/02/26,64.2,62.81,64.64,62.44,195.24K,1.02%
10/02/26,63.79,64.26,64.53,63.5,176.50K,-0.64%
11/02/26,64.46,63.99,65.61,63.97,240.97K,1.05%
12/02/26,62.65,64.71,64.93,62.23,251.47K,-2.81%
13/02/26,62.75,62.81,63.09,62,208.19K,0.16%
15/02/26,62.76,62.67,62.86,62.64,,0.02%
16/02/26,63.57,63.56,63.69,62.36,59.16K,1.29%
17/02/26,62.33,63.3,64.14,61.87,328.73K,-1.95%
18/02/26,65.19,62.3,65.56,62.12,115.38K,4.59%
19/02/26,66.43,65.1,66.9,64.88,113.41K,1.90%
20/02/26,66.39,66.67,67.05,65.94,27.42K,-0.06%
23/02/26,66.31,65.89,67.28,65.38,270.37K,-0.12%
24/02/26,65.63,66.31,67.15,65.55,312.12K,-1.03%
25/02/26,65.42,66.07,66.6,65.12,306.78K,-0.32%
26/02/26,65.21,65.65,66.71,63.6,498.54K,-0.32%
27/02/26,67.02,65.35,67.83,64.85,437.05K,2.78%
02/03/26,71.23,75,75.33,69.2,881.33K,6.28%
03/03/26,74.56,71.23,77.98,70.41,1.01M,4.67%
04/03/26,74.66,74.74,77.23,73.28,617.82K,0.13%
05/03/26,81.01,76.15,82.16,74.97,707.03K,8.51%
06/03/26,90.9,79.08,92.61,78.24,996.25K,12.21%
09/03/26,91.48,91.91,113.41,79,749.52K,0.64%
10/03/26,82.1,83,88.49,75.64,546.03K,-10.25%
11/03/26,86.07,85.11,87.32,80.6,401.37K,4.84%
12/03/26,94.43,87.46,95.68,87.18,448.29K,9.71%
13/03/26,96.84,95.52,97.31,91.09,307.93K,2.55%
16/03/26,93.5,100.93,102.44,92.93,455.45K,-3.45%
17/03/26,96.21,94.41,98.42,93.83,308.43K,2.90%
18/03/26,96.32,96,100.55,91.96,157.22K,0.11%
19/03/26,96.14,99.13,101.48,92.8,118.72K,-0.19%
20/03/26,98.32,95,99.67,93.42,33.11K,2.27%
23/03/26,88.13,100.51,101.67,84.37,666.79K,-10.36%
24/03/26,92.35,88.78,93.36,86.34,420.07K,4.79%
25/03/26,90.32,88.49,91.73,86.46,405.17K,-2.20%
26/03/26,94.48,91.38,95.44,89.51,350.77K,4.61%
27/03/26,99.64,93.31,101.24,92.08,374.92K,5.46%
30/03/26,102.88,102.6,105.36,99.43,374.08K,3.25%
31/03/26,101.38,105.07,106.86,99.62,495.40K,-1.46%
01/04/26,100.12,101.72,103.31,96.5,434.56K,-1.24%
02/04/26,111.54,98.92,113.97,97.5,552.46K,11.41%
03/04/26,111.54,98.92,113.97,97.5,,0.00%
06/04/26,112.41,112.96,115.48,108.89,271.74K,0.78%
07/04/26,112.95,112.62,117.63,109.2,429.33K,0.48%
08/04/26,94.41,108.74,109.19,91.05,599.58K,-16.41%
09/04/26,97.87,96.78,102.7,95.25,427.20K,3.66%
10/04/26,96.57,98.23,100.42,95.51,314.86K,-1.33%
13/04/26,92.95,93.9,96.93,91.07,229.80K,-3.75%
14/04/26,88.19,91.94,92.66,88.01,236.67K,-5.12%
15/04/26,88.13,88.8,90.45,84.7,235.42K,-0.07%
16/04/26,94.69,91.47,95.44,90.52,194.35K,7.44%
17/04/26,83.85,93.18,94.04,80.56,116.62K,-11.45%
20/04/26,89.61,89,91.2,87.02,115.58K,6.87%
21/04/26,92.13,87.89,94.45,87.76,27.54K,2.81%
22/04/26,92.96,90,93.73,87.64,299.68K,0.90%
23/04/26,95.85,92.9,98.39,92.3,365.21K,3.11%
24/04/26,94.4,96.62,97.85,92.68,330.28K,-1.51%
27/04/26,96.37,95.6,97.67,94.59,219.06K,2.09%
28/04/26,99.93,96.67,101.85,96.24,281.08K,3.69%
29/04/26,106.88,99.71,108.6,98.42,318.84K,6.95%
30/04/26,105.07,109.07,110.93,103.34,341.99K,-1.69%
01/05/26,101.94,105.14,106.65,99.3,241.92K,-2.98%