Fecha,Close,Apertura,Máximo,Mínimo,Vol.,% var.
05.03.2026,"97,910","97,930","97,930","97,905","317,67K","-0,02%"
04.03.2026,"97,930","97,930","97,940","97,905","202,91K","0,01%"
03.03.2026,"97,925","97,940","97,945","97,910","395,03K","-0,02%"
02.03.2026,"97,945","97,955","97,965","97,940","258,79K","-0,02%"
27.02.2026,"97,960","97,960","97,960","97,950","243,39K","0,01%"
26.02.2026,"97,955","97,960","97,960","97,955","66,72K","-0,01%"
25.02.2026,"97,960","97,950","97,960","97,950","77,09K","0,01%"
24.02.2026,"97,955","97,955","97,955","97,950","66,39K","0,00%"
23.02.2026,"97,955","97,950","97,955","97,950","71,07K","0,01%"
20.02.2026,"97,950","97,950","97,955","97,950","57,52K","-0,01%"
19.02.2026,"97,955","97,955","97,960","97,950","73,33K","-0,01%"
18.02.2026,"97,960","97,960","97,960","97,955","51,29K","0,01%"
17.02.2026,"97,955","97,960","97,965","97,955","84,98K","-0,05%"
16.02.2026,"98,001","97,990","97,990","97,985","5,99K","0,01%"
13.02.2026,"97,990","97,995","97,995","97,985","18,02K","0,00%"
12.02.2026,"97,990","97,975","97,995","97,975","24,80K","0,01%"
11.02.2026,"97,980","97,980","97,980","97,970","17,23K","0,00%"
10.02.2026,"97,980","97,975","97,985","97,970","32,80K","0,01%"
09.02.2026,"97,975","97,970","97,985","97,965","26,57K","0,01%"
06.02.2026,"97,970","97,960","97,975","97,960","15,77K","0,01%"
05.02.2026,"97,965","97,960","97,965","97,950","20,59K","0,01%"
04.02.2026,"97,960","97,960","97,960","97,950","18,44K","0,00%"
03.02.2026,"97,960","97,960","97,965","97,955","6,50K","-0,01%"
02.02.2026,"97,965","97,960","97,970","97,955","11,19K","0,01%"
30.01.2026,"97,960","97,960","97,965","97,955","10,19K","-0,01%"
29.01.2026,"97,965","97,960","97,970","97,960","13,99K","0,01%"
28.01.2026,"97,960","97,955","97,965","97,950","28,44K","0,01%"
27.01.2026,"97,950","97,945","97,955","97,945","16,81K","0,01%"
26.01.2026,"97,945","97,945","97,950","97,940","7,10K","0,00%"
23.01.2026,"97,945","97,950","97,950","97,945","13,16K","-0,01%"
22.01.2026,"97,950","97,950","97,955","97,945","9,70K","0,00%"
21.01.2026,"97,950","97,955","97,955","97,945","10,42K","0,00%"
20.01.2026,"97,950","97,945","97,955","97,945","11,30K","-0,02%"
19.01.2026,"97,971","97,965","97,965","97,960","6,27K","0,01%"
16.01.2026,"97,960","97,960","97,965","97,955","14,60K","0,00%"
15.01.2026,"97,960","97,965","97,970","97,960","12,92K","-0,01%"
14.01.2026,"97,970","97,965","97,970","97,960","15,21K","0,01%"
13.01.2026,"97,965","97,955","97,965","97,955","37,39K","0,01%"
12.01.2026,"97,955","97,960","97,965","97,955","14,26K","-0,01%"
09.01.2026,"97,960","97,960","97,965","97,950","21,28K","0,01%"
08.01.2026,"97,955","97,960","97,960","97,955","5,66K","-0,01%"
07.01.2026,"97,960","97,960","97,960","97,955","7,45K","0,01%"
06.01.2026,"97,955","97,955","97,960","97,950","22,34K","0,00%"
05.01.2026,"97,955","97,950","97,960","97,950","16,00K","0,00%"
02.01.2026,"97,955","97,955","97,955","97,950","16,49K","-0,01%"
31.12.2025,"97,960","97,970","97,970","97,960","6,04K","-0,01%"
30.12.2025,"97,965","97,965","97,970","97,965","28,65K","0,00%"
29.12.2025,"97,965","97,955","97,970","97,955","33,98K","0,01%"
26.12.2025,"97,955","97,955","97,955","97,955",,"0,00%"
24.12.2025,"97,955","97,960","97,960","97,955","0,78K","0,00%"
23.12.2025,"97,955","97,950","97,960","97,945","10,70K","0,01%"
22.12.2025,"97,950","97,955","97,955","97,945","12,46K","-0,01%"
19.12.2025,"97,955","97,955","97,960","97,950","35,25K","0,00%"
18.12.2025,"97,955","97,955","97,960","97,945","23,08K","0,01%"
17.12.2025,"97,950","97,950","97,955","97,945","17,56K","0,01%"
16.12.2025,"97,945","97,935","97,950","97,935","33,29K","0,02%"
15.12.2025,"97,928","97,925","97,930","97,925","37,90K","0,00%"
12.12.2025,"97,925","97,925","97,930","97,920","112,34K","0,00%"
11.12.2025,"97,925","97,940","97,945","97,920","257,80K","-0,02%"
10.12.2025,"97,940","97,940","97,945","97,930","167,50K","0,00%"
09.12.2025,"97,940","97,950","97,950","97,935","195,48K","-0,01%"
08.12.2025,"97,945","97,945","97,950","97,940","215,98K","0,00%"
05.12.2025,"97,945","97,955","97,960","97,945","206,35K","-0,01%"
04.12.2025,"97,955","97,960","97,965","97,950","156,03K","-0,01%"
03.12.2025,"97,960","97,955","97,965","97,950","149,65K","0,01%"
02.12.2025,"97,950","97,945","97,955","97,945","111,17K","0,01%"
01.12.2025,"97,945","97,955","97,955","97,945","123,55K","-0,01%"
28.11.2025,"97,955","97,950","97,955","97,950","76,66K","0,01%"
27.11.2025,"97,950","97,950","97,955","97,950","27,56K","-0,01%"
26.11.2025,"97,955","97,950","97,955","97,950","70,51K","0,01%"
25.11.2025,"97,950","97,950","97,955","97,950","54,67K","-0,01%"
24.11.2025,"97,955","97,955","97,960","97,950","62,86K","0,00%"
21.11.2025,"97,955","97,955","97,960","97,950","98,17K","0,01%"
20.11.2025,"97,950","97,950","97,955","97,945","80,50K","0,00%"
19.11.2025,"97,950","97,955","97,955","97,950","55,43K","0,00%"
18.11.2025,"97,950","97,950","97,955","97,950","81,76K","0,00%"
17.11.2025,"97,952","97,935","97,940","97,935","3,06K","0,01%"
14.11.2025,"97,940","97,945","97,950","97,935","17,57K","-0,01%"
13.11.2025,"97,945","97,955","97,955","97,940","29,18K","-0,01%"
12.11.2025,"97,955","97,955","97,960","97,950","14,15K","-0,01%"
11.11.2025,"97,960","97,965","97,970","97,955","8,85K","-0,01%"
10.11.2025,"97,965","97,960","97,970","97,960","10,75K","0,00%"
07.11.2025,"97,965","97,970","97,970","97,960","14,85K","-0,01%"
06.11.2025,"97,970","97,980","97,980","97,970","8,72K","-0,01%"
05.11.2025,"97,975","97,975","97,980","97,975","25,05K","0,00%"
04.11.2025,"97,975","97,975","97,980","97,970","12,24K","0,01%"
03.11.2025,"97,970","97,970","97,980","97,970","16,16K","0,00%"
31.10.2025,"97,970","97,965","97,975","97,965","5,30K","0,01%"
30.10.2025,"97,965","97,965","97,970","97,965","12,98K","-0,01%"
29.10.2025,"97,970","97,965","97,975","97,965","11,64K","0,01%"
28.10.2025,"97,965","97,965","97,970","97,960","10,40K","0,01%"
27.10.2025,"97,960","97,960","97,970","97,960","13,53K","-0,01%"
24.10.2025,"97,965","97,975","97,980","97,965","26,70K","-0,02%"
23.10.2025,"97,980","97,975","97,980","97,970","12,18K","0,01%"
22.10.2025,"97,975","97,980","97,985","97,970","20,70K","-0,01%"
21.10.2025,"97,985","97,985","97,985","97,975","7,66K","0,00%"
20.10.2025,"97,985","97,980","97,985","97,980","3,00K","0,00%"
17.10.2025,"97,985","97,990","97,990","97,980","18,24K","0,01%"
16.10.2025,"97,980","97,980","97,985","97,975","12,33K","0,00%"
15.10.2025,"97,980","97,985","97,990","97,975","10,81K","-0,01%"
14.10.2025,"97,985","97,985","97,995","97,980","16,17K","0,01%"
13.10.2025,"97,974","97,995","97,995","97,990","2,95K","-0,02%"
10.10.2025,"97,995","97,985","97,995","97,980","36,88K","0,02%"
09.10.2025,"97,980","97,985","97,990","97,980","20,27K","-0,01%"
08.10.2025,"97,985","97,980","97,990","97,975","6,13K","0,01%"
07.10.2025,"97,975","97,980","97,980","97,975","6,89K","-0,01%"
06.10.2025,"97,980","97,975","97,985","97,975","9,11K","0,00%"
03.10.2025,"97,980","97,985","97,990","97,980","15,48K","-0,01%"
02.10.2025,"97,990","97,980","97,985","97,980","23,34K","0,01%"
01.10.2025,"97,980","97,975","97,985","97,970","31,41K","0,01%"
30.09.2025,"97,970","97,975","97,980","97,965","19,82K","-0,01%"
29.09.2025,"97,975","97,980","97,980","97,970","26,98K","0,00%"
26.09.2025,"97,975","97,985","97,990","97,970","48,57K","-0,01%"
25.09.2025,"97,985","97,980","97,985","97,975","25,22K","0,01%"
24.09.2025,"97,975","97,975","97,980","97,975","36,95K","0,00%"
23.09.2025,"97,975","97,975","97,985","97,975","15,83K","-0,01%"
22.09.2025,"97,980","97,970","97,980","97,970","9,14K","0,01%"
19.09.2025,"97,970","97,975","97,980","97,970","11,13K","0,00%"
18.09.2025,"97,970","97,970","97,975","97,970","6,69K","0,00%"
17.09.2025,"97,970","97,970","97,980","97,970","25,09K","0,00%"
16.09.2025,"97,970","97,965","97,975","97,965","26,71K","0,00%"
15.09.2025,"97,967","97,990","97,995","97,990","13,85K","-0,02%"
12.09.2025,"97,990","97,975","97,995","97,975","242,48K","0,02%"
11.09.2025,"97,975","97,965","97,980","97,960","291,24K","0,01%"
10.09.2025,"97,965","97,965","97,965","97,960","70,91K","0,00%"
09.09.2025,"97,965","97,965","97,970","97,960","212,84K","0,00%"
08.09.2025,"97,965","97,960","97,970","97,955","142,89K","0,00%"
05.09.2025,"97,965","97,950","97,970","97,945","211,27K","0,02%"
04.09.2025,"97,950","97,955","97,960","97,950","86,54K","-0,01%"
03.09.2025,"97,955","97,955","97,960","97,950","129,29K","0,00%"
02.09.2025,"97,955","97,960","97,960","97,950","175,92K","-0,01%"
01.09.2025,"97,960","97,970","97,970","97,960","76,42K","-0,01%"
29.08.2025,"97,965","97,970","97,975","97,965","96,96K","-0,01%"
28.08.2025,"97,970","97,980","97,980","97,970","135,79K","-0,01%"
27.08.2025,"97,980","97,970","97,980","97,970","98,10K","0,01%"
26.08.2025,"97,970","97,970","97,980","97,970","135,42K","-0,01%"
25.08.2025,"97,975","97,985","97,985","97,970","75,29K","-0,01%"
22.08.2025,"97,985","97,980","97,990","97,975","112,78K","0,01%"
21.08.2025,"97,980","97,995","97,995","97,975","145,25K","-0,02%"
20.08.2025,"97,995","97,990","98,000","97,990","116,44K","0,00%"
19.08.2025,"97,995","97,995","97,995","97,990","61,62K","0,02%"
18.08.2025,"97,972","97,980","97,985","97,980","1,13K","0,00%"
15.08.2025,"97,975","97,980","97,985","97,975","11,40K","-0,01%"
14.08.2025,"97,980","97,980","97,985","97,980","5,68K","0,00%"
13.08.2025,"97,980","97,990","97,995","97,980","13,72K","-0,01%"
12.08.2025,"97,990","97,985","97,995","97,985","13,68K","0,01%"
11.08.2025,"97,985","97,995","98,000","97,985","3,48K","-0,01%"
08.08.2025,"97,995","98,000","98,005","97,990","6,35K","-0,01%"
07.08.2025,"98,000","98,005","98,010","98,000","6,44K","-0,01%"
06.08.2025,"98,010","98,015","98,015","98,005","8,04K","-0,01%"
05.08.2025,"98,015","98,015","98,020","98,010","12,75K","0,00%"
04.08.2025,"98,015","98,015","98,020","98,005","8,89K","0,01%"
01.08.2025,"98,010","97,995","98,025","97,995","12,94K","0,01%"
31.07.2025,"98,000","97,990","98,000","97,990","7,50K","0,01%"
30.07.2025,"97,995","98,000","98,005","97,990","9,97K","-0,01%"
29.07.2025,"98,005","98,010","98,010","97,995","10,28K","0,00%"
28.07.2025,"98,005","97,990","98,010","97,985","15,15K","0,01%"
25.07.2025,"98,000","98,010","98,010","97,990","15,87K","-0,02%"
24.07.2025,"98,020","98,050","98,055","98,010","18,81K","-0,05%"
23.07.2025,"98,065","98,065","98,070","98,040","18,88K","-0,01%"
22.07.2025,"98,070","98,060","98,070","98,055","10,19K","0,01%"
21.07.2025,"98,065","98,065","98,065","98,055","10,51K","0,02%"
18.07.2025,"98,050","98,045","98,065","98,040","17,85K","0,00%"
17.07.2025,"98,050","98,055","98,060","98,045","10,60K","-0,01%"
16.07.2025,"98,060","98,045","98,065","98,040","10,76K","0,02%"
15.07.2025,"98,045","98,040","98,055","98,040","16,93K","0,09%"
14.07.2025,"97,959","97,985","97,985","97,975","8,21K","-0,02%"
11.07.2025,"97,980","98,010","98,015","97,980","20,31K","-0,03%"
10.07.2025,"98,010","98,030","98,030","98,005","31,55K","-0,02%"
09.07.2025,"98,030","98,035","98,040","98,025","18,15K","-0,01%"
08.07.2025,"98,035","98,040","98,040","98,030","13,55K","-0,01%"
07.07.2025,"98,045","98,045","98,045","98,035","18,24K","0,01%"
04.07.2025,"98,035","98,050","98,050","98,035","20,96K","-0,01%"
03.07.2025,"98,045","98,030","98,050","98,030","19,94K","0,02%"
02.07.2025,"98,030","98,025","98,035","98,025","20,33K","0,00%"
01.07.2025,"98,030","98,030","98,040","98,030","18,24K","0,00%"
30.06.2025,"98,030","98,035","98,045","98,030","19,75K","-0,01%"
27.06.2025,"98,040","98,045","98,055","98,035","44,61K","-0,01%"
26.06.2025,"98,045","98,040","98,050","98,040","59,44K","0,01%"
25.06.2025,"98,035","98,035","98,045","98,030","55,43K","0,01%"
24.06.2025,"98,030","98,005","98,035","98,005","42,58K","0,03%"
23.06.2025,"98,000","97,995","98,005","97,995","8,38K","0,00%"
20.06.2025,"98,000","98,000","98,000","97,995","12,08K","0,00%"
19.06.2025,"98,000","97,995","98,005","97,995","15,82K","0,00%"
18.06.2025,"98,000","97,995","98,005","97,990","19,14K","0,01%"
17.06.2025,"97,995","98,005","98,005","97,990","23,73K","0,00%"
16.06.2025,"97,999","97,985","97,990","97,980","42,26K","0,01%"
13.06.2025,"97,985","98,015","98,015","97,985","277,55K","-0,03%"
12.06.2025,"98,010","98,025","98,025","98,005","211,27K","-0,01%"
11.06.2025,"98,020","98,010","98,025","98,010","144,52K","0,01%"
10.06.2025,"98,010","98,005","98,015","98,005","87,75K","0,01%"
09.06.2025,"98,005","98,005","98,010","98,000","117,60K","0,01%"
06.06.2025,"98,000","98,005","98,010","97,995","201,55K","0,00%"
05.06.2025,"98,000","98,020","98,025","97,995","418,56K","-0,02%"
04.06.2025,"98,020","98,015","98,025","98,010","150,92K","0,01%"
03.06.2025,"98,015","98,000","98,020","98,000","249,62K","0,02%"
02.06.2025,"98,000","98,000","98,010","97,995","161,63K","0,00%"
30.05.2025,"98,000","98,005","98,005","97,995","117,16K","0,00%"
29.05.2025,"98,000","98,005","98,005","97,985","193,48K","0,01%"
28.05.2025,"97,995","98,000","98,005","97,990","166,81K","-0,01%"
27.05.2025,"98,000","97,995","98,005","97,985","87,34K","0,01%"
26.05.2025,"97,995","97,990","97,995","97,980","86,32K","-0,01%"
23.05.2025,"98,005","97,985","98,075","97,975","411,62K","0,02%"
22.05.2025,"97,985","97,980","97,990","97,970","158,14K","0,01%"
21.05.2025,"97,980","97,975","97,985","97,970","117,65K","0,01%"
20.05.2025,"97,975","97,970","97,980","97,965","108,38K","0,05%"
19.05.2025,"97,925","97,915","97,915","97,910","1,80K","0,01%"
16.05.2025,"97,915","97,890","97,920","97,890","28,64K","0,03%"
15.05.2025,"97,890","97,875","97,895","97,875","15,54K","0,02%"
14.05.2025,"97,875","97,870","97,880","97,870","8,00K","0,00%"
13.05.2025,"97,875","97,870","97,880","97,860","5,86K","0,00%"
12.05.2025,"97,875","97,895","97,900","97,875","12,03K","-0,03%"
09.05.2025,"97,900","97,900","97,905","97,895","8,07K","0,00%"
08.05.2025,"97,900","97,910","97,910","97,895","7,00K","-0,01%"
07.05.2025,"97,910","97,910","97,915","97,905","6,86K","-0,01%"
06.05.2025,"97,915","97,910","97,920","97,905","8,61K","0,01%"
05.05.2025,"97,905","97,915","97,920","97,905","3,95K","-0,01%"
02.05.2025,"97,915","97,915","97,920","97,910","6,52K","-0,01%"
30.04.2025,"97,920","97,915","97,925","97,915","9,16K","0,00%"
29.04.2025,"97,920","97,915","97,920","97,910","14,23K","0,00%"
28.04.2025,"97,920","97,925","97,930","97,915","7,81K","-0,01%"
25.04.2025,"97,925","97,925","97,935","97,920","12,55K","-0,01%"
24.04.2025,"97,930","97,905","97,935","97,905","9,82K","0,03%"
23.04.2025,"97,905","97,905","97,910","97,895","9,91K","-0,01%"
22.04.2025,"97,910","97,915","97,925","97,895","9,55K","0,00%"
17.04.2025,"97,910","97,850","97,910","97,850","25,64K","0,05%"
16.04.2025,"97,860","97,855","97,860","97,850","19,49K","0,01%"
15.04.2025,"97,850","97,850","97,855","97,840","11,58K","0,10%"
14.04.2025,"97,748","97,740","97,745","97,735","3,53K","0,00%"
11.04.2025,"97,745","97,725","97,745","97,720","21,93K","0,02%"
10.04.2025,"97,730","97,735","97,750","97,720","35,60K","-0,05%"
09.04.2025,"97,775","97,755","97,785","97,705","20,11K","0,04%"
08.04.2025,"97,740","97,730","97,760","97,720","20,94K","0,00%"
07.04.2025,"97,740","97,775","97,800","97,705","26,22K","0,00%"
04.04.2025,"97,740","97,715","97,760","97,710","25,00K","0,04%"
03.04.2025,"97,705","97,735","97,760","97,695","33,43K","-0,01%"
02.04.2025,"97,710","97,715","97,720","97,705","33,92K","0,00%"
01.04.2025,"97,710","97,705","97,725","97,705","33,71K","0,02%"
31.03.2025,"97,695","97,745","97,765","97,680","36,92K","-0,04%"
28.03.2025,"97,735","97,725","97,745","97,725","21,64K","0,02%"
27.03.2025,"97,720","97,725","97,735","97,715","50,86K","0,02%"
26.03.2025,"97,705","97,695","97,720","97,695","35,91K","0,01%"
25.03.2025,"97,695","97,695","97,700","97,690","14,25K","0,01%"
24.03.2025,"97,690","97,670","97,700","97,665","28,42K","0,02%"
21.03.2025,"97,675","97,675","97,680","97,670","19,41K","0,00%"
20.03.2025,"97,675","97,665","97,685","97,660","17,54K","0,02%"
19.03.2025,"97,655","97,660","97,665","97,650","20,01K","0,00%"
18.03.2025,"97,655","97,645","97,660","97,640","23,57K","0,11%"
17.03.2025,"97,544","97,550","97,550","97,540","22,85K","0,00%"
14.03.2025,"97,545","97,540","97,550","97,530","193,31K","0,01%"
13.03.2025,"97,535","97,520","97,540","97,515","150,62K","0,02%"
12.03.2025,"97,515","97,510","97,520","97,495","240,40K","0,01%"
11.03.2025,"97,510","97,535","97,540","97,505","229,23K","-0,02%"
10.03.2025,"97,530","97,540","97,545","97,525","200,42K","-0,01%"
07.03.2025,"97,540","97,545","97,550","97,535","174,85K","0,00%"
06.03.2025,"97,540","97,550","97,560","97,530","355,42K","-0,01%"
05.03.2025,"97,545","97,580","97,585","97,540","366,21K","-0,05%"
04.03.2025,"97,590","97,595","97,600","97,575","308,99K","0,01%"
03.03.2025,"97,580","97,600","97,605","97,575","267,90K","-0,02%"
28.02.2025,"97,600","97,600","97,625","97,595","305,32K","0,01%"
27.02.2025,"97,595","97,590","97,605","97,585","168,47K","0,01%"
26.02.2025,"97,585","97,595","97,595","97,580","168,38K","-0,01%"
25.02.2025,"97,590","97,585","97,600","97,585","143,57K","-0,01%"
24.02.2025,"97,595","97,600","97,600","97,580","120,08K","0,01%"
21.02.2025,"97,590","97,575","97,615","97,575","200,25K","0,02%"
20.02.2025,"97,575","97,575","97,580","97,570","117,07K","0,01%"
19.02.2025,"97,570","97,580","97,590","97,560","198,89K","-0,02%"
18.02.2025,"97,585","97,585","97,590","97,580","86,46K","0,10%"
17.02.2025,"97,490","97,480","97,490","97,480","4,32K","0,01%"
14.02.2025,"97,485","97,475","97,490","97,460","30,56K","0,01%"
13.02.2025,"97,475","97,460","97,480","97,455","17,48K","0,01%"
12.02.2025,"97,465","97,485","97,490","97,455","20,32K","-0,02%"
11.02.2025,"97,485","97,500","97,500","97,480","8,15K","-0,02%"
10.02.2025,"97,500","97,495","97,505","97,490","8,98K","0,00%"
07.02.2025,"97,500","97,490","97,500","97,490","8,53K","0,01%"
06.02.2025,"97,495","97,490","97,500","97,490","10,32K","0,01%"
05.02.2025,"97,490","97,495","97,505","97,485","9,68K","-0,01%"
04.02.2025,"97,495","97,490","97,505","97,485","10,71K","-0,01%"
03.02.2025,"97,500","97,490","97,520","97,490","19,16K","0,02%"
31.01.2025,"97,480","97,455","97,490","97,450","17,62K","0,02%"
30.01.2025,"97,465","97,435","97,465","97,435","19,17K","0,03%"
29.01.2025,"97,435","97,440","97,445","97,435","12,37K","0,00%"
28.01.2025,"97,435","97,430","97,440","97,425","15,65K","0,01%"
27.01.2025,"97,430","97,430","97,445","97,425","10,72K","0,01%"
24.01.2025,"97,425","97,450","97,450","97,425","15,97K","-0,02%"
23.01.2025,"97,445","97,460","97,460","97,440","14,65K","-0,01%"
22.01.2025,"97,455","97,460","97,460","97,455","3,95K","0,00%"
21.01.2025,"97,455","97,465","97,465","97,455","9,38K","0,00%"
20.01.2025,"97,455","97,455","97,465","97,450","7,12K","0,00%"
17.01.2025,"97,455","97,455","97,465","97,455","15,70K","-0,01%"
16.01.2025,"97,460","97,455","97,460","97,440","12,37K","0,01%"
15.01.2025,"97,450","97,425","97,455","97,425","13,44K","0,02%"
14.01.2025,"97,430","97,435","97,450","97,425","20,47K","0,22%"
13.01.2025,"97,215","97,235","97,240","97,230","3,35K","-0,03%"
10.01.2025,"97,240","97,250","97,250","97,235","25,67K","-0,01%"
09.01.2025,"97,250","97,265","97,270","97,250","18,58K","-0,02%"
08.01.2025,"97,265","97,270","97,270","97,255","17,54K","0,00%"
07.01.2025,"97,265","97,275","97,285","97,260","16,64K","-0,02%"
06.01.2025,"97,280","97,310","97,310","97,275","23,21K","-0,03%"
03.01.2025,"97,310","97,335","97,335","97,310","17,19K","-0,02%"
02.01.2025,"97,330","97,345","97,350","97,320","32,27K","-0,02%"
31.12.2024,"97,345","97,360","97,360","97,345","13,26K","-0,02%"
30.12.2024,"97,360","97,370","97,375","97,355","28,37K","-0,01%"
27.12.2024,"97,370","97,370","97,380","97,365","38,36K","0,01%"
24.12.2024,"97,365","97,340","97,365","97,340","12,77K","0,04%"
23.12.2024,"97,330","97,315","97,340","97,310","24,24K","0,01%"
20.12.2024,"97,320","97,300","97,325","97,300","18,74K","0,02%"
19.12.2024,"97,300","97,295","97,305","97,290","6,81K","0,00%"
18.12.2024,"97,300","97,295","97,305","97,290","15,25K","0,01%"
17.12.2024,"97,295","97,300","97,300","97,290","8,05K","0,16%"
16.12.2024,"97,137","97,145","97,150","97,140","33,76K","-0,01%"
13.12.2024,"97,145","97,130","97,150","97,125","236,93K","0,01%"
12.12.2024,"97,140","97,160","97,170","97,125","345,67K","-0,02%"
11.12.2024,"97,160","97,165","97,170","97,155","163,97K","-0,01%"
10.12.2024,"97,170","97,175","97,180","97,165","155,55K","-0,01%"
09.12.2024,"97,175","97,180","97,185","97,170","114,24K","0,01%"
06.12.2024,"97,170","97,175","97,185","97,165","129,85K","0,00%"
05.12.2024,"97,170","97,175","97,180","97,165","169,92K","0,00%"
04.12.2024,"97,170","97,185","97,190","97,170","265,93K","-0,02%"
03.12.2024,"97,190","97,185","97,195","97,175","254,51K","0,01%"
02.12.2024,"97,185","97,200","97,210","97,180","324,24K","-0,01%"
29.11.2024,"97,195","97,185","97,210","97,165","359,98K","0,02%"
28.11.2024,"97,180","97,180","97,195","97,165","252,14K","0,01%"
27.11.2024,"97,175","97,225","97,225","97,175","349,50K","-0,04%"
26.11.2024,"97,210","97,225","97,240","97,205","234,49K","-0,02%"
25.11.2024,"97,230","97,255","97,260","97,210","292,48K","-0,03%"
22.11.2024,"97,260","97,175","97,305","97,165","599,70K","0,09%"
21.11.2024,"97,175","97,170","97,190","97,165","217,83K","0,01%"
20.11.2024,"97,170","97,165","97,180","97,155","229,28K","0,00%"
19.11.2024,"97,170","97,180","97,190","97,160","215,01K","0,18%"
18.11.2024,"96,996","97,000","97,000","96,995","2,82K","-0,01%"
15.11.2024,"97,005","97,020","97,020","97,000","12,27K","-0,01%"
14.11.2024,"97,015","97,005","97,020","96,995","9,13K","0,01%"
13.11.2024,"97,005","97,005","97,015","97,000","6,85K","-0,01%"
12.11.2024,"97,015","97,005","97,025","97,005","7,54K","0,01%"
11.11.2024,"97,010","97,000","97,010","96,995","6,33K","0,01%"
08.11.2024,"97,000","96,990","97,010","96,985","7,03K","0,00%"
07.11.2024,"97,000","97,000","97,005","96,985","12,86K","0,00%"
06.11.2024,"97,000","96,990","97,015","96,990","8,29K","0,02%"
05.11.2024,"96,980","96,985","96,990","96,975","7,09K","-0,01%"
04.11.2024,"96,985","96,985","96,990","96,980","3,35K","-0,01%"
01.11.2024,"96,995","97,005","97,010","96,990","5,19K","-0,01%"
31.10.2024,"97,000","97,010","97,010","96,990","3,13K","-0,01%"
30.10.2024,"97,010","97,045","97,050","97,000","8,63K","-0,04%"
29.10.2024,"97,045","97,045","97,050","97,030","17,03K","0,01%"
28.10.2024,"97,040","97,035","97,055","97,030","4,28K","0,00%"
25.10.2024,"97,040","97,035","97,045","97,020","5,09K","-0,01%"
24.10.2024,"97,045","97,020","97,055","97,020","7,48K","0,02%"
23.10.2024,"97,025","97,030","97,040","97,015","13,84K","0,03%"
22.10.2024,"97,000","96,980","97,035","96,975","26,53K","0,02%"
21.10.2024,"96,980","96,990","97,000","96,980","9,70K","-0,01%"
18.10.2024,"96,990","96,980","96,995","96,970","34,72K","0,02%"
17.10.2024,"96,975","96,940","96,985","96,930","50,58K","0,03%"
16.10.2024,"96,945","96,935","96,945","96,935","17,70K","0,01%"
15.10.2024,"96,940","96,935","96,955","96,935","13,77K","0,15%"
14.10.2024,"96,795","96,820","96,820","96,810","17,93K","-0,02%"
11.10.2024,"96,815","96,810","96,825","96,805","16,97K","0,01%"
10.10.2024,"96,810","96,785","96,815","96,785","22,61K","0,02%"
09.10.2024,"96,790","96,795","96,800","96,785","21,18K","0,00%"
08.10.2024,"96,790","96,795","96,795","96,780","22,31K","0,01%"
07.10.2024,"96,785","96,800","96,805","96,780","31,52K","-0,01%"
04.10.2024,"96,795","96,815","96,820","96,780","26,59K","-0,02%"
03.10.2024,"96,815","96,820","96,830","96,810","12,24K","-0,01%"
02.10.2024,"96,820","96,830","96,830","96,815","15,13K","0,00%"
01.10.2024,"96,820","96,805","96,830","96,805","39,49K","0,01%"
30.09.2024,"96,810","96,790","96,815","96,770","43,82K","0,02%"
27.09.2024,"96,790","96,755","96,800","96,750","60,35K","0,04%"
26.09.2024,"96,750","96,750","96,770","96,740","80,90K","0,01%"
25.09.2024,"96,745","96,745","96,750","96,735","26,58K","0,00%"
24.09.2024,"96,745","96,735","96,750","96,720","34,58K","0,05%"
23.09.2024,"96,695","96,655","96,735","96,655","43,60K","0,05%"
20.09.2024,"96,645","96,660","96,660","96,650","17,57K","-0,01%"
19.09.2024,"96,655","96,660","96,665","96,645","20,80K","0,01%"
18.09.2024,"96,650","96,660","96,670","96,645","41,98K","-0,01%"
17.09.2024,"96,655","96,660","96,670","96,655","28,37K","0,15%"
16.09.2024,"96,512","96,540","96,545","96,535","30,49K","-0,02%"
13.09.2024,"96,535","96,540","96,545","96,530","228,22K","0,01%"
12.09.2024,"96,525","96,550","96,550","96,520","430,76K","-0,03%"
11.09.2024,"96,555","96,560","96,560","96,545","223,41K","0,00%"
10.09.2024,"96,555","96,560","96,565","96,550","146,67K","-0,01%"
09.09.2024,"96,560","96,565","96,565","96,550","127,85K","-0,01%"
06.09.2024,"96,570","96,565","96,590","96,550","216,51K","0,01%"
05.09.2024,"96,565","96,565","96,570","96,555","165,19K","0,01%"
04.09.2024,"96,560","96,550","96,570","96,550","216,91K","0,01%"
03.09.2024,"96,550","96,545","96,560","96,540","256,81K","0,01%"
02.09.2024,"96,545","96,555","96,555","96,540","91,42K","-0,01%"
30.08.2024,"96,555","96,575","96,580","96,550","193,02K","-0,02%"
29.08.2024,"96,570","96,565","96,585","96,560","182,66K","0,01%"
28.08.2024,"96,565","96,565","96,575","96,560","100,32K","0,00%"
27.08.2024,"96,565","96,565","96,565","96,555","100,21K","0,01%"
26.08.2024,"96,560","96,575","96,590","96,560","63,39K","-0,02%"
23.08.2024,"96,575","96,565","96,580","96,560","107,82K","0,01%"
22.08.2024,"96,570","96,580","96,590","96,565","103,51K","-0,01%"
21.08.2024,"96,575","96,570","96,590","96,560","118,03K","0,01%"
20.08.2024,"96,570","96,565","96,575","96,560","72,68K","0,13%"
19.08.2024,"96,449","96,450","96,455","96,450","4,28K","-0,01%"
16.08.2024,"96,455","96,460","96,470","96,445","14,43K","0,00%"
15.08.2024,"96,455","96,470","96,475","96,450","9,93K","-0,02%"
14.08.2024,"96,470","96,470","96,475","96,460","3,66K","-0,01%"
13.08.2024,"96,480","96,465","96,480","96,460","9,24K","0,01%"
12.08.2024,"96,470","96,460","96,470","96,455","11,17K","0,02%"
09.08.2024,"96,455","96,465","96,470","96,455","7,56K","-0,01%"
08.08.2024,"96,460","96,475","96,475","96,455","15,53K","0,00%"
07.08.2024,"96,460","96,465","96,475","96,450","8,01K","-0,02%"
06.08.2024,"96,475","96,475","96,495","96,430","16,32K","-0,01%"
05.08.2024,"96,485","96,485","96,560","96,470","14,74K","0,02%"
02.08.2024,"96,465","96,430","96,490","96,425","14,09K","0,04%"
01.08.2024,"96,430","96,425","96,430","96,420","7,17K","0,01%"
31.07.2024,"96,425","96,425","96,435","96,420","16,78K","0,00%"
30.07.2024,"96,425","96,415","96,435","96,415","11,02K","0,01%"
29.07.2024,"96,415","96,410","96,425","96,405","19,45K","0,01%"
26.07.2024,"96,405","96,400","96,410","96,400","17,98K","0,00%"
25.07.2024,"96,405","96,400","96,415","96,395","10,94K","0,01%"
24.07.2024,"96,400","96,400","96,405","96,395","18,91K","0,01%"
23.07.2024,"96,395","96,390","96,400","96,385","7,44K","0,01%"
22.07.2024,"96,390","96,395","96,400","96,385","9,92K","-0,01%"
19.07.2024,"96,400","96,415","96,415","96,395","10,84K","-0,01%"
18.07.2024,"96,410","96,415","96,415","96,400","39,58K","0,00%"
17.07.2024,"96,410","96,425","96,425","96,410","19,90K","-0,02%"
16.07.2024,"96,425","96,420","96,425","96,420","12,42K","0,09%"
15.07.2024,"96,338","96,330","96,335","96,330","1,74K","0,01%"
12.07.2024,"96,330","96,320","96,335","96,315","31,81K","0,01%"
11.07.2024,"96,320","96,315","96,320","96,310","28,86K","0,01%"
10.07.2024,"96,315","96,315","96,315","96,310","7,16K","0,00%"
09.07.2024,"96,315","96,315","96,315","96,310","16,33K","-0,01%"
08.07.2024,"96,320","96,320","96,320","96,310","10,76K","0,00%"
05.07.2024,"96,320","96,320","96,325","96,315","15,76K","0,00%"
04.07.2024,"96,320","96,325","96,325","96,315","8,56K","-0,01%"
03.07.2024,"96,325","96,320","96,330","96,320","11,60K","0,00%"
02.07.2024,"96,325","96,330","96,335","96,320","15,19K","-0,01%"
01.07.2024,"96,330","96,340","96,340","96,325","27,06K","-0,01%"
28.06.2024,"96,340","96,340","96,345","96,335","33,07K","-0,01%"
27.06.2024,"96,345","96,335","96,355","96,335","32,10K","0,01%"
26.06.2024,"96,340","96,345","96,350","96,340","74,58K","-0,01%"
25.06.2024,"96,345","96,335","96,345","96,330","43,30K","0,02%"
24.06.2024,"96,330","96,325","96,335","96,325","18,02K","0,01%"
21.06.2024,"96,325","96,310","96,330","96,310","14,58K","0,01%"
20.06.2024,"96,315","96,300","96,315","96,295","22,95K","0,01%"
19.06.2024,"96,305","96,300","96,310","96,300","12,08K","0,00%"
18.06.2024,"96,305","96,305","96,310","96,300","19,12K","0,02%"
17.06.2024,"96,289","96,285","96,285","96,280","31,14K","0,01%"
14.06.2024,"96,280","96,270","96,285","96,265","201,00K","0,01%"
13.06.2024,"96,275","96,265","96,280","96,265","200,92K","0,00%"
12.06.2024,"96,275","96,260","96,275","96,255","241,51K","0,02%"
11.06.2024,"96,260","96,255","96,260","96,250","131,74K","0,00%"
10.06.2024,"96,260","96,250","96,260","96,250","97,79K","0,01%"
07.06.2024,"96,255","96,255","96,260","96,245","121,14K","0,00%"
06.06.2024,"96,255","96,265","96,270","96,250","207,29K","-0,01%"
05.06.2024,"96,265","96,260","96,270","96,255","136,12K","0,01%"
04.06.2024,"96,260","96,250","96,265","96,250","164,66K","0,01%"
03.06.2024,"96,250","96,245","96,260","96,245","132,25K","0,01%"
31.05.2024,"96,245","96,265","96,270","96,235","275,67K","-0,02%"
30.05.2024,"96,260","96,260","96,265","96,250","85,24K","0,00%"
29.05.2024,"96,260","96,255","96,265","96,250","132,56K","0,01%"
28.05.2024,"96,255","96,255","96,260","96,250","109,19K","0,00%"
27.05.2024,"96,255","96,240","96,260","96,235","112,73K","0,02%"
24.05.2024,"96,240","96,245","96,255","96,230","167,80K","-0,01%"
23.05.2024,"96,250","96,255","96,260","96,240","201,30K","-0,01%"
22.05.2024,"96,255","96,260","96,265","96,245","138,14K","-0,01%"
21.05.2024,"96,260","96,265","96,270","96,260","95,32K","-0,01%"
20.05.2024,"96,265","96,265","96,270","96,260","70,84K","0,00%"
17.05.2024,"96,265","96,270","96,280","96,255","244,91K","-0,01%"
16.05.2024,"96,275","96,290","96,295","96,270","123,27K","-0,02%"
15.05.2024,"96,290","96,270","96,295","96,270","175,59K","0,01%"
14.05.2024,"96,280","96,285","96,285","96,270","125,51K","0,11%"
13.05.2024,"96,172","96,190","96,195","96,190","2,18K","-0,02%"
10.05.2024,"96,190","96,200","96,205","96,190","29,39K","-0,02%"
09.05.2024,"96,205","96,200","96,205","96,200","8,10K","0,01%"
08.05.2024,"96,200","96,205","96,210","96,200","7,86K","-0,01%"
07.05.2024,"96,210","96,200","96,215","96,200","18,30K","0,01%"
06.05.2024,"96,205","96,205","96,210","96,200","2,99K","0,00%"
03.05.2024,"96,205","96,205","96,210","96,200","15,59K","0,00%"
02.05.2024,"96,205","96,200","96,205","96,195","20,84K","0,00%"
30.04.2024,"96,205","96,200","96,205","96,195","24,41K","0,00%"
29.04.2024,"96,205","96,190","96,205","96,190","19,14K","0,02%"
26.04.2024,"96,185","96,180","96,190","96,180","13,58K","0,01%"
25.04.2024,"96,180","96,185","96,190","96,175","19,32K","-0,01%"
24.04.2024,"96,185","96,190","96,190","96,180","8,81K","-0,01%"
23.04.2024,"96,190","96,190","96,195","96,185","14,06K","0,00%"
22.04.2024,"96,190","96,185","96,195","96,185","9,09K","0,01%"
19.04.2024,"96,180","96,190","96,210","96,175","17,09K","-0,01%"
18.04.2024,"96,185","96,195","96,195","96,185","19,12K","-0,01%"
17.04.2024,"96,195","96,190","96,200","96,190","29,62K","0,00%"
16.04.2024,"96,195","96,205","96,215","96,190","35,69K","0,09%"
15.04.2024,"96,112","96,105","96,105","96,095","18,83K","0,00%"
12.04.2024,"96,110","96,115","96,115","96,090","44,72K","0,01%"
11.04.2024,"96,105","96,105","96,115","96,100","52,17K","-0,01%"
10.04.2024,"96,110","96,120","96,125","96,105","51,93K","-0,02%"
09.04.2024,"96,125","96,130","96,135","96,120","44,90K","-0,01%"
08.04.2024,"96,130","96,140","96,145","96,130","19,81K","-0,02%"
05.04.2024,"96,145","96,160","96,160","96,145","26,20K","-0,01%"
04.04.2024,"96,150","96,160","96,165","96,145","41,78K","-0,01%"
03.04.2024,"96,155","96,160","96,165","96,150","36,77K","-0,01%"
02.04.2024,"96,160","96,150","96,170","96,150","23,41K","0,01%"
28.03.2024,"96,150","96,150","96,155","96,145","11,36K","-0,01%"
27.03.2024,"96,155","96,155","96,160","96,150","44,87K","0,01%"
26.03.2024,"96,150","96,140","96,155","96,140","48,22K","0,01%"
25.03.2024,"96,140","96,150","96,150","96,140","21,07K","-0,01%"
22.03.2024,"96,145","96,130","96,150","96,125","31,63K","0,02%"
21.03.2024,"96,125","96,125","96,140","96,120","31,68K","0,01%"
20.03.2024,"96,115","96,115","96,125","96,115","16,71K","0,00%"
19.03.2024,"96,115","96,110","96,120","96,110","14,92K","0,04%"
18.03.2024,"96,072","96,065","96,070","96,065","18,76K","0,01%"
15.03.2024,"96,065","96,070","96,075","96,065","120,21K","-0,01%"
14.03.2024,"96,070","96,070","96,080","96,065","133,11K","0,00%"
13.03.2024,"96,070","96,080","96,080","96,065","123,11K","-0,01%"
12.03.2024,"96,075","96,075","96,080","96,070","142,28K","0,00%"
11.03.2024,"96,075","96,080","96,085","96,070","93,39K","-0,01%"
08.03.2024,"96,080","96,075","96,095","96,075","197,84K","0,01%"
07.03.2024,"96,075","96,085","96,100","96,070","250,95K","-0,01%"
06.03.2024,"96,080","96,090","96,095","96,080","182,98K","-0,01%"
05.03.2024,"96,085","96,080","96,095","96,070","206,10K","0,01%"
04.03.2024,"96,075","96,080","96,090","96,075","136,32K","0,00%"
01.03.2024,"96,075","96,075","96,090","96,070","227,36K","-0,01%"
29.02.2024,"96,085","96,090","96,095","96,070","267,09K","-0,01%"
28.02.2024,"96,095","96,085","96,100","96,080","123,28K","0,01%"
27.02.2024,"96,085","96,085","96,095","96,075","156,47K","0,01%"
26.02.2024,"96,080","96,100","96,105","96,075","123,81K","-0,02%"
23.02.2024,"96,095","96,085","96,105","96,080","176,61K","0,01%"
22.02.2024,"96,090","96,100","96,105","96,080","230,98K","-0,01%"
21.02.2024,"96,100","96,110","96,120","96,095","100,54K","-0,02%"
20.02.2024,"96,115","96,115","96,120","96,105","143,95K","0,05%"
19.02.2024,"96,068","96,070","96,075","96,070","12,58K","-0,01%"
16.02.2024,"96,075","96,085","96,085","96,070","15,06K","-0,01%"
15.02.2024,"96,085","96,090","96,095","96,085","7,93K","0,00%"
14.02.2024,"96,085","96,090","96,095","96,080","14,53K","0,00%"
13.02.2024,"96,085","96,090","96,105","96,085","19,20K","-0,01%"
12.02.2024,"96,090","96,095","96,095","96,085","10,91K","0,01%"
09.02.2024,"96,085","96,090","96,095","96,085","19,13K","-0,01%"
08.02.2024,"96,090","96,090","96,095","96,085","17,05K","-0,01%"
07.02.2024,"96,095","96,100","96,105","96,095","14,71K","0,00%"
06.02.2024,"96,095","96,105","96,105","96,090","15,30K","0,00%"
05.02.2024,"96,095","96,105","96,105","96,090","14,24K","-0,02%"
02.02.2024,"96,110","96,125","96,130","96,105","17,94K","-0,03%"
01.02.2024,"96,135","96,130","96,145","96,125","18,68K","-0,02%"
31.01.2024,"96,155","96,140","96,160","96,125","36,17K","0,02%"
30.01.2024,"96,135","96,150","96,150","96,130","15,57K","-0,02%"
29.01.2024,"96,150","96,130","96,150","96,130","26,07K","0,02%"
26.01.2024,"96,130","96,135","96,140","96,120","16,95K","0,00%"
25.01.2024,"96,130","96,100","96,135","96,090","31,18K","0,03%"
24.01.2024,"96,100","96,095","96,110","96,095","15,90K","0,01%"
23.01.2024,"96,095","96,090","96,100","96,090","11,19K","-0,01%"
22.01.2024,"96,100","96,105","96,110","96,095","9,89K","-0,01%"
19.01.2024,"96,105","96,115","96,125","96,100","11,17K","-0,01%"
18.01.2024,"96,115","96,140","96,140","96,110","26,66K","-0,03%"
17.01.2024,"96,140","96,155","96,155","96,135","24,66K","-0,02%"
16.01.2024,"96,155","96,150","96,170","96,145","34,84K","0,09%"
15.01.2024,"96,072","96,070","96,075","96,065","3,18K","0,00%"
12.01.2024,"96,075","96,065","96,080","96,060","23,94K","0,02%"
11.01.2024,"96,060","96,065","96,070","96,060","30,21K","-0,01%"
10.01.2024,"96,065","96,080","96,080","96,065","12,45K","-0,02%"
09.01.2024,"96,080","96,085","96,090","96,075","16,07K","-0,01%"
08.01.2024,"96,085","96,080","96,090","96,075","24,83K","0,00%"
05.01.2024,"96,085","96,080","96,090","96,070","15,63K","0,00%"
04.01.2024,"96,085","96,110","96,130","96,085","32,90K","-0,02%"
03.01.2024,"96,100","96,110","96,115","96,100","44,39K","-0,02%"
02.01.2024,"96,115","96,125","96,125","96,105","15,32K","-0,01%"
29.12.2023,"96,125","96,135","96,145","96,115","32,57K","-0,01%"
28.12.2023,"96,135","96,125","96,135","96,125","33,07K","0,01%"
27.12.2023,"96,125","96,100","96,130","96,100","38,38K","0,03%"
22.12.2023,"96,100","96,095","96,105","96,090","23,81K","0,01%"
21.12.2023,"96,090","96,085","96,095","96,085","15,63K","0,01%"
20.12.2023,"96,085","96,080","96,090","96,080","9,22K","0,01%"
19.12.2023,"96,080","96,075","96,080","96,075","21,38K","0,02%"
18.12.2023,"96,062","96,070","96,075","96,065","38,49K","-0,01%"
15.12.2023,"96,070","96,065","96,075","96,055","156,03K","0,01%"
14.12.2023,"96,065","96,060","96,075","96,055","228,07K","0,01%"
13.12.2023,"96,055","96,050","96,060","96,045","170,58K","0,01%"
12.12.2023,"96,050","96,040","96,055","96,040","140,49K","0,01%"
11.12.2023,"96,045","96,040","96,045","96,035","80,55K","0,00%"
08.12.2023,"96,045","96,040","96,050","96,040","73,49K","0,00%"
07.12.2023,"96,045","96,045","96,050","96,040","85,17K","-0,01%"
06.12.2023,"96,050","96,055","96,060","96,040","178,11K","-0,01%"
05.12.2023,"96,055","96,050","96,075","96,045","224,17K","0,00%"
04.12.2023,"96,055","96,070","96,070","96,050","148,76K","-0,02%"
01.12.2023,"96,070","96,055","96,080","96,050","307,57K","0,02%"
30.11.2023,"96,050","96,045","96,060","96,040","216,04K","0,01%"
29.11.2023,"96,045","96,035","96,050","96,030","225,60K","0,01%"
28.11.2023,"96,035","96,030","96,040","96,025","99,71K","0,00%"
27.11.2023,"96,035","96,025","96,035","96,025","78,86K","0,01%"
24.11.2023,"96,030","96,025","96,035","96,020","97,65K","0,01%"
23.11.2023,"96,020","96,020","96,030","96,015","94,24K","-0,01%"
22.11.2023,"96,025","96,020","96,030","96,020","66,25K","0,01%"
21.11.2023,"96,020","96,015","96,025","96,015","79,54K","0,00%"
20.11.2023,"96,020","96,015","96,030","96,015","117,36K","0,00%"
17.11.2023,"96,020","96,025","96,025","96,015","114,39K","0,00%"
16.11.2023,"96,020","96,015","96,025","96,010","81,18K","0,01%"
15.11.2023,"96,015","96,020","96,030","96,015","85,72K","-0,01%"
14.11.2023,"96,025","96,020","96,025","96,010","154,66K","0,03%"
13.11.2023,"95,998","96,015","96,015","96,015","5,28K","-0,02%"
10.11.2023,"96,015","96,025","96,025","96,015","25,17K","-0,01%"
09.11.2023,"96,025","96,025","96,030","96,020","14,39K","-0,01%"
08.11.2023,"96,030","96,035","96,035","96,025","35,93K","-0,01%"
07.11.2023,"96,035","96,035","96,035","96,030","6,96K","0,00%"
06.11.2023,"96,035","96,035","96,035","96,030","7,67K","-0,01%"
03.11.2023,"96,040","96,035","96,040","96,030","14,40K","0,00%"
02.11.2023,"96,040","96,040","96,050","96,035","30,00K","-0,01%"
01.11.2023,"96,045","96,045","96,045","96,040","9,47K","0,01%"
31.10.2023,"96,040","96,040","96,045","96,035","16,11K","0,00%"
30.10.2023,"96,040","96,045","96,050","96,035","22,07K","-0,01%"
27.10.2023,"96,045","96,040","96,045","96,035","11,07K","0,01%"
26.10.2023,"96,040","96,025","96,040","96,020","24,25K","0,02%"
25.10.2023,"96,020","96,015","96,025","96,010","29,51K","0,01%"
24.10.2023,"96,015","96,005","96,020","96,005","18,05K","0,01%"
23.10.2023,"96,005","96,005","96,010","96,000","13,89K","0,00%"
20.10.2023,"96,005","95,995","96,005","95,990","16,68K","0,02%"
19.10.2023,"95,990","96,000","96,000","95,990","18,13K","-0,01%"
18.10.2023,"96,000","96,000","96,000","95,995","11,96K","0,01%"
17.10.2023,"95,995","96,005","96,010","95,995","13,00K","-0,03%"
16.10.2023,"96,025","96,025","96,025","96,020","6,66K","-0,01%"
13.10.2023,"96,030","96,035","96,040","96,025","31,48K","0,00%"
12.10.2023,"96,030","96,035","96,040","96,030","10,22K","-0,01%"
11.10.2023,"96,040","96,025","96,040","96,025","26,93K","0,02%"
10.10.2023,"96,025","96,030","96,030","96,025","19,77K","-0,01%"
09.10.2023,"96,030","96,030","96,035","96,025","15,00K","0,00%"
06.10.2023,"96,030","96,045","96,045","96,025","34,62K","-0,02%"
05.10.2023,"96,045","96,045","96,050","96,035","14,95K","0,00%"
04.10.2023,"96,045","96,050","96,050","96,040","13,51K","-0,01%"
03.10.2023,"96,050","96,055","96,060","96,040","28,54K","0,00%"
02.10.2023,"96,050","96,045","96,055","96,040","14,39K","0,00%"
29.09.2023,"96,050","96,035","96,050","96,035","21,90K","0,01%"
28.09.2023,"96,040","96,035","96,040","96,035","20,06K","0,00%"
27.09.2023,"96,040","96,035","96,040","96,030","52,43K","0,01%"
26.09.2023,"96,030","96,025","96,035","96,020","39,80K","0,00%"
25.09.2023,"96,030","96,025","96,035","96,025","28,39K","0,00%"
22.09.2023,"96,030","96,025","96,035","96,020","12,09K","0,01%"
21.09.2023,"96,025","96,020","96,030","96,015","17,39K","0,00%"
20.09.2023,"96,025","96,020","96,025","96,015","22,40K","0,01%"
19.09.2023,"96,020","96,020","96,030","96,015","23,01K","-0,08%"
18.09.2023,"96,097","96,070","96,090","96,065","55,02K","0,03%"
15.09.2023,"96,065","96,045","96,075","96,040","317,40K","0,02%"
14.09.2023,"96,045","96,090","96,105","96,035","411,07K","-0,05%"
13.09.2023,"96,095","96,070","96,105","96,055","389,14K","-0,04%"
12.09.2023,"96,130","96,145","96,155","96,090","299,51K","-0,02%"
11.09.2023,"96,150","96,150","96,160","96,145","109,71K","-0,01%"
08.09.2023,"96,160","96,165","96,175","96,145","157,30K","-0,01%"
07.09.2023,"96,165","96,165","96,170","96,155","148,82K","0,00%"
06.09.2023,"96,165","96,185","96,195","96,135","309,76K","-0,02%"
05.09.2023,"96,185","96,180","96,195","96,175","171,52K","0,00%"
04.09.2023,"96,185","96,205","96,205","96,175","110,23K","-0,01%"
01.09.2023,"96,195","96,185","96,210","96,175","315,23K","0,01%"
31.08.2023,"96,190","96,120","96,205","96,100","521,64K","0,06%"
30.08.2023,"96,135","96,145","96,155","96,095","309,57K","-0,02%"
29.08.2023,"96,150","96,145","96,155","96,135","161,08K","0,01%"
28.08.2023,"96,140","96,155","96,155","96,135","66,90K","-0,03%"
25.08.2023,"96,165","96,165","96,175","96,150","141,54K","-0,01%"
24.08.2023,"96,170","96,165","96,180","96,160","133,91K","0,01%"
23.08.2023,"96,165","96,105","96,175","96,105","245,63K","0,06%"
22.08.2023,"96,110","96,095","96,110","96,095","47,17K","0,02%"
21.08.2023,"96,095","96,115","96,115","96,095","59,14K","-0,02%"
18.08.2023,"96,115","96,105","96,135","96,105","98,39K","0,01%"
17.08.2023,"96,110","96,110","96,110","96,095","70,92K","-0,01%"
16.08.2023,"96,115","96,120","96,125","96,105","75,04K","-0,01%"
15.08.2023,"96,120","96,130","96,135","96,085","187,36K","-0,08%"
14.08.2023,"96,201","96,220","96,220","96,215","3,91K","-0,02%"
11.08.2023,"96,220","96,220","96,225","96,215","19,92K","-0,01%"
10.08.2023,"96,225","96,230","96,235","96,215","18,62K","-0,01%"
09.08.2023,"96,230","96,235","96,240","96,230","9,75K","-0,01%"
08.08.2023,"96,235","96,245","96,255","96,235","21,41K","-0,01%"
07.08.2023,"96,245","96,250","96,255","96,240","14,03K","-0,01%"
04.08.2023,"96,255","96,260","96,260","96,245","15,32K","-0,01%"
03.08.2023,"96,260","96,260","96,265","96,255","10,32K","-0,01%"
02.08.2023,"96,265","96,255","96,265","96,255","17,73K","0,01%"
01.08.2023,"96,255","96,255","96,260","96,255","7,33K","-0,01%"
31.07.2023,"96,260","96,260","96,265","96,255","11,26K","-0,01%"
28.07.2023,"96,270","96,255","96,300","96,250","22,71K","0,03%"
27.07.2023,"96,245","96,230","96,265","96,225","21,32K","0,03%"
26.07.2023,"96,220","96,225","96,225","96,220","15,53K","-0,01%"
25.07.2023,"96,230","96,210","96,230","96,210","16,73K","0,01%"
24.07.2023,"96,220","96,205","96,220","96,200","13,03K","0,02%"
21.07.2023,"96,205","96,205","96,210","96,200","11,49K","0,00%"
20.07.2023,"96,205","96,215","96,215","96,205","12,82K","-0,02%"
19.07.2023,"96,220","96,205","96,230","96,205","23,14K","0,01%"
18.07.2023,"96,215","96,195","96,220","96,190","17,69K","-0,10%"
17.07.2023,"96,315","96,315","96,325","96,315","10,40K","-0,01%"
14.07.2023,"96,320","96,315","96,325","96,310","18,67K","0,00%"
13.07.2023,"96,320","96,315","96,325","96,310","16,87K","0,01%"
12.07.2023,"96,315","96,315","96,320","96,310","27,52K","0,00%"
11.07.2023,"96,315","96,315","96,315","96,310","17,72K","0,00%"
10.07.2023,"96,315","96,325","96,325","96,310","11,73K","-0,01%"
07.07.2023,"96,325","96,325","96,335","96,320","18,33K","0,01%"
06.07.2023,"96,320","96,330","96,330","96,315","15,43K","-0,02%"
05.07.2023,"96,335","96,330","96,345","96,330","11,68K","0,01%"
04.07.2023,"96,330","96,325","96,330","96,320","9,86K","0,01%"
03.07.2023,"96,320","96,320","96,325","96,315","10,10K","0,00%"
30.06.2023,"96,320","96,320","96,330","96,320","13,73K","0,00%"
29.06.2023,"96,320","96,325","96,335","96,315","27,49K","-0,01%"
28.06.2023,"96,325","96,300","96,335","96,300","62,68K","0,02%"
27.06.2023,"96,305","96,300","96,315","96,300","23,24K","0,01%"
26.06.2023,"96,300","96,275","96,305","96,275","18,54K","0,02%"
23.06.2023,"96,280","96,270","96,310","96,270","13,27K","0,02%"
22.06.2023,"96,265","96,275","96,275","96,260","18,77K","-0,01%"
21.06.2023,"96,275","96,275","96,280","96,265","22,38K","-0,01%"
20.06.2023,"96,280","96,275","96,285","96,270","29,41K","-0,18%"
19.06.2023,"96,449","96,415","96,415","96,410","20,58K","0,04%"
16.06.2023,"96,410","96,415","96,425","96,405","112,06K","-0,01%"
15.06.2023,"96,415","96,435","96,440","96,410","147,21K","-0,03%"
14.06.2023,"96,440","96,435","96,445","96,430","118,29K","0,00%"
13.06.2023,"96,440","96,440","96,450","96,430","164,37K","-0,01%"
12.06.2023,"96,445","96,435","96,450","96,430","97,82K","0,01%"
09.06.2023,"96,435","96,430","96,445","96,425","123,12K","0,00%"
08.06.2023,"96,435","96,435","96,440","96,430","67,86K","0,01%"
07.06.2023,"96,430","96,430","96,440","96,425","109,37K","0,01%"
06.06.2023,"96,425","96,420","96,440","96,415","91,79K","0,01%"
05.06.2023,"96,420","96,425","96,430","96,415","78,03K","-0,01%"
02.06.2023,"96,425","96,440","96,440","96,420","104,05K","-0,02%"
01.06.2023,"96,440","96,430","96,450","96,415","118,26K","0,01%"
31.05.2023,"96,430","96,425","96,445","96,425","142,54K","0,01%"
30.05.2023,"96,420","96,405","96,425","96,405","127,92K","0,02%"
29.05.2023,"96,405","96,400","96,410","96,395","36,82K","0,01%"
26.05.2023,"96,395","96,405","96,410","96,395","89,46K","-0,01%"
25.05.2023,"96,405","96,405","96,420","96,400","118,72K","-0,01%"
24.05.2023,"96,415","96,410","96,415","96,395","124,14K","0,01%"
23.05.2023,"96,410","96,410","96,415","96,405","85,94K","0,00%"
22.05.2023,"96,410","96,415","96,425","96,410","85,65K","-0,01%"
19.05.2023,"96,420","96,420","96,430","96,405","148,34K","0,00%"
18.05.2023,"96,420","96,420","96,430","96,415","119,60K","-0,01%"
17.05.2023,"96,430","96,430","96,440","96,420","81,23K","-0,01%"
16.05.2023,"96,435","96,450","96,460","96,430","132,61K","-0,21%"
15.05.2023,"96,642","96,660","96,665","96,655","4,48K","-0,02%"
12.05.2023,"96,660","96,675","96,675","96,655","17,70K","-0,02%"
11.05.2023,"96,675","96,680","96,685","96,670","14,58K","-0,01%"
10.05.2023,"96,680","96,670","96,680","96,665","15,42K","0,01%"
09.05.2023,"96,675","96,665","96,675","96,650","23,53K","0,01%"
08.05.2023,"96,670","96,685","96,685","96,660","10,16K","-0,02%"
05.05.2023,"96,690","96,700","96,700","96,675","16,94K","-0,01%"
04.05.2023,"96,695","96,640","96,710","96,625","38,74K","0,06%"
03.05.2023,"96,635","96,635","96,650","96,620","12,82K","-0,02%"
02.05.2023,"96,650","96,645","96,660","96,615","16,23K","0,00%"
28.04.2023,"96,650","96,605","96,660","96,600","16,04K","0,03%"
27.04.2023,"96,620","96,615","96,630","96,605","13,26K","-0,01%"
26.04.2023,"96,625","96,600","96,640","96,590","24,37K","0,04%"
25.04.2023,"96,590","96,560","96,615","96,560","24,16K","0,02%"
24.04.2023,"96,575","96,590","96,600","96,550","13,60K","-0,01%"
21.04.2023,"96,585","96,600","96,605","96,580","16,83K","-0,02%"
20.04.2023,"96,605","96,590","96,605","96,580","12,68K","0,02%"
19.04.2023,"96,590","96,590","96,595","96,565","19,14K","-0,03%"
18.04.2023,"96,615","96,595","96,620","96,585","26,53K","-0,17%"
17.04.2023,"96,781","96,800","96,810","96,800","5,62K","-0,02%"
14.04.2023,"96,805","96,830","96,830","96,800","17,84K","-0,03%"
13.04.2023,"96,830","96,825","96,845","96,810","22,55K","0,00%"
12.04.2023,"96,830","96,860","96,870","96,825","13,18K","-0,03%"
11.04.2023,"96,855","96,905","96,910","96,855","16,91K","-0,05%"
06.04.2023,"96,905","96,920","96,930","96,905","16,83K","-0,03%"
05.04.2023,"96,930","96,910","96,955","96,890","20,89K","0,03%"
04.04.2023,"96,905","96,900","96,920","96,880","20,12K","-0,01%"
03.04.2023,"96,910","96,910","96,920","96,890","10,68K","0,01%"
31.03.2023,"96,900","96,885","96,930","96,865","28,76K","0,00%"
30.03.2023,"96,900","96,930","96,970","96,885","63,05K","-0,03%"
29.03.2023,"96,930","96,890","96,945","96,880","39,39K","0,05%"
28.03.2023,"96,885","96,860","96,900","96,850","25,87K","0,03%"
27.03.2023,"96,860","96,860","96,875","96,850","19,44K","-0,03%"
24.03.2023,"96,885","96,900","96,935","96,855","16,26K","0,04%"
23.03.2023,"96,845","96,845","96,920","96,810","12,56K","0,04%"
22.03.2023,"96,810","96,880","96,880","96,805","34,63K","-0,08%"
21.03.2023,"96,890","96,955","96,955","96,865","23,33K","-0,06%"
20.03.2023,"96,950","96,970","97,070","96,935","23,34K","-0,05%"
17.03.2023,"96,995","96,925","97,005","96,895","21,47K","0,06%"
16.03.2023,"96,940","96,920","97,095","96,880","48,00K","-0,14%"
15.03.2023,"97,075","96,840","97,100","96,790","43,37K","0,22%"
14.03.2023,"96,860","96,955","96,970","96,795","52,54K","-0,19%"
13.03.2023,"97,043","97,040","97,090","97,035","46,60K","0,01%"
10.03.2023,"97,030","97,035","97,055","97,015","198,48K","0,00%"
09.03.2023,"97,030","97,010","97,035","97,005","143,94K","0,02%"
08.03.2023,"97,010","97,000","97,015","96,990","171,17K","0,01%"
07.03.2023,"97,005","97,045","97,055","97,000","197,53K","-0,05%"
06.03.2023,"97,050","97,060","97,070","97,045","173,01K","-0,01%"
03.03.2023,"97,060","97,080","97,090","97,055","161,94K","-0,03%"
02.03.2023,"97,085","97,080","97,095","97,075","138,99K","0,00%"
01.03.2023,"97,085","97,090","97,100","97,075","126,93K","-0,01%"
28.02.2023,"97,095","97,100","97,105","97,085","132,79K","-0,01%"
27.02.2023,"97,100","97,085","97,100","97,075","85,53K","0,02%"
24.02.2023,"97,085","97,085","97,095","97,065","150,68K","0,01%"
23.02.2023,"97,080","97,065","97,095","97,055","130,03K","0,02%"
22.02.2023,"97,065","97,040","97,070","97,035","122,78K","0,02%"
21.02.2023,"97,045","97,045","97,050","97,035","112,17K","0,01%"
20.02.2023,"97,040","97,035","97,045","97,025","54,68K","0,01%"
17.02.2023,"97,035","97,030","97,045","97,020","118,00K","0,01%"
16.02.2023,"97,030","97,030","97,040","97,020","82,54K","0,00%"
15.02.2023,"97,030","97,030","97,040","97,025","97,66K","0,00%"
14.02.2023,"97,030","97,040","97,050","97,030","119,84K","-0,32%"
13.02.2023,"97,346","97,350","97,360","97,350","6,68K","0,00%"
10.02.2023,"97,350","97,345","97,360","97,335","20,74K","0,01%"
09.02.2023,"97,345","97,330","97,350","97,330","19,24K","0,02%"
08.02.2023,"97,330","97,335","97,335","97,325","13,91K","0,00%"
07.02.2023,"97,330","97,340","97,340","97,330","11,99K","-0,01%"
06.02.2023,"97,335","97,330","97,335","97,320","6,18K","0,00%"
03.02.2023,"97,335","97,345","97,355","97,330","17,41K","-0,01%"
02.02.2023,"97,345","97,330","97,370","97,315","27,95K","0,02%"
01.02.2023,"97,330","97,330","97,350","97,320","25,29K","0,01%"
31.01.2023,"97,325","97,325","97,330","97,315","25,33K","0,01%"
30.01.2023,"97,320","97,325","97,330","97,315","16,29K","-0,01%"
27.01.2023,"97,325","97,315","97,325","97,315","11,25K","0,01%"
26.01.2023,"97,320","97,310","97,325","97,310","24,28K","0,01%"
25.01.2023,"97,310","97,295","97,310","97,295","30,92K","0,01%"
24.01.2023,"97,300","97,310","97,315","97,295","21,88K","-0,01%"
23.01.2023,"97,310","97,310","97,315","97,300","10,93K","0,00%"
20.01.2023,"97,310","97,320","97,325","97,310","7,48K","-0,01%"
19.01.2023,"97,320","97,345","97,350","97,315","19,13K","-0,03%"
18.01.2023,"97,350","97,340","97,360","97,320","17,60K","0,00%"
17.01.2023,"97,350","97,300","97,400","97,300","19,62K","-0,32%"
16.01.2023,"97,666","97,645","97,650","97,645","1,63K","0,02%"
13.01.2023,"97,645","97,660","97,675","97,645","19,73K","-0,02%"
12.01.2023,"97,660","97,645","97,675","97,640","24,45K","0,03%"
11.01.2023,"97,635","97,625","97,660","97,625","23,31K","0,02%"
10.01.2023,"97,620","97,615","97,625","97,615","19,06K","0,00%"
09.01.2023,"97,620","97,610","97,620","97,600","11,78K","0,00%"
06.01.2023,"97,620","97,630","97,630","97,600","31,28K","-0,02%"
05.01.2023,"97,635","97,615","97,640","97,600","29,32K","0,02%"
04.01.2023,"97,615","97,610","97,630","97,605","21,38K","0,01%"
03.01.2023,"97,610","97,610","97,620","97,595","20,30K","0,00%"
02.01.2023,"97,610","97,595","97,615","97,595","6,62K","0,01%"
30.12.2022,"97,600","97,615","97,615","97,585","48,82K","-0,01%"
29.12.2022,"97,605","97,590","97,625","97,590","16,92K","0,02%"
28.12.2022,"97,585","97,565","97,590","97,565","41,29K","0,03%"
27.12.2022,"97,555","97,535","97,570","97,535","4,93K","0,02%"
23.12.2022,"97,535","97,530","97,550","97,520","14,07K","0,01%"
22.12.2022,"97,530","97,530","97,540","97,525","10,16K","0,01%"
21.12.2022,"97,525","97,530","97,535","97,520","13,35K","0,00%"
20.12.2022,"97,525","97,525","97,535","97,515","29,79K","-0,42%"
19.12.2022,"97,937","97,930","97,935","97,925","29,16K","0,01%"
16.12.2022,"97,925","97,895","97,930","97,885","154,22K","0,03%"
15.12.2022,"97,900","97,855","97,920","97,855","356,88K","0,05%"
14.12.2022,"97,855","97,870","97,885","97,850","128,05K","-0,02%"
13.12.2022,"97,870","97,850","97,875","97,845","146,06K","0,03%"
12.12.2022,"97,845","97,850","97,860","97,845","130,97K","-0,01%"
09.12.2022,"97,855","97,845","97,860","97,840","106,05K","0,00%"
08.12.2022,"97,855","97,850","97,860","97,845","114,33K","0,00%"
07.12.2022,"97,855","97,860","97,870","97,850","186,12K","-0,01%"
06.12.2022,"97,860","97,870","97,870","97,855","148,95K","-0,01%"
05.12.2022,"97,865","97,845","97,870","97,845","153,11K","0,02%"
02.12.2022,"97,845","97,855","97,875","97,840","175,83K","-0,01%"
01.12.2022,"97,850","97,835","97,860","97,830","162,24K","0,03%"
30.11.2022,"97,825","97,830","97,835","97,815","150,85K","-0,01%"
29.11.2022,"97,835","97,770","97,860","97,770","272,88K","0,06%"
28.11.2022,"97,775","97,770","97,785","97,760","120,15K","0,01%"
25.11.2022,"97,770","97,805","97,805","97,760","105,78K","-0,04%"
24.11.2022,"97,805","97,800","97,830","97,800","110,75K","0,01%"
23.11.2022,"97,800","97,815","97,815","97,790","126,19K","-0,02%"
22.11.2022,"97,820","97,830","97,835","97,815","123,22K","-0,01%"
21.11.2022,"97,830","97,815","97,835","97,805","96,27K","0,01%"
18.11.2022,"97,825","97,800","97,830","97,785","138,19K","0,03%"
17.11.2022,"97,795","97,810","97,830","97,790","114,95K","0,02%"
16.11.2022,"97,780","97,765","97,815","97,735","152,66K","0,02%"
15.11.2022,"97,760","97,735","97,775","97,735","112,67K","-0,46%"
14.11.2022,"98,209","98,205","98,205","98,200","5,29K","0,00%"
11.11.2022,"98,205","98,170","98,210","98,165","20,24K","0,03%"
10.11.2022,"98,175","98,145","98,180","98,140","21,59K","0,03%"
09.11.2022,"98,145","98,135","98,150","98,135","14,08K","0,01%"
08.11.2022,"98,135","98,160","98,160","98,135","20,10K","-0,02%"
07.11.2022,"98,150","98,150","98,160","98,140","14,75K","0,01%"
04.11.2022,"98,145","98,145","98,160","98,145","10,28K","0,01%"
03.11.2022,"98,140","98,125","98,155","98,120","15,47K","0,00%"
02.11.2022,"98,140","98,140","98,150","98,125","18,77K","-0,01%"
01.11.2022,"98,145","98,155","98,160","98,140","22,01K","0,00%"
31.10.2022,"98,145","98,175","98,175","98,140","11,31K","-0,04%"
28.10.2022,"98,180","98,230","98,230","98,170","10,02K","-0,04%"
27.10.2022,"98,215","98,185","98,230","98,165","27,68K","0,04%"
26.10.2022,"98,180","98,170","98,200","98,170","21,44K","0,01%"
25.10.2022,"98,170","98,165","98,180","98,155","9,10K","0,01%"
24.10.2022,"98,160","98,150","98,180","98,150","9,60K","0,02%"
21.10.2022,"98,145","98,135","98,165","98,120","16,06K","0,01%"
20.10.2022,"98,135","98,135","98,140","98,125","11,58K","-0,01%"
19.10.2022,"98,145","98,150","98,155","98,135","17,70K","-0,01%"
18.10.2022,"98,150","98,140","98,155","98,135","16,36K","-0,40%"
17.10.2022,"98,542","98,570","98,580","98,570","2,45K","-0,03%"
14.10.2022,"98,575","98,570","98,575","98,565","15,33K","0,02%"
13.10.2022,"98,560","98,550","98,570","98,545","18,58K","0,01%"
12.10.2022,"98,550","98,555","98,575","98,545","12,24K","-0,01%"
11.10.2022,"98,555","98,530","98,560","98,525","14,07K","0,02%"
10.10.2022,"98,535","98,580","98,580","98,530","13,56K","-0,04%"
07.10.2022,"98,570","98,615","98,625","98,570","15,66K","-0,06%"
06.10.2022,"98,625","98,640","98,650","98,615","14,10K","-0,01%"
05.10.2022,"98,635","98,655","98,660","98,620","9,84K","-0,03%"
04.10.2022,"98,660","98,655","98,700","98,650","20,41K","0,00%"
03.10.2022,"98,660","98,585","98,675","98,575","10,52K","0,07%"
30.09.2022,"98,590","98,580","98,605","98,580","14,98K","0,04%"
29.09.2022,"98,555","98,505","98,580","98,470","28,25K","0,06%"
28.09.2022,"98,500","98,475","98,530","98,465","40,73K","0,04%"
27.09.2022,"98,465","98,435","98,485","98,435","11,72K","0,03%"
26.09.2022,"98,440","98,460","98,460","98,410","17,99K","-0,03%"
23.09.2022,"98,470","98,465","98,485","98,450","13,49K","0,01%"
22.09.2022,"98,465","98,435","98,475","98,410","14,87K","0,01%"
21.09.2022,"98,455","98,455","98,470","98,425","18,34K","0,02%"
20.09.2022,"98,435","98,455","98,455","98,425","20,35K","-0,50%"
19.09.2022,"98,934","98,935","98,940","98,925","13,08K","0,01%"
16.09.2022,"98,925","98,950","98,950","98,920","157,04K","-0,02%"
15.09.2022,"98,945","98,940","98,950","98,915","115,64K","0,01%"
14.09.2022,"98,935","98,930","98,940","98,910","130,78K","0,00%"
13.09.2022,"98,935","98,955","98,955","98,930","131,03K","-0,02%"
12.09.2022,"98,955","98,960","98,960","98,935","115,60K","-0,01%"
09.09.2022,"98,965","98,950","98,975","98,940","131,17K","-0,01%"
08.09.2022,"98,975","99,055","99,060","98,945","313,81K","-0,08%"
07.09.2022,"99,050","99,050","99,065","99,035","176,01K","-0,01%"
06.09.2022,"99,055","99,045","99,135","99,020","282,09K","0,01%"
05.09.2022,"99,045","99,060","99,070","99,025","95,54K","-0,03%"
02.09.2022,"99,070","99,060","99,085","99,045","166,59K","0,02%"
01.09.2022,"99,055","99,040","99,065","99,025","141,24K","-0,01%"
31.08.2022,"99,060","99,070","99,105","99,040","195,14K","-0,01%"
30.08.2022,"99,065","99,090","99,150","99,060","188,17K","-0,04%"
29.08.2022,"99,100","99,090","99,115","99,065","149,80K","-0,05%"
26.08.2022,"99,150","99,225","99,235","99,090","207,19K","-0,09%"
25.08.2022,"99,235","99,210","99,250","99,205","100,72K","0,02%"
24.08.2022,"99,220","99,235","99,245","99,210","120,69K","-0,02%"
23.08.2022,"99,240","99,240","99,280","99,205","171,92K","-0,01%"
22.08.2022,"99,245","99,250","99,260","99,225","126,02K","-0,01%"
19.08.2022,"99,255","99,260","99,275","99,230","121,17K","-0,03%"
18.08.2022,"99,285","99,300","99,315","99,260","86,13K","-0,01%"
17.08.2022,"99,295","99,345","99,345","99,280","133,36K","-0,05%"
16.08.2022,"99,340","99,345","99,370","99,330","90,33K","-0,32%"
15.08.2022,"99,661","99,665","99,670","99,660","1,65K","0,00%"
12.08.2022,"99,665","99,650","99,670","99,650","7,72K","0,01%"
11.08.2022,"99,655","99,640","99,665","99,640","11,27K","0,02%"
10.08.2022,"99,635","99,625","99,640","99,620","4,22K","0,01%"
09.08.2022,"99,625","99,610","99,625","99,610","5,04K","0,01%"
08.08.2022,"99,615","99,610","99,620","99,605","6,04K","0,00%"
05.08.2022,"99,615","99,615","99,630","99,610","5,08K","0,00%"
04.08.2022,"99,615","99,615","99,620","99,605","6,09K","-0,01%"
03.08.2022,"99,620","99,605","99,620","99,605","7,69K","0,00%"
02.08.2022,"99,620","99,615","99,650","99,600","13,70K","-0,01%"
01.08.2022,"99,630","99,615","99,635","99,610","6,24K","0,01%"
29.07.2022,"99,620","99,605","99,620","99,595","5,52K","-0,01%"
28.07.2022,"99,630","99,590","99,640","99,545","16,10K","0,05%"
27.07.2022,"99,585","99,580","99,595","99,560","17,27K","0,01%"
26.07.2022,"99,580","99,575","99,585","99,560","7,37K","0,02%"
25.07.2022,"99,565","99,545","99,580","99,540","8,44K","0,01%"
22.07.2022,"99,560","99,495","99,585","99,490","15,21K","0,08%"
21.07.2022,"99,485","99,570","99,600","99,440","43,71K","-0,06%"
20.07.2022,"99,545","99,505","99,600","99,490","46,45K","0,03%"
19.07.2022,"99,520","99,605","99,620","99,495","35,47K","-0,43%"
18.07.2022,"99,953","99,955","99,955","99,945","1,47K","-0,01%"
15.07.2022,"99,965","99,970","99,980","99,925","14,92K","0,01%"
14.07.2022,"99,955","99,900","99,970","99,890","27,59K","0,00%"
13.07.2022,"99,960","99,995","100,005","99,895","13,88K","-0,04%"
12.07.2022,"100,000","100,000","100,020","99,995","9,02K","0,00%"
11.07.2022,"100,000","100,000","100,005","99,990","5,26K","0,00%"
08.07.2022,"100,000","100,020","100,035","99,995","20,44K","-0,04%"
07.07.2022,"100,040","100,060","100,060","100,015","15,96K","-0,02%"
06.07.2022,"100,065","100,055","100,080","100,050","10,15K","0,01%"
05.07.2022,"100,060","100,060","100,075","100,050","9,40K","0,00%"
04.07.2022,"100,060","100,110","100,110","100,060","5,53K","-0,04%"
01.07.2022,"100,100","100,080","100,110","100,060","15,59K","0,03%"
30.06.2022,"100,065","100,045","100,090","100,040","15,67K","0,02%"
29.06.2022,"100,045","100,020","100,110","100,015","34,44K","0,03%"
28.06.2022,"100,010","100,000","100,030","99,985","41,69K","0,02%"
27.06.2022,"99,995","99,995","100,005","99,980","11,25K","0,00%"
24.06.2022,"99,995","99,980","100,005","99,975","19,78K","0,02%"
23.06.2022,"99,975","99,960","99,995","99,960","23,91K","0,02%"
22.06.2022,"99,960","99,925","99,965","99,925","15,43K","0,04%"
21.06.2022,"99,920","99,890","99,925","99,890","11,86K","0,03%"
20.06.2022,"99,895","99,875","99,895","99,870","5,55K","0,02%"
17.06.2022,"99,875","99,865","99,885","99,840","11,02K","0,01%"
16.06.2022,"99,865","99,885","99,890","99,835","22,91K","0,01%"
15.06.2022,"99,860","99,835","99,890","99,785","27,65K","-0,02%"
14.06.2022,"99,880","99,860","99,895","99,835","30,06K","-0,40%"
13.06.2022,"100,281","100,285","100,290","100,285","6,60K","0,00%"
10.06.2022,"100,285","100,285","100,300","100,280","109,86K","0,00%"
09.06.2022,"100,290","100,235","100,305","100,235","259,82K","0,04%"
08.06.2022,"100,245","100,245","100,250","100,235","107,68K","0,00%"
07.06.2022,"100,250","100,245","100,250","100,240","79,87K","0,01%"
06.06.2022,"100,240","100,255","100,260","100,235","81,36K","-0,01%"
03.06.2022,"100,255","100,260","100,265","100,255","32,82K","0,00%"
02.06.2022,"100,260","100,260","100,265","100,250","55,58K","0,00%"
01.06.2022,"100,255","100,250","100,260","100,235","99,53K","0,00%"
31.05.2022,"100,255","100,260","100,260","100,245","67,05K","0,00%"
30.05.2022,"100,255","100,250","100,265","100,245","64,70K","0,00%"
27.05.2022,"100,260","100,250","100,265","100,250","53,85K","0,00%"
26.05.2022,"100,255","100,240","100,260","100,240","73,19K","0,01%"
25.05.2022,"100,245","100,235","100,250","100,235","66,13K","0,01%"
24.05.2022,"100,235","100,240","100,245","100,220","92,15K","0,00%"
23.05.2022,"100,235","100,235","100,245","100,220","86,49K","0,00%"
20.05.2022,"100,230","100,205","100,235","100,195","79,34K","0,01%"
19.05.2022,"100,215","100,220","100,225","100,200","87,38K","0,00%"
18.05.2022,"100,220","100,230","100,235","100,200","156,49K","-0,01%"
17.05.2022,"100,230","100,245","100,250","100,185","151,12K","-0,17%"
16.05.2022,"100,403","100,395","100,400","100,395","8,47K","0,00%"
13.05.2022,"100,400","100,395","100,405","100,395","6,11K","0,01%"
12.05.2022,"100,390","100,390","100,400","100,385","7,48K","0,00%"
11.05.2022,"100,390","100,395","100,400","100,385","10,89K","0,00%"
10.05.2022,"100,395","100,385","100,395","100,375","6,71K","0,01%"
09.05.2022,"100,385","100,355","100,385","100,350","7,71K","0,02%"
06.05.2022,"100,360","100,380","100,385","100,335","11,57K","-0,03%"
05.05.2022,"100,390","100,390","100,405","100,370","5,39K","0,00%"
04.05.2022,"100,385","100,370","100,390","100,365","5,31K","0,01%"
03.05.2022,"100,375","100,375","100,375","100,365","3,97K","0,00%"
02.05.2022,"100,370","100,360","100,370","100,355","2,65K","0,00%"
29.04.2022,"100,365","100,370","100,380","100,355","5,29K","0,00%"
28.04.2022,"100,365","100,370","100,385","100,365","14,88K","-0,01%"
27.04.2022,"100,375","100,375","100,380","100,365","15,75K","0,00%"
26.04.2022,"100,375","100,360","100,380","100,360","11,21K","0,01%"
25.04.2022,"100,365","100,350","100,370","100,350","5,18K","0,00%"
22.04.2022,"100,360","100,375","100,385","100,345","10,06K","-0,02%"
21.04.2022,"100,385","100,420","100,420","100,380","12,11K","-0,03%"
20.04.2022,"100,415","100,410","100,430","100,405","8,71K","0,00%"
19.04.2022,"100,415","100,400","100,425","100,400","6,62K","-0,04%"
14.04.2022,"100,452","100,435","100,440","100,435","0,72K","0,01%"
13.04.2022,"100,440","100,425","100,445","100,425","10,99K","0,01%"
12.04.2022,"100,430","100,430","100,430","100,420","5,77K","0,00%"
11.04.2022,"100,435","100,430","100,440","100,425","10,25K","-0,01%"
08.04.2022,"100,445","100,450","100,450","100,435","16,22K","0,00%"
07.04.2022,"100,450","100,455","100,460","100,445","5,44K","0,00%"
06.04.2022,"100,455","100,460","100,460","100,450","8,30K","0,00%"
05.04.2022,"100,460","100,455","100,465","100,450","16,40K","0,00%"
04.04.2022,"100,455","100,465","100,470","100,450","15,11K","-0,01%"
01.04.2022,"100,465","100,455","100,460","100,450","7,25K","0,01%"
31.03.2022,"100,455","100,455","100,460","100,450","12,71K","0,00%"
30.03.2022,"100,455","100,455","100,460","100,445","16,17K","0,00%"
29.03.2022,"100,460","100,460","100,465","100,455","16,49K","0,00%"
28.03.2022,"100,455","100,455","100,465","100,450","6,73K","0,00%"
25.03.2022,"100,455","100,460","100,460","100,455","8,24K","0,00%"
24.03.2022,"100,460","100,465","100,465","100,455","17,68K","0,00%"
23.03.2022,"100,465","100,465","100,470","100,460","3,99K","0,00%"
22.03.2022,"100,465","100,445","100,465","100,445","8,78K","0,01%"
21.03.2022,"100,450","100,430","100,455","100,430","6,12K","0,01%"
18.03.2022,"100,440","100,435","100,445","100,435","6,84K","0,00%"
17.03.2022,"100,435","100,405","100,450","100,405","14,22K","0,02%"
16.03.2022,"100,415","100,420","100,420","100,405","13,68K","-0,01%"
15.03.2022,"100,425","100,425","100,430","100,420","17,03K","-0,07%"
14.03.2022,"100,500","100,500","100,500","100,495","11,65K","0,00%"
11.03.2022,"100,500","100,490","100,500","100,485","58,83K","0,01%"
10.03.2022,"100,490","100,480","100,495","100,470","79,67K","0,01%"
09.03.2022,"100,480","100,465","100,490","100,465","76,75K","0,02%"
08.03.2022,"100,460","100,455","100,480","100,440","110,16K","0,00%"
07.03.2022,"100,455","100,475","100,480","100,430","87,35K","0,00%"
04.03.2022,"100,460","100,480","100,495","100,435","182,31K","-0,04%"
03.03.2022,"100,505","100,515","100,520","100,480","89,79K","-0,01%"
02.03.2022,"100,515","100,515","100,520","100,510","72,23K","0,00%"
01.03.2022,"100,515","100,505","100,525","100,505","104,63K","0,00%"
28.02.2022,"100,510","100,500","100,510","100,465","124,37K","0,00%"
25.02.2022,"100,510","100,510","100,515","100,505","68,96K","0,00%"
24.02.2022,"100,510","100,510","100,515","100,495","142,38K","0,00%"
23.02.2022,"100,505","100,505","100,510","100,505","40,96K","0,00%"
22.02.2022,"100,505","100,510","100,515","100,505","39,99K","0,00%"
21.02.2022,"100,510","100,510","100,515","100,505","23,99K","0,00%"
18.02.2022,"100,515","100,515","100,520","100,510","42,70K","0,00%"
17.02.2022,"100,515","100,515","100,520","100,505","55,20K","0,00%"
16.02.2022,"100,510","100,505","100,515","100,495","63,11K","0,01%"
15.02.2022,"100,500","100,495","100,500","100,490","37,98K","-0,02%"
14.02.2022,"100,516","100,510","100,520","100,510","3,67K","0,01%"
11.02.2022,"100,510","100,505","100,520","100,485","14,26K","-0,01%"
10.02.2022,"100,520","100,530","100,530","100,505","20,51K","-0,01%"
09.02.2022,"100,530","100,535","100,540","100,525","2,86K","0,00%"
08.02.2022,"100,535","100,535","100,535","100,530","11,57K","0,00%"
07.02.2022,"100,530","100,530","100,535","100,525","13,22K","0,00%"
04.02.2022,"100,535","100,535","100,540","100,525","9,16K","0,00%"
03.02.2022,"100,535","100,540","100,545","100,535","13,12K","0,00%"
02.02.2022,"100,540","100,540","100,545","100,535","6,92K","0,00%"
01.02.2022,"100,540","100,540","100,545","100,540","1,06K","0,00%"
31.01.2022,"100,540","100,545","100,545","100,535","17,03K","0,00%"
28.01.2022,"100,545","100,545","100,545","100,540","13,32K","0,00%"
27.01.2022,"100,540","100,545","100,550","100,540","8,01K","-0,01%"
26.01.2022,"100,550","100,545","100,550","100,545","4,88K","0,00%"
25.01.2022,"100,545","100,540","100,545","100,540","14,70K","0,00%"
24.01.2022,"100,540","100,550","100,550","100,540","7,18K","0,00%"
21.01.2022,"100,545","100,550","100,550","100,545","6,65K","0,00%"
20.01.2022,"100,550","100,550","100,550","100,545","0,47K","0,00%"
19.01.2022,"100,550","100,550","100,550","100,545","14,52K","0,00%"
18.01.2022,"100,550","100,545","100,550","100,545","3,19K","-0,01%"
17.01.2022,"100,560","100,565","100,565","100,565","11,11K","-0,01%"
14.01.2022,"100,570","100,565","100,570","100,560","16,22K","0,00%"
13.01.2022,"100,565","100,565","100,565","100,560","2,57K","0,00%"
12.01.2022,"100,565","100,560","100,565","100,560","9,64K","0,00%"
11.01.2022,"100,560","100,560","100,565","100,560","18,86K","0,00%"
10.01.2022,"100,560","100,565","100,565","100,560","1,22K","0,00%"
07.01.2022,"100,565","100,565","100,570","100,565","5,79K","0,00%"
06.01.2022,"100,565","100,565","100,565","100,565","18,82K","0,00%"
05.01.2022,"100,565","100,560","100,565","100,560","11,94K","0,00%"
04.01.2022,"100,560","100,560","100,565","100,555","31,37K","0,00%"
03.01.2022,"100,555","100,555","100,560","100,555","1,81K","0,00%"
31.12.2021,"100,555","100,555","100,560","100,555","0,56K","0,00%"
30.12.2021,"100,555","100,555","100,560","100,555","11,08K","0,00%"
29.12.2021,"100,555","100,560","100,560","100,555","22,36K","0,00%"
28.12.2021,"100,560","100,560","100,560","100,555","3,33K","0,00%"
27.12.2021,"100,560","100,555","100,560","100,555","1,18K","0,00%"
24.12.2021,"100,555","100,555","100,560","100,555","0,75K","0,00%"
23.12.2021,"100,555","100,555","100,555","100,555","5,40K","0,00%"
22.12.2021,"100,555","100,555","100,560","100,550","5,95K","0,00%"
21.12.2021,"100,560","100,560","100,560","100,555","4,18K","0,00%"
20.12.2021,"100,555","100,555","100,560","100,555","4,50K","0,00%"
17.12.2021,"100,555","100,555","100,560","100,550","10,90K","0,00%"
16.12.2021,"100,555","100,550","100,555","100,550","10,98K","0,00%"
15.12.2021,"100,555","100,555","100,555","100,550","8,46K","0,00%"
14.12.2021,"100,555","100,555","100,560","100,550","18,45K","-0,05%"
13.12.2021,"100,603","100,585","100,585","100,580","4,47K","0,02%"
10.12.2021,"100,585","100,575","100,585","100,575","69,21K","0,01%"
09.12.2021,"100,575","100,565","100,580","100,565","108,13K","0,00%"
08.12.2021,"100,570","100,565","100,570","100,565","43,77K","0,00%"
07.12.2021,"100,565","100,560","100,570","100,560","33,76K","0,00%"
06.12.2021,"100,565","100,560","100,565","100,560","29,70K","0,00%"
03.12.2021,"100,565","100,570","100,570","100,560","87,37K","0,00%"
02.12.2021,"100,570","100,570","100,575","100,565","68,12K","0,00%"
01.12.2021,"100,575","100,575","100,580","100,570","73,80K","0,00%"
30.11.2021,"100,575","100,575","100,580","100,570","36,84K","0,00%"
29.11.2021,"100,575","100,570","100,575","100,570","63,32K","0,00%"
26.11.2021,"100,575","100,575","100,580","100,570","62,66K","0,00%"
25.11.2021,"100,575","100,575","100,580","100,570","62,97K","0,00%"
24.11.2021,"100,580","100,570","100,580","100,565","86,39K","0,01%"
23.11.2021,"100,565","100,565","100,570","100,565","32,21K","0,00%"
22.11.2021,"100,565","100,565","100,570","100,565","17,36K","0,00%"
19.11.2021,"100,565","100,565","100,570","100,560","50,56K","0,00%"
18.11.2021,"100,565","100,565","100,570","100,560","47,71K","0,00%"
17.11.2021,"100,565","100,565","100,570","100,560","67,98K","0,00%"
16.11.2021,"100,565","100,560","100,565","100,555","36,65K","0,00%"
15.11.2021,"100,561","100,565","100,565","100,565","0,52K","0,00%"
12.11.2021,"100,565","100,565","100,570","100,560","11,83K","0,00%"
11.11.2021,"100,565","100,570","100,570","100,560","9,20K","0,00%"
10.11.2021,"100,570","100,565","100,570","100,560","3,31K","0,00%"
09.11.2021,"100,565","100,570","100,570","100,565","15,73K","0,00%"
08.11.2021,"100,570","100,570","100,570","100,565","3,14K","0,00%"
05.11.2021,"100,570","100,565","100,570","100,565","3,25K","0,00%"
04.11.2021,"100,570","100,570","100,570","100,565","3,46K","0,00%"
03.11.2021,"100,570","100,560","100,570","100,560","8,49K","0,01%"
02.11.2021,"100,560","100,555","100,565","100,555","6,43K","0,00%"
01.11.2021,"100,555","100,555","100,555","100,550","5,93K","0,00%"
29.10.2021,"100,555","100,545","100,555","100,545","16,75K","0,01%"
28.10.2021,"100,545","100,545","100,550","100,540","10,88K","0,00%"
27.10.2021,"100,550","100,550","100,550","100,540","12,67K","0,00%"
26.10.2021,"100,545","100,545","100,550","100,545","1,26K","0,00%"
25.10.2021,"100,545","100,545","100,545","100,545","1,37K","0,00%"
22.10.2021,"100,545","100,545","100,545","100,540","3,51K","0,00%"
21.10.2021,"100,545","100,545","100,545","100,540","5,16K","0,00%"
20.10.2021,"100,545","100,545","100,545","100,545","4,35K","0,00%"
19.10.2021,"100,545","100,545","100,545","100,540","6,15K","0,00%"
18.10.2021,"100,548","100,545","100,550","100,545","5,50K","0,00%"
15.10.2021,"100,545","100,545","100,550","100,545","3,08K","0,00%"
14.10.2021,"100,550","100,550","100,550","100,545","8,87K","0,00%"
13.10.2021,"100,545","100,550","100,550","100,545","6,47K","0,00%"
12.10.2021,"100,550","100,550","100,550","100,545","1,47K","0,00%"
11.10.2021,"100,545","100,545","100,550","100,545","2,62K","0,00%"
08.10.2021,"100,550","100,550","100,550","100,545","4,47K","0,00%"
07.10.2021,"100,545","100,545","100,550","100,545","2,76K","0,00%"
06.10.2021,"100,545","100,550","100,550","100,545","1,31K","0,00%"
05.10.2021,"100,550","100,550","100,550","100,545","1,72K","0,00%"
04.10.2021,"100,545","100,545","100,550","100,545","2,70K","0,00%"
01.10.2021,"100,545","100,545","100,545","100,540","11,42K","0,00%"
30.09.2021,"100,545","100,540","100,545","100,540","4,31K","0,00%"
29.09.2021,"100,545","100,545","100,545","100,540","3,19K","0,00%"
28.09.2021,"100,540","100,540","100,545","100,535","11,82K","0,00%"
27.09.2021,"100,540","100,540","100,540","100,535","6,01K","0,00%"
24.09.2021,"100,540","100,540","100,540","100,535","6,04K","0,00%"
23.09.2021,"100,535","100,540","100,545","100,535","7,56K","0,00%"
22.09.2021,"100,540","100,545","100,545","100,540","4,61K","0,00%"
21.09.2021,"100,540","100,540","100,545","100,540","2,96K","0,00%"
20.09.2021,"100,540","100,540","100,540","100,535","5,64K","0,00%"
17.09.2021,"100,540","100,540","100,545","100,540","7,27K","0,00%"
16.09.2021,"100,545","100,540","100,545","100,540","5,94K","0,00%"
15.09.2021,"100,540","100,540","100,545","100,535","15,53K","0,00%"
14.09.2021,"100,540","100,540","100,545","100,540","12,30K","0,00%"
13.09.2021,"100,544","100,545","100,545","100,540","11,23K","0,00%"
10.09.2021,"100,540","100,545","100,545","100,540","38,05K","0,00%"
09.09.2021,"100,545","100,545","100,545","100,540","21,56K","0,00%"
08.09.2021,"100,540","100,545","100,545","100,540","20,49K","0,00%"
07.09.2021,"100,545","100,550","100,550","100,540","45,27K","0,00%"
06.09.2021,"100,545","100,550","100,550","100,545","9,03K","0,00%"
03.09.2021,"100,550","100,545","100,550","100,545","21,03K","0,00%"
02.09.2021,"100,550","100,550","100,550","100,545","13,27K","0,00%"
01.09.2021,"100,550","100,550","100,550","100,545","14,56K","0,00%"
31.08.2021,"100,545","100,550","100,550","100,545","17,38K","0,00%"
30.08.2021,"100,545","100,545","100,550","100,545","8,86K","0,00%"
27.08.2021,"100,545","100,545","100,550","100,545","15,78K","0,00%"
26.08.2021,"100,545","100,550","100,550","100,545","15,05K","0,00%"
25.08.2021,"100,545","100,545","100,550","100,545","21,05K","0,00%"
24.08.2021,"100,545","100,545","100,550","100,540","31,65K","0,00%"
23.08.2021,"100,545","100,540","100,545","100,540","20,08K","0,00%"
20.08.2021,"100,545","100,540","100,545","100,540","12,18K","0,00%"
19.08.2021,"100,545","100,545","100,545","100,540","9,18K","0,00%"
18.08.2021,"100,545","100,540","100,545","100,540","10,55K","0,00%"
17.08.2021,"100,545","100,545","100,545","100,540","13,41K","0,00%"
16.08.2021,"100,550","100,555","100,555","100,550","1,35K","0,00%"
13.08.2021,"100,550","100,550","100,555","100,550","0,58K","0,00%"
12.08.2021,"100,550","100,545","100,555","100,545","7,89K","0,00%"
11.08.2021,"100,545","100,540","100,550","100,540","9,58K","0,00%"
10.08.2021,"100,545","100,540","100,545","100,540","0,95K","0,00%"
09.08.2021,"100,540","100,540","100,545","100,540","1,60K","0,00%"
06.08.2021,"100,540","100,540","100,545","100,540","2,35K","0,00%"
05.08.2021,"100,540","100,540","100,545","100,540","3,71K","0,00%"
04.08.2021,"100,545","100,545","100,545","100,540","2,59K","0,00%"
03.08.2021,"100,540","100,540","100,545","100,540","1,40K","0,00%"
02.08.2021,"100,545","100,540","100,545","100,540","1,39K","0,00%"
30.07.2021,"100,540","100,540","100,545","100,540","0,19K","0,00%"
29.07.2021,"100,540","100,540","100,545","100,540","3,62K","0,00%"
28.07.2021,"100,540","100,535","100,545","100,535","2,84K","0,00%"
27.07.2021,"100,540","100,540","100,540","100,535","4,03K","0,00%"
26.07.2021,"100,540","100,540","100,540","100,535","2,32K","0,00%"
23.07.2021,"100,540","100,540","100,545","100,540","4,35K","0,00%"
22.07.2021,"100,545","100,535","100,545","100,535","7,29K","0,01%"
21.07.2021,"100,535","100,535","100,535","100,530","6,90K","0,00%"
20.07.2021,"100,535","100,540","100,540","100,530","6,18K","-0,01%"
19.07.2021,"100,548","100,550","100,550","100,545","2,15K","0,00%"
16.07.2021,"100,550","100,545","100,550","100,545","3,36K","0,00%"
15.07.2021,"100,545","100,545","100,550","100,545","6,44K","0,00%"
14.07.2021,"100,545","100,545","100,545","100,540","3,79K","0,00%"
13.07.2021,"100,545","100,545","100,550","100,540","9,22K","0,00%"
12.07.2021,"100,545","100,545","100,545","100,540","1,72K","0,00%"
09.07.2021,"100,545","100,545","100,550","100,545","4,70K","0,00%"
08.07.2021,"100,545","100,545","100,550","100,545","2,38K","0,00%"
07.07.2021,"100,545","100,540","100,550","100,540","8,27K","0,00%"
06.07.2021,"100,545","100,545","100,545","100,540","1,56K","0,00%"
05.07.2021,"100,545","100,545","100,545","100,540","4,36K","0,00%"
02.07.2021,"100,545","100,545","100,545","100,540","8,94K","0,00%"
01.07.2021,"100,545","100,545","100,545","100,540","5,44K","0,00%"
30.06.2021,"100,545","100,545","100,545","100,540","5,74K","0,00%"
29.06.2021,"100,545","100,540","100,545","100,540","12,59K","0,00%"
28.06.2021,"100,545","100,540","100,545","100,540","10,83K","0,00%"
25.06.2021,"100,540","100,540","100,540","100,535","2,44K","0,00%"
24.06.2021,"100,540","100,540","100,540","100,535","3,43K","0,00%"
23.06.2021,"100,535","100,535","100,540","100,530","9,50K","0,00%"
22.06.2021,"100,535","100,535","100,540","100,535","9,95K","0,00%"
21.06.2021,"100,535","100,540","100,540","100,535","3,74K","0,00%"
18.06.2021,"100,540","100,540","100,540","100,535","11,81K","0,00%"
17.06.2021,"100,540","100,540","100,540","100,535","2,57K","0,00%"
16.06.2021,"100,540","100,535","100,540","100,535","31,34K","0,00%"
15.06.2021,"100,535","100,540","100,540","100,535","1,87K","-0,01%"
14.06.2021,"100,546","100,545","100,550","100,545","8,16K","0,00%"
11.06.2021,"100,545","100,540","100,550","100,540","90,99K","0,00%"
10.06.2021,"100,545","100,540","100,545","100,540","34,21K","0,00%"
09.06.2021,"100,540","100,540","100,545","100,540","27,35K","0,00%"
08.06.2021,"100,540","100,540","100,545","100,540","26,77K","0,00%"
07.06.2021,"100,540","100,545","100,545","100,540","20,21K","0,00%"
04.06.2021,"100,545","100,545","100,545","100,540","19,52K","0,00%"
03.06.2021,"100,545","100,545","100,545","100,540","17,65K","0,00%"
02.06.2021,"100,545","100,545","100,545","100,540","17,54K","0,00%"
01.06.2021,"100,545","100,545","100,545","100,540","28,19K","0,00%"
31.05.2021,"100,545","100,540","100,545","100,535","18,97K","0,00%"
28.05.2021,"100,540","100,535","100,545","100,535","54,11K","0,00%"
27.05.2021,"100,540","100,535","100,540","100,535","33,78K","0,00%"
26.05.2021,"100,535","100,535","100,540","100,535","29,46K","0,00%"
25.05.2021,"100,535","100,535","100,540","100,535","32,24K","0,00%"
24.05.2021,"100,535","100,540","100,540","100,535","21,89K","0,00%"
21.05.2021,"100,540","100,540","100,540","100,535","26,10K","0,00%"
20.05.2021,"100,540","100,545","100,545","100,535","41,09K","0,00%"
19.05.2021,"100,540","100,540","100,545","100,535","44,24K","0,00%"
18.05.2021,"100,540","100,535","100,545","100,535","67,91K","-0,01%"
17.05.2021,"100,548","100,545","100,545","100,545","1,98K","0,00%"
14.05.2021,"100,550","100,540","100,550","100,540","7,45K","0,01%"
13.05.2021,"100,540","100,540","100,545","100,535","8,97K","0,00%"
12.05.2021,"100,535","100,530","100,540","100,530","6,76K","0,00%"
11.05.2021,"100,535","100,535","100,535","100,530","0,95K","0,00%"
10.05.2021,"100,535","100,530","100,535","100,530","1,36K","0,00%"
07.05.2021,"100,530","100,535","100,535","100,530","3,75K","0,00%"
06.05.2021,"100,535","100,530","100,535","100,530","1,81K","0,00%"
05.05.2021,"100,530","100,540","100,540","100,530","7,23K","0,00%"
04.05.2021,"100,535","100,540","100,540","100,535","3,67K","0,00%"
03.05.2021,"100,535","100,540","100,540","100,535","1,33K","0,00%"
30.04.2021,"100,535","100,535","100,540","100,535","2,52K","0,00%"
29.04.2021,"100,540","100,540","100,540","100,535","17,62K","0,00%"
28.04.2021,"100,540","100,540","100,540","100,535","4,31K","0,00%"
27.04.2021,"100,540","100,540","100,540","100,535","4,22K","0,00%"
26.04.2021,"100,540","100,540","100,540","100,535","2,23K","0,00%"
23.04.2021,"100,540","100,540","100,540","100,535","4,18K","0,00%"
22.04.2021,"100,540","100,540","100,545","100,535","10,95K","0,00%"
21.04.2021,"100,535","100,535","100,540","100,535","7,15K","0,00%"
20.04.2021,"100,530","100,535","100,540","100,530","11,48K","-0,01%"
19.04.2021,"100,537","100,540","100,540","100,535","0,42K","0,00%"
16.04.2021,"100,540","100,540","100,540","100,535","4,56K","0,00%"
15.04.2021,"100,540","100,540","100,545","100,535","9,36K","0,00%"
14.04.2021,"100,540","100,540","100,545","100,540","4,26K","0,00%"
13.04.2021,"100,545","100,540","100,545","100,540","3,91K","0,00%"
12.04.2021,"100,540","100,545","100,550","100,540","9,21K","0,00%"
09.04.2021,"100,545","100,545","100,550","100,545","3,02K","0,00%"
08.04.2021,"100,545","100,545","100,550","100,545","4,02K","0,00%"
07.04.2021,"100,545","100,545","100,550","100,540","12,60K","0,00%"
06.04.2021,"100,545","100,545","100,545","100,540","3,24K","0,00%"
01.04.2021,"100,545","100,545","100,545","100,540","4,91K","0,00%"
31.03.2021,"100,540","100,550","100,550","100,540","14,49K","0,00%"
30.03.2021,"100,545","100,540","100,550","100,540","7,64K","0,00%"
29.03.2021,"100,545","100,540","100,545","100,540","5,12K","0,00%"
26.03.2021,"100,540","100,545","100,545","100,540","5,65K","0,00%"
25.03.2021,"100,540","100,540","100,545","100,535","8,35K","0,00%"
24.03.2021,"100,540","100,540","100,545","100,535","8,12K","0,00%"
23.03.2021,"100,540","100,540","100,540","100,535","14,46K","0,00%"
22.03.2021,"100,540","100,540","100,545","100,535","7,12K","0,00%"
19.03.2021,"100,540","100,540","100,545","100,535","23,35K","0,00%"
18.03.2021,"100,535","100,535","100,540","100,535","6,57K","0,00%"
17.03.2021,"100,535","100,540","100,540","100,535","12,42K","0,00%"
16.03.2021,"100,540","100,540","100,545","100,535","12,17K","0,00%"
15.03.2021,"100,538","100,540","100,540","100,535","6,72K","0,00%"
12.03.2021,"100,535","100,540","100,545","100,535","83,31K","0,00%"
11.03.2021,"100,540","100,535","100,545","100,535","87,09K","0,00%"
10.03.2021,"100,540","100,540","100,545","100,535","102,51K","0,00%"
09.03.2021,"100,540","100,535","100,540","100,535","25,90K","0,00%"
08.03.2021,"100,535","100,535","100,540","100,535","18,34K","0,00%"
05.03.2021,"100,535","100,535","100,540","100,530","27,36K","0,00%"
04.03.2021,"100,535","100,535","100,540","100,530","31,40K","0,00%"
03.03.2021,"100,540","100,540","100,545","100,535","69,74K","0,00%"
02.03.2021,"100,540","100,535","100,540","100,530","57,11K","0,00%"
01.03.2021,"100,535","100,525","100,540","100,520","65,37K","0,01%"
26.02.2021,"100,525","100,530","100,535","100,515","95,78K","0,00%"
25.02.2021,"100,525","100,530","100,535","100,525","139,63K","0,00%"
24.02.2021,"100,530","100,535","100,535","100,530","46,98K","0,00%"
23.02.2021,"100,535","100,535","100,540","100,530","28,70K","0,00%"
22.02.2021,"100,535","100,535","100,540","100,535","29,54K","0,00%"
19.02.2021,"100,540","100,540","100,540","100,535","20,93K","0,00%"
18.02.2021,"100,540","100,535","100,540","100,535","19,38K","0,00%"
17.02.2021,"100,540","100,535","100,540","100,535","52,43K","0,00%"
16.02.2021,"100,540","100,540","100,545","100,535","54,16K","-0,01%"
15.02.2021,"100,547","100,545","100,550","100,545","1,85K","0,00%"
12.02.2021,"100,545","100,540","100,550","100,540","14,75K","0,00%"
11.02.2021,"100,540","100,540","100,540","100,535","8,80K","0,00%"
10.02.2021,"100,540","100,540","100,540","100,535","5,86K","0,00%"
09.02.2021,"100,540","100,530","100,540","100,530","7,37K","0,00%"
08.02.2021,"100,535","100,535","100,540","100,530","5,22K","0,00%"
05.02.2021,"100,535","100,540","100,545","100,530","19,28K","0,00%"
04.02.2021,"100,540","100,545","100,545","100,540","8,11K","0,00%"
03.02.2021,"100,545","100,540","100,550","100,540","8,70K","0,00%"
02.02.2021,"100,545","100,545","100,550","100,540","4,68K","0,00%"
01.02.2021,"100,550","100,550","100,550","100,545","3,59K","0,00%"
29.01.2021,"100,545","100,550","100,550","100,545","6,96K","0,00%"
28.01.2021,"100,550","100,550","100,555","100,545","15,27K","0,00%"
27.01.2021,"100,550","100,540","100,560","100,540","37,26K","0,01%"
26.01.2021,"100,540","100,545","100,545","100,540","2,94K","0,00%"
25.01.2021,"100,545","100,535","100,545","100,535","8,78K","0,01%"
22.01.2021,"100,535","100,540","100,545","100,535","10,68K","-0,01%"
21.01.2021,"100,545","100,545","100,550","100,540","7,95K","0,00%"
20.01.2021,"100,545","100,545","100,550","100,545","14,14K","0,00%"
19.01.2021,"100,550","100,550","100,550","100,545","7,72K","0,00%"
18.01.2021,"100,553","100,550","100,555","100,550","1,05K","0,00%"
15.01.2021,"100,550","100,545","100,555","100,545","20,61K","0,00%"
14.01.2021,"100,550","100,545","100,550","100,540","6,78K","0,00%"
13.01.2021,"100,545","100,545","100,550","100,540","22,32K","0,00%"
12.01.2021,"100,545","100,540","100,550","100,540","21,32K","0,00%"
11.01.2021,"100,545","100,545","100,550","100,540","8,08K","0,00%"
08.01.2021,"100,545","100,555","100,555","100,545","6,08K","0,00%"
07.01.2021,"100,550","100,550","100,555","100,545","7,64K","0,00%"
06.01.2021,"100,550","100,550","100,555","100,545","7,55K","0,00%"
05.01.2021,"100,550","100,550","100,555","100,545","11,78K","0,00%"
04.01.2021,"100,545","100,540","100,550","100,540","18,48K","0,00%"
31.12.2020,"100,540","100,540","100,545","100,540","3,76K","0,00%"
30.12.2020,"100,535","100,535","100,540","100,530","17,26K","0,00%"
29.12.2020,"100,530","100,535","100,535","100,530","15,16K","0,00%"
28.12.2020,"100,535","100,530","100,535","100,530","8,04K","0,00%"
24.12.2020,"100,535","100,530","100,535","100,530","3,83K","0,00%"
23.12.2020,"100,530","100,540","100,540","100,525","16,57K","-0,01%"
22.12.2020,"100,540","100,540","100,540","100,535","5,02K","0,00%"
21.12.2020,"100,535","100,540","100,540","100,535","3,83K","0,00%"
18.12.2020,"100,535","100,540","100,540","100,535","7,75K","0,00%"
17.12.2020,"100,540","100,535","100,545","100,535","12,73K","0,00%"
16.12.2020,"100,535","100,540","100,545","100,535","22,37K","0,00%"
15.12.2020,"100,540","100,545","100,545","100,540","2,65K","0,00%"
14.12.2020,"100,543","100,540","100,545","100,540","10,73K","0,00%"
11.12.2020,"100,540","100,540","100,545","100,535","76,50K","0,00%"
10.12.2020,"100,540","100,550","100,555","100,535","117,77K","-0,01%"
09.12.2020,"100,550","100,545","100,550","100,540","38,36K","0,00%"
08.12.2020,"100,545","100,545","100,545","100,540","52,86K","0,00%"
07.12.2020,"100,545","100,535","100,545","100,535","51,36K","0,00%"
04.12.2020,"100,540","100,535","100,540","100,530","49,54K","0,00%"
03.12.2020,"100,535","100,530","100,535","100,530","24,73K","0,00%"
02.12.2020,"100,530","100,530","100,535","100,530","64,48K","0,00%"
01.12.2020,"100,530","100,535","100,535","100,530","28,19K","0,00%"
30.11.2020,"100,530","100,535","100,535","100,530","19,79K","0,00%"
27.11.2020,"100,530","100,525","100,535","100,525","18,31K","0,00%"
26.11.2020,"100,530","100,525","100,530","100,525","42,57K","0,00%"
25.11.2020,"100,530","100,525","100,530","100,525","16,39K","0,00%"
24.11.2020,"100,525","100,530","100,530","100,525","25,82K","0,00%"
23.11.2020,"100,530","100,535","100,535","100,525","79,25K","0,00%"
20.11.2020,"100,530","100,535","100,535","100,530","31,55K","0,00%"
19.11.2020,"100,530","100,535","100,535","100,525","42,89K","0,00%"
18.11.2020,"100,535","100,525","100,535","100,525","76,31K","0,01%"
17.11.2020,"100,525","100,525","100,530","100,520","36,95K","0,00%"
16.11.2020,"100,522","100,515","100,515","100,510","1,64K","0,01%"
13.11.2020,"100,515","100,515","100,515","100,510","6,73K","0,00%"
12.11.2020,"100,515","100,510","100,515","100,510","4,76K","0,00%"
11.11.2020,"100,515","100,510","100,520","100,510","12,49K","0,00%"
10.11.2020,"100,510","100,515","100,515","100,510","3,69K","0,00%"
09.11.2020,"100,515","100,515","100,520","100,510","10,20K","0,00%"
06.11.2020,"100,515","100,515","100,520","100,510","7,57K","0,00%"
05.11.2020,"100,520","100,520","100,520","100,515","2,92K","0,00%"
04.11.2020,"100,520","100,525","100,525","100,515","5,55K","0,00%"
03.11.2020,"100,520","100,525","100,525","100,520","4,72K","0,00%"
02.11.2020,"100,520","100,525","100,525","100,520","5,02K","0,00%"
30.10.2020,"100,520","100,520","100,525","100,515","2,63K","0,00%"
29.10.2020,"100,525","100,515","100,525","100,515","24,87K","0,01%"
28.10.2020,"100,515","100,515","100,520","100,510","8,25K","0,00%"
27.10.2020,"100,515","100,510","100,515","100,510","2,69K","0,00%"
26.10.2020,"100,515","100,515","100,515","100,510","1,94K","0,00%"
23.10.2020,"100,515","100,515","100,515","100,510","6,69K","0,00%"
22.10.2020,"100,510","100,510","100,515","100,510","5,94K","0,00%"
21.10.2020,"100,510","100,510","100,515","100,505","9,36K","0,00%"
20.10.2020,"100,510","100,515","100,515","100,510","9,24K","0,00%"
19.10.2020,"100,509","100,510","100,515","100,510","3,71K","0,00%"
16.10.2020,"100,510","100,510","100,515","100,505","5,30K","0,00%"
15.10.2020,"100,510","100,515","100,520","100,505","15,23K","0,00%"
14.10.2020,"100,510","100,515","100,515","100,510","8,64K","0,00%"
13.10.2020,"100,510","100,515","100,515","100,510","6,41K","0,00%"
12.10.2020,"100,510","100,515","100,515","100,510","0,93K","0,00%"
09.10.2020,"100,515","100,515","100,515","100,510","1,90K","0,00%"
08.10.2020,"100,510","100,515","100,515","100,510","4,80K","0,00%"
07.10.2020,"100,515","100,515","100,515","100,510","8,41K","0,00%"
06.10.2020,"100,515","100,515","100,515","100,510","7,18K","0,00%"
05.10.2020,"100,515","100,510","100,515","100,510","1,53K","0,00%"
02.10.2020,"100,515","100,510","100,515","100,505","9,86K","0,01%"
01.10.2020,"100,505","100,510","100,515","100,505","6,35K","0,00%"
30.09.2020,"100,505","100,505","100,510","100,505","3,39K","0,00%"
29.09.2020,"100,505","100,505","100,510","100,505","7,94K","0,00%"
28.09.2020,"100,505","100,500","100,510","100,500","21,51K","0,00%"
25.09.2020,"100,505","100,495","100,505","100,495","6,20K","0,00%"
24.09.2020,"100,500","100,500","100,505","100,495","6,31K","0,00%"
23.09.2020,"100,495","100,500","100,505","100,495","7,74K","0,00%"
22.09.2020,"100,500","100,510","100,510","100,500","19,11K","-0,01%"
21.09.2020,"100,510","100,505","100,510","100,500","4,89K","0,01%"
18.09.2020,"100,500","100,495","100,505","100,495","18,37K","0,00%"
17.09.2020,"100,500","100,490","100,500","100,490","14,36K","0,00%"
16.09.2020,"100,495","100,490","100,495","100,490","6,32K","0,00%"
15.09.2020,"100,490","100,490","100,490","100,485","19,60K","0,01%"
14.09.2020,"100,484","100,485","100,490","100,480","4,91K","0,00%"
11.09.2020,"100,485","100,485","100,490","100,480","78,90K","0,00%"
10.09.2020,"100,485","100,490","100,490","100,485","41,96K","0,00%"
09.09.2020,"100,490","100,490","100,495","100,485","86,48K","0,00%"
08.09.2020,"100,490","100,485","100,490","100,485","33,66K","0,00%"
07.09.2020,"100,490","100,490","100,490","100,485","19,27K","0,00%"
04.09.2020,"100,485","100,485","100,490","100,480","65,36K","0,00%"
03.09.2020,"100,485","100,485","100,485","100,480","71,43K","0,00%"
02.09.2020,"100,480","100,480","100,485","100,475","100,39K","0,00%"
01.09.2020,"100,480","100,480","100,480","100,475","33,54K","0,00%"
31.08.2020,"100,480","100,485","100,485","100,475","28,19K","0,00%"
28.08.2020,"100,480","100,480","100,485","100,475","65,89K","0,00%"
27.08.2020,"100,480","100,475","100,480","100,475","32,56K","0,00%"
26.08.2020,"100,480","100,485","100,485","100,475","59,56K","0,00%"
25.08.2020,"100,485","100,485","100,485","100,480","46,80K","0,00%"
24.08.2020,"100,485","100,485","100,485","100,480","23,05K","0,00%"
21.08.2020,"100,485","100,480","100,485","100,480","25,34K","0,00%"
20.08.2020,"100,485","100,480","100,485","100,475","56,77K","0,00%"
19.08.2020,"100,480","100,475","100,480","100,475","18,38K","0,00%"
18.08.2020,"100,475","100,475","100,480","100,475","18,46K","0,00%"
17.08.2020,"100,480","100,480","100,485","100,480","2,65K","0,00%"
14.08.2020,"100,480","100,480","100,485","100,475","3,85K","0,00%"
13.08.2020,"100,480","100,485","100,485","100,475","12,83K","0,00%"
12.08.2020,"100,485","100,475","100,485","100,475","3,43K","0,01%"
11.08.2020,"100,475","100,475","100,480","100,470","5,19K","0,00%"
10.08.2020,"100,475","100,470","100,475","100,465","1,90K","0,00%"
07.08.2020,"100,470","100,470","100,475","100,465","3,98K","0,00%"
06.08.2020,"100,470","100,465","100,475","100,465","10,97K","0,00%"
05.08.2020,"100,465","100,465","100,470","100,465","8,89K","0,00%"
04.08.2020,"100,470","100,460","100,470","100,460","4,58K","0,01%"
03.08.2020,"100,460","100,460","100,465","100,455","6,30K","0,00%"
31.07.2020,"100,460","100,460","100,465","100,455","6,38K","0,00%"
30.07.2020,"100,460","100,455","100,465","100,450","7,63K","0,00%"
29.07.2020,"100,455","100,450","100,455","100,450","3,80K","0,00%"
28.07.2020,"100,455","100,450","100,455","100,445","6,44K","0,00%"
27.07.2020,"100,450","100,440","100,450","100,440","10,71K","0,00%"
24.07.2020,"100,445","100,445","100,450","100,440","6,25K","0,00%"
23.07.2020,"100,450","100,450","100,450","100,445","3,66K","0,00%"
22.07.2020,"100,450","100,445","100,450","100,445","10,85K","0,00%"
21.07.2020,"100,445","100,440","100,450","100,440","7,45K","0,00%"
20.07.2020,"100,440","100,440","100,445","100,435","10,07K","0,00%"
17.07.2020,"100,440","100,445","100,450","100,440","4,37K","-0,01%"
16.07.2020,"100,450","100,440","100,450","100,435","16,38K","0,01%"
15.07.2020,"100,440","100,435","100,440","100,430","11,27K","0,00%"
14.07.2020,"100,435","100,445","100,445","100,430","9,02K","0,00%"
13.07.2020,"100,435","100,440","100,445","100,440","1,35K","-0,01%"
10.07.2020,"100,445","100,445","100,450","100,440","6,53K","0,00%"
09.07.2020,"100,445","100,445","100,450","100,440","12,41K","0,00%"
08.07.2020,"100,445","100,450","100,450","100,445","12,17K","0,00%"
07.07.2020,"100,445","100,455","100,455","100,445","6,14K","0,00%"
06.07.2020,"100,450","100,455","100,460","100,450","11,84K","0,00%"
03.07.2020,"100,450","100,450","100,455","100,445","10,50K","0,00%"
02.07.2020,"100,450","100,445","100,450","100,440","12,20K","0,01%"
01.07.2020,"100,440","100,445","100,450","100,440","7,42K","0,00%"
30.06.2020,"100,445","100,440","100,450","100,440","22,41K","0,00%"
29.06.2020,"100,445","100,440","100,450","100,440","21,60K","0,00%"
26.06.2020,"100,440","100,430","100,440","100,425","25,85K","0,01%"
25.06.2020,"100,430","100,425","100,430","100,415","17,22K","0,00%"
24.06.2020,"100,430","100,425","100,430","100,420","19,08K","0,00%"
23.06.2020,"100,430","100,435","100,435","100,425","17,93K","0,00%"
22.06.2020,"100,435","100,435","100,435","100,430","10,95K","0,00%"
19.06.2020,"100,435","100,425","100,440","100,425","14,47K","0,01%"
18.06.2020,"100,425","100,425","100,435","100,410","39,67K","0,01%"
17.06.2020,"100,415","100,400","100,420","100,395","33,67K","0,01%"
16.06.2020,"100,400","100,385","100,405","100,385","18,07K","0,04%"
15.06.2020,"100,355","100,365","100,370","100,360","39,62K","-0,01%"
12.06.2020,"100,370","100,360","100,370","100,355","70,81K","0,00%"
11.06.2020,"100,365","100,365","100,370","100,360","49,30K","0,00%"
10.06.2020,"100,360","100,365","100,370","100,350","61,73K","0,00%"
09.06.2020,"100,365","100,370","100,380","100,360","67,28K","-0,01%"
08.06.2020,"100,375","100,370","100,380","100,365","61,68K","0,01%"
05.06.2020,"100,365","100,365","100,370","100,360","46,67K","0,00%"
04.06.2020,"100,365","100,365","100,380","100,360","83,74K","0,00%"
03.06.2020,"100,365","100,360","100,370","100,355","65,67K","0,00%"
02.06.2020,"100,360","100,355","100,365","100,355","49,39K","0,00%"
01.06.2020,"100,355","100,350","100,365","100,345","43,40K","0,00%"
29.05.2020,"100,350","100,330","100,355","100,330","49,74K","0,01%"
28.05.2020,"100,335","100,320","100,335","100,315","50,47K","0,01%"
27.05.2020,"100,320","100,310","100,325","100,305","64,45K","0,01%"
26.05.2020,"100,305","100,320","100,320","100,305","35,13K","-0,01%"
25.05.2020,"100,315","100,325","100,330","100,315","12,66K","-0,01%"
22.05.2020,"100,330","100,330","100,335","100,320","27,40K","0,00%"
21.05.2020,"100,330","100,335","100,340","100,325","34,43K","0,00%"
20.05.2020,"100,330","100,320","100,335","100,320","50,47K","0,01%"
19.05.2020,"100,320","100,320","100,325","100,310","72,57K","0,04%"
18.05.2020,"100,276","100,270","100,275","100,270","5,48K","0,01%"
15.05.2020,"100,270","100,270","100,275","100,270","10,00K","0,00%"
14.05.2020,"100,270","100,275","100,275","100,260","12,30K","0,00%"
13.05.2020,"100,275","100,275","100,275","100,260","12,28K","0,01%"
12.05.2020,"100,265","100,285","100,285","100,255","21,97K","-0,02%"
11.05.2020,"100,285","100,290","100,305","100,280","14,10K","0,00%"
08.05.2020,"100,290","100,305","100,320","100,290","10,48K","-0,01%"
07.05.2020,"100,305","100,300","100,305","100,290","12,90K","0,00%"
06.05.2020,"100,300","100,320","100,325","100,275","19,85K","-0,02%"
05.05.2020,"100,325","100,335","100,345","100,315","13,92K","-0,01%"
04.05.2020,"100,340","100,340","100,365","100,330","6,43K","0,00%"
30.04.2020,"100,335","100,320","100,355","100,300","28,22K","0,01%"
29.04.2020,"100,325","100,305","100,335","100,305","25,61K","0,03%"
28.04.2020,"100,295","100,255","100,315","100,255","26,65K","0,04%"
27.04.2020,"100,250","100,235","100,270","100,235","22,30K","0,01%"
24.04.2020,"100,240","100,145","100,245","100,135","33,51K","0,08%"
23.04.2020,"100,160","100,130","100,180","100,125","25,63K","0,02%"
22.04.2020,"100,135","100,185","100,195","100,110","22,68K","-0,03%"
21.04.2020,"100,170","100,205","100,205","100,165","19,91K","-0,04%"
20.04.2020,"100,210","100,225","100,230","100,200","8,42K","-0,01%"
17.04.2020,"100,225","100,215","100,250","100,215","15,99K","0,01%"
16.04.2020,"100,215","100,245","100,255","100,205","19,53K","-0,02%"
15.04.2020,"100,240","100,275","100,280","100,235","18,96K","-0,01%"
14.04.2020,"100,248","100,215","100,215","100,210","3,91K","0,02%"
09.04.2020,"100,225","100,205","100,225","100,195","27,27K","0,01%"
08.04.2020,"100,215","100,260","100,270","100,195","18,19K","-0,04%"
07.04.2020,"100,260","100,300","100,305","100,250","9,31K","-0,04%"
06.04.2020,"100,305","100,320","100,330","100,300","21,73K","-0,02%"
03.04.2020,"100,325","100,330","100,340","100,320","14,21K","0,00%"
02.04.2020,"100,330","100,340","100,345","100,325","17,02K","-0,01%"
01.04.2020,"100,345","100,355","100,360","100,335","17,71K","-0,01%"
31.03.2020,"100,360","100,355","100,365","100,350","12,71K","0,01%"
30.03.2020,"100,350","100,350","100,355","100,345","5,10K","0,00%"
27.03.2020,"100,345","100,345","100,365","100,335","16,18K","0,00%"
26.03.2020,"100,345","100,360","100,365","100,340","27,17K","-0,01%"
25.03.2020,"100,355","100,370","100,370","100,345","12,38K","-0,01%"
24.03.2020,"100,370","100,365","100,375","100,365","11,99K","0,00%"
23.03.2020,"100,365","100,340","100,370","100,330","12,67K","0,00%"
20.03.2020,"100,370","100,350","100,375","100,330","29,68K","0,01%"
19.03.2020,"100,355","100,405","100,420","100,335","38,08K","-0,05%"
18.03.2020,"100,405","100,405","100,435","100,395","23,93K","-0,01%"
17.03.2020,"100,415","100,415","100,425","100,405","20,99K","0,00%"
16.03.2020,"100,410","100,425","100,435","100,420","13,41K","-0,01%"
13.03.2020,"100,420","100,435","100,440","100,410","134,53K","-0,01%"
12.03.2020,"100,430","100,520","100,550","100,400","257,48K","-0,07%"
11.03.2020,"100,505","100,480","100,535","100,480","157,60K","0,01%"
10.03.2020,"100,490","100,510","100,510","100,475","84,05K","-0,01%"
09.03.2020,"100,500","100,490","100,515","100,475","79,70K","0,01%"
06.03.2020,"100,485","100,475","100,490","100,455","118,77K","0,00%"
05.03.2020,"100,490","100,495","100,500","100,470","120,32K","-0,02%"
04.03.2020,"100,510","100,515","100,520","100,490","203,89K","0,00%"
03.03.2020,"100,510","100,490","100,515","100,460","296,51K","0,01%"
02.03.2020,"100,495","100,485","100,500","100,465","160,27K","0,04%"
28.02.2020,"100,455","100,440","100,485","100,435","151,58K","0,01%"
27.02.2020,"100,445","100,435","100,460","100,435","161,13K","0,01%"
26.02.2020,"100,435","100,430","100,445","100,430","86,21K","0,00%"
25.02.2020,"100,430","100,420","100,435","100,420","103,41K","0,01%"
24.02.2020,"100,420","100,415","100,425","100,410","110,30K","0,00%"
21.02.2020,"100,415","100,410","100,415","100,410","38,77K","0,00%"
20.02.2020,"100,415","100,410","100,415","100,410","38,00K","0,00%"
19.02.2020,"100,415","100,415","100,415","100,410","15,06K","0,00%"
18.02.2020,"100,415","100,415","100,420","100,410","38,07K","0,00%"
17.02.2020,"100,413","100,410","100,415","100,410","0,14K","0,00%"
14.02.2020,"100,415","100,410","100,415","100,410","5,81K","0,00%"
13.02.2020,"100,415","100,415","100,415","100,410","7,10K","0,00%"
12.02.2020,"100,415","100,410","100,415","100,410","7,34K","0,00%"
11.02.2020,"100,410","100,400","100,415","100,400","21,63K","0,01%"
10.02.2020,"100,400","100,400","100,405","100,400","6,92K","0,00%"
07.02.2020,"100,400","100,400","100,405","100,400","6,43K","0,00%"
06.02.2020,"100,400","100,400","100,400","100,395","1,88K","0,00%"
05.02.2020,"100,400","100,400","100,400","100,395","5,99K","0,00%"
04.02.2020,"100,400","100,400","100,405","100,395","7,94K","0,00%"
03.02.2020,"100,400","100,400","100,405","100,400","3,94K","0,00%"
31.01.2020,"100,400","100,405","100,405","100,400","7,34K","0,00%"
30.01.2020,"100,405","100,405","100,410","100,400","7,01K","0,00%"
29.01.2020,"100,405","100,400","100,405","100,400","4,66K","0,00%"
28.01.2020,"100,400","100,395","100,405","100,395","10,22K","0,00%"
27.01.2020,"100,400","100,390","100,400","100,385","14,05K","0,01%"
24.01.2020,"100,390","100,385","100,390","100,385","5,44K","0,00%"
23.01.2020,"100,385","100,390","100,390","100,385","1,59K","0,00%"
22.01.2020,"100,390","100,390","100,390","100,385","6,21K","0,00%"
21.01.2020,"100,390","100,395","100,395","100,390","6,09K","0,00%"
20.01.2020,"100,390","100,395","100,395","100,390","4,66K","0,00%"
17.01.2020,"100,390","100,390","100,395","100,390","3,21K","0,00%"
16.01.2020,"100,390","100,390","100,395","100,390","2,72K","0,00%"
15.01.2020,"100,390","100,390","100,395","100,390","3,63K","0,00%"
14.01.2020,"100,390","100,390","100,395","100,390","5,72K","0,00%"
13.01.2020,"100,389","100,395","100,395","100,390","1,33K","0,00%"
10.01.2020,"100,390","100,395","100,395","100,390","1,49K","0,00%"
09.01.2020,"100,390","100,395","100,395","100,390","2,74K","0,00%"
08.01.2020,"100,390","100,390","100,395","100,390","4,14K","0,00%"
07.01.2020,"100,390","100,390","100,395","100,385","9,76K","0,00%"
06.01.2020,"100,390","100,390","100,390","100,385","8,83K","0,00%"
03.01.2020,"100,390","100,385","100,390","100,385","3,36K","0,00%"
02.01.2020,"100,385","100,385","100,390","100,380","12,99K","0,00%"
31.12.2019,"100,385","100,385","100,390","100,380","5,83K","0,00%"
30.12.2019,"100,390","100,385","100,390","100,385","22,00K","0,00%"
27.12.2019,"100,385","100,390","100,390","100,385","7,44K","0,00%"
24.12.2019,"100,385","100,390","100,390","100,385","0,76K","0,00%"
23.12.2019,"100,390","100,385","100,395","100,385","12,04K","0,00%"
20.12.2019,"100,390","100,395","100,395","100,385","8,01K","0,00%"
19.12.2019,"100,395","100,395","100,400","100,395","7,10K","0,00%"
18.12.2019,"100,400","100,395","100,400","100,395","12,62K","0,00%"
17.12.2019,"100,400","100,400","100,405","100,395","16,16K","0,00%"
16.12.2019,"100,396","100,395","100,400","100,395","1,98K","0,00%"
13.12.2019,"100,395","100,395","100,400","100,390","75,18K","0,00%"
12.12.2019,"100,395","100,390","100,395","100,390","42,83K","0,00%"
11.12.2019,"100,390","100,390","100,395","100,390","16,12K","0,00%"
10.12.2019,"100,390","100,390","100,395","100,390","24,89K","0,00%"
09.12.2019,"100,390","100,390","100,395","100,390","27,08K","0,00%"
06.12.2019,"100,390","100,390","100,395","100,390","20,48K","0,00%"
05.12.2019,"100,395","100,395","100,400","100,390","45,34K","0,00%"
04.12.2019,"100,395","100,400","100,400","100,390","44,58K","0,00%"
03.12.2019,"100,395","100,395","100,400","100,390","71,65K","0,00%"
02.12.2019,"100,395","100,395","100,400","100,395","31,64K","0,00%"
29.11.2019,"100,395","100,395","100,400","100,395","23,39K","0,00%"
28.11.2019,"100,395","100,395","100,400","100,395","27,03K","0,00%"
27.11.2019,"100,395","100,400","100,400","100,395","38,81K","0,00%"
26.11.2019,"100,400","100,400","100,405","100,395","19,10K","0,00%"
25.11.2019,"100,400","100,400","100,405","100,395","24,25K","0,00%"
22.11.2019,"100,400","100,400","100,405","100,395","75,42K","0,00%"
21.11.2019,"100,400","100,405","100,405","100,395","60,59K","0,00%"
20.11.2019,"100,405","100,400","100,405","100,400","30,44K","0,00%"
19.11.2019,"100,400","100,395","100,400","100,390","50,59K","0,00%"
18.11.2019,"100,403","100,405","100,405","100,400","2,88K","0,00%"
15.11.2019,"100,405","100,400","100,405","100,395","15,30K","0,00%"
14.11.2019,"100,400","100,400","100,400","100,395","8,47K","0,00%"
13.11.2019,"100,400","100,395","100,400","100,395","6,75K","0,00%"
12.11.2019,"100,395","100,395","100,395","100,390","8,54K","0,00%"
11.11.2019,"100,390","100,390","100,395","100,390","3,01K","0,00%"
08.11.2019,"100,390","100,390","100,395","100,385","16,55K","0,00%"
07.11.2019,"100,390","100,395","100,395","100,390","12,79K","0,00%"
06.11.2019,"100,395","100,390","100,400","100,390","12,76K","0,00%"
05.11.2019,"100,395","100,400","100,400","100,390","19,51K","0,00%"
04.11.2019,"100,400","100,400","100,405","100,400","5,47K","0,00%"
01.11.2019,"100,400","100,400","100,405","100,395","14,54K","0,00%"
31.10.2019,"100,400","100,400","100,415","100,395","32,42K","0,00%"
30.10.2019,"100,400","100,400","100,405","100,395","19,30K","0,00%"
29.10.2019,"100,405","100,405","100,405","100,400","8,41K","0,00%"
28.10.2019,"100,400","100,405","100,405","100,395","6,67K","0,00%"
25.10.2019,"100,405","100,400","100,410","100,395","13,47K","0,00%"
24.10.2019,"100,400","100,400","100,405","100,395","18,49K","0,00%"
23.10.2019,"100,400","100,395","100,400","100,395","5,88K","0,00%"
22.10.2019,"100,400","100,400","100,400","100,400","3,43K","0,00%"
21.10.2019,"100,400","100,400","100,400","100,400","5,45K","0,00%"
18.10.2019,"100,405","100,410","100,410","100,400","7,55K","0,00%"
17.10.2019,"100,405","100,405","100,410","100,395","13,30K","0,00%"
16.10.2019,"100,405","100,410","100,415","100,405","7,96K","0,00%"
15.10.2019,"100,410","100,415","100,420","100,405","19,39K","-0,01%"
14.10.2019,"100,416","100,420","100,420","100,415","2,21K","0,00%"
11.10.2019,"100,415","100,420","100,420","100,415","4,44K","0,00%"
10.10.2019,"100,420","100,425","100,425","100,415","15,42K","0,00%"
09.10.2019,"100,425","100,425","100,430","100,420","7,93K","0,00%"
08.10.2019,"100,425","100,430","100,435","100,420","5,69K","-0,01%"
07.10.2019,"100,435","100,435","100,440","100,430","5,36K","0,00%"
04.10.2019,"100,435","100,445","100,445","100,435","6,26K","0,00%"
03.10.2019,"100,440","100,445","100,445","100,440","14,37K","0,00%"
02.10.2019,"100,445","100,445","100,450","100,440","8,07K","0,00%"
01.10.2019,"100,445","100,430","100,450","100,425","11,46K","0,01%"
30.09.2019,"100,430","100,425","100,430","100,425","2,87K","0,00%"
27.09.2019,"100,425","100,425","100,430","100,420","16,99K","0,00%"
26.09.2019,"100,425","100,420","100,425","100,420","9,54K","0,01%"
25.09.2019,"100,415","100,415","100,420","100,410","10,05K","0,00%"
24.09.2019,"100,415","100,405","100,415","100,405","8,15K","0,01%"
23.09.2019,"100,405","100,400","100,410","100,400","12,98K","0,00%"
20.09.2019,"100,400","100,400","100,400","100,395","4,70K","0,00%"
19.09.2019,"100,395","100,405","100,405","100,395","12,56K","-0,01%"
18.09.2019,"100,405","100,405","100,410","100,400","9,76K","0,00%"
17.09.2019,"100,405","100,400","100,405","100,400","6,61K","0,01%"
16.09.2019,"100,394","100,400","100,405","100,400","21,48K","0,00%"
13.09.2019,"100,395","100,410","100,415","100,390","222,64K","-0,02%"
12.09.2019,"100,415","100,460","100,465","100,410","216,60K","-0,04%"
11.09.2019,"100,460","100,465","100,465","100,455","111,53K","0,00%"
10.09.2019,"100,465","100,465","100,470","100,460","77,27K","0,00%"
09.09.2019,"100,470","100,465","100,470","100,460","76,69K","0,00%"
06.09.2019,"100,465","100,465","100,475","100,460","86,43K","0,00%"
05.09.2019,"100,465","100,480","100,480","100,465","91,54K","-0,01%"
04.09.2019,"100,475","100,480","100,480","100,470","64,42K","0,00%"
03.09.2019,"100,480","100,490","100,495","100,475","133,31K","-0,01%"
02.09.2019,"100,490","100,485","100,495","100,480","88,66K","0,00%"
30.08.2019,"100,485","100,475","100,495","100,475","111,38K","0,00%"
29.08.2019,"100,480","100,475","100,485","100,465","110,62K","0,00%"
28.08.2019,"100,475","100,475","100,480","100,470","61,73K","0,01%"
27.08.2019,"100,465","100,465","100,475","100,455","41,95K","0,00%"
26.08.2019,"100,460","100,470","100,470","100,460","20,86K","0,00%"
23.08.2019,"100,465","100,455","100,470","100,450","73,22K","0,01%"
22.08.2019,"100,455","100,460","100,465","100,450","104,74K","-0,01%"
21.08.2019,"100,470","100,475","100,475","100,460","50,95K","0,00%"
20.08.2019,"100,475","100,475","100,480","100,470","55,11K","0,05%"
19.08.2019,"100,422","100,420","100,425","100,420","0,77K","0,00%"
16.08.2019,"100,420","100,415","100,420","100,415","11,00K","0,00%"
15.08.2019,"100,420","100,410","100,420","100,405","5,22K","0,01%"
14.08.2019,"100,405","100,410","100,410","100,405","2,23K","0,00%"
13.08.2019,"100,410","100,410","100,410","100,405","2,66K","0,00%"
12.08.2019,"100,410","100,415","100,415","100,410","2,75K","0,00%"
09.08.2019,"100,415","100,415","100,420","100,415","4,49K","0,00%"
08.08.2019,"100,415","100,415","100,415","100,410","4,92K","0,00%"
07.08.2019,"100,410","100,415","100,415","100,410","3,93K","0,00%"
06.08.2019,"100,415","100,415","100,415","100,410","1,10K","0,00%"
05.08.2019,"100,410","100,405","100,415","100,405","6,34K","0,01%"
02.08.2019,"100,400","100,400","100,405","100,400","1,46K","0,00%"
01.08.2019,"100,400","100,405","100,405","100,395","8,03K","0,00%"
31.07.2019,"100,405","100,395","100,410","100,395","8,54K","0,00%"
30.07.2019,"100,400","100,395","100,400","100,395","2,63K","0,00%"
29.07.2019,"100,395","100,395","100,400","100,395","0,83K","0,00%"
26.07.2019,"100,395","100,395","100,395","100,385","13,97K","0,00%"
25.07.2019,"100,400","100,425","100,430","100,395","29,01K","-0,02%"
24.07.2019,"100,420","100,420","100,430","100,420","25,00K","0,00%"
23.07.2019,"100,415","100,410","100,420","100,410","10,26K","0,00%"
22.07.2019,"100,410","100,415","100,420","100,410","13,72K","-0,01%"
19.07.2019,"100,420","100,430","100,430","100,415","10,33K","0,00%"
18.07.2019,"100,420","100,425","100,445","100,420","12,21K","0,00%"
17.07.2019,"100,425","100,425","100,430","100,420","5,97K","0,00%"
16.07.2019,"100,420","100,420","100,425","100,420","9,17K","0,06%"
15.07.2019,"100,363","100,365","100,365","100,365","2,53K","0,00%"
12.07.2019,"100,365","100,365","100,370","100,360","2,81K","0,00%"
11.07.2019,"100,370","100,370","100,370","100,365","8,17K","0,00%"
10.07.2019,"100,365","100,360","100,365","100,360","7,58K","0,00%"
09.07.2019,"100,365","100,360","100,370","100,360","4,80K","0,00%"
08.07.2019,"100,365","100,370","100,375","100,360","5,13K","0,00%"
05.07.2019,"100,370","100,365","100,380","100,365","13,61K","0,00%"
04.07.2019,"100,365","100,370","100,370","100,365","1,57K","0,00%"
03.07.2019,"100,370","100,365","100,375","100,365","5,08K","0,00%"
02.07.2019,"100,370","100,370","100,380","100,365","13,82K","0,00%"
01.07.2019,"100,370","100,365","100,370","100,365","22,34K","0,00%"
28.06.2019,"100,365","100,365","100,365","100,360","14,91K","0,00%"
27.06.2019,"100,365","100,365","100,365","100,360","14,41K","0,00%"
26.06.2019,"100,370","100,370","100,370","100,360","16,75K","0,00%"
25.06.2019,"100,370","100,370","100,375","100,370","4,53K","0,00%"
24.06.2019,"100,370","100,370","100,375","100,365","7,78K","0,00%"
21.06.2019,"100,370","100,370","100,375","100,365","5,18K","0,00%"
20.06.2019,"100,375","100,385","100,385","100,365","11,18K","0,01%"
19.06.2019,"100,365","100,360","100,380","100,355","7,64K","0,00%"
18.06.2019,"100,370","100,335","100,385","100,335","26,55K","0,05%"
17.06.2019,"100,320","100,315","100,320","100,315","4,06K","0,00%"
14.06.2019,"100,320","100,315","100,320","100,315","58,80K","0,00%"
13.06.2019,"100,320","100,320","100,320","100,315","19,26K","0,00%"
12.06.2019,"100,320","100,320","100,325","100,315","67,75K","0,00%"
11.06.2019,"100,320","100,320","100,325","100,320","18,44K","0,00%"
10.06.2019,"100,320","100,320","100,325","100,315","93,10K","0,00%"
07.06.2019,"100,325","100,330","100,330","100,320","87,71K","0,00%"
06.06.2019,"100,330","100,335","100,340","100,325","120,78K","0,00%"
05.06.2019,"100,335","100,330","100,340","100,325","155,48K","0,00%"
04.06.2019,"100,330","100,330","100,335","100,325","53,06K","0,00%"
03.06.2019,"100,330","100,335","100,335","100,325","51,09K","0,00%"
31.05.2019,"100,330","100,325","100,335","100,325","76,16K","0,00%"
30.05.2019,"100,325","100,320","100,325","100,320","21,66K","0,00%"
29.05.2019,"100,320","100,320","100,325","100,315","47,24K","0,00%"
28.05.2019,"100,320","100,310","100,320","100,310","35,93K","0,00%"
27.05.2019,"100,315","100,315","100,315","100,310","3,56K","0,00%"
24.05.2019,"100,315","100,315","100,315","100,310","18,44K","0,00%"
23.05.2019,"100,315","100,315","100,320","100,310","28,44K","0,00%"
22.05.2019,"100,315","100,320","100,320","100,315","25,53K","0,00%"
21.05.2019,"100,320","100,320","100,325","100,315","42,11K","0,00%"
20.05.2019,"100,320","100,320","100,325","100,315","39,93K","0,00%"
17.05.2019,"100,320","100,315","100,325","100,315","122,71K","0,00%"
16.05.2019,"100,315","100,315","100,320","100,315","27,55K","0,00%"
15.05.2019,"100,315","100,310","100,320","100,310","118,94K","0,00%"
14.05.2019,"100,315","100,305","100,315","100,305","101,13K","0,00%"
13.05.2019,"100,311","100,310","100,310","100,310","1,01K","0,00%"
10.05.2019,"100,310","100,305","100,310","100,305","3,78K","0,00%"
09.05.2019,"100,310","100,310","100,310","100,305","1,47K","0,00%"
08.05.2019,"100,310","100,305","100,310","100,305","2,03K","0,00%"
07.05.2019,"100,310","100,310","100,310","100,305","1,39K","0,00%"
06.05.2019,"100,310","100,310","100,310","100,305","1,35K","0,00%"
03.05.2019,"100,310","100,310","100,310","100,305","1,75K","0,00%"
02.05.2019,"100,310","100,310","100,310","100,310","0,99K","0,00%"
30.04.2019,"100,310","100,310","100,310","100,310","3,40K","0,00%"
29.04.2019,"100,310","100,310","100,315","100,310","4,27K","0,00%"
26.04.2019,"100,310","100,310","100,310","100,305","10,15K","0,00%"
25.04.2019,"100,310","100,310","100,315","100,310","5,22K","0,00%"
24.04.2019,"100,310","100,310","100,315","100,310","2,88K","0,00%"
23.04.2019,"100,310","100,310","100,310","100,310","3,83K","0,00%"
18.04.2019,"100,310","100,310","100,315","100,310","1,58K","0,00%"
17.04.2019,"100,310","100,310","100,315","100,310","6,44K","0,00%"
16.04.2019,"100,310","100,310","100,315","100,310","2,72K","0,00%"
15.04.2019,"100,310","100,310","100,310","100,305","1,30K","0,00%"
12.04.2019,"100,310","100,310","100,315","100,310","3,79K","0,00%"
11.04.2019,"100,310","100,310","100,315","100,305","4,27K","0,00%"
10.04.2019,"100,310","100,310","100,310","100,310","15,94K","0,00%"
09.04.2019,"100,310","100,310","100,310","100,305","3,50K","0,00%"
08.04.2019,"100,310","100,310","100,310","100,305","0,42K","0,00%"
05.04.2019,"100,310","100,310","100,310","100,310","4,17K","0,00%"
04.04.2019,"100,310","100,310","100,310","100,310","7,25K","0,00%"
03.04.2019,"100,310","100,310","100,310","100,305","3,96K","0,00%"
02.04.2019,"100,310","100,310","100,310","100,310","4,49K","0,00%"
01.04.2019,"100,310","100,310","100,310","100,305","4,09K","0,00%"
29.03.2019,"100,310","100,310","100,310","100,305","6,01K","0,00%"
28.03.2019,"100,310","100,310","100,315","100,305","14,69K","0,00%"
27.03.2019,"100,310","100,310","100,310","100,305","12,33K","0,00%"
26.03.2019,"100,310","100,310","100,310","100,305","1,39K","0,00%"
25.03.2019,"100,310","100,305","100,310","100,305","1,78K","0,00%"
22.03.2019,"100,310","100,305","100,310","100,305","1,54K","0,00%"
21.03.2019,"100,305","100,305","100,310","100,305","3,80K","0,00%"
20.03.2019,"100,305","100,305","100,310","100,305","4,83K","0,00%"
19.03.2019,"100,310","100,305","100,310","100,305","0,52K","0,00%"
18.03.2019,"100,310","100,305","100,310","100,305","1,47K","0,00%"
15.03.2019,"100,310","100,310","100,310","100,305","62,43K","0,00%"
14.03.2019,"100,310","100,310","100,310","100,305","23,94K","0,00%"
13.03.2019,"100,310","100,310","100,310","100,305","18,65K","0,00%"
12.03.2019,"100,310","100,310","100,310","100,305","26,87K","0,00%"
11.03.2019,"100,305","100,310","100,310","100,305","14,76K","0,00%"
08.03.2019,"100,305","100,310","100,310","100,305","31,29K","0,00%"
07.03.2019,"100,305","100,310","100,310","100,305","51,78K","0,00%"
06.03.2019,"100,305","100,310","100,310","100,305","30,56K","0,00%"
05.03.2019,"100,305","100,305","100,310","100,305","27,01K","0,00%"
04.03.2019,"100,310","100,310","100,310","100,305","12,09K","0,00%"
01.03.2019,"100,310","100,310","100,310","100,305","24,73K","0,00%"
28.02.2019,"100,310","100,305","100,310","100,305","19,13K","0,00%"
27.02.2019,"100,310","100,310","100,310","100,305","19,38K","0,00%"
26.02.2019,"100,305","100,305","100,310","100,305","56,43K","0,00%"
25.02.2019,"100,305","100,310","100,310","100,305","13,88K","0,00%"
22.02.2019,"100,305","100,305","100,310","100,305","28,11K","0,00%"
21.02.2019,"100,305","100,305","100,310","100,300","125,87K","0,00%"
20.02.2019,"100,300","100,300","100,305","100,300","12,36K","0,00%"
19.02.2019,"100,300","100,305","100,305","100,300","35,22K","-0,01%"
18.02.2019,"100,308","100,305","100,310","100,305","0,08K","0,00%"
15.02.2019,"100,305","100,305","100,310","100,305","1,00K","0,00%"
14.02.2019,"100,305","100,305","100,310","100,305","1,31K","0,00%"
13.02.2019,"100,305","100,305","100,310","100,305","0,96K","0,00%"
12.02.2019,"100,305","100,305","100,310","100,305","3,66K","0,00%"
11.02.2019,"100,310","100,305","100,310","100,305","0,34K","0,00%"
08.02.2019,"100,305","100,310","100,310","100,305","0,35K","0,00%"
07.02.2019,"100,305","100,310","100,310","100,305","0,84K","0,00%"
06.02.2019,"100,305","100,305","100,310","100,305","3,68K","0,00%"
05.02.2019,"100,305","100,305","100,310","100,305","2,80K","0,00%"
04.02.2019,"100,305","100,310","100,310","100,305","13,55K","0,00%"
01.02.2019,"100,305","100,305","100,310","100,305","1,42K","0,00%"
31.01.2019,"100,305","100,305","100,310","100,305","6,35K","0,00%"
30.01.2019,"100,305","100,305","100,305","100,300","10,57K","0,00%"
29.01.2019,"100,305","100,305","100,305","100,300","2,96K","0,00%"
28.01.2019,"100,305","100,305","100,305","100,300","1,80K","0,00%"
25.01.2019,"100,305","100,305","100,305","100,300","9,67K","0,00%"
24.01.2019,"100,305","100,300","100,305","100,300","2,78K","0,00%"
23.01.2019,"100,305","100,305","100,305","100,305","5,46K","0,00%"
22.01.2019,"100,305","100,305","100,305","100,300","4,49K","0,00%"
21.01.2019,"100,305","100,305","100,305","100,300","1,16K","0,00%"
18.01.2019,"100,305","100,305","100,305","100,305","2,88K","0,00%"
17.01.2019,"100,305","100,305","100,310","100,305","4,98K","0,00%"
16.01.2019,"100,305","100,305","100,310","100,305","11,28K","0,00%"
15.01.2019,"100,305","100,305","100,305","100,300","11,18K","0,00%"
14.01.2019,"100,308","100,310","100,310","100,305","1,61K","0,00%"
11.01.2019,"100,305","100,305","100,310","100,305","1,42K","0,00%"
10.01.2019,"100,305","100,310","100,310","100,305","0,55K","0,00%"
09.01.2019,"100,305","100,305","100,305","100,305","0,23K","0,00%"
08.01.2019,"100,305","100,310","100,310","100,305","11,80K","0,00%"
07.01.2019,"100,305","100,305","100,310","100,305","2,99K","0,00%"
04.01.2019,"100,305","100,305","100,310","100,305","4,94K","0,00%"
03.01.2019,"100,305","100,305","100,310","100,305","5,42K","0,00%"
02.01.2019,"100,305","100,305","100,305","100,300","6,08K","0,00%"
31.12.2018,"100,305","100,305","100,305","100,300","0,53K","0,00%"
28.12.2018,"100,300","100,305","100,305","100,300","1,87K","0,00%"
27.12.2018,"100,300","100,300","100,300","100,300","0,75K","0,00%"
24.12.2018,"100,300","100,300","100,300","100,295","1,54K","0,00%"
21.12.2018,"100,305","100,300","100,305","100,300","11,84K","0,00%"
20.12.2018,"100,300","100,300","100,305","100,300","27,63K","0,00%"
19.12.2018,"100,300","100,305","100,305","100,295","21,61K","0,00%"
18.12.2018,"100,305","100,300","100,305","100,300","1,09K","-0,01%"
17.12.2018,"100,311","100,310","100,315","100,310","12,53K","0,00%"
14.12.2018,"100,310","100,310","100,310","100,305","72,48K","0,00%"
13.12.2018,"100,310","100,310","100,310","100,305","47,95K","0,00%"
12.12.2018,"100,310","100,310","100,310","100,305","42,08K","0,00%"
11.12.2018,"100,310","100,310","100,315","100,305","123,41K","0,00%"
10.12.2018,"100,315","100,310","100,315","100,310","35,60K","0,00%"
07.12.2018,"100,315","100,310","100,315","100,310","28,86K","0,00%"
06.12.2018,"100,310","100,310","100,315","100,310","55,36K","0,00%"
05.12.2018,"100,310","100,310","100,315","100,310","47,96K","0,00%"
04.12.2018,"100,315","100,315","100,315","100,310","62,01K","0,00%"
03.12.2018,"100,315","100,315","100,315","100,310","21,87K","0,00%"
30.11.2018,"100,315","100,310","100,315","100,310","31,01K","0,00%"
29.11.2018,"100,310","100,315","100,315","100,310","39,80K","0,00%"
28.11.2018,"100,310","100,310","100,315","100,310","28,41K","0,00%"
27.11.2018,"100,310","100,310","100,315","100,310","45,98K","0,00%"
26.11.2018,"100,310","100,310","100,315","100,305","38,51K","0,00%"
23.11.2018,"100,310","100,310","100,315","100,305","92,88K","0,00%"
22.11.2018,"100,310","100,310","100,310","100,305","19,17K","0,00%"
21.11.2018,"100,310","100,310","100,310","100,305","17,19K","0,00%"
20.11.2018,"100,310","100,305","100,310","100,305","25,01K","-0,01%"
19.11.2018,"100,316","100,315","100,315","100,315","0,95K","0,00%"
16.11.2018,"100,315","100,315","100,315","100,315","5,24K","0,00%"
15.11.2018,"100,315","100,315","100,315","100,310","17,94K","0,00%"
14.11.2018,"100,315","100,315","100,315","100,310","2,21K","0,00%"
13.11.2018,"100,315","100,315","100,315","100,310","1,20K","0,00%"
12.11.2018,"100,315","100,315","100,315","100,310","2,27K","0,00%"
09.11.2018,"100,315","100,315","100,315","100,310","1,44K","0,00%"
08.11.2018,"100,315","100,315","100,315","100,310","1,22K","0,00%"
07.11.2018,"100,315","100,315","100,320","100,315","3,11K","0,00%"
06.11.2018,"100,315","100,320","100,320","100,315","6,30K","0,00%"
05.11.2018,"100,315","100,320","100,320","100,315","0,43K","0,00%"
02.11.2018,"100,315","100,315","100,315","100,315","13,39K","0,00%"
01.11.2018,"100,315","100,315","100,315","100,315","13,86K","0,00%"
31.10.2018,"100,315","100,315","100,315","100,310","10,58K","0,00%"
30.10.2018,"100,315","100,315","100,315","100,315","3,45K","0,00%"
29.10.2018,"100,315","100,315","100,315","100,310","0,10K","0,00%"
26.10.2018,"100,310","100,310","100,315","100,310","7,06K","0,00%"
25.10.2018,"100,310","100,305","100,310","100,305","10,70K","0,00%"
24.10.2018,"100,310","100,310","100,310","100,305","7,75K","0,00%"
23.10.2018,"100,310","100,310","100,315","100,310","10,06K","0,00%"
22.10.2018,"100,310","100,310","100,310","100,310","4,24K","0,00%"
19.10.2018,"100,310","100,305","100,315","100,305","18,01K","0,00%"
18.10.2018,"100,315","100,315","100,315","100,305","11,73K","0,00%"
17.10.2018,"100,315","100,315","100,315","100,310","7,07K","0,00%"
16.10.2018,"100,315","100,310","100,315","100,310","1,12K","0,00%"
15.10.2018,"100,318","100,320","100,320","100,315","1,04K","0,00%"
12.10.2018,"100,320","100,320","100,320","100,315","1,68K","0,00%"
11.10.2018,"100,315","100,320","100,320","100,315","1,07K","0,00%"
10.10.2018,"100,315","100,320","100,320","100,315","22,52K","0,00%"
09.10.2018,"100,315","100,315","100,320","100,315","1,49K","0,00%"
08.10.2018,"100,315","100,315","100,315","100,315","4,12K","0,00%"
05.10.2018,"100,320","100,315","100,315","100,315","25,27K","0,00%"
04.10.2018,"100,315","100,315","100,320","100,315","18,57K","0,00%"
03.10.2018,"100,315","100,315","100,320","100,315","2,49K","0,00%"
02.10.2018,"100,315","100,310","100,320","100,310","11,96K","0,00%"
01.10.2018,"100,315","100,315","100,315","100,310","9,86K","0,00%"
28.09.2018,"100,315","100,320","100,320","100,315","22,30K","0,00%"
27.09.2018,"100,320","100,315","100,320","100,310","13,13K","0,00%"
26.09.2018,"100,315","100,315","100,320","100,315","12,35K","0,00%"
25.09.2018,"100,315","100,315","100,315","100,315","12,02K","0,00%"
24.09.2018,"100,315","100,315","100,315","100,310","1,45K","0,00%"
21.09.2018,"100,315","100,310","100,315","100,310","2,83K","0,00%"
20.09.2018,"100,315","100,310","100,315","100,310","1,14K","0,00%"
19.09.2018,"100,315","100,315","100,315","100,310","2,45K","0,00%"
18.09.2018,"100,315","100,315","100,315","100,310","1,62K","0,00%"
17.09.2018,"100,319","100,315","100,320","100,315","2,32K","0,00%"
14.09.2018,"100,320","100,320","100,320","100,315","49,87K","0,00%"
13.09.2018,"100,320","100,320","100,320","100,315","20,50K","0,00%"
12.09.2018,"100,320","100,315","100,320","100,315","25,65K","0,00%"
11.09.2018,"100,320","100,315","100,320","100,315","32,49K","0,00%"
10.09.2018,"100,320","100,315","100,320","100,315","18,96K","0,00%"
07.09.2018,"100,320","100,320","100,320","100,315","21,23K","0,00%"
06.09.2018,"100,320","100,320","100,320","100,315","25,62K","0,00%"
05.09.2018,"100,320","100,315","100,320","100,315","20,29K","0,00%"
04.09.2018,"100,315","100,315","100,320","100,315","33,56K","0,00%"
03.09.2018,"100,315","100,315","100,320","100,310","40,39K","0,00%"
31.08.2018,"100,315","100,310","100,315","100,310","24,30K","0,00%"
30.08.2018,"100,315","100,315","100,320","100,310","41,64K","0,00%"
29.08.2018,"100,315","100,315","100,320","100,310","53,91K","0,00%"
28.08.2018,"100,315","100,310","100,315","100,310","32,54K","0,00%"
27.08.2018,"100,315","100,315","100,320","100,310","14,11K","0,00%"
24.08.2018,"100,315","100,315","100,320","100,310","26,50K","0,00%"
23.08.2018,"100,315","100,315","100,320","100,310","50,57K","0,00%"
22.08.2018,"100,315","100,310","100,315","100,310","60,66K","0,00%"
21.08.2018,"100,310","100,310","100,315","100,310","69,11K","0,00%"
20.08.2018,"100,315","100,315","100,315","100,310","24,47K","0,00%"
17.08.2018,"100,315","100,315","100,315","100,310","23,74K","0,00%"
16.08.2018,"100,315","100,315","100,315","100,310","20,45K","0,00%"
15.08.2018,"100,310","100,310","100,315","100,305","68,41K","0,00%"
14.08.2018,"100,310","100,310","100,315","100,305","55,23K","-0,01%"
13.08.2018,"100,319","100,320","100,320","100,320","0,03K","0,00%"
10.08.2018,"100,320","100,320","100,320","100,315","2,77K","0,00%"
09.08.2018,"100,320","100,315","100,320","100,315","1,46K","0,00%"
08.08.2018,"100,320","100,320","100,320","100,315","1,01K","0,00%"
07.08.2018,"100,320","100,320","100,320","100,315","1,01K","0,00%"
06.08.2018,"100,320","100,315","100,320","100,315","1,31K","0,00%"
03.08.2018,"100,320","100,320","100,320","100,315","3,97K","0,00%"
02.08.2018,"100,320","100,320","100,320","100,320","2,19K","0,00%"
01.08.2018,"100,320","100,320","100,320","100,315","5,99K","0,00%"
31.07.2018,"100,320","100,320","100,320","100,315","6,31K","0,00%"
30.07.2018,"100,320","100,315","100,320","100,315","5,42K","0,00%"
27.07.2018,"100,320","100,320","100,320","100,315","0,62K","0,00%"
26.07.2018,"100,320","100,320","100,320","100,320","1,90K","0,00%"
25.07.2018,"100,320","100,320","100,320","100,315","9,42K","0,00%"
24.07.2018,"100,320","100,320","100,320","100,315","5,16K","0,00%"
23.07.2018,"100,320","100,315","100,320","100,315","2,88K","0,00%"
20.07.2018,"100,320","100,320","100,320","100,315","0,78K","0,00%"
19.07.2018,"100,320","100,320","100,320","100,315","3,54K","0,00%"
18.07.2018,"100,320","100,315","100,320","100,315","2,55K","0,00%"
17.07.2018,"100,320","100,320","100,320","100,315","2,34K","0,00%"
16.07.2018,"100,321","100,320","100,320","100,320","0,93K","0,00%"
13.07.2018,"100,320","100,325","100,325","100,320","2,66K","0,00%"
12.07.2018,"100,320","100,325","100,325","100,320","0,65K","0,00%"
11.07.2018,"100,325","100,320","100,325","100,320","3,17K","0,00%"
10.07.2018,"100,325","100,320","100,325","100,320","1,36K","0,00%"
09.07.2018,"100,325","100,325","100,325","100,320","1,82K","0,00%"
06.07.2018,"100,325","100,320","100,325","100,320","3,01K","0,00%"
05.07.2018,"100,325","100,325","100,325","100,320","1,26K","0,00%"
04.07.2018,"100,325","100,320","100,320","100,320","0,25K","0,00%"
03.07.2018,"100,320","100,320","100,325","100,320","3,55K","0,00%"
02.07.2018,"100,325","100,320","100,325","100,320","7,53K","0,00%"
29.06.2018,"100,325","100,325","100,325","100,315","16,11K","0,00%"
28.06.2018,"100,325","100,325","100,325","100,320","5,10K","0,00%"
27.06.2018,"100,325","100,320","100,325","100,320","0,89K","0,00%"
26.06.2018,"100,320","100,320","100,325","100,320","12,73K","0,00%"
25.06.2018,"100,320","100,320","100,320","100,315","5,67K","0,00%"
22.06.2018,"100,320","100,315","100,315","100,310","22,49K","0,00%"
21.06.2018,"100,315","100,315","100,320","100,315","9,60K","0,00%"
20.06.2018,"100,320","100,320","100,320","100,315","1,04K","0,00%"
19.06.2018,"100,320","100,320","100,320","100,315","4,63K","0,00%"
18.06.2018,"100,323","100,320","100,325","100,320","5,63K","0,00%"
15.06.2018,"100,320","100,320","100,325","100,320","67,21K","0,00%"
14.06.2018,"100,320","100,320","100,325","100,315","87,22K","0,00%"
13.06.2018,"100,320","100,320","100,320","100,315","36,98K","0,00%"
12.06.2018,"100,315","100,320","100,320","100,315","31,52K","0,00%"
11.06.2018,"100,315","100,315","100,320","100,315","37,14K","0,00%"
08.06.2018,"100,315","100,315","100,320","100,315","129,45K","0,00%"
07.06.2018,"100,320","100,320","100,320","100,315","43,54K","0,00%"
06.06.2018,"100,320","100,315","100,320","100,315","44,40K","0,00%"
05.06.2018,"100,320","100,320","100,325","100,315","147,17K","0,00%"
04.06.2018,"100,320","100,320","100,320","100,315","39,32K","0,00%"
01.06.2018,"100,315","100,320","100,320","100,315","42,84K","0,00%"
31.05.2018,"100,315","100,315","100,320","100,310","116,49K","0,01%"
30.05.2018,"100,305","100,295","100,315","100,295","96,44K","0,00%"
29.05.2018,"100,305","100,305","100,310","100,285","223,26K","0,00%"
28.05.2018,"100,310","100,310","100,315","100,305","89,35K","0,00%"
25.05.2018,"100,310","100,315","100,320","100,305","221,24K","0,00%"
24.05.2018,"100,315","100,315","100,320","100,310","47,19K","0,00%"
23.05.2018,"100,315","100,320","100,320","100,310","150,12K","0,00%"
22.05.2018,"100,315","100,315","100,320","100,315","28,37K","0,00%"
21.05.2018,"100,315","100,320","100,320","100,315","42,13K","0,00%"
18.05.2018,"100,315","100,315","100,320","100,315","28,90K","0,00%"
17.05.2018,"100,315","100,315","100,320","100,315","28,62K","0,00%"
16.05.2018,"100,315","100,315","100,320","100,315","69,27K","0,00%"
15.05.2018,"100,315","100,315","100,320","100,315","107,66K","-0,01%"
14.05.2018,"100,326","100,330","100,330","100,325","0,07K","0,00%"
11.05.2018,"100,330","100,325","100,330","100,325","11,96K","0,00%"
10.05.2018,"100,325","100,325","100,330","100,320","32,79K","0,00%"
09.05.2018,"100,330","100,330","100,330","100,325","5,50K","0,00%"
08.05.2018,"100,330","100,330","100,330","100,330","0,78K","0,00%"
07.05.2018,"100,330","100,330","100,330","100,325","1,34K","0,00%"
04.05.2018,"100,330","100,325","100,330","100,325","2,65K","0,00%"
03.05.2018,"100,325","100,330","100,330","100,325","4,52K","0,00%"
02.05.2018,"100,330","100,325","100,330","100,325","4,77K","0,00%"
30.04.2018,"100,330","100,330","100,330","100,325","1,39K","0,00%"
27.04.2018,"100,330","100,325","100,330","100,325","2,20K","0,00%"
26.04.2018,"100,325","100,330","100,330","100,325","1,30K","0,00%"
25.04.2018,"100,325","100,330","100,330","100,325","1,85K","0,00%"
24.04.2018,"100,330","100,325","100,330","100,325","1,23K","0,00%"
23.04.2018,"100,325","100,325","100,330","100,325","1,78K","0,00%"
20.04.2018,"100,325","100,325","100,330","100,325","9,13K","0,00%"
19.04.2018,"100,325","100,325","100,325","100,325","2,35K","0,00%"
18.04.2018,"100,325","100,325","100,330","100,325","1,59K","0,00%"
17.04.2018,"100,325","100,325","100,330","100,325","3,55K","0,00%"
16.04.2018,"100,329","100,330","100,330","100,330","0,04K","0,00%"
13.04.2018,"100,330","100,330","100,330","100,325","2,94K","0,00%"
12.04.2018,"100,330","100,330","100,330","100,325","4,47K","0,00%"
11.04.2018,"100,330","100,330","100,330","100,325","5,55K","0,00%"
10.04.2018,"100,330","100,325","100,330","100,325","6,95K","0,00%"
09.04.2018,"100,330","100,330","100,330","100,325","2,55K","0,00%"
06.04.2018,"100,330","100,330","100,330","100,325","3,67K","0,00%"
05.04.2018,"100,325","100,330","100,330","100,325","0,08K","0,00%"
04.04.2018,"100,330","100,330","100,330","100,325","2,08K","0,00%"
03.04.2018,"100,325","100,325","100,330","100,325","0,40K","0,00%"
29.03.2018,"100,325","100,325","100,330","100,325","0,47K","0,00%"
28.03.2018,"100,325","100,330","100,330","100,325","0,08K","0,00%"
27.03.2018,"100,330","100,325","100,330","100,325","7,57K","0,00%"
26.03.2018,"100,325","100,325","100,330","100,325","2,17K","0,00%"
23.03.2018,"100,325","100,325","100,325","100,325","3,86K","0,00%"
22.03.2018,"100,325","100,325","100,330","100,325","1,78K","0,00%"
21.03.2018,"100,325","100,325","100,325","100,325","15,24K","0,00%"
20.03.2018,"100,325","100,330","100,330","100,325","7,90K","0,00%"
19.03.2018,"100,329","100,330","100,330","100,325","3,93K","0,00%"
16.03.2018,"100,330","100,325","100,330","100,325","41,81K","0,00%"
15.03.2018,"100,330","100,330","100,330","100,325","18,94K","0,00%"
14.03.2018,"100,325","100,325","100,330","100,325","22,20K","0,00%"
13.03.2018,"100,325","100,330","100,330","100,325","13,48K","0,00%"
12.03.2018,"100,330","100,325","100,330","100,325","14,29K","0,00%"
09.03.2018,"100,325","100,325","100,330","100,325","18,21K","0,00%"
08.03.2018,"100,330","100,325","100,330","100,325","46,63K","0,00%"
07.03.2018,"100,325","100,325","100,330","100,325","13,40K","0,00%"
06.03.2018,"100,325","100,325","100,330","100,320","57,39K","0,00%"
05.03.2018,"100,325","100,320","100,325","100,320","69,39K","0,00%"
02.03.2018,"100,320","100,325","100,325","100,320","52,38K","0,00%"
01.03.2018,"100,325","100,320","100,325","100,320","38,26K","0,00%"
28.02.2018,"100,325","100,320","100,325","100,320","28,96K","0,00%"
27.02.2018,"100,320","100,315","100,325","100,315","82,13K","0,00%"
26.02.2018,"100,315","100,320","100,320","100,315","39,46K","0,00%"
23.02.2018,"100,315","100,320","100,320","100,315","45,86K","0,00%"
22.02.2018,"100,320","100,320","100,325","100,315","87,78K","0,00%"
21.02.2018,"100,320","100,325","100,325","100,320","15,09K","0,00%"
20.02.2018,"100,320","100,320","100,325","100,320","17,42K","-0,01%"
19.02.2018,"100,329","100,329","100,329","100,329",,"0,00%"
16.02.2018,"100,330","100,330","100,330","100,330","0,19K","0,00%"
15.02.2018,"100,330","100,330","100,330","100,330","0,43K","0,00%"
14.02.2018,"100,330","100,330","100,330","100,325","4,00K","0,00%"
13.02.2018,"100,330","100,330","100,330","100,330","0,84K","0,00%"
12.02.2018,"100,330","100,330","100,330","100,330","0,03K","0,00%"
09.02.2018,"100,330","100,325","100,330","100,325","1,55K","0,00%"
08.02.2018,"100,325","100,330","100,330","100,325","0,51K","0,00%"
07.02.2018,"100,330","100,325","100,330","100,325","0,85K","0,00%"
06.02.2018,"100,325","100,325","100,330","100,325","7,45K","0,00%"
05.02.2018,"100,325","100,325","100,330","100,325","0,56K","0,00%"
02.02.2018,"100,325","100,325","100,330","100,325","5,79K","0,00%"
01.02.2018,"100,325","100,325","100,325","100,325","2,99K","0,00%"
31.01.2018,"100,325","100,325","100,325","100,325","8,20K","0,00%"
30.01.2018,"100,325","100,325","100,330","100,325","0,47K","0,00%"
29.01.2018,"100,325","100,325","100,325","100,325","4,20K","0,00%"
26.01.2018,"100,325","100,325","100,325","100,325","3,91K","0,00%"
25.01.2018,"100,325","100,325","100,325","100,325","6,57K","0,00%"
24.01.2018,"100,330","100,325","100,325","100,325","0,51K","0,00%"
23.01.2018,"100,325","100,325","100,325","100,325","0,50K","0,00%"
22.01.2018,"100,325","100,325","100,325","100,325","1,48K","0,00%"
19.01.2018,"100,325","100,325","100,325","100,325","1,38K","0,00%"
18.01.2018,"100,325","100,325","100,325","100,325","0,43K","0,00%"
17.01.2018,"100,325","100,325","100,325","100,325","2,91K","0,00%"
16.01.2018,"100,325","100,325","100,330","100,325","10,90K","0,00%"
15.01.2018,"100,329","100,329","100,329","100,329",,"0,00%"
12.01.2018,"100,330","100,330","100,330","100,325","0,79K","0,00%"
11.01.2018,"100,325","100,330","100,330","100,325","3,98K","0,00%"
10.01.2018,"100,325","100,330","100,330","100,325","1,69K","0,00%"
09.01.2018,"100,330","100,330","100,330","100,325","0,67K","0,00%"
08.01.2018,"100,330","100,330","100,330","100,330","1,45K","0,00%"
05.01.2018,"100,330","100,325","100,330","100,325","0,58K","0,00%"
04.01.2018,"100,325","100,330","100,330","100,330","1,25K","0,00%"
03.01.2018,"100,325","100,330","100,330","100,330","1,31K","0,00%"
02.01.2018,"100,330","100,330","100,330","100,325","0,93K","0,00%"