"Fecha","Cierre","Apertura","Máximo","Mínimo","Vol.","% var."
"27.02.2026","134.950","129.630","136.150","127.760","1.03M","3.76%"
"26.02.2026","130.060","128.380","130.840","128.380","238.61K","1.90%"
"25.02.2026","127.640","132.360","132.820","126.400","462.95K","-4.05%"
"24.02.2026","133.030","132.950","133.760","129.540","281.03K","-0.11%"
"23.02.2026","133.180","130.690","134.040","129.130","352.58K","1.29%"
"20.02.2026","131.480","127.290","131.960","127.290","301.12K","3.16%"
"19.02.2026","127.450","125.980","129.390","125.430","311.11K","1.17%"
"18.02.2026","125.980","128.420","130.480","125.700","446.88K","-1.89%"
"17.02.2026","128.410","127.270","129.500","125.740","205.96K","1.65%"
"16.02.2026","126.320","125.540","128.190","125.540","34.16K","-2.56%"
"13.02.2026","129.640","122.450","129.970","121.400","384.34K","5.40%"
"12.02.2026","123.000","120.200","123.940","119.480","352.27K","1.38%"
"11.02.2026","121.330","122.010","122.760","119.510","414.62K","-0.30%"
"10.02.2026","121.700","120.500","124.370","120.070","499.96K","0.74%"
"09.02.2026","120.810","120.590","121.790","119.460","411.31K","0.18%"
"06.02.2026","120.590","118.710","121.100","117.760","429.24K","2.40%"
"05.02.2026","117.760","120.650","123.660","117.510","409.16K","-3.40%"
"04.02.2026","121.900","123.400","123.430","120.020","447.83K","-1.20%"
"03.02.2026","123.380","120.070","125.240","120.070","567.92K","3.71%"
"30.01.2026","118.970","122.490","123.560","118.130","509.31K","-2.95%"
"29.01.2026","122.590","125.500","126.410","122.260","355.91K","-1.63%"
"28.01.2026","124.620","124.440","126.050","124.000","376.89K","0.48%"
"27.01.2026","124.030","127.400","128.080","123.360","459.86K","-2.65%"
"26.01.2026","127.410","125.250","129.730","125.000","396.60K","1.36%"
"23.01.2026","125.700","122.590","126.200","122.590","456.50K","2.18%"
"22.01.2026","123.020","121.100","123.490","120.670","397.78K","2.02%"
"21.01.2026","120.580","121.990","122.610","120.000","412.86K","-0.37%"
"20.01.2026","121.030","121.750","122.990","120.190","262.28K","-1.81%"
"19.01.2026","123.260","122.460","123.330","122.400","155.07K","0.15%"
"16.01.2026","123.080","121.200","123.500","120.750","445.96K","2.30%"
"15.01.2026","120.310","122.420","122.480","119.780","415.35K","-1.72%"
"14.01.2026","122.420","121.190","122.700","117.650","374.21K","1.55%"
"13.01.2026","120.550","120.500","121.200","118.500","319.13K","-0.21%"
"12.01.2026","120.800","121.000","122.190","119.800","227.49K","-0.61%"
"09.01.2026","121.540","118.690","122.190","118.180","467.88K","2.01%"
"08.01.2026","119.150","117.180","119.780","116.060","305.53K","1.82%"
"07.01.2026","117.020","117.590","117.660","115.200","335.33K","-0.14%"
"06.01.2026","117.180","120.040","120.500","116.720","511.97K","-2.63%"
"05.01.2026","120.340","117.610","120.500","117.020","402.77K","2.44%"
"02.01.2026","117.470","118.010","118.890","116.600","146.18K","-0.40%"
"31.12.2025","117.940","116.880","118.890","116.450","266.01K","0.91%"
"30.12.2025","116.880","119.370","119.370","116.370","302.28K","-1.81%"
"29.12.2025","119.030","118.910","120.600","118.410","480.59K","-0.43%"
"26.12.2025","119.540","119.590","120.300","117.980","155.00K","-0.08%"
"24.12.2025","119.640","117.700","119.880","117.530","113.68K","1.73%"
"23.12.2025","117.610","115.330","118.330","114.450","211.58K","1.99%"
"22.12.2025","115.320","115.680","116.390","113.100","420.21K","-0.61%"
"19.12.2025","116.030","115.390","117.670","113.550","3.52M","1.05%"
"18.12.2025","114.820","116.360","116.450","114.380","579.12K","-1.01%"
"17.12.2025","115.990","117.210","118.400","114.500","495.93K","-1.51%"
"16.12.2025","117.770","117.820","118.810","116.600","382.32K","-0.26%"
"15.12.2025","118.080","121.130","122.290","117.770","330.82K","-2.52%"
"11.12.2025","121.130","119.870","123.800","119.080","277.27K","1.33%"
"10.12.2025","119.540","120.370","120.480","117.770","524.54K","-0.34%"
"09.12.2025","119.950","121.330","121.360","119.800","340.23K","-0.70%"
"08.12.2025","120.800","123.840","123.990","120.520","433.84K","-2.64%"
"05.12.2025","124.080","125.630","126.080","123.520","150.09K","-1.25%"
"04.12.2025","125.650","123.400","126.090","123.200","263.62K","2.34%"
"03.12.2025","122.780","123.500","123.500","121.730","355.98K","-0.14%"
"02.12.2025","122.950","124.600","124.610","122.800","345.30K","-0.82%"
"01.12.2025","123.970","125.040","126.100","123.600","203.31K","-0.70%"
"28.11.2025","124.840","126.350","126.350","124.000","215.01K","-0.04%"
"27.11.2025","124.890","125.830","126.060","124.600","58.00K","-0.73%"
"26.11.2025","125.810","129.090","130.880","125.600","215.95K","-2.03%"
"25.11.2025","128.420","129.520","130.490","127.020","237.61K","-2.14%"
"24.11.2025","131.230","125.430","133.490","125.430","1.18M","4.42%"
"21.11.2025","125.680","127.270","128.100","125.250","155.89K","-1.37%"
"20.11.2025","127.420","130.700","131.400","125.590","183.39K","-2.56%"
"19.11.2025","130.770","127.600","131.390","127.330","173.18K","2.90%"
"18.11.2025","127.090","127.490","128.680","125.150","226.60K","-0.09%"
"14.11.2025","127.210","127.040","129.680","126.060","183.62K","0.13%"
"13.11.2025","127.040","129.800","130.700","126.550","230.30K","-1.09%"
"12.11.2025","128.440","135.980","135.990","128.000","342.46K","-5.66%"
"11.11.2025","136.140","130.000","136.680","130.000","206.04K","4.84%"
"10.11.2025","129.860","135.050","135.050","129.450","145.29K","-3.46%"
"07.11.2025","134.510","133.600","135.910","131.100","169.01K","0.22%"
"06.11.2025","134.210","136.090","136.300","133.440","283.53K","-1.37%"
"05.11.2025","136.080","133.990","137.000","133.460","265.80K","1.08%"
"04.11.2025","134.620","130.430","137.770","129.660","289.57K","1.65%"
"03.11.2025","132.430","132.100","133.370","128.520","136.50K","-0.26%"
"31.10.2025","132.780","130.510","134.000","128.120","391.35K","1.13%"
"30.10.2025","131.290","133.550","134.680","129.320","247.27K","-2.27%"
"29.10.2025","134.340","130.500","134.800","130.500","229.92K","1.27%"
"28.10.2025","132.650","126.760","134.900","125.030","586.45K","3.82%"
"27.10.2025","127.770","122.310","128.150","121.400","242.66K","5.39%"
"24.10.2025","121.230","125.500","125.500","120.500","403.83K","-2.04%"
"23.10.2025","123.760","122.370","124.200","120.670","174.50K","0.28%"
"22.10.2025","123.420","122.850","123.990","121.000","196.82K","0.92%"
"21.10.2025","122.290","124.120","124.120","122.000","156.73K","-1.29%"
"20.10.2025","123.890","124.440","126.870","122.550","333.48K","-0.26%"
"17.10.2025","124.210","127.180","127.800","123.650","194.15K","-2.46%"
"16.10.2025","127.340","124.600","127.990","123.900","252.67K","3.72%"
"15.10.2025","122.770","124.590","126.340","122.190","254.00K","-1.45%"
"14.10.2025","124.580","125.970","126.290","124.040","162.11K","-1.53%"
"13.10.2025","126.520","123.870","127.970","123.800","187.15K","2.15%"
"10.10.2025","123.860","129.530","129.530","123.030","609.46K","-5.14%"
"09.10.2025","130.570","129.640","130.990","126.080","179.47K","1.98%"
"08.10.2025","128.030","130.610","131.180","127.520","180.04K","-2.89%"
"07.10.2025","131.840","130.990","133.590","130.380","277.25K","0.65%"
"06.10.2025","130.990","129.430","131.610","126.010","204.13K","1.48%"
"03.10.2025","129.080","127.000","129.490","125.800","117.23K","2.33%"
"02.10.2025","126.140","127.530","128.730","125.530","236.04K","-2.58%"
"01.10.2025","129.480","131.430","132.200","126.710","185.01K","-0.99%"
"30.09.2025","130.770","131.800","133.480","129.580","414.82K","1.48%"
"29.09.2025","128.860","132.090","132.990","128.220","191.64K","-2.86%"
"26.09.2025","132.660","131.050","134.050","131.010","126.62K","0.71%"
"25.09.2025","131.720","128.290","133.020","128.290","321.31K","2.77%"
"24.09.2025","128.170","133.360","133.360","127.510","258.40K","-4.11%"
"23.09.2025","133.670","133.300","134.490","130.520","134.08K","0.66%"
"22.09.2025","132.790","134.000","136.250","128.020","261.80K","-1.73%"
"19.09.2025","135.130","130.950","136.920","126.260","1.73M","2.53%"
"18.09.2025","131.790","132.480","132.950","127.000","235.11K","-0.55%"
"17.09.2025","132.520","131.500","133.800","130.270","530.62K","0.78%"
"15.09.2025","131.500","126.290","132.050","126.290","202.79K","3.22%"
"12.09.2025","127.400","127.000","131.000","125.430","222.37K","0.29%"
"11.09.2025","127.030","123.940","129.830","123.940","236.90K","3.13%"
"10.09.2025","123.170","127.020","127.020","123.000","197.58K","-3.06%"
"09.09.2025","127.060","128.850","130.330","126.380","292.20K","-1.28%"
"08.09.2025","128.710","130.540","130.540","127.050","159.49K","-2.37%"
"05.09.2025","131.830","128.250","132.000","126.940","149.82K","3.82%"
"04.09.2025","126.980","124.000","128.890","123.340","182.06K","2.67%"
"03.09.2025","123.680","127.220","127.910","123.150","222.47K","-2.71%"
"02.09.2025","127.120","123.820","127.870","123.780","98.26K","2.19%"
"01.09.2025","124.400","124.080","124.650","123.520","36.06K","0.60%"
"29.08.2025","123.660","124.000","124.490","122.770","319.11K","0.32%"
"28.08.2025","123.260","123.110","125.000","121.760","157.16K","0.11%"
"27.08.2025","123.120","122.320","124.000","120.010","155.57K","1.83%"
"26.08.2025","120.910","125.550","126.900","120.000","999.20K","-3.72%"
"25.08.2025","125.580","126.740","128.980","125.000","100.39K","-0.81%"
"22.08.2025","126.600","125.000","127.900","125.000","83.87K","0.90%"
"21.08.2025","125.470","125.250","128.700","124.490","66.02K","0.18%"
"20.08.2025","125.240","127.670","128.040","125.020","188.03K","-2.12%"
"19.08.2025","127.950","127.790","129.910","127.670","98.36K","-0.16%"
"18.08.2025","128.160","130.440","130.440","126.510","183.47K","-2.03%"
"15.08.2025","130.810","128.980","131.790","128.900","85.69K","2.45%"
"14.08.2025","127.680","128.670","129.670","127.240","104.79K","-0.76%"
"13.08.2025","128.660","129.970","132.860","128.100","149.29K","-0.93%"
"12.08.2025","129.870","130.160","133.000","128.610","150.33K","-1.21%"
"11.08.2025","131.460","132.350","133.670","130.520","143.60K","-1.14%"
"08.08.2025","132.970","133.630","134.000","130.020","251.01K","0.08%"
"07.08.2025","132.860","130.500","133.000","129.860","96.71K","2.15%"
"06.08.2025","130.060","129.760","132.580","129.300","164.65K","1.59%"
"05.08.2025","128.030","127.750","131.040","126.980","151.14K","-0.09%"
"04.08.2025","128.140","130.960","130.960","127.710","160.41K","-1.08%"
"01.08.2025","129.540","134.380","136.090","129.200","191.83K","-3.71%"
"31.07.2025","134.530","134.710","137.990","132.000","200.73K","0.40%"
"30.07.2025","133.990","137.460","138.440","133.100","132.75K","-3.30%"
"29.07.2025","138.560","137.130","139.740","134.020","181.84K","-0.06%"
"28.07.2025","138.640","140.100","140.970","137.750","160.37K","-1.01%"
"25.07.2025","140.050","138.040","141.150","137.010","86.45K","1.16%"
"24.07.2025","138.450","137.690","141.190","136.330","209.15K","0.37%"
"23.07.2025","137.940","132.410","140.580","132.410","289.42K","3.85%"
"22.07.2025","132.830","138.970","139.010","131.020","303.57K","-4.82%"
"21.07.2025","139.560","144.220","145.870","138.740","326.33K","-3.46%"
"18.07.2025","144.560","139.510","145.520","139.510","254.33K","4.22%"
"17.07.2025","138.700","135.100","141.490","135.100","392.23K","2.38%"
"16.07.2025","135.470","138.330","139.500","135.160","161.36K","-0.67%"
"15.07.2025","136.390","137.070","138.490","135.030","72.87K","0.39%"
"14.07.2025","135.860","136.210","139.480","134.950","207.91K","-1.19%"
"11.07.2025","137.490","138.990","141.120","135.310","291.16K","-0.50%"
"10.07.2025","138.180","137.990","139.390","135.030","381.75K","1.91%"
"09.07.2025","135.590","136.180","138.980","134.030","266.80K","-0.48%"
"08.07.2025","136.240","132.410","136.890","130.860","237.60K","2.08%"
"07.07.2025","133.460","136.480","137.510","132.980","198.34K","-1.91%"
"04.07.2025","136.060","134.640","136.600","134.630","32.70K","0.86%"
"03.07.2025","134.900","138.460","138.460","133.220","204.70K","-3.06%"
"02.07.2025","139.160","135.620","141.700","134.850","554.98K","2.68%"
"01.07.2025","135.530","132.260","136.180","131.270","269.26K","1.31%"
"30.06.2025","133.780","134.660","136.320","132.450","295.21K","-0.39%"
"27.06.2025","134.300","137.620","146.500","133.620","290.43K","-4.01%"
"26.06.2025","139.910","138.100","141.390","135.940","426.48K","1.33%"
"25.06.2025","138.070","128.750","138.800","128.750","348.33K","7.26%"
"24.06.2025","128.720","130.150","133.310","127.810","146.51K","-1.76%"
"23.06.2025","131.030","129.200","132.880","127.350","170.22K","1.22%"
"20.06.2025","129.450","129.000","132.090","127.450","2.31M","-1.26%"
"19.06.2025","131.100","130.950","131.740","128.890","20.68K","-0.56%"
"18.06.2025","131.840","127.000","132.100","125.550","169.91K","4.59%"
"17.06.2025","126.060","129.020","129.950","125.690","172.43K","-3.16%"
"16.06.2025","130.170","128.030","131.960","126.700","299.71K","1.45%"
"13.06.2025","128.310","128.000","128.680","126.710","150.78K","-0.07%"
"12.06.2025","128.400","126.660","128.870","125.600","146.63K","0.59%"
"11.06.2025","127.650","127.760","129.000","125.620","171.25K","-0.36%"
"10.06.2025","128.110","125.520","128.800","125.520","220.51K","1.30%"
"09.06.2025","126.470","126.600","127.000","125.050","80.73K","-0.61%"
"06.06.2025","127.240","124.510","127.800","123.290","200.53K","1.00%"
"05.06.2025","125.980","127.900","128.000","124.240","183.74K","-1.39%"
"04.06.2025","127.760","124.000","128.000","123.170","500.59K","3.01%"
"03.06.2025","124.030","124.190","124.740","121.870","287.80K","1.22%"
"02.06.2025","122.530","124.010","126.970","120.590","372.96K","-0.88%"
"30.05.2025","123.620","131.900","131.900","123.270","1.49M","-5.53%"
"29.05.2025","130.850","130.040","134.220","130.040","348.14K","1.20%"
"28.05.2025","129.300","131.610","134.920","129.010","485.96K","-1.23%"
"27.05.2025","130.910","129.910","144.410","129.910","659.99K","1.66%"
"26.05.2025","128.770","129.300","130.000","127.040","36.82K","0.22%"
"23.05.2025","128.490","124.910","129.480","123.960","299.75K","1.97%"
"22.05.2025","126.010","124.210","128.420","124.100","293.48K","1.31%"
"21.05.2025","124.380","124.850","128.500","123.020","285.64K","-0.62%"
"20.05.2025","125.150","128.640","128.640","124.150","195.13K","-1.60%"
"19.05.2025","127.190","126.010","129.810","124.170","183.19K","0.74%"
"16.05.2025","126.250","126.860","128.270","125.050","238.18K","-0.27%"
"15.05.2025","126.590","126.100","127.100","123.800","267.88K","-0.49%"
"14.05.2025","127.210","129.910","130.480","126.620","166.78K","-1.94%"
"13.05.2025","129.730","128.000","133.590","125.330","320.33K","1.88%"
"12.05.2025","127.340","131.650","131.670","126.010","209.82K","-2.73%"
"09.05.2025","130.920","133.210","136.200","130.100","206.00K","-1.50%"
"08.05.2025","132.910","136.510","139.450","132.180","517.19K","-2.98%"
"07.05.2025","136.990","137.770","140.370","136.510","584.79K","-0.12%"
"06.05.2025","137.150","131.380","137.980","130.990","271.22K","4.07%"
"05.05.2025","131.780","134.100","135.400","131.050","323.96K","-1.73%"
"02.05.2025","134.100","137.010","139.680","132.000","533.51K","-1.64%"
"30.04.2025","136.340","135.010","138.200","134.500","516.00K","0.24%"
"29.04.2025","136.020","147.600","147.990","134.500","889.25K","-8.18%"
"28.04.2025","148.130","146.430","150.000","145.930","492.22K","2.28%"
"25.04.2025","144.830","143.950","146.940","143.010","449.65K","1.61%"
"24.04.2025","142.540","137.490","145.000","137.490","603.16K","2.73%"
"23.04.2025","138.750","132.640","144.980","132.640","536.93K","4.08%"
"22.04.2025","133.310","128.040","133.840","128.040","513.60K","3.01%"
"21.04.2025","129.410","129.670","130.590","128.580","200.76K","0.42%"
"16.04.2025","128.870","129.970","132.200","128.230","279.46K","0.33%"
"15.04.2025","128.440","128.540","130.630","127.330","361.11K","-0.55%"
"14.04.2025","129.150","128.370","130.630","128.000","224.40K","1.45%"
"11.04.2025","127.310","129.490","131.100","126.100","272.85K","-2.42%"
"10.04.2025","130.470","128.430","131.630","127.000","481.20K","1.58%"
"09.04.2025","128.440","116.750","132.000","116.260","538.15K","8.83%"
"08.04.2025","118.020","117.670","123.570","115.500","530.40K","0.57%"
"07.04.2025","117.350","119.900","122.400","116.000","583.99K","-4.62%"
"04.04.2025","123.030","128.310","130.000","121.190","353.40K","-5.14%"
"03.04.2025","129.690","122.510","132.350","122.510","699.14K","5.05%"
"02.04.2025","123.460","119.160","123.890","117.500","728.46K","3.91%"
"01.04.2025","118.810","119.650","119.990","117.260","268.40K","-1.21%"
"31.03.2025","120.270","117.850","120.750","115.490","298.96K","1.09%"
"28.03.2025","118.970","119.720","120.480","115.000","323.04K","-1.32%"
"27.03.2025","120.560","117.240","120.990","116.520","347.51K","2.38%"
"26.03.2025","117.760","117.290","118.450","117.140","164.15K","0.16%"
"25.03.2025","117.570","117.570","118.910","115.760","211.60K","0.50%"
"24.03.2025","116.990","118.000","118.110","115.620","210.23K","0.02%"
"21.03.2025","116.970","117.550","119.860","116.350","3.16M","-0.76%"
"20.03.2025","117.870","117.810","119.050","116.700","291.18K","0.03%"
"19.03.2025","117.830","114.520","120.820","114.520","455.07K","2.89%"
"18.03.2025","114.520","117.010","120.000","114.100","482.25K","-3.51%"
"14.03.2025","118.690","116.000","119.640","115.990","268.30K","1.95%"
"13.03.2025","116.420","113.430","117.270","113.420","147.53K","1.70%"
"12.03.2025","114.470","114.380","115.470","113.000","384.81K","0.10%"
"11.03.2025","114.350","115.690","115.690","113.120","295.47K","-1.68%"
"10.03.2025","116.300","115.330","117.250","113.650","358.34K","-0.50%"
"07.03.2025","116.890","117.460","118.000","113.210","236.94K","0.78%"
"06.03.2025","115.990","115.110","121.340","114.510","255.22K","0.08%"
"05.03.2025","115.900","118.870","118.870","115.000","311.11K","-2.50%"
"04.03.2025","118.870","116.730","119.830","112.900","468.79K","1.19%"
"03.03.2025","117.470","116.130","121.980","116.000","313.97K","-1.34%"
"28.02.2025","119.070","117.200","119.400","116.600","747.92K","1.96%"
"27.02.2025","116.780","117.840","118.980","114.500","401.98K","-0.71%"
"26.02.2025","117.620","119.580","121.970","117.480","418.94K","-1.14%"
"25.02.2025","118.980","121.120","122.930","118.050","287.98K","-2.25%"
"24.02.2025","121.720","122.000","127.150","120.020","223.14K","-0.47%"
"21.02.2025","122.290","123.020","124.290","121.450","190.86K","-1.54%"
"20.02.2025","124.200","122.210","127.700","122.210","297.83K","0.44%"
"19.02.2025","123.650","123.900","125.510","122.940","219.85K","0.20%"
"18.02.2025","123.400","120.890","125.000","120.390","247.48K","2.73%"
"17.02.2025","120.120","123.180","123.180","118.010","45.99K","-2.34%"
"14.02.2025","123.000","123.290","123.480","121.450","115.34K","1.09%"
"13.02.2025","121.670","121.270","125.750","121.270","449.48K","-0.17%"
"12.02.2025","121.880","121.490","123.980","119.010","256.54K","0.32%"
"11.02.2025","121.490","119.490","122.000","118.010","236.34K","1.45%"
"10.02.2025","119.750","116.080","120.820","116.010","255.80K","2.89%"
"07.02.2025","116.390","117.890","118.500","116.080","236.37K","-0.17%"
"06.02.2025","116.590","117.300","118.510","115.120","155.80K","0.43%"
"05.02.2025","116.090","117.900","119.800","114.470","518.06K","-0.89%"
"04.02.2025","117.130","118.800","122.000","116.010","700.49K","-1.41%"
"31.01.2025","118.800","119.210","125.010","117.620","321.94K","-1.15%"
"30.01.2025","120.180","120.700","125.750","119.010","269.91K","0.01%"
"29.01.2025","120.170","119.800","122.390","119.050","397.17K","0.30%"
"28.01.2025","119.810","120.000","123.000","119.110","360.56K","0.98%"
"27.01.2025","118.650","118.510","119.950","117.650","137.97K","-2.19%"
"24.01.2025","121.310","120.930","123.500","120.060","170.05K","0.64%"
"23.01.2025","120.540","118.950","121.890","116.700","310.27K","1.34%"
"22.01.2025","118.950","117.080","121.200","117.080","501.17K","1.31%"
"21.01.2025","117.410","117.000","121.980","116.770","252.57K","0.51%"
"20.01.2025","116.820","117.690","118.510","115.180","80.60K","0.03%"
"17.01.2025","116.780","117.070","119.680","116.040","102.83K","-0.36%"
"16.01.2025","117.200","120.500","120.500","116.410","301.44K","-2.01%"
"15.01.2025","119.600","118.500","120.330","116.110","291.20K","1.89%"
"14.01.2025","117.380","114.970","118.450","114.570","520.52K","2.10%"
"13.01.2025","114.970","112.990","115.780","112.200","568.81K","2.11%"
"10.01.2025","112.590","115.120","115.120","111.710","539.14K","-2.69%"
"09.01.2025","115.700","113.990","116.970","113.800","358.10K","1.48%"
"08.01.2025","114.010","113.800","114.580","111.110","1.25M","0.45%"
"07.01.2025","113.500","112.440","114.480","111.060","347.90K","1.32%"
"06.01.2025","112.020","112.710","114.490","111.080","651.62K","-0.12%"
"03.01.2025","112.150","115.710","115.710","111.500","295.15K","-2.66%"
"02.01.2025","115.220","115.900","115.990","114.400","163.77K","-0.05%"
"31.12.2024","115.280","111.990","115.550","111.590","278.80K","3.10%"
"30.12.2024","111.810","112.600","113.680","111.260","368.75K","-1.25%"
"27.12.2024","113.220","113.620","116.000","112.500","486.86K","0.42%"
"26.12.2024","112.750","112.990","113.860","112.020","430.44K","-0.65%"
"24.12.2024","113.490","111.970","113.860","111.000","263.00K","0.40%"
"23.12.2024","113.040","109.460","113.500","109.460","247.54K","2.10%"
"20.12.2024","110.720","114.620","115.520","109.800","6.35M","-2.95%"
"19.12.2024","114.080","117.850","120.620","113.690","524.00K","-2.71%"
"18.12.2024","117.260","118.000","119.000","116.160","470.57K","-1.48%"
"17.12.2024","119.020","118.280","119.670","117.500","505.99K","0.97%"
"16.12.2024","117.880","117.880","119.780","116.500","365.85K","0.04%"
"13.12.2024","117.830","116.870","118.330","116.000","344.75K","1.01%"
"11.12.2024","116.650","118.970","118.970","115.800","403.14K","-0.99%"
"10.12.2024","117.820","120.230","120.410","117.500","493.66K","-2.47%"
"09.12.2024","120.800","120.810","124.990","120.010","490.42K","-0.51%"
"06.12.2024","121.420","122.300","123.580","119.700","324.31K","-0.27%"
"05.12.2024","121.750","122.970","123.980","121.130","369.54K","-0.13%"
"04.12.2024","121.910","125.620","127.990","120.750","520.98K","-3.67%"
"03.12.2024","126.560","129.300","129.300","123.410","598.23K","-0.95%"
"02.12.2024","127.780","121.200","128.500","121.200","476.61K","4.98%"
"29.11.2024","121.720","120.370","125.970","119.760","482.19K","0.12%"
"28.11.2024","121.570","120.150","122.100","119.970","98.19K","0.42%"
"27.11.2024","121.060","116.820","122.070","115.680","457.43K","4.15%"
"26.11.2024","116.240","117.160","118.990","115.000","429.54K","-1.31%"
"25.11.2024","117.780","118.740","121.480","116.010","1.66M","-1.31%"
"22.11.2024","119.340","118.000","120.890","116.930","729.88K","1.98%"
"21.11.2024","117.020","116.160","118.890","116.070","388.10K","1.25%"
"20.11.2024","115.580","116.090","117.550","115.010","265.38K","-0.44%"
"19.11.2024","116.090","117.000","117.940","115.500","277.79K","-1.17%"
"15.11.2024","117.460","116.010","117.870","116.010","94.94K","0.87%"
"14.11.2024","116.450","117.400","119.000","116.000","349.92K","-0.77%"
"13.11.2024","117.350","118.600","119.580","117.020","318.27K","-1.54%"
"12.11.2024","119.180","118.850","120.960","117.170","334.46K","0.02%"
"11.11.2024","119.160","118.140","119.990","117.260","199.44K","-0.92%"
"08.11.2024","120.270","123.090","123.090","117.000","217.73K","-2.30%"
"07.11.2024","123.100","118.340","124.000","118.200","834.68K","4.38%"
"06.11.2024","117.940","116.400","121.690","113.480","308.06K","-0.33%"
"05.11.2024","118.330","119.550","119.550","113.020","585.47K","-0.55%"
"04.11.2024","118.980","120.010","125.010","118.450","431.67K","-2.55%"
"01.11.2024","122.090","120.040","122.880","119.250","270.47K","1.48%"
"31.10.2024","120.310","117.460","121.450","117.460","314.73K","1.99%"
"30.10.2024","117.960","117.450","121.980","117.450","335.06K","-0.39%"
"29.10.2024","118.420","118.630","120.780","117.000","282.51K","-0.18%"
"28.10.2024","118.630","120.090","121.840","118.160","204.73K","-1.22%"
"25.10.2024","120.090","119.030","123.000","119.000","191.08K","0.67%"
"24.10.2024","119.290","119.620","121.250","118.090","100.95K","-0.67%"
"23.10.2024","120.100","118.000","120.990","117.000","286.83K","1.82%"
"22.10.2024","117.950","121.990","121.990","116.160","638.66K","-2.65%"
"21.10.2024","121.160","121.850","122.710","119.520","84.17K","-0.42%"
"18.10.2024","121.670","121.700","124.980","120.900","141.66K","0.94%"
"17.10.2024","120.540","121.010","122.820","120.000","159.28K","-0.51%"
"16.10.2024","121.160","121.550","122.990","120.220","273.46K","-1.41%"
"15.10.2024","122.890","123.700","124.460","121.070","371.05K","-0.63%"
"14.10.2024","123.670","123.020","125.960","122.550","184.15K","-0.35%"
"11.10.2024","124.110","122.380","126.990","122.210","165.79K","0.05%"
"10.10.2024","124.050","122.000","125.590","121.000","204.40K","1.24%"
"09.10.2024","122.530","122.970","125.480","120.000","242.26K","1.19%"
"08.10.2024","121.090","123.680","124.350","120.210","364.48K","-2.10%"
"07.10.2024","123.690","123.570","130.790","123.100","151.52K","-0.06%"
"04.10.2024","123.760","119.880","127.260","119.880","224.45K","4.17%"
"03.10.2024","118.810","121.500","122.110","118.050","338.07K","-3.70%"
"02.10.2024","123.380","120.950","125.490","120.950","241.99K","1.21%"
"30.09.2024","121.900","121.010","124.780","120.110","425.47K","-0.49%"
"27.09.2024","122.500","124.310","125.050","120.960","293.12K","-1.95%"
"26.09.2024","124.940","121.740","127.350","121.040","337.14K","2.15%"
"25.09.2024","122.310","124.000","124.000","120.290","266.91K","-1.21%"
"24.09.2024","123.810","118.470","124.780","116.800","690.71K","5.81%"
"23.09.2024","117.010","117.420","119.200","115.500","368.00K","-0.99%"
"20.09.2024","118.180","121.430","122.900","116.960","1.91M","-3.17%"
"19.09.2024","122.050","119.930","122.560","117.890","363.09K","2.51%"
"18.09.2024","119.060","118.470","122.880","118.260","177.69K","0.16%"
"17.09.2024","118.870","116.000","120.900","115.470","312.10K","2.43%"
"13.09.2024","116.050","118.060","120.000","115.010","202.03K","-1.22%"
"12.09.2024","117.480","114.610","118.650","114.610","192.44K","2.75%"
"11.09.2024","114.340","114.850","117.680","113.410","311.84K","-0.78%"
"10.09.2024","115.240","114.900","115.950","113.160","309.89K","0.36%"
"09.09.2024","114.830","116.220","118.280","113.590","307.52K","-0.16%"
"06.09.2024","115.010","115.880","118.170","114.500","243.51K","-1.21%"
"05.09.2024","116.420","116.650","119.330","116.010","205.14K","-0.70%"
"04.09.2024","117.240","116.500","119.000","116.030","247.80K","0.75%"
"03.09.2024","116.370","117.060","120.600","113.150","390.02K","-1.61%"
"02.09.2024","118.270","118.950","120.900","117.050","128.33K","0.01%"
"30.08.2024","118.260","117.600","120.900","115.500","1.43M","1.55%"
"29.08.2024","116.460","115.300","118.370","115.300","180.61K","0.51%"
"28.08.2024","115.870","116.290","119.740","115.280","361.52K","-0.34%"
"27.08.2024","116.270","119.050","119.690","116.000","427.49K","-2.83%"
"26.08.2024","119.660","121.060","121.750","118.020","356.45K","-1.72%"
"23.08.2024","121.760","118.820","122.500","116.650","658.18K","2.00%"
"22.08.2024","119.370","118.320","120.330","117.270","336.87K","0.93%"
"21.08.2024","118.270","120.440","121.700","117.500","340.66K","-1.96%"
"20.08.2024","120.640","121.580","122.760","119.150","161.95K","-0.77%"
"19.08.2024","121.580","120.000","122.990","119.910","173.49K","0.68%"
"16.08.2024","120.760","119.500","121.590","119.500","138.63K","0.52%"
"15.08.2024","120.130","118.620","121.500","118.030","221.81K","2.13%"
"14.08.2024","117.620","120.990","121.880","117.000","264.63K","-2.42%"
"13.08.2024","120.540","119.770","121.550","117.210","271.90K","2.29%"
"12.08.2024","117.840","120.400","120.400","116.970","103.71K","-1.65%"
"09.08.2024","119.820","118.960","121.960","118.960","211.69K","1.25%"
"08.08.2024","118.340","116.900","119.800","116.750","243.81K","1.87%"
"07.08.2024","116.170","118.550","120.890","115.700","324.30K","-2.00%"
"06.08.2024","118.540","116.150","119.420","116.150","462.59K","1.85%"
"05.08.2024","116.390","119.000","121.800","115.000","377.46K","-2.86%"
"02.08.2024","119.820","117.260","120.270","114.100","430.53K","0.63%"
"01.08.2024","119.070","120.000","122.690","117.000","285.12K","-0.61%"
"31.07.2024","119.800","121.080","124.970","118.570","58.95K","0.95%"
"30.07.2024","118.670","118.000","121.510","116.380","794.35K","0.73%"
"29.07.2024","117.810","122.540","122.540","117.100","349.79K","-1.69%"
"26.07.2024","119.830","122.760","123.390","118.910","268.71K","-2.32%"
"25.07.2024","122.680","126.280","127.920","122.000","604.14K","-3.34%"
"24.07.2024","126.920","126.890","128.470","125.180","291.35K","0.06%"
"23.07.2024","126.840","129.810","129.850","125.900","356.15K","-2.79%"
"22.07.2024","130.480","129.380","132.000","128.760","330.50K","1.22%"
"19.07.2024","128.910","127.390","129.530","125.340","286.40K","2.73%"
"18.07.2024","125.490","127.250","129.710","124.470","275.32K","-0.93%"
"17.07.2024","126.670","131.760","133.460","126.510","464.89K","-4.09%"
"16.07.2024","132.070","131.990","134.220","131.730","228.86K","-0.05%"
"15.07.2024","132.130","132.950","134.200","130.530","469.97K","-1.06%"
"12.07.2024","133.540","129.480","135.000","128.890","459.84K","3.86%"
"11.07.2024","128.580","136.000","136.020","128.000","551.69K","-5.70%"
"10.07.2024","136.350","132.680","136.890","130.030","664.06K","3.48%"
"09.07.2024","131.770","131.790","133.440","130.030","201.00K","0.48%"
"08.07.2024","131.140","127.270","132.360","125.430","305.78K","2.57%"
"05.07.2024","127.860","130.010","130.010","127.500","233.63K","-2.78%"
"04.07.2024","131.520","132.050","132.050","130.270","24.75K","0.41%"
"03.07.2024","130.980","127.050","134.460","127.050","343.19K","3.57%"
"02.07.2024","126.460","130.020","132.440","126.000","496.22K","-3.90%"
"01.07.2024","131.590","125.800","132.270","125.800","478.79K","4.64%"
"28.06.2024","125.760","128.800","130.590","125.000","639.99K","-2.39%"
"27.06.2024","128.840","130.920","131.840","127.760","443.04K","-1.59%"
"26.06.2024","130.920","130.170","135.810","130.170","673.14K","-0.58%"
"25.06.2024","131.680","133.350","133.830","128.400","663.07K","-1.61%"
"24.06.2024","133.830","134.990","135.980","131.460","509.08K","-0.35%"
"21.06.2024","134.300","137.970","138.760","133.000","3.75M","-2.34%"
"20.06.2024","137.520","133.850","137.990","133.810","332.24K","0.61%"
"19.06.2024","136.680","135.860","137.090","134.990","56.21K","0.60%"
"18.06.2024","135.860","130.890","137.280","129.860","450.10K","4.88%"
"17.06.2024","129.540","134.480","134.480","129.050","210.99K","-3.53%"
"14.06.2024","134.280","136.920","136.920","132.680","291.42K","-1.44%"
"13.06.2024","136.240","141.860","142.000","135.680","409.89K","-4.11%"
"12.06.2024","142.080","145.500","148.800","138.000","801.28K","-2.18%"
"11.06.2024","145.250","138.880","149.380","137.890","646.67K","4.40%"
"10.06.2024","139.130","134.570","139.890","134.280","443.32K","3.68%"
"07.06.2024","134.190","140.290","146.030","133.040","786.79K","-4.31%"
"06.06.2024","140.240","141.040","147.620","135.750","787.78K","0.10%"
"05.06.2024","140.100","134.390","141.680","134.390","580.54K","4.96%"
"04.06.2024","133.480","125.440","139.100","125.440","1.52M","7.16%"
"03.06.2024","124.560","133.000","133.590","115.010","893.73K","-4.96%"
"31.05.2024","131.060","136.670","139.130","130.520","2.24M","-5.81%"
"30.05.2024","139.140","136.720","139.890","134.060","390.29K","2.08%"
"29.05.2024","136.310","134.760","140.990","132.380","473.15K","0.15%"
"28.05.2024","136.110","137.000","139.920","135.500","143.19K","0.76%"
"27.05.2024","135.090","138.100","138.100","133.680","35.78K","-2.46%"
"24.05.2024","138.500","141.750","142.320","137.510","274.94K","-2.46%"
"23.05.2024","141.990","139.580","143.300","139.580","188.42K","0.32%"
"22.05.2024","141.540","138.950","141.960","137.100","283.38K","2.10%"
"21.05.2024","138.630","142.750","143.580","137.000","384.42K","-3.54%"
"20.05.2024","143.720","148.430","148.520","143.000","290.15K","-4.40%"
"17.05.2024","150.340","149.130","151.050","148.880","146.82K","1.51%"
"16.05.2024","148.110","148.430","149.610","147.010","210.04K","-1.33%"
"15.05.2024","150.100","146.000","151.490","145.460","421.91K","4.14%"
"14.05.2024","144.130","148.090","148.120","143.510","205.58K","-2.13%"
"13.05.2024","147.270","150.570","153.750","146.200","210.08K","-1.25%"
"10.05.2024","149.140","149.480","150.650","148.510","406.81K","0.10%"
"09.05.2024","148.990","145.220","150.480","144.710","316.11K","2.17%"
"08.05.2024","145.820","145.450","146.430","143.660","243.30K","0.20%"
"07.05.2024","145.530","145.120","146.510","142.510","251.50K","-0.32%"
"06.05.2024","145.990","143.610","148.780","142.530","451.11K","2.16%"
"03.05.2024","142.900","141.940","147.960","139.100","359.85K","0.82%"
"02.05.2024","141.740","134.730","148.000","134.570","492.07K","5.20%"
"30.04.2024","134.730","141.290","141.290","133.020","539.44K","-4.32%"
"29.04.2024","140.810","139.000","142.330","135.430","307.88K","1.73%"
"26.04.2024","138.410","132.430","139.990","132.430","278.24K","4.28%"
"25.04.2024","132.730","134.450","135.540","131.000","522.09K","-1.93%"
"24.04.2024","135.340","138.920","140.570","134.440","386.04K","-3.09%"
"23.04.2024","139.650","141.050","141.890","138.050","309.01K","-0.89%"
"22.04.2024","140.910","138.200","142.010","136.310","237.63K","1.97%"
"19.04.2024","138.190","137.950","140.360","136.300","182.35K","-0.27%"
"18.04.2024","138.560","136.940","139.240","135.560","358.25K","1.88%"
"17.04.2024","136.000","135.730","139.560","135.220","266.87K","-0.80%"
"16.04.2024","137.100","137.870","138.380","134.160","316.50K","0.02%"
"15.04.2024","137.070","143.700","144.280","136.520","301.39K","-4.53%"
"12.04.2024","143.570","140.510","144.300","138.010","217.23K","1.97%"
"11.04.2024","140.800","138.230","141.970","136.270","234.22K","2.41%"
"10.04.2024","137.480","144.100","144.100","133.300","1.75M","-5.50%"
"09.04.2024","145.480","146.740","147.150","144.230","353.98K","-0.29%"
"08.04.2024","145.910","146.010","146.450","144.220","276.36K","-0.64%"
"05.04.2024","146.850","144.950","151.880","144.500","379.94K","1.42%"
"04.04.2024","144.800","145.770","146.550","144.500","211.53K","0.17%"
"03.04.2024","144.550","145.520","147.510","144.000","225.63K","-1.43%"
"02.04.2024","146.640","147.340","147.840","144.300","361.97K","-1.01%"
"01.04.2024","148.140","147.490","149.490","145.160","384.89K","0.01%"
"27.03.2024","148.120","145.400","150.840","144.430","573.77K","2.49%"
"26.03.2024","144.520","144.960","146.170","144.020","290.17K","0.06%"
"25.03.2024","144.440","144.740","146.010","143.100","253.18K","-0.67%"
"22.03.2024","145.420","147.380","147.380","144.060","247.69K","-1.87%"
"21.03.2024","148.190","148.220","149.580","146.210","339.43K","-1.15%"
"20.03.2024","149.910","144.320","152.620","143.950","369.48K","4.05%"
"19.03.2024","144.070","144.430","147.450","143.390","393.94K","1.25%"
"15.03.2024","142.290","149.230","150.190","140.290","4.85M","-5.26%"
"14.03.2024","150.190","147.550","156.390","146.720","1.60M","2.40%"
"13.03.2024","146.670","142.110","149.040","141.510","360.87K","2.65%"
"12.03.2024","142.890","144.500","144.500","139.980","400.16K","-0.21%"
"11.03.2024","143.190","139.550","145.480","138.030","324.37K","2.60%"
"08.03.2024","139.560","143.980","145.290","138.500","306.90K","-3.04%"
"07.03.2024","143.930","146.770","148.160","141.670","411.64K","-2.39%"
"06.03.2024","147.460","148.960","148.960","146.970","356.45K","-0.55%"
"05.03.2024","148.270","146.550","149.280","143.580","401.28K","1.22%"
"04.03.2024","146.480","146.410","148.730","146.010","236.01K","-0.03%"
"01.03.2024","146.530","147.470","150.040","144.020","217.79K","-0.63%"
"29.02.2024","147.460","147.810","149.880","143.310","898.18K","0.12%"
"28.02.2024","147.280","150.990","150.990","145.000","409.52K","-2.46%"
"27.02.2024","151.000","147.230","151.790","147.210","395.20K","2.82%"
"26.02.2024","146.860","147.330","149.820","145.570","284.40K","-0.70%"
"23.02.2024","147.900","147.650","149.560","146.030","478.62K","0.20%"
"22.02.2024","147.600","148.390","149.700","144.500","363.03K","0.08%"
"21.02.2024","147.480","155.500","155.500","147.210","498.51K","-4.64%"
"20.02.2024","154.660","152.130","155.830","149.000","603.89K","1.68%"
"19.02.2024","152.110","150.010","153.990","149.070","103.83K","1.37%"
"16.02.2024","150.060","149.680","151.900","146.360","319.95K","0.11%"
"15.02.2024","149.900","153.470","154.260","149.500","291.78K","-2.16%"
"14.02.2024","153.210","150.600","155.450","147.710","365.14K","2.26%"
"13.02.2024","149.820","150.820","152.500","148.310","301.58K","-1.47%"
"12.02.2024","152.060","151.370","155.930","150.520","270.15K","0.43%"
"09.02.2024","151.410","154.750","154.750","151.020","238.60K","-2.25%"
"08.02.2024","154.900","153.410","156.980","151.180","572.86K","1.06%"
"07.02.2024","153.270","162.000","162.200","153.000","701.13K","-4.49%"
"06.02.2024","160.480","159.890","163.200","157.050","1.20M","2.70%"
"02.02.2024","156.260","155.850","158.670","152.700","499.15K","0.46%"
"01.02.2024","155.550","161.750","164.530","154.500","408.43K","-3.60%"
"31.01.2024","161.360","166.490","169.250","160.220","526.90K","-3.16%"
"30.01.2024","166.620","167.000","168.000","161.510","1.21M","-1.40%"
"29.01.2024","168.980","163.820","172.240","162.630","2.00M","1.23%"
"26.01.2024","166.930","161.240","169.010","160.530","932.84K","3.53%"
"25.01.2024","161.240","163.730","164.940","157.920","618.82K","-1.56%"
"24.01.2024","163.790","158.980","165.370","158.980","707.36K","3.49%"
"23.01.2024","158.260","154.150","159.580","153.610","235.41K","2.18%"
"22.01.2024","154.890","158.790","158.790","152.520","307.02K","-2.24%"
"19.01.2024","158.440","153.500","159.000","150.990","636.28K","3.05%"
"18.01.2024","153.750","163.500","163.600","152.270","514.32K","-5.55%"
"17.01.2024","162.790","168.150","168.160","162.270","812.38K","-2.97%"
"16.01.2024","167.780","167.860","169.360","165.310","489.84K","-1.04%"
"15.01.2024","169.540","171.580","171.700","169.260","44.67K","-1.92%"
"12.01.2024","172.860","177.200","178.490","172.250","1.04M","-1.96%"
"11.01.2024","176.310","174.950","179.690","173.650","292.20K","0.08%"
"10.01.2024","176.170","175.500","177.990","172.150","277.49K","0.84%"
"09.01.2024","174.710","183.950","183.950","174.150","512.38K","-5.02%"
"08.01.2024","183.940","182.810","184.900","179.630","151.94K","0.54%"
"05.01.2024","182.950","178.790","185.290","178.790","537.93K","2.73%"
"04.01.2024","178.080","180.650","182.810","174.010","350.24K","-1.33%"
"03.01.2024","180.480","186.700","186.870","179.660","356.13K","-3.28%"
"02.01.2024","186.600","189.940","190.060","181.240","368.72K","-1.58%"
"29.12.2023","189.590","189.790","190.970","188.080","174.82K","0.94%"
"28.12.2023","187.820","184.980","188.620","184.930","189.36K","1.96%"
"27.12.2023","184.210","183.640","186.130","181.960","438.76K","0.33%"
"26.12.2023","183.600","181.380","184.980","181.380","137.80K","1.54%"
"22.12.2023","180.820","181.700","183.770","178.000","165.76K","-0.26%"
"21.12.2023","181.300","177.940","181.990","176.170","934.48K","3.02%"
"20.12.2023","175.990","179.950","180.490","175.430","331.73K","-1.72%"
"19.12.2023","179.070","179.000","185.070","176.870","494.88K","0.60%"
"18.12.2023","178.000","179.810","181.490","175.620","330.06K","-0.98%"
"15.12.2023","179.760","171.200","183.770","170.480","1.62M","5.20%"
"14.12.2023","170.880","166.640","173.490","163.950","502.38K","3.06%"
"13.12.2023","165.800","162.500","168.420","162.250","568.56K","1.26%"
"11.12.2023","163.740","161.000","165.480","160.830","218.52K","1.69%"
"08.12.2023","161.020","164.810","164.860","159.610","245.04K","-2.77%"
"07.12.2023","165.600","162.010","165.980","160.900","489.35K","2.72%"
"06.12.2023","161.210","162.990","166.000","160.440","421.57K","-1.30%"
"05.12.2023","163.340","158.830","164.000","155.030","300.42K","3.32%"
"04.12.2023","158.090","158.590","163.040","157.260","413.23K","0.54%"
"01.12.2023","157.240","157.000","160.990","154.100","252.78K","-1.46%"
"30.11.2023","159.570","149.050","163.490","149.050","2.05M","6.68%"
"29.11.2023","149.580","141.950","151.780","141.420","404.83K","6.30%"
"28.11.2023","140.720","140.000","141.970","138.000","245.54K","0.25%"
"27.11.2023","140.370","136.480","141.960","136.310","214.74K","1.38%"
"24.11.2023","138.460","139.550","140.000","135.560","110.50K","-0.56%"
"23.11.2023","139.240","137.490","139.860","137.490","41.74K","1.88%"
"22.11.2023","136.670","137.460","138.580","135.520","270.96K","-1.16%"
"21.11.2023","138.280","136.490","139.950","132.950","215.90K","0.80%"
"17.11.2023","137.180","137.720","142.500","136.690","408.44K","-0.04%"
"16.11.2023","137.240","134.540","137.990","133.410","410.98K","2.39%"
"15.11.2023","134.030","133.500","135.990","133.060","684.51K","0.74%"
"14.11.2023","133.050","127.940","133.350","127.430","490.55K","4.41%"
"13.11.2023","127.430","125.260","128.990","124.030","214.18K","1.73%"
"10.11.2023","125.260","124.500","129.460","124.110","206.82K","-0.42%"
"09.11.2023","125.790","126.820","127.950","125.500","253.21K","-1.78%"
"08.11.2023","128.070","126.430","128.870","125.670","368.68K","0.09%"
"07.11.2023","127.960","133.700","134.380","127.120","871.48K","-3.85%"
"06.11.2023","133.090","128.290","136.950","128.000","648.04K","3.73%"
"03.11.2023","128.300","119.260","137.140","119.250","736.26K","10.16%"
"01.11.2023","116.470","115.550","117.910","115.550","263.79K","1.31%"
"31.10.2023","114.960","117.010","117.010","114.500","740.50K","-1.48%"
"30.10.2023","116.690","121.510","121.510","116.190","660.06K","-2.04%"
"27.10.2023","119.120","119.920","122.750","118.370","436.30K","-0.81%"
"26.10.2023","120.090","120.510","123.120","117.600","450.25K","-0.32%"
"25.10.2023","120.470","120.390","122.250","118.700","380.50K","-0.11%"
"24.10.2023","120.600","125.820","125.820","119.020","510.92K","-3.27%"
"23.10.2023","124.680","129.280","129.280","124.380","324.96K","-3.75%"
"20.10.2023","129.540","127.520","131.000","125.850","507.10K","0.66%"
"19.10.2023","128.690","130.300","130.870","126.710","404.33K","-1.27%"
"18.10.2023","130.350","128.160","131.670","127.490","886.70K","1.62%"
"17.10.2023","128.270","129.210","130.700","127.190","393.40K","-0.71%"
"16.10.2023","129.190","127.220","129.960","126.260","189.93K","1.42%"
"13.10.2023","127.380","133.010","133.010","126.580","336.82K","-4.72%"
"12.10.2023","133.690","133.100","135.500","131.070","329.83K","0.07%"
"11.10.2023","133.600","132.930","135.810","132.520","478.35K","0.29%"
"10.10.2023","133.210","130.990","134.720","128.850","423.12K","2.45%"
"09.10.2023","130.030","128.950","133.000","125.610","172.88K","0.67%"
"06.10.2023","129.160","128.500","130.730","125.010","295.65K","0.54%"
"05.10.2023","128.460","122.820","130.390","118.820","492.85K","4.02%"
"04.10.2023","123.500","127.310","127.710","122.000","388.68K","-2.50%"
"03.10.2023","126.670","126.980","133.280","123.510","521.31K","0.58%"
"02.10.2023","125.940","127.390","127.400","122.690","551.18K","-1.35%"
"29.09.2023","127.660","130.010","130.840","126.500","291.80K","-1.57%"
"28.09.2023","129.700","130.430","130.440","127.910","318.89K","-0.60%"
"27.09.2023","130.480","130.470","131.480","128.540","352.55K","0.46%"
"26.09.2023","129.880","129.400","132.000","129.130","419.59K","-0.31%"
"25.09.2023","130.280","137.040","137.040","128.760","755.32K","-4.53%"
"22.09.2023","136.460","140.080","140.080","135.100","314.28K","-1.47%"
"21.09.2023","138.490","142.130","142.130","137.830","238.01K","-3.24%"
"20.09.2023","143.130","141.530","145.750","141.530","389.25K","1.68%"
"19.09.2023","140.760","139.890","142.590","138.610","319.13K","1.15%"
"18.09.2023","139.160","144.000","144.090","136.520","507.89K","-3.29%"
"15.09.2023","143.890","137.220","147.610","135.920","3.57M","4.63%"
"14.09.2023","137.520","137.990","138.460","136.320","207.50K","0.61%"
"13.09.2023","136.680","138.030","138.500","133.800","364.12K","-1.47%"
"12.09.2023","138.720","137.230","138.990","135.730","422.14K","0.97%"
"11.09.2023","137.390","137.360","137.890","131.650","185.87K","0.20%"
"08.09.2023","137.110","136.720","137.860","135.060","202.44K","-0.12%"
"07.09.2023","137.270","135.860","138.280","134.990","278.29K","2.10%"
"06.09.2023","134.450","137.030","137.240","133.000","300.51K","-1.88%"
"05.09.2023","137.020","134.260","138.000","133.070","401.62K","1.26%"
"04.09.2023","135.310","133.360","135.950","133.200","94.31K","2.33%"
"01.09.2023","132.230","135.790","135.830","131.000","356.87K","-2.71%"
"31.08.2023","135.910","140.180","142.000","134.780","2.46M","-3.40%"
"30.08.2023","140.690","137.750","142.520","137.350","730.46K","1.93%"
"29.08.2023","138.030","137.490","138.200","136.550","313.89K","0.48%"
"28.08.2023","137.370","137.310","138.590","136.130","139.39K","0.04%"
"25.08.2023","137.310","133.420","138.640","132.990","542.36K","3.02%"
"24.08.2023","133.290","134.580","136.180","131.630","273.61K","-1.28%"
"23.08.2023","135.020","130.990","137.070","129.690","505.04K","3.88%"
"22.08.2023","129.980","130.000","130.250","129.000","218.02K","0.07%"
"21.08.2023","129.890","132.930","133.440","128.000","373.05K","-2.67%"
"18.08.2023","133.460","132.870","134.180","131.680","270.95K","0.22%"
"17.08.2023","133.170","135.600","135.790","132.300","306.86K","-1.30%"
"16.08.2023","134.930","132.140","138.850","132.120","354.71K","2.13%"
"15.08.2023","132.120","127.840","133.050","127.620","419.32K","3.15%"
"14.08.2023","128.090","128.480","130.000","127.730","333.11K","0.09%"
"11.08.2023","127.970","129.280","130.980","127.530","370.21K","-1.18%"
"10.08.2023","129.500","129.760","130.020","128.140","295.35K","0.28%"
"09.08.2023","129.140","127.300","130.000","126.500","330.69K","1.16%"
"08.08.2023","127.660","128.620","128.620","125.610","263.76K","-0.85%"
"07.08.2023","128.750","131.010","132.180","128.510","173.32K","-2.77%"
"04.08.2023","132.420","129.620","132.970","129.620","288.48K","2.49%"
"03.08.2023","129.200","125.920","129.860","125.080","558.77K","2.34%"
"02.08.2023","126.250","129.670","129.670","125.510","460.55K","-2.97%"
"01.08.2023","130.120","133.340","133.800","128.540","238.18K","-2.28%"
"31.07.2023","133.150","133.180","133.490","132.440","264.68K","0.16%"
"28.07.2023","132.940","132.000","134.000","132.000","506.26K","0.75%"
"27.07.2023","131.950","131.990","133.170","131.780","479.67K","0.30%"
"26.07.2023","131.560","130.920","132.200","128.260","537.09K","0.44%"
"25.07.2023","130.980","130.440","131.300","130.070","340.51K","0.88%"
"24.07.2023","129.840","126.230","130.800","125.710","583.90K","1.31%"
"21.07.2023","128.160","128.050","128.900","127.040","156.35K","-0.14%"
"20.07.2023","128.340","129.200","129.200","126.210","218.80K","-0.63%"
"19.07.2023","129.150","129.010","131.000","127.240","661.63K","-0.22%"
"18.07.2023","129.430","125.840","129.890","125.830","783.74K","2.40%"
"17.07.2023","126.400","126.340","127.000","124.510","319.58K","0.02%"
"14.07.2023","126.370","127.020","127.060","124.950","492.28K","-0.52%"
"13.07.2023","127.030","125.130","127.500","124.740","659.26K","1.53%"
"12.07.2023","125.110","123.900","125.390","123.080","1.35M","0.74%"
"11.07.2023","124.190","121.460","125.900","120.510","634.70K","1.84%"
"10.07.2023","121.950","123.460","123.810","120.330","387.64K","-1.13%"
"07.07.2023","123.340","125.250","126.000","122.960","627.11K","-1.35%"
"06.07.2023","125.030","124.000","125.350","121.630","1.03M","1.03%"
"05.07.2023","123.760","124.130","125.480","122.650","666.27K","-0.42%"
"04.07.2023","124.280","126.200","126.500","123.800","50.70K","-1.33%"
"03.07.2023","125.960","123.900","126.740","123.300","400.14K","1.30%"
"30.06.2023","124.340","120.820","125.400","119.230","1.16M","2.79%"
"29.06.2023","120.960","119.320","121.500","119.000","289.54K","0.76%"
"28.06.2023","120.050","122.070","122.570","119.010","378.23K","-1.53%"
"27.06.2023","121.910","119.750","123.020","119.750","350.81K","1.42%"
"26.06.2023","120.200","120.490","121.430","119.680","769.26K","-0.25%"
"23.06.2023","120.500","119.490","120.850","116.950","318.74K","0.50%"
"22.06.2023","119.900","119.050","120.280","117.000","315.54K","-0.28%"
"21.06.2023","120.240","119.920","120.500","118.680","341.59K","-0.22%"
"20.06.2023","120.500","118.530","121.870","116.950","491.12K","1.46%"
"19.06.2023","118.770","118.950","119.580","118.680","36.02K","0.46%"
"16.06.2023","118.230","119.810","120.060","117.540","2.33M","-1.27%"
"15.06.2023","119.750","120.430","120.430","119.400","564.22K","0.44%"
"14.06.2023","119.230","116.680","119.380","116.660","959.89K","1.67%"
"13.06.2023","117.270","116.580","117.820","115.510","852.35K","1.08%"
"12.06.2023","116.020","115.570","117.360","114.660","461.99K","0.35%"
"09.06.2023","115.620","115.850","116.500","114.300","692.23K","0.25%"
"08.06.2023","115.330","113.880","115.760","111.590","622.17K","1.75%"
"07.06.2023","113.350","115.910","115.910","111.680","926.60K","-1.41%"
"06.06.2023","114.970","112.410","117.380","112.410","605.99K","2.62%"
"05.06.2023","112.040","113.280","113.280","110.700","517.53K","-0.78%"
"02.06.2023","112.920","107.670","114.000","107.670","581.34K","5.39%"
"01.06.2023","107.140","104.690","109.000","103.680","627.88K","1.82%"
"31.05.2023","105.230","111.100","116.970","101.150","13.23M","-5.01%"
"30.05.2023","110.780","109.450","111.380","107.140","1.30M","0.82%"
"29.05.2023","109.880","104.670","112.500","104.670","622.66K","4.99%"
"26.05.2023","104.660","101.910","106.290","101.850","797.23K","3.21%"
"25.05.2023","101.400","101.550","102.450","99.290","676.77K","0.49%"
"24.05.2023","100.910","106.940","106.940","100.360","529.79K","-1.40%"
"23.05.2023","102.340","102.980","104.550","101.560","547.74K","-0.86%"
"22.05.2023","103.230","104.410","106.170","102.570","458.57K","-1.02%"
"19.05.2023","104.290","103.890","104.960","103.180","445.35K","0.39%"
"18.05.2023","103.890","103.630","104.980","103.620","423.86K","0.32%"
"17.05.2023","103.560","104.850","104.850","102.850","513.58K","-0.41%"
"16.05.2023","103.990","103.110","105.480","103.000","400.00K","0.77%"
"15.05.2023","103.200","103.850","104.360","102.580","591.76K","-0.49%"
"12.05.2023","103.710","103.710","104.150","100.050","1.20M","0.61%"
"11.05.2023","103.080","103.920","104.970","102.530","424.59K","-0.85%"
"10.05.2023","103.960","102.100","106.350","101.880","456.35K","2.22%"
"09.05.2023","101.700","100.050","102.630","99.840","268.05K","1.54%"
"08.05.2023","100.160","99.100","100.880","99.100","233.80K","0.52%"
"05.05.2023","99.640","100.050","102.940","98.470","213.08K","-0.66%"
"04.05.2023","100.300","100.210","101.380","99.270","212.87K","-0.35%"
"03.05.2023","100.650","99.470","101.260","98.290","214.78K","1.10%"
"02.05.2023","99.550","101.480","101.720","98.140","379.05K","-1.91%"
"28.04.2023","101.490","99.830","102.500","99.830","273.52K","1.68%"
"27.04.2023","99.810","98.230","100.160","97.790","171.91K","0.32%"
"26.04.2023","99.490","100.520","101.400","96.980","334.19K","-0.78%"
"25.04.2023","100.270","101.350","102.070","99.220","300.87K","-0.70%"
"24.04.2023","100.980","102.500","105.020","99.510","301.51K","-1.51%"
"21.04.2023","102.530","98.870","103.930","98.090","513.79K","2.97%"
"20.04.2023","99.570","97.160","99.960","96.980","204.33K","2.65%"
"19.04.2023","97.000","97.560","97.990","95.740","241.75K","-0.43%"
"18.04.2023","97.420","98.130","98.580","96.180","301.20K","-0.72%"
"17.04.2023","98.130","96.420","99.580","96.010","323.52K","1.95%"
"14.04.2023","96.250","97.530","98.090","95.000","290.47K","-1.35%"
"13.04.2023","97.570","96.000","98.470","93.170","550.24K","1.54%"
"12.04.2023","96.090","95.000","96.820","94.470","630.50K","1.92%"
"11.04.2023","94.280","92.650","95.020","92.470","440.74K","0.96%"
"10.04.2023","93.380","88.230","94.970","87.730","334.42K","5.74%"
"05.04.2023","88.310","90.600","90.600","87.080","258.71K","-2.53%"
"04.04.2023","90.600","89.150","92.720","88.210","418.52K","1.24%"
"03.04.2023","89.490","89.010","90.810","86.880","292.38K","-0.08%"
"31.03.2023","89.560","91.270","91.870","88.290","617.75K","-1.84%"
"30.03.2023","91.240","88.800","91.900","88.800","235.70K","2.92%"
"29.03.2023","88.650","85.120","89.290","85.050","355.04K","4.15%"
"28.03.2023","85.120","85.260","87.950","84.400","624.37K","-0.13%"
"27.03.2023","85.230","85.640","86.390","84.200","273.85K","-0.63%"
"24.03.2023","85.770","83.530","86.820","83.060","289.92K","2.36%"
"23.03.2023","83.790","84.900","86.450","83.500","312.32K","-1.00%"
"22.03.2023","84.640","85.110","86.230","83.540","295.53K","0.09%"
"21.03.2023","84.560","85.000","85.540","83.100","263.95K","0.00%"
"17.03.2023","84.560","84.470","85.550","82.520","1.91M","0.11%"
"16.03.2023","84.470","86.240","86.450","83.570","348.01K","-2.05%"
"15.03.2023","86.240","87.090","87.550","85.700","203.50K","-1.01%"
"14.03.2023","87.120","87.480","90.290","86.500","345.17K","0.29%"
"13.03.2023","86.870","87.060","88.780","85.850","497.40K","-0.99%"
"10.03.2023","87.740","87.470","88.730","86.620","271.57K","0.10%"
"09.03.2023","87.650","87.460","89.470","87.100","229.78K","-0.24%"
"08.03.2023","87.860","87.960","88.690","86.610","187.52K","0.35%"
"07.03.2023","87.550","89.890","89.890","86.500","256.51K","-3.43%"
"06.03.2023","90.660","89.430","91.240","89.430","223.64K","0.30%"
"03.03.2023","90.390","88.980","92.160","88.810","296.44K","2.39%"
"02.03.2023","88.280","89.450","89.880","87.610","148.44K","-0.55%"
"01.03.2023","88.770","88.800","90.880","87.100","164.24K","1.54%"
"28.02.2023","87.420","87.050","88.950","84.550","1.13M","0.05%"
"27.02.2023","87.380","86.770","88.770","86.240","168.59K","1.15%"
"24.02.2023","86.390","88.080","88.080","85.190","246.68K","-1.75%"
"23.02.2023","87.930","89.490","89.590","87.030","226.87K","-0.83%"
"22.02.2023","88.670","88.100","89.380","86.390","178.83K","0.56%"
"21.02.2023","88.180","90.320","90.320","86.750","192.62K","-2.37%"
"20.02.2023","90.320","90.650","91.210","89.830","7.50K","-0.27%"
"17.02.2023","90.560","90.450","91.200","88.510","330.99K","-0.22%"
"16.02.2023","90.760","90.890","91.680","89.280","215.82K","-0.19%"
"15.02.2023","90.930","89.870","91.440","87.530","447.14K","1.46%"
"14.02.2023","89.620","92.500","92.970","89.250","510.78K","-3.24%"
"13.02.2023","92.620","93.760","94.900","92.270","299.21K","-0.45%"
"10.02.2023","93.040","93.950","94.090","91.960","301.32K","-1.08%"
"09.02.2023","94.060","93.850","95.550","92.810","343.29K","0.32%"
"08.02.2023","93.760","95.460","95.690","91.310","579.95K","-2.33%"
"07.02.2023","96.000","96.420","100.300","94.540","753.44K","-0.44%"
"03.02.2023","96.420","95.250","97.080","94.100","508.03K","1.51%"
"02.02.2023","94.990","95.470","95.500","93.000","353.47K","-0.51%"
"01.02.2023","95.480","94.880","95.500","94.510","184.87K","0.17%"
"31.01.2023","95.320","95.490","95.500","93.700","419.09K","-0.13%"
"30.01.2023","95.440","97.000","97.460","94.520","237.81K","-1.21%"
"27.01.2023","96.610","97.600","97.600","96.070","169.29K","-0.27%"
"26.01.2023","96.870","97.650","99.520","95.380","169.63K","0.46%"
"25.01.2023","96.430","94.000","97.000","93.380","218.03K","1.85%"
"24.01.2023","94.680","95.410","95.970","93.750","364.30K","-0.38%"
"23.01.2023","95.040","92.700","97.400","92.700","418.88K","2.95%"
"20.01.2023","92.320","92.440","94.440","91.210","268.46K","0.14%"
"19.01.2023","92.190","92.350","96.620","91.660","490.91K","0.00%"
"18.01.2023","92.190","91.000","92.500","90.950","259.87K","1.39%"
"17.01.2023","90.930","92.440","92.440","89.930","219.34K","-1.71%"
"16.01.2023","92.510","91.390","93.270","91.010","100.15K","1.85%"
"13.01.2023","90.830","89.760","92.440","89.760","336.36K","1.29%"
"12.01.2023","89.670","89.990","90.890","88.860","313.54K","0.76%"
"11.01.2023","88.990","88.230","89.970","87.800","304.43K","1.68%"
"10.01.2023","87.520","89.820","90.900","87.350","381.40K","-2.61%"
"09.01.2023","89.870","90.410","92.890","88.490","295.70K","-0.54%"
"06.01.2023","90.360","87.000","91.150","85.330","242.34K","4.44%"
"05.01.2023","86.520","83.960","88.440","83.960","368.71K","2.78%"
"04.01.2023","84.180","84.390","86.580","83.160","327.61K","0.30%"
"03.01.2023","83.930","84.450","84.760","82.640","81.94K","-0.18%"
"02.01.2023","84.080","82.120","84.900","82.030","22.63K","2.83%"
"30.12.2022","81.770","84.460","85.150","80.510","529.31K","-2.70%"
"29.12.2022","84.040","85.150","85.930","83.860","127.48K","-0.76%"
"28.12.2022","84.680","87.000","87.000","84.000","109.63K","-2.62%"
"27.12.2022","86.960","87.000","87.550","86.120","110.25K","0.81%"
"26.12.2022","86.260","87.840","88.030","86.140","26.11K","-2.00%"
"23.12.2022","88.020","84.510","89.870","84.500","173.72K","2.92%"
"22.12.2022","85.520","86.690","87.150","83.470","113.29K","-1.40%"
"21.12.2022","86.730","85.990","88.230","85.760","172.67K","0.60%"
"20.12.2022","86.210","86.400","86.950","85.510","70.42K","-0.02%"
"19.12.2022","86.230","86.010","87.400","84.720","245.98K","1.21%"
"16.12.2022","85.200","84.470","86.470","83.870","1.24M","0.85%"
"15.12.2022","84.480","84.920","86.240","84.100","837.27K","-1.68%"
"14.12.2022","85.920","88.090","88.100","84.740","209.61K","-2.30%"
"13.12.2022","87.940","84.500","89.180","84.320","1.03M","4.29%"
"09.12.2022","84.320","84.160","84.700","82.610","276.94K","-1.02%"
"08.12.2022","85.190","84.000","85.990","83.300","270.32K","1.53%"
"07.12.2022","83.910","82.810","84.000","82.510","243.65K","2.20%"
"06.12.2022","82.100","83.000","84.590","81.630","402.34K","-0.65%"
"05.12.2022","82.640","85.990","85.990","82.180","191.61K","-4.39%"
"02.12.2022","86.430","85.720","87.700","84.560","490.23K","0.29%"
"01.12.2022","86.180","82.390","87.630","82.390","509.39K","3.42%"
"30.11.2022","83.330","80.700","84.090","80.000","2.76M","0.83%"
"29.11.2022","82.640","83.370","83.640","80.130","388.42K","-0.84%"
"28.11.2022","83.340","82.640","84.500","82.640","291.37K","0.91%"
"25.11.2022","82.590","83.850","83.910","82.010","332.48K","-1.30%"
"24.11.2022","83.680","86.040","86.280","83.120","142.15K","-2.32%"
"23.11.2022","85.670","86.980","87.970","85.340","445.06K","-1.51%"
"22.11.2022","86.980","87.400","88.650","85.410","686.44K","0.07%"
"18.11.2022","86.920","85.950","88.000","85.710","433.82K","1.27%"
"17.11.2022","85.830","85.480","86.100","84.290","200.32K","0.41%"
"16.11.2022","85.480","86.490","86.490","85.100","323.27K","-0.66%"
"15.11.2022","86.050","87.840","88.000","85.210","192.75K","-2.02%"
"14.11.2022","87.820","85.990","88.500","85.090","354.45K","2.46%"
"11.11.2022","85.710","82.240","86.500","81.950","619.74K","3.19%"
"10.11.2022","83.060","84.000","84.140","82.180","481.35K","1.11%"
"09.11.2022","82.150","82.670","83.800","81.360","406.91K","-1.13%"
"08.11.2022","83.090","83.000","84.240","81.810","336.66K","0.14%"
"07.11.2022","82.970","84.500","84.650","82.500","245.48K","-1.66%"
"04.11.2022","84.370","82.820","85.700","82.700","426.25K","2.13%"
"03.11.2022","82.610","80.900","84.100","80.120","526.05K","0.99%"
"01.11.2022","81.800","79.520","82.320","79.180","625.36K","2.45%"
"31.10.2022","79.840","79.500","81.960","79.030","529.64K","0.74%"
"28.10.2022","79.250","79.470","79.470","78.520","397.57K","0.58%"
"27.10.2022","78.790","77.250","80.000","76.770","454.36K","2.14%"
"26.10.2022","77.140","76.990","77.700","76.400","315.39K","0.18%"
"25.10.2022","77.000","75.250","77.750","75.240","550.75K","2.67%"
"24.10.2022","75.000","77.320","77.440","74.750","150.45K","-1.67%"
"21.10.2022","76.270","74.880","76.660","74.120","228.15K","0.98%"
"20.10.2022","75.530","74.780","76.770","73.690","261.56K","1.49%"
"19.10.2022","74.420","74.460","75.570","74.000","134.49K","-0.12%"
"18.10.2022","74.510","76.830","76.830","74.110","222.22K","-2.33%"
"17.10.2022","76.290","74.890","77.670","74.400","402.13K","3.57%"
"14.10.2022","73.660","74.610","75.300","73.000","123.37K","-0.95%"
"13.10.2022","74.370","73.690","75.400","72.500","199.28K","0.31%"
"12.10.2022","74.140","73.750","77.070","73.750","367.88K","0.53%"
"11.10.2022","73.750","73.710","76.460","73.000","273.86K","0.08%"
"10.10.2022","73.690","75.000","75.050","73.500","110.70K","-1.76%"
"07.10.2022","75.010","75.400","75.840","74.500","97.66K","-0.83%"
"06.10.2022","75.640","75.310","77.480","74.580","383.73K","0.95%"
"05.10.2022","74.930","74.950","76.280","74.000","345.34K","-0.04%"
"04.10.2022","74.960","75.770","76.650","74.330","265.75K","-0.32%"
"03.10.2022","75.200","74.640","76.800","73.990","343.09K","1.95%"
"30.09.2022","73.760","74.220","77.090","72.630","434.10K","-1.27%"
"29.09.2022","74.710","71.990","76.200","70.980","381.34K","3.32%"
"28.09.2022","72.310","71.510","73.820","70.510","361.92K","1.66%"
"27.09.2022","71.130","71.600","73.400","70.960","495.76K","-0.13%"
"26.09.2022","71.220","73.050","73.050","70.760","294.73K","-1.71%"
"23.09.2022","72.460","74.320","74.320","71.500","371.65K","-2.78%"
"22.09.2022","74.530","75.120","75.900","74.090","259.92K","-2.38%"
"21.09.2022","76.350","77.050","77.500","75.100","344.01K","-0.01%"
"20.09.2022","76.360","76.310","76.830","74.770","467.68K","0.07%"
"19.09.2022","76.310","75.190","76.730","73.530","712.71K","1.49%"
"15.09.2022","75.190","74.850","75.970","72.800","2.28M","0.39%"
"14.09.2022","74.900","75.090","76.000","74.250","262.89K","0.48%"
"13.09.2022","74.540","73.840","76.610","72.630","302.22K","-0.03%"
"12.09.2022","74.560","70.480","74.920","70.450","240.67K","6.93%"
"09.09.2022","69.730","69.500","70.000","68.800","242.76K","1.41%"
"08.09.2022","68.760","68.490","69.800","67.500","320.33K","1.24%"
"07.09.2022","67.920","68.710","69.870","67.000","607.79K","-1.74%"
"06.09.2022","69.120","69.250","69.940","68.390","316.68K","-0.49%"
"05.09.2022","69.460","68.280","69.720","67.950","51.59K","2.75%"
"02.09.2022","67.600","67.000","67.780","66.300","379.47K","-0.79%"
"01.09.2022","68.140","68.540","69.310","67.140","478.86K","-1.72%"
"31.08.2022","69.330","72.500","72.970","68.320","2.56M","-4.64%"
"30.08.2022","72.700","75.000","75.090","70.270","459.67K","-2.03%"
"29.08.2022","74.210","75.660","76.280","73.450","489.43K","-2.08%"
"26.08.2022","75.790","76.550","77.090","75.150","163.74K","-0.98%"
"25.08.2022","76.540","75.690","77.360","75.120","266.44K","1.35%"
"24.08.2022","75.520","76.540","77.000","75.090","233.72K","-0.83%"
"23.08.2022","76.150","76.760","77.830","75.950","190.37K","-1.30%"
"22.08.2022","77.150","77.800","78.390","76.440","389.21K","-1.13%"
"19.08.2022","78.030","80.000","80.250","77.600","262.68K","-2.25%"
"18.08.2022","79.830","80.040","80.380","78.780","198.92K","-0.81%"
"17.08.2022","80.480","79.210","80.790","78.700","189.85K","0.97%"
"16.08.2022","79.710","81.600","82.250","79.510","309.84K","-1.53%"
"15.08.2022","80.950","79.910","81.570","79.700","411.83K","1.80%"
"12.08.2022","79.520","80.000","80.200","78.790","341.71K","-0.35%"
"11.08.2022","79.800","78.200","80.500","77.700","367.84K","1.80%"
"10.08.2022","78.390","78.980","80.990","78.300","198.00K","-1.25%"
"09.08.2022","79.380","79.150","80.300","78.450","400.62K","0.06%"
"08.08.2022","79.330","79.960","80.330","78.030","389.38K","-0.25%"
"05.08.2022","79.530","80.950","81.000","78.500","358.11K","-1.38%"
"04.08.2022","80.640","79.250","81.800","79.020","384.05K","1.95%"
"03.08.2022","79.100","80.900","81.860","78.220","539.82K","-1.98%"
"02.08.2022","80.700","81.240","81.370","78.560","442.92K","-0.69%"
"01.08.2022","81.260","79.510","82.990","79.510","365.57K","2.20%"
"29.07.2022","79.510","81.000","81.200","78.060","550.25K","-0.55%"
"28.07.2022","79.950","78.350","81.000","77.500","430.95K","2.55%"
"27.07.2022","77.960","77.520","78.540","76.350","341.97K","1.27%"
"26.07.2022","76.980","77.600","78.370","75.150","292.17K","-0.01%"
"25.07.2022","76.990","77.500","78.180","76.500","201.10K","-0.32%"
"22.07.2022","77.240","77.460","78.460","76.760","231.11K","0.51%"
"21.07.2022","76.850","77.250","77.500","76.260","307.67K","-0.74%"
"20.07.2022","77.420","77.940","78.000","76.230","260.08K","-0.22%"
"19.07.2022","77.590","77.320","79.170","76.500","225.92K","0.35%"
"18.07.2022","77.320","77.870","80.000","77.000","152.06K","-0.22%"
"15.07.2022","77.490","77.000","77.800","76.540","159.30K","0.62%"
"14.07.2022","77.010","75.010","77.400","74.500","273.47K","1.36%"
"13.07.2022","75.980","77.660","78.420","75.520","223.20K","-2.10%"
"12.07.2022","77.610","77.790","78.700","77.070","453.75K","0.84%"
"11.07.2022","76.960","76.820","77.000","76.230","102.53K","-0.22%"
"08.07.2022","77.130","77.350","77.840","76.230","146.58K","-0.23%"
"07.07.2022","77.310","77.970","78.180","76.490","177.50K","0.31%"
"06.07.2022","77.070","75.960","78.000","75.960","222.96K","1.46%"
"05.07.2022","75.960","75.810","76.490","75.220","185.32K","-1.08%"
"04.07.2022","76.790","75.740","77.350","75.280","106.57K","3.07%"
"01.07.2022","74.500","75.280","75.870","73.560","337.88K","-0.60%"
"30.06.2022","74.950","75.010","76.750","74.410","797.02K","-0.74%"
"29.06.2022","75.510","75.760","77.300","74.500","479.97K","-0.62%"
"28.06.2022","75.980","75.640","76.590","75.500","429.53K","0.96%"
"27.06.2022","75.260","74.760","76.310","74.760","187.47K","0.71%"
"24.06.2022","74.730","74.430","76.980","73.250","392.80K","0.80%"
"23.06.2022","74.140","74.090","75.250","73.500","336.57K","-1.08%"
"22.06.2022","74.950","75.490","77.630","73.740","499.28K","-1.07%"
"21.06.2022","75.760","74.460","76.800","74.430","248.26K","1.23%"
"20.06.2022","74.840","74.400","74.990","74.050","115.23K","2.02%"
"17.06.2022","73.360","77.020","77.700","72.260","3.09M","-4.39%"
"16.06.2022","76.730","75.550","77.790","74.450","395.09K","0.71%"
"15.06.2022","76.190","78.240","78.240","75.260","251.74K","-1.91%"
"14.06.2022","77.670","77.270","78.250","76.450","481.47K","-0.22%"
"13.06.2022","77.840","74.650","78.340","74.160","789.22K","2.70%"
"10.06.2022","75.790","78.190","78.190","75.500","297.60K","-3.43%"
"09.06.2022","78.480","77.450","79.000","77.450","246.79K","0.90%"
"08.06.2022","77.780","77.890","79.970","77.300","325.71K","-0.89%"
"07.06.2022","78.480","78.320","78.980","75.320","269.39K","0.19%"
"06.06.2022","78.330","77.940","79.400","76.340","282.72K","0.53%"
"03.06.2022","77.920","76.490","78.950","76.220","421.83K","1.45%"
"02.06.2022","76.810","79.300","80.000","76.020","454.09K","-3.21%"
"01.06.2022","79.360","80.010","81.490","78.030","213.25K","-2.13%"
"31.05.2022","81.090","81.850","82.140","78.960","5.93M","-0.81%"
"30.05.2022","81.750","80.000","84.520","79.360","546.61K","1.72%"
"27.05.2022","80.370","78.080","81.310","78.080","933.23K","2.93%"
"26.05.2022","78.080","76.180","78.540","77.410","434.55K","2.40%"
"25.05.2022","76.250","74.000","78.500","73.100","616.40K","2.47%"
"24.05.2022","74.410","72.580","75.000","72.580","956.24K","1.68%"
"23.05.2022","73.180","72.570","75.000","70.790","485.34K","1.43%"
"20.05.2022","72.150","66.440","72.990","66.440","899.09K","9.57%"
"19.05.2022","65.850","64.660","68.150","64.630","529.61K","1.93%"
"18.05.2022","64.600","65.890","66.870","64.200","365.70K","-1.73%"
"17.05.2022","65.740","65.500","68.470","64.060","349.43K","1.20%"
"16.05.2022","64.960","63.510","65.560","63.510","312.64K","0.03%"
"13.05.2022","64.940","65.090","65.640","63.260","469.09K","0.17%"
"12.05.2022","64.830","63.380","65.110","63.310","433.43K","3.13%"
"11.05.2022","62.860","64.510","65.000","62.600","710.55K","-3.51%"
"10.05.2022","65.150","65.740","66.980","64.120","513.41K","-0.11%"
"09.05.2022","65.220","64.300","66.150","64.000","260.32K","1.45%"
"06.05.2022","64.290","64.800","67.270","63.500","451.15K","-0.83%"
"05.05.2022","64.830","67.130","67.840","64.020","350.50K","-3.87%"
"04.05.2022","67.440","66.200","68.490","65.010","199.82K","1.92%"
"03.05.2022","66.170","67.550","67.970","65.800","384.55K","-1.47%"
"02.05.2022","67.160","66.890","68.490","66.300","143.90K","0.75%"
"29.04.2022","66.660","68.030","68.970","66.120","456.27K","-3.14%"
"28.04.2022","68.820","68.000","70.340","65.930","351.06K","1.67%"
"27.04.2022","67.690","69.110","69.600","66.400","474.09K","-1.97%"
"26.04.2022","69.050","70.470","71.370","69.000","573.38K","-3.28%"
"25.04.2022","71.390","69.630","72.700","69.630","329.67K","1.49%"
"22.04.2022","70.340","71.640","71.640","69.620","325.10K","-1.76%"
"21.04.2022","71.600","74.950","74.950","70.750","466.41K","-4.12%"
"20.04.2022","74.680","73.790","75.370","71.620","398.54K","1.11%"
"19.04.2022","73.860","72.560","74.900","70.580","364.25K","3.08%"
"18.04.2022","71.650","71.020","72.660","71.020","191.08K","0.06%"
"13.04.2022","71.610","72.050","73.230","71.000","322.37K","-2.19%"
"12.04.2022","73.210","73.190","75.400","69.700","1.12M","0.04%"
"11.04.2022","73.180","71.250","74.440","70.570","329.19K","2.78%"
"08.04.2022","71.200","73.550","73.600","71.060","388.88K","-3.17%"
"07.04.2022","73.530","74.140","74.910","72.500","410.41K","-1.89%"
"06.04.2022","74.950","73.830","75.900","73.020","524.98K","1.24%"
"05.04.2022","74.030","74.810","75.040","73.580","223.22K","-0.24%"
"04.04.2022","74.210","75.440","77.470","74.210","137.33K","-0.67%"
"01.04.2022","74.710","74.800","75.920","74.260","273.19K","0.40%"
"31.03.2022","74.410","74.180","75.980","73.560","598.00K","1.20%"
"30.03.2022","73.530","74.980","76.010","73.100","636.46K","-1.02%"
"29.03.2022","74.290","76.880","77.000","74.000","754.49K","-2.01%"
"28.03.2022","75.810","75.600","77.090","75.420","322.20K","0.05%"
"25.03.2022","75.770","75.020","78.000","73.310","469.54K","0.21%"
"24.03.2022","75.610","73.200","76.000","73.180","559.62K","2.58%"
"23.03.2022","73.710","75.240","75.300","73.110","265.38K","-1.82%"
"22.03.2022","75.080","75.500","76.500","72.590","658.10K","-0.37%"
"18.03.2022","75.360","70.030","77.230","69.000","2.86M","7.53%"
"17.03.2022","70.080","68.450","70.680","67.330","448.97K","1.52%"
"16.03.2022","69.030","65.000","70.000","65.000","638.88K","6.31%"
"15.03.2022","64.930","64.100","67.210","63.700","1.16M","2.32%"
"14.03.2022","63.460","64.700","65.640","62.900","890.20K","0.73%"
"11.03.2022","63.000","65.110","65.440","61.630","483.77K","-1.82%"
"10.03.2022","64.170","64.600","65.850","63.140","460.80K","-0.80%"
"09.03.2022","64.690","62.000","65.650","62.000","398.00K","5.08%"
"08.03.2022","61.560","64.060","64.820","61.150","642.97K","-3.53%"
"07.03.2022","63.810","66.140","66.490","63.500","647.55K","-3.48%"
"04.03.2022","66.110","65.600","66.850","64.300","401.99K","-0.87%"
"03.03.2022","66.690","66.540","68.390","65.300","659.93K","-0.61%"
"02.03.2022","67.100","63.000","67.800","62.510","494.96K","6.58%"
"01.03.2022","62.960","62.300","63.700","61.020","473.48K","0.95%"
"28.02.2022","62.370","62.050","63.980","61.340","736.99K","-0.19%"
"25.02.2022","62.490","62.140","62.790","60.170","111.33K","1.99%"
"24.02.2022","61.270","61.600","62.290","59.520","597.90K","-2.34%"
"23.02.2022","62.740","63.600","63.600","61.510","474.20K","-1.43%"
"22.02.2022","63.650","59.570","63.980","59.230","612.92K","6.94%"
"21.02.2022","59.520","59.160","60.000","58.890","144.37K","0.80%"
"18.02.2022","59.050","57.620","59.490","57.310","317.44K","2.48%"
"17.02.2022","57.620","58.660","59.700","57.220","320.68K","-2.52%"
"16.02.2022","59.110","57.120","59.460","56.810","339.80K","3.70%"
"15.02.2022","57.000","56.350","57.720","55.880","291.07K","1.73%"
"14.02.2022","56.030","57.700","57.700","55.670","471.96K","-2.88%"
"11.02.2022","57.690","55.790","58.200","55.790","421.54K","3.59%"
"10.02.2022","55.690","56.000","57.030","55.320","359.06K","-1.42%"
"09.02.2022","56.490","56.080","57.310","56.080","289.62K","0.80%"
"08.02.2022","56.040","56.500","56.640","55.500","333.07K","0.13%"
"04.02.2022","55.970","55.860","56.740","54.530","305.51K","0.32%"
"03.02.2022","55.790","58.120","58.200","55.110","732.56K","-5.47%"
"02.02.2022","59.020","59.590","59.680","58.570","923.93K","0.85%"
"01.02.2022","58.520","57.970","59.740","56.800","367.63K","1.44%"
"31.01.2022","57.690","57.390","60.400","57.150","533.97K","1.42%"
"28.01.2022","56.880","56.500","58.280","55.860","306.22K","0.49%"
"27.01.2022","56.600","57.640","58.850","56.510","250.81K","-0.72%"
"26.01.2022","57.010","57.660","58.290","56.800","434.44K","-0.99%"
"25.01.2022","57.580","58.900","59.600","56.890","485.87K","-2.11%"
"24.01.2022","58.820","60.580","61.280","57.800","456.91K","-2.91%"
"21.01.2022","60.580","62.850","63.360","60.300","201.02K","-3.44%"
"20.01.2022","62.740","61.950","63.150","61.510","142.43K","2.33%"
"19.01.2022","61.310","62.700","63.080","61.200","180.40K","-2.59%"
"18.01.2022","62.940","65.920","65.920","62.290","181.14K","-3.53%"
"17.01.2022","65.240","63.630","66.760","63.030","293.73K","2.00%"
"14.01.2022","63.960","63.900","64.450","62.010","312.79K","-0.19%"
"13.01.2022","64.080","64.110","64.970","62.020","280.76K","0.45%"
"12.01.2022","63.790","62.390","64.650","61.200","188.87K","4.30%"
"11.01.2022","61.160","60.820","62.530","60.030","194.91K","0.92%"
"10.01.2022","60.600","60.200","61.180","59.650","149.04K","-0.98%"
"07.01.2022","61.200","61.600","62.820","60.520","110.60K","-2.00%"
"06.01.2022","62.450","62.740","62.960","61.500","340.82K","-0.19%"
"05.01.2022","62.570","64.860","65.510","62.080","205.19K","-4.02%"
"04.01.2022","65.190","64.790","65.900","62.760","296.31K","0.70%"
"03.01.2022","64.740","65.460","66.620","64.200","127.66K","-2.19%"
"31.12.2021","66.190","63.000","66.970","63.000","150.84K","4.76%"
"30.12.2021","63.180","62.790","65.000","62.310","229.48K","1.41%"
"29.12.2021","62.300","62.410","62.960","61.230","174.18K","0.40%"
"28.12.2021","62.050","63.390","63.390","61.540","206.57K","-1.91%"
"27.12.2021","63.260","61.720","63.640","61.420","128.92K","2.66%"
"24.12.2021","61.620","61.490","61.650","61.260","9.74K","0.60%"
"23.12.2021","61.250","62.170","62.750","61.000","253.17K","-0.91%"
"22.12.2021","61.810","59.800","62.490","58.520","151.56K","3.95%"
"21.12.2021","59.460","59.500","60.590","58.800","148.41K","1.12%"
"20.12.2021","58.800","61.020","61.020","58.120","254.79K","-4.13%"
"17.12.2021","61.330","58.230","62.030","57.600","1.77M","5.54%"
"16.12.2021","58.110","58.990","60.260","57.870","181.50K","-2.89%"
"15.12.2021","59.840","59.600","60.580","59.200","190.13K","-0.12%"
"14.12.2021","59.910","58.590","60.100","57.610","287.95K","1.82%"
"13.12.2021","58.840","60.080","60.080","58.580","189.36K","-1.84%"
"10.12.2021","59.940","60.140","60.280","59.510","94.73K","-0.68%"
"09.12.2021","60.350","60.400","60.770","60.000","217.57K","-0.77%"
"08.12.2021","60.820","61.500","61.600","60.510","153.42K","-0.77%"
"07.12.2021","61.290","60.770","61.490","59.700","248.58K","1.34%"
"06.12.2021","60.480","61.530","61.600","60.100","278.68K","-1.22%"
"03.12.2021","61.230","62.340","63.300","60.620","293.90K","-1.94%"
"02.12.2021","62.440","60.720","63.040","60.310","211.09K","2.70%"
"01.12.2021","60.800","62.400","64.700","60.110","448.17K","-2.52%"
"30.11.2021","62.370","58.750","63.960","57.510","1.18M","6.02%"
"29.11.2021","58.830","59.980","61.490","58.020","285.18K","-1.13%"
"26.11.2021","59.500","61.500","61.500","58.940","504.46K","-4.95%"
"25.11.2021","62.600","62.590","62.950","62.100","89.36K","0.82%"
"24.11.2021","62.090","64.600","64.600","61.200","583.50K","-3.17%"
"23.11.2021","64.120","64.990","65.450","62.460","373.35K","-1.72%"
"22.11.2021","65.240","67.600","68.180","64.210","326.67K","-3.15%"
"19.11.2021","67.360","67.840","68.800","67.120","145.00K","-1.17%"
"18.11.2021","68.160","68.040","68.900","66.720","133.60K","-0.28%"
"17.11.2021","68.350","66.510","68.730","65.000","189.56K","2.60%"
"16.11.2021","66.620","68.250","68.250","66.260","294.88K","-0.88%"
"12.11.2021","67.210","70.640","71.110","66.150","374.90K","-3.94%"
"11.11.2021","69.970","70.270","71.980","69.100","320.15K","-0.68%"
"10.11.2021","70.450","71.550","71.550","70.000","153.20K","-1.54%"
"09.11.2021","71.550","70.500","71.780","70.460","136.11K","1.37%"
"08.11.2021","70.580","70.740","71.990","70.000","167.71K","0.41%"
"05.11.2021","70.290","71.100","71.690","69.490","130.14K","-0.94%"
"04.11.2021","70.960","71.320","71.320","69.750","158.89K","-1.22%"
"03.11.2021","71.840","69.500","72.120","69.030","364.51K","1.60%"
"01.11.2021","70.710","69.590","71.680","69.590","58.63K","2.11%"
"29.10.2021","69.250","68.750","69.590","68.100","173.28K","0.07%"
"28.10.2021","69.200","70.020","70.390","68.410","198.97K","-1.94%"
"27.10.2021","70.570","72.400","72.400","70.010","121.87K","-2.07%"
"26.10.2021","72.060","71.080","72.970","71.070","134.63K","1.89%"
"25.10.2021","70.720","71.190","72.010","70.500","191.06K","-0.66%"
"22.10.2021","71.190","71.290","71.990","69.510","275.09K","0.58%"
"21.10.2021","70.780","73.110","73.120","70.400","329.55K","-3.65%"
"20.10.2021","73.460","73.100","74.430","72.500","274.81K","0.64%"
"19.10.2021","72.990","72.650","74.150","72.650","236.04K","-1.04%"
"18.10.2021","73.760","75.000","75.000","73.500","171.26K","-1.47%"
"15.10.2021","74.860","73.800","75.000","73.790","416.16K","1.41%"
"14.10.2021","73.820","74.000","74.070","72.240","148.44K","-0.26%"
"13.10.2021","74.010","73.840","74.700","72.630","231.12K","0.58%"
"12.10.2021","73.580","74.850","75.000","72.220","1.00M","-1.81%"
"11.10.2021","74.940","73.500","75.030","73.090","395.32K","2.87%"
"08.10.2021","72.850","73.700","74.000","72.510","260.73K","-0.90%"
"07.10.2021","73.510","72.010","73.980","70.050","428.54K","2.32%"
"06.10.2021","71.840","71.330","73.950","70.450","269.17K","0.04%"
"05.10.2021","71.810","71.700","72.700","70.350","233.45K","0.52%"
"04.10.2021","71.440","69.630","72.040","68.350","256.38K","2.01%"
"01.10.2021","70.030","71.450","71.460","69.750","118.17K","-0.96%"
"30.09.2021","70.710","68.290","71.450","68.120","289.28K","4.11%"
"29.09.2021","67.920","69.710","70.500","67.330","220.15K","-2.44%"
"28.09.2021","69.620","72.600","72.600","69.100","295.54K","-3.89%"
"27.09.2021","72.440","71.550","73.210","70.410","186.86K","0.44%"
"24.09.2021","72.120","73.100","73.440","71.090","219.61K","-1.73%"
"23.09.2021","73.390","72.390","73.600","71.950","144.46K","1.12%"
"22.09.2021","72.580","72.500","74.000","71.510","215.87K","-0.44%"
"21.09.2021","72.900","73.540","74.880","72.000","210.55K","-0.87%"
"20.09.2021","73.540","74.770","76.900","73.260","207.99K","-1.95%"
"17.09.2021","75.000","75.390","76.300","72.180","1.45M","-0.25%"
"15.09.2021","75.190","69.800","75.500","69.800","382.15K","7.95%"
"14.09.2021","69.650","67.210","70.000","66.680","213.81K","3.63%"
"13.09.2021","67.210","68.500","69.480","66.780","223.27K","-1.25%"
"10.09.2021","68.060","68.150","69.100","66.910","192.81K","0.83%"
"09.09.2021","67.500","68.200","68.200","66.500","258.75K","-0.57%"
"08.09.2021","67.890","67.470","68.490","66.040","309.36K","0.12%"
"07.09.2021","67.810","67.840","68.770","66.020","219.91K","-0.04%"
"06.09.2021","67.840","65.350","67.990","65.330","50.25K","3.87%"
"03.09.2021","65.310","64.680","66.400","64.110","239.31K","1.51%"
"02.09.2021","64.340","65.420","65.420","64.100","315.64K","-1.56%"
"01.09.2021","65.360","69.010","69.360","64.690","413.31K","-4.26%"
"31.08.2021","68.270","64.900","71.490","63.870","1.05M","5.26%"
"30.08.2021","64.860","64.510","65.400","63.380","245.53K","0.54%"
"27.08.2021","64.510","64.250","65.300","63.400","203.48K","0.72%"
"26.08.2021","64.050","64.540","64.800","62.700","270.31K","-0.81%"
"25.08.2021","64.570","64.200","64.760","62.420","207.90K","0.72%"
"24.08.2021","64.110","65.000","65.000","62.910","255.70K","0.68%"
"23.08.2021","63.680","63.680","64.700","63.290","161.58K","0.16%"
"20.08.2021","63.580","64.490","65.120","63.300","161.41K","-1.17%"
"19.08.2021","64.330","64.610","64.930","61.910","293.80K","-1.41%"
"18.08.2021","65.250","64.310","65.990","63.700","237.76K","1.95%"
"17.08.2021","64.000","65.460","65.940","63.130","318.46K","-1.63%"
"16.08.2021","65.060","64.060","65.590","63.440","120.26K","1.20%"
"13.08.2021","64.290","65.350","65.350","63.950","267.49K","-1.35%"
"12.08.2021","65.170","65.380","66.480","64.310","173.28K","-0.28%"
"11.08.2021","65.350","65.660","67.040","63.840","214.96K","-1.24%"
"10.08.2021","66.170","66.580","67.940","65.290","181.30K","-0.62%"
"09.08.2021","66.580","66.370","67.500","65.230","139.16K","0.26%"
"06.08.2021","66.410","67.670","68.340","65.030","193.16K","-0.95%"
"05.08.2021","67.050","66.290","67.690","66.140","148.63K","1.93%"
"04.08.2021","65.780","65.490","66.300","64.300","207.18K","-0.06%"
"03.08.2021","65.820","64.240","66.730","62.690","406.53K","2.73%"
"02.08.2021","64.070","65.310","66.530","63.500","251.79K","-1.51%"
"30.07.2021","65.050","64.000","66.300","63.690","348.42K","2.14%"
"29.07.2021","63.690","64.500","64.900","63.350","268.99K","-1.42%"
"28.07.2021","64.610","65.290","65.290","64.100","152.01K","-0.71%"
"27.07.2021","65.070","64.000","65.980","63.030","369.52K","2.12%"
"26.07.2021","63.720","61.900","64.500","61.900","247.80K","1.16%"
"23.07.2021","62.990","62.490","63.260","61.520","123.42K","1.47%"
"22.07.2021","62.080","62.410","62.850","61.510","192.63K","0.91%"
"21.07.2021","61.520","64.050","64.450","61.110","252.95K","-3.22%"
"20.07.2021","63.570","62.000","63.700","61.700","172.86K","3.72%"
"19.07.2021","61.290","62.650","62.690","60.400","323.02K","-3.56%"
"16.07.2021","63.550","64.200","64.400","61.600","335.97K","1.21%"
"15.07.2021","62.790","61.490","63.950","61.490","378.86K","2.35%"
"14.07.2021","61.350","59.700","61.500","59.060","364.13K","3.27%"
"13.07.2021","59.410","61.690","61.780","59.070","366.62K","-3.76%"
"12.07.2021","61.730","62.350","62.990","61.100","284.29K","-1.80%"
"09.07.2021","62.860","62.930","63.000","62.250","137.22K","0.59%"
"08.07.2021","62.490","62.680","64.030","62.100","300.94K","-1.59%"
"07.07.2021","63.500","63.970","64.670","62.510","664.54K","-0.94%"
"06.07.2021","64.100","64.600","64.600","63.030","194.52K","-0.97%"
"05.07.2021","64.730","63.980","64.990","63.890","44.19K","0.57%"
"02.07.2021","64.360","63.400","64.500","63.400","138.03K","1.71%"
"01.07.2021","63.280","62.750","63.630","62.250","168.39K","1.59%"
"30.06.2021","62.290","62.270","64.030","61.800","281.96K","-0.22%"
"29.06.2021","62.430","63.650","63.930","62.030","299.11K","-1.69%"
"28.06.2021","63.500","62.600","63.660","61.970","187.05K","1.86%"
"25.06.2021","62.340","62.300","63.000","62.110","153.09K","0.73%"
"24.06.2021","61.890","62.400","63.900","60.800","230.56K","-0.86%"
"23.06.2021","62.430","63.100","64.450","62.300","333.38K","-0.59%"
"22.06.2021","62.800","64.140","64.980","62.230","235.11K","-3.34%"
"21.06.2021","64.970","64.310","65.320","64.300","183.28K","0.06%"
"18.06.2021","64.930","63.600","65.500","62.060","973.75K","0.51%"
"17.06.2021","64.600","63.040","65.500","63.040","303.65K","0.11%"
"16.06.2021","64.530","66.490","66.600","62.810","313.45K","-2.11%"
"15.06.2021","65.920","65.120","66.360","65.050","130.01K","0.72%"
"14.06.2021","65.450","65.500","65.850","65.130","151.02K","-0.05%"
"11.06.2021","65.480","66.000","66.600","64.570","208.85K","0.38%"
"10.06.2021","65.230","65.950","66.600","63.960","225.07K","0.34%"
"09.06.2021","65.010","66.400","66.500","64.260","253.39K","-2.59%"
"08.06.2021","66.740","64.850","66.990","63.570","347.01K","2.31%"
"07.06.2021","65.230","64.120","66.300","64.090","491.85K","1.73%"
"04.06.2021","64.120","62.900","64.900","62.220","250.12K","1.94%"
"03.06.2021","62.900","65.420","65.420","62.070","405.07K","-3.11%"
"02.06.2021","64.920","62.690","66.410","62.360","453.42K","3.18%"
"01.06.2021","62.920","60.730","63.500","60.400","376.80K","4.38%"
"31.05.2021","60.280","58.520","60.630","58.520","124.65K","0.53%"
"28.05.2021","59.960","59.890","60.000","58.380","329.05K","2.76%"
"27.05.2021","58.350","56.800","60.020","55.500","2.05M","3.59%"
"26.05.2021","56.330","55.300","56.610","55.300","268.07K","1.17%"
"25.05.2021","55.680","56.600","56.810","55.010","601.24K","-2.28%"
"24.05.2021","56.980","57.630","57.630","56.710","231.53K","-0.23%"
"21.05.2021","57.110","57.720","57.990","56.990","255.42K","-1.79%"
"20.05.2021","58.150","58.200","59.430","57.500","708.24K","-0.24%"
"19.05.2021","58.290","58.190","59.490","57.520","169.05K","0.14%"
"18.05.2021","58.210","58.760","59.000","58.100","208.77K","0.05%"
"17.05.2021","58.180","57.660","58.790","57.070","149.80K","0.90%"
"14.05.2021","57.660","58.000","59.000","56.950","254.18K","-0.41%"
"13.05.2021","57.900","58.190","59.090","57.100","303.12K","0.29%"
"12.05.2021","57.730","58.320","58.680","57.110","265.10K","-1.30%"
"11.05.2021","58.490","58.880","59.690","57.730","156.54K","-1.05%"
"10.05.2021","59.110","57.420","59.390","57.050","186.17K","2.43%"
"07.05.2021","57.710","58.670","58.670","57.150","161.22K","-1.16%"
"06.05.2021","58.390","58.700","59.900","57.880","232.77K","-1.08%"
"05.05.2021","59.030","58.410","59.230","58.410","188.24K","0.34%"
"04.05.2021","58.830","58.300","59.540","58.000","137.55K","0.48%"
"03.05.2021","58.550","57.770","59.240","57.770","187.94K","1.39%"
"30.04.2021","57.750","59.480","60.300","57.020","383.09K","-3.10%"
"29.04.2021","59.600","59.900","60.930","59.500","227.04K","-0.32%"
"28.04.2021","59.790","60.990","60.990","59.410","170.83K","-0.98%"
"27.04.2021","60.380","59.500","60.690","59.150","207.10K","1.11%"
"26.04.2021","59.720","61.000","61.490","59.500","338.41K","-3.89%"
"23.04.2021","62.140","61.000","62.480","58.000","263.97K","1.39%"
"22.04.2021","61.290","60.930","61.990","59.750","426.14K","0.86%"
"21.04.2021","60.770","58.700","61.490","58.600","317.55K","3.84%"
"20.04.2021","58.520","58.730","59.000","57.000","340.65K","0.26%"
"19.04.2021","58.370","60.800","61.740","58.040","350.70K","-4.55%"
"16.04.2021","61.150","61.190","62.620","58.310","345.54K","1.01%"
"15.04.2021","60.540","60.100","62.570","60.020","292.78K","0.73%"
"14.04.2021","60.100","59.600","60.930","58.500","385.78K","1.04%"
"13.04.2021","59.480","59.400","60.490","58.840","318.73K","0.10%"
"12.04.2021","59.420","57.440","59.790","56.420","308.24K","3.54%"
"09.04.2021","57.390","59.500","59.500","56.940","440.85K","-3.37%"
"08.04.2021","59.390","59.600","60.000","59.170","235.20K","-0.39%"
"07.04.2021","59.620","57.750","60.000","57.750","277.09K","1.17%"
"06.04.2021","58.930","58.040","59.680","56.310","136.45K","1.99%"
"05.04.2021","57.780","56.230","58.030","55.550","176.00K","3.40%"
"31.03.2021","55.880","56.990","56.990","54.450","507.19K","-2.67%"
"30.03.2021","57.410","57.790","58.130","55.850","344.99K","-1.19%"
"29.03.2021","58.100","55.440","59.020","54.980","340.88K","4.27%"
"26.03.2021","55.720","54.400","56.000","54.300","249.82K","1.72%"
"25.03.2021","54.780","54.000","55.350","53.910","430.03K","1.44%"
"24.03.2021","54.000","53.910","54.480","53.350","730.92K","-0.04%"
"23.03.2021","54.020","54.590","54.940","53.200","531.37K","-1.04%"
"22.03.2021","54.590","54.940","55.800","54.400","266.79K","1.79%"
"19.03.2021","53.630","55.690","56.800","52.530","1.93M","-5.03%"
"18.03.2021","56.470","56.130","56.850","54.930","175.75K","-0.44%"
"17.03.2021","56.720","56.110","56.800","55.490","539.40K","1.09%"
"16.03.2021","56.110","54.800","56.580","53.950","500.27K","1.87%"
"12.03.2021","55.080","55.990","55.990","54.600","310.27K","-0.33%"
"11.03.2021","55.260","56.900","57.500","54.940","378.56K","-2.09%"
"10.03.2021","56.440","54.800","57.170","54.000","340.78K","2.97%"
"09.03.2021","54.810","54.250","55.000","53.250","290.39K","1.03%"
"08.03.2021","54.250","53.960","54.700","52.720","530.73K","0.91%"
"05.03.2021","53.760","54.780","55.500","52.810","561.49K","-1.18%"
"04.03.2021","54.400","53.500","55.000","53.240","628.83K","2.14%"
"03.03.2021","53.260","51.490","53.520","51.490","471.04K","1.16%"
"02.03.2021","52.650","52.220","53.000","52.000","420.77K","1.17%"
"01.03.2021","52.040","51.840","52.150","51.330","491.32K","0.39%"
"26.02.2021","51.840","49.300","52.000","49.150","1.03M","5.30%"
"25.02.2021","49.230","50.260","51.280","49.150","504.22K","-1.99%"
"24.02.2021","50.230","50.870","51.060","49.610","414.95K","-1.24%"
"23.02.2021","50.860","49.400","51.100","48.520","448.91K","3.27%"
"22.02.2021","49.250","51.310","51.960","48.810","762.77K","-4.03%"
"19.02.2021","51.320","52.060","52.980","51.110","528.83K","-1.67%"
"18.02.2021","52.190","54.380","54.490","51.860","539.70K","-3.55%"
"17.02.2021","54.110","52.860","54.670","52.180","648.12K","2.17%"
"16.02.2021","52.960","52.750","53.350","52.680","385.68K","-0.34%"
"15.02.2021","53.140","52.800","53.200","52.170","62.24K","1.32%"
"12.02.2021","52.450","52.130","52.730","52.130","224.42K","0.50%"
"11.02.2021","52.190","54.100","54.540","52.020","501.87K","-3.67%"
"10.02.2021","54.180","53.490","54.560","53.150","308.48K","1.40%"
"09.02.2021","53.430","52.010","53.800","52.000","491.69K","3.07%"
"08.02.2021","51.840","54.000","54.290","51.500","707.39K","-3.52%"
"05.02.2021","53.730","54.480","55.000","53.420","292.42K","-0.79%"
"04.02.2021","54.160","52.600","54.420","52.600","561.92K","3.48%"
"03.02.2021","52.340","53.690","53.690","51.500","718.51K","0.08%"
"02.02.2021","52.300","52.740","54.850","51.910","620.63K","1.38%"
"29.01.2021","51.590","55.450","56.010","51.120","1.06M","-6.96%"
"28.01.2021","55.450","57.640","58.820","55.220","554.95K","-3.75%"
"27.01.2021","57.610","59.910","59.910","57.040","653.78K","-3.84%"
"26.01.2021","59.910","61.850","61.850","58.450","617.84K","-2.12%"
"25.01.2021","61.210","61.320","62.670","59.200","500.99K","0.07%"
"22.01.2021","61.170","61.150","62.400","60.500","480.73K","-2.25%"
"21.01.2021","62.580","63.000","63.650","61.130","355.50K","-1.57%"
"20.01.2021","63.580","64.510","64.890","62.090","559.91K","-2.27%"
"19.01.2021","65.060","65.130","65.500","64.510","380.62K","-0.11%"
"18.01.2021","65.130","66.000","66.000","64.800","183.66K","-0.87%"
"15.01.2021","65.700","66.060","66.060","64.500","237.10K","0.81%"
"14.01.2021","65.170","64.700","65.970","64.610","315.98K","1.04%"
"13.01.2021","64.500","66.200","66.200","64.360","242.87K","-3.59%"
"12.01.2021","66.900","68.090","68.680","66.320","350.35K","-1.60%"
"11.01.2021","67.990","68.600","68.600","66.420","307.39K","-1.89%"
"08.01.2021","69.300","65.580","69.970","65.580","583.30K","2.51%"
"07.01.2021","67.600","67.200","68.120","66.300","534.34K","1.09%"
"06.01.2021","66.870","66.000","68.610","65.990","623.21K","1.35%"
"05.01.2021","65.980","65.350","66.400","63.240","626.09K","0.96%"
"04.01.2021","65.350","66.000","68.170","63.890","477.07K","-1.55%"
"31.12.2020","66.380","66.300","66.690","65.210","243.15K","-0.48%"
"30.12.2020","66.700","65.790","67.900","65.790","575.52K","1.85%"
"29.12.2020","65.490","62.870","65.800","62.870","494.38K","5.26%"
"28.12.2020","62.220","60.300","62.900","59.700","245.83K","3.22%"
"24.12.2020","60.280","57.640","61.300","57.500","92.78K","4.80%"
"23.12.2020","57.520","53.980","58.030","53.980","244.53K","8.43%"
"22.12.2020","53.050","54.700","54.800","52.800","298.18K","-4.81%"
"21.12.2020","55.730","54.940","56.000","52.760","279.76K","-0.07%"
"18.12.2020","55.770","56.760","59.150","54.230","1.36M","-2.12%"
"17.12.2020","56.980","53.400","57.740","52.510","851.50K","6.82%"
"16.12.2020","53.340","52.700","54.000","52.410","354.53K","2.14%"
"15.12.2020","52.220","50.530","52.500","50.520","199.93K","1.56%"
"14.12.2020","51.420","50.980","51.790","50.020","316.34K","0.84%"
"11.12.2020","50.990","51.490","52.640","49.610","388.64K","-0.66%"
"10.12.2020","51.330","50.560","51.700","50.550","414.74K","1.14%"
"09.12.2020","50.750","50.550","51.200","49.250","376.56K","-0.12%"
"08.12.2020","50.810","48.890","51.130","48.510","456.66K","5.88%"
"07.12.2020","47.990","48.650","49.930","47.310","376.42K","-2.36%"
"04.12.2020","49.150","48.840","50.850","48.540","473.51K","-0.02%"
"03.12.2020","49.160","49.200","49.500","48.260","372.81K","1.30%"
"02.12.2020","48.530","48.440","49.500","48.240","243.27K","-0.53%"
"01.12.2020","48.790","45.900","49.000","45.250","478.46K","6.30%"
"30.11.2020","45.900","46.110","46.550","45.250","1.78M","-1.82%"
"27.11.2020","46.750","46.850","47.320","46.060","222.92K","0.82%"
"26.11.2020","46.370","47.000","47.400","46.090","233.91K","-1.99%"
"25.11.2020","47.310","45.630","47.390","45.500","419.13K","2.49%"
"24.11.2020","46.160","46.010","47.390","45.630","589.29K","1.43%"
"23.11.2020","45.510","46.110","46.150","45.410","435.89K","-2.49%"
"20.11.2020","46.670","46.700","46.850","46.010","231.26K","0.43%"
"19.11.2020","46.470","47.390","47.390","45.100","591.88K","-1.30%"
"18.11.2020","47.080","46.850","47.730","46.250","514.15K","0.73%"
"17.11.2020","46.740","45.200","46.860","44.870","676.23K","3.48%"
"13.11.2020","45.170","44.800","45.340","43.600","360.74K","1.37%"
"12.11.2020","44.560","43.600","44.800","43.400","367.50K","-0.29%"
"11.11.2020","44.690","43.500","45.000","43.240","578.64K","3.23%"
"10.11.2020","43.290","42.980","43.990","42.660","1.02M","1.22%"
"09.11.2020","42.770","41.880","42.990","41.880","639.80K","4.06%"
"06.11.2020","41.100","41.170","42.750","40.810","618.50K","-1.34%"
"05.11.2020","41.660","41.000","41.920","40.390","572.96K","3.35%"
"04.11.2020","40.310","39.960","40.650","39.570","401.31K","2.96%"
"03.11.2020","39.150","40.490","40.700","38.650","516.13K","-0.33%"
"30.10.2020","39.280","39.400","40.390","38.750","924.80K","-0.30%"
"29.10.2020","39.400","40.670","40.670","39.100","933.99K","-2.93%"
"28.10.2020","40.590","42.270","42.270","40.110","549.31K","-3.97%"
"27.10.2020","42.270","42.560","42.770","42.100","444.12K","-0.66%"
"26.10.2020","42.550","42.600","42.890","41.980","296.98K","-0.02%"
"23.10.2020","42.560","42.140","42.600","42.140","489.57K","1.00%"
"22.10.2020","42.140","43.040","43.310","42.010","1.33M","-2.09%"
"21.10.2020","43.040","42.800","43.300","42.390","498.75K","1.46%"
"20.10.2020","42.420","44.480","44.480","42.250","760.80K","-2.51%"
"19.10.2020","43.510","44.180","44.360","43.250","382.08K","-1.29%"
"16.10.2020","44.080","45.470","45.690","44.000","5.18M","-2.59%"
"15.10.2020","45.250","45.520","45.990","45.050","411.07K","-2.16%"
"14.10.2020","46.250","46.350","46.720","45.200","374.79K","0.24%"
"13.10.2020","46.140","47.550","47.550","45.760","303.19K","-3.15%"
"12.10.2020","47.640","47.700","47.980","46.310","528.70K","3.09%"
"09.10.2020","46.210","47.050","48.200","46.210","160.65K","-1.62%"
"08.10.2020","46.970","45.690","47.500","45.690","643.06K","3.78%"
"07.10.2020","45.260","45.500","46.720","45.200","514.76K","-0.88%"
"06.10.2020","45.660","45.890","46.600","45.150","240.69K","0.57%"
"05.10.2020","45.400","44.790","46.000","44.500","445.63K","2.48%"
"02.10.2020","44.300","43.490","44.600","42.500","284.26K","0.89%"
"01.10.2020","43.910","45.670","45.670","43.510","371.49K","-3.35%"
"30.09.2020","45.430","46.220","48.200","44.900","650.49K","-1.71%"
"29.09.2020","46.220","45.480","46.400","45.480","255.88K","1.25%"
"28.09.2020","45.650","45.260","45.880","44.550","353.05K","1.35%"
"25.09.2020","45.040","45.550","45.870","44.350","270.94K","-0.99%"
"24.09.2020","45.490","44.180","45.500","44.180","351.15K","2.64%"
"23.09.2020","44.320","44.680","44.680","43.030","264.19K","-0.81%"
"22.09.2020","44.680","43.020","44.950","42.700","338.50K","3.09%"
"21.09.2020","43.340","43.230","43.740","42.020","300.05K","-0.34%"
"18.09.2020","43.490","44.110","45.140","43.170","1.35M","-3.08%"
"17.09.2020","44.870","44.010","45.010","43.500","326.35K","1.22%"
"15.09.2020","44.330","44.200","45.140","43.810","323.90K","1.07%"
"14.09.2020","43.860","43.000","44.500","42.940","356.22K","2.50%"
"11.09.2020","42.790","42.600","43.240","41.350","516.09K","0.68%"
"10.09.2020","42.500","43.230","43.230","42.100","389.35K","-0.42%"
"09.09.2020","42.680","42.680","43.100","42.250","527.06K","0.07%"
"08.09.2020","42.650","43.560","43.560","41.950","480.68K","-2.09%"
"07.09.2020","43.560","43.200","43.650","43.050","44.24K","1.21%"
"04.09.2020","43.040","42.800","43.500","41.750","571.77K","1.03%"
"03.09.2020","42.600","43.750","43.750","42.400","489.70K","-1.66%"
"02.09.2020","43.320","43.600","43.940","43.030","423.78K","-1.77%"
"01.09.2020","44.100","44.190","44.300","43.420","575.98K","2.06%"
"31.08.2020","43.210","46.130","46.130","42.710","1.62M","-6.81%"
"28.08.2020","46.370","45.000","46.890","45.000","334.68K","2.93%"
"27.08.2020","45.050","44.400","45.420","44.120","348.33K","0.96%"
"26.08.2020","44.620","44.800","45.340","44.110","260.05K","-1.59%"
"25.08.2020","45.340","45.190","45.500","44.540","357.66K","1.21%"
"24.08.2020","44.800","45.900","45.950","44.200","228.74K","-0.64%"
"21.08.2020","45.090","45.110","46.000","44.900","262.21K","-0.35%"
"20.08.2020","45.250","46.050","46.070","45.110","252.83K","-2.71%"
"19.08.2020","46.510","47.040","47.750","46.150","313.51K","-2.47%"
"18.08.2020","47.690","47.150","47.900","46.550","512.01K","0.87%"
"17.08.2020","47.280","47.500","47.700","46.210","226.31K","-0.42%"
"14.08.2020","47.480","46.800","47.500","46.750","444.24K","1.63%"
"13.08.2020","46.720","46.110","46.800","45.820","335.45K","1.90%"
"12.08.2020","45.850","46.500","46.500","45.470","247.66K","0.07%"
"11.08.2020","45.820","45.800","46.700","45.210","490.56K","0.97%"
"10.08.2020","45.380","44.600","45.700","44.200","394.92K","2.37%"
"07.08.2020","44.330","43.900","44.540","43.810","260.34K","0.96%"
"06.08.2020","43.910","43.250","43.990","43.030","252.34K","2.02%"
"05.08.2020","43.040","42.870","44.070","42.870","485.59K","0.16%"
"04.08.2020","42.970","42.990","43.880","42.720","414.61K","-0.28%"
"03.08.2020","43.090","44.000","44.000","42.400","283.71K","-1.93%"
"31.07.2020","43.940","43.000","44.000","42.070","743.18K","1.90%"
"30.07.2020","43.120","43.290","43.400","42.590","303.55K","-0.46%"
"29.07.2020","43.320","44.020","44.020","43.100","496.47K","-1.84%"
"28.07.2020","44.130","44.240","44.390","43.300","472.33K","0.25%"
"27.07.2020","44.020","44.660","44.940","43.560","279.64K","-1.46%"
"24.07.2020","44.670","45.050","45.300","43.600","199.42K","-0.02%"
"23.07.2020","44.680","45.500","45.500","43.700","302.35K","-1.56%"
"22.07.2020","45.390","44.470","45.640","44.470","280.01K","2.55%"
"21.07.2020","44.260","42.600","44.680","42.410","538.27K","4.26%"
"20.07.2020","42.450","42.640","42.800","42.000","208.33K","0.19%"
"17.07.2020","42.370","43.200","43.200","42.210","343.66K","-2.08%"
"16.07.2020","43.270","42.350","43.650","41.800","497.29K","3.20%"
"15.07.2020","41.930","42.010","42.670","41.640","750.78K","0.84%"
"14.07.2020","41.580","43.180","43.340","41.280","520.52K","-3.08%"
"13.07.2020","42.900","43.740","45.000","42.500","626.97K","-1.45%"
"10.07.2020","43.530","43.880","43.880","43.010","406.93K","-0.73%"
"09.07.2020","43.850","45.610","45.620","43.530","436.54K","-3.35%"
"08.07.2020","45.370","47.010","47.010","45.100","544.60K","-3.88%"
"07.07.2020","47.200","46.400","47.350","46.280","185.54K","1.72%"
"06.07.2020","46.400","46.970","47.050","45.540","258.55K","-0.24%"
"03.07.2020","46.510","46.000","46.590","46.000","47.40K","0.85%"
"02.07.2020","46.120","45.710","46.990","45.710","532.97K","1.21%"
"01.07.2020","45.570","44.830","45.790","44.030","370.74K","1.67%"
"30.06.2020","44.820","45.150","45.460","44.500","551.57K","-0.58%"
"29.06.2020","45.080","45.230","45.810","44.510","235.86K","1.39%"
"26.06.2020","44.460","45.700","45.900","43.870","568.58K","-2.97%"
"25.06.2020","45.820","46.600","46.900","45.730","210.05K","-1.57%"
"24.06.2020","46.550","47.260","47.790","46.360","385.66K","-1.88%"
"23.06.2020","47.440","48.220","48.900","47.150","294.39K","-0.75%"
"22.06.2020","47.800","48.520","48.890","47.560","173.83K","-0.83%"
"19.06.2020","48.200","46.950","49.000","46.530","3.16M","3.48%"
"18.06.2020","46.580","47.210","47.810","46.510","335.77K","-1.33%"
"17.06.2020","47.210","48.000","48.370","47.000","226.26K","-0.80%"
"16.06.2020","47.590","48.740","49.300","47.130","267.43K","-1.51%"
"15.06.2020","48.320","47.510","49.120","46.700","389.49K","0.15%"
"12.06.2020","48.250","47.020","48.520","47.020","352.74K","3.59%"
"11.06.2020","46.580","50.000","50.000","46.310","529.74K","-7.82%"
"10.06.2020","50.530","51.900","52.200","50.000","352.39K","-2.43%"
"09.06.2020","51.790","53.700","53.700","51.510","471.95K","-3.54%"
"08.06.2020","53.690","53.750","54.000","52.010","855.03K","1.11%"
"05.06.2020","53.100","51.150","54.360","50.730","455.41K","5.86%"
"04.06.2020","50.160","50.820","51.320","49.290","509.17K","-1.34%"
"03.06.2020","50.840","50.620","52.000","49.600","463.45K","-0.31%"
"02.06.2020","51.000","49.640","51.145","49.310","","3.79%"
"01.06.2020","49.140","51.120","51.120","48.150","320.48K","-1.70%"
"29.05.2020","49.990","47.100","52.350","46.660","1.49M","5.96%"
"28.05.2020","47.180","48.450","48.450","47.010","336.56K","-1.95%"
"27.05.2020","48.120","47.560","48.480","47.100","351.62K","1.18%"
"26.05.2020","47.560","47.890","49.100","46.850","318.31K","0.98%"
"25.05.2020","47.100","47.940","47.980","47.000","84.00K","-1.07%"
"22.05.2020","47.610","47.200","48.780","46.730","162.22K","0.74%"
"21.05.2020","47.260","48.090","48.780","46.630","285.73K","-2.78%"
"20.05.2020","48.610","48.270","48.950","46.620","262.13K","1.50%"
"19.05.2020","47.890","50.000","51.560","47.550","502.55K","-4.47%"
"18.05.2020","50.130","48.100","51.000","48.050","402.83K","4.22%"
"15.05.2020","48.100","49.000","49.500","47.560","360.82K","-2.35%"
"14.05.2020","49.260","47.550","50.000","46.540","371.89K","2.97%"
"13.05.2020","47.840","48.820","49.000","47.510","490.01K","-2.51%"
"12.05.2020","49.070","49.500","49.990","48.790","314.14K","-0.49%"
"11.05.2020","49.310","47.950","49.770","47.040","439.18K","2.69%"
"08.05.2020","48.020","46.920","48.480","46.920","447.88K","2.87%"
"07.05.2020","46.680","47.990","48.000","46.500","395.62K","-1.14%"
"06.05.2020","47.220","48.140","48.790","47.000","457.30K","-2.11%"
"05.05.2020","48.240","48.620","49.280","47.580","241.76K","-0.78%"
"04.05.2020","48.620","48.090","49.340","46.490","629.25K","0.77%"
"30.04.2020","48.250","53.700","53.700","47.850","761.73K","-10.05%"
"29.04.2020","53.640","50.590","54.550","50.090","509.51K","8.58%"
"28.04.2020","49.400","47.690","50.800","47.000","1.00M","5.08%"
"27.04.2020","47.010","47.100","48.450","45.790","478.60K","-0.25%"
"24.04.2020","47.130","45.900","47.510","45.000","552.41K","3.06%"
"23.04.2020","45.730","47.860","47.860","45.500","382.98K","-3.97%"
"22.04.2020","47.620","49.050","49.490","47.250","289.78K","-1.88%"
"21.04.2020","48.530","48.300","48.960","47.050","167.81K","0.06%"
"20.04.2020","48.500","48.000","49.000","47.220","230.51K","0.02%"
"17.04.2020","48.490","48.110","50.420","47.850","322.46K","1.59%"
"16.04.2020","47.730","50.370","51.050","47.060","570.93K","-4.37%"
"15.04.2020","49.910","50.890","52.480","49.520","375.82K","-3.83%"
"14.04.2020","51.900","50.660","52.830","50.660","223.14K","2.55%"
"13.04.2020","50.610","53.490","53.510","50.150","127.47K","-3.82%"
"08.04.2020","52.620","51.680","53.490","49.950","356.59K","2.29%"
"07.04.2020","51.440","50.560","52.690","50.270","456.05K","3.00%"
"06.04.2020","49.940","49.000","51.810","48.420","445.98K","3.67%"
"03.04.2020","48.170","47.430","48.930","44.640","431.75K","2.21%"
"02.04.2020","47.130","47.400","51.780","47.000","335.97K","-1.32%"
"01.04.2020","47.760","46.570","50.110","44.180","499.76K","2.56%"
"31.03.2020","46.570","49.770","51.890","44.600","1.08M","-4.43%"
"30.03.2020","48.730","51.990","51.990","48.380","505.60K","-5.18%"
"27.03.2020","51.390","54.280","54.280","51.000","623.42K","-9.25%"
"26.03.2020","56.630","54.010","58.000","54.010","288.97K","3.87%"
"25.03.2020","54.520","55.500","57.000","52.740","480.64K","-0.53%"
"24.03.2020","54.810","50.100","57.500","50.100","451.54K","9.62%"
"23.03.2020","50.000","56.300","56.300","48.910","354.62K","-11.74%"
"20.03.2020","56.650","56.580","61.830","51.200","2.59M","3.36%"
"19.03.2020","54.810","55.240","56.120","52.280","480.77K","0.24%"
"18.03.2020","54.680","55.500","60.700","54.210","430.98K","-2.13%"
"17.03.2020","55.870","49.380","60.790","47.750","1.04M","12.19%"
"13.03.2020","49.800","50.550","52.630","49.090","749.28K","1.67%"
"12.03.2020","48.980","51.000","51.000","48.200","658.91K","-5.39%"
"11.03.2020","51.770","54.560","54.880","51.010","509.49K","-6.01%"
"10.03.2020","55.080","51.830","56.530","50.280","727.34K","10.56%"
"09.03.2020","49.820","52.450","52.450","48.500","648.62K","-5.89%"
"06.03.2020","52.940","56.000","56.000","52.620","445.79K","-6.68%"
"05.03.2020","56.730","58.750","58.750","56.050","248.92K","-3.75%"
"04.03.2020","58.940","56.370","59.390","55.870","325.64K","6.52%"
"03.03.2020","55.330","56.290","61.000","54.550","781.47K","-0.95%"
"02.03.2020","55.860","54.300","57.340","54.300","1.15M","3.39%"
"28.02.2020","54.030","56.300","56.440","50.030","1.28M","-4.74%"
"27.02.2020","56.720","60.660","60.660","56.310","621.08K","-6.63%"
"26.02.2020","60.750","62.180","64.000","60.510","612.97K","-1.78%"
"25.02.2020","61.850","63.670","63.860","61.410","464.78K","-2.86%"
"24.02.2020","63.670","64.510","64.850","63.010","360.45K","-2.88%"
"21.02.2020","65.560","66.400","68.090","65.070","552.38K","-1.38%"
"20.02.2020","66.480","66.910","67.560","66.000","276.37K","-0.15%"
"19.02.2020","66.580","66.430","68.080","66.110","118.53K","0.74%"
"18.02.2020","66.090","66.810","66.810","65.800","118.94K","-0.71%"
"17.02.2020","66.560","66.460","67.000","66.280","23.63K","0.15%"
"14.02.2020","66.460","66.990","67.770","66.310","217.03K","-0.43%"
"13.02.2020","66.750","68.460","68.460","66.330","354.95K","-4.00%"
"12.02.2020","69.530","69.620","70.800","69.010","365.91K","0.17%"
"11.02.2020","69.410","66.250","70.950","66.220","447.42K","4.77%"
"10.02.2020","66.250","65.750","66.710","65.500","404.97K","0.47%"
"07.02.2020","65.940","65.890","66.350","65.080","231.68K","-0.14%"
"06.02.2020","66.030","67.080","67.250","65.800","506.17K","-1.08%"
"05.02.2020","66.750","69.620","70.260","66.220","538.52K","-3.68%"
"04.02.2020","69.300","69.740","69.740","68.310","549.72K","1.72%"
"31.01.2020","68.130","69.080","69.100","66.370","1.04M","-2.55%"
"30.01.2020","69.910","70.440","71.540","69.500","504.86K","-1.02%"
"29.01.2020","70.630","70.150","70.990","69.300","393.56K","1.03%"
"28.01.2020","69.910","70.220","70.530","69.010","802.69K","0.52%"
"27.01.2020","69.550","70.260","70.790","68.630","374.64K","-3.08%"
"24.01.2020","71.760","73.590","74.080","71.580","258.33K","-3.14%"
"23.01.2020","74.090","74.260","74.780","73.030","379.04K","-0.71%"
"22.01.2020","74.620","74.910","75.000","74.200","152.56K","0.03%"
"21.01.2020","74.600","74.020","75.000","73.510","215.83K","-0.52%"
"20.01.2020","74.990","75.820","76.820","74.370","345.44K","-1.09%"
"17.01.2020","75.820","76.680","77.640","75.100","349.83K","-1.13%"
"16.01.2020","76.690","72.240","77.390","72.240","446.32K","6.16%"
"15.01.2020","72.240","75.500","75.990","71.770","424.58K","-4.93%"
"14.01.2020","75.990","75.390","76.200","73.720","257.85K","0.46%"
"13.01.2020","75.640","75.250","76.130","73.950","305.22K","1.01%"
"10.01.2020","74.880","74.320","75.600","73.930","415.05K","1.24%"
"09.01.2020","73.960","73.320","74.830","73.210","327.53K","0.07%"
"08.01.2020","73.910","73.590","74.990","73.590","384.41K","0.76%"
"07.01.2020","73.350","74.520","74.950","72.860","350.26K","-2.16%"
"06.01.2020","74.970","73.510","75.000","73.510","290.68K","0.87%"
"03.01.2020","74.320","73.300","75.000","73.300","412.53K","0.58%"
"02.01.2020","73.890","70.880","74.290","70.880","265.73K","5.83%"
"31.12.2019","69.820","69.500","70.890","69.500","212.02K","0.03%"
"30.12.2019","69.800","70.600","70.600","69.600","140.60K","-0.89%"
"27.12.2019","70.430","72.570","72.570","70.070","210.12K","-0.84%"
"26.12.2019","71.030","72.390","72.390","70.600","31.70K","-0.57%"
"24.12.2019","71.440","71.360","71.660","71.110","30.64K","-0.97%"
"23.12.2019","72.140","72.940","72.970","71.200","121.04K","-0.62%"
"20.12.2019","72.590","71.990","73.990","70.200","1.61M","0.89%"
"19.12.2019","71.950","70.720","72.000","70.100","200.03K","1.96%"
"18.12.2019","70.570","70.990","72.300","70.060","354.63K","-0.63%"
"17.12.2019","71.020","70.530","72.200","69.360","487.02K","1.04%"
"16.12.2019","70.290","71.370","72.000","69.690","217.67K","-1.73%"
"13.12.2019","71.530","69.890","72.000","69.800","387.84K","3.19%"
"11.12.2019","69.320","69.400","69.890","67.510","361.68K","0.10%"
"10.12.2019","69.250","66.660","70.500","66.660","318.18K","4.72%"
"09.12.2019","66.130","65.020","68.500","65.020","257.22K","0.85%"
"06.12.2019","65.570","66.650","67.220","64.120","328.91K","-1.97%"
"05.12.2019","66.890","67.920","69.100","66.200","219.09K","-0.36%"
"04.12.2019","67.130","67.380","68.000","66.510","255.60K","-0.61%"
"03.12.2019","67.540","66.420","67.700","65.950","232.10K","2.15%"
"02.12.2019","66.120","65.300","66.500","65.020","283.66K","1.16%"
"29.11.2019","65.360","65.700","66.420","64.840","270.83K","-0.61%"
"28.11.2019","65.760","65.520","65.930","65.110","26.23K","0.37%"
"27.11.2019","65.520","65.330","66.490","64.930","375.51K","0.99%"
"26.11.2019","64.880","66.740","66.830","63.510","1.61M","-2.64%"
"25.11.2019","66.640","66.970","67.990","66.100","252.88K","-0.54%"
"22.11.2019","67.000","66.880","67.250","65.710","205.00K","1.01%"
"21.11.2019","66.330","67.900","68.490","65.970","262.61K","-2.76%"
"20.11.2019","68.210","69.890","69.890","67.900","157.26K","-1.35%"
"19.11.2019","69.140","68.010","69.860","67.670","344.04K","1.19%"
"15.11.2019","68.330","67.940","68.500","66.110","103.95K","1.55%"
"14.11.2019","67.290","65.700","67.440","65.250","221.76K","2.11%"
"13.11.2019","65.900","67.250","68.250","65.520","248.05K","-2.93%"
"12.11.2019","67.890","68.470","68.790","66.830","222.12K","-0.70%"
"11.11.2019","68.370","66.370","68.800","66.370","138.85K","1.71%"
"08.11.2019","67.220","69.140","69.150","66.180","285.77K","-2.78%"
"07.11.2019","69.140","68.310","69.150","68.040","323.26K","1.51%"
"06.11.2019","68.110","67.570","68.760","66.600","284.66K","0.19%"
"05.11.2019","67.980","67.180","68.800","66.300","321.20K","1.58%"
"04.11.2019","66.920","68.360","69.220","66.040","168.75K","-1.76%"
"01.11.2019","68.120","65.280","68.300","65.230","332.11K","5.78%"
"31.10.2019","64.400","67.440","67.780","63.850","467.47K","-2.82%"
"30.10.2019","66.270","66.390","67.800","64.190","402.61K","-0.42%"
"29.10.2019","66.550","65.780","66.800","64.350","298.33K","2.83%"
"28.10.2019","64.720","61.820","65.590","60.700","416.28K","5.22%"
"25.10.2019","61.510","62.660","62.660","61.110","258.45K","-1.01%"
"24.10.2019","62.140","63.080","63.600","60.520","335.85K","-1.47%"
"23.10.2019","63.070","60.560","63.600","59.800","246.77K","5.19%"
"22.10.2019","59.960","59.120","60.550","58.520","397.06K","1.22%"
"21.10.2019","59.240","57.490","59.600","57.250","221.86K","2.95%"
"18.10.2019","57.540","58.700","59.690","57.080","171.78K","-1.96%"
"17.10.2019","58.690","60.630","61.340","58.300","443.90K","-3.44%"
"16.10.2019","60.780","60.440","61.100","59.200","521.67K","0.25%"
"15.10.2019","60.630","60.650","61.350","59.570","209.11K","0.53%"
"14.10.2019","60.310","59.670","60.800","59.670","479.71K","0.89%"
"11.10.2019","59.780","58.490","59.890","58.020","235.11K","3.10%"
"10.10.2019","57.980","57.490","58.500","56.820","274.21K","1.65%"
"09.10.2019","57.040","56.990","58.280","56.750","134.45K","-0.52%"
"08.10.2019","57.340","56.710","58.210","56.110","306.54K","1.15%"
"07.10.2019","56.690","57.620","58.250","56.400","149.60K","-1.53%"
"04.10.2019","57.570","57.560","59.520","57.110","197.93K","0.02%"
"03.10.2019","57.560","57.800","57.940","57.050","138.70K","-0.66%"
"02.10.2019","57.940","57.640","58.340","57.070","298.42K","-0.70%"
"01.10.2019","58.350","57.850","59.050","57.420","162.51K","0.73%"
"30.09.2019","57.930","57.680","59.860","57.220","447.35K","1.22%"
"27.09.2019","57.230","57.640","57.880","57.110","143.59K","-0.76%"
"26.09.2019","57.670","58.460","59.310","57.500","469.94K","-1.47%"
"25.09.2019","58.530","59.750","60.030","58.140","469.47K","-2.40%"
"24.09.2019","59.970","60.470","60.500","59.380","258.73K","-0.61%"
"23.09.2019","60.340","60.420","60.480","59.200","185.25K","-0.23%"
"20.09.2019","60.480","57.660","61.340","57.660","2.39M","4.38%"
"19.09.2019","57.940","57.980","58.200","57.300","312.27K","-0.38%"
"18.09.2019","58.160","58.030","58.750","57.150","392.79K","-0.36%"
"17.09.2019","58.370","58.270","58.990","57.500","428.26K","0.17%"
"13.09.2019","58.270","57.800","58.970","57.450","219.51K","1.30%"
"12.09.2019","57.520","58.190","58.340","57.370","172.85K","-0.90%"
"11.09.2019","58.040","56.980","58.120","56.520","311.82K","2.56%"
"10.09.2019","56.590","57.100","58.120","56.050","281.11K","-1.43%"
"09.09.2019","57.410","58.380","59.000","57.000","225.70K","-0.91%"
"06.09.2019","57.940","57.000","58.100","55.900","389.21K","2.57%"
"05.09.2019","56.490","55.810","57.210","55.410","831.05K","1.80%"
"04.09.2019","55.490","57.820","57.990","55.200","908.51K","-1.86%"
"03.09.2019","56.540","58.370","59.110","56.090","398.28K","-3.89%"
"02.09.2019","58.830","57.650","59.510","57.000","121.93K","2.05%"
"30.08.2019","57.650","55.930","58.000","55.500","700.98K","3.76%"
"29.08.2019","55.560","55.050","56.270","54.500","487.34K","1.42%"
"28.08.2019","54.780","54.030","54.980","53.600","286.30K","1.82%"
"27.08.2019","53.800","52.880","54.230","52.860","1.59M","2.11%"
"26.08.2019","52.690","51.950","52.880","51.500","650.93K","2.15%"
"23.08.2019","51.580","52.690","53.260","51.260","513.68K","-2.48%"
"22.08.2019","52.890","53.600","54.500","52.600","402.18K","-1.05%"
"21.08.2019","53.450","54.100","54.490","53.110","431.41K","-1.04%"
"20.08.2019","54.010","53.470","54.800","52.820","501.62K","1.26%"
"19.08.2019","53.340","54.760","55.890","53.070","310.70K","-1.64%"
"16.08.2019","54.230","53.400","56.190","52.760","442.26K","2.21%"
"15.08.2019","53.060","54.020","56.360","52.200","455.78K","-1.78%"
"14.08.2019","54.020","56.020","56.400","53.330","882.45K","-4.32%"
"13.08.2019","56.460","59.450","60.390","55.870","550.40K","-5.25%"
"12.08.2019","59.590","60.710","60.720","59.410","312.01K","-1.65%"
"09.08.2019","60.590","61.230","61.530","60.200","200.10K","-2.31%"
"08.08.2019","62.020","60.870","62.360","60.620","292.63K","1.44%"
"07.08.2019","61.140","60.050","61.950","59.700","643.10K","1.02%"
"06.08.2019","60.520","61.160","61.950","59.700","472.89K","-0.72%"
"05.08.2019","60.960","61.650","62.280","59.890","532.07K","-1.98%"
"02.08.2019","62.190","60.380","63.900","59.400","520.47K","1.87%"
"01.08.2019","61.050","61.060","62.000","60.200","493.09K","-1.23%"
"31.07.2019","61.810","63.310","63.980","60.580","1.18M","-3.38%"
"30.07.2019","63.970","63.700","64.410","61.760","367.95K","0.33%"
"29.07.2019","63.760","61.200","64.240","60.690","268.89K","5.16%"
"26.07.2019","60.630","61.300","61.450","59.990","323.15K","-1.75%"
"25.07.2019","61.710","61.000","62.540","60.350","360.04K","0.29%"
"24.07.2019","61.530","63.490","64.200","60.410","382.97K","-2.10%"
"23.07.2019","62.850","64.300","64.300","62.130","332.27K","-2.48%"
"22.07.2019","64.450","66.490","66.500","63.010","176.36K","-3.04%"
"19.07.2019","66.470","68.160","68.400","66.280","173.59K","-2.99%"
"18.07.2019","68.520","67.570","68.980","66.020","277.99K","1.54%"
"17.07.2019","67.480","68.780","69.790","66.840","281.30K","-2.75%"
"16.07.2019","69.390","68.600","70.320","67.060","261.90K","1.37%"
"15.07.2019","68.450","68.990","69.430","67.880","169.16K","-0.13%"
"12.07.2019","68.540","70.000","70.000","68.180","155.47K","-2.63%"
"11.07.2019","70.390","70.120","71.950","69.000","141.32K","0.39%"
"10.07.2019","70.120","71.960","71.960","69.730","290.10K","-1.56%"
"09.07.2019","71.230","71.920","75.000","68.180","358.63K","-1.25%"
"08.07.2019","72.130","72.330","73.000","71.720","192.06K","0.57%"
"05.07.2019","71.720","72.150","73.200","71.260","205.82K","-1.83%"
"04.07.2019","73.060","72.020","73.200","72.020","16.99K","0.19%"
"03.07.2019","72.920","72.400","73.000","72.010","182.65K","0.12%"
"02.07.2019","72.830","71.140","72.950","70.520","240.32K","2.98%"
"01.07.2019","70.720","70.020","72.970","70.020","214.22K","-1.17%"
"28.06.2019","71.560","72.000","72.000","70.000","357.92K","-0.14%"
"27.06.2019","71.660","73.000","73.750","71.410","220.84K","-2.42%"
"26.06.2019","73.440","73.270","73.800","72.540","262.06K","0.71%"
"25.06.2019","72.920","73.180","73.800","71.860","226.09K","-0.41%"
"24.06.2019","73.220","73.050","73.800","72.450","233.15K","-0.11%"
"21.06.2019","73.300","73.300","73.600","70.760","1.89M","0.34%"
"20.06.2019","73.050","72.990","73.300","72.220","295.76K","0.08%"
"19.06.2019","72.990","71.490","73.000","71.130","287.30K","1.70%"
"18.06.2019","71.770","70.000","72.490","69.410","374.74K","3.19%"
"17.06.2019","69.550","69.750","72.700","69.130","298.04K","-1.97%"
"14.06.2019","70.950","70.030","71.400","69.900","219.90K","-0.25%"
"13.06.2019","71.130","72.210","72.650","69.150","405.88K","-1.86%"
"12.06.2019","72.480","72.160","73.040","71.560","530.90K","-0.54%"
"11.06.2019","72.870","71.150","73.890","70.770","371.76K","3.04%"
"10.06.2019","70.720","70.900","72.700","70.220","422.45K","-2.41%"
"07.06.2019","72.470","69.850","72.950","69.850","145.79K","3.97%"
"06.06.2019","69.700","71.950","71.950","69.050","739.52K","-2.90%"
"05.06.2019","71.780","70.270","72.090","69.100","264.54K","2.15%"
"04.06.2019","70.270","70.010","71.000","68.760","326.99K","-0.04%"
"03.06.2019","70.300","72.470","72.500","70.000","343.29K","-2.54%"
"31.05.2019","72.130","70.290","73.990","69.620","510.12K","1.19%"
"30.05.2019","71.280","68.880","71.980","68.880","422.43K","4.18%"
"29.05.2019","68.420","68.630","70.120","68.100","200.44K","-0.31%"
"28.05.2019","68.630","69.300","70.790","68.090","1.63M","-1.73%"
"27.05.2019","69.840","69.000","72.490","67.760","168.09K","1.22%"
"24.05.2019","69.000","67.930","69.490","66.060","340.54K","1.98%"
"23.05.2019","67.660","69.550","69.840","66.700","389.37K","-3.36%"
"22.05.2019","70.010","70.700","71.480","69.890","217.04K","-2.44%"
"21.05.2019","71.760","73.580","73.580","70.510","496.95K","-2.11%"
"20.05.2019","73.310","71.340","74.890","71.140","401.24K","2.76%"
"17.05.2019","71.340","68.750","72.820","68.050","463.81K","2.75%"
"16.05.2019","69.430","71.130","73.000","68.960","508.54K","-2.61%"
"15.05.2019","71.290","71.990","73.730","70.500","459.46K","-1.05%"
"14.05.2019","72.050","68.820","73.070","68.820","592.59K","1.38%"
"13.05.2019","71.070","68.040","71.660","66.430","458.02K","4.19%"
"10.05.2019","68.210","66.830","69.460","66.830","331.19K","-0.96%"
"09.05.2019","68.870","68.520","69.580","66.210","463.06K","-0.30%"
"08.05.2019","69.080","70.270","70.740","68.700","418.93K","-2.58%"
"07.05.2019","70.910","70.000","71.990","69.000","193.03K","-0.17%"
"06.05.2019","71.030","70.330","72.730","69.160","197.75K","0.27%"
"03.05.2019","70.840","70.150","71.950","70.150","192.26K","1.48%"
"02.05.2019","69.810","73.140","74.870","68.910","293.51K","-5.03%"
"30.04.2019","73.510","70.880","73.710","70.880","526.84K","3.81%"
"29.04.2019","70.810","72.000","72.300","70.470","127.18K","-3.45%"
"26.04.2019","73.340","73.220","73.990","71.800","217.69K","-0.22%"
"25.04.2019","73.500","71.820","73.890","71.000","394.72K","1.31%"
"24.04.2019","72.550","71.110","73.360","70.420","303.93K","1.43%"
"23.04.2019","71.530","71.510","72.350","70.590","121.22K","-0.47%"
"22.04.2019","71.870","73.040","73.880","70.950","135.67K","-1.59%"
"17.04.2019","73.030","70.080","73.860","70.080","170.53K","3.59%"
"16.04.2019","70.500","71.900","73.280","70.350","299.52K","-1.70%"
"15.04.2019","71.720","72.100","73.420","71.090","213.12K","-1.35%"
"12.04.2019","72.700","74.190","74.390","72.020","189.10K","-1.74%"
"11.04.2019","73.990","74.200","74.290","72.150","257.06K","-0.13%"
"10.04.2019","74.090","74.410","74.700","73.300","657.43K","-0.56%"
"09.04.2019","74.510","73.310","74.990","72.550","511.76K","0.08%"
"08.04.2019","74.450","74.550","74.910","73.000","289.48K","-0.61%"
"05.04.2019","74.910","73.110","75.130","73.110","506.26K","2.64%"
"04.04.2019","72.980","73.580","74.500","72.450","714.40K","-1.10%"
"03.04.2019","73.790","73.590","74.990","71.570","773.60K","0.85%"
"02.04.2019","73.170","74.150","74.600","72.920","849.63K","-1.86%"
"01.04.2019","74.560","76.860","76.860","74.000","285.03K","-2.27%"
"29.03.2019","76.290","74.010","77.000","73.320","1.16M","3.32%"
"28.03.2019","73.840","75.180","75.180","73.200","1.22M","-1.48%"
"27.03.2019","74.950","74.730","75.990","74.180","798.40K","0.24%"
"26.03.2019","74.770","75.200","75.460","74.000","391.84K","-1.03%"
"25.03.2019","75.550","73.930","77.990","73.620","511.64K","2.64%"
"22.03.2019","73.610","75.550","76.000","72.070","375.20K","-2.58%"
"21.03.2019","75.560","75.500","75.850","74.900","533.89K","0.09%"
"20.03.2019","75.490","72.410","76.000","72.410","1.76M","1.19%"
"19.03.2019","74.600","72.960","75.910","71.360","1.10M","2.97%"
"15.03.2019","72.450","73.160","74.970","69.500","11.71M","-0.67%"
"14.03.2019","72.940","73.690","75.470","72.510","511.57K","-1.95%"
"13.03.2019","74.390","74.970","75.500","73.610","481.42K","-0.13%"
"12.03.2019","74.490","74.000","75.000","73.120","500.18K","0.72%"
"11.03.2019","73.960","74.050","74.950","72.900","429.81K","-0.09%"
"08.03.2019","74.030","73.900","75.000","72.760","587.51K","-0.28%"
"07.03.2019","74.240","73.700","75.000","72.810","552.03K","0.42%"
"06.03.2019","73.930","72.290","74.290","72.290","503.57K","2.72%"
"05.03.2019","71.970","72.250","73.000","71.360","478.66K","-0.81%"
"04.03.2019","72.560","71.600","73.340","71.460","367.25K","-0.23%"
"01.03.2019","72.730","71.960","72.990","70.970","356.17K","1.91%"
"28.02.2019","71.370","73.720","73.720","71.070","557.30K","-3.15%"
"27.02.2019","73.690","74.500","75.010","73.020","444.58K","-2.38%"
"26.02.2019","75.490","76.160","76.160","74.430","416.45K","-0.64%"
"25.02.2019","75.980","73.330","76.590","73.050","319.57K","4.00%"
"22.02.2019","73.060","73.490","74.180","72.820","437.31K","-0.10%"
"21.02.2019","73.130","72.330","74.240","71.800","392.34K","0.67%"
"20.02.2019","72.640","73.030","74.710","71.680","554.46K","-0.29%"
"19.02.2019","72.850","72.790","72.990","70.900","72.25K","1.21%"
"18.02.2019","71.980","72.910","73.520","71.730","44.57K","-1.69%"
"15.02.2019","73.220","73.310","74.460","71.370","720.46K","0.37%"
"14.02.2019","72.950","73.760","73.760","70.010","382.23K","1.67%"
"13.02.2019","71.750","72.990","75.000","71.530","352.38K","-0.91%"
"12.02.2019","72.410","72.490","73.830","69.850","378.30K","0.14%"
"11.02.2019","72.310","72.000","72.850","70.510","140.71K","0.46%"
"08.02.2019","71.980","73.520","74.020","71.700","237.78K","-2.72%"
"07.02.2019","73.990","74.990","74.990","73.500","223.88K","-0.24%"
"06.02.2019","74.170","74.200","75.490","73.520","525.01K","0.20%"
"05.02.2019","74.020","74.530","76.000","73.680","262.09K","0.11%"
"01.02.2019","73.940","75.140","75.140","72.610","317.27K","-1.36%"
"31.01.2019","74.960","74.680","76.250","73.890","508.27K","0.71%"
"30.01.2019","74.430","73.810","76.490","72.020","287.55K","0.85%"
"29.01.2019","73.800","73.300","75.310","71.620","284.03K","1.23%"
"28.01.2019","72.900","73.580","74.830","72.020","865.77K","-1.02%"
"25.01.2019","73.650","74.000","76.110","72.370","415.05K","-0.79%"
"24.01.2019","74.240","75.750","76.490","73.380","350.31K","-1.29%"
"23.01.2019","75.210","74.830","75.750","73.600","286.67K","0.83%"
"22.01.2019","74.590","76.680","76.680","73.250","412.52K","-2.74%"
"21.01.2019","76.690","77.250","77.250","73.120","127.12K","-0.72%"
"18.01.2019","77.250","77.750","77.750","77.010","653.22K","-0.08%"
"17.01.2019","77.310","77.050","78.100","76.530","240.49K","1.24%"
"16.01.2019","76.360","76.290","77.600","74.200","364.45K","1.37%"
"15.01.2019","75.330","75.600","76.000","73.550","540.37K","0.24%"
"14.01.2019","75.150","76.060","76.190","74.560","218.46K","-0.96%"
"11.01.2019","75.880","76.670","77.480","73.650","398.84K","-0.71%"
"10.01.2019","76.420","77.210","77.600","75.530","490.14K","-1.15%"
"09.01.2019","77.310","76.350","79.250","75.560","565.76K","1.26%"
"08.01.2019","76.350","74.760","77.990","73.970","257.72K","3.26%"
"07.01.2019","73.940","74.270","74.270","73.150","254.93K","-0.44%"
"04.01.2019","74.270","73.000","74.750","71.960","618.96K","2.10%"
"03.01.2019","72.740","72.080","72.800","71.900","491.21K","1.15%"
"02.01.2019","71.910","70.360","72.490","70.360","107.95K","2.13%"
"31.12.2018","70.410","70.460","70.500","69.610","173.16K","0.44%"
"28.12.2018","70.100","69.490","70.490","68.260","137.16K","0.88%"
"27.12.2018","69.490","69.660","69.890","67.090","136.22K","1.00%"
"26.12.2018","68.800","69.950","69.950","68.170","81.93K","-1.66%"
"24.12.2018","69.960","69.950","70.980","67.260","51.41K","-0.88%"
"21.12.2018","70.580","66.970","72.250","65.640","2.04M","6.33%"
"20.12.2018","66.380","66.590","66.980","65.460","143.48K","1.36%"
"19.12.2018","65.490","66.000","69.850","65.000","358.35K","-0.67%"
"18.12.2018","65.930","67.000","67.480","65.210","453.53K","-0.93%"
"17.12.2018","66.550","66.830","67.680","65.310","262.65K","0.35%"
"14.12.2018","66.320","69.500","69.810","65.640","556.46K","-4.30%"
"13.12.2018","69.300","66.980","69.800","65.400","516.23K","4.48%"
"11.12.2018","66.330","68.480","68.480","65.010","266.61K","-2.93%"
"10.12.2018","68.330","68.240","68.790","66.510","126.88K","-0.12%"
"07.12.2018","68.410","67.000","68.790","66.060","272.15K","4.12%"
"06.12.2018","65.700","66.560","67.310","63.150","350.77K","-1.28%"
"05.12.2018","66.550","66.410","67.340","65.410","170.83K","0.62%"
"04.12.2018","66.140","66.350","66.970","62.980","729.86K","0.75%"
"03.12.2018","65.650","65.510","68.000","63.780","370.27K","0.51%"
"30.11.2018","65.320","65.740","66.990","63.080","1.48M","-2.51%"
"29.11.2018","67.000","65.670","68.700","65.670","486.16K","1.92%"
"28.11.2018","65.740","62.000","66.990","60.680","802.22K","6.03%"
"27.11.2018","62.000","61.320","63.970","61.120","219.86K","1.24%"
"26.11.2018","61.240","60.170","61.400","59.380","448.65K","1.53%"
"23.11.2018","60.320","60.100","62.490","59.700","161.95K","-0.41%"
"22.11.2018","60.570","63.800","63.800","60.210","184.85K","-5.61%"
"21.11.2018","64.170","64.000","64.500","61.770","477.13K","1.39%"
"20.11.2018","63.290","63.400","64.500","61.680","389.13K","-1.59%"
"16.11.2018","64.310","60.670","64.500","59.980","769.62K","6.76%"
"15.11.2018","60.240","58.890","61.200","58.510","278.65K","2.92%"
"14.11.2018","58.530","59.410","60.000","58.500","285.94K","-0.80%"
"13.11.2018","59.000","61.610","62.160","59.000","325.48K","-3.48%"
"12.11.2018","61.130","60.100","62.850","60.000","260.03K","1.83%"
"09.11.2018","60.030","59.600","60.930","58.500","507.77K","1.38%"
"08.11.2018","59.210","61.750","61.750","58.710","698.83K","-6.59%"
"07.11.2018","63.390","62.840","64.500","62.570","275.75K","1.18%"
"06.11.2018","62.650","61.380","62.750","60.710","139.07K","2.10%"
"05.11.2018","61.360","59.720","61.780","59.500","311.80K","2.78%"
"01.11.2018","59.700","59.930","61.690","58.510","1.18M","-0.13%"
"31.10.2018","59.780","61.000","61.890","59.460","613.42K","-1.76%"
"30.10.2018","60.850","58.500","61.200","58.500","581.11K","3.31%"
"29.10.2018","58.900","59.900","59.900","58.500","1.28M","-1.41%"
"26.10.2018","59.740","59.950","61.200","58.990","263.54K","-0.70%"
"25.10.2018","60.160","59.950","60.890","59.950","143.77K","0.38%"
"24.10.2018","59.930","60.510","60.880","59.700","224.64K","-0.71%"
"23.10.2018","60.360","61.000","61.440","59.700","402.12K","-1.87%"
"22.10.2018","61.510","60.100","61.970","60.040","430.63K","-0.31%"
"19.10.2018","61.700","60.940","62.780","58.700","418.37K","2.66%"
"18.10.2018","60.100","61.850","61.850","58.700","412.76K","-2.32%"
"17.10.2018","61.530","62.370","63.200","61.200","231.23K","-1.33%"
"16.10.2018","62.360","62.110","63.470","61.510","243.68K","0.40%"
"15.10.2018","62.110","60.920","63.150","60.170","496.70K","1.47%"
"12.10.2018","61.210","61.000","61.790","60.100","302.43K","1.01%"
"11.10.2018","60.600","60.780","62.200","60.410","292.98K","-0.85%"
"10.10.2018","61.120","61.940","62.260","60.430","417.28K","-0.83%"
"09.10.2018","61.630","61.080","61.720","60.610","193.00K","1.25%"
"08.10.2018","60.870","62.080","62.080","60.800","407.20K","-2.42%"
"05.10.2018","62.380","62.700","62.700","61.220","483.90K","-0.53%"
"04.10.2018","62.710","62.100","63.190","61.200","488.54K","0.46%"
"03.10.2018","62.420","62.640","62.640","62.000","639.73K","0.13%"
"02.10.2018","62.340","62.160","62.480","61.970","287.62K","0.05%"
"01.10.2018","62.310","62.260","62.460","61.900","318.64K","0.39%"
"28.09.2018","62.070","62.700","62.770","62.000","427.89K","-1.04%"
"27.09.2018","62.720","63.290","63.290","62.570","539.36K","0.21%"
"26.09.2018","62.590","62.250","62.960","62.230","677.28K","-0.11%"
"25.09.2018","62.660","63.150","63.150","61.850","1.67M","-0.54%"
"24.09.2018","63.000","62.870","63.240","61.610","578.51K","0.70%"
"21.09.2018","62.560","61.000","64.500","60.410","11.71M","2.81%"
"20.09.2018","60.850","62.100","62.340","59.800","1.67M","-1.47%"
"19.09.2018","61.760","61.880","62.950","61.560","635.06K","-0.71%"
"18.09.2018","62.200","63.370","64.340","61.950","915.49K","-1.36%"
"17.09.2018","63.060","67.940","67.940","62.650","786.96K","-5.91%"
"14.09.2018","67.020","66.810","67.590","66.120","562.60K","0.31%"
"13.09.2018","66.810","67.250","67.980","66.520","804.03K","-0.25%"
"12.09.2018","66.980","69.560","69.560","66.670","712.34K","-3.71%"
"11.09.2018","69.560","71.010","71.640","69.510","112.37K","-1.82%"
"10.09.2018","70.850","70.740","72.600","70.160","526.59K","2.86%"
"07.09.2018","68.880","68.300","69.500","66.750","328.00K","0.45%"
"06.09.2018","68.570","68.530","68.980","67.740","366.65K","0.82%"
"05.09.2018","68.010","68.550","69.690","67.010","349.11K","-1.78%"
"04.09.2018","69.240","70.530","70.690","69.110","262.55K","-2.04%"
"03.09.2018","70.680","70.900","71.780","70.380","39.55K","-0.03%"
"31.08.2018","70.700","72.180","73.920","70.510","1.15M","-1.81%"
"30.08.2018","72.000","72.650","72.650","70.540","248.10K","-0.63%"
"29.08.2018","72.460","72.140","72.940","71.590","432.57K","0.44%"
"28.08.2018","72.140","73.630","74.460","71.010","344.34K","-1.78%"
"27.08.2018","73.450","73.840","75.150","72.520","308.90K","0.19%"
"24.08.2018","73.310","74.800","75.120","72.200","239.06K","-1.54%"
"23.08.2018","74.460","74.850","76.340","72.010","376.08K","-0.52%"
"22.08.2018","74.850","72.540","75.150","72.250","473.40K","3.33%"
"21.08.2018","72.440","70.690","73.680","70.220","536.68K","3.38%"
"20.08.2018","70.070","70.250","71.260","68.160","420.48K","0.24%"
"17.08.2018","69.900","68.120","70.500","68.080","348.68K","2.31%"
"16.08.2018","68.320","69.510","70.000","68.100","345.89K","-1.66%"
"15.08.2018","69.470","71.900","71.900","69.150","247.79K","-3.43%"
"14.08.2018","71.940","69.840","72.500","69.300","400.89K","2.36%"
"13.08.2018","70.280","68.500","70.950","68.500","251.43K","2.67%"
"10.08.2018","68.450","71.700","72.260","67.250","473.56K","-4.65%"
"09.08.2018","71.790","74.000","74.000","71.410","166.03K","-2.92%"
"08.08.2018","73.950","76.550","76.550","73.720","187.75K","-2.72%"
"07.08.2018","76.020","73.370","76.760","73.320","526.38K","4.19%"
"06.08.2018","72.960","75.210","75.240","72.550","145.55K","-2.72%"
"03.08.2018","75.000","74.630","75.750","74.510","134.24K","1.00%"
"02.08.2018","74.260","75.350","75.850","72.120","157.74K","-2.94%"
"01.08.2018","76.510","75.120","77.590","75.120","285.26K","-1.29%"
"31.07.2018","77.510","77.380","77.600","74.950","586.30K","0.81%"
"30.07.2018","76.890","74.010","77.440","74.010","462.30K","3.17%"
"27.07.2018","74.530","72.980","75.020","71.990","328.79K","3.31%"
"26.07.2018","72.140","71.800","73.350","71.350","280.87K","1.33%"
"25.07.2018","71.190","72.300","73.900","70.500","285.36K","-1.37%"
"24.07.2018","72.180","71.900","72.850","71.530","269.09K","0.45%"
"23.07.2018","71.860","70.810","71.900","70.010","154.70K","0.76%"
"20.07.2018","71.320","71.410","71.900","71.090","415.87K","0.55%"
"19.07.2018","70.930","70.470","71.680","69.000","208.04K","0.11%"
"18.07.2018","70.850","71.550","72.000","70.000","725.71K","-0.78%"
"17.07.2018","71.410","69.330","71.690","69.230","320.79K","3.25%"
"16.07.2018","69.160","69.300","69.790","68.710","181.44K","0.67%"
"13.07.2018","68.700","69.970","70.800","68.000","245.76K","-1.19%"
"12.07.2018","69.530","71.320","71.550","69.010","234.61K","-2.18%"
"11.07.2018","71.080","70.200","71.400","69.000","231.30K","1.43%"
"10.07.2018","70.080","70.200","70.680","69.200","206.09K","0.33%"
"09.07.2018","69.850","68.490","70.200","68.140","234.77K","3.04%"
"06.07.2018","67.790","67.770","70.200","67.200","415.52K","-0.67%"
"05.07.2018","68.250","67.240","68.710","66.310","172.50K","1.90%"
"04.07.2018","66.980","66.400","67.010","64.910","48.77K","0.80%"
"03.07.2018","66.450","64.670","67.250","64.510","221.78K","3.28%"
"02.07.2018","64.340","66.710","66.710","64.000","368.58K","-4.04%"
"29.06.2018","67.050","65.170","67.500","64.110","694.96K","3.70%"
"28.06.2018","64.660","65.060","65.260","63.570","369.19K","-0.22%"
"27.06.2018","64.800","64.880","65.250","63.510","323.30K","-0.12%"
"26.06.2018","64.880","64.600","65.300","63.530","272.50K","-0.09%"
"25.06.2018","64.940","65.370","65.370","63.010","382.17K","1.31%"
"22.06.2018","64.100","62.110","64.700","62.100","311.76K","3.04%"
"21.06.2018","62.210","62.500","63.230","62.100","306.72K","-0.69%"
"20.06.2018","62.640","62.740","64.150","62.500","344.83K","0.11%"
"19.06.2018","62.570","63.350","63.580","62.230","415.73K","-1.79%"
"18.06.2018","63.710","63.600","64.270","62.660","292.53K","0.13%"
"15.06.2018","63.630","66.010","66.800","62.900","5.69M","-5.03%"
"14.06.2018","67.000","66.400","67.950","66.400","530.64K","-0.37%"
"13.06.2018","67.250","63.850","67.490","63.850","1.31M","5.37%"
"12.06.2018","63.820","63.860","66.480","63.510","561.27K","-2.27%"
"11.06.2018","65.300","66.310","66.950","64.600","484.19K","-1.76%"
"08.06.2018","66.470","62.170","66.870","62.170","381.43K","6.93%"
"07.06.2018","62.160","62.940","64.000","61.510","432.19K","-1.36%"
"06.06.2018","63.020","62.680","64.060","62.680","406.64K","0.78%"
"05.06.2018","62.530","63.510","63.970","61.750","513.36K","-1.50%"
"04.06.2018","63.480","61.410","64.300","61.410","273.98K","2.16%"
"01.06.2018","62.140","62.950","63.400","61.360","187.14K","-0.05%"
"31.05.2018","62.170","60.960","62.950","60.360","1.73M","0.75%"
"30.05.2018","61.710","59.350","62.500","59.160","598.28K","3.66%"
"29.05.2018","59.530","61.320","61.980","59.350","532.01K","-2.79%"
"28.05.2018","61.240","59.360","61.500","58.650","92.07K","3.69%"
"25.05.2018","59.060","60.000","60.950","59.000","230.01K","-1.55%"
"24.05.2018","59.990","60.650","61.780","59.520","210.31K","-1.61%"
"23.05.2018","60.970","59.260","61.540","58.660","283.71K","1.38%"
"22.05.2018","60.140","59.530","60.520","58.150","189.09K","1.98%"
"21.05.2018","58.970","59.890","59.940","58.450","229.81K","0.73%"
"18.05.2018","58.540","59.600","60.280","58.160","461.37K","-1.66%"
"17.05.2018","59.530","60.930","61.000","59.310","368.80K","-3.66%"
"16.05.2018","61.790","62.120","62.660","61.120","144.56K","0.23%"
"15.05.2018","61.650","61.500","62.310","60.060","339.06K","0.03%"
"14.05.2018","61.630","63.760","63.940","61.510","152.03K","-3.19%"
"11.05.2018","63.660","61.990","63.950","60.050","189.04K","3.24%"
"10.05.2018","61.660","60.090","61.990","59.010","404.78K","3.25%"
"09.05.2018","59.720","61.030","61.030","58.560","184.74K","-1.65%"
"08.05.2018","60.720","60.830","61.690","60.100","218.12K","-0.16%"
"07.05.2018","60.820","62.400","62.690","60.360","224.36K","-2.77%"
"04.05.2018","62.550","62.990","62.990","62.500","195.10K","-0.59%"
"03.05.2018","62.920","65.010","65.380","62.600","379.13K","-3.07%"
"02.05.2018","64.910","66.100","68.000","64.740","376.64K","-3.41%"
"30.04.2018","67.200","67.050","68.250","65.910","395.61K","0.87%"
"27.04.2018","66.620","65.870","67.150","65.040","148.59K","0.53%"
"26.04.2018","66.270","63.470","67.390","63.470","308.97K","3.89%"
"25.04.2018","63.790","63.510","64.470","63.500","165.89K","-0.20%"
"24.04.2018","63.920","65.480","65.480","63.600","247.88K","-1.08%"
"23.04.2018","64.620","63.920","65.880","62.700","211.09K","0.84%"
"20.04.2018","64.080","64.100","64.500","62.250","303.32K","0.53%"
"19.04.2018","63.740","64.520","65.880","63.700","332.53K","-2.04%"
"18.04.2018","65.070","65.900","65.900","64.500","326.42K","-0.03%"
"17.04.2018","65.090","65.060","65.800","64.500","547.65K","0.73%"
"16.04.2018","64.620","64.770","65.660","64.100","230.64K","-0.23%"
"13.04.2018","64.770","65.040","65.700","64.410","134.23K","-0.23%"
"12.04.2018","64.920","64.840","65.990","64.010","288.80K","0.65%"
"11.04.2018","64.500","65.140","65.950","64.000","707.81K","-0.80%"
"10.04.2018","65.020","64.180","65.100","64.170","280.36K","1.88%"
"09.04.2018","63.820","65.950","65.950","63.500","497.64K","-1.79%"
"06.04.2018","64.980","65.270","65.940","64.520","221.07K","-0.66%"
"05.04.2018","65.410","65.020","65.790","64.700","421.40K","0.88%"
"04.04.2018","64.840","65.000","65.270","64.550","576.15K","0.46%"
"03.04.2018","64.540","63.040","65.000","63.000","455.65K","2.09%"
"02.04.2018","63.220","64.150","65.570","62.850","563.67K","-1.27%"
"28.03.2018","64.030","66.140","66.140","63.900","357.82K","-2.96%"
"27.03.2018","65.980","65.010","66.890","65.010","326.71K","0.18%"
"26.03.2018","65.860","66.490","66.490","63.900","377.64K","1.35%"
"23.03.2018","64.980","64.800","65.880","64.780","227.37K","0.20%"
"22.03.2018","64.850","66.990","66.990","64.580","333.33K","-2.02%"
"21.03.2018","66.190","65.450","67.400","65.400","644.43K","0.93%"
"20.03.2018","65.580","64.060","66.940","64.060","432.63K","1.53%"
"16.03.2018","64.590","65.300","66.000","64.120","1.67M","-1.69%"
"15.03.2018","65.700","67.250","67.250","65.570","230.61K","-0.32%"
"14.03.2018","65.910","67.990","67.990","65.550","239.16K","-2.11%"
"13.03.2018","67.330","69.480","70.000","66.250","332.13K","-2.28%"
"12.03.2018","68.900","67.800","69.330","67.260","298.37K","3.38%"
"09.03.2018","66.650","65.390","67.900","65.390","286.61K","2.81%"
"08.03.2018","64.830","64.500","65.700","63.120","332.16K","1.57%"
"07.03.2018","63.830","64.760","65.010","63.070","385.47K","-2.04%"
"06.03.2018","65.160","64.510","66.800","64.510","254.44K","-0.72%"
"05.03.2018","65.630","65.100","66.970","64.150","232.27K","0.05%"
"02.03.2018","65.600","66.130","67.340","64.600","354.13K","-0.80%"
"01.03.2018","66.130","65.050","67.780","65.050","428.75K","-0.09%"
"28.02.2018","66.190","68.780","69.490","65.050","882.88K","-4.39%"
"27.02.2018","69.230","68.950","69.760","68.500","380.38K","0.41%"
"26.02.2018","68.950","69.180","69.890","68.410","297.75K","-1.43%"
"23.02.2018","69.950","69.540","70.490","69.100","225.60K","-0.11%"
"22.02.2018","70.030","69.100","71.410","69.090","325.94K","0.55%"
"21.02.2018","69.650","69.770","70.740","69.440","411.14K","-0.34%"
"20.02.2018","69.890","69.300","70.130","69.300","167.92K","-0.11%"
"19.02.2018","69.970","69.940","70.240","68.360","58.32K","3.51%"
"16.02.2018","67.600","68.550","71.000","67.080","302.75K","-2.50%"
"15.02.2018","69.330","70.500","71.490","68.870","240.16K","-0.10%"
"14.02.2018","69.400","68.540","70.980","68.540","280.81K","-1.43%"
"13.02.2018","70.410","70.220","70.770","69.160","239.22K","-0.06%"
"12.02.2018","70.450","69.970","71.000","68.530","505.42K","1.25%"
"09.02.2018","69.580","67.000","69.980","66.500","446.37K","4.08%"
"08.02.2018","66.850","67.010","68.680","66.410","609.36K","-1.63%"
"07.02.2018","67.960","68.320","68.580","67.500","385.70K","-0.04%"
"06.02.2018","67.990","68.600","69.340","66.900","785.76K","-3.81%"
"02.02.2018","70.680","70.520","72.400","69.610","707.62K","-2.25%"
"01.02.2018","72.310","70.190","72.500","69.360","653.86K","3.57%"
"31.01.2018","69.820","69.400","70.200","68.150","663.40K","1.44%"
"30.01.2018","68.830","67.800","69.380","67.500","358.50K","0.15%"
"29.01.2018","68.730","68.200","69.000","67.460","313.33K","0.85%"
"26.01.2018","68.150","66.820","68.200","66.820","418.28K","1.17%"
"25.01.2018","67.360","66.990","68.100","66.990","437.99K","0.46%"
"24.01.2018","67.050","67.800","68.360","66.710","573.85K","-0.53%"
"23.01.2018","67.410","67.800","67.800","66.320","487.41K","0.64%"
"22.01.2018","66.980","67.660","67.660","66.420","403.47K","0.03%"
"19.01.2018","66.960","68.000","68.000","66.340","373.30K","-1.33%"
"18.01.2018","67.860","67.000","67.990","65.920","306.44K","1.94%"
"17.01.2018","66.570","66.990","67.300","65.230","461.74K","0.56%"
"16.01.2018","66.200","66.000","67.190","65.200","383.79K","1.21%"
"15.01.2018","65.410","66.090","66.290","65.310","130.97K","-1.04%"
"12.01.2018","66.100","65.350","68.000","65.230","563.99K","-0.81%"
"11.01.2018","66.640","66.340","66.970","64.280","342.99K","2.38%"
"10.01.2018","65.090","67.580","67.580","64.890","328.98K","-3.20%"
"09.01.2018","67.240","68.280","68.280","66.500","299.14K","-1.54%"
"08.01.2018","68.290","67.440","68.540","66.350","462.73K","1.29%"
"05.01.2018","67.420","66.420","67.500","66.110","222.75K","2.54%"
"04.01.2018","65.750","66.330","67.190","65.600","358.54K","-0.56%"
"03.01.2018","66.120","65.800","66.320","65.000","306.67K","0.87%"
"02.01.2018","65.550","66.000","66.000","64.020","313.39K","0.95%"