Fecha,Cierre,Apertura,Máximo,Mínimo,Vol.,% var.
"Mar 16, 2026","4,369.53","4,328.81","4,386.38","4,326.20",,0.93%
"Mar 15, 2026","4,329.25","4,328.81","4,329.36","4,328.46",,-0.01%
"Mar 13, 2026","4,329.54","4,361.74","4,392.45","4,324.01",,-0.76%
"Mar 12, 2026","4,373.72","4,424.08","4,423.11","4,361.24",,-1.18%
"Mar 11, 2026","4,426.04","4,434.32","4,448.76","4,409.82",,-0.27%
"Mar 10, 2026","4,438.01","4,421.62","4,470.23","4,421.62",,0.46%
"Mar 09, 2026","4,417.80","4,399.69","4,426.45","4,327.43",,0.40%
"Mar 08, 2026","4,400.04","4,401.78","4,401.78","4,399.67",,-0.16%
06.03.2026,"4,390.12","4,457.48","4,465.64","4,387.76",,-1.53%
05.03.2026,"4,458.16","4,488.73","4,499.95","4,427.58",,-0.65%
04.03.2026,"4,487.45","4,459.38","4,495.12","4,443.95",,0.69%
03.03.2026,"4,456.84","4,534.54","4,535.60","4,396.86",,-1.67%
02.03.2026,"4,532.50","4,553.03","4,554.50","4,490.26",,-0.42%
01.03.2026,"4,551.42","4,553.03","4,554.50","4,551.33",,-0.12%
27.02.2026,"4,556.79","4,565.21","4,574.55","4,532.54",,-0.20%
26.02.2026,"4,565.87","4,581.39","4,586.51","4,537.67",,-0.27%
25.02.2026,"4,578.08","4,541.75","4,581.65","4,541.48",,0.83%
24.02.2026,"4,540.38","4,516.46","4,545.58","4,502.65",,0.51%
23.02.2026,"4,517.31","4,559.03","4,559.65","4,507.30",,-0.92%
22.02.2026,"4,559.31","4,555.44","4,559.36","4,555.28",,0.09%
20.02.2026,"4,555.11","4,528.77","4,558.87","4,515.46",,0.59%
19.02.2026,"4,528.33","4,538.17","4,542.77","4,513.50",,-0.29%
18.02.2026,"4,541.48","4,514.51","4,554.59","4,514.10",,0.74%
17.02.2026,"4,507.95","4,508.17","4,523.27","4,470.36",,0.00%
16.02.2026,"4,508.07","4,512.64","4,512.64","4,507.45",,-0.09%
15.02.2026,"4,511.95","4,512.64","4,512.64","4,511.59",,0.05%
13.02.2026,"4,509.69","4,513.40","4,533.09","4,485.34",,-0.14%
12.02.2026,"4,515.82","4,571.57","4,592.38","4,509.56",,-1.16%
11.02.2026,"4,568.94","4,568.51","4,597.14","4,553.56",,-0.03%
10.02.2026,"4,570.51","4,571.36","4,591.16","4,566.65",,-0.01%
09.02.2026,"4,570.79","4,527.99","4,577.87","4,527.43",,0.92%
08.02.2026,"4,529.28","4,527.99","4,529.44","4,527.43",,0.01%
06.02.2026,"4,528.99","4,449.41","4,533.95","4,446.21",,1.73%
05.02.2026,"4,452.13","4,504.95","4,506.78","4,440.52",,-1.18%
04.02.2026,"4,505.15","4,523.10","4,536.65","4,482.27",,-0.40%
03.02.2026,"4,523.15","4,541.97","4,557.79","4,494.42",,-0.34%
02.02.2026,"4,538.49","4,521.03","4,547.40","4,512.17",,0.39%
01.02.2026,"4,520.81","4,521.03","4,521.81","4,519.39",,-0.15%
30.01.2026,"4,527.59","4,550.69","4,554.68","4,502.47",,-0.41%
29.01.2026,"4,546.29","4,554.06","4,568.33","4,499.46",,-0.14%
28.01.2026,"4,552.76","4,569.50","4,569.73","4,542.18",,-0.17%
27.01.2026,"4,560.73","4,532.35","4,572.64","4,530.58",,0.58%
26.01.2026,"4,534.47","4,520.68","4,540.25","4,511.64",,0.37%
25.01.2026,"4,517.78","4,520.68","4,521.24","4,517.19",,0.28%
23.01.2026,"4,505.18","4,501.77","4,515.99","4,492.08",,0.11%
22.01.2026,"4,500.06","4,468.70","4,510.93","4,467.58",,0.68%
21.01.2026,"4,469.60","4,436.93","4,484.86","4,429.11",,0.71%
20.01.2026,"4,438.23","4,509.25","4,509.74","4,433.56",,-1.58%
19.01.2026,"4,509.41","4,514.59","4,518.48","4,506.69",,-0.20%
18.01.2026,"4,518.27","4,514.59","4,518.48","4,514.59",,0.07%
16.01.2026,"4,515.28","4,518.12","4,527.73","4,504.86",,-0.06%
15.01.2026,"4,518.15","4,507.17","4,535.33","4,507.00",,0.21%
14.01.2026,"4,508.85","4,518.14","4,525.52","4,487.92",,-0.23%
13.01.2026,"4,519.08","4,521.28","4,531.73","4,506.55",,-0.07%
12.01.2026,"4,522.40","4,509.91","4,525.30","4,501.41",,0.28%
11.01.2026,"4,509.62","4,509.91","4,509.99","4,509.42",,-0.03%
09.01.2026,"4,511.01","4,484.22","4,516.05","4,483.40",,0.60%
08.01.2026,"4,484.29","4,489.06","4,489.06","4,472.03",,-0.13%
07.01.2026,"4,490.24","4,504.13","4,511.22","4,488.20",,-0.36%
06.01.2026,"4,506.64","4,479.96","4,508.10","4,479.96",,0.64%
05.01.2026,"4,477.92","4,443.35","4,487.83","4,443.26",,0.82%
04.01.2026,"4,441.36","4,442.21","4,442.57","4,441.23",,-0.09%
02.01.2026,"4,445.21","4,430.82","4,460.29","4,425.18",,0.33%
01.01.2026,"4,430.58","4,430.56","4,430.81","4,430.56",,0.00%
31.12.2025,"4,430.38","4,457.62","4,457.67","4,430.38",,-0.63%
30.12.2025,"4,458.28","4,461.27","4,468.10","4,456.31",,-0.07%
29.12.2025,"4,461.19","4,472.56","4,474.20","4,452.34",,-0.26%
28.12.2025,"4,472.71","4,472.56","4,473.21","4,472.47",,-0.01%
26.12.2025,"4,473.23","4,474.57","4,480.62","4,468.61",,-0.03%
25.12.2025,"4,474.59","4,474.77","4,475.09","4,473.80",,0.01%
24.12.2025,"4,474.20","4,465.91","4,476.84","4,461.95",,0.23%
23.12.2025,"4,463.97","4,442.84","4,465.83","4,442.84",,0.48%
22.12.2025,"4,442.65","4,414.33","4,444.63","4,413.79",,0.64%
21.12.2025,"4,414.20","4,414.33","4,414.50","4,413.79",,0.01%
19.12.2025,"4,413.79","4,382.22","4,418.61","4,379.54",,0.72%
18.12.2025,"4,382.41","4,350.56","4,403.01","4,347.77",,0.70%
17.12.2025,"4,352.02","4,391.63","4,397.26","4,349.99",,-0.93%
16.12.2025,"4,392.75","4,407.95","4,408.24","4,373.58",,-0.36%
15.12.2025,"4,408.60","4,407.97","4,431.13","4,401.44",,0.02%
14.12.2025,"4,407.65","4,407.97","4,408.15","4,407.58",,0.00%
12.12.2025,"4,407.82","4,444.62","4,452.75","4,394.65",,-0.82%
11.12.2025,"4,444.32","4,430.06","4,444.32","4,410.04",,0.44%
10.12.2025,"4,424.74","4,400.98","4,436.77","4,393.64",,0.56%
09.12.2025,"4,400.15","4,405.57","4,413.45","4,398.84",,-0.11%
08.12.2025,"4,405.03","4,418.63","4,423.06","4,396.86",,-0.30%
07.12.2025,"4,418.15","4,418.63","4,418.70","4,418.04",,-0.01%
05.12.2025,"4,418.63","4,415.12","4,434.59","4,411.08",,0.00%
04.12.2025,"4,418.46","4,403.45","4,419.98","4,402.02",,0.36%
03.12.2025,"4,402.44","4,387.07","4,408.73","4,382.63",,0.38%
02.12.2025,"4,385.76","4,376.40","4,397.58","4,375.18",,0.17%
01.12.2025,"4,378.36","4,398.35","4,398.35","4,371.72",,-0.45%
30.11.2025,"4,397.99","4,397.37","4,398.21","4,397.30",,-0.01%
28.11.2025,"4,398.44","4,375.12","4,398.44","4,373.01",,0.53%
27.11.2025,"4,375.31","4,373.32","4,377.00","4,371.92",,0.06%
26.11.2025,"4,372.48","4,335.94","4,382.17","4,335.23",,0.88%
25.11.2025,"4,334.46","4,296.52","4,339.24","4,279.18",,0.89%
24.11.2025,"4,296.12","4,244.70","4,300.81","4,243.40",,1.22%
23.11.2025,"4,244.19","4,244.70","4,244.76","4,244.01",,0.04%
21.11.2025,"4,242.67","4,215.49","4,270.69","4,201.98",,0.60%
20.11.2025,"4,217.24","4,263.01","4,334.43","4,214.21",,-1.10%
19.11.2025,"4,264.13","4,258.89","4,291.86","4,243.46",,0.15%
18.11.2025,"4,257.67","4,303.87","4,304.04","4,234.14",,-1.11%
17.11.2025,"4,305.44","4,343.78","4,346.63","4,287.78",,-0.88%
16.11.2025,"4,343.45","4,343.78","4,344.12","4,343.19",,0.00%
14.11.2025,"4,343.64","4,354.96","4,362.45","4,297.87",,-0.32%
13.11.2025,"4,357.50","4,414.84","4,421.22","4,350.58",,-1.31%
12.11.2025,"4,415.24","4,403.56","4,421.49","4,403.39",,0.24%
11.11.2025,"4,404.49","4,386.12","4,407.89","4,384.81",,0.45%
10.11.2025,"4,384.77","4,324.01","4,390.57","4,323.10",,1.43%
09.11.2025,"4,323.12","4,324.01","4,324.10","4,323.10",,-0.04%
07.11.2025,"4,325.03","4,324.77","4,325.63","4,277.21",,0.03%
06.11.2025,"4,323.70","4,359.98","4,366.26","4,317.86",,-0.76%
05.11.2025,"4,356.69","4,346.10","4,373.55","4,337.80",,0.21%
04.11.2025,"4,347.45","4,393.73","4,394.72","4,342.80",,-1.08%
03.11.2025,"4,394.91","4,389.39","4,406.82","4,377.82",,0.14%
02.11.2025,"4,388.80","4,389.39","4,389.91","4,388.71",,-0.04%
31.10.2025,"4,390.42","4,383.18","4,403.79","4,375.63",,0.21%
30.10.2025,"4,381.34","4,418.97","4,422.33","4,380.65",,-0.98%
29.10.2025,"4,424.84","4,425.33","4,438.46","4,400.24",,-0.03%
28.10.2025,"4,426.07","4,420.19","4,436.02","4,415.73",,0.17%
27.10.2025,"4,418.66","4,372.31","4,420.49","4,371.99",,1.06%
26.10.2025,"4,372.50","4,372.31","4,372.79","4,371.99",,0.03%
24.10.2025,"4,371.27","4,343.99","4,379.16","4,341.62",,0.64%
23.10.2025,"4,343.58","4,322.47","4,349.13","4,318.62",,0.48%
22.10.2025,"4,322.93","4,340.85","4,343.86","4,302.44",,-0.43%
21.10.2025,"4,341.53","4,345.13","4,349.70","4,333.56",,-0.10%
20.10.2025,"4,345.79","4,296.28","4,348.83","4,295.96",,1.16%
19.10.2025,"4,296.03","4,296.28","4,296.47","4,295.96",,-0.01%
17.10.2025,"4,296.41","4,293.26","4,304.12","4,268.63",,0.10%
16.10.2025,"4,292.08","4,305.08","4,329.26","4,276.95",,-0.24%
15.10.2025,"4,302.27","4,280.62","4,328.93","4,276.70",,0.57%
14.10.2025,"4,277.74","4,283.48","4,296.24","4,231.13",,-0.19%
13.10.2025,"4,285.80","4,238.60","4,292.82","4,236.64",,1.12%
12.10.2025,"4,238.49","4,239.12","4,239.73","4,238.49",,0.02%
10.10.2025,"4,237.72","4,336.09","4,346.15","4,237.72",,-2.31%
09.10.2025,"4,337.78","4,352.66","4,356.96","4,326.81",,-0.33%
08.10.2025,"4,352.18","4,330.34","4,352.31","4,325.74",,0.48%
07.10.2025,"4,331.48","4,351.63","4,354.95","4,325.01",,-0.47%
06.10.2025,"4,351.88","4,332.60","4,356.33","4,331.74",,0.46%
05.10.2025,"4,331.95","4,332.60","4,332.69","4,331.74",,-0.12%
03.10.2025,"4,337.29","4,328.50","4,354.13","4,328.50",,0.23%
02.10.2025,"4,327.49","4,321.88","4,338.16","4,314.39",,0.11%
01.10.2025,"4,322.70","4,305.22","4,325.54","4,297.97",,0.37%
30.09.2025,"4,306.70","4,288.64","4,306.86","4,281.96",,0.43%
29.09.2025,"4,288.36","4,277.20","4,296.77","4,274.93",,0.25%
28.09.2025,"4,277.63","4,277.20","4,277.79","4,277.20",,0.03%
26.09.2025,"4,276.23","4,251.15","4,278.76","4,250.39",,0.56%
25.09.2025,"4,252.35","4,278.66","4,279.17","4,234.10",,-0.58%
24.09.2025,"4,277.35","4,295.12","4,295.12","4,270.03",,-0.38%
23.09.2025,"4,293.66","4,310.89","4,316.90","4,289.48",,-0.36%
22.09.2025,"4,309.23","4,292.85","4,313.16","4,286.89",,0.36%
19.09.2025,"4,293.85","4,281.27","4,296.65","4,275.33",,0.34%
18.09.2025,"4,279.34","4,262.36","4,291.88","4,258.12",,0.34%
17.09.2025,"4,264.86","4,269.51","4,279.58","4,239.11",,-0.12%
16.09.2025,"4,269.83","4,274.71","4,279.60","4,265.27",,-0.08%
15.09.2025,"4,273.27","4,252.48","4,275.35","4,251.82",,0.49%
12.09.2025,"4,252.63","4,257.16","4,261.36","4,251.04",,-0.06%
11.09.2025,"4,255.23","4,221.21","4,258.46","4,220.05",,0.75%
10.09.2025,"4,223.67","4,210.85","4,236.85","4,210.50",,0.25%
09.09.2025,"4,213.11","4,207.41","4,213.11","4,197.82",,0.21%
08.09.2025,"4,204.41","4,188.69","4,211.05","4,188.16",,0.31%
05.09.2025,"4,191.23","4,192.99","4,218.53","4,171.18",,0.05%
04.09.2025,"4,189.10","4,160.07","4,190.79","4,160.07",,0.73%
03.09.2025,"4,158.88","4,140.27","4,162.67","4,134.41",,0.38%
02.09.2025,"4,143.34","4,177.91","4,178.09","4,116.06",,-0.81%
01.09.2025,"4,177.24","4,175.17","4,180.11","4,173.58",,-0.01%
29.08.2025,"4,177.72","4,199.97","4,199.97","4,169.03",,-0.53%
28.08.2025,"4,199.99","4,184.83","4,203.62","4,183.71",,0.46%
27.08.2025,"4,180.83","4,176.65","4,187.29","4,169.14",,0.09%
26.08.2025,"4,177.26","4,168.66","4,178.07","4,158.39",,0.07%
25.08.2025,"4,174.13","4,193.29","4,193.57","4,168.52",,-0.45%
22.08.2025,"4,192.80","4,132.23","4,199.86","4,129.60",,1.47%
21.08.2025,"4,132.08","4,147.67","4,147.67","4,123.23",,-0.40%
20.08.2025,"4,148.83","4,153.33","4,155.79","4,122.63",,-0.15%
19.08.2025,"4,155.02","4,171.20","4,177.98","4,149.15",,-0.38%
18.08.2025,"4,170.72","4,173.45","4,175.11","4,164.50",,-0.09%
15.08.2025,"4,174.56","4,174.26","4,185.09","4,170.65",,0.01%
14.08.2025,"4,174.17","4,177.07","4,177.63","4,159.79",,-0.09%
13.08.2025,"4,177.97","4,159.90","4,183.12","4,159.06",,0.52%
12.08.2025,"4,156.48","4,114.86","4,158.51","4,114.86",,1.05%
11.08.2025,"4,113.11","4,125.61","4,130.31","4,109.56",,-0.30%
08.08.2025,"4,125.30","4,103.18","4,128.73","4,101.61",,0.66%
07.08.2025,"4,098.08","4,095.34","4,126.01","4,083.96",,0.12%
06.08.2025,"4,093.26","4,064.08","4,098.67","4,064.08",,0.74%
05.08.2025,"4,063.30","4,075.47","4,087.76","4,056.53",,-0.23%
04.08.2025,"4,072.66","4,024.62","4,073.28","4,018.30",,1.24%
01.08.2025,"4,022.69","4,073.77","4,076.16","4,009.56",,-1.31%
31.07.2025,"4,076.04","4,092.35","4,114.71","4,069.33",,-0.48%
30.07.2025,"4,095.58","4,104.63","4,113.82","4,079.24",,-0.18%
29.07.2025,"4,102.80","4,114.56","4,125.18","4,100.65",,-0.40%
28.07.2025,"4,119.12","4,129.02","4,131.78","4,109.67",,-0.20%
25.07.2025,"4,127.47","4,121.34","4,131.71","4,110.69",,0.08%
24.07.2025,"4,124.25","4,119.19","4,131.77","4,118.94",,0.22%
23.07.2025,"4,115.24","4,077.67","4,118.05","4,077.33",,0.99%
22.07.2025,"4,074.99","4,072.62","4,079.85","4,057.64",,0.07%
21.07.2025,"4,072.14","4,064.22","4,088.33","4,062.70",,0.16%
18.07.2025,"4,065.68","4,063.67","4,075.51","4,058.51",,0.13%
17.07.2025,"4,060.51","4,039.09","4,064.01","4,036.10",,0.61%
16.07.2025,"4,035.77","4,030.38","4,041.31","4,013.83",,0.11%
15.07.2025,"4,031.20","4,050.76","4,067.37","4,029.78",,-0.50%
14.07.2025,"4,051.50","4,045.84","4,052.41","4,035.43",,0.12%
11.07.2025,"4,046.84","4,067.40","4,068.11","4,038.65",,-0.42%
10.07.2025,"4,063.96","4,057.36","4,070.18","4,048.31",,0.20%
09.07.2025,"4,055.89","4,032.99","4,057.85","4,030.21",,0.64%
08.07.2025,"4,030.01","4,033.72","4,039.41","4,025.62",,-0.13%
07.07.2025,"4,035.12","4,061.54","4,062.28","4,018.34",,-0.65%
04.07.2025,"4,061.43","4,066.04","4,066.19","4,059.04",,-0.04%
03.07.2025,"4,063.04","4,039.79","4,065.12","4,033.83",,0.66%
02.07.2025,"4,036.25","4,023.28","4,039.66","4,016.07",,0.37%
01.07.2025,"4,021.57","4,030.33","4,031.01","4,010.98",,-0.12%
30.06.2025,"4,026.44","4,011.61","4,033.95","4,008.66",,0.43%
27.06.2025,"4,009.04","3,984.67","4,017.21","3,984.67",,0.62%
26.06.2025,"3,984.50","3,954.86","3,986.98","3,954.35",,0.87%
25.06.2025,"3,950.11","3,957.36","3,960.12","3,946.93",,-0.20%
24.06.2025,"3,957.83","3,912.76","3,962.20","3,912.76",,1.33%
23.06.2025,"3,905.86","3,879.50","3,910.75","3,866.62",,0.62%
20.06.2025,"3,881.69","3,890.51","3,908.54","3,875.89",,-0.14%
19.06.2025,"3,887.09","3,897.09","3,897.09","3,886.49",,-0.32%
18.06.2025,"3,899.46","3,896.59","3,918.12","3,893.06",,-0.06%
17.06.2025,"3,901.81","3,932.57","3,934.40","3,894.86",,-0.87%
16.06.2025,"3,936.03","3,900.97","3,947.10","3,900.04",,0.90%
13.06.2025,"3,900.90","3,947.02","3,947.09","3,894.83",,-1.11%
12.06.2025,"3,944.58","3,931.51","3,945.56","3,925.43",,0.39%
11.06.2025,"3,929.36","3,935.93","3,948.19","3,921.60",,-0.14%
10.06.2025,"3,934.94","3,920.41","3,935.54","3,916.91",,0.40%
09.06.2025,"3,919.17","3,917.36","3,928.08","3,911.70",,0.11%
06.06.2025,"3,914.72","3,889.40","3,922.80","3,884.67",,0.64%
05.06.2025,"3,889.67","3,902.17","3,916.64","3,880.10",,-0.36%
04.06.2025,"3,903.91","3,894.87","3,913.44","3,893.34",,0.24%
03.06.2025,"3,894.53","3,882.61","3,898.98","3,870.52",,0.34%
02.06.2025,"3,881.41","3,863.18","3,881.89","3,840.77",,0.46%
30.05.2025,"3,863.48","3,863.00","3,868.55","3,831.11",,0.03%
29.05.2025,"3,862.34","3,841.25","3,878.95","3,841.02",,0.43%
28.05.2025,"3,845.70","3,870.53","3,871.40","3,841.94",,-0.60%
27.05.2025,"3,869.06","3,814.07","3,869.87","3,812.21",,1.45%
26.05.2025,"3,813.89","3,804.65","3,814.88","3,804.46",,0.29%
23.05.2025,"3,802.77","3,819.55","3,827.92","3,782.75",,-0.42%
22.05.2025,"3,818.90","3,827.40","3,835.45","3,808.69",,-0.29%
21.05.2025,"3,829.82","3,873.59","3,877.53","3,822.75",,-1.04%
20.05.2025,"3,870.03","3,873.79","3,879.14","3,856.68",,-0.11%
19.05.2025,"3,874.12","3,866.21","3,874.52","3,838.24",,0.28%
16.05.2025,"3,863.29","3,844.13","3,863.64","3,837.75",,0.55%
15.05.2025,"3,842.19","3,826.96","3,845.51","3,815.12",,0.30%
14.05.2025,"3,830.71","3,825.59","3,837.78","3,818.74",,0.20%
13.05.2025,"3,823.07","3,793.86","3,835.08","3,793.76",,0.77%
12.05.2025,"3,793.70","3,709.50","3,793.70","3,699.83",,2.21%
09.05.2025,"3,711.68","3,704.51","3,727.10","3,704.30",,0.10%
08.05.2025,"3,707.89","3,692.50","3,730.75","3,689.41",,0.28%
07.05.2025,"3,697.54","3,687.28","3,701.55","3,672.03",,0.28%
06.05.2025,"3,687.16","3,705.84","3,708.92","3,676.40",,-0.55%
05.05.2025,"3,707.38","3,720.55","3,724.92","3,700.77",,-0.46%
02.05.2025,"3,724.62","3,664.95","3,726.23","3,664.64",,1.66%
01.05.2025,"3,663.74","3,652.85","3,690.57","3,649.69",,0.22%
30.04.2025,"3,655.52","3,649.15","3,659.24","3,583.39",,0.23%
29.04.2025,"3,647.21","3,631.38","3,652.95","3,622.16",,0.52%
28.04.2025,"3,628.48","3,619.02","3,640.13","3,603.18",,0.28%
25.04.2025,"3,618.48","3,596.73","3,620.18","3,585.81",,0.62%
24.04.2025,"3,596.16","3,536.51","3,598.63","3,535.67",,1.64%
23.04.2025,"3,537.97","3,479.31","3,584.84","3,479.31",,1.43%
22.04.2025,"3,487.99","3,423.57","3,496.31","3,419.16",,1.86%
21.04.2025,"3,424.33","3,481.52","3,488.05","3,397.82",,-1.49%
18.04.2025,"3,476.06","3,476.01","3,477.61","3,475.46",,0.06%
17.04.2025,"3,474.06","3,469.60","3,495.91","3,461.67",,0.16%
16.04.2025,"3,468.47","3,519.83","3,523.80","3,444.15",,-1.54%
15.04.2025,"3,522.80","3,514.69","3,545.04","3,513.37",,0.25%
14.04.2025,"3,514.16","3,474.28","3,539.31","3,474.28",,1.24%
11.04.2025,"3,471.27","3,426.67","3,478.01","3,403.54",,1.44%
10.04.2025,"3,421.91","3,461.77","3,520.24","3,350.92",,-1.24%
09.04.2025,"3,464.76","3,257.28","3,469.70","3,217.12",,6.47%
08.04.2025,"3,254.24","3,267.05","3,397.99","3,222.82",,-0.39%
07.04.2025,"3,267.00","3,324.47","3,381.36","3,155.66",,-1.78%
04.04.2025,"3,326.28","3,528.54","3,528.54","3,320.66",,-5.84%
03.04.2025,"3,532.64","3,669.95","3,673.72","3,523.85",,-3.70%
02.04.2025,"3,668.53","3,648.68","3,678.66","3,613.67",,0.52%
01.04.2025,"3,649.56","3,629.19","3,656.50","3,608.29",,0.58%
31.03.2025,"3,628.64","3,634.78","3,636.08","3,568.00",,-0.17%
28.03.2025,"3,634.71","3,694.19","3,694.19","3,630.92",,-1.66%
27.03.2025,"3,696.16","3,707.35","3,715.79","3,683.88",,-0.35%
26.03.2025,"3,709.19","3,746.47","3,748.98","3,699.29",,-1.01%
25.03.2025,"3,746.87","3,736.21","3,753.04","3,735.64",,0.30%
24.03.2025,"3,735.73","3,689.63","3,738.97","3,686.52",,1.24%
21.03.2025,"3,689.85","3,694.23","3,695.67","3,658.21",,-0.10%
20.03.2025,"3,693.55","3,706.15","3,715.27","3,676.69",,-0.22%
19.03.2025,"3,701.86","3,673.72","3,724.31","3,669.25",,0.80%
18.03.2025,"3,672.57","3,696.31","3,705.52","3,662.38",,-0.67%
17.03.2025,"3,697.21","3,666.59","3,710.19","3,666.55",,0.86%
14.03.2025,"3,665.71","3,599.32","3,669.05","3,597.94",,1.83%
13.03.2025,"3,599.67","3,642.51","3,644.85","3,591.61",,-1.19%
12.03.2025,"3,643.01","3,622.38","3,662.17","3,612.67",,0.55%
11.03.2025,"3,623.17","3,650.03","3,653.70","3,602.89",,-0.78%
10.03.2025,"3,651.48","3,740.10","3,741.66","3,626.11",,-2.38%
07.03.2025,"3,740.37","3,730.12","3,743.78","3,688.22",,0.25%
06.03.2025,"3,730.93","3,780.20","3,786.12","3,718.02",,-1.24%
05.03.2025,"3,777.64","3,728.66","3,787.30","3,725.96",,1.42%
04.03.2025,"3,724.69","3,769.61","3,770.44","3,698.49",,-1.21%
03.03.2025,"3,770.34","3,804.83","3,839.29","3,751.36",,-0.92%
28.02.2025,"3,805.33","3,763.94","3,806.02","3,747.89",,1.01%
27.02.2025,"3,767.35","3,820.73","3,829.92","3,766.11",,-1.41%
26.02.2025,"3,821.04","3,814.94","3,846.59","3,809.53",,0.18%
25.02.2025,"3,814.35","3,827.28","3,835.08","3,791.58",,-0.36%
24.02.2025,"3,828.18","3,843.97","3,855.98","3,820.88",,-0.39%
21.02.2025,"3,843.08","3,895.18","3,897.58","3,841.49",,-1.30%
20.02.2025,"3,893.65","3,906.37","3,908.46","3,875.74",,-0.34%
19.02.2025,"3,906.82","3,908.69","3,909.59","3,891.25",,-0.10%
18.02.2025,"3,910.71","3,902.12","3,910.71","3,894.91",,0.22%
17.02.2025,"3,902.14","3,897.37","3,902.62","3,896.28",,0.08%
14.02.2025,"3,898.87","3,897.06","3,905.23","3,894.61",,0.12%
13.02.2025,"3,894.24","3,849.08","3,897.86","3,848.80",,1.20%
12.02.2025,"3,848.18","3,856.46","3,858.25","3,822.44",,-0.18%
11.02.2025,"3,854.96","3,852.96","3,860.98","3,843.19",,0.02%
10.02.2025,"3,854.09","3,829.69","3,856.37","3,828.12",,0.55%
07.02.2025,"3,832.82","3,865.04","3,873.07","3,829.80",,-0.81%
06.02.2025,"3,864.03","3,847.89","3,865.55","3,846.22",,0.40%
05.02.2025,"3,848.65","3,826.82","3,848.65","3,819.79",,0.58%
04.02.2025,"3,826.36","3,799.70","3,829.85","3,795.54",,0.79%
03.02.2025,"3,796.53","3,826.12","3,826.59","3,755.03",,-1.04%
31.01.2025,"3,836.58","3,850.08","3,876.98","3,830.45",,-0.44%
30.01.2025,"3,853.49","3,828.70","3,861.01","3,828.58",,0.65%
29.01.2025,"3,828.45","3,837.62","3,841.68","3,814.06",,-0.20%
28.01.2025,"3,836.25","3,809.64","3,840.59","3,803.13",,0.60%
27.01.2025,"3,813.33","3,854.63","3,857.13","3,797.12",,-1.13%
24.01.2025,"3,856.78","3,857.56","3,868.38","3,849.19",,0.02%
23.01.2025,"3,856.17","3,837.66","3,857.93","3,834.32",,0.47%
22.01.2025,"3,838.19","3,819.13","3,845.19","3,817.09",,0.55%
21.01.2025,"3,817.28","3,789.95","3,819.20","3,783.53",,0.76%
20.01.2025,"3,788.38","3,775.72","3,792.99","3,774.79",,0.28%
17.01.2025,"3,777.85","3,746.10","3,785.48","3,743.60",,0.83%
16.01.2025,"3,746.86","3,743.86","3,759.49","3,740.21",,0.06%
15.01.2025,"3,744.47","3,683.27","3,749.27","3,682.92",,1.68%
14.01.2025,"3,682.46","3,679.35","3,695.80","3,663.96",,0.21%
13.01.2025,"3,674.92","3,677.49","3,677.64","3,644.69",,-0.09%
10.01.2025,"3,678.22","3,732.15","3,732.40","3,668.09",,-1.44%
09.01.2025,"3,732.14","3,733.25","3,733.62","3,725.70",,0.00%
08.01.2025,"3,732.20","3,731.69","3,737.43","3,710.91",,-0.04%
07.01.2025,"3,733.55","3,763.15","3,780.31","3,723.41",,-0.79%
06.01.2025,"3,763.15","3,738.39","3,784.97","3,736.07",,0.69%
03.01.2025,"3,737.50","3,701.96","3,741.89","3,700.73",,0.94%
02.01.2025,"3,702.68","3,707.54","3,733.76","3,682.81",,-0.14%
01.01.2025,"3,707.88","3,707.84","3,707.89","3,707.83",,0.00%
31.12.2024,"3,707.84","3,720.88","3,732.10","3,701.55",,-0.30%
30.12.2024,"3,718.94","3,755.55","3,755.79","3,700.43",,-0.97%
27.12.2024,"3,755.36","3,779.70","3,787.43","3,736.35",,-0.62%
26.12.2024,"3,778.70","3,779.79","3,784.67","3,764.83",,0.00%
25.12.2024,"3,778.53","3,779.00","3,779.82","3,777.54",,0.02%
24.12.2024,"3,777.89","3,746.34","3,779.01","3,745.59",,0.87%
23.12.2024,"3,745.13","3,724.93","3,748.18","3,710.47",,0.59%
20.12.2024,"3,723.22","3,694.47","3,749.86","3,668.17",,0.74%
19.12.2024,"3,696.05","3,711.28","3,733.05","3,694.88",,-0.65%
18.12.2024,"3,720.41","3,812.15","3,818.61","3,710.87",,-2.40%
17.12.2024,"3,812.07","3,826.80","3,829.57","3,805.20",,-0.39%
16.12.2024,"3,826.99","3,818.88","3,832.53","3,813.81",,0.26%
13.12.2024,"3,817.24","3,823.81","3,832.83","3,809.61",,-0.23%
12.12.2024,"3,826.08","3,845.62","3,847.29","3,824.14",,-0.42%
11.12.2024,"3,842.39","3,818.27","3,846.83","3,814.55",,0.67%
10.12.2024,"3,816.76","3,834.80","3,835.81","3,816.16",,-0.54%
09.12.2024,"3,837.63","3,854.70","3,858.66","3,832.78",,-0.45%
06.12.2024,"3,855.07","3,849.28","3,860.76","3,846.11",,0.17%
05.12.2024,"3,848.48","3,849.90","3,858.25","3,848.48",,-0.03%
04.12.2024,"3,849.72","3,829.39","3,849.95","3,824.94",,0.51%
03.12.2024,"3,830.12","3,820.24","3,830.98","3,820.24",,0.32%
02.12.2024,"3,817.72","3,811.45","3,824.14","3,807.38",,0.20%
29.11.2024,"3,810.14","3,789.45","3,816.21","3,789.04",,0.55%
28.11.2024,"3,789.28","3,786.07","3,789.86","3,784.28",,0.09%
27.11.2024,"3,786.04","3,791.34","3,795.04","3,779.80",,-0.11%
26.11.2024,"3,790.31","3,782.72","3,791.63","3,773.26",,0.23%
25.11.2024,"3,781.79","3,773.20","3,800.56","3,770.82",,0.42%
22.11.2024,"3,765.96","3,751.47","3,768.64","3,747.89",,0.33%
21.11.2024,"3,753.51","3,735.03","3,758.58","3,723.67",,0.56%
20.11.2024,"3,732.77","3,738.83","3,739.83","3,705.80",,-0.17%
19.11.2024,"3,738.95","3,725.86","3,740.70","3,703.88",,0.42%
18.11.2024,"3,723.36","3,710.77","3,729.94","3,705.71",,0.35%
15.11.2024,"3,710.50","3,749.44","3,753.38","3,703.42",,-1.12%
14.11.2024,"3,752.70","3,765.19","3,774.40","3,745.97",,-0.38%
13.11.2024,"3,767.05","3,773.02","3,776.83","3,754.66",,-0.16%
12.11.2024,"3,773.23","3,797.18","3,798.13","3,760.84",,-0.58%
11.11.2024,"3,795.30","3,788.76","3,803.16","3,785.53",,0.11%
08.11.2024,"3,791.23","3,787.75","3,796.13","3,780.45",,0.10%
07.11.2024,"3,787.27","3,751.23","3,792.21","3,750.65",,0.94%
06.11.2024,"3,752.15","3,696.57","3,754.70","3,681.55",,1.60%
05.11.2024,"3,692.96","3,654.65","3,694.99","3,653.89",,1.01%
04.11.2024,"3,656.14","3,662.10","3,671.55","3,647.12",,-0.11%
01.11.2024,"3,660.03","3,649.45","3,681.62","3,643.06",,0.35%
31.10.2024,"3,647.14","3,705.32","3,705.98","3,647.14",,-1.60%
30.10.2024,"3,706.29","3,719.24","3,725.17","3,702.32",,-0.31%
29.10.2024,"3,717.86","3,716.37","3,724.31","3,703.62",,0.03%
28.10.2024,"3,716.61","3,702.38","3,725.98","3,701.56",,0.29%
25.10.2024,"3,705.81","3,708.56","3,733.06","3,700.02",,-0.04%
24.10.2024,"3,707.18","3,697.85","3,713.19","3,695.25",,0.26%
23.10.2024,"3,697.60","3,730.85","3,731.64","3,680.84",,-0.90%
22.10.2024,"3,731.32","3,737.42","3,737.91","3,718.13",,-0.24%
21.10.2024,"3,740.27","3,754.13","3,755.02","3,725.97",,-0.34%
18.10.2024,"3,753.04","3,737.40","3,756.70","3,736.89",,0.41%
17.10.2024,"3,737.87","3,734.36","3,755.87","3,734.14",,0.07%
16.10.2024,"3,735.29","3,727.37","3,736.12","3,720.57",,0.18%
15.10.2024,"3,728.40","3,753.56","3,758.62","3,722.68",,-0.67%
14.10.2024,"3,753.49","3,730.86","3,758.02","3,729.35",,0.58%
11.10.2024,"3,731.93","3,712.15","3,735.39","3,709.43",,0.57%
10.10.2024,"3,710.71","3,715.45","3,718.39","3,702.54",,-0.15%
09.10.2024,"3,716.17","3,697.42","3,717.04","3,690.61",,0.59%
08.10.2024,"3,694.30","3,679.67","3,697.80","3,667.97",,0.42%
07.10.2024,"3,678.75","3,697.88","3,706.08","3,673.94",,-0.53%
04.10.2024,"3,698.41","3,676.80","3,698.99","3,671.45",,0.61%
03.10.2024,"3,675.89","3,685.83","3,690.46","3,666.66",,-0.27%
02.10.2024,"3,685.92","3,693.09","3,693.36","3,667.80",,-0.21%
01.10.2024,"3,693.50","3,721.38","3,724.13","3,678.48",,-0.79%
30.09.2024,"3,723.03","3,726.01","3,726.42","3,691.49",,-0.10%
27.09.2024,"3,726.80","3,720.20","3,739.31","3,717.94",,0.17%
26.09.2024,"3,720.51","3,693.80","3,729.70","3,693.71",,0.67%
25.09.2024,"3,695.89","3,706.32","3,707.66","3,688.53",,-0.17%
24.09.2024,"3,702.33","3,688.87","3,705.65","3,684.56",,0.38%
23.09.2024,"3,688.33","3,677.69","3,691.17","3,674.90",,0.31%
20.09.2024,"3,676.84","3,692.81","3,697.10","3,662.63",,-0.34%
19.09.2024,"3,689.52","3,629.67","3,700.12","3,628.49",,1.65%
18.09.2024,"3,629.69","3,641.04","3,666.38","3,625.69",,-0.30%
17.09.2024,"3,640.50","3,641.34","3,657.90","3,629.86",,-0.01%
16.09.2024,"3,640.73","3,634.28","3,642.26","3,626.94",,0.16%
13.09.2024,"3,634.86","3,615.01","3,638.58","3,614.29",,0.65%
12.09.2024,"3,611.30","3,578.08","3,615.72","3,578.08",,0.91%
11.09.2024,"3,578.65","3,552.35","3,581.02","3,505.75",,0.75%
10.09.2024,"3,552.03","3,546.05","3,554.33","3,527.36",,0.16%
09.09.2024,"3,546.40","3,515.04","3,553.38","3,508.59",,0.79%
06.09.2024,"3,518.58","3,570.06","3,578.27","3,512.40",,-1.37%
05.09.2024,"3,567.49","3,579.10","3,591.36","3,558.90",,-0.35%
04.09.2024,"3,580.06","3,595.57","3,596.64","3,570.47",,-0.43%
03.09.2024,"3,595.44","3,659.52","3,661.54","3,584.18",,-1.75%
02.09.2024,"3,659.44","3,660.03","3,660.75","3,656.21",,-0.05%
30.08.2024,"3,661.24","3,633.84","3,661.24","3,627.06",,0.80%
29.08.2024,"3,632.15","3,630.00","3,659.92","3,629.54",,0.03%
28.08.2024,"3,631.20","3,648.03","3,649.98","3,614.94",,-0.44%
27.08.2024,"3,647.30","3,640.79","3,651.24","3,631.21",,0.15%
26.08.2024,"3,641.81","3,651.14","3,657.51","3,634.24",,-0.21%
23.08.2024,"3,649.56","3,608.06","3,653.20","3,607.84",,1.16%
22.08.2024,"3,607.63","3,632.75","3,644.36","3,602.45",,-0.63%
21.08.2024,"3,630.66","3,615.51","3,637.73","3,614.53",,0.41%
20.08.2024,"3,615.77","3,620.75","3,628.01","3,610.83",,-0.07%
19.08.2024,"3,618.41","3,585.87","3,619.15","3,585.04",,0.95%
16.08.2024,"3,584.19","3,567.93","3,589.13","3,567.93",,0.45%
15.08.2024,"3,568.10","3,520.25","3,568.57","3,520.04",,1.30%
14.08.2024,"3,522.42","3,504.77","3,524.49","3,501.93",,0.59%
13.08.2024,"3,501.91","3,448.46","3,505.13","3,448.46",,1.61%
12.08.2024,"3,446.33","3,446.36","3,460.16","3,436.00",,-0.04%
09.08.2024,"3,447.75","3,429.16","3,453.38","3,423.77",,0.58%
08.08.2024,"3,427.78","3,371.79","3,432.00","3,364.63",,1.64%
07.08.2024,"3,372.32","3,379.48","3,435.85","3,370.42",,-0.25%
06.08.2024,"3,380.91","3,338.23","3,414.05","3,338.23",,1.14%
05.08.2024,"3,342.73","3,448.78","3,449.02","3,313.57",,-3.08%
02.08.2024,"3,448.80","3,516.92","3,516.97","3,425.92",,-1.97%
01.08.2024,"3,518.01","3,571.82","3,582.91","3,499.47",,-1.50%
31.07.2024,"3,571.57","3,517.03","3,586.65","3,515.30",,1.63%
30.07.2024,"3,514.37","3,525.60","3,541.81","3,500.94",,-0.34%
29.07.2024,"3,526.51","3,524.77","3,540.51","3,518.36",,0.07%
26.07.2024,"3,524.08","3,489.73","3,537.52","3,489.10",,0.95%
25.07.2024,"3,490.82","3,512.05","3,534.67","3,481.11",,-0.72%
24.07.2024,"3,515.97","3,579.93","3,581.09","3,511.31",,-1.81%
23.07.2024,"3,580.87","3,585.81","3,594.98","3,579.23",,-0.11%
22.07.2024,"3,584.66","3,554.13","3,587.24","3,549.78",,0.87%
19.07.2024,"3,553.76","3,577.00","3,577.51","3,549.62",,-0.73%
18.07.2024,"3,579.84","3,608.71","3,617.63","3,566.88",,-0.77%
17.07.2024,"3,607.74","3,645.75","3,649.18","3,606.90",,-0.97%
16.07.2024,"3,642.95","3,628.46","3,645.99","3,622.72",,0.37%
15.07.2024,"3,629.58","3,625.09","3,646.72","3,620.84",,0.06%
12.07.2024,"3,627.52","3,603.80","3,645.59","3,600.94",,0.59%
11.07.2024,"3,606.15","3,616.31","3,634.27","3,600.76",,-0.21%
10.07.2024,"3,613.61","3,579.28","3,614.39","3,578.74",,0.96%
09.07.2024,"3,579.33","3,582.27","3,587.57","3,578.11",,-0.09%
08.07.2024,"3,582.70","3,581.58","3,589.67","3,576.99",,0.05%
05.07.2024,"3,580.90","3,569.09","3,583.85","3,562.28",,0.32%
04.07.2024,"3,569.36","3,562.11","3,570.09","3,562.11",,0.20%
03.07.2024,"3,562.23","3,538.32","3,562.34","3,537.58",,0.70%
02.07.2024,"3,537.51","3,520.74","3,538.30","3,512.28",,0.50%
01.07.2024,"3,520.04","3,513.68","3,526.69","3,507.01",,0.24%
28.06.2024,"3,511.78","3,522.10","3,542.95","3,506.43",,-0.29%
27.06.2024,"3,521.90","3,519.01","3,527.15","3,513.83",,0.05%
26.06.2024,"3,520.21","3,521.33","3,524.96","3,506.76",,-0.01%
25.06.2024,"3,520.73","3,510.17","3,523.34","3,509.60",,0.34%
24.06.2024,"3,508.95","3,507.47","3,530.61","3,507.16",,0.03%
21.06.2024,"3,507.81","3,519.10","3,520.12","3,500.70",,-0.34%
20.06.2024,"3,519.68","3,522.78","3,533.52","3,509.91",,-0.11%
19.06.2024,"3,523.66","3,524.24","3,525.64","3,522.68",,0.03%
18.06.2024,"3,522.68","3,511.99","3,524.79","3,510.77",,0.41%
17.06.2024,"3,508.25","3,490.95","3,516.86","3,483.01",,0.46%
14.06.2024,"3,492.05","3,502.51","3,503.47","3,476.50",,-0.35%
13.06.2024,"3,504.47","3,513.06","3,513.23","3,489.18",,-0.34%
12.06.2024,"3,516.30","3,479.79","3,529.65","3,478.78",,1.04%
11.06.2024,"3,479.94","3,483.88","3,484.10","3,455.99",,-0.07%
10.06.2024,"3,482.22","3,477.94","3,485.96","3,465.62",,0.10%
07.06.2024,"3,478.70","3,491.26","3,493.26","3,471.85",,-0.32%
06.06.2024,"3,489.89","3,486.35","3,494.34","3,483.52",,0.19%
05.06.2024,"3,483.40","3,452.31","3,484.95","3,449.49",,0.86%
04.06.2024,"3,453.71","3,454.55","3,457.77","3,437.85",,0.01%
03.06.2024,"3,453.44","3,446.93","3,463.45","3,430.82",,0.24%
31.05.2024,"3,445.17","3,420.21","3,446.26","3,403.08",,0.73%
30.05.2024,"3,420.32","3,427.20","3,432.92","3,412.84",,-0.28%
29.05.2024,"3,430.00","3,462.28","3,462.89","3,428.06",,-1.00%
28.05.2024,"3,464.61","3,467.97","3,472.41","3,451.28",,-0.10%
27.05.2024,"3,468.13","3,462.86","3,468.13","3,462.71",,0.17%
24.05.2024,"3,462.13","3,443.41","3,466.57","3,438.25",,0.46%
23.05.2024,"3,446.42","3,464.39","3,486.26","3,439.65",,-0.55%
22.05.2024,"3,465.55","3,478.43","3,479.22","3,454.84",,-0.41%
21.05.2024,"3,479.84","3,476.74","3,480.08","3,466.85",,0.08%
20.05.2024,"3,477.07","3,472.00","3,484.09","3,471.79",,0.13%
17.05.2024,"3,472.52","3,467.76","3,472.52","3,462.60",,0.11%
16.05.2024,"3,468.71","3,477.23","3,481.82","3,468.07",,-0.10%
15.05.2024,"3,472.26","3,435.31","3,476.26","3,435.31",,1.08%
14.05.2024,"3,435.15","3,420.51","3,436.62","3,416.99",,0.41%
13.05.2024,"3,421.11","3,420.19","3,428.23","3,415.52",,0.03%
10.05.2024,"3,419.92","3,412.98","3,430.84","3,412.15",,0.26%
09.05.2024,"3,411.11","3,396.33","3,412.50","3,392.40",,0.46%
08.05.2024,"3,395.64","3,398.29","3,398.29","3,384.85",,-0.18%
07.05.2024,"3,401.77","3,390.65","3,406.66","3,389.26",,0.31%
06.05.2024,"3,391.13","3,359.79","3,391.13","3,359.63",,0.88%
03.05.2024,"3,361.41","3,326.07","3,369.62","3,325.53",,1.19%
02.05.2024,"3,321.81","3,298.42","3,330.11","3,294.37",,0.84%
01.05.2024,"3,294.01","3,301.50","3,334.48","3,290.58",,-0.34%
30.04.2024,"3,305.30","3,348.70","3,351.81","3,303.11",,-1.25%
29.04.2024,"3,347.04","3,335.84","3,350.77","3,334.46",,0.36%
26.04.2024,"3,335.08","3,307.66","3,342.22","3,306.34",,0.86%
25.04.2024,"3,306.68","3,322.78","3,323.30","3,273.66",,-0.50%
24.04.2024,"3,323.29","3,323.59","3,335.57","3,311.46",,0.02%
23.04.2024,"3,322.54","3,284.08","3,326.05","3,283.13",,1.23%
22.04.2024,"3,282.09","3,256.14","3,296.63","3,256.14",,0.81%
19.04.2024,"3,255.62","3,278.34","3,280.14","3,247.60",,-0.75%
18.04.2024,"3,280.10","3,282.71","3,302.85","3,274.83",,-0.03%
17.04.2024,"3,281.11","3,297.32","3,312.69","3,274.86",,-0.49%
16.04.2024,"3,297.14","3,316.13","3,316.17","3,290.15",,-0.62%
15.04.2024,"3,317.68","3,349.50","3,374.53","3,312.95",,-0.99%
12.04.2024,"3,351.01","3,393.57","3,396.75","3,343.10",,-1.18%
11.04.2024,"3,391.01","3,376.82","3,399.04","3,361.40",,0.33%
10.04.2024,"3,379.72","3,411.41","3,415.70","3,367.46",,-0.95%
09.04.2024,"3,412.09","3,410.19","3,423.43","3,387.70",,0.10%
08.04.2024,"3,408.57","3,403.62","3,416.06","3,403.50",,0.18%
05.04.2024,"3,402.36","3,384.72","3,411.77","3,370.64",,0.47%
04.04.2024,"3,386.31","3,411.18","3,437.94","3,384.15",,-0.68%
03.04.2024,"3,409.62","3,403.56","3,418.42","3,397.23",,0.18%
02.04.2024,"3,403.40","3,424.42","3,427.85","3,393.25",,-0.62%
01.04.2024,"3,424.73","3,438.75","3,438.80","3,416.86",,-0.38%
29.03.2024,"3,437.76","3,436.82","3,437.76","3,436.13",,0.03%
28.03.2024,"3,436.78","3,436.78","3,440.85","3,432.00",,-0.01%
27.03.2024,"3,436.98","3,415.26","3,437.91","3,414.61",,0.66%
26.03.2024,"3,414.29","3,419.87","3,430.44","3,413.79",,-0.17%
25.03.2024,"3,420.18","3,427.94","3,428.65","3,417.56",,-0.23%
22.03.2024,"3,428.12","3,434.88","3,436.82","3,425.75",,-0.19%
21.03.2024,"3,434.69","3,421.34","3,445.72","3,421.34",,0.58%
20.03.2024,"3,414.89","3,393.69","3,421.19","3,387.78",,0.63%
19.03.2024,"3,393.37","3,380.32","3,394.35","3,369.22",,0.38%
18.03.2024,"3,380.67","3,363.03","3,392.88","3,362.57",,0.52%
15.03.2024,"3,363.03","3,381.80","3,384.21","3,357.32",,-0.58%
14.03.2024,"3,382.48","3,396.39","3,400.38","3,368.55",,-0.40%
13.03.2024,"3,396.19","3,397.99","3,404.08","3,390.72",,-0.03%
12.03.2024,"3,397.25","3,367.08","3,399.77","3,363.24",,0.90%
11.03.2024,"3,367.08","3,378.14","3,378.29","3,351.66",,-0.39%
08.03.2024,"3,380.14","3,393.38","3,412.86","3,375.10",,-0.33%
07.03.2024,"3,391.26","3,356.41","3,395.64","3,354.63",,1.02%
06.03.2024,"3,357.03","3,335.90","3,368.44","3,334.44",,0.59%
05.03.2024,"3,337.20","3,361.88","3,362.26","3,325.40",,-0.75%
04.03.2024,"3,362.28","3,364.37","3,370.77","3,358.65",,-0.05%
01.03.2024,"3,364.04","3,335.53","3,365.89","3,335.33",,0.80%
29.02.2024,"3,337.20","3,323.17","3,340.79","3,320.15",,0.44%
28.02.2024,"3,322.64","3,331.71","3,331.83","3,316.95",,-0.28%
27.02.2024,"3,331.88","3,325.94","3,332.58","3,322.16",,0.18%
26.02.2024,"3,325.79","3,335.03","3,338.37","3,325.34",,-0.25%
23.02.2024,"3,334.04","3,331.64","3,344.40","3,329.11",,0.13%
22.02.2024,"3,329.86","3,273.11","3,334.16","3,272.84",,1.76%
21.02.2024,"3,272.19","3,272.76","3,273.72","3,255.96",,-0.07%
20.02.2024,"3,274.33","3,287.43","3,289.64","3,263.21",,-0.38%
19.02.2024,"3,286.86","3,285.78","3,287.67","3,285.68",,0.05%
16.02.2024,"3,285.12","3,290.97","3,302.45","3,279.53",,-0.14%
15.02.2024,"3,289.74","3,266.47","3,291.55","3,266.46",,0.74%
14.02.2024,"3,265.67","3,239.48","3,266.94","3,235.86",,0.78%
13.02.2024,"3,240.26","3,282.55","3,285.97","3,223.28",,-1.24%
12.02.2024,"3,281.01","3,281.39","3,294.92","3,279.47",,-0.01%
09.02.2024,"3,281.42","3,267.12","3,283.40","3,266.29",,0.47%
08.02.2024,"3,266.14","3,265.08","3,268.48","3,260.65",,0.03%
07.02.2024,"3,265.07","3,246.40","3,267.41","3,245.34",,0.63%
06.02.2024,"3,244.51","3,233.34","3,246.09","3,232.61",,0.34%
05.02.2024,"3,233.53","3,246.00","3,248.52","3,220.67",,-0.43%
02.02.2024,"3,247.64","3,229.58","3,254.35","3,218.51",,0.65%
01.02.2024,"3,226.80","3,200.87","3,229.65","3,193.72",,0.67%
31.01.2024,"3,205.32","3,238.26","3,243.53","3,199.70",,-0.97%
30.01.2024,"3,236.76","3,238.73","3,241.72","3,232.77",,0.01%
29.01.2024,"3,236.32","3,215.14","3,239.39","3,214.84",,0.62%
26.01.2024,"3,216.23","3,213.13","3,223.81","3,208.55",,0.12%
25.01.2024,"3,212.32","3,201.74","3,215.88","3,199.36",,0.27%
24.01.2024,"3,203.55","3,192.42","3,220.93","3,191.21",,0.40%
23.01.2024,"3,190.90","3,188.86","3,192.78","3,181.32",,0.06%
22.01.2024,"3,189.10","3,176.23","3,198.34","3,176.23",,0.43%
19.01.2024,"3,175.36","3,144.93","3,176.49","3,144.90",,1.02%
18.01.2024,"3,143.20","3,122.58","3,145.97","3,121.95",,0.73%
17.01.2024,"3,120.44","3,145.23","3,148.14","3,109.55",,-0.81%
16.01.2024,"3,146.04","3,164.96","3,164.97","3,135.55",,-0.60%
15.01.2024,"3,165.14","3,166.77","3,170.28","3,163.30",,-0.10%
12.01.2024,"3,168.31","3,160.23","3,181.22","3,160.16",,0.35%
11.01.2024,"3,157.32","3,163.60","3,173.63","3,137.14",,-0.13%
10.01.2024,"3,161.50","3,147.49","3,165.20","3,146.86",,0.46%
09.01.2024,"3,146.97","3,152.89","3,157.21","3,135.37",,-0.21%
08.01.2024,"3,153.62","3,117.56","3,153.62","3,111.74",,1.06%
05.01.2024,"3,120.55","3,113.66","3,133.88","3,102.63",,0.21%
04.01.2024,"3,114.12","3,117.72","3,132.49","3,113.07",,-0.05%
03.01.2024,"3,115.68","3,144.70","3,145.56","3,113.65",,-0.95%
02.01.2024,"3,145.42","3,168.54","3,170.93","3,135.57",,-0.75%
01.01.2024,"3,169.25","3,168.07","3,169.25","3,168.07",,0.00%
29.12.2023,"3,169.18","3,174.16","3,179.73","3,161.89",,-0.28%
28.12.2023,"3,178.05","3,176.91","3,184.32","3,173.39",,0.08%
27.12.2023,"3,175.65","3,165.64","3,178.20","3,164.99",,0.41%
26.12.2023,"3,162.65","3,152.94","3,168.39","3,151.72",,0.32%
25.12.2023,"3,152.49","3,153.32","3,153.39","3,151.67",,0.01%
22.12.2023,"3,152.26","3,146.89","3,163.05","3,142.82",,0.23%
21.12.2023,"3,145.09","3,120.02","3,147.09","3,115.31",,0.75%
20.12.2023,"3,121.79","3,152.95","3,160.07","3,118.76",,-1.00%
19.12.2023,"3,153.34","3,132.53","3,153.34","3,131.10",,0.70%
18.12.2023,"3,131.35","3,124.00","3,135.36","3,120.26",,0.17%
15.12.2023,"3,126.14","3,128.24","3,133.11","3,117.34",,-0.09%
14.12.2023,"3,128.89","3,109.89","3,137.53","3,108.95",,0.90%
13.12.2023,"3,101.08","3,069.30","3,110.66","3,066.78",,1.10%
12.12.2023,"3,067.44","3,058.48","3,068.47","3,048.70",,0.36%
11.12.2023,"3,056.42","3,047.63","3,057.92","3,042.58",,0.30%
08.12.2023,"3,047.21","3,037.93","3,050.38","3,030.00",,0.32%
07.12.2023,"3,037.45","3,019.16","3,041.87","3,015.78",,0.55%
06.12.2023,"3,020.98","3,022.36","3,041.38","3,017.65",,-0.07%
05.12.2023,"3,023.22","3,027.38","3,029.41","3,014.36",,-0.11%
04.12.2023,"3,026.59","3,045.26","3,047.23","3,015.29",,-0.46%
01.12.2023,"3,040.70","3,021.44","3,045.95","3,016.77",,0.56%
30.11.2023,"3,023.63","3,014.20","3,023.63","3,006.88",,0.32%
29.11.2023,"3,013.93","3,014.04","3,030.67","3,011.72",,0.05%
28.11.2023,"3,012.57","3,009.58","3,020.47","3,002.73",,0.15%
27.11.2023,"3,007.99","3,014.95","3,015.73","3,007.03",,-0.24%
24.11.2023,"3,015.19","3,008.62","3,015.49","3,008.46",,0.21%
23.11.2023,"3,008.74","3,006.47","3,009.80","3,006.25",,0.13%
22.11.2023,"3,004.76","2,998.26","3,012.07","2,996.93",,0.16%
21.11.2023,"2,999.87","3,005.59","3,008.23","2,994.80",,-0.17%
20.11.2023,"3,004.88","2,986.30","3,010.12","2,985.37",,0.66%
17.11.2023,"2,985.19","2,970.69","2,988.56","2,970.51",,0.41%
16.11.2023,"2,973.00","2,973.45","2,976.69","2,962.04",,-0.07%
15.11.2023,"2,975.19","2,967.89","2,985.06","2,967.86",,0.40%
14.11.2023,"2,963.36","2,905.20","2,972.76","2,905.18",,2.02%
13.11.2023,"2,904.64","2,901.96","2,910.17","2,892.24",,0.13%
10.11.2023,"2,900.76","2,874.13","2,902.94","2,868.63",,0.76%
09.11.2023,"2,878.98","2,888.22","2,900.93","2,873.49",,-0.33%
08.11.2023,"2,888.41","2,887.95","2,894.90","2,878.13",,0.04%
07.11.2023,"2,887.39","2,887.56","2,891.97","2,874.87",,-0.07%
06.11.2023,"2,889.44","2,883.80","2,894.00","2,879.33",,0.20%
03.11.2023,"2,883.80","2,853.30","2,891.42","2,853.30",,1.10%
02.11.2023,"2,852.55","2,802.95","2,854.31","2,802.88",,1.97%
01.11.2023,"2,797.49","2,769.29","2,801.83","2,769.15",,1.04%
31.10.2023,"2,768.62","2,757.48","2,770.30","2,749.97",,0.40%
30.10.2023,"2,757.59","2,730.99","2,762.78","2,727.94",,0.94%
27.10.2023,"2,731.99","2,741.56","2,755.01","2,724.91",,-0.33%
26.10.2023,"2,740.96","2,770.08","2,770.08","2,735.90",,-1.12%
25.10.2023,"2,772.11","2,801.70","2,805.14","2,768.28",,-1.07%
24.10.2023,"2,801.96","2,788.73","2,808.99","2,785.50",,0.55%
23.10.2023,"2,786.75","2,790.96","2,806.94","2,768.36",,-0.16%
20.10.2023,"2,791.24","2,823.80","2,824.79","2,790.79",,-1.18%
19.10.2023,"2,824.45","2,849.26","2,856.29","2,821.73",,-0.96%
18.10.2023,"2,851.89","2,888.64","2,890.31","2,846.40",,-1.27%
17.10.2023,"2,888.62","2,888.34","2,899.52","2,867.57",,0.11%
16.10.2023,"2,885.35","2,863.06","2,890.54","2,858.38",,0.81%
13.10.2023,"2,862.14","2,882.31","2,890.93","2,855.39",,-0.76%
12.10.2023,"2,884.06","2,900.80","2,907.20","2,870.73",,-0.53%
11.10.2023,"2,899.50","2,889.59","2,901.44","2,882.07",,0.40%
10.10.2023,"2,887.89","2,860.46","2,902.42","2,860.42",,1.02%
09.10.2023,"2,858.71","2,846.91","2,863.09","2,834.11",,0.47%
06.10.2023,"2,845.23","2,817.86","2,856.21","2,796.92",,1.02%
05.10.2023,"2,816.43","2,812.94","2,821.95","2,800.42",,0.20%
04.10.2023,"2,810.86","2,797.55","2,814.53","2,788.34",,0.40%
03.10.2023,"2,799.64","2,837.54","2,837.57","2,792.84",,-1.38%
02.10.2023,"2,838.78","2,851.03","2,854.07","2,826.03",,-0.51%
29.09.2023,"2,853.24","2,856.63","2,878.14","2,845.86",,-0.09%
28.09.2023,"2,855.88","2,840.19","2,865.13","2,835.06",,0.53%
27.09.2023,"2,840.82","2,843.54","2,851.63","2,822.18",,-0.14%
26.09.2023,"2,844.83","2,881.06","2,881.12","2,840.23",,-1.21%
25.09.2023,"2,879.79","2,878.59","2,881.29","2,861.90",,0.00%
22.09.2023,"2,879.85","2,884.03","2,897.40","2,876.79",,-0.22%
21.09.2023,"2,886.07","2,930.95","2,930.95","2,885.71",,-1.71%
20.09.2023,"2,936.36","2,950.60","2,964.67","2,931.35",,-0.50%
19.09.2023,"2,951.17","2,956.48","2,959.16","2,937.60",,-0.17%
18.09.2023,"2,956.14","2,961.04","2,963.06","2,950.62",,-0.16%
15.09.2023,"2,960.98","2,982.06","2,990.12","2,958.65",,-0.73%
14.09.2023,"2,982.68","2,957.59","2,984.41","2,957.37",,0.87%
13.09.2023,"2,956.84","2,957.41","2,963.35","2,949.01",,0.03%
12.09.2023,"2,955.87","2,969.95","2,971.68","2,954.94",,-0.46%
11.09.2023,"2,969.45","2,950.38","2,970.48","2,949.16",,0.70%
08.09.2023,"2,948.81","2,945.76","2,957.40","2,941.20",,0.06%
07.09.2023,"2,947.11","2,956.03","2,956.61","2,935.11",,-0.29%
06.09.2023,"2,955.82","2,975.01","2,976.84","2,945.85",,-0.59%
05.09.2023,"2,973.45","2,990.41","2,990.87","2,973.45",,-0.56%
04.09.2023,"2,990.17","2,988.86","2,995.78","2,988.45",,0.02%
01.09.2023,"2,989.51","2,985.63","3,008.40","2,981.44",,0.12%
31.08.2023,"2,986.02","2,990.78","2,999.51","2,985.46",,-0.18%
30.08.2023,"2,991.52","2,979.49","2,996.89","2,977.66",,0.54%
29.08.2023,"2,975.50","2,937.56","2,980.41","2,936.86",,1.36%
28.08.2023,"2,935.71","2,915.46","2,939.34","2,915.46",,0.81%
25.08.2023,"2,911.99","2,901.53","2,924.13","2,887.45",,0.20%
24.08.2023,"2,906.25","2,939.41","2,947.75","2,903.75",,-1.07%
23.08.2023,"2,937.70","2,908.39","2,942.58","2,908.27",,0.98%
22.08.2023,"2,909.19","2,912.42","2,925.30","2,906.69",,-0.05%
21.08.2023,"2,910.52","2,897.94","2,915.08","2,892.18",,0.45%
18.08.2023,"2,897.50","2,899.73","2,903.16","2,877.12",,-0.15%
17.08.2023,"2,901.84","2,922.44","2,929.74","2,898.23",,-0.81%
16.08.2023,"2,925.63","2,943.86","2,948.10","2,923.03",,-0.77%
15.08.2023,"2,948.22","2,978.53","2,979.62","2,942.70",,-0.96%
14.08.2023,"2,976.86","2,971.20","2,977.44","2,955.71",,0.14%
11.08.2023,"2,972.73","2,981.16","2,982.56","2,961.30",,-0.40%
10.08.2023,"2,984.81","2,975.75","3,015.34","2,975.07",,0.29%
09.08.2023,"2,976.31","2,988.85","2,995.29","2,972.73",,-0.39%
08.08.2023,"2,988.10","3,004.77","3,005.04","2,969.94",,-0.52%
07.08.2023,"3,003.77","2,984.44","3,004.64","2,980.33",,0.58%
04.08.2023,"2,986.54","2,990.47","3,017.15","2,983.83",,-0.12%
03.08.2023,"2,990.13","3,000.00","3,000.18","2,980.34",,-0.35%
02.08.2023,"3,000.53","3,048.98","3,048.98","2,997.65",,-1.58%
01.08.2023,"3,048.60","3,062.21","3,062.68","3,042.98",,-0.51%
31.07.2023,"3,064.30","3,057.89","3,067.27","3,054.64",,0.21%
28.07.2023,"3,057.84","3,034.54","3,060.80","3,030.06",,0.77%
27.07.2023,"3,034.41","3,045.20","3,071.01","3,031.57",,-0.34%
26.07.2023,"3,044.70","3,046.69","3,053.98","3,035.38",,-0.02%
25.07.2023,"3,045.39","3,036.13","3,052.25","3,035.58",,0.26%
24.07.2023,"3,037.44","3,030.32","3,040.77","3,027.03",,0.29%
21.07.2023,"3,028.71","3,029.97","3,038.47","3,025.57",,-0.03%
20.07.2023,"3,029.70","3,048.93","3,051.60","3,025.92",,-0.60%
19.07.2023,"3,047.99","3,043.01","3,055.40","3,040.35",,0.18%
18.07.2023,"3,042.53","3,022.32","3,044.33","3,020.04",,0.68%
17.07.2023,"3,021.96","3,016.02","3,027.52","3,010.31",,0.13%
14.07.2023,"3,017.94","3,022.19","3,028.48","3,013.63",,-0.06%
13.07.2023,"3,019.71","2,988.46","3,024.42","2,988.03",,1.09%
12.07.2023,"2,987.19","2,956.11","2,994.07","2,955.41",,1.15%
11.07.2023,"2,953.12","2,934.43","2,956.43","2,933.91",,0.75%
10.07.2023,"2,931.05","2,925.03","2,933.78","2,920.32",,0.23%
07.07.2023,"2,924.19","2,924.76","2,945.01","2,920.06",,-0.01%
06.07.2023,"2,924.55","2,958.75","2,958.89","2,910.39",,-1.22%
05.07.2023,"2,960.76","2,969.89","2,970.88","2,955.47",,-0.37%
04.07.2023,"2,971.70","2,971.08","2,972.55","2,969.62",,-0.01%
03.07.2023,"2,972.03","2,967.65","2,972.43","2,966.44",,0.18%
30.06.2023,"2,966.72","2,932.20","2,970.73","2,930.49",,1.12%
29.06.2023,"2,933.86","2,926.62","2,933.86","2,920.30",,0.31%
28.06.2023,"2,924.92","2,922.74","2,932.59","2,917.22",,0.13%
27.06.2023,"2,921.19","2,895.03","2,924.76","2,893.50",,0.91%
26.06.2023,"2,894.93","2,903.42","2,911.51","2,894.60",,-0.26%
23.06.2023,"2,902.34","2,931.19","2,931.25","2,899.76",,-0.96%
22.06.2023,"2,930.37","2,930.34","2,931.14","2,916.31",,0.09%
21.06.2023,"2,927.72","2,939.92","2,941.31","2,923.78",,-0.40%
20.06.2023,"2,939.54","2,954.18","2,955.51","2,929.15",,-0.53%
19.06.2023,"2,955.12","2,962.95","2,962.95","2,954.33",,-0.24%
16.06.2023,"2,962.34","2,968.55","2,982.52","2,961.45",,-0.14%
15.06.2023,"2,966.43","2,937.44","2,974.72","2,931.81",,0.91%
14.06.2023,"2,939.59","2,929.87","2,948.76","2,918.44",,0.34%
13.06.2023,"2,929.68","2,907.67","2,932.77","2,907.37",,0.81%
12.06.2023,"2,906.01","2,885.79","2,907.01","2,884.81",,0.71%
09.06.2023,"2,885.63","2,883.82","2,898.14","2,881.27",,0.12%
08.06.2023,"2,882.13","2,866.14","2,884.53","2,864.00",,0.54%
07.06.2023,"2,866.59","2,879.84","2,886.99","2,863.17",,-0.40%
06.06.2023,"2,877.97","2,869.46","2,880.50","2,865.13",,0.27%
05.06.2023,"2,870.27","2,872.83","2,882.83","2,867.59",,-0.11%
02.06.2023,"2,873.37","2,834.80","2,875.71","2,834.80",,1.47%
01.06.2023,"2,831.66","2,803.68","2,839.30","2,803.40",,1.11%
31.05.2023,"2,800.56","2,824.18","2,824.22","2,793.42",,-0.89%
30.05.2023,"2,825.60","2,829.57","2,842.84","2,818.41",,-0.17%
29.05.2023,"2,830.43","2,830.09","2,833.62","2,829.88",,0.09%
26.05.2023,"2,827.93","2,796.43","2,832.61","2,796.31",,1.11%
25.05.2023,"2,796.86","2,787.07","2,803.03","2,782.91",,0.29%
24.05.2023,"2,788.82","2,815.57","2,816.45","2,782.60",,-1.00%
23.05.2023,"2,816.85","2,847.06","2,848.23","2,815.43",,-1.01%
22.05.2023,"2,845.71","2,845.31","2,853.50","2,840.39",,0.10%
19.05.2023,"2,842.76","2,841.31","2,854.79","2,840.04",,0.09%
18.05.2023,"2,840.12","2,822.98","2,842.18","2,819.61",,0.68%
17.05.2023,"2,820.92","2,802.26","2,824.96","2,797.32",,0.66%
16.05.2023,"2,802.39","2,821.28","2,822.73","2,801.91",,-0.61%
15.05.2023,"2,819.47","2,808.66","2,822.64","2,805.69",,0.36%
12.05.2023,"2,809.35","2,814.49","2,821.17","2,796.21",,-0.20%
11.05.2023,"2,814.86","2,823.20","2,824.03","2,801.56",,-0.27%
10.05.2023,"2,822.60","2,815.51","2,832.37","2,803.83",,0.26%
09.05.2023,"2,815.29","2,826.61","2,828.77","2,811.14",,-0.43%
08.05.2023,"2,827.38","2,822.39","2,828.72","2,820.32",,0.19%
05.05.2023,"2,821.99","2,780.42","2,828.62","2,779.52",,1.54%
04.05.2023,"2,779.26","2,797.96","2,799.78","2,774.09",,-0.61%
03.05.2023,"2,796.31","2,804.50","2,823.60","2,796.26",,-0.24%
02.05.2023,"2,803.07","2,832.61","2,835.32","2,789.08",,-1.08%
01.05.2023,"2,833.60","2,835.57","2,841.63","2,830.65",,-0.08%
28.04.2023,"2,835.93","2,819.00","2,835.93","2,810.58",,0.72%
27.04.2023,"2,815.77","2,779.16","2,818.82","2,777.96",,1.30%
26.04.2023,"2,779.71","2,788.83","2,795.84","2,775.58",,-0.35%
25.04.2023,"2,789.54","2,829.40","2,830.34","2,789.48",,-1.32%
24.04.2023,"2,826.85","2,825.07","2,829.78","2,814.45",,0.13%
21.04.2023,"2,823.07","2,820.97","2,826.60","2,811.92",,0.02%
20.04.2023,"2,822.54","2,831.51","2,833.98","2,813.85",,-0.38%
19.04.2023,"2,833.39","2,836.42","2,837.00","2,823.75",,-0.09%
18.04.2023,"2,835.89","2,828.44","2,843.57","2,828.02",,0.31%
17.04.2023,"2,827.24","2,824.21","2,828.40","2,814.25",,0.05%
14.04.2023,"2,825.75","2,830.23","2,841.22","2,811.93",,-0.12%
13.04.2023,"2,829.20","2,796.24","2,831.41","2,795.43",,1.21%
12.04.2023,"2,795.48","2,798.17","2,818.44","2,793.95",,-0.06%
11.04.2023,"2,797.07","2,789.92","2,804.15","2,789.92",,0.39%
10.04.2023,"2,786.20","2,790.44","2,790.59","2,768.98",,-0.15%
07.04.2023,"2,790.38","2,790.34","2,791.08","2,790.01",,0.01%
06.04.2023,"2,790.10","2,782.53","2,791.48","2,770.58",,0.22%
05.04.2023,"2,784.05","2,795.67","2,796.01","2,774.54",,-0.46%
04.04.2023,"2,796.78","2,804.70","2,813.35","2,789.50",,-0.24%
03.04.2023,"2,803.63","2,788.92","2,806.73","2,788.32",,0.44%
31.03.2023,"2,791.44","2,759.50","2,791.51","2,759.07",,1.15%
30.03.2023,"2,759.70","2,740.21","2,763.10","2,737.75",,0.74%
29.03.2023,"2,739.42","2,705.26","2,740.85","2,704.72",,1.28%
28.03.2023,"2,704.76","2,703.79","2,710.89","2,696.49",,0.09%
27.03.2023,"2,702.42","2,693.13","2,715.84","2,691.80",,0.37%
24.03.2023,"2,692.55","2,693.85","2,695.03","2,661.22",,-0.16%
23.03.2023,"2,696.85","2,690.37","2,726.01","2,680.74",,0.40%
22.03.2023,"2,686.13","2,712.55","2,743.37","2,686.13",,-0.95%
21.03.2023,"2,711.84","2,679.06","2,714.96","2,677.62",,1.25%
20.03.2023,"2,678.29","2,657.71","2,682.17","2,644.21",,0.83%
17.03.2023,"2,656.19","2,678.83","2,689.12","2,646.87",,-0.81%
16.03.2023,"2,677.99","2,637.27","2,679.55","2,625.13",,1.50%
15.03.2023,"2,638.46","2,675.07","2,678.67","2,612.57",,-1.34%
14.03.2023,"2,674.36","2,643.01","2,684.03","2,633.40",,1.16%
13.03.2023,"2,643.64","2,657.25","2,669.25","2,617.34",,-0.52%
10.03.2023,"2,657.41","2,691.23","2,691.26","2,646.50",,-1.25%
09.03.2023,"2,691.17","2,724.00","2,741.18","2,686.95",,-1.25%
08.03.2023,"2,725.23","2,722.23","2,731.78","2,713.63",,0.02%
07.03.2023,"2,724.80","2,764.52","2,766.88","2,719.33",,-1.44%
06.03.2023,"2,764.64","2,761.77","2,780.22","2,760.75",,0.24%
03.03.2023,"2,757.97","2,719.33","2,762.79","2,719.33",,1.41%
02.03.2023,"2,719.68","2,707.46","2,724.01","2,690.32",,0.48%
01.03.2023,"2,706.79","2,712.39","2,722.51","2,699.90",,-0.29%
28.02.2023,"2,714.57","2,722.42","2,727.11","2,711.84",,-0.26%
27.02.2023,"2,721.63","2,707.03","2,740.41","2,705.60",,0.54%
24.02.2023,"2,706.91","2,737.48","2,740.32","2,693.98",,-1.11%
23.02.2023,"2,737.41","2,729.43","2,748.70","2,715.26",,0.24%
22.02.2023,"2,730.88","2,736.61","2,743.28","2,722.61",,-0.35%
21.02.2023,"2,740.38","2,782.14","2,782.76","2,736.77",,-1.54%
20.02.2023,"2,783.26","2,781.45","2,785.34","2,780.41",,0.12%
17.02.2023,"2,779.88","2,790.54","2,790.54","2,763.85",,-0.39%
16.02.2023,"2,790.63","2,818.43","2,824.78","2,787.29",,-0.88%
15.02.2023,"2,815.45","2,813.23","2,817.12","2,792.25",,0.10%
14.02.2023,"2,812.53","2,811.12","2,829.73","2,791.90",,0.09%
13.02.2023,"2,810.04","2,782.82","2,812.11","2,779.14",,0.94%
10.02.2023,"2,783.91","2,787.09","2,789.25","2,769.13",,-0.24%
09.02.2023,"2,790.53","2,800.84","2,830.10","2,781.71",,-0.41%
08.02.2023,"2,801.96","2,823.42","2,830.54","2,798.57",,-0.66%
07.02.2023,"2,820.49","2,794.89","2,829.03","2,784.04",,0.96%
06.02.2023,"2,793.59","2,815.68","2,817.65","2,783.82",,-0.96%
03.02.2023,"2,820.73","2,844.84","2,848.36","2,811.35",,-0.95%
02.02.2023,"2,847.82","2,814.38","2,854.08","2,814.08",,1.35%
01.02.2023,"2,809.94","2,785.75","2,828.89","2,767.39",,0.90%
31.01.2023,"2,785.00","2,757.73","2,786.13","2,748.50",,0.93%
30.01.2023,"2,759.32","2,787.68","2,788.19","2,756.21",,-0.95%
27.01.2023,"2,785.84","2,780.60","2,798.64","2,773.46",,0.30%
26.01.2023,"2,777.62","2,759.45","2,780.52","2,754.62",,0.76%
25.01.2023,"2,756.73","2,756.37","2,760.02","2,721.36",,0.03%
24.01.2023,"2,755.96","2,755.33","2,762.15","2,738.86",,0.04%
23.01.2023,"2,754.96","2,727.79","2,763.79","2,727.42",,1.08%
20.01.2023,"2,725.40","2,687.44","2,727.70","2,685.67",,1.49%
19.01.2023,"2,685.32","2,709.80","2,710.29","2,679.20",,-1.04%
18.01.2023,"2,713.54","2,735.76","2,757.52","2,708.56",,-0.84%
17.01.2023,"2,736.45","2,735.65","2,748.78","2,731.61",,0.02%
16.01.2023,"2,735.88","2,735.81","2,739.12","2,731.81",,0.01%
13.01.2023,"2,735.72","2,723.22","2,737.94","2,707.39",,0.57%
12.01.2023,"2,720.09","2,701.65","2,730.89","2,690.58",,0.72%
11.01.2023,"2,700.75","2,671.80","2,701.46","2,671.71",,1.11%
10.01.2023,"2,671.20","2,662.12","2,671.75","2,650.08",,0.30%
09.01.2023,"2,663.17","2,654.48","2,691.64","2,653.58",,0.51%
06.01.2023,"2,649.76","2,595.89","2,657.64","2,593.28",,2.12%
05.01.2023,"2,594.69","2,624.28","2,626.87","2,592.70",,-1.13%
04.01.2023,"2,624.35","2,599.92","2,634.61","2,598.29",,0.90%
03.01.2023,"2,600.91","2,608.74","2,633.18","2,586.24",,-0.24%
02.01.2023,"2,607.25","2,604.53","2,609.03","2,604.53",,0.18%
30.12.2022,"2,602.69","2,613.36","2,614.05","2,587.44",,-0.36%
29.12.2022,"2,611.98","2,574.51","2,617.17","2,570.90",,1.43%
28.12.2022,"2,575.16","2,600.38","2,612.36","2,573.54",,-0.99%
27.12.2022,"2,600.94","2,608.20","2,611.30","2,592.37",,-0.17%
26.12.2022,"2,605.48","2,605.68","2,606.62","2,605.21",,0.01%
23.12.2022,"2,605.19","2,593.48","2,605.51","2,580.24",,0.38%
22.12.2022,"2,595.25","2,625.97","2,633.79","2,566.48",,-1.21%
21.12.2022,"2,626.92","2,592.82","2,632.03","2,590.33",,1.31%
20.12.2022,"2,592.86","2,587.70","2,601.81","2,577.42",,0.27%
19.12.2022,"2,585.89","2,606.21","2,610.83","2,579.17",,-0.77%
16.12.2022,"2,606.01","2,635.29","2,636.70","2,594.89",,-1.17%
15.12.2022,"2,636.91","2,705.69","2,705.91","2,626.06",,-2.53%
14.12.2022,"2,705.31","2,714.26","2,733.72","2,688.62",,-0.37%
13.12.2022,"2,715.49","2,684.42","2,761.16","2,684.39",,1.19%
12.12.2022,"2,683.56","2,662.15","2,684.31","2,656.99",,0.78%
09.12.2022,"2,662.86","2,670.71","2,685.10","2,661.43",,-0.28%
08.12.2022,"2,670.27","2,654.37","2,677.00","2,650.75",,0.60%
07.12.2022,"2,654.34","2,659.53","2,668.34","2,649.53",,-0.29%
06.12.2022,"2,662.07","2,692.95","2,695.06","2,648.60",,-1.27%
05.12.2022,"2,696.30","2,737.77","2,741.26","2,685.68",,-1.34%
02.12.2022,"2,733.03","2,742.79","2,743.74","2,710.94",,-0.29%
01.12.2022,"2,741.08","2,730.07","2,754.80","2,727.06",,0.74%
30.11.2022,"2,720.89","2,661.08","2,729.73","2,654.45",,2.16%
29.11.2022,"2,663.25","2,664.37","2,675.56","2,652.80",,-0.19%
28.11.2022,"2,668.44","2,701.95","2,703.05","2,660.62",,-1.30%
25.11.2022,"2,703.67","2,705.29","2,707.72","2,697.59",,-0.09%
24.11.2022,"2,706.01","2,698.66","2,706.92","2,698.65",,0.32%
23.11.2022,"2,697.39","2,677.58","2,701.98","2,676.33",,0.82%
22.11.2022,"2,675.46","2,641.19","2,677.33","2,641.19",,1.33%
21.11.2022,"2,640.44","2,657.55","2,657.68","2,632.17",,-0.69%
18.11.2022,"2,658.90","2,645.26","2,666.00","2,642.83",,0.63%
17.11.2022,"2,642.34","2,656.81","2,660.61","2,622.46",,-0.57%
16.11.2022,"2,657.58","2,678.36","2,680.39","2,654.64",,-0.77%
15.11.2022,"2,678.23","2,654.01","2,697.18","2,653.13",,0.92%
14.11.2022,"2,653.94","2,673.82","2,680.96","2,653.94",,-0.75%
11.11.2022,"2,674.08","2,639.57","2,681.11","2,639.57",,1.42%
10.11.2022,"2,636.55","2,507.96","2,640.26","2,502.00",,5.05%
09.11.2022,"2,509.77","2,554.33","2,555.69","2,506.12",,-1.77%
08.11.2022,"2,554.87","2,535.68","2,571.35","2,533.10",,0.84%
07.11.2022,"2,533.63","2,508.80","2,538.64","2,507.97",,1.05%
04.11.2022,"2,507.22","2,466.38","2,525.74","2,464.94",,1.59%
03.11.2022,"2,467.89","2,495.23","2,496.11","2,453.20",,-1.28%
02.11.2022,"2,499.78","2,546.78","2,570.58","2,495.72",,-1.83%
01.11.2022,"2,546.40","2,547.51","2,580.86","2,539.97",,-0.05%
31.10.2022,"2,547.72","2,562.65","2,564.65","2,543.04",,-0.52%
28.10.2022,"2,561.04","2,520.82","2,563.56","2,512.52",,1.48%
27.10.2022,"2,523.59","2,537.90","2,552.25","2,519.99",,-0.48%
26.10.2022,"2,535.67","2,537.18","2,563.87","2,524.94",,-0.07%
25.10.2022,"2,537.54","2,494.53","2,539.72","2,493.22",,1.78%
24.10.2022,"2,493.06","2,467.89","2,499.12","2,462.52",,1.24%
21.10.2022,"2,462.42","2,423.94","2,471.84","2,406.12",,1.37%
20.10.2022,"2,429.26","2,436.66","2,463.11","2,419.52",,-0.41%
19.10.2022,"2,439.30","2,458.69","2,460.00","2,423.98",,-0.76%
18.10.2022,"2,457.86","2,431.93","2,482.64","2,431.89",,1.07%
17.10.2022,"2,431.84","2,373.92","2,438.00","2,372.44",,2.32%
14.10.2022,"2,376.64","2,416.19","2,447.71","2,373.15",,-1.45%
13.10.2022,"2,411.69","2,367.96","2,423.94","2,314.97",,1.86%
12.10.2022,"2,367.69","2,375.56","2,381.45","2,364.09",,-0.36%
11.10.2022,"2,376.29","2,396.24","2,405.61","2,362.60",,-0.81%
10.10.2022,"2,395.61","2,414.35","2,417.75","2,383.41",,-0.91%
07.10.2022,"2,417.72","2,476.19","2,476.40","2,405.54",,-2.45%
06.10.2022,"2,478.42","2,503.10","2,507.94","2,473.46",,-0.87%
05.10.2022,"2,500.08","2,514.25","2,517.39","2,468.80",,-0.46%
04.10.2022,"2,511.72","2,430.94","2,514.68","2,430.94",,3.37%
03.10.2022,"2,429.91","2,378.17","2,439.60","2,372.85",,2.16%
30.09.2022,"2,378.65","2,404.69","2,421.22","2,377.39",,-0.94%
29.09.2022,"2,401.32","2,443.38","2,443.84","2,386.48",,-1.54%
28.09.2022,"2,438.78","2,401.95","2,452.18","2,388.95",,1.45%
27.09.2022,"2,403.88","2,405.50","2,442.04","2,390.16",,-0.19%
26.09.2022,"2,408.44","2,436.42","2,443.16","2,400.46",,-1.23%
23.09.2022,"2,438.50","2,490.44","2,490.69","2,414.84",,-2.04%
22.09.2022,"2,489.36","2,512.16","2,519.18","2,485.37",,-1.08%
21.09.2022,"2,516.59","2,551.82","2,574.63","2,514.39",,-1.47%
20.09.2022,"2,554.02","2,583.20","2,587.88","2,539.36",,-1.03%
19.09.2022,"2,580.55","2,569.69","2,581.97","2,546.55",,0.44%
16.09.2022,"2,569.29","2,589.79","2,591.15","2,550.36",,-0.88%
15.09.2022,"2,592.00","2,616.49","2,623.26","2,584.95",,-0.99%
14.09.2022,"2,617.84","2,615.96","2,625.52","2,599.45",,-0.06%
13.09.2022,"2,619.50","2,718.62","2,725.55","2,611.30",,-3.66%
12.09.2022,"2,719.01","2,685.50","2,723.38","2,684.75",,1.35%
09.09.2022,"2,682.90","2,639.09","2,687.55","2,638.97",,1.77%
08.09.2022,"2,636.17","2,618.54","2,638.78","2,599.15",,0.84%
07.09.2022,"2,614.10","2,583.21","2,621.66","2,574.03",,1.13%
06.09.2022,"2,584.97","2,598.48","2,603.49","2,570.71",,-0.45%
05.09.2022,"2,596.70","2,599.08","2,600.46","2,590.35",,-0.33%
02.09.2022,"2,605.21","2,611.50","2,648.69","2,592.61",,-0.19%
01.09.2022,"2,610.25","2,622.89","2,622.89","2,579.01",,-0.65%
31.08.2022,"2,627.32","2,645.31","2,658.86","2,625.66",,-0.68%
30.08.2022,"2,645.37","2,671.37","2,682.04","2,636.22",,-0.88%
29.08.2022,"2,668.79","2,687.26","2,687.54","2,662.68",,-0.96%
26.08.2022,"2,694.62","2,768.99","2,773.60","2,691.26",,-2.67%
25.08.2022,"2,768.48","2,734.80","2,769.16","2,734.34",,1.19%
24.08.2022,"2,736.01","2,728.50","2,742.98","2,720.83",,0.21%
23.08.2022,"2,730.35","2,733.60","2,748.27","2,726.72",,-0.21%
22.08.2022,"2,736.10","2,786.69","2,787.90","2,730.75",,-1.85%
19.08.2022,"2,787.71","2,823.97","2,824.11","2,783.43",,-1.37%
18.08.2022,"2,826.41","2,822.92","2,828.07","2,815.17",,0.13%
17.08.2022,"2,822.87","2,845.44","2,848.48","2,812.70",,-0.76%
16.08.2022,"2,844.42","2,840.80","2,854.34","2,829.63",,0.07%
15.08.2022,"2,842.48","2,836.08","2,842.60","2,823.92",,0.28%
12.08.2022,"2,834.51","2,800.87","2,836.13","2,800.04",,1.15%
11.08.2022,"2,802.23","2,800.32","2,829.78","2,797.17",,-0.04%
10.08.2022,"2,803.37","2,742.50","2,803.37","2,739.85",,2.18%
09.08.2022,"2,743.62","2,757.27","2,757.72","2,737.11",,-0.55%
08.08.2022,"2,758.72","2,751.81","2,783.17","2,750.87",,0.24%
05.08.2022,"2,752.06","2,763.72","2,764.93","2,732.99",,-0.35%
04.08.2022,"2,761.65","2,757.96","2,767.80","2,751.51",,0.23%
03.08.2022,"2,755.25","2,723.46","2,763.82","2,721.99",,0.99%
02.08.2022,"2,728.30","2,747.69","2,751.10","2,720.77",,-0.76%
01.08.2022,"2,749.26","2,747.49","2,762.95","2,735.82",,0.11%
29.07.2022,"2,746.36","2,712.73","2,751.69","2,712.31",,1.35%
28.07.2022,"2,709.82","2,682.30","2,714.07","2,667.74",,1.30%
27.07.2022,"2,675.08","2,623.42","2,689.05","2,623.09",,1.93%
26.07.2022,"2,624.49","2,652.41","2,653.79","2,618.73",,-1.01%
25.07.2022,"2,651.22","2,646.73","2,655.57","2,640.59",,0.02%
22.07.2022,"2,650.82","2,666.04","2,679.53","2,637.43",,-0.49%
21.07.2022,"2,663.84","2,641.55","2,666.28","2,625.72",,0.75%
20.07.2022,"2,643.93","2,628.73","2,650.06","2,622.55",,0.59%
19.07.2022,"2,628.34","2,565.33","2,628.34","2,563.25",,2.36%
18.07.2022,"2,567.68","2,570.37","2,600.75","2,558.99",,-0.04%
15.07.2022,"2,568.64","2,523.42","2,569.20","2,520.88",,1.89%
14.07.2022,"2,520.92","2,539.25","2,541.54","2,485.67",,-0.93%
13.07.2022,"2,544.68","2,553.33","2,556.23","2,516.72",,-0.37%
12.07.2022,"2,554.18","2,571.04","2,578.73","2,545.34",,-0.71%
11.07.2022,"2,572.33","2,604.34","2,605.42","2,567.47",,-1.20%
08.07.2022,"2,603.62","2,603.14","2,613.38","2,583.10",,0.06%
07.07.2022,"2,602.03","2,561.95","2,605.32","2,561.38",,1.59%
06.07.2022,"2,561.20","2,554.81","2,573.26","2,543.39",,0.28%
05.07.2022,"2,553.95","2,569.28","2,571.50","2,512.07",,-0.54%
04.07.2022,"2,567.87","2,564.45","2,571.94","2,563.86",,0.31%
01.07.2022,"2,559.95","2,547.89","2,564.29","2,523.77",,0.54%
30.06.2022,"2,546.19","2,573.07","2,573.07","2,519.05",,-1.10%
29.06.2022,"2,574.45","2,583.30","2,584.82","2,563.80",,-0.38%
28.06.2022,"2,584.26","2,621.85","2,647.41","2,583.97",,-1.48%
27.06.2022,"2,623.20","2,621.68","2,635.83","2,614.49",,0.14%
24.06.2022,"2,619.48","2,547.53","2,620.32","2,546.08",,2.76%
23.06.2022,"2,549.05","2,534.76","2,551.40","2,522.07",,0.46%
22.06.2022,"2,537.26","2,542.78","2,556.34","2,512.74",,-0.24%
21.06.2022,"2,543.36","2,495.73","2,551.17","2,495.65",,1.94%
20.06.2022,"2,494.99","2,488.68","2,494.99","2,485.84",,0.37%
17.06.2022,"2,485.77","2,492.60","2,507.66","2,467.27",,-0.19%
16.06.2022,"2,490.54","2,562.87","2,565.50","2,482.59",,-2.59%
15.06.2022,"2,556.67","2,525.16","2,583.80","2,522.79",,1.22%
14.06.2022,"2,525.88","2,542.35","2,553.50","2,508.97",,-0.75%
13.06.2022,"2,545.04","2,637.82","2,637.89","2,536.34",,-3.66%
10.06.2022,"2,641.69","2,717.92","2,718.84","2,639.90",,-2.95%
09.06.2022,"2,721.85","2,780.98","2,782.50","2,719.02",,-2.21%
08.06.2022,"2,783.29","2,805.83","2,807.15","2,777.46",,-0.79%
07.06.2022,"2,805.32","2,787.13","2,807.39","2,761.04",,0.56%
06.06.2022,"2,789.83","2,777.43","2,814.04","2,777.06",,0.39%
03.06.2022,"2,779.06","2,817.28","2,819.58","2,774.26",,-1.24%
02.06.2022,"2,814.03","2,768.53","2,816.19","2,762.04",,1.57%
01.06.2022,"2,770.43","2,792.01","2,811.96","2,755.43",,-0.74%
31.05.2022,"2,791.01","2,813.75","2,814.42","2,777.52",,-0.84%
30.05.2022,"2,814.74","2,805.03","2,815.37","2,804.98",,0.43%
27.05.2022,"2,802.59","2,746.84","2,803.81","2,746.84",,2.14%
26.05.2022,"2,743.96","2,701.55","2,752.15","2,698.99",,1.62%
25.05.2022,"2,700.09","2,681.04","2,711.26","2,672.33",,0.73%
24.05.2022,"2,680.46","2,702.49","2,702.55","2,649.86",,-0.81%
23.05.2022,"2,702.25","2,658.53","2,706.43","2,658.45",,1.74%
20.05.2022,"2,655.91","2,650.73","2,680.93","2,611.56",,0.16%
19.05.2022,"2,651.55","2,662.06","2,673.16","2,633.03",,-0.51%
18.05.2022,"2,665.06","2,748.55","2,751.45","2,657.29",,-2.98%
17.05.2022,"2,746.82","2,697.11","2,747.76","2,696.72",,1.96%
16.05.2022,"2,693.95","2,703.83","2,714.45","2,682.06",,-0.27%
13.05.2022,"2,701.33","2,637.99","2,709.56","2,637.82",,2.33%
12.05.2022,"2,639.75","2,648.95","2,658.77","2,602.56",,-0.48%
11.05.2022,"2,652.59","2,675.41","2,709.75","2,647.04",,-0.92%
10.05.2022,"2,677.25","2,671.67","2,716.36","2,655.00",,0.20%
09.05.2022,"2,671.83","2,757.46","2,757.47","2,665.61",,-3.27%
06.05.2022,"2,762.21","2,783.89","2,784.00","2,731.87",,-0.79%
05.05.2022,"2,784.12","2,871.70","2,878.40","2,763.89",,-2.80%
04.05.2022,"2,864.43","2,809.38","2,874.55","2,790.52",,1.94%
03.05.2022,"2,809.82","2,796.25","2,821.14","2,794.88",,0.48%
02.05.2022,"2,796.33","2,793.30","2,804.81","2,750.48",,0.03%
29.04.2022,"2,795.62","2,862.36","2,873.68","2,791.18",,-2.30%
28.04.2022,"2,861.55","2,809.29","2,872.41","2,807.44",,1.92%
27.04.2022,"2,807.51","2,808.33","2,836.47","2,794.85",,-0.12%
26.04.2022,"2,811.00","2,878.43","2,881.95","2,809.50",,-2.32%
25.04.2022,"2,877.70","2,881.86","2,881.86","2,833.21",,-0.16%
22.04.2022,"2,882.45","2,956.78","2,956.78","2,880.95",,-2.62%
21.04.2022,"2,959.92","2,993.55","3,025.62","2,954.36",,-1.16%
20.04.2022,"2,994.64","2,986.11","3,010.23","2,985.76",,0.33%
19.04.2022,"2,984.70","2,954.52","2,988.55","2,946.41",,1.03%
18.04.2022,"2,954.15","2,958.46","2,962.96","2,942.89",,-0.19%
15.04.2022,"2,959.67","2,960.55","2,961.08","2,958.90",,-0.03%
14.04.2022,"2,960.64","2,989.23","2,996.39","2,960.64",,-0.82%
13.04.2022,"2,985.07","2,957.45","2,991.14","2,952.85",,0.85%
12.04.2022,"2,959.78","2,970.62","2,997.38","2,950.35",,-0.42%
11.04.2022,"2,972.40","3,012.59","3,013.05","2,969.60",,-1.32%
08.04.2022,"3,012.19","3,013.37","3,029.02","3,001.13",,-0.06%
07.04.2022,"3,014.08","3,009.17","3,022.76","2,987.66",,0.06%
06.04.2022,"3,012.24","3,045.10","3,045.10","2,994.10",,-1.22%
05.04.2022,"3,049.39","3,081.04","3,086.91","3,041.34",,-1.04%
04.04.2022,"3,081.38","3,057.77","3,081.38","3,057.12",,0.80%
01.04.2022,"3,057.07","3,050.20","3,058.81","3,038.83",,0.13%
31.03.2022,"3,053.07","3,094.69","3,096.59","3,049.70",,-1.41%
30.03.2022,"3,096.67","3,109.42","3,112.50","3,085.74",,-0.45%
29.03.2022,"3,110.81","3,062.27","3,113.02","3,062.27",,1.61%
28.03.2022,"3,061.63","3,048.91","3,062.62","3,034.97",,0.41%
25.03.2022,"3,049.11","3,041.31","3,054.99","3,029.16",,0.25%
24.03.2022,"3,041.48","3,012.53","3,041.48","3,009.34",,0.95%
23.03.2022,"3,012.79","3,040.22","3,046.48","3,012.68",,-0.91%
22.03.2022,"3,040.37","3,009.04","3,045.45","3,006.87",,1.01%
21.03.2022,"3,010.08","3,010.88","3,021.13","2,989.85",,-0.02%
18.03.2022,"3,010.59","2,980.74","3,012.71","2,965.59",,0.98%
17.03.2022,"2,981.31","2,937.95","2,981.31","2,934.97",,1.53%
16.03.2022,"2,936.33","2,865.60","2,939.52","2,865.50",,2.46%
15.03.2022,"2,865.89","2,823.35","2,868.64","2,815.14",,1.39%
14.03.2022,"2,826.49","2,839.23","2,865.59","2,819.04",,-0.48%
11.03.2022,"2,840.04","2,869.90","2,887.78","2,836.01",,-1.10%
10.03.2022,"2,871.52","2,883.53","2,891.60","2,845.05",,-0.36%
09.03.2022,"2,881.78","2,797.79","2,892.52","2,797.38",,3.01%
08.03.2022,"2,797.70","2,818.12","2,850.80","2,792.22",,-0.77%
07.03.2022,"2,819.54","2,897.16","2,897.24","2,818.60",,-2.66%
04.03.2022,"2,896.52","2,943.07","2,943.14","2,876.43",,-1.56%
03.03.2022,"2,942.45","2,969.52","2,979.44","2,932.84",,-0.74%
02.03.2022,"2,964.24","2,929.08","2,974.43","2,918.44",,1.14%
01.03.2022,"2,930.76","2,979.74","2,981.01","2,916.37",,-1.58%
28.02.2022,"2,977.95","2,977.60","2,985.42","2,947.52",,-0.08%
25.02.2022,"2,980.20","2,911.05","2,981.71","2,910.56",,2.56%
24.02.2022,"2,905.94","2,907.85","2,913.55","2,825.07",,-0.12%
23.02.2022,"2,909.33","2,948.88","2,972.13","2,906.50",,-1.37%
22.02.2022,"2,949.64","2,972.45","2,979.85","2,930.66",,-0.88%
21.02.2022,"2,975.91","2,982.91","2,988.42","2,972.05",,-0.26%
18.02.2022,"2,983.59","3,008.48","3,011.47","2,973.25",,-0.85%
17.02.2022,"3,009.09","3,061.12","3,062.14","3,006.09",,-1.67%
16.02.2022,"3,060.29","3,055.11","3,067.76","3,039.13",,0.20%
15.02.2022,"3,054.26","3,012.00","3,055.95","3,007.91",,1.42%
14.02.2022,"3,011.45","3,036.51","3,037.83","2,994.81",,-0.91%
11.02.2022,"3,039.18","3,084.70","3,092.76","3,028.46",,-1.58%
10.02.2022,"3,087.98","3,124.31","3,132.49","3,075.49",,-1.18%
09.02.2022,"3,124.93","3,077.19","3,125.51","3,077.13",,1.55%
08.02.2022,"3,077.13","3,059.46","3,082.16","3,046.88",,0.58%
07.02.2022,"3,059.44","3,062.22","3,077.95","3,053.56",,-0.07%
04.02.2022,"3,061.46","3,052.58","3,080.76","3,036.55",,0.29%
03.02.2022,"3,052.50","3,114.38","3,114.38","3,049.47",,-1.97%
02.02.2022,"3,113.84","3,089.29","3,117.43","3,089.23",,0.88%
01.02.2022,"3,086.62","3,060.64","3,089.34","3,052.06",,0.90%
31.01.2022,"3,059.05","3,004.47","3,061.44","3,003.11",,1.78%
28.01.2022,"3,005.63","2,955.18","3,005.63","2,932.52",,1.70%
27.01.2022,"2,955.34","2,976.51","3,008.21","2,947.80",,-0.82%
26.01.2022,"2,979.70","2,977.04","3,032.36","2,955.96",,0.14%
25.01.2022,"2,975.48","3,006.95","3,006.97","2,939.00",,-1.00%
24.01.2022,"3,005.52","3,023.89","3,024.01","2,912.04",,-0.65%
21.01.2022,"3,025.10","3,078.73","3,078.80","3,022.91",,-1.85%
20.01.2022,"3,082.25","3,098.36","3,140.91","3,075.96",,-0.53%
19.01.2022,"3,098.60","3,121.96","3,139.90","3,097.83",,-0.82%
18.01.2022,"3,124.21","3,176.36","3,179.19","3,119.43",,-1.64%
17.01.2022,"3,176.19","3,171.84","3,177.02","3,170.86",,0.10%
14.01.2022,"3,173.12","3,181.08","3,181.08","3,146.87",,-0.28%
13.01.2022,"3,182.06","3,215.83","3,226.48","3,176.94",,-1.00%
12.01.2022,"3,214.19","3,197.21","3,226.08","3,197.09",,0.65%
11.01.2022,"3,193.39","3,166.10","3,196.04","3,154.08",,0.86%
10.01.2022,"3,166.14","3,178.67","3,179.21","3,119.92",,-0.36%
07.01.2022,"3,177.54","3,184.75","3,193.58","3,167.25",,-0.22%
06.01.2022,"3,184.62","3,200.04","3,200.06","3,169.32",,-0.57%
05.01.2022,"3,203.03","3,246.88","3,251.78","3,199.85",,-1.39%
04.01.2022,"3,248.12","3,242.14","3,261.66","3,235.50",,0.21%
03.01.2022,"3,241.43","3,230.72","3,243.73","3,223.85",,0.30%
31.12.2021,"3,231.73","3,237.45","3,241.14","3,231.53",,-0.16%
30.12.2021,"3,237.07","3,243.68","3,251.95","3,235.79",,-0.21%
29.12.2021,"3,243.95","3,240.19","3,247.98","3,235.18",,0.14%
28.12.2021,"3,239.28","3,240.05","3,251.16","3,236.98",,0.05%
27.12.2021,"3,237.70","3,206.33","3,238.29","3,204.45",,0.96%
24.12.2021,"3,206.85","3,207.02","3,208.23","3,205.40",,0.02%
23.12.2021,"3,206.08","3,184.42","3,214.28","3,184.37",,0.71%
22.12.2021,"3,183.62","3,153.86","3,185.61","3,152.40",,0.99%
21.12.2021,"3,152.31","3,102.05","3,154.55","3,101.44",,1.67%
20.12.2021,"3,100.50","3,135.90","3,136.28","3,083.19",,-1.25%
17.12.2021,"3,139.75","3,168.17","3,168.31","3,125.51",,-0.87%
16.12.2021,"3,167.33","3,178.78","3,201.87","3,159.24",,-0.25%
15.12.2021,"3,175.11","3,136.92","3,178.68","3,126.59",,1.18%
14.12.2021,"3,138.06","3,161.89","3,164.30","3,124.71",,-0.76%
13.12.2021,"3,162.00","3,188.79","3,190.95","3,161.78",,-0.82%
10.12.2021,"3,188.26","3,173.00","3,190.54","3,167.21",,0.50%
09.12.2021,"3,172.49","3,197.12","3,197.47","3,172.49",,-0.75%
08.12.2021,"3,196.39","3,185.52","3,199.79","3,183.18",,0.38%
07.12.2021,"3,184.17","3,118.29","3,188.27","3,118.26",,2.14%
06.12.2021,"3,117.31","3,087.98","3,127.52","3,084.79",,1.00%
03.12.2021,"3,086.44","3,110.42","3,129.75","3,067.56",,-0.79%
02.12.2021,"3,111.17","3,086.12","3,119.13","3,075.45",,0.75%
01.12.2021,"3,087.98","3,106.80","3,159.63","3,084.73",,-0.45%
30.11.2021,"3,101.80","3,157.49","3,161.01","3,101.80",,-1.71%
29.11.2021,"3,155.73","3,130.77","3,164.81","3,125.58",,0.76%
26.11.2021,"3,131.98","3,202.08","3,202.55","3,127.03",,-2.20%
25.11.2021,"3,202.44","3,198.75","3,203.78","3,198.51",,0.14%
24.11.2021,"3,198.12","3,196.75","3,199.47","3,173.04",,0.04%
23.11.2021,"3,196.88","3,200.47","3,206.05","3,177.58",,-0.14%
22.11.2021,"3,201.49","3,215.98","3,234.43","3,200.07",,-0.57%
19.11.2021,"3,219.90","3,227.67","3,230.41","3,217.16",,-0.20%
18.11.2021,"3,226.37","3,222.27","3,230.34","3,211.01",,0.17%
17.11.2021,"3,221.03","3,230.04","3,230.25","3,220.06",,-0.28%
16.11.2021,"3,230.01","3,230.04","3,230.04","3,230.01",,0.11%
15.11.2021,"3,226.45","3,224.28","3,233.09","3,220.79",,0.08%
12.11.2021,"3,223.82","3,200.76","3,226.76","3,200.70",,0.68%
11.11.2021,"3,201.99","3,198.58","3,209.24","3,196.29",,0.01%
10.11.2021,"3,201.57","3,228.62","3,229.18","3,191.78",,-0.81%
09.11.2021,"3,227.80","3,237.60","3,241.46","3,220.64",,-0.30%
08.11.2021,"3,237.44","3,237.60","3,237.62","3,237.31",,0.16%
05.11.2021,"3,232.26","3,224.63","3,242.90","3,222.15",,0.24%
04.11.2021,"3,224.63","3,215.69","3,227.17","3,214.26",,0.38%
03.11.2021,"3,212.35","3,195.60","3,215.85","3,190.33",,0.52%
02.11.2021,"3,195.67","3,190.79","3,198.45","3,187.44",,0.16%
01.11.2021,"3,190.54","3,175.13","3,191.23","3,174.69",,0.50%
29.10.2021,"3,174.73","3,178.94","3,179.36","3,159.24",,-0.15%
28.10.2021,"3,179.44","3,152.20","3,179.69","3,148.81",,0.87%
27.10.2021,"3,152.05","3,167.14","3,172.17","3,152.00",,-0.49%
26.10.2021,"3,167.44","3,159.33","3,180.72","3,159.29",,0.24%
25.10.2021,"3,159.88","3,150.76","3,163.14","3,144.34",,0.28%
22.10.2021,"3,151.16","3,150.40","3,161.16","3,140.16",,-0.04%
21.10.2021,"3,152.33","3,147.95","3,152.33","3,140.38",,0.15%
20.10.2021,"3,147.70","3,136.61","3,149.94","3,134.68",,0.37%
19.10.2021,"3,136.19","3,115.04","3,136.26","3,114.90",,0.71%
18.10.2021,"3,114.01","3,108.62","3,114.88","3,092.42",,0.15%
15.10.2021,"3,109.47","3,084.71","3,110.37","3,084.37",,0.81%
14.10.2021,"3,084.59","3,040.66","3,085.62","3,040.66",,1.50%
13.10.2021,"3,039.01","3,023.04","3,043.46","3,019.78",,0.47%
12.10.2021,"3,024.72","3,030.26","3,035.06","3,020.10",,-0.23%
11.10.2021,"3,031.57","3,042.60","3,057.69","3,029.57",,-0.40%
08.10.2021,"3,043.74","3,046.03","3,055.86","3,040.55",,-0.09%
07.10.2021,"3,046.57","3,017.59","3,061.25","3,016.75",,1.02%
06.10.2021,"3,015.95","3,016.59","3,019.20","2,978.07",,-0.01%
05.10.2021,"3,016.19","2,992.24","3,027.41","2,985.50",,0.78%
04.10.2021,"2,992.89","3,024.21","3,026.94","2,981.95",,-0.99%
01.10.2021,"3,022.83","3,006.75","3,031.64","2,988.36",,0.54%
30.09.2021,"3,006.60","3,027.80","3,041.81","3,006.60",,-0.73%
29.09.2021,"3,028.75","3,032.95","3,044.51","3,025.57",,-0.13%
28.09.2021,"3,032.70","3,095.52","3,095.57","3,030.01",,-2.03%
27.09.2021,"3,095.56","3,104.03","3,108.56","3,090.68",,-0.26%
24.09.2021,"3,103.53","3,106.61","3,109.83","3,093.64",,-0.09%
23.09.2021,"3,106.42","3,071.50","3,114.02","3,071.38",,1.04%
22.09.2021,"3,074.35","3,049.14","3,086.18","3,047.18",,0.81%
21.09.2021,"3,049.68","3,044.93","3,070.99","3,041.49",,0.11%
20.09.2021,"3,046.20","3,095.74","3,095.74","3,020.61",,-1.63%
17.09.2021,"3,096.61","3,123.06","3,128.62","3,093.43",,-0.83%
16.09.2021,"3,122.57","3,128.46","3,129.38","3,108.43",,-0.16%
15.09.2021,"3,127.71","3,113.16","3,130.65","3,107.80",,0.37%
14.09.2021,"3,116.08","3,126.40","3,138.88","3,111.43",,-0.32%
13.09.2021,"3,126.10","3,119.75","3,139.85","3,114.46",,0.13%
10.09.2021,"3,122.07","3,136.58","3,154.81","3,120.00",,-0.45%
09.09.2021,"3,136.04","3,146.63","3,154.99","3,136.04",,-0.35%
08.09.2021,"3,146.96","3,157.76","3,160.38","3,136.53",,-0.38%
07.09.2021,"3,158.94","3,171.70","3,174.13","3,155.92",,-0.34%
06.09.2021,"3,169.64","3,165.01","3,170.85","3,164.54",,0.18%
03.09.2021,"3,163.99","3,162.12","3,167.17","3,154.95",,0.08%
02.09.2021,"3,161.46","3,150.63","3,164.34","3,149.33",,0.31%
01.09.2021,"3,151.66","3,141.95","3,160.60","3,141.16",,0.33%
31.08.2021,"3,141.35","3,145.48","3,151.34","3,139.52",,-0.17%
30.08.2021,"3,146.63","3,136.41","3,150.82","3,135.69",,0.41%
27.08.2021,"3,133.67","3,108.80","3,136.85","3,107.25",,0.75%
26.08.2021,"3,110.27","3,127.85","3,127.98","3,109.18",,-0.50%
25.08.2021,"3,125.83","3,121.47","3,129.74","3,119.57",,0.12%
24.08.2021,"3,122.00","3,114.11","3,124.56","3,114.04",,0.30%
23.08.2021,"3,112.57","3,082.83","3,117.60","3,082.83",,1.06%
20.08.2021,"3,080.02","3,061.97","3,082.38","3,057.18",,0.55%
19.08.2021,"3,063.22","3,075.83","3,076.04","3,047.60",,-0.48%
18.08.2021,"3,078.01","3,099.55","3,103.10","3,077.05",,-0.71%
17.08.2021,"3,100.12","3,121.79","3,122.06","3,084.90",,-0.70%
16.08.2021,"3,121.99","3,124.70","3,124.88","3,099.81",,-0.10%
13.08.2021,"3,125.12","3,115.97","3,126.19","3,115.38",,0.30%
12.08.2021,"3,115.74","3,110.84","3,115.95","3,103.13",,0.19%
11.08.2021,"3,109.97","3,100.30","3,112.30","3,100.22",,0.34%
10.08.2021,"3,099.49","3,097.11","3,105.24","3,096.56",,0.08%
09.08.2021,"3,097.06","3,097.64","3,100.56","3,093.20",,-0.03%
06.08.2021,"3,098.06","3,101.28","3,104.41","3,094.82",,-0.13%
05.08.2021,"3,102.23","3,085.18","3,102.23","3,085.18",,0.53%
04.08.2021,"3,085.83","3,093.42","3,096.86","3,083.53",,-0.22%
03.08.2021,"3,092.51","3,075.28","3,093.31","3,067.54",,0.50%
02.08.2021,"3,077.11","3,071.08","3,091.26","3,070.87",,0.26%
30.07.2021,"3,069.25","3,089.79","3,089.99","3,066.11",,-0.67%
29.07.2021,"3,089.82","3,073.87","3,095.57","3,073.68",,0.66%
28.07.2021,"3,069.49","3,067.07","3,078.92","3,062.13",,0.02%
27.07.2021,"3,068.87","3,081.26","3,082.45","3,054.54",,-0.37%
26.07.2021,"3,080.40","3,075.01","3,080.40","3,071.20",,0.26%
23.07.2021,"3,072.38","3,046.02","3,074.67","3,044.40",,0.85%
22.07.2021,"3,046.60","3,037.94","3,047.33","3,036.56",,0.33%
21.07.2021,"3,036.73","3,009.46","3,038.36","3,007.87",,1.03%
20.07.2021,"3,005.86","2,972.88","3,014.25","2,970.08",,1.02%
19.07.2021,"2,975.55","3,022.42","3,022.60","2,962.62",,-1.62%
16.07.2021,"3,024.65","3,041.70","3,048.85","3,021.73",,-0.62%
15.07.2021,"3,043.52","3,058.78","3,059.00","3,032.35",,-0.49%
14.07.2021,"3,058.59","3,055.24","3,070.84","3,053.90",,-0.02%
13.07.2021,"3,059.28","3,068.85","3,070.78","3,055.48",,-0.29%
12.07.2021,"3,068.27","3,055.72","3,068.27","3,055.72",,0.50%
09.07.2021,"3,053.12","3,019.89","3,055.26","3,015.49",,1.02%
08.07.2021,"3,022.24","3,049.90","3,050.17","3,003.94",,-0.90%
07.07.2021,"3,049.66","3,040.26","3,053.36","3,033.78",,0.23%
06.07.2021,"3,042.63","3,050.87","3,053.35","3,026.44",,-0.24%
05.07.2021,"3,049.84","3,047.59","3,050.47","3,045.38",,0.12%
02.07.2021,"3,046.09","3,027.28","3,050.04","3,027.22",,0.59%
01.07.2021,"3,028.20","3,017.32","3,028.20","3,014.48",,0.36%
30.06.2021,"3,017.23","3,024.95","3,025.81","3,013.73",,-0.24%
29.06.2021,"3,024.44","3,024.03","3,029.15","3,021.82",,-0.03%
28.06.2021,"3,025.22","3,024.66","3,026.53","3,017.61",,0.01%
25.06.2021,"3,024.94","3,015.32","3,026.23","3,015.02",,0.38%
24.06.2021,"3,013.36","2,996.41","3,017.53","2,995.45",,0.51%
23.06.2021,"2,998.00","3,003.50","3,009.12","2,996.22",,-0.10%
22.06.2021,"3,001.14","2,983.57","3,009.07","2,983.39",,0.64%
21.06.2021,"2,982.11","2,953.08","2,983.42","2,943.47",,0.95%
18.06.2021,"2,954.19","2,994.41","2,995.11","2,954.19",,-1.41%
17.06.2021,"2,996.51","2,998.72","3,000.35","2,980.45",,-0.40%
16.06.2021,"3,008.48","3,016.99","3,020.93","2,989.83",,-0.29%
15.06.2021,"3,017.27","3,019.91","3,025.73","3,013.43",,-0.09%
14.06.2021,"3,019.88","3,013.87","3,019.88","3,009.67",,0.24%
11.06.2021,"3,012.67","3,008.68","3,013.38","3,004.39",,0.17%
10.06.2021,"3,007.46","2,995.50","3,012.63","2,993.90",,0.36%
09.06.2021,"2,996.64","3,000.67","3,007.00","2,995.83",,-0.17%
08.06.2021,"3,001.83","3,001.02","3,007.52","2,991.96",,0.03%
07.06.2021,"3,000.97","2,998.58","3,002.20","2,994.07",,0.12%
04.06.2021,"2,997.36","2,971.56","2,999.34","2,970.12",,0.82%
03.06.2021,"2,972.87","2,986.36","2,989.71","2,959.71",,-0.44%
02.06.2021,"2,985.97","2,980.63","2,990.57","2,979.42",,0.13%
01.06.2021,"2,982.02","2,976.98","2,998.05","2,975.18",,0.21%
31.05.2021,"2,975.70","2,979.17","2,980.03","2,975.24",,-0.12%
28.05.2021,"2,979.30","2,972.42","2,987.71","2,972.42",,0.29%
27.05.2021,"2,970.64","2,967.48","2,977.96","2,965.51",,0.04%
26.05.2021,"2,969.51","2,965.22","2,971.87","2,963.08",,0.13%
25.05.2021,"2,965.51","2,966.94","2,979.38","2,963.54",,-0.03%
24.05.2021,"2,966.44","2,942.55","2,972.19","2,942.42",,0.79%
21.05.2021,"2,943.13","2,943.34","2,960.20","2,940.00",,0.03%
20.05.2021,"2,942.21","2,906.30","2,949.46","2,906.26",,1.07%
19.05.2021,"2,910.94","2,926.50","2,926.90","2,879.90",,-0.61%
18.05.2021,"2,928.68","2,935.56","2,948.06","2,928.51",,-0.19%
17.05.2021,"2,934.18","2,940.80","2,941.53","2,924.32",,-0.15%
14.05.2021,"2,938.63","2,894.24","2,943.54","2,894.24",,1.60%
13.05.2021,"2,892.48","2,874.75","2,902.14","2,860.30",,0.55%
12.05.2021,"2,876.79","2,927.25","2,928.00","2,872.71",,-1.76%
11.05.2021,"2,928.33","2,958.89","2,958.94","2,904.79",,-1.12%
10.05.2021,"2,961.57","2,981.70","2,985.47","2,960.50",,-0.60%
07.05.2021,"2,979.41","2,953.06","2,983.88","2,952.55",,0.93%
06.05.2021,"2,952.03","2,934.01","2,952.75","2,923.30",,0.65%
05.05.2021,"2,932.84","2,921.80","2,942.85","2,921.03",,0.35%
04.05.2021,"2,922.50","2,947.63","2,948.14","2,903.13",,-0.89%
03.05.2021,"2,948.67","2,938.21","2,957.17","2,936.12",,0.34%
30.04.2021,"2,938.76","2,964.14","2,964.43","2,934.49",,-0.83%
29.04.2021,"2,963.31","2,955.79","2,972.72","2,947.28",,0.39%
28.04.2021,"2,951.88","2,951.37","2,963.79","2,949.97",,0.00%
27.04.2021,"2,952.01","2,955.46","2,955.46","2,946.36",,-0.14%
26.04.2021,"2,956.13","2,949.19","2,959.29","2,948.50",,0.34%
23.04.2021,"2,946.11","2,922.32","2,955.59","2,921.40",,0.76%
22.04.2021,"2,923.91","2,935.41","2,944.86","2,917.25",,-0.31%
21.04.2021,"2,932.98","2,911.91","2,933.64","2,904.85",,0.59%
20.04.2021,"2,915.78","2,942.68","2,943.30","2,906.56",,-0.96%
19.04.2021,"2,944.05","2,952.81","2,959.08","2,937.82",,-0.31%
16.04.2021,"2,953.35","2,942.06","2,956.02","2,939.34",,0.39%
15.04.2021,"2,941.75","2,914.63","2,943.10","2,914.09",,0.97%
14.04.2021,"2,913.53","2,920.20","2,928.43","2,912.45",,-0.16%
13.04.2021,"2,918.19","2,907.86","2,922.84","2,905.74",,0.38%
12.04.2021,"2,907.25","2,910.81","2,910.94","2,900.38",,-0.10%
09.04.2021,"2,910.10","2,897.11","2,910.53","2,893.18",,0.50%
08.04.2021,"2,895.61","2,878.66","2,896.91","2,877.77",,0.50%
07.04.2021,"2,881.15","2,877.69","2,884.42","2,874.18",,0.17%
06.04.2021,"2,876.23","2,874.37","2,882.76","2,869.18",,0.11%
05.04.2021,"2,872.97","2,843.18","2,875.43","2,842.35",,1.09%
02.04.2021,"2,841.89","2,842.74","2,844.17","2,841.89",,0.06%
01.04.2021,"2,840.19","2,809.98","2,841.34","2,809.16",,1.01%
31.03.2021,"2,811.70","2,805.16","2,821.86","2,801.01",,0.24%
30.03.2021,"2,805.10","2,811.92","2,812.30","2,795.88",,-0.23%
29.03.2021,"2,811.53","2,814.57","2,817.38","2,798.11",,-0.12%
26.03.2021,"2,814.86","2,775.40","2,816.12","2,775.23",,1.43%
25.03.2021,"2,775.05","2,765.86","2,779.84","2,744.82",,0.28%
24.03.2021,"2,767.26","2,785.91","2,794.26","2,766.20",,-0.74%
23.03.2021,"2,788.01","2,809.44","2,811.62","2,782.13",,-0.77%
22.03.2021,"2,809.65","2,794.78","2,817.03","2,789.10",,0.48%
19.03.2021,"2,796.14","2,801.09","2,804.17","2,777.94",,-0.22%
18.03.2021,"2,802.27","2,833.39","2,836.26","2,799.09",,-0.87%
17.03.2021,"2,826.79","2,823.04","2,837.30","2,805.91",,0.11%
16.03.2021,"2,823.69","2,822.60","2,834.43","2,818.79",,0.07%
15.03.2021,"2,821.85","2,807.66","2,823.49","2,797.29",,0.52%
12.03.2021,"2,807.21","2,807.58","2,809.57","2,789.30",,0.04%
11.03.2021,"2,806.07","2,777.39","2,816.78","2,775.53",,1.11%
10.03.2021,"2,775.34","2,763.36","2,786.48","2,758.51",,0.49%
09.03.2021,"2,761.82","2,723.24","2,776.29","2,721.18",,1.44%
08.03.2021,"2,722.64","2,729.74","2,754.21","2,721.63",,-0.22%
05.03.2021,"2,728.56","2,701.52","2,734.05","2,670.21",,0.82%
04.03.2021,"2,706.48","2,740.34","2,744.20","2,678.72",,-1.28%
03.03.2021,"2,741.68","2,769.89","2,776.16","2,740.34",,-0.96%
02.03.2021,"2,768.25","2,784.75","2,788.29","2,768.25",,-0.56%
01.03.2021,"2,783.70","2,727.78","2,788.89","2,727.55",,2.08%
26.02.2021,"2,726.91","2,756.09","2,756.09","2,712.91",,-1.21%
25.02.2021,"2,760.26","2,807.16","2,813.96","2,748.67",,-1.50%
24.02.2021,"2,802.40","2,788.36","2,806.61","2,766.89",,0.47%
23.02.2021,"2,789.21","2,788.98","2,795.20","2,743.05",,0.04%
22.02.2021,"2,788.11","2,806.86","2,811.00","2,788.11",,-0.65%
19.02.2021,"2,806.47","2,803.00","2,818.76","2,800.34",,0.13%
18.02.2021,"2,802.92","2,816.86","2,817.87","2,787.06",,-0.46%
17.02.2021,"2,815.98","2,826.57","2,826.57","2,800.41",,-0.43%
16.02.2021,"2,828.15","2,830.53","2,838.40","2,821.92",,-0.05%
15.02.2021,"2,829.67","2,820.78","2,830.70","2,820.66",,0.38%
12.02.2021,"2,818.85","2,806.83","2,819.94","2,799.75",,0.42%
11.02.2021,"2,807.16","2,800.18","2,811.80","2,793.70",,0.23%
10.02.2021,"2,800.68","2,799.73","2,814.78","2,785.18",,0.08%
09.02.2021,"2,798.55","2,795.96","2,802.96","2,791.89",,0.10%
08.02.2021,"2,795.89","2,774.62","2,796.07","2,774.58",,0.81%
05.02.2021,"2,773.45","2,759.34","2,777.22","2,759.23",,0.57%
04.02.2021,"2,757.66","2,738.71","2,757.66","2,734.43",,0.72%
03.02.2021,"2,737.93","2,734.86","2,746.71","2,730.56",,0.22%
02.02.2021,"2,731.95","2,697.46","2,739.33","2,697.46",,1.26%
01.02.2021,"2,697.88","2,659.13","2,702.49","2,659.13",,1.36%
29.01.2021,"2,661.69","2,711.00","2,711.59","2,649.92",,-1.80%
28.01.2021,"2,710.60","2,691.29","2,731.76","2,677.39",,0.60%
27.01.2021,"2,694.42","2,755.14","2,755.83","2,685.39",,-2.17%
26.01.2021,"2,754.12","2,757.42","2,768.23","2,752.62",,-0.10%
25.01.2021,"2,756.87","2,755.36","2,762.58","2,726.18",,0.04%
22.01.2021,"2,755.66","2,766.27","2,766.44","2,749.02",,-0.36%
21.01.2021,"2,765.57","2,763.62","2,770.88","2,760.68",,0.15%
20.01.2021,"2,761.48","2,732.70","2,765.16","2,731.82",,1.06%
19.01.2021,"2,732.48","2,713.57","2,736.01","2,713.52",,0.70%
18.01.2021,"2,713.49","2,711.70","2,713.92","2,709.93",,-0.05%
15.01.2021,"2,714.81","2,739.16","2,739.88","2,702.02",,-0.85%
14.01.2021,"2,738.09","2,739.99","2,751.99","2,738.09",,-0.06%
13.01.2021,"2,739.87","2,737.73","2,746.01","2,731.39",,0.20%
12.01.2021,"2,734.40","2,730.70","2,740.53","2,722.16",,0.16%
11.01.2021,"2,730.05","2,751.15","2,751.15","2,722.14",,-0.84%
08.01.2021,"2,753.31","2,735.27","2,754.11","2,729.57",,0.70%
07.01.2021,"2,734.19","2,703.01","2,738.63","2,702.28",,1.28%
06.01.2021,"2,699.51","2,685.94","2,719.15","2,677.25",,0.57%
05.01.2021,"2,684.18","2,668.91","2,690.33","2,666.18",,0.53%
04.01.2021,"2,670.04","2,690.12","2,709.18","2,649.36",,-0.74%
01.01.2021,"2,690.04","2,690.04","2,690.04","2,690.04",,0.00%
31.12.2020,"2,690.04","2,686.27","2,690.77","2,677.61",,0.15%
30.12.2020,"2,686.06","2,682.66","2,693.57","2,680.36",,0.14%
29.12.2020,"2,682.18","2,678.81","2,699.37","2,678.81",,0.20%
28.12.2020,"2,676.80","2,661.20","2,680.10","2,659.77",,0.66%
25.12.2020,"2,659.27","2,659.40","2,660.22","2,658.97",,0.01%
24.12.2020,"2,659.04","2,651.75","2,659.69","2,651.61",,0.29%
23.12.2020,"2,651.41","2,643.74","2,661.62","2,643.21",,0.32%
22.12.2020,"2,643.07","2,647.63","2,648.95","2,636.53",,-0.07%
21.12.2020,"2,644.97","2,665.71","2,665.86","2,612.71",,-0.80%
18.12.2020,"2,666.30","2,675.20","2,676.01","2,654.23",,-0.32%
17.12.2020,"2,674.87","2,655.82","2,675.30","2,654.94",,0.76%
16.12.2020,"2,654.79","2,644.90","2,659.98","2,644.90",,0.42%
15.12.2020,"2,643.74","2,620.38","2,645.27","2,617.19",,0.93%
14.12.2020,"2,619.43","2,624.17","2,645.80","2,619.43",,-0.09%
11.12.2020,"2,621.89","2,629.67","2,631.37","2,606.81",,-0.25%
10.12.2020,"2,628.58","2,626.33","2,633.47","2,610.03",,0.04%
09.12.2020,"2,627.53","2,641.62","2,652.36","2,619.21",,-0.55%
08.12.2020,"2,642.05","2,634.48","2,644.48","2,627.16",,0.23%
07.12.2020,"2,635.88","2,639.26","2,640.18","2,629.72",,-0.14%
04.12.2020,"2,639.66","2,620.29","2,639.66","2,619.52",,0.70%
03.12.2020,"2,621.28","2,616.34","2,628.14","2,613.75",,0.28%
02.12.2020,"2,613.91","2,612.20","2,616.16","2,598.63",,0.19%
01.12.2020,"2,609.01","2,581.24","2,617.58","2,581.20",,1.00%
30.11.2020,"2,583.14","2,602.25","2,602.25","2,572.12",,-0.70%
27.11.2020,"2,601.45","2,590.59","2,603.87","2,590.02",,0.44%
26.11.2020,"2,590.15","2,590.31","2,593.15","2,589.34",,0.02%
25.11.2020,"2,589.67","2,588.84","2,593.34","2,580.30",,0.10%
24.11.2020,"2,587.19","2,547.84","2,590.55","2,547.84",,1.58%
23.11.2020,"2,546.90","2,540.07","2,557.94","2,535.94",,0.27%
20.11.2020,"2,540.02","2,547.75","2,551.11","2,539.97",,-0.25%
19.11.2020,"2,546.31","2,541.80","2,549.50","2,526.58",,0.12%
18.11.2020,"2,543.36","2,558.09","2,565.99","2,541.48",,-0.59%
17.11.2020,"2,558.43","2,563.58","2,564.80","2,545.01",,-0.12%
16.11.2020,"2,561.50","2,530.60","2,562.62","2,530.60",,1.27%
13.11.2020,"2,529.29","2,508.43","2,533.82","2,504.41",,0.80%
12.11.2020,"2,509.24","2,529.58","2,530.74","2,499.67",,-0.75%
11.11.2020,"2,528.25","2,507.09","2,532.60","2,507.07",,0.84%
10.11.2020,"2,507.10","2,503.49","2,512.04","2,487.55",,0.20%
09.11.2020,"2,502.06","2,470.47","2,546.16","2,470.47",,1.30%
06.11.2020,"2,470.05","2,466.90","2,475.42","2,456.46",,0.14%
05.11.2020,"2,466.58","2,416.53","2,474.76","2,416.53",,2.07%
04.11.2020,"2,416.61","2,371.55","2,436.57","2,360.67",,2.00%
03.11.2020,"2,369.27","2,323.46","2,377.88","2,323.36",,2.03%
02.11.2020,"2,322.14","2,293.39","2,332.02","2,293.39",,1.27%
30.10.2020,"2,292.93","2,319.66","2,320.30","2,276.24",,-1.10%
29.10.2020,"2,318.44","2,304.05","2,333.92","2,293.81",,0.51%
28.10.2020,"2,306.65","2,378.28","2,380.33","2,305.62",,-3.15%
27.10.2020,"2,381.65","2,388.32","2,391.82","2,379.94",,-0.35%
26.10.2020,"2,390.08","2,431.14","2,432.22","2,372.21",,-1.66%
23.10.2020,"2,430.54","2,420.97","2,433.05","2,418.15",,0.39%
22.10.2020,"2,421.00","2,414.29","2,423.78","2,400.07",,0.13%
21.10.2020,"2,417.83","2,423.71","2,435.01","2,416.51",,-0.20%
20.10.2020,"2,422.71","2,415.72","2,439.15","2,412.64",,0.21%
19.10.2020,"2,417.69","2,441.48","2,454.27","2,413.39",,-0.92%
16.10.2020,"2,440.14","2,435.99","2,457.68","2,433.53",,0.17%
15.10.2020,"2,435.93","2,452.27","2,452.82","2,414.58",,-0.72%
14.10.2020,"2,453.61","2,462.67","2,473.28","2,448.38",,-0.43%
13.10.2020,"2,464.18","2,479.03","2,479.17","2,458.45",,-0.55%
12.10.2020,"2,477.92","2,447.82","2,484.98","2,447.01",,1.23%
09.10.2020,"2,447.76","2,428.23","2,450.50","2,427.29",,0.84%
08.10.2020,"2,427.36","2,410.57","2,428.08","2,409.85",,0.75%
07.10.2020,"2,409.39","2,379.19","2,412.95","2,378.01",,1.13%
06.10.2020,"2,382.57","2,403.31","2,415.90","2,377.34",,-0.87%
05.10.2020,"2,403.50","2,362.55","2,403.50","2,362.52",,1.74%
02.10.2020,"2,362.41","2,380.72","2,382.07","2,346.41",,-0.74%
01.10.2020,"2,380.02","2,367.51","2,387.01","2,367.35",,0.54%
30.09.2020,"2,367.27","2,360.73","2,381.98","2,350.85",,0.32%
29.09.2020,"2,359.63","2,367.45","2,371.63","2,355.87",,-0.29%
28.09.2020,"2,366.41","2,327.95","2,371.99","2,327.79",,1.70%
25.09.2020,"2,326.85","2,302.97","2,331.29","2,289.77",,1.15%
24.09.2020,"2,300.30","2,303.37","2,318.54","2,280.83",,-0.23%
23.09.2020,"2,305.57","2,343.34","2,352.16","2,302.40",,-1.61%
22.09.2020,"2,343.39","2,329.88","2,346.04","2,321.67",,0.60%
21.09.2020,"2,329.49","2,366.63","2,368.13","2,300.42",,-1.63%
18.09.2020,"2,367.99","2,385.69","2,388.43","2,353.65",,-0.65%
17.09.2020,"2,383.54","2,401.54","2,401.60","2,368.72",,-0.83%
16.09.2020,"2,403.50","2,407.74","2,424.78","2,401.11",,-0.19%
15.09.2020,"2,407.97","2,394.92","2,418.55","2,393.55",,0.48%
14.09.2020,"2,396.37","2,369.28","2,404.50","2,369.28",,1.19%
11.09.2020,"2,368.14","2,365.08","2,383.34","2,352.99",,0.01%
10.09.2020,"2,367.80","2,395.21","2,413.49","2,360.37",,-1.08%
09.09.2020,"2,393.75","2,350.96","2,405.82","2,348.25",,1.67%
08.09.2020,"2,354.41","2,408.15","2,410.19","2,352.64",,-2.23%
07.09.2020,"2,408.05","2,401.09","2,408.79","2,399.96",,0.35%
04.09.2020,"2,399.60","2,423.92","2,433.90","2,357.31",,-1.08%
03.09.2020,"2,425.78","2,495.94","2,500.32","2,413.05",,-2.74%
02.09.2020,"2,494.10","2,466.57","2,497.61","2,465.07",,1.09%
01.09.2020,"2,467.25","2,453.75","2,467.25","2,448.25",,0.48%
31.08.2020,"2,455.51","2,458.97","2,461.35","2,450.44",,-0.05%
28.08.2020,"2,456.86","2,444.00","2,457.86","2,442.76",,0.58%
27.08.2020,"2,442.79","2,447.61","2,453.57","2,434.50",,-0.13%
26.08.2020,"2,446.05","2,423.60","2,447.66","2,420.34",,0.95%
25.08.2020,"2,422.95","2,417.60","2,425.05","2,414.40",,0.24%
24.08.2020,"2,417.05","2,393.08","2,417.05","2,392.26",,1.04%
21.08.2020,"2,392.11","2,392.91","2,394.79","2,382.35",,0.12%
20.08.2020,"2,389.15","2,389.82","2,393.64","2,371.46",,-0.22%
19.08.2020,"2,394.47","2,400.39","2,406.65","2,388.33",,-0.20%
18.08.2020,"2,399.37","2,394.26","2,405.86","2,388.89",,0.23%
17.08.2020,"2,393.97","2,384.15","2,396.20","2,381.11",,0.41%
14.08.2020,"2,384.20","2,389.12","2,390.16","2,379.00",,-0.25%
13.08.2020,"2,390.08","2,392.64","2,396.54","2,383.42",,-0.07%
12.08.2020,"2,391.80","2,358.36","2,394.46","2,357.01",,1.37%
11.08.2020,"2,359.47","2,360.61","2,382.53","2,354.91",,-0.06%
10.08.2020,"2,360.87","2,355.69","2,364.04","2,347.82",,0.21%
07.08.2020,"2,355.97","2,360.56","2,360.86","2,344.19",,-0.17%
06.08.2020,"2,359.89","2,355.17","2,361.81","2,343.99",,0.17%
05.08.2020,"2,355.94","2,339.20","2,357.69","2,337.34",,0.82%
04.08.2020,"2,336.82","2,327.09","2,339.32","2,323.93",,0.55%
03.08.2020,"2,324.08","2,304.21","2,329.36","2,301.66",,0.83%
31.07.2020,"2,304.98","2,307.08","2,311.56","2,279.06",,0.04%
30.07.2020,"2,304.01","2,321.12","2,321.60","2,278.69",,-0.68%
29.07.2020,"2,319.71","2,298.43","2,324.13","2,296.82",,0.86%
28.07.2020,"2,299.91","2,311.30","2,313.56","2,298.64",,-0.51%
27.07.2020,"2,311.62","2,290.64","2,311.62","2,289.95",,0.87%
24.07.2020,"2,291.58","2,307.94","2,309.35","2,282.51",,-0.72%
23.07.2020,"2,308.12","2,327.01","2,332.03","2,301.75",,-0.84%
22.07.2020,"2,327.76","2,322.50","2,329.00","2,314.82",,0.27%
21.07.2020,"2,321.55","2,313.93","2,333.64","2,313.93",,0.37%
20.07.2020,"2,312.95","2,295.59","2,315.91","2,290.54",,0.83%
17.07.2020,"2,293.92","2,286.83","2,299.23","2,283.22",,0.22%
16.07.2020,"2,288.81","2,298.47","2,298.47","2,279.16",,-0.43%
15.07.2020,"2,298.78","2,272.82","2,306.12","2,272.82",,1.24%
14.07.2020,"2,270.69","2,250.97","2,272.20","2,232.93",,0.75%
13.07.2020,"2,253.76","2,260.07","2,294.70","2,249.28",,-0.26%
10.07.2020,"2,259.60","2,240.02","2,259.60","2,232.56",,0.84%
09.07.2020,"2,240.73","2,253.46","2,260.79","2,221.54",,-0.53%
08.07.2020,"2,252.64","2,241.37","2,255.37","2,235.52",,0.42%
07.07.2020,"2,243.17","2,263.58","2,265.32","2,241.29",,-0.93%
06.07.2020,"2,264.29","2,226.82","2,265.66","2,226.81",,1.70%
03.07.2020,"2,226.39","2,229.25","2,231.32","2,224.53",,-0.06%
02.07.2020,"2,227.65","2,211.70","2,247.99","2,211.07",,0.74%
01.07.2020,"2,211.27","2,202.77","2,216.99","2,194.91",,0.43%
30.06.2020,"2,201.79","2,178.80","2,207.66","2,173.62",,1.16%
29.06.2020,"2,176.44","2,156.81","2,176.89","2,148.60",,0.89%
26.06.2020,"2,157.19","2,195.11","2,203.41","2,157.02",,-1.65%
25.06.2020,"2,193.40","2,176.85","2,194.75","2,160.47",,0.61%
24.06.2020,"2,180.12","2,234.47","2,235.58","2,171.19",,-2.50%
23.06.2020,"2,236.04","2,220.90","2,246.32","2,215.22",,0.82%
22.06.2020,"2,217.82","2,207.41","2,220.10","2,198.59",,0.40%
19.06.2020,"2,208.97","2,215.22","2,237.26","2,201.70",,-0.30%
18.06.2020,"2,215.64","2,218.24","2,220.16","2,203.36",,-0.10%
17.06.2020,"2,217.90","2,220.53","2,231.61","2,214.51",,-0.05%
16.06.2020,"2,219.10","2,175.76","2,238.02","2,175.76",,2.19%
15.06.2020,"2,171.44","2,163.37","2,179.99","2,116.44",,0.32%
12.06.2020,"2,164.46","2,148.23","2,196.02","2,135.87",,0.47%
11.06.2020,"2,154.44","2,266.86","2,267.28","2,149.94",,-4.98%
10.06.2020,"2,267.36","2,273.08","2,285.90","2,261.83",,-0.35%
09.06.2020,"2,275.28","2,289.24","2,291.59","2,266.21",,-0.56%
08.06.2020,"2,288.04","2,268.33","2,289.20","2,263.83",,0.94%
05.06.2020,"2,266.76","2,217.31","2,274.68","2,216.20",,2.18%
04.06.2020,"2,218.50","2,223.77","2,227.91","2,207.65",,-0.18%
03.06.2020,"2,222.54","2,187.95","2,226.83","2,187.95",,1.62%
02.06.2020,"2,187.09","2,164.68","2,187.09","2,164.55",,1.07%
01.06.2020,"2,163.92","2,147.96","2,166.85","2,147.63",,0.75%
29.05.2020,"2,147.88","2,147.81","2,149.63","2,126.32",,-0.02%
28.05.2020,"2,148.33","2,140.17","2,167.71","2,139.70",,0.53%
27.05.2020,"2,136.90","2,114.36","2,138.66","2,102.49",,1.07%
26.05.2020,"2,114.27","2,083.10","2,127.61","2,083.04",,1.56%
25.05.2020,"2,081.83","2,073.92","2,082.05","2,073.37",,0.48%
22.05.2020,"2,071.90","2,074.80","2,075.39","2,059.83",,-0.11%
21.05.2020,"2,074.10","2,091.48","2,093.14","2,068.48",,-0.86%
20.05.2020,"2,092.03","2,060.37","2,096.69","2,058.77",,1.49%
19.05.2020,"2,061.37","2,071.66","2,081.85","2,060.39",,-0.37%
18.05.2020,"2,069.00","2,009.06","2,077.02","2,008.37",,3.02%
15.05.2020,"2,008.41","2,001.32","2,008.77","1,986.80",,0.43%
14.05.2020,"1,999.89","1,997.23","2,000.16","1,952.89",,0.07%
13.05.2020,"1,998.48","2,030.87","2,032.60","1,984.49",,-1.75%
12.05.2020,"2,034.06","2,059.96","2,070.81","2,032.05",,-1.29%
11.05.2020,"2,060.70","2,060.82","2,066.39","2,045.32",,-0.06%
08.05.2020,"2,061.89","2,030.43","2,061.89","2,030.43",,1.77%
07.05.2020,"2,026.12","2,005.93","2,038.13","2,005.04",,0.92%
06.05.2020,"2,007.60","2,018.21","2,030.00","2,006.85",,-0.52%
05.05.2020,"2,018.11","1,998.17","2,032.59","1,998.17",,1.02%
04.05.2020,"1,997.75","2,002.13","2,002.13","1,976.01",,-0.35%
01.05.2020,"2,004.79","2,049.78","2,050.13","1,999.44",,-2.34%
30.04.2020,"2,052.85","2,072.60","2,077.74","2,043.10",,-0.86%
29.04.2020,"2,070.76","2,023.90","2,078.66","2,023.90",,2.34%
28.04.2020,"2,023.35","2,021.91","2,053.65","2,020.14",,0.04%
27.04.2020,"2,022.49","1,988.73","2,026.66","1,988.41",,1.75%
24.04.2020,"1,987.65","1,971.62","1,990.67","1,964.37",,0.67%
23.04.2020,"1,974.38","1,968.46","1,999.55","1,967.52",,0.31%
22.04.2020,"1,968.27","1,930.97","1,974.42","1,928.21",,1.86%
21.04.2020,"1,932.25","1,991.45","1,991.57","1,927.14",,-3.10%
20.04.2020,"1,994.03","2,015.56","2,016.23","1,989.25",,-1.16%
17.04.2020,"2,017.51","1,966.08","2,018.69","1,966.08",,2.71%
16.04.2020,"1,964.33","1,957.89","1,969.81","1,947.01",,0.21%
15.04.2020,"1,960.20","2,007.24","2,008.26","1,949.68",,-2.32%
14.04.2020,"2,006.81","1,958.46","2,009.73","1,957.92",,2.56%
13.04.2020,"1,956.75","1,970.82","1,971.84","1,936.96",,-0.77%
10.04.2020,"1,971.95","1,969.51","1,972.79","1,968.00",,0.06%
09.04.2020,"1,970.67","1,939.83","1,985.11","1,938.34",,1.58%
08.04.2020,"1,940.08","1,896.30","1,944.56","1,889.37",,2.38%
07.04.2020,"1,895.04","1,883.20","1,945.55","1,882.98",,0.72%
06.04.2020,"1,881.48","1,775.95","1,887.42","1,775.61",,5.89%
03.04.2020,"1,776.86","1,802.87","1,804.73","1,763.77",,-1.45%
02.04.2020,"1,803.07","1,781.33","1,810.91","1,765.26",,1.22%
01.04.2020,"1,781.27","1,855.09","1,856.84","1,771.13",,-3.86%
31.03.2020,"1,852.73","1,871.00","1,881.14","1,847.48",,-0.95%
30.03.2020,"1,870.48","1,829.35","1,873.55","1,818.03",,2.37%
27.03.2020,"1,827.17","1,876.21","1,884.92","1,811.35",,-2.58%
26.03.2020,"1,875.56","1,788.40","1,879.92","1,779.88",,5.02%
25.03.2020,"1,785.99","1,745.35","1,834.67","1,739.01",,2.49%
24.03.2020,"1,742.61","1,605.52","1,742.61","1,605.43",,8.77%
23.03.2020,"1,602.11","1,647.45","1,652.22","1,579.14",,-2.96%
20.03.2020,"1,650.94","1,690.04","1,729.69","1,644.91",,-2.57%
19.03.2020,"1,694.45","1,684.07","1,717.87","1,636.94",,0.73%
18.03.2020,"1,682.25","1,774.56","1,778.49","1,626.51",,-5.11%
17.03.2020,"1,772.93","1,702.25","1,788.52","1,683.91",,4.12%
16.03.2020,"1,702.79","1,885.08","1,885.45","1,699.79",,-9.51%
13.03.2020,"1,881.64","1,778.10","1,882.28","1,760.17",,5.92%
12.03.2020,"1,776.52","1,970.61","1,970.61","1,776.52",,-9.91%
11.03.2020,"1,972.04","2,049.04","2,054.74","1,956.02",,-3.89%
10.03.2020,"2,051.96","1,994.60","2,051.96","1,982.51",,2.84%
09.03.2020,"1,995.22","2,152.33","2,152.46","1,992.29",,-7.17%
06.03.2020,"2,149.29","2,194.79","2,194.79","2,116.32",,-1.96%
05.03.2020,"2,192.35","2,243.17","2,248.62","2,182.53",,-2.26%
04.03.2020,"2,243.09","2,179.29","2,243.22","2,175.99",,2.92%
03.03.2020,"2,179.48","2,212.99","2,249.35","2,167.64",,-1.49%
02.03.2020,"2,212.38","2,144.07","2,212.53","2,139.85",,3.33%
28.02.2020,"2,141.12","2,175.92","2,176.00","2,087.86",,-1.66%
27.02.2020,"2,177.25","2,258.95","2,259.07","2,177.16",,-3.60%
26.02.2020,"2,258.62","2,269.19","2,291.63","2,254.23",,-0.48%
25.02.2020,"2,269.42","2,328.51","2,330.67","2,265.53",,-2.63%
24.02.2020,"2,330.75","2,401.75","2,401.99","2,326.23",,-3.00%
21.02.2020,"2,402.80","2,419.40","2,420.58","2,398.97",,-0.72%
20.02.2020,"2,420.21","2,431.02","2,433.95","2,405.54",,-0.45%
19.02.2020,"2,431.22","2,420.85","2,433.60","2,420.18",,0.40%
18.02.2020,"2,421.47","2,431.13","2,431.19","2,413.78",,-0.38%
17.02.2020,"2,430.69","2,431.44","2,432.17","2,428.73",,-0.03%
14.02.2020,"2,431.37","2,429.32","2,432.25","2,425.30",,0.06%
13.02.2020,"2,429.89","2,433.95","2,434.49","2,420.96",,-0.21%
12.02.2020,"2,434.95","2,421.72","2,434.95","2,420.87",,0.57%
11.02.2020,"2,421.26","2,412.73","2,430.14","2,412.72",,0.34%
10.02.2020,"2,413.10","2,403.52","2,413.10","2,397.12",,0.35%
07.02.2020,"2,404.75","2,416.56","2,416.66","2,401.12",,-0.49%
06.02.2020,"2,416.48","2,405.10","2,417.48","2,405.09",,0.48%
05.02.2020,"2,404.96","2,383.61","2,406.20","2,383.61",,0.91%
04.02.2020,"2,383.30","2,351.21","2,388.03","2,350.55",,1.35%
03.02.2020,"2,351.45","2,342.14","2,361.26","2,338.51",,0.39%
31.01.2020,"2,342.41","2,371.64","2,374.68","2,337.97",,-1.25%
30.01.2020,"2,372.01","2,374.43","2,374.78","2,351.68",,-0.06%
29.01.2020,"2,373.52","2,373.77","2,383.07","2,371.95",,0.04%
28.01.2020,"2,372.52","2,355.87","2,377.71","2,352.94",,0.70%
27.01.2020,"2,356.09","2,396.25","2,396.58","2,354.15",,-1.64%
24.01.2020,"2,395.31","2,406.23","2,415.43","2,389.24",,-0.45%
23.01.2020,"2,406.14","2,410.86","2,411.19","2,395.44",,-0.17%
22.01.2020,"2,410.23","2,408.55","2,419.06","2,408.52",,0.04%
21.01.2020,"2,409.29","2,415.62","2,415.62","2,406.77",,-0.24%
20.01.2020,"2,415.03","2,415.19","2,416.53","2,413.95",,-0.02%
17.01.2020,"2,415.51","2,407.19","2,415.51","2,406.42",,0.39%
16.01.2020,"2,406.17","2,393.16","2,406.18","2,392.41",,0.59%
15.01.2020,"2,392.06","2,388.32","2,396.93","2,386.35",,0.15%
14.01.2020,"2,388.50","2,388.41","2,394.27","2,385.46",,0.01%
13.01.2020,"2,388.25","2,377.24","2,388.49","2,375.71",,0.45%
10.01.2020,"2,377.62","2,380.47","2,386.53","2,375.80",,-0.09%
09.01.2020,"2,379.85","2,365.75","2,380.67","2,365.69",,0.55%
08.01.2020,"2,366.93","2,362.94","2,372.28","2,357.32",,0.19%
07.01.2020,"2,362.43","2,365.97","2,371.67","2,359.76",,-0.09%
06.01.2020,"2,364.49","2,360.98","2,364.66","2,348.78",,0.06%
03.01.2020,"2,363.12","2,373.88","2,375.75","2,357.68",,-0.54%
02.01.2020,"2,375.94","2,358.01","2,375.94","2,357.16",,0.74%
01.01.2020,"2,358.48","2,358.25","2,358.48","2,358.03",,0.00%
31.12.2019,"2,358.47","2,353.24","2,358.52","2,350.34",,0.22%
30.12.2019,"2,353.25","2,365.60","2,366.87","2,351.65",,-0.49%
27.12.2019,"2,364.90","2,361.08","2,369.20","2,360.69",,0.20%
26.12.2019,"2,360.21","2,351.45","2,360.64","2,351.40",,0.38%
25.12.2019,"2,351.22","2,351.31","2,351.73","2,349.92",,-0.03%
24.12.2019,"2,351.84","2,351.47","2,352.21","2,349.49",,0.05%
23.12.2019,"2,350.75","2,349.13","2,352.75","2,348.65",,0.04%
20.12.2019,"2,349.87","2,340.72","2,351.09","2,339.24",,0.39%
19.12.2019,"2,340.65","2,333.18","2,341.03","2,331.51",,0.32%
18.12.2019,"2,333.28","2,336.47","2,337.94","2,333.11",,-0.14%
17.12.2019,"2,336.62","2,336.95","2,339.03","2,335.06",,-0.04%
16.12.2019,"2,337.45","2,319.52","2,341.11","2,319.52",,0.76%
13.12.2019,"2,319.73","2,314.50","2,329.51","2,313.38",,0.45%
12.12.2019,"2,309.36","2,297.33","2,316.07","2,295.80",,0.62%
11.12.2019,"2,295.02","2,289.37","2,298.87","2,288.04",,0.23%
10.12.2019,"2,289.67","2,292.34","2,294.45","2,285.65",,-0.13%
09.12.2019,"2,292.58","2,298.68","2,300.00","2,292.35",,-0.17%
06.12.2019,"2,296.39","2,279.14","2,299.53","2,279.12",,0.78%
05.12.2019,"2,278.63","2,275.40","2,281.48","2,272.51",,0.14%
04.12.2019,"2,275.47","2,262.84","2,278.44","2,260.39",,0.55%
03.12.2019,"2,263.10","2,276.79","2,277.24","2,250.88",,-0.58%
02.12.2019,"2,276.40","2,291.89","2,296.59","2,274.80",,-0.69%
29.11.2019,"2,292.26","2,302.10","2,302.86","2,291.62",,-0.41%
28.11.2019,"2,301.79","2,303.25","2,303.72","2,301.10",,-0.04%
27.11.2019,"2,302.67","2,295.47","2,302.84","2,295.40",,0.34%
26.11.2019,"2,294.78","2,291.85","2,296.56","2,290.13",,0.18%
25.11.2019,"2,290.65","2,273.60","2,290.70","2,273.55",,0.74%
22.11.2019,"2,273.89","2,269.62","2,277.42","2,268.76",,0.16%
21.11.2019,"2,270.36","2,275.52","2,275.52","2,264.90",,-0.20%
20.11.2019,"2,274.92","2,283.22","2,283.89","2,267.23",,-0.43%
19.11.2019,"2,284.85","2,285.02","2,290.09","2,280.67",,-0.04%
18.11.2019,"2,285.76","2,282.81","2,286.36","2,278.96",,0.13%
15.11.2019,"2,282.80","2,266.54","2,282.80","2,266.37",,0.77%
14.11.2019,"2,265.29","2,268.23","2,268.44","2,260.68",,-0.13%
13.11.2019,"2,268.33","2,270.39","2,270.55","2,259.81",,-0.07%
12.11.2019,"2,270.01","2,265.85","2,275.34","2,264.78",,0.16%
11.11.2019,"2,266.36","2,268.45","2,269.75","2,259.76",,-0.11%
08.11.2019,"2,268.83","2,266.83","2,268.83","2,258.63",,0.09%
07.11.2019,"2,266.69","2,261.01","2,273.18","2,260.98",,0.24%
06.11.2019,"2,261.37","2,260.10","2,261.83","2,256.19",,0.09%
05.11.2019,"2,259.26","2,259.88","2,264.49","2,257.30",,-0.10%
04.11.2019,"2,261.45","2,251.78","2,265.29","2,251.54",,0.42%
01.11.2019,"2,252.07","2,232.03","2,252.07","2,231.82",,0.83%
31.10.2019,"2,233.53","2,238.81","2,241.21","2,226.09",,-0.17%
30.10.2019,"2,237.31","2,231.83","2,240.15","2,226.07",,0.22%
29.10.2019,"2,232.45","2,231.75","2,236.64","2,228.88",,0.05%
28.10.2019,"2,231.40","2,222.21","2,234.51","2,221.92",,0.39%
25.10.2019,"2,222.75","2,215.76","2,224.43","2,211.53",,0.32%
24.10.2019,"2,215.64","2,209.22","2,218.79","2,209.22",,0.33%
23.10.2019,"2,208.28","2,204.11","2,209.22","2,201.32",,0.18%
22.10.2019,"2,204.29","2,209.27","2,213.97","2,203.93",,-0.23%
21.10.2019,"2,209.34","2,196.14","2,209.60","2,195.57",,0.64%
18.10.2019,"2,195.28","2,202.59","2,203.12","2,190.94",,-0.30%
17.10.2019,"2,201.92","2,196.10","2,208.75","2,194.10",,0.30%
16.10.2019,"2,195.35","2,196.33","2,199.97","2,192.77",,-0.06%
15.10.2019,"2,196.61","2,175.56","2,201.11","2,175.35",,0.98%
14.10.2019,"2,175.28","2,179.04","2,179.85","2,172.72",,-0.19%
11.10.2019,"2,179.33","2,151.48","2,190.08","2,151.48",,1.36%
10.10.2019,"2,150.16","2,138.25","2,155.75","2,135.98",,0.59%
09.10.2019,"2,137.62","2,124.27","2,141.63","2,121.99",,0.63%
08.10.2019,"2,124.15","2,150.29","2,153.22","2,124.00",,-1.29%
07.10.2019,"2,151.82","2,154.46","2,159.92","2,148.68",,-0.09%
04.10.2019,"2,153.83","2,129.97","2,155.04","2,129.53",,1.05%
03.10.2019,"2,131.36","2,121.98","2,131.36","2,102.44",,0.47%
02.10.2019,"2,121.47","2,160.07","2,160.35","2,115.92",,-1.71%
01.10.2019,"2,158.47","2,180.50","2,185.82","2,158.47",,-0.99%
30.09.2019,"2,180.02","2,175.69","2,183.02","2,171.70",,0.21%
27.09.2019,"2,175.54","2,181.37","2,186.72","2,167.89",,-0.36%
26.09.2019,"2,183.46","2,185.46","2,188.48","2,176.83",,-0.05%
25.09.2019,"2,184.56","2,182.21","2,185.96","2,168.02",,0.11%
24.09.2019,"2,182.07","2,193.74","2,202.85","2,179.35",,-0.53%
23.09.2019,"2,193.74","2,197.88","2,198.29","2,188.74",,-0.17%
20.09.2019,"2,197.55","2,205.39","2,209.32","2,195.02",,-0.32%
19.09.2019,"2,204.67","2,200.19","2,211.52","2,200.19",,0.17%
18.09.2019,"2,201.02","2,202.95","2,202.95","2,185.64",,-0.03%
17.09.2019,"2,201.77","2,195.58","2,203.03","2,193.19",,0.27%
16.09.2019,"2,195.88","2,206.79","2,207.05","2,193.22",,-0.45%
13.09.2019,"2,205.81","2,202.11","2,211.21","2,201.94",,0.18%
12.09.2019,"2,201.81","2,195.26","2,208.16","2,195.09",,0.34%
11.09.2019,"2,194.42","2,179.56","2,194.50","2,179.56",,0.69%
10.09.2019,"2,179.43","2,178.22","2,179.43","2,166.64",,0.05%
09.09.2019,"2,178.41","2,177.68","2,183.82","2,174.86",,-0.02%
06.09.2019,"2,178.90","2,174.88","2,181.29","2,174.75",,0.21%
05.09.2019,"2,174.27","2,151.56","2,179.86","2,151.46",,1.14%
04.09.2019,"2,149.80","2,126.74","2,150.59","2,125.92",,1.08%
03.09.2019,"2,126.92","2,136.13","2,136.31","2,119.08",,-0.45%
02.09.2019,"2,136.58","2,137.10","2,137.91","2,135.84",,-0.09%
30.08.2019,"2,138.52","2,134.12","2,147.21","2,130.66",,0.26%
29.08.2019,"2,133.08","2,112.04","2,134.92","2,110.78",,1.00%
28.08.2019,"2,111.92","2,104.69","2,112.35","2,093.78",,0.34%
27.08.2019,"2,104.85","2,106.40","2,119.75","2,101.09",,-0.02%
26.08.2019,"2,105.22","2,095.54","2,105.30","2,088.74",,0.51%
23.08.2019,"2,094.63","2,131.54","2,137.20","2,091.58",,-1.74%
22.08.2019,"2,131.68","2,135.49","2,141.50","2,122.58",,-0.18%
21.08.2019,"2,135.52","2,118.44","2,137.87","2,117.63",,0.75%
20.08.2019,"2,119.57","2,131.37","2,134.39","2,119.57",,-0.57%
19.08.2019,"2,131.81","2,109.77","2,135.00","2,109.46",,1.11%
16.08.2019,"2,108.50","2,082.11","2,110.88","2,081.82",,1.23%
15.08.2019,"2,082.84","2,084.34","2,087.99","2,073.22",,-0.16%
14.08.2019,"2,086.26","2,135.53","2,136.40","2,085.05",,-2.26%
13.08.2019,"2,134.54","2,116.28","2,143.94","2,108.50",,0.79%
12.08.2019,"2,117.73","2,135.35","2,139.14","2,112.91",,-0.82%
09.08.2019,"2,135.34","2,148.68","2,149.42","2,127.82",,-0.54%
08.08.2019,"2,146.91","2,112.79","2,147.89","2,112.06",,1.55%
07.08.2019,"2,114.05","2,109.18","2,116.91","2,083.92",,0.23%
06.08.2019,"2,109.20","2,098.47","2,109.98","2,092.80",,0.57%
05.08.2019,"2,097.32","2,149.01","2,149.69","2,087.38",,-2.45%
02.08.2019,"2,149.99","2,172.77","2,172.89","2,140.58",,-1.07%
01.08.2019,"2,173.18","2,182.62","2,201.77","2,171.25",,-0.66%
31.07.2019,"2,187.56","2,202.91","2,205.10","2,172.85",,-0.72%
30.07.2019,"2,203.40","2,213.32","2,214.14","2,197.73",,-0.41%
29.07.2019,"2,212.50","2,215.42","2,217.56","2,209.84",,-0.14%
26.07.2019,"2,215.71","2,205.03","2,216.79","2,203.71",,0.40%
25.07.2019,"2,206.92","2,217.19","2,220.86","2,202.88",,-0.49%
24.07.2019,"2,217.75","2,209.94","2,217.75","2,206.11",,0.37%
23.07.2019,"2,209.59","2,196.23","2,209.59","2,196.17",,0.54%
22.07.2019,"2,197.67","2,193.96","2,199.45","2,192.22",,0.14%
19.07.2019,"2,194.61","2,202.10","2,209.77","2,194.54",,-0.17%
18.07.2019,"2,198.40","2,197.36","2,202.87","2,188.61",,0.02%
17.07.2019,"2,197.94","2,206.86","2,208.55","2,197.94",,-0.46%
16.07.2019,"2,208.09","2,214.29","2,214.39","2,205.57",,-0.28%
15.07.2019,"2,214.34","2,213.69","2,216.32","2,211.85",,0.08%
12.07.2019,"2,212.65","2,204.91","2,213.76","2,204.40",,0.33%
11.07.2019,"2,205.35","2,202.24","2,208.80","2,199.91",,0.19%
10.07.2019,"2,201.14","2,192.37","2,208.05","2,191.80",,0.34%
09.07.2019,"2,193.65","2,194.86","2,195.32","2,184.60",,-0.04%
08.07.2019,"2,194.62","2,205.54","2,205.63","2,192.12",,-0.50%
05.07.2019,"2,205.57","2,215.52","2,215.94","2,192.71",,-0.43%
04.07.2019,"2,215.17","2,214.59","2,215.90","2,214.33",,0.08%
03.07.2019,"2,213.35","2,198.42","2,213.45","2,197.73",,0.67%
02.07.2019,"2,198.55","2,191.01","2,198.88","2,190.77",,0.29%
01.07.2019,"2,192.24","2,177.61","2,200.66","2,177.59",,0.64%
28.06.2019,"2,178.35","2,166.34","2,178.35","2,165.38",,0.55%
27.06.2019,"2,166.48","2,158.66","2,168.47","2,158.37",,0.37%
26.06.2019,"2,158.41","2,161.51","2,168.26","2,157.71",,-0.25%
25.06.2019,"2,163.73","2,178.60","2,180.10","2,162.08",,-0.66%
24.06.2019,"2,178.17","2,181.23","2,183.25","2,178.17",,0.00%
21.06.2019,"2,178.16","2,184.05","2,184.95","2,176.84",,-0.24%
20.06.2019,"2,183.36","2,164.09","2,186.67","2,164.06",,1.01%
19.06.2019,"2,161.60","2,153.22","2,165.47","2,153.01",,0.50%
18.06.2019,"2,150.91","2,130.83","2,157.73","2,129.35",,0.94%
17.06.2019,"2,130.86","2,129.53","2,135.64","2,128.56",,0.00%
14.06.2019,"2,130.95","2,137.60","2,137.82","2,126.98",,-0.28%
13.06.2019,"2,136.96","2,131.97","2,139.67","2,130.55",,0.12%
12.06.2019,"2,134.42","2,139.60","2,140.87","2,131.43",,-0.25%
11.06.2019,"2,139.74","2,135.93","2,153.16","2,135.64",,0.20%
10.06.2019,"2,135.51","2,126.41","2,144.08","2,126.09",,0.41%
07.06.2019,"2,126.88","2,103.86","2,133.33","2,103.68",,1.08%
06.06.2019,"2,104.18","2,093.28","2,107.11","2,092.99",,0.40%
05.06.2019,"2,095.83","2,080.35","2,095.83","2,080.35",,0.87%
04.06.2019,"2,077.66","2,047.90","2,079.78","2,045.76",,1.59%
03.06.2019,"2,045.06","2,046.47","2,053.80","2,039.89",,-0.06%
31.05.2019,"2,046.25","2,066.41","2,066.78","2,042.57",,-0.98%
30.05.2019,"2,066.48","2,063.39","2,072.14","2,061.76",,0.08%
29.05.2019,"2,064.80","2,083.02","2,083.08","2,056.73",,-0.95%
28.05.2019,"2,084.57","2,096.57","2,104.40","2,084.19",,-0.57%
27.05.2019,"2,096.43","2,095.80","2,098.62","2,095.39",,0.07%
24.05.2019,"2,095.03","2,087.25","2,102.50","2,086.59",,0.36%
23.05.2019,"2,087.46","2,111.13","2,111.25","2,080.87",,-1.15%
22.05.2019,"2,111.78","2,117.07","2,118.42","2,109.57",,-0.28%
21.05.2019,"2,117.66","2,103.80","2,119.82","2,102.53",,0.62%
20.05.2019,"2,104.64","2,116.88","2,118.90","2,099.77",,-0.56%
17.05.2019,"2,116.50","2,126.98","2,129.21","2,113.82",,-0.45%
16.05.2019,"2,126.06","2,110.26","2,133.41","2,108.01",,0.74%
15.05.2019,"2,110.40","2,098.67","2,113.66","2,087.51",,0.55%
14.05.2019,"2,098.76","2,084.61","2,106.89","2,081.75",,0.59%
13.05.2019,"2,086.46","2,124.77","2,125.11","2,080.99",,-1.87%
10.05.2019,"2,126.32","2,118.59","2,129.96","2,098.96",,0.33%
09.05.2019,"2,119.31","2,130.71","2,131.04","2,102.48",,-0.59%
08.05.2019,"2,131.90","2,134.48","2,141.14","2,127.22",,-0.17%
07.05.2019,"2,135.49","2,166.82","2,167.60","2,126.11",,-1.44%
06.05.2019,"2,166.66","2,178.27","2,178.35","2,150.17",,-0.51%
03.05.2019,"2,177.77","2,160.71","2,179.20","2,160.21",,0.77%
02.05.2019,"2,161.11","2,167.74","2,168.84","2,153.09",,-0.41%
01.05.2019,"2,170.03","2,179.34","2,185.44","2,167.48",,-0.40%
30.04.2019,"2,178.67","2,176.39","2,180.33","2,167.33",,0.14%
29.04.2019,"2,175.59","2,173.25","2,179.63","2,171.90",,0.08%
26.04.2019,"2,173.82","2,164.21","2,173.82","2,162.09",,0.39%
25.04.2019,"2,165.36","2,166.23","2,168.09","2,157.75",,-0.16%
24.04.2019,"2,168.81","2,175.48","2,175.51","2,166.08",,-0.26%
23.04.2019,"2,174.39","2,162.09","2,175.59","2,160.40",,0.59%
22.04.2019,"2,161.58","2,159.70","2,162.47","2,156.11",,0.06%
19.04.2019,"2,160.36","2,160.06","2,160.43","2,159.72",,0.01%
18.04.2019,"2,160.21","2,160.55","2,161.58","2,153.13",,-0.03%
17.04.2019,"2,160.94","2,162.50","2,170.36","2,158.04",,-0.10%
16.04.2019,"2,163.08","2,160.31","2,167.42","2,159.76",,0.09%
15.04.2019,"2,161.14","2,160.26","2,162.60","2,155.92",,0.08%
12.04.2019,"2,159.39","2,146.78","2,160.71","2,145.93",,0.55%
11.04.2019,"2,147.61","2,148.37","2,150.49","2,143.66",,-0.02%
10.04.2019,"2,147.99","2,141.34","2,149.38","2,140.58",,0.22%
09.04.2019,"2,143.20","2,152.42","2,155.97","2,140.72",,-0.45%
08.04.2019,"2,152.89","2,150.37","2,153.24","2,145.50",,0.14%
05.04.2019,"2,149.85","2,142.51","2,150.46","2,142.25",,0.33%
04.04.2019,"2,142.75","2,143.32","2,144.47","2,136.85",,-0.01%
03.04.2019,"2,143.02","2,133.09","2,149.09","2,132.93",,0.53%
02.04.2019,"2,131.71","2,130.56","2,133.90","2,126.95",,0.00%
01.04.2019,"2,131.79","2,107.35","2,132.00","2,107.27",,1.14%
29.03.2019,"2,107.74","2,094.60","2,107.76","2,094.56",,0.60%
28.03.2019,"2,095.18","2,093.68","2,098.65","2,086.47",,0.06%
27.03.2019,"2,094.02","2,102.47","2,106.39","2,084.32",,-0.41%
26.03.2019,"2,102.62","2,087.13","2,109.19","2,086.92",,0.75%
25.03.2019,"2,087.06","2,094.20","2,094.21","2,079.79",,-0.37%
22.03.2019,"2,094.81","2,129.01","2,131.24","2,094.33",,-1.56%
21.03.2019,"2,127.93","2,115.82","2,130.40","2,110.55",,0.75%
20.03.2019,"2,112.05","2,120.47","2,126.20","2,107.10",,-0.44%
19.03.2019,"2,121.47","2,114.20","2,131.84","2,113.17",,0.16%
18.03.2019,"2,117.99","2,109.12","2,119.11","2,108.93",,0.44%
15.03.2019,"2,108.78","2,096.08","2,112.62","2,096.02",,0.59%
14.03.2019,"2,096.32","2,097.39","2,099.58","2,093.30",,0.03%
13.03.2019,"2,095.67","2,083.80","2,100.31","2,080.93",,0.59%
12.03.2019,"2,083.38","2,077.13","2,087.04","2,077.11",,0.42%
11.03.2019,"2,074.66","2,050.99","2,075.97","2,050.25",,1.15%
08.03.2019,"2,051.12","2,059.61","2,059.73","2,040.69",,-0.50%
07.03.2019,"2,061.41","2,078.49","2,078.97","2,054.69",,-0.83%
06.03.2019,"2,078.69","2,087.77","2,089.08","2,077.50",,-0.42%
05.03.2019,"2,087.50","2,090.98","2,091.46","2,083.95",,-0.14%
04.03.2019,"2,090.40","2,095.91","2,103.62","2,078.89",,-0.28%
01.03.2019,"2,096.35","2,084.72","2,100.52","2,084.68",,0.50%
28.02.2019,"2,085.84","2,091.31","2,091.93","2,084.00",,-0.30%
27.02.2019,"2,092.12","2,093.33","2,094.22","2,082.44",,0.02%
26.02.2019,"2,091.70","2,092.11","2,097.84","2,088.20",,-0.01%
25.02.2019,"2,091.83","2,087.36","2,100.65","2,087.35",,0.23%
22.02.2019,"2,086.97","2,076.48","2,088.84","2,075.50",,0.46%
21.02.2019,"2,077.44","2,083.34","2,084.81","2,071.56",,-0.30%
20.02.2019,"2,083.64","2,076.70","2,086.11","2,076.64",,0.37%
19.02.2019,"2,075.91","2,072.57","2,080.34","2,067.68",,0.16%
18.02.2019,"2,072.62","2,068.27","2,073.94","2,068.27",,0.29%
15.02.2019,"2,066.58","2,048.84","2,068.56","2,045.65",,0.93%
14.02.2019,"2,047.56","2,051.03","2,054.74","2,041.83",,-0.25%
13.02.2019,"2,052.76","2,046.25","2,058.11","2,046.14",,0.37%
12.02.2019,"2,045.12","2,021.54","2,047.84","2,021.27",,1.16%
11.02.2019,"2,021.60","2,020.25","2,026.47","2,018.87",,0.05%
08.02.2019,"2,020.53","2,025.89","2,025.89","2,008.01",,-0.32%
07.02.2019,"2,026.94","2,045.91","2,046.36","2,017.40",,-0.99%
06.02.2019,"2,047.11","2,051.34","2,052.52","2,043.71",,-0.21%
05.02.2019,"2,051.36","2,037.97","2,051.99","2,037.90",,0.67%
04.02.2019,"2,037.76","2,028.93","2,037.87","2,023.54",,0.40%
01.02.2019,"2,029.55","2,027.35","2,033.32","2,024.40",,0.05%
31.01.2019,"2,028.49","2,014.45","2,029.69","2,014.43",,0.87%
30.01.2019,"2,010.95","1,989.54","2,019.47","1,988.86",,1.07%
29.01.2019,"1,989.60","1,988.81","1,996.21","1,985.56",,0.02%
28.01.2019,"1,989.18","2,003.00","2,003.52","1,979.90",,-0.63%
25.01.2019,"2,001.86","1,982.00","2,005.27","1,981.87",,0.94%
24.01.2019,"1,983.23","1,980.67","1,985.24","1,974.32",,0.16%
23.01.2019,"1,980.15","1,978.89","1,988.33","1,968.78",,0.07%
22.01.2019,"1,978.83","2,000.83","2,001.19","1,971.65",,-1.10%
21.01.2019,"2,000.77","2,000.18","2,002.47","1,999.23",,0.00%
18.01.2019,"2,000.76","1,976.57","2,002.26","1,976.57",,1.27%
17.01.2019,"1,975.61","1,966.27","1,981.06","1,960.09",,0.46%
16.01.2019,"1,966.50","1,963.08","1,970.98","1,961.06",,0.15%
15.01.2019,"1,963.61","1,947.86","1,963.99","1,947.04",,0.79%
14.01.2019,"1,948.16","1,956.95","1,957.57","1,941.31",,-0.46%
11.01.2019,"1,957.17","1,956.28","1,961.39","1,946.20",,-0.03%
10.01.2019,"1,957.69","1,952.68","1,957.69","1,938.59",,0.34%
09.01.2019,"1,950.99","1,935.62","1,957.13","1,935.60",,0.79%
08.01.2019,"1,935.79","1,920.23","1,940.13","1,919.54",,0.84%
07.01.2019,"1,919.75","1,904.10","1,927.69","1,904.03",,0.82%
04.01.2019,"1,904.18","1,853.69","1,906.42","1,847.89",,2.75%
03.01.2019,"1,853.18","1,883.14","1,884.98","1,852.71",,-1.49%
02.01.2019,"1,881.15","1,885.13","1,885.70","1,857.89",,-0.15%
01.01.2019,"1,883.93","1,885.41","1,886.77","1,883.93",,0.00%
31.12.2018,"1,883.90","1,871.36","1,885.06","1,870.83",,0.70%
28.12.2018,"1,870.80","1,862.93","1,887.38","1,861.77",,0.45%
27.12.2018,"1,862.38","1,848.17","1,863.25","1,820.86",,0.63%
26.12.2018,"1,850.70","1,795.99","1,850.70","1,794.00",,3.09%
25.12.2018,"1,795.28","1,802.60","1,802.60","1,794.04",,-0.43%
24.12.2018,"1,802.95","1,833.04","1,834.32","1,802.54",,-1.74%
21.12.2018,"1,834.97","1,864.58","1,876.68","1,828.73",,-1.50%
20.12.2018,"1,862.82","1,890.53","1,890.93","1,853.75",,-1.58%
19.12.2018,"1,892.71","1,908.58","1,929.96","1,887.47",,-0.81%
18.12.2018,"1,908.16","1,914.53","1,924.91","1,900.56",,-0.32%
17.12.2018,"1,914.33","1,942.95","1,944.34","1,907.99",,-1.45%
14.12.2018,"1,942.55","1,975.03","1,975.18","1,940.06",,-1.61%
13.12.2018,"1,974.41","1,975.50","1,986.24","1,969.18",,-0.07%
12.12.2018,"1,975.88","1,954.22","1,992.22","1,954.22",,1.09%
11.12.2018,"1,954.65","1,952.34","1,977.39","1,947.84",,0.09%
10.12.2018,"1,952.83","1,964.67","1,964.84","1,927.59",,-0.63%
07.12.2018,"1,965.24","1,990.42","2,006.31","1,961.17",,-1.29%
06.12.2018,"1,990.85","2,008.90","2,008.99","1,954.86",,-0.89%
05.12.2018,"2,008.63","2,016.34","2,016.36","2,008.08",,-0.41%
04.12.2018,"2,016.89","2,066.62","2,066.69","2,015.25",,-2.41%
03.12.2018,"2,066.62","2,042.05","2,072.60","2,041.84",,1.24%
30.11.2018,"2,041.36","2,034.66","2,041.45","2,028.64",,0.32%
29.11.2018,"2,034.89","2,034.71","2,042.46","2,027.02",,0.25%
28.11.2018,"2,029.78","2,000.10","2,034.71","1,999.54",,1.49%
27.11.2018,"2,000.07","1,998.94","2,001.38","1,987.94",,0.04%
26.11.2018,"1,999.20","1,974.81","1,999.68","1,973.87",,1.22%
23.11.2018,"1,975.09","1,984.22","1,985.99","1,973.04",,-0.45%
22.11.2018,"1,984.03","1,984.93","1,987.47","1,982.93",,-0.04%
21.11.2018,"1,984.73","1,974.43","1,995.11","1,971.48",,0.40%
20.11.2018,"1,976.91","2,009.66","2,009.81","1,968.98",,-1.63%
19.11.2018,"2,009.61","2,032.49","2,036.84","2,005.33",,-1.09%
16.11.2018,"2,031.76","2,026.08","2,036.54","2,018.97",,0.27%
15.11.2018,"2,026.30","2,015.79","2,029.69","1,995.95",,0.55%
14.11.2018,"2,015.14","2,027.68","2,040.09","2,007.80",,-0.56%
13.11.2018,"2,026.52","2,027.12","2,042.78","2,021.47",,-0.10%
12.11.2018,"2,028.62","2,060.60","2,061.92","2,026.18",,-1.67%
09.11.2018,"2,063.16","2,079.41","2,079.83","2,053.87",,-0.93%
08.11.2018,"2,082.47","2,082.95","2,089.51","2,073.95",,-0.09%
07.11.2018,"2,084.45","2,050.84","2,084.45","2,050.58",,1.65%
06.11.2018,"2,050.65","2,041.24","2,051.14","2,041.18",,0.49%
05.11.2018,"2,040.68","2,037.26","2,043.99","2,031.46",,0.20%
02.11.2018,"2,036.70","2,041.84","2,058.14","2,026.23",,-0.21%
01.11.2018,"2,040.93","2,021.42","2,042.94","2,020.43",,0.94%
31.10.2018,"2,021.98","1,996.08","2,032.75","1,995.99",,1.24%
30.10.2018,"1,997.19","1,975.19","1,997.47","1,971.72",,1.09%
29.10.2018,"1,975.70","1,982.43","2,010.53","1,958.30",,-0.31%
26.10.2018,"1,981.89","2,006.80","2,008.36","1,962.41",,-1.22%
25.10.2018,"2,006.27","1,988.62","2,014.15","1,978.04",,0.89%
24.10.2018,"1,988.62","2,034.10","2,036.19","1,987.44",,-2.23%
23.10.2018,"2,033.89","2,053.34","2,053.38","2,009.18",,-0.95%
22.10.2018,"2,053.44","2,062.78","2,067.34","2,050.41",,-0.43%
19.10.2018,"2,062.33","2,062.97","2,078.27","2,058.91",,-0.10%
18.10.2018,"2,064.47","2,087.33","2,089.71","2,057.43",,-1.20%
17.10.2018,"2,089.50","2,090.78","2,096.52","2,075.38",,-0.08%
16.10.2018,"2,091.21","2,055.19","2,092.09","2,054.22",,1.76%
15.10.2018,"2,055.11","2,062.57","2,066.64","2,052.20",,-0.40%
12.10.2018,"2,063.43","2,046.39","2,070.01","2,044.57",,0.90%
11.10.2018,"2,044.95","2,089.03","2,089.03","2,040.05",,-2.11%
10.10.2018,"2,089.10","2,140.46","2,141.99","2,088.19",,-2.31%
09.10.2018,"2,138.46","2,144.44","2,146.52","2,132.27",,-0.24%
08.10.2018,"2,143.56","2,151.98","2,152.00","2,133.61",,-0.37%
05.10.2018,"2,151.42","2,164.55","2,164.92","2,143.72",,-0.65%
04.10.2018,"2,165.43","2,180.37","2,181.94","2,155.84",,-0.83%
03.10.2018,"2,183.63","2,183.39","2,190.82","2,179.98",,0.00%
02.10.2018,"2,183.62","2,188.02","2,190.18","2,180.12",,-0.21%
01.10.2018,"2,188.18","2,183.59","2,195.88","2,181.53",,0.19%
28.09.2018,"2,184.01","2,188.71","2,190.52","2,180.01",,-0.21%
27.09.2018,"2,188.71","2,189.07","2,194.90","2,182.29",,-0.03%
26.09.2018,"2,189.31","2,192.49","2,202.43","2,188.79",,-0.22%
25.09.2018,"2,194.20","2,191.11","2,198.54","2,190.75",,0.05%
24.09.2018,"2,193.01","2,199.37","2,199.44","2,189.23",,-0.32%
21.09.2018,"2,200.01","2,197.65","2,203.96","2,197.61",,0.20%
20.09.2018,"2,195.68","2,178.73","2,198.62","2,177.78",,0.82%
19.09.2018,"2,177.74","2,174.23","2,180.73","2,173.86",,0.25%
18.09.2018,"2,172.27","2,159.65","2,174.53","2,159.65",,0.54%
17.09.2018,"2,160.53","2,165.35","2,168.57","2,159.47",,-0.28%
14.09.2018,"2,166.59","2,164.15","2,169.23","2,161.22",,0.18%
13.09.2018,"2,162.68","2,153.92","2,166.96","2,153.88",,0.46%
12.09.2018,"2,152.70","2,148.72","2,155.48","2,145.71",,0.23%
11.09.2018,"2,147.67","2,142.48","2,149.63","2,134.85",,0.23%
10.09.2018,"2,142.64","2,136.32","2,148.23","2,135.09",,0.24%
07.09.2018,"2,137.60","2,143.61","2,144.40","2,131.62",,-0.30%
06.09.2018,"2,144.03","2,152.16","2,154.38","2,138.84",,-0.41%
05.09.2018,"2,152.77","2,163.36","2,163.40","2,146.80",,-0.47%
04.09.2018,"2,162.83","2,172.64","2,172.64","2,156.35",,-0.49%
03.09.2018,"2,173.42","2,172.37","2,173.42","2,171.10",,-0.10%
31.08.2018,"2,175.50","2,181.12","2,182.50","2,168.81",,-0.28%
30.08.2018,"2,181.56","2,193.03","2,193.24","2,179.17",,-0.42%
29.08.2018,"2,190.75","2,182.05","2,193.12","2,180.48",,0.38%
28.08.2018,"2,182.50","2,181.41","2,187.62","2,179.92",,0.12%
27.08.2018,"2,179.95","2,162.93","2,181.55","2,162.63",,0.85%
24.08.2018,"2,161.61","2,148.12","2,162.75","2,147.23",,0.58%
23.08.2018,"2,149.22","2,155.79","2,155.87","2,146.09",,-0.31%
22.08.2018,"2,155.99","2,154.76","2,159.29","2,153.44",,0.20%
21.08.2018,"2,151.79","2,147.95","2,159.27","2,147.22",,0.31%
20.08.2018,"2,145.24","2,138.64","2,148.23","2,137.91",,0.33%
17.08.2018,"2,138.11","2,130.71","2,141.71","2,127.61",,0.33%
16.08.2018,"2,131.05","2,115.34","2,135.07","2,113.41",,0.73%
15.08.2018,"2,115.70","2,135.97","2,136.00","2,106.78",,-1.01%
14.08.2018,"2,137.36","2,128.04","2,138.79","2,127.73",,0.46%
13.08.2018,"2,127.47","2,136.96","2,138.94","2,125.22",,-0.58%
10.08.2018,"2,139.84","2,161.26","2,161.29","2,135.04",,-1.10%
09.08.2018,"2,163.69","2,166.28","2,168.32","2,160.84",,-0.11%
08.08.2018,"2,166.15","2,166.90","2,169.18","2,162.31",,-0.03%
07.08.2018,"2,166.85","2,157.35","2,170.90","2,157.31",,0.44%
06.08.2018,"2,157.34","2,154.24","2,158.67","2,148.63",,0.09%
03.08.2018,"2,155.39","2,146.48","2,155.39","2,144.75",,0.36%
02.08.2018,"2,147.58","2,149.43","2,149.72","2,132.76",,-0.08%
01.08.2018,"2,149.36","2,153.56","2,156.77","2,146.49",,-0.17%
31.07.2018,"2,153.10","2,147.65","2,157.02","2,145.62",,0.23%
30.07.2018,"2,148.25","2,155.53","2,157.26","2,146.17",,-0.36%
27.07.2018,"2,156.11","2,161.55","2,168.04","2,151.22",,-0.27%
26.07.2018,"2,161.93","2,166.46","2,168.69","2,160.19",,0.01%
25.07.2018,"2,161.76","2,150.86","2,165.43","2,147.79",,0.50%
24.07.2018,"2,151.08","2,139.80","2,157.96","2,138.60",,0.54%
23.07.2018,"2,139.44","2,140.94","2,142.36","2,133.56",,0.01%
20.07.2018,"2,139.17","2,136.97","2,143.57","2,134.16",,0.20%
19.07.2018,"2,134.84","2,143.53","2,145.04","2,131.59",,-0.35%
18.07.2018,"2,142.24","2,137.87","2,143.57","2,135.40",,0.19%
17.07.2018,"2,138.15","2,133.36","2,139.12","2,127.30",,0.25%
16.07.2018,"2,132.79","2,135.29","2,137.01","2,130.36",,-0.08%
13.07.2018,"2,134.60","2,130.42","2,136.33","2,128.16",,0.18%
12.07.2018,"2,130.86","2,114.15","2,130.86","2,113.94",,0.64%
11.07.2018,"2,117.30","2,134.88","2,135.12","2,111.78",,-0.87%
10.07.2018,"2,135.87","2,131.61","2,137.33","2,129.27",,0.22%
09.07.2018,"2,131.14","2,114.35","2,131.14","2,114.32",,0.82%
06.07.2018,"2,113.74","2,096.72","2,115.30","2,096.03",,0.84%
05.07.2018,"2,096.19","2,082.62","2,096.19","2,080.48",,0.67%
04.07.2018,"2,082.17","2,082.54","2,084.13","2,080.73",,0.01%
03.07.2018,"2,082.05","2,083.68","2,094.59","2,081.00",,0.00%
02.07.2018,"2,082.08","2,089.19","2,089.42","2,069.16",,-0.35%
29.06.2018,"2,089.30","2,079.25","2,102.08","2,077.84",,0.47%
28.06.2018,"2,079.62","2,074.50","2,082.15","2,066.44",,0.16%
27.06.2018,"2,076.30","2,087.40","2,100.83","2,074.40",,-0.58%
26.06.2018,"2,088.41","2,085.37","2,091.91","2,083.67",,0.14%
25.06.2018,"2,085.59","2,116.18","2,116.30","2,078.43",,-1.39%
22.06.2018,"2,114.90","2,104.14","2,120.00","2,103.96",,0.43%
21.06.2018,"2,105.93","2,116.80","2,118.12","2,103.80",,-0.56%
20.06.2018,"2,117.76","2,112.12","2,121.88","2,110.46",,0.30%
19.06.2018,"2,111.44","2,125.98","2,127.10","2,100.83",,-0.68%
18.06.2018,"2,125.79","2,132.35","2,132.35","2,115.68",,-0.39%
15.06.2018,"2,134.15","2,138.14","2,139.80","2,126.13",,-0.37%
14.06.2018,"2,142.02","2,140.31","2,144.32","2,136.31",,0.09%
13.06.2018,"2,140.20","2,144.00","2,149.03","2,137.73",,-0.24%
12.06.2018,"2,145.36","2,143.67","2,147.69","2,140.18",,0.05%
11.06.2018,"2,144.20","2,138.03","2,147.20","2,137.67",,0.30%
08.06.2018,"2,137.74","2,136.48","2,137.98","2,128.67",,0.01%
07.06.2018,"2,137.57","2,137.20","2,143.06","2,132.60",,0.04%
06.06.2018,"2,136.74","2,122.29","2,136.74","2,121.90",,0.82%
05.06.2018,"2,119.36","2,121.83","2,123.30","2,115.91",,-0.12%
04.06.2018,"2,121.86","2,111.09","2,124.86","2,111.09",,0.60%
01.06.2018,"2,109.19","2,092.35","2,110.63","2,090.89",,0.78%
31.05.2018,"2,092.92","2,103.22","2,108.22","2,090.15",,-0.36%
30.05.2018,"2,100.42","2,081.39","2,103.84","2,077.97",,0.82%
29.05.2018,"2,083.27","2,107.10","2,108.02","2,077.35",,-1.13%
28.05.2018,"2,107.14","2,110.78","2,114.11","2,106.66",,-0.17%
25.05.2018,"2,110.80","2,116.65","2,119.32","2,107.83",,-0.33%
24.05.2018,"2,117.73","2,123.11","2,124.79","2,106.95",,-0.24%
23.05.2018,"2,122.90","2,128.95","2,129.17","2,110.59",,-0.28%
22.05.2018,"2,128.78","2,132.80","2,138.86","2,127.85",,-0.09%
21.05.2018,"2,130.72","2,120.28","2,133.99","2,117.99",,0.47%
18.05.2018,"2,120.80","2,125.71","2,127.32","2,117.73",,-0.22%
17.05.2018,"2,125.56","2,125.25","2,131.05","2,120.77",,0.12%
16.05.2018,"2,122.97","2,118.81","2,126.56","2,116.20",,0.14%
15.05.2018,"2,119.98","2,134.24","2,134.76","2,113.58",,-0.75%
14.05.2018,"2,136.09","2,131.91","2,141.59","2,131.69",,0.19%
11.05.2018,"2,131.96","2,125.97","2,134.82","2,125.97",,0.40%
10.05.2018,"2,123.53","2,109.70","2,127.56","2,109.32",,0.65%
09.05.2018,"2,109.84","2,095.94","2,111.58","2,092.40",,0.70%
08.05.2018,"2,095.07","2,097.76","2,099.19","2,088.11",,-0.09%
07.05.2018,"2,096.86","2,090.56","2,102.46","2,088.91",,0.36%
04.05.2018,"2,089.44","2,073.11","2,094.17","2,063.65",,0.87%
03.05.2018,"2,071.37","2,076.35","2,078.87","2,054.08",,-0.26%
02.05.2018,"2,076.69","2,084.17","2,091.26","2,074.10",,-0.34%
01.05.2018,"2,083.77","2,086.09","2,086.30","2,071.41",,-0.13%
30.04.2018,"2,086.51","2,096.37","2,102.41","2,086.15",,-0.46%
27.04.2018,"2,096.05","2,093.06","2,098.94","2,089.45",,0.17%
26.04.2018,"2,092.44","2,077.44","2,096.32","2,076.28",,0.76%
25.04.2018,"2,076.74","2,082.08","2,082.11","2,063.33",,-0.23%
24.04.2018,"2,081.52","2,097.32","2,105.10","2,075.56",,-0.75%
23.04.2018,"2,097.22","2,098.88","2,102.92","2,090.81",,-0.12%
20.04.2018,"2,099.73","2,112.91","2,113.56","2,095.35",,-0.77%
19.04.2018,"2,115.93","2,123.92","2,125.25","2,108.79",,-0.37%
18.04.2018,"2,123.77","2,117.59","2,128.01","2,117.50",,0.35%
17.04.2018,"2,116.43","2,100.48","2,120.56","2,099.98",,0.79%
16.04.2018,"2,099.82","2,089.31","2,104.36","2,089.16",,0.52%
13.04.2018,"2,088.98","2,092.43","2,101.73","2,084.39",,-0.09%
12.04.2018,"2,090.89","2,081.67","2,096.35","2,078.28",,0.40%
11.04.2018,"2,082.57","2,091.05","2,091.25","2,080.23",,-0.36%
10.04.2018,"2,090.11","2,061.71","2,094.49","2,061.53",,1.40%
09.04.2018,"2,061.19","2,053.12","2,080.96","2,052.83",,0.41%
06.04.2018,"2,052.78","2,081.86","2,082.76","2,045.41",,-1.34%
05.04.2018,"2,080.69","2,062.64","2,085.19","2,061.98",,0.94%
04.04.2018,"2,061.31","2,049.92","2,063.18","2,027.01",,0.61%
03.04.2018,"2,048.80","2,036.66","2,050.91","2,029.39",,0.50%
02.04.2018,"2,038.54","2,067.54","2,069.07","2,026.15",,-1.37%
30.03.2018,"2,066.85","2,067.02","2,068.39","2,066.47",,0.06%
29.03.2018,"2,065.53","2,044.93","2,073.79","2,044.73",,0.87%
28.03.2018,"2,047.75","2,056.57","2,059.80","2,038.98",,-0.38%
27.03.2018,"2,055.55","2,069.38","2,085.75","2,048.72",,-0.66%
26.03.2018,"2,069.13","2,036.63","2,070.44","2,034.08",,1.60%
23.03.2018,"2,036.55","2,074.28","2,074.28","2,035.83",,-1.76%
22.03.2018,"2,072.94","2,113.53","2,116.48","2,072.46",,-1.72%
21.03.2018,"2,109.18","2,109.99","2,123.85","2,108.97",,-0.08%
20.03.2018,"2,110.91","2,110.07","2,114.05","2,107.28",,0.02%
19.03.2018,"2,110.40","2,134.66","2,134.92","2,102.33",,-1.11%
16.03.2018,"2,134.05","2,132.31","2,139.56","2,131.32",,0.03%
15.03.2018,"2,133.35","2,134.68","2,142.39","2,130.26",,-0.05%
14.03.2018,"2,134.51","2,144.20","2,150.69","2,132.83",,-0.47%
13.03.2018,"2,144.60","2,154.92","2,164.33","2,141.04",,-0.45%
12.03.2018,"2,154.26","2,149.35","2,160.90","2,149.35",,0.23%
09.03.2018,"2,149.32","2,124.64","2,149.33","2,123.60",,1.13%
08.03.2018,"2,125.28","2,116.25","2,125.65","2,116.25",,0.44%
07.03.2018,"2,115.98","2,119.02","2,119.39","2,104.26",,-0.08%
06.03.2018,"2,117.77","2,106.22","2,120.67","2,106.19",,0.53%
05.03.2018,"2,106.58","2,091.09","2,109.19","2,080.99",,0.80%
02.03.2018,"2,089.84","2,094.98","2,094.99","2,069.22",,-0.01%
01.03.2018,"2,089.98","2,117.37","2,117.45","2,082.99",,-1.32%
28.02.2018,"2,117.99","2,140.98","2,144.23","2,117.62",,-1.05%
27.02.2018,"2,140.57","2,160.73","2,165.52","2,140.52",,-0.88%
26.02.2018,"2,159.67","2,140.18","2,161.35","2,140.02",,0.88%
23.02.2018,"2,140.91","2,118.19","2,140.91","2,116.90",,1.12%
22.02.2018,"2,117.17","2,115.80","2,131.08","2,109.05",,-0.06%
21.02.2018,"2,118.36","2,124.95","2,141.48","2,116.35",,-0.37%
20.02.2018,"2,126.22","2,136.13","2,136.59","2,121.09",,-0.46%
19.02.2018,"2,135.94","2,136.28","2,141.29","2,135.13",,-0.09%
16.02.2018,"2,137.91","2,132.77","2,148.02","2,131.85",,0.33%
15.02.2018,"2,130.94","2,108.20","2,132.97","2,108.16",,1.19%
14.02.2018,"2,105.86","2,079.96","2,109.26","2,072.44",,1.21%
13.02.2018,"2,080.68","2,076.88","2,083.06","2,069.21",,0.23%
12.02.2018,"2,075.91","2,051.07","2,084.68","2,050.57",,1.22%
09.02.2018,"2,050.90","2,044.73","2,059.61","2,009.60",,0.29%
08.02.2018,"2,045.01","2,099.30","2,102.86","2,044.52",,-2.67%
07.02.2018,"2,101.07","2,100.31","2,124.05","2,099.17",,0.11%
06.02.2018,"2,098.85","2,103.04","2,103.04","2,054.55",,-0.23%
05.02.2018,"2,103.64","2,170.44","2,171.20","2,100.65",,-3.13%
02.02.2018,"2,171.54","2,213.89","2,214.49","2,171.44",,-1.85%
01.02.2018,"2,212.53","2,211.12","2,218.80","2,207.90",,-0.03%
31.01.2018,"2,213.24","2,214.13","2,221.63","2,205.36",,-0.04%
30.01.2018,"2,214.11","2,234.85","2,234.99","2,212.34",,-0.90%
29.01.2018,"2,234.22","2,248.30","2,249.69","2,234.15",,-0.65%
26.01.2018,"2,248.93","2,225.45","2,248.93","2,225.45",,0.65%
25.01.2018,"2,234.38","2,232.97","2,239.54","2,222.52",,0.09%
24.01.2018,"2,232.30","2,230.22","2,242.49","2,227.09",,0.10%
23.01.2018,"2,230.05","2,221.06","2,231.25","2,220.93",,0.41%
22.01.2018,"2,221.01","2,208.60","2,221.06","2,206.16",,0.62%
19.01.2018,"2,207.40","2,197.27","2,207.40","2,196.89",,0.49%
18.01.2018,"2,196.73","2,196.41","2,200.70","2,194.55",,-0.15%
17.01.2018,"2,199.93","2,189.43","2,202.68","2,185.55",,0.53%
16.01.2018,"2,188.39","2,193.53","2,203.01","2,186.75",,-0.25%
15.01.2018,"2,193.95","2,188.85","2,194.71","2,188.12",,0.40%
12.01.2018,"2,185.31","2,172.16","2,188.59","2,170.65",,0.62%
11.01.2018,"2,171.78","2,160.64","2,172.06","2,157.89",,0.44%
10.01.2018,"2,162.29","2,161.77","2,165.61","2,155.73",,0.02%
09.01.2018,"2,161.78","2,157.32","2,165.56","2,157.32",,0.18%
08.01.2018,"2,157.96","2,156.99","2,157.96","2,152.77",,0.06%
05.01.2018,"2,156.60","2,143.00","2,157.05","2,142.98",,0.65%
04.01.2018,"2,142.75","2,125.15","2,145.77","2,124.90",,0.80%
03.01.2018,"2,125.65","2,116.26","2,126.20","2,115.39",,0.45%
02.01.2018,"2,116.04","2,103.31","2,116.64","2,102.70",,0.60%
01.01.2018,"2,103.47","2,102.35","2,103.47","2,102.35",,0.00%