"Fecha","Cierre","Apertura","Máximo","Mínimo","Vol.","% var."
"05.03.2026","68,605.76","70,362.09","70,362.09","68,488.49","47.18M","-2.59%"
"04.03.2026","70,428.03","68,447.86","70,513.20","68,394.69","185.02M","2.91%"
"03.03.2026","68,436.26","70,241.89","70,241.89","66,938.45","233.78M","-3.04%"
"02.03.2026","70,584.75","71,487.82","71,487.82","70,092.86","177.78M","-1.15%"
"27.02.2026","71,405.77","71,325.97","71,890.34","70,925.18","359.88M","0.02%"
"26.02.2026","71,390.10","71,026.28","71,440.27","70,795.17","216.10M","0.35%"
"25.02.2026","71,144.35","71,230.74","71,358.67","70,626.60","207.55M","0.30%"
"24.02.2026","70,934.82","70,656.46","71,114.37","69,853.60","234.15M","0.43%"
"23.02.2026","70,633.77","71,171.68","71,713.48","70,141.84","145.17M","-1.12%"
"20.02.2026","71,436.55","70,715.52","71,478.09","70,715.52","133.83M","0.83%"
"19.02.2026","70,845.66","70,771.22","71,284.51","70,691.08","145.23M","-0.06%"
"18.02.2026","70,885.22","71,156.93","71,694.88","70,771.96","181.88M","-0.38%"
"17.02.2026","71,155.69","71,288.08","71,288.08","70,691.03","142.94M","-0.28%"
"16.02.2026","71,353.29","71,468.99","71,535.02","71,180.08","17.35M","-0.18%"
"13.02.2026","71,478.81","70,973.19","71,558.73","70,329.29","159.29M","0.83%"
"12.02.2026","70,888.04","71,581.16","72,111.41","70,465.72","263.86M","-1.00%"
"11.02.2026","71,601.35","71,461.00","71,675.64","70,594.14","189.69M","0.46%"
"10.02.2026","71,271.56","71,535.96","71,715.32","71,072.46","164.63M","-0.33%"
"09.02.2026","71,509.45","70,806.18","71,551.29","70,651.28","143.43M","0.99%"
"06.02.2026","70,809.57","68,798.31","70,870.57","68,725.66","211.53M","2.83%"
"05.02.2026","68,858.28","68,335.70","69,181.12","67,721.97","166.83M","0.19%"
"04.02.2026","68,730.69","69,888.56","69,888.56","68,186.96","218.82M","-1.44%"
"03.02.2026","69,735.06","68,001.12","70,111.74","67,979.98","221.52M","3.16%"
"30.01.2026","67,598.95","69,190.03","69,190.03","67,468.04","221.15M","-2.72%"
"29.01.2026","69,492.43","70,297.85","70,483.16","69,033.52","202.99M","-0.67%"
"28.01.2026","69,959.73","69,073.56","70,037.79","69,038.62","196.93M","1.57%"
"27.01.2026","68,877.64","68,612.72","69,255.14","68,336.05","203.54M","0.25%"
"26.01.2026","68,706.03","68,420.10","69,366.71","68,420.10","143.99M","0.75%"
"23.01.2026","68,195.15","68,438.86","68,533.38","67,493.56","154.47M","-0.22%"
"22.01.2026","68,347.98","67,989.83","68,799.70","67,964.97","181.54M","0.46%"
"21.01.2026","68,036.13","67,735.27","68,761.37","67,735.27","189.83M","0.52%"
"20.01.2026","67,683.38","67,462.88","67,945.26","66,851.34","173.48M","0.32%"
"19.01.2026","67,467.82","67,254.28","67,553.10","66,762.29","31.60M","0.49%"
"16.01.2026","67,141.11","66,632.72","67,229.19","66,511.27","192.26M","0.74%"
"15.01.2026","66,649.28","67,464.68","67,656.97","66,456.37","223.55M","-1.12%"
"14.01.2026","67,403.08","66,485.83","67,561.89","66,228.17","169.95M","1.61%"
"13.01.2026","66,337.42","66,839.73","66,913.68","66,214.12","212.22M","-0.61%"
"12.01.2026","66,745.61","66,113.53","66,942.87","66,038.60","148.97M","1.03%"
"09.01.2026","66,062.62","65,542.07","66,152.73","65,384.57","178.31M","0.83%"
"08.01.2026","65,521.01","64,874.11","65,617.40","64,477.63","147.36M","1.00%"
"07.01.2026","64,871.70","64,942.30","65,156.63","64,043.15","126.39M","-0.23%"
"06.01.2026","65,022.24","65,137.39","65,630.53","64,871.63","190.18M","0.01%"
"05.01.2026","65,014.37","64,306.17","65,425.96","64,306.17","89.78M","1.36%"
"02.01.2026","64,141.36","64,366.62","65,090.03","63,802.14","44.99M","-0.26%"
"31.12.2025","64,308.29","64,450.06","64,457.69","63,936.15","60.52M","-0.09%"
"30.12.2025","64,366.70","65,468.67","65,697.63","64,329.74","70.49M","-1.50%"
"29.12.2025","65,347.08","65,608.54","65,608.54","65,213.15","84.40M","-0.44%"
"26.12.2025","65,636.36","65,719.67","65,882.59","65,507.77","23.14M","0.03%"
"24.12.2025","65,616.43","65,667.58","65,722.96","65,225.50","16.35M","0.03%"
"23.12.2025","65,595.41","64,780.99","65,683.08","64,661.32","132.17M","1.26%"
"22.12.2025","64,778.18","64,102.00","64,880.77","63,720.49","145.62M","1.27%"
"19.12.2025","63,966.98","63,776.92","64,408.25","63,560.93","639.37M","0.25%"
"18.12.2025","63,807.32","62,692.46","63,913.56","62,541.77","140.43M","2.05%"
"17.12.2025","62,528.06","63,304.87","63,537.24","62,461.06","183.19M","-1.11%"
"16.12.2025","63,230.87","64,401.89","64,401.89","63,170.84","181.54M","-1.70%"
"15.12.2025","64,326.16","64,736.67","65,250.14","64,218.59","192.76M","-0.60%"
"11.12.2025","64,712.07","63,448.49","65,016.87","63,448.49","169.32M","2.05%"
"10.12.2025","63,409.40","63,674.19","63,847.98","63,227.74","162.29M","-0.45%"
"09.12.2025","63,694.68","63,602.03","64,087.31","63,317.02","184.97M","0.26%"
"08.12.2025","63,528.00","63,496.47","63,794.01","63,166.49","142.32M","0.24%"
"05.12.2025","63,378.30","63,745.21","64,006.48","63,338.26","109.97M","-0.53%"
"04.12.2025","63,714.86","63,587.52","63,760.74","63,411.57","143.74M","0.18%"
"03.12.2025","63,597.44","63,816.78","63,938.04","63,326.67","140.34M","-0.35%"
"02.12.2025","63,820.61","63,556.16","64,077.48","63,532.14","165.68M","0.42%"
"01.12.2025","63,551.13","63,720.63","63,809.73","63,106.87","168.11M","-0.07%"
"28.11.2025","63,596.78","62,736.83","63,876.43","62,577.94","96.88M","1.44%"
"27.11.2025","62,694.73","63,221.23","63,298.32","62,623.51","28.96M","-0.87%"
"26.11.2025","63,242.71","63,257.85","63,592.47","62,987.39","134.31M","0.04%"
"25.11.2025","63,214.56","62,461.23","63,266.88","62,391.54","121.38M","1.11%"
"24.11.2025","62,522.61","61,840.51","62,648.06","61,840.51","546.77M","1.04%"
"21.11.2025","61,877.27","61,655.39","62,358.89","61,454.54","172.13M","0.33%"
"20.11.2025","61,672.19","62,091.09","62,764.31","61,590.58","142.36M","-0.66%"
"19.11.2025","62,080.58","61,964.18","62,387.71","61,790.36","187.67M","0.16%"
"18.11.2025","61,984.45","62,388.78","62,734.24","61,901.53","199.84M","-0.55%"
"14.11.2025","62,328.63","62,487.36","62,820.88","62,180.97","168.64M","-0.32%"
"13.11.2025","62,529.44","63,316.56","63,686.45","62,449.74","156.92M","-1.05%"
"12.11.2025","63,190.66","64,195.10","64,365.75","63,098.36","166.92M","-1.76%"
"11.11.2025","64,321.27","63,178.65","64,406.21","63,153.25","152.35M","1.95%"
"10.11.2025","63,094.01","63,379.65","63,633.59","63,061.90","152.14M","-0.45%"
"07.11.2025","63,376.13","63,149.79","63,491.55","62,971.59","134.55M","0.45%"
"06.11.2025","63,093.12","63,458.48","63,599.56","62,996.49","140.70M","-0.45%"
"05.11.2025","63,378.51","62,288.18","63,682.80","62,288.18","197.03M","1.58%"
"04.11.2025","62,390.73","61,880.18","62,817.24","61,289.77","129.59M","-0.42%"
"03.11.2025","62,653.89","62,729.51","62,834.99","62,102.06","73.04M","-0.18%"
"31.10.2025","62,769.18","63,007.90","63,229.49","62,433.83","245.95M","-0.19%"
"30.10.2025","62,889.86","63,014.09","63,275.83","62,841.22","180.28M","-0.73%"
"29.10.2025","63,352.85","62,569.06","63,540.28","62,558.72","110.23M","0.89%"
"28.10.2025","62,795.24","61,900.30","62,879.31","61,900.30","230.14M","1.51%"
"27.10.2025","61,860.30","61,424.85","62,065.05","61,219.45","158.25M","1.17%"
"24.10.2025","61,145.49","61,741.03","61,836.01","61,018.72","158.56M","-0.60%"
"23.10.2025","61,511.95","61,299.12","61,643.03","60,983.56","147.34M","0.33%"
"22.10.2025","61,308.20","60,779.03","61,391.53","60,695.24","147.37M","0.88%"
"21.10.2025","60,773.78","61,582.89","61,582.89","60,599.10","147.26M","-1.46%"
"20.10.2025","61,672.35","61,871.33","62,086.52","61,159.05","139.13M","-0.12%"
"17.10.2025","61,743.92","62,501.49","62,501.49","61,482.91","178.47M","-1.28%"
"16.10.2025","62,544.56","61,652.45","62,920.80","61,611.33","161.66M","1.47%"
"15.10.2025","61,637.54","60,927.27","61,716.71","60,927.27","298.67M","1.40%"
"14.10.2025","60,785.62","60,967.32","61,044.14","60,698.99","166.81M","-0.43%"
"13.10.2025","61,045.09","60,808.00","61,471.70","60,678.03","99.92M","0.79%"
"10.10.2025","60,568.93","60,869.44","61,160.67","60,455.32","160.81M","-0.41%"
"09.10.2025","60,819.31","60,931.10","61,274.75","60,388.66","169.96M","-0.11%"
"08.10.2025","60,888.56","60,178.29","60,930.93","60,178.29","145.65M","1.12%"
"07.10.2025","60,215.75","60,414.49","60,828.42","60,155.69","131.56M","-0.31%"
"06.10.2025","60,404.19","60,749.65","60,933.92","60,110.48","144.00M","-2.55%"
"03.10.2025","61,984.43","62,132.50","62,521.92","61,774.12","135.29M","-0.38%"
"02.10.2025","62,220.31","61,947.15","62,290.10","61,184.81","166.01M","0.47%"
"01.10.2025","61,929.72","62,946.16","63,182.59","61,710.58","174.39M","-1.57%"
"30.09.2025","62,915.57","62,521.06","63,128.53","62,397.59","271.75M","0.49%"
"29.09.2025","62,610.12","62,274.63","62,962.93","62,274.63","160.83M","0.49%"
"26.09.2025","62,307.07","61,914.70","62,548.59","61,899.73","151.68M","0.58%"
"25.09.2025","61,945.04","61,796.63","62,273.93","61,688.19","133.10M","0.06%"
"24.09.2025","61,905.95","62,484.14","62,665.94","61,689.64","179.97M","-0.74%"
"23.09.2025","62,368.19","61,983.80","62,453.19","61,833.76","158.77M","0.59%"
"22.09.2025","62,004.11","61,175.56","62,051.34","61,102.77","106.77M","1.31%"
"19.09.2025","61,200.27","61,301.22","61,680.69","61,085.46","1.10B","-0.20%"
"18.09.2025","61,323.95","61,605.75","61,605.75","60,860.09","249.21M","-0.44%"
"17.09.2025","61,596.23","61,926.29","62,177.86","61,493.16","217.96M","-0.81%"
"15.09.2025","62,102.13","61,894.85","62,252.13","61,730.36","134.05M","0.49%"
"12.09.2025","61,798.94","61,596.89","61,941.99","61,535.96","157.24M","0.40%"
"11.09.2025","61,553.58","60,686.63","61,886.12","60,605.32","201.09M","1.76%"
"10.09.2025","60,489.19","60,643.14","60,987.35","60,431.63","156.04M","-0.31%"
"09.09.2025","60,679.53","60,688.06","60,820.86","60,447.13","172.27M","0.05%"
"08.09.2025","60,649.76","60,489.14","60,684.35","60,199.84","175.93M","0.28%"
"05.09.2025","60,479.76","59,954.93","60,560.44","59,954.93","186.05M","1.02%"
"04.09.2025","59,867.62","59,659.48","59,937.24","59,331.23","175.74M","0.36%"
"03.09.2025","59,651.57","59,735.03","60,120.44","59,449.95","191.42M","-0.16%"
"02.09.2025","59,747.88","58,949.49","59,822.81","58,503.90","159.10M","1.50%"
"01.09.2025","58,865.03","58,670.29","58,982.75","58,398.75","21.56M","0.27%"
"29.08.2025","58,708.86","59,218.58","59,256.86","58,670.57","174.17M","-0.75%"
"28.08.2025","59,151.68","58,663.99","59,421.61","58,531.28","159.75M","0.86%"
"27.08.2025","58,647.52","58,138.32","58,699.37","57,623.87","178.61M","0.89%"
"26.08.2025","58,132.40","58,504.22","58,623.46","58,058.01","370.25M","-0.62%"
"25.08.2025","58,492.13","59,242.39","59,250.21","58,400.13","130.13M","-1.24%"
"22.08.2025","59,225.48","58,598.15","59,399.72","58,564.05","278.17M","0.96%"
"21.08.2025","58,663.97","58,169.86","58,838.82","58,169.86","210.63M","0.76%"
"20.08.2025","58,221.47","58,436.45","58,565.59","58,124.25","114.32M","-0.41%"
"19.08.2025","58,462.79","58,224.28","58,534.63","58,209.41","138.75M","0.25%"
"18.08.2025","58,319.70","58,378.87","58,486.28","58,028.56","131.26M","0.00%"
"15.08.2025","58,320.48","58,117.00","58,541.33","58,117.00","91.08M","0.26%"
"14.08.2025","58,167.27","58,334.00","58,405.91","57,922.42","100.88M","-0.53%"
"13.08.2025","58,477.57","58,661.47","58,847.21","58,341.02","163.13M","-0.34%"
"12.08.2025","58,675.04","58,303.44","58,828.47","58,233.17","162.64M","0.57%"
"11.08.2025","58,342.87","58,034.36","58,441.18","58,021.36","135.64M","0.47%"
"08.08.2025","58,070.17","58,264.08","58,496.40","58,028.49","110.02M","-0.33%"
"07.08.2025","58,260.88","57,102.21","58,301.71","57,102.21","169.43M","1.94%"
"06.08.2025","57,154.22","57,021.38","57,692.37","57,021.38","151.73M","0.14%"
"05.08.2025","57,071.56","56,545.68","57,156.10","56,545.68","132.85M","0.74%"
"04.08.2025","56,650.26","56,851.90","56,934.81","56,486.86","168.53M","-0.44%"
"01.08.2025","56,900.07","57,485.57","57,485.57","56,721.55","142.62M","-0.87%"
"31.07.2025","57,397.93","57,280.59","57,693.45","57,091.15","194.42M","0.00%"
"30.07.2025","57,395.85","57,787.85","57,959.60","57,207.90","187.19M","-0.73%"
"29.07.2025","57,820.78","57,052.10","57,961.29","56,566.25","162.40M","1.29%"
"28.07.2025","57,083.56","57,369.62","57,369.62","56,608.03","187.57M","-0.42%"
"25.07.2025","57,323.14","56,960.37","57,358.08","56,772.59","147.27M","0.50%"
"24.07.2025","57,035.90","56,713.08","57,091.24","56,511.44","224.60M","0.99%"
"23.07.2025","56,478.90","55,718.87","56,556.77","55,689.65","312.98M","1.73%"
"22.07.2025","55,517.81","55,945.11","56,020.86","55,287.90","249.62M","-0.58%"
"21.07.2025","55,841.30","56,325.89","56,425.09","55,738.83","208.49M","-0.77%"
"18.07.2025","56,273.45","56,724.73","56,798.08","56,190.61","170.00M","-0.78%"
"17.07.2025","56,714.92","56,413.50","56,864.03","56,358.34","214.69M","0.37%"
"16.07.2025","56,503.04","56,448.47","56,714.09","56,368.19","176.68M","0.04%"
"15.07.2025","56,482.91","56,405.55","56,716.56","56,186.50","185.15M","0.21%"
"14.07.2025","56,362.67","56,567.29","56,655.94","56,085.24","146.74M","-0.41%"
"11.07.2025","56,593.65","56,618.12","56,779.35","56,100.69","145.04M","-0.26%"
"10.07.2025","56,739.90","56,660.34","56,809.71","56,370.49","164.96M","0.09%"
"09.07.2025","56,687.54","57,159.72","57,232.98","56,617.77","177.52M","-0.87%"
"08.07.2025","57,183.32","57,338.27","57,434.29","56,821.70","135.81M","-0.42%"
"07.07.2025","57,423.40","58,005.61","58,062.86","57,342.87","129.96M","-0.96%"
"04.07.2025","57,977.76","57,930.10","58,078.49","57,852.88","18.76M","0.15%"
"03.07.2025","57,890.99","58,313.65","58,680.87","57,785.63","153.61M","-0.78%"
"02.07.2025","58,346.72","57,806.25","58,452.08","57,806.25","233.05M","0.92%"
"01.07.2025","57,813.82","57,446.31","57,870.11","57,244.85","154.92M","0.63%"
"30.06.2025","57,450.88","57,336.04","57,886.68","57,334.55","171.95M","0.10%"
"27.06.2025","57,391.51","57,489.81","57,901.22","57,318.07","145.72M","-0.14%"
"26.06.2025","57,474.19","56,926.37","57,620.72","56,681.96","139.12M","0.95%"
"25.06.2025","56,933.19","56,630.50","57,076.08","56,630.50","198.07M","0.33%"
"24.06.2025","56,743.28","56,060.46","56,807.92","56,054.53","155.70M","1.18%"
"23.06.2025","56,080.06","56,104.74","56,192.76","55,603.77","141.48M","-0.33%"
"20.06.2025","56,264.69","56,122.21","56,427.34","55,920.25","1.13B","0.35%"
"19.06.2025","56,068.16","56,745.72","56,823.60","56,018.56","32.71M","-1.17%"
"18.06.2025","56,729.57","56,635.27","56,945.12","56,423.65","169.05M","0.09%"
"17.06.2025","56,676.82","56,963.94","57,119.28","56,539.27","166.60M","-0.65%"
"16.06.2025","57,046.85","57,495.71","57,834.53","56,980.58","189.20M","-0.68%"
"13.06.2025","57,438.57","57,726.42","57,726.42","57,156.48","169.11M","-0.68%"
"12.06.2025","57,829.74","57,766.57","58,098.59","57,488.53","206.13M","0.11%"
"11.06.2025","57,767.33","58,064.58","58,431.08","57,728.03","212.58M","-0.57%"
"10.06.2025","58,098.51","57,686.74","58,173.96","57,608.43","162.63M","0.49%"
"09.06.2025","57,813.38","58,147.59","58,325.75","57,748.99","106.86M","-0.43%"
"06.06.2025","58,061.41","57,704.13","58,157.29","57,145.56","154.88M","0.49%"
"05.06.2025","57,777.49","57,487.81","57,981.46","57,487.81","161.67M","0.51%"
"04.06.2025","57,484.52","57,568.13","57,941.05","57,415.51","198.02M","-0.27%"
"03.06.2025","57,639.07","57,696.61","57,866.95","57,443.59","183.19M","-0.12%"
"02.06.2025","57,705.48","57,973.40","58,600.78","57,609.72","193.38M","-0.24%"
"30.05.2025","57,841.69","58,562.80","58,578.91","57,796.14","544.08M","-1.32%"
"29.05.2025","58,614.41","58,699.36","59,079.32","58,565.87","168.52M","-0.21%"
"28.05.2025","58,735.86","58,502.42","58,992.18","58,409.80","217.76M","0.24%"
"27.05.2025","58,593.83","58,449.16","59,735.43","58,324.50","233.32M","0.23%"
"26.05.2025","58,459.16","58,337.47","58,536.52","58,225.86","30.51M","0.08%"
"23.05.2025","58,410.37","57,707.60","58,492.09","57,234.38","166.23M","0.89%"
"22.05.2025","57,894.82","58,397.59","58,561.77","57,795.68","185.19M","-1.15%"
"21.05.2025","58,568.01","58,276.04","58,632.23","58,071.10","172.97M","0.44%"
"20.05.2025","58,311.15","58,413.01","58,791.65","58,250.99","199.14M","-0.31%"
"19.05.2025","58,493.39","58,016.74","58,857.61","57,764.24","174.05M","0.87%"
"16.05.2025","57,987.14","57,970.88","58,223.94","57,685.82","126.63M","0.05%"
"15.05.2025","57,959.72","57,579.73","58,113.53","57,179.20","166.97M","0.55%"
"14.05.2025","57,644.94","57,421.57","57,710.06","57,133.85","186.77M","0.50%"
"13.05.2025","57,357.54","56,773.03","57,782.86","56,541.29","192.33M","1.04%"
"12.05.2025","56,765.58","56,985.19","57,215.87","55,872.66","157.92M","0.38%"
"09.05.2025","56,551.18","56,771.00","57,268.89","56,456.24","178.39M","-0.55%"
"08.05.2025","56,866.76","57,949.35","58,392.60","56,751.29","204.76M","-1.88%"
"07.05.2025","57,954.39","57,270.38","58,077.77","57,062.94","236.41M","1.05%"
"06.05.2025","57,349.83","55,767.59","57,456.01","55,619.08","166.33M","2.71%"
"05.05.2025","55,835.99","55,754.22","56,013.16","55,405.87","111.48M","0.04%"
"02.05.2025","55,811.99","56,302.80","56,314.16","55,468.19","187.31M","-0.80%"
"01.05.2025","56,259.28","55,602.80","56,336.46","55,241.51","226.96M","0.00%"
"30.04.2025","56,259.28","55,602.80","56,336.46","55,241.51","226.96M","1.16%"
"29.04.2025","55,613.43","56,940.57","57,098.48","55,505.21","240.94M","-2.40%"
"28.04.2025","56,980.13","56,804.88","57,415.86","56,644.37","193.00M","0.46%"
"25.04.2025","56,720.12","56,377.39","56,842.66","56,058.22","217.53M","0.60%"
"24.04.2025","56,382.00","55,774.46","56,730.63","55,603.72","249.95M","1.10%"
"23.04.2025","55,766.58","54,846.48","56,240.95","54,846.48","239.66M","1.80%"
"22.04.2025","54,777.84","53,665.03","54,833.67","53,665.03","249.72M","1.90%"
"21.04.2025","53,758.75","53,117.82","53,878.36","53,117.44","166.89M","1.40%"
"16.04.2025","53,018.57","52,699.68","53,459.57","52,590.76","168.23M","0.71%"
"15.04.2025","52,643.04","52,328.79","52,909.78","52,259.43","177.90M","0.48%"
"14.04.2025","52,391.35","51,553.56","52,814.69","51,553.56","173.19M","1.73%"
"11.04.2025","51,498.90","51,550.16","52,138.64","51,437.42","219.86M","-0.03%"
"10.04.2025","51,514.82","52,531.27","52,531.27","51,386.73","266.89M","-1.93%"
"09.04.2025","52,527.67","50,362.85","52,721.89","49,874.04","373.03M","4.39%"
"08.04.2025","50,316.59","50,675.25","51,460.75","50,174.08","338.82M","-0.28%"
"07.04.2025","50,458.32","51,313.70","51,867.05","49,799.28","464.06M","-1.93%"
"04.04.2025","51,452.73","53,818.02","53,818.02","51,175.01","168.66M","-4.87%"
"03.04.2025","54,089.28","53,438.41","54,874.93","53,001.11","259.30M","0.54%"
"02.04.2025","53,800.93","53,235.80","53,853.48","53,005.41","173.37M","0.87%"
"01.04.2025","53,337.90","52,546.87","53,417.50","52,284.65","208.02M","1.63%"
"31.03.2025","52,484.43","53,068.68","53,068.68","52,149.50","195.25M","-1.29%"
"28.03.2025","53,172.97","53,351.34","53,573.31","52,716.22","168.30M","-0.57%"
"27.03.2025","53,477.74","52,782.85","53,539.86","52,691.22","210.15M","1.27%"
"26.03.2025","52,806.89","53,258.40","53,270.67","52,729.12","179.88M","-0.75%"
"25.03.2025","53,203.26","52,670.06","53,283.35","52,670.06","186.16M","1.00%"
"24.03.2025","52,674.84","52,780.79","52,994.03","52,599.94","153.63M","0.00%"
"21.03.2025","52,672.42","53,156.44","53,167.69","52,525.64","699.30M","-0.81%"
"20.03.2025","53,100.83","53,093.80","53,163.81","52,837.85","193.19M","0.08%"
"19.03.2025","53,060.76","52,747.05","53,339.99","52,677.03","213.70M","0.54%"
"18.03.2025","52,773.32","52,665.89","53,180.10","52,598.49","200.23M","0.55%"
"14.03.2025","52,484.28","51,988.67","52,626.95","51,983.04","226.98M","1.17%"
"13.03.2025","51,877.12","52,021.10","52,268.98","51,798.70","179.92M","-0.31%"
"12.03.2025","52,041.01","51,526.88","52,122.22","51,305.14","232.44M","1.03%"
"11.03.2025","51,510.68","51,756.50","51,855.25","51,159.40","215.53M","-0.42%"
"10.03.2025","51,726.88","52,858.46","52,858.46","51,389.67","194.68M","-2.11%"
"07.03.2025","52,839.63","52,758.92","52,901.23","51,839.15","190.65M","0.04%"
"06.03.2025","52,816.43","52,709.20","53,372.67","52,392.54","245.44M","0.20%"
"05.03.2025","52,709.40","52,421.39","52,748.85","52,276.75","200.90M","0.62%"
"04.03.2025","52,384.72","51,938.91","52,690.73","50,964.73","262.43M","0.58%"
"03.03.2025","52,081.59","52,259.49","53,372.92","52,010.74","177.88M","-0.47%"
"28.02.2025","52,325.73","52,665.44","52,893.30","52,235.22","484.86M","-0.54%"
"27.02.2025","52,607.61","53,434.32","53,446.35","52,333.76","239.11M","-1.29%"
"26.02.2025","53,296.71","53,090.25","53,475.74","52,830.83","237.11M","0.46%"
"25.02.2025","53,050.33","53,771.52","53,771.52","52,888.85","225.73M","-1.22%"
"24.02.2025","53,704.45","53,784.45","53,980.45","53,250.30","153.02M","-0.06%"
"21.02.2025","53,738.75","54,310.00","54,382.21","53,462.90","92.88M","-1.04%"
"20.02.2025","54,303.93","54,118.46","54,506.94","53,824.12","136.03M","0.36%"
"19.02.2025","54,110.21","54,426.58","54,477.09","53,977.42","230.80M","-0.67%"
"18.02.2025","54,476.74","54,294.83","54,670.85","53,972.18","170.28M","0.34%"
"17.02.2025","54,291.64","54,068.05","54,349.95","53,762.36","25.45M","0.40%"
"14.02.2025","54,077.94","54,137.44","54,325.21","53,948.50","289.62M","-0.15%"
"13.02.2025","54,160.11","54,046.34","54,440.37","53,883.13","205.22M","0.17%"
"12.02.2025","54,065.72","53,340.29","54,234.65","53,003.05","242.02M","1.15%"
"11.02.2025","53,451.64","52,901.19","53,579.94","52,572.94","204.64M","0.99%"
"10.02.2025","52,928.12","52,883.23","53,378.04","52,870.40","202.34M","0.21%"
"07.02.2025","52,817.75","52,666.51","52,955.76","52,603.65","174.28M","0.27%"
"06.02.2025","52,674.79","51,579.29","52,773.03","51,579.29","260.55M","2.14%"
"05.02.2025","51,570.19","51,853.36","52,696.53","51,425.08","239.30M","-0.62%"
"04.02.2025","51,889.75","51,407.23","52,074.56","51,200.40","255.09M","1.33%"
"31.01.2025","51,209.53","52,025.43","52,313.96","51,080.87","227.88M","-1.62%"
"30.01.2025","52,050.25","51,619.54","52,375.65","51,589.63","174.08M","0.96%"
"29.01.2025","51,555.78","51,487.56","51,650.10","51,022.67","176.06M","0.04%"
"28.01.2025","51,535.96","51,696.31","51,846.19","51,393.07","194.65M","-0.29%"
"27.01.2025","51,687.45","51,173.41","51,874.65","51,125.91","141.38M","0.64%"
"24.01.2025","51,357.31","51,059.40","51,455.54","50,999.04","188.99M","0.59%"
"23.01.2025","51,054.91","50,989.19","51,324.75","50,358.80","201.85M","0.22%"
"22.01.2025","50,944.58","50,517.08","51,374.49","50,214.78","246.76M","0.98%"
"21.01.2025","50,450.26","50,205.45","50,664.13","50,104.32","152.78M","0.50%"
"20.01.2025","50,201.32","49,923.78","50,317.41","49,895.97","48.49M","0.52%"
"17.01.2025","49,940.89","49,963.64","50,434.73","49,907.31","145.65M","-0.01%"
"16.01.2025","49,948.15","50,314.90","50,379.28","49,888.58","199.20M","-0.59%"
"15.01.2025","50,242.84","49,931.01","50,323.00","49,905.52","201.70M","0.80%"
"14.01.2025","49,844.00","49,833.97","50,183.61","49,754.07","187.15M","0.03%"
"13.01.2025","49,829.97","49,609.82","49,917.77","49,320.01","169.27M","0.47%"
"10.01.2025","49,596.70","49,734.97","49,953.79","49,435.16","160.54M","-0.42%"
"09.01.2025","49,807.96","49,639.52","50,609.89","49,639.52","63.31M","0.35%"
"08.01.2025","49,634.26","50,114.79","50,114.79","49,492.28","154.75M","-0.90%"
"07.01.2025","50,085.50","49,567.77","50,259.11","49,567.77","142.17M","1.20%"
"06.01.2025","49,493.56","49,187.91","50,131.35","49,093.64","139.87M","1.10%"
"03.01.2025","48,957.24","49,760.24","49,847.31","48,878.40","112.78M","-1.62%"
"02.01.2025","49,765.20","49,606.88","50,023.97","49,606.88","87.54M","0.51%"
"31.12.2024","49,513.27","48,835.61","49,663.63","48,835.61","80.72M","1.38%"
"30.12.2024","48,837.72","49,298.89","49,309.95","48,769.88","115.17M","-0.92%"
"27.12.2024","49,290.58","49,527.99","50,209.70","49,225.60","94.71M","-0.49%"
"26.12.2024","49,535.58","49,303.29","49,622.57","49,184.30","65.87M","0.44%"
"24.12.2024","49,316.62","49,449.23","49,668.79","49,225.23","30.76M","-0.27%"
"23.12.2024","49,450.89","49,530.78","49,738.28","49,031.88","81.07M","-0.27%"
"20.12.2024","49,586.21","49,263.04","49,819.56","49,174.44","830.19M","0.67%"
"19.12.2024","49,254.47","49,919.59","50,657.93","49,200.60","176.31M","-1.43%"
"18.12.2024","49,968.44","50,414.44","50,636.90","49,896.07","208.79M","-1.05%"
"17.12.2024","50,500.34","50,718.05","50,928.81","50,371.27","276.37M","-0.69%"
"16.12.2024","50,849.43","51,626.66","51,639.95","50,784.56","240.71M","-1.49%"
"13.12.2024","51,619.75","51,265.18","51,717.64","51,043.68","263.27M","0.64%"
"11.12.2024","51,289.74","51,285.29","51,433.08","50,975.49","202.34M","-0.17%"
"10.12.2024","51,377.28","52,207.76","52,207.76","51,343.14","184.83M","-1.56%"
"09.12.2024","52,190.68","51,417.93","52,291.89","51,370.39","192.66M","1.64%"
"06.12.2024","51,348.80","51,644.52","51,819.76","51,263.92","178.10M","-0.79%"
"05.12.2024","51,756.84","51,143.51","51,912.21","51,087.58","209.96M","0.99%"
"04.12.2024","51,249.80","50,828.47","51,370.12","50,745.56","208.06M","0.83%"
"03.12.2024","50,828.06","50,565.98","51,050.98","50,400.10","226.63M","0.82%"
"02.12.2024","50,414.17","49,954.98","50,610.82","49,954.98","216.61M","1.21%"
"29.11.2024","49,812.64","49,748.65","50,406.66","49,458.79","159.87M","-0.26%"
"28.11.2024","49,941.27","49,812.09","50,102.83","49,756.48","40.83M","0.31%"
"27.11.2024","49,787.82","49,690.49","50,098.08","49,600.03","218.92M","0.13%"
"26.11.2024","49,721.85","50,135.86","50,298.85","49,562.99","200.05M","-0.97%"
"25.11.2024","50,207.18","50,366.75","50,931.28","50,136.56","773.79M","-0.44%"
"22.11.2024","50,430.02","50,149.27","50,499.64","49,921.78","208.58M","0.51%"
"21.11.2024","50,174.64","50,099.45","50,593.90","50,064.85","234.44M","0.01%"
"20.11.2024","50,168.88","50,276.58","50,368.18","49,976.47","221.52M","-0.11%"
"19.11.2024","50,222.40","50,493.48","50,759.37","50,165.78","194.47M","-0.49%"
"15.11.2024","50,469.40","50,321.77","50,860.10","50,321.77","153.07M","-0.17%"
"14.11.2024","50,553.31","50,790.59","50,905.00","50,380.00","198.74M","-0.38%"
"13.11.2024","50,747.63","51,074.86","51,134.84","50,706.11","179.94M","-0.68%"
"12.11.2024","51,096.64","51,492.63","51,514.40","50,984.01","170.23M","-0.69%"
"11.11.2024","51,449.43","51,765.41","51,907.05","51,410.29","156.14M","-0.76%"
"08.11.2024","51,845.17","51,937.38","52,028.21","51,370.36","163.29M","-0.89%"
"07.11.2024","52,311.08","51,800.52","52,594.22","51,580.85","254.70M","1.12%"
"06.11.2024","51,732.46","50,625.60","51,812.71","49,486.17","247.30M","1.77%"
"05.11.2024","50,831.51","50,639.43","50,934.65","50,253.88","179.68M","-0.10%"
"04.11.2024","50,882.54","50,595.33","51,193.34","50,446.34","140.02M","0.51%"
"01.11.2024","50,622.39","50,688.27","50,886.77","50,542.70","151.38M","-0.08%"
"31.10.2024","50,661.05","50,821.74","50,942.30","50,520.96","250.30M","-0.42%"
"30.10.2024","50,877.24","51,172.13","51,227.75","50,803.54","207.69M","-0.56%"
"29.10.2024","51,166.29","51,760.37","51,911.31","51,127.88","210.44M","-1.25%"
"28.10.2024","51,816.30","51,744.79","51,890.22","51,457.53","206.40M","0.06%"
"25.10.2024","51,784.33","51,822.28","52,221.66","51,743.29","201.31M","-0.02%"
"24.10.2024","51,795.56","52,175.86","52,421.65","51,543.17","221.58M","-0.66%"
"23.10.2024","52,142.13","52,183.12","52,506.68","51,878.57","206.24M","-0.43%"
"22.10.2024","52,368.69","52,753.32","52,753.32","51,877.40","248.60M","-0.84%"
"21.10.2024","52,814.82","53,054.25","53,141.54","52,538.99","144.29M","-0.40%"
"18.10.2024","53,027.42","52,510.92","53,076.69","52,354.14","178.43M","1.07%"
"17.10.2024","52,463.66","52,392.22","52,680.08","52,287.59","153.67M","-0.04%"
"16.10.2024","52,483.62","52,281.28","52,601.45","52,212.02","249.95M","0.20%"
"15.10.2024","52,377.78","52,010.75","52,410.31","51,922.15","251.83M","0.66%"
"14.10.2024","52,032.99","52,375.54","52,377.01","51,864.78","199.15M","-0.69%"
"11.10.2024","52,395.66","52,485.19","52,529.26","52,213.62","154.45M","0.01%"
"10.10.2024","52,391.29","51,875.63","52,475.60","51,741.71","230.01M","1.01%"
"09.10.2024","51,869.14","51,799.49","52,409.57","51,699.27","198.23M","0.20%"
"08.10.2024","51,764.64","52,085.07","52,095.76","51,567.96","242.91M","-0.53%"
"07.10.2024","52,039.87","52,587.77","53,067.02","51,943.00","178.65M","-1.08%"
"04.10.2024","52,609.87","51,763.54","52,984.36","51,731.62","208.83M","1.81%"
"03.10.2024","51,674.54","52,183.99","52,183.99","51,507.52","261.78M","-1.01%"
"02.10.2024","52,199.66","52,324.65","52,771.20","51,654.61","312.65M","-0.53%"
"30.09.2024","52,477.30","52,854.82","52,865.08","52,368.51","246.17M","-0.57%"
"27.09.2024","52,778.17","53,540.23","53,846.37","52,722.22","234.65M","-1.52%"
"26.09.2024","53,590.52","53,052.69","54,201.46","53,052.69","241.23M","0.75%"
"25.09.2024","53,190.93","53,496.74","53,597.83","53,100.25","221.52M","-0.86%"
"24.09.2024","53,653.95","52,529.94","53,711.58","52,529.94","279.23M","2.35%"
"23.09.2024","52,422.24","52,231.93","52,547.38","51,895.92","202.24M","0.44%"
"20.09.2024","52,190.48","52,913.12","52,913.12","52,082.45","899.08M","-1.37%"
"19.09.2024","52,918.04","52,735.25","53,114.01","52,636.70","204.81M","0.64%"
"18.09.2024","52,582.89","52,350.40","52,783.81","52,193.85","144.91M","0.59%"
"17.09.2024","52,273.53","51,978.63","52,796.49","51,978.63","203.05M","0.49%"
"13.09.2024","52,016.85","52,005.65","52,431.65","51,877.41","141.37M","0.03%"
"12.09.2024","51,999.73","51,158.21","52,137.38","51,158.21","229.95M","1.57%"
"11.09.2024","51,195.76","50,990.32","51,318.33","50,782.11","238.24M","0.44%"
"10.09.2024","50,973.11","51,099.70","51,283.87","50,790.24","241.35M","-0.32%"
"09.09.2024","51,136.05","51,044.56","51,578.67","51,020.33","153.37M","0.10%"
"06.09.2024","51,083.44","51,727.46","51,924.52","50,912.97","147.26M","-1.12%"
"05.09.2024","51,661.48","51,791.82","52,149.44","51,597.65","194.17M","-0.29%"
"04.09.2024","51,811.37","51,571.67","52,232.51","51,466.16","178.95M","0.43%"
"03.09.2024","51,589.42","52,421.70","52,462.74","51,507.48","200.06M","-1.72%"
"02.09.2024","52,493.38","52,133.89","52,737.12","52,091.59","31.03M","0.98%"
"30.08.2024","51,985.87","52,945.72","53,102.09","52,744.52","464.82M","-2.17%"
"29.08.2024","53,138.96","52,511.05","53,302.31","52,476.85","216.58M","1.33%"
"28.08.2024","52,439.87","52,500.07","52,972.61","52,388.48","239.11M","-0.07%"
"27.08.2024","52,474.31","53,122.58","53,403.01","52,457.73","200.49M","-1.31%"
"26.08.2024","53,171.31","53,436.98","53,733.69","53,107.86","211.43M","-0.60%"
"23.08.2024","53,490.92","53,368.18","53,807.37","53,341.53","245.78M","0.33%"
"22.08.2024","53,316.20","53,811.87","54,136.93","53,273.12","303.74M","-1.02%"
"21.08.2024","53,864.73","53,979.31","54,144.86","53,620.96","221.70M","-0.18%"
"20.08.2024","53,961.06","54,130.42","54,302.27","53,820.87","178.59M","-0.27%"
"19.08.2024","54,104.68","54,026.93","54,293.12","54,026.93","132.43M","0.04%"
"16.08.2024","54,083.78","54,262.27","54,343.28","54,005.98","163.83M","-0.33%"
"15.08.2024","54,264.92","53,678.80","54,311.71","53,678.80","186.81M","1.02%"
"14.08.2024","53,718.95","53,659.64","53,787.78","53,399.19","208.93M","0.08%"
"13.08.2024","53,674.20","53,185.16","53,730.80","53,185.16","174.80M","1.20%"
"12.08.2024","53,040.35","53,085.63","53,165.09","52,626.94","156.08M","-0.02%"
"09.08.2024","53,051.54","52,872.71","53,118.01","52,771.59","145.60M","0.33%"
"08.08.2024","52,876.55","52,748.47","53,116.73","52,615.14","182.70M","0.37%"
"07.08.2024","52,680.90","52,419.12","52,935.55","52,415.47","221.60M","0.54%"
"06.08.2024","52,399.63","51,890.43","52,494.20","51,834.23","209.48M","1.20%"
"05.08.2024","51,776.48","52,047.16","52,124.55","51,259.73","167.69M","-0.89%"
"02.08.2024","52,242.38","52,379.62","52,379.62","51,734.41","230.93M","-0.33%"
"01.08.2024","52,417.48","53,138.53","53,138.53","52,302.71","315.07M","-1.27%"
"31.07.2024","53,093.97","52,279.65","53,313.56","52,279.65","377.44M","1.47%"
"30.07.2024","52,325.42","52,574.96","52,973.39","52,228.12","292.42M","-0.36%"
"29.07.2024","52,515.78","52,837.30","53,235.57","52,438.45","302.62M","-0.58%"
"26.07.2024","52,819.58","52,959.76","53,157.34","52,559.26","301.55M","-0.21%"
"25.07.2024","52,931.87","53,085.11","53,300.48","52,692.76","336.61M","-0.44%"
"24.07.2024","53,168.41","53,651.36","53,941.54","53,051.26","227.58M","-1.00%"
"23.07.2024","53,707.74","53,726.81","54,063.01","53,539.34","267.72M","-0.55%"
"22.07.2024","54,006.92","53,656.17","54,161.08","53,575.13","280.36M","0.61%"
"19.07.2024","53,678.52","53,048.38","53,793.10","52,889.88","131.93M","1.20%"
"18.07.2024","53,043.00","53,803.60","54,045.73","52,919.18","233.24M","-1.31%"
"17.07.2024","53,744.78","54,346.14","54,448.48","53,507.42","237.67M","-1.15%"
"16.07.2024","54,368.00","54,337.22","54,594.69","54,068.81","208.00M","0.10%"
"15.07.2024","54,311.99","54,894.92","55,120.42","54,243.09","177.28M","-1.17%"
"12.07.2024","54,953.11","54,398.61","55,078.15","54,205.11","206.53M","0.97%"
"11.07.2024","54,422.59","54,328.38","54,629.55","54,281.10","176.98M","0.26%"
"10.07.2024","54,279.88","53,409.82","54,342.27","53,349.35","248.59M","1.78%"
"09.07.2024","53,331.81","52,886.07","53,405.57","52,838.63","204.90M","0.80%"
"08.07.2024","52,907.69","52,227.48","53,020.03","52,214.51","217.41M","1.10%"
"05.07.2024","52,333.16","52,703.12","52,770.47","52,216.90","167.39M","-0.61%"
"04.07.2024","52,654.85","52,817.56","52,974.24","52,572.78","20.48M","-0.27%"
"03.07.2024","52,796.26","52,057.26","53,054.17","52,036.02","139.48M","1.63%"
"02.07.2024","51,947.89","52,842.66","53,126.97","51,802.50","264.36M","-1.77%"
"01.07.2024","52,883.97","52,452.44","53,159.30","52,452.44","197.51M","0.85%"
"28.06.2024","52,440.02","52,455.93","52,780.32","51,980.72","243.72M","0.25%"
"27.06.2024","52,310.96","52,284.12","52,470.77","52,082.76","273.03M","-0.30%"
"26.06.2024","52,468.01","52,630.45","52,779.66","51,993.92","298.61M","-0.26%"
"25.06.2024","52,604.05","52,472.32","52,690.10","51,847.71","273.49M","0.17%"
"24.06.2024","52,512.91","52,741.54","53,136.73","52,388.42","218.20M","-0.52%"
"21.06.2024","52,788.50","53,370.23","53,405.11","52,698.68","1.11B","-1.02%"
"20.06.2024","53,333.03","53,202.65","53,414.15","52,819.54","204.98M","0.02%"
"19.06.2024","53,323.37","53,220.38","53,389.80","53,190.56","32.77M","0.16%"
"18.06.2024","53,236.46","52,341.32","53,547.49","52,271.75","183.42M","1.60%"
"17.06.2024","52,397.20","52,247.33","52,438.78","52,000.77","170.04M","0.33%"
"14.06.2024","52,222.94","52,218.93","52,482.81","51,872.13","268.21M","-0.10%"
"13.06.2024","52,275.65","52,978.19","53,072.21","52,209.61","212.34M","-1.32%"
"12.06.2024","52,975.89","53,220.09","53,767.39","52,928.94","257.82M","-0.30%"
"11.06.2024","53,134.06","53,184.54","53,567.24","52,624.87","241.23M","0.02%"
"10.06.2024","53,122.58","52,989.20","53,652.32","52,989.20","209.60M","0.27%"
"07.06.2024","52,977.32","54,477.62","54,788.32","52,887.25","281.30M","-2.75%"
"06.06.2024","54,477.25","54,427.75","55,730.31","54,038.61","300.81M","0.12%"
"05.06.2024","54,410.51","53,467.37","54,536.16","53,306.80","298.60M","1.73%"
"04.06.2024","53,485.62","51,894.32","53,683.23","51,894.32","339.30M","3.24%"
"03.06.2024","51,807.55","54,967.91","55,197.11","51,358.97","300.10M","-6.11%"
"31.05.2024","55,179.24","55,253.50","55,588.20","54,839.26","755.40M","-0.31%"
"30.05.2024","55,352.56","55,169.90","55,683.57","54,768.40","232.59M","0.25%"
"29.05.2024","55,212.64","55,120.56","55,458.43","54,352.15","247.66M","0.05%"
"28.05.2024","55,184.95","55,452.80","55,526.26","55,078.44","153.19M","-0.48%"
"27.05.2024","55,452.88","55,428.24","55,551.24","55,120.48","30.73M","0.07%"
"24.05.2024","55,413.12","55,860.95","55,908.65","55,368.21","148.85M","-0.90%"
"23.05.2024","55,918.38","56,342.20","56,407.03","55,857.91","154.66M","-0.91%"
"22.05.2024","56,432.03","56,653.09","56,656.63","56,148.63","156.40M","-0.58%"
"21.05.2024","56,760.72","57,286.59","57,286.59","56,638.15","175.21M","-1.10%"
"20.05.2024","57,393.28","57,604.25","57,725.82","57,270.53","137.31M","-0.33%"
"17.05.2024","57,583.08","57,506.49","57,847.38","57,385.25","109.27M","0.21%"
"16.05.2024","57,462.17","57,388.21","57,721.48","57,232.31","188.20M","0.01%"
"15.05.2024","57,454.65","57,284.92","58,135.03","57,283.06","174.21M","0.39%"
"14.05.2024","57,231.74","57,890.03","57,896.18","57,127.46","225.45M","-0.87%"
"13.05.2024","57,731.12","57,735.01","58,169.69","57,664.13","121.76M","0.02%"
"10.05.2024","57,718.04","57,836.59","58,090.25","57,627.96","215.42M","-0.22%"
"09.05.2024","57,846.08","57,118.14","58,063.08","57,001.53","188.27M","1.34%"
"08.05.2024","57,081.00","57,055.52","57,249.77","56,661.76","263.55M","-0.05%"
"07.05.2024","57,108.32","57,376.07","57,445.99","56,844.03","297.80M","-0.30%"
"06.05.2024","57,282.95","57,204.53","57,559.09","57,127.03","174.10M","0.26%"
"03.05.2024","57,135.26","56,706.23","57,258.41","56,668.74","175.06M","0.81%"
"02.05.2024","56,677.05","56,766.40","57,021.78","56,607.30","249.95M","-0.09%"
"30.04.2024","56,727.98","57,835.50","57,835.50","56,670.53","307.13M","-1.90%"
"29.04.2024","57,827.86","57,890.49","58,110.37","57,512.60","222.98M","-0.01%"
"26.04.2024","57,833.85","57,072.96","58,002.17","56,870.17","156.98M","1.34%"
"25.04.2024","57,071.78","56,619.09","57,282.33","56,207.45","264.90M","1.08%"
"24.04.2024","56,463.99","56,622.16","56,827.02","56,188.89","254.69M","-0.30%"
"23.04.2024","56,633.75","56,564.58","56,906.80","56,300.36","204.29M","0.14%"
"22.04.2024","56,551.90","55,852.28","56,615.88","55,771.55","183.16M","1.23%"
"19.04.2024","55,862.85","55,811.19","56,036.72","55,579.69","138.62M","0.22%"
"18.04.2024","55,739.43","55,597.79","55,941.62","55,585.82","208.67M","0.58%"
"17.04.2024","55,415.69","55,788.74","56,090.32","55,383.25","244.26M","-0.68%"
"16.04.2024","55,797.25","56,009.73","56,148.00","55,626.75","225.86M","-0.33%"
"15.04.2024","55,984.00","56,536.47","56,709.12","55,924.10","170.65M","-1.03%"
"12.04.2024","56,565.92","56,918.48","57,272.70","56,497.88","147.84M","-0.47%"
"11.04.2024","56,830.32","56,696.32","56,876.65","56,485.96","200.97M","0.34%"
"10.04.2024","56,636.54","57,541.86","57,541.86","56,374.63","210.38M","-1.62%"
"09.04.2024","57,571.15","58,010.37","58,298.77","57,492.06","202.21M","-0.72%"
"08.04.2024","57,989.94","58,021.66","58,192.32","57,749.44","154.64M","-0.18%"
"05.04.2024","58,092.44","57,805.19","58,227.84","57,678.61","212.25M","0.36%"
"04.04.2024","57,882.76","57,539.47","58,219.50","57,514.18","184.74M","0.66%"
"03.04.2024","57,503.39","57,547.19","58,086.42","57,300.11","189.29M","-0.14%"
"02.04.2024","57,581.81","57,593.62","57,830.88","57,235.59","180.75M","-0.12%"
"01.04.2024","57,653.23","57,423.51","57,726.82","57,291.95","165.03M","0.50%"
"27.03.2024","57,369.01","57,182.86","57,599.08","57,007.55","114.25M","0.28%"
"26.03.2024","57,209.70","56,634.85","57,422.25","56,435.27","125.01M","1.16%"
"25.03.2024","56,552.54","56,565.11","56,820.30","56,311.99","89.28M","-0.10%"
"22.03.2024","56,610.54","56,676.82","56,805.66","56,517.40","170.06M","-0.08%"
"21.03.2024","56,657.44","56,715.25","57,015.82","56,544.05","197.84M","0.07%"
"20.03.2024","56,618.01","55,543.70","56,921.96","55,416.19","172.30M","1.93%"
"19.03.2024","55,548.07","56,137.15","56,137.15","55,494.10","194.97M","-1.21%"
"15.03.2024","56,228.40","56,163.26","56,575.51","55,855.16","935.20M","0.30%"
"14.03.2024","56,059.26","55,838.32","56,427.43","55,838.32","226.72M","0.38%"
"13.03.2024","55,848.72","54,902.31","55,881.67","54,853.52","205.03M","1.73%"
"12.03.2024","54,898.95","55,145.29","55,199.60","54,713.48","203.21M","-0.32%"
"11.03.2024","55,076.12","54,876.61","55,373.86","54,752.41","190.19M","0.26%"
"08.03.2024","54,935.99","55,134.63","55,313.86","54,890.26","134.73M","-0.21%"
"07.03.2024","55,049.49","55,305.71","55,494.12","54,978.64","168.37M","-0.43%"
"06.03.2024","55,284.51","55,464.05","55,757.23","55,217.91","163.41M","-0.35%"
"05.03.2024","55,476.25","55,450.03","55,647.31","55,104.62","177.40M","0.02%"
"04.03.2024","55,462.49","55,451.05","55,852.78","55,411.09","147.75M","-0.13%"
"01.03.2024","55,536.32","55,396.30","55,984.87","55,184.85","152.95M","0.22%"
"29.02.2024","55,414.00","55,375.19","55,719.90","55,111.00","506.67M","0.11%"
"28.02.2024","55,350.61","56,233.83","56,268.98","55,085.80","208.76M","-1.58%"
"27.02.2024","56,241.03","56,192.97","56,399.07","55,915.87","217.70M","0.08%"
"26.02.2024","56,194.72","56,649.42","56,649.42","56,035.75","214.21M","-0.82%"
"23.02.2024","56,659.80","57,187.20","57,205.83","56,432.61","216.27M","-0.86%"
"22.02.2024","57,148.73","57,024.26","57,407.39","56,773.55","207.94M","0.22%"
"21.02.2024","57,021.03","57,257.08","57,269.13","56,782.81","197.67M","-0.36%"
"20.02.2024","57,227.67","57,250.20","57,602.21","57,119.36","233.61M","-0.46%"
"19.02.2024","57,490.05","57,205.06","57,567.39","56,804.67","34.69M","0.63%"
"16.02.2024","57,132.11","57,224.21","57,421.97","56,987.42","158.97M","-0.21%"
"15.02.2024","57,251.89","57,216.58","57,612.70","57,160.60","212.86M","0.01%"
"14.02.2024","57,248.47","56,872.38","57,318.62","56,872.38","202.36M","0.60%"
"13.02.2024","56,906.99","57,277.79","57,382.48","56,812.64","168.14M","-0.89%"
"12.02.2024","57,418.55","57,339.97","57,802.24","57,294.72","173.54M","0.16%"
"09.02.2024","57,327.50","57,832.43","57,908.34","57,287.34","130.50M","-0.75%"
"08.02.2024","57,762.44","58,856.23","58,856.23","57,700.60","251.85M","-1.62%"
"07.02.2024","58,711.87","58,625.93","59,020.55","58,382.76","182.57M","0.06%"
"06.02.2024","58,679.58","58,271.75","59,015.40","57,782.70","265.55M","0.78%"
"02.02.2024","58,226.77","58,012.88","58,273.17","57,744.34","166.98M","0.69%"
"01.02.2024","57,828.08","57,367.28","58,221.17","57,367.28","178.93M","0.79%"
"31.01.2024","57,372.76","57,449.59","57,829.01","57,051.88","232.74M","-0.29%"
"30.01.2024","57,537.14","57,151.18","57,612.01","56,711.94","265.27M","0.63%"
"29.01.2024","57,175.73","56,813.73","57,229.32","56,806.23","214.25M","0.56%"
"26.01.2024","56,855.88","56,321.38","57,164.08","56,178.71","209.37M","1.24%"
"25.01.2024","56,160.07","55,408.32","56,391.46","54,968.56","292.61M","1.34%"
"24.01.2024","55,419.55","55,564.10","55,908.15","55,273.77","241.52M","-0.15%"
"23.01.2024","55,502.90","54,751.66","55,578.55","54,751.66","172.48M","1.43%"
"22.01.2024","54,723.06","55,418.10","55,434.15","54,629.19","185.28M","-1.31%"
"19.01.2024","55,452.10","54,728.14","55,488.80","54,499.43","213.23M","1.36%"
"18.01.2024","54,707.89","54,690.58","54,823.04","54,346.58","206.06M","-0.01%"
"17.01.2024","54,711.69","55,147.94","55,147.94","54,367.17","265.47M","-0.75%"
"16.01.2024","55,124.58","55,504.07","55,641.71","55,073.84","222.23M","-0.68%"
"15.01.2024","55,501.11","55,654.39","55,671.98","55,435.75","17.54M","-0.19%"
"12.01.2024","55,607.07","55,463.32","55,898.44","55,461.23","168.91M","0.30%"
"11.01.2024","55,438.75","55,313.93","55,612.30","55,155.84","169.54M","0.22%"
"10.01.2024","55,318.67","55,104.84","55,535.15","55,029.48","199.39M","0.39%"
"09.01.2024","55,105.58","56,233.15","56,233.15","55,073.35","179.71M","-1.90%"
"08.01.2024","56,175.67","56,227.93","56,301.52","55,908.18","129.02M","-0.03%"
"05.01.2024","56,192.78","55,420.10","56,246.22","55,388.72","117.23M","1.42%"
"04.01.2024","55,406.96","55,732.95","55,893.29","55,203.99","98.38M","-0.57%"
"03.01.2024","55,726.64","56,996.27","56,996.27","55,634.01","98.42M","-2.20%"
"02.01.2024","56,980.44","57,456.81","57,456.81","56,593.51","70.72M","-0.71%"
"01.01.2024","57,386.25","57,475.39","57,522.95","57,178.47","66.55M","0.00%"
"29.12.2023","57,386.25","57,475.39","57,522.95","57,178.47","66.55M","-0.14%"
"28.12.2023","57,464.42","57,577.84","57,806.42","57,218.58","56.30M","-0.16%"
"27.12.2023","57,554.47","57,647.50","57,914.05","57,480.79","76.01M","-0.33%"
"26.12.2023","57,745.79","57,356.31","57,974.92","57,335.70","51.39M","0.75%"
"25.12.2023","57,313.47","57,603.17","57,694.85","57,225.17","93.65M","0.00%"
"22.12.2023","57,313.47","57,603.17","57,694.85","57,225.17","93.65M","-0.30%"
"21.12.2023","57,487.70","56,998.77","57,599.91","56,998.77","109.61M","1.02%"
"20.12.2023","56,909.37","57,689.35","57,826.89","56,811.44","206.22M","-1.36%"
"19.12.2023","57,694.34","57,737.41","58,338.32","57,374.39","218.94M","-0.07%"
"18.12.2023","57,732.81","57,074.21","57,910.55","56,772.14","183.22M","1.06%"
"15.12.2023","57,130.08","57,065.25","57,502.12","56,723.24","601.09M","0.16%"
"14.12.2023","57,036.42","55,346.47","57,077.52","55,346.47","313.19M","3.39%"
"13.12.2023","55,167.86","54,266.63","55,250.08","53,933.30","258.66M","1.34%"
"11.12.2023","54,439.12","54,438.22","54,604.08","54,143.75","191.41M","0.08%"
"08.12.2023","54,393.01","54,340.09","54,574.11","54,042.48","192.87M","-0.12%"
"07.12.2023","54,456.78","54,012.81","54,509.40","53,970.45","208.63M","0.66%"
"06.12.2023","54,100.37","54,106.43","54,446.88","54,017.06","227.01M","-0.04%"
"05.12.2023","54,120.91","54,094.32","54,163.83","53,400.76","250.34M","0.12%"
"04.12.2023","54,053.63","53,924.38","54,223.02","53,764.28","227.44M","0.28%"
"01.12.2023","53,901.43","53,955.79","54,088.84","53,652.56","183.70M","-0.29%"
"30.11.2023","54,060.01","52,830.94","54,165.81","52,683.38","793.44M","2.40%"
"29.11.2023","52,792.81","52,284.33","52,879.43","52,253.59","198.42M","0.83%"
"28.11.2023","52,359.00","52,184.12","52,623.42","52,172.56","197.16M","0.27%"
"27.11.2023","52,220.49","52,919.82","52,919.82","52,132.41","199.74M","-1.36%"
"24.11.2023","52,938.42","52,967.48","53,180.46","52,568.54","96.36M","-0.23%"
"23.11.2023","53,059.54","52,803.29","53,108.76","52,738.19","37.64M","0.74%"
"22.11.2023","52,670.01","52,560.13","52,862.57","52,526.48","147.62M","0.32%"
"21.11.2023","52,504.29","52,467.00","52,701.13","51,986.84","184.12M","-0.34%"
"17.11.2023","52,685.10","52,471.74","52,832.02","52,452.46","141.13M","0.41%"
"16.11.2023","52,469.36","52,686.94","52,720.85","52,310.06","184.82M","-0.62%"
"15.11.2023","52,796.47","52,454.44","52,916.83","52,454.44","243.86M","0.54%"
"14.11.2023","52,511.37","51,149.16","52,571.86","51,149.16","216.41M","2.78%"
"13.11.2023","51,090.91","51,216.27","51,336.50","51,046.70","169.83M","-0.33%"
"10.11.2023","51,258.24","51,013.69","51,329.47","50,977.23","163.80M","0.37%"
"09.11.2023","51,071.03","50,977.92","51,241.35","50,812.14","200.70M","0.11%"
"08.11.2023","51,016.30","51,279.78","51,531.83","50,874.21","144.88M","-0.38%"
"07.11.2023","51,209.85","51,487.69","51,710.26","50,941.05","244.23M","-0.82%"
"06.11.2023","51,633.63","51,127.32","52,181.65","51,127.32","233.80M","0.72%"
"03.11.2023","51,266.73","50,654.11","51,926.51","50,249.03","235.38M","2.97%"
"01.11.2023","49,787.84","49,051.92","49,899.42","48,976.86","164.93M","1.48%"
"31.10.2023","49,061.88","49,259.00","49,262.18","48,807.35","302.06M","-0.44%"
"30.10.2023","49,277.36","48,963.47","49,465.89","48,963.47","190.86M","0.62%"
"27.10.2023","48,973.85","49,156.50","49,609.33","48,887.62","231.12M","-0.41%"
"26.10.2023","49,173.43","48,735.82","49,323.54","48,626.77","195.35M","0.83%"
"25.10.2023","48,766.33","48,252.47","48,816.55","48,228.96","181.75M","1.01%"
"24.10.2023","48,278.80","48,304.40","48,563.07","48,204.81","158.36M","0.17%"
"23.10.2023","48,197.88","48,290.33","48,367.76","47,765.06","160.98M","-0.16%"
"20.10.2023","48,275.91","48,809.12","48,886.99","48,226.48","214.76M","-1.08%"
"19.10.2023","48,804.61","49,257.05","49,314.96","48,756.97","254.33M","-0.95%"
"18.10.2023","49,274.78","49,543.90","49,670.65","49,011.38","339.28M","-0.79%"
"17.10.2023","49,666.01","49,733.54","49,874.24","49,507.61","192.51M","-0.32%"
"16.10.2023","49,823.08","49,402.33","50,004.83","49,377.83","131.15M","0.90%"
"13.10.2023","49,379.58","49,769.89","49,819.97","49,185.77","211.55M","-0.73%"
"12.10.2023","49,745.16","50,156.92","50,161.78","49,503.63","231.17M","-1.19%"
"11.10.2023","50,344.74","50,293.37","50,416.72","50,109.02","229.69M","0.11%"
"10.10.2023","50,289.86","49,301.65","50,427.12","49,301.65","200.85M","2.01%"
"09.10.2023","49,297.15","49,658.39","49,658.39","49,020.25","158.32M","-0.74%"
"06.10.2023","49,666.50","49,472.95","49,821.55","48,775.95","182.62M","0.43%"
"05.10.2023","49,454.59","50,444.75","50,444.75","48,484.91","273.44M","-2.52%"
"04.10.2023","50,732.69","50,407.93","50,776.97","50,158.38","234.53M","0.73%"
"03.10.2023","50,366.39","51,210.63","51,305.93","50,256.86","242.15M","-1.74%"
"02.10.2023","51,260.37","51,001.79","51,281.34","50,488.35","152.60M","0.76%"
"29.09.2023","50,874.98","51,575.24","51,658.01","50,783.07","226.96M","-1.32%"
"28.09.2023","51,554.95","51,386.23","51,743.87","51,360.24","204.51M","0.25%"
"27.09.2023","51,427.27","51,180.98","51,577.20","51,180.75","237.89M","0.63%"
"26.09.2023","51,107.80","51,410.42","51,422.45","51,068.90","213.72M","-0.51%"
"25.09.2023","51,367.46","51,684.61","51,852.12","51,329.65","240.42M","-0.60%"
"22.09.2023","51,677.48","51,946.17","52,036.28","51,637.45","172.81M","-0.53%"
"21.09.2023","51,954.01","52,429.38","52,429.38","51,886.19","194.91M","-1.05%"
"20.09.2023","52,507.23","52,226.77","52,904.07","52,123.49","233.18M","0.55%"
"19.09.2023","52,219.76","51,692.24","52,327.88","51,507.85","210.62M","1.03%"
"18.09.2023","51,685.31","51,452.59","51,729.71","50,961.14","150.53M","0.65%"
"15.09.2023","51,351.60","51,737.62","51,737.62","51,108.09","998.19M","-0.78%"
"14.09.2023","51,755.68","51,519.91","51,873.24","51,519.38","205.58M","0.45%"
"13.09.2023","51,522.18","51,832.63","51,867.30","51,349.56","267.09M","-0.65%"
"12.09.2023","51,860.45","52,227.06","52,310.13","51,814.24","220.83M","-0.78%"
"11.09.2023","52,267.49","52,549.58","52,748.51","52,236.25","166.61M","-0.45%"
"08.09.2023","52,505.11","52,442.41","52,604.76","52,211.02","204.70M","0.04%"
"07.09.2023","52,482.97","53,100.47","53,100.47","52,454.45","169.52M","-0.92%"
"06.09.2023","52,971.19","52,930.21","53,112.35","52,710.32","220.56M","0.07%"
"05.09.2023","52,932.50","53,057.61","53,227.81","52,816.93","212.43M","-0.18%"
"04.09.2023","53,030.52","53,161.61","53,317.40","52,984.18","48.50M","-0.22%"
"01.09.2023","53,145.36","53,233.15","53,661.62","53,011.17","129.62M","0.23%"
"31.08.2023","53,020.98","54,375.84","54,375.84","52,875.80","2.34B","-2.52%"
"30.08.2023","54,390.74","54,262.82","54,604.19","54,158.93","310.30M","0.24%"
"29.08.2023","54,261.33","53,472.63","54,324.80","53,342.20","217.47M","1.53%"
"28.08.2023","53,442.64","53,193.85","53,773.50","53,193.85","169.20M","0.47%"
"25.08.2023","53,191.53","52,995.65","53,472.77","52,881.68","185.12M","0.15%"
"24.08.2023","53,109.83","53,617.67","53,700.38","52,881.72","218.95M","-0.98%"
"23.08.2023","53,635.34","53,136.60","53,784.29","53,099.35","217.80M","0.96%"
"22.08.2023","53,127.93","53,163.62","53,205.41","52,935.42","208.22M","0.03%"
"21.08.2023","53,109.76","53,286.21","53,302.69","52,681.11","186.73M","-0.16%"
"18.08.2023","53,194.39","53,134.69","53,291.81","52,610.14","160.17M","-0.01%"
"17.08.2023","53,201.44","53,891.72","53,968.96","53,173.11","290.46M","-1.16%"
"16.08.2023","53,827.71","53,520.42","53,953.35","53,488.85","334.27M","0.48%"
"15.08.2023","53,568.32","53,222.15","53,732.41","53,116.60","236.90M","0.54%"
"14.08.2023","53,282.04","53,244.42","53,474.70","52,818.88","231.35M","0.07%"
"11.08.2023","53,242.16","53,888.62","53,938.09","53,171.02","293.77M","-1.20%"
"10.08.2023","53,889.03","54,212.79","54,435.43","53,709.08","179.07M","-0.61%"
"09.08.2023","54,220.74","53,685.54","54,251.76","53,633.74","271.65M","1.04%"
"08.08.2023","53,663.02","53,914.19","54,063.14","53,341.72","219.13M","-0.68%"
"07.08.2023","54,032.83","54,014.74","54,151.28","53,761.71","202.50M","0.08%"
"04.08.2023","53,991.42","53,492.31","54,056.81","53,397.17","178.69M","1.02%"
"03.08.2023","53,445.09","53,245.82","53,543.39","53,019.22","231.55M","0.30%"
"02.08.2023","53,283.56","54,185.83","54,185.83","53,206.27","223.70M","-1.71%"
"01.08.2023","54,210.62","54,791.48","54,901.90","54,154.79","185.02M","-1.11%"
"31.07.2023","54,819.05","54,998.42","55,244.82","54,717.55","202.30M","-0.17%"
"28.07.2023","54,910.93","54,707.08","55,169.49","54,593.16","200.94M","0.29%"
"27.07.2023","54,753.39","54,576.89","54,895.25","54,324.72","269.78M","0.46%"
"26.07.2023","54,502.09","54,077.37","54,544.15","53,750.02","217.66M","0.90%"
"25.07.2023","54,013.58","53,599.23","54,097.24","53,570.03","296.83M","0.92%"
"24.07.2023","53,518.91","53,701.46","53,724.10","53,329.97","247.23M","-0.34%"
"21.07.2023","53,702.16","53,336.24","53,782.72","53,336.24","138.25M","0.26%"
"20.07.2023","53,561.37","53,654.67","53,793.30","53,436.10","127.34M","-0.33%"
"19.07.2023","53,740.16","54,060.44","54,333.02","53,681.91","206.09M","-0.55%"
"18.07.2023","54,036.27","53,641.75","54,183.35","53,479.44","166.02M","0.77%"
"17.07.2023","53,623.27","53,652.12","53,934.89","53,409.86","98.35M","-0.27%"
"14.07.2023","53,770.80","54,264.91","54,264.91","53,704.55","152.71M","-0.87%"
"13.07.2023","54,244.01","54,036.03","54,605.50","53,972.95","190.64M","0.53%"
"12.07.2023","53,956.71","54,168.17","54,222.80","53,855.41","237.86M","-0.34%"
"11.07.2023","54,138.14","53,636.96","54,189.51","53,339.38","173.36M","0.90%"
"10.07.2023","53,655.35","53,991.75","53,991.75","53,562.24","133.52M","-0.46%"
"07.07.2023","53,904.29","53,409.32","54,128.64","53,266.69","168.03M","0.93%"
"06.07.2023","53,407.70","54,053.82","54,053.82","53,117.59","213.52M","-1.17%"
"05.07.2023","54,039.66","53,945.50","54,099.86","53,710.39","183.54M","0.20%"
"04.07.2023","53,930.86","54,408.08","54,501.58","53,863.86","23.25M","-0.86%"
"03.07.2023","54,399.10","53,536.94","54,476.66","53,483.69","88.06M","1.63%"
"30.06.2023","53,526.10","53,667.97","53,778.99","53,344.77","222.47M","-0.11%"
"29.06.2023","53,585.22","53,411.71","53,733.85","53,370.90","157.07M","0.23%"
"28.06.2023","53,460.06","53,914.17","53,991.35","53,293.21","186.45M","-0.87%"
"27.06.2023","53,926.91","53,295.62","54,008.03","53,212.73","206.32M","1.11%"
"26.06.2023","53,335.74","53,354.29","53,506.08","53,262.75","160.59M","-0.01%"
"23.06.2023","53,341.91","53,690.06","53,690.36","53,127.22","136.73M","-0.41%"
"22.06.2023","53,563.31","53,998.81","54,031.84","53,438.85","143.28M","-0.93%"
"21.06.2023","54,063.91","54,334.17","54,353.00","53,810.85","174.71M","-0.56%"
"20.06.2023","54,365.68","54,965.90","54,975.88","54,286.63","233.33M","-1.03%"
"19.06.2023","54,931.06","54,953.82","55,074.79","54,887.33","29.02M","0.16%"
"16.06.2023","54,842.51","55,172.65","55,337.69","54,783.25","642.62M","-0.91%"
"15.06.2023","55,344.25","55,130.41","55,407.72","54,977.08","213.58M","0.36%"
"14.06.2023","55,145.43","54,629.33","55,182.31","54,557.17","316.96M","1.05%"
"13.06.2023","54,574.75","54,347.28","54,611.96","54,149.90","194.69M","0.55%"
"12.06.2023","54,278.12","54,475.19","54,547.88","54,187.07","140.88M","-0.43%"
"09.06.2023","54,512.14","54,331.64","54,796.94","54,295.53","211.65M","0.32%"
"08.06.2023","54,338.18","54,064.00","54,407.89","53,851.74","226.34M","0.09%"
"07.06.2023","54,291.44","54,487.20","54,712.09","54,248.50","261.54M","-0.26%"
"06.06.2023","54,432.19","53,596.45","54,486.19","53,578.23","247.76M","1.67%"
"05.06.2023","53,536.05","53,262.27","53,649.58","53,238.63","137.81M","0.57%"
"02.06.2023","53,232.71","52,791.89","53,401.26","52,777.43","223.67M","0.96%"
"01.06.2023","52,724.03","52,803.58","53,134.86","52,687.43","236.52M","-0.02%"
"31.05.2023","52,736.26","53,268.59","53,499.70","52,575.14","1.39B","-1.14%"
"30.05.2023","53,341.85","54,232.29","54,232.29","53,105.31","530.81M","-1.61%"
"29.05.2023","54,212.67","54,002.65","54,347.85","53,911.57","156.71M","0.35%"
"26.05.2023","54,025.45","53,801.53","54,233.57","53,288.15","202.09M","0.52%"
"25.05.2023","53,744.68","53,356.76","53,883.38","53,159.36","214.65M","0.66%"
"24.05.2023","53,393.40","53,483.15","53,609.38","53,146.14","212.10M","0.51%"
"23.05.2023","53,123.22","53,463.42","53,722.75","52,997.32","183.64M","-0.64%"
"22.05.2023","53,466.32","54,305.68","54,746.26","53,352.36","182.84M","-1.53%"
"19.05.2023","54,296.05","55,197.55","55,534.32","54,244.79","168.18M","-1.75%"
"18.05.2023","55,263.11","55,107.64","55,290.71","54,961.92","175.58M","0.36%"
"17.05.2023","55,067.37","55,309.02","55,441.67","55,005.06","172.67M","-0.21%"
"16.05.2023","55,180.97","55,246.17","55,589.72","55,136.10","183.96M","-0.15%"
"15.05.2023","55,261.42","54,993.48","55,375.92","54,890.63","174.06M","0.57%"
"12.05.2023","54,948.34","55,009.36","55,290.41","54,724.18","165.22M","-0.12%"
"11.05.2023","55,014.16","55,472.21","55,518.79","54,852.29","195.60M","-0.94%"
"10.05.2023","55,534.68","55,378.41","55,626.51","55,303.84","187.11M","0.15%"
"09.05.2023","55,452.73","54,959.83","55,497.83","54,899.36","170.68M","0.76%"
"08.05.2023","55,033.12","54,989.64","55,265.40","54,843.22","140.88M","0.17%"
"05.05.2023","54,937.39","54,747.84","55,047.85","54,699.59","206.69M","0.49%"
"04.05.2023","54,667.21","54,971.43","55,264.60","54,593.06","158.88M","-0.51%"
"03.05.2023","54,947.01","55,216.13","55,323.65","54,919.79","172.72M","-0.42%"
"02.05.2023","55,179.43","55,059.26","55,229.38","54,689.36","248.18M","0.11%"
"28.04.2023","55,121.22","54,453.54","55,178.62","54,436.52","241.58M","1.25%"
"27.04.2023","54,442.17","54,079.54","54,501.26","54,020.61","159.10M","0.78%"
"26.04.2023","54,023.32","54,356.36","54,633.97","53,902.05","196.55M","-0.64%"
"25.04.2023","54,371.09","54,569.69","54,734.13","54,301.75","134.10M","-0.63%"
"24.04.2023","54,713.70","54,203.80","54,745.58","54,089.33","136.72M","0.99%"
"21.04.2023","54,175.28","54,451.71","54,468.61","53,662.91","172.01M","-0.22%"
"20.04.2023","54,293.71","54,311.00","54,674.48","54,227.31","138.85M","-0.03%"
"19.04.2023","54,308.09","54,300.96","54,637.41","54,155.46","191.53M","-0.14%"
"18.04.2023","54,385.52","54,747.59","54,924.75","54,293.76","153.78M","-0.72%"
"17.04.2023","54,778.93","54,444.68","54,858.73","54,406.09","199.03M","0.59%"
"14.04.2023","54,460.06","54,748.53","54,862.54","54,200.32","170.78M","-0.43%"
"13.04.2023","54,695.78","54,359.31","54,908.53","54,336.31","220.22M","0.67%"
"12.04.2023","54,333.12","54,527.03","54,815.91","54,072.69","62.28M","-0.50%"
"11.04.2023","54,604.63","53,964.24","54,775.81","53,964.24","74.72M","0.66%"
"10.04.2023","54,246.53","53,473.71","54,310.08","53,446.67","","1.40%"
"05.04.2023","53,498.39","54,171.16","54,230.66","53,308.07","52.80M","-1.25%"
"04.04.2023","54,176.01","53,913.10","54,532.08","53,810.93","52.82M","0.54%"
"03.04.2023","53,883.65","54,037.67","54,040.48","53,611.27","40.06M","-0.04%"
"31.03.2023","53,904.00","54,233.25","54,604.07","53,828.56","242.08M","-0.54%"
"30.03.2023","54,198.94","53,878.24","54,468.57","53,874.98","186.36M","0.59%"
"29.03.2023","53,882.95","53,259.38","53,942.95","53,202.53","179.20M","1.27%"
"28.03.2023","53,209.10","52,894.39","53,705.38","52,807.48","168.61M","0.68%"
"27.03.2023","52,851.42","52,792.75","53,080.54","52,740.78","154.25M","0.15%"
"24.03.2023","52,771.12","52,691.03","52,938.25","52,415.19","144.76M","-0.11%"
"23.03.2023","52,827.93","52,589.98","53,089.11","52,556.18","148.95M","0.53%"
"22.03.2023","52,550.40","52,670.64","53,019.21","52,485.37","174.01M","-0.19%"
"21.03.2023","52,652.65","52,282.98","52,786.68","52,131.38","156.82M","1.40%"
"17.03.2023","51,925.61","52,505.61","52,656.41","51,814.68","786.82M","-1.10%"
"16.03.2023","52,505.70","52,156.19","52,876.44","52,113.64","152.65M","0.81%"
"15.03.2023","52,085.60","52,547.32","52,689.40","51,860.33","158.52M","-1.15%"
"14.03.2023","52,691.66","53,065.68","53,486.71","52,644.24","176.79M","-0.60%"
"13.03.2023","53,012.25","52,788.29","53,615.08","52,227.17","185.73M","0.41%"
"10.03.2023","52,794.53","53,478.18","53,507.14","52,716.96","159.73M","-1.18%"
"09.03.2023","53,426.77","53,390.05","53,740.89","53,287.50","185.54M","0.07%"
"08.03.2023","53,388.66","53,099.64","53,440.50","53,067.40","128.08M","0.60%"
"07.03.2023","53,068.73","53,892.02","53,902.62","53,006.44","191.13M","-1.59%"
"06.03.2023","53,924.19","54,146.10","54,326.11","53,889.69","133.18M","-0.48%"
"03.03.2023","54,182.27","53,381.22","54,409.37","53,347.60","179.82M","1.60%"
"02.03.2023","53,329.53","53,503.59","53,583.43","53,014.74","168.72M","-0.27%"
"01.03.2023","53,473.46","52,720.40","53,717.14","52,658.56","160.01M","1.36%"
"28.02.2023","52,758.06","52,964.67","53,048.09","52,495.86","557.29M","-0.48%"
"27.02.2023","53,013.62","52,739.42","53,195.56","52,599.36","129.31M","0.62%"
"24.02.2023","52,686.24","53,055.68","53,055.68","52,420.64","141.89M","-0.75%"
"23.02.2023","53,085.71","53,274.14","53,345.59","52,789.08","184.96M","-0.18%"
"22.02.2023","53,180.99","53,266.93","53,448.44","52,820.50","187.95M","-0.11%"
"21.02.2023","53,239.95","53,882.39","54,087.19","52,960.32","175.82M","-1.24%"
"20.02.2023","53,908.55","53,832.19","54,006.77","53,823.34","22.51M","0.22%"
"17.02.2023","53,789.64","53,927.03","53,993.51","53,483.74","151.56M","-0.42%"
"16.02.2023","54,015.82","53,536.63","54,143.61","53,327.04","159.91M","1.11%"
"15.02.2023","53,422.24","52,577.90","53,486.51","52,463.89","202.99M","1.44%"
"14.02.2023","52,663.12","53,225.20","53,395.80","52,466.08","226.07M","-0.73%"
"13.02.2023","53,050.83","52,476.29","53,286.84","52,473.68","145.59M","1.08%"
"10.02.2023","52,482.02","52,850.49","52,880.67","52,141.14","156.05M","-0.60%"
"09.02.2023","52,801.43","53,229.60","53,460.90","52,684.64","134.11M","-0.61%"
"08.02.2023","53,125.01","53,276.79","53,566.65","52,578.03","165.03M","-0.39%"
"07.02.2023","53,335.51","54,001.56","54,079.49","53,238.14","195.44M","-1.32%"
"03.02.2023","54,049.05","53,833.73","54,186.10","53,737.61","183.42M","0.32%"
"02.02.2023","53,874.91","55,040.19","55,173.58","53,733.70","160.01M","-2.08%"
"01.02.2023","55,018.91","54,555.91","55,072.23","54,410.37","148.36M","0.83%"
"31.01.2023","54,564.27","54,480.52","54,683.83","54,244.72","248.46M","0.08%"
"30.01.2023","54,521.43","54,767.41","54,795.91","54,400.79","121.76M","-0.46%"
"27.01.2023","54,774.91","55,188.85","55,309.97","54,650.61","142.81M","-0.71%"
"26.01.2023","55,164.01","54,885.72","55,309.62","54,866.20","131.94M","0.53%"
"25.01.2023","54,871.36","54,878.50","54,972.18","54,474.63","148.45M","0.00%"
"24.01.2023","54,870.50","54,392.66","55,071.58","54,392.66","142.79M","0.97%"
"23.01.2023","54,341.25","53,965.28","54,810.95","53,943.00","115.61M","0.73%"
"20.01.2023","53,947.04","53,430.21","54,112.36","53,201.68","121.18M","1.06%"
"19.01.2023","53,382.65","53,215.41","53,783.61","53,070.78","154.78M","0.31%"
"18.01.2023","53,218.83","53,256.25","53,590.43","53,150.78","133.00M","0.17%"
"17.01.2023","53,128.97","53,580.00","53,580.00","52,936.91","132.11M","-0.94%"
"16.01.2023","53,631.89","53,591.88","53,720.86","53,336.34","47.00M","0.10%"
"13.01.2023","53,576.72","53,564.93","53,903.90","53,371.65","128.17M","-0.03%"
"12.01.2023","53,593.86","53,228.45","53,859.00","53,215.51","173.80M","0.72%"
"11.01.2023","53,209.00","52,348.45","53,508.75","52,348.45","155.65M","1.65%"
"10.01.2023","52,344.02","52,297.71","52,564.11","52,180.85","131.27M","0.12%"
"09.01.2023","52,280.05","51,770.10","52,460.48","51,744.84","126.92M","1.06%"
"06.01.2023","51,730.50","50,800.84","52,004.83","50,618.31","109.03M","1.82%"
"05.01.2023","50,805.21","50,150.77","50,971.66","50,077.72","139.83M","1.28%"
"04.01.2023","50,161.27","49,013.31","50,388.61","48,966.12","113.05M","2.26%"
"03.01.2023","49,050.46","48,970.55","49,180.19","48,881.99","64.96M","0.12%"
"02.01.2023","48,993.24","48,506.04","49,136.94","48,478.94","10.62M","1.09%"
"30.12.2022","48,463.86","49,524.33","49,619.34","48,383.20","119.82M","-2.13%"
"29.12.2022","49,517.86","49,708.67","50,209.79","49,461.52","63.99M","-0.26%"
"28.12.2022","49,648.21","50,432.78","50,491.09","49,605.38","73.26M","-1.57%"
"27.12.2022","50,440.02","50,305.70","50,838.65","50,277.12","54.77M","0.33%"
"26.12.2022","50,273.89","50,530.63","50,712.39","50,211.37","11.41M","-0.60%"
"23.12.2022","50,578.09","50,052.48","50,759.66","49,864.65","74.94M","0.96%"
"22.12.2022","50,097.22","50,455.89","50,518.00","49,648.11","84.25M","-0.65%"
"21.12.2022","50,426.26","50,182.33","50,791.38","50,034.85","96.01M","0.57%"
"20.12.2022","50,139.42","49,978.45","50,406.57","49,978.45","101.78M","0.39%"
"19.12.2022","49,946.10","49,694.69","50,058.30","49,534.65","96.80M","0.64%"
"16.12.2022","49,630.15","49,361.51","49,686.79","49,113.71","377.28M","0.58%"
"15.12.2022","49,342.34","49,972.95","49,976.49","49,281.23","278.21M","-1.41%"
"14.12.2022","50,047.70","50,430.94","50,452.64","49,781.72","170.81M","-0.57%"
"13.12.2022","50,333.10","50,638.82","51,084.44","50,240.45","284.65M","-0.26%"
"09.12.2022","50,466.25","51,170.62","51,170.89","50,423.74","121.54M","-1.20%"
"08.12.2022","51,078.70","50,721.50","51,298.86","50,721.50","123.03M","0.70%"
"07.12.2022","50,725.96","51,044.03","51,311.40","50,645.19","141.19M","-0.58%"
"06.12.2022","51,020.65","50,683.10","51,481.81","50,494.63","149.91M","0.44%"
"05.12.2022","50,799.46","51,197.73","51,298.01","50,715.01","105.07M","-0.85%"
"02.12.2022","51,234.37","51,407.96","51,647.85","51,030.43","153.35M","-0.43%"
"01.12.2022","51,457.55","51,649.60","51,811.17","51,027.58","185.46M","-0.44%"
"30.11.2022","51,684.86","50,200.93","51,800.36","50,125.81","741.51M","3.01%"
"29.11.2022","50,174.06","51,044.43","51,237.91","50,111.49","164.54M","-1.78%"
"28.11.2022","51,081.33","51,619.81","52,120.23","51,030.90","132.15M","-1.14%"
"25.11.2022","51,668.64","51,968.32","51,968.32","51,289.91","74.04M","-0.60%"
"24.11.2022","51,979.01","51,990.61","52,245.08","51,714.18","28.41M","-0.03%"
"23.11.2022","51,993.95","51,710.02","52,258.73","51,710.02","161.11M","0.45%"
"22.11.2022","51,760.54","51,614.16","52,371.02","51,579.28","221.26M","0.37%"
"18.11.2022","51,569.72","51,468.58","52,040.03","51,326.89","266.75M","0.41%"
"17.11.2022","51,360.87","51,377.05","51,559.41","51,057.38","145.24M","-0.36%"
"16.11.2022","51,544.94","51,526.39","51,710.64","51,362.58","174.86M","-0.21%"
"15.11.2022","51,655.68","51,985.34","52,457.14","51,369.31","151.83M","-0.25%"
"14.11.2022","51,785.13","51,915.63","52,016.44","51,565.35","187.69M","-0.34%"
"11.11.2022","51,959.20","51,086.48","52,126.90","51,086.48","194.49M","1.82%"
"10.11.2022","51,031.71","50,953.17","51,541.63","50,839.37","173.19M","0.96%"
"09.11.2022","50,545.76","50,822.64","51,232.91","50,333.12","180.42M","-0.67%"
"08.11.2022","50,888.47","50,773.96","51,093.05","50,510.84","198.41M","0.25%"
"07.11.2022","50,760.17","51,166.86","51,547.48","50,540.03","174.28M","-0.81%"
"04.11.2022","51,173.75","50,565.16","51,319.88","50,530.20","145.80M","1.91%"
"03.11.2022","50,215.87","50,653.87","50,653.87","49,431.48","256.66M","-1.28%"
"01.11.2022","50,864.85","50,004.42","50,905.67","50,004.42","184.33M","1.89%"
"31.10.2022","49,922.30","49,110.67","49,990.94","48,873.17","188.74M","1.70%"
"28.10.2022","49,086.30","48,896.36","49,131.39","48,482.90","130.27M","0.40%"
"27.10.2022","48,892.56","49,293.77","49,361.58","48,805.41","228.08M","-0.88%"
"26.10.2022","49,327.11","48,596.48","49,408.27","48,501.55","309.66M","1.41%"
"25.10.2022","48,641.27","47,707.60","48,682.06","47,558.73","257.30M","1.83%"
"24.10.2022","47,765.24","47,088.17","47,967.14","47,065.42","187.70M","1.37%"
"21.10.2022","47,120.08","46,351.04","47,172.33","46,306.71","185.02M","1.74%"
"20.10.2022","46,315.41","46,299.81","46,517.34","45,914.58","300.04M","0.21%"
"19.10.2022","46,217.44","46,306.32","46,439.01","46,010.76","180.15M","-0.20%"
"18.10.2022","46,309.23","46,395.20","46,699.46","46,116.39","218.53M","0.19%"
"17.10.2022","46,220.72","45,633.30","46,437.80","45,616.00","182.07M","1.71%"
"14.10.2022","45,443.35","45,859.01","46,062.59","45,380.18","161.59M","-0.71%"
"13.10.2022","45,766.94","45,467.43","46,074.40","45,040.42","211.62M","0.19%"
"12.10.2022","45,679.84","45,759.29","46,114.28","45,501.73","182.45M","-0.25%"
"11.10.2022","45,792.99","45,418.56","46,245.02","45,026.43","177.46M","0.74%"
"10.10.2022","45,457.12","45,688.15","46,077.09","45,388.60","98.82M","-0.59%"
"07.10.2022","45,728.87","46,176.52","46,176.52","45,630.07","152.49M","-1.29%"
"06.10.2022","46,326.68","45,853.68","46,654.91","45,787.32","185.45M","1.05%"
"05.10.2022","45,845.83","45,957.37","45,957.37","45,553.56","163.78M","-0.44%"
"04.10.2022","46,046.58","45,644.03","46,139.18","45,553.29","178.32M","1.36%"
"03.10.2022","45,429.75","44,779.20","45,501.00","44,686.64","197.70M","1.80%"
"30.09.2022","44,626.80","45,094.68","45,300.29","44,558.81","200.73M","-1.05%"
"29.09.2022","45,102.55","45,293.90","45,626.60","44,764.27","154.77M","-0.75%"
"28.09.2022","45,442.21","45,045.04","45,826.95","44,841.51","197.48M","0.97%"
"27.09.2022","45,006.11","44,886.45","45,309.87","44,811.65","130.32M","0.44%"
"26.09.2022","44,808.56","45,410.86","45,514.50","44,740.05","123.14M","-1.29%"
"23.09.2022","45,395.94","46,149.09","46,151.67","45,069.02","150.71M","-2.01%"
"22.09.2022","46,324.92","46,957.63","46,957.63","46,154.87","139.05M","-1.42%"
"21.09.2022","46,992.51","47,111.33","47,432.52","46,906.31","198.29M","-0.16%"
"20.09.2022","47,068.53","46,983.03","47,284.14","46,613.25","220.06M","0.59%"
"19.09.2022","46,793.59","46,712.13","46,863.53","46,098.86","201.32M","0.05%"
"15.09.2022","46,769.78","46,742.11","47,027.50","46,545.13","784.06M","0.05%"
"14.09.2022","46,745.15","47,063.07","47,236.42","46,709.58","168.00M","-0.63%"
"13.09.2022","47,039.74","47,671.99","47,826.64","46,981.97","180.10M","-1.71%"
"12.09.2022","47,860.48","47,168.11","47,944.60","47,124.62","117.73M","1.74%"
"09.09.2022","47,042.94","46,435.40","47,072.99","46,412.05","97.82M","1.64%"
"08.09.2022","46,283.34","46,170.07","46,381.12","45,834.35","127.71M","0.49%"
"07.09.2022","46,056.97","45,870.98","46,169.46","45,482.77","153.89M","0.34%"
"06.09.2022","45,902.89","46,084.84","46,196.99","45,645.76","133.69M","-0.27%"
"05.09.2022","46,026.08","45,905.86","46,087.31","45,535.63","19.21M","0.30%"
"02.09.2022","45,888.63","45,811.16","46,166.54","45,543.79","135.19M","1.11%"
"01.09.2022","45,383.85","44,851.23","45,701.47","44,518.73","176.98M","1.03%"
"31.08.2022","44,919.22","45,909.89","46,055.17","44,844.18","508.03M","-2.18%"
"30.08.2022","45,922.05","46,336.97","46,398.47","45,671.21","121.98M","-0.86%"
"29.08.2022","46,322.10","47,105.90","47,105.90","46,247.28","137.71M","-2.01%"
"26.08.2022","47,272.11","47,711.02","47,754.32","46,992.75","87.46M","-0.95%"
"25.08.2022","47,724.24","47,449.68","47,830.59","47,320.51","109.29M","0.58%"
"24.08.2022","47,449.73","47,936.38","48,133.72","47,393.08","109.54M","-1.09%"
"23.08.2022","47,974.03","48,062.07","48,180.98","47,738.86","135.15M","-0.09%"
"22.08.2022","48,016.61","48,366.14","48,464.22","47,842.62","123.13M","-0.92%"
"19.08.2022","48,463.26","48,677.98","48,698.03","48,386.43","92.41M","-0.55%"
"18.08.2022","48,729.80","48,796.89","48,796.89","48,270.23","104.55M","-0.01%"
"17.08.2022","48,734.04","48,786.30","48,828.89","48,406.44","128.94M","-0.14%"
"16.08.2022","48,801.68","48,624.95","48,944.49","48,537.38","156.30M","0.34%"
"15.08.2022","48,638.36","48,770.31","48,896.10","48,595.13","92.22M","-0.44%"
"12.08.2022","48,853.37","48,546.99","48,909.17","48,429.69","119.22M","0.81%"
"11.08.2022","48,460.55","47,876.66","48,536.66","47,691.08","203.93M","1.36%"
"10.08.2022","47,808.21","47,349.57","48,311.92","47,349.57","182.31M","1.20%"
"09.08.2022","47,241.81","47,148.13","47,349.44","47,050.18","141.71M","-0.24%"
"08.08.2022","47,354.86","46,787.91","47,422.37","46,787.91","162.83M","1.35%"
"05.08.2022","46,723.43","46,688.19","47,023.76","46,283.75","137.29M","-0.41%"
"04.08.2022","46,916.17","47,063.01","47,870.48","46,528.00","183.02M","-0.16%"
"03.08.2022","46,989.61","46,997.33","47,218.05","46,742.94","177.17M","0.19%"
"02.08.2022","46,902.69","47,378.35","47,429.04","46,639.11","170.77M","-1.02%"
"01.08.2022","47,384.56","48,094.47","48,417.03","47,321.53","140.58M","-1.58%"
"29.07.2022","48,144.33","48,057.79","48,338.90","48,017.06","231.04M","0.07%"
"28.07.2022","48,112.27","46,846.39","48,174.27","46,846.39","155.70M","2.71%"
"27.07.2022","46,842.92","46,794.69","46,919.56","46,164.27","171.55M","0.36%"
"26.07.2022","46,674.30","47,217.38","47,265.86","46,485.58","146.33M","-1.12%"
"25.07.2022","47,202.64","47,254.55","47,577.44","47,154.22","97.20M","-0.13%"
"22.07.2022","47,264.86","47,477.69","47,595.79","47,165.38","110.08M","-0.32%"
"21.07.2022","47,416.37","47,223.10","47,488.28","46,767.74","118.34M","0.60%"
"20.07.2022","47,132.49","47,213.02","47,348.42","46,964.39","109.17M","-0.27%"
"19.07.2022","47,259.23","47,090.23","47,511.15","46,805.89","123.13M","0.72%"
"18.07.2022","46,923.20","47,198.01","47,482.75","46,855.21","84.31M","-0.32%"
"15.07.2022","47,075.87","46,819.38","47,121.12","46,691.76","83.24M","0.72%"
"14.07.2022","46,741.31","47,325.54","47,357.11","46,581.32","149.20M","-1.52%"
"13.07.2022","47,461.35","47,448.31","47,706.14","46,882.15","196.28M","-0.40%"
"12.07.2022","47,651.52","47,310.80","47,800.36","47,310.80","159.93M","0.59%"
"11.07.2022","47,369.89","47,541.46","47,572.59","47,182.90","88.21M","-0.45%"
"08.07.2022","47,582.11","47,214.71","47,624.09","46,927.07","120.67M","0.44%"
"07.07.2022","47,374.38","47,828.34","48,056.93","47,311.98","200.40M","-0.73%"
"06.07.2022","47,722.29","47,572.94","47,778.95","47,292.09","139.45M","0.46%"
"05.07.2022","47,503.22","47,987.59","47,987.59","46,940.92","140.76M","-1.11%"
"04.07.2022","48,036.38","47,740.32","48,584.14","47,705.27","39.31M","0.61%"
"01.07.2022","47,743.15","47,543.35","47,910.68","47,135.18","94.92M","0.46%"
"30.06.2022","47,524.45","47,918.63","47,918.63","47,188.28","228.81M","-1.12%"
"29.06.2022","48,061.61","48,446.29","48,532.68","47,916.85","170.56M","-0.77%"
"28.06.2022","48,435.45","48,363.79","48,796.23","48,049.90","181.98M","0.29%"
"27.06.2022","48,294.83","47,781.35","48,390.86","47,696.42","124.21M","1.16%"
"24.06.2022","47,741.50","46,642.41","47,852.91","46,344.94","175.54M","2.32%"
"23.06.2022","46,657.88","47,175.68","47,222.62","46,547.21","157.68M","-1.03%"
"22.06.2022","47,144.36","47,878.14","47,878.14","47,076.27","146.70M","-2.00%"
"21.06.2022","48,104.38","47,761.48","48,321.17","47,732.42","131.26M","0.68%"
"20.06.2022","47,780.72","47,996.72","48,007.22","47,680.15","40.47M","-0.49%"
"17.06.2022","48,016.23","47,682.91","48,156.71","47,488.30","732.17M","0.96%"
"16.06.2022","47,558.51","48,202.45","48,202.45","47,323.36","212.05M","-1.63%"
"15.06.2022","48,344.97","48,388.15","48,610.30","48,137.65","175.22M","0.37%"
"14.06.2022","48,164.47","48,557.47","48,677.11","48,083.16","191.85M","-0.58%"
"13.06.2022","48,445.30","48,408.20","48,717.67","47,775.84","251.39M","-0.05%"
"10.06.2022","48,471.52","49,147.20","49,147.20","48,398.78","137.51M","-1.66%"
"09.06.2022","49,290.22","49,854.73","50,012.62","49,229.81","154.55M","-1.06%"
"08.06.2022","49,819.30","50,088.94","50,192.36","49,629.03","165.13M","-0.64%"
"07.06.2022","50,139.20","49,840.72","50,183.82","49,409.73","138.43M","0.16%"
"06.06.2022","50,060.53","50,723.91","51,029.28","50,014.67","116.11M","-1.24%"
"03.06.2022","50,689.05","50,874.17","50,919.38","50,482.85","154.57M","-0.55%"
"02.06.2022","50,971.38","51,522.18","51,545.52","50,641.78","193.38M","-1.04%"
"01.06.2022","51,506.15","51,739.87","51,820.68","51,309.59","173.88M","-0.48%"
"31.05.2022","51,752.53","52,116.37","52,290.18","51,269.52","1.35B","-0.79%"
"30.05.2022","52,162.08","52,438.79","52,745.98","51,922.47","83.11M","-0.57%"
"27.05.2022","52,463.55","52,154.25","52,617.31","51,871.92","172.81M","0.61%"
"26.05.2022","52,143.00","52,203.69","52,295.32","52,058.32","183.85M","0.82%"
"25.05.2022","51,717.07","51,243.95","52,082.47","51,216.99","281.23M","0.81%"
"24.05.2022","51,304.04","51,149.47","51,374.40","50,866.15","241.74M","-0.14%"
"23.05.2022","51,376.89","51,621.72","51,989.02","51,341.19","139.72M","-0.27%"
"20.05.2022","51,518.30","51,512.45","51,868.44","51,326.93","202.80M","0.45%"
"19.05.2022","51,289.91","50,212.98","51,590.33","50,050.46","238.83M","1.78%"
"18.05.2022","50,394.03","51,390.52","51,390.52","49,990.49","304.80M","-2.08%"
"17.05.2022","51,464.03","50,781.79","51,634.19","50,739.66","204.55M","1.78%"
"16.05.2022","50,563.98","49,604.95","50,823.04","49,472.51","177.67M","1.98%"
"13.05.2022","49,579.90","49,486.11","49,726.52","49,127.29","212.87M","0.55%"
"12.05.2022","49,309.32","49,061.12","49,732.05","48,701.25","249.59M","0.07%"
"11.05.2022","49,276.23","49,087.26","49,618.35","49,005.89","234.79M","0.33%"
"10.05.2022","49,115.86","49,149.19","49,435.54","49,005.01","257.01M","0.12%"
"09.05.2022","49,057.46","49,419.02","49,419.02","48,669.21","161.52M","-0.98%"
"06.05.2022","49,541.81","50,435.61","50,435.61","49,451.28","163.38M","-1.96%"
"05.05.2022","50,529.95","51,264.61","51,264.61","50,357.55","202.48M","-1.76%"
"04.05.2022","51,432.63","51,032.24","51,565.60","50,588.92","149.76M","0.72%"
"03.05.2022","51,066.56","51,896.17","51,896.85","50,954.99","161.13M","-1.58%"
"02.05.2022","51,887.47","51,426.27","51,922.71","51,125.72","128.41M","0.91%"
"29.04.2022","51,417.97","52,502.50","52,809.38","51,315.04","214.87M","-2.27%"
"28.04.2022","52,614.17","52,792.52","52,793.87","51,658.11","231.71M","0.50%"
"27.04.2022","52,351.21","52,627.18","52,807.09","52,212.64","160.23M","-0.31%"
"26.04.2022","52,512.71","52,699.18","52,894.05","52,324.66","185.41M","-0.36%"
"25.04.2022","52,703.79","53,183.12","53,183.12","52,509.45","183.38M","-0.92%"
"22.04.2022","53,191.78","53,258.32","53,641.01","53,027.20","143.32M","-0.14%"
"21.04.2022","53,267.31","53,997.67","54,329.32","53,077.99","154.71M","-1.05%"
"20.04.2022","53,831.04","54,676.06","54,695.19","53,771.49","185.72M","-1.47%"
"19.04.2022","54,633.76","54,219.61","54,718.34","54,175.48","154.40M","0.91%"
"18.04.2022","54,139.69","54,172.62","54,582.79","54,063.78","101.33M","-0.06%"
"13.04.2022","54,172.62","53,976.82","54,414.12","53,697.42","102.40M","0.49%"
"12.04.2022","53,907.25","54,624.30","54,809.11","53,750.83","186.07M","-1.02%"
"11.04.2022","54,463.83","54,678.05","54,678.05","54,279.65","115.51M","-0.41%"
"08.04.2022","54,687.25","55,338.64","55,350.06","54,591.73","117.20M","-1.07%"
"07.04.2022","55,280.59","55,494.70","55,646.29","55,195.51","241.69M","-0.29%"
"06.04.2022","55,438.73","55,562.97","55,851.26","55,323.00","188.73M","-0.20%"
"05.04.2022","55,547.29","56,218.23","56,296.12","55,395.01","179.41M","-1.36%"
"04.04.2022","56,313.21","56,610.03","56,783.68","56,181.34","102.84M","-0.52%"
"01.04.2022","56,609.54","56,530.56","57,064.16","56,274.78","184.37M","0.13%"
"31.03.2022","56,536.68","55,811.40","56,730.53","55,811.40","226.31M","1.29%"
"30.03.2022","55,814.99","56,129.47","56,174.56","55,526.97","214.85M","-0.53%"
"29.03.2022","56,111.21","55,590.47","56,276.39","55,517.32","244.30M","0.77%"
"28.03.2022","55,685.14","55,436.45","55,779.73","55,335.86","122.11M","0.45%"
"25.03.2022","55,436.05","55,833.15","55,850.83","55,004.38","145.21M","-0.71%"
"24.03.2022","55,829.86","55,198.54","55,907.49","54,990.07","163.27M","1.22%"
"23.03.2022","55,154.68","55,634.96","55,712.82","55,026.42","155.68M","-1.02%"
"22.03.2022","55,722.48","55,468.11","55,902.28","55,205.64","244.99M","0.46%"
"18.03.2022","55,467.06","54,413.91","55,788.87","53,815.43","770.89M","2.03%"
"17.03.2022","54,364.51","53,456.48","54,447.04","53,277.42","186.80M","1.78%"
"16.03.2022","53,411.88","52,997.11","53,939.88","52,997.11","239.44M","0.76%"
"15.03.2022","53,010.01","52,735.69","53,121.39","52,437.05","324.40M","0.38%"
"14.03.2022","52,807.62","53,300.70","53,300.70","52,427.58","242.37M","-0.93%"
"11.03.2022","53,300.70","53,514.82","53,806.21","53,181.68","152.58M","-0.16%"
"10.03.2022","53,387.62","53,802.95","54,019.43","53,316.02","189.25M","-0.97%"
"09.03.2022","53,911.76","53,202.30","54,000.03","53,202.30","221.90M","1.17%"
"08.03.2022","53,288.23","52,393.46","53,555.91","52,096.01","266.75M","1.86%"
"07.03.2022","52,312.61","53,354.94","53,354.94","51,884.08","239.26M","-1.89%"
"04.03.2022","53,322.05","53,450.50","53,450.50","52,691.76","226.44M","-0.38%"
"03.03.2022","53,528.01","53,297.79","54,095.65","53,235.57","216.85M","0.43%"
"02.03.2022","53,300.66","53,292.95","53,610.07","53,059.01","198.23M","0.25%"
"01.03.2022","53,168.82","53,403.89","53,855.46","52,880.98","182.51M","-0.43%"
"28.02.2022","53,400.61","52,528.71","53,600.12","51,990.91","951.23M","1.61%"
"25.02.2022","52,555.60","51,488.58","52,600.05","51,439.65","201.52M","2.14%"
"24.02.2022","51,454.05","50,727.93","51,589.97","50,003.09","240.72M","0.18%"
"23.02.2022","51,362.95","52,610.63","52,610.63","51,252.65","259.41M","-2.35%"
"22.02.2022","52,600.45","52,075.83","52,664.38","51,928.28","186.72M","1.11%"
"21.02.2022","52,025.18","52,281.53","52,302.42","51,762.05","39.45M","-0.49%"
"18.02.2022","52,281.53","52,723.49","52,828.52","52,218.31","126.99M","-0.82%"
"17.02.2022","52,712.06","53,613.54","53,680.29","52,606.96","147.05M","-1.80%"
"16.02.2022","53,680.86","53,188.90","53,901.91","53,051.61","171.99M","0.88%"
"15.02.2022","53,210.94","52,430.35","53,520.23","52,410.29","189.08M","1.67%"
"14.02.2022","52,334.73","53,232.26","53,232.26","52,161.67","218.80M","-1.68%"
"11.02.2022","53,229.26","52,512.06","53,630.05","52,468.03","188.38M","1.20%"
"10.02.2022","52,599.58","52,679.94","52,903.15","52,371.93","256.32M","-0.31%"
"09.02.2022","52,761.91","52,470.74","52,816.79","52,314.05","178.16M","0.89%"
"08.02.2022","52,294.58","51,281.26","52,340.03","51,011.87","175.29M","2.03%"
"04.02.2022","51,255.31","51,101.23","51,436.94","50,850.32","122.40M","0.22%"
"03.02.2022","51,145.11","51,846.45","51,885.37","51,099.89","147.09M","-1.71%"
"02.02.2022","52,034.80","51,849.76","52,120.64","51,766.16","9.80M","0.49%"
"01.02.2022","51,782.67","51,511.27","51,856.28","51,290.79","138.33M","0.88%"
"31.01.2022","51,330.85","50,670.28","51,569.26","50,631.62","229.57M","1.32%"
"28.01.2022","50,661.86","50,522.00","50,919.38","50,101.93","214.81M","0.39%"
"27.01.2022","50,466.02","51,208.23","51,282.03","50,408.58","203.84M","-1.12%"
"26.01.2022","51,037.05","51,314.27","51,507.88","50,871.68","199.20M","-0.13%"
"25.01.2022","51,104.39","50,792.00","51,285.48","50,006.65","220.72M","0.42%"
"24.01.2022","50,890.59","51,578.42","51,578.42","49,673.64","212.71M","-1.37%"
"21.01.2022","51,599.38","52,432.07","52,432.07","51,386.68","192.93M","-1.73%"
"20.01.2022","52,508.35","52,826.23","53,017.39","52,424.70","144.88M","-0.60%"
"19.01.2022","52,823.23","53,239.99","53,402.44","52,679.18","159.27M","-0.77%"
"18.01.2022","53,232.20","53,985.46","53,987.63","53,187.46","141.86M","-1.37%"
"17.01.2022","53,973.27","53,742.37","54,219.14","53,742.37","34.73M","0.42%"
"14.01.2022","53,744.92","53,824.77","53,861.71","53,476.91","135.84M","-0.34%"
"13.01.2022","53,930.45","53,981.55","54,102.49","53,793.75","172.79M","-0.04%"
"12.01.2022","53,951.14","53,068.12","53,991.33","53,068.12","161.61M","1.68%"
"11.01.2022","53,061.92","52,841.05","53,121.47","52,740.35","167.68M","0.43%"
"10.01.2022","52,835.76","53,202.84","53,301.94","52,809.11","116.97M","-0.69%"
"07.01.2022","53,202.11","53,020.13","53,244.91","52,896.25","104.19M","0.28%"
"06.01.2022","53,055.31","52,964.67","53,145.81","52,768.81","145.92M","0.06%"
"05.01.2022","53,024.15","52,927.53","53,253.07","52,909.79","110.51M","0.01%"
"04.01.2022","53,016.78","53,073.08","53,334.00","52,888.73","105.05M","0.14%"
"03.01.2022","52,941.01","53,278.11","53,603.83","52,901.71","56.60M","-0.62%"
"31.12.2021","53,272.44","53,099.77","53,387.22","53,011.07","48.62M","0.18%"
"30.12.2021","53,175.25","52,809.78","53,253.62","52,752.73","83.76M","0.81%"
"29.12.2021","52,748.93","53,223.76","53,500.32","52,668.34","57.32M","-0.92%"
"28.12.2021","53,238.48","53,201.69","53,630.53","53,106.40","84.10M","-0.04%"
"27.12.2021","53,259.56","52,853.66","53,309.51","52,558.85","60.92M","0.77%"
"24.12.2021","52,853.38","52,615.28","52,901.72","52,548.59","5.24M","0.38%"
"23.12.2021","52,650.91","52,413.56","52,872.74","52,355.35","96.50M","0.47%"
"22.12.2021","52,403.05","52,146.01","52,450.85","51,956.99","113.83M","0.61%"
"21.12.2021","52,085.28","51,916.02","52,188.41","51,593.92","144.35M","0.89%"
"20.12.2021","51,623.86","52,333.26","52,333.26","51,319.55","121.90M","-1.44%"
"17.12.2021","52,379.37","51,296.06","52,477.83","51,227.20","510.55M","1.94%"
"16.12.2021","51,384.06","51,264.56","51,899.87","51,147.28","142.78M","0.43%"
"15.12.2021","51,163.66","51,141.39","51,291.03","50,728.99","182.08M","-0.15%"
"14.12.2021","51,241.47","50,401.22","51,481.70","50,291.02","238.02M","1.63%"
"13.12.2021","50,419.17","51,214.61","51,218.97","50,327.08","246.01M","-1.55%"
"10.12.2021","51,213.48","51,194.23","51,240.19","50,935.65","121.60M","-0.05%"
"09.12.2021","51,238.02","51,060.82","51,305.44","50,785.20","147.69M","0.36%"
"08.12.2021","51,056.27","50,929.26","51,121.00","50,722.39","143.87M","0.27%"
"07.12.2021","50,918.28","50,690.15","51,009.75","50,501.19","181.69M","0.62%"
"06.12.2021","50,605.56","50,590.86","50,842.35","50,445.25","125.37M","0.02%"
"03.12.2021","50,597.29","50,870.66","51,413.06","50,528.90","181.64M","-0.65%"
"02.12.2021","50,927.38","50,032.22","50,956.15","49,900.80","159.03M","1.84%"
"01.12.2021","50,007.16","49,879.76","50,752.12","49,869.01","223.34M","0.62%"
"30.11.2021","49,698.72","49,623.40","49,873.86","49,116.94","840.28M","-0.20%"
"29.11.2021","49,796.30","49,520.30","49,875.69","49,268.77","242.97M","0.61%"
"26.11.2021","49,492.52","50,480.50","50,480.50","49,064.67","170.09M","-2.24%"
"25.11.2021","50,625.00","50,838.21","50,887.88","50,580.49","52.60M","-0.44%"
"24.11.2021","50,848.03","51,157.06","51,236.58","50,639.43","181.05M","-0.52%"
"23.11.2021","51,116.32","50,447.83","51,182.78","50,437.77","150.73M","1.23%"
"22.11.2021","50,497.08","50,864.01","50,945.89","50,407.28","136.10M","-0.62%"
"19.11.2021","50,811.30","50,724.29","50,891.39","50,535.11","143.94M","-0.04%"
"18.11.2021","50,831.95","51,134.91","51,243.97","50,552.45","162.72M","-0.42%"
"17.11.2021","51,045.10","51,197.98","51,210.84","50,678.34","134.53M","-0.23%"
"16.11.2021","51,161.50","51,422.13","51,585.64","51,000.91","211.55M","-0.53%"
"12.11.2021","51,432.54","51,739.88","51,937.37","51,350.36","184.08M","-0.53%"
"11.11.2021","51,707.01","51,767.80","51,815.51","51,514.88","134.93M","0.01%"
"10.11.2021","51,704.40","52,153.94","52,171.25","51,590.52","127.67M","-0.79%"
"09.11.2021","52,114.12","52,250.49","52,340.00","51,778.03","183.57M","-0.26%"
"08.11.2021","52,251.49","52,000.21","52,577.33","51,979.51","201.34M","0.53%"
"05.11.2021","51,977.96","51,907.27","52,220.40","51,779.24","197.70M","0.20%"
"04.11.2021","51,873.46","51,838.63","51,967.41","51,338.69","182.21M","-0.01%"
"03.11.2021","51,876.81","51,648.84","51,965.52","51,503.13","203.22M","0.43%"
"01.11.2021","51,653.26","51,353.61","51,880.02","51,353.61","91.19M","0.67%"
"29.10.2021","51,309.84","51,193.84","51,503.58","50,997.11","145.76M","0.12%"
"28.10.2021","51,248.84","51,762.00","51,767.42","51,200.40","151.38M","-0.90%"
"27.10.2021","51,714.60","52,189.61","52,194.23","51,648.86","118.29M","-0.94%"
"26.10.2021","52,206.59","52,051.63","52,244.72","51,885.63","138.94M","0.72%"
"25.10.2021","51,833.80","51,892.32","52,144.97","51,655.96","123.95M","-0.11%"
"22.10.2021","51,889.66","51,970.58","52,250.55","51,737.39","142.81M","-0.25%"
"21.10.2021","52,020.05","52,236.10","52,252.39","51,521.94","170.06M","-0.53%"
"20.10.2021","52,298.20","52,336.63","52,688.22","52,234.78","130.92M","-0.20%"
"19.10.2021","52,402.73","52,672.46","52,733.61","52,242.73","127.36M","-0.54%"
"18.10.2021","52,686.03","52,834.71","52,942.26","52,538.12","127.99M","-0.21%"
"15.10.2021","52,798.38","52,240.94","52,849.88","52,240.94","172.59M","1.26%"
"14.10.2021","52,140.24","51,929.75","52,302.08","51,929.75","169.51M","0.63%"
"13.10.2021","51,812.87","51,917.71","51,991.07","51,518.21","179.80M","-0.04%"
"12.10.2021","51,835.88","51,755.23","52,068.86","51,690.48","124.40M","0.37%"
"11.10.2021","51,646.75","51,134.60","51,801.47","51,134.60","98.69M","1.00%"
"08.10.2021","51,136.62","50,899.34","51,398.45","50,852.65","124.82M","0.51%"
"07.10.2021","50,876.98","51,085.86","51,453.54","50,838.97","217.62M","-0.19%"
"06.10.2021","50,974.49","50,994.42","51,020.01","50,558.16","152.50M","-0.16%"
"05.10.2021","51,056.94","50,904.96","51,078.85","50,810.83","144.50M","0.38%"
"04.10.2021","50,862.94","51,066.24","51,401.89","50,757.86","95.82M","-0.39%"
"01.10.2021","51,060.05","51,376.69","51,387.25","50,850.65","128.08M","-0.63%"
"30.09.2021","51,385.55","51,189.91","51,409.39","50,963.83","196.39M","0.59%"
"29.09.2021","51,084.61","50,994.36","51,287.88","50,782.30","199.58M","0.31%"
"28.09.2021","50,925.52","51,609.54","51,616.93","50,877.22","169.42M","-1.30%"
"27.09.2021","51,598.53","51,124.42","51,690.95","51,047.94","132.82M","0.96%"
"24.09.2021","51,105.71","51,378.92","51,426.34","51,036.46","111.61M","-0.70%"
"23.09.2021","51,464.27","51,342.13","51,590.70","51,306.94","180.10M","0.25%"
"22.09.2021","51,338.34","50,879.63","51,577.56","50,852.03","134.81M","1.00%"
"21.09.2021","50,828.13","50,687.46","50,950.38","50,491.29","143.97M","0.53%"
"20.09.2021","50,557.65","51,264.30","51,264.30","50,402.92","150.62M","-1.46%"
"17.09.2021","51,307.71","52,195.21","52,195.21","51,266.34","598.58M","-1.69%"
"15.09.2021","52,192.33","51,793.58","52,238.50","51,782.90","174.57M","0.73%"
"14.09.2021","51,815.17","51,507.76","51,951.76","51,297.20","166.22M","0.62%"
"13.09.2021","51,496.71","51,556.83","52,047.35","51,428.82","108.93M","-0.05%"
"10.09.2021","51,521.80","51,511.20","51,786.72","51,441.00","100.82M","0.25%"
"09.09.2021","51,395.06","51,461.26","51,508.73","51,193.67","132.67M","-0.15%"
"08.09.2021","51,469.72","51,865.48","51,865.48","51,378.67","131.63M","-0.93%"
"07.09.2021","51,950.45","52,289.73","52,289.81","51,791.64","115.54M","-0.64%"
"06.09.2021","52,283.11","51,829.95","52,367.52","51,769.53","20.47M","0.86%"
"03.09.2021","51,835.09","52,172.94","52,205.95","51,738.85","97.44M","-0.48%"
"02.09.2021","52,087.47","52,196.98","52,261.41","51,939.15","115.08M","-0.25%"
"01.09.2021","52,215.54","53,400.27","53,400.27","52,131.20","147.26M","-2.04%"
"31.08.2021","53,304.74","52,631.33","53,375.89","52,618.47","329.11M","1.34%"
"30.08.2021","52,602.07","52,431.05","52,680.50","52,127.32","107.08M","0.34%"
"27.08.2021","52,425.64","52,492.13","52,492.13","52,188.92","124.32M","0.26%"
"26.08.2021","52,290.69","52,284.26","52,420.06","51,944.50","154.05M","-0.10%"
"25.08.2021","52,345.39","52,193.72","52,381.39","51,946.51","123.77M","0.69%"
"24.08.2021","51,985.00","52,022.73","52,360.99","51,895.28","136.48M","-0.13%"
"23.08.2021","52,054.64","51,429.90","52,227.91","51,429.90","112.28M","1.25%"
"20.08.2021","51,414.32","51,256.25","51,593.34","50,985.80","127.16M","0.62%"
"19.08.2021","51,099.36","51,809.99","51,809.99","50,776.99","155.08M","-1.71%"
"18.08.2021","51,986.08","51,592.38","52,082.54","51,350.17","194.61M","0.79%"
"17.08.2021","51,576.58","51,413.63","51,634.48","51,177.56","208.41M","0.37%"
"16.08.2021","51,384.91","51,380.05","51,563.67","51,094.73","88.69M","-0.21%"
"13.08.2021","51,490.94","51,103.57","51,529.07","51,022.77","100.73M","0.86%"
"12.08.2021","51,049.69","51,292.84","51,293.05","51,000.12","126.61M","-0.51%"
"11.08.2021","51,311.60","51,192.91","51,399.80","51,068.03","122.16M","0.39%"
"10.08.2021","51,114.16","50,988.27","51,263.49","50,817.79","109.66M","0.42%"
"09.08.2021","50,900.46","51,085.95","51,131.20","50,806.24","117.86M","-0.42%"
"06.08.2021","51,113.85","51,028.76","51,392.71","51,018.84","118.83M","-0.04%"
"05.08.2021","51,134.93","51,224.17","51,441.55","50,977.63","126.83M","-0.12%"
"04.08.2021","51,195.43","51,611.28","51,612.53","50,982.29","128.72M","-0.85%"
"03.08.2021","51,633.91","50,872.26","51,695.23","50,669.77","175.70M","1.50%"
"02.08.2021","50,869.48","50,983.80","51,306.35","50,795.90","121.95M","0.00%"
"30.07.2021","50,868.32","51,516.66","51,516.66","50,783.45","195.83M","-1.48%"
"29.07.2021","51,634.60","51,393.26","51,856.68","51,282.66","176.42M","0.57%"
"28.07.2021","51,344.11","50,949.97","51,366.97","50,890.45","118.64M","0.85%"
"27.07.2021","50,910.53","50,926.17","51,041.12","50,606.13","144.96M","0.03%"
"26.07.2021","50,897.79","50,317.57","51,140.35","50,290.84","104.72M","1.25%"
"23.07.2021","50,268.45","50,324.57","50,397.11","50,098.56","59.07M","0.06%"
"22.07.2021","50,240.51","50,081.46","50,340.15","49,861.69","108.11M","0.41%"
"21.07.2021","50,035.17","49,249.50","50,113.99","49,249.50","93.42M","1.58%"
"20.07.2021","49,256.97","49,208.44","49,546.30","49,136.65","96.87M","0.33%"
"19.07.2021","49,096.47","49,960.78","49,960.78","48,598.09","132.90M","-2.10%"
"16.07.2021","50,148.13","50,226.67","50,243.80","49,780.32","102.48M","-0.25%"
"15.07.2021","50,274.85","49,527.18","50,429.90","49,494.90","131.90M","1.70%"
"14.07.2021","49,435.88","49,424.11","49,520.42","49,177.01","164.55M","0.33%"
"13.07.2021","49,274.97","49,848.76","49,892.27","49,074.73","91.26M","-1.03%"
"12.07.2021","49,789.12","49,743.45","49,878.44","49,516.40","76.65M","0.04%"
"09.07.2021","49,768.35","49,524.89","49,994.50","49,524.89","81.98M","0.40%"
"08.07.2021","49,570.87","49,791.51","49,791.51","49,355.13","144.31M","-0.96%"
"07.07.2021","50,052.91","50,129.01","50,219.46","49,757.94","124.80M","0.01%"
"06.07.2021","50,048.89","50,598.76","50,598.76","49,643.96","121.86M","-1.00%"
"05.07.2021","50,552.80","50,239.28","50,609.40","50,239.28","20.04M","0.66%"
"02.07.2021","50,223.01","50,351.27","50,360.46","50,162.72","88.29M","-0.31%"
"01.07.2021","50,376.89","50,244.02","50,541.85","50,118.81","108.64M","0.17%"
"30.06.2021","50,289.75","50,350.65","50,469.99","50,020.23","147.10M","-0.09%"
"29.06.2021","50,337.36","50,326.00","50,444.62","50,156.13","154.95M","-0.03%"
"28.06.2021","50,351.21","50,568.34","50,677.57","50,103.75","86.50M","-0.39%"
"25.06.2021","50,549.86","50,496.86","50,690.12","50,434.54","116.88M","-0.02%"
"24.06.2021","50,558.32","50,316.67","50,682.13","50,040.74","162.84M","0.77%"
"23.06.2021","50,170.78","50,164.08","50,531.76","50,044.39","141.14M","0.08%"
"22.06.2021","50,129.88","50,391.18","50,437.75","49,832.11","99.97M","-0.37%"
"21.06.2021","50,315.69","50,320.13","50,447.32","50,107.06","89.26M","-0.01%"
"18.06.2021","50,319.57","50,121.09","50,522.11","49,848.05","420.63M","0.23%"
"17.06.2021","50,202.80","50,599.94","50,952.32","49,995.08","178.43M","-0.74%"
"16.06.2021","50,579.10","50,944.13","50,951.77","50,419.10","143.16M","-0.65%"
"15.06.2021","50,908.18","51,092.74","51,097.20","50,807.59","145.22M","-0.24%"
"14.06.2021","51,029.54","51,293.62","51,322.62","50,982.52","84.79M","-0.50%"
"11.06.2021","51,286.46","51,052.90","51,434.75","50,948.89","105.55M","0.79%"
"10.06.2021","50,886.33","50,938.64","51,194.84","50,782.62","97.69M","-0.08%"
"09.06.2021","50,924.74","50,853.20","50,975.58","50,670.32","74.21M","0.12%"
"08.06.2021","50,865.21","51,391.52","51,391.52","50,703.96","144.82M","-1.09%"
"07.06.2021","51,427.64","50,500.96","51,705.23","50,493.74","155.90M","1.87%"
"04.06.2021","50,484.35","50,629.32","50,683.46","50,222.91","115.11M","-0.29%"
"03.06.2021","50,628.77","50,716.02","50,768.30","50,249.11","150.54M","-0.24%"
"02.06.2021","50,749.64","50,762.46","51,077.29","50,666.96","166.56M","0.05%"
"01.06.2021","50,722.35","50,943.24","51,037.42","50,603.26","155.84M","-0.32%"
"31.05.2021","50,885.95","50,023.39","51,066.86","49,952.80","56.30M","1.69%"
"28.05.2021","50,040.74","49,784.99","50,111.66","49,411.04","125.68M","0.83%"
"27.05.2021","49,627.95","49,188.02","49,727.80","49,148.06","487.95M","1.07%"
"26.05.2021","49,103.50","48,931.69","49,254.61","48,907.68","142.78M","0.57%"
"25.05.2021","48,826.95","49,450.20","49,515.17","48,781.83","113.00M","-1.28%"
"24.05.2021","49,457.93","49,847.30","49,853.77","49,352.07","70.69M","-0.64%"
"21.05.2021","49,778.81","49,975.96","49,997.82","49,376.53","89.46M","-0.26%"
"20.05.2021","49,907.36","49,604.97","49,980.46","49,160.06","281.43M","1.06%"
"19.05.2021","49,382.25","49,563.59","49,563.59","48,906.32","141.40M","-0.82%"
"18.05.2021","49,789.31","49,500.19","49,973.83","49,486.91","150.17M","0.85%"
"17.05.2021","49,371.98","49,223.36","49,401.57","49,049.83","107.67M","0.31%"
"14.05.2021","49,219.26","48,829.59","49,365.62","48,829.59","91.08M","0.80%"
"13.05.2021","48,829.31","48,906.10","49,179.10","48,704.24","123.51M","0.17%"
"12.05.2021","48,748.41","49,675.58","49,675.58","48,707.58","122.38M","-1.83%"
"11.05.2021","49,655.29","49,542.78","49,704.62","49,226.23","118.78M","-0.42%"
"10.05.2021","49,867.15","49,295.96","50,124.60","49,295.96","118.90M","1.26%"
"07.05.2021","49,249.02","48,988.67","49,440.88","48,894.83","123.99M","0.64%"
"06.05.2021","48,934.91","48,570.64","49,006.27","48,456.38","241.87M","1.11%"
"05.05.2021","48,399.80","48,366.27","48,723.80","48,341.37","114.07M","0.15%"
"04.05.2021","48,328.20","48,498.72","48,528.39","48,089.57","141.95M","-0.35%"
"03.05.2021","48,498.64","48,191.68","48,585.49","48,191.68","91.97M","1.02%"
"30.04.2021","48,009.72","48,671.27","48,911.90","47,924.10","238.31M","-1.82%"
"29.04.2021","48,897.79","48,799.87","49,364.38","48,714.07","171.03M","0.85%"
"28.04.2021","48,487.94","48,840.92","48,988.18","48,432.57","115.92M","-0.66%"
"27.04.2021","48,812.17","49,115.08","49,399.62","48,744.87","157.37M","-0.23%"
"26.04.2021","48,923.93","49,188.00","49,313.32","48,862.42","125.39M","-0.34%"
"23.04.2021","49,091.09","49,087.04","49,226.26","48,760.21","155.93M","0.00%"
"22.04.2021","49,092.31","48,961.05","49,161.19","48,663.53","187.48M","0.46%"
"21.04.2021","48,867.62","48,476.61","49,021.63","48,476.61","144.62M","0.70%"
"20.04.2021","48,528.97","48,073.44","48,559.17","47,877.71","150.16M","0.95%"
"19.04.2021","48,072.62","48,712.02","48,759.76","48,029.71","114.20M","-1.34%"
"16.04.2021","48,726.98","48,513.34","48,947.19","48,412.44","129.97M","0.44%"
"15.04.2021","48,514.10","48,322.98","48,685.44","48,195.31","160.70M","0.38%"
"14.04.2021","48,329.84","47,949.15","48,380.75","47,848.66","148.20M","1.74%"
"13.04.2021","47,503.71","47,356.84","47,544.19","47,138.34","171.06M","0.32%"
"12.04.2021","47,352.18","47,576.32","47,754.52","47,253.46","116.56M","-0.58%"
"09.04.2021","47,627.67","48,185.08","48,253.12","47,588.93","138.00M","-1.16%"
"08.04.2021","48,188.15","47,853.56","48,315.32","47,756.98","148.44M","0.61%"
"07.04.2021","47,897.84","47,571.55","48,053.16","47,478.62","166.00M","-0.18%"
"06.04.2021","47,985.43","48,238.67","48,238.67","47,876.09","106.72M","-0.54%"
"05.04.2021","48,245.85","47,575.61","48,335.52","47,487.52","120.25M","2.12%"
"31.03.2021","47,246.26","47,838.29","47,865.05","47,030.76","258.74M","-1.38%"
"30.03.2021","47,905.00","47,736.99","47,936.57","47,327.23","141.89M","0.33%"
"29.03.2021","47,747.36","47,430.78","47,790.12","47,141.57","161.96M","0.78%"
"26.03.2021","47,379.19","47,354.22","47,490.08","46,628.02","149.91M","0.78%"
"25.03.2021","47,012.37","46,524.56","47,062.64","46,372.90","178.24M","0.66%"
"24.03.2021","46,703.14","46,755.87","46,928.46","46,559.37","148.71M","0.09%"
"23.03.2021","46,659.18","47,309.24","47,309.24","46,603.52","151.28M","-1.20%"
"22.03.2021","47,225.44","47,123.11","47,567.62","47,009.60","122.86M","0.42%"
"19.03.2021","47,028.04","47,422.25","47,654.13","46,932.67","704.66M","-1.14%"
"18.03.2021","47,572.39","47,799.15","47,928.70","47,535.92","131.59M","-0.22%"
"17.03.2021","47,679.49","48,204.03","48,314.24","47,627.41","143.15M","-1.09%"
"16.03.2021","48,203.95","47,778.71","48,251.73","47,427.71","215.22M","0.91%"
"12.03.2021","47,769.87","47,574.50","47,987.23","47,478.43","168.35M","0.20%"
"11.03.2021","47,673.82","47,567.18","47,900.42","47,543.86","166.64M","0.26%"
"10.03.2021","47,549.67","47,169.71","47,619.16","46,943.20","168.62M","0.95%"
"09.03.2021","47,103.60","47,169.80","47,396.34","46,904.85","216.28M","0.06%"
"08.03.2021","47,075.41","46,365.95","47,297.33","46,295.53","211.29M","1.58%"
"05.03.2021","46,342.54","46,265.85","46,708.78","45,994.44","207.37M","0.74%"
"04.03.2021","46,004.19","46,366.49","46,689.46","45,932.82","228.83M","-0.80%"
"03.03.2021","46,377.47","45,873.71","46,480.73","45,706.94","225.89M","1.52%"
"02.03.2021","45,682.19","44,766.78","45,818.95","44,750.85","178.03M","2.00%"
"01.03.2021","44,784.58","44,787.66","45,243.34","44,614.68","150.72M","0.43%"
"26.02.2021","44,592.91","44,305.20","44,670.68","44,089.32","396.11M","0.64%"
"25.02.2021","44,310.27","45,306.39","45,738.15","44,232.42","270.06M","-1.86%"
"24.02.2021","45,151.38","45,278.05","45,445.57","44,972.20","200.39M","-0.26%"
"23.02.2021","45,268.33","44,794.80","45,599.01","44,397.00","196.67M","0.72%"
"22.02.2021","44,946.60","44,988.40","45,233.32","44,743.36","243.61M","0.10%"
"19.02.2021","44,900.08","44,686.79","45,116.11","44,633.39","172.85M","0.88%"
"18.02.2021","44,507.95","44,968.18","44,991.22","44,430.96","272.23M","-1.23%"
"17.02.2021","45,061.95","44,667.05","45,175.32","44,533.47","217.83M","0.81%"
"16.02.2021","44,698.59","44,325.32","44,836.86","44,325.32","140.77M","1.23%"
"15.02.2021","44,157.49","44,228.11","44,303.97","44,073.48","18.28M","-0.10%"
"12.02.2021","44,202.52","44,088.50","44,239.79","43,923.87","119.78M","0.32%"
"11.02.2021","44,060.09","44,750.23","45,074.47","43,968.87","182.01M","-1.47%"
"10.02.2021","44,718.23","45,180.67","45,235.53","44,651.88","155.71M","-0.67%"
"09.02.2021","45,020.96","44,225.26","45,103.31","44,214.54","176.81M","1.86%"
"08.02.2021","44,197.51","44,199.38","44,440.73","44,015.70","167.09M","0.12%"
"05.02.2021","44,145.70","44,239.13","44,636.82","44,081.71","124.37M","-0.05%"
"04.02.2021","44,167.58","44,012.79","44,334.95","43,936.19","233.34M","0.48%"
"03.02.2021","43,957.07","43,954.71","44,122.22","43,521.27","818.16M","0.25%"
"02.02.2021","43,848.92","43,152.31","44,435.69","43,152.31","378.55M","2.01%"
"29.01.2021","42,985.73","44,122.60","44,211.37","42,900.96","401.82M","-2.92%"
"28.01.2021","44,280.73","44,365.29","44,578.61","43,914.89","192.07M","0.04%"
"27.01.2021","44,262.01","44,733.82","44,759.71","43,922.99","247.13M","-1.76%"
"26.01.2021","45,053.56","45,066.40","45,114.38","44,483.90","224.49M","-0.16%"
"25.01.2021","45,126.51","44,850.13","45,203.79","44,028.85","168.99M","0.99%"
"22.01.2021","44,683.55","44,756.63","44,811.69","44,119.58","153.35M","-0.28%"
"21.01.2021","44,810.21","45,330.99","45,428.71","44,727.32","204.10M","-0.70%"
"20.01.2021","45,125.71","45,726.99","45,726.99","44,875.26","222.45M","-0.81%"
"19.01.2021","45,495.41","46,581.96","46,599.62","45,415.33","211.31M","-2.07%"
"18.01.2021","46,458.02","45,878.38","46,532.16","45,878.36","49.42M","1.23%"
"15.01.2021","45,892.28","46,093.99","46,093.99","45,686.25","153.12M","-0.39%"
"14.01.2021","46,070.91","45,821.24","46,251.39","45,609.34","194.11M","0.72%"
"13.01.2021","45,740.15","46,048.01","46,085.53","45,491.76","180.41M","-0.46%"
"12.01.2021","45,951.77","46,448.72","46,658.55","45,854.86","201.07M","-0.96%"
"11.01.2021","46,395.32","46,661.83","46,664.66","46,038.40","180.06M","-0.71%"
"08.01.2021","46,729.30","46,236.57","46,925.06","46,179.25","346.66M","1.17%"
"07.01.2021","46,188.66","45,877.45","46,271.99","45,797.30","221.13M","1.32%"
"06.01.2021","45,587.16","45,204.56","46,251.05","45,158.98","240.34M","1.51%"
"05.01.2021","44,908.12","44,751.77","44,947.54","44,485.67","164.42M","0.46%"
"04.01.2021","44,703.00","44,200.04","45,299.01","44,186.96","87.07M","1.44%"
"31.12.2020","44,066.88","44,642.29","44,650.92","44,016.59","55.37M","-1.40%"
"30.12.2020","44,693.96","44,792.05","45,364.57","44,573.67","82.86M","0.00%"
"29.12.2020","44,693.99","43,917.19","44,739.99","43,870.36","95.88M","1.85%"
"28.12.2020","43,883.41","43,509.00","43,958.60","43,509.00","55.45M","1.18%"
"24.12.2020","43,372.20","43,628.84","43,643.07","43,304.27","45.21M","-0.52%"
"23.12.2020","43,597.30","42,687.26","43,697.38","42,620.33","119.03M","2.34%"
"22.12.2020","42,601.71","43,317.30","43,373.84","42,576.42","100.17M","-1.49%"
"21.12.2020","43,246.24","43,587.59","43,660.28","43,136.42","126.31M","-1.43%"
"18.12.2020","43,873.81","44,428.35","44,741.24","43,343.92","666.07M","-1.02%"
"17.12.2020","44,326.05","43,798.06","44,581.23","43,761.57","313.83M","1.22%"
"16.12.2020","43,790.42","43,618.35","43,917.85","43,583.83","287.00M","0.57%"
"15.12.2020","43,543.35","43,619.98","44,020.74","43,496.06","214.81M","-0.06%"
"14.12.2020","43,569.84","43,735.64","43,806.83","43,243.52","233.29M","-0.10%"
"11.12.2020","43,612.31","43,576.03","43,793.17","43,256.47","184.98M","0.22%"
"10.12.2020","43,518.71","42,931.81","43,686.73","42,853.75","179.64M","1.83%"
"09.12.2020","42,736.96","43,134.95","43,160.42","42,651.59","150.24M","-0.84%"
"08.12.2020","43,098.64","43,221.65","43,625.96","42,890.95","195.81M","-0.36%"
"07.12.2020","43,255.25","43,695.89","43,745.18","43,058.45","138.35M","-0.90%"
"04.12.2020","43,646.03","44,060.31","44,606.31","43,586.42","181.38M","-0.66%"
"03.12.2020","43,934.21","43,512.27","44,013.11","43,477.66","175.44M","0.59%"
"02.12.2020","43,674.83","43,010.48","43,730.96","42,956.73","174.29M","1.82%"
"01.12.2020","42,895.63","41,987.43","43,204.10","41,902.77","224.47M","2.67%"
"30.11.2020","41,778.87","41,693.81","41,846.83","41,439.36","800.22M","0.25%"
"27.11.2020","41,674.30","42,527.34","42,546.47","41,594.81","91.40M","-1.74%"
"26.11.2020","42,412.47","42,121.62","42,493.46","41,904.33","102.06M","0.50%"
"25.11.2020","42,200.59","42,755.07","42,755.07","42,157.88","165.26M","-1.25%"
"24.11.2020","42,736.48","42,386.60","42,918.47","42,347.45","220.16M","1.11%"
"23.11.2020","42,267.20","41,978.63","42,391.73","41,871.66","124.78M","0.86%"
"20.11.2020","41,905.06","41,934.13","42,153.14","41,775.99","119.93M","0.09%"
"19.11.2020","41,868.82","42,235.78","42,235.78","41,607.87","199.71M","-0.91%"
"18.11.2020","42,252.61","42,040.81","42,661.50","41,744.06","212.90M","0.72%"
"17.11.2020","41,948.79","40,944.30","42,027.38","40,944.30","283.57M","2.84%"
"13.11.2020","40,791.81","40,464.64","40,848.77","40,179.48","130.01M","1.13%"
"12.11.2020","40,335.95","40,780.08","40,927.69","40,241.44","133.96M","-1.28%"
"11.11.2020","40,858.95","40,502.16","40,980.29","40,502.16","218.30M","1.12%"
"10.11.2020","40,404.58","39,731.88","40,499.33","39,705.18","248.71M","1.90%"
"09.11.2020","39,652.52","39,085.67","40,228.73","39,085.67","261.91M","2.91%"
"06.11.2020","38,530.50","38,401.60","38,734.66","38,356.13","160.75M","0.34%"
"05.11.2020","38,399.07","37,621.78","38,426.33","37,503.48","175.33M","2.46%"
"04.11.2020","37,475.76","37,582.15","37,920.84","37,408.50","116.32M","0.03%"
"03.11.2020","37,466.09","37,123.17","37,632.03","36,885.81","168.99M","1.29%"
"30.10.2020","36,987.86","36,691.01","37,062.77","36,662.12","266.46M","0.51%"
"29.10.2020","36,801.37","37,404.69","37,409.39","36,706.33","124.24M","-1.58%"
"28.10.2020","37,393.71","37,811.91","37,871.54","36,984.28","166.81M","-1.60%"
"27.10.2020","38,001.31","38,208.79","38,244.31","37,923.63","153.21M","-0.64%"
"26.10.2020","38,245.86","38,718.84","38,718.84","38,125.30","88.90M","-1.19%"
"23.10.2020","38,707.72","38,728.77","38,989.03","38,559.43","135.92M","0.14%"
"22.10.2020","38,652.19","38,693.15","38,755.82","38,392.48","218.16M","-0.04%"
"21.10.2020","38,669.25","38,366.05","38,830.60","38,281.81","226.03M","1.22%"
"20.10.2020","38,201.81","37,726.46","38,303.19","37,694.19","169.74M","1.37%"
"19.10.2020","37,685.74","37,891.93","37,993.83","37,557.54","123.40M","-0.50%"
"16.10.2020","37,876.49","38,030.81","38,292.18","37,834.00","145.70M","-0.48%"
"15.10.2020","38,059.23","37,893.85","38,111.95","37,656.48","161.15M","0.09%"
"14.10.2020","38,025.72","38,139.98","38,271.52","37,915.33","175.34M","-0.28%"
"13.10.2020","38,131.78","38,298.84","38,315.94","38,087.00","119.51M","-0.55%"
"12.10.2020","38,342.09","38,574.89","38,670.00","38,287.45","165.64M","-0.40%"
"09.10.2020","38,494.40","38,369.28","38,718.43","38,162.07","59.37M","0.24%"
"08.10.2020","38,404.05","37,440.66","38,446.44","37,380.15","175.75M","2.63%"
"07.10.2020","37,418.79","37,077.64","37,457.78","36,993.08","122.45M","1.27%"
"06.10.2020","36,947.87","36,777.28","37,103.97","36,684.45","102.73M","0.56%"
"05.10.2020","36,740.33","36,728.77","36,952.00","36,631.62","131.83M","0.27%"
"02.10.2020","36,642.38","36,434.61","36,716.17","36,313.74","115.54M","0.04%"
"01.10.2020","36,626.11","37,435.73","37,440.34","36,582.11","123.60M","-2.22%"
"30.09.2020","37,458.69","37,145.91","37,688.51","37,098.34","198.61M","0.87%"
"29.09.2020","37,134.92","37,268.02","37,268.02","36,973.20","134.15M","-0.26%"
"28.09.2020","37,231.50","36,904.89","37,329.58","36,825.35","204.80M","1.77%"
"25.09.2020","36,583.71","36,280.01","36,626.64","35,910.97","184.84M","1.01%"
"24.09.2020","36,217.49","35,780.33","36,425.74","35,772.02","190.70M","1.08%"
"23.09.2020","35,829.58","35,981.99","36,119.32","35,669.50","135.75M","-0.07%"
"22.09.2020","35,853.58","35,537.43","35,918.02","35,428.86","126.61M","0.95%"
"21.09.2020","35,517.77","35,978.36","35,978.36","35,354.03","110.14M","-1.39%"
"18.09.2020","36,017.35","36,255.88","36,275.15","35,972.03","486.91M","-0.31%"
"17.09.2020","36,130.92","36,628.18","36,628.18","36,052.39","232.99M","-1.63%"
"15.09.2020","36,729.15","36,983.20","37,032.33","36,691.87","184.60M","-0.41%"
"14.09.2020","36,881.99","36,780.44","37,030.82","36,595.12","150.02M","1.51%"
"11.09.2020","36,334.89","36,258.07","36,390.02","36,110.65","280.23M","0.43%"
"10.09.2020","36,180.74","36,173.24","36,372.97","35,908.99","174.19M","0.06%"
"09.09.2020","36,157.96","36,115.24","36,405.38","35,915.42","138.26M","0.24%"
"08.09.2020","36,071.43","36,597.53","36,597.55","35,748.04","124.20M","-1.54%"
"07.09.2020","36,637.45","36,492.20","36,725.31","36,466.45","14.43M","0.52%"
"04.09.2020","36,448.50","36,366.55","36,576.82","35,853.58","136.69M","0.05%"
"03.09.2020","36,429.66","36,984.44","37,007.75","36,384.69","157.14M","-1.68%"
"02.09.2020","37,053.77","37,656.04","37,656.04","36,973.76","147.05M","-1.16%"
"01.09.2020","37,487.99","36,893.82","37,532.96","36,744.78","187.15M","1.76%"
"31.08.2020","36,840.73","37,773.28","37,805.24","36,788.67","399.82M","-2.52%"
"28.08.2020","37,794.25","37,590.68","37,905.43","37,555.98","95.35M","0.39%"
"27.08.2020","37,647.19","37,844.04","37,917.14","37,453.60","122.96M","-0.28%"
"26.08.2020","37,753.04","38,229.45","38,231.07","37,706.19","152.14M","-1.30%"
"25.08.2020","38,249.90","37,883.31","38,321.32","37,803.46","153.50M","0.58%"
"24.08.2020","38,029.62","38,189.67","38,344.09","37,971.66","111.11M","-0.17%"
"21.08.2020","38,095.88","38,692.80","38,692.80","38,053.63","95.39M","-1.58%"
"20.08.2020","38,707.24","39,019.21","39,019.21","38,534.83","113.79M","-0.81%"
"19.08.2020","39,021.92","39,078.23","39,212.40","38,945.86","123.91M","-0.17%"
"18.08.2020","39,087.35","39,337.65","39,349.38","38,875.96","179.12M","-0.51%"
"17.08.2020","39,285.85","38,955.68","39,317.24","38,848.38","128.68M","0.86%"
"14.08.2020","38,949.88","38,629.49","39,047.12","38,452.68","118.70M","0.87%"
"13.08.2020","38,615.62","38,660.29","38,758.74","38,368.56","103.94M","-0.05%"
"12.08.2020","38,634.10","38,901.13","38,955.34","38,603.45","99.49M","-0.18%"
"11.08.2020","38,703.59","38,442.43","38,947.32","38,400.92","135.38M","1.08%"
"10.08.2020","38,289.76","38,098.12","38,432.00","38,043.91","92.17M","0.72%"
"07.08.2020","38,016.06","38,031.00","38,104.03","37,770.90","87.93M","0.05%"
"06.08.2020","37,998.34","37,982.06","38,197.65","37,722.19","122.77M","0.25%"
"05.08.2020","37,901.96","37,433.47","38,339.18","37,433.47","146.01M","1.16%"
"04.08.2020","37,466.95","37,611.64","37,746.41","37,374.36","181.95M","-0.21%"
"03.08.2020","37,546.72","37,359.03","37,735.87","37,196.79","154.91M","1.42%"
"31.07.2020","37,019.68","37,255.80","37,256.77","36,667.50","274.99M","-0.32%"
"30.07.2020","37,136.78","37,573.48","37,636.79","36,975.78","101.24M","-1.55%"
"29.07.2020","37,720.84","37,794.70","37,807.34","37,381.65","159.54M","-0.13%"
"28.07.2020","37,771.21","37,685.51","37,852.54","37,573.58","143.41M","0.08%"
"27.07.2020","37,742.14","37,390.23","37,801.41","37,191.97","160.80M","1.03%"
"24.07.2020","37,357.46","37,454.02","37,455.84","37,045.33","107.84M","-0.20%"
"23.07.2020","37,433.30","37,564.96","37,625.47","37,244.49","111.33M","-0.04%"
"22.07.2020","37,447.10","36,872.23","37,498.33","36,867.29","111.88M","1.53%"
"21.07.2020","36,881.67","36,378.78","37,027.67","36,378.78","159.58M","1.54%"
"20.07.2020","36,323.69","36,316.60","36,398.27","36,195.63","104.59M","-0.01%"
"17.07.2020","36,327.84","36,553.71","36,589.06","36,172.99","120.83M","-0.38%"
"16.07.2020","36,465.67","36,517.26","36,533.56","36,193.72","163.89M","-0.34%"
"15.07.2020","36,590.26","36,427.84","36,717.53","36,427.84","194.17M","1.10%"
"14.07.2020","36,190.91","36,365.77","36,365.77","35,883.47","166.78M","-0.55%"
"13.07.2020","36,389.39","36,602.77","36,939.69","36,321.59","150.41M","-0.21%"
"10.07.2020","36,465.46","36,777.77","36,777.77","36,263.97","105.15M","-0.90%"
"09.07.2020","36,795.95","37,500.19","37,500.19","36,740.43","133.28M","-1.84%"
"08.07.2020","37,483.88","38,111.15","38,112.42","37,292.98","176.35M","-0.93%"
"07.07.2020","37,837.39","37,843.96","38,042.71","37,696.67","139.89M","-0.13%"
"06.07.2020","37,884.76","38,088.65","38,190.87","37,800.59","127.71M","-0.17%"
"03.07.2020","37,950.00","37,877.13","37,995.54","37,710.41","19.68M","0.15%"
"02.07.2020","37,894.08","37,883.97","38,416.96","37,741.50","163.13M","0.73%"
"01.07.2020","37,619.77","37,636.23","37,935.14","37,532.28","168.62M","-0.26%"
"30.06.2020","37,716.43","37,707.72","37,874.47","37,425.84","187.92M","-0.14%"
"29.06.2020","37,769.19","37,629.80","37,824.88","37,446.52","102.34M","0.90%"
"26.06.2020","37,431.95","37,794.67","37,794.67","37,273.51","111.59M","-0.80%"
"25.06.2020","37,734.52","37,857.73","37,917.12","37,651.90","100.43M","-0.46%"
"24.06.2020","37,908.38","38,011.67","38,037.37","37,738.60","149.76M","-0.81%"
"23.06.2020","38,217.68","38,451.01","38,643.42","38,157.62","157.35M","0.25%"
"22.06.2020","38,123.56","38,372.17","38,372.17","37,851.19","139.65M","-0.73%"
"19.06.2020","38,404.63","37,839.54","38,592.25","37,782.98","926.58M","2.05%"
"18.06.2020","37,632.89","37,909.37","37,909.37","37,536.63","145.12M","-0.70%"
"17.06.2020","37,897.24","37,980.54","38,134.88","37,820.19","146.23M","0.01%"
"16.06.2020","37,894.05","37,924.52","38,193.42","37,512.91","183.40M","1.28%"
"15.06.2020","37,416.74","37,453.53","37,691.06","37,087.16","158.21M","-0.70%"
"12.06.2020","37,679.24","37,243.83","37,772.04","37,084.34","180.94M","2.31%"
"11.06.2020","36,827.36","37,731.99","37,803.27","36,622.10","201.98M","-3.76%"
"10.06.2020","38,266.19","39,167.12","39,174.01","38,212.30","188.24M","-2.35%"
"09.06.2020","39,185.66","39,795.15","39,804.16","38,902.73","218.35M","-1.92%"
"08.06.2020","39,954.01","39,105.39","40,030.95","38,997.59","224.21M","2.58%"
"05.06.2020","38,948.08","38,226.57","39,164.28","38,220.65","211.57M","2.84%"
"04.06.2020","37,872.89","38,247.45","38,310.05","37,665.64","243.66M","-1.09%"
"03.06.2020","38,290.77","37,540.62","38,317.90","37,540.62","286.72M","2.22%"
"02.06.2020","37,460.44","37,012.64","37,826.17","36,906.36","229.18M","1.30%"
"01.06.2020","36,980.85","36,115.13","37,131.91","35,979.22","127.69M","2.38%"
"29.05.2020","36,122.73","36,471.82","36,471.82","35,555.75","743.78M","-1.06%"
"28.05.2020","36,508.14","36,979.08","36,994.16","36,400.11","173.56M","-1.04%"
"27.05.2020","36,889.96","36,317.54","36,973.30","36,241.02","176.21M","1.89%"
"26.05.2020","36,206.86","35,953.94","36,576.70","35,897.54","197.67M","1.04%"
"25.05.2020","35,832.77","35,813.27","36,003.37","35,770.14","37.54M","0.14%"
"22.05.2020","35,784.42","35,525.49","35,825.21","35,277.54","119.08M","0.63%"
"21.05.2020","35,560.76","35,854.83","36,060.93","35,454.52","162.49M","-1.29%"
"20.05.2020","36,026.98","36,023.77","36,115.08","35,553.93","203.05M","0.46%"
"19.05.2020","35,862.04","36,935.18","36,991.48","35,749.67","217.40M","-3.37%"
"18.05.2020","37,112.46","35,845.58","37,175.97","35,836.46","179.95M","3.98%"
"15.05.2020","35,691.39","36,036.22","36,158.91","35,652.42","131.21M","-1.12%"
"14.05.2020","36,094.14","36,266.69","36,310.94","35,690.70","157.26M","-0.83%"
"13.05.2020","36,394.59","37,403.21","37,403.21","36,344.92","271.44M","-2.85%"
"12.05.2020","37,462.89","37,675.27","38,015.94","37,352.13","161.13M","-0.45%"
"11.05.2020","37,631.89","37,614.80","37,819.67","37,235.85","140.38M","0.02%"
"08.05.2020","37,623.68","36,867.26","37,846.27","36,865.57","152.77M","2.26%"
"07.05.2020","36,792.41","37,136.92","37,321.30","36,662.82","142.85M","-0.52%"
"06.05.2020","36,986.20","36,672.82","37,029.16","36,532.26","150.92M","1.01%"
"05.05.2020","36,616.06","36,357.40","36,852.59","36,356.85","148.21M","0.68%"
"04.05.2020","36,370.43","36,266.73","36,440.82","35,645.40","233.34M","-0.27%"
"30.04.2020","36,470.11","36,923.50","36,923.50","36,096.86","246.83M","-1.08%"
"29.04.2020","36,870.09","36,095.72","36,976.65","36,095.72","196.29M","2.90%"
"28.04.2020","35,830.81","35,065.76","35,888.47","35,065.76","344.90M","2.47%"
"27.04.2020","34,968.09","34,704.84","35,058.41","34,488.41","198.69M","1.10%"
"24.04.2020","34,586.82","34,361.02","34,773.14","34,113.32","281.22M","1.01%"
"23.04.2020","34,240.60","34,308.41","34,494.98","34,165.32","197.08M","0.05%"
"22.04.2020","34,223.85","34,183.39","34,463.13","34,105.48","200.29M","0.98%"
"21.04.2020","33,892.28","34,281.14","34,321.20","33,826.92","122.73M","-1.70%"
"20.04.2020","34,477.06","34,567.18","34,594.97","34,140.75","153.77M","-0.77%"
"17.04.2020","34,743.10","34,190.02","34,923.76","34,190.02","162.23M","2.91%"
"16.04.2020","33,759.75","33,935.45","34,099.10","33,303.44","251.59M","-0.28%"
"15.04.2020","33,855.24","34,593.58","34,618.40","33,805.20","216.59M","-2.56%"
"14.04.2020","34,746.39","34,765.51","35,227.60","34,562.90","183.03M","0.38%"
"13.04.2020","34,613.67","34,694.03","34,833.56","34,414.69","162.65M","0.13%"
"08.04.2020","34,567.78","34,625.07","34,804.15","34,284.52","173.30M","0.12%"
"07.04.2020","34,526.31","34,688.32","35,162.47","34,361.30","209.74M","0.42%"
"06.04.2020","34,381.56","33,641.07","34,750.17","33,641.07","182.68M","3.95%"
"03.04.2020","33,075.41","33,708.52","33,896.28","32,503.25","170.64M","-1.53%"
"02.04.2020","33,590.62","33,686.09","34,330.38","33,372.43","186.45M","-0.30%"
"01.04.2020","33,691.88","34,098.86","34,118.00","33,443.52","209.11M","-2.50%"
"31.03.2020","34,554.53","34,239.11","35,208.02","34,074.58","377.85M","1.04%"
"30.03.2020","34,199.97","33,978.74","34,334.44","33,978.74","164.06M","1.18%"
"27.03.2020","33,799.49","34,951.31","35,043.40","33,720.15","270.72M","-5.34%"
"26.03.2020","35,706.57","35,517.91","36,655.23","35,493.95","223.23M","0.48%"
"25.03.2020","35,536.70","34,547.58","36,493.90","34,369.48","211.80M","2.81%"
"24.03.2020","34,565.71","33,338.38","35,148.09","33,338.38","246.84M","4.86%"
"23.03.2020","32,964.22","34,481.30","34,721.68","32,646.96","186.60M","-3.81%"
"20.03.2020","34,269.51","35,284.70","35,456.48","33,894.97","703.95M","-2.49%"
"19.03.2020","35,143.63","35,566.42","35,576.91","34,213.28","232.08M","-1.10%"
"18.03.2020","35,532.74","36,096.76","37,180.56","35,439.94","293.11M","-3.61%"
"17.03.2020","36,862.84","36,660.13","37,070.57","34,775.23","495.33M","-3.21%"
"13.03.2020","38,085.05","37,487.68","38,258.90","37,248.02","281.97M","3.95%"
"12.03.2020","36,636.70","38,371.15","38,371.15","35,003.49","338.78M","-5.28%"
"11.03.2020","38,678.55","39,248.49","39,248.49","38,409.56","246.66M","-2.24%"
"10.03.2020","39,565.44","39,502.23","39,759.97","38,883.08","260.72M","2.16%"
"09.03.2020","38,730.56","40,101.87","40,265.37","38,646.37","206.51M","-6.42%"
"06.03.2020","41,388.78","42,134.15","42,134.15","41,201.67","167.49M","-2.26%"
"05.03.2020","42,344.86","43,263.75","43,279.57","42,136.08","142.96M","-2.44%"
"04.03.2020","43,404.76","42,711.71","43,462.27","42,711.71","157.32M","2.20%"
"03.03.2020","42,472.25","42,209.29","43,113.81","42,110.16","241.74M","0.72%"
"02.03.2020","42,167.24","41,391.09","42,347.46","41,373.87","267.18M","2.04%"
"28.02.2020","41,324.31","41,183.75","41,577.55","39,838.04","380.96M","-0.68%"
"27.02.2020","41,607.42","42,512.40","42,512.40","41,522.93","221.64M","-2.64%"
"26.02.2020","42,737.28","43,148.38","43,376.89","42,684.36","236.28M","-0.72%"
"25.02.2020","43,045.68","43,939.81","43,943.73","42,981.84","177.16M","-1.76%"
"24.02.2020","43,818.07","43,988.77","44,115.83","43,523.22","163.77M","-2.20%"
"21.02.2020","44,802.54","44,810.63","45,020.44","44,600.99","146.65M","0.06%"
"20.02.2020","44,774.54","44,956.46","45,050.62","44,580.69","182.72M","-0.28%"
"19.02.2020","44,901.50","45,046.02","45,166.03","44,716.31","174.54M","-0.16%"
"18.02.2020","44,974.11","44,991.01","45,183.58","44,901.04","133.30M","-0.10%"
"17.02.2020","45,016.96","44,996.42","45,059.67","44,873.48","32.14M","0.04%"
"14.02.2020","44,999.68","45,122.58","45,150.35","44,850.51","131.04M","-0.01%"
"13.02.2020","45,005.12","45,338.37","45,338.37","44,784.21","177.63M","-0.74%"
"12.02.2020","45,338.37","45,193.58","45,645.93","45,143.69","271.16M","0.69%"
"11.02.2020","45,027.41","44,379.18","45,222.90","44,307.47","151.71M","1.66%"
"10.02.2020","44,290.53","44,390.36","44,421.42","43,996.80","127.40M","-0.25%"
"07.02.2020","44,399.33","44,407.16","44,466.30","44,010.71","109.89M","-0.21%"
"06.02.2020","44,493.15","44,870.06","44,966.37","44,417.10","140.86M","-0.65%"
"05.02.2020","44,782.86","45,252.61","45,489.25","44,686.96","160.08M","-0.59%"
"04.02.2020","45,047.07","44,330.97","45,136.82","44,330.97","230.42M","2.13%"
"31.01.2020","44,108.31","44,759.90","44,829.92","44,079.39","312.76M","-1.68%"
"30.01.2020","44,862.76","45,088.10","45,088.10","44,635.92","160.39M","-0.60%"
"29.01.2020","45,132.60","44,858.38","45,198.71","44,683.59","166.38M","0.93%"
"28.01.2020","44,717.94","44,206.68","44,811.52","44,206.68","126.85M","1.32%"
"27.01.2020","44,134.39","44,802.73","44,807.83","44,039.11","126.49M","-2.23%"
"24.01.2020","45,141.62","45,493.97","45,528.68","45,091.65","142.72M","-0.74%"
"23.01.2020","45,476.43","45,502.34","45,516.78","45,145.98","198.09M","-0.28%"
"22.01.2020","45,604.44","45,658.66","45,902.26","45,562.29","158.78M","-0.07%"
"21.01.2020","45,637.32","45,807.23","45,831.29","45,380.99","135.38M","-0.58%"
"20.01.2020","45,902.68","45,811.16","45,955.41","45,755.93","32.10M","0.19%"
"17.01.2020","45,817.76","45,311.73","45,885.44","45,256.31","173.86M","1.14%"
"16.01.2020","45,303.08","44,530.69","45,354.53","44,513.47","190.18M","1.91%"
"15.01.2020","44,453.33","44,726.72","44,848.07","44,412.61","179.45M","-0.71%"
"14.01.2020","44,773.24","44,804.55","44,818.93","44,379.38","171.98M","-0.17%"
"13.01.2020","44,847.47","44,720.35","44,944.25","44,584.66","149.58M","0.42%"
"10.01.2020","44,660.33","44,593.89","44,909.44","44,529.51","135.84M","0.20%"
"09.01.2020","44,572.17","44,452.74","44,621.58","44,378.78","173.85M","0.23%"
"08.01.2020","44,470.91","44,160.55","44,515.99","44,078.41","144.63M","0.71%"
"07.01.2020","44,157.81","44,522.36","44,588.27","44,018.06","137.55M","-0.76%"
"06.01.2020","44,495.30","44,489.97","44,571.74","44,287.13","86.93M","-0.29%"
"03.01.2020","44,624.85","44,355.21","44,742.98","44,177.91","103.48M","0.42%"
"02.01.2020","44,437.23","43,739.52","44,521.52","43,716.49","95.18M","2.06%"
"31.12.2019","43,541.02","43,668.71","43,705.36","43,439.68","46.72M","-0.27%"
"30.12.2019","43,657.48","44,318.90","44,347.74","43,451.49","81.80M","-1.36%"
"27.12.2019","44,261.51","44,312.57","44,510.78","44,156.86","59.47M","-0.09%"
"26.12.2019","44,300.17","44,149.97","44,360.62","44,057.49","32.19M","0.32%"
"24.12.2019","44,157.97","44,275.79","44,298.94","44,108.45","13.69M","-0.27%"
"23.12.2019","44,276.85","44,571.26","44,590.93","44,189.24","92.13M","-0.51%"
"20.12.2019","44,505.64","44,694.45","44,804.44","44,424.46","473.71M","-0.32%"
"19.12.2019","44,649.43","45,189.12","45,189.83","44,615.43","130.33M","-1.01%"
"18.12.2019","45,106.29","44,384.05","45,160.10","44,366.36","279.77M","1.59%"
"17.12.2019","44,401.16","44,400.58","44,434.19","44,118.06","194.93M","0.10%"
"16.12.2019","44,356.22","44,343.18","44,495.49","44,136.64","117.21M","0.23%"
"13.12.2019","44,254.43","43,415.22","44,401.01","43,415.22","163.26M","2.45%"
"11.12.2019","43,195.19","42,639.59","43,237.25","42,592.02","160.65M","1.32%"
"10.12.2019","42,633.43","42,037.54","42,649.63","41,986.28","124.12M","1.63%"
"09.12.2019","41,951.59","41,938.69","42,370.15","41,924.21","90.51M","0.03%"
"06.12.2019","41,938.69","42,307.99","42,343.80","41,894.75","119.34M","-0.66%"
"05.12.2019","42,216.03","42,216.30","42,513.25","42,171.99","118.81M","0.06%"
"04.12.2019","42,191.92","42,354.90","42,496.33","42,159.29","131.99M","-0.24%"
"03.12.2019","42,294.52","42,417.57","42,508.67","42,255.72","107.72M","-0.59%"
"02.12.2019","42,544.14","42,863.35","42,903.78","42,508.10","140.66M","-0.64%"
"29.11.2019","42,820.18","43,122.19","43,122.66","42,755.99","84.60M","-0.65%"
"28.11.2019","43,100.12","43,062.81","43,171.89","42,921.33","14.56M","0.15%"
"27.11.2019","43,036.16","42,924.85","43,065.63","42,849.63","109.04M","0.43%"
"26.11.2019","42,852.36","43,465.95","43,466.35","42,785.09","602.71M","-1.57%"
"25.11.2019","43,535.11","43,483.33","43,727.97","43,467.42","113.98M","0.03%"
"22.11.2019","43,521.86","43,249.80","43,557.64","43,249.80","105.10M","0.62%"
"21.11.2019","43,255.43","43,633.84","43,633.84","43,101.90","120.39M","-0.80%"
"20.11.2019","43,604.70","43,623.10","43,814.50","43,421.16","109.21M","0.01%"
"19.11.2019","43,602.25","43,367.08","43,662.79","43,367.08","172.65M","0.48%"
"15.11.2019","43,392.36","43,219.58","43,434.24","43,195.83","95.43M","0.47%"
"14.11.2019","43,188.69","43,128.77","43,284.92","43,021.30","117.86M","0.21%"
"13.11.2019","43,098.66","43,037.31","43,182.74","43,028.64","110.38M","0.00%"
"12.11.2019","43,100.77","43,537.41","43,564.29","43,038.12","152.67M","-1.14%"
"11.11.2019","43,595.60","43,538.09","43,699.98","43,513.15","97.11M","-0.24%"
"08.11.2019","43,702.23","44,027.10","44,128.13","43,632.82","78.35M","-0.95%"
"07.11.2019","44,119.90","43,846.62","44,261.34","43,797.50","160.37M","0.69%"
"06.11.2019","43,818.51","43,650.89","43,849.22","43,332.18","121.80M","0.47%"
"05.11.2019","43,611.84","43,824.69","43,844.59","43,401.30","204.83M","-0.47%"
"04.11.2019","43,815.76","43,814.55","44,233.03","43,786.86","135.00M","0.00%"
"01.11.2019","43,814.55","43,337.12","43,850.39","43,325.95","138.79M","1.10%"
"31.10.2019","43,337.28","43,753.02","43,768.75","43,304.86","197.29M","-0.92%"
"30.10.2019","43,741.62","43,907.27","43,913.39","43,638.29","151.17M","-0.25%"
"29.10.2019","43,851.06","43,709.20","43,979.29","43,649.58","159.05M","0.20%"
"28.10.2019","43,765.49","43,382.94","43,804.02","43,371.40","148.32M","0.87%"
"25.10.2019","43,389.16","43,786.75","43,833.39","43,359.53","156.14M","-0.89%"
"24.10.2019","43,776.60","43,552.59","43,816.47","43,424.68","205.83M","0.53%"
"23.10.2019","43,546.48","43,388.03","43,575.29","43,279.69","139.69M","0.42%"
"22.10.2019","43,363.54","43,435.19","43,624.23","43,249.45","176.15M","-0.10%"
"21.10.2019","43,405.43","43,239.19","43,456.49","43,203.04","123.78M","0.53%"
"18.10.2019","43,178.63","43,189.45","43,559.61","43,094.03","206.63M","-0.69%"
"17.10.2019","43,479.98","43,574.15","43,687.45","43,292.75","169.23M","-0.13%"
"16.10.2019","43,538.49","43,312.19","43,563.96","43,203.76","188.70M","0.68%"
"15.10.2019","43,244.63","43,335.01","43,462.03","43,214.16","148.65M","-0.13%"
"14.10.2019","43,299.53","43,110.56","43,389.27","43,110.56","96.00M","0.20%"
"11.10.2019","43,214.60","43,073.90","43,496.47","43,038.53","141.78M","0.66%"
"10.10.2019","42,929.76","42,544.16","43,010.22","42,480.10","222.83M","1.01%"
"09.10.2019","42,501.92","42,591.98","42,807.21","42,445.94","136.16M","-0.08%"
"08.10.2019","42,535.14","42,914.80","42,940.68","42,489.40","156.60M","-0.97%"
"07.10.2019","42,952.29","43,402.16","43,403.94","42,903.38","102.00M","-1.07%"
"04.10.2019","43,416.90","42,457.55","43,448.64","42,426.83","125.59M","2.29%"
"03.10.2019","42,443.31","42,202.66","42,504.09","42,107.01","96.56M","0.52%"
"02.10.2019","42,222.90","42,787.54","42,804.46","42,128.97","123.04M","-1.66%"
"01.10.2019","42,937.16","43,006.12","43,110.30","42,863.49","117.49M","-0.17%"
"30.09.2019","43,011.27","42,782.07","43,230.65","42,776.42","185.05M","0.36%"
"27.09.2019","42,857.58","43,042.45","43,042.45","42,750.16","103.30M","-0.30%"
"26.09.2019","42,984.75","43,051.01","43,220.84","42,835.32","147.09M","-0.07%"
"25.09.2019","43,014.08","43,099.01","43,099.01","42,563.07","184.97M","-0.20%"
"24.09.2019","43,099.33","43,497.67","43,560.05","43,051.22","142.81M","-0.94%"
"23.09.2019","43,507.95","43,436.22","43,531.72","43,401.57","103.05M","-0.12%"
"20.09.2019","43,559.45","43,084.34","43,665.94","43,014.52","836.15M","1.26%"
"19.09.2019","43,017.46","43,102.81","43,139.03","42,937.06","113.24M","-0.12%"
"18.09.2019","43,070.34","43,396.19","43,456.86","42,902.37","148.96M","-0.87%"
"17.09.2019","43,448.94","42,823.51","43,486.62","42,743.26","213.64M","1.42%"
"13.09.2019","42,841.46","42,716.87","42,995.33","42,675.88","106.90M","0.40%"
"12.09.2019","42,670.41","42,798.13","43,030.27","42,589.13","138.97M","-0.18%"
"11.09.2019","42,749.17","42,607.67","42,809.05","42,483.10","134.33M","0.38%"
"10.09.2019","42,588.10","42,607.99","42,860.29","42,402.65","151.22M","-0.17%"
"09.09.2019","42,662.47","42,808.23","43,231.52","42,555.82","105.42M","-0.11%"
"06.09.2019","42,707.66","42,873.60","43,037.26","42,615.31","122.35M","-0.06%"
"05.09.2019","42,731.48","42,495.98","42,768.62","42,475.50","156.45M","0.96%"
"04.09.2019","42,324.47","41,934.43","42,359.89","41,901.98","330.57M","1.19%"
"03.09.2019","41,826.55","42,222.28","42,237.40","41,724.23","227.20M","-0.67%"
"02.09.2019","42,108.23","42,621.87","42,621.87","41,988.01","43.88M","-1.21%"
"30.08.2019","42,622.50","42,000.89","42,680.23","41,898.67","334.49M","1.89%"
"29.08.2019","41,831.30","41,030.13","42,005.34","41,030.13","221.65M","2.17%"
"28.08.2019","40,941.96","40,654.39","41,065.42","40,580.96","168.52M","0.72%"
"27.08.2019","40,648.97","40,105.19","40,721.36","40,105.19","561.32M","1.42%"
"26.08.2019","40,081.72","39,915.57","40,144.82","39,887.62","134.62M","0.55%"
"23.08.2019","39,862.07","40,000.89","40,226.65","39,782.73","146.43M","-0.70%"
"22.08.2019","40,144.24","40,072.37","40,378.73","40,023.68","180.44M","0.17%"
"21.08.2019","40,076.04","39,780.30","40,122.45","39,697.10","269.01M","0.95%"
"20.08.2019","39,700.05","39,551.57","39,842.95","39,435.67","203.22M","0.36%"
"19.08.2019","39,556.32","39,396.50","39,830.30","39,352.39","203.67M","0.55%"
"16.08.2019","39,339.55","38,636.22","39,374.71","38,611.06","245.98M","1.98%"
"15.08.2019","38,574.18","38,622.44","38,858.29","38,265.51","172.25M","-0.20%"
"14.08.2019","38,650.09","39,345.57","39,351.24","38,562.13","295.73M","-2.09%"
"13.08.2019","39,476.50","39,786.27","40,010.87","39,430.80","162.81M","-0.94%"
"12.08.2019","39,851.21","40,311.12","40,347.38","39,810.14","138.80M","-1.41%"
"09.08.2019","40,421.28","40,463.75","40,501.70","40,110.92","121.28M","-0.04%"
"08.08.2019","40,439.42","40,496.07","40,699.85","40,390.04","173.97M","0.02%"
"07.08.2019","40,432.36","39,578.03","40,471.74","39,479.47","214.79M","1.63%"
"06.08.2019","39,785.63","39,538.47","39,974.92","39,525.44","200.97M","0.73%"
"05.08.2019","39,496.36","39,807.02","39,820.62","39,279.52","218.23M","-1.20%"
"02.08.2019","39,977.52","40,199.34","40,199.34","39,630.66","180.74M","-0.92%"
"01.08.2019","40,346.80","40,816.98","40,978.66","40,302.91","181.39M","-1.26%"
"31.07.2019","40,863.09","41,085.86","41,098.25","40,540.97","231.75M","-0.72%"
"30.07.2019","41,159.27","41,238.10","41,248.56","40,862.93","106.88M","-0.28%"
"29.07.2019","41,276.67","40,644.99","41,394.44","40,644.99","125.32M","1.48%"
"26.07.2019","40,673.78","40,932.41","41,150.34","40,625.56","145.27M","-0.63%"
"25.07.2019","40,933.43","41,126.83","41,163.73","40,785.92","162.21M","-0.57%"
"24.07.2019","41,167.74","40,957.97","41,302.87","40,917.94","148.09M","0.57%"
"23.07.2019","40,935.34","41,210.01","41,325.69","40,727.00","205.95M","-0.66%"
"22.07.2019","41,209.32","41,722.21","41,768.54","41,165.00","99.89M","-0.95%"
"19.07.2019","41,606.54","41,684.33","41,960.55","41,558.42","139.87M","-0.03%"
"18.07.2019","41,618.11","42,534.85","42,541.54","41,429.12","179.90M","-2.19%"
"17.07.2019","42,551.54","43,070.43","43,093.59","42,496.06","162.36M","-1.01%"
"16.07.2019","42,984.97","43,078.52","43,167.08","42,700.97","99.25M","-0.18%"
"15.07.2019","43,063.95","42,698.09","43,144.73","42,526.92","96.25M","0.98%"
"12.07.2019","42,647.31","42,870.17","42,872.35","42,452.95","106.62M","-0.55%"
"11.07.2019","42,882.02","42,816.51","43,017.17","42,617.49","112.66M","0.18%"
"10.07.2019","42,805.61","42,977.43","43,193.20","42,668.93","173.74M","-0.03%"
"09.07.2019","42,818.66","43,508.14","43,628.93","42,730.84","138.71M","-1.77%"
"08.07.2019","43,589.08","43,494.40","43,763.99","43,324.01","90.50M","0.42%"
"05.07.2019","43,405.32","43,453.63","43,521.08","43,137.96","68.69M","-0.13%"
"04.07.2019","43,461.48","43,487.35","43,551.98","43,412.48","20.27M","-0.05%"
"03.07.2019","43,483.23","43,501.29","43,567.87","43,305.23","77.23M","0.10%"
"02.07.2019","43,441.80","43,503.00","43,713.43","43,361.96","105.52M","0.01%"
"01.07.2019","43,438.24","43,218.10","43,557.28","43,019.73","107.79M","0.64%"
"28.06.2019","43,161.17","43,371.00","43,416.60","43,009.85","159.18M","-0.36%"
"27.06.2019","43,316.56","43,872.27","43,872.27","43,278.56","122.54M","-1.09%"
"26.06.2019","43,792.08","43,813.38","43,899.23","43,682.22","106.54M","0.00%"
"25.06.2019","43,792.17","43,637.45","43,926.43","43,623.02","146.89M","0.11%"
"24.06.2019","43,743.72","43,568.22","43,790.28","43,546.65","101.87M","0.50%"
"21.06.2019","43,526.73","43,623.29","43,828.07","43,347.66","491.37M","-0.27%"
"20.06.2019","43,645.11","43,552.48","43,920.79","43,470.19","131.67M","0.62%"
"19.06.2019","43,375.67","43,215.54","43,479.26","43,208.17","103.39M","0.50%"
"18.06.2019","43,161.05","42,990.86","43,495.54","42,987.47","126.67M","0.46%"
"17.06.2019","42,964.71","43,088.23","43,529.87","42,908.79","98.42M","-0.38%"
"14.06.2019","43,130.65","43,496.78","43,503.16","42,971.76","95.44M","-0.81%"
"13.06.2019","43,483.20","43,772.05","43,848.39","43,326.58","153.95M","-0.72%"
"12.06.2019","43,800.16","43,770.90","43,958.40","43,593.25","154.65M","0.20%"
"11.06.2019","43,713.66","43,758.87","43,884.03","43,569.84","151.08M","0.24%"
"10.06.2019","43,609.17","43,431.89","43,892.48","43,337.82","184.62M","0.73%"
"07.06.2019","43,291.33","43,174.93","43,496.70","43,080.28","80.66M","0.33%"
"06.06.2019","43,147.83","43,417.96","43,485.11","42,850.11","122.05M","-0.63%"
"05.06.2019","43,420.38","43,171.73","43,466.29","43,011.47","134.44M","0.41%"
"04.06.2019","43,241.82","43,220.28","43,583.99","43,058.00","153.34M","0.31%"
"03.06.2019","43,108.42","42,857.79","43,319.16","42,748.74","213.38M","0.84%"
"31.05.2019","42,749.16","42,693.11","42,867.10","42,304.93","244.43M","-1.38%"
"30.05.2019","43,345.82","42,861.40","43,464.24","42,818.18","152.53M","1.15%"
"29.05.2019","42,854.75","42,108.98","42,889.56","42,050.42","165.46M","1.53%"
"28.05.2019","42,207.71","42,497.48","42,601.99","42,103.10","533.67M","-0.67%"
"27.05.2019","42,491.43","42,605.79","42,613.87","42,454.19","57.18M","-0.30%"
"24.05.2019","42,617.60","42,878.93","42,957.68","42,299.23","113.17M","-0.46%"
"23.05.2019","42,812.57","42,834.26","42,863.41","42,505.33","134.10M","-0.30%"
"22.05.2019","42,942.23","43,145.11","43,151.24","42,716.51","115.89M","-0.57%"
"21.05.2019","43,190.10","43,559.13","43,657.82","42,951.12","163.44M","-0.76%"
"20.05.2019","43,519.22","43,513.64","43,802.25","43,240.01","132.80M","0.17%"
"17.05.2019","43,445.62","43,355.29","43,612.89","43,289.29","149.96M","0.01%"
"16.05.2019","43,442.49","43,357.08","43,696.33","43,259.37","231.75M","0.24%"
"15.05.2019","43,338.82","43,235.36","43,389.54","42,976.45","173.77M","-0.21%"
"14.05.2019","43,431.53","43,115.83","43,555.61","43,065.06","184.46M","0.67%"
"13.05.2019","43,142.46","43,172.29","43,210.14","42,524.21","163.48M","-0.55%"
"10.05.2019","43,382.35","43,082.88","43,496.53","42,591.93","182.16M","0.44%"
"09.05.2019","43,193.36","43,249.81","43,292.32","42,634.85","220.05M","-0.50%"
"08.05.2019","43,410.74","43,550.73","43,629.98","43,265.59","141.78M","-0.40%"
"07.05.2019","43,583.60","44,041.78","44,047.71","43,408.97","128.84M","-1.21%"
"06.05.2019","44,116.70","44,083.67","44,175.94","43,733.51","116.26M","-0.36%"
"03.05.2019","44,277.24","44,207.36","44,517.61","44,187.47","135.77M","-0.08%"
"02.05.2019","44,312.43","44,513.05","44,577.00","44,236.36","157.01M","-0.64%"
"30.04.2019","44,597.32","44,900.02","44,904.05","44,338.52","187.83M","-0.80%"
"29.04.2019","44,956.73","44,987.05","45,211.15","44,686.53","102.13M","-0.04%"
"26.04.2019","44,974.97","45,074.70","45,208.37","44,769.35","113.17M","-0.11%"
"25.04.2019","45,026.68","45,005.04","45,064.93","44,712.30","129.52M","-0.04%"
"24.04.2019","45,045.33","45,112.13","45,186.27","44,666.25","135.55M","-0.23%"
"23.04.2019","45,148.32","45,355.93","45,424.42","44,948.69","136.68M","-0.51%"
"22.04.2019","45,381.22","45,507.78","45,590.44","45,321.22","89.40M","-0.32%"
"17.04.2019","45,525.29","45,038.35","45,599.57","44,922.60","113.49M","1.15%"
"16.04.2019","45,009.36","44,665.29","45,061.79","44,644.06","141.00M","0.86%"
"15.04.2019","44,625.78","44,649.74","44,900.93","44,347.53","111.99M","-0.13%"
"12.04.2019","44,686.06","44,767.67","44,888.70","44,534.38","148.11M","0.24%"
"11.04.2019","44,580.06","44,872.53","44,966.50","44,373.49","112.46M","-0.73%"
"10.04.2019","44,909.14","45,204.75","45,219.41","44,850.11","149.81M","-0.54%"
"09.04.2019","45,151.63","45,346.83","45,346.83","44,854.53","197.50M","-0.63%"
"08.04.2019","45,436.28","44,970.18","45,513.90","44,725.22","167.50M","0.99%"
"05.04.2019","44,989.86","44,007.73","45,023.54","44,007.73","224.47M","2.40%"
"04.04.2019","43,937.39","43,341.19","43,990.18","43,252.28","134.36M","1.38%"
"03.04.2019","43,339.75","43,391.93","43,658.96","43,298.20","143.34M","0.03%"
"02.04.2019","43,324.59","43,672.06","43,672.06","43,168.06","119.25M","-0.80%"
"01.04.2019","43,672.06","43,302.45","43,838.19","43,302.45","134.24M","0.90%"
"29.03.2019","43,281.28","43,046.92","43,316.67","42,960.15","207.92M","0.79%"
"28.03.2019","42,942.23","42,982.98","43,069.93","42,539.44","160.20M","-0.01%"
"27.03.2019","42,947.55","42,893.38","43,116.50","42,809.77","171.67M","0.28%"
"26.03.2019","42,826.16","42,695.75","43,013.82","42,679.42","151.61M","0.29%"
"25.03.2019","42,703.38","42,292.69","42,757.79","42,276.04","147.39M","0.97%"
"22.03.2019","42,292.16","43,052.28","43,076.12","42,132.30","153.03M","-2.22%"
"21.03.2019","43,251.19","43,121.90","43,362.91","42,851.91","154.66M","0.22%"
"20.03.2019","43,156.21","42,389.60","43,250.61","42,231.19","221.58M","1.83%"
"19.03.2019","42,378.61","42,431.76","42,745.49","42,217.09","215.24M","0.40%"
"15.03.2019","42,210.46","41,810.09","42,309.97","41,798.95","589.12M","1.04%"
"14.03.2019","41,777.81","41,935.91","41,982.02","41,469.92","137.48M","-0.37%"
"13.03.2019","41,932.56","41,836.31","42,026.64","41,795.01","154.70M","0.46%"
"12.03.2019","41,740.62","41,878.37","42,174.26","41,558.16","132.50M","-0.32%"
"11.03.2019","41,876.17","41,631.19","41,985.09","41,490.62","104.41M","0.70%"
"08.03.2019","41,586.70","41,583.93","41,674.73","41,140.32","144.84M","-0.13%"
"07.03.2019","41,641.84","41,911.53","42,008.47","41,523.92","148.10M","-0.64%"
"06.03.2019","41,908.15","42,134.46","42,419.23","41,859.22","151.29M","-0.52%"
"05.03.2019","42,128.91","42,367.92","42,425.09","42,099.86","130.71M","-0.68%"
"04.03.2019","42,418.49","42,598.19","42,648.70","42,197.87","114.10M","-0.47%"
"01.03.2019","42,619.23","42,947.71","43,021.91","42,291.94","129.22M","-0.48%"
"28.02.2019","42,823.81","43,267.74","43,355.39","42,550.09","303.93M","-1.13%"
"27.02.2019","43,311.18","43,662.12","43,662.12","43,184.86","162.80M","-0.72%"
"26.02.2019","43,623.33","43,647.42","43,724.34","43,445.91","180.61M","-0.09%"
"25.02.2019","43,664.33","43,805.27","44,070.13","43,634.64","156.87M","-0.17%"
"22.02.2019","43,738.66","43,583.28","44,001.22","43,571.77","141.54M","0.37%"
"21.02.2019","43,577.64","43,161.04","43,633.48","43,003.39","157.41M","0.93%"
"20.02.2019","43,178.00","42,997.04","43,345.86","42,997.04","176.18M","0.53%"
"19.02.2019","42,949.50","43,003.41","43,320.52","42,803.88","133.31M","-0.07%"
"18.02.2019","42,981.31","43,022.66","43,119.57","42,856.23","25.35M","-0.02%"
"15.02.2019","42,988.72","42,810.13","43,035.53","42,677.39","136.41M","0.62%"
"14.02.2019","42,725.22","42,364.99","42,780.89","42,066.08","190.64M","1.04%"
"13.02.2019","42,284.06","43,138.51","43,194.25","42,202.96","201.34M","-1.92%"
"12.02.2019","43,113.79","43,328.48","43,616.03","42,970.12","174.87M","-0.40%"
"11.02.2019","43,285.17","43,126.04","43,471.87","43,108.50","103.61M","0.24%"
"08.02.2019","43,180.45","43,576.70","43,620.29","43,116.56","115.06M","-1.02%"
"07.02.2019","43,624.55","43,808.78","44,090.49","43,586.87","160.93M","-0.53%"
"06.02.2019","43,855.79","44,391.71","44,495.02","43,808.83","190.01M","-1.09%"
"05.02.2019","44,337.10","43,898.11","44,491.75","43,830.47","147.57M","1.37%"
"01.02.2019","43,738.27","44,095.44","44,226.17","43,679.30","149.81M","-0.57%"
"31.01.2019","43,987.94","43,668.54","44,190.28","43,600.01","189.88M","0.82%"
"30.01.2019","43,631.36","43,734.33","43,915.15","43,084.45","180.49M","-0.16%"
"29.01.2019","43,700.10","43,671.47","43,902.08","43,607.14","223.09M","0.17%"
"28.01.2019","43,626.15","43,590.30","43,959.87","43,468.17","220.53M","-0.03%"
"25.01.2019","43,638.62","43,603.12","44,051.76","43,436.95","170.41M","0.17%"
"24.01.2019","43,566.11","43,738.64","43,856.29","43,420.38","172.81M","-0.26%"
"23.01.2019","43,679.67","43,831.79","44,104.57","43,382.35","233.02M","-0.20%"
"22.01.2019","43,768.08","44,066.30","44,073.24","43,602.83","186.12M","-0.59%"
"21.01.2019","44,028.96","44,273.36","44,541.41","43,797.10","53.21M","-0.48%"
"18.01.2019","44,241.54","44,024.91","44,507.40","43,995.48","197.35M","0.70%"
"17.01.2019","43,932.08","43,845.46","44,070.84","43,843.07","229.85M","0.26%"
"16.01.2019","43,819.53","43,640.61","43,984.60","43,602.94","187.00M","0.50%"
"15.01.2019","43,603.62","43,387.75","43,747.99","43,387.75","186.32M","0.47%"
"14.01.2019","43,397.98","43,548.56","43,681.33","43,171.02","121.95M","-0.36%"
"11.01.2019","43,556.11","43,707.27","43,761.19","43,372.60","161.99M","-0.26%"
"10.01.2019","43,668.95","43,669.03","43,792.18","43,481.84","194.96M","0.05%"
"09.01.2019","43,648.07","43,563.72","44,046.77","43,552.61","228.93M","0.24%"
"08.01.2019","43,542.87","43,264.19","43,582.19","43,024.52","179.76M","1.65%"
"07.01.2019","42,834.20","42,489.05","42,896.11","42,313.06","147.15M","0.89%"
"04.01.2019","42,455.13","42,024.77","42,661.84","42,024.77","114.42M","0.98%"
"03.01.2019","42,044.32","42,172.26","42,292.39","41,699.78","116.60M","-0.54%"
"02.01.2019","42,271.14","41,550.75","42,328.55","41,436.49","70.22M","1.52%"
"31.12.2018","41,640.27","41,461.69","41,723.69","41,421.07","67.65M","0.44%"
"28.12.2018","41,459.15","41,422.48","41,621.38","41,216.03","70.26M","0.10%"
"27.12.2018","41,417.85","41,444.24","41,584.64","40,978.92","93.82M","-0.37%"
"26.12.2018","41,573.61","41,364.16","41,702.86","41,177.80","81.83M","0.47%"
"24.12.2018","41,380.11","41,421.56","41,698.25","41,182.61","34.70M","-0.21%"
"21.12.2018","41,468.56","41,676.14","41,799.39","41,135.14","446.35M","-0.52%"
"20.12.2018","41,683.27","41,562.24","41,751.90","41,309.40","166.38M","0.71%"
"19.12.2018","41,388.28","40,950.32","42,032.26","40,950.32","229.47M","1.15%"
"18.12.2018","40,917.57","40,480.75","41,148.40","40,419.20","191.21M","1.43%"
"17.12.2018","40,340.51","41,307.52","41,596.05","40,278.16","141.03M","-2.35%"
"14.12.2018","41,312.17","41,539.55","41,744.74","41,243.79","141.01M","-0.48%"
"13.12.2018","41,512.51","41,118.63","41,841.65","41,118.63","214.22M","1.50%"
"11.12.2018","40,897.85","41,512.11","41,665.18","40,799.32","168.06M","-1.11%"
"10.12.2018","41,356.04","41,892.68","41,934.54","41,194.58","166.38M","-1.23%"
"07.12.2018","41,870.13","42,031.54","42,315.84","41,781.60","149.99M","-0.28%"
"06.12.2018","41,987.00","41,641.24","42,035.99","41,175.96","216.51M","0.22%"
"05.12.2018","41,895.27","41,929.94","41,992.36","41,748.42","57.16M","0.07%"
"04.12.2018","41,865.07","42,127.34","42,267.66","41,713.29","252.98M","-0.51%"
"03.12.2018","42,081.78","41,976.61","42,947.20","41,844.06","248.89M","0.84%"
"30.11.2018","41,732.78","41,976.34","41,984.58","41,416.15","420.36M","-0.43%"
"29.11.2018","41,913.45","41,038.85","41,973.80","40,985.26","243.98M","2.25%"
"28.11.2018","40,989.48","39,939.80","41,040.59","39,901.73","305.50M","2.97%"
"27.11.2018","39,807.28","39,557.90","40,150.00","39,470.00","237.70M","0.96%"
"26.11.2018","39,427.28","41,275.82","41,463.35","39,271.56","287.10M","-4.17%"
"23.11.2018","41,144.33","41,342.37","41,557.21","41,084.44","104.53M","-0.31%"
"22.11.2018","41,271.12","41,520.25","41,542.72","41,055.81","63.30M","-0.55%"
"21.11.2018","41,499.93","41,893.44","42,216.04","41,456.66","205.26M","-0.71%"
"20.11.2018","41,797.37","41,885.62","42,505.14","41,705.72","202.42M","-1.23%"
"16.11.2018","42,319.27","41,368.59","42,460.86","41,368.59","227.53M","2.10%"
"15.11.2018","41,450.65","42,323.82","42,457.68","41,284.04","168.46M","-2.11%"
"14.11.2018","42,343.96","42,474.82","43,220.58","42,141.94","250.72M","-0.18%"
"13.11.2018","42,421.33","43,212.70","43,308.77","42,396.62","216.68M","-2.05%"
"12.11.2018","43,310.01","44,098.93","44,253.11","43,172.16","180.78M","-2.15%"
"09.11.2018","44,263.74","44,277.30","44,539.87","42,816.75","302.73M","0.17%"
"08.11.2018","44,190.25","46,808.52","46,815.62","44,019.79","274.98M","-5.81%"
"07.11.2018","46,917.40","46,423.80","46,957.61","46,423.80","213.88M","1.27%"
"06.11.2018","46,328.35","46,797.87","46,975.18","46,120.49","204.76M","-1.04%"
"05.11.2018","46,817.36","45,449.05","46,865.74","45,432.99","271.72M","3.02%"
"01.11.2018","45,446.83","43,993.35","45,585.01","43,964.83","259.57M","3.42%"
"31.10.2018","43,942.55","43,626.60","44,300.66","43,604.78","361.57M","0.93%"
"30.10.2018","43,538.12","43,849.52","43,932.88","43,407.49","273.49M","-0.78%"
"29.10.2018","43,879.13","45,763.09","45,823.45","43,779.50","291.99M","-4.20%"
"26.10.2018","45,803.33","46,107.97","46,118.46","45,677.27","216.70M","-1.02%"
"25.10.2018","46,275.71","46,102.15","46,626.08","46,019.26","165.50M","0.69%"
"24.10.2018","45,959.04","46,537.18","46,640.17","45,898.38","183.01M","-1.05%"
"23.10.2018","46,449.03","46,771.46","46,843.83","46,279.39","164.74M","-1.09%"
"22.10.2018","46,962.74","47,485.74","47,672.92","46,657.82","130.67M","-1.00%"
"19.10.2018","47,437.45","47,151.30","47,568.88","47,103.46","180.18M","0.88%"
"18.10.2018","47,024.46","47,823.34","48,026.19","46,929.42","163.66M","-1.80%"
"17.10.2018","47,887.95","48,221.01","48,221.01","47,778.83","134.73M","-0.63%"
"16.10.2018","48,191.57","47,830.81","48,299.23","47,794.31","124.69M","0.95%"
"15.10.2018","47,739.09","47,447.60","47,963.49","47,204.89","110.69M","0.62%"
"12.10.2018","47,444.05","47,656.86","48,078.44","47,071.24","156.54M","-0.24%"
"11.10.2018","47,558.23","48,123.59","48,205.01","47,478.59","188.72M","-1.20%"
"10.10.2018","48,136.18","48,506.96","48,525.11","48,025.27","152.25M","-0.76%"
"09.10.2018","48,505.22","48,040.88","48,552.08","47,673.38","119.42M","0.86%"
"08.10.2018","48,093.10","48,018.35","48,183.28","47,869.24","150.04M","0.08%"
"05.10.2018","48,052.85","48,717.80","48,735.11","48,004.92","132.31M","-1.29%"
"04.10.2018","48,683.26","49,001.40","49,001.40","48,461.22","143.48M","-0.66%"
"03.10.2018","49,005.35","49,442.99","49,487.54","48,926.41","178.17M","-0.75%"
"02.10.2018","49,376.50","49,821.57","49,924.62","49,290.42","98.77M","-0.93%"
"01.10.2018","49,841.47","49,547.85","50,041.60","49,547.85","95.68M","0.68%"
"28.09.2018","49,504.16","49,542.51","49,644.24","49,347.52","138.03M","-0.29%"
"27.09.2018","49,646.91","49,641.67","49,964.97","49,492.69","108.77M","0.08%"
"26.09.2018","49,606.07","49,675.71","49,944.29","49,555.13","100.27M","-0.09%"
"25.09.2018","49,651.55","49,447.98","49,721.20","49,447.98","91.21M","0.47%"
"24.09.2018","49,417.22","49,304.88","49,486.72","49,032.77","95.93M","0.17%"
"21.09.2018","49,331.51","49,483.04","49,732.35","49,296.57","560.78M","-0.36%"
"20.09.2018","49,510.78","49,590.98","49,812.14","49,315.39","97.81M","-0.16%"
"19.09.2018","49,590.79","49,623.98","49,887.79","49,536.32","133.42M","-0.14%"
"18.09.2018","49,661.83","49,412.00","49,843.59","49,395.51","107.45M","0.53%"
"17.09.2018","49,398.57","49,553.88","49,810.05","49,373.54","78.15M","-0.43%"
"14.09.2018","49,611.93","49,460.31","49,841.57","49,342.47","140.30M","-0.16%"
"13.09.2018","49,693.21","49,219.45","49,761.89","49,133.37","193.37M","0.89%"
"12.09.2018","49,254.98","48,886.88","49,347.36","48,687.80","170.57M","0.73%"
"11.09.2018","48,895.80","48,739.76","48,918.31","48,483.67","117.85M","0.10%"
"10.09.2018","48,848.74","49,027.40","49,044.81","48,571.70","82.05M","-0.25%"
"07.09.2018","48,971.14","48,602.27","48,999.97","48,198.74","115.53M","0.53%"
"06.09.2018","48,711.85","48,631.30","48,904.71","48,553.06","117.46M","0.24%"
"05.09.2018","48,595.37","48,757.87","48,944.65","48,478.30","143.09M","-0.59%"
"04.09.2018","48,884.17","49,491.41","49,541.30","48,805.16","133.63M","-1.22%"
"03.09.2018","49,488.48","49,574.12","49,727.21","49,421.06","15.20M","-0.12%"
"31.08.2018","49,547.68","49,540.09","49,900.15","49,297.56","166.14M","-0.21%"
"30.08.2018","49,653.14","50,178.57","50,199.30","49,280.91","115.98M","-1.06%"
"29.08.2018","50,187.48","50,048.84","50,238.09","49,927.90","123.11M","0.33%"
"28.08.2018","50,023.98","50,518.28","50,603.39","49,810.00","138.68M","-0.78%"
"27.08.2018","50,416.27","49,789.19","50,485.51","49,789.19","117.69M","1.58%"
"24.08.2018","49,633.77","49,719.88","50,088.67","49,519.97","61.03M","-0.23%"
"23.08.2018","49,749.56","49,895.31","50,093.36","49,636.91","104.27M","-0.26%"
"22.08.2018","49,880.34","49,282.86","49,910.87","49,142.54","150.68M","1.09%"
"21.08.2018","49,344.05","48,791.84","49,430.03","48,731.38","142.40M","1.14%"
"20.08.2018","48,785.48","48,277.94","48,875.40","48,245.84","80.12M","1.08%"
"17.08.2018","48,264.63","48,065.22","48,308.98","47,879.08","132.34M","0.43%"
"16.08.2018","48,059.06","48,666.80","48,681.69","47,970.07","146.48M","-1.02%"
"15.08.2018","48,556.69","49,033.17","49,054.24","48,468.53","115.95M","-1.10%"
"14.08.2018","49,096.13","48,815.71","49,267.67","48,789.86","135.58M","0.67%"
"13.08.2018","48,767.02","48,383.73","48,902.13","48,365.05","99.10M","0.79%"
"10.08.2018","48,383.59","49,193.35","49,240.19","48,109.04","183.70M","-1.75%"
"09.08.2018","49,244.40","49,931.52","49,957.00","49,218.85","130.85M","-1.30%"
"08.08.2018","49,894.56","49,979.45","49,987.17","49,670.49","110.71M","-0.14%"
"07.08.2018","49,963.87","49,411.38","50,071.99","49,411.38","173.02M","1.31%"
"06.08.2018","49,320.21","49,373.65","49,403.59","49,072.43","78.03M","0.04%"
"03.08.2018","49,302.57","49,237.27","49,439.71","49,183.74","143.74M","0.50%"
"02.08.2018","49,056.04","49,364.14","49,364.14","48,880.21","119.79M","-0.80%"
"01.08.2018","49,449.44","49,742.06","49,786.72","49,394.66","122.38M","-0.50%"
"31.07.2018","49,698.01","49,732.24","50,080.80","49,582.46","167.25M","-0.01%"
"30.07.2018","49,705.28","49,635.85","49,954.86","49,542.91","146.01M","0.12%"
"27.07.2018","49,643.94","49,475.57","49,825.37","49,281.83","150.14M","0.42%"
"26.07.2018","49,438.24","49,637.30","50,037.44","49,322.87","216.45M","-0.33%"
"25.07.2018","49,603.65","49,621.81","49,993.69","49,305.25","157.06M","0.28%"
"24.07.2018","49,462.77","48,905.01","49,576.88","48,896.53","165.32M","1.25%"
"23.07.2018","48,850.93","48,909.49","49,023.71","48,691.25","96.54M","-0.12%"
"20.07.2018","48,908.24","48,826.10","48,945.99","48,397.25","137.77M","0.33%"
"19.07.2018","48,747.79","48,893.12","49,028.49","48,607.54","129.89M","-0.52%"
"18.07.2018","49,002.77","48,710.90","49,119.67","48,659.79","122.80M","0.61%"
"17.07.2018","48,704.63","48,459.24","48,744.67","48,264.85","141.12M","0.52%"
"16.07.2018","48,454.21","48,187.58","48,555.26","48,052.88","107.98M","0.10%"
"13.07.2018","48,406.01","48,692.86","48,700.77","48,327.32","161.95M","-0.60%"
"12.07.2018","48,696.30","49,081.38","49,081.38","48,663.63","172.48M","-0.67%"
"11.07.2018","49,025.15","48,890.49","49,058.25","48,689.11","157.85M","0.07%"
"10.07.2018","48,990.92","49,277.01","49,427.53","48,747.33","205.35M","-0.50%"
"09.07.2018","49,235.81","49,036.57","49,477.31","48,848.97","114.01M","0.52%"
"06.07.2018","48,981.41","48,539.57","49,277.79","48,398.06","191.76M","0.86%"
"05.07.2018","48,562.65","47,319.71","48,617.25","47,008.00","202.06M","2.63%"
"04.07.2018","47,318.52","46,904.84","47,384.71","46,877.33","28.65M","0.56%"
"03.07.2018","47,053.89","46,732.81","47,248.73","46,652.82","127.48M","0.86%"
"02.07.2018","46,653.52","47,684.43","47,695.64","46,566.29","134.41M","-2.12%"
"29.06.2018","47,663.20","47,025.70","47,705.57","47,021.71","191.76M","1.34%"
"28.06.2018","47,031.27","46,849.80","47,250.55","46,649.93","169.93M","0.33%"
"27.06.2018","46,874.43","46,874.35","47,026.36","46,690.39","160.05M","-0.07%"
"26.06.2018","46,908.94","46,818.90","46,961.47","46,569.01","149.89M","0.34%"
"25.06.2018","46,747.85","46,832.59","47,059.92","46,501.24","148.08M","0.02%"
"22.06.2018","46,737.64","46,472.63","46,777.66","46,285.04","130.49M","0.60%"
"21.06.2018","46,456.91","46,627.76","46,753.19","46,419.39","162.76M","-0.65%"
"20.06.2018","46,759.41","46,518.29","46,883.85","46,515.87","169.09M","0.58%"
"19.06.2018","46,488.38","46,389.41","46,601.46","46,238.77","153.97M","-0.37%"
"18.06.2018","46,660.87","46,917.48","46,917.48","46,267.75","127.48M","-0.59%"
"15.06.2018","46,938.82","47,139.27","47,202.36","46,584.45","630.36M","-0.55%"
"14.06.2018","47,197.24","46,620.45","47,282.85","46,601.35","201.16M","0.93%"
"13.06.2018","46,760.58","46,579.73","47,170.58","46,579.73","191.25M","0.21%"
"12.06.2018","46,660.75","46,385.89","46,838.25","46,274.20","162.33M","0.78%"
"11.06.2018","46,301.14","45,903.89","46,402.41","45,888.24","164.87M","0.79%"
"08.06.2018","45,939.54","45,479.95","45,990.15","45,281.08","114.39M","1.02%"
"07.06.2018","45,476.57","45,095.45","45,508.44","44,977.83","160.10M","0.65%"
"06.06.2018","45,181.82","45,192.49","45,295.98","45,115.54","136.46M","0.11%"
"05.06.2018","45,130.70","45,206.78","45,555.52","45,073.71","179.55M","-0.25%"
"04.06.2018","45,243.98","45,024.96","45,344.16","45,016.32","140.99M","0.51%"
"01.06.2018","45,013.12","44,692.79","45,155.62","44,531.80","119.52M","0.78%"
"31.05.2018","44,662.55","44,666.91","44,843.41","44,429.36","718.15M","-0.12%"
"30.05.2018","44,715.88","44,635.28","44,956.38","44,436.14","201.78M","0.15%"
"29.05.2018","44,647.37","44,866.20","45,157.15","44,582.94","174.66M","-0.45%"
"28.05.2018","44,851.05","45,071.15","45,322.49","44,795.36","34.22M","-0.53%"
"25.05.2018","45,091.99","45,503.46","45,775.08","45,055.92","158.88M","-0.75%"
"24.05.2018","45,433.09","45,743.15","45,799.05","45,363.98","116.51M","-0.75%"
"23.05.2018","45,776.69","45,530.27","45,985.83","45,226.57","141.90M","0.39%"
"22.05.2018","45,600.87","45,384.84","45,640.29","45,104.81","149.89M","0.65%"
"21.05.2018","45,305.02","45,707.31","45,999.59","45,289.41","143.59M","-0.79%"
"18.05.2018","45,666.77","45,731.63","45,810.88","45,364.91","270.07M","-0.26%"
"17.05.2018","45,787.90","46,422.35","46,433.14","45,746.90","146.04M","-1.36%"
"16.05.2018","46,419.77","46,267.02","46,507.21","46,197.32","134.74M","0.35%"
"15.05.2018","46,258.96","46,463.86","46,537.52","45,959.12","215.97M","-0.56%"
"14.05.2018","46,519.29","46,724.69","46,842.52","46,488.72","152.37M","-0.45%"
"11.05.2018","46,728.92","46,634.70","46,876.96","46,255.19","116.42M","0.38%"
"10.05.2018","46,551.55","46,280.05","46,931.49","46,280.05","167.41M","0.56%"
"09.05.2018","46,294.43","46,747.83","46,815.26","46,162.23","153.89M","-0.91%"
"08.05.2018","46,719.51","46,458.00","46,747.82","46,311.49","156.26M","0.53%"
"07.05.2018","46,474.70","47,013.55","47,078.93","46,424.26","134.10M","-1.10%"
"04.05.2018","46,992.17","47,090.76","47,164.87","46,741.72","147.53M","-0.22%"
"03.05.2018","47,094.13","47,833.24","47,833.24","47,030.86","234.47M","-1.50%"
"02.05.2018","47,809.98","48,318.03","48,496.09","47,781.04","231.88M","-1.13%"
"30.04.2018","48,358.16","48,275.64","48,504.44","48,236.65","163.74M","0.15%"
"27.04.2018","48,284.61","48,222.04","48,466.01","48,140.56","186.75M","-0.03%"
"26.04.2018","48,297.71","48,012.68","48,407.82","47,907.55","205.33M","0.50%"
"25.04.2018","48,058.21","48,028.86","48,252.92","47,884.64","153.36M","0.02%"
"24.04.2018","48,046.80","48,458.52","48,597.31","47,915.94","142.92M","-0.82%"
"23.04.2018","48,442.22","48,366.08","48,995.80","48,350.40","159.53M","0.02%"
"20.04.2018","48,431.58","48,815.33","48,958.39","48,209.54","149.94M","-0.64%"
"19.04.2018","48,745.28","48,881.68","49,193.05","48,574.25","192.59M","-0.70%"
"18.04.2018","49,090.74","49,032.92","49,187.56","48,964.33","191.38M","0.32%"
"17.04.2018","48,933.61","48,420.51","48,965.94","48,340.04","197.10M","1.03%"
"16.04.2018","48,434.39","48,750.49","48,840.35","48,378.35","139.58M","-0.68%"
"13.04.2018","48,768.30","48,817.17","48,828.90","48,560.26","139.70M","-0.03%"
"12.04.2018","48,782.56","48,550.01","48,828.05","48,335.53","158.41M","0.52%"
"11.04.2018","48,532.14","48,253.84","48,571.41","48,186.52","163.57M","0.42%"
"10.04.2018","48,331.51","48,099.88","48,490.79","48,099.33","203.14M","0.57%"
"09.04.2018","48,058.96","48,008.90","48,307.36","48,000.92","169.01M","0.28%"
"06.04.2018","47,926.11","47,863.60","48,091.20","47,655.43","145.90M","-0.05%"
"05.04.2018","47,951.75","47,438.26","48,172.94","47,418.45","176.98M","1.04%"
"04.04.2018","47,457.46","46,541.10","47,521.73","46,320.05","211.06M","1.66%"
"03.04.2018","46,684.06","45,940.64","46,753.39","45,868.04","184.66M","1.87%"
"02.04.2018","45,826.64","46,124.85","46,589.63","45,785.41","127.46M","-0.65%"
"28.03.2018","46,124.85","46,860.84","46,876.61","46,041.39","229.25M","-1.43%"
"27.03.2018","46,793.58","46,876.47","47,045.19","46,727.22","141.07M","-0.14%"
"26.03.2018","46,858.46","46,621.05","46,938.93","45,895.10","152.46M","0.74%"
"23.03.2018","46,515.93","47,510.59","47,638.50","46,450.68","226.18M","-1.78%"
"22.03.2018","47,361.04","47,457.93","47,566.49","47,152.46","180.01M","-0.34%"
"21.03.2018","47,521.84","47,078.86","47,606.38","46,896.78","251.16M","0.95%"
"20.03.2018","47,076.51","47,342.38","47,360.51","46,987.31","210.50M","-0.84%"
"16.03.2018","47,477.58","47,833.39","47,920.38","47,365.20","645.61M","-0.71%"
"15.03.2018","47,817.05","48,107.86","48,508.26","47,778.92","148.71M","-0.70%"
"14.03.2018","48,156.44","48,572.49","48,608.30","48,096.81","134.50M","-0.82%"
"13.03.2018","48,557.01","48,652.99","48,896.67","48,471.26","186.90M","-0.23%"
"12.03.2018","48,671.29","48,592.85","48,983.93","48,521.98","160.79M","0.24%"
"09.03.2018","48,556.45","48,242.62","48,809.32","48,208.75","162.62M","0.66%"
"08.03.2018","48,240.00","47,710.21","48,285.77","47,696.32","166.79M","1.21%"
"07.03.2018","47,662.12","47,815.70","47,831.92","47,529.77","173.03M","-0.46%"
"06.03.2018","47,884.63","47,825.47","48,233.35","47,617.75","176.24M","0.34%"
"05.03.2018","47,720.91","47,628.81","47,827.40","47,217.98","153.08M","0.36%"
"02.03.2018","47,548.10","47,513.44","47,683.49","47,034.82","140.15M","-0.11%"
"01.03.2018","47,599.42","47,470.67","47,800.56","47,157.11","186.23M","0.34%"
"28.02.2018","47,437.93","48,055.39","48,062.13","47,231.79","276.73M","-1.11%"
"27.02.2018","47,970.19","48,481.90","48,532.55","47,886.36","167.33M","-1.02%"
"26.02.2018","48,463.44","48,662.29","48,713.99","48,240.32","146.54M","-0.37%"
"23.02.2018","48,643.43","49,176.31","49,176.31","48,488.18","122.44M","-0.67%"
"22.02.2018","48,969.64","48,552.29","49,086.63","48,538.90","180.20M","0.89%"
"21.02.2018","48,535.59","48,749.05","48,930.70","48,431.97","152.63M","-0.31%"
"20.02.2018","48,685.19","48,913.12","48,955.16","48,492.19","145.27M","-0.50%"
"19.02.2018","48,928.48","48,886.97","49,198.14","48,820.53","17.14M","0.09%"
"16.02.2018","48,882.78","48,831.25","49,378.25","48,621.12","135.87M","0.15%"
"15.02.2018","48,808.39","48,547.85","48,984.22","48,378.02","196.89M","0.84%"
"14.02.2018","48,400.75","47,871.59","48,560.26","47,758.96","156.70M","0.99%"
"13.02.2018","47,926.73","47,892.47","47,995.86","47,675.48","136.95M","0.20%"
"12.02.2018","47,830.49","47,950.63","48,234.74","47,504.60","140.37M","0.07%"
"09.02.2018","47,799.09","47,998.80","48,139.85","46,985.81","187.47M","-0.13%"
"08.02.2018","47,862.10","49,054.75","49,054.75","47,726.13","260.88M","-2.28%"
"07.02.2018","48,976.45","49,247.64","49,504.98","48,853.69","191.36M","-0.67%"
"06.02.2018","49,304.94","49,023.33","49,709.92","48,681.96","249.45M","-2.16%"
"02.02.2018","50,395.83","50,388.00","50,513.31","49,900.47","141.40M","-0.39%"
"01.02.2018","50,591.15","50,425.84","50,926.96","50,420.76","178.40M","0.27%"
"31.01.2018","50,456.17","50,385.95","50,566.66","50,127.01","199.87M","0.15%"
"30.01.2018","50,382.86","50,461.54","50,556.41","49,928.62","135.25M","-0.50%"
"29.01.2018","50,636.32","51,081.47","51,121.23","50,520.28","157.83M","-0.84%"
"26.01.2018","51,065.49","50,772.37","51,107.51","50,340.13","207.90M","0.57%"
"25.01.2018","50,777.90","50,821.83","51,100.03","50,625.56","217.70M","0.06%"
"24.01.2018","50,746.93","50,178.18","50,879.61","50,145.41","209.36M","0.97%"
"23.01.2018","50,260.25","50,030.56","50,306.88","49,884.91","169.11M","0.57%"
"22.01.2018","49,974.48","49,711.51","50,034.50","49,709.20","160.70M","0.56%"
"19.01.2018","49,695.56","49,883.64","49,987.73","49,660.01","170.29M","-0.43%"
"18.01.2018","49,911.97","49,681.18","49,958.33","49,620.16","132.01M","0.36%"
"17.01.2018","49,732.30","49,499.23","49,804.96","49,450.85","169.44M","0.49%"
"16.01.2018","49,491.72","49,292.38","49,612.22","49,290.12","160.83M","0.21%"
"15.01.2018","49,387.28","49,183.59","49,455.31","49,121.85","27.70M","0.51%"
"12.01.2018","49,135.91","48,764.91","49,429.03","48,521.61","175.40M","0.69%"
"11.01.2018","48,799.39","48,840.16","49,026.05","48,408.75","203.71M","0.03%"
"10.01.2018","48,785.25","49,666.23","49,741.02","48,722.27","178.89M","-1.84%"
"09.01.2018","49,701.37","50,002.03","50,162.75","49,543.21","209.33M","-0.59%"
"08.01.2018","49,995.57","49,916.57","50,233.62","49,891.07","150.48M","0.22%"
"05.01.2018","49,887.74","49,929.52","50,079.03","49,712.54","156.15M","0.29%"
"04.01.2018","49,744.62","49,800.36","50,128.47","49,704.25","182.74M","-0.08%"
"03.01.2018","49,782.23","50,093.31","50,093.31","49,735.91","145.27M","-0.50%"
"02.01.2018","50,033.95","49,376.26","50,083.02","49,328.60","106.59M","1.38%"