"Fecha","Cierre","Apertura","Máximo","Mínimo","Vol.","% var."
"05.03.2026","81.115","84.225","85.730","80.662","45.70K","-2.49%"
"04.03.2026","83.184","82.400","87.070","81.740","45.68K","-0.35%"
"03.03.2026","83.473","89.690","91.605","78.060","100.36K","-6.05%"
"02.03.2026","88.853","96.000","97.300","86.725","81.85K","-4.76%"
"27.02.2026","93.291","89.075","94.760","88.305","55.74K","6.52%"
"26.02.2026","87.584","89.560","90.990","85.545","58.39K","-4.08%"
"25.02.2026","91.307","87.300","91.640","86.860","2.67K","3.99%"
"24.02.2026","87.807","88.610","89.030","85.540","1.49K","1.06%"
"23.02.2026","86.889","84.900","89.050","84.900","1.28K","5.52%"
"20.02.2026","82.343","78.475","84.645","77.285","57.45K","6.07%"
"19.02.2026","77.634","77.145","79.405","76.300","39.92K","0.05%"
"18.02.2026","77.598","73.580","78.320","72.250","46.41K","5.52%"
"17.02.2026","73.540","77.550","78.420","71.815","72.73K","-3.58%"
"16.02.2026","76.270","76.265","77.438","74.685","15.77K","-0.02%"
"15.02.2026","76.287","77.527","78.420","74.650","","-2.15%"
"13.02.2026","77.964","75.175","79.265","73.745","56.88K","3.02%"
"12.02.2026","75.682","84.125","84.875","74.370","91.03K","-9.82%"
"11.02.2026","83.920","80.500","86.120","80.415","64.91K","4.40%"
"10.02.2026","80.384","83.215","83.745","79.615","56.17K","-2.25%"
"09.02.2026","82.234","78.100","83.760","78.100","71.60K","6.94%"
"06.02.2026","76.895","70.360","77.920","63.900","111.21K","0.24%"
"05.02.2026","76.714","87.645","89.830","70.175","165.09K","-9.10%"
"04.02.2026","84.396","84.915","92.015","83.000","113.34K","1.31%"
"03.02.2026","83.301","79.220","89.100","79.010","127.59K","8.17%"
"02.02.2026","77.009","84.300","88.000","71.200","167.86K","-1.94%"
"30.01.2026","78.531","115.885","118.450","74.000","317.24K","-31.37%"
"29.01.2026","114.429","116.625","121.785","106.610","193.65K","1.12%"
"28.01.2026","113.162","112.095","117.030","110.495","1.44K","7.17%"
"27.01.2026","105.592","104.760","112.750","102.595","1.72K","-8.30%"
"26.01.2026","115.148","104.970","117.265","101.510","1.95K","13.63%"
"23.01.2026","101.333","96.320","103.530","96.220","139.09K","5.15%"
"22.01.2026","96.372","92.790","96.735","90.680","108.42K","4.03%"
"21.01.2026","92.637","94.550","95.530","90.150","128.65K","-2.11%"
"20.01.2026","94.636","90.605","95.780","90.500","199.93K","0.87%"
"19.01.2026","93.820","93.635","94.740","92.283","79.94K","-7.41%"
"18.01.2026","101.333","90.605","103.530","90.150","436.99K","14.45%"
"11.01.2026","88.537","80.505","93.700","79.900","897.43K","11.72%"
"06.01.2026","79.250","81.285","82.585","78.100","57.33K","-2.21%"
"05.01.2026","81.039","76.530","81.485","75.700","136.39K","5.72%"
"04.01.2026","76.657","73.080","77.835","72.505","131.25K","7.94%"
"01.01.2026","71.015","71.500","74.210","70.515","99.77K","0.58%"
"30.12.2025","70.603","76.065","76.275","69.255","148.60K","-9.39%"
"29.12.2025","77.919","71.685","78.065","70.670","168.12K","10.59%"
"28.12.2025","70.460","80.000","82.670","70.215","248.84K","-8.73%"
"25.12.2025","77.196","72.725","79.700","72.720","171.24K","7.69%"
"23.12.2025","71.685","71.680","72.750","70.160","94.82K","0.77%"
"22.12.2025","71.137","69.080","71.795","68.725","128.80K","3.75%"
"21.12.2025","68.565","67.550","69.525","67.470","98.56K","1.59%"
"18.12.2025","67.489","65.415","67.680","64.465","96.49K","3.48%"
"17.12.2025","65.219","66.510","66.825","64.675","111.67K","-2.51%"
"16.12.2025","66.901","63.795","67.180","63.725","147.11K","5.65%"
"15.12.2025","63.323","64.110","64.205","62.115","95.99K","2.12%"
"11.12.2025","62.007","63.985","65.085","61.015","189.23K","-4.00%"
"10.12.2025","64.592","62.235","64.720","61.780","134.40K","5.84%"
"09.12.2025","61.029","61.110","62.390","60.550","119.07K","0.31%"
"08.12.2025","60.840","58.515","61.295","57.990","118.78K","4.17%"
"07.12.2025","58.405","58.765","59.070","57.770","61.21K","-1.10%"
"04.12.2025","59.053","57.560","59.900","57.320","104.52K","2.72%"
"03.12.2025","57.491","58.980","59.235","56.850","99.36K","-1.93%"
"02.12.2025","58.620","59.160","59.655","58.210","103.40K","-0.14%"
"01.12.2025","58.703","58.450","59.320","57.225","108.76K","-0.74%"
"30.11.2025","59.142","57.000","59.435","56.850","141.45K","3.46%"
"26.11.2025","57.163","53.755","57.245","53.220","97.73K","6.63%"
"25.11.2025","53.607","51.750","53.790","51.545","86.09K","5.18%"
"24.11.2025","50.965","51.160","51.510","50.320","49.59K","1.27%"
"23.11.2025","50.326","49.855","51.215","49.370","57.17K","0.83%"
"20.11.2025","49.913","50.395","50.555","48.050","106.79K","-0.77%"
"19.11.2025","50.301","51.060","51.570","49.925","96.74K","-1.09%"
"18.11.2025","50.854","50.550","52.245","50.145","99.44K","0.66%"
"17.11.2025","50.521","50.060","51.035","49.115","76.56K","-0.37%"
"16.11.2025","50.711","50.405","51.110","49.345","73.31K","0.05%"
"13.11.2025","50.686","52.200","53.375","49.860","130.25K","-4.67%"
"12.11.2025","53.170","53.275","54.415","51.985","126.58K","-0.54%"
"11.11.2025","53.457","51.075","53.625","50.760","105.12K","5.35%"
"10.11.2025","50.744","50.445","51.130","50.150","72.74K","0.86%"
"09.11.2025","50.311","48.295","50.480","48.235","81.07K","4.50%"
"06.11.2025","48.143","47.860","48.730","47.780","64.22K","0.40%"
"05.11.2025","47.950","47.850","48.615","47.410","52.20K","-0.15%"
"04.11.2025","48.022","46.900","48.115","46.520","48.01K","1.55%"
"03.11.2025","47.291","47.885","47.965","46.650","61.29K","-1.80%"
"30.10.2025","48.160","48.730","48.995","47.975","58.10K","-0.94%"
"29.10.2025","48.616","47.290","48.835","47.095","63.30K","1.47%"
"28.10.2025","47.913","47.135","48.510","46.920","75.85K","1.24%"
"27.10.2025","47.324","46.850","47.375","45.510","78.34K","-2.60%"
"23.10.2025","48.586","48.660","48.765","47.385","72.55K","-0.24%"
"22.10.2025","48.704","48.145","49.225","47.640","67.56K","2.15%"
"21.10.2025","47.681","48.130","48.650","46.820","113.83K","-0.05%"
"20.10.2025","47.704","51.370","51.615","47.120","158.67K","-4.79%"
"16.10.2025","50.104","53.425","53.765","49.660","182.73K","-5.99%"
"15.10.2025","53.296","52.590","53.615","51.195","145.09K","3.73%"
"14.10.2025","51.378","50.370","52.635","50.310","123.35K","1.49%"
"13.10.2025","50.622","50.755","52.495","48.750","181.88K","7.14%"
"09.10.2025","47.247","47.650","48.620","46.700","143.90K","0.19%"
"08.10.2025","47.157","48.450","49.965","46.890","190.55K","-3.75%"
"07.10.2025","48.994","47.665","49.195","47.530","99.32K","3.11%"
"06.10.2025","47.515","48.405","48.550","47.015","103.50K","0.76%"
"05.10.2025","47.157","48.060","49.965","46.700","537.27K","1.70%"
"02.10.2025","46.369","47.410","48.325","46.550","94.93K","-2.75%"
"01.10.2025","47.679","46.835","48.010","45.710","116.81K","2.23%"
"30.09.2025","46.640","47.135","47.975","46.815","96.86K","-0.80%"
"29.09.2025","47.016","46.420","47.390","45.960","101.72K","4.64%"
"25.09.2025","44.933","43.940","46.945","44.890","103.42K","2.07%"
"24.09.2025","44.020","44.150","45.500","44.060","100.81K","-0.94%"
"23.09.2025","44.437","44.115","44.625","43.885","61.23K","0.89%"
"22.09.2025","44.044","43.215","44.770","43.970","76.63K","4.57%"
"18.09.2025","42.118","42.000","43.405","41.930","75.30K","-0.08%"
"17.09.2025","42.152","42.875","42.250","41.495","58.34K","-1.78%"
"16.09.2025","42.917","43.200","42.940","41.480","90.89K","-0.10%"
"15.09.2025","42.962","42.725","43.435","42.615","64.81K","1.93%"
"11.09.2025","42.149","41.635","43.040","41.895","72.26K","1.32%"
"10.09.2025","41.600","41.340","42.330","41.330","60.28K","0.63%"
"09.09.2025","41.341","41.935","41.785","41.145","41.20K","-1.34%"
"08.09.2025","41.902","41.465","42.070","41.205","67.61K","1.17%"
"04.09.2025","41.417","41.810","42.100","41.160","69.58K","-1.53%"
"03.09.2025","42.060","41.725","41.830","41.065","67.31K","1.13%"
"02.09.2025","41.592","40.790","42.290","41.465","64.66K","2.29%"
"31.08.2025","40.662","40.757","41.995","40.555","126.51K","2.42%"
"28.08.2025","39.703","39.160","40.860","39.340","70.04K","1.66%"
"27.08.2025","39.056","39.035","39.860","39.155","56.61K","0.26%"
"26.08.2025","38.955","39.045","38.755","38.170","38.38K","-0.25%"
"25.08.2025","39.051","39.215","38.860","38.330","59.35K","2.55%"
"21.08.2025","38.079","37.890","39.090","37.675","72.11K","0.81%"
"20.08.2025","37.773","37.335","38.190","37.520","46.54K","1.18%"
"19.08.2025","37.332","38.075","37.915","36.960","53.94K","-1.83%"
"18.08.2025","38.029","38.040","38.200","37.240","50.87K","-0.11%"
"14.08.2025","38.069","38.580","38.120","37.725","34.91K","-1.38%"
"13.08.2025","38.602","37.935","38.780","37.860","54.76K","1.58%"
"12.08.2025","38.002","37.630","38.710","37.875","55.85K","0.57%"
"11.08.2025","37.787","38.540","38.090","37.515","67.39K","-1.32%"
"07.08.2025","38.294","37.935","38.875","38.180","79.67K","1.03%"
"06.08.2025","37.902","37.825","38.760","37.935","90.13K","0.21%"
"05.08.2025","37.823","37.445","38.020","37.620","41.79K","1.33%"
"04.08.2025","37.328","37.090","37.940","37.325","51.39K","1.68%"
"31.07.2025","36.712","37.160","37.240","36.400","66.42K","-2.72%"
"30.07.2025","37.739","38.400","37.285","36.280","68.24K","-0.95%"
"29.07.2025","38.101","38.145","38.420","36.805","72.76K","0.15%"
"28.07.2025","38.043","38.135","38.490","38.035","42.86K","-3.01%"
"24.07.2025","39.224","39.530","39.520","38.100","68.80K","-0.71%"
"23.07.2025","39.503","39.645","39.660","38.930","50.60K","-0.13%"
"22.07.2025","39.555","39.250","39.910","39.335","64.35K","0.56%"
"21.07.2025","39.334","38.420","39.720","39.025","58.28K","2.69%"
"17.07.2025","38.303","38.145","38.825","38.375","42.30K","0.48%"
"16.07.2025","38.119","37.985","38.460","37.685","44.73K","0.02%"
"15.07.2025","38.110","38.400","38.380","37.750","56.45K","-1.63%"
"14.07.2025","38.742","39.130","38.740","37.895","56.77K","3.85%"
"10.07.2025","37.305","36.600","39.225","37.510","101.61K","1.84%"
"09.07.2025","36.630","36.935","37.690","36.575","83.25K","-0.32%"
"08.07.2025","36.749","36.955","36.950","36.490","46.79K","-0.42%"
"07.07.2025","36.904","37.150","37.095","36.445","55.06K","-0.49%"
"03.07.2025","37.084","36.790","37.435","36.325","68.85K","0.97%"
"02.07.2025","36.727","36.245","37.315","36.570","55.65K","0.91%"
"01.07.2025","36.397","36.325","36.815","36.055","41.29K","0.62%"
"30.06.2025","36.172","36.150","36.875","36.055","54.05K","-1.59%"
"26.06.2025","36.757","36.395","36.975","35.950","67.93K","1.86%"
"25.06.2025","36.085","36.085","36.770","36.140","43.12K","1.08%"
"24.06.2025","35.701","35.830","36.275","35.630","48.36K","-1.25%"
"23.06.2025","36.153","36.160","36.165","35.195","76.74K","-2.06%"
"18.06.2025","36.913","37.205","36.820","35.515","95.42K","-0.64%"
"17.06.2025","37.151","36.370","37.405","36.540","60.67K","1.93%"
"16.06.2025","36.448","36.450","37.330","36.170","80.27K","0.42%"
"12.06.2025","36.295","36.360","36.770","36.040","58.85K","0.09%"
"11.06.2025","36.261","36.675","36.585","35.580","75.67K","-1.04%"
"10.06.2025","36.642","36.895","36.790","36.150","77.36K","-0.42%"
"09.06.2025","36.796","36.165","36.975","36.425","66.39K","2.77%"
"05.06.2025","35.805","34.650","36.510","35.755","85.16K","3.34%"
"04.06.2025","34.648","34.680","36.270","34.600","113.63K","0.04%"
"03.06.2025","34.633","34.920","34.825","34.355","50.00K","-0.18%"
"02.06.2025","34.694","33.130","34.935","34.165","75.48K","3.80%"
"29.05.2025","33.423","33.110","33.470","32.865","41.47K","0.79%"
"28.05.2025","33.160","33.380","33.655","32.800","50.05K","-0.45%"
"27.05.2025","33.311","33.610","33.580","33.035","41.20K","-0.85%"
"25.05.2025","33.595","33.618","33.745","32.880","60.14K","1.13%"
"22.05.2025","33.219","33.585","33.695","33.020","46.29K","-1.27%"
"21.05.2025","33.646","33.275","33.915","32.740","66.34K","1.42%"
"20.05.2025","33.174","32.500","33.780","33.125","59.59K","2.05%"
"19.05.2025","32.507","32.550","33.305","32.235","50.29K","-0.53%"
"15.05.2025","32.680","32.395","32.865","31.980","40.94K","0.73%"
"14.05.2025","32.444","33.085","32.820","31.780","45.07K","-1.98%"
"13.05.2025","33.100","32.800","33.150","32.255","47.79K","1.46%"
"12.05.2025","32.624","32.600","33.435","32.680","48.17K","0.02%"
"08.05.2025","32.617","32.575","33.040","32.360","32.46K","-0.53%"
"07.05.2025","32.791","33.470","33.095","32.370","48.49K","-1.77%"
"06.05.2025","33.381","32.695","33.480","32.415","49.63K","2.79%"
"05.05.2025","32.474","32.250","33.470","32.625","54.72K","0.02%"
"01.05.2025","32.469","32.810","32.975","32.120","40.59K","-1.09%"
"30.04.2025","32.828","33.195","32.865","31.860","43.16K","-2.23%"
"29.04.2025","33.577","33.400","33.345","32.385","53.71K","1.24%"
"28.04.2025","33.165","33.205","33.835","33.100","52.76K","-1.01%"
"24.04.2025","33.503","33.565","33.690","32.715","53.15K","-0.13%"
"23.04.2025","33.547","32.450","33.670","33.135","53.16K","1.95%"
"22.04.2025","32.905","32.640","33.675","32.050","87.82K","1.18%"
"21.04.2025","32.521","32.440","33.170","32.255","91.54K","-1.39%"
"16.04.2025","32.980","32.305","32.925","32.110","50.11K","2.11%"
"15.04.2025","32.297","32.280","33.175","32.255","63.04K","0.40%"
"14.04.2025","32.167","32.195","32.425","32.070","38.57K","4.58%"
"10.04.2025","30.759","30.990","32.210","30.865","92.34K","1.13%"
"09.04.2025","30.415","29.780","31.245","30.510","80.27K","2.46%"
"08.04.2025","29.686","30.090","31.065","29.255","96.91K","0.28%"
"07.04.2025","29.604","29.230","30.520","29.560","76.83K","-7.40%"
"03.04.2025","31.970","34.950","32.045","29.115","126.20K","-7.73%"
"02.04.2025","34.650","34.375","34.950","31.730","155.00K","0.99%"
"01.04.2025","34.309","34.770","35.155","34.290","63.07K","-0.87%"
"31.03.2025","34.611","34.825","34.960","34.160","54.48K","-0.84%"
"27.03.2025","34.905","34.050","35.495","34.645","68.62K","2.50%"
"26.03.2025","34.054","34.075","35.405","34.125","79.60K","0.09%"
"25.03.2025","34.023","33.300","34.500","34.065","44.01K","1.71%"
"24.03.2025","33.450","33.540","34.365","33.430","46.64K","-1.59%"
"20.03.2025","33.991","34.425","34.135","33.165","53.51K","-0.63%"
"19.03.2025","34.205","34.640","34.595","33.615","50.53K","-1.76%"
"18.03.2025","34.818","34.380","34.790","34.110","50.63K","1.49%"
"17.03.2025","34.308","34.410","35.000","34.325","57.45K","0.01%"
"13.03.2025","34.306","33.725","34.860","34.140","60.18K","1.67%"
"12.03.2025","33.743","33.375","34.680","33.435","74.49K","1.80%"
"11.03.2025","33.147","32.460","33.815","33.180","57.66K","1.90%"
"10.03.2025","32.530","32.945","33.445","32.215","57.93K","-2.42%"
"06.03.2025","33.338","33.235","33.310","32.560","59.37K","0.62%"
"05.03.2025","33.134","32.560","33.380","32.860","51.41K","2.33%"
"04.03.2025","32.381","32.265","33.310","32.395","65.24K","0.22%"
"03.03.2025","32.310","31.715","32.660","32.030","50.89K","0.62%"
"27.02.2025","32.110","32.535","31.930","31.365","54.60K","-0.95%"
"26.02.2025","32.419","32.270","32.595","31.765","63.24K","1.39%"
"25.02.2025","31.976","32.890","32.300","31.790","36.52K","-2.40%"
"24.02.2025","32.763","33.045","32.790","31.600","72.76K","-2.16%"
"20.02.2025","33.486","33.150","33.540","32.810","63.37K","1.34%"
"19.02.2025","33.043","33.420","33.785","33.085","56.84K","-0.99%"
"18.02.2025","33.373","32.680","33.640","32.885","53.73K","1.98%"
"13.02.2025","32.726","32.710","34.240","32.585","107.87K","-0.18%"
"12.02.2025","32.785","32.255","33.045","32.455","56.02K","1.43%"
"11.02.2025","32.322","32.495","32.870","31.875","65.37K","-0.52%"
"10.02.2025","32.491","32.180","32.660","31.650","67.81K","-0.41%"
"06.02.2025","32.626","32.755","33.165","32.175","79.69K","-1.06%"
"05.02.2025","32.976","32.870","32.915","32.150","53.86K","-0.14%"
"04.02.2025","33.022","32.540","33.215","32.630","67.88K","1.52%"
"03.02.2025","32.526","32.460","33.195","32.225","61.87K","0.10%"
"30.01.2025","32.493","31.580","32.920","32.115","65.34K","3.93%"
"29.01.2025","31.264","30.780","32.815","31.560","68.27K","1.66%"
"28.01.2025","30.755","30.440","31.765","30.755","60.92K","1.56%"
"27.01.2025","30.283","30.615","30.960","30.235","38.93K","-1.40%"
"23.01.2025","30.712","31.180","31.685","30.825","49.24K","-2.25%"
"22.01.2025","31.420","31.555","31.395","30.465","66.71K","-0.24%"
"21.01.2025","31.496","31.085","31.710","31.115","41.70K","-0.72%"
"16.01.2025","31.725","31.600","31.640","30.910","49.19K","0.62%"
"15.01.2025","31.531","30.545","31.985","31.535","48.24K","3.89%"
"14.01.2025","30.351","30.305","31.650","30.370","51.15K","0.14%"
"13.01.2025","30.309","31.305","30.580","30.115","41.98K","-2.28%"
"09.01.2025","31.015","30.730","31.840","30.700","65.41K","1.06%"
"08.01.2025","30.690","30.655","31.270","30.650","39.72K","0.01%"
"07.01.2025","30.686","30.485","31.045","30.455","44.22K","0.34%"
"06.01.2025","30.583","30.095","31.025","30.410","48.06K","2.28%"
"02.01.2025","29.900","29.310","30.380","29.935","32.80K","1.66%"
"30.12.2024","29.412","29.980","29.480","29.200","27.41K","-2.72%"
"26.12.2024","30.234","30.190","30.465","29.890","29.44K","0.58%"
"23.12.2024","30.060","30.040","30.370","30.110","16.98K","2.66%"
"19.12.2024","29.282","29.665","30.235","29.195","58.03K","-4.34%"
"18.12.2024","30.610","30.730","30.140","29.145","67.60K","-0.60%"
"17.12.2024","30.796","30.910","31.045","29.755","49.41K","-0.42%"
"16.12.2024","30.927","30.880","31.110","30.615","39.63K","-1.76%"
"12.12.2024","31.482","32.880","31.630","30.755","61.92K","-4.09%"
"11.12.2024","32.823","32.540","33.330","31.495","93.75K","0.65%"
"10.12.2024","32.612","32.460","33.140","32.410","78.14K","0.40%"
"09.12.2024","32.481","31.460","32.795","32.305","61.73K","3.42%"
"05.12.2024","31.406","31.815","31.935","31.320","61.55K","-1.20%"
"04.12.2024","31.786","31.360","31.950","31.505","50.78K","1.35%"
"03.12.2024","31.363","30.925","32.070","31.065","75.75K","2.02%"
"02.12.2024","30.742","30.785","31.570","30.920","54.34K","0.94%"
"27.11.2024","30.455","30.930","31.375","30.095","72.02K","-0.37%"
"26.11.2024","30.567","30.510","31.185","30.435","58.51K","0.56%"
"25.11.2024","30.396","31.700","30.740","30.025","55.22K","-2.26%"
"21.11.2024","31.099","31.110","31.470","30.805","62.70K","-0.19%"
"20.11.2024","31.159","31.465","31.380","30.715","62.74K","-0.82%"
"19.11.2024","31.417","31.415","31.420","30.860","56.01K","0.12%"
"18.11.2024","31.379","30.530","31.615","31.125","60.77K","2.13%"
"14.11.2024","30.724","30.540","30.900","30.260","56.03K","-0.30%"
"13.11.2024","30.817","31.160","30.740","29.750","77.00K","-0.32%"
"12.11.2024","30.915","30.935","31.255","30.385","71.74K","0.48%"
"11.11.2024","30.768","31.575","30.930","30.280","73.67K","-3.89%"
"07.11.2024","32.013","31.440","32.170","31.300","73.37K","1.68%"
"06.11.2024","31.485","32.935","32.265","30.960","79.34K","-4.40%"
"05.11.2024","32.934","32.735","32.850","30.940","123.53K","0.52%"
"04.11.2024","32.765","32.720","33.055","32.355","50.45K","-0.57%"
"31.10.2024","32.953","34.010","33.250","32.460","68.25K","-3.74%"
"30.10.2024","34.234","34.740","34.040","32.640","95.03K","-0.60%"
"29.10.2024","34.441","33.845","34.690","33.565","73.11K","1.29%"
"28.10.2024","34.001","33.830","34.725","33.765","75.73K","0.61%"
"24.10.2024","33.795","33.875","34.195","33.260","69.50K","-0.13%"
"23.10.2024","33.839","35.055","34.480","33.420","79.66K","-3.43%"
"22.10.2024","35.041","34.010","35.070","33.610","100.74K","2.83%"
"21.10.2024","34.078","33.900","35.070","33.970","86.07K","7.25%"
"17.10.2024","31.774","31.905","33.970","31.855","104.14K","-0.63%"
"16.10.2024","31.974","31.685","32.220","31.485","62.55K","0.69%"
"15.10.2024","31.756","31.400","32.385","31.600","50.22K","1.41%"
"14.10.2024","31.316","31.730","31.890","30.950","53.23K","0.24%"
"10.10.2024","31.240","30.710","31.845","31.260","44.08K","1.86%"
"09.10.2024","30.670","30.860","31.400","30.570","55.40K","0.23%"
"08.10.2024","30.600","31.945","31.005","30.435","52.15K","-4.39%"
"07.10.2024","32.004","32.450","32.020","30.345","96.75K","-1.42%"
"03.10.2024","32.464","32.100","33.225","31.755","86.41K","1.70%"
"02.10.2024","31.920","31.705","32.485","31.650","56.40K","0.56%"
"01.10.2024","31.742","31.420","32.590","31.260","71.06K","0.90%"
"30.09.2024","31.458","31.945","32.145","31.380","61.99K","-2.29%"
"26.09.2024","32.195","32.040","32.590","31.635","75.15K","1.02%"
"25.09.2024","31.870","32.330","33.020","32.035","94.20K","-1.27%"
"24.09.2024","32.280","30.900","32.610","31.870","85.61K","4.33%"
"23.09.2024","30.940","30.915","32.600","30.960","115.08K","-1.09%"
"19.09.2024","31.281","30.355","31.755","31.040","76.17K","2.42%"
"18.09.2024","30.542","30.670","31.625","30.220","77.05K","-0.95%"
"17.09.2024","30.834","30.955","31.585","30.035","85.43K","-0.50%"
"16.09.2024","30.990","31.100","31.350","30.860","48.35K","3.41%"
"12.09.2024","29.967","29.040","31.280","30.190","84.16K","4.08%"
"11.09.2024","28.793","28.880","30.250","28.850","80.35K","1.08%"
"10.09.2024","28.484","28.500","29.215","28.390","69.78K","-0.13%"
"09.09.2024","28.521","27.960","28.890","28.360","47.04K","-1.52%"
"05.09.2024","28.960","28.470","29.470","28.010","89.00K","1.90%"
"04.09.2024","28.421","28.050","29.550","28.535","64.09K","0.76%"
"03.09.2024","28.208","28.650","28.715","28.110","46.98K","-3.56%"
"01.09.2024","29.250","29.188","29.350","28.055","91.64K","-1.93%"
"29.08.2024","29.827","29.560","30.000","29.080","60.31K","1.66%"
"28.08.2024","29.340","30.140","30.085","29.540","70.38K","-2.61%"
"27.08.2024","30.125","30.055","30.100","29.080","42.40K","-0.10%"
"26.08.2024","30.155","30.030","30.110","29.700","50.31K","3.32%"
"22.08.2024","29.185","29.730","29.915","28.945","72.56K","-1.65%"
"21.08.2024","29.676","29.525","29.700","28.795","76.46K","0.06%"
"20.08.2024","29.659","29.610","29.770","29.230","51.59K","0.74%"
"19.08.2024","29.440","29.220","30.035","29.255","75.64K","3.12%"
"15.08.2024","28.548","27.810","29.095","28.085","62.56K","3.93%"
"14.08.2024","27.469","28.055","28.580","27.525","87.14K","-1.60%"
"13.08.2024","27.916","28.000","28.175","27.230","65.28K","-0.77%"
"12.08.2024","28.134","27.630","28.135","27.510","57.95K","1.45%"
"08.08.2024","27.733","27.025","27.840","27.325","61.40K","2.45%"
"07.08.2024","27.069","27.150","27.690","26.505","71.71K","-0.99%"
"06.08.2024","27.341","27.550","27.365","26.665","65.06K","0.01%"
"05.08.2024","27.338","28.720","27.670","26.700","64.12K","-4.44%"
"01.08.2024","28.607","29.070","29.355","28.060","100.39K","-1.60%"
"31.07.2024","29.073","28.965","29.290","28.335","78.38K","1.35%"
"30.07.2024","28.685","28.435","29.185","28.390","62.49K","2.94%"
"29.07.2024","27.866","28.060","28.560","27.765","54.37K","-0.39%"
"25.07.2024","27.975","29.075","28.220","27.750","61.46K","-4.57%"
"24.07.2024","29.316","29.420","29.080","27.555","117.21K","-0.05%"
"23.07.2024","29.331","29.315","29.630","29.065","54.91K","0.03%"
"22.07.2024","29.321","29.425","29.480","28.825","54.42K","-2.99%"
"18.07.2024","30.224","30.505","30.030","29.060","78.42K","-0.50%"
"17.07.2024","30.377","31.495","30.800","29.940","71.73K","-3.44%"
"16.07.2024","31.458","30.930","31.655","30.255","97.92K","1.69%"
"15.07.2024","30.936","31.100","31.635","30.720","69.79K","-2.32%"
"11.07.2024","31.671","31.070","31.725","30.620","72.45K","2.12%"
"10.07.2024","31.014","31.085","32.015","31.070","79.92K","-0.14%"
"09.07.2024","31.056","31.020","31.445","30.915","50.63K","0.46%"
"08.07.2024","30.913","31.475","31.435","30.785","54.92K","0.23%"
"03.07.2024","30.842","29.815","31.790","30.450","100.15K","3.99%"
"02.07.2024","29.658","29.765","30.975","29.770","75.32K","0.15%"
"01.07.2024","29.613","29.445","30.125","29.490","52.27K","1.22%"
"27.06.2024","29.256","29.080","29.955","29.070","51.91K","0.57%"
"26.06.2024","29.091","29.145","29.575","28.990","63.25K","0.22%"
"25.06.2024","29.028","29.735","29.095","28.580","52.02K","-2.21%"
"24.06.2024","29.685","29.750","29.690","28.855","81.09K","-4.18%"
"20.06.2024","30.981","29.740","30.905","29.505","104.47K","4.25%"
"18.06.2024","29.717","29.720","30.845","29.410","130.79K","0.58%"
"17.06.2024","29.545","29.710","29.760","28.985","71.78K","1.13%"
"13.06.2024","29.216","29.860","29.650","28.905","76.88K","-3.96%"
"12.06.2024","30.422","29.630","29.830","28.730","116.61K","3.53%"
"11.06.2024","29.386","29.515","30.355","29.280","109.79K","-2.14%"
"10.06.2024","30.030","29.455","29.985","29.135","85.65K","-4.76%"
"06.06.2024","31.532","30.615","31.670","29.220","139.79K","4.31%"
"05.06.2024","30.229","29.960","31.470","30.065","95.06K","1.54%"
"04.06.2024","29.772","31.070","30.185","29.525","69.64K","-3.78%"
"03.06.2024","30.942","30.765","31.040","29.505","110.38K","-2.33%"
"30.05.2024","31.680","32.500","31.945","30.345","112.55K","-2.14%"
"29.05.2024","32.373","32.310","32.280","31.180","98.38K","0.73%"
"28.05.2024","32.137","30.565","32.515","31.780","87.06K","4.63%"
"26.05.2024","30.715","30.545","32.450","30.555","142.58K","0.85%"
"23.05.2024","30.455","31.015","30.835","30.235","55.07K","-3.31%"
"22.05.2024","31.496","32.225","31.185","30.265","107.27K","-1.81%"
"21.05.2024","32.078","32.055","32.440","30.965","93.21K","-1.07%"
"20.05.2024","32.426","31.850","32.720","31.280","112.62K","8.54%"
"16.05.2024","29.876","29.900","31.850","29.700","132.93K","0.49%"
"15.05.2024","29.729","28.855","30.105","29.555","91.44K","3.58%"
"14.05.2024","28.702","28.420","29.990","28.675","117.42K","0.91%"
"13.05.2024","28.443","28.420","28.985","28.310","70.50K","0.27%"
"09.05.2024","28.365","27.560","29.000","28.270","77.59K","2.77%"
"08.05.2024","27.601","27.475","28.580","27.515","79.43K","0.21%"
"07.05.2024","27.544","27.715","27.725","27.240","51.14K","-0.25%"
"06.05.2024","27.614","26.810","27.770","27.390","47.44K","2.93%"
"02.05.2024","26.829","26.905","27.140","26.345","65.99K","0.30%"
"01.05.2024","26.748","26.550","27.065","26.255","63.28K","0.35%"
"30.04.2024","26.654","27.455","27.250","26.520","64.62K","-3.64%"
"29.04.2024","27.660","27.500","27.455","26.515","87.80K","0.57%"
"25.04.2024","27.502","27.385","27.745","27.090","68.25K","0.02%"
"24.04.2024","27.496","27.450","27.610","27.000","83.80K","-0.05%"
"23.04.2024","27.511","27.420","27.525","27.060","70.17K","0.42%"
"22.04.2024","27.397","28.780","27.420","26.715","107.52K","-3.98%"
"18.04.2024","28.532","28.455","29.010","28.120","89.50K","-0.07%"
"17.04.2024","28.553","28.405","28.735","28.210","72.23K","0.09%"
"16.04.2024","28.526","29.140","28.895","28.145","102.41K","-1.18%"
"15.04.2024","28.866","28.380","29.100","28.030","107.02K","1.64%"
"11.04.2024","28.401","28.115","29.905","27.945","191.81K","0.70%"
"10.04.2024","28.204","28.460","28.600","27.840","89.11K","0.25%"
"09.04.2024","28.134","28.180","28.655","27.640","157.99K","0.64%"
"08.04.2024","27.956","27.435","28.440","27.725","125.25K","2.09%"
"04.04.2024","27.385","27.455","27.615","26.400","122.33K","0.70%"
"03.04.2024","27.195","26.460","27.455","26.785","104.38K","4.37%"
"02.04.2024","26.057","25.400","27.325","26.235","139.59K","3.39%"
"01.04.2024","25.203","25.360","26.295","25.195","133.45K","1.30%"
"27.03.2024","24.879","24.855","25.130","24.505","74.08K","1.04%"
"26.03.2024","24.623","24.845","24.790","24.445","57.54K","-1.08%"
"25.03.2024","24.891","24.850","25.055","24.515","69.88K","-0.46%"
"21.03.2024","25.007","25.790","25.110","24.580","57.39K","-0.39%"
"20.03.2024","25.104","25.090","25.975","24.820","104.11K","-0.12%"
"19.03.2024","25.135","25.250","25.835","24.930","68.27K","-0.51%"
"18.03.2024","25.265","25.400","25.360","24.920","49.79K","0.82%"
"14.03.2024","25.060","25.225","25.660","25.000","76.16K","-0.38%"
"13.03.2024","25.156","24.335","25.370","24.950","74.03K","3.12%"
"12.03.2024","24.394","24.675","25.250","24.275","79.33K","-1.30%"
"11.03.2024","24.715","24.580","24.900","24.220","75.85K","0.56%"
"07.03.2024","24.578","24.400","24.860","24.380","85.10K","0.35%"
"06.03.2024","24.493","23.895","24.735","24.225","85.24K","2.12%"
"05.03.2024","23.984","24.125","24.535","23.785","83.30K","-0.03%"
"04.03.2024","23.991","23.370","24.455","23.845","98.92K","4.83%"
"29.02.2024","22.885","22.675","23.485","22.710","71.03K","1.10%"
"28.02.2024","22.636","22.670","23.000","22.500","56.32K","-0.07%"
"27.02.2024","22.651","22.605","22.735","22.470","44.45K","0.06%"
"26.02.2024","22.638","23.030","22.710","22.405","38.67K","-1.14%"
"22.02.2024","22.899","23.035","23.030","22.580","62.49K","-0.39%"
"21.02.2024","22.989","23.255","23.200","22.760","52.30K","-1.12%"
"20.02.2024","23.250","23.530","23.220","22.790","57.99K","-0.87%"
"18.02.2024","23.453","23.473","23.510","22.955","98.23K","1.70%"
"15.02.2024","23.061","22.720","23.560","22.840","76.89K","2.52%"
"14.02.2024","22.495","22.135","23.090","22.400","96.31K","1.03%"
"13.02.2024","22.266","22.635","22.515","21.975","80.92K","-2.68%"
"12.02.2024","22.878","22.995","23.050","22.030","93.53K","0.57%"
"08.02.2024","22.749","22.405","22.795","22.420","49.62K","1.24%"
"07.02.2024","22.471","22.490","22.705","22.195","68.12K","-0.52%"
"06.02.2024","22.588","22.570","22.535","22.275","58.21K","0.24%"
"05.02.2024","22.534","22.770","22.575","22.340","43.92K","-3.48%"
"01.02.2024","23.347","23.435","23.355","22.485","90.02K","0.28%"
"31.01.2024","23.282","23.410","23.365","22.605","85.16K","-0.26%"
"30.01.2024","23.343","23.550","23.445","22.895","66.91K","0.40%"
"29.01.2024","23.251","22.920","23.430","23.055","53.37K","1.41%"
"25.01.2024","22.927","22.800","23.100","22.810","44.28K","0.17%"
"24.01.2024","22.889","22.570","23.155","22.765","57.18K","1.90%"
"23.01.2024","22.462","22.200","23.090","22.465","77.93K","0.74%"
"22.01.2024","22.296","22.745","22.580","22.165","49.42K","-2.24%"
"18.01.2024","22.807","22.715","22.980","22.595","41.45K","0.61%"
"17.01.2024","22.669","23.095","22.900","22.520","46.15K","-1.84%"
"16.01.2024","23.093","23.350","23.110","22.660","52.25K","-0.99%"
"14.01.2024","23.323","23.350","23.500","23.015","61.42K","2.72%"
"11.01.2024","22.705","23.085","23.720","22.915","72.37K","-1.57%"
"10.01.2024","23.066","23.160","23.400","22.630","81.74K","-0.11%"
"09.01.2024","23.091","23.315","23.290","22.935","44.06K","-0.94%"
"08.01.2024","23.310","23.380","23.565","23.080","42.90K","0.53%"
"04.01.2024","23.187","23.190","23.715","22.970","62.46K","0.13%"
"03.01.2024","23.157","23.885","23.260","22.880","52.98K","-3.32%"
"02.01.2024","23.953","24.045","23.950","23.045","86.46K","-0.40%"
"01.01.2024","24.050","24.027","24.335","23.875","47.42K","-1.32%"
"28.12.2023","24.372","24.550","24.235","23.760","46.55K","-0.63%"
"27.12.2023","24.526","24.380","24.740","24.185","35.69K","0.99%"
"26.12.2023","24.285","24.380","24.730","24.220","43.84K","-0.92%"
"25.12.2023","24.510","24.475","24.700","24.340","27.81K","0.17%"
"21.12.2023","24.468","24.420","24.895","24.370","48.68K","-0.20%"
"20.12.2023","24.516","24.285","24.790","24.430","46.76K","1.28%"
"19.12.2023","24.206","24.025","24.750","24.245","46.98K","0.88%"
"18.12.2023","23.994","23.980","24.475","24.040","37.54K","-1.15%"
"14.12.2023","24.273","23.980","24.590","24.050","57.00K","6.39%"
"13.12.2023","22.815","22.850","24.525","24.060","97.58K","-0.40%"
"12.12.2023","22.906","23.020","24.125","22.785","81.89K","-0.20%"
"11.12.2023","22.953","23.225","23.450","22.975","55.16K","-4.13%"
"07.12.2023","23.942","24.125","24.225","23.245","87.08K","-0.71%"
"06.12.2023","24.112","24.475","24.350","23.905","57.75K","-1.30%"
"05.12.2023","24.430","24.780","24.715","24.210","59.37K","-1.44%"
"04.12.2023","24.786","26.050","25.020","24.320","76.73K","-2.96%"
"30.11.2023","25.541","25.375","25.940","25.480","70.00K","0.79%"
"29.11.2023","25.342","25.430","25.700","25.325","51.62K","1.10%"
"28.11.2023","25.066","24.815","25.680","25.245","67.40K","1.06%"
"27.11.2023","24.803","24.510","25.065","24.585","59.63K","4.18%"
"22.11.2023","23.808","23.960","24.395","23.610","66.33K","-0.75%"
"21.11.2023","23.989","23.695","24.005","23.580","54.28K","1.08%"
"20.11.2023","23.732","23.835","24.080","23.470","65.70K","-1.33%"
"16.11.2023","24.053","23.665","24.220","23.730","54.40K","1.67%"
"15.11.2023","23.659","23.270","24.165","23.350","83.27K","1.76%"
"14.11.2023","23.249","22.530","23.710","23.095","72.28K","3.43%"
"13.11.2023","22.477","22.500","23.255","22.150","76.30K","-2.37%"
"09.11.2023","23.023","22.610","22.800","22.230","63.95K","0.77%"
"08.11.2023","22.846","22.720","23.070","22.415","74.59K","0.60%"
"07.11.2023","22.709","23.245","22.935","22.375","66.63K","-2.77%"
"06.11.2023","23.355","23.395","23.170","22.505","79.03K","1.67%"
"02.11.2023","22.971","23.235","23.415","22.675","76.96K","0.26%"
"01.11.2023","22.912","22.970","23.240","22.755","45.12K","-0.71%"
"31.10.2023","23.075","23.555","23.130","22.645","54.80K","-1.89%"
"30.10.2023","23.519","23.325","23.465","22.840","54.68K","2.67%"
"26.10.2023","22.908","23.005","23.255","22.775","46.57K","-0.43%"
"25.10.2023","23.007","23.060","23.275","22.565","59.31K","-0.47%"
"24.10.2023","23.116","23.095","23.160","22.690","55.00K","-0.40%"
"23.10.2023","23.210","23.505","23.350","22.805","48.11K","0.78%"
"19.10.2023","23.031","23.015","23.880","23.015","82.80K","-0.29%"
"18.10.2023","23.099","22.975","23.230","22.785","58.63K","0.33%"
"17.10.2023","23.024","22.780","23.490","22.840","66.39K","1.14%"
"16.10.2023","22.765","22.910","23.180","22.535","48.47K","3.67%"
"12.10.2023","21.959","22.205","22.990","21.960","76.26K","-0.79%"
"11.10.2023","22.133","22.015","22.390","21.880","51.30K","0.82%"
"10.10.2023","21.953","22.030","22.275","21.955","45.00K","0.13%"
"09.10.2023","21.924","21.940","22.110","21.775","43.79K","4.31%"
"05.10.2023","21.019","21.180","21.780","20.940","84.53K","-0.60%"
"04.10.2023","21.146","21.375","21.455","20.855","57.84K","-1.08%"
"03.10.2023","21.377","21.310","21.570","20.850","68.61K","-0.21%"
"02.10.2023","21.421","22.410","21.595","20.870","82.34K","-5.80%"
"28.09.2023","22.741","22.800","23.805","22.325","112.99K","0.58%"
"27.09.2023","22.609","22.940","22.955","22.610","67.24K","-2.07%"
"26.09.2023","23.086","23.170","23.120","22.640","66.47K","-0.82%"
"25.09.2023","23.277","23.695","23.390","23.100","52.63K","-1.29%"
"21.09.2023","23.582","23.335","24.050","23.665","53.72K","-0.62%"
"20.09.2023","23.728","23.225","23.745","23.060","73.84K","1.61%"
"19.09.2023","23.351","23.490","23.880","23.325","57.73K","-0.21%"
"18.09.2023","23.399","23.220","23.705","23.365","40.41K","2.17%"
"14.09.2023","22.902","22.985","23.585","22.910","67.11K","-0.77%"
"13.09.2023","23.080","23.295","23.265","22.555","84.60K","-0.95%"
"12.09.2023","23.301","23.345","23.390","23.025","49.96K","0.08%"
"11.09.2023","23.282","23.280","23.480","23.110","40.98K","0.64%"
"07.09.2023","23.134","23.200","23.455","23.130","52.75K","-1.12%"
"06.09.2023","23.397","23.710","23.500","23.130","50.65K","-1.54%"
"05.09.2023","23.762","24.255","23.935","23.315","67.14K","-3.14%"
"03.09.2023","24.532","24.540","24.655","23.815","91.77K","-0.65%"
"31.08.2023","24.692","25.020","25.220","24.520","61.53K","-1.15%"
"30.08.2023","24.978","25.135","25.060","24.745","47.18K","0.31%"
"29.08.2023","24.901","24.385","25.425","24.920","67.03K","2.18%"
"28.08.2023","24.369","24.410","24.845","24.205","52.92K","0.11%"
"24.08.2023","24.343","24.415","24.440","23.970","56.33K","-0.62%"
"23.08.2023","24.495","23.600","24.420","24.115","68.76K","4.00%"
"22.08.2023","23.553","23.470","24.430","23.475","89.90K","0.47%"
"21.08.2023","23.443","22.840","23.515","23.265","53.82K","2.73%"
"17.08.2023","22.821","22.735","22.920","22.670","54.78K","0.81%"
"16.08.2023","22.637","22.795","23.070","22.390","66.43K","-0.54%"
"15.08.2023","22.759","22.885","22.855","22.445","46.54K","-0.24%"
"14.08.2023","22.813","22.725","22.770","22.265","61.48K","-0.51%"
"10.08.2023","22.929","22.835","22.910","22.610","52.69K","0.39%"
"09.08.2023","22.841","23.015","23.060","22.665","75.61K","-0.35%"
"08.08.2023","22.922","23.330","22.990","22.680","69.55K","-1.84%"
"07.08.2023","23.352","23.760","23.255","22.720","82.66K","-1.95%"
"03.08.2023","23.816","23.725","23.895","23.275","58.39K","-0.73%"
"02.08.2023","23.991","24.645","23.940","23.410","63.14K","-1.86%"
"01.08.2023","24.445","24.540","24.630","23.760","73.95K","-2.58%"
"31.07.2023","25.092","24.585","24.905","24.255","52.95K","2.98%"
"27.07.2023","24.367","25.075","24.545","24.240","38.73K","-2.41%"
"26.07.2023","24.970","24.870","25.325","24.180","83.21K","0.59%"
"25.07.2023","24.824","24.525","25.210","24.675","56.99K","0.99%"
"24.07.2023","24.581","24.790","24.910","24.450","49.47K","-1.53%"
"20.07.2023","24.962","25.345","25.110","24.765","36.91K","-1.67%"
"19.07.2023","25.387","25.275","25.475","24.895","59.02K","0.52%"
"18.07.2023","25.256","25.060","25.460","25.145","43.19K","0.95%"
"17.07.2023","25.018","25.155","25.405","24.975","60.83K","0.28%"
"13.07.2023","24.949","24.330","25.255","24.910","73.14K","2.63%"
"12.07.2023","24.310","23.325","25.110","24.310","90.28K","4.42%"
"11.07.2023","23.281","23.335","24.375","23.310","82.58K","-0.27%"
"10.07.2023","23.345","23.340","23.595","23.220","34.71K","1.99%"
"06.07.2023","22.890","23.355","23.365","22.800","48.81K","-2.19%"
"05.07.2023","23.402","23.120","23.470","22.720","61.14K","1.25%"
"03.07.2023","23.112","22.995","23.535","22.970","81.91K","1.38%"
"29.06.2023","22.798","22.940","23.050","22.540","44.56K","-0.80%"
"28.06.2023","22.981","22.965","23.110","22.485","55.88K","-0.30%"
"27.06.2023","23.049","22.890","22.995","22.600","34.71K","0.55%"
"26.06.2023","22.923","22.550","23.150","22.785","48.75K","1.58%"
"22.06.2023","22.567","22.770","22.710","22.140","53.21K","-1.50%"
"21.06.2023","22.911","23.330","22.750","22.200","57.67K","-1.81%"
"20.06.2023","23.334","24.270","23.230","22.515","78.46K","-3.57%"
"18.06.2023","24.198","24.235","24.260","23.100","110.46K","0.64%"
"15.06.2023","24.044","24.055","24.290","23.910","62.35K","-0.69%"
"14.06.2023","24.212","23.965","24.010","23.270","90.80K","1.18%"
"13.06.2023","23.929","24.330","24.175","23.715","61.20K","-0.98%"
"12.06.2023","24.165","24.290","24.520","23.665","73.64K","-1.19%"
"08.06.2023","24.455","23.630","24.620","24.280","63.77K","3.46%"
"07.06.2023","23.638","23.640","24.460","23.510","84.07K","-0.59%"
"06.06.2023","23.779","23.690","24.165","23.480","73.33K","0.15%"
"05.06.2023","23.743","23.870","23.870","23.410","44.28K","-1.46%"
"01.06.2023","24.096","23.830","24.120","23.660","62.06K","1.69%"
"31.05.2023","23.696","23.475","24.030","23.355","76.91K","1.47%"
"30.05.2023","23.353","23.620","23.735","23.160","76.73K","-0.26%"
"28.05.2023","23.413","23.430","23.510","23.030","79.06K","2.20%"
"25.05.2023","22.910","23.185","23.460","22.785","59.82K","-1.42%"
"24.05.2023","23.240","23.590","23.260","22.800","63.12K","-1.63%"
"23.05.2023","23.624","23.800","23.655","23.140","52.10K","-0.99%"
"22.05.2023","23.861","24.020","23.810","23.235","61.00K","0.96%"
"18.05.2023","23.633","23.940","24.185","23.555","56.31K","-1.10%"
"17.05.2023","23.897","23.915","23.960","23.485","46.40K","0.02%"
"16.05.2023","23.893","24.265","24.060","23.715","49.65K","-1.64%"
"15.05.2023","24.291","24.100","24.275","23.805","63.67K","-0.54%"
"11.05.2023","24.424","25.545","24.405","23.910","72.51K","-4.81%"
"10.05.2023","25.658","25.840","25.700","24.325","107.00K","-0.93%"
"09.05.2023","25.898","25.790","26.200","25.455","77.95K","0.25%"
"08.05.2023","25.834","25.945","25.930","25.570","45.73K","-1.50%"
"04.05.2023","26.227","25.910","26.435","25.410","68.60K","2.13%"
"03.05.2023","25.681","25.650","26.360","25.700","73.18K","0.24%"
"02.05.2023","25.619","25.245","25.910","25.355","52.18K","1.54%"
"01.05.2023","25.230","25.460","25.765","24.820","62.31K","0.08%"
"27.04.2023","25.209","25.170","25.350","24.980","44.91K","0.95%"
"26.04.2023","24.972","25.135","25.410","24.745","70.92K","-0.02%"
"25.04.2023","24.978","25.330","25.325","24.815","64.25K","-1.70%"
"24.04.2023","25.411","25.280","25.435","24.530","73.90K","-0.26%"
"20.04.2023","25.478","25.475","25.475","24.985","61.58K","0.03%"
"19.04.2023","25.471","25.150","25.585","25.155","64.38K","0.41%"
"18.04.2023","25.368","25.210","25.460","24.715","74.68K","0.68%"
"17.04.2023","25.197","25.470","25.430","25.030","48.69K","-3.22%"
"13.04.2023","26.035","25.715","26.235","25.265","94.54K","1.85%"
"12.04.2023","25.563","25.515","26.115","25.515","75.42K","1.06%"
"11.04.2023","25.296","25.195","25.825","25.175","89.02K","1.10%"
"10.04.2023","25.020","25.100","25.275","24.970","54.83K","-0.49%"
"05.04.2023","25.143","25.235","25.175","24.695","49.82K","-0.23%"
"04.04.2023","25.201","24.105","25.295","24.785","66.17K","4.49%"
"03.04.2023","24.118","24.050","25.195","23.970","80.73K","0.17%"
"30.03.2023","24.076","23.630","24.310","23.830","59.67K","2.60%"
"29.03.2023","23.466","23.470","24.100","23.370","67.10K","0.20%"
"28.03.2023","23.420","23.210","23.555","23.205","42.58K","1.19%"
"27.03.2023","23.145","23.485","23.515","22.960","42.18K","-0.48%"
"23.03.2023","23.256","23.100","23.705","23.125","65.53K","2.06%"
"22.03.2023","22.786","22.510","23.360","22.900","60.54K","1.61%"
"21.03.2023","22.425","22.665","23.240","22.410","56.69K","-0.98%"
"20.03.2023","22.646","22.710","22.785","22.290","45.06K","4.40%"
"16.03.2023","21.692","21.925","22.765","21.785","68.62K","-0.87%"
"15.03.2023","21.882","21.795","22.210","21.590","56.94K","-0.72%"
"14.03.2023","22.040","21.920","22.525","21.605","89.43K","0.53%"
"13.03.2023","21.923","20.720","22.090","21.465","75.57K","8.72%"
"09.03.2023","20.165","20.125","20.875","19.945","73.69K","0.07%"
"08.03.2023","20.151","20.165","20.355","20.025","47.40K","-0.24%"
"07.03.2023","20.199","21.140","20.290","19.955","60.89K","-4.43%"
"06.03.2023","21.135","21.385","21.215","20.105","69.32K","1.12%"
"02.03.2023","20.901","21.085","21.385","20.910","53.40K","-0.92%"
"01.03.2023","21.095","21.030","21.100","20.760","45.16K","0.11%"
"28.02.2023","21.071","20.740","21.285","20.945","57.92K","1.34%"
"27.02.2023","20.793","20.915","21.125","20.505","61.59K","-2.73%"
"23.02.2023","21.376","21.610","21.395","20.725","53.88K","-1.71%"
"22.02.2023","21.748","21.970","21.670","21.260","52.99K","-1.01%"
"21.02.2023","21.970","21.770","22.000","21.435","50.98K","1.72%"
"19.02.2023","21.598","21.753","21.995","21.555","86.91K","-0.97%"
"16.02.2023","21.810","21.840","21.800","21.155","67.93K","0.70%"
"15.02.2023","21.659","21.800","21.790","21.400","56.29K","-1.38%"
"14.02.2023","21.961","21.845","21.875","21.385","55.51K","0.09%"
"13.02.2023","21.942","22.020","22.040","21.585","73.82K","-1.34%"
"09.02.2023","22.241","22.545","22.310","21.830","68.26K","-1.24%"
"08.02.2023","22.520","22.420","22.615","21.915","67.99K","1.09%"
"07.02.2023","22.277","22.415","22.560","22.205","56.97K","-0.27%"
"06.02.2023","22.337","22.655","22.485","22.065","72.08K","-5.81%"
"02.02.2023","23.715","24.450","23.665","22.325","111.87K","0.05%"
"01.02.2023","23.703","24.010","24.750","23.495","110.84K","-0.95%"
"31.01.2023","23.930","23.860","24.150","23.440","65.33K","0.46%"
"30.01.2023","23.821","23.905","23.865","23.050","66.63K","-0.83%"
"26.01.2023","24.020","24.055","24.120","23.390","65.13K","0.33%"
"25.01.2023","23.941","23.765","24.415","23.690","85.57K","0.81%"
"24.01.2023","23.749","23.565","24.065","23.440","56.58K","0.83%"
"23.01.2023","23.554","24.055","23.855","23.310","51.75K","-1.32%"
"19.01.2023","23.870","23.595","24.225","23.830","56.90K","0.94%"
"18.01.2023","23.647","24.090","24.075","23.270","66.63K","-1.75%"
"17.01.2023","24.068","24.450","24.500","23.550","82.10K","-1.42%"
"15.01.2023","24.415","24.422","24.670","23.975","86.02K","1.71%"
"12.01.2023","24.004","23.530","24.445","23.620","59.83K","2.23%"
"11.01.2023","23.481","23.720","24.330","23.500","73.11K","-0.78%"
"10.01.2023","23.665","23.775","24.190","23.340","57.03K","-0.86%"
"09.01.2023","23.871","24.025","23.905","23.550","42.92K","1.91%"
"05.01.2023","23.424","23.940","24.055","23.345","55.42K","-2.25%"
"04.01.2023","23.964","24.175","24.060","23.260","60.08K","-1.12%"
"03.01.2023","24.236","24.305","24.640","23.745","62.31K","-0.38%"
"02.01.2023","24.328","24.177","24.775","24.095","69.96K","0.32%"
"29.12.2022","24.250","23.725","24.360","23.705","40.89K","2.08%"
"28.12.2022","23.756","24.115","24.280","23.690","36.90K","-1.60%"
"27.12.2022","24.142","23.935","24.275","23.645","34.29K","0.36%"
"26.12.2022","24.055","24.008","24.495","23.975","45.23K","2.10%"
"22.12.2022","23.561","24.085","24.095","23.685","31.56K","-2.32%"
"21.12.2022","24.121","24.305","24.315","23.550","46.20K","-0.26%"
"20.12.2022","24.183","23.095","24.525","24.055","36.77K","4.61%"
"19.12.2022","23.117","23.305","24.490","23.050","72.52K","-0.48%"
"15.12.2022","23.229","24.075","23.445","22.735","51.26K","-3.41%"
"14.12.2022","24.049","23.865","24.180","23.155","61.90K","0.59%"
"13.12.2022","23.909","23.565","24.275","23.605","51.52K","2.55%"
"12.12.2022","23.314","23.435","24.390","23.490","74.31K","0.68%"
"08.12.2022","23.157","22.715","23.900","23.140","53.44K","1.40%"
"07.12.2022","22.837","22.400","23.425","22.725","44.88K","2.61%"
"06.12.2022","22.256","22.435","23.010","22.255","51.54K","-0.30%"
"05.12.2022","22.324","23.310","22.780","22.190","49.86K","-2.03%"
"01.12.2022","22.786","22.680","23.475","22.480","74.94K","4.87%"
"30.11.2022","21.727","21.755","23.005","22.240","73.64K","1.57%"
"29.11.2022","21.392","21.130","22.410","21.355","63.51K","1.86%"
"28.11.2022","21.002","21.520","21.635","21.060","46.73K","-2.02%"
"23.11.2022","21.436","21.170","21.730","21.175","53.89K","1.45%"
"22.11.2022","21.130","20.975","21.630","20.925","50.25K","0.85%"
"21.11.2022","20.952","21.110","21.370","20.860","56.89K","-0.48%"
"17.11.2022","21.054","21.605","21.325","20.870","45.48K","-2.55%"
"16.11.2022","21.604","21.725","21.535","20.785","68.30K","0.05%"
"15.11.2022","21.593","22.090","22.155","21.455","71.72K","-2.64%"
"14.11.2022","22.178","21.735","22.380","21.450","94.52K","1.86%"
"10.11.2022","21.772","21.280","22.160","21.355","77.86K","1.83%"
"09.11.2022","21.381","21.495","21.940","21.045","92.92K","-0.86%"
"08.11.2022","21.567","20.900","21.695","21.055","80.56K","2.79%"
"07.11.2022","20.981","20.650","21.720","20.570","95.95K","7.68%"
"03.11.2022","19.485","19.455","20.965","19.425","112.10K","-0.86%"
"02.11.2022","19.654","19.675","19.555","18.805","71.23K","-0.38%"
"01.11.2022","19.728","19.160","20.110","19.200","63.23K","2.84%"
"31.10.2022","19.184","19.010","20.040","19.085","79.39K","-1.59%"
"27.10.2022","19.494","19.555","19.620","18.950","51.84K","0.04%"
"26.10.2022","19.486","19.325","19.660","19.255","58.01K","0.71%"
"25.10.2022","19.349","19.195","19.765","19.180","55.63K","0.83%"
"24.10.2022","19.189","19.395","19.410","18.740","54.44K","2.68%"
"20.10.2022","18.689","18.405","19.405","18.205","85.07K","1.80%"
"19.10.2022","18.359","18.685","18.960","18.150","57.78K","-1.30%"
"18.10.2022","18.600","18.625","18.755","18.305","36.44K","-0.64%"
"17.10.2022","18.719","18.160","18.865","18.490","39.82K","-1.05%"
"13.10.2022","18.918","19.010","19.055","18.010","69.61K","-0.11%"
"12.10.2022","18.938","19.175","19.290","18.410","73.30K","-2.82%"
"11.10.2022","19.487","19.630","19.310","18.840","57.22K","-0.65%"
"10.10.2022","19.615","20.185","19.725","19.050","60.40K","-5.06%"
"06.10.2022","20.660","20.750","20.875","20.020","60.63K","0.56%"
"05.10.2022","20.544","21.120","20.930","20.400","49.26K","-2.63%"
"04.10.2022","21.099","20.745","21.135","19.985","80.04K","2.48%"
"03.10.2022","20.589","18.995","21.310","20.680","73.44K","10.03%"
"29.09.2022","18.712","18.910","19.300","18.745","53.86K","-0.68%"
"28.09.2022","18.841","18.360","18.915","18.465","59.25K","2.95%"
"27.09.2022","18.302","18.380","18.965","17.895","83.80K","-0.82%"
"26.09.2022","18.453","18.525","18.785","18.295","63.09K","-5.79%"
"22.09.2022","19.587","19.235","19.745","18.760","82.52K","0.72%"
"21.09.2022","19.447","19.660","19.890","19.250","63.37K","1.57%"
"20.09.2022","19.146","19.525","19.960","19.230","70.73K","-0.90%"
"19.09.2022","19.319","19.555","19.605","19.070","42.27K","0.48%"
"15.09.2022","19.227","19.410","19.640","18.770","58.15K","-1.53%"
"14.09.2022","19.525","19.265","19.625","19.110","50.66K","0.39%"
"13.09.2022","19.449","19.410","19.685","19.215","47.43K","-1.85%"
"12.09.2022","19.816","18.810","19.930","19.295","76.43K","7.68%"
"08.09.2022","18.402","18.325","18.860","18.445","43.86K","1.00%"
"07.09.2022","18.220","17.820","18.665","18.240","53.20K","1.97%"
"06.09.2022","17.868","17.845","18.400","17.740","49.64K","1.34%"
"01.09.2022","17.632","17.700","18.165","17.620","62.96K","-1.22%"
"31.08.2022","17.849","17.960","17.865","17.400","66.96K","-2.17%"
"30.08.2022","18.244","18.675","18.390","17.800","63.46K","-1.92%"
"29.08.2022","18.602","18.750","18.700","18.225","58.00K","-2.85%"
"25.08.2022","19.147","19.155","19.345","18.680","53.72K","1.08%"
"24.08.2022","18.942","19.045","19.260","18.955","46.31K","-0.64%"
"23.08.2022","19.064","18.885","19.105","18.815","42.82K","0.77%"
"22.08.2022","18.918","19.050","19.155","18.650","52.28K","-3.02%"
"18.08.2022","19.508","19.810","19.480","18.925","55.57K","-1.36%"
"17.08.2022","19.776","20.205","19.885","19.410","46.16K","-1.75%"
"16.08.2022","20.128","20.265","20.240","19.630","49.57K","-0.93%"
"15.08.2022","20.317","20.810","20.250","19.860","41.92K","-0.38%"
"11.08.2022","20.394","20.610","20.850","20.190","46.59K","-1.90%"
"10.08.2022","20.790","20.545","20.605","20.190","56.53K","1.26%"
"09.08.2022","20.531","20.670","20.830","20.315","65.02K","-0.64%"
"08.08.2022","20.664","19.825","20.740","20.400","53.85K","2.43%"
"04.08.2022","20.173","20.015","20.280","19.470","62.13K","1.13%"
"03.08.2022","19.947","19.920","20.380","19.930","49.82K","-1.20%"
"02.08.2022","20.189","20.460","20.140","19.750","47.27K","-1.09%"
"01.08.2022","20.412","20.500","20.495","19.915","64.54K","2.48%"
"28.07.2022","19.918","19.185","20.350","19.825","64.59K","7.09%"
"27.07.2022","18.600","18.535","20.000","19.010","86.52K","0.35%"
"26.07.2022","18.535","18.330","19.095","18.360","62.26K","1.13%"
"25.07.2022","18.328","18.540","18.620","18.285","40.82K","-2.09%"
"21.07.2022","18.719","18.610","18.880","18.420","47.28K","0.27%"
"20.07.2022","18.668","18.695","18.805","18.120","58.42K","-0.24%"
"19.07.2022","18.713","18.655","19.030","18.565","42.47K","-0.67%"
"18.07.2022","18.840","18.675","18.845","18.510","36.80K","3.37%"
"14.07.2022","18.225","19.180","18.695","18.095","53.07K","-5.05%"
"13.07.2022","19.194","18.870","19.180","18.010","82.27K","1.24%"
"12.07.2022","18.958","19.055","19.360","18.790","63.75K","-0.91%"
"11.07.2022","19.132","19.265","19.135","18.630","53.27K","-0.29%"
"07.07.2022","19.188","19.170","19.390","18.935","43.11K","0.15%"
"06.07.2022","19.159","19.155","19.435","19.035","42.48K","0.20%"
"05.07.2022","19.121","19.880","19.325","18.705","66.25K","-6.05%"
"30.06.2022","20.352","20.725","20.290","19.295","75.67K","-1.86%"
"29.06.2022","20.738","20.840","20.785","20.145","61.10K","-0.48%"
"28.06.2022","20.839","21.170","21.065","20.610","53.00K","-1.60%"
"27.06.2022","21.178","21.245","21.355","20.720","42.01K","0.58%"
"23.06.2022","21.056","21.435","21.205","20.545","72.54K","-1.91%"
"22.06.2022","21.465","21.555","21.495","20.890","71.94K","-1.60%"
"21.06.2022","21.813","21.600","21.675","21.205","55.92K","-0.52%"
"16.06.2022","21.928","21.705","21.965","21.560","43.90K","2.17%"
"15.06.2022","21.463","21.260","21.970","21.320","52.32K","2.20%"
"14.06.2022","21.000","21.120","21.845","20.970","70.54K","-1.43%"
"13.06.2022","21.305","22.080","21.360","20.845","59.21K","-2.56%"
"09.06.2022","21.864","22.135","22.020","21.235","78.78K","-1.28%"
"08.06.2022","22.148","22.120","22.165","21.535","63.62K","-0.38%"
"07.06.2022","22.233","22.310","22.275","21.795","44.94K","0.39%"
"06.06.2022","22.147","22.310","22.300","21.840","51.45K","-0.82%"
"02.06.2022","22.330","21.950","22.525","21.860","37.47K","1.68%"
"01.06.2022","21.962","21.540","22.380","21.785","35.94K","1.04%"
"31.05.2022","21.737","21.815","21.995","21.410","51.15K","-1.04%"
"26.05.2022","21.965","21.975","22.475","21.940","38.41K","0.43%"
"25.05.2022","21.870","22.115","22.075","21.730","29.70K","-0.87%"
"24.05.2022","22.063","21.770","22.145","21.725","32.08K","1.57%"
"23.05.2022","21.723","21.780","22.215","21.645","36.83K","-0.84%"
"19.05.2022","21.908","21.430","22.080","21.580","34.79K","1.69%"
"18.05.2022","21.544","21.665","22.010","21.250","41.28K","-0.95%"
"17.05.2022","21.750","21.650","21.750","21.365","33.87K","0.92%"
"16.05.2022","21.551","21.105","21.925","21.520","39.23K","3.75%"
"12.05.2022","20.773","21.555","21.125","20.420","58.68K","-3.72%"
"11.05.2022","21.575","21.210","21.625","20.590","82.00K","0.70%"
"10.05.2022","21.424","21.770","21.970","21.200","80.77K","-1.81%"
"09.05.2022","21.820","22.395","22.085","21.155","78.50K","-2.78%"
"05.05.2022","22.443","23.040","22.665","22.110","59.54K","0.18%"
"04.05.2022","22.402","22.600","23.345","22.325","71.88K","-1.16%"
"03.05.2022","22.665","22.700","23.125","22.220","58.06K","0.36%"
"02.05.2022","22.584","22.785","22.890","22.440","43.73K","-2.58%"
"28.04.2022","23.181","23.365","23.650","22.710","55.33K","-1.29%"
"27.04.2022","23.483","23.650","23.455","22.940","57.59K","-0.38%"
"26.04.2022","23.572","23.790","23.765","23.275","37.58K","-0.53%"
"25.04.2022","23.698","24.180","23.975","23.445","45.15K","-3.89%"
"21.04.2022","24.657","25.300","24.740","24.080","65.63K","-2.55%"
"20.04.2022","25.303","25.210","25.310","24.480","69.61K","-0.48%"
"19.04.2022","25.426","26.045","25.400","24.980","44.95K","-2.88%"
"18.04.2022","26.181","26.110","26.195","25.165","65.30K","0.46%"
"13.04.2022","26.060","25.620","26.115","25.460","51.61K","1.13%"
"12.04.2022","25.769","25.275","26.070","25.530","62.66K","2.99%"
"11.04.2022","25.022","24.985","25.840","25.025","74.87K","0.96%"
"07.04.2022","24.785","24.515","24.935","24.495","50.94K","1.13%"
"06.04.2022","24.509","24.625","24.780","24.335","48.61K","-0.32%"
"05.04.2022","24.588","24.900","24.680","24.200","47.18K","-0.19%"
"04.04.2022","24.636","24.750","25.110","24.355","49.22K","-2.07%"
"31.03.2022","25.158","24.780","25.040","24.565","44.25K","0.05%"
"30.03.2022","25.146","25.010","25.285","24.670","36.61K","1.66%"
"29.03.2022","24.736","25.010","25.265","24.855","38.79K","-1.83%"
"28.03.2022","25.196","25.725","25.135","24.045","76.19K","-2.79%"
"24.03.2022","25.920","25.285","26.035","25.470","37.91K","2.90%"
"23.03.2022","25.189","24.915","26.160","25.170","61.00K","1.14%"
"22.03.2022","24.904","25.410","25.370","24.780","34.15K","-1.62%"
"21.03.2022","25.313","25.150","25.590","24.695","45.76K","-1.18%"
"17.03.2022","25.616","25.240","25.640","24.980","38.06K","3.67%"
"16.03.2022","24.710","25.115","25.750","25.165","40.14K","-1.78%"
"15.03.2022","25.158","25.260","25.250","24.550","46.30K","-0.55%"
"14.03.2022","25.298","26.280","25.315","24.750","47.79K","-3.65%"
"10.03.2022","26.256","26.060","26.350","25.695","51.55K","1.70%"
"09.03.2022","25.816","26.925","26.425","25.600","55.85K","-4.01%"
"08.03.2022","26.895","25.805","27.390","25.730","87.11K","4.57%"
"07.03.2022","25.720","26.025","27.495","25.550","127.21K","2.01%"
"03.03.2022","25.212","25.450","25.920","25.155","70.86K","0.09%"
"02.03.2022","25.190","25.505","25.665","25.075","57.47K","-1.37%"
"01.03.2022","25.541","24.455","25.545","24.960","69.47K","4.82%"
"28.02.2022","24.366","24.620","25.650","24.345","68.56K","-1.34%"
"24.02.2022","24.697","24.655","24.550","23.920","67.32K","0.50%"
"23.02.2022","24.574","24.140","25.670","23.860","107.56K","1.00%"
"22.02.2022","24.331","24.080","24.620","24.050","62.69K","1.79%"
"17.02.2022","23.903","23.580","24.115","23.700","52.87K","1.14%"
"16.02.2022","23.633","23.425","23.930","23.440","60.05K","1.13%"
"15.02.2022","23.369","24.010","23.670","23.290","47.87K","-2.13%"
"14.02.2022","23.877","23.700","24.015","23.070","61.87K","1.41%"
"10.02.2022","23.545","23.680","23.710","22.855","77.04K","0.78%"
"09.02.2022","23.362","23.290","23.735","23.145","77.91K","0.61%"
"08.02.2022","23.221","22.845","23.365","23.095","52.98K","0.53%"
"07.02.2022","23.098","22.575","23.265","22.770","52.51K","3.13%"
"03.02.2022","22.397","22.635","22.690","22.100","47.76K","-1.47%"
"02.02.2022","22.730","22.675","22.660","21.985","55.03K","0.50%"
"01.02.2022","22.618","22.750","22.875","22.465","38.34K","0.89%"
"31.01.2022","22.419","22.575","23.060","22.405","48.40K","-1.13%"
"27.01.2022","22.676","23.565","22.830","22.150","63.81K","-4.75%"
"26.01.2022","23.807","23.850","23.625","22.585","82.12K","-0.37%"
"25.01.2022","23.896","24.045","24.025","23.460","55.62K","0.40%"
"24.01.2022","23.800","24.305","24.045","23.635","53.18K","-3.71%"
"20.01.2022","24.716","24.185","24.640","24.205","62.05K","2.00%"
"19.01.2022","24.231","23.505","24.755","24.125","75.61K","3.15%"
"18.01.2022","23.492","22.995","24.265","23.430","73.90K","1.42%"
"13.01.2022","23.162","23.190","23.345","22.845","50.67K","-0.19%"
"12.01.2022","23.207","22.820","23.315","23.025","53.38K","1.73%"
"11.01.2022","22.812","22.500","23.260","22.680","55.76K","1.56%"
"10.01.2022","22.462","22.385","22.860","22.480","48.87K","1.23%"
"06.01.2022","22.190","22.810","22.460","21.945","57.76K","-4.23%"
"05.01.2022","23.170","23.095","22.850","22.000","73.89K","0.49%"
"04.01.2022","23.056","22.920","23.300","22.750","41.19K","1.08%"
"03.01.2022","22.810","23.385","23.140","22.655","44.91K","-1.08%"
"30.12.2021","23.060","22.870","23.390","23.070","30.39K","0.92%"
"29.12.2021","22.850","23.000","23.155","22.630","30.54K","-1.14%"
"28.12.2021","23.113","23.170","23.185","22.600","40.03K","0.57%"
"27.12.2021","22.981","22.880","23.480","23.005","42.75K","0.78%"
"22.12.2021","22.804","22.455","22.965","22.680","33.91K","1.29%"
"21.12.2021","22.513","22.240","22.860","22.440","35.70K","1.04%"
"20.12.2021","22.281","22.260","22.805","22.185","45.67K","-0.85%"
"16.12.2021","22.471","22.165","22.690","22.355","39.31K","4.37%"
"15.12.2021","21.530","21.825","22.560","21.930","56.37K","-1.73%"
"14.12.2021","21.909","21.910","22.130","21.410","65.04K","-1.82%"
"13.12.2021","22.315","22.230","22.355","21.670","52.45K","1.43%"
"09.12.2021","22.001","22.435","22.240","21.815","43.90K","-1.88%"
"08.12.2021","22.422","22.415","22.475","21.840","58.89K","-0.40%"
"07.12.2021","22.512","22.310","22.580","22.305","28.91K","1.17%"
"06.12.2021","22.252","22.530","22.625","22.230","38.83K","-0.23%"
"02.12.2021","22.304","22.480","22.590","22.035","54.13K","-0.09%"
"01.12.2021","22.324","22.945","22.505","22.215","45.19K","-2.08%"
"30.11.2021","22.799","22.870","23.060","22.185","65.42K","-0.16%"
"29.11.2021","22.836","23.160","23.355","22.705","68.03K","-2.88%"
"24.11.2021","23.514","23.680","23.735","22.915","61.28K","0.26%"
"23.11.2021","23.452","24.245","23.695","23.400","54.62K","-3.56%"
"22.11.2021","24.318","24.670","24.340","23.280","93.87K","-2.41%"
"18.11.2021","24.919","25.200","25.040","24.610","67.98K","-1.06%"
"17.11.2021","25.185","24.880","25.230","24.730","63.62K","0.89%"
"16.11.2021","24.963","25.185","25.285","24.850","54.35K","-0.64%"
"15.11.2021","25.124","25.420","25.490","24.825","77.00K","-0.77%"
"11.11.2021","25.320","24.735","25.470","24.925","66.39K","2.13%"
"10.11.2021","24.791","24.315","25.365","24.645","82.02K","1.87%"
"09.11.2021","24.337","24.545","25.220","24.040","131.56K","-0.91%"
"08.11.2021","24.561","24.170","24.565","24.090","65.11K","2.64%"
"04.11.2021","23.930","23.635","24.255","23.665","73.24K","2.92%"
"03.11.2021","23.251","23.565","24.115","23.485","68.46K","-1.16%"
"02.11.2021","23.524","24.120","23.665","23.045","67.16K","-2.35%"
"01.11.2021","24.091","23.990","24.140","23.430","63.00K","-0.20%"
"28.10.2021","24.139","24.150","24.140","23.705","57.80K","-0.21%"
"27.10.2021","24.191","24.220","24.310","24.020","45.96K","0.43%"
"26.10.2021","24.088","24.650","24.330","23.905","48.09K","-2.05%"
"25.10.2021","24.592","24.395","24.655","23.925","61.76K","1.75%"
"21.10.2021","24.170","24.370","24.920","24.185","83.28K","-1.12%"
"20.10.2021","24.445","23.710","24.550","24.070","58.68K","2.35%"
"19.10.2021","23.883","23.250","24.495","23.615","73.13K","2.66%"
"18.10.2021","23.264","23.380","24.180","23.220","79.07K","-0.91%"
"14.10.2021","23.477","23.100","23.645","23.100","52.25K","1.32%"
"13.10.2021","23.170","22.570","23.625","22.925","54.28K","2.91%"
"12.10.2021","22.514","22.610","23.285","22.480","71.90K","-0.67%"
"11.10.2021","22.665","22.685","22.790","22.325","42.93K","0.03%"
"07.10.2021","22.658","22.640","23.220","22.435","69.58K","0.56%"
"06.10.2021","22.532","22.635","22.840","22.385","41.56K","-0.34%"
"05.10.2021","22.608","22.725","22.700","22.185","38.89K","-0.16%"
"04.10.2021","22.644","22.600","22.730","22.380","27.04K","2.71%"
"30.09.2021","22.047","21.515","22.600","21.990","43.51K","2.62%"
"29.09.2021","21.485","22.475","22.225","21.460","66.12K","-4.34%"
"28.09.2021","22.460","22.635","22.565","21.410","80.16K","-0.99%"
"27.09.2021","22.685","22.435","22.680","22.080","55.49K","0.10%"
"23.09.2021","22.663","22.590","22.790","22.090","41.67K","-0.99%"
"22.09.2021","22.890","22.485","22.880","22.465","43.74K","1.31%"
"21.09.2021","22.593","22.210","23.150","22.455","51.99K","1.84%"
"20.09.2021","22.185","22.325","22.720","22.210","41.11K","-2.59%"
"16.09.2021","22.774","23.515","23.130","22.305","66.39K","-4.23%"
"15.09.2021","23.779","23.865","24.000","22.585","90.20K","-0.35%"
"14.09.2021","23.863","23.695","23.940","23.670","32.69K","0.37%"
"13.09.2021","23.775","23.455","23.980","23.435","42.44K","-1.58%"
"09.09.2021","24.156","23.975","24.345","23.760","39.09K","0.50%"
"08.09.2021","24.036","24.095","24.355","23.865","43.41K","-1.32%"
"07.09.2021","24.357","24.810","24.480","23.940","45.43K","1.91%"
"02.09.2021","23.900","23.900","24.945","23.910","67.19K","-1.24%"
"01.09.2021","24.201","23.935","24.275","23.815","36.86K","0.88%"
"31.08.2021","23.991","23.965","24.325","23.775","48.67K","0.00%"
"30.08.2021","23.992","24.130","24.270","23.830","44.56K","1.80%"
"26.08.2021","23.567","23.895","24.135","23.305","63.31K","-0.96%"
"25.08.2021","23.795","23.815","23.895","23.420","55.51K","-0.48%"
"24.08.2021","23.909","23.625","23.910","23.590","56.58K","1.03%"
"23.08.2021","23.666","23.035","23.975","23.545","52.17K","1.84%"
"19.08.2021","23.239","23.355","23.300","22.835","55.72K","-0.82%"
"18.08.2021","23.430","23.660","23.515","23.080","51.43K","-1.00%"
"17.08.2021","23.666","23.870","23.830","23.265","46.29K","-0.56%"
"16.08.2021","23.799","23.755","23.955","23.565","42.59K","2.93%"
"12.08.2021","23.122","23.130","23.830","23.130","53.76K","-1.59%"
"11.08.2021","23.496","23.495","23.530","22.970","66.98K","0.40%"
"10.08.2021","23.402","23.525","23.565","23.190","70.05K","0.53%"
"09.08.2021","23.279","23.750","23.675","23.220","62.93K","-8.00%"
"05.08.2021","25.303","25.480","25.230","24.205","113.95K","-0.67%"
"04.08.2021","25.474","25.500","25.565","25.115","42.43K","-0.47%"
"03.08.2021","25.595","25.515","26.090","25.375","72.93K","0.02%"
"02.08.2021","25.590","25.570","25.665","25.270","45.85K","-0.81%"
"29.07.2021","25.799","25.075","25.685","25.395","43.33K","3.71%"
"28.07.2021","24.877","24.730","25.875","25.000","70.55K","0.92%"
"27.07.2021","24.649","25.255","25.060","24.655","54.85K","-2.64%"
"26.07.2021","25.318","25.270","25.320","24.515","80.91K","-0.25%"
"22.07.2021","25.381","25.330","25.535","25.050","39.88K","0.50%"
"21.07.2021","25.255","24.975","25.515","25.060","48.08K","1.04%"
"20.07.2021","24.995","25.240","25.365","24.790","50.53K","-0.59%"
"19.07.2021","25.144","25.700","25.315","24.840","64.68K","-4.74%"
"15.07.2021","26.394","26.325","26.550","25.640","78.28K","0.47%"
"14.07.2021","26.271","26.055","26.490","26.245","35.26K","0.50%"
"13.07.2021","26.140","26.320","26.575","26.010","65.10K","-0.38%"
"12.07.2021","26.239","26.185","26.440","26.005","50.73K","0.97%"
"08.07.2021","25.987","26.265","26.300","25.820","45.50K","-0.54%"
"07.07.2021","26.129","26.265","26.310","25.875","59.52K","-0.17%"
"06.07.2021","26.174","26.640","26.545","26.060","50.06K","0.28%"
"01.07.2021","26.100","26.250","26.700","26.100","57.34K","-0.36%"
"30.06.2021","26.194","25.875","26.525","26.045","54.77K","1.13%"
"29.06.2021","25.901","26.235","26.275","25.800","44.64K","-1.29%"
"28.06.2021","26.239","26.215","26.235","25.580","75.84K","0.65%"
"24.06.2021","26.069","25.935","26.380","25.970","49.17K","-0.24%"
"23.06.2021","26.132","25.860","26.245","25.865","53.06K","0.99%"
"22.06.2021","25.876","26.000","26.370","25.800","66.10K","-0.64%"
"21.06.2021","26.043","25.950","26.085","25.735","54.12K","0.66%"
"17.06.2021","25.873","27.200","26.555","25.770","88.18K","-7.03%"
"16.06.2021","27.828","27.800","27.320","25.820","156.97K","0.43%"
"15.06.2021","27.710","27.780","27.970","26.700","74.31K","-1.23%"
"14.06.2021","28.054","28.110","28.030","27.485","63.84K","0.02%"
"10.06.2021","28.047","27.820","28.445","28.025","75.34K","0.11%"
"09.06.2021","28.017","27.750","28.180","27.475","82.06K","0.97%"
"08.06.2021","27.747","28.110","28.145","27.620","64.18K","-1.02%"
"07.06.2021","28.033","27.920","28.120","27.610","70.19K","1.97%"
"03.06.2021","27.492","28.320","27.980","27.310","76.80K","-2.58%"
"02.06.2021","28.220","27.880","28.370","27.090","106.48K","0.36%"
"01.06.2021","28.119","28.070","28.320","27.765","53.89K","0.59%"
"27.05.2021","27.955","27.805","28.095","27.480","66.46K","0.28%"
"26.05.2021","27.877","28.105","27.995","27.575","56.81K","-0.64%"
"25.05.2021","28.056","27.880","28.340","27.685","65.97K","0.54%"
"24.05.2021","27.905","27.690","28.160","27.545","69.31K","-0.58%"
"20.05.2021","28.067","27.840","28.195","27.265","78.64K","0.15%"
"19.05.2021","28.025","28.300","28.125","27.490","55.96K","-1.09%"
"18.05.2021","28.333","28.325","28.365","27.425","109.07K","0.21%"
"17.05.2021","28.274","27.515","28.900","28.120","77.21K","4.49%"
"13.05.2021","27.059","27.095","27.595","26.920","58.61K","-0.68%"
"12.05.2021","27.244","27.760","27.330","26.780","63.63K","-1.53%"
"11.05.2021","27.667","27.400","27.830","27.030","77.86K","0.64%"
"10.05.2021","27.492","27.680","27.780","27.180","62.13K","0.05%"
"06.05.2021","27.477","26.590","27.800","27.230","80.78K","3.60%"
"05.05.2021","26.522","26.595","27.585","26.245","90.93K","-0.14%"
"04.05.2021","26.558","27.015","26.710","26.165","40.71K","-1.49%"
"03.05.2021","26.960","25.990","27.240","26.160","76.95K","3.35%"
"29.04.2021","26.085","26.300","26.275","25.855","55.51K","-0.07%"
"28.04.2021","26.102","26.345","26.580","25.745","81.33K","-1.24%"
"27.04.2021","26.430","26.325","26.345","25.840","62.06K","0.77%"
"26.04.2021","26.228","26.020","26.515","26.100","65.27K","0.11%"
"22.04.2021","26.200","26.640","26.470","25.890","63.84K","-1.45%"
"21.04.2021","26.586","25.960","26.670","26.025","84.13K","2.83%"
"20.04.2021","25.854","25.820","26.730","25.795","94.21K","0.01%"
"19.04.2021","25.852","26.000","26.150","25.725","70.92K","-0.49%"
"15.04.2021","25.979","25.465","26.380","25.795","58.50K","1.72%"
"14.04.2021","25.539","25.430","26.070","25.380","72.56K","0.38%"
"13.04.2021","25.442","24.885","25.590","25.235","56.47K","2.25%"
"12.04.2021","24.882","25.300","25.540","24.680","77.44K","-2.82%"
"08.04.2021","25.604","25.380","25.555","25.010","60.53K","1.33%"
"07.04.2021","25.267","25.210","25.675","25.020","65.65K","0.08%"
"06.04.2021","25.247","24.840","25.330","24.895","44.35K","1.80%"
"05.04.2021","24.801","25.050","25.355","24.795","53.64K","1.01%"
"31.03.2021","24.552","23.930","25.045","24.270","63.17K","1.64%"
"30.03.2021","24.157","24.745","24.565","23.740","65.79K","-2.48%"
"29.03.2021","24.771","25.105","24.770","23.880","72.66K","-1.10%"
"25.03.2021","25.047","25.170","25.335","24.920","42.08K","-0.73%"
"24.03.2021","25.231","25.120","25.255","24.435","86.47K","0.02%"
"23.03.2021","25.227","25.850","25.430","25.020","42.91K","-2.10%"
"22.03.2021","25.769","26.340","25.915","25.050","63.34K","-2.21%"
"18.03.2021","26.351","26.400","26.400","25.925","51.79K","1.12%"
"17.03.2021","26.058","26.005","26.740","25.875","76.40K","0.21%"
"16.03.2021","26.003","26.340","26.615","25.805","55.13K","-1.08%"
"15.03.2021","26.288","26.070","26.405","25.885","47.61K","0.36%"
"11.03.2021","26.193","26.315","26.235","25.425","56.88K","0.24%"
"10.03.2021","26.130","26.025","26.545","25.885","55.08K","-0.20%"
"09.03.2021","26.183","25.170","26.315","25.610","53.39K","3.62%"
"08.03.2021","25.269","25.400","26.220","25.090","69.61K","-0.75%"
"04.03.2021","25.461","26.175","25.505","24.845","79.26K","-3.51%"
"03.03.2021","26.387","26.860","26.385","25.080","95.00K","-1.83%"
"02.03.2021","26.879","26.630","26.915","25.875","82.46K","0.75%"
"01.03.2021","26.678","26.700","26.985","25.820","82.14K","-3.64%"
"25.02.2021","27.685","28.080","27.650","26.160","116.75K","-0.75%"
"24.02.2021","27.894","27.760","28.345","27.345","109.69K","0.64%"
"23.02.2021","27.717","28.290","28.080","27.365","73.50K","-1.40%"
"22.02.2021","28.111","27.640","28.425","27.285","104.38K","3.74%"
"18.02.2021","27.098","27.450","27.710","26.105","96.26K","-0.87%"
"17.02.2021","27.335","27.220","27.595","26.905","84.30K","-0.02%"
"16.02.2021","27.341","27.520","27.490","26.915","73.03K","0.99%"
"11.02.2021","27.072","27.145","27.500","26.910","53.47K","-0.13%"
"10.02.2021","27.108","27.460","27.350","26.750","62.16K","-1.16%"
"09.02.2021","27.427","27.400","27.595","26.880","71.17K","-0.59%"
"08.02.2021","27.589","27.180","27.875","27.130","81.81K","5.06%"
"04.02.2021","26.261","26.645","27.105","26.255","90.32K","-2.43%"
"03.02.2021","26.914","26.880","27.015","25.935","104.91K","1.85%"
"02.02.2021","26.426","29.000","27.260","26.545","93.58K","-10.24%"
"01.02.2021","29.441","28.860","29.150","26.350","208.63K","13.47%"
"28.01.2021","25.945","25.360","27.770","26.150","187.56K","2.19%"
"27.01.2021","25.389","25.530","27.100","24.895","190.87K","-0.58%"
"26.01.2021","25.538","25.395","25.545","24.715","96.67K","0.21%"
"25.01.2021","25.484","25.535","25.720","25.230","52.74K","-1.43%"
"21.01.2021","25.854","25.910","26.045","25.050","75.21K","0.34%"
"20.01.2021","25.766","25.290","26.130","25.700","59.50K","1.76%"
"19.01.2021","25.320","24.835","25.960","25.060","80.82K","-1.87%"
"14.01.2021","25.802","25.290","25.865","24.610","106.18K","0.90%"
"13.01.2021","25.572","25.655","25.990","25.095","84.24K","0.54%"
"12.01.2021","25.435","25.015","25.785","25.170","58.51K","0.60%"
"11.01.2021","25.284","25.470","25.745","25.000","65.92K","-7.25%"
"07.01.2021","27.261","27.410","27.335","24.530","186.37K","0.81%"
"06.01.2021","27.042","27.720","27.495","27.020","69.49K","-2.16%"
"05.01.2021","27.640","27.355","28.105","26.700","129.36K","1.01%"
"04.01.2021","27.364","26.770","27.850","27.150","67.46K","2.98%"
"30.12.2020","26.573","26.325","26.880","26.345","39.62K","1.49%"
"29.12.2020","26.183","26.500","26.835","26.260","47.68K","-1.23%"
"28.12.2020","26.510","26.095","26.770","26.075","64.31K","2.41%"
"23.12.2020","25.885","25.435","26.080","25.535","35.14K","1.51%"
"22.12.2020","25.500","26.530","25.960","25.185","65.50K","-3.19%"
"21.12.2020","26.340","26.400","26.815","25.225","108.02K","0.73%"
"17.12.2020","26.150","25.430","26.350","25.865","70.35K","4.52%"
"16.12.2020","25.018","24.605","26.305","25.335","97.95K","1.64%"
"15.12.2020","24.614","24.040","25.640","24.575","97.98K","2.46%"
"14.12.2020","24.022","24.070","24.700","23.940","62.40K","-0.21%"
"10.12.2020","24.073","23.980","24.245","23.690","50.25K","0.46%"
"09.12.2020","23.963","24.655","24.430","23.825","58.69K","-3.03%"
"08.12.2020","24.711","24.810","24.755","23.695","84.50K","-0.26%"
"07.12.2020","24.776","24.250","25.015","24.550","58.83K","2.72%"
"03.12.2020","24.120","23.990","24.585","24.065","68.53K","0.22%"
"02.12.2020","24.066","23.820","24.420","23.850","73.44K","-0.06%"
"01.12.2020","24.080","22.690","22.690","22.690","76.79K","6.63%"
"30.11.2020","22.583","22.745","22.230","22.230","89.39K","-3.44%"
"25.11.2020","23.387","23.295","23.155","23.155","94.53K","0.24%"
"24.11.2020","23.330","23.630","23.000","23.000","57.05K","-1.46%"
"23.11.2020","23.675","24.265","23.525","23.525","106.07K","-1.70%"
"19.11.2020","24.085","24.385","23.745","23.745","76.35K","-1.61%"
"18.11.2020","24.480","24.460","24.350","24.350","94.81K","-0.83%"
"17.11.2020","24.686","24.880","24.600","24.600","82.57K","-0.61%"
"16.11.2020","24.837","25.085","24.350","24.350","57.85K","2.00%"
"12.11.2020","24.350","24.380","24.200","24.200","60.87K","0.18%"
"11.11.2020","24.306","24.350","23.955","23.955","62.74K","-0.80%"
"10.11.2020","24.502","24.280","24.020","24.020","76.99K","3.23%"
"09.11.2020","23.736","26.070","23.725","23.725","87.44K","-5.93%"
"05.11.2020","25.232","24.185","24.185","24.185","114.86K","5.43%"
"04.11.2020","23.933","24.520","23.415","23.415","107.65K","-1.81%"
"03.11.2020","24.374","24.245","24.025","24.025","101.89K","1.25%"
"02.11.2020","24.073","23.710","23.710","23.710","60.02K","2.84%"
"29.10.2020","23.408","23.555","22.865","22.865","80.57K","0.21%"
"28.10.2020","23.359","24.495","23.060","23.060","102.57K","-4.93%"
"27.10.2020","24.570","24.385","24.265","24.265","131.77K","0.61%"
"26.10.2020","24.420","24.750","24.145","24.145","52.48K","-1.17%"
"22.10.2020","24.709","25.180","24.460","24.460","52.73K","-2.11%"
"21.10.2020","25.241","24.795","24.775","24.775","74.44K","1.04%"
"20.10.2020","24.980","24.485","24.405","24.405","77.69K","1.14%"
"19.10.2020","24.698","24.290","24.215","24.215","57.37K","1.96%"
"15.10.2020","24.224","24.370","23.650","23.650","50.59K","-0.70%"
"14.10.2020","24.395","24.240","23.930","23.930","72.42K","1.10%"
"13.10.2020","24.129","25.240","24.015","24.015","63.47K","-4.52%"
"12.10.2020","25.271","25.280","24.905","24.905","94.21K","5.84%"
"08.10.2020","23.876","23.925","23.775","23.775","74.75K","-0.08%"
"07.10.2020","23.896","23.160","23.090","23.090","46.73K","-0.10%"
"06.10.2020","23.921","24.520","22.965","22.965","59.07K","-2.60%"
"05.10.2020","24.560","24.075","23.805","23.805","72.23K","1.26%"
"01.10.2020","24.254","23.355","23.325","23.325","66.34K","3.23%"
"30.09.2020","23.494","24.505","23.235","23.235","71.45K","-3.89%"
"29.09.2020","24.445","23.805","23.510","23.510","90.77K","3.70%"
"28.09.2020","23.572","23.140","22.790","22.790","79.19K","1.77%"
"24.09.2020","23.162","22.940","21.820","21.820","92.92K","0.40%"
"23.09.2020","23.069","24.150","22.745","22.745","159.01K","-5.79%"
"22.09.2020","24.488","25.145","24.150","24.150","151.99K","0.54%"
"21.09.2020","24.356","26.790","24.385","24.385","109.44K","-10.01%"
"17.09.2020","27.066","27.000","26.610","26.610","53.09K","-1.37%"
"16.09.2020","27.443","27.455","27.455","27.455","95.31K","0.05%"
"15.09.2020","27.429","27.220","27.220","27.220","63.70K","0.44%"
"14.09.2020","27.310","27.115","27.115","27.115","60.45K","0.22%"
"10.09.2020","27.249","27.190","27.190","27.190","60.57K","0.77%"
"09.09.2020","27.041","27.150","27.150","27.150","86.96K","0.35%"
"08.09.2020","26.947","27.040","25.985","25.985","60.07K","0.44%"
"03.09.2020","26.828","27.190","26.635","26.635","114.60K","-1.88%"
"02.09.2020","27.343","28.300","27.410","27.410","125.57K","-4.31%"
"01.09.2020","28.575","28.750","28.155","28.155","126.39K","0.16%"
"31.08.2020","28.530","28.230","28.230","28.230","115.76K","5.32%"
"27.08.2020","27.090","27.695","26.630","26.630","103.77K","-1.54%"
"26.08.2020","27.514","26.615","26.225","26.225","131.42K","4.50%"
"25.08.2020","26.328","26.845","26.230","26.230","137.13K","-1.25%"
"24.08.2020","26.661","26.865","26.410","26.410","100.45K","-1.95%"
"20.08.2020","27.192","26.805","26.725","26.725","160.04K","-0.70%"
"19.08.2020","27.385","28.075","26.585","26.585","153.75K","-2.60%"
"18.08.2020","28.115","27.570","27.375","27.375","212.26K","1.44%"
"17.08.2020","27.717","26.760","26.115","26.115","213.36K","-0.16%"
"13.08.2020","27.762","25.715","25.715","25.715","223.22K","6.68%"
"12.08.2020","26.023","25.200","23.665","23.665","245.90K","-0.30%"
"11.08.2020","26.100","29.275","24.725","24.725","241.93K","-10.95%"
"10.08.2020","29.311","28.260","28.175","28.175","355.28K","2.95%"
"06.08.2020","28.470","27.150","27.145","27.145","283.92K","5.63%"
"05.08.2020","26.953","26.530","25.925","25.925","236.12K","3.30%"
"04.08.2020","26.091","24.570","24.570","24.570","212.52K","6.47%"
"03.08.2020","24.505","24.480","24.300","24.300","157.04K","4.50%"
"30.07.2020","23.450","24.735","23.280","23.280","139.82K","-3.58%"
"29.07.2020","24.321","24.580","23.435","23.435","154.86K","0.09%"
"28.07.2020","24.300","24.700","22.460","22.460","138.90K","-0.82%"
"27.07.2020","24.501","22.970","22.940","22.940","253.67K","6.58%"
"23.07.2020","22.988","23.405","22.475","22.475","111.99K","-0.67%"
"22.07.2020","23.144","21.700","21.680","21.680","182.28K","7.36%"
"21.07.2020","21.557","20.340","20.315","20.315","202.39K","6.76%"
"20.07.2020","20.192","19.765","19.655","19.655","142.78K","3.16%"
"16.07.2020","19.573","19.820","19.475","19.475","56.42K","-0.95%"
"15.07.2020","19.761","19.645","19.525","19.525","54.37K","1.18%"
"14.07.2020","19.530","19.455","19.240","19.240","58.39K","-1.30%"
"13.07.2020","19.788","19.080","19.080","19.080","73.78K","4.36%"
"09.07.2020","18.962","19.150","18.830","18.830","62.08K","-1.04%"
"08.07.2020","19.161","18.625","18.585","18.585","102.76K","2.47%"
"07.07.2020","18.699","18.585","18.235","18.235","84.23K","0.63%"
"06.07.2020","18.582","18.270","18.245","18.245","71.67K","1.42%"
"02.07.2020","18.322","18.285","17.995","17.995","63.13K","0.57%"
"01.07.2020","18.218","18.580","18.095","18.095","49.86K","-2.25%"
"30.06.2020","18.637","18.095","18.020","18.020","86.82K","3.17%"
"29.06.2020","18.064","18.110","17.935","17.935","75.09K","0.53%"
"25.06.2020","17.968","17.635","17.560","17.560","41.65K","1.32%"
"24.06.2020","17.734","18.230","17.600","17.600","46.32K","-2.32%"
"23.06.2020","18.155","17.940","17.900","17.900","71.47K","0.91%"
"22.06.2020","17.992","18.040","17.880","17.880","75.91K","2.22%"
"18.06.2020","17.601","17.750","17.570","17.570","64.57K","-1.45%"
"17.06.2020","17.860","17.800","17.725","17.725","47.76K","0.70%"
"16.06.2020","17.735","17.665","17.550","17.550","43.10K","1.44%"
"15.06.2020","17.484","17.635","17.125","17.125","65.04K","-2.70%"
"11.06.2020","17.970","18.360","17.830","17.830","60.63K","0.48%"
"10.06.2020","17.884","18.030","17.845","17.845","90.45K","-0.07%"
"09.06.2020","17.896","17.920","17.830","17.830","88.22K","-0.55%"
"08.06.2020","17.995","17.635","17.635","17.635","54.90K","-0.67%"
"04.06.2020","18.116","17.860","17.860","17.860","87.12K","0.57%"
"03.06.2020","18.013","18.295","17.765","17.765","56.56K","-1.65%"
"02.06.2020","18.315","18.850","18.400","18.400","72.24K","-2.94%"
"01.06.2020","18.869","18.740","18.685","18.685","78.44K","4.78%"
"28.05.2020","18.009","17.855","17.775","17.775","64.04K","1.42%"
"27.05.2020","17.757","17.560","17.225","17.225","61.04K","0.92%"
"26.05.2020","17.595","17.630","17.370","17.370","65.07K","1.33%"
"21.05.2020","17.364","18.055","17.260","17.260","51.24K","-3.70%"
"20.05.2020","18.031","17.875","17.755","17.755","74.68K","0.73%"
"19.05.2020","17.901","17.370","17.340","17.340","62.49K","2.48%"
"18.05.2020","17.468","17.225","17.125","17.125","66.69K","8.12%"
"14.05.2020","16.156","15.755","15.660","15.660","80.68K","3.09%"
"13.05.2020","15.671","15.625","15.545","15.545","52.22K","-0.24%"
"12.05.2020","15.709","15.700","15.525","15.525","42.56K","0.18%"
"11.05.2020","15.680","15.755","15.510","15.510","35.61K","0.58%"
"07.05.2020","15.590","14.920","14.920","14.920","58.81K","3.83%"
"06.05.2020","15.015","15.115","14.840","14.840","49.27K","-0.63%"
"05.05.2020","15.110","14.845","14.760","14.760","38.73K","2.12%"
"04.05.2020","14.796","15.075","14.760","14.760","32.04K","-1.18%"
"30.04.2020","14.973","15.530","14.850","14.850","32.19K","-2.23%"
"29.04.2020","15.315","15.330","15.235","15.235","66.67K","0.36%"
"28.04.2020","15.260","15.375","15.025","15.025","42.10K","-0.25%"
"27.04.2020","15.299","15.475","15.240","15.240","28.28K","-0.53%"
"23.04.2020","15.381","15.350","15.310","15.310","39.19K","0.14%"
"22.04.2020","15.359","15.085","14.875","14.875","47.87K","3.08%"
"21.04.2020","14.900","15.610","14.700","14.700","42.94K","-4.72%"
"20.04.2020","15.638","15.380","15.380","15.380","68.55K","-0.05%"
"16.04.2020","15.646","15.625","15.625","15.625","41.18K","0.75%"
"15.04.2020","15.529","16.090","15.600","15.600","43.47K","-3.87%"
"14.04.2020","16.154","15.810","15.810","15.810","51.17K","3.81%"
"13.04.2020","15.561","16.000","15.470","15.470","63.63K","2.18%"
"08.04.2020","15.229","15.280","15.155","15.155","64.32K","-1.77%"
"07.04.2020","15.504","15.650","15.265","15.265","43.34K","2.05%"
"06.04.2020","15.193","14.655","14.645","14.645","69.75K","3.51%"
"02.04.2020","14.678","14.585","14.575","14.575","38.18K","4.78%"
"01.04.2020","14.008","14.175","14.175","14.175","55.52K","-1.21%"
"31.03.2020","14.180","14.105","14.105","14.105","44.03K","0.17%"
"30.03.2020","14.156","14.730","13.995","13.995","50.96K","-3.54%"
"26.03.2020","14.676","14.770","14.400","14.400","54.39K","-1.32%"
"25.03.2020","14.873","14.415","14.205","14.205","52.83K","4.32%"
"24.03.2020","14.257","13.320","13.220","13.220","78.77K","7.51%"
"23.03.2020","13.261","12.615","12.290","12.290","109.94K","9.29%"
"19.03.2020","12.134","11.975","11.760","11.760","81.76K","3.08%"
"18.03.2020","11.772","12.610","11.640","11.640","77.37K","-5.79%"
"17.03.2020","12.495","12.860","12.110","12.110","122.77K","-2.50%"
"16.03.2020","12.816","15.100","11.770","11.770","111.38K","-19.93%"
"12.03.2020","16.005","16.720","15.505","15.505","162.45K","-4.60%"
"11.03.2020","16.776","16.875","16.660","16.660","147.26K","-1.06%"
"10.03.2020","16.955","17.020","16.790","16.790","56.85K","-0.58%"
"09.03.2020","17.054","17.490","16.550","16.550","76.90K","-1.95%"
"05.03.2020","17.393","17.230","17.150","17.150","94.55K","0.85%"
"04.03.2020","17.246","17.205","17.075","17.075","53.48K","0.34%"
"03.03.2020","17.188","16.665","16.665","16.665","67.25K","2.68%"
"02.03.2020","16.739","16.500","16.445","16.445","114.57K","-5.62%"
"27.02.2020","17.735","17.945","17.630","17.630","221.54K","-0.78%"
"26.02.2020","17.874","18.035","17.785","17.785","122.38K","-1.95%"
"25.02.2020","18.229","18.665","17.910","17.910","96.32K","-3.67%"
"24.02.2020","18.923","18.675","18.585","18.585","153.70K","3.03%"
"20.02.2020","18.367","18.415","18.255","18.255","114.90K","0.04%"
"19.02.2020","18.359","18.200","18.200","18.200","98.11K","0.92%"
"18.02.2020","18.192","17.760","17.760","17.760","93.64K","3.01%"
"13.02.2020","17.660","17.575","17.575","17.575","56.24K","0.70%"
"12.02.2020","17.537","17.620","17.480","17.480","69.82K","-0.57%"
"11.02.2020","17.638","17.770","17.595","17.595","73.62K","-1.05%"
"10.02.2020","17.826","17.765","17.725","17.725","70.84K","-0.17%"
"06.02.2020","17.857","17.635","17.635","17.635","68.87K","1.21%"
"05.02.2020","17.643","17.585","17.560","17.560","60.51K","0.24%"
"04.02.2020","17.600","17.745","17.585","17.585","59.86K","-0.63%"
"03.02.2020","17.712","18.135","17.640","17.640","59.68K","-1.77%"
"30.01.2020","18.032","17.620","17.620","17.620","63.34K","3.12%"
"29.01.2020","17.487","17.440","17.280","17.280","96.96K","0.17%"
"28.01.2020","17.458","18.095","17.420","17.420","63.16K","-3.31%"
"27.01.2020","18.056","18.260","18.040","18.040","110.54K","1.27%"
"23.01.2020","17.829","17.835","17.590","17.590","68.05K","0.01%"
"22.01.2020","17.828","17.785","17.675","17.675","69.27K","0.11%"
"21.01.2020","17.808","18.040","17.620","17.620","57.76K","-0.73%"
"16.01.2020","17.939","18.010","17.875","17.875","69.18K","-0.27%"
"15.01.2020","17.988","17.800","17.755","17.755","58.31K","1.39%"
"14.01.2020","17.742","17.975","17.690","17.690","73.76K","-1.41%"
"13.01.2020","17.996","18.130","17.935","17.935","84.39K","0.33%"
"09.01.2020","17.936","18.120","17.815","17.815","80.66K","-1.27%"
"08.01.2020","18.167","18.450","18.085","18.085","101.36K","-1.23%"
"07.01.2020","18.393","18.185","17.975","17.975","180.48K","1.18%"
"06.01.2020","18.179","18.170","18.045","18.045","111.96K","0.74%"
"02.01.2020","18.046","17.905","17.830","17.830","110.02K","0.70%"
"31.12.2019","17.921","17.970","18.200","17.870","62.11K","-0.44%"
"30.12.2019","18.001","17.860","18.020","17.830","62.11K","0.25%"
"26.12.2019","17.956","17.795","18.100","17.785","70.18K","2.82%"
"23.12.2019","17.463","17.250","17.460","17.250","64.68K","2.03%"
"19.12.2019","17.116","16.920","17.115","16.920","65.65K","0.62%"
"18.12.2019","17.010","17.075","17.075","16.980","47.39K","-0.15%"
"17.12.2019","17.036","17.090","17.115","17.045","47.19K","-0.24%"
"16.12.2019","17.077","16.930","17.085","16.930","45.74K","0.98%"
"12.12.2019","16.912","16.895","17.095","16.800","77.90K","0.61%"
"11.12.2019","16.810","16.840","16.875","16.840","113.42K","0.88%"
"10.12.2019","16.664","16.655","16.770","16.625","62.67K","0.39%"
"09.12.2019","16.600","16.595","16.595","16.595","50.20K","-2.46%"
"05.12.2019","17.019","16.905","16.995","16.905","110.18K","0.82%"
"04.12.2019","16.881","17.200","17.200","16.900","69.27K","-1.88%"
"03.12.2019","17.204","17.050","17.220","17.035","112.99K","1.70%"
"02.12.2019","16.916","17.025","17.025","16.870","90.11K","-0.55%"
"27.11.2019","17.009","17.190","17.200","17.025","69.20K","-0.51%"
"26.11.2019","17.096","16.840","17.125","16.840","61.62K","0.93%"
"25.11.2019","16.939","16.995","17.000","16.880","84.26K","-1.03%"
"21.11.2019","17.116","17.210","17.210","17.065","78.64K","-0.29%"
"20.11.2019","17.166","17.120","17.220","17.065","95.17K","-0.02%"
"19.11.2019","17.169","17.080","17.200","17.000","98.37K","0.69%"
"18.11.2019","17.051","17.015","17.080","16.795","94.71K","-0.16%"
"14.11.2019","17.078","17.000","17.115","16.945","66.80K","0.68%"
"13.11.2019","16.963","16.815","17.000","16.815","79.01K","1.33%"
"12.11.2019","16.740","16.730","16.835","16.680","99.84K","-0.66%"
"11.11.2019","16.852","16.815","16.955","16.690","93.98K","-1.25%"
"07.11.2019","17.065","17.655","17.690","17.000","135.57K","-3.34%"
"06.11.2019","17.654","17.635","17.660","17.450","166.41K","0.18%"
"05.11.2019","17.623","18.115","18.115","17.600","101.43K","-2.76%"
"04.11.2019","18.123","18.195","18.210","18.035","141.97K","-0.01%"
"31.10.2019","18.124","17.990","18.165","17.975","89.93K","1.13%"
"30.10.2019","17.921","17.870","17.990","17.735","103.41K","0.50%"
"29.10.2019","17.831","17.870","17.905","17.605","84.39K","-0.25%"
"28.10.2019","17.876","18.065","18.145","17.785","78.57K","0.40%"
"24.10.2019","17.804","17.575","17.860","17.485","133.99K","1.27%"
"23.10.2019","17.580","17.550","17.630","17.515","76.01K","0.46%"
"22.10.2019","17.500","17.580","17.680","17.440","51.19K","-0.58%"
"21.10.2019","17.602","17.615","17.895","17.530","56.64K","-0.06%"
"17.10.2019","17.612","17.415","17.665","17.330","48.12K","1.06%"
"16.10.2019","17.427","17.430","17.490","17.180","62.37K","0.25%"
"15.10.2019","17.384","17.695","17.765","17.370","80.64K","-1.84%"
"14.10.2019","17.710","17.590","17.735","17.455","71.96K","0.61%"
"10.10.2019","17.602","17.800","17.935","17.455","102.67K","-1.17%"
"09.10.2019","17.810","17.775","18.000","17.720","93.95K","0.62%"
"08.10.2019","17.700","17.490","17.860","17.305","67.68K","0.91%"
"07.10.2019","17.540","17.665","17.700","17.435","91.07K","-0.77%"
"03.10.2019","17.676","17.630","17.845","17.515","59.58K","-0.04%"
"02.10.2019","17.683","17.310","17.730","17.240","70.00K","2.20%"
"01.10.2019","17.302","17.045","17.375","16.940","70.48K","1.79%"
"30.09.2019","16.998","17.590","17.660","16.980","82.42K","-4.85%"
"26.09.2019","17.864","17.915","18.050","17.760","134.22K","-0.89%"
"25.09.2019","18.024","18.670","18.695","17.865","110.04K","-2.99%"
"24.09.2019","18.579","18.640","18.710","18.285","132.58K","-0.44%"
"23.09.2019","18.661","17.850","18.685","17.850","132.63K","4.63%"
"19.09.2019","17.835","17.785","17.930","17.670","59.13K","-0.19%"
"18.09.2019","17.869","18.060","18.060","17.570","65.97K","-1.21%"
"17.09.2019","18.088","17.835","18.090","17.835","100.53K","0.63%"
"16.09.2019","17.974","17.775","17.940","17.775","88.43K","-0.83%"
"12.09.2019","18.125","18.130","18.440","18.080","106.47K","0.05%"
"11.09.2019","18.116","18.180","18.180","18.050","99.70K","-0.08%"
"10.09.2019","18.131","18.000","18.185","18.000","84.66K","0.08%"
"09.09.2019","18.116","18.095","18.205","18.080","116.63K","-3.39%"
"05.09.2019","18.752","19.510","19.510","18.730","221.80K","-3.80%"
"04.09.2019","19.493","19.320","19.425","19.320","194.13K","1.60%"
"03.09.2019","19.186","18.585","19.190","18.470","156.69K","4.99%"
"29.08.2019","18.274","18.450","18.760","18.150","115.42K","-0.49%"
"28.08.2019","18.364","18.180","18.520","18.065","161.56K","0.91%"
"27.08.2019","18.199","17.670","18.220","17.655","97.74K","2.91%"
"26.08.2019","17.685","17.460","17.780","17.460","107.65K","3.51%"
"22.08.2019","17.086","17.095","17.145","16.965","112.35K","-0.65%"
"21.08.2019","17.197","17.140","17.215","17.080","70.97K","0.02%"
"20.08.2019","17.194","16.925","17.220","16.925","70.32K","1.23%"
"19.08.2019","16.985","17.150","17.150","16.870","72.36K","-1.56%"
"15.08.2019","17.254","17.240","17.355","17.160","71.92K","-0.42%"
"14.08.2019","17.326","17.005","17.320","16.925","96.52K","1.75%"
"13.08.2019","17.028","17.350","17.525","16.560","116.02K","-0.51%"
"12.08.2019","17.116","17.035","17.180","16.880","182.99K","0.82%"
"08.08.2019","16.976","17.155","17.200","16.875","98.62K","-1.51%"
"07.08.2019","17.237","16.525","17.275","16.525","124.04K","4.56%"
"06.08.2019","16.485","16.535","16.540","16.415","174.98K","0.32%"
"05.08.2019","16.433","16.285","16.565","16.285","71.82K","1.33%"
"01.08.2019","16.217","16.040","16.395","16.040","100.15K","-1.38%"
"31.07.2019","16.444","16.525","16.525","16.350","122.90K","-0.95%"
"30.07.2019","16.601","16.615","16.765","16.560","107.09K","0.98%"
"29.07.2019","16.440","16.420","16.500","16.360","57.74K","0.18%"
"25.07.2019","16.411","16.620","16.685","16.345","80.58K","-1.29%"
"24.07.2019","16.626","16.435","16.680","16.350","121.09K","0.91%"
"23.07.2019","16.476","16.380","16.575","16.205","84.63K","0.40%"
"22.07.2019","16.411","16.255","16.455","16.195","111.41K","1.31%"
"18.07.2019","16.198","16.005","16.385","15.960","173.87K","1.42%"
"17.07.2019","15.971","15.585","16.030","15.555","149.09K","1.87%"
"16.07.2019","15.678","15.415","15.735","15.340","111.24K","2.04%"
"15.07.2019","15.365","15.240","15.430","15.185","128.87K","1.45%"
"11.07.2019","15.146","15.265","15.345","15.120","49.16K","-0.53%"
"10.07.2019","15.226","15.135","15.315","15.070","60.63K","0.52%"
"09.07.2019","15.147","15.035","15.155","14.965","73.72K","0.64%"
"08.07.2019","15.050","15.050","15.150","14.985","49.64K","-1.86%"
"03.07.2019","15.336","15.370","15.510","15.240","109.25K","0.64%"
"02.07.2019","15.238","15.160","15.365","15.070","66.80K","0.30%"
"01.07.2019","15.193","15.315","15.345","15.155","71.31K","-0.66%"
"27.06.2019","15.294","15.340","15.355","15.205","57.10K","-0.27%"
"26.06.2019","15.335","15.360","15.375","15.195","74.82K","-0.05%"
"25.06.2019","15.342","15.480","15.535","15.315","93.66K","-0.49%"
"24.06.2019","15.418","15.400","15.485","15.330","142.47K","-0.71%"
"20.06.2019","15.529","15.190","15.515","15.160","143.03K","3.57%"
"19.06.2019","14.994","15.000","15.205","14.945","203.97K","-0.23%"
"18.06.2019","15.029","14.860","15.060","14.860","88.34K","1.12%"
"17.06.2019","14.863","14.885","14.905","14.795","106.33K","-0.42%"
"13.06.2019","14.926","14.780","14.905","14.780","115.81K","0.95%"
"12.06.2019","14.786","14.800","14.870","14.785","76.05K","0.08%"
"11.06.2019","14.774","14.715","14.810","14.670","71.98K","0.68%"
"10.06.2019","14.674","14.855","14.855","14.665","79.80K","-1.79%"
"06.06.2019","14.941","14.970","14.995","14.915","104.80K","0.78%"
"05.06.2019","14.826","14.890","14.970","14.800","80.74K","0.12%"
"04.06.2019","14.808","14.785","14.805","14.745","132.02K","0.19%"
"03.06.2019","14.780","14.680","14.855","14.680","96.39K","1.72%"
"30.05.2019","14.530","14.475","14.630","14.420","88.36K","0.83%"
"29.05.2019","14.411","14.325","14.450","14.320","58.64K","0.64%"
"28.05.2019","14.320","14.545","14.610","14.265","72.67K","-2.01%"
"23.05.2019","14.613","14.420","14.635","14.400","40.68K","1.14%"
"22.05.2019","14.449","14.420","14.480","14.370","68.45K","0.27%"
"21.05.2019","14.410","14.435","14.460","14.350","36.91K","-0.24%"
"20.05.2019","14.445","14.395","14.460","14.355","47.47K","-0.65%"
"16.05.2019","14.539","14.790","14.825","14.515","63.19K","-1.84%"
"15.05.2019","14.812","14.800","14.865","14.765","69.18K","0.00%"
"14.05.2019","14.812","14.780","14.865","14.745","43.23K","0.24%"
"13.05.2019","14.777","14.775","14.815","14.615","47.64K","0.03%"
"09.05.2019","14.773","14.845","14.875","14.705","45.82K","-0.60%"
"08.05.2019","14.862","14.920","14.990","14.835","59.56K","-0.43%"
"07.05.2019","14.926","14.910","14.955","14.810","53.11K","-0.01%"
"06.05.2019","14.927","14.960","14.990","14.770","55.91K","2.12%"
"02.05.2019","14.617","14.690","14.735","14.570","84.55K","-0.76%"
"01.05.2019","14.729","14.975","14.985","14.620","64.59K","-1.70%"
"30.04.2019","14.984","14.940","15.040","14.835","85.72K","0.34%"
"29.04.2019","14.933","15.115","15.115","14.905","62.08K","0.09%"
"25.04.2019","14.920","14.920","15.015","14.860","78.21K","-0.24%"
"24.04.2019","14.956","14.820","14.995","14.780","68.61K","0.86%"
"23.04.2019","14.829","14.995","15.025","14.735","84.04K","-1.25%"
"22.04.2019","15.016","15.020","15.065","15.000","86.03K","0.25%"
"17.04.2019","14.979","15.005","15.095","14.965","59.16K","0.15%"
"16.04.2019","14.956","14.990","15.005","14.875","78.51K","-0.43%"
"15.04.2019","15.021","14.980","15.030","14.845","71.05K","0.74%"
"11.04.2019","14.911","15.250","15.255","14.900","70.74K","-2.48%"
"10.04.2019","15.290","15.230","15.280","15.205","106.24K","0.20%"
"09.04.2019","15.259","15.280","15.300","15.235","63.27K","-0.03%"
"08.04.2019","15.263","15.130","15.270","15.130","61.10K","0.85%"
"04.04.2019","15.135","15.045","15.200","14.965","66.86K","-0.12%"
"03.04.2019","15.153","15.190","15.190","15.085","74.19K","0.28%"
"02.04.2019","15.111","15.100","15.135","15.035","59.92K","-0.24%"
"01.04.2019","15.148","15.175","15.200","15.115","69.93K","0.86%"
"28.03.2019","15.019","15.370","15.410","15.045","72.20K","-1.82%"
"27.03.2019","15.298","15.425","15.475","15.255","86.59K","-0.85%"
"26.03.2019","15.429","15.545","15.560","15.390","58.95K","-0.89%"
"25.03.2019","15.567","15.405","15.590","15.385","53.10K","0.84%"
"21.03.2019","15.437","15.485","15.650","15.380","53.66K","0.78%"
"20.03.2019","15.318","15.360","15.565","15.265","72.41K","-0.35%"
"19.03.2019","15.372","15.345","15.450","15.320","65.90K","0.33%"
"18.03.2019","15.322","15.315","15.425","15.220","39.61K","1.00%"
"14.03.2019","15.171","15.455","15.470","15.135","58.86K","-1.84%"
"13.03.2019","15.456","15.440","15.550","15.435","69.84K","0.28%"
"12.03.2019","15.413","15.330","15.490","15.310","46.36K","0.91%"
"11.03.2019","15.274","15.320","15.365","15.225","53.98K","1.56%"
"07.03.2019","15.040","15.100","15.130","14.985","73.17K","-0.30%"
"06.03.2019","15.085","15.150","15.175","15.055","61.27K","-0.13%"
"05.03.2019","15.105","15.115","15.175","15.060","56.77K","0.00%"
"04.03.2019","15.105","15.225","15.295","15.075","67.84K","-3.38%"
"28.02.2019","15.634","15.770","15.860","15.605","102.86K","-0.84%"
"27.02.2019","15.766","15.980","16.010","15.735","65.41K","-0.71%"
"26.02.2019","15.879","15.880","15.930","15.780","69.16K","0.03%"
"25.02.2019","15.875","15.910","16.000","15.875","60.81K","0.17%"
"21.02.2019","15.848","16.095","16.095","15.805","68.14K","-2.32%"
"20.02.2019","16.225","16.055","16.220","16.030","101.00K","1.32%"
"19.02.2019","16.013","15.820","16.020","15.790","114.10K","2.81%"
"14.02.2019","15.575","15.600","15.640","15.510","71.50K","-0.79%"
"13.02.2019","15.699","15.695","15.820","15.565","80.46K","-0.26%"
"12.02.2019","15.740","15.845","15.845","15.845","77.48K","0.00%"
"11.02.2019","15.740","15.860","15.875","15.750","60.67K","-0.13%"
"07.02.2019","15.760","15.715","15.765","15.685","55.47K","0.07%"
"06.02.2019","15.749","15.850","15.850","15.790","58.37K","-0.84%"
"05.02.2019","15.883","15.880","15.910","15.880","53.18K","-0.28%"
"04.02.2019","15.928","15.830","15.830","15.830","44.22K","-1.19%"
"31.01.2019","16.120","16.080","16.080","16.080","69.77K","0.91%"
"30.01.2019","15.974","15.940","16.210","15.925","80.26K","0.85%"
"29.01.2019","15.839","15.755","15.925","15.725","80.54K","0.47%"
"28.01.2019","15.765","15.755","15.830","15.610","60.00K","3.04%"
"24.01.2019","15.300","15.370","15.405","15.245","80.95K","-0.52%"
"23.01.2019","15.380","15.345","15.445","15.275","47.64K","0.36%"
"22.01.2019","15.325","15.375","15.385","15.195","56.86K","-1.36%"
"17.01.2019","15.536","15.625","15.645","15.480","55.59K","-0.65%"
"16.01.2019","15.638","15.620","15.685","15.520","54.25K","0.12%"
"15.01.2019","15.620","15.690","15.735","15.575","49.14K","-0.42%"
"14.01.2019","15.686","15.640","15.700","15.585","61.68K","0.27%"
"10.01.2019","15.643","15.800","15.830","15.585","65.33K","-0.58%"
"09.01.2019","15.735","15.715","15.825","15.630","63.41K","0.14%"
"08.01.2019","15.713","15.725","15.745","15.560","78.69K","-0.27%"
"07.01.2019","15.756","15.800","15.880","15.680","64.41K","-0.26%"
"03.01.2019","15.797","15.630","15.815","15.550","99.94K","0.95%"
"02.01.2019","15.649","15.550","15.680","15.385","90.48K","2.55%"
"27.12.2018","15.260","15.070","15.260","15.020","60.78K","1.20%"
"26.12.2018","15.079","14.760","15.195","14.760","78.86K","1.79%"
"20.12.2018","14.814","14.595","14.850","14.595","52.33K","0.29%"
"19.12.2018","14.771","14.820","14.820","14.610","76.60K","0.78%"
"18.12.2018","14.656","14.690","14.715","14.650","70.30K","-0.39%"
"17.12.2018","14.714","14.595","14.700","14.595","45.55K","-0.61%"
"13.12.2018","14.805","14.760","14.790","14.760","66.41K","0.01%"
"12.12.2018","14.804","14.625","14.820","14.625","50.19K","1.55%"
"11.12.2018","14.578","14.700","14.760","14.580","65.80K","0.16%"
"10.12.2018","14.555","14.580","14.595","14.565","75.44K","0.64%"
"06.12.2018","14.462","14.410","14.495","14.390","65.07K","-0.52%"
"05.12.2018","14.537","14.455","14.525","14.455","64.48K","-0.40%"
"04.12.2018","14.595","14.560","14.575","14.545","32.86K","0.98%"
"03.12.2018","14.453","14.400","14.565","14.400","76.61K","0.68%"
"29.11.2018","14.356","14.420","14.470","14.340","78.67K","-0.11%"
"28.11.2018","14.372","14.155","14.400","14.125","78.09K","1.67%"
"27.11.2018","14.136","14.270","14.310","14.110","84.40K","-0.85%"
"26.11.2018","14.257","14.345","14.445","14.245","84.45K","-1.96%"
"21.11.2018","14.542","14.340","14.575","14.315","101.36K","1.61%"
"20.11.2018","14.311","14.430","14.500","14.280","77.88K","-0.92%"
"19.11.2018","14.444","14.425","14.455","14.380","102.45K","0.98%"
"15.11.2018","14.304","14.145","14.345","14.130","79.03K","1.27%"
"14.11.2018","14.124","14.040","14.185","13.925","79.83K","0.72%"
"13.11.2018","14.023","14.035","14.115","13.980","93.28K","-0.22%"
"12.11.2018","14.054","14.175","14.220","14.010","90.15K","-2.85%"
"08.11.2018","14.467","14.480","14.570","14.415","116.98K","-0.99%"
"07.11.2018","14.612","14.600","14.715","14.600","91.31K","0.47%"
"06.11.2018","14.543","14.705","14.715","14.540","83.28K","-1.01%"
"05.11.2018","14.691","14.800","14.800","14.650","69.78K","-0.88%"
"01.11.2018","14.821","14.305","14.850","14.300","106.74K","3.47%"
"31.10.2018","14.324","14.430","14.430","14.300","121.88K","-1.24%"
"30.10.2018","14.504","14.535","14.535","14.475","79.22K","0.43%"
"29.10.2018","14.442","14.720","14.780","14.405","76.30K","-1.29%"
"25.10.2018","14.630","14.720","14.800","14.610","84.75K","-0.31%"
"24.10.2018","14.676","14.775","14.830","14.660","70.47K","-0.79%"
"23.10.2018","14.793","14.585","14.840","14.540","64.15K","1.41%"
"22.10.2018","14.587","14.650","14.715","14.540","86.18K","-0.12%"
"18.10.2018","14.604","14.625","14.680","14.470","57.03K","-0.40%"
"17.10.2018","14.663","14.675","14.760","14.615","76.14K","-0.26%"
"16.10.2018","14.701","14.725","14.880","14.640","59.83K","-0.18%"
"15.10.2018","14.727","14.625","14.805","14.615","67.28K","0.83%"
"11.10.2018","14.606","14.335","14.650","14.275","70.70K","1.95%"
"10.10.2018","14.326","14.420","14.455","14.255","97.85K","-0.51%"
"09.10.2018","14.400","14.420","14.470","14.285","61.50K","0.50%"
"08.10.2018","14.329","14.665","14.700","14.285","65.02K","-1.79%"
"04.10.2018","14.590","14.665","14.805","14.560","61.93K","-0.55%"
"03.10.2018","14.670","14.730","14.855","14.650","77.16K","-0.16%"
"02.10.2018","14.693","14.535","14.950","14.470","66.41K","1.28%"
"01.10.2018","14.507","14.725","14.725","14.395","106.11K","1.52%"
"27.09.2018","14.290","14.375","14.480","14.195","117.07K","-0.45%"
"26.09.2018","14.354","14.460","14.475","14.300","87.46K","-0.63%"
"25.09.2018","14.445","14.255","14.500","14.220","88.58K","1.04%"
"24.09.2018","14.296","14.265","14.340","14.180","97.95K","0.24%"
"20.09.2018","14.262","14.330","14.335","14.200","103.37K","0.15%"
"19.09.2018","14.240","14.225","14.290","14.185","87.10K","0.67%"
"18.09.2018","14.145","14.130","14.190","14.105","79.41K","-0.27%"
"17.09.2018","14.183","14.035","14.215","14.035","69.08K","-0.11%"
"13.09.2018","14.199","14.220","14.305","14.180","66.73K","-0.33%"
"12.09.2018","14.246","14.145","14.245","14.065","82.53K","0.95%"
"11.09.2018","14.112","14.180","14.180","14.110","83.95K","-0.18%"
"10.09.2018","14.138","14.190","14.190","14.145","81.31K","-0.02%"
"06.09.2018","14.141","14.220","14.340","14.130","81.29K","-0.28%"
"05.09.2018","14.180","14.150","14.150","14.150","72.88K","0.25%"
"04.09.2018","14.145","14.480","14.480","14.080","67.29K","-2.79%"
"30.08.2018","14.551","14.780","14.825","14.545","62.90K","-1.24%"
"29.08.2018","14.733","14.730","14.765","14.635","81.13K","-0.59%"
"28.08.2018","14.820","14.895","14.990","14.655","68.75K","-0.54%"
"27.08.2018","14.901","14.835","14.910","14.755","95.48K","2.22%"
"23.08.2018","14.577","14.705","14.705","14.500","97.52K","-1.41%"
"22.08.2018","14.785","14.805","14.870","14.735","92.20K","-0.09%"
"21.08.2018","14.799","14.810","14.855","14.790","97.02K","0.65%"
"20.08.2018","14.703","14.785","14.820","14.680","69.40K","-0.28%"
"16.08.2018","14.745","14.465","14.840","14.380","75.07K","1.77%"
"15.08.2018","14.488","15.085","15.085","14.395","111.78K","-3.96%"
"14.08.2018","15.086","15.090","15.090","15.065","142.15K","0.47%"
"13.08.2018","15.016","15.280","15.290","15.020","66.78K","-3.09%"
"09.08.2018","15.495","15.540","15.540","15.500","83.08K","0.20%"
"08.08.2018","15.464","15.415","15.440","15.345","63.86K","0.38%"
"07.08.2018","15.405","15.405","15.405","15.405","59.94K","0.16%"
"06.08.2018","15.381","15.480","15.480","15.340","61.17K","-0.24%"
"02.08.2018","15.418","15.395","15.395","15.395","73.62K","-0.45%"
"01.08.2018","15.488","15.585","15.585","15.480","62.23K","-0.70%"
"31.07.2018","15.597","15.630","15.630","15.630","58.31K","-0.45%"
"30.07.2018","15.667","15.590","15.655","15.520","75.39K","1.11%"
"26.07.2018","15.495","15.620","15.700","15.390","59.41K","-0.60%"
"25.07.2018","15.589","15.480","15.655","15.470","56.67K","0.44%"
"24.07.2018","15.520","15.395","15.630","15.340","60.42K","0.62%"
"23.07.2018","15.425","15.540","15.580","15.350","70.89K","0.15%"
"19.07.2018","15.402","15.565","15.590","15.185","81.07K","-1.10%"
"18.07.2018","15.574","15.585","15.625","15.410","103.53K","-0.28%"
"17.07.2018","15.617","15.800","15.885","15.560","71.77K","-1.23%"
"16.07.2018","15.812","15.805","15.900","15.765","80.89K","-1.03%"
"12.07.2018","15.977","15.825","16.025","15.780","78.40K","1.01%"
"11.07.2018","15.817","16.105","16.110","15.805","64.14K","-1.68%"
"10.07.2018","16.087","16.150","16.200","15.920","86.97K","-0.32%"
"09.07.2018","16.139","16.065","16.260","16.055","68.89K","0.26%"
"05.07.2018","16.097","16.060","16.195","15.970","58.13K","0.34%"
"03.07.2018","16.043","15.880","16.085","15.815","89.47K","1.31%"
"02.07.2018","15.835","16.145","16.180","15.800","72.28K","-1.28%"
"28.06.2018","16.041","16.125","16.185","15.965","70.39K","-0.96%"
"27.06.2018","16.196","16.320","16.325","16.000","109.59K","-0.60%"
"26.06.2018","16.293","16.360","16.390","16.185","96.14K","-0.47%"
"25.06.2018","16.370","16.525","16.525","16.340","84.54K","0.04%"
"21.06.2018","16.364","16.330","16.365","16.230","73.07K","0.10%"
"20.06.2018","16.348","16.380","16.390","16.320","84.59K","-0.10%"
"19.06.2018","16.364","16.565","16.580","16.290","72.54K","-0.71%"
"18.06.2018","16.481","16.580","16.680","16.485","117.42K","-4.73%"
"14.06.2018","17.299","17.025","17.360","17.025","173.55K","1.60%"
"13.06.2018","17.027","16.890","17.145","16.870","143.01K","0.59%"
"12.06.2018","16.927","16.940","17.000","16.860","109.68K","-0.38%"
"11.06.2018","16.991","16.920","17.000","16.830","80.92K","0.82%"
"07.06.2018","16.852","16.720","16.960","16.720","73.29K","0.73%"
"06.06.2018","16.730","16.760","16.800","16.750","123.78K","0.87%"
"05.06.2018","16.586","16.555","16.555","16.555","116.38K","0.67%"
"04.06.2018","16.476","16.505","16.565","16.505","77.13K","-0.16%"
"31.05.2018","16.503","16.570","16.600","16.570","72.77K","-0.51%"
"30.05.2018","16.587","16.485","16.660","16.415","74.06K","1.31%"
"29.05.2018","16.373","16.530","16.530","16.310","65.13K","-1.88%"
"24.05.2018","16.687","16.475","16.715","16.420","72.71K","1.72%"
"23.05.2018","16.405","16.555","16.600","16.330","91.02K","-1.03%"
"22.05.2018","16.575","16.530","16.700","16.465","89.46K","0.33%"
"21.05.2018","16.520","16.430","16.535","16.280","73.53K","0.24%"
"17.05.2018","16.481","16.385","16.505","16.335","44.05K","0.67%"
"16.05.2018","16.371","16.285","16.435","16.190","65.79K","0.63%"
"15.05.2018","16.269","16.540","16.565","16.205","63.08K","-2.26%"
"14.05.2018","16.645","16.700","16.760","16.515","94.15K","-0.68%"
"10.05.2018","16.759","16.520","16.790","16.500","58.62K","1.33%"
"09.05.2018","16.539","16.510","16.655","16.375","86.18K","0.41%"
"08.05.2018","16.472","16.505","16.550","16.335","73.20K","-0.14%"
"07.05.2018","16.495","16.550","16.600","16.430","76.50K","0.29%"
"03.05.2018","16.447","16.405","16.620","16.385","47.81K","0.44%"
"02.05.2018","16.375","16.190","16.565","16.175","68.26K","1.54%"
"01.05.2018","16.127","16.345","16.370","16.070","100.22K","-1.67%"
"30.04.2018","16.401","16.555","16.580","16.225","83.17K","-0.80%"
"26.04.2018","16.533","16.575","16.620","16.425","65.08K","-0.04%"
"25.04.2018","16.539","16.720","16.745","16.520","69.51K","-1.22%"
"24.04.2018","16.744","16.655","16.755","16.580","81.37K","0.72%"
"23.04.2018","16.624","17.135","17.135","16.640","119.14K","-3.74%"
"19.04.2018","17.269","17.235","17.385","17.130","95.70K","-0.10%"
"18.04.2018","17.286","16.810","17.300","16.810","141.09K","2.79%"
"17.04.2018","16.817","16.705","16.825","16.630","176.55K","0.65%"
"16.04.2018","16.708","16.660","16.800","16.640","89.71K","1.19%"
"12.04.2018","16.511","16.720","16.720","16.480","65.17K","-1.76%"
"11.04.2018","16.806","16.625","16.915","16.610","106.20K","1.06%"
"10.04.2018","16.630","16.500","16.640","16.500","141.79K","0.38%"
"09.04.2018","16.567","16.435","16.525","16.360","93.60K","1.08%"
"05.04.2018","16.390","16.340","16.375","16.270","84.72K","0.65%"
"04.04.2018","16.284","16.450","16.490","16.260","76.78K","-0.92%"
"03.04.2018","16.436","16.575","16.575","16.450","100.82K","-1.68%"
"02.04.2018","16.716","16.700","16.700","16.660","87.05K","2.57%"
"28.03.2018","16.297","16.615","16.640","16.315","76.95K","-1.48%"
"27.03.2018","16.541","16.690","16.810","16.465","95.08K","-0.86%"
"26.03.2018","16.684","16.560","16.795","16.525","98.53K","1.81%"
"22.03.2018","16.387","16.565","16.610","16.330","98.38K","-0.19%"
"21.03.2018","16.419","16.165","16.665","16.155","81.21K","1.45%"
"20.03.2018","16.185","16.310","16.340","16.100","111.65K","-0.86%"
"19.03.2018","16.325","16.305","16.345","16.200","69.86K","-0.59%"
"15.03.2018","16.422","16.530","16.580","16.370","73.37K","-0.70%"
"14.03.2018","16.537","16.595","16.670","16.515","71.44K","-0.54%"
"13.03.2018","16.627","16.535","16.690","16.465","59.93K","0.55%"
"12.03.2018","16.536","16.605","16.635","16.430","70.99K","0.22%"
"08.03.2018","16.500","16.505","16.575","16.430","91.56K","0.04%"
"07.03.2018","16.494","16.810","16.890","16.435","67.64K","-1.73%"
"06.03.2018","16.784","16.420","16.895","16.410","93.85K","2.27%"
"05.03.2018","16.412","16.530","16.620","16.370","99.50K","0.84%"
"01.03.2018","16.276","16.430","16.565","16.160","73.63K","-0.80%"
"28.02.2018","16.407","16.440","16.520","16.360","100.44K","-0.16%"
"27.02.2018","16.434","16.665","16.720","16.340","58.94K","-0.93%"
"26.02.2018","16.588","16.510","16.745","16.480","102.32K","-0.16%"
"22.02.2018","16.614","16.470","16.660","16.400","55.04K","-0.20%"
"21.02.2018","16.647","16.450","16.750","16.400","78.53K","1.03%"
"20.02.2018","16.478","16.675","16.685","16.435","91.97K","-2.16%"
"15.02.2018","16.842","16.920","16.965","16.665","79.07K","-0.48%"
"14.02.2018","16.923","16.570","16.910","16.430","81.01K","2.11%"
"13.02.2018","16.573","16.565","16.680","16.530","105.02K","-0.25%"
"12.02.2018","16.615","16.355","16.605","16.355","72.46K","1.38%"
"08.02.2018","16.389","16.325","16.450","16.290","90.66K","0.63%"
"07.02.2018","16.286","16.680","16.680","16.315","99.84K","-2.06%"
"06.02.2018","16.628","16.765","16.965","16.630","118.22K","-0.54%"
"05.02.2018","16.718","16.605","16.905","16.605","100.24K","-2.80%"
"01.02.2018","17.199","17.365","17.365","17.170","135.34K","-0.49%"
"31.01.2018","17.284","17.200","17.460","17.155","87.76K","1.07%"
"30.01.2018","17.101","17.235","17.395","17.135","102.77K","-0.15%"
"29.01.2018","17.127","17.420","17.470","17.085","82.04K","-2.77%"
"25.01.2018","17.615","17.555","17.705","17.125","81.60K","0.72%"
"24.01.2018","17.489","17.040","17.625","16.985","132.61K","3.41%"
"23.01.2018","16.913","16.990","17.090","16.735","122.20K","-0.45%"
"22.01.2018","16.989","17.045","17.105","16.945","89.80K","0.21%"
"18.01.2018","16.954","16.990","17.140","16.915","59.28K","-1.23%"
"17.01.2018","17.166","17.210","17.310","16.980","91.13K","-0.13%"
"16.01.2018","17.189","17.235","17.450","16.800","101.59K","1.31%"
"11.01.2018","16.966","17.000","17.065","16.880","117.34K","-0.41%"
"10.01.2018","17.035","16.985","17.220","16.930","111.34K","0.15%"
"09.01.2018","17.010","17.160","17.170","16.945","112.06K","-0.78%"
"08.01.2018","17.144","17.270","17.300","17.065","93.76K","-0.72%"
"04.01.2018","17.269","17.155","17.320","17.025","85.39K","0.01%"
"03.01.2018","17.267","17.225","17.285","17.065","96.73K","0.35%"
"02.01.2018","17.206","17.035","17.250","16.985","91.81K","1.67%"