"Fecha","Cierre","Apertura","Máximo","Mínimo","Vol.","% var."
"03.03.2026","7,764.9","7,806.3","7,855.9","7,673.1","","-4.58%"
"02.03.2026","8,137.4","7,919.9","8,144.3","7,908.8","","0.48%"
"27.02.2026","8,098.4","8,036.8","8,140.0","8,009.3","","-1.21%"
"26.02.2026","8,197.3","8,403.0","8,422.1","8,062.1","","-3.19%"
"25.02.2026","8,467.4","8,442.8","8,498.1","8,418.5","","1.62%"
"24.02.2026","8,332.3","8,314.7","8,387.6","8,225.7","","1.45%"
"23.02.2026","8,213.5","8,248.4","8,291.4","8,124.3","","-0.57%"
"20.02.2026","8,260.4","8,109.0","8,308.3","8,106.0","","1.07%"
"19.02.2026","8,173.3","8,133.2","8,182.4","8,076.8","","-0.50%"
"18.02.2026","8,214.4","8,170.3","8,303.3","8,137.5","","0.96%"
"17.02.2026","8,136.0","8,022.0","8,210.5","7,927.0","","-0.02%"
"13.02.2026","8,137.9","8,137.9","8,137.9","8,137.9","","0.66%"
"12.02.2026","8,084.7","8,358.1","8,400.0","8,079.8","","-2.50%"
"11.02.2026","8,291.9","8,263.2","8,345.7","8,100.6","","2.28%"
"10.02.2026","8,107.1","8,191.6","8,197.9","8,051.9","","-0.68%"
"09.02.2026","8,162.6","7,991.2","8,209.6","7,948.5","","1.42%"
"06.02.2026","8,048.6","7,762.1","8,071.5","7,752.5","","5.70%"
"05.02.2026","7,614.6","7,531.9","7,727.3","7,473.8","","-0.06%"
"04.02.2026","7,619.2","7,863.1","7,955.5","7,461.7","","-4.36%"
"03.02.2026","7,966.3","8,203.0","8,239.6","7,796.5","","-2.07%"
"02.02.2026","8,134.5","7,955.1","8,215.4","7,954.7","","1.70%"
"30.01.2026","7,998.5","8,206.3","8,310.0","7,947.9","","-3.87%"
"29.01.2026","8,320.4","8,340.0","8,387.0","8,020.9","","0.16%"
"28.01.2026","8,306.7","8,287.5","8,341.8","8,227.5","","2.34%"
"27.01.2026","8,117.2","8,030.4","8,157.3","8,009.5","","2.40%"
"26.01.2026","7,927.0","7,917.2","7,982.9","7,881.4","","-0.39%"
"23.01.2026","7,957.9","8,024.2","8,032.2","7,905.1","","-1.21%"
"22.01.2026","8,055.2","8,187.0","8,188.2","8,032.4","","0.16%"
"21.01.2026","8,042.1","7,909.6","8,113.7","7,869.7","","3.18%"
"20.01.2026","7,794.2","7,807.9","7,931.9","7,767.5","","-1.68%"
"16.01.2026","7,927.4","7,927.4","7,927.4","7,927.4","","1.15%"
"15.01.2026","7,837.3","7,961.0","7,998.1","7,834.0","","1.76%"
"14.01.2026","7,701.5","7,688.5","7,707.4","7,598.5","","-0.60%"
"13.01.2026","7,748.0","7,725.1","7,825.9","7,715.9","","0.95%"
"12.01.2026","7,674.8","7,574.2","7,703.1","7,568.1","","0.47%"
"09.01.2026","7,638.8","7,471.3","7,678.9","7,467.8","","2.73%"
"08.01.2026","7,436.1","7,543.2","7,548.3","7,372.8","","-1.83%"
"07.01.2026","7,574.9","7,554.8","7,601.1","7,512.9","","-0.99%"
"06.01.2026","7,650.9","7,542.6","7,665.8","7,521.9","","2.75%"
"05.01.2026","7,446.5","7,570.4","7,577.3","7,415.7","","1.07%"
"02.01.2026","7,367.5","7,288.7","7,418.3","7,286.3","","4.01%"
"31.12.2025","7,083.1","7,184.9","7,193.5","7,082.6","","-1.20%"
"30.12.2025","7,169.1","7,206.0","7,229.8","7,167.0","","-0.13%"
"29.12.2025","7,178.3","7,116.2","7,205.2","7,098.8","","-0.41%"
"26.12.2025","7,207.6","7,229.7","7,233.1","7,188.6","","0.05%"
"24.12.2025","7,204.4","7,191.7","7,212.5","7,173.3","","0.28%"
"23.12.2025","7,184.5","7,118.4","7,186.4","7,091.5","","0.55%"
"22.12.2025","7,145.6","7,204.0","7,206.4","7,120.0","","1.10%"
"19.12.2025","7,067.9","6,942.5","7,095.0","6,942.5","","2.98%"
"18.12.2025","6,863.6","6,938.9","6,970.2","6,831.7","","2.51%"
"17.12.2025","6,695.3","6,993.1","7,005.1","6,680.7","","-3.78%"
"16.12.2025","6,958.4","6,977.9","7,019.1","6,888.6","","-0.46%"
"15.12.2025","6,990.4","7,096.3","7,126.0","6,971.4","","-0.61%"
"12.12.2025","7,033.6","7,297.8","7,331.4","7,003.4","","-5.10%"
"11.12.2025","7,411.5","7,353.1","7,419.6","7,208.2","","-0.75%"
"10.12.2025","7,467.5","7,369.7","7,490.3","7,333.5","","1.29%"
"09.12.2025","7,372.5","7,325.8","7,386.4","7,300.0","","-0.04%"
"08.12.2025","7,375.2","7,358.2","7,410.5","7,302.7","","1.10%"
"06.12.2025","7,294.8","7,303.1","7,294.8","7,294.8","","0.00%"
"05.12.2025","7,294.8","7,303.1","7,377.3","7,282.3","","1.09%"
"04.12.2025","7,216.0","7,238.7","7,267.4","7,180.8","","-0.89%"
"03.12.2025","7,280.5","7,164.8","7,284.4","7,099.8","","1.83%"
"02.12.2025","7,149.5","7,098.6","7,211.1","7,057.3","","1.84%"
"01.12.2025","7,020.5","6,945.2","7,081.1","6,920.7","","-0.07%"
"28.11.2025","7,025.1","6,926.9","7,028.1","6,907.8","","1.82%"
"26.11.2025","6,899.5","6,801.6","6,958.9","6,790.3","","2.76%"
"25.11.2025","6,714.2","6,617.1","6,731.0","6,457.3","","0.16%"
"24.11.2025","6,703.2","6,494.9","6,733.0","6,475.4","","4.63%"
"21.11.2025","6,406.4","6,351.1","6,505.9","6,160.0","","0.86%"
"20.11.2025","6,352.1","6,863.1","6,883.0","6,327.8","","-4.77%"
"19.11.2025","6,670.0","6,577.3","6,751.8","6,553.0","","1.82%"
"18.11.2025","6,551.0","6,622.0","6,651.6","6,479.7","","-2.31%"
"17.11.2025","6,705.7","6,756.6","6,886.6","6,631.3","","-1.55%"
"14.11.2025","6,811.2","6,634.9","6,911.9","6,587.8","","-0.11%"
"13.11.2025","6,818.7","7,003.2","7,008.4","6,750.1","","-3.72%"
"12.11.2025","7,082.1","7,112.2","7,130.5","7,035.3","","1.47%"
"11.11.2025","6,979.7","7,077.4","7,099.8","6,965.8","","-2.48%"
"10.11.2025","7,157.0","7,136.7","7,178.3","7,066.5","","3.02%"
"07.11.2025","6,947.4","6,917.8","6,949.2","6,688.8","","-1.01%"
"06.11.2025","7,018.4","7,195.2","7,226.1","6,974.1","","-2.39%"
"05.11.2025","7,190.3","7,024.3","7,277.8","7,023.0","","3.02%"
"04.11.2025","6,979.6","7,074.4","7,190.6","6,972.4","","-4.01%"
"03.11.2025","7,271.0","7,342.8","7,353.6","7,248.7","","0.59%"
"31.10.2025","7,228.7","7,284.3","7,345.9","7,171.7","","0.18%"
"30.10.2025","7,216.0","7,283.1","7,351.1","7,213.4","","-1.53%"
"29.10.2025","7,327.9","7,342.5","7,392.6","7,257.8","","1.85%"
"28.10.2025","7,194.7","7,158.2","7,223.8","7,136.4","","0.37%"
"27.10.2025","7,168.0","7,103.6","7,175.5","7,083.1","","2.74%"
"24.10.2025","6,976.9","6,970.2","7,021.4","6,961.2","","1.89%"
"23.10.2025","6,847.4","6,648.3","6,861.5","6,648.3","","2.54%"
"22.10.2025","6,677.6","6,764.4","6,819.8","6,547.4","","-2.36%"
"21.10.2025","6,839.3","6,864.2","6,875.7","6,793.1","","-0.66%"
"20.10.2025","6,885.0","6,858.6","6,935.6","6,855.2","","1.58%"
"17.10.2025","6,778.0","6,742.0","6,812.3","6,673.6","","-0.32%"
"16.10.2025","6,800.0","6,848.2","6,880.6","6,728.0","","0.49%"
"15.10.2025","6,767.1","6,723.0","6,780.7","6,632.1","","2.99%"
"14.10.2025","6,570.3","6,582.3","6,706.4","6,532.7","","-2.28%"
"13.10.2025","6,723.5","6,662.9","6,742.4","6,612.9","","4.93%"
"10.10.2025","6,407.6","6,853.4","6,867.9","6,403.2","","-6.32%"
"09.10.2025","6,840.2","6,845.4","6,869.1","6,776.8","","-0.29%"
"08.10.2025","6,860.2","6,625.3","6,867.1","6,624.1","","3.40%"
"07.10.2025","6,634.8","6,837.7","6,847.5","6,622.6","","-2.06%"
"06.10.2025","6,774.1","6,852.7","6,881.9","6,773.3","","2.89%"
"03.10.2025","6,583.7","6,655.1","6,683.4","6,547.4","","-0.64%"
"02.10.2025","6,626.4","6,633.4","6,643.7","6,573.1","","1.94%"
"01.10.2025","6,500.3","6,321.8","6,507.0","6,317.8","","2.05%"
"30.09.2025","6,369.8","6,322.6","6,374.1","6,289.4","","0.87%"
"29.09.2025","6,315.1","6,380.0","6,408.3","6,313.7","","0.16%"
"26.09.2025","6,305.1","6,279.6","6,313.0","6,229.7","","0.32%"
"25.09.2025","6,284.7","6,176.6","6,298.7","6,125.0","","-0.20%"
"24.09.2025","6,297.0","6,282.2","6,313.9","6,216.4","","-0.18%"
"23.09.2025","6,308.2","6,336.5","6,374.6","6,274.5","","-0.35%"
"22.09.2025","6,330.1","6,247.8","6,347.6","6,246.7","","1.57%"
"19.09.2025","6,232.2","6,248.4","6,249.1","6,184.7","","-0.73%"
"18.09.2025","6,278.2","6,220.0","6,311.6","6,201.1","","3.60%"
"17.09.2025","6,060.2","6,067.0","6,109.1","5,980.2","","-0.31%"
"16.09.2025","6,079.2","6,086.0","6,098.1","6,034.4","","0.32%"
"15.09.2025","6,059.8","5,993.9","6,062.3","5,980.0","","0.97%"
"12.09.2025","6,001.7","6,018.4","6,021.8","5,974.6","","0.11%"
"11.09.2025","5,995.4","6,008.4","6,033.5","5,987.5","","0.63%"
"10.09.2025","5,958.1","5,922.0","5,977.6","5,911.5","","2.38%"
"09.09.2025","5,819.8","5,825.0","5,830.2","5,776.0","","0.18%"
"08.09.2025","5,809.6","5,804.0","5,835.8","5,786.3","","0.84%"
"05.09.2025","5,761.4","5,775.4","5,793.0","5,687.1","","1.65%"
"04.09.2025","5,667.9","5,566.7","5,672.6","5,545.6","","1.34%"
"03.09.2025","5,592.8","5,619.1","5,624.8","5,538.2","","-0.23%"
"02.09.2025","5,605.5","5,509.4","5,609.4","5,503.1","","-1.12%"
"29.08.2025","5,668.9","5,758.0","5,758.7","5,646.2","","-3.15%"
"28.08.2025","5,853.1","5,859.2","5,889.1","5,808.9","","0.49%"
"27.08.2025","5,824.6","5,789.7","5,831.5","5,766.8","","0.29%"
"26.08.2025","5,807.9","5,780.1","5,824.1","5,777.5","","0.90%"
"25.08.2025","5,756.3","5,758.8","5,784.6","5,724.3","","0.03%"
"22.08.2025","5,754.5","5,612.3","5,818.2","5,598.9","","2.70%"
"21.08.2025","5,603.3","5,607.6","5,643.4","5,574.3","","-0.49%"
"20.08.2025","5,630.8","5,642.9","5,644.3","5,480.0","","-0.72%"
"19.08.2025","5,671.5","5,777.7","5,798.0","5,664.9","","-1.81%"
"18.08.2025","5,776.3","5,742.5","5,781.0","5,738.5","","0.41%"
"15.08.2025","5,752.7","5,830.2","5,832.6","5,737.0","","-2.26%"
"14.08.2025","5,885.5","5,828.1","5,904.6","5,787.2","","-0.12%"
"13.08.2025","5,892.6","5,875.4","5,908.0","5,835.6","","0.90%"
"12.08.2025","5,840.1","5,710.1","5,842.5","5,682.5","","2.99%"
"11.08.2025","5,670.4","5,722.1","5,763.3","5,660.2","","-0.13%"
"08.08.2025","5,678.0","5,629.5","5,682.1","5,617.0","","0.79%"
"07.08.2025","5,633.7","5,675.1","5,701.5","5,588.4","","1.50%"
"06.08.2025","5,550.3","5,525.6","5,561.4","5,474.5","","-0.20%"
"05.08.2025","5,561.7","5,633.1","5,651.0","5,501.4","","-1.12%"
"04.08.2025","5,624.4","5,575.8","5,624.9","5,550.1","","1.75%"
"01.08.2025","5,527.6","5,501.9","5,583.4","5,418.3","","-1.43%"
"31.07.2025","5,607.9","5,721.6","5,730.4","5,558.1","","-3.10%"
"30.07.2025","5,787.3","5,788.8","5,820.5","5,738.7","","0.83%"
"29.07.2025","5,739.8","5,784.0","5,819.9","5,706.0","","0.05%"
"28.07.2025","5,737.1","5,704.9","5,738.9","5,695.9","","1.62%"
"25.07.2025","5,645.9","5,601.5","5,650.2","5,590.0","","0.03%"
"24.07.2025","5,644.4","5,645.3","5,657.6","5,595.2","","0.12%"
"23.07.2025","5,637.8","5,613.7","5,642.1","5,564.6","","-0.02%"
"22.07.2025","5,638.7","5,717.7","5,721.0","5,580.3","","-1.75%"
"21.07.2025","5,739.4","5,754.7","5,808.6","5,737.8","","0.12%"
"18.07.2025","5,732.6","5,754.9","5,776.3","5,695.1","","-0.09%"
"17.07.2025","5,737.6","5,696.8","5,755.1","5,670.1","","0.73%"
"16.07.2025","5,696.2","5,659.3","5,698.1","5,560.1","","-0.39%"
"15.07.2025","5,718.6","5,778.0","5,791.8","5,714.4","","1.27%"
"14.07.2025","5,646.7","5,651.8","5,671.2","5,568.5","","-0.87%"
"11.07.2025","5,696.3","5,677.9","5,718.8","5,659.1","","-0.21%"
"10.07.2025","5,708.3","5,712.3","5,724.1","5,657.9","","0.75%"
"09.07.2025","5,666.0","5,665.9","5,722.4","5,619.0","","0.44%"
"08.07.2025","5,641.2","5,591.4","5,676.7","5,572.9","","1.80%"
"07.07.2025","5,541.2","5,596.5","5,613.9","5,519.5","","-1.88%"
"03.07.2025","5,647.1","5,633.1","5,668.1","5,630.2","","0.64%"
"02.07.2025","5,611.0","5,503.3","5,627.6","5,490.6","","1.88%"
"01.07.2025","5,507.5","5,512.1","5,543.9","5,429.2","","-0.70%"
"30.06.2025","5,546.5","5,564.2","5,571.4","5,520.3","","0.03%"
"27.06.2025","5,545.0","5,549.5","5,588.5","5,488.7","","0.06%"
"26.06.2025","5,541.5","5,530.5","5,553.3","5,495.2","","0.88%"
"25.06.2025","5,493.3","5,461.2","5,494.8","5,443.4","","0.95%"
"24.06.2025","5,441.9","5,335.3","5,444.4","5,335.3","","3.77%"
"23.06.2025","5,244.3","5,209.3","5,267.4","5,140.4","","0.63%"
"20.06.2025","5,211.5","5,296.1","5,304.6","5,143.7","","-0.75%"
"18.06.2025","5,251.0","5,248.3","5,305.2","5,219.6","","0.52%"
"17.06.2025","5,223.6","5,243.4","5,311.8","5,222.4","","-0.83%"
"16.06.2025","5,267.3","5,178.4","5,293.2","5,178.3","","3.03%"
"13.06.2025","5,112.2","5,140.9","5,193.9","5,101.0","","-2.61%"
"12.06.2025","5,249.1","5,201.2","5,269.5","5,200.9","","0.32%"
"11.06.2025","5,232.5","5,270.0","5,302.6","5,186.8","","-0.19%"
"10.06.2025","5,242.5","5,169.2","5,253.0","5,149.8","","2.06%"
"09.06.2025","5,136.7","5,083.7","5,185.9","5,083.3","","1.96%"
"06.06.2025","5,038.1","5,066.2","5,101.5","5,034.8","","0.54%"
"05.06.2025","5,010.9","5,079.4","5,112.2","4,980.2","","-0.45%"
"04.06.2025","5,033.4","5,004.3","5,049.6","4,959.5","","1.39%"
"03.06.2025","4,964.4","4,836.3","4,970.4","4,815.3","","2.72%"
"02.06.2025","4,832.8","4,762.7","4,848.3","4,759.0","","1.57%"
"30.05.2025","4,758.1","4,828.2","4,828.2","4,673.4","","-2.11%"
"29.05.2025","4,860.5","4,956.2","4,956.2","4,832.4","","0.54%"
"28.05.2025","4,834.4","4,868.6","4,889.2","4,825.7","","-0.55%"
"27.05.2025","4,861.1","4,795.0","4,878.8","4,767.8","","3.38%"
"23.05.2025","4,702.4","4,659.7","4,728.4","4,647.3","","-1.53%"
"22.05.2025","4,775.5","4,798.7","4,846.8","4,772.5","","-0.57%"
"21.05.2025","4,802.7","4,857.1","4,949.3","4,775.2","","-1.80%"
"20.05.2025","4,890.8","4,854.8","4,892.6","4,841.8","","-0.14%"
"19.05.2025","4,897.7","4,812.8","4,907.5","4,810.5","","-0.50%"
"16.05.2025","4,922.2","4,927.7","4,927.8","4,868.8","","-0.21%"
"15.05.2025","4,932.5","4,909.7","4,968.7","4,873.5","","-0.57%"
"14.05.2025","4,960.7","4,968.9","4,996.1","4,918.9","","0.60%"
"13.05.2025","4,931.4","4,799.6","4,952.9","4,798.0","","3.15%"
"12.05.2025","4,780.9","4,769.8","4,807.0","4,708.1","","7.04%"
"09.05.2025","4,466.5","4,509.3","4,515.8","4,433.3","","0.81%"
"08.05.2025","4,430.4","4,444.2","4,494.9","4,393.0","","1.00%"
"07.05.2025","4,386.4","4,304.4","4,400.2","4,268.9","","1.74%"
"06.05.2025","4,311.2","4,281.1","4,346.3","4,252.7","","-1.03%"
"05.05.2025","4,356.2","4,351.4","4,399.6","4,348.7","","-0.93%"
"02.05.2025","4,397.1","4,363.4","4,431.0","4,352.6","","3.52%"
"01.05.2025","4,247.7","4,288.0","4,332.1","4,243.1","","0.42%"
"30.04.2025","4,230.1","4,085.2","4,238.0","4,066.8","","0.79%"
"29.04.2025","4,196.7","4,184.5","4,241.4","4,172.8","","-0.92%"
"28.04.2025","4,235.6","4,227.3","4,264.6","4,144.6","","-0.38%"
"25.04.2025","4,251.6","4,167.1","4,279.6","4,152.7","","1.03%"
"24.04.2025","4,208.2","4,071.4","4,212.4","4,054.7","","5.63%"
"23.04.2025","3,983.9","4,035.0","4,070.9","3,963.8","","3.96%"
"22.04.2025","3,832.0","3,787.5","3,858.3","3,777.0","","2.14%"
"21.04.2025","3,751.9","3,761.9","3,765.1","3,681.2","","-2.10%"
"17.04.2025","3,832.5","3,886.8","3,888.0","3,796.5","","-0.64%"
"16.04.2025","3,857.2","3,836.9","3,905.9","3,734.0","","-4.10%"
"15.04.2025","4,021.9","4,019.8","4,074.9","4,000.9","","0.47%"
"14.04.2025","4,003.2","4,094.6","4,098.4","3,944.9","","0.31%"
"11.04.2025","3,990.9","3,881.2","4,000.4","3,822.3","","2.51%"
"10.04.2025","3,893.3","4,020.1","4,036.9","3,757.5","","-7.97%"
"09.04.2025","4,230.5","3,609.2","4,265.0","3,572.5","","18.73%"
"08.04.2025","3,562.9","3,863.7","3,902.5","3,484.3","","-3.57%"
"07.04.2025","3,694.9","3,460.4","3,896.1","3,388.6","","2.70%"
"04.04.2025","3,597.7","3,760.1","3,778.8","3,529.6","","-7.60%"
"03.04.2025","3,893.7","4,115.1","4,131.8","3,889.6","","-9.88%"
"02.04.2025","4,320.8","4,216.2","4,374.5","4,206.7","","0.89%"
"01.04.2025","4,282.5","4,253.5","4,286.0","4,179.4","","0.28%"
"31.03.2025","4,270.4","4,193.5","4,277.2","4,129.6","","-0.34%"
"28.03.2025","4,284.9","4,387.8","4,411.7","4,259.9","","-2.95%"
"27.03.2025","4,415.3","4,452.5","4,476.4","4,394.8","","-2.07%"
"26.03.2025","4,508.7","4,639.9","4,649.5","4,467.7","","-3.27%"
"25.03.2025","4,661.3","4,679.9","4,693.2","4,648.8","","-0.70%"
"24.03.2025","4,694.2","4,662.9","4,722.5","4,657.3","","2.99%"
"21.03.2025","4,557.9","4,514.4","4,570.4","4,484.5","","-0.94%"
"20.03.2025","4,601.4","4,579.1","4,648.5","4,575.4","","-0.72%"
"19.03.2025","4,634.5","4,598.9","4,709.4","4,558.6","","0.99%"
"18.03.2025","4,589.0","4,618.0","4,628.6","4,562.0","","-1.61%"
"17.03.2025","4,664.0","4,587.1","4,703.8","4,587.1","","1.42%"
"14.03.2025","4,598.8","4,542.7","4,608.7","4,534.7","","3.27%"
"13.03.2025","4,453.2","4,485.8","4,548.5","4,413.7","","-0.62%"
"12.03.2025","4,481.0","4,488.1","4,537.1","4,436.7","","2.45%"
"11.03.2025","4,374.1","4,418.1","4,470.3","4,300.5","","-0.70%"
"10.03.2025","4,405.1","4,508.6","4,548.7","4,343.3","","-4.85%"
"07.03.2025","4,629.6","4,533.4","4,642.6","4,455.8","","3.16%"
"06.03.2025","4,487.8","4,519.1","4,623.0","4,474.9","","-4.53%"
"05.03.2025","4,700.8","4,646.8","4,714.5","4,565.9","","2.09%"
"04.03.2025","4,604.5","4,564.7","4,726.8","4,469.7","","0.64%"
"03.03.2025","4,575.4","4,817.7","4,827.6","4,533.8","","-4.01%"
"28.02.2025","4,766.7","4,684.2","4,795.9","4,634.9","","1.71%"
"27.02.2025","4,686.8","5,032.9","5,041.2","4,684.8","","-6.09%"
"26.02.2025","4,990.8","4,960.0","5,032.6","4,935.3","","2.09%"
"25.02.2025","4,888.9","4,993.5","5,009.2","4,876.4","","-2.29%"
"24.02.2025","5,003.5","5,155.4","5,167.4","4,999.6","","-2.59%"
"21.02.2025","5,136.6","5,318.5","5,321.2","5,120.0","","-3.28%"
"20.02.2025","5,310.6","5,337.0","5,366.3","5,254.6","","0.02%"
"19.02.2025","5,309.7","5,246.4","5,332.0","5,223.1","","1.18%"
"18.02.2025","5,247.9","5,210.0","5,259.2","5,168.5","","1.68%"
"14.02.2025","5,160.9","5,149.2","5,176.3","5,132.9","","0.09%"
"13.02.2025","5,156.4","5,087.7","5,158.5","5,086.3","","1.29%"
"12.02.2025","5,090.8","5,003.2","5,093.1","4,992.5","","0.21%"
"11.02.2025","5,080.0","5,043.1","5,110.4","5,042.5","","-0.05%"
"10.02.2025","5,082.7","5,058.0","5,097.4","5,056.0","","1.46%"
"07.02.2025","5,009.3","5,115.4","5,129.6","4,978.6","","-1.63%"
"06.02.2025","5,092.6","5,062.3","5,106.5","5,041.9","","0.02%"
"05.02.2025","5,091.5","4,988.1","5,102.4","4,945.7","","2.31%"
"04.02.2025","4,976.6","4,917.6","4,999.7","4,907.4","","1.05%"
"03.02.2025","4,924.8","4,866.5","4,983.2","4,848.7","","-1.82%"
"31.01.2025","5,015.9","5,058.5","5,161.9","5,000.2","","-0.29%"
"30.01.2025","5,030.5","4,996.6","5,054.4","4,959.7","","2.29%"
"29.01.2025","4,918.1","4,949.4","4,964.7","4,862.3","","0.23%"
"28.01.2025","4,907.0","4,896.3","4,928.2","4,776.8","","1.11%"
"27.01.2025","4,853.2","5,007.8","5,045.4","4,785.4","","-9.15%"
"24.01.2025","5,341.9","5,447.3","5,449.8","5,320.6","","-1.89%"
"23.01.2025","5,444.7","5,367.5","5,444.7","5,350.9","","-0.45%"
"22.01.2025","5,469.3","5,436.8","5,525.2","5,433.8","","1.69%"
"21.01.2025","5,378.5","5,356.9","5,425.3","5,307.5","","1.29%"
"17.01.2025","5,309.7","5,289.6","5,319.7","5,252.4","","2.84%"
"16.01.2025","5,163.0","5,246.8","5,262.0","5,161.9","","0.18%"
"15.01.2025","5,153.7","5,128.2","5,179.3","5,107.2","","2.13%"
"14.01.2025","5,046.0","5,064.9","5,097.5","4,987.4","","0.52%"
"13.01.2025","5,020.0","4,946.0","5,026.5","4,929.9","","-0.35%"
"10.01.2025","5,037.5","5,090.0","5,091.5","5,001.3","","-2.42%"
"08.01.2025","5,162.3","5,204.2","5,207.0","5,104.6","","-0.96%"
"07.01.2025","5,212.2","5,368.4","5,370.8","5,186.1","","-1.84%"
"06.01.2025","5,310.1","5,284.5","5,381.0","5,283.4","","2.84%"
"03.01.2025","5,163.6","5,061.5","5,173.4","5,059.8","","2.83%"
"02.01.2025","5,021.5","5,024.6","5,094.1","4,976.3","","0.83%"
"31.12.2024","4,979.9","5,041.1","5,059.5","4,962.4","","-0.93%"
"30.12.2024","5,026.5","5,032.4","5,075.6","4,988.6","","-1.88%"
"27.12.2024","5,123.0","5,149.5","5,153.8","5,058.8","","-1.01%"
"26.12.2024","5,175.3","5,140.6","5,207.4","5,128.8","","0.03%"
"24.12.2024","5,173.6","5,151.0","5,173.8","5,123.3","","1.07%"
"23.12.2024","5,118.7","5,013.7","5,124.2","5,013.7","","3.10%"
"20.12.2024","4,964.9","4,862.5","5,033.0","4,853.2","","1.46%"
"19.12.2024","4,893.5","4,984.0","4,996.9","4,881.6","","-1.56%"
"18.12.2024","4,971.0","5,207.2","5,247.7","4,935.5","","-3.85%"
"17.12.2024","5,169.8","5,193.0","5,213.2","5,135.7","","-1.64%"
"16.12.2024","5,256.1","5,175.8","5,280.8","5,135.2","","2.06%"
"13.12.2024","5,149.8","5,126.6","5,184.8","5,070.8","","3.36%"
"12.12.2024","4,982.2","4,979.1","5,005.8","4,946.6","","-0.91%"
"11.12.2024","5,027.8","4,968.8","5,055.2","4,940.1","","2.72%"
"10.12.2024","4,894.7","5,032.6","5,032.7","4,863.4","","-2.47%"
"09.12.2024","5,018.8","5,023.7","5,085.5","4,998.6","","-0.84%"
"06.12.2024","5,061.3","5,029.6","5,073.1","5,019.0","","0.69%"
"05.12.2024","5,026.4","5,104.2","5,114.2","5,015.2","","-1.86%"
"04.12.2024","5,121.8","5,140.8","5,143.9","5,076.3","","1.71%"
"03.12.2024","5,035.9","5,027.7","5,059.8","5,014.8","","-0.38%"
"02.12.2024","5,055.3","4,957.0","5,084.3","4,956.4","","2.61%"
"29.11.2024","4,926.6","4,895.0","4,975.6","4,887.9","","1.52%"
"27.11.2024","4,853.0","4,897.3","4,899.5","4,770.3","","-1.51%"
"26.11.2024","4,927.6","5,027.7","5,036.3","4,892.0","","-1.21%"
"25.11.2024","4,987.9","5,001.1","5,031.2","4,955.1","","0.65%"
"22.11.2024","4,955.8","4,956.3","4,973.6","4,921.6","","-0.15%"
"21.11.2024","4,963.1","4,949.4","4,989.9","4,842.2","","1.61%"
"20.11.2024","4,884.2","4,902.4","4,902.8","4,813.3","","-0.71%"
"19.11.2024","4,919.2","4,874.2","4,925.1","4,860.7","","0.62%"
"18.11.2024","4,888.8","4,833.5","4,896.8","4,806.0","","1.14%"
"15.11.2024","4,833.6","4,914.1","4,936.2","4,816.5","","-3.42%"
"14.11.2024","5,004.6","5,062.8","5,075.8","4,992.5","","-0.03%"
"13.11.2024","5,006.3","5,077.3","5,086.4","4,999.7","","-2.00%"
"12.11.2024","5,108.6","5,145.7","5,153.3","5,043.8","","-0.93%"
"11.11.2024","5,156.4","5,240.6","5,242.6","5,097.8","","-2.54%"
"08.11.2024","5,290.5","5,311.9","5,333.3","5,262.0","","-0.81%"
"07.11.2024","5,334.0","5,294.6","5,337.9","5,280.3","","2.27%"
"06.11.2024","5,215.6","5,163.6","5,233.7","5,118.7","","3.12%"
"05.11.2024","5,057.8","4,999.4","5,059.3","4,999.2","","1.69%"
"04.11.2024","4,974.0","4,997.0","5,051.8","4,960.6","","-0.55%"
"01.11.2024","5,001.4","4,985.0","5,054.1","4,975.7","","1.11%"
"31.10.2024","4,946.7","5,085.6","5,085.6","4,911.6","","-4.01%"
"30.10.2024","5,153.5","5,192.6","5,228.5","5,151.8","","-3.35%"
"29.10.2024","5,332.2","5,211.1","5,358.0","5,187.8","","2.31%"
"28.10.2024","5,211.7","5,199.6","5,246.9","5,190.0","","-0.02%"
"25.10.2024","5,212.8","5,212.4","5,287.8","5,210.8","","1.07%"
"24.10.2024","5,157.6","5,170.3","5,175.0","5,116.4","","0.51%"
"23.10.2024","5,131.4","5,174.8","5,190.6","5,061.4","","-1.14%"
"22.10.2024","5,190.7","5,182.3","5,207.7","5,152.0","","-0.47%"
"21.10.2024","5,215.2","5,195.2","5,222.9","5,145.1","","0.13%"
"18.10.2024","5,208.6","5,238.3","5,244.1","5,190.2","","0.07%"
"17.10.2024","5,204.8","5,292.7","5,302.2","5,204.3","","0.95%"
"16.10.2024","5,155.9","5,193.1","5,206.7","5,125.9","","0.21%"
"15.10.2024","5,145.2","5,421.7","5,442.0","5,112.3","","-5.28%"
"14.10.2024","5,432.2","5,377.9","5,445.1","5,376.2","","1.80%"
"11.10.2024","5,335.9","5,261.4","5,351.7","5,261.2","","0.79%"
"10.10.2024","5,293.9","5,252.7","5,322.1","5,224.5","","-0.53%"
"09.10.2024","5,321.9","5,267.6","5,327.2","5,219.5","","1.06%"
"08.10.2024","5,266.1","5,208.8","5,282.6","5,177.3","","1.33%"
"07.10.2024","5,196.8","5,169.5","5,243.4","5,162.7","","-0.19%"
"04.10.2024","5,206.8","5,237.0","5,237.0","5,141.1","","1.59%"
"03.10.2024","5,125.2","5,071.5","5,189.0","5,070.6","","0.51%"
"02.10.2024","5,099.2","5,031.9","5,151.0","5,008.1","","1.48%"
"01.10.2024","5,024.9","5,178.5","5,188.4","4,987.7","","-2.86%"
"30.09.2024","5,173.1","5,154.5","5,201.8","5,101.9","","-0.85%"
"27.09.2024","5,217.2","5,318.0","5,318.1","5,190.7","","-1.76%"
"26.09.2024","5,310.5","5,352.3","5,356.0","5,182.5","","3.47%"
"25.09.2024","5,132.5","5,078.3","5,167.8","5,078.3","","0.80%"
"24.09.2024","5,091.8","5,071.5","5,119.8","5,009.7","","1.31%"
"23.09.2024","5,025.8","5,027.4","5,044.0","4,984.7","","0.51%"
"20.09.2024","5,000.1","5,016.4","5,034.6","4,928.8","","-1.31%"
"19.09.2024","5,066.6","5,049.8","5,135.9","5,005.0","","4.27%"
"18.09.2024","4,859.3","4,935.5","5,006.4","4,854.9","","-1.08%"
"17.09.2024","4,912.1","4,971.4","4,980.9","4,874.3","","0.03%"
"16.09.2024","4,910.4","4,905.7","4,935.8","4,850.4","","-1.41%"
"13.09.2024","4,980.5","4,940.2","4,991.3","4,929.6","","1.68%"
"12.09.2024","4,898.4","4,878.2","4,944.4","4,824.3","","-0.24%"
"11.09.2024","4,910.2","4,712.1","4,918.9","4,616.6","","4.90%"
"10.09.2024","4,680.7","4,625.0","4,684.6","4,561.9","","1.19%"
"09.09.2024","4,625.8","4,598.3","4,636.6","4,547.2","","2.15%"
"06.09.2024","4,528.2","4,698.8","4,701.1","4,507.7","","-4.52%"
"05.09.2024","4,742.4","4,708.6","4,821.6","4,698.0","","-0.60%"
"04.09.2024","4,770.8","4,707.0","4,844.3","4,695.2","","0.25%"
"03.09.2024","4,759.0","5,058.7","5,058.7","4,735.9","","-7.75%"
"30.08.2024","5,158.8","5,154.6","5,176.8","5,075.4","","2.58%"
"29.08.2024","5,029.3","5,068.7","5,157.7","5,010.0","","-0.60%"
"28.08.2024","5,059.6","5,138.6","5,163.7","5,005.5","","-1.83%"
"27.08.2024","5,153.6","5,063.5","5,171.1","5,018.8","","1.10%"
"26.08.2024","5,097.3","5,199.0","5,229.1","5,080.0","","-2.51%"
"23.08.2024","5,228.7","5,163.1","5,259.3","5,149.0","","2.79%"
"22.08.2024","5,086.9","5,303.8","5,315.7","5,072.4","","-3.44%"
"21.08.2024","5,267.9","5,232.3","5,288.5","5,205.1","","1.38%"
"20.08.2024","5,196.3","5,237.3","5,273.3","5,159.1","","-1.33%"
"19.08.2024","5,266.6","5,159.5","5,267.0","5,096.4","","1.86%"
"16.08.2024","5,170.2","5,108.7","5,186.1","5,100.1","","-0.06%"
"15.08.2024","5,173.4","5,035.6","5,190.2","5,022.0","","4.87%"
"14.08.2024","4,933.3","4,981.8","5,000.1","4,852.4","","-0.18%"
"13.08.2024","4,942.3","4,807.7","4,945.8","4,788.3","","4.18%"
"12.08.2024","4,743.8","4,729.3","4,800.2","4,690.2","","0.73%"
"09.08.2024","4,709.5","4,703.0","4,746.3","4,643.9","","-0.43%"
"08.08.2024","4,730.0","4,552.2","4,736.7","4,472.3","","6.86%"
"07.08.2024","4,426.3","4,709.6","4,738.9","4,418.6","","-3.09%"
"06.08.2024","4,567.6","4,558.7","4,683.1","4,493.7","","1.06%"
"05.08.2024","4,519.5","4,330.3","4,635.1","4,290.4","","-1.92%"
"02.08.2024","4,607.8","4,644.5","4,698.9","4,540.7","","-5.18%"
"01.08.2024","4,859.6","5,143.8","5,201.3","4,801.1","","-7.14%"
"31.07.2024","5,233.2","5,127.6","5,240.6","5,088.4","","7.01%"
"30.07.2024","4,890.2","5,108.0","5,119.3","4,874.6","","-3.88%"
"29.07.2024","5,087.6","5,156.0","5,226.4","5,074.3","","-0.30%"
"26.07.2024","5,103.1","5,110.6","5,147.9","5,056.2","","1.95%"
"25.07.2024","5,005.4","5,052.3","5,168.1","4,906.7","","-1.96%"
"24.07.2024","5,105.7","5,320.1","5,330.9","5,098.4","","-5.41%"
"23.07.2024","5,397.9","5,407.6","5,453.6","5,386.0","","-1.46%"
"22.07.2024","5,477.8","5,382.5","5,482.0","5,344.3","","4.00%"
"19.07.2024","5,267.2","5,424.5","5,429.2","5,261.6","","-3.11%"
"18.07.2024","5,436.4","5,499.8","5,511.5","5,341.3","","0.51%"
"17.07.2024","5,408.7","5,596.0","5,636.1","5,402.9","","-6.81%"
"16.07.2024","5,804.0","5,797.6","5,812.7","5,714.7","","0.46%"
"15.07.2024","5,777.7","5,802.6","5,854.1","5,743.8","","0.04%"
"12.07.2024","5,775.2","5,727.0","5,871.0","5,705.9","","1.33%"
"11.07.2024","5,699.7","5,930.0","5,931.8","5,682.1","","-3.47%"
"10.07.2024","5,904.5","5,818.3","5,913.9","5,799.4","","2.42%"
"09.07.2024","5,765.2","5,798.6","5,826.2","5,713.9","","0.00%"
"08.07.2024","5,765.2","5,701.3","5,772.5","5,700.9","","1.93%"
"05.07.2024","5,656.3","5,684.0","5,703.5","5,625.5","","0.08%"
"03.07.2024","5,651.7","5,555.5","5,673.6","5,537.0","","1.92%"
"02.07.2024","5,545.0","5,443.3","5,546.0","5,442.1","","1.24%"
"01.07.2024","5,477.1","5,472.0","5,481.6","5,371.1","","0.09%"
"28.06.2024","5,472.3","5,454.4","5,583.1","5,431.3","","0.94%"
"27.06.2024","5,421.1","5,435.3","5,477.5","5,389.3","","-0.57%"
"26.06.2024","5,452.3","5,469.6","5,499.4","5,389.5","","-0.28%"
"25.06.2024","5,467.7","5,413.0","5,470.3","5,361.8","","1.79%"
"24.06.2024","5,371.5","5,485.2","5,519.4","5,369.6","","-3.02%"
"21.06.2024","5,538.5","5,538.2","5,613.5","5,482.5","","-1.27%"
"20.06.2024","5,610.0","5,787.9","5,789.6","5,577.6","","-2.69%"
"18.06.2024","5,765.1","5,705.5","5,792.9","5,696.0","","1.35%"
"17.06.2024","5,688.1","5,640.0","5,699.2","5,571.4","","1.60%"
"14.06.2024","5,598.3","5,558.6","5,613.3","5,540.9","","-0.07%"
"13.06.2024","5,602.4","5,590.6","5,624.0","5,527.2","","1.48%"
"12.06.2024","5,520.9","5,456.2","5,543.6","5,452.8","","2.90%"
"11.06.2024","5,365.4","5,343.3","5,374.2","5,287.0","","0.06%"
"10.06.2024","5,362.4","5,243.7","5,379.5","5,238.8","","1.42%"
"07.06.2024","5,287.2","5,288.1","5,322.1","5,254.9","","-0.27%"
"06.06.2024","5,301.7","5,344.0","5,353.5","5,260.6","","-0.86%"
"05.06.2024","5,347.4","5,208.1","5,348.9","5,193.7","","4.52%"
"04.06.2024","5,116.3","5,144.5","5,149.0","5,074.4","","-0.70%"
"03.06.2024","5,152.5","5,215.1","5,215.1","5,059.9","","0.57%"
"31.05.2024","5,123.4","5,180.6","5,204.5","4,988.0","","-0.96%"
"30.05.2024","5,173.3","5,208.8","5,228.2","5,145.9","","-0.88%"
"29.05.2024","5,219.3","5,234.4","5,249.7","5,206.9","","-1.85%"
"28.05.2024","5,317.9","5,286.0","5,343.7","5,235.9","","1.86%"
"24.05.2024","5,220.9","5,167.0","5,232.3","5,149.3","","1.85%"
"23.05.2024","5,126.0","5,243.7","5,255.6","5,082.0","","-0.02%"
"22.05.2024","5,126.8","5,115.0","5,140.8","5,074.4","","1.03%"
"21.05.2024","5,074.4","5,031.0","5,080.9","5,020.6","","-0.31%"
"20.05.2024","5,090.4","5,002.1","5,119.2","4,999.4","","2.15%"
"18.05.2024","4,983.0","5,048.9","4,983.0","4,983.0","","0.00%"
"17.05.2024","4,983.0","5,048.9","5,056.0","4,947.2","","-0.69%"
"16.05.2024","5,017.5","5,045.0","5,084.6","5,017.3","","-0.55%"
"15.05.2024","5,045.1","4,946.2","5,046.3","4,930.7","","2.88%"
"14.05.2024","4,903.9","4,817.4","4,908.5","4,811.8","","1.68%"
"13.05.2024","4,823.1","4,828.6","4,846.8","4,811.0","","0.31%"
"10.05.2024","4,808.0","4,814.9","4,857.8","4,787.8","","1.01%"
"09.05.2024","4,759.8","4,786.5","4,789.4","4,737.5","","-0.64%"
"08.05.2024","4,790.4","4,741.7","4,794.3","4,737.3","","0.12%"
"07.05.2024","4,784.9","4,825.7","4,840.6","4,783.9","","-0.74%"
"06.05.2024","4,820.4","4,749.9","4,820.5","4,739.4","","2.21%"
"03.05.2024","4,716.2","4,696.0","4,740.5","4,675.7","","2.41%"
"02.05.2024","4,605.3","4,586.6","4,620.7","4,498.5","","2.17%"
"01.05.2024","4,507.7","4,588.4","4,660.0","4,482.1","","-3.54%"
"30.04.2024","4,673.3","4,756.7","4,803.0","4,671.8","","-1.94%"
"29.04.2024","4,765.8","4,735.4","4,772.1","4,690.8","","0.64%"
"26.04.2024","4,735.3","4,619.8","4,756.9","4,616.4","","2.61%"
"25.04.2024","4,615.0","4,515.9","4,645.6","4,492.9","","1.96%"
"24.04.2024","4,526.2","4,608.0","4,616.9","4,490.5","","1.06%"
"23.04.2024","4,478.8","4,415.6","4,500.3","4,407.2","","2.21%"
"22.04.2024","4,381.9","4,351.2","4,411.6","4,299.7","","1.74%"
"19.04.2024","4,306.9","4,444.9","4,480.1","4,288.0","","-4.12%"
"18.04.2024","4,491.7","4,541.5","4,567.6","4,474.9","","-1.66%"
"17.04.2024","4,567.3","4,725.8","4,733.4","4,561.6","","-3.25%"
"16.04.2024","4,720.5","4,682.8","4,744.2","4,670.4","","0.89%"
"15.04.2024","4,679.1","4,804.2","4,827.9","4,658.9","","-1.39%"
"12.04.2024","4,745.0","4,810.7","4,819.8","4,735.5","","-3.29%"
"11.04.2024","4,906.4","4,816.1","4,911.5","4,784.4","","2.42%"
"10.04.2024","4,790.3","4,789.9","4,847.5","4,761.1","","-1.65%"
"09.04.2024","4,870.8","4,869.4","4,890.9","4,785.6","","0.94%"
"08.04.2024","4,825.4","4,848.7","4,868.9","4,808.8","","0.13%"
"05.04.2024","4,819.1","4,784.2","4,847.5","4,751.0","","1.33%"
"04.04.2024","4,756.1","4,973.3","4,984.9","4,751.0","","-3.01%"
"03.04.2024","4,903.5","4,838.1","4,938.3","4,831.5","","0.34%"
"02.04.2024","4,886.9","4,883.6","4,898.1","4,834.2","","-1.51%"
"01.04.2024","4,962.1","4,921.5","5,030.5","4,920.0","","1.16%"
"28.03.2024","4,905.2","4,892.5","4,926.8","4,887.1","","0.11%"
"27.03.2024","4,899.9","4,902.3","4,903.2","4,815.1","","0.99%"
"26.03.2024","4,851.9","4,920.2","4,943.3","4,849.8","","-0.81%"
"25.03.2024","4,891.5","4,838.3","4,937.3","4,836.4","","-0.34%"
"22.03.2024","4,908.3","4,876.0","4,945.6","4,869.0","","0.21%"
"21.03.2024","4,897.9","4,949.1","4,983.5","4,890.5","","2.29%"
"20.03.2024","4,788.2","4,718.2","4,798.3","4,682.5","","1.60%"
"19.03.2024","4,712.8","4,683.7","4,734.5","4,620.5","","-0.94%"
"18.03.2024","4,757.6","4,834.1","4,856.4","4,751.4","","0.00%"
"15.03.2024","4,757.7","4,745.7","4,808.7","4,719.7","","-0.54%"
"14.03.2024","4,783.6","4,859.7","4,880.0","4,741.6","","-1.75%"
"13.03.2024","4,869.0","4,926.7","4,932.1","4,841.7","","-2.47%"
"12.03.2024","4,992.5","4,946.8","4,993.0","4,868.4","","2.09%"
"11.03.2024","4,890.2","4,888.4","4,926.4","4,835.9","","-1.36%"
"08.03.2024","4,957.8","5,185.3","5,217.8","4,957.2","","-4.03%"
"07.03.2024","5,165.8","5,063.5","5,187.6","5,062.7","","3.36%"
"06.03.2024","4,997.9","4,976.6","5,052.0","4,947.1","","2.42%"
"05.03.2024","4,879.8","4,921.7","4,954.0","4,829.4","","-2.05%"
"04.03.2024","4,982.0","4,973.5","5,037.6","4,956.1","","1.06%"
"01.03.2024","4,929.6","4,781.0","4,950.3","4,781.0","","4.29%"
"29.02.2024","4,726.9","4,663.9","4,737.1","4,645.5","","2.70%"
"28.02.2024","4,602.6","4,602.1","4,627.2","4,583.8","","-1.12%"
"27.02.2024","4,654.9","4,680.2","4,697.2","4,651.4","","-0.18%"
"26.02.2024","4,663.5","4,658.9","4,683.9","4,634.8","","1.05%"
"23.02.2024","4,615.0","4,688.6","4,709.5","4,593.0","","-1.12%"
"22.02.2024","4,667.4","4,632.6","4,687.3","4,604.2","","4.97%"
"21.02.2024","4,446.4","4,403.0","4,446.8","4,383.9","","-0.24%"
"20.02.2024","4,456.9","4,489.9","4,507.5","4,389.8","","-1.56%"
"16.02.2024","4,527.7","4,585.3","4,624.5","4,515.0","","-0.67%"
"15.02.2024","4,558.1","4,591.6","4,599.9","4,540.1","","-0.16%"
"14.02.2024","4,565.4","4,533.3","4,568.1","4,503.3","","2.18%"
"13.02.2024","4,468.2","4,412.9","4,515.0","4,408.5","","-2.01%"
"12.02.2024","4,560.0","4,566.2","4,644.0","4,543.0","","-0.16%"
"09.02.2024","4,567.3","4,505.8","4,574.9","4,479.1","","1.99%"
"08.02.2024","4,478.0","4,425.0","4,510.2","4,417.8","","1.57%"
"07.02.2024","4,408.7","4,364.3","4,412.6","4,329.9","","1.62%"
"06.02.2024","4,338.3","4,388.7","4,396.4","4,291.9","","-1.14%"
"05.02.2024","4,388.1","4,370.8","4,407.0","4,320.1","","1.18%"
"02.02.2024","4,336.7","4,273.1","4,346.0","4,270.8","","1.31%"
"01.02.2024","4,280.5","4,270.6","4,291.3","4,226.6","","0.46%"
"31.01.2024","4,260.9","4,239.9","4,334.8","4,221.0","","-1.37%"
"30.01.2024","4,320.0","4,363.6","4,384.1","4,301.9","","-1.56%"
"29.01.2024","4,388.3","4,355.0","4,388.4","4,323.6","","1.06%"
"26.01.2024","4,342.1","4,366.9","4,405.4","4,331.0","","-2.91%"
"25.01.2024","4,472.3","4,562.2","4,566.6","4,450.0","","-0.25%"
"24.01.2024","4,483.3","4,475.5","4,541.8","4,435.6","","1.54%"
"23.01.2024","4,415.3","4,384.0","4,419.2","4,347.9","","0.65%"
"22.01.2024","4,386.6","4,410.1","4,439.6","4,347.2","","0.25%"
"19.01.2024","4,375.7","4,258.3","4,380.8","4,240.8","","4.02%"
"18.01.2024","4,206.5","4,194.5","4,213.0","4,139.8","","3.36%"
"17.01.2024","4,069.9","4,065.1","4,075.2","4,001.3","","-0.88%"
"16.01.2024","4,105.9","4,050.0","4,133.0","4,035.9","","1.32%"
"12.01.2024","4,052.4","4,073.4","4,089.3","4,031.0","","-0.38%"
"11.01.2024","4,067.9","4,057.2","4,089.1","3,987.6","","0.47%"
"10.01.2024","4,048.8","4,065.8","4,066.7","4,000.4","","-0.39%"
"09.01.2024","4,064.7","4,023.5","4,094.8","4,015.4","","0.05%"
"08.01.2024","4,062.5","3,956.2","4,071.6","3,956.0","","3.28%"
"05.01.2024","3,933.5","3,914.2","3,965.9","3,908.7","","0.63%"
"04.01.2024","3,908.9","3,877.0","3,947.3","3,875.2","","-0.82%"
"03.01.2024","3,941.2","3,938.9","3,976.8","3,926.9","","-2.03%"
"02.01.2024","4,023.0","4,100.2","4,105.8","3,990.7","","-3.65%"
"29.12.2023","4,175.5","4,205.1","4,215.7","4,155.3","","-0.79%"
"28.12.2023","4,208.7","4,228.5","4,233.7","4,205.7","","-0.14%"
"27.12.2023","4,214.6","4,222.2","4,230.9","4,195.0","","0.17%"
"26.12.2023","4,207.5","4,155.7","4,222.3","4,155.2","","1.81%"
"22.12.2023","4,132.9","4,134.6","4,153.3","4,104.7","","0.35%"
"21.12.2023","4,118.6","4,094.3","4,124.5","4,073.8","","2.77%"
"20.12.2023","4,007.7","4,093.9","4,117.6","4,006.7","","-2.86%"
"19.12.2023","4,125.6","4,101.7","4,130.9","4,101.7","","0.53%"
"18.12.2023","4,103.8","4,114.1","4,122.4","4,069.5","","-0.32%"
"15.12.2023","4,117.0","4,121.2","4,161.9","4,107.0","","0.48%"
"14.12.2023","4,097.5","4,034.4","4,113.9","4,034.4","","2.67%"
"13.12.2023","3,991.0","3,932.2","4,011.7","3,918.0","","1.55%"
"12.12.2023","3,930.2","3,882.5","3,931.0","3,880.8","","0.71%"
"11.12.2023","3,902.4","3,812.5","3,917.4","3,809.3","","3.40%"
"08.12.2023","3,774.2","3,745.0","3,791.6","3,740.6","","0.71%"
"07.12.2023","3,747.5","3,674.5","3,756.8","3,669.4","","2.79%"
"06.12.2023","3,645.8","3,726.2","3,727.4","3,642.1","","-0.72%"
"05.12.2023","3,672.4","3,657.5","3,680.5","3,641.9","","-0.57%"
"04.12.2023","3,693.4","3,699.6","3,701.7","3,638.7","","-1.20%"
"01.12.2023","3,738.3","3,696.5","3,744.7","3,675.3","","0.37%"
"30.11.2023","3,724.6","3,760.4","3,760.7","3,695.0","","-0.77%"
"29.11.2023","3,753.4","3,769.6","3,809.7","3,747.5","","0.94%"
"28.11.2023","3,718.3","3,713.3","3,735.6","3,688.6","","-0.56%"
"27.11.2023","3,739.3","3,734.5","3,771.7","3,723.0","","-0.23%"
"24.11.2023","3,747.9","3,739.6","3,750.4","3,734.2","","0.08%"
"22.11.2023","3,745.0","3,762.7","3,804.9","3,736.3","","0.33%"
"21.11.2023","3,732.8","3,772.3","3,774.5","3,714.8","","-1.92%"
"20.11.2023","3,805.8","3,747.5","3,817.8","3,747.3","","1.52%"
"17.11.2023","3,748.6","3,707.1","3,754.7","3,707.1","","0.66%"
"16.11.2023","3,724.1","3,691.2","3,733.5","3,689.7","","0.32%"
"15.11.2023","3,712.1","3,710.1","3,739.3","3,687.4","","0.72%"
"14.11.2023","3,685.6","3,653.4","3,696.1","3,639.7","","3.62%"
"13.11.2023","3,556.7","3,562.5","3,568.7","3,535.1","","-0.97%"
"10.11.2023","3,591.7","3,496.7","3,600.4","3,487.2","","4.04%"
"09.11.2023","3,452.3","3,499.7","3,534.4","3,448.0","","-0.59%"
"08.11.2023","3,472.7","3,473.9","3,492.0","3,450.6","","0.03%"
"07.11.2023","3,471.5","3,445.7","3,489.7","3,439.1","","0.77%"
"06.11.2023","3,444.9","3,459.4","3,467.4","3,413.3","","-0.28%"
"03.11.2023","3,454.6","3,406.0","3,477.4","3,398.8","","2.55%"
"02.11.2023","3,368.5","3,355.8","3,388.9","3,320.6","","2.36%"
"01.11.2023","3,290.9","3,224.9","3,293.1","3,218.2","","2.33%"
"31.10.2023","3,215.9","3,183.6","3,223.4","3,151.0","","0.96%"
"30.10.2023","3,185.2","3,204.8","3,225.1","3,152.5","","-1.30%"
"27.10.2023","3,227.1","3,238.1","3,258.4","3,213.1","","1.21%"
"26.10.2023","3,188.4","3,217.6","3,254.3","3,173.6","","-0.54%"
"25.10.2023","3,205.8","3,305.4","3,309.3","3,190.8","","-4.13%"
"24.10.2023","3,343.9","3,316.4","3,349.1","3,303.5","","1.38%"
"23.10.2023","3,298.5","3,300.4","3,357.0","3,264.8","","-0.53%"
"20.10.2023","3,316.1","3,364.3","3,391.0","3,312.2","","-1.53%"
"19.10.2023","3,367.8","3,444.7","3,449.0","3,356.4","","-1.34%"
"18.10.2023","3,413.4","3,414.8","3,443.7","3,397.6","","-1.76%"
"17.10.2023","3,474.7","3,429.7","3,500.2","3,393.5","","-0.80%"
"16.10.2023","3,502.5","3,462.0","3,513.0","3,459.7","","1.43%"
"13.10.2023","3,453.0","3,556.4","3,557.2","3,446.8","","-2.70%"
"12.10.2023","3,548.6","3,550.0","3,596.8","3,515.5","","0.31%"
"11.10.2023","3,537.8","3,526.7","3,544.3","3,497.9","","0.73%"
"10.10.2023","3,512.1","3,481.5","3,543.9","3,466.0","","1.29%"
"09.10.2023","3,467.4","3,441.9","3,475.4","3,414.3","","-0.23%"
"06.10.2023","3,475.2","3,392.8","3,492.0","3,365.9","","2.00%"
"05.10.2023","3,407.0","3,425.7","3,433.0","3,376.9","","-0.52%"
"04.10.2023","3,424.9","3,397.7","3,432.4","3,370.7","","1.43%"
"03.10.2023","3,376.6","3,424.1","3,464.7","3,355.4","","-2.10%"
"02.10.2023","3,448.9","3,440.1","3,475.0","3,408.3","","0.42%"
"29.09.2023","3,434.3","3,474.4","3,481.8","3,421.5","","0.39%"
"28.09.2023","3,421.0","3,351.9","3,457.5","3,343.6","","1.77%"
"27.09.2023","3,361.4","3,356.7","3,385.6","3,310.1","","0.95%"
"26.09.2023","3,329.6","3,362.2","3,370.0","3,314.5","","-1.77%"
"25.09.2023","3,389.5","3,349.5","3,390.5","3,337.4","","0.72%"
"22.09.2023","3,365.3","3,369.3","3,398.4","3,354.0","","0.79%"
"21.09.2023","3,338.9","3,356.2","3,381.6","3,337.9","","-1.76%"
"20.09.2023","3,398.8","3,471.7","3,485.7","3,398.0","","-1.74%"
"19.09.2023","3,459.0","3,475.5","3,482.5","3,441.9","","-0.96%"
"18.09.2023","3,492.5","3,446.8","3,504.0","3,446.2","","0.46%"
"15.09.2023","3,476.4","3,555.6","3,560.9","3,461.2","","-3.01%"
"14.09.2023","3,584.2","3,594.6","3,598.2","3,549.1","","0.67%"
"13.09.2023","3,560.5","3,536.7","3,595.0","3,536.7","","0.55%"
"12.09.2023","3,541.1","3,539.6","3,599.3","3,536.2","","-0.79%"
"11.09.2023","3,569.2","3,605.6","3,607.6","3,521.7","","0.09%"
"08.09.2023","3,566.0","3,575.8","3,601.5","3,552.2","","-0.45%"
"07.09.2023","3,582.1","3,570.0","3,591.8","3,536.6","","-1.98%"
"06.09.2023","3,654.5","3,673.7","3,693.9","3,615.4","","-0.80%"
"05.09.2023","3,683.8","3,669.7","3,711.6","3,651.9","","0.03%"
"01.09.2023","3,682.8","3,694.7","3,705.6","3,658.3","","0.32%"
"31.08.2023","3,670.9","3,637.0","3,690.3","3,636.5","","0.74%"
"30.08.2023","3,643.9","3,615.1","3,658.6","3,593.5","","0.40%"
"29.08.2023","3,629.6","3,518.3","3,640.4","3,515.8","","2.59%"
"28.08.2023","3,537.9","3,528.4","3,546.8","3,503.3","","1.21%"
"25.08.2023","3,495.6","3,476.3","3,521.3","3,425.8","","0.41%"
"24.08.2023","3,481.3","3,663.9","3,663.9","3,474.2","","-3.35%"
"23.08.2023","3,602.0","3,508.1","3,614.1","3,507.0","","2.11%"
"22.08.2023","3,527.7","3,606.3","3,610.1","3,516.7","","-0.93%"
"21.08.2023","3,560.7","3,481.2","3,565.8","3,475.6","","2.83%"
"18.08.2023","3,462.7","3,411.5","3,475.9","3,405.3","","0.48%"
"17.08.2023","3,446.4","3,492.8","3,492.8","3,437.9","","-0.97%"
"16.08.2023","3,480.1","3,552.4","3,552.4","3,478.6","","-2.08%"
"15.08.2023","3,554.0","3,600.6","3,608.0","3,552.1","","-1.70%"
"14.08.2023","3,615.4","3,492.1","3,616.0","3,488.6","","2.87%"
"11.08.2023","3,514.5","3,545.7","3,554.8","3,504.6","","-2.29%"
"10.08.2023","3,597.0","3,634.6","3,680.3","3,575.0","","-0.37%"
"09.08.2023","3,610.5","3,677.4","3,678.8","3,606.1","","-1.87%"
"08.08.2023","3,679.4","3,673.4","3,685.0","3,631.8","","-1.60%"
"07.08.2023","3,739.4","3,730.9","3,740.4","3,705.0","","1.09%"
"04.08.2023","3,699.2","3,689.8","3,751.3","3,660.3","","-0.24%"
"03.08.2023","3,708.1","3,665.5","3,731.0","3,658.4","","-0.09%"
"02.08.2023","3,711.6","3,809.3","3,809.8","3,691.4","","-3.80%"
"01.08.2023","3,858.2","3,825.4","3,866.8","3,818.1","","-0.09%"
"31.07.2023","3,861.6","3,867.6","3,875.2","3,843.0","","0.26%"
"28.07.2023","3,851.8","3,840.1","3,862.2","3,803.8","","2.22%"
"27.07.2023","3,768.3","3,795.1","3,845.0","3,746.6","","1.86%"
"26.07.2023","3,699.4","3,702.8","3,730.4","3,662.0","","-1.49%"
"25.07.2023","3,755.3","3,718.0","3,774.3","3,718.0","","1.70%"
"24.07.2023","3,692.3","3,702.4","3,723.1","3,679.7","","-0.18%"
"21.07.2023","3,698.8","3,702.7","3,730.3","3,678.8","","0.96%"
"20.07.2023","3,663.8","3,727.5","3,742.9","3,648.0","","-3.62%"
"19.07.2023","3,801.7","3,849.1","3,849.8","3,792.1","","-1.06%"
"18.07.2023","3,842.4","3,821.1","3,854.6","3,790.3","","0.13%"
"17.07.2023","3,837.3","3,756.4","3,855.5","3,729.1","","2.32%"
"14.07.2023","3,750.4","3,798.5","3,828.2","3,735.5","","-1.23%"
"13.07.2023","3,797.1","3,755.8","3,803.2","3,746.9","","2.03%"
"12.07.2023","3,721.5","3,704.7","3,727.4","3,684.9","","1.86%"
"11.07.2023","3,653.5","3,665.9","3,669.4","3,599.2","","0.05%"
"10.07.2023","3,651.6","3,587.1","3,655.9","3,586.4","","2.06%"
"07.07.2023","3,577.7","3,583.6","3,633.8","3,573.3","","0.01%"
"06.07.2023","3,577.5","3,559.4","3,581.6","3,532.7","","-1.24%"
"05.07.2023","3,622.3","3,672.4","3,683.7","3,622.1","","-2.20%"
"03.07.2023","3,703.6","3,691.3","3,713.9","3,663.5","","0.83%"
"30.06.2023","3,673.1","3,654.7","3,685.8","3,644.0","","1.63%"
"29.06.2023","3,614.2","3,627.0","3,627.2","3,583.5","","0.13%"
"28.06.2023","3,609.5","3,588.9","3,645.0","3,580.8","","-0.90%"
"27.06.2023","3,642.4","3,527.2","3,647.0","3,517.5","","3.60%"
"26.06.2023","3,515.8","3,527.6","3,582.3","3,515.5","","0.26%"
"23.06.2023","3,506.7","3,508.0","3,527.0","3,489.1","","-1.77%"
"22.06.2023","3,569.9","3,525.5","3,580.7","3,523.8","","0.57%"
"21.06.2023","3,549.7","3,624.1","3,636.9","3,548.4","","-2.68%"
"20.06.2023","3,647.6","3,666.2","3,693.4","3,616.0","","-0.70%"
"16.06.2023","3,673.1","3,738.7","3,743.7","3,671.3","","-0.94%"
"15.06.2023","3,708.1","3,698.6","3,736.5","3,684.4","","-0.85%"
"14.06.2023","3,739.7","3,670.3","3,740.7","3,653.7","","1.52%"
"13.06.2023","3,683.7","3,694.8","3,711.8","3,646.4","","1.15%"
"12.06.2023","3,641.7","3,567.8","3,644.9","3,566.0","","3.31%"
"09.06.2023","3,525.0","3,559.4","3,580.4","3,508.7","","0.30%"
"08.06.2023","3,514.3","3,484.1","3,521.4","3,469.4","","1.07%"
"07.06.2023","3,477.2","3,512.6","3,557.0","3,469.7","","-0.32%"
"06.06.2023","3,488.3","3,426.9","3,504.4","3,417.5","","1.28%"
"05.06.2023","3,444.1","3,488.6","3,489.1","3,430.3","","-1.64%"
"02.06.2023","3,501.4","3,537.7","3,546.4","3,478.0","","-0.15%"
"01.06.2023","3,506.7","3,469.7","3,537.8","3,437.9","","1.55%"
"31.05.2023","3,453.2","3,484.3","3,531.4","3,451.9","","-2.71%"
"30.05.2023","3,549.4","3,628.5","3,643.9","3,537.6","","0.10%"
"26.05.2023","3,545.7","3,387.4","3,563.3","3,386.3","","6.26%"
"25.05.2023","3,336.7","3,281.4","3,347.4","3,238.2","","6.81%"
"24.05.2023","3,124.1","3,111.6","3,135.0","3,091.3","","-1.68%"
"23.05.2023","3,177.4","3,196.8","3,217.0","3,171.9","","-1.17%"
"22.05.2023","3,215.0","3,180.6","3,223.5","3,173.9","","0.36%"
"19.05.2023","3,203.5","3,215.0","3,217.9","3,186.4","","-0.62%"
"18.05.2023","3,223.5","3,139.7","3,229.6","3,136.8","","3.16%"
"17.05.2023","3,124.7","3,077.6","3,135.3","3,056.0","","2.49%"
"16.05.2023","3,048.7","3,044.4","3,083.3","3,044.0","","-0.13%"
"15.05.2023","3,052.6","2,979.5","3,052.9","2,971.8","","2.68%"
"12.05.2023","2,972.8","2,988.6","2,999.5","2,944.1","","-0.20%"
"11.05.2023","2,978.7","3,000.4","3,005.0","2,950.9","","-0.63%"
"10.05.2023","2,997.5","3,003.6","3,019.5","2,968.4","","1.00%"
"09.05.2023","2,967.8","2,983.2","2,983.7","2,960.0","","-1.87%"
"08.05.2023","3,024.4","3,009.8","3,026.0","2,979.9","","0.56%"
"05.05.2023","3,007.7","2,942.3","3,019.4","2,930.6","","2.25%"
"04.05.2023","2,941.6","2,932.6","2,971.9","2,913.1","","-0.53%"
"03.05.2023","2,957.4","2,980.6","3,009.1","2,956.7","","-1.32%"
"02.05.2023","2,996.9","3,020.2","3,034.2","2,969.1","","-0.74%"
"01.05.2023","3,019.1","3,007.2","3,026.9","2,997.2","","0.81%"
"28.04.2023","2,995.0","2,958.2","2,995.3","2,945.4","","1.81%"
"27.04.2023","2,941.6","2,921.9","2,945.0","2,867.5","","0.64%"
"26.04.2023","2,923.0","2,906.3","2,952.1","2,908.4","","0.57%"
"25.04.2023","2,906.3","2,987.2","2,987.6","2,905.9","","-3.37%"
"24.04.2023","3,007.5","3,017.9","3,031.9","2,987.9","","-0.46%"
"21.04.2023","3,021.4","3,026.8","3,032.0","2,995.9","","-0.82%"
"20.04.2023","3,046.3","3,015.8","3,090.9","3,015.8","","0.00%"
"19.04.2023","3,046.4","3,036.0","3,053.3","3,026.8","","-1.02%"
"18.04.2023","3,077.7","3,097.9","3,116.4","3,054.3","","0.36%"
"17.04.2023","3,066.7","3,033.4","3,067.9","3,025.8","","-0.12%"
"14.04.2023","3,070.5","3,070.9","3,107.3","3,037.0","","-0.15%"
"13.04.2023","3,074.9","3,055.5","3,092.2","3,036.0","","0.73%"
"12.04.2023","3,052.5","3,133.9","3,140.7","3,049.9","","-1.83%"
"11.04.2023","3,109.4","3,145.9","3,146.0","3,104.4","","-0.56%"
"10.04.2023","3,127.0","3,047.9","3,127.9","3,042.3","","1.80%"
"06.04.2023","3,071.8","3,055.2","3,093.8","3,034.8","","-0.46%"
"05.04.2023","3,086.0","3,107.1","3,111.8","3,055.4","","-1.80%"
"04.04.2023","3,142.5","3,207.0","3,209.3","3,126.3","","-1.81%"
"03.04.2023","3,200.4","3,209.7","3,222.3","3,162.4","","-0.94%"
"31.03.2023","3,230.9","3,182.7","3,233.9","3,178.4","","0.70%"
"30.03.2023","3,208.3","3,198.2","3,230.1","3,186.3","","1.62%"
"29.03.2023","3,157.1","3,109.6","3,176.8","3,105.4","","3.27%"
"28.03.2023","3,057.3","3,077.0","3,077.0","3,015.8","","-0.85%"
"27.03.2023","3,083.6","3,129.4","3,141.8","3,075.8","","-1.21%"
"24.03.2023","3,121.3","3,150.9","3,154.4","3,090.0","","-1.67%"
"23.03.2023","3,174.4","3,146.2","3,216.3","3,119.0","","2.67%"
"22.03.2023","3,091.7","3,119.0","3,201.6","3,089.9","","-0.81%"
"21.03.2023","3,116.9","3,137.3","3,169.9","3,071.2","","0.07%"
"20.03.2023","3,114.7","3,083.9","3,123.1","3,060.3","","1.01%"
"17.03.2023","3,083.5","3,104.8","3,127.4","3,064.0","","-0.47%"
"16.03.2023","3,098.1","2,963.3","3,102.0","2,955.1","","4.05%"
"15.03.2023","2,977.4","2,968.5","2,985.5","2,915.2","","-1.09%"
"14.03.2023","3,010.1","2,977.6","3,026.9","2,960.6","","3.03%"
"13.03.2023","2,921.7","2,883.9","2,957.7","2,861.4","","-0.08%"
"10.03.2023","2,923.9","2,995.9","3,003.6","2,909.5","","-1.89%"
"09.03.2023","2,980.2","3,037.6","3,083.7","2,976.3","","-2.01%"
"08.03.2023","3,041.4","2,981.8","3,044.2","2,979.4","","2.67%"
"07.03.2023","2,962.4","2,996.8","3,011.1","2,950.8","","-1.07%"
"06.03.2023","2,994.6","3,036.6","3,064.3","2,988.8","","-1.11%"
"03.03.2023","3,028.3","2,982.6","3,031.9","2,961.8","","1.48%"
"02.03.2023","2,984.1","2,909.7","2,996.6","2,892.2","","0.96%"
"01.03.2023","2,955.8","2,967.4","2,993.2","2,945.3","","-0.09%"
"28.02.2023","2,958.4","2,945.9","2,998.0","2,937.0","","0.24%"
"27.02.2023","2,951.2","2,983.4","2,986.8","2,949.7","","0.55%"
"24.02.2023","2,935.1","2,936.9","2,950.4","2,913.1","","-1.80%"
"23.02.2023","2,988.8","3,002.7","3,003.0","2,931.2","","3.33%"
"22.02.2023","2,892.4","2,910.8","2,935.9","2,875.6","","-0.48%"
"21.02.2023","2,906.3","2,961.1","2,992.0","2,901.7","","-3.31%"
"17.02.2023","3,005.9","3,032.8","3,042.4","2,980.1","","-1.62%"
"16.02.2023","3,055.2","3,077.8","3,108.6","3,051.3","","-2.48%"
"15.02.2023","3,133.1","3,092.7","3,134.5","3,063.2","","0.37%"
"14.02.2023","3,121.6","3,024.2","3,131.4","3,013.2","","2.10%"
"13.02.2023","3,057.3","3,022.8","3,066.1","3,001.3","","1.53%"
"10.02.2023","3,011.2","3,025.1","3,033.7","2,979.7","","-1.58%"
"09.02.2023","3,059.6","3,112.7","3,140.8","3,039.0","","0.13%"
"08.02.2023","3,055.6","3,106.2","3,128.5","3,050.0","","-2.19%"
"07.02.2023","3,124.1","3,042.9","3,138.4","3,033.0","","3.12%"
"06.02.2023","3,029.7","3,027.5","3,075.8","3,018.8","","-1.70%"
"03.02.2023","3,082.1","3,069.9","3,151.9","3,064.7","","-1.90%"
"02.02.2023","3,141.8","3,103.6","3,168.7","3,088.2","","2.22%"
"01.02.2023","3,073.5","2,935.9","3,103.5","2,935.9","","5.19%"
"31.01.2023","2,921.9","2,860.0","2,922.7","2,859.2","","1.93%"
"30.01.2023","2,866.7","2,903.6","2,920.1","2,865.0","","-2.67%"
"27.01.2023","2,945.3","2,906.9","2,971.0","2,905.8","","-0.72%"
"26.01.2023","2,966.6","2,954.4","2,969.0","2,905.3","","1.63%"
"25.01.2023","2,919.0","2,859.6","2,923.1","2,840.1","","0.18%"
"24.01.2023","2,913.7","2,900.4","2,936.7","2,897.4","","-0.72%"
"23.01.2023","2,934.8","2,822.1","2,943.7","2,818.4","","5.01%"
"20.01.2023","2,794.7","2,734.2","2,795.6","2,710.2","","3.11%"
"19.01.2023","2,710.4","2,762.9","2,763.8","2,704.3","","-2.83%"
"18.01.2023","2,789.5","2,837.4","2,854.5","2,788.3","","-0.64%"
"17.01.2023","2,807.5","2,791.4","2,830.9","2,780.5","","0.24%"
"13.01.2023","2,800.7","2,763.0","2,802.8","2,753.9","","0.39%"
"12.01.2023","2,789.7","2,770.0","2,807.7","2,714.8","","1.24%"
"11.01.2023","2,755.4","2,720.8","2,756.5","2,700.3","","1.25%"
"10.01.2023","2,721.3","2,674.5","2,722.1","2,663.4","","1.29%"
"09.01.2023","2,686.8","2,683.1","2,745.9","2,667.8","","1.92%"
"06.01.2023","2,636.1","2,553.4","2,649.4","2,519.2","","4.67%"
"05.01.2023","2,518.5","2,538.5","2,556.3","2,517.1","","-1.98%"
"04.01.2023","2,569.5","2,552.3","2,582.3","2,523.4","","2.74%"
"03.01.2023","2,501.0","2,574.7","2,574.7","2,489.3","","-1.23%"
"30.12.2022","2,532.1","2,492.7","2,534.0","2,479.0","","-0.11%"
"29.12.2022","2,534.9","2,493.5","2,543.2","2,485.0","","3.32%"
"28.12.2022","2,453.5","2,474.6","2,504.4","2,445.2","","-1.47%"
"27.12.2022","2,490.2","2,515.8","2,518.8","2,482.2","","-1.79%"
"23.12.2022","2,535.5","2,513.4","2,536.8","2,490.8","","0.09%"
"22.12.2022","2,533.3","2,589.1","2,589.1","2,482.4","","-4.20%"
"21.12.2022","2,644.5","2,601.8","2,652.2","2,600.2","","2.36%"
"20.12.2022","2,583.6","2,568.3","2,607.9","2,565.5","","-0.62%"
"19.12.2022","2,599.9","2,634.5","2,638.4","2,576.4","","-1.37%"
"16.12.2022","2,636.1","2,646.3","2,670.1","2,612.4","","-0.95%"
"15.12.2022","2,661.4","2,728.7","2,731.9","2,657.8","","-4.17%"
"14.12.2022","2,777.3","2,818.6","2,849.4","2,751.2","","-1.57%"
"13.12.2022","2,821.5","2,899.0","2,913.1","2,788.9","","1.52%"
"12.12.2022","2,779.2","2,710.1","2,779.5","2,699.5","","2.14%"
"09.12.2022","2,721.0","2,735.1","2,771.9","2,715.9","","-0.86%"
"08.12.2022","2,744.7","2,684.9","2,749.1","2,668.3","","2.67%"
"07.12.2022","2,673.2","2,645.5","2,689.0","2,645.5","","-0.01%"
"06.12.2022","2,673.5","2,732.9","2,736.6","2,650.6","","-2.36%"
"05.12.2022","2,738.0","2,756.4","2,777.2","2,713.1","","-1.20%"
"02.12.2022","2,771.2","2,729.7","2,777.5","2,723.4","","-1.19%"
"01.12.2022","2,804.7","2,833.4","2,841.9","2,771.0","","-0.78%"
"30.11.2022","2,826.8","2,678.6","2,827.7","2,655.1","","5.85%"
"29.11.2022","2,670.7","2,685.0","2,704.7","2,656.6","","-0.30%"
"28.11.2022","2,678.8","2,714.4","2,744.6","2,664.6","","-2.63%"
"25.11.2022","2,751.3","2,766.6","2,780.5","2,751.3","","-1.26%"
"23.11.2022","2,786.4","2,756.7","2,814.9","2,756.4","","1.07%"
"22.11.2022","2,756.8","2,702.0","2,757.7","2,677.3","","3.03%"
"21.11.2022","2,675.8","2,684.3","2,696.7","2,669.3","","-1.77%"
"18.11.2022","2,724.0","2,759.8","2,760.0","2,693.4","","0.18%"
"17.11.2022","2,719.1","2,633.9","2,728.0","2,633.9","","1.05%"
"16.11.2022","2,690.8","2,735.5","2,747.8","2,677.3","","-4.26%"
"15.11.2022","2,810.6","2,833.5","2,848.7","2,771.7","","3.03%"
"14.11.2022","2,728.1","2,742.2","2,779.5","2,725.8","","-0.97%"
"11.11.2022","2,754.9","2,677.6","2,769.4","2,655.2","","3.08%"
"10.11.2022","2,672.5","2,568.2","2,675.8","2,539.7","","10.21%"
"09.11.2022","2,424.8","2,466.0","2,472.6","2,424.0","","-3.14%"
"08.11.2022","2,503.4","2,501.2","2,535.6","2,454.2","","2.15%"
"07.11.2022","2,450.6","2,413.2","2,457.8","2,386.6","","2.18%"
"04.11.2022","2,398.2","2,383.7","2,401.2","2,339.9","","4.60%"
"03.11.2022","2,292.9","2,283.3","2,330.9","2,259.9","","-1.53%"
"02.11.2022","2,328.5","2,420.6","2,462.1","2,327.7","","-3.09%"
"01.11.2022","2,402.8","2,436.7","2,439.4","2,390.3","","0.77%"
"31.10.2022","2,384.5","2,409.4","2,416.0","2,371.6","","-2.02%"
"28.10.2022","2,433.7","2,347.4","2,436.7","2,338.0","","3.98%"
"27.10.2022","2,340.6","2,419.1","2,430.8","2,338.4","","-1.50%"
"26.10.2022","2,376.3","2,351.1","2,433.7","2,343.7","","-1.18%"
"25.10.2022","2,404.7","2,359.4","2,420.5","2,359.4","","2.26%"
"24.10.2022","2,351.5","2,343.5","2,360.5","2,294.3","","0.64%"
"21.10.2022","2,336.7","2,253.4","2,339.9","2,238.1","","3.70%"
"20.10.2022","2,253.2","2,251.1","2,320.9","2,240.9","","0.69%"
"19.10.2022","2,237.7","2,209.6","2,258.7","2,200.9","","0.76%"
"18.10.2022","2,221.0","2,288.8","2,296.5","2,183.2","","0.42%"
"17.10.2022","2,211.7","2,232.6","2,241.6","2,194.4","","2.28%"
"14.10.2022","2,162.3","2,281.7","2,287.0","2,158.8","","-4.46%"
"13.10.2022","2,263.2","2,103.7","2,299.7","2,089.8","","2.94%"
"12.10.2022","2,198.6","2,218.4","2,224.8","2,190.1","","-0.90%"
"11.10.2022","2,218.5","2,233.0","2,262.3","2,188.9","","-2.50%"
"10.10.2022","2,275.3","2,346.8","2,347.2","2,247.6","","-3.45%"
"07.10.2022","2,356.7","2,428.2","2,440.1","2,344.9","","-6.06%"
"06.10.2022","2,508.8","2,520.2","2,563.3","2,502.9","","-0.59%"
"05.10.2022","2,523.6","2,458.0","2,543.9","2,435.2","","0.94%"
"04.10.2022","2,500.1","2,472.2","2,503.7","2,460.5","","4.46%"
"03.10.2022","2,393.3","2,343.1","2,415.6","2,321.2","","3.76%"
"30.09.2022","2,306.7","2,324.6","2,380.7","2,306.6","","-1.73%"
"29.09.2022","2,347.4","2,385.5","2,386.1","2,313.1","","-3.29%"
"28.09.2022","2,427.3","2,376.2","2,437.4","2,369.2","","1.22%"
"27.09.2022","2,398.0","2,422.8","2,435.3","2,362.6","","1.04%"
"26.09.2022","2,373.5","2,407.7","2,439.9","2,372.2","","-1.47%"
"23.09.2022","2,408.9","2,417.7","2,423.1","2,369.5","","-1.45%"
"22.09.2022","2,444.2","2,500.1","2,508.0","2,431.8","","-2.81%"
"21.09.2022","2,515.0","2,545.0","2,625.5","2,514.5","","-0.97%"
"20.09.2022","2,539.5","2,557.0","2,563.5","2,523.0","","-1.49%"
"19.09.2022","2,577.9","2,533.6","2,586.9","2,533.4","","0.58%"
"16.09.2022","2,563.1","2,524.7","2,565.4","2,504.9","","0.53%"
"15.09.2022","2,549.5","2,570.4","2,601.1","2,530.5","","-1.62%"
"14.09.2022","2,591.5","2,583.1","2,607.4","2,554.0","","1.14%"
"13.09.2022","2,562.3","2,626.3","2,648.0","2,556.0","","-6.18%"
"12.09.2022","2,731.1","2,725.4","2,745.5","2,701.5","","0.34%"
"09.09.2022","2,721.8","2,693.3","2,732.5","2,693.1","","2.39%"
"08.09.2022","2,658.2","2,579.8","2,664.2","2,571.1","","1.79%"
"07.09.2022","2,611.5","2,578.7","2,631.4","2,560.4","","1.56%"
"06.09.2022","2,571.5","2,596.1","2,612.3","2,551.0","","-1.07%"
"02.09.2022","2,599.3","2,670.3","2,686.0","2,587.9","","-1.02%"
"01.09.2022","2,625.9","2,608.2","2,629.2","2,548.2","","-1.92%"
"31.08.2022","2,677.4","2,711.8","2,718.1","2,657.0","","-1.15%"
"30.08.2022","2,708.6","2,770.0","2,770.0","2,678.8","","-1.31%"
"29.08.2022","2,744.5","2,776.5","2,801.6","2,741.2","","-1.93%"
"26.08.2022","2,798.4","2,958.5","2,966.5","2,797.6","","-5.81%"
"25.08.2022","2,971.1","2,873.4","2,973.1","2,873.0","","3.66%"
"24.08.2022","2,866.2","2,855.4","2,875.3","2,833.6","","0.07%"
"23.08.2022","2,864.3","2,852.2","2,901.9","2,849.9","","0.74%"
"22.08.2022","2,843.4","2,891.7","2,903.0","2,833.6","","-3.72%"
"19.08.2022","2,953.3","2,991.9","3,008.7","2,941.6","","-2.78%"
"18.08.2022","3,037.8","2,974.2","3,058.6","2,967.1","","2.28%"
"17.08.2022","2,970.1","2,999.9","3,000.4","2,931.9","","-2.48%"
"16.08.2022","3,045.6","3,059.3","3,074.6","3,013.3","","-1.03%"
"15.08.2022","3,077.3","3,052.9","3,084.9","3,032.5","","0.31%"
"12.08.2022","3,067.8","2,998.8","3,072.3","2,992.5","","2.99%"
"11.08.2022","2,978.7","3,008.5","3,067.0","2,975.1","","-0.34%"
"10.08.2022","2,988.7","2,942.8","2,990.6","2,905.4","","4.25%"
"09.08.2022","2,866.9","2,928.2","2,937.6","2,832.6","","-4.57%"
"08.08.2022","3,004.3","3,002.5","3,041.2","2,961.3","","-1.61%"
"05.08.2022","3,053.4","3,027.9","3,077.5","3,010.1","","-0.91%"
"04.08.2022","3,081.4","3,041.0","3,087.4","3,038.0","","0.92%"
"03.08.2022","3,053.5","2,972.6","3,060.5","2,970.5","","2.65%"
"02.08.2022","2,974.7","2,951.1","3,021.6","2,936.4","","-0.12%"
"01.08.2022","2,978.3","2,942.8","3,006.7","2,929.4","","0.38%"
"29.07.2022","2,967.1","2,895.3","2,975.3","2,892.5","","0.77%"
"28.07.2022","2,944.5","2,912.8","2,950.3","2,853.4","","1.15%"
"27.07.2022","2,911.0","2,835.1","2,930.6","2,823.0","","4.75%"
"26.07.2022","2,779.0","2,808.0","2,822.8","2,771.7","","-1.63%"
"25.07.2022","2,825.0","2,822.2","2,828.0","2,781.7","","-0.61%"
"22.07.2022","2,842.4","2,905.0","2,906.5","2,820.2","","-2.55%"
"21.07.2022","2,916.8","2,884.2","2,918.2","2,845.6","","1.53%"
"20.07.2022","2,873.0","2,792.8","2,883.5","2,777.3","","2.49%"
"19.07.2022","2,803.1","2,724.3","2,813.8","2,717.8","","4.61%"
"18.07.2022","2,679.6","2,731.6","2,755.0","2,665.2","","-0.53%"
"15.07.2022","2,693.8","2,658.2","2,695.0","2,626.0","","2.54%"
"14.07.2022","2,626.9","2,566.7","2,636.6","2,529.6","","1.92%"
"13.07.2022","2,577.4","2,507.9","2,595.0","2,505.0","","0.75%"
"12.07.2022","2,558.2","2,583.2","2,588.4","2,542.5","","0.18%"
"11.07.2022","2,553.7","2,575.7","2,588.0","2,539.0","","-2.46%"
"08.07.2022","2,618.0","2,567.2","2,632.3","2,561.3","","0.47%"
"07.07.2022","2,605.9","2,560.2","2,616.4","2,555.4","","4.48%"
"06.07.2022","2,494.1","2,477.3","2,520.8","2,456.2","","0.66%"
"05.07.2022","2,477.6","2,391.8","2,478.3","2,386.7","","0.78%"
"01.07.2022","2,458.5","2,512.1","2,524.0","2,429.9","","-3.83%"
"30.06.2022","2,556.3","2,548.6","2,602.6","2,514.4","","-1.07%"
"29.06.2022","2,584.0","2,605.0","2,610.7","2,553.5","","-2.20%"
"28.06.2022","2,642.1","2,724.5","2,758.5","2,640.8","","-2.63%"
"27.06.2022","2,713.5","2,745.8","2,749.7","2,692.8","","-0.18%"
"24.06.2022","2,718.5","2,639.8","2,719.5","2,639.4","","4.45%"
"23.06.2022","2,602.7","2,633.0","2,636.8","2,563.7","","-0.65%"
"22.06.2022","2,619.7","2,603.6","2,658.8","2,602.9","","-1.12%"
"21.06.2022","2,649.4","2,638.5","2,685.0","2,633.6","","2.75%"
"17.06.2022","2,578.5","2,581.7","2,598.6","2,523.2","","0.46%"
"16.06.2022","2,566.9","2,648.2","2,655.1","2,537.7","","-6.24%"
"15.06.2022","2,737.5","2,726.1","2,780.6","2,674.0","","1.77%"
"14.06.2022","2,689.9","2,707.3","2,713.5","2,658.4","","0.63%"
"13.06.2022","2,673.0","2,742.1","2,765.4","2,665.6","","-5.61%"
"10.06.2022","2,832.0","2,894.7","2,911.8","2,828.5","","-3.60%"
"09.06.2022","2,937.8","2,995.8","3,047.7","2,937.4","","-2.69%"
"08.06.2022","3,019.1","3,069.8","3,082.4","3,000.5","","-2.39%"
"07.06.2022","3,093.0","3,025.9","3,098.7","3,008.0","","0.99%"
"06.06.2022","3,062.7","3,121.9","3,132.4","3,047.2","","0.00%"
"03.06.2022","3,062.6","3,080.5","3,103.4","3,047.9","","-3.02%"
"02.06.2022","3,158.0","3,042.0","3,158.6","3,037.0","","3.57%"
"01.06.2022","3,049.0","3,117.3","3,130.1","3,011.2","","-1.60%"
"31.05.2022","3,098.7","3,110.1","3,126.9","3,052.7","","-0.53%"
"27.05.2022","3,115.4","3,048.1","3,120.9","3,046.7","","4.03%"
"26.05.2022","2,994.6","2,850.0","3,006.2","2,848.5","","3.87%"
"25.05.2022","2,882.9","2,812.1","2,905.9","2,809.7","","1.98%"
"24.05.2022","2,827.0","2,853.7","2,863.5","2,797.9","","-2.46%"
"23.05.2022","2,898.4","2,861.3","2,904.2","2,844.1","","0.55%"
"20.05.2022","2,882.7","2,937.7","2,939.5","2,758.7","","-0.27%"
"19.05.2022","2,890.3","2,901.1","2,960.1","2,867.1","","-0.61%"
"18.05.2022","2,908.0","3,012.0","3,054.8","2,897.9","","-5.17%"
"17.05.2022","3,066.5","3,007.5","3,071.6","2,990.3","","5.02%"
"16.05.2022","2,920.1","2,929.9","2,967.8","2,912.2","","-1.69%"
"13.05.2022","2,970.4","2,880.0","2,988.3","2,863.4","","5.06%"
"12.05.2022","2,827.2","2,781.8","2,851.8","2,754.7","","0.54%"
"11.05.2022","2,811.9","2,872.9","2,937.4","2,807.0","","-3.04%"
"10.05.2022","2,900.1","2,918.6","2,948.6","2,834.9","","2.51%"
"09.05.2022","2,829.1","2,918.4","2,949.9","2,817.2","","-5.13%"
"06.05.2022","2,982.1","2,990.5","3,044.8","2,926.1","","-0.78%"
"05.05.2022","3,005.5","3,103.6","3,105.5","2,965.7","","-5.00%"
"04.05.2022","3,163.8","3,071.2","3,166.7","2,974.7","","3.90%"
"03.05.2022","3,044.9","3,012.2","3,067.4","2,994.9","","0.75%"
"02.05.2022","3,022.2","2,936.0","3,024.8","2,905.4","","3.51%"
"29.04.2022","2,919.7","3,006.5","3,065.7","2,916.1","","-4.47%"
"28.04.2022","3,056.4","2,968.5","3,087.0","2,919.5","","5.58%"
"27.04.2022","2,894.9","2,879.8","2,964.5","2,875.4","","-0.49%"
"26.04.2022","2,909.1","3,006.9","3,006.9","2,908.1","","-4.38%"
"25.04.2022","3,042.4","2,964.6","3,045.7","2,964.6","","1.76%"
"22.04.2022","2,989.8","3,054.6","3,069.5","2,988.4","","-2.25%"
"21.04.2022","3,058.7","3,185.8","3,216.8","3,046.7","","-2.66%"
"20.04.2022","3,142.2","3,205.7","3,227.2","3,135.4","","-0.35%"
"19.04.2022","3,153.2","3,073.3","3,157.5","3,057.4","","2.21%"
"18.04.2022","3,085.2","3,018.0","3,110.0","3,018.0","","1.88%"
"14.04.2022","3,028.2","3,131.4","3,132.6","3,026.8","","-2.92%"
"13.04.2022","3,119.3","3,065.3","3,136.6","3,053.6","","2.36%"
"12.04.2022","3,047.5","3,124.3","3,145.8","3,035.9","","-0.25%"
"11.04.2022","3,055.1","3,068.0","3,099.4","3,052.1","","-2.09%"
"08.04.2022","3,120.2","3,164.9","3,173.5","3,116.7","","-2.42%"
"07.04.2022","3,197.4","3,188.9","3,226.8","3,134.4","","0.11%"
"06.04.2022","3,194.0","3,198.0","3,246.9","3,165.0","","-2.32%"
"05.04.2022","3,269.8","3,396.4","3,400.6","3,264.4","","-4.53%"
"04.04.2022","3,424.9","3,380.6","3,428.7","3,368.3","","1.73%"
"01.04.2022","3,366.6","3,454.1","3,455.8","3,317.9","","-1.82%"
"31.03.2022","3,429.0","3,503.7","3,523.7","3,427.5","","-2.27%"
"30.03.2022","3,508.6","3,605.3","3,611.2","3,493.7","","-3.23%"
"29.03.2022","3,625.6","3,601.4","3,633.1","3,557.7","","2.21%"
"28.03.2022","3,547.2","3,501.8","3,548.5","3,450.9","","0.62%"
"25.03.2022","3,525.3","3,526.0","3,535.4","3,467.0","","-0.21%"
"24.03.2022","3,532.7","3,398.0","3,533.6","3,384.3","","5.13%"
"23.03.2022","3,360.3","3,411.7","3,457.2","3,359.4","","-2.48%"
"22.03.2022","3,445.9","3,421.9","3,485.2","3,417.1","","0.66%"
"21.03.2022","3,423.2","3,413.7","3,450.5","3,365.2","","-0.26%"
"18.03.2022","3,432.3","3,338.0","3,443.7","3,324.7","","2.01%"
"17.03.2022","3,364.5","3,298.5","3,365.1","3,280.7","","0.73%"
"16.03.2022","3,340.1","3,233.0","3,340.9","3,202.4","","5.03%"
"15.03.2022","3,180.2","3,073.8","3,186.6","3,057.8","","4.36%"
"14.03.2022","3,047.5","3,140.2","3,150.0","3,030.1","","-3.07%"
"11.03.2022","3,144.1","3,259.7","3,266.3","3,139.6","","-2.08%"
"10.03.2022","3,211.1","3,222.3","3,223.3","3,151.6","","-2.17%"
"09.03.2022","3,282.2","3,261.2","3,303.6","3,223.4","","3.97%"
"08.03.2022","3,156.9","3,110.2","3,268.5","3,067.5","","1.87%"
"07.03.2022","3,098.9","3,273.1","3,285.7","3,097.8","","-4.91%"
"04.03.2022","3,258.9","3,314.9","3,337.7","3,220.4","","-2.42%"
"03.03.2022","3,339.8","3,424.0","3,425.6","3,322.7","","-2.24%"
"02.03.2022","3,416.2","3,335.6","3,436.1","3,330.6","","3.37%"
"01.03.2022","3,304.8","3,419.5","3,435.1","3,274.3","","-3.64%"
"28.02.2022","3,429.5","3,415.4","3,460.8","3,364.1","","-0.67%"
"25.02.2022","3,452.7","3,391.0","3,454.9","3,351.9","","1.57%"
"24.02.2022","3,399.2","3,156.8","3,404.2","3,152.7","","3.70%"
"23.02.2022","3,277.8","3,402.8","3,430.1","3,273.1","","-2.33%"
"22.02.2022","3,356.1","3,347.2","3,436.3","3,307.3","","-0.83%"
"18.02.2022","3,384.3","3,429.4","3,432.4","3,336.0","","-1.12%"
"17.02.2022","3,422.6","3,509.1","3,512.0","3,420.9","","-3.74%"
"16.02.2022","3,555.7","3,511.2","3,567.0","3,480.9","","0.03%"
"15.02.2022","3,554.5","3,439.1","3,559.8","3,433.0","","5.47%"
"14.02.2022","3,370.2","3,376.1","3,433.1","3,324.6","","0.15%"
"11.02.2022","3,365.2","3,552.7","3,568.8","3,341.8","","-4.83%"
"10.02.2022","3,536.1","3,569.1","3,674.4","3,520.5","","-3.22%"
"09.02.2022","3,653.7","3,590.7","3,655.3","3,543.7","","3.35%"
"08.02.2022","3,535.1","3,443.2","3,545.1","3,433.8","","2.40%"
"07.02.2022","3,452.3","3,470.5","3,507.5","3,440.3","","-0.02%"
"04.02.2022","3,453.1","3,420.4","3,481.7","3,374.5","","0.60%"
"03.02.2022","3,432.5","3,510.2","3,559.2","3,425.2","","-4.58%"
"02.02.2022","3,597.2","3,578.4","3,601.2","3,527.0","","2.46%"
"01.02.2022","3,510.9","3,504.7","3,515.5","3,422.4","","0.79%"
"31.01.2022","3,483.2","3,332.1","3,484.7","3,304.9","","5.44%"
"28.01.2022","3,303.4","3,237.5","3,304.2","3,147.5","","1.83%"
"27.01.2022","3,244.0","3,422.9","3,422.9","3,236.2","","-4.78%"
"26.01.2022","3,407.0","3,447.3","3,540.5","3,357.1","","1.68%"
"25.01.2022","3,350.9","3,387.9","3,432.2","3,335.7","","-3.71%"
"24.01.2022","3,479.9","3,363.4","3,483.5","3,257.5","","1.31%"
"21.01.2022","3,434.8","3,466.2","3,567.1","3,429.9","","-1.72%"
"20.01.2022","3,494.8","3,638.2","3,666.6","3,493.1","","-3.25%"
"19.01.2022","3,612.2","3,763.3","3,777.9","3,610.5","","-3.09%"
"18.01.2022","3,727.2","3,840.8","3,840.9","3,720.2","","-4.44%"
"14.01.2022","3,900.6","3,783.1","3,903.0","3,783.1","","2.33%"
"13.01.2022","3,811.8","3,971.2","3,992.2","3,801.4","","-2.29%"
"12.01.2022","3,901.2","3,915.6","3,938.0","3,866.2","","0.66%"
"11.01.2022","3,875.4","3,785.6","3,879.0","3,767.8","","1.84%"
"10.01.2022","3,805.4","3,738.2","3,810.3","3,676.8","","0.24%"
"07.01.2022","3,796.3","3,912.2","3,917.8","3,786.4","","-2.88%"
"06.01.2022","3,909.0","3,872.4","3,927.0","3,839.1","","0.75%"
"05.01.2022","3,879.9","3,988.6","4,020.5","3,876.8","","-3.22%"
"04.01.2022","4,009.0","4,045.4","4,068.1","3,918.4","","-0.45%"
"03.01.2022","4,027.2","3,974.3","4,027.9","3,961.3","","2.05%"
"31.12.2021","3,946.2","3,960.5","3,987.5","3,944.8","","-0.15%"
"30.12.2021","3,952.0","3,996.4","4,008.7","3,945.8","","-1.18%"
"29.12.2021","3,999.4","3,995.5","4,024.0","3,979.2","","0.18%"
"28.12.2021","3,992.2","4,052.8","4,055.0","3,977.7","","-1.17%"
"27.12.2021","4,039.5","3,946.0","4,040.6","3,946.0","","2.72%"
"23.12.2021","3,932.4","3,906.8","3,955.5","3,906.8","","1.04%"
"22.12.2021","3,891.9","3,836.5","3,892.8","3,817.2","","0.90%"
"21.12.2021","3,857.3","3,818.6","3,861.8","3,760.1","","3.35%"
"20.12.2021","3,732.4","3,707.4","3,755.4","3,689.4","","-0.76%"
"17.12.2021","3,761.0","3,733.7","3,814.8","3,721.2","","-0.14%"
"16.12.2021","3,766.3","3,961.6","3,962.0","3,748.1","","-4.27%"
"15.12.2021","3,934.5","3,805.4","3,939.9","3,757.3","","3.69%"
"14.12.2021","3,794.4","3,768.1","3,814.6","3,746.4","","-0.52%"
"13.12.2021","3,814.4","3,931.0","3,936.7","3,811.0","","-2.56%"
"10.12.2021","3,914.7","3,952.4","3,968.0","3,871.9","","0.91%"
"09.12.2021","3,879.5","3,936.3","3,981.9","3,877.1","","-2.14%"
"08.12.2021","3,964.4","3,954.3","3,973.4","3,928.2","","-0.61%"
"07.12.2021","3,988.7","3,892.3","4,002.2","3,892.3","","4.97%"
"06.12.2021","3,800.1","3,797.6","3,814.3","3,687.9","","-0.12%"
"03.12.2021","3,804.5","3,874.5","3,902.9","3,762.1","","-0.16%"
"02.12.2021","3,810.8","3,758.2","3,838.6","3,742.5","","0.00%"
"01.12.2021","3,810.7","3,896.1","3,958.7","3,806.3","","-0.59%"
"30.11.2021","3,833.2","3,893.0","3,924.8","3,804.6","","-1.98%"
"29.11.2021","3,910.5","3,827.4","3,914.7","3,806.4","","4.08%"
"26.11.2021","3,757.1","3,799.5","3,833.0","3,735.9","","-2.92%"
"24.11.2021","3,870.0","3,800.1","3,871.6","3,765.7","","0.93%"
"23.11.2021","3,834.4","3,836.7","3,869.9","3,773.4","","-0.33%"
"22.11.2021","3,847.1","3,928.0","3,982.1","3,843.9","","-1.66%"
"19.11.2021","3,912.0","3,895.6","3,937.0","3,879.9","","0.31%"
"18.11.2021","3,900.0","3,904.3","3,916.9","3,861.9","","1.79%"
"17.11.2021","3,831.4","3,851.3","3,856.5","3,813.6","","-0.72%"
"16.11.2021","3,859.4","3,781.9","3,866.7","3,774.1","","1.73%"
"15.11.2021","3,793.8","3,817.1","3,823.6","3,760.1","","-0.02%"
"12.11.2021","3,794.5","3,770.5","3,812.3","3,754.7","","0.80%"
"11.11.2021","3,764.5","3,740.4","3,772.1","3,723.2","","1.94%"
"10.11.2021","3,693.0","3,727.6","3,783.1","3,676.6","","-2.83%"
"09.11.2021","3,800.6","3,830.8","3,838.6","3,767.0","","-0.07%"
"08.11.2021","3,803.3","3,781.1","3,824.3","3,766.5","","1.25%"
"05.11.2021","3,756.6","3,738.9","3,789.6","3,725.3","","1.10%"
"04.11.2021","3,715.8","3,633.1","3,728.1","3,617.1","","3.50%"
"03.11.2021","3,590.2","3,552.7","3,592.8","3,540.0","","1.16%"
"02.11.2021","3,548.9","3,510.3","3,549.8","3,510.3","","1.21%"
"01.11.2021","3,506.3","3,459.6","3,507.6","3,451.7","","1.59%"
"29.10.2021","3,451.3","3,407.5","3,452.8","3,404.2","","0.36%"
"28.10.2021","3,438.8","3,406.3","3,440.6","3,403.0","","2.34%"
"27.10.2021","3,360.3","3,365.1","3,399.1","3,353.8","","-0.96%"
"26.10.2021","3,393.0","3,420.3","3,427.9","3,381.1","","0.02%"
"25.10.2021","3,392.4","3,384.9","3,412.4","3,378.0","","0.66%"
"22.10.2021","3,370.3","3,393.1","3,427.1","3,366.6","","-1.22%"
"21.10.2021","3,412.1","3,354.0","3,415.0","3,353.9","","1.12%"
"20.10.2021","3,374.2","3,380.4","3,388.0","3,363.3","","-0.21%"
"19.10.2021","3,381.5","3,343.1","3,381.7","3,332.0","","1.28%"
"18.10.2021","3,338.8","3,287.4","3,340.8","3,276.7","","0.74%"
"15.10.2021","3,314.4","3,316.5","3,325.3","3,299.5","","0.70%"
"14.10.2021","3,291.2","3,245.9","3,292.1","3,243.1","","3.08%"
"13.10.2021","3,192.8","3,203.7","3,212.0","3,183.5","","0.46%"
"12.10.2021","3,178.1","3,240.8","3,242.9","3,165.4","","-1.34%"
"11.10.2021","3,221.2","3,232.8","3,274.4","3,219.9","","-0.77%"
"08.10.2021","3,246.3","3,288.6","3,289.5","3,241.9","","-0.86%"
"07.10.2021","3,274.5","3,281.0","3,319.4","3,271.2","","1.10%"
"06.10.2021","3,238.8","3,191.5","3,242.4","3,182.6","","0.36%"
"05.10.2021","3,227.3","3,204.7","3,249.0","3,191.1","","1.48%"
"04.10.2021","3,180.1","3,240.9","3,246.4","3,170.5","","-2.49%"
"01.10.2021","3,261.2","3,275.3","3,277.6","3,208.5","","0.09%"
"30.09.2021","3,258.1","3,293.7","3,311.4","3,257.7","","-0.18%"
"29.09.2021","3,263.8","3,318.3","3,329.9","3,257.2","","-1.53%"
"28.09.2021","3,314.4","3,378.1","3,398.1","3,313.7","","-3.80%"
"27.09.2021","3,445.4","3,418.1","3,458.2","3,399.1","","-0.25%"
"24.09.2021","3,453.9","3,431.1","3,461.3","3,426.1","","-0.10%"
"23.09.2021","3,457.4","3,426.3","3,468.7","3,418.0","","1.33%"
"22.09.2021","3,412.0","3,374.2","3,420.7","3,357.6","","2.00%"
"21.09.2021","3,345.0","3,363.3","3,368.4","3,313.9","","0.20%"
"20.09.2021","3,338.2","3,341.3","3,360.0","3,289.4","","-2.42%"
"17.09.2021","3,421.2","3,457.8","3,457.8","3,403.1","","-1.51%"
"16.09.2021","3,473.6","3,437.3","3,484.2","3,427.8","","0.23%"
"15.09.2021","3,465.8","3,451.2","3,466.5","3,421.6","","0.47%"
"14.09.2021","3,449.4","3,464.7","3,475.8","3,433.5","","-0.01%"
"13.09.2021","3,449.7","3,450.6","3,458.1","3,405.3","","0.97%"
"10.09.2021","3,416.7","3,425.4","3,468.7","3,415.2","","0.76%"
"09.09.2021","3,390.8","3,381.6","3,410.1","3,379.8","","0.39%"
"08.09.2021","3,377.7","3,409.5","3,411.8","3,350.3","","-1.23%"
"07.09.2021","3,419.7","3,432.2","3,433.0","3,401.9","","-0.33%"
"03.09.2021","3,430.9","3,405.0","3,445.4","3,401.8","","0.57%"
"02.09.2021","3,411.3","3,413.3","3,420.0","3,397.0","","0.33%"
"01.09.2021","3,400.0","3,431.0","3,433.0","3,398.6","","-0.52%"
"31.08.2021","3,417.7","3,446.5","3,446.6","3,391.1","","-0.83%"
"30.08.2021","3,446.4","3,460.8","3,477.9","3,433.9","","0.29%"
"27.08.2021","3,436.4","3,373.5","3,441.8","3,373.5","","1.96%"
"26.08.2021","3,370.4","3,368.4","3,385.5","3,346.8","","-0.06%"
"25.08.2021","3,372.6","3,365.2","3,393.9","3,363.2","","0.81%"
"24.08.2021","3,345.4","3,347.8","3,363.4","3,338.9","","0.10%"
"23.08.2021","3,342.0","3,287.7","3,346.2","3,287.4","","2.63%"
"20.08.2021","3,256.5","3,245.2","3,263.5","3,218.6","","0.64%"
"19.08.2021","3,235.9","3,192.2","3,252.6","3,166.8","","0.84%"
"18.08.2021","3,208.8","3,245.7","3,269.1","3,206.0","","-1.47%"
"17.08.2021","3,256.8","3,288.0","3,288.0","3,228.9","","-1.98%"
"16.08.2021","3,322.6","3,323.8","3,331.7","3,298.2","","-0.37%"
"13.08.2021","3,335.0","3,308.8","3,337.6","3,305.8","","0.67%"
"12.08.2021","3,313.0","3,328.6","3,328.6","3,287.0","","-1.13%"
"11.08.2021","3,350.9","3,370.4","3,373.4","3,310.0","","-0.24%"
"10.08.2021","3,358.9","3,406.5","3,409.5","3,337.6","","-1.20%"
"09.08.2021","3,399.8","3,424.4","3,428.1","3,387.6","","-0.36%"
"06.08.2021","3,412.0","3,404.4","3,427.6","3,403.5","","-0.36%"
"05.08.2021","3,424.5","3,447.2","3,451.4","3,408.4","","-0.36%"
"04.08.2021","3,436.9","3,415.1","3,450.4","3,405.7","","1.18%"
"03.08.2021","3,396.7","3,382.1","3,397.8","3,340.4","","0.57%"
"02.08.2021","3,377.5","3,388.5","3,420.3","3,370.8","","0.62%"
"30.07.2021","3,356.5","3,304.5","3,361.2","3,304.5","","0.70%"
"29.07.2021","3,333.2","3,286.4","3,339.9","3,280.4","","1.86%"
"28.07.2021","3,272.4","3,230.1","3,283.2","3,217.0","","1.76%"
"27.07.2021","3,216.0","3,259.0","3,261.7","3,152.6","","-1.86%"
"26.07.2021","3,276.9","3,268.7","3,286.9","3,256.9","","-0.10%"
"23.07.2021","3,280.1","3,273.3","3,281.3","3,239.3","","0.63%"
"22.07.2021","3,259.4","3,268.4","3,282.6","3,240.7","","-0.89%"
"21.07.2021","3,288.8","3,205.9","3,289.2","3,204.6","","3.06%"
"20.07.2021","3,191.0","3,155.6","3,212.2","3,122.1","","1.38%"
"19.07.2021","3,147.5","3,094.8","3,150.0","3,088.3","","0.07%"
"16.07.2021","3,145.4","3,231.1","3,243.8","3,141.4","","-2.25%"
"15.07.2021","3,217.7","3,271.4","3,272.3","3,196.1","","-2.17%"
"14.07.2021","3,289.2","3,338.0","3,358.0","3,283.7","","-0.35%"
"13.07.2021","3,300.8","3,309.6","3,319.1","3,289.7","","-0.55%"
"12.07.2021","3,319.0","3,292.6","3,319.9","3,281.6","","1.24%"
"09.07.2021","3,278.4","3,229.5","3,282.3","3,212.7","","1.72%"
"08.07.2021","3,222.8","3,185.5","3,239.4","3,172.4","","-1.19%"
"07.07.2021","3,261.7","3,331.3","3,331.3","3,250.5","","-1.40%"
"06.07.2021","3,307.9","3,327.0","3,335.9","3,268.1","","-0.24%"
"02.07.2021","3,315.8","3,323.2","3,323.6","3,289.4","","0.63%"
"01.07.2021","3,295.1","3,336.1","3,340.2","3,288.9","","-1.50%"
"30.06.2021","3,345.3","3,346.6","3,351.0","3,326.1","","-0.11%"
"29.06.2021","3,348.9","3,321.5","3,350.0","3,305.0","","0.77%"
"28.06.2021","3,323.1","3,274.4","3,333.7","3,274.1","","2.52%"
"25.06.2021","3,241.5","3,263.5","3,270.2","3,233.6","","-0.38%"
"24.06.2021","3,253.8","3,228.7","3,258.4","3,226.0","","1.77%"
"23.06.2021","3,197.2","3,191.6","3,214.7","3,191.5","","0.37%"
"22.06.2021","3,185.4","3,166.6","3,192.5","3,155.1","","0.42%"
"21.06.2021","3,172.0","3,153.2","3,174.9","3,132.9","","0.61%"
"18.06.2021","3,152.8","3,205.8","3,211.0","3,137.6","","-2.44%"
"17.06.2021","3,231.7","3,189.3","3,255.3","3,189.1","","0.96%"
"16.06.2021","3,201.0","3,237.0","3,246.3","3,173.5","","-0.77%"
"15.06.2021","3,226.0","3,248.1","3,265.6","3,218.2","","-0.90%"
"14.06.2021","3,255.3","3,213.6","3,255.6","3,200.0","","1.41%"
"11.06.2021","3,210.1","3,198.9","3,210.3","3,186.3","","0.43%"
"10.06.2021","3,196.2","3,165.2","3,205.8","3,156.8","","1.19%"
"09.06.2021","3,158.5","3,183.4","3,190.7","3,157.8","","-0.40%"
"08.06.2021","3,171.2","3,221.4","3,221.4","3,150.3","","-0.64%"
"07.06.2021","3,191.7","3,199.1","3,205.3","3,172.5","","-0.70%"
"04.06.2021","3,214.1","3,170.1","3,221.8","3,170.1","","2.39%"
"03.06.2021","3,139.2","3,161.1","3,171.8","3,127.0","","-1.81%"
"02.06.2021","3,197.0","3,167.7","3,206.8","3,163.8","","0.71%"
"01.06.2021","3,174.3","3,210.1","3,233.9","3,160.4","","-0.38%"
"28.05.2021","3,186.6","3,172.5","3,200.4","3,163.8","","0.86%"
"27.05.2021","3,159.3","3,134.2","3,170.9","3,130.6","","0.58%"
"26.05.2021","3,141.0","3,135.9","3,156.8","3,115.2","","0.20%"
"25.05.2021","3,134.7","3,145.7","3,157.8","3,117.3","","0.37%"
"24.05.2021","3,123.0","3,082.4","3,141.8","3,079.7","","2.32%"
"21.05.2021","3,052.1","3,085.7","3,086.8","3,044.9","","-0.46%"
"20.05.2021","3,066.1","3,010.8","3,078.3","3,010.0","","2.64%"
"19.05.2021","2,987.3","2,864.4","2,989.8","2,862.7","","1.98%"
"18.05.2021","2,929.1","2,977.9","2,985.9","2,927.3","","-0.86%"
"17.05.2021","2,954.6","2,946.8","2,955.6","2,904.3","","-0.90%"
"14.05.2021","2,981.4","2,932.0","3,006.1","2,907.4","","3.02%"
"13.05.2021","2,893.9","2,899.8","2,934.4","2,862.9","","1.50%"
"12.05.2021","2,851.1","2,906.4","2,926.9","2,842.3","","-4.20%"
"11.05.2021","2,976.0","2,876.3","2,982.8","2,872.3","","0.30%"
"10.05.2021","2,967.1","3,077.3","3,078.4","2,965.4","","-4.66%"
"07.05.2021","3,112.0","3,103.9","3,129.9","3,085.7","","1.49%"
"06.05.2021","3,066.2","3,032.6","3,068.5","3,002.7","","0.77%"
"05.05.2021","3,042.9","3,063.2","3,080.7","3,022.7","","0.61%"
"04.05.2021","3,024.3","3,029.3","3,036.1","2,969.1","","-1.60%"
"03.05.2021","3,073.4","3,130.1","3,134.1","3,060.0","","-1.15%"
"30.04.2021","3,109.0","3,145.5","3,169.4","3,101.4","","-2.92%"
"29.04.2021","3,202.5","3,218.4","3,222.3","3,154.0","","0.76%"
"28.04.2021","3,178.5","3,208.6","3,208.6","3,175.6","","-1.46%"
"27.04.2021","3,225.6","3,266.3","3,266.3","3,220.3","","-0.76%"
"26.04.2021","3,250.3","3,199.5","3,256.2","3,195.4","","1.67%"
"23.04.2021","3,197.0","3,147.1","3,207.3","3,145.8","","2.04%"
"22.04.2021","3,133.2","3,203.9","3,206.9","3,119.0","","-2.31%"
"21.04.2021","3,207.3","3,128.2","3,209.3","3,113.7","","2.75%"
"20.04.2021","3,121.4","3,158.9","3,171.2","3,106.2","","-1.56%"
"19.04.2021","3,171.0","3,228.0","3,240.9","3,141.2","","-2.52%"
"16.04.2021","3,253.1","3,274.1","3,275.6","3,248.5","","-0.56%"
"15.04.2021","3,271.3","3,250.3","3,276.6","3,226.1","","1.79%"
"14.04.2021","3,213.9","3,244.6","3,268.9","3,200.5","","-1.19%"
"13.04.2021","3,252.7","3,275.5","3,284.9","3,223.5","","-0.17%"
"12.04.2021","3,258.3","3,273.6","3,274.6","3,231.1","","-1.10%"
"09.04.2021","3,294.5","3,272.4","3,295.8","3,262.9","","-0.20%"
"08.04.2021","3,301.3","3,301.4","3,304.5","3,274.0","","1.07%"
"07.04.2021","3,266.5","3,259.3","3,281.4","3,241.1","","0.01%"
"06.04.2021","3,266.1","3,283.5","3,304.5","3,236.9","","-1.19%"
"05.04.2021","3,305.4","3,282.9","3,314.2","3,255.3","","2.01%"
"01.04.2021","3,240.2","3,187.3","3,242.3","3,180.5","","3.69%"
"31.03.2021","3,124.9","3,073.5","3,147.1","3,072.5","","2.64%"
"30.03.2021","3,044.6","3,034.8","3,055.8","3,013.3","","-0.33%"
"29.03.2021","3,054.6","3,077.1","3,085.6","3,022.0","","-1.66%"
"26.03.2021","3,106.3","2,961.2","3,110.7","2,958.8","","4.95%"
"25.03.2021","2,959.9","2,902.4","2,971.8","2,881.0","","0.20%"
"24.03.2021","2,954.0","3,049.8","3,057.4","2,952.3","","-1.34%"
"23.03.2021","2,994.2","3,082.0","3,082.2","2,982.2","","-2.71%"
"22.03.2021","3,077.6","3,055.4","3,112.4","3,040.7","","2.20%"
"19.03.2021","3,011.4","2,976.6","3,039.4","2,945.5","","1.18%"
"18.03.2021","2,976.2","3,058.6","3,069.3","2,974.7","","-4.24%"
"17.03.2021","3,107.9","3,024.8","3,130.0","3,004.1","","1.22%"
"16.03.2021","3,070.3","3,058.3","3,116.1","3,051.7","","1.26%"
"15.03.2021","3,032.1","2,983.5","3,034.1","2,963.7","","2.26%"
"12.03.2021","2,965.1","2,933.8","2,970.1","2,924.3","","-1.07%"
"11.03.2021","2,997.1","2,965.2","3,015.0","2,948.4","","4.09%"
"10.03.2021","2,879.3","2,969.9","2,976.1","2,876.2","","-1.80%"
"09.03.2021","2,932.2","2,861.1","2,952.1","2,853.7","","6.13%"
"08.03.2021","2,762.8","2,905.8","2,923.6","2,759.2","","-5.41%"
"05.03.2021","2,920.8","2,898.0","2,928.1","2,764.8","","3.15%"
"04.03.2021","2,831.6","2,947.9","2,980.1","2,793.8","","-4.84%"
"03.03.2021","2,975.6","3,068.2","3,079.9","2,972.8","","-3.10%"
"02.03.2021","3,070.9","3,165.4","3,166.6","3,068.2","","-3.10%"
"01.03.2021","3,169.1","3,118.4","3,172.4","3,093.6","","3.31%"
"26.02.2021","3,067.6","3,041.8","3,096.9","2,991.1","","2.28%"
"25.02.2021","2,999.2","3,142.9","3,163.5","2,988.4","","-5.80%"
"24.02.2021","3,183.7","3,063.2","3,186.1","3,037.1","","3.24%"
"23.02.2021","3,083.9","3,041.9","3,105.0","2,960.4","","-0.58%"
"22.02.2021","3,102.0","3,181.3","3,202.6","3,093.6","","-3.77%"
"19.02.2021","3,223.5","3,195.1","3,241.7","3,188.1","","2.44%"
"18.02.2021","3,146.8","3,142.2","3,160.0","3,108.5","","-0.99%"
"17.02.2021","3,178.2","3,197.3","3,216.4","3,138.1","","-1.87%"
"16.02.2021","3,238.9","3,250.6","3,269.0","3,222.4","","0.59%"
"12.02.2021","3,219.9","3,172.2","3,226.1","3,155.6","","1.23%"
"11.02.2021","3,180.8","3,107.2","3,182.6","3,106.2","","3.44%"
"10.02.2021","3,074.9","3,096.0","3,108.9","3,035.0","","0.33%"
"09.02.2021","3,064.9","3,070.8","3,089.4","3,053.6","","-0.44%"
"08.02.2021","3,078.5","3,013.1","3,079.3","3,010.7","","3.13%"
"05.02.2021","2,985.0","3,028.0","3,029.5","2,982.7","","-0.78%"
"04.02.2021","3,008.4","2,966.5","3,010.5","2,951.9","","0.85%"
"03.02.2021","2,982.9","3,057.6","3,063.3","2,982.5","","-2.11%"
"02.02.2021","3,047.3","3,047.4","3,049.3","3,005.1","","1.58%"
"01.02.2021","3,000.0","2,938.7","3,006.7","2,924.7","","3.91%"
"29.01.2021","2,887.1","2,940.8","2,954.7","2,875.1","","-1.64%"
"28.01.2021","2,935.1","2,933.1","2,977.5","2,909.1","","2.09%"
"27.01.2021","2,875.1","2,941.6","2,961.6","2,862.2","","-5.17%"
"26.01.2021","3,031.8","3,078.1","3,079.4","3,030.0","","-1.54%"
"25.01.2021","3,079.2","3,102.9","3,107.8","3,023.6","","0.16%"
"22.01.2021","3,074.4","3,098.4","3,116.2","3,073.9","","-1.85%"
"21.01.2021","3,132.2","3,110.8","3,141.0","3,081.9","","1.53%"
"20.01.2021","3,085.0","3,124.0","3,138.6","3,077.3","","-0.27%"
"19.01.2021","3,093.3","3,041.9","3,097.5","3,035.0","","3.36%"
"15.01.2021","2,992.8","3,043.4","3,043.4","2,976.0","","-2.06%"
"14.01.2021","3,055.6","3,037.4","3,089.7","3,029.7","","2.13%"
"13.01.2021","2,991.9","3,019.7","3,020.7","2,980.2","","0.13%"
"12.01.2021","2,988.0","2,989.1","3,014.4","2,959.9","","0.61%"
"11.01.2021","2,969.9","2,915.1","2,991.6","2,914.1","","1.14%"
"08.01.2021","2,936.5","2,982.3","2,994.1","2,904.5","","-0.02%"
"07.01.2021","2,937.0","2,873.7","2,943.9","2,873.2","","3.85%"
"06.01.2021","2,828.0","2,820.9","2,884.6","2,803.5","","-0.32%"
"05.01.2021","2,837.2","2,783.2","2,838.2","2,782.6","","1.94%"
"04.01.2021","2,783.2","2,822.0","2,872.2","2,763.1","","-0.44%"
"31.12.2020","2,795.5","2,787.7","2,798.1","2,768.4","","0.42%"
"30.12.2020","2,783.8","2,754.7","2,788.9","2,754.7","","1.67%"
"29.12.2020","2,738.1","2,757.6","2,757.7","2,709.0","","-0.23%"
"28.12.2020","2,744.3","2,781.0","2,782.7","2,741.9","","-0.21%"
"24.12.2020","2,750.2","2,733.7","2,751.7","2,730.8","","0.98%"
"23.12.2020","2,723.5","2,754.9","2,754.9","2,721.9","","-0.75%"
"22.12.2020","2,744.0","2,747.2","2,751.0","2,722.7","","-0.12%"
"21.12.2020","2,747.3","2,718.7","2,751.2","2,703.8","","-0.63%"
"18.12.2020","2,764.7","2,783.1","2,786.1","2,746.4","","-0.48%"
"17.12.2020","2,778.1","2,791.4","2,792.1","2,768.1","","0.17%"
"16.12.2020","2,773.4","2,780.0","2,780.5","2,753.9","","-0.05%"
"15.12.2020","2,774.8","2,774.6","2,779.8","2,753.2","","1.41%"
"14.12.2020","2,736.2","2,723.9","2,751.8","2,723.9","","1.19%"
"11.12.2020","2,704.1","2,703.8","2,724.6","2,675.4","","-1.08%"
"10.12.2020","2,733.7","2,712.0","2,754.6","2,704.6","","-0.04%"
"09.12.2020","2,734.8","2,799.7","2,822.0","2,718.9","","-2.89%"
"08.12.2020","2,816.3","2,805.0","2,825.9","2,790.3","","0.35%"
"07.12.2020","2,806.6","2,796.3","2,809.0","2,780.1","","0.49%"
"04.12.2020","2,793.0","2,728.6","2,793.7","2,724.6","","2.83%"
"03.12.2020","2,716.2","2,730.3","2,745.9","2,713.6","","0.00%"
"02.12.2020","2,716.3","2,702.9","2,728.0","2,697.3","","0.24%"
"01.12.2020","2,709.7","2,692.1","2,724.6","2,679.4","","1.73%"
"30.11.2020","2,663.5","2,638.1","2,666.1","2,604.5","","1.21%"
"27.11.2020","2,631.6","2,625.7","2,647.6","2,625.5","","1.21%"
"25.11.2020","2,600.2","2,612.9","2,622.5","2,590.6","","-0.34%"
"24.11.2020","2,609.0","2,607.4","2,612.2","2,569.5","","0.53%"
"23.11.2020","2,595.2","2,568.5","2,602.9","2,561.3","","1.55%"
"20.11.2020","2,555.5","2,577.8","2,591.9","2,553.7","","-0.57%"
"19.11.2020","2,570.2","2,513.7","2,572.0","2,511.5","","1.56%"
"18.11.2020","2,530.6","2,554.6","2,572.4","2,530.2","","-0.72%"
"17.11.2020","2,549.0","2,556.6","2,563.6","2,532.0","","-0.86%"
"16.11.2020","2,571.0","2,529.2","2,572.0","2,524.4","","2.48%"
"13.11.2020","2,508.8","2,513.2","2,530.3","2,492.5","","1.23%"
"12.11.2020","2,478.4","2,511.2","2,521.4","2,467.2","","-1.31%"
"11.11.2020","2,511.2","2,465.6","2,514.4","2,464.5","","3.67%"
"10.11.2020","2,422.3","2,474.9","2,485.6","2,417.4","","-3.01%"
"09.11.2020","2,497.6","2,587.3","2,604.5","2,495.6","","-1.25%"
"06.11.2020","2,529.3","2,486.9","2,537.5","2,474.6","","1.61%"
"05.11.2020","2,489.2","2,452.4","2,493.3","2,451.9","","4.40%"
"04.11.2020","2,384.2","2,345.1","2,393.8","2,322.4","","3.54%"
"03.11.2020","2,302.7","2,281.5","2,319.9","2,279.3","","1.88%"
"02.11.2020","2,260.1","2,269.4","2,281.4","2,238.7","","0.62%"
"30.10.2020","2,246.2","2,257.1","2,270.5","2,221.3","","-1.64%"
"29.10.2020","2,283.7","2,220.5","2,304.4","2,219.4","","2.73%"
"28.10.2020","2,223.0","2,261.3","2,264.1","2,221.4","","-3.39%"
"27.10.2020","2,300.9","2,328.1","2,331.7","2,293.0","","-0.32%"
"26.10.2020","2,308.4","2,337.0","2,349.1","2,280.3","","-2.19%"
"23.10.2020","2,360.2","2,355.6","2,361.2","2,338.2","","-0.43%"
"22.10.2020","2,370.4","2,369.6","2,381.6","2,342.3","","0.13%"
"21.10.2020","2,367.3","2,384.1","2,394.2","2,366.3","","-0.78%"
"20.10.2020","2,385.8","2,397.9","2,404.9","2,379.4","","0.00%"
"19.10.2020","2,385.8","2,418.9","2,432.9","2,379.3","","-0.58%"
"16.10.2020","2,399.8","2,424.2","2,425.9","2,398.5","","-0.47%"
"15.10.2020","2,411.1","2,371.2","2,416.4","2,369.2","","-0.25%"
"14.10.2020","2,417.2","2,437.7","2,445.1","2,405.1","","-0.53%"
"13.10.2020","2,430.1","2,438.0","2,449.2","2,418.1","","-0.14%"
"12.10.2020","2,433.5","2,423.1","2,444.9","2,416.8","","1.48%"
"09.10.2020","2,398.0","2,398.9","2,403.8","2,381.1","","1.77%"
"08.10.2020","2,356.2","2,348.0","2,360.0","2,341.0","","1.18%"
"07.10.2020","2,328.8","2,317.2","2,333.7","2,314.7","","2.09%"
"06.10.2020","2,281.1","2,296.9","2,337.5","2,273.7","","-0.63%"
"05.10.2020","2,295.6","2,245.2","2,296.1","2,245.0","","3.35%"
"02.10.2020","2,221.1","2,236.4","2,270.3","2,220.7","","-3.08%"
"01.10.2020","2,291.8","2,279.6","2,297.4","2,265.9","","2.13%"
"30.09.2020","2,244.1","2,233.3","2,266.8","2,233.2","","0.07%"
"29.09.2020","2,242.5","2,236.3","2,261.6","2,235.0","","0.22%"
"28.09.2020","2,237.6","2,206.9","2,238.3","2,193.5","","2.75%"
"25.09.2020","2,177.8","2,141.2","2,183.1","2,119.5","","1.42%"
"24.09.2020","2,147.4","2,109.9","2,175.9","2,109.9","","0.97%"
"23.09.2020","2,126.7","2,181.0","2,190.6","2,120.8","","-2.46%"
"22.09.2020","2,180.3","2,167.1","2,181.8","2,132.9","","1.21%"
"21.09.2020","2,154.3","2,123.4","2,154.9","2,102.2","","-0.31%"
"18.09.2020","2,161.0","2,209.3","2,211.3","2,133.6","","-1.51%"
"17.09.2020","2,194.2","2,135.7","2,199.5","2,135.7","","-0.06%"
"16.09.2020","2,195.5","2,232.3","2,235.8","2,194.7","","-1.07%"
"15.09.2020","2,219.2","2,208.9","2,233.7","2,207.0","","1.71%"
"14.09.2020","2,181.8","2,184.0","2,194.5","2,164.6","","2.13%"
"11.09.2020","2,136.4","2,158.9","2,176.6","2,115.1","","-0.07%"
"10.09.2020","2,137.8","2,192.0","2,202.8","2,126.7","","-1.47%"
"09.09.2020","2,169.6","2,157.3","2,186.2","2,135.3","","2.89%"
"08.09.2020","2,108.6","2,124.9","2,174.9","2,106.7","","-4.70%"
"04.09.2020","2,212.7","2,218.3","2,252.0","2,137.0","","-0.96%"
"03.09.2020","2,234.2","2,324.6","2,326.6","2,221.5","","-5.74%"
"02.09.2020","2,370.2","2,340.6","2,382.3","2,317.0","","2.84%"
"01.09.2020","2,304.7","2,275.6","2,305.5","2,264.9","","1.96%"
"31.08.2020","2,260.4","2,259.1","2,277.8","2,243.7","","-0.16%"
"28.08.2020","2,264.1","2,225.8","2,264.6","2,222.2","","1.98%"
"27.08.2020","2,220.2","2,258.1","2,258.1","2,208.0","","-1.33%"
"26.08.2020","2,250.2","2,245.2","2,256.4","2,237.4","","0.32%"
"25.08.2020","2,243.1","2,226.3","2,243.4","2,222.0","","1.07%"
"24.08.2020","2,219.4","2,224.9","2,227.5","2,202.8","","0.96%"
"21.08.2020","2,198.3","2,178.0","2,199.3","2,170.6","","0.79%"
"20.08.2020","2,181.0","2,169.1","2,192.4","2,166.8","","-0.90%"
"19.08.2020","2,200.8","2,219.4","2,221.9","2,195.8","","-0.63%"
"18.08.2020","2,214.7","2,237.3","2,241.0","2,209.2","","-0.58%"
"17.08.2020","2,227.6","2,215.3","2,237.8","2,215.3","","1.22%"
"14.08.2020","2,200.8","2,203.1","2,227.9","2,194.4","","-0.07%"
"13.08.2020","2,202.4","2,221.6","2,226.7","2,193.5","","-1.11%"
"12.08.2020","2,227.2","2,173.9","2,232.0","2,168.9","","3.36%"
"11.08.2020","2,154.8","2,177.1","2,199.1","2,149.5","","-1.14%"
"10.08.2020","2,179.6","2,181.4","2,188.0","2,148.1","","0.03%"
"07.08.2020","2,178.9","2,199.4","2,210.0","2,153.5","","-1.18%"
"06.08.2020","2,204.9","2,199.0","2,207.7","2,181.8","","-0.12%"
"05.08.2020","2,207.6","2,202.5","2,215.5","2,191.3","","-0.10%"
"04.08.2020","2,209.8","2,177.4","2,209.9","2,174.9","","1.49%"
"03.08.2020","2,177.3","2,156.6","2,181.5","2,151.2","","1.91%"
"31.07.2020","2,136.4","2,144.7","2,145.4","2,104.9","","-0.52%"
"30.07.2020","2,147.6","2,105.4","2,148.6","2,098.8","","1.96%"
"29.07.2020","2,106.3","2,084.6","2,114.2","2,079.5","","2.23%"
"28.07.2020","2,060.4","2,082.8","2,084.8","2,058.9","","-2.10%"
"27.07.2020","2,104.6","2,057.0","2,105.6","2,056.5","","3.23%"
"24.07.2020","2,038.7","2,024.2","2,068.7","2,010.7","","-1.56%"
"23.07.2020","2,071.0","2,106.9","2,122.5","2,054.5","","-1.63%"
"22.07.2020","2,105.4","2,101.8","2,120.9","2,088.3","","0.42%"
"21.07.2020","2,096.6","2,125.7","2,126.6","2,089.6","","-0.66%"
"20.07.2020","2,110.5","2,070.2","2,114.3","2,057.9","","2.01%"
"17.07.2020","2,069.0","2,067.5","2,076.1","2,056.6","","0.64%"
"16.07.2020","2,055.9","2,038.9","2,063.4","2,032.6","","-0.40%"
"15.07.2020","2,064.2","2,077.5","2,077.5","2,033.2","","-0.27%"
"14.07.2020","2,069.8","2,020.9","2,073.4","1,994.3","","1.76%"
"13.07.2020","2,034.1","2,099.3","2,121.9","2,031.3","","-1.72%"
"10.07.2020","2,069.8","2,079.7","2,083.3","2,049.7","","-0.33%"
"09.07.2020","2,076.7","2,058.0","2,088.5","2,028.0","","1.31%"
"08.07.2020","2,049.8","2,038.5","2,051.1","2,020.8","","1.49%"
"07.07.2020","2,019.8","2,042.4","2,053.2","2,016.6","","-1.32%"
"06.07.2020","2,046.8","2,030.7","2,053.0","2,030.2","","2.67%"
"02.07.2020","1,993.6","1,994.2","2,011.1","1,986.4","","1.35%"
"01.07.2020","1,967.0","1,993.8","1,995.9","1,966.0","","-1.47%"
"30.06.2020","1,996.4","1,954.5","2,002.1","1,953.2","","2.70%"
"29.06.2020","1,943.9","1,924.8","1,944.6","1,899.8","","1.14%"
"26.06.2020","1,921.9","1,959.5","1,964.0","1,917.8","","-1.99%"
"25.06.2020","1,961.0","1,941.6","1,963.7","1,914.3","","0.86%"
"24.06.2020","1,944.3","1,976.6","1,988.2","1,930.7","","-2.18%"
"23.06.2020","1,987.7","2,002.1","2,009.8","1,986.1","","0.22%"
"22.06.2020","1,983.4","1,960.7","1,986.6","1,948.1","","0.84%"
"19.06.2020","1,966.8","1,999.9","2,008.5","1,963.2","","-0.67%"
"18.06.2020","1,980.1","1,979.1","1,989.2","1,970.0","","-0.20%"
"17.06.2020","1,984.1","1,978.3","2,000.7","1,971.9","","0.94%"
"16.06.2020","1,965.7","1,988.5","1,999.0","1,933.2","","1.80%"
"15.06.2020","1,931.0","1,865.4","1,933.3","1,857.2","","1.43%"
"12.06.2020","1,903.8","1,930.7","1,941.2","1,862.7","","1.44%"
"11.06.2020","1,876.7","1,948.2","1,961.6","1,876.2","","-6.38%"
"10.06.2020","2,004.7","2,006.7","2,025.1","1,999.5","","0.33%"
"09.06.2020","1,998.1","1,974.9","2,006.3","1,968.8","","-0.03%"
"08.06.2020","1,998.6","2,007.8","2,010.5","1,977.9","","-0.26%"
"05.06.2020","2,003.8","1,998.6","2,030.5","1,997.3","","2.57%"
"04.06.2020","1,953.5","1,928.0","1,968.2","1,923.3","","0.83%"
"03.06.2020","1,937.5","1,915.9","1,945.1","1,915.9","","2.87%"
"02.06.2020","1,883.4","1,849.7","1,884.8","1,840.4","","2.18%"
"01.06.2020","1,843.2","1,841.6","1,851.2","1,828.4","","-0.50%"
"29.05.2020","1,852.5","1,816.5","1,857.6","1,807.6","","2.65%"
"28.05.2020","1,804.7","1,843.1","1,857.4","1,797.1","","-2.31%"
"27.05.2020","1,847.3","1,823.8","1,847.5","1,774.1","","1.47%"
"26.05.2020","1,820.5","1,851.6","1,856.8","1,817.7","","1.01%"
"22.05.2020","1,802.3","1,790.8","1,803.6","1,772.7","","0.63%"
"21.05.2020","1,791.0","1,835.3","1,839.9","1,789.5","","-2.71%"
"20.05.2020","1,840.8","1,818.2","1,850.7","1,816.0","","3.67%"
"19.05.2020","1,775.6","1,777.5","1,815.3","1,774.8","","-0.39%"
"18.05.2020","1,782.5","1,746.7","1,789.3","1,746.1","","4.80%"
"15.05.2020","1,700.9","1,681.6","1,707.0","1,669.3","","-2.19%"
"14.05.2020","1,739.0","1,677.8","1,739.8","1,650.8","","2.80%"
"13.05.2020","1,691.6","1,729.6","1,741.6","1,667.5","","-1.95%"
"12.05.2020","1,725.2","1,784.2","1,790.7","1,724.4","","-2.77%"
"11.05.2020","1,774.3","1,757.4","1,788.9","1,756.6","","-0.07%"
"08.05.2020","1,775.6","1,745.2","1,777.0","1,738.4","","2.94%"
"07.05.2020","1,724.9","1,740.0","1,744.5","1,716.2","","1.00%"
"06.05.2020","1,707.8","1,710.5","1,734.1","1,704.1","","1.08%"
"05.05.2020","1,689.5","1,690.9","1,719.9","1,679.3","","1.70%"
"04.05.2020","1,661.3","1,634.3","1,663.0","1,625.8","","1.03%"
"01.05.2020","1,644.4","1,682.1","1,694.0","1,639.2","","-5.01%"
"30.04.2020","1,731.2","1,781.8","1,781.8","1,730.0","","-3.70%"
"29.04.2020","1,797.8","1,748.3","1,803.0","1,742.5","","4.94%"
"28.04.2020","1,713.2","1,760.9","1,764.9","1,712.3","","-0.68%"
"27.04.2020","1,725.0","1,720.2","1,740.1","1,715.8","","1.32%"
"24.04.2020","1,702.6","1,665.0","1,704.1","1,651.7","","2.28%"
"23.04.2020","1,664.7","1,679.1","1,700.2","1,661.5","","-1.03%"
"22.04.2020","1,682.1","1,641.4","1,690.1","1,630.1","","5.88%"
"21.04.2020","1,588.7","1,642.0","1,650.2","1,582.2","","-4.73%"
"20.04.2020","1,667.6","1,677.6","1,704.3","1,666.4","","-2.23%"
"17.04.2020","1,705.6","1,724.0","1,724.8","1,684.7","","0.87%"
"16.04.2020","1,690.9","1,677.0","1,696.2","1,654.2","","2.61%"
"15.04.2020","1,647.9","1,652.9","1,657.6","1,631.1","","-2.82%"
"14.04.2020","1,695.8","1,662.3","1,696.9","1,658.0","","4.44%"
"13.04.2020","1,623.7","1,591.3","1,626.3","1,585.7","","1.37%"
"09.04.2020","1,601.7","1,660.4","1,673.7","1,587.9","","-2.33%"
"08.04.2020","1,639.9","1,608.8","1,645.0","1,590.5","","3.44%"
"07.04.2020","1,585.4","1,647.9","1,648.4","1,582.7","","-0.47%"
"06.04.2020","1,592.9","1,514.1","1,598.7","1,508.7","","10.39%"
"03.04.2020","1,443.0","1,472.2","1,487.2","1,425.1","","-2.14%"
"02.04.2020","1,474.6","1,416.6","1,476.7","1,416.6","","3.29%"
"01.04.2020","1,427.7","1,455.0","1,498.0","1,414.3","","-5.49%"
"31.03.2020","1,510.6","1,542.9","1,568.0","1,499.8","","-2.25%"
"30.03.2020","1,545.3","1,506.5","1,547.1","1,496.0","","3.80%"
"27.03.2020","1,488.8","1,512.8","1,541.5","1,485.3","","-5.33%"
"26.03.2020","1,572.6","1,499.8","1,574.6","1,492.8","","6.79%"
"25.03.2020","1,472.6","1,495.4","1,550.8","1,448.9","","-1.29%"
"24.03.2020","1,491.8","1,434.1","1,492.8","1,425.3","","11.15%"
"23.03.2020","1,342.1","1,315.2","1,366.3","1,280.8","","3.36%"
"20.03.2020","1,298.5","1,375.0","1,409.0","1,296.4","","-3.18%"
"19.03.2020","1,341.2","1,282.0","1,378.3","1,253.4","","4.23%"
"18.03.2020","1,286.8","1,317.9","1,373.9","1,234.0","","-9.79%"
"17.03.2020","1,426.5","1,332.9","1,434.3","1,282.7","","9.83%"
"16.03.2020","1,298.8","1,433.6","1,446.8","1,297.1","","-15.90%"
"13.03.2020","1,544.3","1,481.2","1,544.8","1,392.5","","10.93%"
"12.03.2020","1,392.1","1,444.6","1,513.7","1,389.0","","-10.91%"
"11.03.2020","1,562.5","1,607.4","1,625.4","1,545.7","","-5.67%"
"10.03.2020","1,656.5","1,612.7","1,656.9","1,559.9","","6.31%"
"09.03.2020","1,558.2","1,560.7","1,637.9","1,555.5","","-8.34%"
"06.03.2020","1,699.9","1,685.5","1,713.3","1,657.7","","-1.97%"
"05.03.2020","1,734.0","1,742.4","1,780.0","1,721.5","","-3.11%"
"04.03.2020","1,789.6","1,737.3","1,789.7","1,715.8","","4.94%"
"03.03.2020","1,705.3","1,768.1","1,797.0","1,692.1","","-3.40%"
"02.03.2020","1,765.4","1,727.6","1,766.4","1,680.9","","3.51%"
"28.02.2020","1,705.5","1,605.9","1,716.2","1,605.9","","2.21%"
"27.02.2020","1,668.7","1,692.6","1,731.0","1,664.9","","-4.65%"
"26.02.2020","1,750.0","1,761.5","1,787.8","1,739.0","","0.22%"
"25.02.2020","1,746.1","1,824.7","1,826.3","1,737.3","","-3.06%"
"24.02.2020","1,801.2","1,793.1","1,827.9","1,788.4","","-4.75%"
"21.02.2020","1,891.0","1,936.8","1,938.4","1,883.9","","-2.99%"
"20.02.2020","1,949.2","1,970.5","1,977.2","1,919.9","","-1.53%"
"19.02.2020","1,979.5","1,956.6","1,982.1","1,956.6","","2.61%"
"18.02.2020","1,929.1","1,920.2","1,932.8","1,916.4","","-1.41%"
"14.02.2020","1,956.6","1,978.1","1,983.7","1,945.7","","-0.19%"
"13.02.2020","1,960.3","1,943.0","1,974.6","1,942.8","","0.08%"
"12.02.2020","1,958.8","1,951.6","1,962.0","1,950.1","","1.43%"
"11.02.2020","1,931.1","1,911.3","1,940.7","1,911.3","","2.02%"
"10.02.2020","1,892.8","1,850.0","1,893.0","1,850.0","","1.52%"
"07.02.2020","1,864.4","1,890.0","1,891.2","1,863.6","","-2.37%"
"06.02.2020","1,909.6","1,909.9","1,911.6","1,887.0","","0.01%"
"05.02.2020","1,909.5","1,907.2","1,914.0","1,882.7","","2.18%"
"04.02.2020","1,868.7","1,859.9","1,870.2","1,849.8","","3.12%"
"03.02.2020","1,812.2","1,794.7","1,814.9","1,794.3","","1.25%"
"31.01.2020","1,789.9","1,840.3","1,840.5","1,782.2","","-3.55%"
"30.01.2020","1,855.8","1,844.3","1,861.8","1,820.4","","-0.16%"
"29.01.2020","1,858.7","1,886.8","1,890.9","1,857.3","","-1.83%"
"28.01.2020","1,893.3","1,871.1","1,899.5","1,859.9","","2.40%"
"27.01.2020","1,848.9","1,863.2","1,872.9","1,846.6","","-3.90%"
"24.01.2020","1,924.0","1,973.1","1,975.0","1,910.2","","-1.10%"
"23.01.2020","1,945.4","1,934.4","1,945.9","1,918.4","","0.79%"
"22.01.2020","1,930.2","1,930.6","1,950.6","1,924.9","","0.79%"
"21.01.2020","1,915.0","1,909.5","1,922.8","1,908.4","","-0.08%"
"17.01.2020","1,916.6","1,913.1","1,917.6","1,902.2","","0.67%"
"16.01.2020","1,903.9","1,888.7","1,903.9","1,886.8","","1.69%"
"15.01.2020","1,872.2","1,889.5","1,890.1","1,865.9","","-1.18%"
"14.01.2020","1,894.6","1,892.0","1,909.1","1,884.1","","0.20%"
"13.01.2020","1,890.8","1,879.9","1,892.4","1,873.7","","1.31%"
"10.01.2020","1,866.3","1,886.8","1,887.9","1,862.1","","-0.66%"
"09.01.2020","1,878.7","1,887.2","1,891.1","1,860.6","","0.59%"
"08.01.2020","1,867.6","1,866.8","1,879.0","1,858.5","","0.02%"
"07.01.2020","1,867.3","1,852.7","1,875.6","1,845.5","","1.78%"
"06.01.2020","1,834.7","1,825.6","1,840.2","1,821.9","","-1.04%"
"03.01.2020","1,854.0","1,850.8","1,869.7","1,848.7","","-1.80%"
"02.01.2020","1,887.9","1,875.3","1,888.1","1,864.9","","2.07%"
"31.12.2019","1,849.6","1,836.2","1,851.1","1,835.3","","0.28%"
"30.12.2019","1,844.4","1,856.6","1,856.7","1,832.1","","-0.76%"
"27.12.2019","1,858.6","1,870.6","1,871.2","1,853.9","","-0.32%"
"26.12.2019","1,864.5","1,865.4","1,867.4","1,857.3","","0.12%"
"24.12.2019","1,862.2","1,860.0","1,862.6","1,851.6","","0.27%"
"23.12.2019","1,857.1","1,862.3","1,865.1","1,855.9","","0.17%"
"20.12.2019","1,853.9","1,837.8","1,856.4","1,837.7","","1.03%"
"19.12.2019","1,835.0","1,827.8","1,835.3","1,819.7","","0.81%"
"18.12.2019","1,820.3","1,824.2","1,826.6","1,815.5","","-0.09%"
"17.12.2019","1,821.9","1,821.9","1,825.9","1,813.5","","0.47%"
"16.12.2019","1,813.3","1,817.6","1,830.1","1,813.1","","0.96%"
"13.12.2019","1,796.0","1,800.0","1,824.2","1,789.4","","-0.60%"
"12.12.2019","1,806.9","1,758.0","1,808.5","1,757.7","","2.71%"
"11.12.2019","1,759.2","1,726.9","1,760.4","1,726.9","","2.23%"
"10.12.2019","1,720.9","1,720.0","1,733.2","1,716.0","","0.34%"
"09.12.2019","1,715.0","1,724.7","1,729.1","1,714.8","","-0.53%"
"06.12.2019","1,724.2","1,717.8","1,728.2","1,717.3","","1.56%"
"05.12.2019","1,697.7","1,699.0","1,706.2","1,690.9","","0.37%"
"04.12.2019","1,691.5","1,687.3","1,697.3","1,685.3","","1.55%"
"03.12.2019","1,665.7","1,653.4","1,666.3","1,647.0","","-1.54%"
"02.12.2019","1,691.8","1,721.0","1,721.0","1,690.2","","-1.46%"
"29.11.2019","1,716.8","1,725.8","1,729.1","1,715.8","","-1.10%"
"27.11.2019","1,735.9","1,730.6","1,736.3","1,729.4","","0.73%"
"26.11.2019","1,723.3","1,728.3","1,729.3","1,716.4","","-0.50%"
"25.11.2019","1,732.0","1,706.6","1,732.3","1,706.6","","2.44%"
"22.11.2019","1,690.8","1,699.0","1,705.3","1,686.6","","0.00%"
"21.11.2019","1,690.8","1,693.2","1,706.8","1,684.4","","-1.13%"
"20.11.2019","1,710.1","1,721.4","1,731.0","1,697.8","","-1.18%"
"19.11.2019","1,730.5","1,749.4","1,750.2","1,721.4","","-0.48%"
"18.11.2019","1,738.8","1,738.9","1,750.4","1,730.3","","-0.24%"
"15.11.2019","1,742.9","1,749.7","1,758.3","1,735.4","","0.89%"
"14.11.2019","1,727.6","1,724.3","1,729.5","1,715.3","","-0.31%"
"13.11.2019","1,732.9","1,718.2","1,737.9","1,714.9","","0.03%"
"12.11.2019","1,732.4","1,737.1","1,745.3","1,725.7","","0.28%"
"11.11.2019","1,727.6","1,722.3","1,731.0","1,714.8","","-0.53%"
"08.11.2019","1,736.8","1,717.8","1,736.9","1,711.0","","0.53%"
"07.11.2019","1,727.7","1,741.0","1,745.7","1,719.7","","0.70%"
"06.11.2019","1,715.7","1,721.5","1,722.2","1,699.5","","-0.84%"
"05.11.2019","1,730.2","1,729.9","1,743.0","1,724.0","","0.19%"
"04.11.2019","1,726.9","1,714.9","1,729.7","1,710.7","","2.19%"
"01.11.2019","1,689.9","1,667.3","1,690.0","1,661.7","","2.34%"
"31.10.2019","1,651.2","1,652.9","1,653.2","1,630.9","","-0.62%"
"30.10.2019","1,661.5","1,670.9","1,671.0","1,649.7","","-0.06%"
"29.10.2019","1,662.5","1,682.1","1,691.2","1,661.2","","-0.90%"
"28.10.2019","1,677.6","1,662.6","1,679.7","1,662.6","","1.75%"
"25.10.2019","1,648.7","1,624.7","1,650.2","1,624.6","","2.06%"
"24.10.2019","1,615.5","1,600.8","1,616.1","1,595.0","","2.47%"
"23.10.2019","1,576.6","1,576.3","1,590.8","1,566.5","","-1.93%"
"22.10.2019","1,607.6","1,622.6","1,626.4","1,607.0","","-0.77%"
"21.10.2019","1,620.0","1,606.1","1,620.8","1,601.0","","1.88%"
"18.10.2019","1,590.1","1,601.9","1,608.2","1,575.3","","-1.06%"
"17.10.2019","1,607.2","1,620.7","1,625.6","1,598.0","","0.34%"
"16.10.2019","1,601.8","1,613.7","1,625.0","1,599.0","","-1.47%"
"15.10.2019","1,625.7","1,600.7","1,629.5","1,598.5","","2.22%"
"14.10.2019","1,590.4","1,588.7","1,594.1","1,583.2","","-0.04%"
"11.10.2019","1,591.1","1,588.0","1,609.5","1,584.2","","2.27%"
"10.10.2019","1,555.8","1,546.0","1,571.4","1,545.1","","0.97%"
"09.10.2019","1,540.8","1,537.3","1,550.3","1,532.0","","1.74%"
"08.10.2019","1,514.5","1,545.3","1,546.8","1,514.2","","-3.12%"
"07.10.2019","1,563.2","1,572.7","1,579.2","1,562.8","","-0.71%"
"04.10.2019","1,574.4","1,555.8","1,575.1","1,551.7","","1.85%"
"03.10.2019","1,545.8","1,522.3","1,547.3","1,502.7","","1.71%"
"02.10.2019","1,519.8","1,529.2","1,534.7","1,510.5","","-1.58%"
"01.10.2019","1,544.2","1,572.2","1,588.0","1,539.0","","-0.94%"
"30.09.2019","1,558.8","1,550.6","1,560.2","1,543.5","","1.03%"
"27.09.2019","1,542.9","1,568.1","1,575.2","1,531.7","","-2.35%"
"26.09.2019","1,580.1","1,580.4","1,585.4","1,565.6","","0.03%"
"25.09.2019","1,579.6","1,542.5","1,584.2","1,532.4","","1.78%"
"24.09.2019","1,552.0","1,586.7","1,590.2","1,545.0","","-1.65%"
"23.09.2019","1,578.1","1,563.1","1,586.5","1,563.1","","0.97%"
"20.09.2019","1,563.0","1,591.8","1,592.2","1,557.0","","-1.83%"
"19.09.2019","1,592.1","1,605.1","1,608.3","1,590.5","","-0.56%"
"18.09.2019","1,601.0","1,598.2","1,601.5","1,578.9","","0.08%"
"17.09.2019","1,599.7","1,591.1","1,600.9","1,582.5","","0.33%"
"16.09.2019","1,594.5","1,586.6","1,601.9","1,581.0","","-0.70%"
"13.09.2019","1,605.7","1,610.7","1,613.8","1,598.2","","-0.32%"
"12.09.2019","1,610.8","1,616.0","1,625.2","1,599.9","","0.29%"
"11.09.2019","1,606.2","1,587.6","1,606.2","1,580.2","","1.45%"
"10.09.2019","1,583.2","1,568.9","1,583.2","1,558.1","","0.43%"
"09.09.2019","1,576.4","1,578.7","1,588.8","1,569.7","","0.52%"
"06.09.2019","1,568.3","1,567.8","1,574.0","1,558.9","","0.13%"
"05.09.2019","1,566.2","1,552.8","1,583.7","1,552.8","","3.07%"
"04.09.2019","1,519.5","1,504.0","1,519.7","1,503.5","","2.79%"
"03.09.2019","1,478.3","1,490.7","1,493.1","1,470.4","","-1.77%"
"30.08.2019","1,504.9","1,511.0","1,517.3","1,497.1","","0.61%"
"29.08.2019","1,495.8","1,488.0","1,505.4","1,488.0","","2.26%"
"28.08.2019","1,462.8","1,446.9","1,464.8","1,437.4","","0.60%"
"27.08.2019","1,454.1","1,470.7","1,475.4","1,445.8","","-0.33%"
"26.08.2019","1,458.9","1,467.7","1,469.4","1,453.0","","0.86%"
"23.08.2019","1,446.4","1,494.1","1,505.2","1,442.0","","-4.35%"
"22.08.2019","1,512.2","1,515.8","1,520.2","1,497.0","","-0.03%"
"21.08.2019","1,512.7","1,512.6","1,519.3","1,506.0","","0.92%"
"20.08.2019","1,498.9","1,502.6","1,509.4","1,491.1","","-0.54%"
"19.08.2019","1,507.0","1,513.1","1,519.3","1,499.5","","1.88%"
"16.08.2019","1,479.2","1,454.7","1,482.7","1,454.7","","2.77%"
"15.08.2019","1,439.3","1,448.5","1,452.7","1,427.2","","-0.22%"
"14.08.2019","1,442.5","1,452.3","1,466.0","1,435.5","","-3.17%"
"13.08.2019","1,489.7","1,447.0","1,501.2","1,436.8","","2.95%"
"12.08.2019","1,447.0","1,453.3","1,464.2","1,440.0","","-1.18%"
"09.08.2019","1,464.3","1,476.5","1,481.3","1,455.2","","-1.81%"
"08.08.2019","1,491.3","1,464.5","1,491.6","1,455.3","","2.70%"
"07.08.2019","1,452.1","1,424.9","1,455.5","1,423.6","","0.71%"
"06.08.2019","1,441.8","1,448.7","1,459.7","1,425.9","","1.29%"
"05.08.2019","1,423.5","1,443.2","1,446.0","1,411.7","","-4.36%"
"02.08.2019","1,488.4","1,494.5","1,508.6","1,476.4","","-1.56%"
"01.08.2019","1,512.0","1,539.1","1,579.5","1,498.9","","-1.97%"
"31.07.2019","1,542.4","1,582.0","1,583.9","1,527.4","","-3.22%"
"30.07.2019","1,593.8","1,579.1","1,597.9","1,578.2","","-0.26%"
"29.07.2019","1,598.0","1,592.3","1,600.5","1,578.2","","0.26%"
"26.07.2019","1,593.9","1,604.2","1,605.7","1,593.5","","-0.01%"
"25.07.2019","1,594.1","1,606.6","1,608.8","1,590.4","","-1.72%"
"24.07.2019","1,622.0","1,589.4","1,625.1","1,589.4","","3.10%"
"23.07.2019","1,573.3","1,562.3","1,573.4","1,556.2","","1.24%"
"22.07.2019","1,554.1","1,535.7","1,556.4","1,535.7","","1.98%"
"19.07.2019","1,523.9","1,530.1","1,538.9","1,523.4","","-0.20%"
"18.07.2019","1,527.0","1,504.8","1,530.0","1,504.5","","1.54%"
"17.07.2019","1,503.9","1,508.2","1,511.7","1,500.7","","0.29%"
"16.07.2019","1,499.6","1,506.7","1,508.5","1,492.6","","-1.08%"
"15.07.2019","1,515.9","1,512.6","1,521.6","1,508.0","","0.77%"
"12.07.2019","1,504.3","1,482.6","1,504.7","1,482.4","","1.90%"
"11.07.2019","1,476.3","1,476.8","1,481.7","1,467.3","","0.33%"
"10.07.2019","1,471.5","1,474.5","1,492.3","1,469.8","","0.70%"
"09.07.2019","1,461.2","1,440.4","1,462.8","1,440.1","","0.74%"
"08.07.2019","1,450.4","1,448.9","1,455.2","1,442.6","","-0.77%"
"05.07.2019","1,461.7","1,454.1","1,464.1","1,446.5","","-0.60%"
"03.07.2019","1,470.5","1,474.5","1,474.6","1,460.2","","-0.43%"
"02.07.2019","1,476.8","1,491.3","1,491.3","1,471.0","","-1.38%"
"01.07.2019","1,497.5","1,524.1","1,531.4","1,486.3","","2.64%"
"28.06.2019","1,459.0","1,469.5","1,471.8","1,456.0","","0.14%"
"27.06.2019","1,456.9","1,447.8","1,464.8","1,446.2","","1.47%"
"26.06.2019","1,435.8","1,420.0","1,444.2","1,419.9","","3.21%"
"25.06.2019","1,391.1","1,413.8","1,420.3","1,390.3","","-1.49%"
"24.06.2019","1,412.1","1,412.7","1,418.0","1,407.7","","0.11%"
"21.06.2019","1,410.5","1,414.3","1,424.8","1,408.8","","-0.74%"
"20.06.2019","1,421.0","1,439.9","1,441.4","1,413.8","","0.97%"
"19.06.2019","1,407.3","1,414.5","1,416.9","1,400.3","","0.08%"
"18.06.2019","1,406.2","1,364.8","1,415.4","1,362.3","","4.33%"
"17.06.2019","1,347.9","1,357.3","1,361.9","1,346.9","","-0.63%"
"14.06.2019","1,356.5","1,351.2","1,363.2","1,348.0","","-2.61%"
"13.06.2019","1,392.9","1,392.8","1,398.3","1,382.7","","0.57%"
"12.06.2019","1,385.0","1,404.7","1,405.3","1,383.7","","-2.33%"
"11.06.2019","1,418.0","1,439.0","1,440.8","1,408.4","","0.29%"
"10.06.2019","1,413.9","1,399.1","1,430.4","1,398.9","","2.55%"
"07.06.2019","1,378.8","1,369.6","1,382.6","1,365.7","","1.15%"
"06.06.2019","1,363.1","1,348.1","1,368.7","1,342.7","","1.34%"
"05.06.2019","1,345.1","1,365.3","1,369.5","1,328.2","","-0.75%"
"04.06.2019","1,355.3","1,323.1","1,356.3","1,312.7","","4.21%"
"03.06.2019","1,300.5","1,313.3","1,324.8","1,293.1","","0.33%"
"31.05.2019","1,296.2","1,298.1","1,317.5","1,295.2","","-1.45%"
"30.05.2019","1,315.3","1,310.0","1,325.8","1,305.3","","0.74%"
"29.05.2019","1,305.6","1,288.5","1,311.4","1,287.0","","0.41%"
"28.05.2019","1,300.3","1,317.9","1,323.8","1,298.1","","-0.89%"
"24.05.2019","1,312.0","1,334.2","1,339.4","1,310.9","","-0.82%"
"23.05.2019","1,322.8","1,316.3","1,324.5","1,302.1","","-1.65%"
"22.05.2019","1,345.0","1,345.1","1,359.2","1,341.1","","-2.12%"
"21.05.2019","1,374.2","1,375.5","1,380.6","1,363.0","","2.13%"
"20.05.2019","1,345.6","1,355.9","1,367.7","1,337.2","","-4.02%"
"17.05.2019","1,402.0","1,408.1","1,436.2","1,396.8","","-1.96%"
"16.05.2019","1,430.1","1,432.0","1,446.2","1,421.7","","-1.68%"
"15.05.2019","1,454.5","1,428.5","1,464.1","1,427.5","","0.81%"
"14.05.2019","1,442.8","1,423.5","1,450.0","1,420.7","","2.40%"
"13.05.2019","1,409.0","1,431.1","1,438.5","1,403.3","","-4.73%"
"10.05.2019","1,478.9","1,469.1","1,487.3","1,444.1","","0.14%"
"09.05.2019","1,476.8","1,466.6","1,483.8","1,444.0","","-1.18%"
"08.05.2019","1,494.5","1,494.9","1,517.2","1,491.8","","-0.78%"
"07.05.2019","1,506.3","1,522.4","1,527.3","1,490.0","","-2.42%"
"06.05.2019","1,543.7","1,514.1","1,545.3","1,513.2","","-1.72%"
"03.05.2019","1,570.7","1,564.5","1,571.4","1,553.0","","0.65%"
"02.05.2019","1,560.6","1,542.4","1,576.7","1,540.7","","1.11%"
"01.05.2019","1,543.5","1,570.4","1,579.2","1,543.3","","-0.82%"
"30.04.2019","1,556.2","1,547.3","1,559.5","1,541.8","","0.76%"
"29.04.2019","1,544.4","1,546.4","1,551.1","1,538.2","","-0.19%"
"26.04.2019","1,547.4","1,530.0","1,547.6","1,515.5","","-0.83%"
"25.04.2019","1,560.3","1,582.3","1,583.7","1,547.3","","-1.81%"
"24.04.2019","1,589.0","1,575.5","1,604.6","1,575.4","","0.95%"
"23.04.2019","1,574.0","1,562.3","1,579.0","1,561.4","","1.01%"
"22.04.2019","1,558.3","1,553.2","1,561.8","1,547.4","","0.01%"
"18.04.2019","1,558.1","1,557.4","1,562.6","1,550.9","","0.06%"
"17.04.2019","1,557.1","1,566.8","1,576.8","1,545.9","","1.56%"
"16.04.2019","1,533.2","1,495.6","1,533.6","1,495.2","","3.19%"
"15.04.2019","1,485.8","1,497.0","1,498.1","1,477.5","","-0.75%"
"12.04.2019","1,497.1","1,490.4","1,497.1","1,485.0","","1.42%"
"11.04.2019","1,476.1","1,478.3","1,486.0","1,471.6","","-0.07%"
"10.04.2019","1,477.2","1,465.2","1,481.3","1,463.6","","0.87%"
"09.04.2019","1,464.5","1,472.2","1,472.2","1,458.3","","-1.14%"
"08.04.2019","1,481.4","1,472.3","1,482.5","1,468.1","","0.25%"
"05.04.2019","1,477.7","1,475.1","1,478.1","1,467.0","","0.80%"
"04.04.2019","1,465.9","1,460.0","1,475.3","1,458.9","","0.12%"
"03.04.2019","1,464.2","1,451.7","1,476.6","1,450.6","","2.28%"
"02.04.2019","1,431.6","1,431.5","1,434.8","1,423.2","","0.10%"
"01.04.2019","1,430.2","1,417.7","1,431.5","1,410.5","","2.49%"
"29.03.2019","1,395.5","1,392.1","1,398.0","1,386.9","","1.58%"
"28.03.2019","1,373.8","1,380.2","1,391.1","1,365.2","","-0.20%"
"27.03.2019","1,376.5","1,398.5","1,402.1","1,366.7","","-1.45%"
"26.03.2019","1,396.8","1,399.8","1,408.7","1,386.3","","1.01%"
"25.03.2019","1,382.8","1,388.4","1,403.0","1,371.9","","-1.26%"
"22.03.2019","1,400.4","1,433.2","1,437.6","1,399.7","","-2.87%"
"21.03.2019","1,441.8","1,399.5","1,450.8","1,399.5","","3.50%"
"20.03.2019","1,393.0","1,410.1","1,413.8","1,384.9","","-1.02%"
"19.03.2019","1,407.3","1,398.5","1,411.7","1,398.5","","1.33%"
"18.03.2019","1,388.8","1,392.7","1,401.7","1,380.9","","-0.26%"
"15.03.2019","1,392.4","1,373.8","1,402.5","1,371.2","","2.90%"
"14.03.2019","1,353.1","1,362.2","1,367.1","1,352.6","","-0.57%"
"13.03.2019","1,360.8","1,362.8","1,371.3","1,358.8","","0.42%"
"12.03.2019","1,355.1","1,354.2","1,362.1","1,342.6","","0.39%"
"11.03.2019","1,349.9","1,326.0","1,355.8","1,324.5","","2.40%"
"08.03.2019","1,318.2","1,297.2","1,319.3","1,292.8","","-0.07%"
"07.03.2019","1,319.1","1,326.9","1,328.6","1,311.4","","-1.10%"
"06.03.2019","1,333.8","1,354.8","1,355.2","1,333.3","","-1.70%"
"05.03.2019","1,356.9","1,361.2","1,365.3","1,351.8","","-0.46%"
"04.03.2019","1,363.2","1,372.7","1,376.2","1,346.5","","0.01%"
"01.03.2019","1,363.1","1,365.6","1,368.8","1,348.7","","0.96%"
"28.02.2019","1,350.2","1,342.4","1,354.3","1,339.9","","0.02%"
"27.02.2019","1,349.9","1,358.9","1,359.2","1,336.1","","-1.22%"
"26.02.2019","1,366.6","1,371.9","1,377.2","1,362.9","","-0.68%"
"25.02.2019","1,376.0","1,384.7","1,391.4","1,374.7","","0.82%"
"22.02.2019","1,364.8","1,361.1","1,366.1","1,355.4","","1.08%"
"21.02.2019","1,350.2","1,359.5","1,363.3","1,346.2","","-0.74%"
"20.02.2019","1,360.3","1,353.5","1,368.3","1,353.3","","0.88%"
"19.02.2019","1,348.5","1,346.0","1,357.8","1,345.8","","-0.20%"
"15.02.2019","1,351.2","1,355.4","1,358.1","1,343.0","","0.53%"
"14.02.2019","1,344.1","1,336.0","1,353.5","1,334.5","","0.25%"
"13.02.2019","1,340.7","1,342.3","1,350.7","1,336.3","","0.30%"
"12.02.2019","1,336.7","1,324.9","1,339.2","1,322.9","","2.12%"
"11.02.2019","1,308.9","1,307.3","1,311.7","1,297.5","","0.50%"
"08.02.2019","1,302.4","1,284.3","1,304.5","1,279.7","","-0.12%"
"07.02.2019","1,303.9","1,314.5","1,322.5","1,293.1","","-2.24%"
"06.02.2019","1,333.8","1,321.3","1,343.7","1,321.3","","2.59%"
"05.02.2019","1,300.1","1,291.7","1,305.0","1,291.1","","0.48%"
"04.02.2019","1,293.9","1,285.3","1,293.9","1,276.8","","0.50%"
"01.02.2019","1,287.4","1,275.9","1,292.7","1,274.7","","1.20%"
"31.01.2019","1,272.1","1,266.7","1,282.7","1,260.3","","0.02%"
"30.01.2019","1,271.8","1,255.0","1,276.5","1,244.2","","2.88%"
"29.01.2019","1,236.2","1,256.0","1,258.8","1,234.9","","-1.45%"
"28.01.2019","1,254.4","1,234.4","1,264.8","1,230.7","","-2.09%"
"25.01.2019","1,281.2","1,260.5","1,285.4","1,250.4","","2.18%"
"24.01.2019","1,253.9","1,218.5","1,258.7","1,218.0","","5.73%"
"23.01.2019","1,186.0","1,200.3","1,205.3","1,175.0","","-0.62%"
"22.01.2019","1,193.4","1,217.1","1,217.7","1,185.0","","-2.84%"
"18.01.2019","1,228.3","1,210.7","1,236.1","1,206.6","","2.29%"
"17.01.2019","1,200.8","1,177.7","1,206.8","1,172.3","","1.15%"
"16.01.2019","1,187.2","1,197.6","1,206.8","1,186.4","","-0.82%"
"15.01.2019","1,197.0","1,202.2","1,210.8","1,192.0","","0.23%"
"14.01.2019","1,194.3","1,196.0","1,202.2","1,188.0","","-1.54%"
"11.01.2019","1,213.0","1,194.7","1,224.0","1,192.0","","0.97%"
"10.01.2019","1,201.4","1,181.3","1,203.0","1,178.7","","0.97%"
"09.01.2019","1,189.8","1,175.0","1,195.6","1,174.7","","2.52%"
"08.01.2019","1,160.5","1,177.8","1,177.8","1,145.4","","-0.49%"
"07.01.2019","1,166.2","1,147.2","1,176.8","1,143.2","","1.94%"
"04.01.2019","1,144.0","1,114.5","1,148.5","1,111.8","","4.38%"
"03.01.2019","1,096.0","1,137.0","1,142.9","1,094.6","","-5.95%"
"02.01.2019","1,165.3","1,131.5","1,173.5","1,131.4","","0.87%"
"31.12.2018","1,155.2","1,160.2","1,164.4","1,143.6","","0.68%"
"28.12.2018","1,147.4","1,144.8","1,168.3","1,137.8","","0.69%"
"27.12.2018","1,139.5","1,112.1","1,140.0","1,101.1","","0.74%"
"26.12.2018","1,131.1","1,082.2","1,131.3","1,066.4","","5.77%"
"24.12.2018","1,069.4","1,091.6","1,103.2","1,068.9","","-2.90%"
"21.12.2018","1,101.3","1,135.5","1,138.6","1,097.2","","-1.47%"
"20.12.2018","1,117.7","1,131.5","1,144.8","1,104.4","","-0.86%"
"19.12.2018","1,127.4","1,167.6","1,183.3","1,122.2","","-4.25%"
"18.12.2018","1,177.4","1,173.6","1,195.6","1,171.7","","1.28%"
"17.12.2018","1,162.5","1,175.5","1,194.0","1,155.8","","-1.28%"
"14.12.2018","1,177.6","1,179.9","1,201.8","1,177.3","","-1.42%"
"13.12.2018","1,194.6","1,208.0","1,211.9","1,190.1","","-0.36%"
"12.12.2018","1,198.9","1,203.6","1,216.0","1,190.4","","1.47%"
"11.12.2018","1,181.5","1,200.3","1,209.0","1,174.6","","0.62%"
"10.12.2018","1,174.2","1,157.6","1,178.7","1,152.2","","1.41%"
"07.12.2018","1,157.9","1,200.0","1,203.0","1,152.3","","-3.73%"
"06.12.2018","1,202.8","1,178.0","1,202.9","1,170.5","","-0.54%"
"04.12.2018","1,209.3","1,263.2","1,263.7","1,208.5","","-4.98%"
"03.12.2018","1,272.7","1,278.7","1,281.3","1,259.4","","2.67%"
"30.11.2018","1,239.6","1,220.5","1,239.6","1,210.2","","1.49%"
"29.11.2018","1,221.4","1,226.4","1,233.9","1,219.1","","-0.82%"
"28.11.2018","1,231.5","1,214.4","1,231.7","1,193.0","","2.28%"
"27.11.2018","1,204.1","1,193.1","1,213.5","1,189.5","","0.20%"
"26.11.2018","1,201.7","1,199.8","1,201.8","1,184.8","","1.91%"
"23.11.2018","1,179.2","1,168.9","1,189.8","1,168.9","","-0.04%"
"21.11.2018","1,179.7","1,191.6","1,196.5","1,179.5","","0.42%"
"20.11.2018","1,174.8","1,144.0","1,190.4","1,143.9","","0.15%"
"19.11.2018","1,173.0","1,213.4","1,217.5","1,172.4","","-3.86%"
"16.11.2018","1,220.1","1,195.0","1,225.8","1,193.6","","-1.17%"
"15.11.2018","1,234.6","1,189.6","1,239.7","1,189.3","","3.34%"
"14.11.2018","1,194.7","1,205.3","1,212.8","1,183.9","","0.36%"
"13.11.2018","1,190.4","1,186.5","1,213.9","1,184.7","","1.35%"
"12.11.2018","1,174.5","1,207.1","1,208.2","1,170.5","","-4.43%"
"09.11.2018","1,229.0","1,235.7","1,239.0","1,218.2","","-1.85%"
"08.11.2018","1,252.2","1,241.3","1,260.9","1,240.5","","-0.42%"
"07.11.2018","1,257.5","1,255.1","1,260.7","1,242.5","","1.20%"
"06.11.2018","1,242.6","1,226.3","1,246.8","1,226.3","","1.14%"
"05.11.2018","1,228.6","1,234.0","1,235.3","1,208.4","","-0.86%"
"02.11.2018","1,239.2","1,257.1","1,260.7","1,224.8","","-1.50%"
"01.11.2018","1,258.1","1,210.6","1,261.5","1,210.4","","4.64%"
"31.10.2018","1,202.3","1,205.6","1,211.7","1,191.9","","1.24%"
"30.10.2018","1,187.6","1,141.7","1,188.7","1,140.4","","4.16%"
"29.10.2018","1,140.2","1,175.9","1,181.3","1,119.4","","-1.11%"
"26.10.2018","1,153.0","1,145.1","1,172.6","1,134.2","","-1.72%"
"25.10.2018","1,173.2","1,151.2","1,182.1","1,151.2","","2.34%"
"24.10.2018","1,146.4","1,204.7","1,207.3","1,144.7","","-6.61%"
"23.10.2018","1,227.6","1,198.0","1,234.4","1,189.1","","-0.53%"
"22.10.2018","1,234.2","1,236.4","1,241.5","1,223.4","","0.68%"
"19.10.2018","1,225.9","1,253.9","1,260.2","1,221.8","","-1.56%"
"18.10.2018","1,245.3","1,271.7","1,271.7","1,241.0","","-2.51%"
"17.10.2018","1,277.3","1,292.5","1,295.0","1,268.8","","-0.44%"
"16.10.2018","1,283.0","1,255.6","1,284.3","1,255.0","","3.32%"
"15.10.2018","1,241.8","1,245.9","1,256.0","1,237.5","","-0.94%"
"12.10.2018","1,253.6","1,264.4","1,269.5","1,234.4","","1.97%"
"11.10.2018","1,229.4","1,244.8","1,266.5","1,220.5","","-1.02%"
"10.10.2018","1,242.1","1,278.8","1,282.8","1,241.5","","-4.47%"
"09.10.2018","1,300.2","1,299.1","1,305.9","1,291.8","","-0.06%"
"08.10.2018","1,301.0","1,306.3","1,317.1","1,289.9","","-1.12%"
"05.10.2018","1,315.8","1,346.6","1,348.9","1,303.9","","-2.33%"
"04.10.2018","1,347.2","1,362.8","1,363.7","1,336.1","","-1.84%"
"03.10.2018","1,372.4","1,378.8","1,381.2","1,359.7","","0.11%"
"02.10.2018","1,370.9","1,368.2","1,389.5","1,368.1","","0.04%"
"01.10.2018","1,370.4","1,370.9","1,382.0","1,367.3","","0.27%"
"28.09.2018","1,366.7","1,355.4","1,370.6","1,351.9","","0.65%"
"27.09.2018","1,357.9","1,356.6","1,362.5","1,352.8","","0.45%"
"26.09.2018","1,351.8","1,360.0","1,367.8","1,350.6","","-0.95%"
"25.09.2018","1,364.8","1,383.8","1,383.8","1,362.8","","-1.71%"
"24.09.2018","1,388.5","1,375.3","1,389.1","1,369.7","","0.39%"
"21.09.2018","1,383.1","1,386.4","1,394.1","1,380.3","","-0.33%"
"20.09.2018","1,387.7","1,381.0","1,392.8","1,381.0","","1.17%"
"19.09.2018","1,371.7","1,371.5","1,377.2","1,365.3","","0.20%"
"18.09.2018","1,368.9","1,363.7","1,377.0","1,363.5","","0.84%"
"17.09.2018","1,357.5","1,370.2","1,375.7","1,356.1","","-1.44%"
"14.09.2018","1,377.3","1,369.6","1,382.3","1,365.9","","1.11%"
"13.09.2018","1,362.2","1,364.7","1,378.8","1,356.5","","1.20%"
"12.09.2018","1,346.0","1,341.5","1,346.5","1,316.8","","-1.17%"
"11.09.2018","1,361.9","1,366.1","1,371.6","1,354.7","","-1.00%"
"10.09.2018","1,375.7","1,371.2","1,376.0","1,362.6","","1.09%"
"07.09.2018","1,360.8","1,361.6","1,380.9","1,357.8","","-0.40%"
"06.09.2018","1,366.3","1,398.1","1,399.6","1,365.3","","-2.67%"
"05.09.2018","1,403.8","1,411.5","1,413.5","1,392.2","","-0.50%"
"04.09.2018","1,410.9","1,395.8","1,411.7","1,391.2","","0.69%"
"31.08.2018","1,401.2","1,392.1","1,402.8","1,392.0","","0.57%"
"30.08.2018","1,393.2","1,402.7","1,407.7","1,391.4","","-0.94%"
"29.08.2018","1,406.4","1,399.3","1,410.1","1,397.4","","0.24%"
"28.08.2018","1,403.0","1,403.6","1,408.3","1,389.3","","0.39%"
"27.08.2018","1,397.5","1,386.6","1,407.7","1,383.6","","1.57%"
"24.08.2018","1,375.9","1,364.5","1,376.2","1,361.5","","1.46%"
"23.08.2018","1,356.1","1,354.9","1,365.8","1,353.1","","0.12%"
"22.08.2018","1,354.5","1,340.5","1,355.8","1,336.9","","0.46%"
"21.08.2018","1,348.3","1,326.8","1,351.4","1,326.1","","1.98%"
"20.08.2018","1,322.1","1,325.3","1,330.0","1,307.5","","-0.10%"
"17.08.2018","1,323.4","1,317.2","1,327.0","1,304.2","","-0.73%"
"16.08.2018","1,333.1","1,343.9","1,344.4","1,329.8","","-0.13%"
"15.08.2018","1,334.9","1,341.7","1,347.8","1,321.7","","-1.43%"
"14.08.2018","1,354.2","1,364.0","1,366.6","1,352.9","","-0.19%"
"13.08.2018","1,356.8","1,357.5","1,368.8","1,355.5","","0.15%"
"10.08.2018","1,354.8","1,360.3","1,366.5","1,348.6","","-2.47%"
"09.08.2018","1,389.1","1,397.5","1,397.9","1,389.0","","-1.05%"
"08.08.2018","1,403.8","1,399.4","1,406.0","1,395.0","","0.27%"
"07.08.2018","1,400.0","1,392.4","1,400.9","1,390.1","","0.78%"
"06.08.2018","1,389.2","1,376.2","1,389.3","1,371.1","","0.55%"
"03.08.2018","1,381.6","1,379.6","1,382.9","1,372.9","","0.20%"
"02.08.2018","1,378.8","1,348.7","1,380.7","1,348.1","","1.00%"
"01.08.2018","1,365.1","1,367.8","1,379.5","1,359.6","","-0.18%"
"31.07.2018","1,367.5","1,370.0","1,386.1","1,364.8","","0.66%"
"30.07.2018","1,358.6","1,374.3","1,375.0","1,351.9","","-0.99%"
"27.07.2018","1,372.2","1,384.4","1,391.6","1,362.6","","-0.45%"
"26.07.2018","1,378.4","1,368.3","1,379.3","1,363.7","","1.86%"
"25.07.2018","1,353.2","1,345.0","1,353.3","1,328.6","","0.49%"
"24.07.2018","1,346.6","1,368.4","1,377.0","1,345.0","","-1.09%"
"23.07.2018","1,361.4","1,352.1","1,363.7","1,335.1","","0.16%"
"20.07.2018","1,359.2","1,364.9","1,367.0","1,352.4","","-0.48%"
"19.07.2018","1,365.8","1,366.0","1,371.6","1,357.4","","-0.27%"
"18.07.2018","1,369.5","1,367.7","1,371.6","1,360.1","","0.77%"
"17.07.2018","1,359.0","1,329.1","1,359.3","1,328.8","","1.48%"
"16.07.2018","1,339.2","1,341.0","1,348.3","1,338.4","","-0.12%"
"13.07.2018","1,340.8","1,348.4","1,349.2","1,339.2","","-0.40%"
"12.07.2018","1,346.2","1,331.3","1,347.6","1,325.0","","0.71%"
"11.07.2018","1,336.7","1,351.5","1,358.1","1,336.1","","-2.59%"
"10.07.2018","1,372.2","1,360.3","1,375.3","1,359.8","","1.05%"
"09.07.2018","1,358.0","1,359.8","1,360.6","1,342.1","","0.65%"
"06.07.2018","1,349.2","1,331.0","1,351.3","1,325.8","","1.22%"
"05.07.2018","1,333.0","1,312.2","1,333.1","1,311.9","","2.72%"
"03.07.2018","1,297.7","1,326.6","1,327.3","1,296.5","","-1.82%"
"02.07.2018","1,321.8","1,297.9","1,322.3","1,293.8","","0.62%"
"29.06.2018","1,313.7","1,321.9","1,329.6","1,313.7","","0.16%"
"28.06.2018","1,311.6","1,298.5","1,314.0","1,295.7","","0.85%"
"27.06.2018","1,300.5","1,338.2","1,343.5","1,300.1","","-2.47%"
"26.06.2018","1,333.4","1,334.2","1,339.9","1,326.5","","0.41%"
"25.06.2018","1,328.0","1,347.5","1,348.3","1,311.3","","-3.14%"
"22.06.2018","1,371.0","1,388.7","1,389.1","1,367.8","","-0.72%"
"21.06.2018","1,381.0","1,408.3","1,408.8","1,379.4","","-1.26%"
"20.06.2018","1,398.6","1,400.6","1,405.4","1,392.5","","0.50%"
"19.06.2018","1,391.6","1,381.5","1,392.4","1,370.9","","-1.16%"
"18.06.2018","1,407.9","1,407.3","1,409.9","1,395.2","","-0.99%"
"15.06.2018","1,422.0","1,414.9","1,423.4","1,409.3","","-0.08%"
"14.06.2018","1,423.1","1,420.6","1,430.0","1,414.9","","0.61%"
"13.06.2018","1,414.5","1,416.7","1,429.5","1,413.3","","-0.13%"
"12.06.2018","1,416.4","1,412.4","1,417.5","1,404.2","","0.53%"
"11.06.2018","1,409.0","1,409.9","1,416.5","1,404.7","","-0.23%"
"08.06.2018","1,412.3","1,407.3","1,414.9","1,400.6","","-0.84%"
"07.06.2018","1,424.3","1,438.7","1,440.5","1,414.5","","-0.95%"
"06.06.2018","1,437.9","1,430.1","1,438.1","1,423.1","","0.66%"
"05.06.2018","1,428.5","1,427.6","1,432.3","1,420.1","","0.41%"
"04.06.2018","1,422.7","1,413.0","1,423.9","1,409.4","","0.81%"
"01.06.2018","1,411.3","1,391.5","1,411.4","1,387.7","","2.34%"
"31.05.2018","1,379.0","1,383.8","1,393.6","1,377.3","","-0.78%"
"30.05.2018","1,389.9","1,388.4","1,399.8","1,383.0","","0.65%"
"29.05.2018","1,380.9","1,383.1","1,392.7","1,371.4","","-0.71%"
"25.05.2018","1,390.8","1,379.0","1,392.1","1,377.5","","0.88%"
"24.05.2018","1,378.7","1,373.6","1,382.0","1,362.1","","0.34%"
"23.05.2018","1,374.0","1,352.8","1,374.1","1,350.4","","0.51%"
"22.05.2018","1,367.0","1,369.7","1,376.8","1,362.5","","0.57%"
"21.05.2018","1,359.3","1,365.4","1,372.7","1,347.1","","1.05%"
"18.05.2018","1,345.2","1,349.6","1,354.2","1,341.0","","-1.44%"
"17.05.2018","1,364.9","1,365.8","1,376.2","1,355.3","","-0.38%"
"16.05.2018","1,370.1","1,355.7","1,372.0","1,355.7","","1.41%"
"15.05.2018","1,351.1","1,359.1","1,361.4","1,342.3","","-1.20%"
"14.05.2018","1,367.5","1,367.8","1,382.7","1,364.3","","1.26%"
"11.05.2018","1,350.5","1,353.8","1,363.0","1,348.2","","-0.75%"
"10.05.2018","1,360.7","1,346.2","1,361.1","1,344.5","","1.80%"
"09.05.2018","1,336.7","1,320.5","1,337.0","1,317.7","","1.42%"
"08.05.2018","1,318.0","1,308.4","1,318.3","1,302.3","","0.73%"
"07.05.2018","1,308.5","1,303.3","1,314.5","1,301.9","","0.91%"
"04.05.2018","1,296.7","1,257.1","1,297.8","1,253.6","","2.31%"
"03.05.2018","1,267.4","1,249.0","1,272.5","1,240.3","","0.64%"
"02.05.2018","1,259.4","1,266.8","1,270.4","1,254.6","","-0.51%"
"01.05.2018","1,265.9","1,242.7","1,266.9","1,240.9","","1.73%"
"30.04.2018","1,244.4","1,260.0","1,265.7","1,239.8","","-1.09%"
"27.04.2018","1,258.1","1,284.4","1,285.0","1,252.3","","-0.80%"
"26.04.2018","1,268.2","1,263.9","1,269.0","1,254.5","","2.09%"
"25.04.2018","1,242.2","1,250.0","1,253.7","1,223.1","","-0.12%"
"24.04.2018","1,243.7","1,266.7","1,276.3","1,232.9","","-0.82%"
"23.04.2018","1,254.0","1,275.9","1,278.5","1,251.2","","-1.32%"
"20.04.2018","1,270.8","1,285.3","1,291.8","1,265.4","","-1.17%"
"19.04.2018","1,285.9","1,313.8","1,319.2","1,281.4","","-4.31%"
"18.04.2018","1,343.8","1,346.2","1,351.6","1,332.0","","-1.02%"
"17.04.2018","1,357.7","1,342.6","1,360.6","1,340.7","","1.89%"
"16.04.2018","1,332.5","1,336.6","1,339.6","1,321.2","","0.23%"
"13.04.2018","1,329.4","1,355.0","1,355.0","1,325.1","","-0.77%"
"12.04.2018","1,339.7","1,325.9","1,343.2","1,324.1","","1.87%"
"11.04.2018","1,315.1","1,306.3","1,326.2","1,304.4","","0.05%"
"10.04.2018","1,314.5","1,305.9","1,322.0","1,295.3","","3.20%"
"09.04.2018","1,273.8","1,276.5","1,310.3","1,272.9","","0.68%"
"06.04.2018","1,265.2","1,285.2","1,301.7","1,260.5","","-3.06%"
"05.04.2018","1,305.2","1,325.6","1,329.3","1,296.6","","-1.05%"
"04.04.2018","1,319.0","1,266.1","1,322.0","1,266.1","","1.30%"
"03.04.2018","1,302.1","1,292.8","1,305.1","1,279.4","","1.97%"
"02.04.2018","1,277.0","1,316.8","1,326.1","1,265.2","","-3.91%"
"29.03.2018","1,328.9","1,312.3","1,340.7","1,300.1","","2.24%"
"28.03.2018","1,299.8","1,319.8","1,331.8","1,294.3","","-2.12%"
"27.03.2018","1,327.9","1,390.1","1,391.0","1,318.0","","-3.78%"
"26.03.2018","1,380.1","1,354.3","1,380.1","1,338.8","","4.25%"
"23.03.2018","1,323.9","1,365.8","1,370.3","1,323.9","","-3.29%"
"22.03.2018","1,369.0","1,386.1","1,399.6","1,368.5","","-2.77%"
"21.03.2018","1,408.0","1,403.4","1,425.1","1,401.5","","0.18%"
"20.03.2018","1,405.5","1,397.6","1,409.7","1,396.0","","0.77%"
"19.03.2018","1,394.8","1,409.4","1,414.5","1,375.4","","-1.95%"
"16.03.2018","1,422.5","1,427.2","1,430.6","1,419.9","","0.03%"
"15.03.2018","1,422.1","1,428.5","1,432.0","1,415.6","","-0.10%"
"14.03.2018","1,423.5","1,429.9","1,430.3","1,410.6","","0.00%"
"13.03.2018","1,423.5","1,454.8","1,464.6","1,417.5","","-1.55%"
"12.03.2018","1,445.9","1,441.4","1,453.5","1,437.1","","1.03%"
"09.03.2018","1,431.2","1,411.4","1,431.4","1,410.7","","2.08%"
"08.03.2018","1,402.0","1,408.2","1,409.2","1,393.9","","0.11%"
"07.03.2018","1,400.5","1,382.8","1,402.3","1,382.8","","0.29%"
"06.03.2018","1,396.5","1,386.3","1,400.0","1,381.5","","1.50%"
"05.03.2018","1,375.9","1,354.3","1,382.5","1,349.9","","0.89%"
"02.03.2018","1,363.8","1,324.5","1,365.7","1,322.6","","1.77%"
"01.03.2018","1,340.1","1,362.5","1,367.4","1,325.0","","-1.61%"
"28.02.2018","1,362.0","1,383.9","1,385.9","1,361.1","","-0.92%"
"27.02.2018","1,374.7","1,379.0","1,398.0","1,374.7","","-0.41%"
"26.02.2018","1,380.3","1,360.1","1,380.3","1,359.2","","2.16%"
"23.02.2018","1,351.1","1,336.7","1,351.1","1,332.3","","2.19%"
"22.02.2018","1,322.1","1,330.2","1,336.3","1,318.5","","-0.24%"
"21.02.2018","1,325.3","1,346.0","1,349.4","1,324.8","","-1.21%"
"20.02.2018","1,341.5","1,314.0","1,353.4","1,314.0","","1.76%"
"16.02.2018","1,318.3","1,318.2","1,334.3","1,317.7","","-0.36%"
"15.02.2018","1,323.0","1,316.4","1,323.0","1,291.8","","1.22%"
"14.02.2018","1,307.0","1,270.7","1,309.0","1,269.9","","2.23%"
"13.02.2018","1,278.5","1,270.8","1,279.9","1,266.6","","-0.05%"
"12.02.2018","1,279.1","1,268.3","1,287.2","1,259.6","","1.86%"
"09.02.2018","1,255.8","1,246.9","1,263.4","1,203.7","","3.04%"
"08.02.2018","1,218.7","1,277.8","1,280.2","1,218.7","","-4.23%"
"07.02.2018","1,272.5","1,287.9","1,303.8","1,272.5","","-2.24%"
"06.02.2018","1,301.7","1,241.6","1,302.4","1,238.6","","3.66%"
"05.02.2018","1,255.8","1,303.0","1,328.1","1,253.1","","-4.72%"
"02.02.2018","1,318.0","1,341.3","1,344.5","1,317.8","","-2.74%"
"01.02.2018","1,355.1","1,352.5","1,374.9","1,349.9","","-0.47%"
"31.01.2018","1,361.5","1,367.6","1,370.9","1,354.1","","0.82%"
"30.01.2018","1,350.4","1,354.8","1,366.3","1,348.9","","-2.03%"
"29.01.2018","1,378.4","1,372.7","1,388.3","1,362.2","","-0.21%"
"26.01.2018","1,381.3","1,357.4","1,381.3","1,355.4","","3.27%"
"25.01.2018","1,337.6","1,376.2","1,379.3","1,337.6","","-1.70%"
"24.01.2018","1,360.7","1,373.8","1,383.7","1,351.7","","-2.31%"
"23.01.2018","1,392.9","1,386.6","1,393.4","1,383.2","","0.76%"
"22.01.2018","1,382.4","1,372.6","1,382.4","1,367.6","","0.76%"
"19.01.2018","1,372.0","1,375.9","1,378.2","1,363.9","","0.10%"
"18.01.2018","1,370.6","1,363.5","1,377.2","1,362.5","","0.46%"
"17.01.2018","1,364.3","1,338.1","1,366.1","1,337.0","","2.89%"
"16.01.2018","1,326.0","1,334.5","1,341.0","1,318.5","","0.29%"
"12.01.2018","1,322.1","1,315.0","1,324.2","1,310.8","","0.59%"
"11.01.2018","1,314.3","1,309.3","1,314.8","1,305.2","","0.62%"
"10.01.2018","1,306.2","1,306.8","1,312.0","1,296.1","","-1.24%"
"09.01.2018","1,322.6","1,335.1","1,337.1","1,320.8","","-0.97%"
"08.01.2018","1,335.5","1,323.5","1,339.4","1,322.0","","0.74%"
"05.01.2018","1,325.7","1,321.2","1,330.3","1,316.1","","0.65%"
"04.01.2018","1,317.2","1,315.3","1,321.1","1,306.4","","0.56%"
"03.01.2018","1,309.9","1,291.7","1,310.4","1,291.3","","1.72%"
"02.01.2018","1,287.7","1,261.0","1,287.7","1,258.8","","2.77%"