Fecha,Close,Apertura,Máximo,Mínimo,Vol.,% var.
05.03.2026,"115,25","115,38","115,58","115,16","3,84K","-0,42%"
04.03.2026,"115,73","115,92","116,06","115,58","9,16K","-0,20%"
03.03.2026,"115,97","116,13","116,19","115,41","20,18K","-0,04%"
02.03.2026,"116,02","117,06","117,14","115,86","18,24K","-0,70%"
27.02.2026,"116,83","116,44","116,97","116,41","41,95K","0,46%"
26.02.2026,"116,30","115,98","116,41","115,97","215,96K","0,24%"
25.02.2026,"116,02","116,16","116,19","115,92","816,89K","-0,12%"
24.02.2026,"116,16","116,17","116,25","116,03","1,75M","-0,05%"
23.02.2026,"116,22","115,66","116,31","115,56","2,29M","0,49%"
20.02.2026,"115,66","115,81","115,97","115,48","1,33M","-0,09%"
19.02.2026,"115,77","115,70","115,86","115,48","710,52K","0,03%"
18.02.2026,"115,73","115,92","116,03","115,66","698,57K","-0,22%"
17.02.2026,"115,98","116,03","116,34","115,89","806,23K","-0,08%"
16.02.2026,"116,08","116,08","116,25","115,92","141,07K","0,08%"
13.02.2026,"115,98","115,53","116,05","115,34","876,54K","0,41%"
12.02.2026,"115,52","114,81","115,58","114,77","749,40K","0,60%"
11.02.2026,"114,83","115,05","115,25","114,52","877,14K","-0,20%"
10.02.2026,"115,06","114,53","115,17","114,52","712,50K","0,41%"
09.02.2026,"114,59","114,39","114,61","114,13","568,28K","0,07%"
06.02.2026,"114,52","114,72","114,94","114,34","622,11K","0,04%"
05.02.2026,"114,47","113,86","114,73","113,81","905,17K","0,54%"
04.02.2026,"113,86","113,94","114,00","113,73","572,86K","-0,03%"
03.02.2026,"113,89","113,80","113,98","113,66","597,01K","0,03%"
02.02.2026,"113,86","114,16","114,45","113,80","638,33K","-0,26%"
30.01.2026,"114,16","114,22","114,25","113,84","1,06M","-0,12%"
29.01.2026,"114,30","114,16","114,36","113,89","815,40K","0,18%"
28.01.2026,"114,09","114,13","114,31","113,91","590,90K","-0,22%"
27.01.2026,"114,34","114,38","114,48","114,11","665,11K","-0,07%"
26.01.2026,"114,42","114,39","114,56","114,28","446,14K","0,21%"
23.01.2026,"114,19","114,14","114,31","113,97","551,15K","0,08%"
22.01.2026,"114,09","114,17","114,25","113,86","580,11K","0,00%"
21.01.2026,"114,09","113,70","114,16","113,64","746,22K","0,33%"
20.01.2026,"113,72","114,44","114,53","113,52","1,14M","-0,26%"
19.01.2026,"114,02","114,02","114,28","113,95","216,35K","-0,23%"
16.01.2026,"114,28","114,83","114,91","114,27","722,74K","-0,56%"
15.01.2026,"114,92","115,19","115,19","114,78","560,98K","-0,16%"
14.01.2026,"115,11","114,73","115,19","114,70","597,15K","0,26%"
13.01.2026,"114,81","114,73","115,00","114,53","601,52K","0,12%"
12.01.2026,"114,67","114,78","114,94","114,47","665,69K","-0,12%"
09.01.2026,"114,81","114,84","114,94","114,42","764,39K","0,10%"
08.01.2026,"114,70","115,00","115,17","114,67","533,24K","-0,35%"
07.01.2026,"115,11","114,77","115,23","114,77","602,64K","0,33%"
06.01.2026,"114,73","114,86","114,89","114,56","530,19K","-0,11%"
05.01.2026,"114,86","114,69","115,02","114,59","544,25K","0,18%"
02.01.2026,"114,66","114,78","115,02","114,58","357,45K","-0,31%"
31.12.2025,"115,02","115,25","115,42","114,73","452,05K","-0,16%"
30.12.2025,"115,20","115,33","115,42","115,08","326,72K","-0,09%"
29.12.2025,"115,31","115,20","115,42","115,06","307,59K","0,14%"
26.12.2025,"115,16","115,14","115,38","114,95","177,70K","-0,01%"
24.12.2025,"115,17","114,84","115,19","114,81","179,43K","0,30%"
23.12.2025,"114,83","114,84","115,09","114,52","344,89K","0,00%"
22.12.2025,"114,83","115,00","115,03","114,77","241,09K","-0,35%"
19.12.2025,"115,23","115,27","115,27","115,20","0,62K","-0,26%"
18.12.2025,"115,53","115,50","115,50","115,50","1,09K","0,26%"
17.12.2025,"115,23","115,02","115,02","114,95","0,27K","0,00%"
16.12.2025,"115,23","114,88","115,23","114,88","0,05K","0,24%"
15.12.2025,"114,95","115,03","115,20","114,95","2,14K","0,11%"
12.12.2025,"114,83","115,16","115,16","115,16","0,00K","-0,35%"
11.12.2025,"115,23","115,23","115,23","115,23",,"0,20%"
10.12.2025,"115,00","114,86","115,09","114,66","2,42K","0,12%"
09.12.2025,"114,86","114,97","115,27","114,94","0,80K","-0,12%"
08.12.2025,"115,00","115,33","115,36","114,84","6,62K","-0,26%"
05.12.2025,"115,30","115,73","115,73","115,36","2,35K","-0,24%"
04.12.2025,"115,58","115,89","115,89","115,63","0,91K","-0,39%"
03.12.2025,"116,03","115,81","116,08","115,81","8,77K","0,22%"
02.12.2025,"115,78","115,72","115,83","115,53","5,28K","0,08%"
01.12.2025,"115,69","116,31","116,31","115,67","9,78K","-0,59%"
28.11.2025,"116,38","116,58","116,64","116,25","11,34K","-0,12%"
27.11.2025,"116,52","116,52","116,64","116,42","2,57K","-0,06%"
26.11.2025,"116,59","116,56","116,64","116,17","182,04K","0,05%"
25.11.2025,"116,53","116,28","116,67","116,13","1,00M","0,28%"
24.11.2025,"116,20","115,92","116,30","115,88","1,85M","0,22%"
21.11.2025,"115,95","115,75","116,22","115,63","2,14M","0,32%"
20.11.2025,"115,58","115,25","115,78","114,88","1,33M","0,22%"
19.11.2025,"115,33","115,48","115,66","115,25","745,53K","-0,08%"
18.11.2025,"115,42","115,23","115,78","115,19","536,28K","0,08%"
17.11.2025,"115,33","115,14","115,47","115,09","424,98K","0,14%"
14.11.2025,"115,17","115,42","115,95","115,14","581,87K","-0,30%"
13.11.2025,"115,52","115,75","115,88","115,39","549,60K","-0,24%"
12.11.2025,"115,80","115,73","115,91","115,53","486,40K","0,04%"
11.11.2025,"115,75","115,30","115,80","115,28","175,79K","0,31%"
10.11.2025,"115,39","115,36","115,52","115,05","407,24K","-0,14%"
07.11.2025,"115,55","115,59","115,80","115,38","445,68K","0,00%"
06.11.2025,"115,55","114,94","115,69","114,92","536,74K","0,50%"
05.11.2025,"114,97","115,63","115,92","114,91","555,13K","-0,53%"
04.11.2025,"115,58","115,36","115,69","115,36","357,41K","0,14%"
03.11.2025,"115,42","115,56","115,67","115,28",,"-0,05%"
31.10.2025,"115,48","115,52","115,70","115,33","539,17K","-0,05%"
30.10.2025,"115,55","115,72","115,88","115,36","649,90K","-0,30%"
29.10.2025,"115,89","116,58","116,64","115,67","510,85K","-0,58%"
28.10.2025,"116,56","116,59","116,69","116,36","409,96K","0,09%"
27.10.2025,"116,45","116,16","116,58","116,02","404,12K","0,01%"
24.10.2025,"116,44","116,38","116,75","116,23","496,10K","-0,05%"
23.10.2025,"116,50","116,86","116,91","116,34","470,36K","-0,29%"
22.10.2025,"116,84","116,78","117,00","116,61","480,17K","0,07%"
21.10.2025,"116,77","116,59","116,91","116,50","429,93K","0,19%"
20.10.2025,"116,55","116,28","116,59","116,16","322,32K","0,19%"
17.10.2025,"116,33","116,66","117,02","116,23","565,64K","-0,27%"
16.10.2025,"116,64","116,09","116,72","115,94","701,79K","0,55%"
15.10.2025,"116,00","116,09","116,41","115,95","506,54K","-0,16%"
14.10.2025,"116,19","115,95","116,42","115,78","650,01K","0,24%"
13.10.2025,"115,91","115,89","115,97","115,66","4,60K","-0,01%"
10.10.2025,"115,92","115,11","116,11","115,11","567,26K","0,75%"
09.10.2025,"115,06","115,30","115,44","115,02","363,37K","-0,14%"
08.10.2025,"115,22","115,28","115,53","115,16","430,33K","-0,03%"
07.10.2025,"115,25","115,00","115,39","114,80","462,55K","0,27%"
06.10.2025,"114,94","115,25","115,25","114,89","402,09K","-0,35%"
03.10.2025,"115,34","115,67","115,73","115,28","345,77K","-0,24%"
02.10.2025,"115,63","115,53","115,67","115,27","421,39K","0,15%"
01.10.2025,"115,45","115,05","115,64","114,89","578,01K","0,33%"
30.09.2025,"115,08","115,19","115,45","114,98","789,84K","-0,05%"
29.09.2025,"115,14","114,77","115,20","114,77","380,85K","0,35%"
26.09.2025,"114,73","114,89","115,05","114,64","479,11K","-0,11%"
25.09.2025,"114,86","115,08","115,22","114,61","613,59K","-0,22%"
24.09.2025,"115,11","115,48","115,55","115,05","426,64K","-0,22%"
23.09.2025,"115,36","115,09","115,48","115,08","400,00K","0,20%"
22.09.2025,"115,13","115,25","115,34","115,03","352,97K","-0,14%"
19.09.2025,"115,28","115,28","115,28","115,28",,"-0,23%"
18.09.2025,"115,55","116,06","116,28","115,20","9,36K","-0,15%"
17.09.2025,"115,72","115,98","115,98","115,81","2,49K","-0,42%"
16.09.2025,"116,20","116,25","116,25","116,17","0,20K","0,08%"
15.09.2025,"116,11","116,09","116,09","116,09","2,30K","0,18%"
12.09.2025,"115,91","115,81","115,84","115,77","2,78K","-0,38%"
11.09.2025,"116,34","116,34","116,44","116,34","1,00K","0,16%"
10.09.2025,"116,16","115,59","115,84","115,59","1,27K","0,32%"
09.09.2025,"115,78","115,83","115,98","115,69","3,43K","-0,19%"
08.09.2025,"116,00","115,78","116,00","115,77","2,32K","0,26%"
05.09.2025,"115,70","115,08","115,89","115,05","2,27K","0,71%"
04.09.2025,"114,89","114,55","114,91","114,55","1,44K","0,26%"
03.09.2025,"114,59","114,14","114,67","113,81","8,58K","0,51%"
02.09.2025,"114,02","114,42","114,42","113,78","8,79K","-0,16%"
01.09.2025,"114,20","114,20","114,39","114,17","0,69K","-0,22%"
29.08.2025,"114,45","114,64","114,64","114,33","18,98K","-0,14%"
28.08.2025,"114,61","114,38","114,67","114,23","110,44K","0,23%"
27.08.2025,"114,34","114,08","114,41","113,86","943,33K","0,18%"
26.08.2025,"114,14","113,98","114,20","113,64","1,57M","0,15%"
25.08.2025,"113,97","114,13","114,16","113,80","2,06M","-0,12%"
22.08.2025,"114,11","113,55","114,27","113,39","1,53M","0,55%"
21.08.2025,"113,48","113,83","113,88","113,33","1,04M","-0,26%"
20.08.2025,"113,78","113,67","113,98","113,52","575,17K","0,05%"
19.08.2025,"113,72","113,44","113,77","113,33","361,40K","0,29%"
18.08.2025,"113,39","113,55","113,83","113,28","355,18K","-0,10%"
15.08.2025,"113,50","113,86","114,00","113,45","394,71K","-0,26%"
14.08.2025,"113,80","114,30","114,61","113,75","487,81K","-0,41%"
13.08.2025,"114,27","113,80","114,41","113,70","393,04K","0,41%"
12.08.2025,"113,80","113,84","114,34","113,58","506,85K","-0,16%"
11.08.2025,"113,98","113,86","114,14","113,84","278,33K","0,10%"
08.08.2025,"113,88","114,19","114,27","113,83","331,22K","-0,31%"
07.08.2025,"114,23","114,23","114,45","114,14","422,33K","-0,10%"
06.08.2025,"114,34","114,39","114,42","113,75","581,74K","-0,16%"
05.08.2025,"114,53","114,53","114,64","114,27","426,55K","0,03%"
04.08.2025,"114,50","114,34","114,58","114,00","498,09K","0,15%"
01.08.2025,"114,33","112,98","114,48","112,59","822,81K","1,11%"
31.07.2025,"113,08","112,97","113,39","112,89","680,46K","0,12%"
30.07.2025,"112,94","113,42","113,50","112,89","548,21K","-0,37%"
29.07.2025,"113,36","112,63","113,44","112,55","521,25K","0,71%"
28.07.2025,"112,56","112,73","113,03","112,56","340,67K","-0,26%"
25.07.2025,"112,86","112,75","112,91","112,50","336,93K","0,17%"
24.07.2025,"112,67","112,86","112,89","112,38","409,20K","-0,15%"
23.07.2025,"112,84","113,13","113,20","112,75","409,42K","-0,40%"
22.07.2025,"113,30","112,91","113,38","112,77","395,41K","0,26%"
21.07.2025,"113,00","112,59","113,17","112,45","356,94K","0,47%"
18.07.2025,"112,47","112,28","112,61","112,27","305,79K","0,25%"
17.07.2025,"112,19","112,22","112,48","111,91","383,71K","-0,07%"
16.07.2025,"112,27","112,00","112,42","111,89","650,08K","0,28%"
15.07.2025,"111,95","112,39","112,80","111,92","508,53K","-0,47%"
14.07.2025,"112,48","112,61","112,70","112,31","387,18K","-0,03%"
11.07.2025,"112,52","113,14","113,27","112,48","377,13K","-0,62%"
10.07.2025,"113,22","113,31","113,44","112,95","416,86K","-0,03%"
09.07.2025,"113,25","112,70","113,33","112,55","420,77K","0,58%"
08.07.2025,"112,59","112,89","112,95","112,42","407,12K","-0,17%"
07.07.2025,"112,78","113,48","113,48","112,75","448,47K","-0,53%"
04.07.2025,"113,38","113,28","113,58","113,27","78,75K","0,10%"
03.07.2025,"113,27","113,78","114,05","113,03","543,71K","-0,38%"
02.07.2025,"113,70","114,16","114,17","113,53","442,98K","-0,30%"
01.07.2025,"114,05","114,27","114,66","113,81","475,60K","-0,19%"
30.06.2025,"114,27","113,80","114,33","113,61","644,26K","0,43%"
27.06.2025,"113,78","114,09","114,16","113,67","473,39K","-0,22%"
26.06.2025,"114,03","113,67","114,16","113,66","509,77K","0,30%"
25.06.2025,"113,69","113,61","113,83","113,28","433,46K","0,00%"
24.06.2025,"113,69","113,17","113,75","113,00","513,64K","0,22%"
23.06.2025,"113,44","113,09","113,70","112,66","498,23K","0,44%"
20.06.2025,"112,94","112,75","113,08","112,34","425,18K","0,07%"
19.06.2025,"112,86","112,86","112,95","112,55","82,50K","-0,32%"
18.06.2025,"113,22","113,16","113,28","112,78","2,03K","0,24%"
17.06.2025,"112,95","112,52","112,52","112,52","0,11K","0,46%"
16.06.2025,"112,44","112,73","112,73","112,73","2,20K","-0,21%"
13.06.2025,"112,67","113,48","113,53","112,67","3,67K","-0,50%"
12.06.2025,"113,23","112,89","113,22","112,80","3,13K","0,43%"
11.06.2025,"112,75","112,19","112,52","112,14","1,62K","0,49%"
10.06.2025,"112,20","112,38","112,39","112,17","4,23K","0,08%"
09.06.2025,"112,11","112,03","112,23","111,84","8,01K","0,21%"
06.06.2025,"111,88","112,86","112,86","111,88","6,86K","-0,91%"
05.06.2025,"112,91","113,11","113,50","112,89","5,00K","-0,22%"
04.06.2025,"113,16","112,41","113,30","112,25","8,05K","0,75%"
03.06.2025,"112,31","112,45","112,77","112,22","9,47K","0,03%"
02.06.2025,"112,28","112,66","112,72","112,25","3,53K","-0,35%"
30.05.2025,"112,67","112,61","112,95","112,45","31,17K","0,07%"
29.05.2025,"112,59","112,09","112,75","111,59","160,35K","0,43%"
28.05.2025,"112,11","112,39","112,48","111,92","731,84K","-0,36%"
27.05.2025,"112,52","111,80","112,58","111,42","2,18M","0,59%"
26.05.2025,"111,86","111,86","111,91","111,42","127,17K","0,01%"
23.05.2025,"111,84","111,69","112,41","111,56","1,16M","0,32%"
22.05.2025,"111,48","111,05","111,70","110,83","1,51M","0,35%"
21.05.2025,"111,09","112,05","112,23","111,02","1,03M","-0,91%"
20.05.2025,"112,11","112,36","112,55","111,72","590,38K","-0,01%"
19.05.2025,"112,13","112,03","112,39","111,36","635,74K","-0,26%"
16.05.2025,"112,42","112,47","112,88","111,92","418,28K","0,10%"
15.05.2025,"112,31","111,59","112,53","111,47","604,11K","0,57%"
14.05.2025,"111,67","112,20","112,39","111,52","550,17K","-0,27%"
13.05.2025,"111,97","112,16","112,61","111,89","500,30K","-0,31%"
12.05.2025,"112,31","112,78","112,81","112,13","587,44K","-0,65%"
09.05.2025,"113,05","112,91","113,33","112,83","386,57K","0,00%"
08.05.2025,"113,05","113,95","113,98","112,84","481,16K","-0,77%"
07.05.2025,"113,92","113,64","114,06","113,36","457,52K","0,33%"
06.05.2025,"113,55","113,20","113,67","112,95","582,69K","0,26%"
05.05.2025,"113,25","113,55","113,77","113,03","373,70K","-0,17%"
02.05.2025,"113,44","114,38","114,56","113,36","526,89K","-0,74%"
01.05.2025,"114,28","114,86","115,23","114,17","472,81K","-0,39%"
30.04.2025,"114,73","114,77","115,13","114,27","742,55K","-0,03%"
29.04.2025,"114,77","114,47","114,88","114,13","413,25K","0,31%"
28.04.2025,"114,41","114,13","114,52","113,67","385,19K","0,41%"
25.04.2025,"113,94","113,52","114,20","113,39","342,72K","0,29%"
24.04.2025,"113,61","112,86","113,63","112,86","388,95K","0,65%"
23.04.2025,"112,88","113,00","114,13","112,77","722,64K","0,00%"
22.04.2025,"112,88","112,69","113,03","112,44","454,56K","0,12%"
21.04.2025,"112,73","113,30","113,41","112,59","359,33K","-0,61%"
17.04.2025,"113,42","113,84","113,94","113,27","354,56K","-0,37%"
16.04.2025,"113,84","113,39","113,98","113,19","487,80K","0,36%"
15.04.2025,"113,44","112,95","113,58","112,66","472,74K","0,33%"
14.04.2025,"113,06","112,05","113,09","111,48","549,56K","1,03%"
11.04.2025,"111,91","112,53","112,92","111,08","1,11M","-0,82%"
10.04.2025,"112,83","113,42","114,05","112,52","1,13M","0,03%"
09.04.2025,"112,80","113,75","114,03","111,83","1,97M","-1,08%"
08.04.2025,"114,03","114,73","115,25","113,72","1,33M","-0,83%"
07.04.2025,"114,98","117,03","117,91","114,36","2,00M","-1,30%"
04.04.2025,"116,50","116,05","117,66","115,92","1,67M","0,55%"
03.04.2025,"115,86","115,38","116,38","115,38","1,25M","1,12%"
02.04.2025,"114,58","114,81","115,36","114,20","793,36K","-0,31%"
01.04.2025,"114,94","114,47","115,16","114,34","664,54K","0,71%"
31.03.2025,"114,13","114,14","114,67","114,00","870,12K","0,08%"
28.03.2025,"114,03","113,06","114,09","113,05","614,32K","0,90%"
27.03.2025,"113,02","113,17","113,36","112,73","550,84K","-0,23%"
26.03.2025,"113,28","113,48","113,52","113,08","476,56K","-0,26%"
25.03.2025,"113,58","113,31","113,67","113,03","414,27K","0,19%"
24.03.2025,"113,36","114,05","114,06","113,28","437,24K","-0,61%"
21.03.2025,"114,06","114,17","114,53","114,02","404,84K","-0,31%"
20.03.2025,"114,41","114,62","114,62","114,41","0,15K","0,22%"
19.03.2025,"114,16","114,16","114,16","114,16","0,03K","0,18%"
18.03.2025,"113,95","113,89","113,89","113,64","0,82K","0,22%"
17.03.2025,"113,70","113,69","113,69","113,69","0,12K","0,01%"
14.03.2025,"113,69","113,77","113,80","113,61","0,21K","-0,26%"
13.03.2025,"113,98","113,78","113,78","113,42","0,11K","0,30%"
12.03.2025,"113,64","114,03","114,22","113,48","1,14K","-0,22%"
11.03.2025,"113,89","114,62","115,06","113,92","2,36K","-0,55%"
10.03.2025,"114,52","113,75","114,55","113,75","0,99K","0,81%"
07.03.2025,"113,59","113,92","114,41","113,56","2,05K","-0,21%"
06.03.2025,"113,83","113,70","113,98","113,34","2,23K","-0,15%"
05.03.2025,"114,00","114,11","114,72","113,80","1,91K","-0,46%"
04.03.2025,"114,53","115,22","115,45","114,19","3,51K","-0,23%"
03.03.2025,"114,80","114,30","115,00","114,11","4,48K","0,38%"
28.02.2025,"114,36","114,00","114,67","113,95","15,54K","0,45%"
27.02.2025,"113,84","114,08","114,13","113,61","223,43K","-0,30%"
26.02.2025,"114,19","113,80","114,20","113,41","714,96K","0,37%"
25.02.2025,"113,77","112,84","113,89","112,81","2,20M","0,76%"
24.02.2025,"112,91","112,53","112,94","112,34","2,27M","0,21%"
21.02.2025,"112,67","111,88","112,78","111,84","1,17M","0,63%"
20.02.2025,"111,97","111,64","112,02","111,63","935,57K","0,29%"
19.02.2025,"111,64","111,48","111,70","111,27","648,91K","0,07%"
18.02.2025,"111,56","112,13","112,20","111,42","721,40K","-0,54%"
14.02.2025,"112,17","111,67","112,41","111,53","597,38K","0,38%"
13.02.2025,"111,75","110,89","111,81","110,86","850,71K","0,87%"
12.02.2025,"110,78","111,63","111,97","110,58","872,76K","-0,77%"
11.02.2025,"111,64","111,98","112,13","111,55","507,17K","-0,35%"
10.02.2025,"112,03","112,03","112,34","111,89","539,40K","-0,06%"
07.02.2025,"112,09","112,50","113,09","111,84","792,13K","-0,35%"
06.02.2025,"112,48","112,67","112,73","112,30","723,89K","-0,14%"
05.02.2025,"112,64","111,81","112,83","111,70","817,37K","0,71%"
04.02.2025,"111,84","111,44","111,91","111,13","670,25K","0,22%"
03.02.2025,"111,59","111,48","112,31","111,28","984,45K","0,20%"
31.01.2025,"111,38","111,83","111,95","111,25","840,63K","-0,43%"
30.01.2025,"111,86","111,72","112,09","111,56","535,54K","0,34%"
29.01.2025,"111,48","111,69","111,89","111,16","516,24K","-0,04%"
28.01.2025,"111,53","111,63","111,69","111,27","471,37K","-0,15%"
27.01.2025,"111,70","110,89","111,98","110,89","759,92K","0,75%"
24.01.2025,"110,88","110,64","111,05","110,52","470,20K","0,13%"
23.01.2025,"110,73","110,94","111,11","110,50","533,57K","-0,30%"
22.01.2025,"111,06","111,25","111,47","110,92","439,75K","-0,21%"
21.01.2025,"111,30","110,84","111,70","110,61","687,59K","0,28%"
17.01.2025,"110,98","110,94","111,36","110,81","513,36K","-0,03%"
16.01.2025,"111,02","110,58","111,19","110,25","709,66K","0,38%"
15.01.2025,"110,59","109,38","110,75","109,38","715,41K","1,09%"
14.01.2025,"109,41","109,48","109,75","109,23","469,65K","0,09%"
13.01.2025,"109,31","109,63","109,69","109,30","486,58K","-0,23%"
10.01.2025,"109,56","110,33","110,45","109,39","786,78K","-0,74%"
09.01.2025,"110,38","110,28","110,70","110,28","298,97K","0,10%"
08.01.2025,"110,27","110,31","110,53","109,94","686,89K","-0,06%"
07.01.2025,"110,33","110,80","111,03","110,20","619,60K","-0,54%"
06.01.2025,"110,92","111,05","111,30","110,69","548,51K","-0,18%"
03.01.2025,"111,13","111,42","111,66","111,06","332,61K","-0,17%"
02.01.2025,"111,31","111,28","111,83","111,02","437,20K","0,00%"
31.12.2024,"111,31","111,66","111,89","111,19","331,19K","-0,22%"
30.12.2024,"111,56","110,91","111,67","110,81","310,44K","0,58%"
27.12.2024,"110,92","111,23","111,34","110,80","254,29K","-0,32%"
26.12.2024,"111,28","111,14","111,34","110,72","235,65K","0,08%"
24.12.2024,"111,19","111,17","111,27","110,83","160,54K","0,08%"
23.12.2024,"111,09","111,75","111,80","111,09","305,37K","-0,59%"
20.12.2024,"111,75","111,36","112,13","111,34","532,07K","0,60%"
19.12.2024,"111,08","111,56","111,64","111,39","0,19K","-0,62%"
18.12.2024,"111,77","112,75","112,84","111,75","0,43K","-0,91%"
17.12.2024,"112,80","112,64","112,72","112,64","0,45K","0,08%"
16.12.2024,"112,70","112,73","112,73","112,73","0,69K","0,03%"
13.12.2024,"112,67","112,67","112,67","112,67","0,04K","-0,58%"
12.12.2024,"113,33","113,59","113,81","113,45","0,93K","-0,41%"
11.12.2024,"113,80","113,80","113,80","113,80","0,78K","-0,36%"
10.12.2024,"114,20","114,20","114,20","114,20","0,13K","-0,18%"
09.12.2024,"114,41","114,89","114,89","114,42","5,87K","-0,38%"
06.12.2024,"114,84","114,63","114,78","114,63","6,13K","0,26%"
05.12.2024,"114,55","114,39","114,39","114,39","0,25K","0,00%"
04.12.2024,"114,55","114,14","114,56","113,70","3,78K","0,31%"
03.12.2024,"114,19","114,47","114,66","114,05","1,44K","-0,23%"
02.12.2024,"114,45","114,34","114,59","113,97","5,98K","0,00%"
29.11.2024,"114,45","113,81","114,48","113,75","10,30K","0,38%"
27.11.2024,"114,02","113,42","114,14","113,41","215,57K","0,47%"
26.11.2024,"113,48","113,70","113,84","113,31","817,69K","-0,32%"
25.11.2024,"113,84","112,94","113,88","112,84","1,97M","1,14%"
22.11.2024,"112,56","112,44","112,81","112,39","1,42M","0,18%"
21.11.2024,"112,36","112,56","112,86","112,30","1,34M","-0,21%"
20.11.2024,"112,59","112,64","112,77","112,30","672,35K","-0,21%"
19.11.2024,"112,83","112,47","113,19","112,47","576,90K","0,28%"
18.11.2024,"112,52","112,27","112,59","111,84","428,30K","0,10%"
15.11.2024,"112,41","112,28","112,64","111,72","594,25K","-0,06%"
14.11.2024,"112,47","112,22","112,77","111,91","599,81K","0,24%"
13.11.2024,"112,20","112,28","113,02","112,09","630,73K","-0,14%"
12.11.2024,"112,36","113,23","113,41","112,25","678,87K","-0,68%"
11.11.2024,"113,13","113,44","113,44","112,95","214,98K","-0,32%"
08.11.2024,"113,48","113,30","113,88","113,09","615,57K","0,25%"
07.11.2024,"113,20","112,39","113,48","112,20","876,90K","0,68%"
06.11.2024,"112,44","113,80","114,02","111,95","1,25M","-1,09%"
05.11.2024,"113,67","113,72","113,83","113,02","650,37K","0,14%"
04.11.2024,"113,52","113,44","113,94","113,33","537,21K","0,40%"
01.11.2024,"113,06","113,72","114,31","112,83","771,28K","-0,60%"
31.10.2024,"113,75","113,64","113,97","113,31","971,63K","-0,16%"
30.10.2024,"113,94","114,05","114,55","113,59","760,99K","0,07%"
29.10.2024,"113,86","113,80","114,06","113,30","600,31K","0,04%"
28.10.2024,"113,81","114,19","114,28","113,47","543,60K","-0,38%"
25.10.2024,"114,25","114,44","114,77","114,09","431,13K","-0,26%"
24.10.2024,"114,55","114,14","114,70","114,08","546,42K","0,33%"
23.10.2024,"114,17","114,44","114,52","114,03","543,48K","-0,30%"
22.10.2024,"114,52","114,59","114,88","114,39","571,37K","-0,18%"
21.10.2024,"114,72","115,63","115,69","114,59","462,39K","-0,85%"
18.10.2024,"115,70","115,55","115,81","115,28","386,95K","0,18%"
17.10.2024,"115,50","116,23","116,27","115,47","540,24K","-0,63%"
16.10.2024,"116,23","116,02","116,45","116,00","431,93K","0,15%"
15.10.2024,"116,06","115,42","116,14","115,41","499,08K","0,69%"
14.10.2024,"115,27","115,48","115,55","115,06","144,89K","-0,41%"
11.10.2024,"115,73","115,81","115,88","115,33","389,96K","0,16%"
10.10.2024,"115,55","115,75","115,95","115,19","700,99K","-0,23%"
09.10.2024,"115,81","116,30","116,36","115,70","501,73K","-0,27%"
08.10.2024,"116,13","116,20","116,47","115,91","445,17K","-0,05%"
07.10.2024,"116,19","116,61","116,77","116,13","590,23K","-0,39%"
04.10.2024,"116,64","117,88","118,00","116,61","743,47K","-1,02%"
03.10.2024,"117,84","118,48","118,50","117,80","484,53K","-0,53%"
02.10.2024,"118,47","118,95","119,05","118,16","469,37K","-0,34%"
01.10.2024,"118,88","118,47","119,33","118,41","655,30K","0,49%"
30.09.2024,"118,30","118,84","118,84","118,25","721,69K","-0,43%"
27.09.2024,"118,81","118,36","118,89","118,23","507,96K","0,33%"
26.09.2024,"118,42","118,47","118,78","118,14","561,48K","-0,08%"
25.09.2024,"118,52","118,98","119,03","118,39","401,98K","-0,35%"
24.09.2024,"118,94","118,80","119,03","118,25","540,23K","0,01%"
23.09.2024,"118,92","118,88","119,02","118,39","452,90K","-0,09%"
20.09.2024,"119,03","119,16","119,30","118,69","383,75K","0,05%"
19.09.2024,"118,97","119,00","119,00","118,97","0,00K","-0,31%"
18.09.2024,"119,34","119,34","119,34","119,34","0,00K","-0,34%"
17.09.2024,"119,75","120,06","120,11","119,84","1,07K","-0,16%"
16.09.2024,"119,94","119,98","119,98","119,98","0,05K","0,21%"
13.09.2024,"119,69","119,61","119,61","119,61","0,05K","0,21%"
12.09.2024,"119,44","119,61","119,70","119,34","1,19K","-0,14%"
11.09.2024,"119,61","119,56","119,67","119,52","0,54K","-0,09%"
10.09.2024,"119,72","119,05","119,72","119,05","0,33K","0,43%"
09.09.2024,"119,20","118,70","119,22","118,70","0,37K","0,08%"
06.09.2024,"119,11","119,06","119,56","118,69","1,19K","0,20%"
05.09.2024,"118,88","118,83","118,83","118,72","0,91K","0,29%"
04.09.2024,"118,53","117,83","118,64","117,81","2,41K","0,62%"
03.09.2024,"117,80","116,98","117,97","116,92","11,10K","0,55%"
30.08.2024,"117,16","117,61","117,70","116,97","21,30K","-0,36%"
29.08.2024,"117,58","117,84","118,00","117,33","173,68K","-0,19%"
28.08.2024,"117,80","117,97","118,13","117,75","612,99K","-0,07%"
27.08.2024,"117,88","118,06","118,14","117,52","1,57M","-0,15%"
26.08.2024,"118,05","118,17","118,44","118,00","1,26M","-0,07%"
23.08.2024,"118,13","117,70","118,30","117,64","1,02M","0,41%"
22.08.2024,"117,64","118,19","118,33","117,48","845,34K","-0,67%"
21.08.2024,"118,44","118,16","118,59","117,88","683,98K","0,32%"
20.08.2024,"118,06","117,58","118,17","117,44","432,36K","0,39%"
19.08.2024,"117,61","117,39","117,77","117,23","359,77K","0,19%"
16.08.2024,"117,39","117,25","117,69","117,11","400,30K","0,23%"
15.08.2024,"117,13","117,97","118,05","116,88","556,49K","-0,83%"
14.08.2024,"118,11","117,88","118,38","117,66","519,14K","0,24%"
13.08.2024,"117,83","117,36","117,91","117,17","419,90K","0,41%"
12.08.2024,"117,34","117,03","117,44","116,80","369,56K","0,27%"
09.08.2024,"117,03","116,59","117,25","116,56","377,05K","0,42%"
08.08.2024,"116,55","117,05","117,48","116,31","665,79K","-0,24%"
07.08.2024,"116,83","117,70","117,72","116,73","800,68K","-0,64%"
06.08.2024,"117,58","118,45","118,58","117,38","763,49K","-0,80%"
05.08.2024,"118,53","118,55","119,69","118,09","1,13M","0,04%"
03.08.2024,"118,48","118,48","118,48","118,48",,"0,01%"
02.08.2024,"118,47","116,78","118,53","116,63","1,02M","1,47%"
01.08.2024,"116,75","116,22","116,88","115,92","811,44K","1,01%"
31.07.2024,"115,58","115,25","116,27","115,11","853,69K","0,30%"
30.07.2024,"115,23","114,92","115,34","114,81","404,99K","0,27%"
29.07.2024,"114,92","114,77","115,16","114,73","348,09K","0,15%"
27.07.2024,"114,75","114,75","114,75","114,75",,"0,01%"
26.07.2024,"114,73","114,36","114,81","114,14","403,07K","0,45%"
25.07.2024,"114,22","113,94","114,80","113,94","639,41K","0,22%"
24.07.2024,"113,97","114,23","114,66","113,92","695,56K","-0,37%"
23.07.2024,"114,39","114,23","114,56","114,22","379,85K","0,16%"
22.07.2024,"114,20","114,56","114,69","114,03","397,10K","-0,15%"
20.07.2024,"114,38","114,38","114,38","114,38",,"-0,01%"
19.07.2024,"114,39","114,73","114,88","114,30","368,46K","-0,41%"
18.07.2024,"114,86","115,14","115,16","114,70","464,64K","-0,34%"
17.07.2024,"115,25","115,11","115,27","114,78","477,46K","0,15%"
16.07.2024,"115,08","114,45","115,17","114,45","516,31K","0,52%"
15.07.2024,"114,48","114,69","114,78","114,23","502,57K","-0,37%"
13.07.2024,"114,91","114,91","114,91","114,91",,"0,03%"
12.07.2024,"114,88","114,67","114,97","114,38","499,28K","0,04%"
11.07.2024,"114,83","114,02","115,08","113,89","718,46K","0,69%"
10.07.2024,"114,05","113,89","114,19","113,75","485,36K","0,15%"
09.07.2024,"113,88","114,05","114,13","113,61","505,26K","-0,25%"
08.07.2024,"114,16","114,08","114,19","113,73","378,77K","0,01%"
05.07.2024,"114,14","113,31","114,16","112,84","572,80K","0,81%"
04.07.2024,"113,22","113,28","113,38","113,17","63,80K","-0,21%"
03.07.2024,"113,45","112,69","113,55","112,58","614,02K","0,69%"
02.07.2024,"112,67","112,42","112,88","112,39","566,17K","0,35%"
01.07.2024,"112,28","112,95","113,13","112,17","623,74K","-0,65%"
29.06.2024,"113,02","113,02","113,02","113,02",,"-0,45%"
28.06.2024,"113,53","114,00","114,27","112,98","922,77K","-0,42%"
27.06.2024,"114,02","113,66","114,16","113,48","604,56K","0,21%"
26.06.2024,"113,78","114,45","114,47","113,63","493,11K","-0,63%"
25.06.2024,"114,50","114,53","114,77","114,30","494,94K","0,08%"
24.06.2024,"114,41","114,30","114,59","114,14","393,54K","0,07%"
22.06.2024,"114,33","114,33","114,33","114,33",,"0,00%"
21.06.2024,"114,33","114,27","114,69","114,13","389,76K","-0,04%"
20.06.2024,"114,38","114,66","114,77","113,98","509,07K","-0,14%"
19.06.2024,"114,53","114,63","114,77","114,48","78,21K","0,33%"
18.06.2024,"114,16","114,22","114,22","114,13","0,01K","0,43%"
17.06.2024,"113,67","113,83","113,88","113,80","0,12K","-0,45%"
14.06.2024,"114,19","113,66","113,66","113,63","0,07K","0,15%"
13.06.2024,"114,02","113,78","114,09","113,70","2,14K","0,43%"
12.06.2024,"113,53","112,61","113,80","112,61","0,12K","0,87%"
11.06.2024,"112,55","112,14","112,55","112,14","0,02K","0,52%"
10.06.2024,"111,97","112,14","112,14","112,14","0,05K","-0,31%"
07.06.2024,"112,31","112,41","112,42","112,30","2,13K","-1,13%"
06.06.2024,"113,59","113,56","113,56","113,33","0,94K","0,06%"
05.06.2024,"113,53","113,13","113,58","112,95","1,10K","0,36%"
04.06.2024,"113,13","112,50","113,30","112,47","1,81K","0,50%"
03.06.2024,"112,56","111,77","112,63","111,77","8,14K","0,88%"
31.05.2024,"111,58","111,34","111,83","111,11","54,17K","0,28%"
30.05.2024,"111,27","110,73","111,36","110,63","188,04K","0,54%"
29.05.2024,"110,67","111,27","111,38","110,55","899,88K","-0,63%"
28.05.2024,"111,38","112,09","112,19","111,28","1,77M","-0,63%"
27.05.2024,"112,08","112,14","112,19","111,95","114,00K","-0,06%"
26.05.2024,"112,14","112,09","112,16","112,09","13,31K","0,17%"
24.05.2024,"111,95","111,91","112,11","111,69","912,21K","0,01%"
23.05.2024,"111,94","112,39","112,52","111,73","1,45M","-0,32%"
22.05.2024,"112,30","112,47","112,52","112,06","634,33K","-0,15%"
21.05.2024,"112,47","112,17","112,61","112,14","464,14K","0,17%"
20.05.2024,"112,28","112,39","112,53","112,11","336,03K","-0,10%"
18.05.2024,"112,39","112,39","112,39","112,39",,"-0,03%"
17.05.2024,"112,42","112,81","112,92","112,38","310,07K","-0,35%"
16.05.2024,"112,81","113,08","113,36","112,73","538,09K","-0,17%"
15.05.2024,"113,00","112,25","113,13","112,14","627,43K","0,71%"
14.05.2024,"112,20","111,81","112,25","111,45","492,69K","0,27%"
13.05.2024,"111,91","111,77","112,11","111,75","354,35K","0,13%"
11.05.2024,"111,77","111,77","111,77","111,77",,"0,04%"
10.05.2024,"111,72","112,11","112,25","111,66","378,80K","-0,42%"
09.05.2024,"112,19","111,83","112,20","111,56","558,97K","0,27%"
08.05.2024,"111,89","112,14","112,23","111,80","538,26K","-0,22%"
07.05.2024,"112,14","111,95","112,50","111,84","505,74K","0,21%"
06.05.2024,"111,91","111,73","112,08","111,66","365,02K","0,17%"
04.05.2024,"111,72","111,72","111,72","111,72",,"-0,08%"
03.05.2024,"111,81","111,05","112,30","110,98","765,54K","0,53%"
02.05.2024,"111,22","110,69","111,23","110,50","567,20K","0,18%"
01.05.2024,"111,02","110,27","111,13","110,14","597,80K","0,72%"
30.04.2024,"110,22","110,80","110,94","110,16","693,67K","-0,56%"
29.04.2024,"110,84","110,34","110,89","110,34","460,67K","0,41%"
27.04.2024,"110,39","110,39","110,39","110,39",,"0,03%"
26.04.2024,"110,36","110,05","110,70","109,94","417,60K","0,28%"
25.04.2024,"110,05","110,61","110,84","109,77","572,49K","-0,42%"
24.04.2024,"110,52","110,94","110,98","110,36","476,82K","-0,42%"
23.04.2024,"110,98","110,88","111,25","110,50","527,91K","0,18%"
22.04.2024,"110,78","110,63","110,89","110,39","390,19K","-0,01%"
20.04.2024,"110,80","110,80","110,80","110,80",,"-0,06%"
19.04.2024,"110,86","110,70","111,89","110,66","582,72K","0,25%"
18.04.2024,"110,58","111,08","111,33","110,52","540,27K","-0,49%"
17.04.2024,"111,13","110,41","111,20","110,27","624,59K","0,58%"
16.04.2024,"110,48","110,94","111,06","110,17","770,37K","-0,24%"
15.04.2024,"110,75","111,83","111,83","110,44","717,41K","-0,81%"
13.04.2024,"111,66","111,66","111,66","111,66",,"-0,18%"
12.04.2024,"111,86","111,06","112,03","111,06","578,72K","0,59%"
11.04.2024,"111,20","111,47","111,73","110,97","764,64K","-0,13%"
10.04.2024,"111,34","113,05","113,27","111,28","932,06K","-1,52%"
09.04.2024,"113,06","112,56","113,16","112,48","411,81K","0,46%"
08.04.2024,"112,55","112,66","112,70","112,19","531,64K","-0,36%"
05.04.2024,"112,95","113,52","113,63","112,70","561,58K","-0,54%"
04.04.2024,"113,56","113,27","113,64","112,94","504,00K","0,35%"
03.04.2024,"113,17","113,17","113,25","112,52","576,56K","0,07%"
02.04.2024,"113,09","113,58","113,63","112,72","576,04K","-0,28%"
01.04.2024,"113,41","114,61","114,67","113,33","373,57K","-1,05%"
28.03.2024,"114,61","114,63","114,72","114,20","559,94K","0,01%"
27.03.2024,"114,59","114,28","114,75","114,19","395,92K","0,27%"
26.03.2024,"114,28","114,16","114,41","113,92","358,86K","0,14%"
25.03.2024,"114,13","114,55","114,66","114,03","292,35K","-0,25%"
22.03.2024,"114,41","114,00","114,59","113,97","330,09K","0,40%"
21.03.2024,"113,95","113,97","114,44","113,77","485,63K","-0,01%"
20.03.2024,"113,97","113,75","114,38","113,50","503,37K","0,36%"
19.03.2024,"113,56","113,44","113,70","113,44","0,06K","0,26%"
18.03.2024,"113,27","113,48","113,48","113,39","0,02K","-0,29%"
15.03.2024,"113,59","113,66","113,66","113,52","0,01K","-0,05%"
14.03.2024,"113,66","114,59","114,59","113,69","0,05K","-0,82%"
13.03.2024,"114,59","114,70","114,70","114,70","0,06K","-0,26%"
12.03.2024,"114,89","114,89","114,89","114,89","0,06K","-0,39%"
11.03.2024,"115,34","115,38","115,44","115,38","0,46K","-0,15%"
08.03.2024,"115,52","115,69","115,84","115,61","0,18K","0,03%"
07.03.2024,"115,48","115,41","115,47","115,33","5,55K","0,14%"
06.03.2024,"115,33","114,81","115,38","114,81","2,93K","0,24%"
05.03.2024,"115,05","114,64","115,28","114,58","8,53K","0,66%"
04.03.2024,"114,30","114,56","114,56","114,17","7,56K","-0,30%"
01.03.2024,"114,64","114,13","114,64","113,63","10,84K","0,58%"
29.02.2024,"113,98","113,83","114,20","113,38","33,72K","0,19%"
28.02.2024,"113,77","113,52","113,86","113,45","237,05K","0,30%"
27.02.2024,"113,42","113,70","113,94","113,36","1,34M","-0,12%"
26.02.2024,"113,56","113,94","114,31","113,44","1,62M","-0,38%"
24.02.2024,"114,00","114,00","114,00","114,00",,"0,08%"
23.02.2024,"113,91","113,36","114,05","113,08","1,05M","0,52%"
22.02.2024,"113,31","113,39","113,59","113,00","1,19M","-0,01%"
21.02.2024,"113,33","113,75","113,97","113,28","599,05K","-0,37%"
20.02.2024,"113,75","113,66","114,05","113,33","528,87K","0,33%"
19.02.2024,"113,38","113,61","113,73","113,33","48,01K","-0,21%"
18.02.2024,"113,61","113,69","113,70","113,56","2,65K","-0,07%"
17.02.2024,"113,69","113,69","113,69","113,69",,"0,10%"
16.02.2024,"113,58","114,17","114,22","113,28","480,11K","-0,48%"
15.02.2024,"114,13","113,97","114,61","113,94","507,87K","0,19%"
14.02.2024,"113,91","113,47","114,09","113,30","534,66K","0,40%"
13.02.2024,"113,45","114,73","115,41","113,34","633,66K","-1,16%"
12.02.2024,"114,78","114,70","115,02","114,55","310,23K","0,12%"
09.02.2024,"114,64","114,97","115,23","114,58","388,45K","-0,16%"
08.02.2024,"114,83","115,44","115,56","114,81","432,33K","-0,57%"
07.02.2024,"115,48","115,56","115,88","115,25","517,73K","-0,15%"
06.02.2024,"115,66","115,06","115,77","114,94","538,83K","0,57%"
05.02.2024,"115,00","116,22","116,25","114,89","638,43K","-1,13%"
03.02.2024,"116,31","116,31","116,31","116,31",,"0,07%"
02.02.2024,"116,23","117,64","117,75","116,03","814,39K","-1,35%"
01.02.2024,"117,83","117,34","118,27","116,95","812,03K","0,82%"
31.01.2024,"116,88","116,23","117,39","116,16","1,16M","0,73%"
30.01.2024,"116,03","115,84","116,27","115,61","527,84K","0,27%"
29.01.2024,"115,72","115,34","116,00","115,22","411,82K","0,39%"
27.01.2024,"115,27","115,27","115,27","115,27",,"0,16%"
26.01.2024,"115,08","115,45","115,72","115,03","417,68K","-0,26%"
25.01.2024,"115,38","114,98","115,50","114,81","504,59K","0,37%"
24.01.2024,"114,95","115,38","115,81","114,88","508,05K","-0,30%"
23.01.2024,"115,30","115,64","115,78","115,19","433,65K","-0,36%"
22.01.2024,"115,72","115,39","115,92","115,30","380,35K","0,23%"
20.01.2024,"115,45","115,45","115,45","115,45",,"0,16%"
19.01.2024,"115,27","115,25","115,48","114,78","429,77K","-0,03%"
18.01.2024,"115,30","115,66","115,94","115,19","513,15K","-0,31%"
17.01.2024,"115,66","116,06","116,27","115,42","640,55K","-0,31%"
16.01.2024,"116,02","117,14","117,14","115,84","742,11K","-0,64%"
15.01.2024,"116,77","116,95","117,11","116,63","87,35K","-0,15%"
14.01.2024,"116,94","117,16","117,16","116,94","4,52K","-0,19%"
13.01.2024,"117,16","117,16","117,16","117,16",,"0,07%"
12.01.2024,"117,08","116,95","117,39","116,55","628,59K","0,20%"
11.01.2024,"116,84","116,34","117,27","115,98","785,20K","0,42%"
10.01.2024,"116,36","116,48","116,83","116,22","503,27K","-0,09%"
09.01.2024,"116,47","116,34","116,67","116,13","488,46K","-0,13%"
08.01.2024,"116,63","116,28","116,97","116,02","575,75K","0,34%"
06.01.2024,"116,23","116,23","116,23","116,23",,"-0,05%"
05.01.2024,"116,30","116,63","117,09","115,69","742,59K","-0,39%"
04.01.2024,"116,75","117,38","117,59","116,59","600,54K","-0,68%"
03.01.2024,"117,55","117,27","117,66","116,59","654,87K","0,31%"
02.01.2024,"117,19","117,75","117,89","116,92","540,60K","-0,40%"
01.01.2024,"117,66","117,83","117,89","117,66","4,25K","-0,07%"
31.12.2023,"117,73","117,73","117,73","117,73",,"0,00%"
30.12.2023,"117,73","117,73","117,73","117,73",,"-0,24%"
29.12.2023,"118,02","118,16","118,27","117,64","441,87K","-0,08%"
28.12.2023,"118,11","118,55","118,61","118,02","326,57K","-0,49%"
27.12.2023,"118,69","117,69","118,75","117,63","325,37K","0,76%"
26.12.2023,"117,80","117,69","117,88","117,55","119,20K","0,13%"
25.12.2023,"117,64","117,69","117,69","117,63","1,08K","-0,08%"
24.12.2023,"117,73","117,73","117,73","117,73",,"0,00%"
23.12.2023,"117,73","117,73","117,73","117,73",,"0,13%"
22.12.2023,"117,58","117,72","118,14","117,47","301,28K","-0,12%"
21.12.2023,"117,72","118,16","118,36","117,63","471,19K","-0,15%"
20.12.2023,"117,89","117,36","118,19","117,34","562,50K","0,43%"
19.12.2023,"117,39","118,06","118,06","117,44","0,01K","0,31%"
18.12.2023,"117,03","117,03","117,03","117,03","0,00K","-0,16%"
15.12.2023,"117,22","117,22","117,22","117,22","0,00K","-0,04%"
14.12.2023,"117,27","117,06","117,17","117,06","0,02K","0,86%"
13.12.2023,"116,27","116,16","116,16","116,16","0,00K","1,40%"
12.12.2023,"114,66","114,67","114,67","114,67","0,00K","0,25%"
11.12.2023,"114,38","114,20","114,22","113,94","0,07K","0,07%"
08.12.2023,"114,30","114,91","114,91","114,38","0,16K","-0,93%"
07.12.2023,"115,38","115,14","115,52","115,03","0,25K","-0,04%"
06.12.2023,"115,42","115,52","115,52","115,31","0,14K","0,42%"
05.12.2023,"114,94","114,23","114,92","114,14","1,28K","0,96%"
04.12.2023,"113,84","114,50","114,50","113,80","1,28K","-0,57%"
02.12.2023,"114,50","114,50","114,50","114,50",,"0,08%"
01.12.2023,"114,41","113,58","114,55","113,27","5,74K","1,01%"
30.11.2023,"113,27","114,05","114,20","113,13","49,73K","-0,64%"
29.11.2023,"114,00","113,52","114,14","113,45","238,01K","0,54%"
28.11.2023,"113,39","112,81","113,55","112,55","995,00K","0,50%"
27.11.2023,"112,83","112,02","112,89","111,70","1,48M","0,75%"
24.11.2023,"111,98","112,63","112,83","111,89","421,88K","-0,25%"
23.11.2023,"112,27","112,70","112,83","112,19","92,96K","-0,31%"
22.11.2023,"112,61","112,78","113,09","112,31","943,04K","0,00%"
21.11.2023,"112,61","112,59","112,92","112,36","762,71K","0,04%"
20.11.2023,"112,56","112,25","112,69","111,98","653,45K","0,10%"
18.11.2023,"112,45","112,45","112,45","112,45",,"0,04%"
17.11.2023,"112,41","112,45","112,95","112,17","474,86K","0,00%"
16.11.2023,"112,41","111,58","112,52","111,55","449,93K","0,74%"
15.11.2023,"111,58","112,33","112,56","111,36","610,28K","-0,75%"
14.11.2023,"112,42","110,64","112,53","110,55","641,79K","1,52%"
13.11.2023,"110,73","110,58","110,81","110,17","320,52K","-0,06%"
10.11.2023,"110,80","110,88","111,34","110,55","444,92K","0,03%"
09.11.2023,"110,77","112,11","112,17","110,56","629,15K","-0,98%"
08.11.2023,"111,86","111,48","112,17","111,08","567,79K","0,35%"
07.11.2023,"111,47","110,80","111,70","110,64","459,32K","0,75%"
06.11.2023,"110,64","111,44","111,44","110,59","427,93K","-0,85%"
03.11.2023,"111,59","110,75","112,27","110,52","738,49K","0,89%"
02.11.2023,"110,61","110,06","111,02","109,91","656,67K","0,94%"
01.11.2023,"109,58","108,38","110,08","108,31","656,48K","0,69%"
31.10.2023,"108,83","108,64","109,47","108,31","707,28K","0,01%"
30.10.2023,"108,81","109,08","109,19","108,42","467,13K","-0,24%"
27.10.2023,"109,08","109,05","109,23","108,69","381,86K","-0,01%"
26.10.2023,"109,09","108,19","109,16","107,84","547,03K","0,87%"
25.10.2023,"108,16","109,27","109,44","108,05","468,70K","-0,90%"
24.10.2023,"109,14","109,05","109,50","108,70","468,39K","-0,04%"
23.10.2023,"109,19","108,28","109,25","107,58","524,12K","0,69%"
20.10.2023,"108,44","107,83","108,70","107,80","528,66K","0,54%"
19.10.2023,"107,86","108,50","108,70","107,78","584,94K","-0,69%"
18.10.2023,"108,61","109,14","109,39","108,41","547,01K","-0,43%"
17.10.2023,"109,08","110,28","110,34","108,97","574,31K","-1,12%"
16.10.2023,"110,31","111,08","111,17","110,17","388,65K","-0,66%"
13.10.2023,"111,05","110,41","111,44","110,39","433,48K","0,65%"
12.10.2023,"110,33","111,64","112,03","110,16","572,72K","-0,90%"
11.10.2023,"111,33","110,81","111,78","110,77","630,03K","0,45%"
10.10.2023,"110,83","110,91","111,17","110,28","509,93K","-0,08%"
09.10.2023,"110,92","109,89","111,08","109,89","160,02K","1,13%"
06.10.2023,"109,69","110,27","110,31","108,75","574,17K","-0,54%"
05.10.2023,"110,28","110,11","110,41","109,72","448,14K","0,16%"
04.10.2023,"110,11","109,50","110,25","108,80","654,70K","0,53%"
03.10.2023,"109,53","110,64","110,73","109,44","620,65K","-0,96%"
02.10.2023,"110,59","111,44","111,44","110,39","445,23K","-0,87%"
29.09.2023,"111,56","111,52","112,14","111,30","646,30K","0,21%"
28.09.2023,"111,33","111,28","111,58","110,52","642,11K","0,23%"
27.09.2023,"111,08","111,89","112,33","110,95","551,03K","-0,56%"
26.09.2023,"111,70","111,95","112,41","111,66","429,95K","-0,15%"
25.09.2023,"111,88","112,86","112,92","111,81","351,55K","-0,83%"
22.09.2023,"112,81","112,30","112,95","112,19","356,86K","0,33%"
21.09.2023,"112,44","113,16","113,16","112,28","563,49K","-1,06%"
20.09.2023,"113,64","113,27","113,34","113,27","0,08K","0,41%"
19.09.2023,"113,17","113,17","113,17","113,17","0,01K","-0,37%"
18.09.2023,"113,59","113,70","113,70","113,70","0,01K","0,03%"
15.09.2023,"113,56","113,66","113,66","113,50","0,07K","-0,25%"
14.09.2023,"113,84","114,38","114,38","113,83","0,68K","-0,31%"
13.09.2023,"114,20","114,28","114,28","114,28","0,02K","0,12%"
12.09.2023,"114,06","113,89","113,91","113,84","0,39K","0,19%"
11.09.2023,"113,84","114,00","114,00","113,75","1,58K","-0,18%"
09.09.2023,"114,05","114,05","114,05","114,05",,"-0,07%"
08.09.2023,"114,13","114,31","114,39","114,05","0,34K","0,07%"
07.09.2023,"114,05","113,80","114,14","113,80","8,23K","0,23%"
06.09.2023,"113,78","113,97","114,19","113,69","3,09K","-0,18%"
05.09.2023,"113,98","114,69","114,69","113,94","9,05K","-0,49%"
04.09.2023,"114,55","114,69","114,69","114,55","0,06K","-0,24%"
01.09.2023,"114,83","115,39","115,77","114,61","30,87K","-0,65%"
31.08.2023,"115,58","115,36","115,72","115,27","112,20K","0,23%"
30.08.2023,"115,31","115,28","115,56","114,91","140,63K","0,05%"
29.08.2023,"115,25","114,44","115,39","114,11","684,18K","0,77%"
28.08.2023,"114,38","114,11","114,53","113,95","934,91K","0,25%"
25.08.2023,"114,09","114,13","114,45","113,67","984,67K","-0,07%"
24.08.2023,"114,17","114,53","114,75","114,08","898,12K","-0,31%"
23.08.2023,"114,53","113,39","114,67","113,34","724,89K","1,03%"
22.08.2023,"113,36","113,30","113,56","113,03","385,78K","0,08%"
21.08.2023,"113,27","114,08","114,13","113,11","377,17K","-0,71%"
18.08.2023,"114,08","113,83","114,39","113,78","323,48K","0,45%"
17.08.2023,"113,56","114,13","114,20","113,38","441,27K","-0,42%"
16.08.2023,"114,05","114,45","114,84","113,84","402,95K","-0,31%"
15.08.2023,"114,41","114,66","114,94","113,91","415,14K","-0,31%"
14.08.2023,"114,77","114,94","115,11","114,47","352,43K","-0,14%"
11.08.2023,"114,92","115,45","115,75","114,84","362,55K","-0,72%"
10.08.2023,"115,75","116,47","117,06","115,45","437,71K","-0,60%"
09.08.2023,"116,45","116,33","116,70","116,17","337,02K","0,08%"
08.08.2023,"116,36","115,70","116,75","115,69","359,07K","0,43%"
07.08.2023,"115,86","116,14","116,16","115,44","287,36K","-0,30%"
05.08.2023,"116,20","116,20","116,20","116,20",,"0,18%"
04.08.2023,"116,00","114,92","116,23","114,41","518,89K","1,02%"
03.08.2023,"114,83","115,84","115,88","114,77","547,22K","-0,90%"
02.08.2023,"115,88","116,28","116,53","115,41","494,17K","-0,22%"
01.08.2023,"116,13","116,97","117,06","116,05","382,36K","-0,73%"
31.07.2023,"116,98","117,03","117,28","116,53","419,93K","0,08%"
28.07.2023,"116,89","116,56","117,23","116,20","377,45K","0,35%"
27.07.2023,"116,48","117,84","118,14","116,38","461,18K","-1,30%"
26.07.2023,"118,02","117,66","118,05","117,48","342,40K","0,49%"
25.07.2023,"117,44","117,83","117,98","117,36","289,77K","-0,48%"
24.07.2023,"118,00","118,17","118,61","117,80","293,32K","-0,11%"
22.07.2023,"118,13","118,13","118,13","118,13",,"-0,04%"
21.07.2023,"118,17","118,02","118,45","117,95","240,71K","0,13%"
20.07.2023,"118,02","119,00","119,09","117,83","347,90K","-0,92%"
19.07.2023,"119,11","118,66","119,28","118,61","310,59K","0,36%"
18.07.2023,"118,69","118,53","119,23","118,52","299,03K","0,05%"
17.07.2023,"118,63","118,25","118,88","118,23","243,27K","0,17%"
14.07.2023,"118,42","118,92","118,98","118,23","314,62K","-0,47%"
13.07.2023,"118,98","117,97","119,03","117,94","466,27K","0,83%"
12.07.2023,"118,00","116,92","118,16","116,91","523,52K","0,99%"
11.07.2023,"116,84","116,63","117,11","116,58","255,64K","0,21%"
10.07.2023,"116,59","115,98","116,77","115,77","386,76K","0,35%"
07.07.2023,"116,19","116,39","116,67","115,73","430,92K","-0,05%"
06.07.2023,"116,25","117,34","117,38","115,86","601,11K","-0,81%"
05.07.2023,"117,20","118,08","118,31","117,17","376,47K","-0,86%"
04.07.2023,"118,22","118,11","118,25","117,89","46,98K","0,12%"
03.07.2023,"118,08","118,19","118,83","117,95","231,10K","-0,30%"
30.06.2023,"118,44","118,27","118,59","117,75","560,35K","0,25%"
29.06.2023,"118,14","119,52","119,55","118,00","439,04K","-1,15%"
28.06.2023,"119,52","118,98","119,58","118,92","299,85K","0,46%"
27.06.2023,"118,97","119,41","119,72","118,89","321,14K","-0,41%"
26.06.2023,"119,45","119,34","119,84","119,27","258,50K","0,16%"
23.06.2023,"119,27","118,73","119,73","118,69","305,04K","0,46%"
22.06.2023,"118,72","119,42","119,58","118,59","323,84K","0,41%"
21.06.2023,"118,23","118,30","118,30","118,09","0,01K","-0,26%"
20.06.2023,"118,55","118,05","118,30","118,00","0,05K","0,38%"
16.06.2023,"118,09","118,17","118,31","118,09","0,51K","-0,38%"
15.06.2023,"118,55","117,78","118,61","117,50","0,14K","0,54%"
14.06.2023,"117,91","117,94","118,17","117,53","7,20K","0,36%"
13.06.2023,"117,48","118,61","118,92","118,27","0,14K","-0,62%"
12.06.2023,"118,22","118,61","118,61","117,98","0,03K","-0,12%"
09.06.2023,"118,36","118,31","118,52","118,28","0,01K","-0,28%"
08.06.2023,"118,69","118,39","118,66","118,31","0,15K","0,61%"
07.06.2023,"117,97","119,14","119,19","117,83","0,27K","-0,68%"
06.06.2023,"118,78","119,03","119,09","118,50","3,01K","-0,04%"
05.06.2023,"118,83","118,42","119,03","118,19","4,37K","0,03%"
02.06.2023,"118,80","119,64","119,75","118,73","8,76K","-0,74%"
01.06.2023,"119,69","119,42","120,30","118,89","27,22K","0,25%"
31.05.2023,"119,39","118,81","119,59","118,78","26,15K","0,51%"
30.05.2023,"118,78","117,88","118,95","117,47","152,74K","0,48%"
29.05.2023,"118,22","117,70","118,28","117,64","22,65K","0,42%"
28.05.2023,"117,72","117,75","117,81","117,47","2,88K","0,01%"
26.05.2023,"117,70","117,75","118,13","117,36","437,35K","-0,11%"
25.05.2023,"117,83","118,48","118,69","117,69","934,10K","-0,75%"
24.05.2023,"118,72","118,97","119,20","118,44","1,17M","-0,16%"
23.05.2023,"118,91","118,69","118,98","118,30","928,78K","0,14%"
22.05.2023,"118,73","119,17","119,41","118,61","485,28K","-0,18%"
19.05.2023,"118,95","119,47","119,66","118,70","442,47K","-0,39%"
18.05.2023,"119,42","120,22","120,39","119,34","376,62K","-0,57%"
17.05.2023,"120,11","120,47","120,75","120,02","372,03K","-0,26%"
16.05.2023,"120,42","120,86","121,31","120,17","392,59K","-0,35%"
15.05.2023,"120,84","121,19","121,31","120,78","262,58K","-0,36%"
12.05.2023,"121,28","122,02","122,20","121,19","305,94K","-0,54%"
11.05.2023,"121,94","121,53","122,47","121,47","369,46K","0,28%"
10.05.2023,"121,59","120,81","121,69","120,72","363,96K","0,66%"
09.05.2023,"120,80","120,88","121,23","120,69","264,76K","-0,03%"
08.05.2023,"120,83","121,61","121,75","120,80","201,23K","-0,58%"
05.05.2023,"121,53","122,27","122,31","121,22","279,51K","-0,77%"
04.05.2023,"122,47","122,73","123,03","121,91","453,00K","0,42%"
03.05.2023,"121,95","121,64","122,56","121,56","342,95K","0,30%"
02.05.2023,"121,59","120,38","121,75","120,31","389,03K","1,06%"
01.05.2023,"120,31","121,67","121,67","119,97","274,28K","-0,94%"
28.04.2023,"121,45","120,75","121,77","120,47","419,10K","0,62%"
27.04.2023,"120,70","121,48","121,64","120,63","295,83K","-0,78%"
26.04.2023,"121,66","121,94","122,23","121,41","304,33K","-0,29%"
25.04.2023,"122,02","121,05","122,19","121,05","354,03K","0,94%"
24.04.2023,"120,88","120,30","121,09","120,30","178,43K","0,45%"
21.04.2023,"120,33","120,67","121,00","120,23","204,54K","-0,21%"
20.04.2023,"120,58","120,06","120,77","120,03","235,92K","0,44%"
19.04.2023,"120,05","120,28","120,31","119,69","291,09K","-0,26%"
18.04.2023,"120,36","120,11","120,58","120,02","223,21K","0,16%"
17.04.2023,"120,17","120,86","120,98","120,00","234,10K","-0,56%"
14.04.2023,"120,84","121,59","121,83","120,70","262,70K","-0,58%"
13.04.2023,"121,55","122,14","122,34","121,47","277,57K","-0,26%"
12.04.2023,"121,86","121,75","122,64","121,31","345,90K","0,13%"
11.04.2023,"121,70","121,88","122,22","121,50","186,98K","-0,15%"
10.04.2023,"121,89","122,02","122,52","121,69","130,63K","-0,26%"
07.04.2023,"122,20","122,98","123,08","122,16","50,97K","-0,75%"
06.04.2023,"123,13","122,94","123,53","122,91","245,84K","-0,05%"
05.04.2023,"123,19","122,50","123,41","122,31","334,21K","0,43%"
04.04.2023,"122,66","121,89","122,69","121,19","319,78K","0,76%"
03.04.2023,"121,73","121,19","122,03","120,63","267,00K","0,49%"
31.03.2023,"121,14","120,59","121,36","120,23","442,14K","0,45%"
30.03.2023,"120,59","120,41","120,75","120,14","283,80K","0,10%"
29.03.2023,"120,47","120,47","120,78","120,03","307,26K","-0,03%"
28.03.2023,"120,50","120,84","121,14","120,39","274,21K","-0,30%"
27.03.2023,"120,86","122,41","122,45","120,69","317,41K","-1,19%"
24.03.2023,"122,31","121,80","123,23","121,66","460,67K","0,24%"
23.03.2023,"122,02","121,59","122,36","120,86","508,94K","1,18%"
22.03.2023,"120,59","120,19","120,19","120,19","0,01K","0,35%"
21.03.2023,"120,17","121,00","121,00","120,16","0,26K","-1,02%"
20.03.2023,"121,41","122,92","122,92","121,73","0,23K","-0,70%"
17.03.2023,"122,27","121,47","121,47","121,45","0,27K","1,54%"
16.03.2023,"120,41","122,09","122,14","121,11","0,40K","-0,80%"
15.03.2023,"121,38","119,83","121,78","119,47","5,22K","1,17%"
14.03.2023,"119,97","120,72","120,72","119,97","5,86K","-0,95%"
13.03.2023,"121,13","120,38","122,03","119,22","0,31K","1,49%"
10.03.2023,"119,34","118,28","119,31","118,28","0,67K","1,85%"
09.03.2023,"117,17","116,59","116,67","116,34","1,01K","0,42%"
08.03.2023,"116,69","116,55","117,33","116,48","1,13K","0,01%"
07.03.2023,"116,67","117,08","117,11","116,53","1,03K","0,08%"
06.03.2023,"116,58","116,95","117,38","116,59","0,39K","-0,16%"
03.03.2023,"116,77","115,88","116,78","115,77","3,02K","0,86%"
02.03.2023,"115,77","116,36","116,36","115,58","5,23K","-0,59%"
01.03.2023,"116,45","117,13","117,20","116,31","11,09K","-0,67%"
28.02.2023,"117,23","117,17","117,39","116,55","52,63K","0,09%"
27.02.2023,"117,13","116,89","117,36","116,59","163,02K","0,21%"
24.02.2023,"116,88","117,50","117,78","116,63","602,45K","-0,57%"
23.02.2023,"117,55","117,20","117,70","116,63","913,45K","0,33%"
22.02.2023,"117,16","116,88","117,45","116,72","983,93K","0,23%"
21.02.2023,"116,89","118,20","118,20","116,81","698,62K","-1,02%"
17.02.2023,"118,09","117,77","118,23","117,17","373,14K","0,11%"
16.02.2023,"117,97","118,27","118,66","117,69","491,91K","-0,28%"
15.02.2023,"118,30","118,91","119,09","118,16","397,62K","-0,37%"
14.02.2023,"118,73","119,27","120,16","118,39","486,87K","-0,35%"
13.02.2023,"119,16","118,92","119,31","118,80","312,33K","0,18%"
10.02.2023,"118,94","119,70","119,73","118,86","340,85K","-0,47%"
09.02.2023,"119,50","120,36","120,58","119,45","364,39K","-0,38%"
08.02.2023,"119,95","119,75","120,34","119,59","382,28K","0,16%"
07.02.2023,"119,77","120,14","120,55","119,59","420,50K","-0,35%"
06.02.2023,"120,19","121,08","121,11","119,97","443,68K","-0,79%"
03.02.2023,"121,14","122,50","122,81","120,92","464,99K","-1,13%"
02.02.2023,"122,53","122,23","123,13","122,20","364,98K","0,05%"
01.02.2023,"122,47","121,41","122,59","121,28","424,49K","1,04%"
31.01.2023,"121,20","121,09","121,69","120,95","420,20K","0,18%"
30.01.2023,"120,98","121,39","121,53","120,78","276,16K","-0,26%"
27.01.2023,"121,30","121,47","121,56","120,88","248,32K","-0,22%"
26.01.2023,"121,56","122,08","122,14","121,28","287,35K","-0,28%"
25.01.2023,"121,91","122,14","122,33","121,61","331,68K","0,06%"
24.01.2023,"121,83","121,36","121,98","120,97","271,57K","0,45%"
23.01.2023,"121,28","121,67","121,89","121,06","280,64K","-0,33%"
20.01.2023,"121,69","122,64","122,64","121,53","315,45K","-0,71%"
19.01.2023,"122,56","122,75","123,31","122,27","401,35K","-0,19%"
18.01.2023,"122,80","120,98","122,86","120,94","456,63K","1,31%"
17.01.2023,"121,20","121,52","121,59","120,72","381,15K","-0,19%"
13.01.2023,"121,44","122,08","122,38","121,41","344,23K","-0,54%"
12.01.2023,"122,09","121,16","122,33","120,50","470,94K","0,89%"
11.01.2023,"121,02","120,39","121,28","120,36","350,50K","0,51%"
10.01.2023,"120,41","121,22","121,36","120,20","324,34K","-0,82%"
09.01.2023,"121,41","120,86","121,50","120,48","338,47K","0,44%"
06.01.2023,"120,88","119,42","121,08","119,02","411,40K","1,20%"
05.01.2023,"119,44","119,64","119,78","118,80","308,36K","-0,08%"
04.01.2023,"119,53","119,20","119,95","119,00","370,40K","0,66%"
03.01.2023,"118,75","118,44","119,42","118,23","327,45K","0,40%"
30.12.2022,"118,28","118,44","118,50","117,63","301,38K","-0,05%"
29.12.2022,"118,34","117,88","118,52","117,81","191,31K","0,41%"
28.12.2022,"117,86","118,22","118,61","117,78","189,91K","-0,20%"
27.12.2022,"118,09","119,19","119,36","118,08","176,76K","-0,92%"
23.12.2022,"119,19","119,83","119,86","119,11","154,42K","-0,63%"
22.12.2022,"119,94","120,08","120,34","119,72","189,48K","0,10%"
21.12.2022,"119,81","119,80","120,44","119,44","253,94K","-0,05%"
20.12.2022,"119,88","120,00","120,36","119,92","0,04K","-0,87%"
19.12.2022,"120,92","121,69","121,69","120,75","0,04K","-0,78%"
16.12.2022,"121,88","121,94","121,94","121,78","0,00K","-0,26%"
15.12.2022,"122,19","122,19","122,19","122,19","0,02K","0,45%"
14.12.2022,"121,64","121,64","121,84","121,64","0,52K","0,00%"
13.12.2022,"121,64","120,95","122,14","120,95","0,02K","0,91%"
12.12.2022,"120,55","121,22","121,22","120,50","0,06K","-0,34%"
09.12.2022,"120,95","121,61","121,61","120,92","0,13K","-0,60%"
08.12.2022,"121,69","122,13","122,38","121,63","0,47K","-0,65%"
07.12.2022,"122,48","121,20","121,20","121,16","0,37K","0,84%"
06.12.2022,"121,47","121,03","121,28","121,03","0,10K","0,75%"
05.12.2022,"120,56","121,33","121,33","120,50","1,10K","-0,77%"
02.12.2022,"121,50","121,20","121,72","120,27","2,17K","0,21%"
01.12.2022,"121,25","120,38","121,47","120,14","6,72K","1,45%"
30.11.2022,"119,52","119,11","120,47","118,58","17,14K","0,34%"
29.11.2022,"119,11","119,64","120,09","118,98","120,30K","-0,34%"
28.11.2022,"119,52","119,75","120,44","119,42","447,90K","-0,10%"
25.11.2022,"119,64","119,72","120,36","119,13","216,67K","0,03%"
23.11.2022,"119,61","119,14","119,86","118,67","782,84K","0,43%"
22.11.2022,"119,09","118,34","119,19","118,31","883,99K","0,55%"
21.11.2022,"118,44","118,38","119,03","118,22","506,12K","0,00%"
18.11.2022,"118,44","118,88","119,13","118,33","309,76K","-0,35%"
17.11.2022,"118,86","119,63","119,77","118,53","344,73K","-0,64%"
16.11.2022,"119,63","118,72","119,84","118,16","307,36K","0,87%"
15.11.2022,"118,59","118,00","119,05","117,80","339,96K","0,56%"
14.11.2022,"117,94","117,88","118,11","117,50","286,29K","-0,16%"
11.11.2022,"118,13","118,47","118,48","117,66","104,79K","-0,16%"
10.11.2022,"118,31","115,86","118,55","115,59","504,31K","2,57%"
09.11.2022,"115,34","115,50","116,17","115,09","364,14K","-0,16%"
08.11.2022,"115,53","114,66","115,58","114,41","275,89K","0,69%"
07.11.2022,"114,73","115,36","115,55","114,59","211,81K","-0,45%"
04.11.2022,"115,25","115,38","115,78","114,61","311,31K","-0,28%"
03.11.2022,"115,58","115,73","115,80","114,61","323,27K","-0,50%"
02.11.2022,"116,16","116,27","117,02","115,61","296,35K","-0,07%"
01.11.2022,"116,23","116,23","117,53","115,98","327,74K","0,22%"
31.10.2022,"115,98","116,50","116,59","115,69","400,27K","-0,55%"
28.10.2022,"116,63","117,53","117,63","116,23","338,22K","-0,59%"
27.10.2022,"117,31","116,64","117,69","115,88","412,88K","0,66%"
26.10.2022,"116,55","115,70","116,75","115,64","377,41K","0,76%"
25.10.2022,"115,67","114,34","116,22","114,33","376,74K","1,04%"
24.10.2022,"114,48","114,63","115,55","113,94","338,66K","-0,18%"
21.10.2022,"114,69","114,55","114,83","113,48","497,87K","0,14%"
20.10.2022,"114,53","115,42","115,75","114,36","306,67K","-0,81%"
19.10.2022,"115,47","116,56","116,67","115,34","278,23K","-1,07%"
18.10.2022,"116,72","116,50","117,05","116,02","276,54K","0,15%"
17.10.2022,"116,55","116,59","117,55","116,38","218,06K","-0,01%"
14.10.2022,"116,56","117,23","118,13","116,36","308,23K","-0,47%"
13.10.2022,"117,11","117,70","118,20","115,88","442,10K","-0,44%"
12.10.2022,"117,63","117,17","117,78","116,89","315,72K","0,33%"
11.10.2022,"117,23","117,05","117,95","116,58","304,84K","0,21%"
10.10.2022,"116,98","117,75","118,00","116,53","89,75K","-0,65%"
07.10.2022,"117,75","118,31","118,39","117,39","279,38K","-0,46%"
06.10.2022,"118,30","119,00","119,23","118,13","343,05K","-0,54%"
05.10.2022,"118,94","120,16","120,38","118,66","335,43K","-1,18%"
04.10.2022,"120,36","120,00","120,91","119,92","401,01K","0,31%"
03.10.2022,"119,98","118,19","120,81","118,17","366,34K","1,27%"
30.09.2022,"118,48","118,45","119,64","118,05","428,37K","-0,42%"
29.09.2022,"118,98","119,08","119,25","117,80","363,90K","-0,33%"
28.09.2022,"119,38","117,06","119,50","116,36","531,31K","2,13%"
27.09.2022,"116,89","117,20","118,48","116,59","481,19K","-0,69%"
26.09.2022,"117,70","119,61","119,63","117,17","467,89K","-1,53%"
23.09.2022,"119,53","119,36","119,91","118,22","409,28K","0,10%"
22.09.2022,"119,41","121,17","121,39","119,30","424,32K","-1,67%"
21.09.2022,"121,44","121,88","121,88","121,45","0,04K","-0,01%"
20.09.2022,"121,45","122,09","122,09","121,28","2,16K","-0,69%"
19.09.2022,"122,30","122,48","122,48","122,48","0,02K","-0,34%"
16.09.2022,"122,72","122,59","122,95","122,56","0,36K","0,11%"
15.09.2022,"122,58","122,88","122,91","122,50","1,82K","-0,43%"
14.09.2022,"123,11","122,98","123,17","122,63","0,49K","0,10%"
13.09.2022,"122,98","123,91","124,19","122,72","5,42K","-0,48%"
12.09.2022,"123,58","124,03","124,59","123,44","3,00K","-0,33%"
09.09.2022,"123,98","123,89","124,69","123,89","3,84K","-0,24%"
08.09.2022,"124,28","124,66","125,16","123,97","3,58K","-0,20%"
07.09.2022,"124,53","123,66","124,63","123,63","3,95K","0,61%"
06.09.2022,"123,78","125,28","125,28","123,67","4,30K","-1,21%"
02.09.2022,"125,30","124,59","125,44","124,27","5,64K","0,65%"
01.09.2022,"124,48","125,23","125,31","124,17","29,52K","-1,10%"
31.08.2022,"125,88","126,05","126,27","125,17","30,40K","-0,17%"
30.08.2022,"126,09","126,05","126,69","125,61","115,98K","0,01%"
29.08.2022,"126,08","126,66","126,77","125,83","227,25K","-0,62%"
26.08.2022,"126,86","126,92","127,19","126,30","407,94K","-0,09%"
25.08.2022,"126,97","126,00","127,02","125,81","775,76K","0,72%"
24.08.2022,"126,06","126,69","127,00","125,84","764,83K","-0,47%"
23.08.2022,"126,66","126,98","127,45","126,41","472,94K","-0,16%"
22.08.2022,"126,86","127,53","127,84","126,80","242,71K","-0,39%"
19.08.2022,"127,36","128,55","128,59","127,23","233,52K","-0,90%"
18.08.2022,"128,52","128,31","129,06","128,19","261,47K","0,07%"
17.08.2022,"128,42","129,30","129,38","128,13","260,35K","-0,60%"
16.08.2022,"129,20","129,63","129,78","128,64","205,24K","-0,28%"
15.08.2022,"129,56","129,00","129,92","128,77","167,97K","0,51%"
12.08.2022,"128,91","128,47","129,09","128,31","220,80K","0,28%"
11.08.2022,"128,55","129,70","130,38","128,39","268,17K","-0,87%"
10.08.2022,"129,67","129,70","131,05","129,34","337,19K","0,10%"
09.08.2022,"129,55","129,94","130,09","129,33","178,59K","-0,28%"
08.08.2022,"129,91","129,03","130,17","128,91","213,95K","0,64%"
05.08.2022,"129,08","130,70","130,94","128,75","273,63K","-1,38%"
04.08.2022,"130,89","130,50","131,09","130,09","258,57K","0,64%"
03.08.2022,"130,06","130,08","130,63","128,94","310,71K","-0,07%"
02.08.2022,"130,16","131,97","132,66","129,80","343,06K","-1,14%"
01.08.2022,"131,66","131,02","131,98","130,69","260,22K","0,31%"
29.07.2022,"131,25","130,81","131,52","130,27","386,14K","0,35%"
28.07.2022,"130,80","129,63","131,22","129,20","347,33K","0,42%"
27.07.2022,"130,25","129,41","130,39","129,30","261,01K","0,46%"
26.07.2022,"129,66","129,52","130,55","129,39","231,78K","0,29%"
25.07.2022,"129,28","130,02","130,02","128,98","192,68K","-0,29%"
22.07.2022,"129,66","128,64","130,27","128,34","291,59K","1,07%"
21.07.2022,"128,28","126,95","128,70","126,39","321,31K","1,10%"
20.07.2022,"126,89","126,97","127,91","126,81","192,42K","-0,14%"
19.07.2022,"127,06","127,33","127,73","126,84","211,36K","-0,53%"
18.07.2022,"127,73","128,03","128,38","127,06","199,37K","-0,26%"
15.07.2022,"128,06","127,61","128,39","127,58","205,37K","0,27%"
14.07.2022,"127,72","127,98","128,25","126,95","285,37K","-0,46%"
13.07.2022,"128,31","127,48","128,39","126,42","364,15K","0,49%"
12.07.2022,"127,69","127,20","128,34","127,20","253,37K","0,28%"
11.07.2022,"127,33","126,16","127,55","126,08","168,93K","0,97%"
08.07.2022,"126,11","127,19","127,56","126,08","229,81K","-0,76%"
07.07.2022,"127,08","127,94","128,33","126,97","235,21K","-0,84%"
06.07.2022,"128,16","129,23","130,00","127,89","273,96K","-0,85%"
05.07.2022,"129,25","128,38","129,63","127,36","298,68K","0,85%"
01.07.2022,"128,16","126,94","129,45","126,83","313,57K","0,61%"
30.06.2022,"127,38","126,08","127,42","125,89","335,92K","1,05%"
29.06.2022,"126,05","125,08","126,13","125,03","221,45K","0,99%"
28.06.2022,"124,81","124,86","125,20","124,27","182,03K","-0,11%"
27.06.2022,"124,95","125,64","125,78","124,67","187,71K","-0,60%"
24.06.2022,"125,70","126,03","126,64","125,50","234,09K","-0,45%"
23.06.2022,"126,27","125,25","126,98","125,13","407,53K","0,76%"
22.06.2022,"125,31","123,91","125,66","123,86","329,53K","0,25%"
21.06.2022,"125,00","125,31","125,38","125,31","0,05K","-0,50%"
17.06.2022,"125,63","125,45","125,84","125,30","0,05K","0,63%"
16.06.2022,"124,84","126,23","126,23","126,23","0,01K","0,85%"
15.06.2022,"123,80","123,50","124,48","123,45","0,54K","0,78%"
14.06.2022,"122,84","124,17","124,89","122,77","0,59K","-1,01%"
13.06.2022,"124,09","126,28","126,28","123,72","5,48K","-1,78%"
10.06.2022,"126,34","127,42","128,02","126,19","5,17K","-0,94%"
09.06.2022,"127,55","127,69","127,97","127,30","2,13K","-0,15%"
08.06.2022,"127,73","128,23","128,23","127,58","1,05K","-0,49%"
07.06.2022,"128,36","127,59","128,50","127,31","2,15K","0,59%"
06.06.2022,"127,61","128,72","128,72","127,52","3,83K","-0,68%"
03.06.2022,"128,48","128,80","129,05","128,16","6,39K","-0,35%"
02.06.2022,"128,94","128,91","129,20","128,61","9,97K","0,17%"
01.06.2022,"128,72","129,58","129,81","128,48","15,78K","-0,74%"
31.05.2022,"129,67","130,88","130,88","129,25","36,51K","-0,80%"
27.05.2022,"130,72","130,64","131,17","130,52","120,77K","0,08%"
26.05.2022,"130,61","130,66","131,22","130,14","443,09K","-0,08%"
25.05.2022,"130,72","130,56","131,16","130,42","791,73K","0,12%"
24.05.2022,"130,56","129,56","131,08","129,42","941,16K","0,83%"
23.05.2022,"129,48","130,17","130,19","129,30","318,03K","-0,59%"
20.05.2022,"130,25","129,67","130,41","129,20","266,63K","0,60%"
19.05.2022,"129,47","129,08","130,41","128,70","379,65K","0,27%"
18.05.2022,"129,13","127,97","129,23","127,66","287,15K","0,73%"
17.05.2022,"128,19","129,11","129,23","127,84","236,73K","-0,77%"
16.05.2022,"129,19","128,53","129,45","128,33","225,97K","0,52%"
13.05.2022,"128,52","129,45","129,47","128,42","234,54K","-1,00%"
12.05.2022,"129,81","128,67","129,84","128,64","389,47K","0,83%"
11.05.2022,"128,75","127,83","128,89","126,89","436,17K","0,67%"
10.05.2022,"127,89","127,20","128,52","126,94","363,26K","0,86%"
09.05.2022,"126,80","126,13","127,39","125,33","355,98K","0,40%"
06.05.2022,"126,30","127,17","127,34","126,02","324,33K","-0,49%"
05.05.2022,"126,92","128,38","128,88","126,44","326,82K","-1,38%"
04.05.2022,"128,70","127,91","128,86","127,56","318,33K","0,44%"
03.05.2022,"128,14","127,81","128,67","127,52","236,03K","0,38%"
02.05.2022,"127,66","128,30","128,78","127,52","260,32K","-1,04%"
29.04.2022,"129,00","129,69","129,80","128,34","392,91K","-0,19%"
28.04.2022,"129,25","129,59","130,06","128,95","281,18K","-0,42%"
27.04.2022,"129,80","130,84","131,00","129,53","297,65K","-0,40%"
26.04.2022,"130,31","129,63","130,92","129,22","300,41K","0,49%"
25.04.2022,"129,67","128,64","130,44","128,45","327,46K","0,81%"
22.04.2022,"128,63","128,41","129,11","127,84","274,19K","0,15%"
21.04.2022,"128,44","129,47","129,55","128,03","368,11K","-0,77%"
20.04.2022,"129,44","128,17","129,64","127,73","351,25K","0,75%"
19.04.2022,"128,47","129,14","129,39","128,08","340,88K","-0,50%"
18.04.2022,"129,11","129,56","129,73","128,91","167,99K","-0,48%"
14.04.2022,"129,73","131,00","131,75","129,42","285,60K","-1,13%"
13.04.2022,"131,22","130,69","131,67","129,91","347,40K","0,41%"
12.04.2022,"130,69","129,84","131,23","129,22","495,70K","0,60%"
11.04.2022,"129,91","130,56","130,73","129,77","327,92K","-0,61%"
08.04.2022,"130,70","131,41","131,81","130,53","331,69K","-0,59%"
07.04.2022,"131,48","132,19","132,75","131,28","437,75K","-0,47%"
06.04.2022,"132,11","132,81","132,86","131,56","468,44K","-0,49%"
05.04.2022,"132,77","134,66","134,81","132,61","319,07K","-1,28%"
04.04.2022,"134,48","134,72","134,98","134,22","232,30K","-0,31%"
01.04.2022,"134,91","135,31","135,38","133,95","337,90K","-0,42%"
31.03.2022,"135,47","135,14","135,67","135,00","457,38K","0,30%"
30.03.2022,"135,06","134,66","135,38","134,14","309,29K","0,36%"
29.03.2022,"134,58","133,78","134,84","132,94","364,92K","0,69%"
28.03.2022,"133,66","133,53","134,38","132,69","356,62K","0,15%"
25.03.2022,"133,45","134,88","135,31","133,34","349,33K","-1,35%"
24.03.2022,"135,28","135,78","135,83","134,59","293,38K","-0,18%"
23.03.2022,"135,53","134,73","135,95","134,36","326,98K","-0,17%"
22.03.2022,"135,77","135,94","135,97","135,55","0,07K","-0,61%"
21.03.2022,"136,59","137,34","137,34","137,34","0,11K","-1,44%"
18.03.2022,"138,59","138,75","138,94","138,59","2,49K","0,45%"
17.03.2022,"137,97","138,56","138,80","137,75","0,49K","-0,01%"
16.03.2022,"137,98","138,52","138,52","137,38","0,92K","-0,25%"
15.03.2022,"138,33","139,25","139,27","138,38","0,35K","-0,18%"
14.03.2022,"138,58","139,14","139,44","138,59","0,16K","-1,18%"
11.03.2022,"140,23","140,66","140,66","140,30","1,93K","0,03%"
10.03.2022,"140,19","141,11","141,17","140,09","0,85K","-0,55%"
09.03.2022,"140,97","142,09","142,09","140,95","2,43K","-0,69%"
08.03.2022,"141,95","142,25","142,31","142,00","1,83K","-1,07%"
07.03.2022,"143,48","144,05","144,06","142,92","2,81K","-0,24%"
04.03.2022,"143,83","143,69","144,09","142,92","11,45K","1,11%"
03.03.2022,"142,25","141,92","142,42","141,64","6,97K","0,18%"
02.03.2022,"142,00","143,45","144,03","141,45","10,14K","-1,37%"
01.03.2022,"143,97","142,23","144,30","141,89","16,27K","1,25%"
28.02.2022,"142,19","141,52","142,50","141,03","32,01K","1,37%"
25.02.2022,"140,27","140,59","140,95","139,91","213,83K","-0,16%"
24.02.2022,"140,48","140,25","142,08","140,25","886,38K","0,07%"
23.02.2022,"140,39","140,84","141,00","140,13","1,13M","-0,26%"
22.02.2022,"140,75","141,09","142,00","140,59","948,93K","-0,13%"
18.02.2022,"140,94","140,50","141,14","140,13","329,60K","0,39%"
17.02.2022,"140,39","139,52","140,61","139,50","360,06K","0,65%"
16.02.2022,"139,48","139,42","139,92","139,23","341,64K","0,02%"
15.02.2022,"139,45","140,17","140,42","139,31","358,84K","-0,45%"
14.02.2022,"140,08","140,75","141,31","139,70","444,94K","-0,44%"
11.02.2022,"140,70","139,66","141,20","139,33","583,21K","0,69%"
10.02.2022,"139,73","140,88","141,09","139,41","688,80K","-0,93%"
09.02.2022,"141,05","140,56","141,38","140,50","381,87K","0,26%"
08.02.2022,"140,69","141,19","141,23","140,50","327,12K","-0,34%"
07.02.2022,"141,17","141,16","141,45","140,89","311,36K","0,12%"
04.02.2022,"141,00","142,19","142,52","140,94","400,81K","-0,90%"
03.02.2022,"142,28","142,86","143,17","142,02","346,95K","-0,52%"
02.02.2022,"143,03","142,63","143,33","142,45","283,71K","0,30%"
01.02.2022,"142,61","142,88","143,39","142,36","297,22K","-0,15%"
31.01.2022,"142,83","142,72","142,95","142,36","421,26K","0,00%"
28.01.2022,"142,83","142,48","142,94","141,91","356,17K","0,26%"
27.01.2022,"142,45","141,73","142,77","141,70","414,49K","0,36%"
26.01.2022,"141,94","142,94","143,02","141,55","381,80K","-0,58%"
25.01.2022,"142,77","142,89","143,48","142,63","364,72K","-0,44%"
24.01.2022,"143,39","143,09","143,77","142,77","415,01K","0,11%"
21.01.2022,"143,23","142,44","143,42","142,39","432,40K","0,79%"
20.01.2022,"142,11","141,64","142,50","141,50","377,78K","-0,07%"
19.01.2022,"142,20","141,58","142,25","141,27","409,83K","0,35%"
18.01.2022,"141,70","142,63","142,66","141,53","530,84K","-0,85%"
14.01.2022,"142,92","143,72","143,77","142,64","337,45K","-0,54%"
13.01.2022,"143,70","143,20","143,91","143,03","260,62K","0,14%"
12.01.2022,"143,50","143,34","143,70","143,14","323,11K","0,20%"
11.01.2022,"143,22","143,02","143,36","142,77","370,32K","0,30%"
10.01.2022,"142,80","142,98","143,19","142,44","368,02K","-0,09%"
07.01.2022,"142,92","143,48","143,69","142,53","409,22K","-0,31%"
06.01.2022,"143,36","143,66","143,95","143,13","398,19K","-0,27%"
05.01.2022,"143,75","144,45","144,55","143,64","412,22K","-0,34%"
04.01.2022,"144,23","144,69","144,89","143,97","416,91K","-0,35%"
03.01.2022,"144,73","146,11","146,20","144,52","298,63K","-1,16%"
31.12.2021,"146,44","146,22","146,53","146,06","173,07K","0,18%"
30.12.2021,"146,17","145,70","146,34","145,69","150,47K","0,24%"
29.12.2021,"145,83","146,61","146,80","145,63","188,75K","-0,54%"
28.12.2021,"146,63","146,63","146,97","146,50","112,68K","0,01%"
27.12.2021,"146,61","146,44","146,70","146,39","90,81K","0,11%"
23.12.2021,"146,45","146,91","146,98","146,34","110,23K","-0,30%"
22.12.2021,"146,89","146,83","147,05","146,53","167,97K","0,30%"
21.12.2021,"146,45","147,28","147,28","146,75","0,53K","-0,61%"
20.12.2021,"147,36","147,86","147,91","147,48","7,88K","-0,13%"
17.12.2021,"147,55","147,59","147,75","147,55","1,30K","0,18%"
16.12.2021,"147,28","146,64","147,30","146,64","4,44K","0,39%"
15.12.2021,"146,70","146,98","147,11","146,66","1,49K","-0,21%"
14.12.2021,"147,02","147,22","147,22","146,66","5,38K","-0,13%"
13.12.2021,"147,20","146,25","147,22","146,22","3,04K","0,58%"
10.12.2021,"146,36","146,05","146,81","146,02","5,83K","0,00%"
09.12.2021,"146,36","145,89","146,53","145,89","3,32K","0,21%"
08.12.2021,"146,05","146,59","147,00","145,70","10,73K","-0,23%"
07.12.2021,"146,39","146,86","146,89","146,31","1,05K","-0,38%"
06.12.2021,"146,95","147,64","147,80","146,88","3,62K","-0,78%"
03.12.2021,"148,11","146,83","148,20","146,48","2,31K","0,93%"
02.12.2021,"146,75","147,19","147,25","146,52","8,62K","-0,15%"
01.12.2021,"146,97","146,70","147,34","146,13","46,80K","0,05%"
30.11.2021,"146,89","146,20","147,34","145,86","98,66K","0,76%"
29.11.2021,"145,78","146,25","146,25","145,33","193,30K","-0,36%"
26.11.2021,"146,31","144,33","146,38","144,16","423,66K","1,41%"
24.11.2021,"144,28","143,98","144,50","143,67","780,06K","0,20%"
23.11.2021,"144,00","144,52","144,64","143,80","1,06M","-0,36%"
22.11.2021,"144,52","145,50","145,52","144,39","775,60K","-0,78%"
19.11.2021,"145,66","145,02","145,95","144,75","513,05K","0,44%"
18.11.2021,"145,02","145,00","145,22","144,72","340,62K","0,12%"
17.11.2021,"144,84","144,42","145,09","144,28","305,60K","0,24%"
16.11.2021,"144,50","144,69","144,97","144,33","279,42K","-0,09%"
15.11.2021,"144,63","145,30","145,67","144,52","291,80K","-0,37%"
12.11.2021,"145,16","145,02","145,69","145,02","316,47K","0,08%"
11.11.2021,"145,05","145,52","145,63","144,95","72,11K","-0,29%"
10.11.2021,"145,47","146,72","146,77","145,09","558,41K","-0,93%"
09.11.2021,"146,83","146,00","147,02","145,98","339,94K","0,60%"
08.11.2021,"145,95","146,38","146,42","145,86","262,41K","-0,38%"
05.11.2021,"146,52","145,47","146,72","145,20","365,53K","0,65%"
04.11.2021,"145,56","144,47","145,77","144,45","329,59K","0,47%"
03.11.2021,"144,88","145,11","145,61","144,47","419,62K","-0,24%"
02.11.2021,"145,22","145,00","145,45","144,86","302,89K","0,24%"
01.11.2021,"144,88","144,97","145,11","144,45","333,67K","-0,11%"
29.10.2021,"145,03","144,70","145,31","144,25","481,65K","0,11%"
28.10.2021,"144,88","145,13","145,38","144,69","466,22K","-0,37%"
27.10.2021,"145,41","144,36","145,52","144,06","465,80K","0,79%"
26.10.2021,"144,27","144,08","144,41","143,81","258,12K","0,15%"
25.10.2021,"144,05","144,02","144,25","143,56","214,21K","0,17%"
22.10.2021,"143,80","143,14","144,05","143,13","338,51K","0,21%"
21.10.2021,"143,50","143,70","143,97","143,13","333,07K","-0,35%"
20.10.2021,"144,00","143,95","144,20","143,50","339,27K","0,00%"
19.10.2021,"144,00","144,39","144,88","143,84","322,11K","-0,44%"
18.10.2021,"144,64","144,73","144,77","144,06","409,70K","-0,08%"
15.10.2021,"144,75","145,47","145,50","144,70","244,03K","-0,48%"
14.10.2021,"145,45","145,19","145,59","144,84","291,25K","0,27%"
13.10.2021,"145,06","144,66","145,36","144,38","419,43K","0,28%"
12.10.2021,"144,66","144,03","144,86","143,98","316,97K","0,42%"
11.10.2021,"144,05","144,20","144,27","143,84","85,51K","-0,21%"
08.10.2021,"144,34","144,69","144,97","144,19","414,99K","-0,28%"
07.10.2021,"144,75","145,34","145,52","144,63","256,08K","-0,42%"
06.10.2021,"145,36","145,27","145,56","144,72","319,89K","0,05%"
05.10.2021,"145,28","145,88","146,00","145,14","251,67K","-0,41%"
04.10.2021,"145,88","146,11","146,25","145,53","237,15K","-0,14%"
01.10.2021,"146,08","145,77","146,13","145,50","347,50K","0,57%"
30.09.2021,"145,25","145,39","145,83","144,88","381,55K","0,12%"
29.09.2021,"145,08","145,06","145,69","144,83","361,77K","-0,05%"
28.09.2021,"145,16","145,77","145,94","144,72","492,38K","-0,45%"
27.09.2021,"145,81","146,19","146,34","145,41","348,67K","-0,20%"
24.09.2021,"146,11","146,45","146,86","146,05","353,34K","-0,46%"
23.09.2021,"146,78","148,23","148,23","146,41","409,36K","-0,70%"
22.09.2021,"147,81","147,86","148,31","147,64","323,24K","-1,43%"
21.09.2021,"149,95","149,83","150,03","149,83","1,96K","-0,04%"
20.09.2021,"150,02","149,20","150,13","149,20","0,33K","0,56%"
17.09.2021,"149,19","149,67","149,73","149,00","2,81K","-0,33%"
16.09.2021,"149,69","149,97","150,09","149,44","6,88K","-0,23%"
15.09.2021,"150,03","150,28","150,42","149,89","1,73K","-0,23%"
14.09.2021,"150,38","149,66","150,17","149,44","1,65K","0,44%"
13.09.2021,"149,72","149,59","149,83","149,50","3,50K","0,16%"
10.09.2021,"149,48","150,00","150,00","149,33","1,75K","-0,36%"
09.09.2021,"150,03","149,50","150,19","149,44","3,17K","0,32%"
08.09.2021,"149,55","149,06","149,55","149,05","3,57K","0,31%"
07.09.2021,"149,08","149,63","149,64","148,88","6,27K","-0,42%"
03.09.2021,"149,70","150,09","150,36","149,53","12,92K","-0,22%"
02.09.2021,"150,03","149,97","150,17","149,89","11,91K","0,08%"
01.09.2021,"149,91","149,81","150,14","149,48","24,63K","0,03%"
31.08.2021,"149,86","150,13","150,33","149,73","44,90K","-0,18%"
30.08.2021,"150,13","149,77","150,20","149,70","130,47K","0,25%"
27.08.2021,"149,75","149,22","149,91","149,13","386,59K","0,28%"
26.08.2021,"149,33","149,34","149,47","148,88","704,64K","0,00%"
25.08.2021,"149,33","149,94","150,09","149,20","921,78K","-0,45%"
24.08.2021,"150,00","150,45","150,47","149,89","561,97K","-0,30%"
23.08.2021,"150,45","150,41","150,52","150,05","363,77K","0,06%"
20.08.2021,"150,36","150,56","150,81","150,27","237,64K","-0,18%"
19.08.2021,"150,63","150,31","150,89","150,25","266,60K","0,31%"
18.08.2021,"150,16","150,27","150,39","149,78","264,27K","-0,14%"
17.08.2021,"150,36","150,25","150,91","150,14","283,55K","-0,01%"
16.08.2021,"150,38","150,05","150,80","149,95","238,80K","0,40%"
13.08.2021,"149,78","148,97","150,05","148,91","198,21K","0,63%"
12.08.2021,"148,84","148,98","149,28","148,66","209,45K","-0,08%"
11.08.2021,"148,97","148,84","149,48","148,48","354,82K","0,01%"
10.08.2021,"148,95","149,17","149,45","148,75","210,93K","-0,23%"
09.08.2021,"149,30","149,52","149,95","149,09","209,49K","-0,24%"
06.08.2021,"149,66","150,48","150,55","149,45","256,59K","-0,63%"
05.08.2021,"150,61","151,03","151,27","150,45","215,25K","-0,30%"
04.08.2021,"151,06","151,17","151,83","150,61","295,89K","-0,06%"
03.08.2021,"151,16","151,03","151,45","150,83","194,94K","-0,01%"
02.08.2021,"151,17","150,41","151,48","150,17","248,64K","0,61%"
30.07.2021,"150,25","149,81","150,50","149,81","301,07K","0,27%"
29.07.2021,"149,84","150,27","150,36","149,63","230,20K","-0,07%"
28.07.2021,"149,95","150,17","150,42","149,70","263,39K","-0,22%"
27.07.2021,"150,28","149,52","150,36","149,48","247,83K","0,39%"
26.07.2021,"149,70","149,64","150,45","149,45","202,42K","0,08%"
23.07.2021,"149,58","149,64","149,75","149,23","196,03K","-0,19%"
22.07.2021,"149,86","149,53","150,28","149,16","280,35K","0,15%"
21.07.2021,"149,64","150,36","150,83","149,31","354,39K","-0,62%"
20.07.2021,"150,58","150,86","151,72","150,38","439,79K","-0,27%"
19.07.2021,"150,98","149,47","151,08","149,39","442,52K","1,10%"
16.07.2021,"149,34","149,33","149,44","148,86","185,69K","-0,01%"
15.07.2021,"149,36","148,66","149,45","148,61","296,58K","0,55%"
14.07.2021,"148,55","147,69","148,67","147,61","268,64K","0,55%"
13.07.2021,"147,73","148,39","148,70","147,66","360,46K","-0,47%"
12.07.2021,"148,44","148,45","148,91","148,27","242,39K","-0,05%"
09.07.2021,"148,52","149,27","149,28","148,44","232,34K","-0,61%"
08.07.2021,"149,42","149,00","149,92","148,91","370,18K","0,31%"
07.07.2021,"148,95","148,56","149,30","148,33","377,15K","0,45%"
06.07.2021,"148,28","147,55","148,59","147,23","362,03K","0,58%"
02.07.2021,"147,42","147,03","147,66","146,91","231,74K","0,45%"
01.07.2021,"146,77","146,86","147,13","146,69","220,43K","-0,30%"
30.06.2021,"147,20","146,78","147,31","146,64","344,79K","0,33%"
29.06.2021,"146,72","146,72","146,81","146,31","231,38K","0,00%"
28.06.2021,"146,72","146,08","146,81","146,00","209,77K","0,51%"
25.06.2021,"145,97","146,50","146,73","145,83","198,17K","-0,42%"
24.06.2021,"146,58","146,53","146,70","146,34","192,92K","0,01%"
23.06.2021,"146,56","146,86","146,94","146,42","203,48K","-0,13%"
22.06.2021,"146,75","146,53","146,89","146,28","230,39K","-0,99%"
21.06.2021,"148,22","148,52","148,56","148,50","0,04K","-0,24%"
18.06.2021,"148,58","148,34","148,69","148,34","1,10K","0,55%"
17.06.2021,"147,77","146,88","148,06","146,88","1,20K","0,51%"
16.06.2021,"147,02","148,11","148,13","146,80","2,65K","-0,62%"
15.06.2021,"147,94","148,13","148,13","147,95","2,01K","-0,01%"
14.06.2021,"147,95","148,47","148,52","147,97","2,44K","-0,31%"
11.06.2021,"148,41","148,70","148,86","148,33","3,41K","-0,05%"
10.06.2021,"148,48","148,14","148,75","147,56","5,20K","0,27%"
09.06.2021,"148,08","147,48","148,33","147,48","6,61K","0,35%"
08.06.2021,"147,56","147,06","147,75","147,06","11,23K","0,36%"
07.06.2021,"147,03","147,13","147,13","146,84","6,62K","-0,07%"
04.06.2021,"147,14","146,20","147,19","146,13","7,47K","0,62%"
03.06.2021,"146,23","146,73","146,73","146,17","5,94K","-0,30%"
02.06.2021,"146,67","146,50","146,75","146,39","11,40K","0,19%"
01.06.2021,"146,39","146,47","146,53","146,03","21,98K","-0,14%"
28.05.2021,"146,59","146,36","146,81","146,19","64,48K","0,16%"
27.05.2021,"146,36","146,69","146,81","146,13","258,38K","-0,26%"
26.05.2021,"146,73","146,89","147,00","146,59","831,95K","-0,07%"
25.05.2021,"146,84","146,30","146,97","146,22","984,54K","0,42%"
24.05.2021,"146,23","146,09","146,39","146,00","572,57K","0,19%"
21.05.2021,"145,95","145,92","146,19","145,81","337,94K","0,04%"
20.05.2021,"145,89","145,33","145,98","145,23","347,79K","0,47%"
19.05.2021,"145,20","145,73","146,02","145,06","382,65K","-0,34%"
18.05.2021,"145,70","145,63","145,95","145,55","217,58K","-0,04%"
17.05.2021,"145,77","145,84","146,23","145,58","182,87K","-0,03%"
14.05.2021,"145,81","145,45","145,95","145,38","257,61K","0,32%"
13.05.2021,"145,34","144,89","145,58","144,78","359,16K","0,31%"
12.05.2021,"144,89","145,80","146,00","144,81","436,09K","-0,62%"
11.05.2021,"145,80","146,09","146,27","145,72","236,77K","-0,18%"
10.05.2021,"146,06","146,31","146,63","145,97","268,47K","-0,20%"
07.05.2021,"146,36","146,41","147,84","146,27","422,13K","-0,13%"
06.05.2021,"146,55","146,38","146,59","146,16","243,40K","0,22%"
05.05.2021,"146,22","146,09","146,44","145,66","238,31K","0,07%"
04.05.2021,"146,11","145,94","146,59","145,69","273,88K","0,13%"
03.05.2021,"145,92","145,55","146,30","145,16","222,24K","0,26%"
30.04.2021,"145,55","145,42","145,70","145,17","299,79K","0,09%"
29.04.2021,"145,42","145,78","145,81","144,78","268,46K","-0,18%"
28.04.2021,"145,69","145,67","145,86","145,13","296,62K","0,01%"
27.04.2021,"145,67","146,41","146,41","145,58","223,18K","-0,48%"
26.04.2021,"146,38","146,42","146,55","145,98","183,23K","-0,03%"
23.04.2021,"146,42","146,72","146,86","146,19","160,25K","-0,07%"
22.04.2021,"146,53","146,47","146,88","146,09","242,76K","0,07%"
21.04.2021,"146,42","146,48","146,56","146,14","190,19K","-0,01%"
20.04.2021,"146,44","145,83","146,52","145,48","222,63K","0,35%"
19.04.2021,"145,92","146,23","146,56","145,70","205,61K","-0,25%"
16.04.2021,"146,28","146,19","146,58","145,92","253,35K","-0,37%"
15.04.2021,"146,83","145,39","146,86","145,28","401,10K","0,98%"
14.04.2021,"145,41","145,61","145,70","145,20","237,32K","-0,10%"
13.04.2021,"145,55","144,95","145,66","144,47","316,35K","0,47%"
12.04.2021,"144,86","145,02","145,27","144,73","223,81K","-0,09%"
09.04.2021,"144,98","145,47","145,53","144,69","281,02K","-0,26%"
08.04.2021,"145,36","144,75","145,55","144,75","217,40K","0,20%"
07.04.2021,"145,06","144,92","145,41","144,72","252,07K","0,05%"
06.04.2021,"144,98","144,34","145,05","144,14","248,03K","0,61%"
05.04.2021,"144,11","144,11","144,41","143,77","161,23K","0,02%"
02.04.2021,"144,08","144,73","144,98","144,00","86,05K","-0,40%"
01.04.2021,"144,66","143,75","144,75","143,66","282,10K","0,67%"
31.03.2021,"143,69","144,23","144,25","143,63","527,95K","-0,24%"
30.03.2021,"144,03","144,25","144,33","143,38","438,91K","-0,07%"
29.03.2021,"144,13","144,72","145,28","144,05","247,76K","-0,56%"
26.03.2021,"144,94","145,20","145,50","144,67","242,27K","-0,42%"
25.03.2021,"145,55","145,58","145,89","145,17","341,34K","0,01%"
24.03.2021,"145,53","145,38","145,84","145,03","269,93K","0,24%"
23.03.2021,"145,19","144,47","145,50","144,34","250,29K","-0,98%"
22.03.2021,"146,63","146,55","146,56","146,44","0,07K","0,70%"
19.03.2021,"145,61","145,72","145,78","145,72","0,11K","-0,03%"
18.03.2021,"145,66","146,38","146,38","145,41","0,11K","-0,76%"
17.03.2021,"146,77","146,75","146,75","146,23","0,43K","-0,16%"
16.03.2021,"147,00","147,22","147,44","146,98","0,92K","-0,12%"
15.03.2021,"147,17","147,19","147,34","147,13","0,21K","0,23%"
12.03.2021,"146,83","148,05","148,05","146,95","0,84K","-0,99%"
11.03.2021,"148,30","148,23","148,88","148,03","1,58K","-0,02%"
10.03.2021,"148,33","147,73","148,38","147,72","0,40K","0,23%"
09.03.2021,"147,98","147,50","148,20","147,50","1,93K","0,48%"
08.03.2021,"147,28","147,34","147,52","147,16","0,49K","-0,35%"
05.03.2021,"147,80","147,64","148,02","146,95","0,89K","0,03%"
04.03.2021,"147,75","149,16","149,16","147,67","1,54K","-0,75%"
03.03.2021,"148,86","149,64","149,69","148,52","3,20K","-0,49%"
02.03.2021,"149,59","149,42","149,84","149,13","3,26K","0,30%"
01.03.2021,"149,14","149,63","149,73","148,98","21,72K","0,18%"
26.02.2021,"148,88","148,44","149,97","147,73","46,93K","0,42%"
25.02.2021,"148,25","150,23","150,30","147,02","437,21K","-1,23%"
24.02.2021,"150,09","150,69","150,97","149,41","817,03K","-0,22%"
23.02.2021,"150,42","150,38","150,70","150,03","960,69K","0,07%"
22.02.2021,"150,31","150,58","150,89","149,91","804,74K","-0,20%"
19.02.2021,"150,61","151,36","151,50","150,38","521,81K","-0,56%"
18.02.2021,"151,45","151,67","151,86","151,02","379,25K","0,11%"
17.02.2021,"151,28","151,03","151,70","150,81","494,59K","0,01%"
16.02.2021,"151,27","152,52","152,52","151,05","557,07K","-0,92%"
12.02.2021,"152,67","153,13","153,38","152,50","278,80K","-0,38%"
11.02.2021,"153,25","153,42","153,59","153,13","253,93K","-0,04%"
10.02.2021,"153,31","152,94","153,45","152,69","295,38K","0,21%"
09.02.2021,"152,98","152,77","153,20","152,75","227,42K","0,06%"
08.02.2021,"152,89","152,75","153,05","152,34","259,73K","0,09%"
05.02.2021,"152,75","153,09","153,33","152,47","329,66K","-0,26%"
04.02.2021,"153,14","153,13","153,28","152,84","257,92K","-0,09%"
03.02.2021,"153,28","153,69","153,70","153,13","239,40K","-0,20%"
02.02.2021,"153,59","153,95","154,08","153,44","285,19K","-0,28%"
01.02.2021,"154,03","154,13","154,27","153,86","235,32K","0,13%"
29.01.2021,"153,83","154,45","154,55","153,64","402,75K","-0,32%"
28.01.2021,"154,33","154,86","155,14","154,11","356,35K","-0,39%"
27.01.2021,"154,94","154,63","155,14","154,44","322,84K","0,24%"
26.01.2021,"154,56","154,66","154,75","154,38","248,84K","-0,01%"
25.01.2021,"154,58","153,88","154,75","153,69","259,45K","0,46%"
22.01.2021,"153,88","153,56","153,98","153,45","222,71K","0,18%"
21.01.2021,"153,59","153,94","154,05","153,38","289,66K","-0,16%"
20.01.2021,"153,84","153,84","154,05","153,59","245,58K","0,02%"
19.01.2021,"153,81","153,89","153,97","153,38","271,58K","0,05%"
15.01.2021,"153,73","153,19","153,94","153,17","231,91K","0,32%"
14.01.2021,"153,25","153,88","154,02","153,13","322,07K","-0,38%"
13.01.2021,"153,83","153,20","154,08","153,17","330,48K","0,45%"
12.01.2021,"153,14","152,98","153,25","152,42","396,17K","-0,03%"
11.01.2021,"153,19","153,39","153,70","152,97","223,43K","-0,25%"
08.01.2021,"153,58","153,92","154,05","153,30","351,84K","-0,32%"
07.01.2021,"154,08","154,55","154,67","153,83","283,84K","-0,27%"
06.01.2021,"154,50","155,72","155,91","154,31","487,69K","-0,80%"
05.01.2021,"155,75","156,36","156,38","155,63","252,08K","-0,37%"
04.01.2021,"156,33","156,16","156,48","155,77","226,70K","-0,02%"
31.12.2020,"156,36","156,16","156,41","155,98","149,33K","0,14%"
30.12.2020,"156,14","155,94","156,17","155,69","136,58K","0,09%"
29.12.2020,"156,00","156,16","156,16","155,75","125,96K","-0,02%"
28.12.2020,"156,03","156,09","156,17","155,58","110,48K","0,01%"
24.12.2020,"156,02","155,77","156,13","155,69","50,98K","0,21%"
23.12.2020,"155,69","156,20","156,42","155,41","196,81K","-0,33%"
22.12.2020,"156,20","155,95","156,25","155,88","145,64K","-0,22%"
21.12.2020,"156,55","156,84","157,36","156,75","0,36K","0,05%"
18.12.2020,"156,47","156,48","156,52","156,48","0,09K","-0,14%"
17.12.2020,"156,69","156,69","156,69","156,69","0,25K","-0,07%"
16.12.2020,"156,80","156,75","156,75","156,47","0,07K","0,03%"
15.12.2020,"156,75","157,00","157,00","156,75","0,20K","-0,28%"
14.12.2020,"157,19","157,00","157,25","156,64","7,06K","0,03%"
11.12.2020,"157,14","157,27","157,34","157,06","1,13K","0,12%"
10.12.2020,"156,95","156,95","156,95","156,95","3,74K","0,30%"
09.12.2020,"156,48","156,48","156,48","156,48","0,21K","-0,23%"
08.12.2020,"156,84","156,66","156,66","156,61","1,49K","0,16%"
07.12.2020,"156,59","156,00","156,61","156,00","3,46K","0,38%"
04.12.2020,"156,00","156,69","156,70","155,77","1,47K","-0,42%"
03.12.2020,"156,66","156,48","156,83","156,27","3,77K","0,29%"
02.12.2020,"156,20","156,64","156,73","155,94","8,02K","-0,13%"
01.12.2020,"156,41","157,66","157,83","156,38","30,34K","-0,83%"
30.11.2020,"157,72","157,73","157,86","157,47","29,31K","-0,01%"
27.11.2020,"157,73","157,16","157,75","157,16","74,21K","0,36%"
25.11.2020,"157,17","157,16","157,53","156,86","353,98K","0,03%"
24.11.2020,"157,13","157,45","157,50","157,02","636,55K","-0,20%"
23.11.2020,"157,44","157,92","157,97","157,38","572,03K","-0,29%"
20.11.2020,"157,89","157,91","158,09","157,58","362,56K","0,21%"
19.11.2020,"157,56","157,33","157,89","157,31","376,47K","0,22%"
18.11.2020,"157,22","157,53","157,84","157,02","281,11K","-0,08%"
17.11.2020,"157,34","156,83","157,53","156,69","201,42K","0,32%"
16.11.2020,"156,84","156,97","157,31","156,48","210,82K","-0,12%"
13.11.2020,"157,03","157,22","157,48","156,92","166,39K","-0,08%"
12.11.2020,"157,16","156,08","157,25","156,06","281,39K","0,67%"
11.11.2020,"156,11","155,83","156,22","155,39","78,74K","0,25%"
10.11.2020,"155,72","156,38","156,61","155,69","321,85K","-0,11%"
09.11.2020,"155,89","157,75","158,20","155,66","440,04K","-1,25%"
06.11.2020,"157,86","158,72","158,83","157,61","248,39K","-0,40%"
05.11.2020,"158,50","158,72","159,36","158,31","264,52K","-0,10%"
04.11.2020,"158,66","156,64","158,80","156,08","495,55K","1,08%"
03.11.2020,"156,97","157,48","157,53","156,70","223,29K","-0,30%"
02.11.2020,"157,44","157,13","157,75","157,08","205,87K","0,10%"
30.10.2020,"157,28","157,78","158,05","157,03","356,91K","-0,22%"
29.10.2020,"157,63","158,50","158,59","157,55","283,13K","-0,50%"
28.10.2020,"158,42","158,59","158,95","158,38","250,59K","-0,03%"
27.10.2020,"158,47","158,08","158,59","158,03","162,56K","0,22%"
26.10.2020,"158,13","157,53","158,31","157,53","196,27K","0,36%"
23.10.2020,"157,56","157,30","157,70","157,11","199,84K","0,07%"
22.10.2020,"157,45","157,78","158,09","157,13","206,17K","-0,31%"
21.10.2020,"157,94","158,30","158,34","157,64","233,97K","-0,16%"
20.10.2020,"158,19","158,58","158,67","158,13","194,16K","-0,33%"
19.10.2020,"158,72","158,92","158,92","158,42","171,67K","-0,16%"
16.10.2020,"158,97","159,09","159,33","158,78","173,29K","-0,12%"
15.10.2020,"159,16","159,22","159,73","159,03","191,46K","-0,07%"
14.10.2020,"159,27","159,20","159,47","159,09","136,12K","0,04%"
13.10.2020,"159,20","158,67","159,25","158,61","148,02K","0,35%"
12.10.2020,"158,64","158,50","158,72","158,47","38,70K","0,10%"
09.10.2020,"158,48","158,38","158,73","158,16","166,73K","-0,10%"
08.10.2020,"158,64","158,31","158,67","158,31","159,94K","0,19%"
07.10.2020,"158,34","159,08","159,13","158,16","247,10K","-0,39%"
06.10.2020,"158,97","158,41","159,22","158,23","265,40K","0,17%"
05.10.2020,"158,70","159,56","159,63","158,38","220,13K","-0,62%"
02.10.2020,"159,69","159,88","160,33","159,53","225,82K","-0,15%"
01.10.2020,"159,92","159,78","160,06","159,28","237,97K","0,00%"
30.09.2020,"159,92","160,34","160,44","159,48","287,16K","-0,29%"
29.09.2020,"160,39","160,25","160,45","160,13","151,05K","0,16%"
28.09.2020,"160,14","160,20","160,23","159,95","136,13K","-0,03%"
25.09.2020,"160,19","160,03","160,31","159,92","127,45K","0,05%"
24.09.2020,"160,11","159,97","160,16","159,86","153,17K","0,11%"
23.09.2020,"159,94","159,98","160,22","159,69","151,34K","-0,12%"
22.09.2020,"160,13","160,03","160,16","159,88","129,06K","1,40%"
21.09.2020,"157,92","157,92","157,92","157,92","2,92K","0,25%"
18.09.2020,"157,53","157,83","157,89","157,48","2,08K","-0,10%"
17.09.2020,"157,69","157,72","158,00","157,56","7,63K","0,07%"
16.09.2020,"157,58","157,81","158,02","157,48","17,32K","-0,09%"
15.09.2020,"157,72","157,81","157,81","157,61","7,57K","-0,08%"
14.09.2020,"157,84","157,92","157,97","157,72","17,20K","0,00%"
11.09.2020,"157,84","157,48","157,89","157,48","59,29K","0,14%"
10.09.2020,"157,63","157,41","157,69","157,11","10,80K","0,18%"
09.09.2020,"157,34","157,91","157,91","157,28","13,21K","-0,18%"
08.09.2020,"157,63","157,16","157,86","157,16","4,43K","0,38%"
04.09.2020,"157,03","158,30","158,30","157,02","12,25K","-0,86%"
03.09.2020,"158,39","158,06","158,61","157,77","16,88K","0,29%"
02.09.2020,"157,94","157,59","158,06","157,34","26,62K","0,20%"
01.09.2020,"157,63","157,19","157,66","156,81","16,29K","0,20%"
31.08.2020,"157,31","156,98","157,38","156,58","30,59K","0,30%"
28.08.2020,"156,84","156,45","157,06","156,00","148,37K","0,17%"
27.08.2020,"156,58","157,41","157,97","156,45","457,36K","-0,54%"
26.08.2020,"157,42","157,47","157,47","156,94","586,89K","-0,05%"
25.08.2020,"157,50","157,84","157,91","157,02","623,76K","-0,32%"
24.08.2020,"158,00","158,16","158,33","157,84","281,05K","-0,04%"
21.08.2020,"158,06","157,89","158,31","157,75","173,80K","0,03%"
20.08.2020,"158,02","157,45","158,11","157,45","217,36K","0,29%"
19.08.2020,"157,56","157,64","157,95","157,38","205,99K","-0,05%"
18.08.2020,"157,64","157,36","157,78","157,34","139,06K","0,13%"
17.08.2020,"157,44","157,11","157,69","157,03","135,78K","0,23%"
14.08.2020,"157,08","156,86","157,33","156,84","165,43K","0,08%"
13.08.2020,"156,95","157,30","157,86","156,81","233,87K","-0,28%"
12.08.2020,"157,39","157,77","158,00","157,09","259,22K","-0,10%"
11.08.2020,"157,55","158,70","158,80","157,52","277,90K","-0,74%"
10.08.2020,"158,72","158,83","159,14","158,63","119,22K","-0,10%"
07.08.2020,"158,88","159,27","159,53","158,80","150,20K","-0,24%"
06.08.2020,"159,25","159,02","159,73","158,97","148,24K","0,05%"
05.08.2020,"159,17","159,66","159,70","158,98","180,67K","-0,25%"
04.08.2020,"159,58","159,02","159,70","158,88","132,03K","0,43%"
03.08.2020,"158,89","159,36","159,38","158,75","145,41K","-0,23%"
31.07.2020,"159,25","159,08","159,47","158,84","220,96K","0,05%"
30.07.2020,"159,17","158,67","159,22","158,64","121,99K","0,34%"
29.07.2020,"158,63","158,61","158,83","158,39","116,87K","0,02%"
28.07.2020,"158,59","158,06","158,67","157,78","135,13K","0,26%"
27.07.2020,"158,19","158,41","158,73","158,05","136,39K","-0,16%"
24.07.2020,"158,44","158,59","158,91","158,33","124,42K","-0,07%"
23.07.2020,"158,55","158,31","158,67","158,30","134,29K","0,12%"
22.07.2020,"158,36","158,27","158,55","158,19","115,22K","0,10%"
21.07.2020,"158,20","158,16","158,38","157,92","96,87K","0,13%"
20.07.2020,"158,00","157,88","158,27","157,84","82,99K","0,07%"
17.07.2020,"157,89","158,05","158,31","157,83","99,06K","-0,15%"
16.07.2020,"158,13","157,81","158,28","157,75","98,26K","0,16%"
15.07.2020,"157,88","157,77","158,03","157,44","128,97K","-0,13%"
14.07.2020,"158,08","157,94","158,28","157,77","127,23K","0,24%"
13.07.2020,"157,70","157,63","158,00","157,34","112,36K","-0,04%"
10.07.2020,"157,77","158,05","158,69","157,58","149,43K","-0,28%"
09.07.2020,"158,20","157,34","158,27","157,31","174,28K","0,44%"
08.07.2020,"157,52","157,64","157,69","157,20","154,52K","-0,03%"
07.07.2020,"157,56","157,09","157,78","156,98","124,00K","0,31%"
06.07.2020,"157,08","157,41","157,41","156,61","111,66K","-0,11%"
02.07.2020,"157,25","157,17","157,42","156,66","115,91K","0,10%"
01.07.2020,"157,09","157,42","157,44","156,78","170,41K","-0,25%"
30.06.2020,"157,48","157,86","157,95","157,31","191,40K","-0,16%"
29.06.2020,"157,73","157,77","157,92","157,44","123,06K","0,03%"
26.06.2020,"157,69","156,98","157,75","156,98","109,30K","0,35%"
25.06.2020,"157,14","157,09","157,39","156,95","140,54K","0,08%"
24.06.2020,"157,02","156,63","157,11","156,36","135,97K","0,22%"
23.06.2020,"156,67","156,63","157,08","156,31","141,86K","-0,04%"
22.06.2020,"156,73","157,02","157,16","156,63","98,84K","-0,04%"
19.06.2020,"156,80","156,42","156,84","156,31","0,40K","0,00%"
18.06.2020,"156,80","156,47","156,75","156,47","4,21K","0,37%"
17.06.2020,"156,22","155,80","156,25","155,80","2,53K","0,25%"
16.06.2020,"155,83","155,63","156,19","155,61","3,50K","-0,47%"
15.06.2020,"156,56","157,08","157,13","156,47","0,48K","-0,02%"
12.06.2020,"156,59","156,91","156,91","156,52","0,03K","-0,41%"
11.06.2020,"157,23","156,38","157,20","156,38","7,15K","0,79%"
10.06.2020,"156,00","155,14","156,08","155,14","7,54K","0,80%"
09.06.2020,"154,77","154,30","155,14","154,30","4,32K","0,44%"
08.06.2020,"154,09","153,88","154,38","153,72","3,41K","0,18%"
05.06.2020,"153,81","154,98","155,14","153,05","6,36K","-0,70%"
04.06.2020,"154,89","155,86","155,97","154,78","3,31K","-0,50%"
03.06.2020,"155,67","156,70","156,80","155,55","8,44K","-0,72%"
02.06.2020,"156,80","157,09","157,16","156,67","18,93K","-0,14%"
01.06.2020,"157,02","157,36","157,36","156,64","13,00K","-0,10%"
29.05.2020,"157,17","156,67","157,25","156,59","48,54K","0,50%"
28.05.2020,"156,39","156,59","156,86","156,27","205,77K","-0,21%"
27.05.2020,"156,72","156,39","157,00","155,97","579,11K","0,22%"
26.05.2020,"156,38","156,83","156,97","156,20","627,07K","-0,29%"
22.05.2020,"156,83","156,64","157,30","156,61","232,99K","0,15%"
21.05.2020,"156,59","156,48","156,92","156,45","294,93K","0,02%"
20.05.2020,"156,56","156,41","156,69","155,97","239,03K","0,30%"
19.05.2020,"156,09","155,89","156,42","155,64","193,04K","0,26%"
18.05.2020,"155,69","157,11","157,17","155,66","190,15K","-0,88%"
15.05.2020,"157,06","157,31","157,75","156,94","142,04K","-0,19%"
14.05.2020,"157,36","156,86","157,55","156,81","191,52K","0,27%"
13.05.2020,"156,94","156,55","157,13","156,47","206,56K","0,36%"
12.05.2020,"156,38","155,94","156,59","155,72","209,38K","0,43%"
11.05.2020,"155,70","156,33","156,45","155,69","152,81K","-0,40%"
08.05.2020,"156,33","156,83","157,34","156,23","144,58K","-0,45%"
07.05.2020,"157,03","156,02","157,16","155,80","219,21K","0,74%"
06.05.2020,"155,88","156,53","156,53","155,44","202,81K","-0,45%"
05.05.2020,"156,58","156,83","156,89","156,27","142,42K","-0,18%"
04.05.2020,"156,86","157,17","157,39","156,64","123,87K","0,06%"
01.05.2020,"156,77","156,84","157,41","156,67","126,11K","-0,17%"
30.04.2020,"157,03","156,89","157,55","156,63","271,71K","0,07%"
29.04.2020,"156,92","157,13","157,55","156,72","125,59K","-0,14%"
28.04.2020,"157,14","156,36","157,36","156,28","132,44K","0,39%"
27.04.2020,"156,53","157,23","157,34","156,39","137,26K","-0,54%"
24.04.2020,"157,38","157,33","157,63","157,02","121,18K","0,13%"
23.04.2020,"157,17","157,08","157,47","156,81","166,83K","0,06%"
22.04.2020,"157,08","157,75","158,06","156,80","166,64K","-0,42%"
21.04.2020,"157,73","157,20","158,16","157,03","149,62K","0,47%"
20.04.2020,"157,00","156,73","157,23","156,64","107,86K","0,27%"
17.04.2020,"156,58","156,67","157,56","156,08","196,90K","-0,43%"
16.04.2020,"157,25","156,94","157,48","156,63","178,89K","0,24%"
15.04.2020,"156,88","155,27","157,14","155,22","213,07K","1,04%"
14.04.2020,"155,27","155,06","155,61","154,92","178,22K","-0,02%"
13.04.2020,"155,30","155,25","155,69","154,94","133,67K","-0,22%"
09.04.2020,"155,64","154,80","155,78","154,70","173,20K","0,39%"
08.04.2020,"155,03","155,67","156,02","154,78","145,30K","-0,24%"
07.04.2020,"155,41","156,27","156,33","154,73","259,38K","-0,53%"
06.04.2020,"156,23","157,22","157,22","156,13","157,13K","-0,76%"
03.04.2020,"157,44","157,19","157,72","156,97","179,18K","0,30%"
02.04.2020,"156,97","157,50","157,78","156,80","189,40K","0,07%"
01.04.2020,"156,86","156,38","157,73","156,28","240,03K","0,53%"
31.03.2020,"156,03","155,61","156,59","155,45","261,10K","-0,21%"
30.03.2020,"156,36","156,41","157,34","155,47","184,31K","0,68%"
27.03.2020,"155,30","153,86","156,31","153,81","236,91K","0,60%"
26.03.2020,"154,38","153,72","155,08","153,70","249,18K","0,29%"
25.03.2020,"153,92","153,97","154,91","153,59","186,56K","-0,37%"
24.03.2020,"154,50","154,91","155,19","153,28","213,16K","-0,44%"
23.03.2020,"155,19","154,55","156,17","153,56","301,89K","1,56%"
20.03.2020,"152,80","152,80","152,80","152,80",,"1,45%"
19.03.2020,"150,61","150,61","150,61","150,61","0,07K","1,04%"
18.03.2020,"149,06","149,06","149,06","149,06","0,10K","-2,33%"
17.03.2020,"152,63","156,00","156,00","153,81","0,02K","-1,87%"
16.03.2020,"155,53","155,34","156,00","155,34","0,00K","1,90%"
13.03.2020,"152,63","152,62","152,62","152,62","0,00K","-0,92%"
12.03.2020,"154,05","154,05","154,05","154,05","0,22K","-0,35%"
11.03.2020,"154,59","154,59","154,59","154,59","0,77K","-0,47%"
10.03.2020,"155,33","156,75","156,98","156,73","0,23K","-2,23%"
09.03.2020,"158,88","159,16","159,16","158,50","0,60K","1,67%"
06.03.2020,"156,27","154,73","156,55","154,61","2,44K","1,83%"
05.03.2020,"153,45","152,14","153,72","152,14","5,16K","0,69%"
04.03.2020,"152,41","153,06","153,06","151,50","1,40K","0,23%"
03.03.2020,"152,06","150,14","153,53","150,08","6,14K","0,61%"
02.03.2020,"151,14","150,83","151,72","150,13","13,43K","0,47%"
28.02.2020,"150,44","148,84","150,70","148,61","46,72K","1,29%"
27.02.2020,"148,52","147,98","149,23","147,88","303,73K","0,13%"
26.02.2020,"148,33","147,81","148,45","147,41","589,30K","0,16%"
25.02.2020,"148,09","147,53","148,38","146,97","844,99K","0,43%"
24.02.2020,"147,45","146,75","147,80","146,56","636,00K","0,82%"
21.02.2020,"146,25","145,66","146,67","145,58","382,19K","0,47%"
20.02.2020,"145,56","145,02","145,78","144,78","299,65K","0,40%"
19.02.2020,"144,98","145,11","145,28","144,78","157,66K","-0,12%"
18.02.2020,"145,16","144,73","145,41","144,53","181,12K","0,26%"
14.02.2020,"144,78","144,38","144,97","144,38","150,06K","0,27%"
13.02.2020,"144,39","144,23","145,02","144,23","228,17K","0,08%"
12.02.2020,"144,28","144,59","144,69","144,16","177,83K","-0,35%"
11.02.2020,"144,78","145,00","145,03","144,59","150,53K","-0,35%"
10.02.2020,"145,30","144,92","145,36","144,64","143,57K","0,26%"
07.02.2020,"144,92","144,05","145,00","144,03","215,28K","0,59%"
06.02.2020,"144,08","143,98","144,20","143,56","156,55K","0,04%"
05.02.2020,"144,02","144,69","144,97","143,84","233,32K","-0,41%"
04.02.2020,"144,61","145,61","145,73","144,41","203,37K","-0,72%"
03.02.2020,"145,66","145,95","146,03","144,95","253,69K","0,00%"
31.01.2020,"145,66","144,77","145,89","144,64","292,35K","0,33%"
30.01.2020,"145,17","144,80","145,47","144,69","254,71K","0,33%"
29.01.2020,"144,69","143,91","144,91","143,80","188,07K","0,41%"
28.01.2020,"144,09","144,52","145,02","143,83","223,09K","-0,32%"
27.01.2020,"144,56","144,06","144,67","143,95","237,02K","0,65%"
24.01.2020,"143,63","142,88","143,73","142,58","236,54K","0,52%"
23.01.2020,"142,88","142,48","143,20","142,45","195,67K","0,27%"
22.01.2020,"142,48","142,42","142,61","142,19","159,79K","0,00%"
21.01.2020,"142,48","141,81","142,55","141,72","176,43K","0,57%"
17.01.2020,"141,67","141,86","141,97","141,48","262,32K","-0,21%"
16.01.2020,"141,97","142,25","142,39","141,83","157,42K","-0,19%"
15.01.2020,"142,23","141,92","142,36","141,86","157,12K","0,26%"
14.01.2020,"141,86","141,52","141,95","141,33","156,45K","0,24%"
13.01.2020,"141,52","141,86","141,88","141,38","134,06K","-0,20%"
10.01.2020,"141,80","141,39","141,91","141,23","154,02K","0,28%"
09.01.2020,"141,41","141,17","141,50","140,88","158,96K","0,14%"
08.01.2020,"141,20","141,86","143,30","141,14","359,15K","-0,41%"
07.01.2020,"141,78","141,94","142,17","141,73","171,40K","-0,14%"
06.01.2020,"141,98","142,39","142,56","141,88","201,79K","-0,15%"
03.01.2020,"142,20","141,09","142,23","141,05","213,12K","0,82%"
02.01.2020,"141,05","140,47","141,44","140,25","157,20K","0,24%"
31.12.2019,"140,70","141,00","141,00","140,42","140,98K","-0,12%"
30.12.2019,"140,88","141,09","141,16","140,28","125,91K","-0,20%"
27.12.2019,"141,16","140,88","141,19","140,80","69,18K","0,27%"
26.12.2019,"140,78","140,75","140,92","140,58","45,07K","0,04%"
24.12.2019,"140,72","140,45","140,83","140,22","55,72K","0,24%"
23.12.2019,"140,38","140,59","140,88","140,31","83,11K","-0,18%"
20.12.2019,"140,63","140,59","140,66","140,23","116,54K","0,74%"
19.12.2019,"139,59","139,59","139,59","139,58","0,33K","0,22%"
18.12.2019,"139,28","139,36","139,36","139,34","0,01K","-0,31%"
17.12.2019,"139,72","139,78","139,78","139,70","0,86K","-0,03%"
16.12.2019,"139,77","139,77","139,77","139,77","1,01K","-0,58%"
13.12.2019,"140,58","140,48","140,61","140,48","0,55K","0,66%"
12.12.2019,"139,66","140,64","140,64","139,56","2,42K","-0,91%"
11.12.2019,"140,94","140,53","140,53","140,53","2,15K","0,38%"
10.12.2019,"140,41","140,28","140,31","140,23","2,15K","0,00%"
09.12.2019,"140,41","140,39","140,39","140,39","0,16K","0,12%"
06.12.2019,"140,23","140,16","140,45","140,11","0,35K","-0,39%"
05.12.2019,"140,78","140,91","140,91","140,50","3,54K","-0,08%"
04.12.2019,"140,89","141,56","141,88","140,80","7,67K","-0,60%"
03.12.2019,"141,73","140,42","141,91","140,08","9,92K","1,11%"
02.12.2019,"140,17","140,69","140,69","139,91","12,01K","-0,50%"
29.11.2019,"140,88","141,00","141,22","140,66","22,02K","-0,10%"
27.11.2019,"141,02","141,38","141,41","140,92","203,66K","-0,27%"
26.11.2019,"141,39","141,14","141,52","140,89","364,04K","0,22%"
25.11.2019,"141,08","140,97","141,23","140,75","667,81K","0,07%"
22.11.2019,"140,98","140,95","141,31","140,77","294,64K","0,00%"
21.11.2019,"140,98","141,39","141,78","140,83","319,88K","-0,30%"
20.11.2019,"141,41","140,88","141,55","140,88","302,22K","0,41%"
19.11.2019,"140,83","140,48","140,92","140,36","160,23K","0,18%"
18.11.2019,"140,58","140,28","140,72","139,98","135,38K","0,22%"
15.11.2019,"140,27","140,39","140,47","140,03","94,48K","-0,16%"
14.11.2019,"140,48","139,59","140,67","139,55","165,87K","0,47%"
13.11.2019,"139,83","138,98","139,91","138,98","201,53K","0,35%"
12.11.2019,"139,34","139,14","139,45","138,77","165,64K","0,16%"
11.11.2019,"139,13","138,91","139,39","138,89","29,56K","0,02%"
08.11.2019,"139,09","139,19","139,55","138,80","215,62K","-0,08%"
07.11.2019,"139,20","140,39","140,61","138,61","321,96K","-0,98%"
06.11.2019,"140,58","140,03","140,67","140,03","234,30K","0,41%"
05.11.2019,"140,00","141,03","141,06","139,89","223,58K","-0,68%"
04.11.2019,"140,95","141,70","141,75","140,88","128,26K","-0,51%"
01.11.2019,"141,67","142,06","142,38","141,44","174,33K","-0,31%"
31.10.2019,"142,11","141,20","142,25","140,94","271,48K","0,88%"
30.10.2019,"140,88","140,38","141,19","140,22","169,53K","0,32%"
29.10.2019,"140,42","140,28","140,56","140,11","137,31K","0,14%"
28.10.2019,"140,22","140,92","140,92","140,13","118,73K","-0,45%"
25.10.2019,"140,86","141,33","141,50","140,67","144,49K","-0,31%"
24.10.2019,"141,30","141,31","141,64","141,08","131,21K","-0,04%"
23.10.2019,"141,36","141,34","141,72","141,23","92,09K","0,06%"
22.10.2019,"141,28","140,88","141,33","140,70","140,02K","0,23%"
21.10.2019,"140,95","141,58","141,64","140,80","121,03K","-0,38%"
18.10.2019,"141,48","141,41","141,72","141,16","117,13K","0,07%"
17.10.2019,"141,39","141,58","141,80","140,86","146,73K","-0,09%"
16.10.2019,"141,52","141,25","141,88","141,22","172,67K","0,20%"
15.10.2019,"141,23","142,11","142,39","141,14","154,69K","-0,53%"
14.10.2019,"141,98","141,84","142,44","141,53","64,91K","0,38%"
11.10.2019,"141,45","142,53","142,83","141,22","286,50K","-0,82%"
10.10.2019,"142,63","143,56","144,06","142,45","225,33K","-0,60%"
09.10.2019,"143,48","144,19","144,27","143,39","174,92K","-0,43%"
08.10.2019,"144,11","143,86","144,45","143,42","168,45K","0,12%"
07.10.2019,"143,94","144,41","144,50","143,75","140,28K","-0,32%"
04.10.2019,"144,41","144,13","144,58","143,88","181,93K","0,21%"
03.10.2019,"144,11","143,28","144,45","143,28","284,46K","0,51%"
02.10.2019,"143,38","142,84","143,53","142,45","228,41K","0,42%"
01.10.2019,"142,78","142,52","143,14","141,36","261,16K","0,26%"
30.09.2019,"142,41","142,19","142,55","141,92","194,81K","-0,02%"
27.09.2019,"142,44","142,19","142,47","141,81","179,08K","0,10%"
26.09.2019,"142,30","141,66","142,44","141,66","161,35K","0,40%"
25.09.2019,"141,73","142,75","143,00","141,66","198,50K","-0,83%"
24.09.2019,"142,92","141,80","143,02","141,73","209,49K","0,65%"
23.09.2019,"142,00","141,64","142,48","141,25","180,81K","0,40%"
20.09.2019,"141,44","141,09","141,86","140,92","162,17K","0,52%"
19.09.2019,"140,70","140,08","140,78","139,95","0,60K","0,18%"
18.09.2019,"140,45","140,42","140,84","140,28","2,77K","0,16%"
17.09.2019,"140,23","140,02","140,31","139,98","5,02K","0,22%"
16.09.2019,"139,92","139,72","139,98","139,67","2,09K","0,52%"
13.09.2019,"139,20","140,50","140,50","139,22","0,77K","-0,92%"
12.09.2019,"140,50","141,02","141,77","140,64","3,87K","-0,48%"
11.09.2019,"141,17","141,27","141,38","141,11","2,81K","-0,22%"
10.09.2019,"141,48","142,11","142,16","141,16","0,17K","-0,68%"
09.09.2019,"142,45","143,03","143,03","142,33","0,30K","-0,62%"
06.09.2019,"143,34","143,06","143,44","142,66","16,56K","0,15%"
05.09.2019,"143,13","144,31","144,31","142,88","5,31K","-0,92%"
04.09.2019,"144,45","144,47","144,52","143,97","5,68K","0,05%"
03.09.2019,"144,38","144,23","144,80","143,52","17,22K","0,37%"
30.08.2019,"143,84","143,92","144,00","143,36","29,45K","0,10%"
29.08.2019,"143,70","144,14","144,56","143,48","177,89K","-0,40%"
28.08.2019,"144,28","144,20","144,55","144,02","472,17K","0,20%"
27.08.2019,"144,00","143,44","144,23","143,44","551,51K","0,42%"
26.08.2019,"143,39","143,86","144,66","143,34","465,16K","-0,16%"
23.08.2019,"143,63","142,56","143,88","141,98","418,33K","0,68%"
22.08.2019,"142,66","142,94","143,36","142,44","272,97K","-0,29%"
21.08.2019,"143,08","143,42","143,48","142,75","301,35K","-0,20%"
20.08.2019,"143,36","142,78","143,61","142,78","199,12K","0,33%"
19.08.2019,"142,89","143,50","143,50","142,55","186,49K","-0,52%"
16.08.2019,"143,64","143,75","144,00","142,94","247,48K","-0,10%"
15.08.2019,"143,78","143,05","144,41","142,89","374,75K","0,45%"
14.08.2019,"143,14","141,70","143,25","141,70","290,09K","0,84%"
13.08.2019,"141,95","142,36","142,73","141,50","373,34K","-0,38%"
12.08.2019,"142,50","141,36","142,61","141,28","191,13K","0,81%"
09.08.2019,"141,36","141,73","142,14","141,17","216,12K","-0,18%"
08.08.2019,"141,61","141,33","141,75","140,70","325,58K","-0,24%"
07.08.2019,"141,95","141,69","143,00","141,33","468,42K","0,50%"
06.08.2019,"141,25","141,69","142,06","140,83","358,37K","-0,03%"
05.08.2019,"141,30","139,88","141,63","139,83","322,52K","1,02%"
02.08.2019,"139,88","139,22","140,16","139,20","345,65K","0,31%"
01.08.2019,"139,44","137,92","139,61","137,42","413,83K","1,16%"
31.07.2019,"137,84","137,47","138,08","137,30","331,31K","0,31%"
30.07.2019,"137,42","137,39","137,69","137,25","134,05K","-0,07%"
29.07.2019,"137,52","137,34","137,59","137,31","117,51K","0,22%"
26.07.2019,"137,22","137,22","137,42","136,98","133,19K","-0,06%"
25.07.2019,"137,30","137,59","138,05","136,97","217,34K","-0,19%"
24.07.2019,"137,56","137,14","137,72","137,13","132,29K","0,20%"
23.07.2019,"137,28","137,58","137,67","137,16","124,54K","-0,26%"
22.07.2019,"137,64","137,50","137,81","137,36","94,26K","0,05%"
19.07.2019,"137,58","137,84","137,92","137,39","166,98K","-0,08%"
18.07.2019,"137,69","137,58","137,91","137,20","219,05K","0,19%"
17.07.2019,"137,42","136,91","137,64","136,84","132,68K","0,49%"
16.07.2019,"136,75","137,09","137,17","136,47","154,57K","-0,24%"
15.07.2019,"137,08","136,72","137,14","136,52","119,18K","0,14%"
12.07.2019,"136,89","136,56","136,92","136,42","151,18K","0,11%"
11.07.2019,"136,73","137,39","137,72","136,39","244,11K","-0,51%"
10.07.2019,"137,44","137,39","137,69","136,80","270,38K","-0,02%"
09.07.2019,"137,47","137,56","137,75","137,28","137,62K","-0,20%"
08.07.2019,"137,75","137,61","138,02","137,52","184,88K","0,10%"
05.07.2019,"137,61","138,67","138,94","137,31","245,66K","-0,78%"
03.07.2019,"138,69","138,45","138,86","138,45","154,25K","0,20%"
02.07.2019,"138,41","137,84","138,45","137,80","155,42K","0,49%"
01.07.2019,"137,73","137,81","138,11","137,52","150,02K","-0,28%"
28.06.2019,"138,13","137,98","138,17","137,73","171,82K","0,02%"
27.06.2019,"138,09","137,58","138,11","137,31","159,60K","0,37%"
26.06.2019,"137,58","138,31","138,33","137,55","164,23K","-0,49%"
25.06.2019,"138,25","137,95","138,36","137,84","210,17K","0,25%"
24.06.2019,"137,91","137,53","137,97","137,36","134,40K","0,40%"
21.06.2019,"137,36","137,83","138,16","137,31","203,36K","-0,57%"
20.06.2019,"138,14","137,91","138,50","137,70","342,89K","1,20%"
19.06.2019,"136,50","136,61","136,61","136,61","3,87K","-0,23%"
18.06.2019,"136,81","136,81","136,81","136,81","1,75K","0,21%"
17.06.2019,"136,53","136,61","136,61","136,58","5,79K","0,08%"
14.06.2019,"136,42","136,61","136,61","136,48","0,37K","-0,03%"
13.06.2019,"136,47","136,25","136,30","136,22","0,13K","0,33%"
12.06.2019,"136,02","136,02","136,02","136,02","0,05K","0,12%"
11.06.2019,"135,86","135,70","135,84","135,70","0,17K","0,08%"
10.06.2019,"135,75","135,83","135,83","135,70","0,23K","-0,48%"
07.06.2019,"136,41","136,42","136,70","136,38","0,49K","0,36%"
06.06.2019,"135,92","136,08","136,22","135,83","0,51K","-0,03%"
05.06.2019,"135,97","135,94","136,45","135,77","3,09K","-0,02%"
04.06.2019,"136,00","136,31","136,33","135,67","8,51K","-0,32%"
03.06.2019,"136,44","136,06","136,69","135,86","39,91K","0,48%"
31.05.2019,"135,78","135,03","135,92","134,95","65,35K","0,67%"
30.05.2019,"134,88","134,44","135,05","134,22","145,93K","0,09%"
29.05.2019,"134,75","134,42","135,03","134,39","450,13K","0,26%"
28.05.2019,"134,41","133,89","134,47","133,80","618,09K","0,50%"
24.05.2019,"133,73","133,78","133,97","133,66","236,17K","-0,28%"
23.05.2019,"134,11","133,14","134,14","133,11","403,86K","0,81%"
22.05.2019,"133,03","132,67","133,17","132,59","236,49K","0,27%"
21.05.2019,"132,67","132,77","132,88","132,50","149,93K","-0,09%"
20.05.2019,"132,80","133,03","133,17","132,77","149,70K","-0,18%"
17.05.2019,"133,03","133,02","133,36","132,86","168,16K","0,11%"
16.05.2019,"132,89","133,25","133,47","132,80","160,30K","-0,22%"
15.05.2019,"133,19","132,84","133,41","132,75","227,42K","0,32%"
14.05.2019,"132,77","132,91","133,03","132,67","190,27K","-0,12%"
13.05.2019,"132,92","132,53","133,08","132,38","248,42K","0,42%"
10.05.2019,"132,36","132,52","132,69","132,16","250,68K","-0,01%"
09.05.2019,"132,38","132,02","132,73","132,02","288,68K","0,22%"
08.05.2019,"132,08","132,33","132,70","131,97","233,25K","-0,27%"
07.05.2019,"132,44","132,27","132,48","131,86","215,75K","0,43%"
06.05.2019,"131,88","131,77","132,50","131,73","178,33K","0,27%"
03.05.2019,"131,52","131,41","131,70","131,00","216,44K","0,18%"
02.05.2019,"131,28","131,84","131,89","131,23","162,10K","-0,37%"
01.05.2019,"131,77","131,83","132,39","131,64","263,49K","-0,01%"
30.04.2019,"131,78","131,58","131,84","131,31","206,92K","0,23%"
29.04.2019,"131,48","131,86","131,86","131,41","115,41K","-0,25%"
26.04.2019,"131,81","131,50","131,94","131,34","147,54K","0,24%"
25.04.2019,"131,50","131,66","131,70","131,41","120,46K","-0,11%"
24.04.2019,"131,64","131,13","131,67","131,08","137,51K","0,42%"
23.04.2019,"131,09","130,89","131,17","130,83","114,33K","0,17%"
22.04.2019,"130,88","131,19","131,23","130,84","71,37K","-0,27%"
18.04.2019,"131,23","130,83","131,33","130,81","162,38K","0,30%"
17.04.2019,"130,84","130,84","130,97","130,58","154,52K","0,02%"
16.04.2019,"130,81","131,25","131,33","130,78","144,36K","-0,37%"
15.04.2019,"131,30","131,11","131,33","131,03","113,83K","0,08%"
12.04.2019,"131,19","131,86","131,97","131,09","187,24K","-0,45%"
11.04.2019,"131,78","132,19","132,19","131,73","149,47K","-0,24%"
10.04.2019,"132,09","131,78","132,27","131,72","201,08K","0,19%"
09.04.2019,"131,84","131,61","132,02","131,55","172,19K","0,18%"
08.04.2019,"131,61","131,86","131,97","131,56","94,20K","-0,15%"
05.04.2019,"131,81","131,64","131,92","131,34","189,14K","0,07%"
04.04.2019,"131,72","131,55","131,88","131,55","152,66K","0,06%"
03.04.2019,"131,64","132,08","132,14","131,52","212,05K","-0,30%"
02.04.2019,"132,03","131,89","132,20","131,89","199,60K","0,13%"
01.04.2019,"131,86","132,78","132,78","131,73","208,82K","-0,69%"
29.03.2019,"132,78","132,95","133,06","132,56","279,93K","-0,21%"
28.03.2019,"133,06","133,28","133,63","132,89","217,35K","-0,14%"
27.03.2019,"133,25","132,67","133,50","132,61","268,70K","0,33%"
26.03.2019,"132,81","132,92","132,94","132,34","236,62K","0,07%"
25.03.2019,"132,72","132,41","133,19","132,14","269,31K","0,30%"
22.03.2019,"132,33","131,38","132,72","131,38","297,45K","0,69%"
21.03.2019,"131,42","131,52","131,84","131,34","225,76K","0,18%"
20.03.2019,"131,19","131,09","131,25","131,08","0,57K","0,17%"
19.03.2019,"130,97","131,14","131,14","130,81","2,07K","-0,07%"
18.03.2019,"131,06","131,14","131,14","131,14","3,00K","-0,07%"
15.03.2019,"131,16","131,16","131,20","131,16","1,10K","0,31%"
14.03.2019,"130,75","130,75","130,75","130,75","4,13K","-0,17%"
13.03.2019,"130,97","130,78","130,94","130,78","0,27K","-0,04%"
12.03.2019,"131,02","130,48","130,75","130,48","2,26K","0,32%"
11.03.2019,"130,59","130,58","130,58","130,58","0,88K","-0,16%"
08.03.2019,"130,80","130,67","130,95","130,56","1,16K","0,10%"
07.03.2019,"130,67","130,08","130,64","130,08","1,31K","0,48%"
06.03.2019,"130,05","129,72","130,19","129,72","5,62K","0,27%"
05.03.2019,"129,70","129,63","129,75","129,39","9,03K","0,04%"
04.03.2019,"129,66","129,23","129,72","129,22","7,83K","0,24%"
01.03.2019,"129,34","129,77","129,80","129,22","20,95K","-0,34%"
28.02.2019,"129,78","130,11","130,36","129,59","87,53K","-0,16%"
27.02.2019,"129,98","130,55","130,64","129,94","256,04K","-0,47%"
26.02.2019,"130,59","130,28","130,63","130,22","342,20K","0,32%"
25.02.2019,"130,17","130,27","130,34","130,03","387,02K","-0,14%"
22.02.2019,"130,36","129,97","130,56","129,95","259,90K","0,25%"
21.02.2019,"130,03","130,50","130,53","129,91","282,55K","-0,30%"
20.02.2019,"130,42","130,63","130,70","130,34","162,93K","-0,06%"
19.02.2019,"130,50","130,30","130,64","130,19","136,57K","0,16%"
15.02.2019,"130,30","130,42","130,55","130,08","99,37K","-0,08%"
14.02.2019,"130,41","129,94","130,58","129,81","182,18K","0,41%"
13.02.2019,"129,88","130,08","130,16","129,77","133,78K","-0,19%"
12.02.2019,"130,13","130,45","130,48","130,03","122,15K","-0,20%"
11.02.2019,"130,39","130,63","130,72","130,30","104,86K","-0,23%"
08.02.2019,"130,69","130,41","130,78","130,41","133,91K","0,13%"
07.02.2019,"130,52","129,97","130,53","129,97","170,71K","0,44%"
06.02.2019,"129,94","129,92","130,27","129,89","142,56K","0,00%"
05.02.2019,"129,94","129,70","130,08","129,53","130,83K","0,18%"
04.02.2019,"129,70","130,13","130,16","129,59","133,95K","-0,29%"
01.02.2019,"130,08","130,70","130,83","130,00","208,08K","-0,47%"
31.01.2019,"130,69","130,20","130,86","130,13","212,60K","0,52%"
30.01.2019,"130,02","129,80","130,22","129,50","202,29K","0,14%"
29.01.2019,"129,83","129,47","129,89","129,44","130,56K","0,27%"
28.01.2019,"129,48","129,31","129,66","129,23","108,30K","0,06%"
25.01.2019,"129,41","129,78","129,86","129,30","124,60K","-0,34%"
24.01.2019,"129,84","129,48","129,97","129,38","115,90K","0,37%"
23.01.2019,"129,36","129,52","129,59","129,13","122,78K","-0,22%"
22.01.2019,"129,64","129,06","129,70","129,05","141,88K","0,44%"
18.01.2019,"129,08","129,45","129,53","128,91","119,62K","-0,30%"
17.01.2019,"129,47","129,73","130,02","129,33","143,28K","-0,16%"
16.01.2019,"129,67","129,84","129,95","129,52","119,11K","-0,18%"
15.01.2019,"129,91","129,92","130,23","129,75","182,52K","0,00%"
14.01.2019,"129,91","129,98","130,44","129,88","101,40K","-0,07%"
11.01.2019,"130,00","129,53","130,20","129,53","109,38K","0,25%"
10.01.2019,"129,67","129,88","130,25","129,48","170,20K","-0,02%"
09.01.2019,"129,70","129,69","129,91","129,48","175,75K","-0,10%"
08.01.2019,"129,83","130,03","130,14","129,63","136,88K","-0,26%"
07.01.2019,"130,17","130,28","130,73","129,97","129,93K","-0,19%"
04.01.2019,"130,42","131,56","131,70","130,23","208,24K","-0,90%"
03.01.2019,"131,61","130,92","131,70","130,47","271,24K","0,93%"
02.01.2019,"130,39","129,88","130,83","129,78","165,02K","0,24%"
31.12.2018,"130,08","129,66","130,27","129,48","136,20K","0,36%"
28.12.2018,"129,61","129,30","129,84","129,14","157,59K","0,06%"
27.12.2018,"129,53","128,84","129,66","128,83","155,31K","0,45%"
26.12.2018,"128,95","129,63","129,80","128,75","108,08K","-0,36%"
24.12.2018,"129,42","129,03","129,64","128,89","68,76K","0,34%"
21.12.2018,"128,98","128,80","129,11","128,77","143,26K","-0,04%"
20.12.2018,"129,03","129,31","129,47","128,77","273,41K","0,23%"
19.12.2018,"128,73","128,89","128,89","128,73","0,09K","0,09%"
18.12.2018,"128,63","128,61","128,61","128,50","1,84K","0,24%"
17.12.2018,"128,31","128,25","128,28","128,16","2,58K","0,31%"
14.12.2018,"127,92","127,94","127,94","127,94","0,10K","0,17%"
13.12.2018,"127,70","127,70","127,70","127,70","0,40K","-0,02%"
12.12.2018,"127,73","127,73","127,73","127,73","0,03K","-0,24%"
11.12.2018,"128,05","128,19","128,30","128,17","1,65K","-0,19%"
10.12.2018,"128,30","128,47","128,55","128,25","1,69K","-0,04%"
07.12.2018,"128,34","127,95","128,36","127,75","5,11K","0,20%"
06.12.2018,"128,09","127,69","128,58","127,66","13,00K","0,47%"
05.12.2018,"127,50","127,50","127,50","127,50",,"0,00%"
04.12.2018,"127,50","127,14","127,94","127,00","40,50K","0,50%"
03.12.2018,"126,86","126,41","127,11","126,23","26,03K","0,21%"
30.11.2018,"126,59","126,45","126,88","126,44","66,77K","0,16%"
29.11.2018,"126,39","126,13","126,77","126,06","242,63K","0,09%"
28.11.2018,"126,28","126,13","126,30","125,94","386,23K","0,12%"
27.11.2018,"126,13","126,13","126,25","125,95","485,62K","0,11%"
26.11.2018,"125,98","126,20","126,25","125,89","344,05K","-0,14%"
23.11.2018,"126,16","126,05","126,41","125,95","81,71K","0,05%"
21.11.2018,"126,09","126,06","126,13","125,81","144,03K","-0,09%"
20.11.2018,"126,20","126,05","126,36","126,02","230,85K","0,05%"
19.11.2018,"126,14","126,09","126,20","125,73","166,44K","0,14%"
16.11.2018,"125,97","125,55","126,09","125,47","165,38K","0,36%"
15.11.2018,"125,52","125,39","125,89","125,31","210,53K","0,02%"
14.11.2018,"125,48","125,23","125,78","125,02","183,38K","0,20%"
13.11.2018,"125,23","125,14","125,30","124,91","160,56K","0,11%"
12.11.2018,"125,09","124,83","125,19","124,72","41,55K","0,28%"
09.11.2018,"124,75","124,25","124,86","124,25","124,66K","0,35%"
08.11.2018,"124,31","124,25","124,58","124,19","118,37K","-0,16%"
07.11.2018,"124,52","124,38","124,89","124,13","208,91K","-0,01%"
06.11.2018,"124,53","124,66","124,78","124,34","121,88K","-0,11%"
05.11.2018,"124,67","124,53","124,83","124,52","106,36K","0,13%"
02.11.2018,"124,52","125,39","125,42","124,44","206,08K","-0,59%"
01.11.2018,"125,25","125,20","125,38","124,92","139,63K","0,11%"
31.10.2018,"125,11","125,41","125,44","125,05","198,75K","-0,37%"
30.10.2018,"125,58","125,81","125,86","125,42","148,94K","-0,20%"
29.10.2018,"125,83","125,91","126,09","125,47","176,52K","-0,06%"
26.10.2018,"125,91","125,48","126,09","125,48","217,13K","0,50%"
25.10.2018,"125,28","125,58","125,69","125,17","161,22K","-0,09%"
24.10.2018,"125,39","124,92","125,69","124,89","210,53K","0,35%"
23.10.2018,"124,95","124,59","125,52","124,59","239,46K","0,24%"
22.10.2018,"124,66","124,61","124,81","124,50","109,79K","0,08%"
19.10.2018,"124,56","124,75","124,89","124,47","154,65K","-0,21%"
18.10.2018,"124,83","124,52","125,02","124,41","199,70K","0,03%"
17.10.2018,"124,80","124,92","125,13","124,50","128,18K","-0,20%"
16.10.2018,"125,05","125,03","125,06","124,78","120,27K","0,08%"
15.10.2018,"124,95","124,94","125,16","124,92","114,79K","-0,17%"
12.10.2018,"125,17","125,03","125,27","124,72","174,66K","-0,06%"
11.10.2018,"125,25","124,94","125,33","124,61","297,70K","0,77%"
10.10.2018,"124,30","124,44","124,92","124,09","238,74K","-0,13%"
09.10.2018,"124,45","124,16","124,52","123,91","169,13K","0,18%"
08.10.2018,"124,23","124,17","124,42","123,88","41,02K","-0,03%"
05.10.2018,"124,27","124,59","124,67","124,02","218,81K","-0,23%"
04.10.2018,"124,55","124,72","124,80","124,20","265,37K","-0,31%"
03.10.2018,"124,94","125,89","126,08","124,66","254,02K","-0,86%"
02.10.2018,"126,02","125,70","126,13","125,69","141,80K","0,19%"
01.10.2018,"125,78","125,91","125,94","125,61","114,33K","-0,17%"
28.09.2018,"126,00","126,00","126,31","125,91","169,80K","0,00%"
27.09.2018,"126,00","126,06","126,27","125,81","140,15K","0,05%"
26.09.2018,"125,94","125,53","126,09","125,52","129,86K","0,34%"
25.09.2018,"125,52","125,58","125,64","125,36","134,24K","-0,19%"
24.09.2018,"125,75","125,89","125,89","125,58","123,87K","-0,06%"
21.09.2018,"125,83","125,86","125,95","125,66","94,14K","0,07%"
20.09.2018,"125,73","125,91","125,95","125,53","184,34K","-0,36%"
19.09.2018,"126,19","126,38","126,38","126,16","0,22K","-0,16%"
18.09.2018,"126,39","126,38","126,38","126,38","1,29K","-0,38%"
17.09.2018,"126,88","126,91","127,02","126,70","0,31K","-0,05%"
14.09.2018,"126,94","127,05","127,11","126,91","0,41K","-0,23%"
13.09.2018,"127,23","127,30","127,39","127,14","0,33K","0,00%"
12.09.2018,"127,23","127,23","127,27","127,19","0,26K","0,14%"
11.09.2018,"127,06","127,38","127,38","127,03","1,09K","-0,34%"
10.09.2018,"127,50","127,39","127,55","127,39","1,50K","0,05%"
07.09.2018,"127,44","128,19","128,19","127,38","2,96K","-0,54%"
06.09.2018,"128,13","127,83","128,17","127,73","12,77K","0,26%"
05.09.2018,"127,80","127,83","128,00","127,66","18,75K","0,01%"
04.09.2018,"127,78","128,23","128,36","127,77","18,12K","-0,43%"
31.08.2018,"128,33","128,34","128,58","128,19","30,35K","0,05%"
30.08.2018,"128,27","127,97","128,33","127,97","165,44K","0,20%"
29.08.2018,"128,02","128,02","128,19","127,84","240,94K","0,02%"
28.08.2018,"127,98","128,36","128,44","127,95","386,80K","-0,29%"
27.08.2018,"128,36","128,72","128,80","128,31","255,55K","-0,19%"
24.08.2018,"128,61","128,58","128,78","128,36","183,99K","-0,05%"
23.08.2018,"128,67","128,63","128,77","128,56","156,03K","0,02%"
22.08.2018,"128,64","128,58","128,80","128,48","150,21K","0,18%"
21.08.2018,"128,41","128,66","128,67","128,30","137,64K","-0,17%"
20.08.2018,"128,63","128,17","128,69","128,11","120,04K","0,43%"
17.08.2018,"128,08","128,11","128,38","128,03","96,29K","0,00%"
16.08.2018,"128,08","128,16","128,25","127,84","107,88K","-0,16%"
15.08.2018,"128,28","127,77","128,45","127,77","142,69K","0,34%"
14.08.2018,"127,84","127,95","128,05","127,75","123,34K","-0,16%"
13.08.2018,"128,05","128,14","128,36","127,91","188,94K","-0,16%"
10.08.2018,"128,25","127,48","128,30","127,44","215,76K","0,66%"
09.08.2018,"127,41","127,16","127,52","127,08","138,96K","0,25%"
08.08.2018,"127,09","127,05","127,20","126,92","135,45K","0,04%"
07.08.2018,"127,05","127,38","127,45","126,98","86,86K","-0,29%"
06.08.2018,"127,42","127,23","127,58","127,16","103,07K","0,14%"
03.08.2018,"127,25","126,89","127,28","126,78","128,16K","0,28%"
02.08.2018,"126,89","126,67","127,02","126,64","134,04K","0,15%"
01.08.2018,"126,70","127,11","127,31","126,56","174,00K","-0,32%"
31.07.2018,"127,11","126,98","127,42","126,94","226,08K","0,12%"
30.07.2018,"126,95","127,16","127,17","126,81","123,57K","-0,12%"
27.07.2018,"127,11","126,94","127,23","126,83","103,96K","0,11%"
26.07.2018,"126,97","126,97","127,27","126,86","135,21K","-0,33%"
25.07.2018,"127,39","127,20","127,45","126,94","149,80K","0,12%"
24.07.2018,"127,23","127,16","127,30","126,97","137,68K","0,15%"
23.07.2018,"127,05","127,84","127,95","127,05","128,74K","-0,60%"
20.07.2018,"127,81","128,39","128,44","127,78","137,18K","-0,39%"
19.07.2018,"128,31","128,05","128,48","127,77","177,25K","0,23%"
18.07.2018,"128,02","128,14","128,31","127,92","93,76K","-0,09%"
17.07.2018,"128,13","128,20","128,30","128,03","88,63K","-0,05%"
16.07.2018,"128,19","128,48","128,48","127,98","127,77K","-0,22%"
13.07.2018,"128,47","128,27","128,52","128,17","79,81K","0,19%"
12.07.2018,"128,22","128,22","128,33","128,05","101,36K","-0,09%"
11.07.2018,"128,33","128,28","128,52","128,09","118,85K","0,26%"
10.07.2018,"128,00","128,16","128,23","127,97","98,06K","-0,10%"
09.07.2018,"128,13","128,53","128,53","128,11","89,52K","-0,27%"
06.07.2018,"128,47","128,47","128,94","128,28","99,39K","0,09%"
05.07.2018,"128,36","128,41","128,58","128,09","115,14K","-0,01%"
03.07.2018,"128,38","127,98","128,47","127,86","93,07K","0,26%"
02.07.2018,"128,05","128,11","128,53","128,00","111,74K","-0,15%"
29.06.2018,"128,23","128,33","128,41","128,03","161,23K","0,00%"
28.06.2018,"128,23","128,42","128,52","128,17","113,78K","-0,17%"
27.06.2018,"128,45","127,88","128,47","127,81","197,14K","0,45%"
26.06.2018,"127,88","127,84","128,02","127,66","119,29K","-0,05%"
25.06.2018,"127,94","127,73","128,06","127,70","141,81K","0,22%"
22.06.2018,"127,66","127,67","127,75","127,36","94,45K","-0,04%"
21.06.2018,"127,70","127,19","127,77","127,11","155,79K","-0,41%"
20.06.2018,"128,23","128,47","128,47","128,45","0,10K","-0,22%"
19.06.2018,"128,52","128,31","128,94","128,31","0,43K","0,26%"
18.06.2018,"128,19","128,30","128,38","128,27","1,24K","-0,02%"
15.06.2018,"128,22","128,41","128,41","128,41","0,16K","0,22%"
14.06.2018,"127,94","127,84","128,06","127,83","0,95K","0,31%"
13.06.2018,"127,55","127,77","127,83","127,19","8,75K","-0,18%"
12.06.2018,"127,78","127,80","127,83","127,59","0,53K","0,00%"
11.06.2018,"127,78","127,80","127,80","127,66","0,85K","-0,15%"
08.06.2018,"127,97","128,17","128,34","127,84","0,98K","-0,01%"
07.06.2018,"127,98","127,48","128,56","127,34","6,77K","0,34%"
06.06.2018,"127,55","127,84","127,84","127,50","3,09K","-0,45%"
05.06.2018,"128,13","127,91","128,34","127,88","9,93K","0,16%"
04.06.2018,"127,92","128,30","128,30","127,81","19,70K","-0,33%"
01.06.2018,"128,34","128,80","128,81","128,02","15,31K","-0,61%"
31.05.2018,"129,13","128,73","129,14","128,42","51,37K","0,19%"
30.05.2018,"128,88","129,64","129,91","128,39","330,86K","-0,61%"
29.05.2018,"129,67","127,94","129,78","127,66","662,09K","1,37%"
25.05.2018,"127,92","127,42","128,13","127,28","310,58K","0,39%"
24.05.2018,"127,42","127,27","127,70","127,05","331,35K","0,20%"
23.05.2018,"127,17","126,52","127,30","126,47","288,04K","0,54%"
22.05.2018,"126,48","126,50","126,63","126,30","177,86K","0,01%"
21.05.2018,"126,47","126,20","126,59","126,19","142,96K","0,04%"
18.05.2018,"126,42","125,89","126,53","125,75","135,88K","0,38%"
17.05.2018,"125,94","126,06","126,17","125,78","198,30K","-0,14%"
16.05.2018,"126,11","126,31","126,50","125,98","171,52K","-0,11%"
15.05.2018,"126,25","127,08","127,19","126,09","208,10K","-0,75%"
14.05.2018,"127,20","127,45","127,59","127,08","93,30K","-0,21%"
11.05.2018,"127,47","127,52","127,70","127,34","109,86K","0,01%"
10.05.2018,"127,45","127,17","127,75","127,16","134,07K","0,18%"
09.05.2018,"127,22","127,50","127,53","127,11","109,16K","-0,29%"
08.05.2018,"127,59","127,75","127,86","127,39","126,07K","-0,16%"
07.05.2018,"127,80","127,78","127,95","127,69","68,05K","-0,06%"
04.05.2018,"127,88","127,80","128,27","127,66","139,56K","0,04%"
03.05.2018,"127,83","127,58","128,03","127,47","141,85K","0,17%"
02.05.2018,"127,61","127,59","127,72","127,27","127,22K","0,10%"
01.05.2018,"127,48","127,69","127,77","127,44","102,80K","-0,32%"
30.04.2018,"127,89","127,61","127,92","127,48","132,61K","0,20%"
27.04.2018,"127,64","127,31","127,67","127,31","112,82K","0,29%"
26.04.2018,"127,27","126,89","127,38","126,80","112,77K","0,28%"
25.04.2018,"126,91","127,13","127,25","126,78","164,04K","-0,34%"
24.04.2018,"127,34","127,41","127,63","127,11","131,97K","-0,07%"
23.04.2018,"127,44","127,59","127,61","127,19","127,70K","-0,18%"
20.04.2018,"127,67","128,09","128,20","127,58","116,47K","-0,32%"
19.04.2018,"128,08","128,55","128,64","127,88","147,25K","-0,40%"
18.04.2018,"128,59","128,95","129,08","128,47","127,66K","-0,45%"
17.04.2018,"129,17","128,95","129,19","128,77","107,35K","0,16%"
16.04.2018,"128,97","128,98","129,03","128,58","104,48K","0,00%"
13.04.2018,"128,97","128,88","129,13","128,77","125,21K","0,05%"
12.04.2018,"128,91","129,52","129,59","128,81","115,13K","-0,39%"
11.04.2018,"129,41","129,19","129,81","129,14","141,78K","0,08%"
10.04.2018,"129,30","129,45","129,53","129,14","106,12K","-0,11%"
09.04.2018,"129,44","129,48","129,59","129,11","94,66K","-0,06%"
06.04.2018,"129,52","128,89","129,59","128,86","156,46K","0,48%"
05.04.2018,"128,89","129,19","129,20","128,81","110,01K","-0,35%"
04.04.2018,"129,34","129,50","129,83","129,14","132,72K","-0,07%"
03.04.2018,"129,44","130,02","130,02","129,36","135,67K","-0,44%"
02.04.2018,"130,02","129,69","130,16","129,55","108,68K","0,12%"
29.03.2018,"129,86","129,36","129,92","129,31","175,75K","0,30%"
28.03.2018,"129,47","129,45","129,83","129,30","236,96K","0,11%"
27.03.2018,"129,33","128,58","129,52","128,55","200,71K","0,47%"
26.03.2018,"128,72","128,94","129,06","128,55","115,09K","-0,12%"
23.03.2018,"128,88","128,84","129,28","128,61","155,21K","0,05%"
22.03.2018,"128,81","128,17","129,19","128,16","250,18K","0,67%"
21.03.2018,"127,95","128,05","128,41","127,61","191,32K","-0,53%"
20.03.2018,"128,64","128,61","128,67","128,58","4,17K","-0,28%"
19.03.2018,"129,00","128,83","129,03","128,67","0,41K","0,04%"
16.03.2018,"128,95","128,98","128,98","128,98","0,51K","-0,16%"
15.03.2018,"129,16","129,23","129,45","129,11","5,04K","-0,07%"
14.03.2018,"129,25","128,98","129,31","128,84","2,21K","0,29%"
13.03.2018,"128,88","128,95","128,98","128,88","1,13K","0,18%"
12.03.2018,"128,64","128,27","128,69","128,27","2,93K","0,21%"
09.03.2018,"128,38","128,59","128,59","128,25","1,27K","-0,18%"
08.03.2018,"128,61","128,44","128,78","128,33","7,82K","0,17%"
07.03.2018,"128,39","128,63","129,05","128,36","18,08K","-0,05%"
06.03.2018,"128,45","128,36","128,67","128,13","5,71K","0,05%"
05.03.2018,"128,39","128,81","129,17","128,22","11,11K","-0,19%"
02.03.2018,"128,64","129,09","129,31","128,47","19,79K","-0,45%"
01.03.2018,"129,22","128,59","129,34","128,45","35,34K","0,55%"
28.02.2018,"128,52","128,19","128,58","128,03","46,46K","0,34%"
27.02.2018,"128,08","128,56","128,75","127,89","247,33K","-0,43%"
26.02.2018,"128,63","128,45","128,94","128,39","319,10K","0,12%"
23.02.2018,"128,47","127,91","128,59","127,73","337,25K","0,40%"
22.02.2018,"127,95","127,59","128,09","127,55","293,61K","0,23%"
21.02.2018,"127,66","128,17","128,36","127,48","243,81K","-0,39%"
20.02.2018,"128,16","128,28","128,42","127,75","185,75K","-0,11%"
16.02.2018,"128,30","127,91","128,59","127,88","120,86K","0,15%"
15.02.2018,"128,11","127,97","128,25","127,55","173,15K","0,18%"
14.02.2018,"127,88","128,78","129,08","127,77","235,92K","-0,64%"
13.02.2018,"128,70","128,50","128,92","128,50","145,64K","0,11%"
12.02.2018,"128,56","128,56","128,86","128,13","177,26K","-0,23%"
09.02.2018,"128,86","128,86","129,36","128,47","337,71K","0,19%"
08.02.2018,"128,61","128,91","129,16","128,20","343,06K","-0,18%"
07.02.2018,"128,84","129,25","129,78","128,66","234,62K","-0,63%"
06.02.2018,"129,66","130,25","131,00","129,20","404,88K","0,25%"
05.02.2018,"129,33","128,75","130,44","128,34","321,15K","0,50%"
02.02.2018,"128,69","129,38","129,52","128,66","285,53K","-0,70%"
01.02.2018,"129,59","130,31","130,31","129,36","219,81K","-0,47%"
31.01.2018,"130,20","130,16","130,45","129,80","246,29K","0,05%"
30.01.2018,"130,14","130,41","130,63","130,03","146,99K","-0,23%"
29.01.2018,"130,44","130,78","130,88","130,06","156,51K","-0,29%"
26.01.2018,"130,81","131,27","131,28","130,67","152,75K","-0,35%"
25.01.2018,"131,27","130,95","131,31","130,63","189,03K","0,30%"
24.01.2018,"130,88","131,30","131,39","130,77","138,03K","-0,27%"
23.01.2018,"131,23","130,92","131,38","130,84","131,15K","0,33%"
22.01.2018,"130,80","131,02","131,16","130,70","128,76K","-0,20%"
19.01.2018,"131,06","131,20","131,33","130,78","204,83K","-0,21%"
18.01.2018,"131,34","131,58","131,64","131,14","174,83K","-0,30%"
17.01.2018,"131,73","132,16","132,27","131,58","152,74K","-0,28%"
16.01.2018,"132,11","132,03","132,36","131,92","119,83K","0,06%"
12.01.2018,"132,03","132,03","132,11","131,55","175,58K","-0,11%"
11.01.2018,"132,17","131,89","132,22","131,73","161,18K","0,14%"
10.01.2018,"131,98","131,95","132,08","131,48","215,80K","-0,06%"
09.01.2018,"132,06","132,77","132,80","131,94","143,37K","-0,53%"
08.01.2018,"132,77","132,80","133,00","132,69","76,17K","-0,05%"
05.01.2018,"132,83","133,05","133,34","132,78","143,19K","-0,18%"
04.01.2018,"133,06","133,11","133,11","132,67","106,39K","-0,07%"
03.01.2018,"133,16","132,94","133,23","132,86","95,22K","0,16%"
02.01.2018,"132,94","133,44","133,48","132,75","103,35K","-0,47%"